model_key,conversation_id,family,target_turn,policy_name,budget_fraction,answer_token_count,answer_avg_neg_logprob,answer_total_neg_logprob,full_answer_avg_neg_logprob,full_answer_total_neg_logprob,answer_avg_neg_logprob_delta,answer_total_neg_logprob_delta
qwen25_15b,31,msc_valid,4,uniform,0.2,10,4.2,42.0,4.025,40.25,0.17499999999999982,1.75
qwen25_15b,31,msc_valid,4,longllmlingua,0.2,10,3.775,37.75,4.025,40.25,-0.25000000000000044,-2.5
qwen25_15b,31,msc_valid,4,recency,0.2,10,4.2,42.0,4.025,40.25,0.17499999999999982,1.75
qwen25_15b,31,msc_valid,4,lexical_tfidf,0.2,10,4.2,42.0,4.025,40.25,0.17499999999999982,1.75
qwen25_15b,31,msc_valid,4,recency_keep_compress_drop,0.2,10,4.2,42.0,4.025,40.25,0.17499999999999982,1.75
qwen25_15b,31,msc_valid,4,uniform,0.35,10,4.05,40.5,4.025,40.25,0.024999999999999467,0.25
qwen25_15b,31,msc_valid,4,longllmlingua,0.35,10,3.6,36.0,4.025,40.25,-0.42500000000000027,-4.25
qwen25_15b,31,msc_valid,4,recency,0.35,10,4.05,40.5,4.025,40.25,0.024999999999999467,0.25
qwen25_15b,31,msc_valid,4,lexical_tfidf,0.35,10,4.05,40.5,4.025,40.25,0.024999999999999467,0.25
qwen25_15b,31,msc_valid,4,recency_keep_compress_drop,0.35,10,4.05,40.5,4.025,40.25,0.024999999999999467,0.25
qwen25_15b,31,msc_valid,4,uniform,0.5,10,4.05,40.5,4.025,40.25,0.024999999999999467,0.25
qwen25_15b,31,msc_valid,4,longllmlingua,0.5,10,3.45,34.5,4.025,40.25,-0.5750000000000002,-5.75
qwen25_15b,31,msc_valid,4,recency,0.5,10,4.05,40.5,4.025,40.25,0.024999999999999467,0.25
qwen25_15b,31,msc_valid,4,lexical_tfidf,0.5,10,4.05,40.5,4.025,40.25,0.024999999999999467,0.25
qwen25_15b,31,msc_valid,4,recency_keep_compress_drop,0.5,10,4.05,40.5,4.025,40.25,0.024999999999999467,0.25
qwen25_15b,31,msc_valid,8,uniform,0.2,16,4.8125,77.0,4.40625,70.5,0.40625,6.5
qwen25_15b,31,msc_valid,8,longllmlingua,0.2,16,4.34375,69.5,4.40625,70.5,-0.0625,-1.0
qwen25_15b,31,msc_valid,8,recency,0.2,16,4.78125,76.5,4.40625,70.5,0.375,6.0
qwen25_15b,31,msc_valid,8,lexical_tfidf,0.2,16,4.96875,79.5,4.40625,70.5,0.5625,9.0
qwen25_15b,31,msc_valid,8,recency_keep_compress_drop,0.2,16,4.78125,76.5,4.40625,70.5,0.375,6.0
qwen25_15b,31,msc_valid,8,uniform,0.35,16,4.9375,79.0,4.40625,70.5,0.53125,8.5
qwen25_15b,31,msc_valid,8,longllmlingua,0.35,16,4.21875,67.5,4.40625,70.5,-0.1875,-3.0
qwen25_15b,31,msc_valid,8,recency,0.35,16,4.5,72.0,4.40625,70.5,0.09375,1.5
qwen25_15b,31,msc_valid,8,lexical_tfidf,0.35,16,4.6875,75.0,4.40625,70.5,0.28125,4.5
qwen25_15b,31,msc_valid,8,recency_keep_compress_drop,0.35,16,4.65625,74.5,4.40625,70.5,0.25,4.0
qwen25_15b,31,msc_valid,8,uniform,0.5,16,4.75,76.0,4.40625,70.5,0.34375,5.5
qwen25_15b,31,msc_valid,8,longllmlingua,0.5,16,4.15625,66.5,4.40625,70.5,-0.25,-4.0
qwen25_15b,31,msc_valid,8,recency,0.5,16,4.4375,71.0,4.40625,70.5,0.03125,0.5
qwen25_15b,31,msc_valid,8,lexical_tfidf,0.5,16,4.5625,73.0,4.40625,70.5,0.15625,2.5
qwen25_15b,31,msc_valid,8,recency_keep_compress_drop,0.5,16,4.4375,71.0,4.40625,70.5,0.03125,0.5
qwen25_15b,31,msc_valid,12,uniform,0.2,15,5.433333333333334,81.5,4.133333333333334,62.0,1.2999999999999998,19.5
qwen25_15b,31,msc_valid,12,longllmlingua,0.2,15,4.733333333333333,71.0,4.133333333333334,62.0,0.5999999999999996,9.0
qwen25_15b,31,msc_valid,12,recency,0.2,15,4.366666666666666,65.5,4.133333333333334,62.0,0.2333333333333325,3.5
qwen25_15b,31,msc_valid,12,lexical_tfidf,0.2,15,5.433333333333334,81.5,4.133333333333334,62.0,1.2999999999999998,19.5
qwen25_15b,31,msc_valid,12,recency_keep_compress_drop,0.2,15,4.333333333333333,65.0,4.133333333333334,62.0,0.1999999999999993,3.0
qwen25_15b,31,msc_valid,12,uniform,0.35,15,5.366666666666666,80.5,4.133333333333334,62.0,1.2333333333333325,18.5
qwen25_15b,31,msc_valid,12,longllmlingua,0.35,15,4.633333333333334,69.5,4.133333333333334,62.0,0.5,7.5
qwen25_15b,31,msc_valid,12,recency,0.35,15,3.9833333333333334,59.75,4.133333333333334,62.0,-0.15000000000000036,-2.25
qwen25_15b,31,msc_valid,12,lexical_tfidf,0.35,15,5.366666666666666,80.5,4.133333333333334,62.0,1.2333333333333325,18.5
qwen25_15b,31,msc_valid,12,recency_keep_compress_drop,0.35,15,4.466666666666667,67.0,4.133333333333334,62.0,0.33333333333333304,5.0
qwen25_15b,31,msc_valid,12,uniform,0.5,15,5.3,79.5,4.133333333333334,62.0,1.166666666666666,17.5
qwen25_15b,31,msc_valid,12,longllmlingua,0.5,15,4.366666666666666,65.5,4.133333333333334,62.0,0.2333333333333325,3.5
qwen25_15b,31,msc_valid,12,recency,0.5,15,4.183333333333334,62.75,4.133333333333334,62.0,0.04999999999999982,0.75
qwen25_15b,31,msc_valid,12,lexical_tfidf,0.5,15,4.8,72.0,4.133333333333334,62.0,0.6666666666666661,10.0
qwen25_15b,31,msc_valid,12,recency_keep_compress_drop,0.5,15,4.2,63.0,4.133333333333334,62.0,0.06666666666666643,1.0
qwen25_15b,31,msc_valid,16,uniform,0.2,21,3.0952380952380953,65.0,2.75,57.75,0.34523809523809534,7.25
qwen25_15b,31,msc_valid,16,longllmlingua,0.2,21,2.6547619047619047,55.75,2.75,57.75,-0.09523809523809534,-2.0
qwen25_15b,31,msc_valid,16,recency,0.2,21,3.1666666666666665,66.5,2.75,57.75,0.4166666666666665,8.75
qwen25_15b,31,msc_valid,16,lexical_tfidf,0.2,21,3.3095238095238093,69.5,2.75,57.75,0.5595238095238093,11.75
qwen25_15b,31,msc_valid,16,recency_keep_compress_drop,0.2,21,3.0714285714285716,64.5,2.75,57.75,0.3214285714285716,6.75
qwen25_15b,31,msc_valid,16,uniform,0.35,21,2.9761904761904763,62.5,2.75,57.75,0.22619047619047628,4.75
qwen25_15b,31,msc_valid,16,longllmlingua,0.35,21,2.6666666666666665,56.0,2.75,57.75,-0.08333333333333348,-1.75
qwen25_15b,31,msc_valid,16,recency,0.35,21,2.9523809523809526,62.0,2.75,57.75,0.20238095238095255,4.25
qwen25_15b,31,msc_valid,16,lexical_tfidf,0.35,21,3.119047619047619,65.5,2.75,57.75,0.36904761904761907,7.75
qwen25_15b,31,msc_valid,16,recency_keep_compress_drop,0.35,21,2.7261904761904763,57.25,2.75,57.75,-0.023809523809523725,-0.5
qwen25_15b,31,msc_valid,16,uniform,0.5,21,2.7261904761904763,57.25,2.75,57.75,-0.023809523809523725,-0.5
qwen25_15b,31,msc_valid,16,longllmlingua,0.5,21,2.6785714285714284,56.25,2.75,57.75,-0.07142857142857162,-1.5
qwen25_15b,31,msc_valid,16,recency,0.5,21,2.892857142857143,60.75,2.75,57.75,0.1428571428571428,3.0
qwen25_15b,31,msc_valid,16,lexical_tfidf,0.5,21,3.0476190476190474,64.0,2.75,57.75,0.29761904761904745,6.25
qwen25_15b,31,msc_valid,16,recency_keep_compress_drop,0.5,21,2.7738095238095237,58.25,2.75,57.75,0.023809523809523725,0.5
qwen25_15b,31,msc_valid,20,uniform,0.2,43,3.0930232558139537,133.0,2.7674418604651163,119.0,0.32558139534883734,14.0
qwen25_15b,31,msc_valid,20,longllmlingua,0.2,43,2.872093023255814,123.5,2.7674418604651163,119.0,0.10465116279069786,4.5
qwen25_15b,31,msc_valid,20,recency,0.2,43,2.9767441860465116,128.0,2.7674418604651163,119.0,0.20930232558139528,9.0
qwen25_15b,31,msc_valid,20,lexical_tfidf,0.2,43,3.0,129.0,2.7674418604651163,119.0,0.2325581395348837,10.0
qwen25_15b,31,msc_valid,20,recency_keep_compress_drop,0.2,43,2.872093023255814,123.5,2.7674418604651163,119.0,0.10465116279069786,4.5
qwen25_15b,31,msc_valid,20,uniform,0.35,43,3.046511627906977,131.0,2.7674418604651163,119.0,0.2790697674418605,12.0
qwen25_15b,31,msc_valid,20,longllmlingua,0.35,43,2.813953488372093,121.0,2.7674418604651163,119.0,0.04651162790697683,2.0
qwen25_15b,31,msc_valid,20,recency,0.35,43,2.895348837209302,124.5,2.7674418604651163,119.0,0.12790697674418583,5.5
qwen25_15b,31,msc_valid,20,lexical_tfidf,0.35,43,2.9302325581395348,126.0,2.7674418604651163,119.0,0.16279069767441845,7.0
qwen25_15b,31,msc_valid,20,recency_keep_compress_drop,0.35,43,2.86046511627907,123.0,2.7674418604651163,119.0,0.09302325581395365,4.0
qwen25_15b,31,msc_valid,20,uniform,0.5,43,2.9186046511627906,125.5,2.7674418604651163,119.0,0.15116279069767424,6.5
qwen25_15b,31,msc_valid,20,longllmlingua,0.5,43,2.744186046511628,118.0,2.7674418604651163,119.0,-0.023255813953488413,-1.0
qwen25_15b,31,msc_valid,20,recency,0.5,43,2.8255813953488373,121.5,2.7674418604651163,119.0,0.058139534883721034,2.5
qwen25_15b,31,msc_valid,20,lexical_tfidf,0.5,43,2.9186046511627906,125.5,2.7674418604651163,119.0,0.15116279069767424,6.5
qwen25_15b,31,msc_valid,20,recency_keep_compress_drop,0.5,43,2.872093023255814,123.5,2.7674418604651163,119.0,0.10465116279069786,4.5
qwen25_15b,31,msc_valid,24,uniform,0.2,30,3.4833333333333334,104.5,2.933333333333333,88.0,0.5500000000000003,16.5
qwen25_15b,31,msc_valid,24,longllmlingua,0.2,30,3.316666666666667,99.5,2.933333333333333,88.0,0.38333333333333375,11.5
qwen25_15b,31,msc_valid,24,recency,0.2,30,3.15,94.5,2.933333333333333,88.0,0.21666666666666679,6.5
qwen25_15b,31,msc_valid,24,lexical_tfidf,0.2,30,3.2666666666666666,98.0,2.933333333333333,88.0,0.3333333333333335,10.0
qwen25_15b,31,msc_valid,24,recency_keep_compress_drop,0.2,30,3.25,97.5,2.933333333333333,88.0,0.3166666666666669,9.5
qwen25_15b,31,msc_valid,24,uniform,0.35,30,3.2666666666666666,98.0,2.933333333333333,88.0,0.3333333333333335,10.0
qwen25_15b,31,msc_valid,24,longllmlingua,0.35,30,3.25,97.5,2.933333333333333,88.0,0.3166666666666669,9.5
qwen25_15b,31,msc_valid,24,recency,0.35,30,3.0,90.0,2.933333333333333,88.0,0.06666666666666687,2.0
qwen25_15b,31,msc_valid,24,lexical_tfidf,0.35,30,3.1333333333333333,94.0,2.933333333333333,88.0,0.20000000000000018,6.0
qwen25_15b,31,msc_valid,24,recency_keep_compress_drop,0.35,30,3.183333333333333,95.5,2.933333333333333,88.0,0.25,7.5
qwen25_15b,31,msc_valid,24,uniform,0.5,30,3.1166666666666667,93.5,2.933333333333333,88.0,0.18333333333333357,5.5
qwen25_15b,31,msc_valid,24,longllmlingua,0.5,30,3.183333333333333,95.5,2.933333333333333,88.0,0.25,7.5
qwen25_15b,31,msc_valid,24,recency,0.5,30,2.95,88.5,2.933333333333333,88.0,0.01666666666666705,0.5
qwen25_15b,31,msc_valid,24,lexical_tfidf,0.5,30,3.066666666666667,92.0,2.933333333333333,88.0,0.13333333333333375,4.0
qwen25_15b,31,msc_valid,24,recency_keep_compress_drop,0.5,30,3.066666666666667,92.0,2.933333333333333,88.0,0.13333333333333375,4.0
qwen25_15b,31,msc_valid,28,uniform,0.2,23,3.9782608695652173,91.5,3.739130434782609,86.0,0.23913043478260843,5.5
qwen25_15b,31,msc_valid,28,longllmlingua,0.2,23,3.9130434782608696,90.0,3.739130434782609,86.0,0.17391304347826075,4.0
qwen25_15b,31,msc_valid,28,recency,0.2,23,3.9565217391304346,91.0,3.739130434782609,86.0,0.21739130434782572,5.0
qwen25_15b,31,msc_valid,28,lexical_tfidf,0.2,23,3.9565217391304346,91.0,3.739130434782609,86.0,0.21739130434782572,5.0
qwen25_15b,31,msc_valid,28,recency_keep_compress_drop,0.2,23,3.847826086956522,88.5,3.739130434782609,86.0,0.10869565217391308,2.5
qwen25_15b,31,msc_valid,28,uniform,0.35,23,3.782608695652174,87.0,3.739130434782609,86.0,0.043478260869564966,1.0
qwen25_15b,31,msc_valid,28,longllmlingua,0.35,23,3.760869565217391,86.5,3.739130434782609,86.0,0.02173913043478226,0.5
qwen25_15b,31,msc_valid,28,recency,0.35,23,3.8260869565217392,88.0,3.739130434782609,86.0,0.08695652173913038,2.0
qwen25_15b,31,msc_valid,28,lexical_tfidf,0.35,23,3.9130434782608696,90.0,3.739130434782609,86.0,0.17391304347826075,4.0
qwen25_15b,31,msc_valid,28,recency_keep_compress_drop,0.35,23,3.760869565217391,86.5,3.739130434782609,86.0,0.02173913043478226,0.5
qwen25_15b,31,msc_valid,28,uniform,0.5,23,3.760869565217391,86.5,3.739130434782609,86.0,0.02173913043478226,0.5
qwen25_15b,31,msc_valid,28,longllmlingua,0.5,23,3.717391304347826,85.5,3.739130434782609,86.0,-0.021739130434782705,-0.5
qwen25_15b,31,msc_valid,28,recency,0.5,23,3.760869565217391,86.5,3.739130434782609,86.0,0.02173913043478226,0.5
qwen25_15b,31,msc_valid,28,lexical_tfidf,0.5,23,3.760869565217391,86.5,3.739130434782609,86.0,0.02173913043478226,0.5
qwen25_15b,31,msc_valid,28,recency_keep_compress_drop,0.5,23,3.6956521739130435,85.0,3.739130434782609,86.0,-0.04347826086956541,-1.0
qwen25_15b,31,msc_valid,32,uniform,0.2,33,4.0,132.0,3.803030303030303,125.5,0.1969696969696968,6.5
qwen25_15b,31,msc_valid,32,longllmlingua,0.2,33,4.0,132.0,3.803030303030303,125.5,0.1969696969696968,6.5
qwen25_15b,31,msc_valid,32,recency,0.2,33,4.0,132.0,3.803030303030303,125.5,0.1969696969696968,6.5
qwen25_15b,31,msc_valid,32,lexical_tfidf,0.2,33,3.772727272727273,124.5,3.803030303030303,125.5,-0.030303030303030276,-1.0
qwen25_15b,31,msc_valid,32,recency_keep_compress_drop,0.2,33,3.9393939393939394,130.0,3.803030303030303,125.5,0.13636363636363624,4.5
qwen25_15b,31,msc_valid,32,uniform,0.35,33,3.787878787878788,125.0,3.803030303030303,125.5,-0.015151515151515138,-0.5
qwen25_15b,31,msc_valid,32,longllmlingua,0.35,33,3.909090909090909,129.0,3.803030303030303,125.5,0.10606060606060597,3.5
qwen25_15b,31,msc_valid,32,recency,0.35,33,3.878787878787879,128.0,3.803030303030303,125.5,0.07575757575757569,2.5
qwen25_15b,31,msc_valid,32,lexical_tfidf,0.35,33,3.8484848484848486,127.0,3.803030303030303,125.5,0.045454545454545414,1.5
qwen25_15b,31,msc_valid,32,recency_keep_compress_drop,0.35,33,3.8333333333333335,126.5,3.803030303030303,125.5,0.030303030303030276,1.0
qwen25_15b,31,msc_valid,32,uniform,0.5,33,3.727272727272727,123.0,3.803030303030303,125.5,-0.07575757575757613,-2.5
qwen25_15b,31,msc_valid,32,longllmlingua,0.5,33,3.878787878787879,128.0,3.803030303030303,125.5,0.07575757575757569,2.5
qwen25_15b,31,msc_valid,32,recency,0.5,33,3.803030303030303,125.5,3.803030303030303,125.5,0.0,0.0
qwen25_15b,31,msc_valid,32,lexical_tfidf,0.5,33,3.772727272727273,124.5,3.803030303030303,125.5,-0.030303030303030276,-1.0
qwen25_15b,31,msc_valid,32,recency_keep_compress_drop,0.5,33,3.787878787878788,125.0,3.803030303030303,125.5,-0.015151515151515138,-0.5
qwen25_15b,31,msc_valid,34,uniform,0.2,17,4.705882352941177,80.0,4.205882352941177,71.5,0.5,8.5
qwen25_15b,31,msc_valid,34,longllmlingua,0.2,17,4.382352941176471,74.5,4.205882352941177,71.5,0.17647058823529438,3.0
qwen25_15b,31,msc_valid,34,recency,0.2,17,4.088235294117647,69.5,4.205882352941177,71.5,-0.11764705882352988,-2.0
qwen25_15b,31,msc_valid,34,lexical_tfidf,0.2,17,4.529411764705882,77.0,4.205882352941177,71.5,0.3235294117647056,5.5
qwen25_15b,31,msc_valid,34,recency_keep_compress_drop,0.2,17,4.470588235294118,76.0,4.205882352941177,71.5,0.2647058823529411,4.5
qwen25_15b,31,msc_valid,34,uniform,0.35,17,4.5,76.5,4.205882352941177,71.5,0.2941176470588234,5.0
qwen25_15b,31,msc_valid,34,longllmlingua,0.35,17,4.294117647058823,73.0,4.205882352941177,71.5,0.08823529411764675,1.5
qwen25_15b,31,msc_valid,34,recency,0.35,17,4.176470588235294,71.0,4.205882352941177,71.5,-0.02941176470588225,-0.5
qwen25_15b,31,msc_valid,34,lexical_tfidf,0.35,17,4.088235294117647,69.5,4.205882352941177,71.5,-0.11764705882352988,-2.0
qwen25_15b,31,msc_valid,34,recency_keep_compress_drop,0.35,17,4.382352941176471,74.5,4.205882352941177,71.5,0.17647058823529438,3.0
qwen25_15b,31,msc_valid,34,uniform,0.5,17,4.470588235294118,76.0,4.205882352941177,71.5,0.2647058823529411,4.5
qwen25_15b,31,msc_valid,34,longllmlingua,0.5,17,4.264705882352941,72.5,4.205882352941177,71.5,0.0588235294117645,1.0
qwen25_15b,31,msc_valid,34,recency,0.5,17,4.235294117647059,72.0,4.205882352941177,71.5,0.02941176470588225,0.5
qwen25_15b,31,msc_valid,34,lexical_tfidf,0.5,17,4.117647058823529,70.0,4.205882352941177,71.5,-0.08823529411764763,-1.5
qwen25_15b,31,msc_valid,34,recency_keep_compress_drop,0.5,17,4.323529411764706,73.5,4.205882352941177,71.5,0.117647058823529,2.0
qwen25_15b,31,msc_valid,38,uniform,0.2,17,3.088235294117647,52.5,2.9558823529411766,50.25,0.13235294117647056,2.25
qwen25_15b,31,msc_valid,38,longllmlingua,0.2,17,3.1323529411764706,53.25,2.9558823529411766,50.25,0.17647058823529393,3.0
qwen25_15b,31,msc_valid,38,recency,0.2,17,3.338235294117647,56.75,2.9558823529411766,50.25,0.38235294117647056,6.5
qwen25_15b,31,msc_valid,38,lexical_tfidf,0.2,17,3.2205882352941178,54.75,2.9558823529411766,50.25,0.2647058823529411,4.5
qwen25_15b,31,msc_valid,38,recency_keep_compress_drop,0.2,17,3.25,55.25,2.9558823529411766,50.25,0.2941176470588234,5.0
qwen25_15b,31,msc_valid,38,uniform,0.35,17,3.161764705882353,53.75,2.9558823529411766,50.25,0.20588235294117618,3.5
qwen25_15b,31,msc_valid,38,longllmlingua,0.35,17,3.1323529411764706,53.25,2.9558823529411766,50.25,0.17647058823529393,3.0
qwen25_15b,31,msc_valid,38,recency,0.35,17,3.014705882352941,51.25,2.9558823529411766,50.25,0.0588235294117645,1.0
qwen25_15b,31,msc_valid,38,lexical_tfidf,0.35,17,2.985294117647059,50.75,2.9558823529411766,50.25,0.02941176470588225,0.5
qwen25_15b,31,msc_valid,38,recency_keep_compress_drop,0.35,17,3.25,55.25,2.9558823529411766,50.25,0.2941176470588234,5.0
qwen25_15b,31,msc_valid,38,uniform,0.5,17,3.0588235294117645,52.0,2.9558823529411766,50.25,0.10294117647058787,1.75
qwen25_15b,31,msc_valid,38,longllmlingua,0.5,17,2.985294117647059,50.75,2.9558823529411766,50.25,0.02941176470588225,0.5
qwen25_15b,31,msc_valid,38,recency,0.5,17,2.9558823529411766,50.25,2.9558823529411766,50.25,0.0,0.0
qwen25_15b,31,msc_valid,38,lexical_tfidf,0.5,17,2.838235294117647,48.25,2.9558823529411766,50.25,-0.11764705882352944,-2.0
qwen25_15b,31,msc_valid,38,recency_keep_compress_drop,0.5,17,3.1470588235294117,53.5,2.9558823529411766,50.25,0.19117647058823506,3.25
qwen25_15b,31,msc_valid,42,uniform,0.2,45,3.1333333333333333,141.0,0.0,0.0,3.1333333333333333,141.0
qwen25_15b,31,msc_valid,42,longllmlingua,0.2,45,3.088888888888889,139.0,0.0,0.0,3.088888888888889,139.0
qwen25_15b,31,msc_valid,42,recency,0.2,45,3.1333333333333333,141.0,0.0,0.0,3.1333333333333333,141.0
qwen25_15b,31,msc_valid,42,lexical_tfidf,0.2,45,2.977777777777778,134.0,0.0,0.0,2.977777777777778,134.0
qwen25_15b,31,msc_valid,42,recency_keep_compress_drop,0.2,45,2.977777777777778,134.0,0.0,0.0,2.977777777777778,134.0
qwen25_15b,31,msc_valid,42,uniform,0.35,45,3.0,135.0,0.0,0.0,3.0,135.0
qwen25_15b,31,msc_valid,42,longllmlingua,0.35,45,3.0,135.0,0.0,0.0,3.0,135.0
qwen25_15b,31,msc_valid,42,recency,0.35,45,3.066666666666667,138.0,0.0,0.0,3.066666666666667,138.0
qwen25_15b,31,msc_valid,42,lexical_tfidf,0.35,45,2.977777777777778,134.0,0.0,0.0,2.977777777777778,134.0
qwen25_15b,31,msc_valid,42,recency_keep_compress_drop,0.35,45,2.9555555555555557,133.0,0.0,0.0,2.9555555555555557,133.0
qwen25_15b,31,msc_valid,42,uniform,0.5,45,2.933333333333333,132.0,0.0,0.0,2.933333333333333,132.0
qwen25_15b,31,msc_valid,42,longllmlingua,0.5,45,2.911111111111111,131.0,0.0,0.0,2.911111111111111,131.0
qwen25_15b,31,msc_valid,42,recency,0.5,45,2.9555555555555557,133.0,0.0,0.0,2.9555555555555557,133.0
qwen25_15b,31,msc_valid,42,lexical_tfidf,0.5,45,2.933333333333333,132.0,0.0,0.0,2.933333333333333,132.0
qwen25_15b,31,msc_valid,42,recency_keep_compress_drop,0.5,45,2.911111111111111,131.0,0.0,0.0,2.911111111111111,131.0
qwen25_15b,31,msc_valid,46,uniform,0.2,24,2.6145833333333335,62.75,0.0,0.0,2.6145833333333335,62.75
qwen25_15b,31,msc_valid,46,longllmlingua,0.2,24,2.9375,70.5,0.0,0.0,2.9375,70.5
qwen25_15b,31,msc_valid,46,recency,0.2,24,2.7083333333333335,65.0,0.0,0.0,2.7083333333333335,65.0
qwen25_15b,31,msc_valid,46,lexical_tfidf,0.2,24,2.75,66.0,0.0,0.0,2.75,66.0
qwen25_15b,31,msc_valid,46,recency_keep_compress_drop,0.2,24,2.75,66.0,0.0,0.0,2.75,66.0
qwen25_15b,31,msc_valid,46,uniform,0.35,24,2.5833333333333335,62.0,0.0,0.0,2.5833333333333335,62.0
qwen25_15b,31,msc_valid,46,longllmlingua,0.35,24,2.9166666666666665,70.0,0.0,0.0,2.9166666666666665,70.0
qwen25_15b,31,msc_valid,46,recency,0.35,24,2.65625,63.75,0.0,0.0,2.65625,63.75
qwen25_15b,31,msc_valid,46,lexical_tfidf,0.35,24,2.6354166666666665,63.25,0.0,0.0,2.6354166666666665,63.25
qwen25_15b,31,msc_valid,46,recency_keep_compress_drop,0.35,24,2.6666666666666665,64.0,0.0,0.0,2.6666666666666665,64.0
qwen25_15b,31,msc_valid,46,uniform,0.5,24,2.6041666666666665,62.5,0.0,0.0,2.6041666666666665,62.5
qwen25_15b,31,msc_valid,46,longllmlingua,0.5,24,2.8541666666666665,68.5,0.0,0.0,2.8541666666666665,68.5
qwen25_15b,31,msc_valid,46,recency,0.5,24,2.7083333333333335,65.0,0.0,0.0,2.7083333333333335,65.0
qwen25_15b,31,msc_valid,46,lexical_tfidf,0.5,24,2.7083333333333335,65.0,0.0,0.0,2.7083333333333335,65.0
qwen25_15b,31,msc_valid,46,recency_keep_compress_drop,0.5,24,2.6666666666666665,64.0,0.0,0.0,2.6666666666666665,64.0
qwen25_15b,31,msc_valid,50,uniform,0.2,27,2.759259259259259,74.5,0.0,0.0,2.759259259259259,74.5
qwen25_15b,31,msc_valid,50,longllmlingua,0.2,27,2.8703703703703702,77.5,0.0,0.0,2.8703703703703702,77.5
qwen25_15b,31,msc_valid,50,recency,0.2,27,2.8333333333333335,76.5,0.0,0.0,2.8333333333333335,76.5
qwen25_15b,31,msc_valid,50,lexical_tfidf,0.2,27,2.7962962962962963,75.5,0.0,0.0,2.7962962962962963,75.5
qwen25_15b,31,msc_valid,50,recency_keep_compress_drop,0.2,27,2.8333333333333335,76.5,0.0,0.0,2.8333333333333335,76.5
qwen25_15b,31,msc_valid,50,uniform,0.35,27,2.740740740740741,74.0,0.0,0.0,2.740740740740741,74.0
qwen25_15b,31,msc_valid,50,longllmlingua,0.35,27,2.8703703703703702,77.5,0.0,0.0,2.8703703703703702,77.5
qwen25_15b,31,msc_valid,50,recency,0.35,27,2.814814814814815,76.0,0.0,0.0,2.814814814814815,76.0
qwen25_15b,31,msc_valid,50,lexical_tfidf,0.35,27,2.7962962962962963,75.5,0.0,0.0,2.7962962962962963,75.5
qwen25_15b,31,msc_valid,50,recency_keep_compress_drop,0.35,27,2.7777777777777777,75.0,0.0,0.0,2.7777777777777777,75.0
qwen25_15b,31,msc_valid,50,uniform,0.5,27,2.759259259259259,74.5,0.0,0.0,2.759259259259259,74.5
qwen25_15b,31,msc_valid,50,longllmlingua,0.5,27,2.9074074074074074,78.5,0.0,0.0,2.9074074074074074,78.5
qwen25_15b,31,msc_valid,50,recency,0.5,27,2.814814814814815,76.0,0.0,0.0,2.814814814814815,76.0
qwen25_15b,31,msc_valid,50,lexical_tfidf,0.5,27,2.759259259259259,74.5,0.0,0.0,2.759259259259259,74.5
qwen25_15b,31,msc_valid,50,recency_keep_compress_drop,0.5,27,2.7962962962962963,75.5,0.0,0.0,2.7962962962962963,75.5
qwen25_15b,31,msc_valid,54,uniform,0.2,48,2.3125,111.0,0.0,0.0,2.3125,111.0
qwen25_15b,31,msc_valid,54,longllmlingua,0.2,48,2.2916666666666665,110.0,0.0,0.0,2.2916666666666665,110.0
qwen25_15b,31,msc_valid,54,recency,0.2,48,2.2083333333333335,106.0,0.0,0.0,2.2083333333333335,106.0
qwen25_15b,31,msc_valid,54,lexical_tfidf,0.2,48,2.2395833333333335,107.5,0.0,0.0,2.2395833333333335,107.5
qwen25_15b,31,msc_valid,54,recency_keep_compress_drop,0.2,48,2.3125,111.0,0.0,0.0,2.3125,111.0
qwen25_15b,31,msc_valid,54,uniform,0.35,48,2.2291666666666665,107.0,0.0,0.0,2.2291666666666665,107.0
qwen25_15b,31,msc_valid,54,longllmlingua,0.35,48,2.2604166666666665,108.5,0.0,0.0,2.2604166666666665,108.5
qwen25_15b,31,msc_valid,54,recency,0.35,48,2.1875,105.0,0.0,0.0,2.1875,105.0
qwen25_15b,31,msc_valid,54,lexical_tfidf,0.35,48,2.28125,109.5,0.0,0.0,2.28125,109.5
qwen25_15b,31,msc_valid,54,recency_keep_compress_drop,0.35,48,2.25,108.0,0.0,0.0,2.25,108.0
qwen25_15b,31,msc_valid,54,uniform,0.5,35,2.7,94.5,0.0,0.0,2.7,94.5
qwen25_15b,31,msc_valid,54,longllmlingua,0.5,48,2.2395833333333335,107.5,0.0,0.0,2.2395833333333335,107.5
qwen25_15b,31,msc_valid,54,recency,0.5,14,3.2142857142857144,45.0,0.0,0.0,3.2142857142857144,45.0
qwen25_15b,31,msc_valid,54,lexical_tfidf,0.5,32,2.765625,88.5,0.0,0.0,2.765625,88.5
qwen25_15b,31,msc_valid,54,recency_keep_compress_drop,0.5,10,3.225,32.25,0.0,0.0,3.225,32.25
qwen25_15b,31,msc_valid,58,uniform,0.2,65,2.9692307692307693,193.0,0.0,0.0,2.9692307692307693,193.0
qwen25_15b,31,msc_valid,58,longllmlingua,0.2,65,3.0923076923076924,201.0,0.0,0.0,3.0923076923076924,201.0
qwen25_15b,31,msc_valid,58,recency,0.2,55,3.1636363636363636,174.0,0.0,0.0,3.1636363636363636,174.0
qwen25_15b,31,msc_valid,58,lexical_tfidf,0.2,59,3.152542372881356,186.0,0.0,0.0,3.152542372881356,186.0
qwen25_15b,31,msc_valid,58,recency_keep_compress_drop,0.2,54,3.185185185185185,172.0,0.0,0.0,3.185185185185185,172.0
qwen25_15b,31,msc_valid,58,uniform,0.35,65,2.9384615384615387,191.0,0.0,0.0,2.9384615384615387,191.0
qwen25_15b,31,msc_valid,58,longllmlingua,0.35,65,3.1076923076923078,202.0,0.0,0.0,3.1076923076923078,202.0
qwen25_15b,31,msc_valid,58,recency,0.35,0,0.0,0.0,0.0,0.0,0.0,0.0
qwen25_15b,31,msc_valid,58,lexical_tfidf,0.35,0,0.0,0.0,0.0,0.0,0.0,0.0
qwen25_15b,31,msc_valid,58,recency_keep_compress_drop,0.35,0,0.0,0.0,0.0,0.0,0.0,0.0
qwen25_15b,31,msc_valid,58,uniform,0.5,0,0.0,0.0,0.0,0.0,0.0,0.0
qwen25_15b,31,msc_valid,58,longllmlingua,0.5,65,3.0153846153846153,196.0,0.0,0.0,3.0153846153846153,196.0
qwen25_15b,31,msc_valid,58,recency,0.5,0,0.0,0.0,0.0,0.0,0.0,0.0
qwen25_15b,31,msc_valid,58,lexical_tfidf,0.5,0,0.0,0.0,0.0,0.0,0.0,0.0
qwen25_15b,31,msc_valid,58,recency_keep_compress_drop,0.5,0,0.0,0.0,0.0,0.0,0.0,0.0
qwen25_15b,31,msc_valid,62,uniform,0.2,47,2.8297872340425534,133.0,0.0,0.0,2.8297872340425534,133.0
qwen25_15b,31,msc_valid,62,longllmlingua,0.2,47,2.872340425531915,135.0,0.0,0.0,2.872340425531915,135.0
qwen25_15b,31,msc_valid,62,recency,0.2,0,0.0,0.0,0.0,0.0,0.0,0.0
qwen25_15b,31,msc_valid,62,lexical_tfidf,0.2,0,0.0,0.0,0.0,0.0,0.0,0.0
qwen25_15b,31,msc_valid,62,recency_keep_compress_drop,0.2,0,0.0,0.0,0.0,0.0,0.0,0.0
qwen25_15b,31,msc_valid,62,uniform,0.35,47,2.74468085106383,129.0,0.0,0.0,2.74468085106383,129.0
qwen25_15b,31,msc_valid,62,longllmlingua,0.35,47,2.9148936170212765,137.0,0.0,0.0,2.9148936170212765,137.0
qwen25_15b,31,msc_valid,62,recency,0.35,0,0.0,0.0,0.0,0.0,0.0,0.0
qwen25_15b,31,msc_valid,62,lexical_tfidf,0.35,0,0.0,0.0,0.0,0.0,0.0,0.0
qwen25_15b,31,msc_valid,62,recency_keep_compress_drop,0.35,0,0.0,0.0,0.0,0.0,0.0,0.0
qwen25_15b,31,msc_valid,62,uniform,0.5,47,2.6914893617021276,126.5,0.0,0.0,2.6914893617021276,126.5
qwen25_15b,31,msc_valid,62,longllmlingua,0.5,47,2.851063829787234,134.0,0.0,0.0,2.851063829787234,134.0
qwen25_15b,31,msc_valid,62,recency,0.5,0,0.0,0.0,0.0,0.0,0.0,0.0
qwen25_15b,31,msc_valid,62,lexical_tfidf,0.5,0,0.0,0.0,0.0,0.0,0.0,0.0
qwen25_15b,31,msc_valid,62,recency_keep_compress_drop,0.5,0,0.0,0.0,0.0,0.0,0.0,0.0
qwen25_15b,36,msc_valid,4,uniform,0.2,11,1.9545454545454546,21.5,1.5227272727272727,16.75,0.4318181818181819,4.75
qwen25_15b,36,msc_valid,4,longllmlingua,0.2,11,1.6022727272727273,17.625,1.5227272727272727,16.75,0.07954545454545459,0.875
qwen25_15b,36,msc_valid,4,recency,0.2,11,1.9545454545454546,21.5,1.5227272727272727,16.75,0.4318181818181819,4.75
qwen25_15b,36,msc_valid,4,lexical_tfidf,0.2,11,1.9545454545454546,21.5,1.5227272727272727,16.75,0.4318181818181819,4.75
qwen25_15b,36,msc_valid,4,recency_keep_compress_drop,0.2,11,1.9545454545454546,21.5,1.5227272727272727,16.75,0.4318181818181819,4.75
qwen25_15b,36,msc_valid,4,uniform,0.35,11,1.7272727272727273,19.0,1.5227272727272727,16.75,0.20454545454545459,2.25
qwen25_15b,36,msc_valid,4,longllmlingua,0.35,11,1.7727272727272727,19.5,1.5227272727272727,16.75,0.25,2.75
qwen25_15b,36,msc_valid,4,recency,0.35,11,1.7272727272727273,19.0,1.5227272727272727,16.75,0.20454545454545459,2.25
qwen25_15b,36,msc_valid,4,lexical_tfidf,0.35,11,1.7272727272727273,19.0,1.5227272727272727,16.75,0.20454545454545459,2.25
qwen25_15b,36,msc_valid,4,recency_keep_compress_drop,0.35,11,1.7272727272727273,19.0,1.5227272727272727,16.75,0.20454545454545459,2.25
qwen25_15b,36,msc_valid,4,uniform,0.5,11,1.7272727272727273,19.0,1.5227272727272727,16.75,0.20454545454545459,2.25
qwen25_15b,36,msc_valid,4,longllmlingua,0.5,11,1.6477272727272727,18.125,1.5227272727272727,16.75,0.125,1.375
qwen25_15b,36,msc_valid,4,recency,0.5,11,1.7272727272727273,19.0,1.5227272727272727,16.75,0.20454545454545459,2.25
qwen25_15b,36,msc_valid,4,lexical_tfidf,0.5,11,1.7272727272727273,19.0,1.5227272727272727,16.75,0.20454545454545459,2.25
qwen25_15b,36,msc_valid,4,recency_keep_compress_drop,0.5,11,1.7272727272727273,19.0,1.5227272727272727,16.75,0.20454545454545459,2.25
qwen25_15b,36,msc_valid,6,uniform,0.2,8,3.359375,26.875,2.265625,18.125,1.09375,8.75
qwen25_15b,36,msc_valid,6,longllmlingua,0.2,8,2.96875,23.75,2.265625,18.125,0.703125,5.625
qwen25_15b,36,msc_valid,6,recency,0.2,8,3.296875,26.375,2.265625,18.125,1.03125,8.25
qwen25_15b,36,msc_valid,6,lexical_tfidf,0.2,8,3.359375,26.875,2.265625,18.125,1.09375,8.75
qwen25_15b,36,msc_valid,6,recency_keep_compress_drop,0.2,8,3.296875,26.375,2.265625,18.125,1.03125,8.25
qwen25_15b,36,msc_valid,6,uniform,0.35,8,2.8125,22.5,2.265625,18.125,0.546875,4.375
qwen25_15b,36,msc_valid,6,longllmlingua,0.35,8,2.75,22.0,2.265625,18.125,0.484375,3.875
qwen25_15b,36,msc_valid,6,recency,0.35,8,2.8125,22.5,2.265625,18.125,0.546875,4.375
qwen25_15b,36,msc_valid,6,lexical_tfidf,0.35,8,3.625,29.0,2.265625,18.125,1.359375,10.875
qwen25_15b,36,msc_valid,6,recency_keep_compress_drop,0.35,8,2.8125,22.5,2.265625,18.125,0.546875,4.375
qwen25_15b,36,msc_valid,6,uniform,0.5,8,3.484375,27.875,2.265625,18.125,1.21875,9.75
qwen25_15b,36,msc_valid,6,longllmlingua,0.5,8,2.625,21.0,2.265625,18.125,0.359375,2.875
qwen25_15b,36,msc_valid,6,recency,0.5,8,2.84375,22.75,2.265625,18.125,0.578125,4.625
qwen25_15b,36,msc_valid,6,lexical_tfidf,0.5,8,3.140625,25.125,2.265625,18.125,0.875,7.0
qwen25_15b,36,msc_valid,6,recency_keep_compress_drop,0.5,8,2.8125,22.5,2.265625,18.125,0.546875,4.375
qwen25_15b,36,msc_valid,8,uniform,0.2,13,2.5576923076923075,33.25,2.25,29.25,0.3076923076923075,4.0
qwen25_15b,36,msc_valid,8,longllmlingua,0.2,13,2.5961538461538463,33.75,2.25,29.25,0.34615384615384626,4.5
qwen25_15b,36,msc_valid,8,recency,0.2,13,2.6153846153846154,34.0,2.25,29.25,0.3653846153846154,4.75
qwen25_15b,36,msc_valid,8,lexical_tfidf,0.2,13,2.5961538461538463,33.75,2.25,29.25,0.34615384615384626,4.5
qwen25_15b,36,msc_valid,8,recency_keep_compress_drop,0.2,13,2.6153846153846154,34.0,2.25,29.25,0.3653846153846154,4.75
qwen25_15b,36,msc_valid,8,uniform,0.35,13,2.6346153846153846,34.25,2.25,29.25,0.3846153846153846,5.0
qwen25_15b,36,msc_valid,8,longllmlingua,0.35,13,2.423076923076923,31.5,2.25,29.25,0.1730769230769229,2.25
qwen25_15b,36,msc_valid,8,recency,0.35,13,2.5384615384615383,33.0,2.25,29.25,0.2884615384615383,3.75
qwen25_15b,36,msc_valid,8,lexical_tfidf,0.35,13,2.519230769230769,32.75,2.25,29.25,0.26923076923076916,3.5
qwen25_15b,36,msc_valid,8,recency_keep_compress_drop,0.35,13,2.480769230769231,32.25,2.25,29.25,0.23076923076923084,3.0
qwen25_15b,36,msc_valid,8,uniform,0.5,13,2.4038461538461537,31.25,2.25,29.25,0.15384615384615374,2.0
qwen25_15b,36,msc_valid,8,longllmlingua,0.5,13,2.4134615384615383,31.375,2.25,29.25,0.16346153846153832,2.125
qwen25_15b,36,msc_valid,8,recency,0.5,13,2.3653846153846154,30.75,2.25,29.25,0.11538461538461542,1.5
qwen25_15b,36,msc_valid,8,lexical_tfidf,0.5,13,2.4615384615384617,32.0,2.25,29.25,0.21153846153846168,2.75
qwen25_15b,36,msc_valid,8,recency_keep_compress_drop,0.5,13,2.3653846153846154,30.75,2.25,29.25,0.11538461538461542,1.5
qwen25_15b,36,msc_valid,10,uniform,0.2,20,4.0,80.0,3.975,79.5,0.02499999999999991,0.5
qwen25_15b,36,msc_valid,10,longllmlingua,0.2,20,3.875,77.5,3.975,79.5,-0.10000000000000009,-2.0
qwen25_15b,36,msc_valid,10,recency,0.2,20,4.15,83.0,3.975,79.5,0.17500000000000027,3.5
qwen25_15b,36,msc_valid,10,lexical_tfidf,0.2,20,4.05,81.0,3.975,79.5,0.07499999999999973,1.5
qwen25_15b,36,msc_valid,10,recency_keep_compress_drop,0.2,20,4.15,83.0,3.975,79.5,0.17500000000000027,3.5
qwen25_15b,36,msc_valid,10,uniform,0.35,20,3.975,79.5,3.975,79.5,0.0,0.0
qwen25_15b,36,msc_valid,10,longllmlingua,0.35,20,3.775,75.5,3.975,79.5,-0.20000000000000018,-4.0
qwen25_15b,36,msc_valid,10,recency,0.35,20,4.025,80.5,3.975,79.5,0.050000000000000266,1.0
qwen25_15b,36,msc_valid,10,lexical_tfidf,0.35,20,4.025,80.5,3.975,79.5,0.050000000000000266,1.0
qwen25_15b,36,msc_valid,10,recency_keep_compress_drop,0.35,20,4.075,81.5,3.975,79.5,0.10000000000000009,2.0
qwen25_15b,36,msc_valid,10,uniform,0.5,20,4.025,80.5,3.975,79.5,0.050000000000000266,1.0
qwen25_15b,36,msc_valid,10,longllmlingua,0.5,20,3.825,76.5,3.975,79.5,-0.1499999999999999,-3.0
qwen25_15b,36,msc_valid,10,recency,0.5,20,4.0,80.0,3.975,79.5,0.02499999999999991,0.5
qwen25_15b,36,msc_valid,10,lexical_tfidf,0.5,20,4.15,83.0,3.975,79.5,0.17500000000000027,3.5
qwen25_15b,36,msc_valid,10,recency_keep_compress_drop,0.5,20,3.95,79.0,3.975,79.5,-0.02499999999999991,-0.5
qwen25_15b,36,msc_valid,12,uniform,0.2,11,2.909090909090909,32.0,2.352272727272727,25.875,0.5568181818181821,6.125
qwen25_15b,36,msc_valid,12,longllmlingua,0.2,11,2.284090909090909,25.125,2.352272727272727,25.875,-0.0681818181818179,-0.75
qwen25_15b,36,msc_valid,12,recency,0.2,11,2.6704545454545454,29.375,2.352272727272727,25.875,0.31818181818181834,3.5
qwen25_15b,36,msc_valid,12,lexical_tfidf,0.2,11,2.909090909090909,32.0,2.352272727272727,25.875,0.5568181818181821,6.125
qwen25_15b,36,msc_valid,12,recency_keep_compress_drop,0.2,11,2.9318181818181817,32.25,2.352272727272727,25.875,0.5795454545454546,6.375
qwen25_15b,36,msc_valid,12,uniform,0.35,11,2.352272727272727,25.875,2.352272727272727,25.875,0.0,0.0
qwen25_15b,36,msc_valid,12,longllmlingua,0.35,11,2.1931818181818183,24.125,2.352272727272727,25.875,-0.15909090909090873,-1.75
qwen25_15b,36,msc_valid,12,recency,0.35,11,2.8295454545454546,31.125,2.352272727272727,25.875,0.4772727272727275,5.25
qwen25_15b,36,msc_valid,12,lexical_tfidf,0.35,11,2.727272727272727,30.0,2.352272727272727,25.875,0.375,4.125
qwen25_15b,36,msc_valid,12,recency_keep_compress_drop,0.35,11,2.522727272727273,27.75,2.352272727272727,25.875,0.17045454545454586,1.875
qwen25_15b,36,msc_valid,12,uniform,0.5,11,2.4318181818181817,26.75,2.352272727272727,25.875,0.07954545454545459,0.875
qwen25_15b,36,msc_valid,12,longllmlingua,0.5,11,1.9772727272727273,21.75,2.352272727272727,25.875,-0.3749999999999998,-4.125
qwen25_15b,36,msc_valid,12,recency,0.5,11,2.590909090909091,28.5,2.352272727272727,25.875,0.23863636363636376,2.625
qwen25_15b,36,msc_valid,12,lexical_tfidf,0.5,11,2.4204545454545454,26.625,2.352272727272727,25.875,0.06818181818181834,0.75
qwen25_15b,36,msc_valid,12,recency_keep_compress_drop,0.5,11,2.590909090909091,28.5,2.352272727272727,25.875,0.23863636363636376,2.625
qwen25_15b,60,msc_valid,4,uniform,0.2,13,3.3076923076923075,43.0,3.230769230769231,42.0,0.07692307692307665,1.0
qwen25_15b,60,msc_valid,4,longllmlingua,0.2,13,2.730769230769231,35.5,3.230769230769231,42.0,-0.5,-6.5
qwen25_15b,60,msc_valid,4,recency,0.2,13,3.3076923076923075,43.0,3.230769230769231,42.0,0.07692307692307665,1.0
qwen25_15b,60,msc_valid,4,lexical_tfidf,0.2,13,3.3076923076923075,43.0,3.230769230769231,42.0,0.07692307692307665,1.0
qwen25_15b,60,msc_valid,4,recency_keep_compress_drop,0.2,13,3.3076923076923075,43.0,3.230769230769231,42.0,0.07692307692307665,1.0
qwen25_15b,60,msc_valid,4,uniform,0.35,13,3.25,42.25,3.230769230769231,42.0,0.019230769230769162,0.25
qwen25_15b,60,msc_valid,4,longllmlingua,0.35,13,2.6923076923076925,35.0,3.230769230769231,42.0,-0.5384615384615383,-7.0
qwen25_15b,60,msc_valid,4,recency,0.35,13,3.25,42.25,3.230769230769231,42.0,0.019230769230769162,0.25
qwen25_15b,60,msc_valid,4,lexical_tfidf,0.35,13,3.25,42.25,3.230769230769231,42.0,0.019230769230769162,0.25
qwen25_15b,60,msc_valid,4,recency_keep_compress_drop,0.35,13,3.25,42.25,3.230769230769231,42.0,0.019230769230769162,0.25
qwen25_15b,60,msc_valid,4,uniform,0.5,13,3.25,42.25,3.230769230769231,42.0,0.019230769230769162,0.25
qwen25_15b,60,msc_valid,4,longllmlingua,0.5,13,2.8461538461538463,37.0,3.230769230769231,42.0,-0.3846153846153846,-5.0
qwen25_15b,60,msc_valid,4,recency,0.5,13,3.25,42.25,3.230769230769231,42.0,0.019230769230769162,0.25
qwen25_15b,60,msc_valid,4,lexical_tfidf,0.5,13,3.25,42.25,3.230769230769231,42.0,0.019230769230769162,0.25
qwen25_15b,60,msc_valid,4,recency_keep_compress_drop,0.5,13,3.25,42.25,3.230769230769231,42.0,0.019230769230769162,0.25
qwen25_15b,60,msc_valid,8,uniform,0.2,16,3.40625,54.5,3.171875,50.75,0.234375,3.75
qwen25_15b,60,msc_valid,8,longllmlingua,0.2,16,3.1875,51.0,3.171875,50.75,0.015625,0.25
qwen25_15b,60,msc_valid,8,recency,0.2,16,3.484375,55.75,3.171875,50.75,0.3125,5.0
qwen25_15b,60,msc_valid,8,lexical_tfidf,0.2,16,3.5,56.0,3.171875,50.75,0.328125,5.25
qwen25_15b,60,msc_valid,8,recency_keep_compress_drop,0.2,16,3.484375,55.75,3.171875,50.75,0.3125,5.0
qwen25_15b,60,msc_valid,8,uniform,0.35,16,3.515625,56.25,3.171875,50.75,0.34375,5.5
qwen25_15b,60,msc_valid,8,longllmlingua,0.35,16,3.1875,51.0,3.171875,50.75,0.015625,0.25
qwen25_15b,60,msc_valid,8,recency,0.35,16,3.359375,53.75,3.171875,50.75,0.1875,3.0
qwen25_15b,60,msc_valid,8,lexical_tfidf,0.35,16,3.265625,52.25,3.171875,50.75,0.09375,1.5
qwen25_15b,60,msc_valid,8,recency_keep_compress_drop,0.35,16,3.359375,53.75,3.171875,50.75,0.1875,3.0
qwen25_15b,60,msc_valid,8,uniform,0.5,16,3.421875,54.75,3.171875,50.75,0.25,4.0
qwen25_15b,60,msc_valid,8,longllmlingua,0.5,16,3.203125,51.25,3.171875,50.75,0.03125,0.5
qwen25_15b,60,msc_valid,8,recency,0.5,16,3.296875,52.75,3.171875,50.75,0.125,2.0
qwen25_15b,60,msc_valid,8,lexical_tfidf,0.5,16,3.390625,54.25,3.171875,50.75,0.21875,3.5
qwen25_15b,60,msc_valid,8,recency_keep_compress_drop,0.5,16,3.203125,51.25,3.171875,50.75,0.03125,0.5
qwen25_15b,60,msc_valid,12,uniform,0.2,14,5.142857142857143,72.0,4.5,63.0,0.6428571428571432,9.0
qwen25_15b,60,msc_valid,12,longllmlingua,0.2,14,4.821428571428571,67.5,4.5,63.0,0.3214285714285712,4.5
qwen25_15b,60,msc_valid,12,recency,0.2,14,4.964285714285714,69.5,4.5,63.0,0.4642857142857144,6.5
qwen25_15b,60,msc_valid,12,lexical_tfidf,0.2,14,5.071428571428571,71.0,4.5,63.0,0.5714285714285712,8.0
qwen25_15b,60,msc_valid,12,recency_keep_compress_drop,0.2,14,4.964285714285714,69.5,4.5,63.0,0.4642857142857144,6.5
qwen25_15b,60,msc_valid,12,uniform,0.35,14,5.0,70.0,4.5,63.0,0.5,7.0
qwen25_15b,60,msc_valid,12,longllmlingua,0.35,14,4.571428571428571,64.0,4.5,63.0,0.07142857142857117,1.0
qwen25_15b,60,msc_valid,12,recency,0.35,14,4.892857142857143,68.5,4.5,63.0,0.39285714285714324,5.5
qwen25_15b,60,msc_valid,12,lexical_tfidf,0.35,14,4.892857142857143,68.5,4.5,63.0,0.39285714285714324,5.5
qwen25_15b,60,msc_valid,12,recency_keep_compress_drop,0.35,14,4.821428571428571,67.5,4.5,63.0,0.3214285714285712,4.5
qwen25_15b,60,msc_valid,12,uniform,0.5,14,4.857142857142857,68.0,4.5,63.0,0.35714285714285676,5.0
qwen25_15b,60,msc_valid,12,longllmlingua,0.5,14,4.464285714285714,62.5,4.5,63.0,-0.03571428571428559,-0.5
qwen25_15b,60,msc_valid,12,recency,0.5,14,4.678571428571429,65.5,4.5,63.0,0.17857142857142883,2.5
qwen25_15b,60,msc_valid,12,lexical_tfidf,0.5,14,4.964285714285714,69.5,4.5,63.0,0.4642857142857144,6.5
qwen25_15b,60,msc_valid,12,recency_keep_compress_drop,0.5,14,4.75,66.5,4.5,63.0,0.25,3.5
qwen25_15b,60,msc_valid,16,uniform,0.2,18,0.8958333333333334,16.125,0.7395833333333334,13.3125,0.15625,2.8125
qwen25_15b,60,msc_valid,16,longllmlingua,0.2,18,1.0486111111111112,18.875,0.7395833333333334,13.3125,0.3090277777777778,5.5625
qwen25_15b,60,msc_valid,16,recency,0.2,18,1.2361111111111112,22.25,0.7395833333333334,13.3125,0.4965277777777778,8.9375
qwen25_15b,60,msc_valid,16,lexical_tfidf,0.2,18,0.9236111111111112,16.625,0.7395833333333334,13.3125,0.1840277777777778,3.3125
qwen25_15b,60,msc_valid,16,recency_keep_compress_drop,0.2,18,1.2291666666666667,22.125,0.7395833333333334,13.3125,0.48958333333333337,8.8125
qwen25_15b,60,msc_valid,16,uniform,0.35,18,0.8402777777777778,15.125,0.7395833333333334,13.3125,0.10069444444444442,1.8125
qwen25_15b,60,msc_valid,16,longllmlingua,0.35,18,0.9097222222222222,16.375,0.7395833333333334,13.3125,0.17013888888888884,3.0625
qwen25_15b,60,msc_valid,16,recency,0.35,18,1.1875,21.375,0.7395833333333334,13.3125,0.44791666666666663,8.0625
qwen25_15b,60,msc_valid,16,lexical_tfidf,0.35,18,0.8680555555555556,15.625,0.7395833333333334,13.3125,0.1284722222222222,2.3125
qwen25_15b,60,msc_valid,16,recency_keep_compress_drop,0.35,18,1.0763888888888888,19.375,0.7395833333333334,13.3125,0.33680555555555547,6.0625
qwen25_15b,60,msc_valid,16,uniform,0.5,18,0.7638888888888888,13.75,0.7395833333333334,13.3125,0.02430555555555547,0.4375
qwen25_15b,60,msc_valid,16,longllmlingua,0.5,18,0.7708333333333334,13.875,0.7395833333333334,13.3125,0.03125,0.5625
qwen25_15b,60,msc_valid,16,recency,0.5,18,1.0763888888888888,19.375,0.7395833333333334,13.3125,0.33680555555555547,6.0625
qwen25_15b,60,msc_valid,16,lexical_tfidf,0.5,18,0.6944444444444444,12.5,0.7395833333333334,13.3125,-0.04513888888888895,-0.8125
qwen25_15b,60,msc_valid,16,recency_keep_compress_drop,0.5,18,0.8020833333333334,14.4375,0.7395833333333334,13.3125,0.0625,1.125
qwen25_15b,60,msc_valid,20,uniform,0.2,26,2.394230769230769,62.25,2.3846153846153846,62.0,0.009615384615384581,0.25
qwen25_15b,60,msc_valid,20,longllmlingua,0.2,26,2.423076923076923,63.0,2.3846153846153846,62.0,0.038461538461538325,1.0
qwen25_15b,60,msc_valid,20,recency,0.2,26,2.480769230769231,64.5,2.3846153846153846,62.0,0.09615384615384626,2.5
qwen25_15b,60,msc_valid,20,lexical_tfidf,0.2,26,2.4326923076923075,63.25,2.3846153846153846,62.0,0.048076923076922906,1.25
qwen25_15b,60,msc_valid,20,recency_keep_compress_drop,0.2,26,2.3461538461538463,61.0,2.3846153846153846,62.0,-0.038461538461538325,-1.0
qwen25_15b,60,msc_valid,20,uniform,0.35,26,2.3846153846153846,62.0,2.3846153846153846,62.0,0.0,0.0
qwen25_15b,60,msc_valid,20,longllmlingua,0.35,26,2.4615384615384617,64.0,2.3846153846153846,62.0,0.0769230769230771,2.0
qwen25_15b,60,msc_valid,20,recency,0.35,26,2.4326923076923075,63.25,2.3846153846153846,62.0,0.048076923076922906,1.25
qwen25_15b,60,msc_valid,20,lexical_tfidf,0.35,26,2.4134615384615383,62.75,2.3846153846153846,62.0,0.028846153846153744,0.75
qwen25_15b,60,msc_valid,20,recency_keep_compress_drop,0.35,26,2.298076923076923,59.75,2.3846153846153846,62.0,-0.08653846153846168,-2.25
qwen25_15b,60,msc_valid,20,uniform,0.5,26,2.4038461538461537,62.5,2.3846153846153846,62.0,0.019230769230769162,0.5
qwen25_15b,60,msc_valid,20,longllmlingua,0.5,26,2.480769230769231,64.5,2.3846153846153846,62.0,0.09615384615384626,2.5
qwen25_15b,60,msc_valid,20,recency,0.5,26,2.3461538461538463,61.0,2.3846153846153846,62.0,-0.038461538461538325,-1.0
qwen25_15b,60,msc_valid,20,lexical_tfidf,0.5,26,2.4134615384615383,62.75,2.3846153846153846,62.0,0.028846153846153744,0.75
qwen25_15b,60,msc_valid,20,recency_keep_compress_drop,0.5,26,2.3365384615384617,60.75,2.3846153846153846,62.0,-0.048076923076922906,-1.25
qwen25_15b,60,msc_valid,24,uniform,0.2,28,1.7946428571428572,50.25,1.8035714285714286,50.5,-0.008928571428571397,-0.25
qwen25_15b,60,msc_valid,24,longllmlingua,0.2,28,1.6964285714285714,47.5,1.8035714285714286,50.5,-0.1071428571428572,-3.0
qwen25_15b,60,msc_valid,24,recency,0.2,28,1.7678571428571428,49.5,1.8035714285714286,50.5,-0.03571428571428581,-1.0
qwen25_15b,60,msc_valid,24,lexical_tfidf,0.2,28,1.7767857142857142,49.75,1.8035714285714286,50.5,-0.026785714285714413,-0.75
qwen25_15b,60,msc_valid,24,recency_keep_compress_drop,0.2,28,1.7857142857142858,50.0,1.8035714285714286,50.5,-0.017857142857142794,-0.5
qwen25_15b,60,msc_valid,24,uniform,0.35,28,1.8035714285714286,50.5,1.8035714285714286,50.5,0.0,0.0
qwen25_15b,60,msc_valid,24,longllmlingua,0.35,28,1.7410714285714286,48.75,1.8035714285714286,50.5,-0.0625,-1.75
qwen25_15b,60,msc_valid,24,recency,0.35,28,1.8035714285714286,50.5,1.8035714285714286,50.5,0.0,0.0
qwen25_15b,60,msc_valid,24,lexical_tfidf,0.35,28,1.7946428571428572,50.25,1.8035714285714286,50.5,-0.008928571428571397,-0.25
qwen25_15b,60,msc_valid,24,recency_keep_compress_drop,0.35,28,1.7678571428571428,49.5,1.8035714285714286,50.5,-0.03571428571428581,-1.0
qwen25_15b,60,msc_valid,24,uniform,0.5,28,1.8125,50.75,1.8035714285714286,50.5,0.008928571428571397,0.25
qwen25_15b,60,msc_valid,24,longllmlingua,0.5,28,1.7232142857142858,48.25,1.8035714285714286,50.5,-0.0803571428571428,-2.25
qwen25_15b,60,msc_valid,24,recency,0.5,28,1.8303571428571428,51.25,1.8035714285714286,50.5,0.02678571428571419,0.75
qwen25_15b,60,msc_valid,24,lexical_tfidf,0.5,28,1.8125,50.75,1.8035714285714286,50.5,0.008928571428571397,0.25
qwen25_15b,60,msc_valid,24,recency_keep_compress_drop,0.5,28,1.7410714285714286,48.75,1.8035714285714286,50.5,-0.0625,-1.75
qwen25_15b,60,msc_valid,28,uniform,0.2,9,2.638888888888889,23.75,2.75,24.75,-0.11111111111111116,-1.0
qwen25_15b,60,msc_valid,28,longllmlingua,0.2,9,2.8194444444444446,25.375,2.75,24.75,0.06944444444444464,0.625
qwen25_15b,60,msc_valid,28,recency,0.2,9,2.736111111111111,24.625,2.75,24.75,-0.01388888888888884,-0.125
qwen25_15b,60,msc_valid,28,lexical_tfidf,0.2,9,2.7916666666666665,25.125,2.75,24.75,0.04166666666666652,0.375
qwen25_15b,60,msc_valid,28,recency_keep_compress_drop,0.2,9,2.5,22.5,2.75,24.75,-0.25,-2.25
qwen25_15b,60,msc_valid,28,uniform,0.35,9,2.4166666666666665,21.75,2.75,24.75,-0.3333333333333335,-3.0
qwen25_15b,60,msc_valid,28,longllmlingua,0.35,9,2.875,25.875,2.75,24.75,0.125,1.125
qwen25_15b,60,msc_valid,28,recency,0.35,9,2.7916666666666665,25.125,2.75,24.75,0.04166666666666652,0.375
qwen25_15b,60,msc_valid,28,lexical_tfidf,0.35,9,2.5555555555555554,23.0,2.75,24.75,-0.19444444444444464,-1.75
qwen25_15b,60,msc_valid,28,recency_keep_compress_drop,0.35,9,2.5694444444444446,23.125,2.75,24.75,-0.18055555555555536,-1.625
qwen25_15b,60,msc_valid,28,uniform,0.5,9,2.5,22.5,2.75,24.75,-0.25,-2.25
qwen25_15b,60,msc_valid,28,longllmlingua,0.5,9,2.7916666666666665,25.125,2.75,24.75,0.04166666666666652,0.375
qwen25_15b,60,msc_valid,28,recency,0.5,9,2.8194444444444446,25.375,2.75,24.75,0.06944444444444464,0.625
qwen25_15b,60,msc_valid,28,lexical_tfidf,0.5,9,2.8194444444444446,25.375,2.75,24.75,0.06944444444444464,0.625
qwen25_15b,60,msc_valid,28,recency_keep_compress_drop,0.5,9,2.625,23.625,2.75,24.75,-0.125,-1.125
qwen25_15b,60,msc_valid,32,uniform,0.2,34,2.0441176470588234,69.5,1.6838235294117647,57.25,0.36029411764705865,12.25
qwen25_15b,60,msc_valid,32,longllmlingua,0.2,34,1.9852941176470589,67.5,1.6838235294117647,57.25,0.30147058823529416,10.25
qwen25_15b,60,msc_valid,32,recency,0.2,34,2.2205882352941178,75.5,1.6838235294117647,57.25,0.536764705882353,18.25
qwen25_15b,60,msc_valid,32,lexical_tfidf,0.2,34,2.176470588235294,74.0,1.6838235294117647,57.25,0.4926470588235292,16.75
qwen25_15b,60,msc_valid,32,recency_keep_compress_drop,0.2,34,2.235294117647059,76.0,1.6838235294117647,57.25,0.5514705882352942,18.75
qwen25_15b,60,msc_valid,32,uniform,0.35,34,1.6691176470588236,56.75,1.6838235294117647,57.25,-0.014705882352941124,-0.5
qwen25_15b,60,msc_valid,32,longllmlingua,0.35,34,2.014705882352941,68.5,1.6838235294117647,57.25,0.3308823529411764,11.25
qwen25_15b,60,msc_valid,32,recency,0.35,34,2.0588235294117645,70.0,1.6838235294117647,57.25,0.3749999999999998,12.75
qwen25_15b,60,msc_valid,32,lexical_tfidf,0.35,34,2.1470588235294117,73.0,1.6838235294117647,57.25,0.46323529411764697,15.75
qwen25_15b,60,msc_valid,32,recency_keep_compress_drop,0.35,34,1.7647058823529411,60.0,1.6838235294117647,57.25,0.0808823529411764,2.75
qwen25_15b,60,msc_valid,32,uniform,0.5,34,1.6691176470588236,56.75,1.6838235294117647,57.25,-0.014705882352941124,-0.5
qwen25_15b,60,msc_valid,32,longllmlingua,0.5,34,1.9705882352941178,67.0,1.6838235294117647,57.25,0.28676470588235303,9.75
qwen25_15b,60,msc_valid,32,recency,0.5,34,2.088235294117647,71.0,1.6838235294117647,57.25,0.40441176470588247,13.75
qwen25_15b,60,msc_valid,32,lexical_tfidf,0.5,34,2.073529411764706,70.5,1.6838235294117647,57.25,0.38970588235294135,13.25
qwen25_15b,60,msc_valid,32,recency_keep_compress_drop,0.5,34,1.713235294117647,58.25,1.6838235294117647,57.25,0.02941176470588225,1.0
qwen25_15b,60,msc_valid,34,uniform,0.2,25,2.28,57.0,2.2,55.0,0.07999999999999963,2.0
qwen25_15b,60,msc_valid,34,longllmlingua,0.2,25,2.39,59.75,2.2,55.0,0.18999999999999995,4.75
qwen25_15b,60,msc_valid,34,recency,0.2,25,2.33,58.25,2.2,55.0,0.1299999999999999,3.25
qwen25_15b,60,msc_valid,34,lexical_tfidf,0.2,25,2.28,57.0,2.2,55.0,0.07999999999999963,2.0
qwen25_15b,60,msc_valid,34,recency_keep_compress_drop,0.2,25,2.38,59.5,2.2,55.0,0.17999999999999972,4.5
qwen25_15b,60,msc_valid,34,uniform,0.35,25,2.18,54.5,2.2,55.0,-0.020000000000000018,-0.5
qwen25_15b,60,msc_valid,34,longllmlingua,0.35,25,2.37,59.25,2.2,55.0,0.16999999999999993,4.25
qwen25_15b,60,msc_valid,34,recency,0.35,25,2.26,56.5,2.2,55.0,0.05999999999999961,1.5
qwen25_15b,60,msc_valid,34,lexical_tfidf,0.35,25,2.22,55.5,2.2,55.0,0.020000000000000018,0.5
qwen25_15b,60,msc_valid,34,recency_keep_compress_drop,0.35,25,2.4,60.0,2.2,55.0,0.19999999999999973,5.0
qwen25_15b,60,msc_valid,34,uniform,0.5,25,2.23,55.75,2.2,55.0,0.029999999999999805,0.75
qwen25_15b,60,msc_valid,34,longllmlingua,0.5,25,2.32,58.0,2.2,55.0,0.11999999999999966,3.0
qwen25_15b,60,msc_valid,34,recency,0.5,25,2.26,56.5,2.2,55.0,0.05999999999999961,1.5
qwen25_15b,60,msc_valid,34,lexical_tfidf,0.5,25,2.23,55.75,2.2,55.0,0.029999999999999805,0.75
qwen25_15b,60,msc_valid,34,recency_keep_compress_drop,0.5,25,2.29,57.25,2.2,55.0,0.08999999999999986,2.25
qwen25_15b,60,msc_valid,38,uniform,0.2,39,2.6025641025641026,101.5,1.5416666666666667,27.75,1.060897435897436,73.75
qwen25_15b,60,msc_valid,38,longllmlingua,0.2,39,2.5128205128205128,98.0,1.5416666666666667,27.75,0.971153846153846,70.25
qwen25_15b,60,msc_valid,38,recency,0.2,39,2.6153846153846154,102.0,1.5416666666666667,27.75,1.0737179487179487,74.25
qwen25_15b,60,msc_valid,38,lexical_tfidf,0.2,39,2.6153846153846154,102.0,1.5416666666666667,27.75,1.0737179487179487,74.25
qwen25_15b,60,msc_valid,38,recency_keep_compress_drop,0.2,39,2.551282051282051,99.5,1.5416666666666667,27.75,1.0096153846153844,71.75
qwen25_15b,60,msc_valid,38,uniform,0.35,39,2.6025641025641026,101.5,1.5416666666666667,27.75,1.060897435897436,73.75
qwen25_15b,60,msc_valid,38,longllmlingua,0.35,39,2.551282051282051,99.5,1.5416666666666667,27.75,1.0096153846153844,71.75
qwen25_15b,60,msc_valid,38,recency,0.35,39,2.6025641025641026,101.5,1.5416666666666667,27.75,1.060897435897436,73.75
qwen25_15b,60,msc_valid,38,lexical_tfidf,0.35,39,2.6025641025641026,101.5,1.5416666666666667,27.75,1.060897435897436,73.75
qwen25_15b,60,msc_valid,38,recency_keep_compress_drop,0.35,39,2.4743589743589745,96.5,1.5416666666666667,27.75,0.9326923076923077,68.75
qwen25_15b,60,msc_valid,38,uniform,0.5,39,2.551282051282051,99.5,1.5416666666666667,27.75,1.0096153846153844,71.75
qwen25_15b,60,msc_valid,38,longllmlingua,0.5,39,2.6025641025641026,101.5,1.5416666666666667,27.75,1.060897435897436,73.75
qwen25_15b,60,msc_valid,38,recency,0.5,39,2.576923076923077,100.5,1.5416666666666667,27.75,1.0352564102564104,72.75
qwen25_15b,60,msc_valid,38,lexical_tfidf,0.5,39,2.58974358974359,101.0,1.5416666666666667,27.75,1.0480769230769231,73.25
qwen25_15b,60,msc_valid,38,recency_keep_compress_drop,0.5,39,2.4615384615384617,96.0,1.5416666666666667,27.75,0.9198717948717949,68.25
qwen25_15b,60,msc_valid,42,uniform,0.2,30,2.283333333333333,68.5,0.0,0.0,2.283333333333333,68.5
qwen25_15b,60,msc_valid,42,longllmlingua,0.2,30,2.3333333333333335,70.0,0.0,0.0,2.3333333333333335,70.0
qwen25_15b,60,msc_valid,42,recency,0.2,30,2.3666666666666667,71.0,0.0,0.0,2.3666666666666667,71.0
qwen25_15b,60,msc_valid,42,lexical_tfidf,0.2,30,2.4166666666666665,72.5,0.0,0.0,2.4166666666666665,72.5
qwen25_15b,60,msc_valid,42,recency_keep_compress_drop,0.2,30,2.3333333333333335,70.0,0.0,0.0,2.3333333333333335,70.0
qwen25_15b,60,msc_valid,42,uniform,0.35,30,2.283333333333333,68.5,0.0,0.0,2.283333333333333,68.5
qwen25_15b,60,msc_valid,42,longllmlingua,0.35,30,2.25,67.5,0.0,0.0,2.25,67.5
qwen25_15b,60,msc_valid,42,recency,0.35,30,2.4,72.0,0.0,0.0,2.4,72.0
qwen25_15b,60,msc_valid,42,lexical_tfidf,0.35,30,2.2666666666666666,68.0,0.0,0.0,2.2666666666666666,68.0
qwen25_15b,60,msc_valid,42,recency_keep_compress_drop,0.35,30,2.15,64.5,0.0,0.0,2.15,64.5
qwen25_15b,60,msc_valid,42,uniform,0.5,30,2.216666666666667,66.5,0.0,0.0,2.216666666666667,66.5
qwen25_15b,60,msc_valid,42,longllmlingua,0.5,30,2.25,67.5,0.0,0.0,2.25,67.5
qwen25_15b,60,msc_valid,42,recency,0.5,30,2.3,69.0,0.0,0.0,2.3,69.0
qwen25_15b,60,msc_valid,42,lexical_tfidf,0.5,30,2.2333333333333334,67.0,0.0,0.0,2.2333333333333334,67.0
qwen25_15b,60,msc_valid,42,recency_keep_compress_drop,0.5,30,2.183333333333333,65.5,0.0,0.0,2.183333333333333,65.5
qwen25_15b,60,msc_valid,46,uniform,0.2,17,1.3529411764705883,23.0,0.0,0.0,1.3529411764705883,23.0
qwen25_15b,60,msc_valid,46,longllmlingua,0.2,17,1.8014705882352942,30.625,0.0,0.0,1.8014705882352942,30.625
qwen25_15b,60,msc_valid,46,recency,0.2,17,1.3308823529411764,22.625,0.0,0.0,1.3308823529411764,22.625
qwen25_15b,60,msc_valid,46,lexical_tfidf,0.2,17,1.3897058823529411,23.625,0.0,0.0,1.3897058823529411,23.625
qwen25_15b,60,msc_valid,46,recency_keep_compress_drop,0.2,17,1.3455882352941178,22.875,0.0,0.0,1.3455882352941178,22.875
qwen25_15b,60,msc_valid,46,uniform,0.35,17,1.3161764705882353,22.375,0.0,0.0,1.3161764705882353,22.375
qwen25_15b,60,msc_valid,46,longllmlingua,0.35,17,1.6985294117647058,28.875,0.0,0.0,1.6985294117647058,28.875
qwen25_15b,60,msc_valid,46,recency,0.35,17,1.2794117647058822,21.75,0.0,0.0,1.2794117647058822,21.75
qwen25_15b,60,msc_valid,46,lexical_tfidf,0.35,17,1.2573529411764706,21.375,0.0,0.0,1.2573529411764706,21.375
qwen25_15b,60,msc_valid,46,recency_keep_compress_drop,0.35,17,1.2941176470588236,22.0,0.0,0.0,1.2941176470588236,22.0
qwen25_15b,60,msc_valid,46,uniform,0.5,17,1.3823529411764706,23.5,0.0,0.0,1.3823529411764706,23.5
qwen25_15b,60,msc_valid,46,longllmlingua,0.5,17,1.713235294117647,29.125,0.0,0.0,1.713235294117647,29.125
qwen25_15b,60,msc_valid,46,recency,0.5,17,1.1985294117647058,20.375,0.0,0.0,1.1985294117647058,20.375
qwen25_15b,60,msc_valid,46,lexical_tfidf,0.5,17,1.213235294117647,20.625,0.0,0.0,1.213235294117647,20.625
qwen25_15b,60,msc_valid,46,recency_keep_compress_drop,0.5,17,1.2426470588235294,21.125,0.0,0.0,1.2426470588235294,21.125
qwen25_15b,60,msc_valid,50,uniform,0.2,23,2.0543478260869565,47.25,0.0,0.0,2.0543478260869565,47.25
qwen25_15b,60,msc_valid,50,longllmlingua,0.2,23,2.0,46.0,0.0,0.0,2.0,46.0
qwen25_15b,60,msc_valid,50,recency,0.2,23,2.0217391304347827,46.5,0.0,0.0,2.0217391304347827,46.5
qwen25_15b,60,msc_valid,50,lexical_tfidf,0.2,23,2.032608695652174,46.75,0.0,0.0,2.032608695652174,46.75
qwen25_15b,60,msc_valid,50,recency_keep_compress_drop,0.2,23,2.0760869565217392,47.75,0.0,0.0,2.0760869565217392,47.75
qwen25_15b,60,msc_valid,50,uniform,0.35,23,2.152173913043478,49.5,0.0,0.0,2.152173913043478,49.5
qwen25_15b,60,msc_valid,50,longllmlingua,0.35,23,1.9782608695652173,45.5,0.0,0.0,1.9782608695652173,45.5
qwen25_15b,60,msc_valid,50,recency,0.35,23,2.032608695652174,46.75,0.0,0.0,2.032608695652174,46.75
qwen25_15b,60,msc_valid,50,lexical_tfidf,0.35,23,2.010869565217391,46.25,0.0,0.0,2.010869565217391,46.25
qwen25_15b,60,msc_valid,50,recency_keep_compress_drop,0.35,23,2.032608695652174,46.75,0.0,0.0,2.032608695652174,46.75
qwen25_15b,60,msc_valid,50,uniform,0.5,23,2.010869565217391,46.25,0.0,0.0,2.010869565217391,46.25
qwen25_15b,60,msc_valid,50,longllmlingua,0.5,23,1.9782608695652173,45.5,0.0,0.0,1.9782608695652173,45.5
qwen25_15b,60,msc_valid,50,recency,0.5,23,2.0217391304347827,46.5,0.0,0.0,2.0217391304347827,46.5
qwen25_15b,60,msc_valid,50,lexical_tfidf,0.5,23,2.0217391304347827,46.5,0.0,0.0,2.0217391304347827,46.5
qwen25_15b,60,msc_valid,50,recency_keep_compress_drop,0.5,23,2.032608695652174,46.75,0.0,0.0,2.032608695652174,46.75
qwen25_15b,60,msc_valid,54,uniform,0.2,34,2.9705882352941178,101.0,0.0,0.0,2.9705882352941178,101.0
qwen25_15b,60,msc_valid,54,longllmlingua,0.2,34,3.0441176470588234,103.5,0.0,0.0,3.0441176470588234,103.5
qwen25_15b,60,msc_valid,54,recency,0.2,34,2.661764705882353,90.5,0.0,0.0,2.661764705882353,90.5
qwen25_15b,60,msc_valid,54,lexical_tfidf,0.2,34,2.75,93.5,0.0,0.0,2.75,93.5
qwen25_15b,60,msc_valid,54,recency_keep_compress_drop,0.2,34,2.661764705882353,90.5,0.0,0.0,2.661764705882353,90.5
qwen25_15b,60,msc_valid,54,uniform,0.35,34,2.6911764705882355,91.5,0.0,0.0,2.6911764705882355,91.5
qwen25_15b,60,msc_valid,54,longllmlingua,0.35,34,2.9558823529411766,100.5,0.0,0.0,2.9558823529411766,100.5
qwen25_15b,60,msc_valid,54,recency,0.35,34,2.6911764705882355,91.5,0.0,0.0,2.6911764705882355,91.5
qwen25_15b,60,msc_valid,54,lexical_tfidf,0.35,34,2.764705882352941,94.0,0.0,0.0,2.764705882352941,94.0
qwen25_15b,60,msc_valid,54,recency_keep_compress_drop,0.35,34,2.7058823529411766,92.0,0.0,0.0,2.7058823529411766,92.0
qwen25_15b,60,msc_valid,54,uniform,0.5,34,2.735294117647059,93.0,0.0,0.0,2.735294117647059,93.0
qwen25_15b,60,msc_valid,54,longllmlingua,0.5,34,2.926470588235294,99.5,0.0,0.0,2.926470588235294,99.5
qwen25_15b,60,msc_valid,54,recency,0.5,12,3.375,40.5,0.0,0.0,3.375,40.5
qwen25_15b,60,msc_valid,54,lexical_tfidf,0.5,25,3.02,75.5,0.0,0.0,3.02,75.5
qwen25_15b,60,msc_valid,54,recency_keep_compress_drop,0.5,0,0.0,0.0,0.0,0.0,0.0,0.0
qwen25_15b,60,msc_valid,58,uniform,0.2,38,2.3421052631578947,89.0,0.0,0.0,2.3421052631578947,89.0
qwen25_15b,60,msc_valid,58,longllmlingua,0.2,38,2.3815789473684212,90.5,0.0,0.0,2.3815789473684212,90.5
qwen25_15b,60,msc_valid,58,recency,0.2,38,2.0657894736842106,78.5,0.0,0.0,2.0657894736842106,78.5
qwen25_15b,60,msc_valid,58,lexical_tfidf,0.2,38,2.0657894736842106,78.5,0.0,0.0,2.0657894736842106,78.5
qwen25_15b,60,msc_valid,58,recency_keep_compress_drop,0.2,38,2.013157894736842,76.5,0.0,0.0,2.013157894736842,76.5
qwen25_15b,60,msc_valid,58,uniform,0.35,38,2.3289473684210527,88.5,0.0,0.0,2.3289473684210527,88.5
qwen25_15b,60,msc_valid,58,longllmlingua,0.35,38,2.3157894736842106,88.0,0.0,0.0,2.3157894736842106,88.0
qwen25_15b,60,msc_valid,58,recency,0.35,0,0.0,0.0,0.0,0.0,0.0,0.0
qwen25_15b,60,msc_valid,58,lexical_tfidf,0.35,0,0.0,0.0,0.0,0.0,0.0,0.0
qwen25_15b,60,msc_valid,58,recency_keep_compress_drop,0.35,0,0.0,0.0,0.0,0.0,0.0,0.0
qwen25_15b,60,msc_valid,58,uniform,0.5,38,2.223684210526316,84.5,0.0,0.0,2.223684210526316,84.5
qwen25_15b,60,msc_valid,58,longllmlingua,0.5,38,2.223684210526316,84.5,0.0,0.0,2.223684210526316,84.5
qwen25_15b,60,msc_valid,58,recency,0.5,0,0.0,0.0,0.0,0.0,0.0,0.0
qwen25_15b,60,msc_valid,58,lexical_tfidf,0.5,0,0.0,0.0,0.0,0.0,0.0,0.0
qwen25_15b,60,msc_valid,58,recency_keep_compress_drop,0.5,0,0.0,0.0,0.0,0.0,0.0,0.0
qwen25_15b,60,msc_valid,62,uniform,0.2,26,3.25,84.5,0.0,0.0,3.25,84.5
qwen25_15b,60,msc_valid,62,longllmlingua,0.2,26,3.3461538461538463,87.0,0.0,0.0,3.3461538461538463,87.0
qwen25_15b,60,msc_valid,62,recency,0.2,13,3.25,42.25,0.0,0.0,3.25,42.25
qwen25_15b,60,msc_valid,62,lexical_tfidf,0.2,26,3.326923076923077,86.5,0.0,0.0,3.326923076923077,86.5
qwen25_15b,60,msc_valid,62,recency_keep_compress_drop,0.2,5,4.0,20.0,0.0,0.0,4.0,20.0
qwen25_15b,60,msc_valid,62,uniform,0.35,26,3.25,84.5,0.0,0.0,3.25,84.5
qwen25_15b,60,msc_valid,62,longllmlingua,0.35,26,3.3653846153846154,87.5,0.0,0.0,3.3653846153846154,87.5
qwen25_15b,60,msc_valid,62,recency,0.35,0,0.0,0.0,0.0,0.0,0.0,0.0
qwen25_15b,60,msc_valid,62,lexical_tfidf,0.35,0,0.0,0.0,0.0,0.0,0.0,0.0
qwen25_15b,60,msc_valid,62,recency_keep_compress_drop,0.35,0,0.0,0.0,0.0,0.0,0.0,0.0
qwen25_15b,60,msc_valid,62,uniform,0.5,26,3.269230769230769,85.0,0.0,0.0,3.269230769230769,85.0
qwen25_15b,60,msc_valid,62,longllmlingua,0.5,26,3.269230769230769,85.0,0.0,0.0,3.269230769230769,85.0
qwen25_15b,60,msc_valid,62,recency,0.5,0,0.0,0.0,0.0,0.0,0.0,0.0
qwen25_15b,60,msc_valid,62,lexical_tfidf,0.5,0,0.0,0.0,0.0,0.0,0.0,0.0
qwen25_15b,60,msc_valid,62,recency_keep_compress_drop,0.5,0,0.0,0.0,0.0,0.0,0.0,0.0
qwen25_15b,70,msc_valid,4,uniform,0.2,16,3.53125,56.5,3.3125,53.0,0.21875,3.5
qwen25_15b,70,msc_valid,4,longllmlingua,0.2,16,3.109375,49.75,3.3125,53.0,-0.203125,-3.25
qwen25_15b,70,msc_valid,4,recency,0.2,16,3.53125,56.5,3.3125,53.0,0.21875,3.5
qwen25_15b,70,msc_valid,4,lexical_tfidf,0.2,16,3.53125,56.5,3.3125,53.0,0.21875,3.5
qwen25_15b,70,msc_valid,4,recency_keep_compress_drop,0.2,16,3.53125,56.5,3.3125,53.0,0.21875,3.5
qwen25_15b,70,msc_valid,4,uniform,0.35,16,3.453125,55.25,3.3125,53.0,0.140625,2.25
qwen25_15b,70,msc_valid,4,longllmlingua,0.35,16,3.125,50.0,3.3125,53.0,-0.1875,-3.0
qwen25_15b,70,msc_valid,4,recency,0.35,16,3.453125,55.25,3.3125,53.0,0.140625,2.25
qwen25_15b,70,msc_valid,4,lexical_tfidf,0.35,16,3.453125,55.25,3.3125,53.0,0.140625,2.25
qwen25_15b,70,msc_valid,4,recency_keep_compress_drop,0.35,16,3.453125,55.25,3.3125,53.0,0.140625,2.25
qwen25_15b,70,msc_valid,4,uniform,0.5,16,3.453125,55.25,3.3125,53.0,0.140625,2.25
qwen25_15b,70,msc_valid,4,longllmlingua,0.5,16,3.03125,48.5,3.3125,53.0,-0.28125,-4.5
qwen25_15b,70,msc_valid,4,recency,0.5,16,3.453125,55.25,3.3125,53.0,0.140625,2.25
qwen25_15b,70,msc_valid,4,lexical_tfidf,0.5,16,3.453125,55.25,3.3125,53.0,0.140625,2.25
qwen25_15b,70,msc_valid,4,recency_keep_compress_drop,0.5,16,3.453125,55.25,3.3125,53.0,0.140625,2.25
qwen25_15b,70,msc_valid,8,uniform,0.2,7,6.607142857142857,46.25,6.428571428571429,45.0,0.17857142857142794,1.25
qwen25_15b,70,msc_valid,8,longllmlingua,0.2,7,6.25,43.75,6.428571428571429,45.0,-0.17857142857142883,-1.25
qwen25_15b,70,msc_valid,8,recency,0.2,7,6.821428571428571,47.75,6.428571428571429,45.0,0.39285714285714235,2.75
qwen25_15b,70,msc_valid,8,lexical_tfidf,0.2,7,6.392857142857143,44.75,6.428571428571429,45.0,-0.03571428571428559,-0.25
qwen25_15b,70,msc_valid,8,recency_keep_compress_drop,0.2,7,6.821428571428571,47.75,6.428571428571429,45.0,0.39285714285714235,2.75
qwen25_15b,70,msc_valid,8,uniform,0.35,7,6.535714285714286,45.75,6.428571428571429,45.0,0.10714285714285676,0.75
qwen25_15b,70,msc_valid,8,longllmlingua,0.35,7,5.571428571428571,39.0,6.428571428571429,45.0,-0.8571428571428577,-6.0
qwen25_15b,70,msc_valid,8,recency,0.35,7,6.892857142857143,48.25,6.428571428571429,45.0,0.4642857142857144,3.25
qwen25_15b,70,msc_valid,8,lexical_tfidf,0.35,7,6.178571428571429,43.25,6.428571428571429,45.0,-0.25,-1.75
qwen25_15b,70,msc_valid,8,recency_keep_compress_drop,0.35,7,6.678571428571429,46.75,6.428571428571429,45.0,0.25,1.75
qwen25_15b,70,msc_valid,8,uniform,0.5,7,6.535714285714286,45.75,6.428571428571429,45.0,0.10714285714285676,0.75
qwen25_15b,70,msc_valid,8,longllmlingua,0.5,7,5.392857142857143,37.75,6.428571428571429,45.0,-1.0357142857142856,-7.25
qwen25_15b,70,msc_valid,8,recency,0.5,7,6.5,45.5,6.428571428571429,45.0,0.07142857142857117,0.5
qwen25_15b,70,msc_valid,8,lexical_tfidf,0.5,7,6.428571428571429,45.0,6.428571428571429,45.0,0.0,0.0
qwen25_15b,70,msc_valid,8,recency_keep_compress_drop,0.5,7,6.464285714285714,45.25,6.428571428571429,45.0,0.03571428571428559,0.25
qwen25_15b,70,msc_valid,12,uniform,0.2,16,4.125,66.0,3.15625,50.5,0.96875,15.5
qwen25_15b,70,msc_valid,12,longllmlingua,0.2,16,3.265625,52.25,3.15625,50.5,0.109375,1.75
qwen25_15b,70,msc_valid,12,recency,0.2,16,3.890625,62.25,3.15625,50.5,0.734375,11.75
qwen25_15b,70,msc_valid,12,lexical_tfidf,0.2,16,3.921875,62.75,3.15625,50.5,0.765625,12.25
qwen25_15b,70,msc_valid,12,recency_keep_compress_drop,0.2,16,3.828125,61.25,3.15625,50.5,0.671875,10.75
qwen25_15b,70,msc_valid,12,uniform,0.35,16,4.0,64.0,3.15625,50.5,0.84375,13.5
qwen25_15b,70,msc_valid,12,longllmlingua,0.35,16,3.078125,49.25,3.15625,50.5,-0.078125,-1.25
qwen25_15b,70,msc_valid,12,recency,0.35,16,3.703125,59.25,3.15625,50.5,0.546875,8.75
qwen25_15b,70,msc_valid,12,lexical_tfidf,0.35,16,3.59375,57.5,3.15625,50.5,0.4375,7.0
qwen25_15b,70,msc_valid,12,recency_keep_compress_drop,0.35,16,3.375,54.0,3.15625,50.5,0.21875,3.5
qwen25_15b,70,msc_valid,12,uniform,0.5,16,3.703125,59.25,3.15625,50.5,0.546875,8.75
qwen25_15b,70,msc_valid,12,longllmlingua,0.5,16,2.90625,46.5,3.15625,50.5,-0.25,-4.0
qwen25_15b,70,msc_valid,12,recency,0.5,16,3.296875,52.75,3.15625,50.5,0.140625,2.25
qwen25_15b,70,msc_valid,12,lexical_tfidf,0.5,16,3.390625,54.25,3.15625,50.5,0.234375,3.75
qwen25_15b,70,msc_valid,12,recency_keep_compress_drop,0.5,16,3.1875,51.0,3.15625,50.5,0.03125,0.5
qwen25_15b,70,msc_valid,16,uniform,0.2,31,2.3870967741935485,74.0,2.0,62.0,0.3870967741935485,12.0
qwen25_15b,70,msc_valid,16,longllmlingua,0.2,31,2.056451612903226,63.75,2.0,62.0,0.05645161290322598,1.75
qwen25_15b,70,msc_valid,16,recency,0.2,31,2.2903225806451615,71.0,2.0,62.0,0.2903225806451615,9.0
qwen25_15b,70,msc_valid,16,lexical_tfidf,0.2,31,2.2419354838709675,69.5,2.0,62.0,0.24193548387096753,7.5
qwen25_15b,70,msc_valid,16,recency_keep_compress_drop,0.2,31,2.2903225806451615,71.0,2.0,62.0,0.2903225806451615,9.0
qwen25_15b,70,msc_valid,16,uniform,0.35,31,2.0403225806451615,63.25,2.0,62.0,0.04032258064516148,1.25
qwen25_15b,70,msc_valid,16,longllmlingua,0.35,31,2.0483870967741935,63.5,2.0,62.0,0.048387096774193505,1.5
qwen25_15b,70,msc_valid,16,recency,0.35,31,2.1774193548387095,67.5,2.0,62.0,0.17741935483870952,5.5
qwen25_15b,70,msc_valid,16,lexical_tfidf,0.35,31,2.338709677419355,72.5,2.0,62.0,0.338709677419355,10.5
qwen25_15b,70,msc_valid,16,recency_keep_compress_drop,0.35,31,2.161290322580645,67.0,2.0,62.0,0.16129032258064502,5.0
qwen25_15b,70,msc_valid,16,uniform,0.5,31,1.9112903225806452,59.25,2.0,62.0,-0.08870967741935476,-2.75
qwen25_15b,70,msc_valid,16,longllmlingua,0.5,31,2.096774193548387,65.0,2.0,62.0,0.09677419354838701,3.0
qwen25_15b,70,msc_valid,16,recency,0.5,31,2.1774193548387095,67.5,2.0,62.0,0.17741935483870952,5.5
qwen25_15b,70,msc_valid,16,lexical_tfidf,0.5,31,2.1774193548387095,67.5,2.0,62.0,0.17741935483870952,5.5
qwen25_15b,70,msc_valid,16,recency_keep_compress_drop,0.5,31,2.1129032258064515,65.5,2.0,62.0,0.11290322580645151,3.5
qwen25_15b,70,msc_valid,20,uniform,0.2,49,2.2653061224489797,111.0,2.2755102040816326,111.5,-0.010204081632652962,-0.5
qwen25_15b,70,msc_valid,20,longllmlingua,0.2,49,2.2142857142857144,108.5,2.2755102040816326,111.5,-0.06122448979591821,-3.0
qwen25_15b,70,msc_valid,20,recency,0.2,49,2.2653061224489797,111.0,2.2755102040816326,111.5,-0.010204081632652962,-0.5
qwen25_15b,70,msc_valid,20,lexical_tfidf,0.2,49,2.2857142857142856,112.0,2.2755102040816326,111.5,0.010204081632652962,0.5
qwen25_15b,70,msc_valid,20,recency_keep_compress_drop,0.2,49,2.2346938775510203,109.5,2.2755102040816326,111.5,-0.04081632653061229,-2.0
qwen25_15b,70,msc_valid,20,uniform,0.35,49,2.2653061224489797,111.0,2.2755102040816326,111.5,-0.010204081632652962,-0.5
qwen25_15b,70,msc_valid,20,longllmlingua,0.35,49,2.193877551020408,107.5,2.2755102040816326,111.5,-0.08163265306122458,-4.0
qwen25_15b,70,msc_valid,20,recency,0.35,49,2.2551020408163267,110.5,2.2755102040816326,111.5,-0.020408163265305923,-1.0
qwen25_15b,70,msc_valid,20,lexical_tfidf,0.35,49,2.2857142857142856,112.0,2.2755102040816326,111.5,0.010204081632652962,0.5
qwen25_15b,70,msc_valid,20,recency_keep_compress_drop,0.35,49,2.2448979591836733,110.0,2.2755102040816326,111.5,-0.03061224489795933,-1.5
qwen25_15b,70,msc_valid,20,uniform,0.5,49,2.2551020408163267,110.5,2.2755102040816326,111.5,-0.020408163265305923,-1.0
qwen25_15b,70,msc_valid,20,longllmlingua,0.5,49,2.183673469387755,107.0,2.2755102040816326,111.5,-0.09183673469387754,-4.5
qwen25_15b,70,msc_valid,20,recency,0.5,49,2.2755102040816326,111.5,2.2755102040816326,111.5,0.0,0.0
qwen25_15b,70,msc_valid,20,lexical_tfidf,0.5,49,2.2653061224489797,111.0,2.2755102040816326,111.5,-0.010204081632652962,-0.5
qwen25_15b,70,msc_valid,20,recency_keep_compress_drop,0.5,49,2.2551020408163267,110.5,2.2755102040816326,111.5,-0.020408163265305923,-1.0
qwen25_15b,70,msc_valid,24,uniform,0.2,56,3.0892857142857144,173.0,2.892857142857143,162.0,0.19642857142857162,11.0
qwen25_15b,70,msc_valid,24,longllmlingua,0.2,56,3.125,175.0,2.892857142857143,162.0,0.2321428571428572,13.0
qwen25_15b,70,msc_valid,24,recency,0.2,56,3.0357142857142856,170.0,2.892857142857143,162.0,0.1428571428571428,8.0
qwen25_15b,70,msc_valid,24,lexical_tfidf,0.2,56,3.0535714285714284,171.0,2.892857142857143,162.0,0.1607142857142856,9.0
qwen25_15b,70,msc_valid,24,recency_keep_compress_drop,0.2,56,3.0,168.0,2.892857142857143,162.0,0.1071428571428572,6.0
qwen25_15b,70,msc_valid,24,uniform,0.35,56,3.017857142857143,169.0,2.892857142857143,162.0,0.125,7.0
qwen25_15b,70,msc_valid,24,longllmlingua,0.35,56,3.107142857142857,174.0,2.892857142857143,162.0,0.2142857142857144,12.0
qwen25_15b,70,msc_valid,24,recency,0.35,56,2.9285714285714284,164.0,2.892857142857143,162.0,0.03571428571428559,2.0
qwen25_15b,70,msc_valid,24,lexical_tfidf,0.35,56,3.0357142857142856,170.0,2.892857142857143,162.0,0.1428571428571428,8.0
qwen25_15b,70,msc_valid,24,recency_keep_compress_drop,0.35,56,2.9285714285714284,164.0,2.892857142857143,162.0,0.03571428571428559,2.0
qwen25_15b,70,msc_valid,24,uniform,0.5,56,2.982142857142857,167.0,2.892857142857143,162.0,0.08928571428571441,5.0
qwen25_15b,70,msc_valid,24,longllmlingua,0.5,56,3.0892857142857144,173.0,2.892857142857143,162.0,0.19642857142857162,11.0
qwen25_15b,70,msc_valid,24,recency,0.5,56,2.875,161.0,2.892857142857143,162.0,-0.017857142857142794,-1.0
qwen25_15b,70,msc_valid,24,lexical_tfidf,0.5,56,2.9285714285714284,164.0,2.892857142857143,162.0,0.03571428571428559,2.0
qwen25_15b,70,msc_valid,24,recency_keep_compress_drop,0.5,56,2.9285714285714284,164.0,2.892857142857143,162.0,0.03571428571428559,2.0
qwen25_15b,70,msc_valid,28,uniform,0.2,31,1.9193548387096775,59.5,1.9435483870967742,60.25,-0.024193548387096753,-0.75
qwen25_15b,70,msc_valid,28,longllmlingua,0.2,31,1.903225806451613,59.0,1.9435483870967742,60.25,-0.040322580645161255,-1.25
qwen25_15b,70,msc_valid,28,recency,0.2,31,1.9516129032258065,60.5,1.9435483870967742,60.25,0.008064516129032251,0.25
qwen25_15b,70,msc_valid,28,lexical_tfidf,0.2,31,1.8790322580645162,58.25,1.9435483870967742,60.25,-0.06451612903225801,-2.0
qwen25_15b,70,msc_valid,28,recency_keep_compress_drop,0.2,31,1.8951612903225807,58.75,1.9435483870967742,60.25,-0.048387096774193505,-1.5
qwen25_15b,70,msc_valid,28,uniform,0.35,31,1.967741935483871,61.0,1.9435483870967742,60.25,0.024193548387096753,0.75
qwen25_15b,70,msc_valid,28,longllmlingua,0.35,31,1.9274193548387097,59.75,1.9435483870967742,60.25,-0.016129032258064502,-0.5
qwen25_15b,70,msc_valid,28,recency,0.35,31,1.9919354838709677,61.75,1.9435483870967742,60.25,0.048387096774193505,1.5
qwen25_15b,70,msc_valid,28,lexical_tfidf,0.35,31,1.9274193548387097,59.75,1.9435483870967742,60.25,-0.016129032258064502,-0.5
qwen25_15b,70,msc_valid,28,recency_keep_compress_drop,0.35,31,1.9112903225806452,59.25,1.9435483870967742,60.25,-0.032258064516129004,-1.0
qwen25_15b,70,msc_valid,28,uniform,0.5,31,1.9516129032258065,60.5,1.9435483870967742,60.25,0.008064516129032251,0.25
qwen25_15b,70,msc_valid,28,longllmlingua,0.5,31,1.8629032258064515,57.75,1.9435483870967742,60.25,-0.08064516129032273,-2.5
qwen25_15b,70,msc_valid,28,recency,0.5,31,1.9758064516129032,61.25,1.9435483870967742,60.25,0.032258064516129004,1.0
qwen25_15b,70,msc_valid,28,lexical_tfidf,0.5,31,1.9274193548387097,59.75,1.9435483870967742,60.25,-0.016129032258064502,-0.5
qwen25_15b,70,msc_valid,28,recency_keep_compress_drop,0.5,31,1.9112903225806452,59.25,1.9435483870967742,60.25,-0.032258064516129004,-1.0
qwen25_15b,70,msc_valid,32,uniform,0.2,42,1.9642857142857142,82.5,0.0,0.0,1.9642857142857142,82.5
qwen25_15b,70,msc_valid,32,longllmlingua,0.2,42,1.9523809523809523,82.0,0.0,0.0,1.9523809523809523,82.0
qwen25_15b,70,msc_valid,32,recency,0.2,42,1.9880952380952381,83.5,0.0,0.0,1.9880952380952381,83.5
qwen25_15b,70,msc_valid,32,lexical_tfidf,0.2,42,1.9523809523809523,82.0,0.0,0.0,1.9523809523809523,82.0
qwen25_15b,70,msc_valid,32,recency_keep_compress_drop,0.2,42,1.9285714285714286,81.0,0.0,0.0,1.9285714285714286,81.0
qwen25_15b,70,msc_valid,32,uniform,0.35,42,1.9523809523809523,82.0,0.0,0.0,1.9523809523809523,82.0
qwen25_15b,70,msc_valid,32,longllmlingua,0.35,42,1.9761904761904763,83.0,0.0,0.0,1.9761904761904763,83.0
qwen25_15b,70,msc_valid,32,recency,0.35,42,1.880952380952381,79.0,0.0,0.0,1.880952380952381,79.0
qwen25_15b,70,msc_valid,32,lexical_tfidf,0.35,42,1.8333333333333333,77.0,0.0,0.0,1.8333333333333333,77.0
qwen25_15b,70,msc_valid,32,recency_keep_compress_drop,0.35,42,1.9285714285714286,81.0,0.0,0.0,1.9285714285714286,81.0
qwen25_15b,70,msc_valid,32,uniform,0.5,42,1.9404761904761905,81.5,0.0,0.0,1.9404761904761905,81.5
qwen25_15b,70,msc_valid,32,longllmlingua,0.5,42,1.8928571428571428,79.5,0.0,0.0,1.8928571428571428,79.5
qwen25_15b,70,msc_valid,32,recency,0.5,42,1.8452380952380953,77.5,0.0,0.0,1.8452380952380953,77.5
qwen25_15b,70,msc_valid,32,lexical_tfidf,0.5,42,1.880952380952381,79.0,0.0,0.0,1.880952380952381,79.0
qwen25_15b,70,msc_valid,32,recency_keep_compress_drop,0.5,42,1.9166666666666667,80.5,0.0,0.0,1.9166666666666667,80.5
qwen25_15b,70,msc_valid,34,uniform,0.2,29,2.3275862068965516,67.5,0.0,0.0,2.3275862068965516,67.5
qwen25_15b,70,msc_valid,34,longllmlingua,0.2,29,2.163793103448276,62.75,0.0,0.0,2.163793103448276,62.75
qwen25_15b,70,msc_valid,34,recency,0.2,29,2.1379310344827585,62.0,0.0,0.0,2.1379310344827585,62.0
qwen25_15b,70,msc_valid,34,lexical_tfidf,0.2,29,2.086206896551724,60.5,0.0,0.0,2.086206896551724,60.5
qwen25_15b,70,msc_valid,34,recency_keep_compress_drop,0.2,29,2.2241379310344827,64.5,0.0,0.0,2.2241379310344827,64.5
qwen25_15b,70,msc_valid,34,uniform,0.35,29,2.310344827586207,67.0,0.0,0.0,2.310344827586207,67.0
qwen25_15b,70,msc_valid,34,longllmlingua,0.35,29,2.206896551724138,64.0,0.0,0.0,2.206896551724138,64.0
qwen25_15b,70,msc_valid,34,recency,0.35,29,2.0948275862068964,60.75,0.0,0.0,2.0948275862068964,60.75
qwen25_15b,70,msc_valid,34,lexical_tfidf,0.35,29,2.0258620689655173,58.75,0.0,0.0,2.0258620689655173,58.75
qwen25_15b,70,msc_valid,34,recency_keep_compress_drop,0.35,29,2.163793103448276,62.75,0.0,0.0,2.163793103448276,62.75
qwen25_15b,70,msc_valid,34,uniform,0.5,29,2.2758620689655173,66.0,0.0,0.0,2.2758620689655173,66.0
qwen25_15b,70,msc_valid,34,longllmlingua,0.5,29,2.206896551724138,64.0,0.0,0.0,2.206896551724138,64.0
qwen25_15b,70,msc_valid,34,recency,0.5,29,2.0258620689655173,58.75,0.0,0.0,2.0258620689655173,58.75
qwen25_15b,70,msc_valid,34,lexical_tfidf,0.5,29,2.043103448275862,59.25,0.0,0.0,2.043103448275862,59.25
qwen25_15b,70,msc_valid,34,recency_keep_compress_drop,0.5,29,2.1810344827586206,63.25,0.0,0.0,2.1810344827586206,63.25
qwen25_15b,70,msc_valid,38,uniform,0.2,37,2.72972972972973,101.0,0.0,0.0,2.72972972972973,101.0
qwen25_15b,70,msc_valid,38,longllmlingua,0.2,37,2.7837837837837838,103.0,0.0,0.0,2.7837837837837838,103.0
qwen25_15b,70,msc_valid,38,recency,0.2,37,2.5945945945945947,96.0,0.0,0.0,2.5945945945945947,96.0
qwen25_15b,70,msc_valid,38,lexical_tfidf,0.2,37,2.6621621621621623,98.5,0.0,0.0,2.6621621621621623,98.5
qwen25_15b,70,msc_valid,38,recency_keep_compress_drop,0.2,37,2.635135135135135,97.5,0.0,0.0,2.635135135135135,97.5
qwen25_15b,70,msc_valid,38,uniform,0.35,37,2.7027027027027026,100.0,0.0,0.0,2.7027027027027026,100.0
qwen25_15b,70,msc_valid,38,longllmlingua,0.35,37,2.7837837837837838,103.0,0.0,0.0,2.7837837837837838,103.0
qwen25_15b,70,msc_valid,38,recency,0.35,37,2.5945945945945947,96.0,0.0,0.0,2.5945945945945947,96.0
qwen25_15b,70,msc_valid,38,lexical_tfidf,0.35,37,2.6486486486486487,98.0,0.0,0.0,2.6486486486486487,98.0
qwen25_15b,70,msc_valid,38,recency_keep_compress_drop,0.35,37,2.6486486486486487,98.0,0.0,0.0,2.6486486486486487,98.0
qwen25_15b,70,msc_valid,38,uniform,0.5,37,2.7027027027027026,100.0,0.0,0.0,2.7027027027027026,100.0
qwen25_15b,70,msc_valid,38,longllmlingua,0.5,37,2.824324324324324,104.5,0.0,0.0,2.824324324324324,104.5
qwen25_15b,70,msc_valid,38,recency,0.5,37,2.635135135135135,97.5,0.0,0.0,2.635135135135135,97.5
qwen25_15b,70,msc_valid,38,lexical_tfidf,0.5,37,2.635135135135135,97.5,0.0,0.0,2.635135135135135,97.5
qwen25_15b,70,msc_valid,38,recency_keep_compress_drop,0.5,37,2.675675675675676,99.0,0.0,0.0,2.675675675675676,99.0
qwen25_15b,70,msc_valid,42,uniform,0.2,23,2.8043478260869565,64.5,0.0,0.0,2.8043478260869565,64.5
qwen25_15b,70,msc_valid,42,longllmlingua,0.2,23,2.847826086956522,65.5,0.0,0.0,2.847826086956522,65.5
qwen25_15b,70,msc_valid,42,recency,0.2,23,2.652173913043478,61.0,0.0,0.0,2.652173913043478,61.0
qwen25_15b,70,msc_valid,42,lexical_tfidf,0.2,23,2.7282608695652173,62.75,0.0,0.0,2.7282608695652173,62.75
qwen25_15b,70,msc_valid,42,recency_keep_compress_drop,0.2,23,2.6739130434782608,61.5,0.0,0.0,2.6739130434782608,61.5
qwen25_15b,70,msc_valid,42,uniform,0.35,23,2.619565217391304,60.25,0.0,0.0,2.619565217391304,60.25
qwen25_15b,70,msc_valid,42,longllmlingua,0.35,23,2.9130434782608696,67.0,0.0,0.0,2.9130434782608696,67.0
qwen25_15b,70,msc_valid,42,recency,0.35,23,2.619565217391304,60.25,0.0,0.0,2.619565217391304,60.25
qwen25_15b,70,msc_valid,42,lexical_tfidf,0.35,23,2.5217391304347827,58.0,0.0,0.0,2.5217391304347827,58.0
qwen25_15b,70,msc_valid,42,recency_keep_compress_drop,0.35,23,2.6739130434782608,61.5,0.0,0.0,2.6739130434782608,61.5
qwen25_15b,70,msc_valid,42,uniform,0.5,23,2.608695652173913,60.0,0.0,0.0,2.608695652173913,60.0
qwen25_15b,70,msc_valid,42,longllmlingua,0.5,23,2.869565217391304,66.0,0.0,0.0,2.869565217391304,66.0
qwen25_15b,70,msc_valid,42,recency,0.5,23,2.597826086956522,59.75,0.0,0.0,2.597826086956522,59.75
qwen25_15b,70,msc_valid,42,lexical_tfidf,0.5,23,2.532608695652174,58.25,0.0,0.0,2.532608695652174,58.25
qwen25_15b,70,msc_valid,42,recency_keep_compress_drop,0.5,23,2.5760869565217392,59.25,0.0,0.0,2.5760869565217392,59.25
qwen25_15b,70,msc_valid,46,uniform,0.2,58,2.2758620689655173,132.0,0.0,0.0,2.2758620689655173,132.0
qwen25_15b,70,msc_valid,46,longllmlingua,0.2,58,2.3275862068965516,135.0,0.0,0.0,2.3275862068965516,135.0
qwen25_15b,70,msc_valid,46,recency,0.2,58,2.2586206896551726,131.0,0.0,0.0,2.2586206896551726,131.0
qwen25_15b,70,msc_valid,46,lexical_tfidf,0.2,58,2.2758620689655173,132.0,0.0,0.0,2.2758620689655173,132.0
qwen25_15b,70,msc_valid,46,recency_keep_compress_drop,0.2,58,2.2586206896551726,131.0,0.0,0.0,2.2586206896551726,131.0
qwen25_15b,70,msc_valid,46,uniform,0.35,58,2.2413793103448274,130.0,0.0,0.0,2.2413793103448274,130.0
qwen25_15b,70,msc_valid,46,longllmlingua,0.35,58,2.310344827586207,134.0,0.0,0.0,2.310344827586207,134.0
qwen25_15b,70,msc_valid,46,recency,0.35,57,2.2982456140350878,131.0,0.0,0.0,2.2982456140350878,131.0
qwen25_15b,70,msc_valid,46,lexical_tfidf,0.35,50,2.34,117.0,0.0,0.0,2.34,117.0
qwen25_15b,70,msc_valid,46,recency_keep_compress_drop,0.35,49,2.377551020408163,116.5,0.0,0.0,2.377551020408163,116.5
qwen25_15b,70,msc_valid,46,uniform,0.5,0,0.0,0.0,0.0,0.0,0.0,0.0
qwen25_15b,70,msc_valid,46,longllmlingua,0.5,58,2.2413793103448274,130.0,0.0,0.0,2.2413793103448274,130.0
qwen25_15b,70,msc_valid,46,recency,0.5,0,0.0,0.0,0.0,0.0,0.0,0.0
qwen25_15b,70,msc_valid,46,lexical_tfidf,0.5,0,0.0,0.0,0.0,0.0,0.0,0.0
qwen25_15b,70,msc_valid,46,recency_keep_compress_drop,0.5,0,0.0,0.0,0.0,0.0,0.0,0.0
qwen25_15b,70,msc_valid,50,uniform,0.2,22,3.1363636363636362,69.0,0.0,0.0,3.1363636363636362,69.0
qwen25_15b,70,msc_valid,50,longllmlingua,0.2,22,3.340909090909091,73.5,0.0,0.0,3.340909090909091,73.5
qwen25_15b,70,msc_valid,50,recency,0.2,22,3.1136363636363638,68.5,0.0,0.0,3.1136363636363638,68.5
qwen25_15b,70,msc_valid,50,lexical_tfidf,0.2,22,3.2045454545454546,70.5,0.0,0.0,3.2045454545454546,70.5
qwen25_15b,70,msc_valid,50,recency_keep_compress_drop,0.2,22,3.2045454545454546,70.5,0.0,0.0,3.2045454545454546,70.5
qwen25_15b,70,msc_valid,50,uniform,0.35,22,3.0454545454545454,67.0,0.0,0.0,3.0454545454545454,67.0
qwen25_15b,70,msc_valid,50,longllmlingua,0.35,22,3.3636363636363638,74.0,0.0,0.0,3.3636363636363638,74.0
qwen25_15b,70,msc_valid,50,recency,0.35,0,0.0,0.0,0.0,0.0,0.0,0.0
qwen25_15b,70,msc_valid,50,lexical_tfidf,0.35,0,0.0,0.0,0.0,0.0,0.0,0.0
qwen25_15b,70,msc_valid,50,recency_keep_compress_drop,0.35,0,0.0,0.0,0.0,0.0,0.0,0.0
qwen25_15b,70,msc_valid,50,uniform,0.5,0,0.0,0.0,0.0,0.0,0.0,0.0
qwen25_15b,70,msc_valid,50,longllmlingua,0.5,22,3.3181818181818183,73.0,0.0,0.0,3.3181818181818183,73.0
qwen25_15b,70,msc_valid,50,recency,0.5,0,0.0,0.0,0.0,0.0,0.0,0.0
qwen25_15b,70,msc_valid,50,lexical_tfidf,0.5,0,0.0,0.0,0.0,0.0,0.0,0.0
qwen25_15b,70,msc_valid,50,recency_keep_compress_drop,0.5,0,0.0,0.0,0.0,0.0,0.0,0.0
qwen25_15b,70,msc_valid,54,uniform,0.2,28,3.0357142857142856,85.0,0.0,0.0,3.0357142857142856,85.0
qwen25_15b,70,msc_valid,54,longllmlingua,0.2,28,3.25,91.0,0.0,0.0,3.25,91.0
qwen25_15b,70,msc_valid,54,recency,0.2,0,0.0,0.0,0.0,0.0,0.0,0.0
qwen25_15b,70,msc_valid,54,lexical_tfidf,0.2,0,0.0,0.0,0.0,0.0,0.0,0.0
qwen25_15b,70,msc_valid,54,recency_keep_compress_drop,0.2,0,0.0,0.0,0.0,0.0,0.0,0.0
qwen25_15b,70,msc_valid,54,uniform,0.35,28,2.875,80.5,0.0,0.0,2.875,80.5
qwen25_15b,70,msc_valid,54,longllmlingua,0.35,28,3.2142857142857144,90.0,0.0,0.0,3.2142857142857144,90.0
qwen25_15b,70,msc_valid,54,recency,0.35,0,0.0,0.0,0.0,0.0,0.0,0.0
qwen25_15b,70,msc_valid,54,lexical_tfidf,0.35,0,0.0,0.0,0.0,0.0,0.0,0.0
qwen25_15b,70,msc_valid,54,recency_keep_compress_drop,0.35,0,0.0,0.0,0.0,0.0,0.0,0.0
qwen25_15b,70,msc_valid,54,uniform,0.5,0,0.0,0.0,0.0,0.0,0.0,0.0
qwen25_15b,70,msc_valid,54,longllmlingua,0.5,28,3.125,87.5,0.0,0.0,3.125,87.5
qwen25_15b,70,msc_valid,54,recency,0.5,0,0.0,0.0,0.0,0.0,0.0,0.0
qwen25_15b,70,msc_valid,54,lexical_tfidf,0.5,0,0.0,0.0,0.0,0.0,0.0,0.0
qwen25_15b,70,msc_valid,54,recency_keep_compress_drop,0.5,0,0.0,0.0,0.0,0.0,0.0,0.0
qwen25_15b,70,msc_valid,58,uniform,0.2,55,2.4727272727272727,136.0,0.0,0.0,2.4727272727272727,136.0
qwen25_15b,70,msc_valid,58,longllmlingua,0.2,55,2.5454545454545454,140.0,0.0,0.0,2.5454545454545454,140.0
qwen25_15b,70,msc_valid,58,recency,0.2,0,0.0,0.0,0.0,0.0,0.0,0.0
qwen25_15b,70,msc_valid,58,lexical_tfidf,0.2,0,0.0,0.0,0.0,0.0,0.0,0.0
qwen25_15b,70,msc_valid,58,recency_keep_compress_drop,0.2,0,0.0,0.0,0.0,0.0,0.0,0.0
qwen25_15b,70,msc_valid,58,uniform,0.35,55,2.4,132.0,0.0,0.0,2.4,132.0
qwen25_15b,70,msc_valid,58,longllmlingua,0.35,55,2.6363636363636362,145.0,0.0,0.0,2.6363636363636362,145.0
qwen25_15b,70,msc_valid,58,recency,0.35,0,0.0,0.0,0.0,0.0,0.0,0.0
qwen25_15b,70,msc_valid,58,lexical_tfidf,0.35,0,0.0,0.0,0.0,0.0,0.0,0.0
qwen25_15b,70,msc_valid,58,recency_keep_compress_drop,0.35,0,0.0,0.0,0.0,0.0,0.0,0.0
qwen25_15b,70,msc_valid,58,uniform,0.5,0,0.0,0.0,0.0,0.0,0.0,0.0
qwen25_15b,70,msc_valid,58,longllmlingua,0.5,55,2.6,143.0,0.0,0.0,2.6,143.0
qwen25_15b,70,msc_valid,58,recency,0.5,0,0.0,0.0,0.0,0.0,0.0,0.0
qwen25_15b,70,msc_valid,58,lexical_tfidf,0.5,0,0.0,0.0,0.0,0.0,0.0,0.0
qwen25_15b,70,msc_valid,58,recency_keep_compress_drop,0.5,0,0.0,0.0,0.0,0.0,0.0,0.0
qwen25_15b,70,msc_valid,62,uniform,0.2,42,2.761904761904762,116.0,0.0,0.0,2.761904761904762,116.0
qwen25_15b,70,msc_valid,62,longllmlingua,0.2,42,2.630952380952381,110.5,0.0,0.0,2.630952380952381,110.5
qwen25_15b,70,msc_valid,62,recency,0.2,0,0.0,0.0,0.0,0.0,0.0,0.0
qwen25_15b,70,msc_valid,62,lexical_tfidf,0.2,0,0.0,0.0,0.0,0.0,0.0,0.0
qwen25_15b,70,msc_valid,62,recency_keep_compress_drop,0.2,0,0.0,0.0,0.0,0.0,0.0,0.0
qwen25_15b,70,msc_valid,62,uniform,0.35,0,0.0,0.0,0.0,0.0,0.0,0.0
qwen25_15b,70,msc_valid,62,longllmlingua,0.35,42,2.607142857142857,109.5,0.0,0.0,2.607142857142857,109.5
qwen25_15b,70,msc_valid,62,recency,0.35,0,0.0,0.0,0.0,0.0,0.0,0.0
qwen25_15b,70,msc_valid,62,lexical_tfidf,0.35,0,0.0,0.0,0.0,0.0,0.0,0.0
qwen25_15b,70,msc_valid,62,recency_keep_compress_drop,0.35,0,0.0,0.0,0.0,0.0,0.0,0.0
qwen25_15b,70,msc_valid,62,uniform,0.5,0,0.0,0.0,0.0,0.0,0.0,0.0
qwen25_15b,70,msc_valid,62,longllmlingua,0.5,42,2.5833333333333335,108.5,0.0,0.0,2.5833333333333335,108.5
qwen25_15b,70,msc_valid,62,recency,0.5,0,0.0,0.0,0.0,0.0,0.0,0.0
qwen25_15b,70,msc_valid,62,lexical_tfidf,0.5,0,0.0,0.0,0.0,0.0,0.0,0.0
qwen25_15b,70,msc_valid,62,recency_keep_compress_drop,0.5,0,0.0,0.0,0.0,0.0,0.0,0.0
qwen25_15b,87,msc_valid,4,uniform,0.2,18,4.083333333333333,73.5,3.5555555555555554,64.0,0.5277777777777777,9.5
qwen25_15b,87,msc_valid,4,longllmlingua,0.2,18,3.513888888888889,63.25,3.5555555555555554,64.0,-0.04166666666666652,-0.75
qwen25_15b,87,msc_valid,4,recency,0.2,18,4.083333333333333,73.5,3.5555555555555554,64.0,0.5277777777777777,9.5
qwen25_15b,87,msc_valid,4,lexical_tfidf,0.2,18,4.083333333333333,73.5,3.5555555555555554,64.0,0.5277777777777777,9.5
qwen25_15b,87,msc_valid,4,recency_keep_compress_drop,0.2,18,4.083333333333333,73.5,3.5555555555555554,64.0,0.5277777777777777,9.5
qwen25_15b,87,msc_valid,4,uniform,0.35,18,3.7222222222222223,67.0,3.5555555555555554,64.0,0.16666666666666696,3.0
qwen25_15b,87,msc_valid,4,longllmlingua,0.35,18,3.4305555555555554,61.75,3.5555555555555554,64.0,-0.125,-2.25
qwen25_15b,87,msc_valid,4,recency,0.35,18,3.7222222222222223,67.0,3.5555555555555554,64.0,0.16666666666666696,3.0
qwen25_15b,87,msc_valid,4,lexical_tfidf,0.35,18,3.7222222222222223,67.0,3.5555555555555554,64.0,0.16666666666666696,3.0
qwen25_15b,87,msc_valid,4,recency_keep_compress_drop,0.35,18,3.7222222222222223,67.0,3.5555555555555554,64.0,0.16666666666666696,3.0
qwen25_15b,87,msc_valid,4,uniform,0.5,18,3.7222222222222223,67.0,3.5555555555555554,64.0,0.16666666666666696,3.0
qwen25_15b,87,msc_valid,4,longllmlingua,0.5,18,3.2222222222222223,58.0,3.5555555555555554,64.0,-0.33333333333333304,-6.0
qwen25_15b,87,msc_valid,4,recency,0.5,18,3.7222222222222223,67.0,3.5555555555555554,64.0,0.16666666666666696,3.0
qwen25_15b,87,msc_valid,4,lexical_tfidf,0.5,18,3.7222222222222223,67.0,3.5555555555555554,64.0,0.16666666666666696,3.0
qwen25_15b,87,msc_valid,4,recency_keep_compress_drop,0.5,18,3.7222222222222223,67.0,3.5555555555555554,64.0,0.16666666666666696,3.0
qwen25_15b,87,msc_valid,8,uniform,0.2,16,2.296875,36.75,1.71875,27.5,0.578125,9.25
qwen25_15b,87,msc_valid,8,longllmlingua,0.2,16,1.6796875,26.875,1.71875,27.5,-0.0390625,-0.625
qwen25_15b,87,msc_valid,8,recency,0.2,16,2.3125,37.0,1.71875,27.5,0.59375,9.5
qwen25_15b,87,msc_valid,8,lexical_tfidf,0.2,16,2.296875,36.75,1.71875,27.5,0.578125,9.25
qwen25_15b,87,msc_valid,8,recency_keep_compress_drop,0.2,16,2.03125,32.5,1.71875,27.5,0.3125,5.0
qwen25_15b,87,msc_valid,8,uniform,0.35,16,2.375,38.0,1.71875,27.5,0.65625,10.5
qwen25_15b,87,msc_valid,8,longllmlingua,0.35,16,1.5703125,25.125,1.71875,27.5,-0.1484375,-2.375
qwen25_15b,87,msc_valid,8,recency,0.35,16,1.890625,30.25,1.71875,27.5,0.171875,2.75
qwen25_15b,87,msc_valid,8,lexical_tfidf,0.35,16,2.28125,36.5,1.71875,27.5,0.5625,9.0
qwen25_15b,87,msc_valid,8,recency_keep_compress_drop,0.35,16,1.890625,30.25,1.71875,27.5,0.171875,2.75
qwen25_15b,87,msc_valid,8,uniform,0.5,16,2.21875,35.5,1.71875,27.5,0.5,8.0
qwen25_15b,87,msc_valid,8,longllmlingua,0.5,16,1.6015625,25.625,1.71875,27.5,-0.1171875,-1.875
qwen25_15b,87,msc_valid,8,recency,0.5,16,1.8359375,29.375,1.71875,27.5,0.1171875,1.875
qwen25_15b,87,msc_valid,8,lexical_tfidf,0.5,16,2.265625,36.25,1.71875,27.5,0.546875,8.75
qwen25_15b,87,msc_valid,8,recency_keep_compress_drop,0.5,16,1.84375,29.5,1.71875,27.5,0.125,2.0
qwen25_15b,87,msc_valid,12,uniform,0.2,8,2.609375,20.875,2.625,21.0,-0.015625,-0.125
qwen25_15b,87,msc_valid,12,longllmlingua,0.2,8,2.90625,23.25,2.625,21.0,0.28125,2.25
qwen25_15b,87,msc_valid,12,recency,0.2,8,2.609375,20.875,2.625,21.0,-0.015625,-0.125
qwen25_15b,87,msc_valid,12,lexical_tfidf,0.2,8,2.4375,19.5,2.625,21.0,-0.1875,-1.5
qwen25_15b,87,msc_valid,12,recency_keep_compress_drop,0.2,8,2.625,21.0,2.625,21.0,0.0,0.0
qwen25_15b,87,msc_valid,12,uniform,0.35,8,2.578125,20.625,2.625,21.0,-0.046875,-0.375
qwen25_15b,87,msc_valid,12,longllmlingua,0.35,8,2.671875,21.375,2.625,21.0,0.046875,0.375
qwen25_15b,87,msc_valid,12,recency,0.35,8,2.390625,19.125,2.625,21.0,-0.234375,-1.875
qwen25_15b,87,msc_valid,12,lexical_tfidf,0.35,8,2.609375,20.875,2.625,21.0,-0.015625,-0.125
qwen25_15b,87,msc_valid,12,recency_keep_compress_drop,0.35,8,2.78125,22.25,2.625,21.0,0.15625,1.25
qwen25_15b,87,msc_valid,12,uniform,0.5,8,2.640625,21.125,2.625,21.0,0.015625,0.125
qwen25_15b,87,msc_valid,12,longllmlingua,0.5,8,2.671875,21.375,2.625,21.0,0.046875,0.375
qwen25_15b,87,msc_valid,12,recency,0.5,8,2.578125,20.625,2.625,21.0,-0.046875,-0.375
qwen25_15b,87,msc_valid,12,lexical_tfidf,0.5,8,2.5,20.0,2.625,21.0,-0.125,-1.0
qwen25_15b,87,msc_valid,12,recency_keep_compress_drop,0.5,8,2.59375,20.75,2.625,21.0,-0.03125,-0.25
qwen25_15b,87,msc_valid,16,uniform,0.2,51,2.264705882352941,115.5,2.1470588235294117,109.5,0.11764705882352944,6.0
qwen25_15b,87,msc_valid,16,longllmlingua,0.2,51,2.1176470588235294,108.0,2.1470588235294117,109.5,-0.02941176470588225,-1.5
qwen25_15b,87,msc_valid,16,recency,0.2,51,2.2745098039215685,116.0,2.1470588235294117,109.5,0.12745098039215685,6.5
qwen25_15b,87,msc_valid,16,lexical_tfidf,0.2,51,2.156862745098039,110.0,2.1470588235294117,109.5,0.009803921568627416,0.5
qwen25_15b,87,msc_valid,16,recency_keep_compress_drop,0.2,51,2.2058823529411766,112.5,2.1470588235294117,109.5,0.05882352941176494,3.0
qwen25_15b,87,msc_valid,16,uniform,0.35,51,2.284313725490196,116.5,2.1470588235294117,109.5,0.13725490196078427,7.0
qwen25_15b,87,msc_valid,16,longllmlingua,0.35,51,2.156862745098039,110.0,2.1470588235294117,109.5,0.009803921568627416,0.5
qwen25_15b,87,msc_valid,16,recency,0.35,51,2.1666666666666665,110.5,2.1470588235294117,109.5,0.019607843137254832,1.0
qwen25_15b,87,msc_valid,16,lexical_tfidf,0.35,51,2.127450980392157,108.5,2.1470588235294117,109.5,-0.019607843137254832,-1.0
qwen25_15b,87,msc_valid,16,recency_keep_compress_drop,0.35,51,2.1470588235294117,109.5,2.1470588235294117,109.5,0.0,0.0
qwen25_15b,87,msc_valid,16,uniform,0.5,51,2.2058823529411766,112.5,2.1470588235294117,109.5,0.05882352941176494,3.0
qwen25_15b,87,msc_valid,16,longllmlingua,0.5,51,2.1372549019607843,109.0,2.1470588235294117,109.5,-0.009803921568627416,-0.5
qwen25_15b,87,msc_valid,16,recency,0.5,51,2.1862745098039214,111.5,2.1470588235294117,109.5,0.039215686274509665,2.0
qwen25_15b,87,msc_valid,16,lexical_tfidf,0.5,51,2.1176470588235294,108.0,2.1470588235294117,109.5,-0.02941176470588225,-1.5
qwen25_15b,87,msc_valid,16,recency_keep_compress_drop,0.5,51,2.1666666666666665,110.5,2.1470588235294117,109.5,0.019607843137254832,1.0
qwen25_15b,87,msc_valid,20,uniform,0.2,66,2.484848484848485,164.0,2.4242424242424243,160.0,0.06060606060606055,4.0
qwen25_15b,87,msc_valid,20,longllmlingua,0.2,66,2.4696969696969697,163.0,2.4242424242424243,160.0,0.045454545454545414,3.0
qwen25_15b,87,msc_valid,20,recency,0.2,66,2.4393939393939394,161.0,2.4242424242424243,160.0,0.015151515151515138,1.0
qwen25_15b,87,msc_valid,20,lexical_tfidf,0.2,66,2.484848484848485,164.0,2.4242424242424243,160.0,0.06060606060606055,4.0
qwen25_15b,87,msc_valid,20,recency_keep_compress_drop,0.2,66,2.4696969696969697,163.0,2.4242424242424243,160.0,0.045454545454545414,3.0
qwen25_15b,87,msc_valid,20,uniform,0.35,66,2.4393939393939394,161.0,2.4242424242424243,160.0,0.015151515151515138,1.0
qwen25_15b,87,msc_valid,20,longllmlingua,0.35,66,2.4696969696969697,163.0,2.4242424242424243,160.0,0.045454545454545414,3.0
qwen25_15b,87,msc_valid,20,recency,0.35,66,2.4545454545454546,162.0,2.4242424242424243,160.0,0.030303030303030276,2.0
qwen25_15b,87,msc_valid,20,lexical_tfidf,0.35,66,2.4393939393939394,161.0,2.4242424242424243,160.0,0.015151515151515138,1.0
qwen25_15b,87,msc_valid,20,recency_keep_compress_drop,0.35,66,2.409090909090909,159.0,2.4242424242424243,160.0,-0.015151515151515138,-1.0
qwen25_15b,87,msc_valid,20,uniform,0.5,66,2.409090909090909,159.0,2.4242424242424243,160.0,-0.015151515151515138,-1.0
qwen25_15b,87,msc_valid,20,longllmlingua,0.5,66,2.4242424242424243,160.0,2.4242424242424243,160.0,0.0,0.0
qwen25_15b,87,msc_valid,20,recency,0.5,66,2.4696969696969697,163.0,2.4242424242424243,160.0,0.045454545454545414,3.0
qwen25_15b,87,msc_valid,20,lexical_tfidf,0.5,66,2.393939393939394,158.0,2.4242424242424243,160.0,-0.030303030303030276,-2.0
qwen25_15b,87,msc_valid,20,recency_keep_compress_drop,0.5,66,2.4393939393939394,161.0,2.4242424242424243,160.0,0.015151515151515138,1.0
qwen25_15b,87,msc_valid,24,uniform,0.2,57,2.6842105263157894,153.0,2.43859649122807,139.0,0.24561403508771917,14.0
qwen25_15b,87,msc_valid,24,longllmlingua,0.2,57,2.56140350877193,146.0,2.43859649122807,139.0,0.12280701754385959,7.0
qwen25_15b,87,msc_valid,24,recency,0.2,57,2.6666666666666665,152.0,2.43859649122807,139.0,0.2280701754385963,13.0
qwen25_15b,87,msc_valid,24,lexical_tfidf,0.2,57,2.6140350877192984,149.0,2.43859649122807,139.0,0.17543859649122817,10.0
qwen25_15b,87,msc_valid,24,recency_keep_compress_drop,0.2,57,2.6666666666666665,152.0,2.43859649122807,139.0,0.2280701754385963,13.0
qwen25_15b,87,msc_valid,24,uniform,0.35,57,2.5789473684210527,147.0,2.43859649122807,139.0,0.14035087719298245,8.0
qwen25_15b,87,msc_valid,24,longllmlingua,0.35,57,2.543859649122807,145.0,2.43859649122807,139.0,0.10526315789473673,6.0
qwen25_15b,87,msc_valid,24,recency,0.35,57,2.6140350877192984,149.0,2.43859649122807,139.0,0.17543859649122817,10.0
qwen25_15b,87,msc_valid,24,lexical_tfidf,0.35,57,2.5964912280701755,148.0,2.43859649122807,139.0,0.1578947368421053,9.0
qwen25_15b,87,msc_valid,24,recency_keep_compress_drop,0.35,57,2.526315789473684,144.0,2.43859649122807,139.0,0.08771929824561386,5.0
qwen25_15b,87,msc_valid,24,uniform,0.5,57,2.56140350877193,146.0,2.43859649122807,139.0,0.12280701754385959,7.0
qwen25_15b,87,msc_valid,24,longllmlingua,0.5,57,2.543859649122807,145.0,2.43859649122807,139.0,0.10526315789473673,6.0
qwen25_15b,87,msc_valid,24,recency,0.5,57,2.56140350877193,146.0,2.43859649122807,139.0,0.12280701754385959,7.0
qwen25_15b,87,msc_valid,24,lexical_tfidf,0.5,57,2.56140350877193,146.0,2.43859649122807,139.0,0.12280701754385959,7.0
qwen25_15b,87,msc_valid,24,recency_keep_compress_drop,0.5,57,2.526315789473684,144.0,2.43859649122807,139.0,0.08771929824561386,5.0
qwen25_15b,87,msc_valid,28,uniform,0.2,23,2.467391304347826,56.75,2.152173913043478,49.5,0.3152173913043481,7.25
qwen25_15b,87,msc_valid,28,longllmlingua,0.2,23,2.3043478260869565,53.0,2.152173913043478,49.5,0.1521739130434785,3.5
qwen25_15b,87,msc_valid,28,recency,0.2,23,2.5543478260869565,58.75,2.152173913043478,49.5,0.4021739130434785,9.25
qwen25_15b,87,msc_valid,28,lexical_tfidf,0.2,23,2.5217391304347827,58.0,2.152173913043478,49.5,0.36956521739130466,8.5
qwen25_15b,87,msc_valid,28,recency_keep_compress_drop,0.2,23,2.4782608695652173,57.0,2.152173913043478,49.5,0.32608695652173925,7.5
qwen25_15b,87,msc_valid,28,uniform,0.35,23,2.358695652173913,54.25,2.152173913043478,49.5,0.20652173913043503,4.75
qwen25_15b,87,msc_valid,28,longllmlingua,0.35,23,2.25,51.75,2.152173913043478,49.5,0.09782608695652195,2.25
qwen25_15b,87,msc_valid,28,recency,0.35,23,2.5869565217391304,59.5,2.152173913043478,49.5,0.43478260869565233,10.0
qwen25_15b,87,msc_valid,28,lexical_tfidf,0.35,23,2.4456521739130435,56.25,2.152173913043478,49.5,0.2934782608695654,6.75
qwen25_15b,87,msc_valid,28,recency_keep_compress_drop,0.35,23,2.597826086956522,59.75,2.152173913043478,49.5,0.4456521739130439,10.25
qwen25_15b,87,msc_valid,28,uniform,0.5,23,2.1847826086956523,50.25,2.152173913043478,49.5,0.03260869565217428,0.75
qwen25_15b,87,msc_valid,28,longllmlingua,0.5,23,2.141304347826087,49.25,2.152173913043478,49.5,-0.01086956521739113,-0.25
qwen25_15b,87,msc_valid,28,recency,0.5,23,2.5434782608695654,58.5,2.152173913043478,49.5,0.39130434782608736,9.0
qwen25_15b,87,msc_valid,28,lexical_tfidf,0.5,23,2.239130434782609,51.5,2.152173913043478,49.5,0.08695652173913082,2.0
qwen25_15b,87,msc_valid,28,recency_keep_compress_drop,0.5,23,2.4565217391304346,56.5,2.152173913043478,49.5,0.30434782608695654,7.0
qwen25_15b,87,msc_valid,32,uniform,0.2,20,1.9625,39.25,1.7794117647058822,30.25,0.18308823529411766,9.0
qwen25_15b,87,msc_valid,32,longllmlingua,0.2,20,2.2125,44.25,1.7794117647058822,30.25,0.43308823529411766,14.0
qwen25_15b,87,msc_valid,32,recency,0.2,20,2.0125,40.25,1.7794117647058822,30.25,0.23308823529411793,10.0
qwen25_15b,87,msc_valid,32,lexical_tfidf,0.2,20,2.2375,44.75,1.7794117647058822,30.25,0.4580882352941176,14.5
qwen25_15b,87,msc_valid,32,recency_keep_compress_drop,0.2,20,2.275,45.5,1.7794117647058822,30.25,0.49558823529411766,15.25
qwen25_15b,87,msc_valid,32,uniform,0.35,20,1.9375,38.75,1.7794117647058822,30.25,0.15808823529411775,8.5
qwen25_15b,87,msc_valid,32,longllmlingua,0.35,20,2.225,44.5,1.7794117647058822,30.25,0.44558823529411784,14.25
qwen25_15b,87,msc_valid,32,recency,0.35,20,1.9875,39.75,1.7794117647058822,30.25,0.2080882352941178,9.5
qwen25_15b,87,msc_valid,32,lexical_tfidf,0.35,20,1.975,39.5,1.7794117647058822,30.25,0.19558823529411784,9.25
qwen25_15b,87,msc_valid,32,recency_keep_compress_drop,0.35,20,2.1,42.0,1.7794117647058822,30.25,0.32058823529411784,11.75
qwen25_15b,87,msc_valid,32,uniform,0.5,20,1.9375,38.75,1.7794117647058822,30.25,0.15808823529411775,8.5
qwen25_15b,87,msc_valid,32,longllmlingua,0.5,20,2.125,42.5,1.7794117647058822,30.25,0.34558823529411775,12.25
qwen25_15b,87,msc_valid,32,recency,0.5,20,1.925,38.5,1.7794117647058822,30.25,0.1455882352941178,8.25
qwen25_15b,87,msc_valid,32,lexical_tfidf,0.5,20,1.875,37.5,1.7794117647058822,30.25,0.09558823529411775,7.25
qwen25_15b,87,msc_valid,32,recency_keep_compress_drop,0.5,20,2.0875,41.75,1.7794117647058822,30.25,0.30808823529411766,11.5
qwen25_15b,87,msc_valid,34,uniform,0.2,28,2.4464285714285716,68.5,0.0,0.0,2.4464285714285716,68.5
qwen25_15b,87,msc_valid,34,longllmlingua,0.2,28,2.3214285714285716,65.0,0.0,0.0,2.3214285714285716,65.0
qwen25_15b,87,msc_valid,34,recency,0.2,28,2.3214285714285716,65.0,0.0,0.0,2.3214285714285716,65.0
qwen25_15b,87,msc_valid,34,lexical_tfidf,0.2,28,2.375,66.5,0.0,0.0,2.375,66.5
qwen25_15b,87,msc_valid,34,recency_keep_compress_drop,0.2,28,2.357142857142857,66.0,0.0,0.0,2.357142857142857,66.0
qwen25_15b,87,msc_valid,34,uniform,0.35,28,2.375,66.5,0.0,0.0,2.375,66.5
qwen25_15b,87,msc_valid,34,longllmlingua,0.35,28,2.3392857142857144,65.5,0.0,0.0,2.3392857142857144,65.5
qwen25_15b,87,msc_valid,34,recency,0.35,28,2.3035714285714284,64.5,0.0,0.0,2.3035714285714284,64.5
qwen25_15b,87,msc_valid,34,lexical_tfidf,0.35,28,2.2767857142857144,63.75,0.0,0.0,2.2767857142857144,63.75
qwen25_15b,87,msc_valid,34,recency_keep_compress_drop,0.35,28,2.1964285714285716,61.5,0.0,0.0,2.1964285714285716,61.5
qwen25_15b,87,msc_valid,34,uniform,0.5,28,2.205357142857143,61.75,0.0,0.0,2.205357142857143,61.75
qwen25_15b,87,msc_valid,34,longllmlingua,0.5,28,2.2767857142857144,63.75,0.0,0.0,2.2767857142857144,63.75
qwen25_15b,87,msc_valid,34,recency,0.5,28,2.2767857142857144,63.75,0.0,0.0,2.2767857142857144,63.75
qwen25_15b,87,msc_valid,34,lexical_tfidf,0.5,28,2.2142857142857144,62.0,0.0,0.0,2.2142857142857144,62.0
qwen25_15b,87,msc_valid,34,recency_keep_compress_drop,0.5,28,2.169642857142857,60.75,0.0,0.0,2.169642857142857,60.75
qwen25_15b,87,msc_valid,38,uniform,0.2,18,1.8472222222222223,33.25,0.0,0.0,1.8472222222222223,33.25
qwen25_15b,87,msc_valid,38,longllmlingua,0.2,18,2.0,36.0,0.0,0.0,2.0,36.0
qwen25_15b,87,msc_valid,38,recency,0.2,18,1.5902777777777777,28.625,0.0,0.0,1.5902777777777777,28.625
qwen25_15b,87,msc_valid,38,lexical_tfidf,0.2,18,1.8194444444444444,32.75,0.0,0.0,1.8194444444444444,32.75
qwen25_15b,87,msc_valid,38,recency_keep_compress_drop,0.2,18,1.5069444444444444,27.125,0.0,0.0,1.5069444444444444,27.125
qwen25_15b,87,msc_valid,38,uniform,0.35,18,1.7152777777777777,30.875,0.0,0.0,1.7152777777777777,30.875
qwen25_15b,87,msc_valid,38,longllmlingua,0.35,18,1.8888888888888888,34.0,0.0,0.0,1.8888888888888888,34.0
qwen25_15b,87,msc_valid,38,recency,0.35,18,1.2986111111111112,23.375,0.0,0.0,1.2986111111111112,23.375
qwen25_15b,87,msc_valid,38,lexical_tfidf,0.35,18,1.6527777777777777,29.75,0.0,0.0,1.6527777777777777,29.75
qwen25_15b,87,msc_valid,38,recency_keep_compress_drop,0.35,18,1.6041666666666667,28.875,0.0,0.0,1.6041666666666667,28.875
qwen25_15b,87,msc_valid,38,uniform,0.5,18,1.4791666666666667,26.625,0.0,0.0,1.4791666666666667,26.625
qwen25_15b,87,msc_valid,38,longllmlingua,0.5,18,1.8888888888888888,34.0,0.0,0.0,1.8888888888888888,34.0
qwen25_15b,87,msc_valid,38,recency,0.5,18,1.3680555555555556,24.625,0.0,0.0,1.3680555555555556,24.625
qwen25_15b,87,msc_valid,38,lexical_tfidf,0.5,18,1.6111111111111112,29.0,0.0,0.0,1.6111111111111112,29.0
qwen25_15b,87,msc_valid,38,recency_keep_compress_drop,0.5,18,1.6527777777777777,29.75,0.0,0.0,1.6527777777777777,29.75
qwen25_15b,87,msc_valid,42,uniform,0.2,22,3.3636363636363638,74.0,0.0,0.0,3.3636363636363638,74.0
qwen25_15b,87,msc_valid,42,longllmlingua,0.2,22,3.409090909090909,75.0,0.0,0.0,3.409090909090909,75.0
qwen25_15b,87,msc_valid,42,recency,0.2,22,3.4545454545454546,76.0,0.0,0.0,3.4545454545454546,76.0
qwen25_15b,87,msc_valid,42,lexical_tfidf,0.2,22,3.5,77.0,0.0,0.0,3.5,77.0
qwen25_15b,87,msc_valid,42,recency_keep_compress_drop,0.2,22,3.3636363636363638,74.0,0.0,0.0,3.3636363636363638,74.0
qwen25_15b,87,msc_valid,42,uniform,0.35,22,3.25,71.5,0.0,0.0,3.25,71.5
qwen25_15b,87,msc_valid,42,longllmlingua,0.35,22,3.3863636363636362,74.5,0.0,0.0,3.3863636363636362,74.5
qwen25_15b,87,msc_valid,42,recency,0.35,22,3.5,77.0,0.0,0.0,3.5,77.0
qwen25_15b,87,msc_valid,42,lexical_tfidf,0.35,22,3.5,77.0,0.0,0.0,3.5,77.0
qwen25_15b,87,msc_valid,42,recency_keep_compress_drop,0.35,22,3.3863636363636362,74.5,0.0,0.0,3.3863636363636362,74.5
qwen25_15b,87,msc_valid,42,uniform,0.5,22,3.272727272727273,72.0,0.0,0.0,3.272727272727273,72.0
qwen25_15b,87,msc_valid,42,longllmlingua,0.5,22,3.272727272727273,72.0,0.0,0.0,3.272727272727273,72.0
qwen25_15b,87,msc_valid,42,recency,0.5,22,3.4545454545454546,76.0,0.0,0.0,3.4545454545454546,76.0
qwen25_15b,87,msc_valid,42,lexical_tfidf,0.5,22,3.4318181818181817,75.5,0.0,0.0,3.4318181818181817,75.5
qwen25_15b,87,msc_valid,42,recency_keep_compress_drop,0.5,22,3.272727272727273,72.0,0.0,0.0,3.272727272727273,72.0
qwen25_15b,87,msc_valid,46,uniform,0.2,56,3.0357142857142856,170.0,0.0,0.0,3.0357142857142856,170.0
qwen25_15b,87,msc_valid,46,longllmlingua,0.2,56,2.9285714285714284,164.0,0.0,0.0,2.9285714285714284,164.0
qwen25_15b,87,msc_valid,46,recency,0.2,56,3.0892857142857144,173.0,0.0,0.0,3.0892857142857144,173.0
qwen25_15b,87,msc_valid,46,lexical_tfidf,0.2,56,3.0535714285714284,171.0,0.0,0.0,3.0535714285714284,171.0
qwen25_15b,87,msc_valid,46,recency_keep_compress_drop,0.2,56,3.0535714285714284,171.0,0.0,0.0,3.0535714285714284,171.0
qwen25_15b,87,msc_valid,46,uniform,0.35,56,3.0,168.0,0.0,0.0,3.0,168.0
qwen25_15b,87,msc_valid,46,longllmlingua,0.35,56,2.9464285714285716,165.0,0.0,0.0,2.9464285714285716,165.0
qwen25_15b,87,msc_valid,46,recency,0.35,56,3.0714285714285716,172.0,0.0,0.0,3.0714285714285716,172.0
qwen25_15b,87,msc_valid,46,lexical_tfidf,0.35,56,3.0,168.0,0.0,0.0,3.0,168.0
qwen25_15b,87,msc_valid,46,recency_keep_compress_drop,0.35,56,3.017857142857143,169.0,0.0,0.0,3.017857142857143,169.0
qwen25_15b,87,msc_valid,46,uniform,0.5,56,3.017857142857143,169.0,0.0,0.0,3.017857142857143,169.0
qwen25_15b,87,msc_valid,46,longllmlingua,0.5,56,2.892857142857143,162.0,0.0,0.0,2.892857142857143,162.0
qwen25_15b,87,msc_valid,46,recency,0.5,56,3.0535714285714284,171.0,0.0,0.0,3.0535714285714284,171.0
qwen25_15b,87,msc_valid,46,lexical_tfidf,0.5,56,3.017857142857143,169.0,0.0,0.0,3.017857142857143,169.0
qwen25_15b,87,msc_valid,46,recency_keep_compress_drop,0.5,56,2.982142857142857,167.0,0.0,0.0,2.982142857142857,167.0
qwen25_15b,87,msc_valid,50,uniform,0.2,16,3.046875,48.75,0.0,0.0,3.046875,48.75
qwen25_15b,87,msc_valid,50,longllmlingua,0.2,16,3.578125,57.25,0.0,0.0,3.578125,57.25
qwen25_15b,87,msc_valid,50,recency,0.2,16,2.875,46.0,0.0,0.0,2.875,46.0
qwen25_15b,87,msc_valid,50,lexical_tfidf,0.2,16,3.0,48.0,0.0,0.0,3.0,48.0
qwen25_15b,87,msc_valid,50,recency_keep_compress_drop,0.2,16,2.90625,46.5,0.0,0.0,2.90625,46.5
qwen25_15b,87,msc_valid,50,uniform,0.35,16,2.875,46.0,0.0,0.0,2.875,46.0
qwen25_15b,87,msc_valid,50,longllmlingua,0.35,16,3.46875,55.5,0.0,0.0,3.46875,55.5
qwen25_15b,87,msc_valid,50,recency,0.35,16,2.90625,46.5,0.0,0.0,2.90625,46.5
qwen25_15b,87,msc_valid,50,lexical_tfidf,0.35,16,2.984375,47.75,0.0,0.0,2.984375,47.75
qwen25_15b,87,msc_valid,50,recency_keep_compress_drop,0.35,16,2.84375,45.5,0.0,0.0,2.84375,45.5
qwen25_15b,87,msc_valid,50,uniform,0.5,16,3.078125,49.25,0.0,0.0,3.078125,49.25
qwen25_15b,87,msc_valid,50,longllmlingua,0.5,16,3.3125,53.0,0.0,0.0,3.3125,53.0
qwen25_15b,87,msc_valid,50,recency,0.5,0,0.0,0.0,0.0,0.0,0.0,0.0
qwen25_15b,87,msc_valid,50,lexical_tfidf,0.5,0,0.0,0.0,0.0,0.0,0.0,0.0
qwen25_15b,87,msc_valid,50,recency_keep_compress_drop,0.5,0,0.0,0.0,0.0,0.0,0.0,0.0
qwen25_15b,87,msc_valid,54,uniform,0.2,43,2.546511627906977,109.5,0.0,0.0,2.546511627906977,109.5
qwen25_15b,87,msc_valid,54,longllmlingua,0.2,43,2.5,107.5,0.0,0.0,2.5,107.5
qwen25_15b,87,msc_valid,54,recency,0.2,43,2.546511627906977,109.5,0.0,0.0,2.546511627906977,109.5
qwen25_15b,87,msc_valid,54,lexical_tfidf,0.2,43,2.511627906976744,108.0,0.0,0.0,2.511627906976744,108.0
qwen25_15b,87,msc_valid,54,recency_keep_compress_drop,0.2,43,2.5348837209302326,109.0,0.0,0.0,2.5348837209302326,109.0
qwen25_15b,87,msc_valid,54,uniform,0.35,43,2.6627906976744184,114.5,0.0,0.0,2.6627906976744184,114.5
qwen25_15b,87,msc_valid,54,longllmlingua,0.35,43,2.511627906976744,108.0,0.0,0.0,2.511627906976744,108.0
qwen25_15b,87,msc_valid,54,recency,0.35,0,0.0,0.0,0.0,0.0,0.0,0.0
qwen25_15b,87,msc_valid,54,lexical_tfidf,0.35,0,0.0,0.0,0.0,0.0,0.0,0.0
qwen25_15b,87,msc_valid,54,recency_keep_compress_drop,0.35,0,0.0,0.0,0.0,0.0,0.0,0.0
qwen25_15b,87,msc_valid,54,uniform,0.5,43,2.558139534883721,110.0,0.0,0.0,2.558139534883721,110.0
qwen25_15b,87,msc_valid,54,longllmlingua,0.5,43,2.488372093023256,107.0,0.0,0.0,2.488372093023256,107.0
qwen25_15b,87,msc_valid,54,recency,0.5,0,0.0,0.0,0.0,0.0,0.0,0.0
qwen25_15b,87,msc_valid,54,lexical_tfidf,0.5,0,0.0,0.0,0.0,0.0,0.0,0.0
qwen25_15b,87,msc_valid,54,recency_keep_compress_drop,0.5,0,0.0,0.0,0.0,0.0,0.0,0.0
qwen25_15b,87,msc_valid,58,uniform,0.2,68,2.3088235294117645,157.0,0.0,0.0,2.3088235294117645,157.0
qwen25_15b,87,msc_valid,58,longllmlingua,0.2,68,2.323529411764706,158.0,0.0,0.0,2.323529411764706,158.0
qwen25_15b,87,msc_valid,58,recency,0.2,0,0.0,0.0,0.0,0.0,0.0,0.0
qwen25_15b,87,msc_valid,58,lexical_tfidf,0.2,0,0.0,0.0,0.0,0.0,0.0,0.0
qwen25_15b,87,msc_valid,58,recency_keep_compress_drop,0.2,0,0.0,0.0,0.0,0.0,0.0,0.0
qwen25_15b,87,msc_valid,58,uniform,0.35,68,2.338235294117647,159.0,0.0,0.0,2.338235294117647,159.0
qwen25_15b,87,msc_valid,58,longllmlingua,0.35,68,2.2941176470588234,156.0,0.0,0.0,2.2941176470588234,156.0
qwen25_15b,87,msc_valid,58,recency,0.35,0,0.0,0.0,0.0,0.0,0.0,0.0
qwen25_15b,87,msc_valid,58,lexical_tfidf,0.35,0,0.0,0.0,0.0,0.0,0.0,0.0
qwen25_15b,87,msc_valid,58,recency_keep_compress_drop,0.35,0,0.0,0.0,0.0,0.0,0.0,0.0
qwen25_15b,87,msc_valid,58,uniform,0.5,68,2.3676470588235294,161.0,0.0,0.0,2.3676470588235294,161.0
qwen25_15b,87,msc_valid,58,longllmlingua,0.5,68,2.2794117647058822,155.0,0.0,0.0,2.2794117647058822,155.0
qwen25_15b,87,msc_valid,58,recency,0.5,0,0.0,0.0,0.0,0.0,0.0,0.0
qwen25_15b,87,msc_valid,58,lexical_tfidf,0.5,0,0.0,0.0,0.0,0.0,0.0,0.0
qwen25_15b,87,msc_valid,58,recency_keep_compress_drop,0.5,0,0.0,0.0,0.0,0.0,0.0,0.0
qwen25_15b,87,msc_valid,62,uniform,0.2,25,1.63,40.75,0.0,0.0,1.63,40.75
qwen25_15b,87,msc_valid,62,longllmlingua,0.2,25,1.79,44.75,0.0,0.0,1.79,44.75
qwen25_15b,87,msc_valid,62,recency,0.2,0,0.0,0.0,0.0,0.0,0.0,0.0
qwen25_15b,87,msc_valid,62,lexical_tfidf,0.2,0,0.0,0.0,0.0,0.0,0.0,0.0
qwen25_15b,87,msc_valid,62,recency_keep_compress_drop,0.2,0,0.0,0.0,0.0,0.0,0.0,0.0
qwen25_15b,87,msc_valid,62,uniform,0.35,25,1.83,45.75,0.0,0.0,1.83,45.75
qwen25_15b,87,msc_valid,62,longllmlingua,0.35,25,1.81,45.25,0.0,0.0,1.81,45.25
qwen25_15b,87,msc_valid,62,recency,0.35,0,0.0,0.0,0.0,0.0,0.0,0.0
qwen25_15b,87,msc_valid,62,lexical_tfidf,0.35,0,0.0,0.0,0.0,0.0,0.0,0.0
qwen25_15b,87,msc_valid,62,recency_keep_compress_drop,0.35,0,0.0,0.0,0.0,0.0,0.0,0.0
qwen25_15b,87,msc_valid,62,uniform,0.5,25,1.82,45.5,0.0,0.0,1.82,45.5
qwen25_15b,87,msc_valid,62,longllmlingua,0.5,25,1.74,43.5,0.0,0.0,1.74,43.5
qwen25_15b,87,msc_valid,62,recency,0.5,0,0.0,0.0,0.0,0.0,0.0,0.0
qwen25_15b,87,msc_valid,62,lexical_tfidf,0.5,0,0.0,0.0,0.0,0.0,0.0,0.0
qwen25_15b,87,msc_valid,62,recency_keep_compress_drop,0.5,0,0.0,0.0,0.0,0.0,0.0,0.0
qwen25_15b,100,msc_valid,4,uniform,0.2,10,5.025,50.25,4.35,43.5,0.6750000000000007,6.75
qwen25_15b,100,msc_valid,4,longllmlingua,0.2,10,4.375,43.75,4.35,43.5,0.025000000000000355,0.25
qwen25_15b,100,msc_valid,4,recency,0.2,10,5.025,50.25,4.35,43.5,0.6750000000000007,6.75
qwen25_15b,100,msc_valid,4,lexical_tfidf,0.2,10,5.025,50.25,4.35,43.5,0.6750000000000007,6.75
qwen25_15b,100,msc_valid,4,recency_keep_compress_drop,0.2,10,5.025,50.25,4.35,43.5,0.6750000000000007,6.75
qwen25_15b,100,msc_valid,4,uniform,0.35,10,4.525,45.25,4.35,43.5,0.1750000000000007,1.75
qwen25_15b,100,msc_valid,4,longllmlingua,0.35,10,4.1,41.0,4.35,43.5,-0.25,-2.5
qwen25_15b,100,msc_valid,4,recency,0.35,10,4.525,45.25,4.35,43.5,0.1750000000000007,1.75
qwen25_15b,100,msc_valid,4,lexical_tfidf,0.35,10,4.525,45.25,4.35,43.5,0.1750000000000007,1.75
qwen25_15b,100,msc_valid,4,recency_keep_compress_drop,0.35,10,4.525,45.25,4.35,43.5,0.1750000000000007,1.75
qwen25_15b,100,msc_valid,4,uniform,0.5,10,4.525,45.25,4.35,43.5,0.1750000000000007,1.75
qwen25_15b,100,msc_valid,4,longllmlingua,0.5,10,3.95,39.5,4.35,43.5,-0.39999999999999947,-4.0
qwen25_15b,100,msc_valid,4,recency,0.5,10,4.525,45.25,4.35,43.5,0.1750000000000007,1.75
qwen25_15b,100,msc_valid,4,lexical_tfidf,0.5,10,4.525,45.25,4.35,43.5,0.1750000000000007,1.75
qwen25_15b,100,msc_valid,4,recency_keep_compress_drop,0.5,10,4.525,45.25,4.35,43.5,0.1750000000000007,1.75
qwen25_15b,100,msc_valid,8,uniform,0.2,9,3.7777777777777777,34.0,3.4722222222222223,31.25,0.30555555555555536,2.75
qwen25_15b,100,msc_valid,8,longllmlingua,0.2,9,3.6666666666666665,33.0,3.4722222222222223,31.25,0.1944444444444442,1.75
qwen25_15b,100,msc_valid,8,recency,0.2,9,3.8055555555555554,34.25,3.4722222222222223,31.25,0.33333333333333304,3.0
qwen25_15b,100,msc_valid,8,lexical_tfidf,0.2,9,3.861111111111111,34.75,3.4722222222222223,31.25,0.38888888888888884,3.5
qwen25_15b,100,msc_valid,8,recency_keep_compress_drop,0.2,9,3.8055555555555554,34.25,3.4722222222222223,31.25,0.33333333333333304,3.0
qwen25_15b,100,msc_valid,8,uniform,0.35,9,3.7222222222222223,33.5,3.4722222222222223,31.25,0.25,2.25
qwen25_15b,100,msc_valid,8,longllmlingua,0.35,9,3.8055555555555554,34.25,3.4722222222222223,31.25,0.33333333333333304,3.0
qwen25_15b,100,msc_valid,8,recency,0.35,9,3.611111111111111,32.5,3.4722222222222223,31.25,0.13888888888888884,1.25
qwen25_15b,100,msc_valid,8,lexical_tfidf,0.35,9,3.5833333333333335,32.25,3.4722222222222223,31.25,0.11111111111111116,1.0
qwen25_15b,100,msc_valid,8,recency_keep_compress_drop,0.35,9,3.611111111111111,32.5,3.4722222222222223,31.25,0.13888888888888884,1.25
qwen25_15b,100,msc_valid,8,uniform,0.5,9,3.6666666666666665,33.0,3.4722222222222223,31.25,0.1944444444444442,1.75
qwen25_15b,100,msc_valid,8,longllmlingua,0.5,9,3.7777777777777777,34.0,3.4722222222222223,31.25,0.30555555555555536,2.75
qwen25_15b,100,msc_valid,8,recency,0.5,9,3.8055555555555554,34.25,3.4722222222222223,31.25,0.33333333333333304,3.0
qwen25_15b,100,msc_valid,8,lexical_tfidf,0.5,9,3.6666666666666665,33.0,3.4722222222222223,31.25,0.1944444444444442,1.75
qwen25_15b,100,msc_valid,8,recency_keep_compress_drop,0.5,9,3.611111111111111,32.5,3.4722222222222223,31.25,0.13888888888888884,1.25
qwen25_15b,100,msc_valid,12,uniform,0.2,10,5.175,51.75,4.35,43.5,0.8250000000000002,8.25
qwen25_15b,100,msc_valid,12,longllmlingua,0.2,10,4.825,48.25,4.35,43.5,0.47500000000000053,4.75
qwen25_15b,100,msc_valid,12,recency,0.2,10,5.275,52.75,4.35,43.5,0.9250000000000007,9.25
qwen25_15b,100,msc_valid,12,lexical_tfidf,0.2,10,4.65,46.5,4.35,43.5,0.3000000000000007,3.0
qwen25_15b,100,msc_valid,12,recency_keep_compress_drop,0.2,10,5.025,50.25,4.35,43.5,0.6750000000000007,6.75
qwen25_15b,100,msc_valid,12,uniform,0.35,10,5.0,50.0,4.35,43.5,0.6500000000000004,6.5
qwen25_15b,100,msc_valid,12,longllmlingua,0.35,10,4.65,46.5,4.35,43.5,0.3000000000000007,3.0
qwen25_15b,100,msc_valid,12,recency,0.35,10,4.8,48.0,4.35,43.5,0.4500000000000002,4.5
qwen25_15b,100,msc_valid,12,lexical_tfidf,0.35,10,4.625,46.25,4.35,43.5,0.27500000000000036,2.75
qwen25_15b,100,msc_valid,12,recency_keep_compress_drop,0.35,10,4.575,45.75,4.35,43.5,0.22500000000000053,2.25
qwen25_15b,100,msc_valid,12,uniform,0.5,10,4.875,48.75,4.35,43.5,0.5250000000000004,5.25
qwen25_15b,100,msc_valid,12,longllmlingua,0.5,10,4.425,44.25,4.35,43.5,0.07500000000000018,0.75
qwen25_15b,100,msc_valid,12,recency,0.5,10,4.475,44.75,4.35,43.5,0.125,1.25
qwen25_15b,100,msc_valid,12,lexical_tfidf,0.5,10,4.55,45.5,4.35,43.5,0.20000000000000018,2.0
qwen25_15b,100,msc_valid,12,recency_keep_compress_drop,0.5,10,4.425,44.25,4.35,43.5,0.07500000000000018,0.75
qwen25_15b,100,msc_valid,16,uniform,0.2,41,2.3536585365853657,96.5,2.268292682926829,93.0,0.08536585365853666,3.5
qwen25_15b,100,msc_valid,16,longllmlingua,0.2,41,2.3292682926829267,95.5,2.268292682926829,93.0,0.060975609756097615,2.5
qwen25_15b,100,msc_valid,16,recency,0.2,41,2.2560975609756095,92.5,2.268292682926829,93.0,-0.012195121951219523,-0.5
qwen25_15b,100,msc_valid,16,lexical_tfidf,0.2,41,2.4146341463414633,99.0,2.268292682926829,93.0,0.14634146341463428,6.0
qwen25_15b,100,msc_valid,16,recency_keep_compress_drop,0.2,41,2.3536585365853657,96.5,2.268292682926829,93.0,0.08536585365853666,3.5
qwen25_15b,100,msc_valid,16,uniform,0.35,41,2.3658536585365852,97.0,2.268292682926829,93.0,0.09756097560975618,4.0
qwen25_15b,100,msc_valid,16,longllmlingua,0.35,41,2.341463414634146,96.0,2.268292682926829,93.0,0.07317073170731714,3.0
qwen25_15b,100,msc_valid,16,recency,0.35,41,2.292682926829268,94.0,2.268292682926829,93.0,0.024390243902439046,1.0
qwen25_15b,100,msc_valid,16,lexical_tfidf,0.35,41,2.3292682926829267,95.5,2.268292682926829,93.0,0.060975609756097615,2.5
qwen25_15b,100,msc_valid,16,recency_keep_compress_drop,0.35,41,2.292682926829268,94.0,2.268292682926829,93.0,0.024390243902439046,1.0
qwen25_15b,100,msc_valid,16,uniform,0.5,41,2.3536585365853657,96.5,2.268292682926829,93.0,0.08536585365853666,3.5
qwen25_15b,100,msc_valid,16,longllmlingua,0.5,41,2.3048780487804876,94.5,2.268292682926829,93.0,0.03658536585365857,1.5
qwen25_15b,100,msc_valid,16,recency,0.5,41,2.292682926829268,94.0,2.268292682926829,93.0,0.024390243902439046,1.0
qwen25_15b,100,msc_valid,16,lexical_tfidf,0.5,41,2.2560975609756095,92.5,2.268292682926829,93.0,-0.012195121951219523,-0.5
qwen25_15b,100,msc_valid,16,recency_keep_compress_drop,0.5,41,2.292682926829268,94.0,2.268292682926829,93.0,0.024390243902439046,1.0
qwen25_15b,100,msc_valid,20,uniform,0.2,34,3.3529411764705883,114.0,3.0,102.0,0.3529411764705883,12.0
qwen25_15b,100,msc_valid,20,longllmlingua,0.2,34,3.014705882352941,102.5,3.0,102.0,0.014705882352941124,0.5
qwen25_15b,100,msc_valid,20,recency,0.2,34,3.235294117647059,110.0,3.0,102.0,0.23529411764705888,8.0
qwen25_15b,100,msc_valid,20,lexical_tfidf,0.2,34,2.985294117647059,101.5,3.0,102.0,-0.014705882352941124,-0.5
qwen25_15b,100,msc_valid,20,recency_keep_compress_drop,0.2,34,3.323529411764706,113.0,3.0,102.0,0.32352941176470607,11.0
qwen25_15b,100,msc_valid,20,uniform,0.35,34,3.338235294117647,113.5,3.0,102.0,0.3382352941176472,11.5
qwen25_15b,100,msc_valid,20,longllmlingua,0.35,34,2.7205882352941178,92.5,3.0,102.0,-0.27941176470588225,-9.5
qwen25_15b,100,msc_valid,20,recency,0.35,34,3.2941176470588234,112.0,3.0,102.0,0.2941176470588234,10.0
qwen25_15b,100,msc_valid,20,lexical_tfidf,0.35,34,2.823529411764706,96.0,3.0,102.0,-0.17647058823529393,-6.0
qwen25_15b,100,msc_valid,20,recency_keep_compress_drop,0.35,34,3.161764705882353,107.5,3.0,102.0,0.1617647058823528,5.5
qwen25_15b,100,msc_valid,20,uniform,0.5,34,3.3676470588235294,114.5,3.0,102.0,0.36764705882352944,12.5
qwen25_15b,100,msc_valid,20,longllmlingua,0.5,34,2.6911764705882355,91.5,3.0,102.0,-0.3088235294117645,-10.5
qwen25_15b,100,msc_valid,20,recency,0.5,34,3.1470588235294117,107.0,3.0,102.0,0.1470588235294117,5.0
qwen25_15b,100,msc_valid,20,lexical_tfidf,0.5,34,2.8529411764705883,97.0,3.0,102.0,-0.1470588235294117,-5.0
qwen25_15b,100,msc_valid,20,recency_keep_compress_drop,0.5,34,3.088235294117647,105.0,3.0,102.0,0.08823529411764719,3.0
qwen25_15b,100,msc_valid,24,uniform,0.2,39,2.1538461538461537,84.0,2.128205128205128,83.0,0.02564102564102555,1.0
qwen25_15b,100,msc_valid,24,longllmlingua,0.2,39,2.2435897435897436,87.5,2.128205128205128,83.0,0.11538461538461542,4.5
qwen25_15b,100,msc_valid,24,recency,0.2,39,2.2051282051282053,86.0,2.128205128205128,83.0,0.0769230769230771,3.0
qwen25_15b,100,msc_valid,24,lexical_tfidf,0.2,39,2.282051282051282,89.0,2.128205128205128,83.0,0.15384615384615374,6.0
qwen25_15b,100,msc_valid,24,recency_keep_compress_drop,0.2,39,2.2051282051282053,86.0,2.128205128205128,83.0,0.0769230769230771,3.0
qwen25_15b,100,msc_valid,24,uniform,0.35,39,2.1794871794871793,85.0,2.128205128205128,83.0,0.0512820512820511,2.0
qwen25_15b,100,msc_valid,24,longllmlingua,0.35,39,2.230769230769231,87.0,2.128205128205128,83.0,0.10256410256410264,4.0
qwen25_15b,100,msc_valid,24,recency,0.35,39,2.1666666666666665,84.5,2.128205128205128,83.0,0.038461538461538325,1.5
qwen25_15b,100,msc_valid,24,lexical_tfidf,0.35,39,2.217948717948718,86.5,2.128205128205128,83.0,0.08974358974358987,3.5
qwen25_15b,100,msc_valid,24,recency_keep_compress_drop,0.35,39,2.1153846153846154,82.5,2.128205128205128,83.0,-0.012820512820512775,-0.5
qwen25_15b,100,msc_valid,24,uniform,0.5,39,2.1923076923076925,85.5,2.128205128205128,83.0,0.06410256410256432,2.5
qwen25_15b,100,msc_valid,24,longllmlingua,0.5,39,2.1923076923076925,85.5,2.128205128205128,83.0,0.06410256410256432,2.5
qwen25_15b,100,msc_valid,24,recency,0.5,39,2.1666666666666665,84.5,2.128205128205128,83.0,0.038461538461538325,1.5
qwen25_15b,100,msc_valid,24,lexical_tfidf,0.5,39,2.1794871794871793,85.0,2.128205128205128,83.0,0.0512820512820511,2.0
qwen25_15b,100,msc_valid,24,recency_keep_compress_drop,0.5,39,2.1025641025641026,82.0,2.128205128205128,83.0,-0.02564102564102555,-1.0
qwen25_15b,100,msc_valid,28,uniform,0.2,56,2.857142857142857,160.0,2.642857142857143,148.0,0.2142857142857144,12.0
qwen25_15b,100,msc_valid,28,longllmlingua,0.2,56,2.642857142857143,148.0,2.642857142857143,148.0,0.0,0.0
qwen25_15b,100,msc_valid,28,recency,0.2,56,2.7857142857142856,156.0,2.642857142857143,148.0,0.1428571428571428,8.0
qwen25_15b,100,msc_valid,28,lexical_tfidf,0.2,56,2.7857142857142856,156.0,2.642857142857143,148.0,0.1428571428571428,8.0
qwen25_15b,100,msc_valid,28,recency_keep_compress_drop,0.2,56,2.6964285714285716,151.0,2.642857142857143,148.0,0.053571428571428825,3.0
qwen25_15b,100,msc_valid,28,uniform,0.35,56,2.875,161.0,2.642857142857143,148.0,0.2321428571428572,13.0
qwen25_15b,100,msc_valid,28,longllmlingua,0.35,56,2.642857142857143,148.0,2.642857142857143,148.0,0.0,0.0
qwen25_15b,100,msc_valid,28,recency,0.35,56,2.6964285714285716,151.0,2.642857142857143,148.0,0.053571428571428825,3.0
qwen25_15b,100,msc_valid,28,lexical_tfidf,0.35,56,2.6964285714285716,151.0,2.642857142857143,148.0,0.053571428571428825,3.0
qwen25_15b,100,msc_valid,28,recency_keep_compress_drop,0.35,56,2.6607142857142856,149.0,2.642857142857143,148.0,0.017857142857142794,1.0
qwen25_15b,100,msc_valid,28,uniform,0.5,56,2.7857142857142856,156.0,2.642857142857143,148.0,0.1428571428571428,8.0
qwen25_15b,100,msc_valid,28,longllmlingua,0.5,56,2.5892857142857144,145.0,2.642857142857143,148.0,-0.05357142857142838,-3.0
qwen25_15b,100,msc_valid,28,recency,0.5,56,2.6964285714285716,151.0,2.642857142857143,148.0,0.053571428571428825,3.0
qwen25_15b,100,msc_valid,28,lexical_tfidf,0.5,56,2.625,147.0,2.642857142857143,148.0,-0.017857142857142794,-1.0
qwen25_15b,100,msc_valid,28,recency_keep_compress_drop,0.5,56,2.5357142857142856,142.0,2.642857142857143,148.0,-0.1071428571428572,-6.0
qwen25_15b,100,msc_valid,32,uniform,0.2,20,1.9375,38.75,3.7857142857142856,26.5,-1.8482142857142856,12.25
qwen25_15b,100,msc_valid,32,longllmlingua,0.2,20,1.975,39.5,3.7857142857142856,26.5,-1.8107142857142855,13.0
qwen25_15b,100,msc_valid,32,recency,0.2,20,2.0125,40.25,3.7857142857142856,26.5,-1.7732142857142854,13.75
qwen25_15b,100,msc_valid,32,lexical_tfidf,0.2,20,1.975,39.5,3.7857142857142856,26.5,-1.8107142857142855,13.0
qwen25_15b,100,msc_valid,32,recency_keep_compress_drop,0.2,20,1.9875,39.75,3.7857142857142856,26.5,-1.7982142857142855,13.25
qwen25_15b,100,msc_valid,32,uniform,0.35,20,2.0125,40.25,3.7857142857142856,26.5,-1.7732142857142854,13.75
qwen25_15b,100,msc_valid,32,longllmlingua,0.35,20,1.9375,38.75,3.7857142857142856,26.5,-1.8482142857142856,12.25
qwen25_15b,100,msc_valid,32,recency,0.35,20,2.025,40.5,3.7857142857142856,26.5,-1.7607142857142857,14.0
qwen25_15b,100,msc_valid,32,lexical_tfidf,0.35,20,1.9375,38.75,3.7857142857142856,26.5,-1.8482142857142856,12.25
qwen25_15b,100,msc_valid,32,recency_keep_compress_drop,0.35,20,2.0125,40.25,3.7857142857142856,26.5,-1.7732142857142854,13.75
qwen25_15b,100,msc_valid,32,uniform,0.5,20,1.975,39.5,3.7857142857142856,26.5,-1.8107142857142855,13.0
qwen25_15b,100,msc_valid,32,longllmlingua,0.5,20,1.9,38.0,3.7857142857142856,26.5,-1.8857142857142857,11.5
qwen25_15b,100,msc_valid,32,recency,0.5,20,2.025,40.5,3.7857142857142856,26.5,-1.7607142857142857,14.0
qwen25_15b,100,msc_valid,32,lexical_tfidf,0.5,20,2.0125,40.25,3.7857142857142856,26.5,-1.7732142857142854,13.75
qwen25_15b,100,msc_valid,32,recency_keep_compress_drop,0.5,20,2.0125,40.25,3.7857142857142856,26.5,-1.7732142857142854,13.75
qwen25_15b,100,msc_valid,34,uniform,0.2,33,2.3181818181818183,76.5,0.0,0.0,2.3181818181818183,76.5
qwen25_15b,100,msc_valid,34,longllmlingua,0.2,33,2.227272727272727,73.5,0.0,0.0,2.227272727272727,73.5
qwen25_15b,100,msc_valid,34,recency,0.2,33,2.1666666666666665,71.5,0.0,0.0,2.1666666666666665,71.5
qwen25_15b,100,msc_valid,34,lexical_tfidf,0.2,33,2.196969696969697,72.5,0.0,0.0,2.196969696969697,72.5
qwen25_15b,100,msc_valid,34,recency_keep_compress_drop,0.2,33,2.1818181818181817,72.0,0.0,0.0,2.1818181818181817,72.0
qwen25_15b,100,msc_valid,34,uniform,0.35,33,2.1666666666666665,71.5,0.0,0.0,2.1666666666666665,71.5
qwen25_15b,100,msc_valid,34,longllmlingua,0.35,33,2.1818181818181817,72.0,0.0,0.0,2.1818181818181817,72.0
qwen25_15b,100,msc_valid,34,recency,0.35,33,2.1515151515151514,71.0,0.0,0.0,2.1515151515151514,71.0
qwen25_15b,100,msc_valid,34,lexical_tfidf,0.35,33,2.106060606060606,69.5,0.0,0.0,2.106060606060606,69.5
qwen25_15b,100,msc_valid,34,recency_keep_compress_drop,0.35,33,2.106060606060606,69.5,0.0,0.0,2.106060606060606,69.5
qwen25_15b,100,msc_valid,34,uniform,0.5,33,2.090909090909091,69.0,0.0,0.0,2.090909090909091,69.0
qwen25_15b,100,msc_valid,34,longllmlingua,0.5,33,2.121212121212121,70.0,0.0,0.0,2.121212121212121,70.0
qwen25_15b,100,msc_valid,34,recency,0.5,33,2.090909090909091,69.0,0.0,0.0,2.090909090909091,69.0
qwen25_15b,100,msc_valid,34,lexical_tfidf,0.5,33,2.1363636363636362,70.5,0.0,0.0,2.1363636363636362,70.5
qwen25_15b,100,msc_valid,34,recency_keep_compress_drop,0.5,33,2.0757575757575757,68.5,0.0,0.0,2.0757575757575757,68.5
qwen25_15b,100,msc_valid,38,uniform,0.2,63,2.2857142857142856,144.0,0.0,0.0,2.2857142857142856,144.0
qwen25_15b,100,msc_valid,38,longllmlingua,0.2,63,2.3015873015873014,145.0,0.0,0.0,2.3015873015873014,145.0
qwen25_15b,100,msc_valid,38,recency,0.2,63,2.3015873015873014,145.0,0.0,0.0,2.3015873015873014,145.0
qwen25_15b,100,msc_valid,38,lexical_tfidf,0.2,63,2.2698412698412698,143.0,0.0,0.0,2.2698412698412698,143.0
qwen25_15b,100,msc_valid,38,recency_keep_compress_drop,0.2,63,2.3174603174603177,146.0,0.0,0.0,2.3174603174603177,146.0
qwen25_15b,100,msc_valid,38,uniform,0.35,63,2.2857142857142856,144.0,0.0,0.0,2.2857142857142856,144.0
qwen25_15b,100,msc_valid,38,longllmlingua,0.35,63,2.238095238095238,141.0,0.0,0.0,2.238095238095238,141.0
qwen25_15b,100,msc_valid,38,recency,0.35,63,2.2857142857142856,144.0,0.0,0.0,2.2857142857142856,144.0
qwen25_15b,100,msc_valid,38,lexical_tfidf,0.35,63,2.253968253968254,142.0,0.0,0.0,2.253968253968254,142.0
qwen25_15b,100,msc_valid,38,recency_keep_compress_drop,0.35,63,2.238095238095238,141.0,0.0,0.0,2.238095238095238,141.0
qwen25_15b,100,msc_valid,38,uniform,0.5,63,2.238095238095238,141.0,0.0,0.0,2.238095238095238,141.0
qwen25_15b,100,msc_valid,38,longllmlingua,0.5,63,2.238095238095238,141.0,0.0,0.0,2.238095238095238,141.0
qwen25_15b,100,msc_valid,38,recency,0.5,63,2.2222222222222223,140.0,0.0,0.0,2.2222222222222223,140.0
qwen25_15b,100,msc_valid,38,lexical_tfidf,0.5,63,2.2222222222222223,140.0,0.0,0.0,2.2222222222222223,140.0
qwen25_15b,100,msc_valid,38,recency_keep_compress_drop,0.5,63,2.2222222222222223,140.0,0.0,0.0,2.2222222222222223,140.0
qwen25_15b,100,msc_valid,42,uniform,0.2,36,1.875,67.5,0.0,0.0,1.875,67.5
qwen25_15b,100,msc_valid,42,longllmlingua,0.2,36,2.138888888888889,77.0,0.0,0.0,2.138888888888889,77.0
qwen25_15b,100,msc_valid,42,recency,0.2,36,1.8055555555555556,65.0,0.0,0.0,1.8055555555555556,65.0
qwen25_15b,100,msc_valid,42,lexical_tfidf,0.2,36,1.8472222222222223,66.5,0.0,0.0,1.8472222222222223,66.5
qwen25_15b,100,msc_valid,42,recency_keep_compress_drop,0.2,36,1.8055555555555556,65.0,0.0,0.0,1.8055555555555556,65.0
qwen25_15b,100,msc_valid,42,uniform,0.35,36,2.0694444444444446,74.5,0.0,0.0,2.0694444444444446,74.5
qwen25_15b,100,msc_valid,42,longllmlingua,0.35,36,2.0972222222222223,75.5,0.0,0.0,2.0972222222222223,75.5
qwen25_15b,100,msc_valid,42,recency,0.35,36,1.8055555555555556,65.0,0.0,0.0,1.8055555555555556,65.0
qwen25_15b,100,msc_valid,42,lexical_tfidf,0.35,36,1.8055555555555556,65.0,0.0,0.0,1.8055555555555556,65.0
qwen25_15b,100,msc_valid,42,recency_keep_compress_drop,0.35,36,1.7777777777777777,64.0,0.0,0.0,1.7777777777777777,64.0
qwen25_15b,100,msc_valid,42,uniform,0.5,36,2.0972222222222223,75.5,0.0,0.0,2.0972222222222223,75.5
qwen25_15b,100,msc_valid,42,longllmlingua,0.5,36,2.0833333333333335,75.0,0.0,0.0,2.0833333333333335,75.0
qwen25_15b,100,msc_valid,42,recency,0.5,36,1.7916666666666667,64.5,0.0,0.0,1.7916666666666667,64.5
qwen25_15b,100,msc_valid,42,lexical_tfidf,0.5,36,1.7916666666666667,64.5,0.0,0.0,1.7916666666666667,64.5
qwen25_15b,100,msc_valid,42,recency_keep_compress_drop,0.5,36,1.7430555555555556,62.75,0.0,0.0,1.7430555555555556,62.75
qwen25_15b,100,msc_valid,46,uniform,0.2,50,2.53,126.5,0.0,0.0,2.53,126.5
qwen25_15b,100,msc_valid,46,longllmlingua,0.2,50,2.68,134.0,0.0,0.0,2.68,134.0
qwen25_15b,100,msc_valid,46,recency,0.2,50,2.54,127.0,0.0,0.0,2.54,127.0
qwen25_15b,100,msc_valid,46,lexical_tfidf,0.2,50,2.51,125.5,0.0,0.0,2.51,125.5
qwen25_15b,100,msc_valid,46,recency_keep_compress_drop,0.2,50,2.53,126.5,0.0,0.0,2.53,126.5
qwen25_15b,100,msc_valid,46,uniform,0.35,50,2.52,126.0,0.0,0.0,2.52,126.0
qwen25_15b,100,msc_valid,46,longllmlingua,0.35,50,2.66,133.0,0.0,0.0,2.66,133.0
qwen25_15b,100,msc_valid,46,recency,0.35,50,2.58,129.0,0.0,0.0,2.58,129.0
qwen25_15b,100,msc_valid,46,lexical_tfidf,0.35,50,2.51,125.5,0.0,0.0,2.51,125.5
qwen25_15b,100,msc_valid,46,recency_keep_compress_drop,0.35,50,2.52,126.0,0.0,0.0,2.52,126.0
qwen25_15b,100,msc_valid,46,uniform,0.5,50,2.53,126.5,0.0,0.0,2.53,126.5
qwen25_15b,100,msc_valid,46,longllmlingua,0.5,50,2.6,130.0,0.0,0.0,2.6,130.0
qwen25_15b,100,msc_valid,46,recency,0.5,0,0.0,0.0,0.0,0.0,0.0,0.0
qwen25_15b,100,msc_valid,46,lexical_tfidf,0.5,0,0.0,0.0,0.0,0.0,0.0,0.0
qwen25_15b,100,msc_valid,46,recency_keep_compress_drop,0.5,0,0.0,0.0,0.0,0.0,0.0,0.0
qwen25_15b,100,msc_valid,50,uniform,0.2,33,2.8333333333333335,93.5,0.0,0.0,2.8333333333333335,93.5
qwen25_15b,100,msc_valid,50,longllmlingua,0.2,33,2.727272727272727,90.0,0.0,0.0,2.727272727272727,90.0
qwen25_15b,100,msc_valid,50,recency,0.2,33,2.6515151515151514,87.5,0.0,0.0,2.6515151515151514,87.5
qwen25_15b,100,msc_valid,50,lexical_tfidf,0.2,33,2.6818181818181817,88.5,0.0,0.0,2.6818181818181817,88.5
qwen25_15b,100,msc_valid,50,recency_keep_compress_drop,0.2,33,2.6818181818181817,88.5,0.0,0.0,2.6818181818181817,88.5
qwen25_15b,100,msc_valid,50,uniform,0.35,33,2.696969696969697,89.0,0.0,0.0,2.696969696969697,89.0
qwen25_15b,100,msc_valid,50,longllmlingua,0.35,33,2.742424242424242,90.5,0.0,0.0,2.742424242424242,90.5
qwen25_15b,100,msc_valid,50,recency,0.35,0,0.0,0.0,0.0,0.0,0.0,0.0
qwen25_15b,100,msc_valid,50,lexical_tfidf,0.35,0,0.0,0.0,0.0,0.0,0.0,0.0
qwen25_15b,100,msc_valid,50,recency_keep_compress_drop,0.35,0,0.0,0.0,0.0,0.0,0.0,0.0
qwen25_15b,100,msc_valid,50,uniform,0.5,33,2.6515151515151514,87.5,0.0,0.0,2.6515151515151514,87.5
qwen25_15b,100,msc_valid,50,longllmlingua,0.5,33,2.6666666666666665,88.0,0.0,0.0,2.6666666666666665,88.0
qwen25_15b,100,msc_valid,50,recency,0.5,0,0.0,0.0,0.0,0.0,0.0,0.0
qwen25_15b,100,msc_valid,50,lexical_tfidf,0.5,0,0.0,0.0,0.0,0.0,0.0,0.0
qwen25_15b,100,msc_valid,50,recency_keep_compress_drop,0.5,0,0.0,0.0,0.0,0.0,0.0,0.0
qwen25_15b,100,msc_valid,54,uniform,0.2,27,2.0185185185185186,54.5,0.0,0.0,2.0185185185185186,54.5
qwen25_15b,100,msc_valid,54,longllmlingua,0.2,27,2.1296296296296298,57.5,0.0,0.0,2.1296296296296298,57.5
qwen25_15b,100,msc_valid,54,recency,0.2,0,0.0,0.0,0.0,0.0,0.0,0.0
qwen25_15b,100,msc_valid,54,lexical_tfidf,0.2,0,0.0,0.0,0.0,0.0,0.0,0.0
qwen25_15b,100,msc_valid,54,recency_keep_compress_drop,0.2,0,0.0,0.0,0.0,0.0,0.0,0.0
qwen25_15b,100,msc_valid,54,uniform,0.35,27,1.9722222222222223,53.25,0.0,0.0,1.9722222222222223,53.25
qwen25_15b,100,msc_valid,54,longllmlingua,0.35,27,2.175925925925926,58.75,0.0,0.0,2.175925925925926,58.75
qwen25_15b,100,msc_valid,54,recency,0.35,0,0.0,0.0,0.0,0.0,0.0,0.0
qwen25_15b,100,msc_valid,54,lexical_tfidf,0.35,0,0.0,0.0,0.0,0.0,0.0,0.0
qwen25_15b,100,msc_valid,54,recency_keep_compress_drop,0.35,0,0.0,0.0,0.0,0.0,0.0,0.0
qwen25_15b,100,msc_valid,54,uniform,0.5,27,2.0,54.0,0.0,0.0,2.0,54.0
qwen25_15b,100,msc_valid,54,longllmlingua,0.5,27,2.1574074074074074,58.25,0.0,0.0,2.1574074074074074,58.25
qwen25_15b,100,msc_valid,54,recency,0.5,0,0.0,0.0,0.0,0.0,0.0,0.0
qwen25_15b,100,msc_valid,54,lexical_tfidf,0.5,0,0.0,0.0,0.0,0.0,0.0,0.0
qwen25_15b,100,msc_valid,54,recency_keep_compress_drop,0.5,0,0.0,0.0,0.0,0.0,0.0,0.0
qwen25_15b,100,msc_valid,58,uniform,0.2,13,3.6153846153846154,47.0,0.0,0.0,3.6153846153846154,47.0
qwen25_15b,100,msc_valid,58,longllmlingua,0.2,13,3.4615384615384617,45.0,0.0,0.0,3.4615384615384617,45.0
qwen25_15b,100,msc_valid,58,recency,0.2,0,0.0,0.0,0.0,0.0,0.0,0.0
qwen25_15b,100,msc_valid,58,lexical_tfidf,0.2,0,0.0,0.0,0.0,0.0,0.0,0.0
qwen25_15b,100,msc_valid,58,recency_keep_compress_drop,0.2,0,0.0,0.0,0.0,0.0,0.0,0.0
qwen25_15b,100,msc_valid,58,uniform,0.35,13,3.4038461538461537,44.25,0.0,0.0,3.4038461538461537,44.25
qwen25_15b,100,msc_valid,58,longllmlingua,0.35,13,3.6538461538461537,47.5,0.0,0.0,3.6538461538461537,47.5
qwen25_15b,100,msc_valid,58,recency,0.35,0,0.0,0.0,0.0,0.0,0.0,0.0
qwen25_15b,100,msc_valid,58,lexical_tfidf,0.35,0,0.0,0.0,0.0,0.0,0.0,0.0
qwen25_15b,100,msc_valid,58,recency_keep_compress_drop,0.35,0,0.0,0.0,0.0,0.0,0.0,0.0
qwen25_15b,100,msc_valid,58,uniform,0.5,0,0.0,0.0,0.0,0.0,0.0,0.0
qwen25_15b,100,msc_valid,58,longllmlingua,0.5,13,3.576923076923077,46.5,0.0,0.0,3.576923076923077,46.5
qwen25_15b,100,msc_valid,58,recency,0.5,0,0.0,0.0,0.0,0.0,0.0,0.0
qwen25_15b,100,msc_valid,58,lexical_tfidf,0.5,0,0.0,0.0,0.0,0.0,0.0,0.0
qwen25_15b,100,msc_valid,58,recency_keep_compress_drop,0.5,0,0.0,0.0,0.0,0.0,0.0,0.0
qwen25_15b,100,msc_valid,62,uniform,0.2,23,2.3260869565217392,53.5,0.0,0.0,2.3260869565217392,53.5
qwen25_15b,100,msc_valid,62,longllmlingua,0.2,23,2.391304347826087,55.0,0.0,0.0,2.391304347826087,55.0
qwen25_15b,100,msc_valid,62,recency,0.2,0,0.0,0.0,0.0,0.0,0.0,0.0
qwen25_15b,100,msc_valid,62,lexical_tfidf,0.2,0,0.0,0.0,0.0,0.0,0.0,0.0
qwen25_15b,100,msc_valid,62,recency_keep_compress_drop,0.2,0,0.0,0.0,0.0,0.0,0.0,0.0
qwen25_15b,100,msc_valid,62,uniform,0.35,23,2.130434782608696,49.0,0.0,0.0,2.130434782608696,49.0
qwen25_15b,100,msc_valid,62,longllmlingua,0.35,23,2.358695652173913,54.25,0.0,0.0,2.358695652173913,54.25
qwen25_15b,100,msc_valid,62,recency,0.35,0,0.0,0.0,0.0,0.0,0.0,0.0
qwen25_15b,100,msc_valid,62,lexical_tfidf,0.35,0,0.0,0.0,0.0,0.0,0.0,0.0
qwen25_15b,100,msc_valid,62,recency_keep_compress_drop,0.35,0,0.0,0.0,0.0,0.0,0.0,0.0
qwen25_15b,100,msc_valid,62,uniform,0.5,23,2.0652173913043477,47.5,0.0,0.0,2.0652173913043477,47.5
qwen25_15b,100,msc_valid,62,longllmlingua,0.5,23,2.239130434782609,51.5,0.0,0.0,2.239130434782609,51.5
qwen25_15b,100,msc_valid,62,recency,0.5,0,0.0,0.0,0.0,0.0,0.0,0.0
qwen25_15b,100,msc_valid,62,lexical_tfidf,0.5,0,0.0,0.0,0.0,0.0,0.0,0.0
qwen25_15b,100,msc_valid,62,recency_keep_compress_drop,0.5,0,0.0,0.0,0.0,0.0,0.0,0.0
qwen25_15b,121,msc_valid,4,uniform,0.2,12,4.479166666666667,53.75,3.6041666666666665,43.25,0.8750000000000004,10.5
qwen25_15b,121,msc_valid,4,longllmlingua,0.2,12,4.0625,48.75,3.6041666666666665,43.25,0.4583333333333335,5.5
qwen25_15b,121,msc_valid,4,recency,0.2,12,4.479166666666667,53.75,3.6041666666666665,43.25,0.8750000000000004,10.5
qwen25_15b,121,msc_valid,4,lexical_tfidf,0.2,12,4.479166666666667,53.75,3.6041666666666665,43.25,0.8750000000000004,10.5
qwen25_15b,121,msc_valid,4,recency_keep_compress_drop,0.2,12,4.479166666666667,53.75,3.6041666666666665,43.25,0.8750000000000004,10.5
qwen25_15b,121,msc_valid,4,uniform,0.35,12,3.875,46.5,3.6041666666666665,43.25,0.2708333333333335,3.25
qwen25_15b,121,msc_valid,4,longllmlingua,0.35,12,3.8541666666666665,46.25,3.6041666666666665,43.25,0.25,3.0
qwen25_15b,121,msc_valid,4,recency,0.35,12,3.875,46.5,3.6041666666666665,43.25,0.2708333333333335,3.25
qwen25_15b,121,msc_valid,4,lexical_tfidf,0.35,12,3.875,46.5,3.6041666666666665,43.25,0.2708333333333335,3.25
qwen25_15b,121,msc_valid,4,recency_keep_compress_drop,0.35,12,3.875,46.5,3.6041666666666665,43.25,0.2708333333333335,3.25
qwen25_15b,121,msc_valid,4,uniform,0.5,12,3.875,46.5,3.6041666666666665,43.25,0.2708333333333335,3.25
qwen25_15b,121,msc_valid,4,longllmlingua,0.5,12,3.7291666666666665,44.75,3.6041666666666665,43.25,0.125,1.5
qwen25_15b,121,msc_valid,4,recency,0.5,12,3.875,46.5,3.6041666666666665,43.25,0.2708333333333335,3.25
qwen25_15b,121,msc_valid,4,lexical_tfidf,0.5,12,3.875,46.5,3.6041666666666665,43.25,0.2708333333333335,3.25
qwen25_15b,121,msc_valid,4,recency_keep_compress_drop,0.5,12,3.875,46.5,3.6041666666666665,43.25,0.2708333333333335,3.25
qwen25_15b,121,msc_valid,8,uniform,0.2,11,3.772727272727273,41.5,3.409090909090909,37.5,0.36363636363636376,4.0
qwen25_15b,121,msc_valid,8,longllmlingua,0.2,11,3.6363636363636362,40.0,3.409090909090909,37.5,0.22727272727272707,2.5
qwen25_15b,121,msc_valid,8,recency,0.2,11,4.068181818181818,44.75,3.409090909090909,37.5,0.6590909090909092,7.25
qwen25_15b,121,msc_valid,8,lexical_tfidf,0.2,11,4.045454545454546,44.5,3.409090909090909,37.5,0.6363636363636367,7.0
qwen25_15b,121,msc_valid,8,recency_keep_compress_drop,0.2,11,4.068181818181818,44.75,3.409090909090909,37.5,0.6590909090909092,7.25
qwen25_15b,121,msc_valid,8,uniform,0.35,11,4.159090909090909,45.75,3.409090909090909,37.5,0.75,8.25
qwen25_15b,121,msc_valid,8,longllmlingua,0.35,11,3.5681818181818183,39.25,3.409090909090909,37.5,0.15909090909090917,1.75
qwen25_15b,121,msc_valid,8,recency,0.35,11,3.840909090909091,42.25,3.409090909090909,37.5,0.43181818181818166,4.75
qwen25_15b,121,msc_valid,8,lexical_tfidf,0.35,11,4.045454545454546,44.5,3.409090909090909,37.5,0.6363636363636367,7.0
qwen25_15b,121,msc_valid,8,recency_keep_compress_drop,0.35,11,3.659090909090909,40.25,3.409090909090909,37.5,0.25,2.75
qwen25_15b,121,msc_valid,8,uniform,0.5,11,3.8181818181818183,42.0,3.409090909090909,37.5,0.40909090909090917,4.5
qwen25_15b,121,msc_valid,8,longllmlingua,0.5,11,3.3181818181818183,36.5,3.409090909090909,37.5,-0.09090909090909083,-1.0
qwen25_15b,121,msc_valid,8,recency,0.5,11,3.727272727272727,41.0,3.409090909090909,37.5,0.3181818181818179,3.5
qwen25_15b,121,msc_valid,8,lexical_tfidf,0.5,11,3.522727272727273,38.75,3.409090909090909,37.5,0.11363636363636376,1.25
qwen25_15b,121,msc_valid,8,recency_keep_compress_drop,0.5,11,3.3863636363636362,37.25,3.409090909090909,37.5,-0.02272727272727293,-0.25
qwen25_15b,121,msc_valid,12,uniform,0.2,16,4.46875,71.5,3.96875,63.5,0.5,8.0
qwen25_15b,121,msc_valid,12,longllmlingua,0.2,16,4.21875,67.5,3.96875,63.5,0.25,4.0
qwen25_15b,121,msc_valid,12,recency,0.2,16,4.34375,69.5,3.96875,63.5,0.375,6.0
qwen25_15b,121,msc_valid,12,lexical_tfidf,0.2,16,4.53125,72.5,3.96875,63.5,0.5625,9.0
qwen25_15b,121,msc_valid,12,recency_keep_compress_drop,0.2,16,3.984375,63.75,3.96875,63.5,0.015625,0.25
qwen25_15b,121,msc_valid,12,uniform,0.35,16,4.28125,68.5,3.96875,63.5,0.3125,5.0
qwen25_15b,121,msc_valid,12,longllmlingua,0.35,16,4.34375,69.5,3.96875,63.5,0.375,6.0
qwen25_15b,121,msc_valid,12,recency,0.35,16,4.0,64.0,3.96875,63.5,0.03125,0.5
qwen25_15b,121,msc_valid,12,lexical_tfidf,0.35,16,4.09375,65.5,3.96875,63.5,0.125,2.0
qwen25_15b,121,msc_valid,12,recency_keep_compress_drop,0.35,16,3.859375,61.75,3.96875,63.5,-0.109375,-1.75
qwen25_15b,121,msc_valid,12,uniform,0.5,16,4.25,68.0,3.96875,63.5,0.28125,4.5
qwen25_15b,121,msc_valid,12,longllmlingua,0.5,16,4.15625,66.5,3.96875,63.5,0.1875,3.0
qwen25_15b,121,msc_valid,12,recency,0.5,16,3.9375,63.0,3.96875,63.5,-0.03125,-0.5
qwen25_15b,121,msc_valid,12,lexical_tfidf,0.5,16,4.25,68.0,3.96875,63.5,0.28125,4.5
qwen25_15b,121,msc_valid,12,recency_keep_compress_drop,0.5,16,3.9375,63.0,3.96875,63.5,-0.03125,-0.5
qwen25_15b,121,msc_valid,16,uniform,0.2,17,3.3529411764705883,57.0,2.3529411764705883,40.0,1.0,17.0
qwen25_15b,121,msc_valid,16,longllmlingua,0.2,17,3.485294117647059,59.25,2.3529411764705883,40.0,1.1323529411764706,19.25
qwen25_15b,121,msc_valid,16,recency,0.2,17,3.1029411764705883,52.75,2.3529411764705883,40.0,0.75,12.75
qwen25_15b,121,msc_valid,16,lexical_tfidf,0.2,17,3.1911764705882355,54.25,2.3529411764705883,40.0,0.8382352941176472,14.25
qwen25_15b,121,msc_valid,16,recency_keep_compress_drop,0.2,17,3.014705882352941,51.25,2.3529411764705883,40.0,0.6617647058823528,11.25
qwen25_15b,121,msc_valid,16,uniform,0.35,17,3.2058823529411766,54.5,2.3529411764705883,40.0,0.8529411764705883,14.5
qwen25_15b,121,msc_valid,16,longllmlingua,0.35,17,3.1911764705882355,54.25,2.3529411764705883,40.0,0.8382352941176472,14.25
qwen25_15b,121,msc_valid,16,recency,0.35,17,2.514705882352941,42.75,2.3529411764705883,40.0,0.1617647058823528,2.75
qwen25_15b,121,msc_valid,16,lexical_tfidf,0.35,17,2.7794117647058822,47.25,2.3529411764705883,40.0,0.42647058823529393,7.25
qwen25_15b,121,msc_valid,16,recency_keep_compress_drop,0.35,17,2.4411764705882355,41.5,2.3529411764705883,40.0,0.08823529411764719,1.5
qwen25_15b,121,msc_valid,16,uniform,0.5,17,2.5588235294117645,43.5,2.3529411764705883,40.0,0.20588235294117618,3.5
qwen25_15b,121,msc_valid,16,longllmlingua,0.5,17,3.0294117647058822,51.5,2.3529411764705883,40.0,0.6764705882352939,11.5
qwen25_15b,121,msc_valid,16,recency,0.5,17,2.3970588235294117,40.75,2.3529411764705883,40.0,0.04411764705882337,0.75
qwen25_15b,121,msc_valid,16,lexical_tfidf,0.5,17,2.764705882352941,47.0,2.3529411764705883,40.0,0.4117647058823528,7.0
qwen25_15b,121,msc_valid,16,recency_keep_compress_drop,0.5,17,2.3676470588235294,40.25,2.3529411764705883,40.0,0.014705882352941124,0.25
qwen25_15b,121,msc_valid,20,uniform,0.2,44,2.6931818181818183,118.5,2.397727272727273,105.5,0.2954545454545454,13.0
qwen25_15b,121,msc_valid,20,longllmlingua,0.2,44,2.5454545454545454,112.0,2.397727272727273,105.5,0.14772727272727249,6.5
qwen25_15b,121,msc_valid,20,recency,0.2,44,2.8295454545454546,124.5,2.397727272727273,105.5,0.43181818181818166,19.0
qwen25_15b,121,msc_valid,20,lexical_tfidf,0.2,44,2.8636363636363638,126.0,2.397727272727273,105.5,0.46590909090909083,20.5
qwen25_15b,121,msc_valid,20,recency_keep_compress_drop,0.2,44,2.7386363636363638,120.5,2.397727272727273,105.5,0.34090909090909083,15.0
qwen25_15b,121,msc_valid,20,uniform,0.35,44,2.602272727272727,114.5,2.397727272727273,105.5,0.20454545454545414,9.0
qwen25_15b,121,msc_valid,20,longllmlingua,0.35,44,2.4431818181818183,107.5,2.397727272727273,105.5,0.045454545454545414,2.0
qwen25_15b,121,msc_valid,20,recency,0.35,44,2.659090909090909,117.0,2.397727272727273,105.5,0.26136363636363624,11.5
qwen25_15b,121,msc_valid,20,lexical_tfidf,0.35,44,2.715909090909091,119.5,2.397727272727273,105.5,0.3181818181818179,14.0
qwen25_15b,121,msc_valid,20,recency_keep_compress_drop,0.35,44,2.6704545454545454,117.5,2.397727272727273,105.5,0.2727272727272725,12.0
qwen25_15b,121,msc_valid,20,uniform,0.5,44,2.5795454545454546,113.5,2.397727272727273,105.5,0.18181818181818166,8.0
qwen25_15b,121,msc_valid,20,longllmlingua,0.5,44,2.409090909090909,106.0,2.397727272727273,105.5,0.011363636363636243,0.5
qwen25_15b,121,msc_valid,20,recency,0.5,44,2.590909090909091,114.0,2.397727272727273,105.5,0.1931818181818179,8.5
qwen25_15b,121,msc_valid,20,lexical_tfidf,0.5,44,2.7045454545454546,119.0,2.397727272727273,105.5,0.30681818181818166,13.5
qwen25_15b,121,msc_valid,20,recency_keep_compress_drop,0.5,44,2.5568181818181817,112.5,2.397727272727273,105.5,0.15909090909090873,7.0
qwen25_15b,121,msc_valid,24,uniform,0.2,27,3.462962962962963,93.5,2.537037037037037,68.5,0.9259259259259256,25.0
qwen25_15b,121,msc_valid,24,longllmlingua,0.2,27,3.240740740740741,87.5,2.537037037037037,68.5,0.7037037037037037,19.0
qwen25_15b,121,msc_valid,24,recency,0.2,27,3.462962962962963,93.5,2.537037037037037,68.5,0.9259259259259256,25.0
qwen25_15b,121,msc_valid,24,lexical_tfidf,0.2,27,3.388888888888889,91.5,2.537037037037037,68.5,0.8518518518518516,23.0
qwen25_15b,121,msc_valid,24,recency_keep_compress_drop,0.2,27,3.2037037037037037,86.5,2.537037037037037,68.5,0.6666666666666665,18.0
qwen25_15b,121,msc_valid,24,uniform,0.35,27,3.0925925925925926,83.5,2.537037037037037,68.5,0.5555555555555554,15.0
qwen25_15b,121,msc_valid,24,longllmlingua,0.35,27,3.2037037037037037,86.5,2.537037037037037,68.5,0.6666666666666665,18.0
qwen25_15b,121,msc_valid,24,recency,0.35,27,3.1296296296296298,84.5,2.537037037037037,68.5,0.5925925925925926,16.0
qwen25_15b,121,msc_valid,24,lexical_tfidf,0.35,27,3.2222222222222223,87.0,2.537037037037037,68.5,0.6851851851851851,18.5
qwen25_15b,121,msc_valid,24,recency_keep_compress_drop,0.35,27,2.814814814814815,76.0,2.537037037037037,68.5,0.2777777777777777,7.5
qwen25_15b,121,msc_valid,24,uniform,0.5,27,2.9814814814814814,80.5,2.537037037037037,68.5,0.4444444444444442,12.0
qwen25_15b,121,msc_valid,24,longllmlingua,0.5,27,3.1481481481481484,85.0,2.537037037037037,68.5,0.6111111111111112,16.5
qwen25_15b,121,msc_valid,24,recency,0.5,27,2.9814814814814814,80.5,2.537037037037037,68.5,0.4444444444444442,12.0
qwen25_15b,121,msc_valid,24,lexical_tfidf,0.5,27,2.8518518518518516,77.0,2.537037037037037,68.5,0.31481481481481444,8.5
qwen25_15b,121,msc_valid,24,recency_keep_compress_drop,0.5,27,2.759259259259259,74.5,2.537037037037037,68.5,0.22222222222222188,6.0
qwen25_15b,121,msc_valid,28,uniform,0.2,25,2.32,58.0,2.22,55.5,0.09999999999999964,2.5
qwen25_15b,121,msc_valid,28,longllmlingua,0.2,25,2.16,54.0,2.22,55.5,-0.06000000000000005,-1.5
qwen25_15b,121,msc_valid,28,recency,0.2,25,2.21,55.25,2.22,55.5,-0.010000000000000231,-0.25
qwen25_15b,121,msc_valid,28,lexical_tfidf,0.2,25,2.36,59.0,2.22,55.5,0.13999999999999968,3.5
qwen25_15b,121,msc_valid,28,recency_keep_compress_drop,0.2,25,2.2,55.0,2.22,55.5,-0.020000000000000018,-0.5
qwen25_15b,121,msc_valid,28,uniform,0.35,25,2.34,58.5,2.22,55.5,0.11999999999999966,3.0
qwen25_15b,121,msc_valid,28,longllmlingua,0.35,25,2.24,56.0,2.22,55.5,0.020000000000000018,0.5
qwen25_15b,121,msc_valid,28,recency,0.35,25,2.24,56.0,2.22,55.5,0.020000000000000018,0.5
qwen25_15b,121,msc_valid,28,lexical_tfidf,0.35,25,2.21,55.25,2.22,55.5,-0.010000000000000231,-0.25
qwen25_15b,121,msc_valid,28,recency_keep_compress_drop,0.35,25,2.27,56.75,2.22,55.5,0.04999999999999982,1.25
qwen25_15b,121,msc_valid,28,uniform,0.5,25,2.32,58.0,2.22,55.5,0.09999999999999964,2.5
qwen25_15b,121,msc_valid,28,longllmlingua,0.5,25,2.26,56.5,2.22,55.5,0.03999999999999959,1.0
qwen25_15b,121,msc_valid,28,recency,0.5,25,2.24,56.0,2.22,55.5,0.020000000000000018,0.5
qwen25_15b,121,msc_valid,28,lexical_tfidf,0.5,25,2.25,56.25,2.22,55.5,0.029999999999999805,0.75
qwen25_15b,121,msc_valid,28,recency_keep_compress_drop,0.5,25,2.28,57.0,2.22,55.5,0.05999999999999961,1.5
qwen25_15b,121,msc_valid,32,uniform,0.2,28,2.75,77.0,2.3035714285714284,64.5,0.4464285714285716,12.5
qwen25_15b,121,msc_valid,32,longllmlingua,0.2,28,2.7857142857142856,78.0,2.3035714285714284,64.5,0.4821428571428572,13.5
qwen25_15b,121,msc_valid,32,recency,0.2,28,2.482142857142857,69.5,2.3035714285714284,64.5,0.17857142857142883,5.0
qwen25_15b,121,msc_valid,32,lexical_tfidf,0.2,28,2.5892857142857144,72.5,2.3035714285714284,64.5,0.28571428571428603,8.0
qwen25_15b,121,msc_valid,32,recency_keep_compress_drop,0.2,28,2.4642857142857144,69.0,2.3035714285714284,64.5,0.16071428571428603,4.5
qwen25_15b,121,msc_valid,32,uniform,0.35,28,2.6964285714285716,75.5,2.3035714285714284,64.5,0.39285714285714324,11.0
qwen25_15b,121,msc_valid,32,longllmlingua,0.35,28,2.6964285714285716,75.5,2.3035714285714284,64.5,0.39285714285714324,11.0
qwen25_15b,121,msc_valid,32,recency,0.35,28,2.3392857142857144,65.5,2.3035714285714284,64.5,0.03571428571428603,1.0
qwen25_15b,121,msc_valid,32,lexical_tfidf,0.35,28,2.5714285714285716,72.0,2.3035714285714284,64.5,0.26785714285714324,7.5
qwen25_15b,121,msc_valid,32,recency_keep_compress_drop,0.35,28,2.4285714285714284,68.0,2.3035714285714284,64.5,0.125,3.5
qwen25_15b,121,msc_valid,32,uniform,0.5,28,2.5535714285714284,71.5,2.3035714285714284,64.5,0.25,7.0
qwen25_15b,121,msc_valid,32,longllmlingua,0.5,28,2.642857142857143,74.0,2.3035714285714284,64.5,0.3392857142857144,9.5
qwen25_15b,121,msc_valid,32,recency,0.5,28,2.4464285714285716,68.5,2.3035714285714284,64.5,0.14285714285714324,4.0
qwen25_15b,121,msc_valid,32,lexical_tfidf,0.5,28,2.5,70.0,2.3035714285714284,64.5,0.19642857142857162,5.5
qwen25_15b,121,msc_valid,32,recency_keep_compress_drop,0.5,28,2.4285714285714284,68.0,2.3035714285714284,64.5,0.125,3.5
qwen25_15b,121,msc_valid,34,uniform,0.2,16,2.40625,38.5,2.234375,35.75,0.171875,2.75
qwen25_15b,121,msc_valid,34,longllmlingua,0.2,16,2.640625,42.25,2.234375,35.75,0.40625,6.5
qwen25_15b,121,msc_valid,34,recency,0.2,16,2.375,38.0,2.234375,35.75,0.140625,2.25
qwen25_15b,121,msc_valid,34,lexical_tfidf,0.2,16,2.296875,36.75,2.234375,35.75,0.0625,1.0
qwen25_15b,121,msc_valid,34,recency_keep_compress_drop,0.2,16,2.390625,38.25,2.234375,35.75,0.15625,2.5
qwen25_15b,121,msc_valid,34,uniform,0.35,16,2.4375,39.0,2.234375,35.75,0.203125,3.25
qwen25_15b,121,msc_valid,34,longllmlingua,0.35,16,2.5625,41.0,2.234375,35.75,0.328125,5.25
qwen25_15b,121,msc_valid,34,recency,0.35,16,2.203125,35.25,2.234375,35.75,-0.03125,-0.5
qwen25_15b,121,msc_valid,34,lexical_tfidf,0.35,16,2.359375,37.75,2.234375,35.75,0.125,2.0
qwen25_15b,121,msc_valid,34,recency_keep_compress_drop,0.35,16,2.3125,37.0,2.234375,35.75,0.078125,1.25
qwen25_15b,121,msc_valid,34,uniform,0.5,16,2.453125,39.25,2.234375,35.75,0.21875,3.5
qwen25_15b,121,msc_valid,34,longllmlingua,0.5,16,2.546875,40.75,2.234375,35.75,0.3125,5.0
qwen25_15b,121,msc_valid,34,recency,0.5,16,2.265625,36.25,2.234375,35.75,0.03125,0.5
qwen25_15b,121,msc_valid,34,lexical_tfidf,0.5,16,2.28125,36.5,2.234375,35.75,0.046875,0.75
qwen25_15b,121,msc_valid,34,recency_keep_compress_drop,0.5,16,2.296875,36.75,2.234375,35.75,0.0625,1.0
qwen25_15b,121,msc_valid,38,uniform,0.2,10,4.825,48.25,3.0,30.0,1.8250000000000002,18.25
qwen25_15b,121,msc_valid,38,longllmlingua,0.2,10,4.925,49.25,3.0,30.0,1.9249999999999998,19.25
qwen25_15b,121,msc_valid,38,recency,0.2,10,4.375,43.75,3.0,30.0,1.375,13.75
qwen25_15b,121,msc_valid,38,lexical_tfidf,0.2,10,4.5,45.0,3.0,30.0,1.5,15.0
qwen25_15b,121,msc_valid,38,recency_keep_compress_drop,0.2,10,4.35,43.5,3.0,30.0,1.3499999999999996,13.5
qwen25_15b,121,msc_valid,38,uniform,0.35,10,4.7,47.0,3.0,30.0,1.7000000000000002,17.0
qwen25_15b,121,msc_valid,38,longllmlingua,0.35,10,4.35,43.5,3.0,30.0,1.3499999999999996,13.5
qwen25_15b,121,msc_valid,38,recency,0.35,10,3.375,33.75,3.0,30.0,0.375,3.75
qwen25_15b,121,msc_valid,38,lexical_tfidf,0.35,10,4.175,41.75,3.0,30.0,1.1749999999999998,11.75
qwen25_15b,121,msc_valid,38,recency_keep_compress_drop,0.35,10,3.225,32.25,3.0,30.0,0.2250000000000001,2.25
qwen25_15b,121,msc_valid,38,uniform,0.5,10,4.125,41.25,3.0,30.0,1.125,11.25
qwen25_15b,121,msc_valid,38,longllmlingua,0.5,10,4.375,43.75,3.0,30.0,1.375,13.75
qwen25_15b,121,msc_valid,38,recency,0.5,10,3.325,33.25,3.0,30.0,0.3250000000000002,3.25
qwen25_15b,121,msc_valid,38,lexical_tfidf,0.5,10,3.225,32.25,3.0,30.0,0.2250000000000001,2.25
qwen25_15b,121,msc_valid,38,recency_keep_compress_drop,0.5,10,3.3,33.0,3.0,30.0,0.2999999999999998,3.0
qwen25_15b,121,msc_valid,42,uniform,0.2,35,2.557142857142857,89.5,0.0,0.0,2.557142857142857,89.5
qwen25_15b,121,msc_valid,42,longllmlingua,0.2,35,2.4,84.0,0.0,0.0,2.4,84.0
qwen25_15b,121,msc_valid,42,recency,0.2,35,2.2857142857142856,80.0,0.0,0.0,2.2857142857142856,80.0
qwen25_15b,121,msc_valid,42,lexical_tfidf,0.2,35,2.357142857142857,82.5,0.0,0.0,2.357142857142857,82.5
qwen25_15b,121,msc_valid,42,recency_keep_compress_drop,0.2,35,2.2,77.0,0.0,0.0,2.2,77.0
qwen25_15b,121,msc_valid,42,uniform,0.35,35,2.5142857142857142,88.0,0.0,0.0,2.5142857142857142,88.0
qwen25_15b,121,msc_valid,42,longllmlingua,0.35,35,2.357142857142857,82.5,0.0,0.0,2.357142857142857,82.5
qwen25_15b,121,msc_valid,42,recency,0.35,35,2.242857142857143,78.5,0.0,0.0,2.242857142857143,78.5
qwen25_15b,121,msc_valid,42,lexical_tfidf,0.35,35,2.1857142857142855,76.5,0.0,0.0,2.1857142857142855,76.5
qwen25_15b,121,msc_valid,42,recency_keep_compress_drop,0.35,35,2.2142857142857144,77.5,0.0,0.0,2.2142857142857144,77.5
qwen25_15b,121,msc_valid,42,uniform,0.5,35,2.414285714285714,84.5,0.0,0.0,2.414285714285714,84.5
qwen25_15b,121,msc_valid,42,longllmlingua,0.5,35,2.242857142857143,78.5,0.0,0.0,2.242857142857143,78.5
qwen25_15b,121,msc_valid,42,recency,0.5,35,2.2142857142857144,77.5,0.0,0.0,2.2142857142857144,77.5
qwen25_15b,121,msc_valid,42,lexical_tfidf,0.5,35,2.1714285714285713,76.0,0.0,0.0,2.1714285714285713,76.0
qwen25_15b,121,msc_valid,42,recency_keep_compress_drop,0.5,35,2.1714285714285713,76.0,0.0,0.0,2.1714285714285713,76.0
qwen25_15b,121,msc_valid,46,uniform,0.2,41,2.548780487804878,104.5,0.0,0.0,2.548780487804878,104.5
qwen25_15b,121,msc_valid,46,longllmlingua,0.2,41,2.597560975609756,106.5,0.0,0.0,2.597560975609756,106.5
qwen25_15b,121,msc_valid,46,recency,0.2,41,2.4634146341463414,101.0,0.0,0.0,2.4634146341463414,101.0
qwen25_15b,121,msc_valid,46,lexical_tfidf,0.2,41,2.573170731707317,105.5,0.0,0.0,2.573170731707317,105.5
qwen25_15b,121,msc_valid,46,recency_keep_compress_drop,0.2,41,2.451219512195122,100.5,0.0,0.0,2.451219512195122,100.5
qwen25_15b,121,msc_valid,46,uniform,0.35,41,2.5609756097560976,105.0,0.0,0.0,2.5609756097560976,105.0
qwen25_15b,121,msc_valid,46,longllmlingua,0.35,41,2.573170731707317,105.5,0.0,0.0,2.573170731707317,105.5
qwen25_15b,121,msc_valid,46,recency,0.35,41,2.4390243902439024,100.0,0.0,0.0,2.4390243902439024,100.0
qwen25_15b,121,msc_valid,46,lexical_tfidf,0.35,41,2.524390243902439,103.5,0.0,0.0,2.524390243902439,103.5
qwen25_15b,121,msc_valid,46,recency_keep_compress_drop,0.35,41,2.4634146341463414,101.0,0.0,0.0,2.4634146341463414,101.0
qwen25_15b,121,msc_valid,46,uniform,0.5,41,2.475609756097561,101.5,0.0,0.0,2.475609756097561,101.5
qwen25_15b,121,msc_valid,46,longllmlingua,0.5,41,2.573170731707317,105.5,0.0,0.0,2.573170731707317,105.5
qwen25_15b,121,msc_valid,46,recency,0.5,41,2.475609756097561,101.5,0.0,0.0,2.475609756097561,101.5
qwen25_15b,121,msc_valid,46,lexical_tfidf,0.5,41,2.524390243902439,103.5,0.0,0.0,2.524390243902439,103.5
qwen25_15b,121,msc_valid,46,recency_keep_compress_drop,0.5,41,2.4146341463414633,99.0,0.0,0.0,2.4146341463414633,99.0
qwen25_15b,121,msc_valid,50,uniform,0.2,17,2.323529411764706,39.5,0.0,0.0,2.323529411764706,39.5
qwen25_15b,121,msc_valid,50,longllmlingua,0.2,17,2.264705882352941,38.5,0.0,0.0,2.264705882352941,38.5
qwen25_15b,121,msc_valid,50,recency,0.2,17,2.264705882352941,38.5,0.0,0.0,2.264705882352941,38.5
qwen25_15b,121,msc_valid,50,lexical_tfidf,0.2,17,2.3823529411764706,40.5,0.0,0.0,2.3823529411764706,40.5
qwen25_15b,121,msc_valid,50,recency_keep_compress_drop,0.2,17,2.264705882352941,38.5,0.0,0.0,2.264705882352941,38.5
qwen25_15b,121,msc_valid,50,uniform,0.35,17,2.411764705882353,41.0,0.0,0.0,2.411764705882353,41.0
qwen25_15b,121,msc_valid,50,longllmlingua,0.35,17,2.2205882352941178,37.75,0.0,0.0,2.2205882352941178,37.75
qwen25_15b,121,msc_valid,50,recency,0.35,17,2.2794117647058822,38.75,0.0,0.0,2.2794117647058822,38.75
qwen25_15b,121,msc_valid,50,lexical_tfidf,0.35,17,2.323529411764706,39.5,0.0,0.0,2.323529411764706,39.5
qwen25_15b,121,msc_valid,50,recency_keep_compress_drop,0.35,17,2.323529411764706,39.5,0.0,0.0,2.323529411764706,39.5
qwen25_15b,121,msc_valid,50,uniform,0.5,17,2.5,42.5,0.0,0.0,2.5,42.5
qwen25_15b,121,msc_valid,50,longllmlingua,0.5,17,2.2058823529411766,37.5,0.0,0.0,2.2058823529411766,37.5
qwen25_15b,121,msc_valid,50,recency,0.5,17,2.2205882352941178,37.75,0.0,0.0,2.2205882352941178,37.75
qwen25_15b,121,msc_valid,50,lexical_tfidf,0.5,17,2.338235294117647,39.75,0.0,0.0,2.338235294117647,39.75
qwen25_15b,121,msc_valid,50,recency_keep_compress_drop,0.5,17,2.323529411764706,39.5,0.0,0.0,2.323529411764706,39.5
qwen25_15b,121,msc_valid,54,uniform,0.2,48,3.125,150.0,0.0,0.0,3.125,150.0
qwen25_15b,121,msc_valid,54,longllmlingua,0.2,48,3.125,150.0,0.0,0.0,3.125,150.0
qwen25_15b,121,msc_valid,54,recency,0.2,48,3.1875,153.0,0.0,0.0,3.1875,153.0
qwen25_15b,121,msc_valid,54,lexical_tfidf,0.2,48,3.1875,153.0,0.0,0.0,3.1875,153.0
qwen25_15b,121,msc_valid,54,recency_keep_compress_drop,0.2,48,3.1458333333333335,151.0,0.0,0.0,3.1458333333333335,151.0
qwen25_15b,121,msc_valid,54,uniform,0.35,48,3.2083333333333335,154.0,0.0,0.0,3.2083333333333335,154.0
qwen25_15b,121,msc_valid,54,longllmlingua,0.35,48,3.1041666666666665,149.0,0.0,0.0,3.1041666666666665,149.0
qwen25_15b,121,msc_valid,54,recency,0.35,48,3.2083333333333335,154.0,0.0,0.0,3.2083333333333335,154.0
qwen25_15b,121,msc_valid,54,lexical_tfidf,0.35,48,3.2083333333333335,154.0,0.0,0.0,3.2083333333333335,154.0
qwen25_15b,121,msc_valid,54,recency_keep_compress_drop,0.35,48,3.1875,153.0,0.0,0.0,3.1875,153.0
qwen25_15b,121,msc_valid,54,uniform,0.5,48,3.1666666666666665,152.0,0.0,0.0,3.1666666666666665,152.0
qwen25_15b,121,msc_valid,54,longllmlingua,0.5,48,3.1875,153.0,0.0,0.0,3.1875,153.0
qwen25_15b,121,msc_valid,54,recency,0.5,6,3.0833333333333335,18.5,0.0,0.0,3.0833333333333335,18.5
qwen25_15b,121,msc_valid,54,lexical_tfidf,0.5,10,4.025,40.25,0.0,0.0,4.025,40.25
qwen25_15b,121,msc_valid,54,recency_keep_compress_drop,0.5,6,3.0416666666666665,18.25,0.0,0.0,3.0416666666666665,18.25
qwen25_15b,121,msc_valid,58,uniform,0.2,42,3.119047619047619,131.0,0.0,0.0,3.119047619047619,131.0
qwen25_15b,121,msc_valid,58,longllmlingua,0.2,42,3.0476190476190474,128.0,0.0,0.0,3.0476190476190474,128.0
qwen25_15b,121,msc_valid,58,recency,0.2,42,3.0714285714285716,129.0,0.0,0.0,3.0714285714285716,129.0
qwen25_15b,121,msc_valid,58,lexical_tfidf,0.2,42,2.9642857142857144,124.5,0.0,0.0,2.9642857142857144,124.5
qwen25_15b,121,msc_valid,58,recency_keep_compress_drop,0.2,42,2.892857142857143,121.5,0.0,0.0,2.892857142857143,121.5
qwen25_15b,121,msc_valid,58,uniform,0.35,42,3.261904761904762,137.0,0.0,0.0,3.261904761904762,137.0
qwen25_15b,121,msc_valid,58,longllmlingua,0.35,42,2.9166666666666665,122.5,0.0,0.0,2.9166666666666665,122.5
qwen25_15b,121,msc_valid,58,recency,0.35,0,0.0,0.0,0.0,0.0,0.0,0.0
qwen25_15b,121,msc_valid,58,lexical_tfidf,0.35,0,0.0,0.0,0.0,0.0,0.0,0.0
qwen25_15b,121,msc_valid,58,recency_keep_compress_drop,0.35,0,0.0,0.0,0.0,0.0,0.0,0.0
qwen25_15b,121,msc_valid,58,uniform,0.5,42,3.0476190476190474,128.0,0.0,0.0,3.0476190476190474,128.0
qwen25_15b,121,msc_valid,58,longllmlingua,0.5,42,2.9404761904761907,123.5,0.0,0.0,2.9404761904761907,123.5
qwen25_15b,121,msc_valid,58,recency,0.5,0,0.0,0.0,0.0,0.0,0.0,0.0
qwen25_15b,121,msc_valid,58,lexical_tfidf,0.5,0,0.0,0.0,0.0,0.0,0.0,0.0
qwen25_15b,121,msc_valid,58,recency_keep_compress_drop,0.5,0,0.0,0.0,0.0,0.0,0.0,0.0
qwen25_15b,121,msc_valid,62,uniform,0.2,12,2.0,24.0,0.0,0.0,2.0,24.0
qwen25_15b,121,msc_valid,62,longllmlingua,0.2,12,2.5833333333333335,31.0,0.0,0.0,2.5833333333333335,31.0
qwen25_15b,121,msc_valid,62,recency,0.2,7,2.5,17.5,0.0,0.0,2.5,17.5
qwen25_15b,121,msc_valid,62,lexical_tfidf,0.2,0,0.0,0.0,0.0,0.0,0.0,0.0
qwen25_15b,121,msc_valid,62,recency_keep_compress_drop,0.2,0,0.0,0.0,0.0,0.0,0.0,0.0
qwen25_15b,121,msc_valid,62,uniform,0.35,12,2.1458333333333335,25.75,0.0,0.0,2.1458333333333335,25.75
qwen25_15b,121,msc_valid,62,longllmlingua,0.35,12,2.53125,30.375,0.0,0.0,2.53125,30.375
qwen25_15b,121,msc_valid,62,recency,0.35,0,0.0,0.0,0.0,0.0,0.0,0.0
qwen25_15b,121,msc_valid,62,lexical_tfidf,0.35,0,0.0,0.0,0.0,0.0,0.0,0.0
qwen25_15b,121,msc_valid,62,recency_keep_compress_drop,0.35,0,0.0,0.0,0.0,0.0,0.0,0.0
qwen25_15b,121,msc_valid,62,uniform,0.5,12,2.0729166666666665,24.875,0.0,0.0,2.0729166666666665,24.875
qwen25_15b,121,msc_valid,62,longllmlingua,0.5,12,2.75,33.0,0.0,0.0,2.75,33.0
qwen25_15b,121,msc_valid,62,recency,0.5,0,0.0,0.0,0.0,0.0,0.0,0.0
qwen25_15b,121,msc_valid,62,lexical_tfidf,0.5,0,0.0,0.0,0.0,0.0,0.0,0.0
qwen25_15b,121,msc_valid,62,recency_keep_compress_drop,0.5,0,0.0,0.0,0.0,0.0,0.0,0.0
qwen25_15b,141,msc_valid,4,uniform,0.2,21,4.0,84.0,3.6904761904761907,77.5,0.3095238095238093,6.5
qwen25_15b,141,msc_valid,4,longllmlingua,0.2,21,3.6666666666666665,77.0,3.6904761904761907,77.5,-0.02380952380952417,-0.5
qwen25_15b,141,msc_valid,4,recency,0.2,21,4.0,84.0,3.6904761904761907,77.5,0.3095238095238093,6.5
qwen25_15b,141,msc_valid,4,lexical_tfidf,0.2,21,4.0,84.0,3.6904761904761907,77.5,0.3095238095238093,6.5
qwen25_15b,141,msc_valid,4,recency_keep_compress_drop,0.2,21,4.0,84.0,3.6904761904761907,77.5,0.3095238095238093,6.5
qwen25_15b,141,msc_valid,4,uniform,0.35,21,4.0,84.0,3.6904761904761907,77.5,0.3095238095238093,6.5
qwen25_15b,141,msc_valid,4,longllmlingua,0.35,21,3.5952380952380953,75.5,3.6904761904761907,77.5,-0.09523809523809534,-2.0
qwen25_15b,141,msc_valid,4,recency,0.35,21,4.0,84.0,3.6904761904761907,77.5,0.3095238095238093,6.5
qwen25_15b,141,msc_valid,4,lexical_tfidf,0.35,21,4.0,84.0,3.6904761904761907,77.5,0.3095238095238093,6.5
qwen25_15b,141,msc_valid,4,recency_keep_compress_drop,0.35,21,4.0,84.0,3.6904761904761907,77.5,0.3095238095238093,6.5
qwen25_15b,141,msc_valid,4,uniform,0.5,21,3.8095238095238093,80.0,3.6904761904761907,77.5,0.11904761904761862,2.5
qwen25_15b,141,msc_valid,4,longllmlingua,0.5,21,3.4523809523809526,72.5,3.6904761904761907,77.5,-0.23809523809523814,-5.0
qwen25_15b,141,msc_valid,4,recency,0.5,21,3.8095238095238093,80.0,3.6904761904761907,77.5,0.11904761904761862,2.5
qwen25_15b,141,msc_valid,4,lexical_tfidf,0.5,21,3.8095238095238093,80.0,3.6904761904761907,77.5,0.11904761904761862,2.5
qwen25_15b,141,msc_valid,4,recency_keep_compress_drop,0.5,21,3.8095238095238093,80.0,3.6904761904761907,77.5,0.11904761904761862,2.5
qwen25_15b,141,msc_valid,8,uniform,0.2,15,5.533333333333333,83.0,5.266666666666667,79.0,0.2666666666666666,4.0
qwen25_15b,141,msc_valid,8,longllmlingua,0.2,15,4.933333333333334,74.0,5.266666666666667,79.0,-0.33333333333333304,-5.0
qwen25_15b,141,msc_valid,8,recency,0.2,15,5.6,84.0,5.266666666666667,79.0,0.33333333333333304,5.0
qwen25_15b,141,msc_valid,8,lexical_tfidf,0.2,15,5.533333333333333,83.0,5.266666666666667,79.0,0.2666666666666666,4.0
qwen25_15b,141,msc_valid,8,recency_keep_compress_drop,0.2,15,5.266666666666667,79.0,5.266666666666667,79.0,0.0,0.0
qwen25_15b,141,msc_valid,8,uniform,0.35,15,5.6,84.0,5.266666666666667,79.0,0.33333333333333304,5.0
qwen25_15b,141,msc_valid,8,longllmlingua,0.35,15,4.9,73.5,5.266666666666667,79.0,-0.36666666666666625,-5.5
qwen25_15b,141,msc_valid,8,recency,0.35,15,5.266666666666667,79.0,5.266666666666667,79.0,0.0,0.0
qwen25_15b,141,msc_valid,8,lexical_tfidf,0.35,15,5.566666666666666,83.5,5.266666666666667,79.0,0.2999999999999998,4.5
qwen25_15b,141,msc_valid,8,recency_keep_compress_drop,0.35,15,5.3,79.5,5.266666666666667,79.0,0.033333333333333215,0.5
qwen25_15b,141,msc_valid,8,uniform,0.5,15,5.533333333333333,83.0,5.266666666666667,79.0,0.2666666666666666,4.0
qwen25_15b,141,msc_valid,8,longllmlingua,0.5,15,4.966666666666667,74.5,5.266666666666667,79.0,-0.2999999999999998,-4.5
qwen25_15b,141,msc_valid,8,recency,0.5,15,5.433333333333334,81.5,5.266666666666667,79.0,0.16666666666666696,2.5
qwen25_15b,141,msc_valid,8,lexical_tfidf,0.5,15,5.633333333333334,84.5,5.266666666666667,79.0,0.36666666666666714,5.5
qwen25_15b,141,msc_valid,8,recency_keep_compress_drop,0.5,15,5.366666666666666,80.5,5.266666666666667,79.0,0.09999999999999964,1.5
qwen25_15b,141,msc_valid,12,uniform,0.2,14,4.678571428571429,65.5,3.767857142857143,52.75,0.910714285714286,12.75
qwen25_15b,141,msc_valid,12,longllmlingua,0.2,14,4.035714285714286,56.5,3.767857142857143,52.75,0.2678571428571428,3.75
qwen25_15b,141,msc_valid,12,recency,0.2,14,4.75,66.5,3.767857142857143,52.75,0.9821428571428572,13.75
qwen25_15b,141,msc_valid,12,lexical_tfidf,0.2,14,4.678571428571429,65.5,3.767857142857143,52.75,0.910714285714286,12.75
qwen25_15b,141,msc_valid,12,recency_keep_compress_drop,0.2,14,4.821428571428571,67.5,3.767857142857143,52.75,1.0535714285714284,14.75
qwen25_15b,141,msc_valid,12,uniform,0.35,14,3.982142857142857,55.75,3.767857142857143,52.75,0.2142857142857144,3.0
qwen25_15b,141,msc_valid,12,longllmlingua,0.35,14,4.214285714285714,59.0,3.767857142857143,52.75,0.4464285714285716,6.25
qwen25_15b,141,msc_valid,12,recency,0.35,14,4.607142857142857,64.5,3.767857142857143,52.75,0.839285714285714,11.75
qwen25_15b,141,msc_valid,12,lexical_tfidf,0.35,14,3.982142857142857,55.75,3.767857142857143,52.75,0.2142857142857144,3.0
qwen25_15b,141,msc_valid,12,recency_keep_compress_drop,0.35,14,4.446428571428571,62.25,3.767857142857143,52.75,0.6785714285714284,9.5
qwen25_15b,141,msc_valid,12,uniform,0.5,14,3.8035714285714284,53.25,3.767857142857143,52.75,0.03571428571428559,0.5
qwen25_15b,141,msc_valid,12,longllmlingua,0.5,14,4.160714285714286,58.25,3.767857142857143,52.75,0.3928571428571428,5.5
qwen25_15b,141,msc_valid,12,recency,0.5,14,4.553571428571429,63.75,3.767857142857143,52.75,0.785714285714286,11.0
qwen25_15b,141,msc_valid,12,lexical_tfidf,0.5,14,3.8035714285714284,53.25,3.767857142857143,52.75,0.03571428571428559,0.5
qwen25_15b,141,msc_valid,12,recency_keep_compress_drop,0.5,14,4.107142857142857,57.5,3.767857142857143,52.75,0.33928571428571397,4.75
qwen25_15b,141,msc_valid,16,uniform,0.2,59,2.7457627118644066,162.0,2.6610169491525424,157.0,0.08474576271186418,5.0
qwen25_15b,141,msc_valid,16,longllmlingua,0.2,59,2.694915254237288,159.0,2.6610169491525424,157.0,0.03389830508474567,2.0
qwen25_15b,141,msc_valid,16,recency,0.2,59,2.7457627118644066,162.0,2.6610169491525424,157.0,0.08474576271186418,5.0
qwen25_15b,141,msc_valid,16,lexical_tfidf,0.2,59,2.7288135593220337,161.0,2.6610169491525424,157.0,0.06779661016949134,4.0
qwen25_15b,141,msc_valid,16,recency_keep_compress_drop,0.2,59,2.7288135593220337,161.0,2.6610169491525424,157.0,0.06779661016949134,4.0
qwen25_15b,141,msc_valid,16,uniform,0.35,59,2.6610169491525424,157.0,2.6610169491525424,157.0,0.0,0.0
qwen25_15b,141,msc_valid,16,longllmlingua,0.35,59,2.694915254237288,159.0,2.6610169491525424,157.0,0.03389830508474567,2.0
qwen25_15b,141,msc_valid,16,recency,0.35,59,2.7457627118644066,162.0,2.6610169491525424,157.0,0.08474576271186418,5.0
qwen25_15b,141,msc_valid,16,lexical_tfidf,0.35,59,2.7457627118644066,162.0,2.6610169491525424,157.0,0.08474576271186418,5.0
qwen25_15b,141,msc_valid,16,recency_keep_compress_drop,0.35,59,2.7457627118644066,162.0,2.6610169491525424,157.0,0.08474576271186418,5.0
qwen25_15b,141,msc_valid,16,uniform,0.5,59,2.6440677966101696,156.0,2.6610169491525424,157.0,-0.016949152542372836,-1.0
qwen25_15b,141,msc_valid,16,longllmlingua,0.5,59,2.6779661016949152,158.0,2.6610169491525424,157.0,0.016949152542372836,1.0
qwen25_15b,141,msc_valid,16,recency,0.5,59,2.7457627118644066,162.0,2.6610169491525424,157.0,0.08474576271186418,5.0
qwen25_15b,141,msc_valid,16,lexical_tfidf,0.5,59,2.6779661016949152,158.0,2.6610169491525424,157.0,0.016949152542372836,1.0
qwen25_15b,141,msc_valid,16,recency_keep_compress_drop,0.5,59,2.694915254237288,159.0,2.6610169491525424,157.0,0.03389830508474567,2.0
qwen25_15b,141,msc_valid,18,uniform,0.2,45,2.2444444444444445,101.0,2.3444444444444446,105.5,-0.10000000000000009,-4.5
qwen25_15b,141,msc_valid,18,longllmlingua,0.2,45,2.3444444444444446,105.5,2.3444444444444446,105.5,0.0,0.0
qwen25_15b,141,msc_valid,18,recency,0.2,45,2.3777777777777778,107.0,2.3444444444444446,105.5,0.033333333333333215,1.5
qwen25_15b,141,msc_valid,18,lexical_tfidf,0.2,45,2.2666666666666666,102.0,2.3444444444444446,105.5,-0.07777777777777795,-3.5
qwen25_15b,141,msc_valid,18,recency_keep_compress_drop,0.2,45,2.3444444444444446,105.5,2.3444444444444446,105.5,0.0,0.0
qwen25_15b,141,msc_valid,18,uniform,0.35,45,2.2777777777777777,102.5,2.3444444444444446,105.5,-0.06666666666666687,-3.0
qwen25_15b,141,msc_valid,18,longllmlingua,0.35,45,2.311111111111111,104.0,2.3444444444444446,105.5,-0.03333333333333366,-1.5
qwen25_15b,141,msc_valid,18,recency,0.35,45,2.388888888888889,107.5,2.3444444444444446,105.5,0.04444444444444429,2.0
qwen25_15b,141,msc_valid,18,lexical_tfidf,0.35,45,2.2666666666666666,102.0,2.3444444444444446,105.5,-0.07777777777777795,-3.5
qwen25_15b,141,msc_valid,18,recency_keep_compress_drop,0.35,45,2.3666666666666667,106.5,2.3444444444444446,105.5,0.022222222222222143,1.0
qwen25_15b,141,msc_valid,18,uniform,0.5,45,2.2666666666666666,102.0,2.3444444444444446,105.5,-0.07777777777777795,-3.5
qwen25_15b,141,msc_valid,18,longllmlingua,0.5,45,2.3,103.5,2.3444444444444446,105.5,-0.04444444444444473,-2.0
qwen25_15b,141,msc_valid,18,recency,0.5,45,2.3777777777777778,107.0,2.3444444444444446,105.5,0.033333333333333215,1.5
qwen25_15b,141,msc_valid,18,lexical_tfidf,0.5,45,2.2555555555555555,101.5,2.3444444444444446,105.5,-0.08888888888888902,-4.0
qwen25_15b,141,msc_valid,18,recency_keep_compress_drop,0.5,45,2.3777777777777778,107.0,2.3444444444444446,105.5,0.033333333333333215,1.5
qwen25_15b,141,msc_valid,22,uniform,0.2,27,2.759259259259259,74.5,2.759259259259259,74.5,0.0,0.0
qwen25_15b,141,msc_valid,22,longllmlingua,0.2,27,2.7777777777777777,75.0,2.759259259259259,74.5,0.0185185185185186,0.5
qwen25_15b,141,msc_valid,22,recency,0.2,27,2.574074074074074,69.5,2.759259259259259,74.5,-0.18518518518518512,-5.0
qwen25_15b,141,msc_valid,22,lexical_tfidf,0.2,27,2.8703703703703702,77.5,2.759259259259259,74.5,0.11111111111111116,3.0
qwen25_15b,141,msc_valid,22,recency_keep_compress_drop,0.2,27,2.6666666666666665,72.0,2.759259259259259,74.5,-0.09259259259259256,-2.5
qwen25_15b,141,msc_valid,22,uniform,0.35,27,2.6666666666666665,72.0,2.759259259259259,74.5,-0.09259259259259256,-2.5
qwen25_15b,141,msc_valid,22,longllmlingua,0.35,27,2.7962962962962963,75.5,2.759259259259259,74.5,0.0370370370370372,1.0
qwen25_15b,141,msc_valid,22,recency,0.35,27,2.6296296296296298,71.0,2.759259259259259,74.5,-0.12962962962962932,-3.5
qwen25_15b,141,msc_valid,22,lexical_tfidf,0.35,27,2.7962962962962963,75.5,2.759259259259259,74.5,0.0370370370370372,1.0
qwen25_15b,141,msc_valid,22,recency_keep_compress_drop,0.35,27,2.611111111111111,70.5,2.759259259259259,74.5,-0.14814814814814792,-4.0
qwen25_15b,141,msc_valid,22,uniform,0.5,27,2.5185185185185186,68.0,2.759259259259259,74.5,-0.24074074074074048,-6.5
qwen25_15b,141,msc_valid,22,longllmlingua,0.5,27,2.888888888888889,78.0,2.759259259259259,74.5,0.12962962962962976,3.5
qwen25_15b,141,msc_valid,22,recency,0.5,27,2.6481481481481484,71.5,2.759259259259259,74.5,-0.11111111111111072,-3.0
qwen25_15b,141,msc_valid,22,lexical_tfidf,0.5,27,2.814814814814815,76.0,2.759259259259259,74.5,0.0555555555555558,1.5
qwen25_15b,141,msc_valid,22,recency_keep_compress_drop,0.5,27,2.814814814814815,76.0,2.759259259259259,74.5,0.0555555555555558,1.5
qwen25_15b,141,msc_valid,26,uniform,0.2,39,2.730769230769231,106.5,2.6538461538461537,103.5,0.0769230769230771,3.0
qwen25_15b,141,msc_valid,26,longllmlingua,0.2,39,3.0128205128205128,117.5,2.6538461538461537,103.5,0.35897435897435903,14.0
qwen25_15b,141,msc_valid,26,recency,0.2,39,2.8974358974358974,113.0,2.6538461538461537,103.5,0.2435897435897436,9.5
qwen25_15b,141,msc_valid,26,lexical_tfidf,0.2,39,3.1666666666666665,123.5,2.6538461538461537,103.5,0.5128205128205128,20.0
qwen25_15b,141,msc_valid,26,recency_keep_compress_drop,0.2,39,2.91025641025641,113.5,2.6538461538461537,103.5,0.2564102564102564,10.0
qwen25_15b,141,msc_valid,26,uniform,0.35,39,2.6666666666666665,104.0,2.6538461538461537,103.5,0.012820512820512775,0.5
qwen25_15b,141,msc_valid,26,longllmlingua,0.35,39,2.948717948717949,115.0,2.6538461538461537,103.5,0.29487179487179516,11.5
qwen25_15b,141,msc_valid,26,recency,0.35,39,2.7435897435897436,107.0,2.6538461538461537,103.5,0.08974358974358987,3.5
qwen25_15b,141,msc_valid,26,lexical_tfidf,0.35,39,3.128205128205128,122.0,2.6538461538461537,103.5,0.47435897435897445,18.5
qwen25_15b,141,msc_valid,26,recency_keep_compress_drop,0.35,39,2.8461538461538463,111.0,2.6538461538461537,103.5,0.1923076923076925,7.5
qwen25_15b,141,msc_valid,26,uniform,0.5,39,2.6153846153846154,102.0,2.6538461538461537,103.5,-0.038461538461538325,-1.5
qwen25_15b,141,msc_valid,26,longllmlingua,0.5,39,2.8974358974358974,113.0,2.6538461538461537,103.5,0.2435897435897436,9.5
qwen25_15b,141,msc_valid,26,recency,0.5,39,2.8846153846153846,112.5,2.6538461538461537,103.5,0.23076923076923084,9.0
qwen25_15b,141,msc_valid,26,lexical_tfidf,0.5,39,2.9871794871794872,116.5,2.6538461538461537,103.5,0.3333333333333335,13.0
qwen25_15b,141,msc_valid,26,recency_keep_compress_drop,0.5,39,2.858974358974359,111.5,2.6538461538461537,103.5,0.2051282051282053,8.0
qwen25_15b,141,msc_valid,30,uniform,0.2,17,2.8970588235294117,49.25,2.7205882352941178,46.25,0.17647058823529393,3.0
qwen25_15b,141,msc_valid,30,longllmlingua,0.2,17,2.7941176470588234,47.5,2.7205882352941178,46.25,0.07352941176470562,1.25
qwen25_15b,141,msc_valid,30,recency,0.2,17,2.6470588235294117,45.0,2.7205882352941178,46.25,-0.07352941176470607,-1.25
qwen25_15b,141,msc_valid,30,lexical_tfidf,0.2,17,2.926470588235294,49.75,2.7205882352941178,46.25,0.20588235294117618,3.5
qwen25_15b,141,msc_valid,30,recency_keep_compress_drop,0.2,17,2.764705882352941,47.0,2.7205882352941178,46.25,0.04411764705882337,0.75
qwen25_15b,141,msc_valid,30,uniform,0.35,17,2.823529411764706,48.0,2.7205882352941178,46.25,0.10294117647058831,1.75
qwen25_15b,141,msc_valid,30,longllmlingua,0.35,17,2.764705882352941,47.0,2.7205882352941178,46.25,0.04411764705882337,0.75
qwen25_15b,141,msc_valid,30,recency,0.35,17,2.6323529411764706,44.75,2.7205882352941178,46.25,-0.08823529411764719,-1.5
qwen25_15b,141,msc_valid,30,lexical_tfidf,0.35,17,2.911764705882353,49.5,2.7205882352941178,46.25,0.19117647058823506,3.25
qwen25_15b,141,msc_valid,30,recency_keep_compress_drop,0.35,17,2.7794117647058822,47.25,2.7205882352941178,46.25,0.0588235294117645,1.0
qwen25_15b,141,msc_valid,30,uniform,0.5,17,2.8823529411764706,49.0,2.7205882352941178,46.25,0.1617647058823528,2.75
qwen25_15b,141,msc_valid,30,longllmlingua,0.5,17,2.6470588235294117,45.0,2.7205882352941178,46.25,-0.07352941176470607,-1.25
qwen25_15b,141,msc_valid,30,recency,0.5,17,2.676470588235294,45.5,2.7205882352941178,46.25,-0.04411764705882382,-0.75
qwen25_15b,141,msc_valid,30,lexical_tfidf,0.5,17,2.676470588235294,45.5,2.7205882352941178,46.25,-0.04411764705882382,-0.75
qwen25_15b,141,msc_valid,30,recency_keep_compress_drop,0.5,17,2.7058823529411766,46.0,2.7205882352941178,46.25,-0.014705882352941124,-0.25
qwen25_15b,141,msc_valid,34,uniform,0.2,45,2.4444444444444446,110.0,0.0,0.0,2.4444444444444446,110.0
qwen25_15b,141,msc_valid,34,longllmlingua,0.2,45,2.3777777777777778,107.0,0.0,0.0,2.3777777777777778,107.0
qwen25_15b,141,msc_valid,34,recency,0.2,45,2.3555555555555556,106.0,0.0,0.0,2.3555555555555556,106.0
qwen25_15b,141,msc_valid,34,lexical_tfidf,0.2,45,2.311111111111111,104.0,0.0,0.0,2.311111111111111,104.0
qwen25_15b,141,msc_valid,34,recency_keep_compress_drop,0.2,45,2.1777777777777776,98.0,0.0,0.0,2.1777777777777776,98.0
qwen25_15b,141,msc_valid,34,uniform,0.35,45,2.3222222222222224,104.5,0.0,0.0,2.3222222222222224,104.5
qwen25_15b,141,msc_valid,34,longllmlingua,0.35,45,2.388888888888889,107.5,0.0,0.0,2.388888888888889,107.5
qwen25_15b,141,msc_valid,34,recency,0.35,45,2.3,103.5,0.0,0.0,2.3,103.5
qwen25_15b,141,msc_valid,34,lexical_tfidf,0.35,45,2.2888888888888888,103.0,0.0,0.0,2.2888888888888888,103.0
qwen25_15b,141,msc_valid,34,recency_keep_compress_drop,0.35,45,2.188888888888889,98.5,0.0,0.0,2.188888888888889,98.5
qwen25_15b,141,msc_valid,34,uniform,0.5,45,2.433333333333333,109.5,0.0,0.0,2.433333333333333,109.5
qwen25_15b,141,msc_valid,34,longllmlingua,0.5,45,2.2888888888888888,103.0,0.0,0.0,2.2888888888888888,103.0
qwen25_15b,141,msc_valid,34,recency,0.5,45,2.2222222222222223,100.0,0.0,0.0,2.2222222222222223,100.0
qwen25_15b,141,msc_valid,34,lexical_tfidf,0.5,45,2.2888888888888888,103.0,0.0,0.0,2.2888888888888888,103.0
qwen25_15b,141,msc_valid,34,recency_keep_compress_drop,0.5,45,2.2111111111111112,99.5,0.0,0.0,2.2111111111111112,99.5
qwen25_15b,141,msc_valid,38,uniform,0.2,31,2.3225806451612905,72.0,0.0,0.0,2.3225806451612905,72.0
qwen25_15b,141,msc_valid,38,longllmlingua,0.2,31,2.532258064516129,78.5,0.0,0.0,2.532258064516129,78.5
qwen25_15b,141,msc_valid,38,recency,0.2,31,2.338709677419355,72.5,0.0,0.0,2.338709677419355,72.5
qwen25_15b,141,msc_valid,38,lexical_tfidf,0.2,31,2.4193548387096775,75.0,0.0,0.0,2.4193548387096775,75.0
qwen25_15b,141,msc_valid,38,recency_keep_compress_drop,0.2,31,2.4193548387096775,75.0,0.0,0.0,2.4193548387096775,75.0
qwen25_15b,141,msc_valid,38,uniform,0.35,31,2.225806451612903,69.0,0.0,0.0,2.225806451612903,69.0
qwen25_15b,141,msc_valid,38,longllmlingua,0.35,31,2.435483870967742,75.5,0.0,0.0,2.435483870967742,75.5
qwen25_15b,141,msc_valid,38,recency,0.35,31,2.338709677419355,72.5,0.0,0.0,2.338709677419355,72.5
qwen25_15b,141,msc_valid,38,lexical_tfidf,0.35,31,2.3548387096774195,73.0,0.0,0.0,2.3548387096774195,73.0
qwen25_15b,141,msc_valid,38,recency_keep_compress_drop,0.35,31,2.338709677419355,72.5,0.0,0.0,2.338709677419355,72.5
qwen25_15b,141,msc_valid,38,uniform,0.5,31,2.2580645161290325,70.0,0.0,0.0,2.2580645161290325,70.0
qwen25_15b,141,msc_valid,38,longllmlingua,0.5,31,2.370967741935484,73.5,0.0,0.0,2.370967741935484,73.5
qwen25_15b,141,msc_valid,38,recency,0.5,31,2.2903225806451615,71.0,0.0,0.0,2.2903225806451615,71.0
qwen25_15b,141,msc_valid,38,lexical_tfidf,0.5,31,2.3548387096774195,73.0,0.0,0.0,2.3548387096774195,73.0
qwen25_15b,141,msc_valid,38,recency_keep_compress_drop,0.5,31,2.306451612903226,71.5,0.0,0.0,2.306451612903226,71.5
qwen25_15b,141,msc_valid,42,uniform,0.2,27,2.9444444444444446,79.5,0.0,0.0,2.9444444444444446,79.5
qwen25_15b,141,msc_valid,42,longllmlingua,0.2,27,3.1296296296296298,84.5,0.0,0.0,3.1296296296296298,84.5
qwen25_15b,141,msc_valid,42,recency,0.2,27,3.037037037037037,82.0,0.0,0.0,3.037037037037037,82.0
qwen25_15b,141,msc_valid,42,lexical_tfidf,0.2,27,2.9814814814814814,80.5,0.0,0.0,2.9814814814814814,80.5
qwen25_15b,141,msc_valid,42,recency_keep_compress_drop,0.2,27,3.111111111111111,84.0,0.0,0.0,3.111111111111111,84.0
qwen25_15b,141,msc_valid,42,uniform,0.35,27,2.888888888888889,78.0,0.0,0.0,2.888888888888889,78.0
qwen25_15b,141,msc_valid,42,longllmlingua,0.35,27,3.074074074074074,83.0,0.0,0.0,3.074074074074074,83.0
qwen25_15b,141,msc_valid,42,recency,0.35,27,3.0925925925925926,83.5,0.0,0.0,3.0925925925925926,83.5
qwen25_15b,141,msc_valid,42,lexical_tfidf,0.35,27,3.037037037037037,82.0,0.0,0.0,3.037037037037037,82.0
qwen25_15b,141,msc_valid,42,recency_keep_compress_drop,0.35,27,3.0555555555555554,82.5,0.0,0.0,3.0555555555555554,82.5
qwen25_15b,141,msc_valid,42,uniform,0.5,27,3.0185185185185186,81.5,0.0,0.0,3.0185185185185186,81.5
qwen25_15b,141,msc_valid,42,longllmlingua,0.5,27,3.074074074074074,83.0,0.0,0.0,3.074074074074074,83.0
qwen25_15b,141,msc_valid,42,recency,0.5,27,2.925925925925926,79.0,0.0,0.0,2.925925925925926,79.0
qwen25_15b,141,msc_valid,42,lexical_tfidf,0.5,27,3.0,81.0,0.0,0.0,3.0,81.0
qwen25_15b,141,msc_valid,42,recency_keep_compress_drop,0.5,27,3.1296296296296298,84.5,0.0,0.0,3.1296296296296298,84.5
qwen25_15b,141,msc_valid,46,uniform,0.2,28,2.5892857142857144,72.5,0.0,0.0,2.5892857142857144,72.5
qwen25_15b,141,msc_valid,46,longllmlingua,0.2,28,2.6607142857142856,74.5,0.0,0.0,2.6607142857142856,74.5
qwen25_15b,141,msc_valid,46,recency,0.2,28,2.4107142857142856,67.5,0.0,0.0,2.4107142857142856,67.5
qwen25_15b,141,msc_valid,46,lexical_tfidf,0.2,28,2.375,66.5,0.0,0.0,2.375,66.5
qwen25_15b,141,msc_valid,46,recency_keep_compress_drop,0.2,28,2.375,66.5,0.0,0.0,2.375,66.5
qwen25_15b,141,msc_valid,46,uniform,0.35,28,2.4107142857142856,67.5,0.0,0.0,2.4107142857142856,67.5
qwen25_15b,141,msc_valid,46,longllmlingua,0.35,28,2.625,73.5,0.0,0.0,2.625,73.5
qwen25_15b,141,msc_valid,46,recency,0.35,28,2.375,66.5,0.0,0.0,2.375,66.5
qwen25_15b,141,msc_valid,46,lexical_tfidf,0.35,28,2.357142857142857,66.0,0.0,0.0,2.357142857142857,66.0
qwen25_15b,141,msc_valid,46,recency_keep_compress_drop,0.35,28,2.375,66.5,0.0,0.0,2.375,66.5
qwen25_15b,141,msc_valid,46,uniform,0.5,28,2.4464285714285716,68.5,0.0,0.0,2.4464285714285716,68.5
qwen25_15b,141,msc_valid,46,longllmlingua,0.5,28,2.607142857142857,73.0,0.0,0.0,2.607142857142857,73.0
qwen25_15b,141,msc_valid,46,recency,0.5,0,0.0,0.0,0.0,0.0,0.0,0.0
qwen25_15b,141,msc_valid,46,lexical_tfidf,0.5,28,2.3035714285714284,64.5,0.0,0.0,2.3035714285714284,64.5
qwen25_15b,141,msc_valid,46,recency_keep_compress_drop,0.5,0,0.0,0.0,0.0,0.0,0.0,0.0
qwen25_15b,141,msc_valid,48,uniform,0.2,32,2.609375,83.5,0.0,0.0,2.609375,83.5
qwen25_15b,141,msc_valid,48,longllmlingua,0.2,32,2.84375,91.0,0.0,0.0,2.84375,91.0
qwen25_15b,141,msc_valid,48,recency,0.2,32,2.71875,87.0,0.0,0.0,2.71875,87.0
qwen25_15b,141,msc_valid,48,lexical_tfidf,0.2,32,2.703125,86.5,0.0,0.0,2.703125,86.5
qwen25_15b,141,msc_valid,48,recency_keep_compress_drop,0.2,32,2.6875,86.0,0.0,0.0,2.6875,86.0
qwen25_15b,141,msc_valid,48,uniform,0.35,32,2.65625,85.0,0.0,0.0,2.65625,85.0
qwen25_15b,141,msc_valid,48,longllmlingua,0.35,32,2.875,92.0,0.0,0.0,2.875,92.0
qwen25_15b,141,msc_valid,48,recency,0.35,24,2.6354166666666665,63.25,0.0,0.0,2.6354166666666665,63.25
qwen25_15b,141,msc_valid,48,lexical_tfidf,0.35,26,2.730769230769231,71.0,0.0,0.0,2.730769230769231,71.0
qwen25_15b,141,msc_valid,48,recency_keep_compress_drop,0.35,27,2.7222222222222223,73.5,0.0,0.0,2.7222222222222223,73.5
qwen25_15b,141,msc_valid,48,uniform,0.5,32,2.578125,82.5,0.0,0.0,2.578125,82.5
qwen25_15b,141,msc_valid,48,longllmlingua,0.5,32,2.765625,88.5,0.0,0.0,2.765625,88.5
qwen25_15b,141,msc_valid,48,recency,0.5,0,0.0,0.0,0.0,0.0,0.0,0.0
qwen25_15b,141,msc_valid,48,lexical_tfidf,0.5,0,0.0,0.0,0.0,0.0,0.0,0.0
qwen25_15b,141,msc_valid,48,recency_keep_compress_drop,0.5,0,0.0,0.0,0.0,0.0,0.0,0.0
qwen25_15b,141,msc_valid,52,uniform,0.2,29,2.793103448275862,81.0,0.0,0.0,2.793103448275862,81.0
qwen25_15b,141,msc_valid,52,longllmlingua,0.2,29,2.689655172413793,78.0,0.0,0.0,2.689655172413793,78.0
qwen25_15b,141,msc_valid,52,recency,0.2,29,2.6206896551724137,76.0,0.0,0.0,2.6206896551724137,76.0
qwen25_15b,141,msc_valid,52,lexical_tfidf,0.2,29,2.603448275862069,75.5,0.0,0.0,2.603448275862069,75.5
qwen25_15b,141,msc_valid,52,recency_keep_compress_drop,0.2,29,2.5517241379310347,74.0,0.0,0.0,2.5517241379310347,74.0
qwen25_15b,141,msc_valid,52,uniform,0.35,29,2.5172413793103448,73.0,0.0,0.0,2.5172413793103448,73.0
qwen25_15b,141,msc_valid,52,longllmlingua,0.35,29,2.5689655172413794,74.5,0.0,0.0,2.5689655172413794,74.5
qwen25_15b,141,msc_valid,52,recency,0.35,0,0.0,0.0,0.0,0.0,0.0,0.0
qwen25_15b,141,msc_valid,52,lexical_tfidf,0.35,0,0.0,0.0,0.0,0.0,0.0,0.0
qwen25_15b,141,msc_valid,52,recency_keep_compress_drop,0.35,0,0.0,0.0,0.0,0.0,0.0,0.0
qwen25_15b,141,msc_valid,52,uniform,0.5,29,2.6379310344827585,76.5,0.0,0.0,2.6379310344827585,76.5
qwen25_15b,141,msc_valid,52,longllmlingua,0.5,29,2.4827586206896552,72.0,0.0,0.0,2.4827586206896552,72.0
qwen25_15b,141,msc_valid,52,recency,0.5,0,0.0,0.0,0.0,0.0,0.0,0.0
qwen25_15b,141,msc_valid,52,lexical_tfidf,0.5,0,0.0,0.0,0.0,0.0,0.0,0.0
qwen25_15b,141,msc_valid,52,recency_keep_compress_drop,0.5,0,0.0,0.0,0.0,0.0,0.0,0.0
qwen25_15b,141,msc_valid,56,uniform,0.2,30,1.9666666666666666,59.0,0.0,0.0,1.9666666666666666,59.0
qwen25_15b,141,msc_valid,56,longllmlingua,0.2,30,2.0083333333333333,60.25,0.0,0.0,2.0083333333333333,60.25
qwen25_15b,141,msc_valid,56,recency,0.2,0,0.0,0.0,0.0,0.0,0.0,0.0
qwen25_15b,141,msc_valid,56,lexical_tfidf,0.2,0,0.0,0.0,0.0,0.0,0.0,0.0
qwen25_15b,141,msc_valid,56,recency_keep_compress_drop,0.2,0,0.0,0.0,0.0,0.0,0.0,0.0
qwen25_15b,141,msc_valid,56,uniform,0.35,30,2.05,61.5,0.0,0.0,2.05,61.5
qwen25_15b,141,msc_valid,56,longllmlingua,0.35,30,1.9666666666666666,59.0,0.0,0.0,1.9666666666666666,59.0
qwen25_15b,141,msc_valid,56,recency,0.35,0,0.0,0.0,0.0,0.0,0.0,0.0
qwen25_15b,141,msc_valid,56,lexical_tfidf,0.35,0,0.0,0.0,0.0,0.0,0.0,0.0
qwen25_15b,141,msc_valid,56,recency_keep_compress_drop,0.35,0,0.0,0.0,0.0,0.0,0.0,0.0
qwen25_15b,141,msc_valid,56,uniform,0.5,30,2.125,63.75,0.0,0.0,2.125,63.75
qwen25_15b,141,msc_valid,56,longllmlingua,0.5,30,1.9083333333333334,57.25,0.0,0.0,1.9083333333333334,57.25
qwen25_15b,141,msc_valid,56,recency,0.5,0,0.0,0.0,0.0,0.0,0.0,0.0
qwen25_15b,141,msc_valid,56,lexical_tfidf,0.5,0,0.0,0.0,0.0,0.0,0.0,0.0
qwen25_15b,141,msc_valid,56,recency_keep_compress_drop,0.5,0,0.0,0.0,0.0,0.0,0.0,0.0
qwen25_15b,141,msc_valid,60,uniform,0.2,36,2.638888888888889,95.0,0.0,0.0,2.638888888888889,95.0
qwen25_15b,141,msc_valid,60,longllmlingua,0.2,36,2.5555555555555554,92.0,0.0,0.0,2.5555555555555554,92.0
qwen25_15b,141,msc_valid,60,recency,0.2,0,0.0,0.0,0.0,0.0,0.0,0.0
qwen25_15b,141,msc_valid,60,lexical_tfidf,0.2,0,0.0,0.0,0.0,0.0,0.0,0.0
qwen25_15b,141,msc_valid,60,recency_keep_compress_drop,0.2,0,0.0,0.0,0.0,0.0,0.0,0.0
qwen25_15b,141,msc_valid,60,uniform,0.35,36,2.638888888888889,95.0,0.0,0.0,2.638888888888889,95.0
qwen25_15b,141,msc_valid,60,longllmlingua,0.35,36,2.5555555555555554,92.0,0.0,0.0,2.5555555555555554,92.0
qwen25_15b,141,msc_valid,60,recency,0.35,0,0.0,0.0,0.0,0.0,0.0,0.0
qwen25_15b,141,msc_valid,60,lexical_tfidf,0.35,0,0.0,0.0,0.0,0.0,0.0,0.0
qwen25_15b,141,msc_valid,60,recency_keep_compress_drop,0.35,0,0.0,0.0,0.0,0.0,0.0,0.0
qwen25_15b,141,msc_valid,60,uniform,0.5,36,2.6805555555555554,96.5,0.0,0.0,2.6805555555555554,96.5
qwen25_15b,141,msc_valid,60,longllmlingua,0.5,36,2.5277777777777777,91.0,0.0,0.0,2.5277777777777777,91.0
qwen25_15b,141,msc_valid,60,recency,0.5,0,0.0,0.0,0.0,0.0,0.0,0.0
qwen25_15b,141,msc_valid,60,lexical_tfidf,0.5,0,0.0,0.0,0.0,0.0,0.0,0.0
qwen25_15b,141,msc_valid,60,recency_keep_compress_drop,0.5,0,0.0,0.0,0.0,0.0,0.0,0.0
qwen25_15b,171,msc_valid,4,uniform,0.2,14,6.25,87.5,6.357142857142857,89.0,-0.10714285714285676,-1.5
qwen25_15b,171,msc_valid,4,longllmlingua,0.2,14,5.821428571428571,81.5,6.357142857142857,89.0,-0.5357142857142856,-7.5
qwen25_15b,171,msc_valid,4,recency,0.2,14,6.25,87.5,6.357142857142857,89.0,-0.10714285714285676,-1.5
qwen25_15b,171,msc_valid,4,lexical_tfidf,0.2,14,6.25,87.5,6.357142857142857,89.0,-0.10714285714285676,-1.5
qwen25_15b,171,msc_valid,4,recency_keep_compress_drop,0.2,14,6.25,87.5,6.357142857142857,89.0,-0.10714285714285676,-1.5
qwen25_15b,171,msc_valid,4,uniform,0.35,14,6.535714285714286,91.5,6.357142857142857,89.0,0.17857142857142883,2.5
qwen25_15b,171,msc_valid,4,longllmlingua,0.35,14,5.785714285714286,81.0,6.357142857142857,89.0,-0.5714285714285712,-8.0
qwen25_15b,171,msc_valid,4,recency,0.35,14,6.535714285714286,91.5,6.357142857142857,89.0,0.17857142857142883,2.5
qwen25_15b,171,msc_valid,4,lexical_tfidf,0.35,14,6.535714285714286,91.5,6.357142857142857,89.0,0.17857142857142883,2.5
qwen25_15b,171,msc_valid,4,recency_keep_compress_drop,0.35,14,6.535714285714286,91.5,6.357142857142857,89.0,0.17857142857142883,2.5
qwen25_15b,171,msc_valid,4,uniform,0.5,14,6.535714285714286,91.5,6.357142857142857,89.0,0.17857142857142883,2.5
qwen25_15b,171,msc_valid,4,longllmlingua,0.5,14,5.571428571428571,78.0,6.357142857142857,89.0,-0.7857142857142856,-11.0
qwen25_15b,171,msc_valid,4,recency,0.5,14,6.535714285714286,91.5,6.357142857142857,89.0,0.17857142857142883,2.5
qwen25_15b,171,msc_valid,4,lexical_tfidf,0.5,14,6.535714285714286,91.5,6.357142857142857,89.0,0.17857142857142883,2.5
qwen25_15b,171,msc_valid,4,recency_keep_compress_drop,0.5,14,6.535714285714286,91.5,6.357142857142857,89.0,0.17857142857142883,2.5
qwen25_15b,171,msc_valid,8,uniform,0.2,14,3.017857142857143,42.25,2.875,40.25,0.1428571428571428,2.0
qwen25_15b,171,msc_valid,8,longllmlingua,0.2,14,2.6785714285714284,37.5,2.875,40.25,-0.19642857142857162,-2.75
qwen25_15b,171,msc_valid,8,recency,0.2,14,2.9107142857142856,40.75,2.875,40.25,0.03571428571428559,0.5
qwen25_15b,171,msc_valid,8,lexical_tfidf,0.2,14,2.9107142857142856,40.75,2.875,40.25,0.03571428571428559,0.5
qwen25_15b,171,msc_valid,8,recency_keep_compress_drop,0.2,14,2.9107142857142856,40.75,2.875,40.25,0.03571428571428559,0.5
qwen25_15b,171,msc_valid,8,uniform,0.35,14,3.0535714285714284,42.75,2.875,40.25,0.17857142857142838,2.5
qwen25_15b,171,msc_valid,8,longllmlingua,0.35,14,2.8214285714285716,39.5,2.875,40.25,-0.05357142857142838,-0.75
qwen25_15b,171,msc_valid,8,recency,0.35,14,2.7857142857142856,39.0,2.875,40.25,-0.08928571428571441,-1.25
qwen25_15b,171,msc_valid,8,lexical_tfidf,0.35,14,3.017857142857143,42.25,2.875,40.25,0.1428571428571428,2.0
qwen25_15b,171,msc_valid,8,recency_keep_compress_drop,0.35,14,2.875,40.25,2.875,40.25,0.0,0.0
qwen25_15b,171,msc_valid,8,uniform,0.5,14,2.9642857142857144,41.5,2.875,40.25,0.08928571428571441,1.25
qwen25_15b,171,msc_valid,8,longllmlingua,0.5,14,2.7857142857142856,39.0,2.875,40.25,-0.08928571428571441,-1.25
qwen25_15b,171,msc_valid,8,recency,0.5,14,2.8035714285714284,39.25,2.875,40.25,-0.07142857142857162,-1.0
qwen25_15b,171,msc_valid,8,lexical_tfidf,0.5,14,3.017857142857143,42.25,2.875,40.25,0.1428571428571428,2.0
qwen25_15b,171,msc_valid,8,recency_keep_compress_drop,0.5,14,2.875,40.25,2.875,40.25,0.0,0.0
qwen25_15b,171,msc_valid,12,uniform,0.2,18,3.9444444444444446,71.0,2.9444444444444446,53.0,1.0,18.0
qwen25_15b,171,msc_valid,12,longllmlingua,0.2,18,3.9444444444444446,71.0,2.9444444444444446,53.0,1.0,18.0
qwen25_15b,171,msc_valid,12,recency,0.2,18,3.4583333333333335,62.25,2.9444444444444446,53.0,0.5138888888888888,9.25
qwen25_15b,171,msc_valid,12,lexical_tfidf,0.2,18,4.083333333333333,73.5,2.9444444444444446,53.0,1.1388888888888884,20.5
qwen25_15b,171,msc_valid,12,recency_keep_compress_drop,0.2,18,3.4583333333333335,62.25,2.9444444444444446,53.0,0.5138888888888888,9.25
qwen25_15b,171,msc_valid,12,uniform,0.35,18,3.611111111111111,65.0,2.9444444444444446,53.0,0.6666666666666665,12.0
qwen25_15b,171,msc_valid,12,longllmlingua,0.35,18,3.611111111111111,65.0,2.9444444444444446,53.0,0.6666666666666665,12.0
qwen25_15b,171,msc_valid,12,recency,0.35,18,3.3472222222222223,60.25,2.9444444444444446,53.0,0.4027777777777777,7.25
qwen25_15b,171,msc_valid,12,lexical_tfidf,0.35,18,3.8333333333333335,69.0,2.9444444444444446,53.0,0.8888888888888888,16.0
qwen25_15b,171,msc_valid,12,recency_keep_compress_drop,0.35,18,3.1944444444444446,57.5,2.9444444444444446,53.0,0.25,4.5
qwen25_15b,171,msc_valid,12,uniform,0.5,18,3.4583333333333335,62.25,2.9444444444444446,53.0,0.5138888888888888,9.25
qwen25_15b,171,msc_valid,12,longllmlingua,0.5,18,4.083333333333333,73.5,2.9444444444444446,53.0,1.1388888888888884,20.5
qwen25_15b,171,msc_valid,12,recency,0.5,18,3.236111111111111,58.25,2.9444444444444446,53.0,0.2916666666666665,5.25
qwen25_15b,171,msc_valid,12,lexical_tfidf,0.5,18,3.388888888888889,61.0,2.9444444444444446,53.0,0.4444444444444442,8.0
qwen25_15b,171,msc_valid,12,recency_keep_compress_drop,0.5,18,3.2083333333333335,57.75,2.9444444444444446,53.0,0.26388888888888884,4.75
qwen25_15b,171,msc_valid,16,uniform,0.2,12,2.1770833333333335,26.125,2.125,25.5,0.05208333333333348,0.625
qwen25_15b,171,msc_valid,16,longllmlingua,0.2,12,2.1354166666666665,25.625,2.125,25.5,0.010416666666666519,0.125
qwen25_15b,171,msc_valid,16,recency,0.2,12,2.1770833333333335,26.125,2.125,25.5,0.05208333333333348,0.625
qwen25_15b,171,msc_valid,16,lexical_tfidf,0.2,12,2.2083333333333335,26.5,2.125,25.5,0.08333333333333348,1.0
qwen25_15b,171,msc_valid,16,recency_keep_compress_drop,0.2,12,2.1041666666666665,25.25,2.125,25.5,-0.02083333333333348,-0.25
qwen25_15b,171,msc_valid,16,uniform,0.35,12,2.2708333333333335,27.25,2.125,25.5,0.14583333333333348,1.75
qwen25_15b,171,msc_valid,16,longllmlingua,0.35,12,1.9895833333333333,23.875,2.125,25.5,-0.13541666666666674,-1.625
qwen25_15b,171,msc_valid,16,recency,0.35,12,2.1875,26.25,2.125,25.5,0.0625,0.75
qwen25_15b,171,msc_valid,16,lexical_tfidf,0.35,12,2.2916666666666665,27.5,2.125,25.5,0.16666666666666652,2.0
qwen25_15b,171,msc_valid,16,recency_keep_compress_drop,0.35,12,1.96875,23.625,2.125,25.5,-0.15625,-1.875
qwen25_15b,171,msc_valid,16,uniform,0.5,12,2.1979166666666665,26.375,2.125,25.5,0.07291666666666652,0.875
qwen25_15b,171,msc_valid,16,longllmlingua,0.5,12,1.9479166666666667,23.375,2.125,25.5,-0.17708333333333326,-2.125
qwen25_15b,171,msc_valid,16,recency,0.5,12,2.1666666666666665,26.0,2.125,25.5,0.04166666666666652,0.5
qwen25_15b,171,msc_valid,16,lexical_tfidf,0.5,12,2.15625,25.875,2.125,25.5,0.03125,0.375
qwen25_15b,171,msc_valid,16,recency_keep_compress_drop,0.5,12,2.03125,24.375,2.125,25.5,-0.09375,-1.125
qwen25_15b,171,msc_valid,20,uniform,0.2,40,3.675,147.0,3.65,146.0,0.02499999999999991,1.0
qwen25_15b,171,msc_valid,20,longllmlingua,0.2,40,3.675,147.0,3.65,146.0,0.02499999999999991,1.0
qwen25_15b,171,msc_valid,20,recency,0.2,40,3.725,149.0,3.65,146.0,0.07500000000000018,3.0
qwen25_15b,171,msc_valid,20,lexical_tfidf,0.2,40,3.7,148.0,3.65,146.0,0.050000000000000266,2.0
qwen25_15b,171,msc_valid,20,recency_keep_compress_drop,0.2,40,3.65,146.0,3.65,146.0,0.0,0.0
qwen25_15b,171,msc_valid,20,uniform,0.35,40,3.675,147.0,3.65,146.0,0.02499999999999991,1.0
qwen25_15b,171,msc_valid,20,longllmlingua,0.35,40,3.65,146.0,3.65,146.0,0.0,0.0
qwen25_15b,171,msc_valid,20,recency,0.35,40,3.7,148.0,3.65,146.0,0.050000000000000266,2.0
qwen25_15b,171,msc_valid,20,lexical_tfidf,0.35,40,3.65,146.0,3.65,146.0,0.0,0.0
qwen25_15b,171,msc_valid,20,recency_keep_compress_drop,0.35,40,3.625,145.0,3.65,146.0,-0.02499999999999991,-1.0
qwen25_15b,171,msc_valid,20,uniform,0.5,40,3.65,146.0,3.65,146.0,0.0,0.0
qwen25_15b,171,msc_valid,20,longllmlingua,0.5,40,3.6,144.0,3.65,146.0,-0.04999999999999982,-2.0
qwen25_15b,171,msc_valid,20,recency,0.5,40,3.675,147.0,3.65,146.0,0.02499999999999991,1.0
qwen25_15b,171,msc_valid,20,lexical_tfidf,0.5,40,3.65,146.0,3.65,146.0,0.0,0.0
qwen25_15b,171,msc_valid,20,recency_keep_compress_drop,0.5,40,3.65,146.0,3.65,146.0,0.0,0.0
qwen25_15b,171,msc_valid,24,uniform,0.2,30,3.45,103.5,3.4,102.0,0.050000000000000266,1.5
qwen25_15b,171,msc_valid,24,longllmlingua,0.2,30,3.316666666666667,99.5,3.4,102.0,-0.08333333333333304,-2.5
qwen25_15b,171,msc_valid,24,recency,0.2,30,3.466666666666667,104.0,3.4,102.0,0.06666666666666687,2.0
qwen25_15b,171,msc_valid,24,lexical_tfidf,0.2,30,3.466666666666667,104.0,3.4,102.0,0.06666666666666687,2.0
qwen25_15b,171,msc_valid,24,recency_keep_compress_drop,0.2,30,3.45,103.5,3.4,102.0,0.050000000000000266,1.5
qwen25_15b,171,msc_valid,24,uniform,0.35,30,3.3333333333333335,100.0,3.4,102.0,-0.06666666666666643,-2.0
qwen25_15b,171,msc_valid,24,longllmlingua,0.35,30,3.283333333333333,98.5,3.4,102.0,-0.1166666666666667,-3.5
qwen25_15b,171,msc_valid,24,recency,0.35,30,3.433333333333333,103.0,3.4,102.0,0.033333333333333215,1.0
qwen25_15b,171,msc_valid,24,lexical_tfidf,0.35,30,3.4,102.0,3.4,102.0,0.0,0.0
qwen25_15b,171,msc_valid,24,recency_keep_compress_drop,0.35,30,3.4166666666666665,102.5,3.4,102.0,0.016666666666666607,0.5
qwen25_15b,171,msc_valid,24,uniform,0.5,30,3.35,100.5,3.4,102.0,-0.04999999999999982,-1.5
qwen25_15b,171,msc_valid,24,longllmlingua,0.5,30,3.3333333333333335,100.0,3.4,102.0,-0.06666666666666643,-2.0
qwen25_15b,171,msc_valid,24,recency,0.5,30,3.4,102.0,3.4,102.0,0.0,0.0
qwen25_15b,171,msc_valid,24,lexical_tfidf,0.5,30,3.3666666666666667,101.0,3.4,102.0,-0.033333333333333215,-1.0
qwen25_15b,171,msc_valid,24,recency_keep_compress_drop,0.5,30,3.4166666666666665,102.5,3.4,102.0,0.016666666666666607,0.5
qwen25_15b,171,msc_valid,28,uniform,0.2,25,2.55,63.75,2.46,61.5,0.08999999999999986,2.25
qwen25_15b,171,msc_valid,28,longllmlingua,0.2,25,2.42,60.5,2.46,61.5,-0.040000000000000036,-1.0
qwen25_15b,171,msc_valid,28,recency,0.2,25,2.45,61.25,2.46,61.5,-0.009999999999999787,-0.25
qwen25_15b,171,msc_valid,28,lexical_tfidf,0.2,25,2.47,61.75,2.46,61.5,0.010000000000000231,0.25
qwen25_15b,171,msc_valid,28,recency_keep_compress_drop,0.2,25,2.39,59.75,2.46,61.5,-0.06999999999999984,-1.75
qwen25_15b,171,msc_valid,28,uniform,0.35,25,2.47,61.75,2.46,61.5,0.010000000000000231,0.25
qwen25_15b,171,msc_valid,28,longllmlingua,0.35,25,2.5,62.5,2.46,61.5,0.040000000000000036,1.0
qwen25_15b,171,msc_valid,28,recency,0.35,25,2.47,61.75,2.46,61.5,0.010000000000000231,0.25
qwen25_15b,171,msc_valid,28,lexical_tfidf,0.35,25,2.49,62.25,2.46,61.5,0.03000000000000025,0.75
qwen25_15b,171,msc_valid,28,recency_keep_compress_drop,0.35,25,2.36,59.0,2.46,61.5,-0.10000000000000009,-2.5
qwen25_15b,171,msc_valid,28,uniform,0.5,25,2.49,62.25,2.46,61.5,0.03000000000000025,0.75
qwen25_15b,171,msc_valid,28,longllmlingua,0.5,25,2.54,63.5,2.46,61.5,0.08000000000000007,2.0
qwen25_15b,171,msc_valid,28,recency,0.5,25,2.44,61.0,2.46,61.5,-0.020000000000000018,-0.5
qwen25_15b,171,msc_valid,28,lexical_tfidf,0.5,25,2.43,60.75,2.46,61.5,-0.029999999999999805,-0.75
qwen25_15b,171,msc_valid,28,recency_keep_compress_drop,0.5,25,2.29,57.25,2.46,61.5,-0.16999999999999993,-4.25
qwen25_15b,171,msc_valid,32,uniform,0.2,11,3.840909090909091,42.25,3.7954545454545454,41.75,0.045454545454545414,0.5
qwen25_15b,171,msc_valid,32,longllmlingua,0.2,11,5.7727272727272725,63.5,3.7954545454545454,41.75,1.977272727272727,21.75
qwen25_15b,171,msc_valid,32,recency,0.2,11,4.7727272727272725,52.5,3.7954545454545454,41.75,0.9772727272727271,10.75
qwen25_15b,171,msc_valid,32,lexical_tfidf,0.2,11,5.340909090909091,58.75,3.7954545454545454,41.75,1.5454545454545454,17.0
qwen25_15b,171,msc_valid,32,recency_keep_compress_drop,0.2,11,4.9772727272727275,54.75,3.7954545454545454,41.75,1.181818181818182,13.0
qwen25_15b,171,msc_valid,32,uniform,0.35,11,3.25,35.75,3.7954545454545454,41.75,-0.5454545454545454,-6.0
qwen25_15b,171,msc_valid,32,longllmlingua,0.35,11,5.636363636363637,62.0,3.7954545454545454,41.75,1.8409090909090913,20.25
qwen25_15b,171,msc_valid,32,recency,0.35,11,4.704545454545454,51.75,3.7954545454545454,41.75,0.9090909090909087,10.0
qwen25_15b,171,msc_valid,32,lexical_tfidf,0.35,11,4.181818181818182,46.0,3.7954545454545454,41.75,0.38636363636363624,4.25
qwen25_15b,171,msc_valid,32,recency_keep_compress_drop,0.35,11,4.840909090909091,53.25,3.7954545454545454,41.75,1.0454545454545454,11.5
qwen25_15b,171,msc_valid,32,uniform,0.5,11,3.3181818181818183,36.5,3.7954545454545454,41.75,-0.47727272727272707,-5.25
qwen25_15b,171,msc_valid,32,longllmlingua,0.5,11,5.181818181818182,57.0,3.7954545454545454,41.75,1.3863636363636362,15.25
qwen25_15b,171,msc_valid,32,recency,0.5,11,4.340909090909091,47.75,3.7954545454545454,41.75,0.5454545454545454,6.0
qwen25_15b,171,msc_valid,32,lexical_tfidf,0.5,11,3.9545454545454546,43.5,3.7954545454545454,41.75,0.15909090909090917,1.75
qwen25_15b,171,msc_valid,32,recency_keep_compress_drop,0.5,11,4.090909090909091,45.0,3.7954545454545454,41.75,0.2954545454545454,3.25
qwen25_15b,171,msc_valid,34,uniform,0.2,13,4.673076923076923,60.75,4.403846153846154,57.25,0.26923076923076916,3.5
qwen25_15b,171,msc_valid,34,longllmlingua,0.2,13,4.769230769230769,62.0,4.403846153846154,57.25,0.365384615384615,4.75
qwen25_15b,171,msc_valid,34,recency,0.2,13,4.5576923076923075,59.25,4.403846153846154,57.25,0.1538461538461533,2.0
qwen25_15b,171,msc_valid,34,lexical_tfidf,0.2,13,4.346153846153846,56.5,4.403846153846154,57.25,-0.057692307692308376,-0.75
qwen25_15b,171,msc_valid,34,recency_keep_compress_drop,0.2,13,4.519230769230769,58.75,4.403846153846154,57.25,0.11538461538461497,1.5
qwen25_15b,171,msc_valid,34,uniform,0.35,13,4.538461538461538,59.0,4.403846153846154,57.25,0.13461538461538414,1.75
qwen25_15b,171,msc_valid,34,longllmlingua,0.35,13,4.961538461538462,64.5,4.403846153846154,57.25,0.5576923076923075,7.25
qwen25_15b,171,msc_valid,34,recency,0.35,13,4.480769230769231,58.25,4.403846153846154,57.25,0.07692307692307665,1.0
qwen25_15b,171,msc_valid,34,lexical_tfidf,0.35,13,4.134615384615385,53.75,4.403846153846154,57.25,-0.26923076923076916,-3.5
qwen25_15b,171,msc_valid,34,recency_keep_compress_drop,0.35,13,4.576923076923077,59.5,4.403846153846154,57.25,0.17307692307692246,2.25
qwen25_15b,171,msc_valid,34,uniform,0.5,13,4.403846153846154,57.25,4.403846153846154,57.25,0.0,0.0
qwen25_15b,171,msc_valid,34,longllmlingua,0.5,13,5.038461538461538,65.5,4.403846153846154,57.25,0.6346153846153841,8.25
qwen25_15b,171,msc_valid,34,recency,0.5,13,4.519230769230769,58.75,4.403846153846154,57.25,0.11538461538461497,1.5
qwen25_15b,171,msc_valid,34,lexical_tfidf,0.5,13,4.230769230769231,55.0,4.403846153846154,57.25,-0.17307692307692335,-2.25
qwen25_15b,171,msc_valid,34,recency_keep_compress_drop,0.5,13,4.5,58.5,4.403846153846154,57.25,0.09615384615384581,1.25
qwen25_15b,171,msc_valid,38,uniform,0.2,16,2.78125,44.5,2.4375,39.0,0.34375,5.5
qwen25_15b,171,msc_valid,38,longllmlingua,0.2,16,3.296875,52.75,2.4375,39.0,0.859375,13.75
qwen25_15b,171,msc_valid,38,recency,0.2,16,2.765625,44.25,2.4375,39.0,0.328125,5.25
qwen25_15b,171,msc_valid,38,lexical_tfidf,0.2,16,2.859375,45.75,2.4375,39.0,0.421875,6.75
qwen25_15b,171,msc_valid,38,recency_keep_compress_drop,0.2,16,2.765625,44.25,2.4375,39.0,0.328125,5.25
qwen25_15b,171,msc_valid,38,uniform,0.35,16,2.671875,42.75,2.4375,39.0,0.234375,3.75
qwen25_15b,171,msc_valid,38,longllmlingua,0.35,16,3.296875,52.75,2.4375,39.0,0.859375,13.75
qwen25_15b,171,msc_valid,38,recency,0.35,16,2.609375,41.75,2.4375,39.0,0.171875,2.75
qwen25_15b,171,msc_valid,38,lexical_tfidf,0.35,16,2.65625,42.5,2.4375,39.0,0.21875,3.5
qwen25_15b,171,msc_valid,38,recency_keep_compress_drop,0.35,16,2.78125,44.5,2.4375,39.0,0.34375,5.5
qwen25_15b,171,msc_valid,38,uniform,0.5,16,2.65625,42.5,2.4375,39.0,0.21875,3.5
qwen25_15b,171,msc_valid,38,longllmlingua,0.5,16,3.125,50.0,2.4375,39.0,0.6875,11.0
qwen25_15b,171,msc_valid,38,recency,0.5,16,2.609375,41.75,2.4375,39.0,0.171875,2.75
qwen25_15b,171,msc_valid,38,lexical_tfidf,0.5,16,2.6875,43.0,2.4375,39.0,0.25,4.0
qwen25_15b,171,msc_valid,38,recency_keep_compress_drop,0.5,16,2.578125,41.25,2.4375,39.0,0.140625,2.25
qwen25_15b,171,msc_valid,42,uniform,0.2,32,2.78125,89.0,0.0,0.0,2.78125,89.0
qwen25_15b,171,msc_valid,42,longllmlingua,0.2,32,2.71875,87.0,0.0,0.0,2.71875,87.0
qwen25_15b,171,msc_valid,42,recency,0.2,32,2.765625,88.5,0.0,0.0,2.765625,88.5
qwen25_15b,171,msc_valid,42,lexical_tfidf,0.2,32,2.8125,90.0,0.0,0.0,2.8125,90.0
qwen25_15b,171,msc_valid,42,recency_keep_compress_drop,0.2,32,2.765625,88.5,0.0,0.0,2.765625,88.5
qwen25_15b,171,msc_valid,42,uniform,0.35,32,2.84375,91.0,0.0,0.0,2.84375,91.0
qwen25_15b,171,msc_valid,42,longllmlingua,0.35,32,2.703125,86.5,0.0,0.0,2.703125,86.5
qwen25_15b,171,msc_valid,42,recency,0.35,32,2.765625,88.5,0.0,0.0,2.765625,88.5
qwen25_15b,171,msc_valid,42,lexical_tfidf,0.35,32,2.859375,91.5,0.0,0.0,2.859375,91.5
qwen25_15b,171,msc_valid,42,recency_keep_compress_drop,0.35,32,2.796875,89.5,0.0,0.0,2.796875,89.5
qwen25_15b,171,msc_valid,42,uniform,0.5,32,2.875,92.0,0.0,0.0,2.875,92.0
qwen25_15b,171,msc_valid,42,longllmlingua,0.5,32,2.6875,86.0,0.0,0.0,2.6875,86.0
qwen25_15b,171,msc_valid,42,recency,0.5,32,2.8125,90.0,0.0,0.0,2.8125,90.0
qwen25_15b,171,msc_valid,42,lexical_tfidf,0.5,32,2.828125,90.5,0.0,0.0,2.828125,90.5
qwen25_15b,171,msc_valid,42,recency_keep_compress_drop,0.5,32,2.78125,89.0,0.0,0.0,2.78125,89.0
qwen25_15b,171,msc_valid,46,uniform,0.2,34,2.6176470588235294,89.0,0.0,0.0,2.6176470588235294,89.0
qwen25_15b,171,msc_valid,46,longllmlingua,0.2,34,2.764705882352941,94.0,0.0,0.0,2.764705882352941,94.0
qwen25_15b,171,msc_valid,46,recency,0.2,34,2.75,93.5,0.0,0.0,2.75,93.5
qwen25_15b,171,msc_valid,46,lexical_tfidf,0.2,34,2.823529411764706,96.0,0.0,0.0,2.823529411764706,96.0
qwen25_15b,171,msc_valid,46,recency_keep_compress_drop,0.2,34,2.75,93.5,0.0,0.0,2.75,93.5
qwen25_15b,171,msc_valid,46,uniform,0.35,34,2.6911764705882355,91.5,0.0,0.0,2.6911764705882355,91.5
qwen25_15b,171,msc_valid,46,longllmlingua,0.35,34,2.735294117647059,93.0,0.0,0.0,2.735294117647059,93.0
qwen25_15b,171,msc_valid,46,recency,0.35,34,2.676470588235294,91.0,0.0,0.0,2.676470588235294,91.0
qwen25_15b,171,msc_valid,46,lexical_tfidf,0.35,34,2.735294117647059,93.0,0.0,0.0,2.735294117647059,93.0
qwen25_15b,171,msc_valid,46,recency_keep_compress_drop,0.35,34,2.7058823529411766,92.0,0.0,0.0,2.7058823529411766,92.0
qwen25_15b,171,msc_valid,46,uniform,0.5,34,2.6176470588235294,89.0,0.0,0.0,2.6176470588235294,89.0
qwen25_15b,171,msc_valid,46,longllmlingua,0.5,34,2.7058823529411766,92.0,0.0,0.0,2.7058823529411766,92.0
qwen25_15b,171,msc_valid,46,recency,0.5,34,2.676470588235294,91.0,0.0,0.0,2.676470588235294,91.0
qwen25_15b,171,msc_valid,46,lexical_tfidf,0.5,34,2.676470588235294,91.0,0.0,0.0,2.676470588235294,91.0
qwen25_15b,171,msc_valid,46,recency_keep_compress_drop,0.5,34,2.6470588235294117,90.0,0.0,0.0,2.6470588235294117,90.0
qwen25_15b,171,msc_valid,50,uniform,0.2,44,2.2613636363636362,99.5,0.0,0.0,2.2613636363636362,99.5
qwen25_15b,171,msc_valid,50,longllmlingua,0.2,44,2.272727272727273,100.0,0.0,0.0,2.272727272727273,100.0
qwen25_15b,171,msc_valid,50,recency,0.2,44,2.272727272727273,100.0,0.0,0.0,2.272727272727273,100.0
qwen25_15b,171,msc_valid,50,lexical_tfidf,0.2,44,2.25,99.0,0.0,0.0,2.25,99.0
qwen25_15b,171,msc_valid,50,recency_keep_compress_drop,0.2,44,2.2613636363636362,99.5,0.0,0.0,2.2613636363636362,99.5
qwen25_15b,171,msc_valid,50,uniform,0.35,44,2.2386363636363638,98.5,0.0,0.0,2.2386363636363638,98.5
qwen25_15b,171,msc_valid,50,longllmlingua,0.35,44,2.3068181818181817,101.5,0.0,0.0,2.3068181818181817,101.5
qwen25_15b,171,msc_valid,50,recency,0.35,44,2.2613636363636362,99.5,0.0,0.0,2.2613636363636362,99.5
qwen25_15b,171,msc_valid,50,lexical_tfidf,0.35,44,2.272727272727273,100.0,0.0,0.0,2.272727272727273,100.0
qwen25_15b,171,msc_valid,50,recency_keep_compress_drop,0.35,44,2.215909090909091,97.5,0.0,0.0,2.215909090909091,97.5
qwen25_15b,171,msc_valid,50,uniform,0.5,44,2.227272727272727,98.0,0.0,0.0,2.227272727272727,98.0
qwen25_15b,171,msc_valid,50,longllmlingua,0.5,44,2.2954545454545454,101.0,0.0,0.0,2.2954545454545454,101.0
qwen25_15b,171,msc_valid,50,recency,0.5,44,2.2045454545454546,97.0,0.0,0.0,2.2045454545454546,97.0
qwen25_15b,171,msc_valid,50,lexical_tfidf,0.5,44,2.2386363636363638,98.5,0.0,0.0,2.2386363636363638,98.5
qwen25_15b,171,msc_valid,50,recency_keep_compress_drop,0.5,44,2.2045454545454546,97.0,0.0,0.0,2.2045454545454546,97.0
qwen25_15b,171,msc_valid,54,uniform,0.2,40,2.15,86.0,0.0,0.0,2.15,86.0
qwen25_15b,171,msc_valid,54,longllmlingua,0.2,40,2.2,88.0,0.0,0.0,2.2,88.0
qwen25_15b,171,msc_valid,54,recency,0.2,40,2.225,89.0,0.0,0.0,2.225,89.0
qwen25_15b,171,msc_valid,54,lexical_tfidf,0.2,40,2.225,89.0,0.0,0.0,2.225,89.0
qwen25_15b,171,msc_valid,54,recency_keep_compress_drop,0.2,40,2.225,89.0,0.0,0.0,2.225,89.0
qwen25_15b,171,msc_valid,54,uniform,0.35,40,2.1875,87.5,0.0,0.0,2.1875,87.5
qwen25_15b,171,msc_valid,54,longllmlingua,0.35,40,2.2125,88.5,0.0,0.0,2.2125,88.5
qwen25_15b,171,msc_valid,54,recency,0.35,40,2.225,89.0,0.0,0.0,2.225,89.0
qwen25_15b,171,msc_valid,54,lexical_tfidf,0.35,40,2.2375,89.5,0.0,0.0,2.2375,89.5
qwen25_15b,171,msc_valid,54,recency_keep_compress_drop,0.35,40,2.25,90.0,0.0,0.0,2.25,90.0
qwen25_15b,171,msc_valid,54,uniform,0.5,40,2.1625,86.5,0.0,0.0,2.1625,86.5
qwen25_15b,171,msc_valid,54,longllmlingua,0.5,40,2.175,87.0,0.0,0.0,2.175,87.0
qwen25_15b,171,msc_valid,54,recency,0.5,0,0.0,0.0,0.0,0.0,0.0,0.0
qwen25_15b,171,msc_valid,54,lexical_tfidf,0.5,0,0.0,0.0,0.0,0.0,0.0,0.0
qwen25_15b,171,msc_valid,54,recency_keep_compress_drop,0.5,0,0.0,0.0,0.0,0.0,0.0,0.0
qwen25_15b,171,msc_valid,58,uniform,0.2,32,2.671875,85.5,0.0,0.0,2.671875,85.5
qwen25_15b,171,msc_valid,58,longllmlingua,0.2,32,2.515625,80.5,0.0,0.0,2.515625,80.5
qwen25_15b,171,msc_valid,58,recency,0.2,32,2.5625,82.0,0.0,0.0,2.5625,82.0
qwen25_15b,171,msc_valid,58,lexical_tfidf,0.2,32,2.5625,82.0,0.0,0.0,2.5625,82.0
qwen25_15b,171,msc_valid,58,recency_keep_compress_drop,0.2,32,2.546875,81.5,0.0,0.0,2.546875,81.5
qwen25_15b,171,msc_valid,58,uniform,0.35,32,2.625,84.0,0.0,0.0,2.625,84.0
qwen25_15b,171,msc_valid,58,longllmlingua,0.35,32,2.515625,80.5,0.0,0.0,2.515625,80.5
qwen25_15b,171,msc_valid,58,recency,0.35,0,0.0,0.0,0.0,0.0,0.0,0.0
qwen25_15b,171,msc_valid,58,lexical_tfidf,0.35,0,0.0,0.0,0.0,0.0,0.0,0.0
qwen25_15b,171,msc_valid,58,recency_keep_compress_drop,0.35,0,0.0,0.0,0.0,0.0,0.0,0.0
qwen25_15b,171,msc_valid,58,uniform,0.5,32,2.765625,88.5,0.0,0.0,2.765625,88.5
qwen25_15b,171,msc_valid,58,longllmlingua,0.5,32,2.46875,79.0,0.0,0.0,2.46875,79.0
qwen25_15b,171,msc_valid,58,recency,0.5,0,0.0,0.0,0.0,0.0,0.0,0.0
qwen25_15b,171,msc_valid,58,lexical_tfidf,0.5,0,0.0,0.0,0.0,0.0,0.0,0.0
qwen25_15b,171,msc_valid,58,recency_keep_compress_drop,0.5,0,0.0,0.0,0.0,0.0,0.0,0.0
qwen25_15b,171,msc_valid,62,uniform,0.2,43,1.4883720930232558,64.0,0.0,0.0,1.4883720930232558,64.0
qwen25_15b,171,msc_valid,62,longllmlingua,0.2,43,1.3662790697674418,58.75,0.0,0.0,1.3662790697674418,58.75
qwen25_15b,171,msc_valid,62,recency,0.2,0,0.0,0.0,0.0,0.0,0.0,0.0
qwen25_15b,171,msc_valid,62,lexical_tfidf,0.2,0,0.0,0.0,0.0,0.0,0.0,0.0
qwen25_15b,171,msc_valid,62,recency_keep_compress_drop,0.2,15,1.9416666666666667,29.125,0.0,0.0,1.9416666666666667,29.125
qwen25_15b,171,msc_valid,62,uniform,0.35,43,1.5,64.5,0.0,0.0,1.5,64.5
qwen25_15b,171,msc_valid,62,longllmlingua,0.35,43,1.377906976744186,59.25,0.0,0.0,1.377906976744186,59.25
qwen25_15b,171,msc_valid,62,recency,0.35,0,0.0,0.0,0.0,0.0,0.0,0.0
qwen25_15b,171,msc_valid,62,lexical_tfidf,0.35,0,0.0,0.0,0.0,0.0,0.0,0.0
qwen25_15b,171,msc_valid,62,recency_keep_compress_drop,0.35,0,0.0,0.0,0.0,0.0,0.0,0.0
qwen25_15b,171,msc_valid,62,uniform,0.5,43,1.5116279069767442,65.0,0.0,0.0,1.5116279069767442,65.0
qwen25_15b,171,msc_valid,62,longllmlingua,0.5,43,1.4244186046511629,61.25,0.0,0.0,1.4244186046511629,61.25
qwen25_15b,171,msc_valid,62,recency,0.5,0,0.0,0.0,0.0,0.0,0.0,0.0
qwen25_15b,171,msc_valid,62,lexical_tfidf,0.5,0,0.0,0.0,0.0,0.0,0.0,0.0
qwen25_15b,171,msc_valid,62,recency_keep_compress_drop,0.5,0,0.0,0.0,0.0,0.0,0.0,0.0
qwen25_15b,173,msc_valid,4,uniform,0.2,19,4.447368421052632,84.5,3.973684210526316,75.5,0.47368421052631593,9.0
qwen25_15b,173,msc_valid,4,longllmlingua,0.2,19,3.9473684210526314,75.0,3.973684210526316,75.5,-0.026315789473684514,-0.5
qwen25_15b,173,msc_valid,4,recency,0.2,19,4.447368421052632,84.5,3.973684210526316,75.5,0.47368421052631593,9.0
qwen25_15b,173,msc_valid,4,lexical_tfidf,0.2,19,4.447368421052632,84.5,3.973684210526316,75.5,0.47368421052631593,9.0
qwen25_15b,173,msc_valid,4,recency_keep_compress_drop,0.2,19,4.447368421052632,84.5,3.973684210526316,75.5,0.47368421052631593,9.0
qwen25_15b,173,msc_valid,4,uniform,0.35,19,4.131578947368421,78.5,3.973684210526316,75.5,0.1578947368421053,3.0
qwen25_15b,173,msc_valid,4,longllmlingua,0.35,19,3.973684210526316,75.5,3.973684210526316,75.5,0.0,0.0
qwen25_15b,173,msc_valid,4,recency,0.35,19,4.131578947368421,78.5,3.973684210526316,75.5,0.1578947368421053,3.0
qwen25_15b,173,msc_valid,4,lexical_tfidf,0.35,19,4.131578947368421,78.5,3.973684210526316,75.5,0.1578947368421053,3.0
qwen25_15b,173,msc_valid,4,recency_keep_compress_drop,0.35,19,4.131578947368421,78.5,3.973684210526316,75.5,0.1578947368421053,3.0
qwen25_15b,173,msc_valid,4,uniform,0.5,19,4.131578947368421,78.5,3.973684210526316,75.5,0.1578947368421053,3.0
qwen25_15b,173,msc_valid,4,longllmlingua,0.5,19,3.8157894736842106,72.5,3.973684210526316,75.5,-0.1578947368421053,-3.0
qwen25_15b,173,msc_valid,4,recency,0.5,19,4.131578947368421,78.5,3.973684210526316,75.5,0.1578947368421053,3.0
qwen25_15b,173,msc_valid,4,lexical_tfidf,0.5,19,4.131578947368421,78.5,3.973684210526316,75.5,0.1578947368421053,3.0
qwen25_15b,173,msc_valid,4,recency_keep_compress_drop,0.5,19,4.131578947368421,78.5,3.973684210526316,75.5,0.1578947368421053,3.0
qwen25_15b,173,msc_valid,6,uniform,0.2,15,3.35,50.25,2.7333333333333334,41.0,0.6166666666666667,9.25
qwen25_15b,173,msc_valid,6,longllmlingua,0.2,15,3.05,45.75,2.7333333333333334,41.0,0.31666666666666643,4.75
qwen25_15b,173,msc_valid,6,recency,0.2,15,3.216666666666667,48.25,2.7333333333333334,41.0,0.4833333333333334,7.25
qwen25_15b,173,msc_valid,6,lexical_tfidf,0.2,15,3.35,50.25,2.7333333333333334,41.0,0.6166666666666667,9.25
qwen25_15b,173,msc_valid,6,recency_keep_compress_drop,0.2,15,3.216666666666667,48.25,2.7333333333333334,41.0,0.4833333333333334,7.25
qwen25_15b,173,msc_valid,6,uniform,0.35,15,2.933333333333333,44.0,2.7333333333333334,41.0,0.19999999999999973,3.0
qwen25_15b,173,msc_valid,6,longllmlingua,0.35,15,2.933333333333333,44.0,2.7333333333333334,41.0,0.19999999999999973,3.0
qwen25_15b,173,msc_valid,6,recency,0.35,15,2.933333333333333,44.0,2.7333333333333334,41.0,0.19999999999999973,3.0
qwen25_15b,173,msc_valid,6,lexical_tfidf,0.35,15,3.6333333333333333,54.5,2.7333333333333334,41.0,0.8999999999999999,13.5
qwen25_15b,173,msc_valid,6,recency_keep_compress_drop,0.35,15,2.933333333333333,44.0,2.7333333333333334,41.0,0.19999999999999973,3.0
qwen25_15b,173,msc_valid,6,uniform,0.5,15,3.466666666666667,52.0,2.7333333333333334,41.0,0.7333333333333334,11.0
qwen25_15b,173,msc_valid,6,longllmlingua,0.5,15,3.0,45.0,2.7333333333333334,41.0,0.2666666666666666,4.0
qwen25_15b,173,msc_valid,6,recency,0.5,15,3.0833333333333335,46.25,2.7333333333333334,41.0,0.3500000000000001,5.25
qwen25_15b,173,msc_valid,6,lexical_tfidf,0.5,15,3.3666666666666667,50.5,2.7333333333333334,41.0,0.6333333333333333,9.5
qwen25_15b,173,msc_valid,6,recency_keep_compress_drop,0.5,15,2.933333333333333,44.0,2.7333333333333334,41.0,0.19999999999999973,3.0
qwen25_15b,173,msc_valid,8,uniform,0.2,8,1.953125,15.625,1.328125,10.625,0.625,5.0
qwen25_15b,173,msc_valid,8,longllmlingua,0.2,8,1.6796875,13.4375,1.328125,10.625,0.3515625,2.8125
qwen25_15b,173,msc_valid,8,recency,0.2,8,2.0,16.0,1.328125,10.625,0.671875,5.375
qwen25_15b,173,msc_valid,8,lexical_tfidf,0.2,8,2.0,16.0,1.328125,10.625,0.671875,5.375
qwen25_15b,173,msc_valid,8,recency_keep_compress_drop,0.2,8,1.9296875,15.4375,1.328125,10.625,0.6015625,4.8125
qwen25_15b,173,msc_valid,8,uniform,0.35,8,2.03125,16.25,1.328125,10.625,0.703125,5.625
qwen25_15b,173,msc_valid,8,longllmlingua,0.35,8,1.359375,10.875,1.328125,10.625,0.03125,0.25
qwen25_15b,173,msc_valid,8,recency,0.35,8,1.78125,14.25,1.328125,10.625,0.453125,3.625
qwen25_15b,173,msc_valid,8,lexical_tfidf,0.35,8,1.8046875,14.4375,1.328125,10.625,0.4765625,3.8125
qwen25_15b,173,msc_valid,8,recency_keep_compress_drop,0.35,8,2.0,16.0,1.328125,10.625,0.671875,5.375
qwen25_15b,173,msc_valid,8,uniform,0.5,8,1.7578125,14.0625,1.328125,10.625,0.4296875,3.4375
qwen25_15b,173,msc_valid,8,longllmlingua,0.5,8,1.1796875,9.4375,1.328125,10.625,-0.1484375,-1.1875
qwen25_15b,173,msc_valid,8,recency,0.5,8,1.6796875,13.4375,1.328125,10.625,0.3515625,2.8125
qwen25_15b,173,msc_valid,8,lexical_tfidf,0.5,8,1.7421875,13.9375,1.328125,10.625,0.4140625,3.3125
qwen25_15b,173,msc_valid,8,recency_keep_compress_drop,0.5,8,1.8828125,15.0625,1.328125,10.625,0.5546875,4.4375
qwen25_15b,173,msc_valid,10,uniform,0.2,9,5.694444444444445,51.25,4.5,40.5,1.1944444444444446,10.75
qwen25_15b,173,msc_valid,10,longllmlingua,0.2,9,4.527777777777778,40.75,4.5,40.5,0.02777777777777768,0.25
qwen25_15b,173,msc_valid,10,recency,0.2,9,5.527777777777778,49.75,4.5,40.5,1.0277777777777777,9.25
qwen25_15b,173,msc_valid,10,lexical_tfidf,0.2,9,5.416666666666667,48.75,4.5,40.5,0.916666666666667,8.25
qwen25_15b,173,msc_valid,10,recency_keep_compress_drop,0.2,9,5.472222222222222,49.25,4.5,40.5,0.9722222222222223,8.75
qwen25_15b,173,msc_valid,10,uniform,0.35,9,5.5,49.5,4.5,40.5,1.0,9.0
qwen25_15b,173,msc_valid,10,longllmlingua,0.35,9,4.611111111111111,41.5,4.5,40.5,0.11111111111111072,1.0
qwen25_15b,173,msc_valid,10,recency,0.35,9,5.583333333333333,50.25,4.5,40.5,1.083333333333333,9.75
qwen25_15b,173,msc_valid,10,lexical_tfidf,0.35,9,5.222222222222222,47.0,4.5,40.5,0.7222222222222223,6.5
qwen25_15b,173,msc_valid,10,recency_keep_compress_drop,0.35,9,4.472222222222222,40.25,4.5,40.5,-0.02777777777777768,-0.25
qwen25_15b,173,msc_valid,10,uniform,0.5,9,5.527777777777778,49.75,4.5,40.5,1.0277777777777777,9.25
qwen25_15b,173,msc_valid,10,longllmlingua,0.5,9,4.305555555555555,38.75,4.5,40.5,-0.19444444444444464,-1.75
qwen25_15b,173,msc_valid,10,recency,0.5,9,4.75,42.75,4.5,40.5,0.25,2.25
qwen25_15b,173,msc_valid,10,lexical_tfidf,0.5,9,5.25,47.25,4.5,40.5,0.75,6.75
qwen25_15b,173,msc_valid,10,recency_keep_compress_drop,0.5,9,4.333333333333333,39.0,4.5,40.5,-0.16666666666666696,-1.5
qwen25_15b,173,msc_valid,12,uniform,0.2,16,4.1875,67.0,3.484375,55.75,0.703125,11.25
qwen25_15b,173,msc_valid,12,longllmlingua,0.2,16,3.59375,57.5,3.484375,55.75,0.109375,1.75
qwen25_15b,173,msc_valid,12,recency,0.2,16,3.875,62.0,3.484375,55.75,0.390625,6.25
qwen25_15b,173,msc_valid,12,lexical_tfidf,0.2,16,4.1875,67.0,3.484375,55.75,0.703125,11.25
qwen25_15b,173,msc_valid,12,recency_keep_compress_drop,0.2,16,3.875,62.0,3.484375,55.75,0.390625,6.25
qwen25_15b,173,msc_valid,12,uniform,0.35,16,3.828125,61.25,3.484375,55.75,0.34375,5.5
qwen25_15b,173,msc_valid,12,longllmlingua,0.35,16,3.53125,56.5,3.484375,55.75,0.046875,0.75
qwen25_15b,173,msc_valid,12,recency,0.35,16,3.859375,61.75,3.484375,55.75,0.375,6.0
qwen25_15b,173,msc_valid,12,lexical_tfidf,0.35,16,3.8125,61.0,3.484375,55.75,0.328125,5.25
qwen25_15b,173,msc_valid,12,recency_keep_compress_drop,0.35,16,3.546875,56.75,3.484375,55.75,0.0625,1.0
qwen25_15b,173,msc_valid,12,uniform,0.5,16,3.734375,59.75,3.484375,55.75,0.25,4.0
qwen25_15b,173,msc_valid,12,longllmlingua,0.5,16,3.625,58.0,3.484375,55.75,0.140625,2.25
qwen25_15b,173,msc_valid,12,recency,0.5,16,3.890625,62.25,3.484375,55.75,0.40625,6.5
qwen25_15b,173,msc_valid,12,lexical_tfidf,0.5,16,3.734375,59.75,3.484375,55.75,0.25,4.0
qwen25_15b,173,msc_valid,12,recency_keep_compress_drop,0.5,16,3.578125,57.25,3.484375,55.75,0.09375,1.5
qwen25_15b,173,msc_valid,14,uniform,0.2,11,4.204545454545454,46.25,3.5454545454545454,39.0,0.6590909090909087,7.25
qwen25_15b,173,msc_valid,14,longllmlingua,0.2,11,3.6136363636363638,39.75,3.5454545454545454,39.0,0.06818181818181834,0.75
qwen25_15b,173,msc_valid,14,recency,0.2,11,3.8181818181818183,42.0,3.5454545454545454,39.0,0.27272727272727293,3.0
qwen25_15b,173,msc_valid,14,lexical_tfidf,0.2,11,3.772727272727273,41.5,3.5454545454545454,39.0,0.22727272727272751,2.5
qwen25_15b,173,msc_valid,14,recency_keep_compress_drop,0.2,11,3.8181818181818183,42.0,3.5454545454545454,39.0,0.27272727272727293,3.0
qwen25_15b,173,msc_valid,14,uniform,0.35,11,4.25,46.75,3.5454545454545454,39.0,0.7045454545454546,7.75
qwen25_15b,173,msc_valid,14,longllmlingua,0.35,11,3.6818181818181817,40.5,3.5454545454545454,39.0,0.13636363636363624,1.5
qwen25_15b,173,msc_valid,14,recency,0.35,11,3.977272727272727,43.75,3.5454545454545454,39.0,0.43181818181818166,4.75
qwen25_15b,173,msc_valid,14,lexical_tfidf,0.35,11,3.590909090909091,39.5,3.5454545454545454,39.0,0.045454545454545414,0.5
qwen25_15b,173,msc_valid,14,recency_keep_compress_drop,0.35,11,3.522727272727273,38.75,3.5454545454545454,39.0,-0.022727272727272485,-0.25
qwen25_15b,173,msc_valid,14,uniform,0.5,11,4.113636363636363,45.25,3.5454545454545454,39.0,0.5681818181818179,6.25
qwen25_15b,173,msc_valid,14,longllmlingua,0.5,11,3.5681818181818183,39.25,3.5454545454545454,39.0,0.02272727272727293,0.25
qwen25_15b,173,msc_valid,14,recency,0.5,11,3.9318181818181817,43.25,3.5454545454545454,39.0,0.38636363636363624,4.25
qwen25_15b,173,msc_valid,14,lexical_tfidf,0.5,11,3.840909090909091,42.25,3.5454545454545454,39.0,0.2954545454545454,3.25
qwen25_15b,173,msc_valid,14,recency_keep_compress_drop,0.5,11,3.5,38.5,3.5454545454545454,39.0,-0.045454545454545414,-0.5
qwen25_15b,196,msc_valid,4,uniform,0.2,17,3.7058823529411766,63.0,3.5441176470588234,60.25,0.16176470588235325,2.75
qwen25_15b,196,msc_valid,4,longllmlingua,0.2,17,3.485294117647059,59.25,3.5441176470588234,60.25,-0.0588235294117645,-1.0
qwen25_15b,196,msc_valid,4,recency,0.2,17,3.7058823529411766,63.0,3.5441176470588234,60.25,0.16176470588235325,2.75
qwen25_15b,196,msc_valid,4,lexical_tfidf,0.2,17,3.7058823529411766,63.0,3.5441176470588234,60.25,0.16176470588235325,2.75
qwen25_15b,196,msc_valid,4,recency_keep_compress_drop,0.2,17,3.7058823529411766,63.0,3.5441176470588234,60.25,0.16176470588235325,2.75
qwen25_15b,196,msc_valid,4,uniform,0.35,17,3.5294117647058822,60.0,3.5441176470588234,60.25,-0.014705882352941124,-0.25
qwen25_15b,196,msc_valid,4,longllmlingua,0.35,17,3.4705882352941178,59.0,3.5441176470588234,60.25,-0.07352941176470562,-1.25
qwen25_15b,196,msc_valid,4,recency,0.35,17,3.5294117647058822,60.0,3.5441176470588234,60.25,-0.014705882352941124,-0.25
qwen25_15b,196,msc_valid,4,lexical_tfidf,0.35,17,3.5294117647058822,60.0,3.5441176470588234,60.25,-0.014705882352941124,-0.25
qwen25_15b,196,msc_valid,4,recency_keep_compress_drop,0.35,17,3.5294117647058822,60.0,3.5441176470588234,60.25,-0.014705882352941124,-0.25
qwen25_15b,196,msc_valid,4,uniform,0.5,17,3.5294117647058822,60.0,3.5441176470588234,60.25,-0.014705882352941124,-0.25
qwen25_15b,196,msc_valid,4,longllmlingua,0.5,17,3.3676470588235294,57.25,3.5441176470588234,60.25,-0.17647058823529393,-3.0
qwen25_15b,196,msc_valid,4,recency,0.5,17,3.5294117647058822,60.0,3.5441176470588234,60.25,-0.014705882352941124,-0.25
qwen25_15b,196,msc_valid,4,lexical_tfidf,0.5,17,3.5294117647058822,60.0,3.5441176470588234,60.25,-0.014705882352941124,-0.25
qwen25_15b,196,msc_valid,4,recency_keep_compress_drop,0.5,17,3.5294117647058822,60.0,3.5441176470588234,60.25,-0.014705882352941124,-0.25
qwen25_15b,196,msc_valid,8,uniform,0.2,13,4.5,58.5,4.365384615384615,56.75,0.13461538461538503,1.75
qwen25_15b,196,msc_valid,8,longllmlingua,0.2,13,4.538461538461538,59.0,4.365384615384615,56.75,0.17307692307692335,2.25
qwen25_15b,196,msc_valid,8,recency,0.2,13,4.4423076923076925,57.75,4.365384615384615,56.75,0.07692307692307754,1.0
qwen25_15b,196,msc_valid,8,lexical_tfidf,0.2,13,4.5,58.5,4.365384615384615,56.75,0.13461538461538503,1.75
qwen25_15b,196,msc_valid,8,recency_keep_compress_drop,0.2,13,4.4423076923076925,57.75,4.365384615384615,56.75,0.07692307692307754,1.0
qwen25_15b,196,msc_valid,8,uniform,0.35,13,4.4423076923076925,57.75,4.365384615384615,56.75,0.07692307692307754,1.0
qwen25_15b,196,msc_valid,8,longllmlingua,0.35,13,4.423076923076923,57.5,4.365384615384615,56.75,0.057692307692308376,0.75
qwen25_15b,196,msc_valid,8,recency,0.35,13,4.3076923076923075,56.0,4.365384615384615,56.75,-0.05769230769230749,-0.75
qwen25_15b,196,msc_valid,8,lexical_tfidf,0.35,13,4.461538461538462,58.0,4.365384615384615,56.75,0.0961538461538467,1.25
qwen25_15b,196,msc_valid,8,recency_keep_compress_drop,0.35,13,4.3076923076923075,56.0,4.365384615384615,56.75,-0.05769230769230749,-0.75
qwen25_15b,196,msc_valid,8,uniform,0.5,13,4.5576923076923075,59.25,4.365384615384615,56.75,0.1923076923076925,2.5
qwen25_15b,196,msc_valid,8,longllmlingua,0.5,13,4.269230769230769,55.5,4.365384615384615,56.75,-0.09615384615384581,-1.25
qwen25_15b,196,msc_valid,8,recency,0.5,13,4.25,55.25,4.365384615384615,56.75,-0.11538461538461497,-1.5
qwen25_15b,196,msc_valid,8,lexical_tfidf,0.5,13,4.384615384615385,57.0,4.365384615384615,56.75,0.01923076923077005,0.25
qwen25_15b,196,msc_valid,8,recency_keep_compress_drop,0.5,13,4.269230769230769,55.5,4.365384615384615,56.75,-0.09615384615384581,-1.25
qwen25_15b,196,msc_valid,12,uniform,0.2,32,2.265625,72.5,2.046875,65.5,0.21875,7.0
qwen25_15b,196,msc_valid,12,longllmlingua,0.2,32,2.375,76.0,2.046875,65.5,0.328125,10.5
qwen25_15b,196,msc_valid,12,recency,0.2,32,2.1875,70.0,2.046875,65.5,0.140625,4.5
qwen25_15b,196,msc_valid,12,lexical_tfidf,0.2,32,2.09375,67.0,2.046875,65.5,0.046875,1.5
qwen25_15b,196,msc_valid,12,recency_keep_compress_drop,0.2,32,2.125,68.0,2.046875,65.5,0.078125,2.5
qwen25_15b,196,msc_valid,12,uniform,0.35,32,2.21875,71.0,2.046875,65.5,0.171875,5.5
qwen25_15b,196,msc_valid,12,longllmlingua,0.35,32,2.34375,75.0,2.046875,65.5,0.296875,9.5
qwen25_15b,196,msc_valid,12,recency,0.35,32,2.109375,67.5,2.046875,65.5,0.0625,2.0
qwen25_15b,196,msc_valid,12,lexical_tfidf,0.35,32,2.171875,69.5,2.046875,65.5,0.125,4.0
qwen25_15b,196,msc_valid,12,recency_keep_compress_drop,0.35,32,2.09375,67.0,2.046875,65.5,0.046875,1.5
qwen25_15b,196,msc_valid,12,uniform,0.5,32,2.21875,71.0,2.046875,65.5,0.171875,5.5
qwen25_15b,196,msc_valid,12,longllmlingua,0.5,32,2.34375,75.0,2.046875,65.5,0.296875,9.5
qwen25_15b,196,msc_valid,12,recency,0.5,32,2.140625,68.5,2.046875,65.5,0.09375,3.0
qwen25_15b,196,msc_valid,12,lexical_tfidf,0.5,32,2.234375,71.5,2.046875,65.5,0.1875,6.0
qwen25_15b,196,msc_valid,12,recency_keep_compress_drop,0.5,32,2.109375,67.5,2.046875,65.5,0.0625,2.0
qwen25_15b,196,msc_valid,14,uniform,0.2,15,3.3833333333333333,50.75,3.0833333333333335,46.25,0.2999999999999998,4.5
qwen25_15b,196,msc_valid,14,longllmlingua,0.2,15,3.316666666666667,49.75,3.0833333333333335,46.25,0.2333333333333334,3.5
qwen25_15b,196,msc_valid,14,recency,0.2,15,3.1666666666666665,47.5,3.0833333333333335,46.25,0.08333333333333304,1.25
qwen25_15b,196,msc_valid,14,lexical_tfidf,0.2,15,3.0833333333333335,46.25,3.0833333333333335,46.25,0.0,0.0
qwen25_15b,196,msc_valid,14,recency_keep_compress_drop,0.2,15,3.1666666666666665,47.5,3.0833333333333335,46.25,0.08333333333333304,1.25
qwen25_15b,196,msc_valid,14,uniform,0.35,15,3.4833333333333334,52.25,3.0833333333333335,46.25,0.3999999999999999,6.0
qwen25_15b,196,msc_valid,14,longllmlingua,0.35,15,3.2666666666666666,49.0,3.0833333333333335,46.25,0.18333333333333313,2.75
qwen25_15b,196,msc_valid,14,recency,0.35,15,3.0,45.0,3.0833333333333335,46.25,-0.08333333333333348,-1.25
qwen25_15b,196,msc_valid,14,lexical_tfidf,0.35,15,3.1666666666666665,47.5,3.0833333333333335,46.25,0.08333333333333304,1.25
qwen25_15b,196,msc_valid,14,recency_keep_compress_drop,0.35,15,3.033333333333333,45.5,3.0833333333333335,46.25,-0.050000000000000266,-0.75
qwen25_15b,196,msc_valid,14,uniform,0.5,15,3.316666666666667,49.75,3.0833333333333335,46.25,0.2333333333333334,3.5
qwen25_15b,196,msc_valid,14,longllmlingua,0.5,15,3.1333333333333333,47.0,3.0833333333333335,46.25,0.04999999999999982,0.75
qwen25_15b,196,msc_valid,14,recency,0.5,15,3.033333333333333,45.5,3.0833333333333335,46.25,-0.050000000000000266,-0.75
qwen25_15b,196,msc_valid,14,lexical_tfidf,0.5,15,3.0833333333333335,46.25,3.0833333333333335,46.25,0.0,0.0
qwen25_15b,196,msc_valid,14,recency_keep_compress_drop,0.5,15,2.9833333333333334,44.75,3.0833333333333335,46.25,-0.10000000000000009,-1.5
qwen25_15b,196,msc_valid,18,uniform,0.2,19,2.6710526315789473,50.75,2.0526315789473686,39.0,0.6184210526315788,11.75
qwen25_15b,196,msc_valid,18,longllmlingua,0.2,19,3.1315789473684212,59.5,2.0526315789473686,39.0,1.0789473684210527,20.5
qwen25_15b,196,msc_valid,18,recency,0.2,19,2.4473684210526314,46.5,2.0526315789473686,39.0,0.39473684210526283,7.5
qwen25_15b,196,msc_valid,18,lexical_tfidf,0.2,19,2.9078947368421053,55.25,2.0526315789473686,39.0,0.8552631578947367,16.25
qwen25_15b,196,msc_valid,18,recency_keep_compress_drop,0.2,19,2.276315789473684,43.25,2.0526315789473686,39.0,0.22368421052631549,4.25
qwen25_15b,196,msc_valid,18,uniform,0.35,19,2.710526315789474,51.5,2.0526315789473686,39.0,0.6578947368421053,12.5
qwen25_15b,196,msc_valid,18,longllmlingua,0.35,19,3.236842105263158,61.5,2.0526315789473686,39.0,1.1842105263157894,22.5
qwen25_15b,196,msc_valid,18,recency,0.35,19,2.4473684210526314,46.5,2.0526315789473686,39.0,0.39473684210526283,7.5
qwen25_15b,196,msc_valid,18,lexical_tfidf,0.35,19,2.276315789473684,43.25,2.0526315789473686,39.0,0.22368421052631549,4.25
qwen25_15b,196,msc_valid,18,recency_keep_compress_drop,0.35,19,2.289473684210526,43.5,2.0526315789473686,39.0,0.23684210526315752,4.5
qwen25_15b,196,msc_valid,18,uniform,0.5,19,2.5657894736842106,48.75,2.0526315789473686,39.0,0.513157894736842,9.75
qwen25_15b,196,msc_valid,18,longllmlingua,0.5,19,2.8421052631578947,54.0,2.0526315789473686,39.0,0.7894736842105261,15.0
qwen25_15b,196,msc_valid,18,recency,0.5,19,2.3684210526315788,45.0,2.0526315789473686,39.0,0.3157894736842102,6.0
qwen25_15b,196,msc_valid,18,lexical_tfidf,0.5,19,2.1710526315789473,41.25,2.0526315789473686,39.0,0.11842105263157876,2.25
qwen25_15b,196,msc_valid,18,recency_keep_compress_drop,0.5,19,2.0789473684210527,39.5,2.0526315789473686,39.0,0.02631578947368407,0.5
qwen25_15b,196,msc_valid,22,uniform,0.2,20,1.40625,28.125,1.33125,26.625,0.07499999999999996,1.5
qwen25_15b,196,msc_valid,22,longllmlingua,0.2,20,1.31875,26.375,1.33125,26.625,-0.012499999999999956,-0.25
qwen25_15b,196,msc_valid,22,recency,0.2,20,1.43125,28.625,1.33125,26.625,0.09999999999999987,2.0
qwen25_15b,196,msc_valid,22,lexical_tfidf,0.2,20,1.36875,27.375,1.33125,26.625,0.03749999999999987,0.75
qwen25_15b,196,msc_valid,22,recency_keep_compress_drop,0.2,20,1.44375,28.875,1.33125,26.625,0.11250000000000004,2.25
qwen25_15b,196,msc_valid,22,uniform,0.35,20,1.34375,26.875,1.33125,26.625,0.012499999999999956,0.25
qwen25_15b,196,msc_valid,22,longllmlingua,0.35,20,1.29375,25.875,1.33125,26.625,-0.03750000000000009,-0.75
qwen25_15b,196,msc_valid,22,recency,0.35,20,1.43125,28.625,1.33125,26.625,0.09999999999999987,2.0
qwen25_15b,196,msc_valid,22,lexical_tfidf,0.35,20,1.3625,27.25,1.33125,26.625,0.03125,0.625
qwen25_15b,196,msc_valid,22,recency_keep_compress_drop,0.35,20,1.45,29.0,1.33125,26.625,0.11874999999999991,2.375
qwen25_15b,196,msc_valid,22,uniform,0.5,20,1.3875,27.75,1.33125,26.625,0.05624999999999991,1.125
qwen25_15b,196,msc_valid,22,longllmlingua,0.5,20,1.2375,24.75,1.33125,26.625,-0.09375,-1.875
qwen25_15b,196,msc_valid,22,recency,0.5,20,1.475,29.5,1.33125,26.625,0.14375000000000004,2.875
qwen25_15b,196,msc_valid,22,lexical_tfidf,0.5,20,1.275,25.5,1.33125,26.625,-0.05625000000000013,-1.125
qwen25_15b,196,msc_valid,22,recency_keep_compress_drop,0.5,20,1.325,26.5,1.33125,26.625,-0.006250000000000089,-0.125
qwen25_15b,196,msc_valid,26,uniform,0.2,18,2.638888888888889,47.5,2.4583333333333335,44.25,0.18055555555555536,3.25
qwen25_15b,196,msc_valid,26,longllmlingua,0.2,18,3.111111111111111,56.0,2.4583333333333335,44.25,0.6527777777777777,11.75
qwen25_15b,196,msc_valid,26,recency,0.2,18,2.9305555555555554,52.75,2.4583333333333335,44.25,0.4722222222222219,8.5
qwen25_15b,196,msc_valid,26,lexical_tfidf,0.2,18,2.8055555555555554,50.5,2.4583333333333335,44.25,0.3472222222222219,6.25
qwen25_15b,196,msc_valid,26,recency_keep_compress_drop,0.2,18,3.0833333333333335,55.5,2.4583333333333335,44.25,0.625,11.25
qwen25_15b,196,msc_valid,26,uniform,0.35,18,2.611111111111111,47.0,2.4583333333333335,44.25,0.15277777777777768,2.75
qwen25_15b,196,msc_valid,26,longllmlingua,0.35,18,3.013888888888889,54.25,2.4583333333333335,44.25,0.5555555555555554,10.0
qwen25_15b,196,msc_valid,26,recency,0.35,18,2.625,47.25,2.4583333333333335,44.25,0.16666666666666652,3.0
qwen25_15b,196,msc_valid,26,lexical_tfidf,0.35,18,2.7916666666666665,50.25,2.4583333333333335,44.25,0.33333333333333304,6.0
qwen25_15b,196,msc_valid,26,recency_keep_compress_drop,0.35,18,2.611111111111111,47.0,2.4583333333333335,44.25,0.15277777777777768,2.75
qwen25_15b,196,msc_valid,26,uniform,0.5,18,2.5,45.0,2.4583333333333335,44.25,0.04166666666666652,0.75
qwen25_15b,196,msc_valid,26,longllmlingua,0.5,18,2.861111111111111,51.5,2.4583333333333335,44.25,0.4027777777777777,7.25
qwen25_15b,196,msc_valid,26,recency,0.5,18,2.763888888888889,49.75,2.4583333333333335,44.25,0.30555555555555536,5.5
qwen25_15b,196,msc_valid,26,lexical_tfidf,0.5,18,2.6805555555555554,48.25,2.4583333333333335,44.25,0.22222222222222188,4.0
qwen25_15b,196,msc_valid,26,recency_keep_compress_drop,0.5,18,2.5555555555555554,46.0,2.4583333333333335,44.25,0.09722222222222188,1.75
qwen25_15b,196,msc_valid,30,uniform,0.2,40,2.8,112.0,2.8,112.0,0.0,0.0
qwen25_15b,196,msc_valid,30,longllmlingua,0.2,40,2.8125,112.5,2.8,112.0,0.012500000000000178,0.5
qwen25_15b,196,msc_valid,30,recency,0.2,40,2.9375,117.5,2.8,112.0,0.13750000000000018,5.5
qwen25_15b,196,msc_valid,30,lexical_tfidf,0.2,40,2.825,113.0,2.8,112.0,0.025000000000000355,1.0
qwen25_15b,196,msc_valid,30,recency_keep_compress_drop,0.2,40,2.9625,118.5,2.8,112.0,0.1625000000000001,6.5
qwen25_15b,196,msc_valid,30,uniform,0.35,40,2.8125,112.5,2.8,112.0,0.012500000000000178,0.5
qwen25_15b,196,msc_valid,30,longllmlingua,0.35,40,2.825,113.0,2.8,112.0,0.025000000000000355,1.0
qwen25_15b,196,msc_valid,30,recency,0.35,40,2.95,118.0,2.8,112.0,0.15000000000000036,6.0
qwen25_15b,196,msc_valid,30,lexical_tfidf,0.35,40,2.8875,115.5,2.8,112.0,0.08750000000000036,3.5
qwen25_15b,196,msc_valid,30,recency_keep_compress_drop,0.35,40,2.875,115.0,2.8,112.0,0.07500000000000018,3.0
qwen25_15b,196,msc_valid,30,uniform,0.5,40,2.8375,113.5,2.8,112.0,0.03750000000000009,1.5
qwen25_15b,196,msc_valid,30,longllmlingua,0.5,40,2.85,114.0,2.8,112.0,0.050000000000000266,2.0
qwen25_15b,196,msc_valid,30,recency,0.5,40,2.975,119.0,2.8,112.0,0.17500000000000027,7.0
qwen25_15b,196,msc_valid,30,lexical_tfidf,0.5,40,2.8625,114.5,2.8,112.0,0.0625,2.5
qwen25_15b,196,msc_valid,30,recency_keep_compress_drop,0.5,40,2.8875,115.5,2.8,112.0,0.08750000000000036,3.5
qwen25_15b,196,msc_valid,32,uniform,0.2,22,2.0454545454545454,45.0,1.3920454545454546,30.625,0.6534090909090908,14.375
qwen25_15b,196,msc_valid,32,longllmlingua,0.2,22,1.3977272727272727,30.75,1.3920454545454546,30.625,0.005681818181818121,0.125
qwen25_15b,196,msc_valid,32,recency,0.2,22,1.9772727272727273,43.5,1.3920454545454546,30.625,0.5852272727272727,12.875
qwen25_15b,196,msc_valid,32,lexical_tfidf,0.2,22,1.7840909090909092,39.25,1.3920454545454546,30.625,0.3920454545454546,8.625
qwen25_15b,196,msc_valid,32,recency_keep_compress_drop,0.2,22,1.8977272727272727,41.75,1.3920454545454546,30.625,0.5056818181818181,11.125
qwen25_15b,196,msc_valid,32,uniform,0.35,22,1.6590909090909092,36.5,1.3920454545454546,30.625,0.2670454545454546,5.875
qwen25_15b,196,msc_valid,32,longllmlingua,0.35,22,1.5,33.0,1.3920454545454546,30.625,0.10795454545454541,2.375
qwen25_15b,196,msc_valid,32,recency,0.35,22,1.8977272727272727,41.75,1.3920454545454546,30.625,0.5056818181818181,11.125
qwen25_15b,196,msc_valid,32,lexical_tfidf,0.35,22,1.7840909090909092,39.25,1.3920454545454546,30.625,0.3920454545454546,8.625
qwen25_15b,196,msc_valid,32,recency_keep_compress_drop,0.35,22,1.5454545454545454,34.0,1.3920454545454546,30.625,0.15340909090909083,3.375
qwen25_15b,196,msc_valid,32,uniform,0.5,22,1.5681818181818181,34.5,1.3920454545454546,30.625,0.17613636363636354,3.875
qwen25_15b,196,msc_valid,32,longllmlingua,0.5,22,1.4488636363636365,31.875,1.3920454545454546,30.625,0.05681818181818188,1.25
qwen25_15b,196,msc_valid,32,recency,0.5,22,1.5681818181818181,34.5,1.3920454545454546,30.625,0.17613636363636354,3.875
qwen25_15b,196,msc_valid,32,lexical_tfidf,0.5,22,1.5227272727272727,33.5,1.3920454545454546,30.625,0.13068181818181812,2.875
qwen25_15b,196,msc_valid,32,recency_keep_compress_drop,0.5,22,1.4659090909090908,32.25,1.3920454545454546,30.625,0.07386363636363624,1.625
qwen25_15b,196,msc_valid,36,uniform,0.2,32,3.203125,102.5,2.984375,95.5,0.21875,7.0
qwen25_15b,196,msc_valid,36,longllmlingua,0.2,32,3.046875,97.5,2.984375,95.5,0.0625,2.0
qwen25_15b,196,msc_valid,36,recency,0.2,32,3.25,104.0,2.984375,95.5,0.265625,8.5
qwen25_15b,196,msc_valid,36,lexical_tfidf,0.2,32,3.234375,103.5,2.984375,95.5,0.25,8.0
qwen25_15b,196,msc_valid,36,recency_keep_compress_drop,0.2,32,3.109375,99.5,2.984375,95.5,0.125,4.0
qwen25_15b,196,msc_valid,36,uniform,0.35,32,3.0,96.0,2.984375,95.5,0.015625,0.5
qwen25_15b,196,msc_valid,36,longllmlingua,0.35,32,3.0,96.0,2.984375,95.5,0.015625,0.5
qwen25_15b,196,msc_valid,36,recency,0.35,32,3.125,100.0,2.984375,95.5,0.140625,4.5
qwen25_15b,196,msc_valid,36,lexical_tfidf,0.35,32,3.09375,99.0,2.984375,95.5,0.109375,3.5
qwen25_15b,196,msc_valid,36,recency_keep_compress_drop,0.35,32,2.90625,93.0,2.984375,95.5,-0.078125,-2.5
qwen25_15b,196,msc_valid,36,uniform,0.5,32,3.078125,98.5,2.984375,95.5,0.09375,3.0
qwen25_15b,196,msc_valid,36,longllmlingua,0.5,32,3.03125,97.0,2.984375,95.5,0.046875,1.5
qwen25_15b,196,msc_valid,36,recency,0.5,32,2.890625,92.5,2.984375,95.5,-0.09375,-3.0
qwen25_15b,196,msc_valid,36,lexical_tfidf,0.5,32,3.03125,97.0,2.984375,95.5,0.046875,1.5
qwen25_15b,196,msc_valid,36,recency_keep_compress_drop,0.5,32,2.859375,91.5,2.984375,95.5,-0.125,-4.0
qwen25_15b,196,msc_valid,40,uniform,0.2,54,2.2037037037037037,119.0,0.0,0.0,2.2037037037037037,119.0
qwen25_15b,196,msc_valid,40,longllmlingua,0.2,54,2.3518518518518516,127.0,0.0,0.0,2.3518518518518516,127.0
qwen25_15b,196,msc_valid,40,recency,0.2,54,2.2962962962962963,124.0,0.0,0.0,2.2962962962962963,124.0
qwen25_15b,196,msc_valid,40,lexical_tfidf,0.2,54,2.1203703703703702,114.5,0.0,0.0,2.1203703703703702,114.5
qwen25_15b,196,msc_valid,40,recency_keep_compress_drop,0.2,54,2.259259259259259,122.0,0.0,0.0,2.259259259259259,122.0
qwen25_15b,196,msc_valid,40,uniform,0.35,54,2.1203703703703702,114.5,0.0,0.0,2.1203703703703702,114.5
qwen25_15b,196,msc_valid,40,longllmlingua,0.35,54,2.324074074074074,125.5,0.0,0.0,2.324074074074074,125.5
qwen25_15b,196,msc_valid,40,recency,0.35,54,2.185185185185185,118.0,0.0,0.0,2.185185185185185,118.0
qwen25_15b,196,msc_valid,40,lexical_tfidf,0.35,54,2.240740740740741,121.0,0.0,0.0,2.240740740740741,121.0
qwen25_15b,196,msc_valid,40,recency_keep_compress_drop,0.35,54,2.0833333333333335,112.5,0.0,0.0,2.0833333333333335,112.5
qwen25_15b,196,msc_valid,40,uniform,0.5,54,2.185185185185185,118.0,0.0,0.0,2.185185185185185,118.0
qwen25_15b,196,msc_valid,40,longllmlingua,0.5,54,2.2685185185185186,122.5,0.0,0.0,2.2685185185185186,122.5
qwen25_15b,196,msc_valid,40,recency,0.5,54,2.0555555555555554,111.0,0.0,0.0,2.0555555555555554,111.0
qwen25_15b,196,msc_valid,40,lexical_tfidf,0.5,54,2.138888888888889,115.5,0.0,0.0,2.138888888888889,115.5
qwen25_15b,196,msc_valid,40,recency_keep_compress_drop,0.5,54,2.064814814814815,111.5,0.0,0.0,2.064814814814815,111.5
qwen25_15b,196,msc_valid,44,uniform,0.2,28,2.0982142857142856,58.75,0.0,0.0,2.0982142857142856,58.75
qwen25_15b,196,msc_valid,44,longllmlingua,0.2,28,2.0714285714285716,58.0,0.0,0.0,2.0714285714285716,58.0
qwen25_15b,196,msc_valid,44,recency,0.2,28,2.0714285714285716,58.0,0.0,0.0,2.0714285714285716,58.0
qwen25_15b,196,msc_valid,44,lexical_tfidf,0.2,28,2.080357142857143,58.25,0.0,0.0,2.080357142857143,58.25
qwen25_15b,196,msc_valid,44,recency_keep_compress_drop,0.2,28,1.9642857142857142,55.0,0.0,0.0,1.9642857142857142,55.0
qwen25_15b,196,msc_valid,44,uniform,0.35,28,2.0267857142857144,56.75,0.0,0.0,2.0267857142857144,56.75
qwen25_15b,196,msc_valid,44,longllmlingua,0.35,28,2.0,56.0,0.0,0.0,2.0,56.0
qwen25_15b,196,msc_valid,44,recency,0.35,28,2.0,56.0,0.0,0.0,2.0,56.0
qwen25_15b,196,msc_valid,44,lexical_tfidf,0.35,28,2.0625,57.75,0.0,0.0,2.0625,57.75
qwen25_15b,196,msc_valid,44,recency_keep_compress_drop,0.35,28,1.9910714285714286,55.75,0.0,0.0,1.9910714285714286,55.75
qwen25_15b,196,msc_valid,44,uniform,0.5,28,2.0535714285714284,57.5,0.0,0.0,2.0535714285714284,57.5
qwen25_15b,196,msc_valid,44,longllmlingua,0.5,28,2.0089285714285716,56.25,0.0,0.0,2.0089285714285716,56.25
qwen25_15b,196,msc_valid,44,recency,0.5,28,1.9910714285714286,55.75,0.0,0.0,1.9910714285714286,55.75
qwen25_15b,196,msc_valid,44,lexical_tfidf,0.5,28,2.0625,57.75,0.0,0.0,2.0625,57.75
qwen25_15b,196,msc_valid,44,recency_keep_compress_drop,0.5,28,2.0089285714285716,56.25,0.0,0.0,2.0089285714285716,56.25
qwen25_15b,196,msc_valid,48,uniform,0.2,38,2.3157894736842106,88.0,0.0,0.0,2.3157894736842106,88.0
qwen25_15b,196,msc_valid,48,longllmlingua,0.2,38,2.263157894736842,86.0,0.0,0.0,2.263157894736842,86.0
qwen25_15b,196,msc_valid,48,recency,0.2,38,2.1315789473684212,81.0,0.0,0.0,2.1315789473684212,81.0
qwen25_15b,196,msc_valid,48,lexical_tfidf,0.2,38,2.210526315789474,84.0,0.0,0.0,2.210526315789474,84.0
qwen25_15b,196,msc_valid,48,recency_keep_compress_drop,0.2,38,2.1447368421052633,81.5,0.0,0.0,2.1447368421052633,81.5
qwen25_15b,196,msc_valid,48,uniform,0.35,38,2.3026315789473686,87.5,0.0,0.0,2.3026315789473686,87.5
qwen25_15b,196,msc_valid,48,longllmlingua,0.35,38,2.1973684210526314,83.5,0.0,0.0,2.1973684210526314,83.5
qwen25_15b,196,msc_valid,48,recency,0.35,38,2.1447368421052633,81.5,0.0,0.0,2.1447368421052633,81.5
qwen25_15b,196,msc_valid,48,lexical_tfidf,0.35,38,2.1447368421052633,81.5,0.0,0.0,2.1447368421052633,81.5
qwen25_15b,196,msc_valid,48,recency_keep_compress_drop,0.35,38,2.1447368421052633,81.5,0.0,0.0,2.1447368421052633,81.5
qwen25_15b,196,msc_valid,48,uniform,0.5,38,2.223684210526316,84.5,0.0,0.0,2.223684210526316,84.5
qwen25_15b,196,msc_valid,48,longllmlingua,0.5,38,2.25,85.5,0.0,0.0,2.25,85.5
qwen25_15b,196,msc_valid,48,recency,0.5,38,2.1052631578947367,80.0,0.0,0.0,2.1052631578947367,80.0
qwen25_15b,196,msc_valid,48,lexical_tfidf,0.5,38,2.1578947368421053,82.0,0.0,0.0,2.1578947368421053,82.0
qwen25_15b,196,msc_valid,48,recency_keep_compress_drop,0.5,38,2.1184210526315788,80.5,0.0,0.0,2.1184210526315788,80.5
qwen25_15b,196,msc_valid,50,uniform,0.2,32,2.875,92.0,0.0,0.0,2.875,92.0
qwen25_15b,196,msc_valid,50,longllmlingua,0.2,32,2.875,92.0,0.0,0.0,2.875,92.0
qwen25_15b,196,msc_valid,50,recency,0.2,32,2.71875,87.0,0.0,0.0,2.71875,87.0
qwen25_15b,196,msc_valid,50,lexical_tfidf,0.2,32,2.65625,85.0,0.0,0.0,2.65625,85.0
qwen25_15b,196,msc_valid,50,recency_keep_compress_drop,0.2,32,2.59375,83.0,0.0,0.0,2.59375,83.0
qwen25_15b,196,msc_valid,50,uniform,0.35,32,2.703125,86.5,0.0,0.0,2.703125,86.5
qwen25_15b,196,msc_valid,50,longllmlingua,0.35,32,2.875,92.0,0.0,0.0,2.875,92.0
qwen25_15b,196,msc_valid,50,recency,0.35,32,2.59375,83.0,0.0,0.0,2.59375,83.0
qwen25_15b,196,msc_valid,50,lexical_tfidf,0.35,32,2.5625,82.0,0.0,0.0,2.5625,82.0
qwen25_15b,196,msc_valid,50,recency_keep_compress_drop,0.35,32,2.625,84.0,0.0,0.0,2.625,84.0
qwen25_15b,196,msc_valid,50,uniform,0.5,32,2.53125,81.0,0.0,0.0,2.53125,81.0
qwen25_15b,196,msc_valid,50,longllmlingua,0.5,32,2.828125,90.5,0.0,0.0,2.828125,90.5
qwen25_15b,196,msc_valid,50,recency,0.5,32,2.546875,81.5,0.0,0.0,2.546875,81.5
qwen25_15b,196,msc_valid,50,lexical_tfidf,0.5,32,2.609375,83.5,0.0,0.0,2.609375,83.5
qwen25_15b,196,msc_valid,50,recency_keep_compress_drop,0.5,32,2.5625,82.0,0.0,0.0,2.5625,82.0
qwen25_15b,196,msc_valid,54,uniform,0.2,33,2.6818181818181817,88.5,0.0,0.0,2.6818181818181817,88.5
qwen25_15b,196,msc_valid,54,longllmlingua,0.2,33,2.757575757575758,91.0,0.0,0.0,2.757575757575758,91.0
qwen25_15b,196,msc_valid,54,recency,0.2,33,2.590909090909091,85.5,0.0,0.0,2.590909090909091,85.5
qwen25_15b,196,msc_valid,54,lexical_tfidf,0.2,33,2.621212121212121,86.5,0.0,0.0,2.621212121212121,86.5
qwen25_15b,196,msc_valid,54,recency_keep_compress_drop,0.2,33,2.606060606060606,86.0,0.0,0.0,2.606060606060606,86.0
qwen25_15b,196,msc_valid,54,uniform,0.35,33,2.621212121212121,86.5,0.0,0.0,2.621212121212121,86.5
qwen25_15b,196,msc_valid,54,longllmlingua,0.35,33,2.742424242424242,90.5,0.0,0.0,2.742424242424242,90.5
qwen25_15b,196,msc_valid,54,recency,0.35,33,2.590909090909091,85.5,0.0,0.0,2.590909090909091,85.5
qwen25_15b,196,msc_valid,54,lexical_tfidf,0.35,33,2.5606060606060606,84.5,0.0,0.0,2.5606060606060606,84.5
qwen25_15b,196,msc_valid,54,recency_keep_compress_drop,0.35,33,2.5757575757575757,85.0,0.0,0.0,2.5757575757575757,85.0
qwen25_15b,196,msc_valid,54,uniform,0.5,33,2.621212121212121,86.5,0.0,0.0,2.621212121212121,86.5
qwen25_15b,196,msc_valid,54,longllmlingua,0.5,33,2.590909090909091,85.5,0.0,0.0,2.590909090909091,85.5
qwen25_15b,196,msc_valid,54,recency,0.5,0,0.0,0.0,0.0,0.0,0.0,0.0
qwen25_15b,196,msc_valid,54,lexical_tfidf,0.5,0,0.0,0.0,0.0,0.0,0.0,0.0
qwen25_15b,196,msc_valid,54,recency_keep_compress_drop,0.5,0,0.0,0.0,0.0,0.0,0.0,0.0
qwen25_15b,196,msc_valid,58,uniform,0.2,20,2.5625,51.25,0.0,0.0,2.5625,51.25
qwen25_15b,196,msc_valid,58,longllmlingua,0.2,20,2.8125,56.25,0.0,0.0,2.8125,56.25
qwen25_15b,196,msc_valid,58,recency,0.2,20,2.5125,50.25,0.0,0.0,2.5125,50.25
qwen25_15b,196,msc_valid,58,lexical_tfidf,0.2,20,2.6,52.0,0.0,0.0,2.6,52.0
qwen25_15b,196,msc_valid,58,recency_keep_compress_drop,0.2,20,2.4125,48.25,0.0,0.0,2.4125,48.25
qwen25_15b,196,msc_valid,58,uniform,0.35,20,2.55,51.0,0.0,0.0,2.55,51.0
qwen25_15b,196,msc_valid,58,longllmlingua,0.35,20,2.825,56.5,0.0,0.0,2.825,56.5
qwen25_15b,196,msc_valid,58,recency,0.35,0,0.0,0.0,0.0,0.0,0.0,0.0
qwen25_15b,196,msc_valid,58,lexical_tfidf,0.35,20,2.5375,50.75,0.0,0.0,2.5375,50.75
qwen25_15b,196,msc_valid,58,recency_keep_compress_drop,0.35,0,0.0,0.0,0.0,0.0,0.0,0.0
qwen25_15b,196,msc_valid,58,uniform,0.5,20,2.4375,48.75,0.0,0.0,2.4375,48.75
qwen25_15b,196,msc_valid,58,longllmlingua,0.5,20,2.7,54.0,0.0,0.0,2.7,54.0
qwen25_15b,196,msc_valid,58,recency,0.5,0,0.0,0.0,0.0,0.0,0.0,0.0
qwen25_15b,196,msc_valid,58,lexical_tfidf,0.5,0,0.0,0.0,0.0,0.0,0.0,0.0
qwen25_15b,196,msc_valid,58,recency_keep_compress_drop,0.5,0,0.0,0.0,0.0,0.0,0.0,0.0
qwen25_15b,228,msc_valid,4,uniform,0.2,20,5.3,106.0,5.225,104.5,0.07500000000000018,1.5
qwen25_15b,228,msc_valid,4,longllmlingua,0.2,20,4.9,98.0,5.225,104.5,-0.3249999999999993,-6.5
qwen25_15b,228,msc_valid,4,recency,0.2,20,5.3,106.0,5.225,104.5,0.07500000000000018,1.5
qwen25_15b,228,msc_valid,4,lexical_tfidf,0.2,20,5.3,106.0,5.225,104.5,0.07500000000000018,1.5
qwen25_15b,228,msc_valid,4,recency_keep_compress_drop,0.2,20,5.3,106.0,5.225,104.5,0.07500000000000018,1.5
qwen25_15b,228,msc_valid,4,uniform,0.35,20,5.35,107.0,5.225,104.5,0.125,2.5
qwen25_15b,228,msc_valid,4,longllmlingua,0.35,20,4.925,98.5,5.225,104.5,-0.2999999999999998,-6.0
qwen25_15b,228,msc_valid,4,recency,0.35,20,5.35,107.0,5.225,104.5,0.125,2.5
qwen25_15b,228,msc_valid,4,lexical_tfidf,0.35,20,5.35,107.0,5.225,104.5,0.125,2.5
qwen25_15b,228,msc_valid,4,recency_keep_compress_drop,0.35,20,5.35,107.0,5.225,104.5,0.125,2.5
qwen25_15b,228,msc_valid,4,uniform,0.5,20,5.35,107.0,5.225,104.5,0.125,2.5
qwen25_15b,228,msc_valid,4,longllmlingua,0.5,20,4.85,97.0,5.225,104.5,-0.375,-7.5
qwen25_15b,228,msc_valid,4,recency,0.5,20,5.35,107.0,5.225,104.5,0.125,2.5
qwen25_15b,228,msc_valid,4,lexical_tfidf,0.5,20,5.35,107.0,5.225,104.5,0.125,2.5
qwen25_15b,228,msc_valid,4,recency_keep_compress_drop,0.5,20,5.35,107.0,5.225,104.5,0.125,2.5
qwen25_15b,228,msc_valid,8,uniform,0.2,20,3.45,69.0,3.375,67.5,0.07500000000000018,1.5
qwen25_15b,228,msc_valid,8,longllmlingua,0.2,20,3.425,68.5,3.375,67.5,0.04999999999999982,1.0
qwen25_15b,228,msc_valid,8,recency,0.2,20,3.4,68.0,3.375,67.5,0.02499999999999991,0.5
qwen25_15b,228,msc_valid,8,lexical_tfidf,0.2,20,3.45,69.0,3.375,67.5,0.07500000000000018,1.5
qwen25_15b,228,msc_valid,8,recency_keep_compress_drop,0.2,20,3.5,70.0,3.375,67.5,0.125,2.5
qwen25_15b,228,msc_valid,8,uniform,0.35,20,3.475,69.5,3.375,67.5,0.10000000000000009,2.0
qwen25_15b,228,msc_valid,8,longllmlingua,0.35,20,3.325,66.5,3.375,67.5,-0.04999999999999982,-1.0
qwen25_15b,228,msc_valid,8,recency,0.35,20,3.45,69.0,3.375,67.5,0.07500000000000018,1.5
qwen25_15b,228,msc_valid,8,lexical_tfidf,0.35,20,3.5,70.0,3.375,67.5,0.125,2.5
qwen25_15b,228,msc_valid,8,recency_keep_compress_drop,0.35,20,3.45,69.0,3.375,67.5,0.07500000000000018,1.5
qwen25_15b,228,msc_valid,8,uniform,0.5,20,3.5,70.0,3.375,67.5,0.125,2.5
qwen25_15b,228,msc_valid,8,longllmlingua,0.5,20,3.3,66.0,3.375,67.5,-0.07500000000000018,-1.5
qwen25_15b,228,msc_valid,8,recency,0.5,20,3.4,68.0,3.375,67.5,0.02499999999999991,0.5
qwen25_15b,228,msc_valid,8,lexical_tfidf,0.5,20,3.425,68.5,3.375,67.5,0.04999999999999982,1.0
qwen25_15b,228,msc_valid,8,recency_keep_compress_drop,0.5,20,3.45,69.0,3.375,67.5,0.07500000000000018,1.5
qwen25_15b,228,msc_valid,12,uniform,0.2,11,2.6136363636363638,28.75,1.9204545454545454,21.125,0.6931818181818183,7.625
qwen25_15b,228,msc_valid,12,longllmlingua,0.2,11,2.4886363636363638,27.375,1.9204545454545454,21.125,0.5681818181818183,6.25
qwen25_15b,228,msc_valid,12,recency,0.2,11,2.8068181818181817,30.875,1.9204545454545454,21.125,0.8863636363636362,9.75
qwen25_15b,228,msc_valid,12,lexical_tfidf,0.2,11,2.465909090909091,27.125,1.9204545454545454,21.125,0.5454545454545454,6.0
qwen25_15b,228,msc_valid,12,recency_keep_compress_drop,0.2,11,2.8068181818181817,30.875,1.9204545454545454,21.125,0.8863636363636362,9.75
qwen25_15b,228,msc_valid,12,uniform,0.35,11,2.340909090909091,25.75,1.9204545454545454,21.125,0.4204545454545454,4.625
qwen25_15b,228,msc_valid,12,longllmlingua,0.35,11,2.2386363636363638,24.625,1.9204545454545454,21.125,0.31818181818181834,3.5
qwen25_15b,228,msc_valid,12,recency,0.35,11,2.4318181818181817,26.75,1.9204545454545454,21.125,0.5113636363636362,5.625
qwen25_15b,228,msc_valid,12,lexical_tfidf,0.35,11,2.4204545454545454,26.625,1.9204545454545454,21.125,0.5,5.5
qwen25_15b,228,msc_valid,12,recency_keep_compress_drop,0.35,11,2.3863636363636362,26.25,1.9204545454545454,21.125,0.46590909090909083,5.125
qwen25_15b,228,msc_valid,12,uniform,0.5,11,2.284090909090909,25.125,1.9204545454545454,21.125,0.36363636363636376,4.0
qwen25_15b,228,msc_valid,12,longllmlingua,0.5,11,2.227272727272727,24.5,1.9204545454545454,21.125,0.30681818181818166,3.375
qwen25_15b,228,msc_valid,12,recency,0.5,11,2.2613636363636362,24.875,1.9204545454545454,21.125,0.34090909090909083,3.75
qwen25_15b,228,msc_valid,12,lexical_tfidf,0.5,11,2.3295454545454546,25.625,1.9204545454545454,21.125,0.40909090909090917,4.5
qwen25_15b,228,msc_valid,12,recency_keep_compress_drop,0.5,11,2.0113636363636362,22.125,1.9204545454545454,21.125,0.09090909090909083,1.0
qwen25_15b,228,msc_valid,16,uniform,0.2,17,3.411764705882353,58.0,2.6323529411764706,44.75,0.7794117647058822,13.25
qwen25_15b,228,msc_valid,16,longllmlingua,0.2,17,3.0,51.0,2.6323529411764706,44.75,0.36764705882352944,6.25
qwen25_15b,228,msc_valid,16,recency,0.2,17,3.235294117647059,55.0,2.6323529411764706,44.75,0.6029411764705883,10.25
qwen25_15b,228,msc_valid,16,lexical_tfidf,0.2,17,3.2058823529411766,54.5,2.6323529411764706,44.75,0.5735294117647061,9.75
qwen25_15b,228,msc_valid,16,recency_keep_compress_drop,0.2,17,3.235294117647059,55.0,2.6323529411764706,44.75,0.6029411764705883,10.25
qwen25_15b,228,msc_valid,16,uniform,0.35,17,3.014705882352941,51.25,2.6323529411764706,44.75,0.38235294117647056,6.5
qwen25_15b,228,msc_valid,16,longllmlingua,0.35,17,2.8823529411764706,49.0,2.6323529411764706,44.75,0.25,4.25
qwen25_15b,228,msc_valid,16,recency,0.35,17,3.1470588235294117,53.5,2.6323529411764706,44.75,0.5147058823529411,8.75
qwen25_15b,228,msc_valid,16,lexical_tfidf,0.35,17,3.1176470588235294,53.0,2.6323529411764706,44.75,0.4852941176470589,8.25
qwen25_15b,228,msc_valid,16,recency_keep_compress_drop,0.35,17,2.926470588235294,49.75,2.6323529411764706,44.75,0.2941176470588234,5.0
qwen25_15b,228,msc_valid,16,uniform,0.5,17,2.8529411764705883,48.5,2.6323529411764706,44.75,0.22058823529411775,3.75
qwen25_15b,228,msc_valid,16,longllmlingua,0.5,17,2.838235294117647,48.25,2.6323529411764706,44.75,0.20588235294117663,3.5
qwen25_15b,228,msc_valid,16,recency,0.5,17,2.9558823529411766,50.25,2.6323529411764706,44.75,0.32352941176470607,5.5
qwen25_15b,228,msc_valid,16,lexical_tfidf,0.5,17,2.9705882352941178,50.5,2.6323529411764706,44.75,0.3382352941176472,5.75
qwen25_15b,228,msc_valid,16,recency_keep_compress_drop,0.5,17,2.8088235294117645,47.75,2.6323529411764706,44.75,0.17647058823529393,3.0
qwen25_15b,228,msc_valid,20,uniform,0.2,25,3.0,75.0,2.84,71.0,0.16000000000000014,4.0
qwen25_15b,228,msc_valid,20,longllmlingua,0.2,25,2.72,68.0,2.84,71.0,-0.11999999999999966,-3.0
qwen25_15b,228,msc_valid,20,recency,0.2,25,2.78,69.5,2.84,71.0,-0.06000000000000005,-1.5
qwen25_15b,228,msc_valid,20,lexical_tfidf,0.2,25,2.86,71.5,2.84,71.0,0.020000000000000018,0.5
qwen25_15b,228,msc_valid,20,recency_keep_compress_drop,0.2,25,2.76,69.0,2.84,71.0,-0.08000000000000007,-2.0
qwen25_15b,228,msc_valid,20,uniform,0.35,25,2.84,71.0,2.84,71.0,0.0,0.0
qwen25_15b,228,msc_valid,20,longllmlingua,0.35,25,2.6,65.0,2.84,71.0,-0.23999999999999977,-6.0
qwen25_15b,228,msc_valid,20,recency,0.35,25,2.7,67.5,2.84,71.0,-0.13999999999999968,-3.5
qwen25_15b,228,msc_valid,20,lexical_tfidf,0.35,25,2.74,68.5,2.84,71.0,-0.09999999999999964,-2.5
qwen25_15b,228,msc_valid,20,recency_keep_compress_drop,0.35,25,2.7,67.5,2.84,71.0,-0.13999999999999968,-3.5
qwen25_15b,228,msc_valid,20,uniform,0.5,25,3.0,75.0,2.84,71.0,0.16000000000000014,4.0
qwen25_15b,228,msc_valid,20,longllmlingua,0.5,25,2.66,66.5,2.84,71.0,-0.17999999999999972,-4.5
qwen25_15b,228,msc_valid,20,recency,0.5,25,2.74,68.5,2.84,71.0,-0.09999999999999964,-2.5
qwen25_15b,228,msc_valid,20,lexical_tfidf,0.5,25,2.78,69.5,2.84,71.0,-0.06000000000000005,-1.5
qwen25_15b,228,msc_valid,20,recency_keep_compress_drop,0.5,25,2.66,66.5,2.84,71.0,-0.17999999999999972,-4.5
qwen25_15b,228,msc_valid,24,uniform,0.2,15,3.466666666666667,52.0,3.4,51.0,0.06666666666666687,1.0
qwen25_15b,228,msc_valid,24,longllmlingua,0.2,15,3.7666666666666666,56.5,3.4,51.0,0.3666666666666667,5.5
qwen25_15b,228,msc_valid,24,recency,0.2,15,3.45,51.75,3.4,51.0,0.050000000000000266,0.75
qwen25_15b,228,msc_valid,24,lexical_tfidf,0.2,15,3.433333333333333,51.5,3.4,51.0,0.033333333333333215,0.5
qwen25_15b,228,msc_valid,24,recency_keep_compress_drop,0.2,15,3.6666666666666665,55.0,3.4,51.0,0.2666666666666666,4.0
qwen25_15b,228,msc_valid,24,uniform,0.35,15,3.433333333333333,51.5,3.4,51.0,0.033333333333333215,0.5
qwen25_15b,228,msc_valid,24,longllmlingua,0.35,15,3.6333333333333333,54.5,3.4,51.0,0.2333333333333334,3.5
qwen25_15b,228,msc_valid,24,recency,0.35,15,3.533333333333333,53.0,3.4,51.0,0.1333333333333333,2.0
qwen25_15b,228,msc_valid,24,lexical_tfidf,0.35,15,3.3833333333333333,50.75,3.4,51.0,-0.016666666666666607,-0.25
qwen25_15b,228,msc_valid,24,recency_keep_compress_drop,0.35,15,3.5833333333333335,53.75,3.4,51.0,0.18333333333333357,2.75
qwen25_15b,228,msc_valid,24,uniform,0.5,15,3.433333333333333,51.5,3.4,51.0,0.033333333333333215,0.5
qwen25_15b,228,msc_valid,24,longllmlingua,0.5,15,3.65,54.75,3.4,51.0,0.25,3.75
qwen25_15b,228,msc_valid,24,recency,0.5,15,3.533333333333333,53.0,3.4,51.0,0.1333333333333333,2.0
qwen25_15b,228,msc_valid,24,lexical_tfidf,0.5,15,3.45,51.75,3.4,51.0,0.050000000000000266,0.75
qwen25_15b,228,msc_valid,24,recency_keep_compress_drop,0.5,15,3.5833333333333335,53.75,3.4,51.0,0.18333333333333357,2.75
qwen25_15b,228,msc_valid,28,uniform,0.2,44,3.0454545454545454,134.0,2.897727272727273,127.5,0.14772727272727249,6.5
qwen25_15b,228,msc_valid,28,longllmlingua,0.2,44,2.8068181818181817,123.5,2.897727272727273,127.5,-0.09090909090909127,-4.0
qwen25_15b,228,msc_valid,28,recency,0.2,44,2.852272727272727,125.5,2.897727272727273,127.5,-0.04545454545454586,-2.0
qwen25_15b,228,msc_valid,28,lexical_tfidf,0.2,44,3.022727272727273,133.0,2.897727272727273,127.5,0.125,5.5
qwen25_15b,228,msc_valid,28,recency_keep_compress_drop,0.2,44,3.022727272727273,133.0,2.897727272727273,127.5,0.125,5.5
qwen25_15b,228,msc_valid,28,uniform,0.35,44,2.9545454545454546,130.0,2.897727272727273,127.5,0.05681818181818166,2.5
qwen25_15b,228,msc_valid,28,longllmlingua,0.35,44,2.784090909090909,122.5,2.897727272727273,127.5,-0.11363636363636376,-5.0
qwen25_15b,228,msc_valid,28,recency,0.35,44,2.897727272727273,127.5,2.897727272727273,127.5,0.0,0.0
qwen25_15b,228,msc_valid,28,lexical_tfidf,0.35,44,3.1136363636363638,137.0,2.897727272727273,127.5,0.21590909090909083,9.5
qwen25_15b,228,msc_valid,28,recency_keep_compress_drop,0.35,44,3.0,132.0,2.897727272727273,127.5,0.10227272727272707,4.5
qwen25_15b,228,msc_valid,28,uniform,0.5,44,3.022727272727273,133.0,2.897727272727273,127.5,0.125,5.5
qwen25_15b,228,msc_valid,28,longllmlingua,0.5,44,2.977272727272727,131.0,2.897727272727273,127.5,0.07954545454545414,3.5
qwen25_15b,228,msc_valid,28,recency,0.5,44,2.8863636363636362,127.0,2.897727272727273,127.5,-0.011363636363636687,-0.5
qwen25_15b,228,msc_valid,28,lexical_tfidf,0.5,44,3.022727272727273,133.0,2.897727272727273,127.5,0.125,5.5
qwen25_15b,228,msc_valid,28,recency_keep_compress_drop,0.5,44,2.7386363636363638,120.5,2.897727272727273,127.5,-0.15909090909090917,-7.0
qwen25_15b,228,msc_valid,32,uniform,0.2,51,2.7254901960784315,139.0,2.7254901960784315,139.0,0.0,0.0
qwen25_15b,228,msc_valid,32,longllmlingua,0.2,51,2.5294117647058822,129.0,2.7254901960784315,139.0,-0.1960784313725492,-10.0
qwen25_15b,228,msc_valid,32,recency,0.2,51,2.6666666666666665,136.0,2.7254901960784315,139.0,-0.05882352941176494,-3.0
qwen25_15b,228,msc_valid,32,lexical_tfidf,0.2,51,2.6666666666666665,136.0,2.7254901960784315,139.0,-0.05882352941176494,-3.0
qwen25_15b,228,msc_valid,32,recency_keep_compress_drop,0.2,51,2.6666666666666665,136.0,2.7254901960784315,139.0,-0.05882352941176494,-3.0
qwen25_15b,228,msc_valid,32,uniform,0.35,51,2.764705882352941,141.0,2.7254901960784315,139.0,0.039215686274509665,2.0
qwen25_15b,228,msc_valid,32,longllmlingua,0.35,51,2.588235294117647,132.0,2.7254901960784315,139.0,-0.13725490196078427,-7.0
qwen25_15b,228,msc_valid,32,recency,0.35,51,2.6666666666666665,136.0,2.7254901960784315,139.0,-0.05882352941176494,-3.0
qwen25_15b,228,msc_valid,32,lexical_tfidf,0.35,51,2.7058823529411766,138.0,2.7254901960784315,139.0,-0.019607843137254832,-1.0
qwen25_15b,228,msc_valid,32,recency_keep_compress_drop,0.35,51,2.6862745098039214,137.0,2.7254901960784315,139.0,-0.03921568627451011,-2.0
qwen25_15b,228,msc_valid,32,uniform,0.5,51,2.7254901960784315,139.0,2.7254901960784315,139.0,0.0,0.0
qwen25_15b,228,msc_valid,32,longllmlingua,0.5,51,2.607843137254902,133.0,2.7254901960784315,139.0,-0.11764705882352944,-6.0
qwen25_15b,228,msc_valid,32,recency,0.5,51,2.6862745098039214,137.0,2.7254901960784315,139.0,-0.03921568627451011,-2.0
qwen25_15b,228,msc_valid,32,lexical_tfidf,0.5,51,2.7450980392156863,140.0,2.7254901960784315,139.0,0.019607843137254832,1.0
qwen25_15b,228,msc_valid,32,recency_keep_compress_drop,0.5,51,2.7058823529411766,138.0,2.7254901960784315,139.0,-0.019607843137254832,-1.0
qwen25_15b,228,msc_valid,34,uniform,0.2,50,2.46,123.0,0.0,0.0,2.46,123.0
qwen25_15b,228,msc_valid,34,longllmlingua,0.2,50,2.34,117.0,0.0,0.0,2.34,117.0
qwen25_15b,228,msc_valid,34,recency,0.2,50,2.42,121.0,0.0,0.0,2.42,121.0
qwen25_15b,228,msc_valid,34,lexical_tfidf,0.2,50,2.38,119.0,0.0,0.0,2.38,119.0
qwen25_15b,228,msc_valid,34,recency_keep_compress_drop,0.2,50,2.43,121.5,0.0,0.0,2.43,121.5
qwen25_15b,228,msc_valid,34,uniform,0.35,50,2.41,120.5,0.0,0.0,2.41,120.5
qwen25_15b,228,msc_valid,34,longllmlingua,0.35,50,2.33,116.5,0.0,0.0,2.33,116.5
qwen25_15b,228,msc_valid,34,recency,0.35,50,2.4,120.0,0.0,0.0,2.4,120.0
qwen25_15b,228,msc_valid,34,lexical_tfidf,0.35,50,2.37,118.5,0.0,0.0,2.37,118.5
qwen25_15b,228,msc_valid,34,recency_keep_compress_drop,0.35,50,2.33,116.5,0.0,0.0,2.33,116.5
qwen25_15b,228,msc_valid,34,uniform,0.5,50,2.42,121.0,0.0,0.0,2.42,121.0
qwen25_15b,228,msc_valid,34,longllmlingua,0.5,50,2.28,114.0,0.0,0.0,2.28,114.0
qwen25_15b,228,msc_valid,34,recency,0.5,50,2.34,117.0,0.0,0.0,2.34,117.0
qwen25_15b,228,msc_valid,34,lexical_tfidf,0.5,50,2.39,119.5,0.0,0.0,2.39,119.5
qwen25_15b,228,msc_valid,34,recency_keep_compress_drop,0.5,50,2.34,117.0,0.0,0.0,2.34,117.0
qwen25_15b,228,msc_valid,38,uniform,0.2,49,2.7142857142857144,133.0,0.0,0.0,2.7142857142857144,133.0
qwen25_15b,228,msc_valid,38,longllmlingua,0.2,49,2.693877551020408,132.0,0.0,0.0,2.693877551020408,132.0
qwen25_15b,228,msc_valid,38,recency,0.2,49,2.795918367346939,137.0,0.0,0.0,2.795918367346939,137.0
qwen25_15b,228,msc_valid,38,lexical_tfidf,0.2,49,2.836734693877551,139.0,0.0,0.0,2.836734693877551,139.0
qwen25_15b,228,msc_valid,38,recency_keep_compress_drop,0.2,49,2.7142857142857144,133.0,0.0,0.0,2.7142857142857144,133.0
qwen25_15b,228,msc_valid,38,uniform,0.35,49,2.836734693877551,139.0,0.0,0.0,2.836734693877551,139.0
qwen25_15b,228,msc_valid,38,longllmlingua,0.35,49,2.693877551020408,132.0,0.0,0.0,2.693877551020408,132.0
qwen25_15b,228,msc_valid,38,recency,0.35,49,2.816326530612245,138.0,0.0,0.0,2.816326530612245,138.0
qwen25_15b,228,msc_valid,38,lexical_tfidf,0.35,49,2.836734693877551,139.0,0.0,0.0,2.836734693877551,139.0
qwen25_15b,228,msc_valid,38,recency_keep_compress_drop,0.35,49,2.6122448979591835,128.0,0.0,0.0,2.6122448979591835,128.0
qwen25_15b,228,msc_valid,38,uniform,0.5,49,2.795918367346939,137.0,0.0,0.0,2.795918367346939,137.0
qwen25_15b,228,msc_valid,38,longllmlingua,0.5,49,2.673469387755102,131.0,0.0,0.0,2.673469387755102,131.0
qwen25_15b,228,msc_valid,38,recency,0.5,49,2.7551020408163267,135.0,0.0,0.0,2.7551020408163267,135.0
qwen25_15b,228,msc_valid,38,lexical_tfidf,0.5,49,2.816326530612245,138.0,0.0,0.0,2.816326530612245,138.0
qwen25_15b,228,msc_valid,38,recency_keep_compress_drop,0.5,49,2.63265306122449,129.0,0.0,0.0,2.63265306122449,129.0
qwen25_15b,228,msc_valid,42,uniform,0.2,24,1.40625,33.75,0.0,0.0,1.40625,33.75
qwen25_15b,228,msc_valid,42,longllmlingua,0.2,24,1.3958333333333333,33.5,0.0,0.0,1.3958333333333333,33.5
qwen25_15b,228,msc_valid,42,recency,0.2,24,1.3854166666666667,33.25,0.0,0.0,1.3854166666666667,33.25
qwen25_15b,228,msc_valid,42,lexical_tfidf,0.2,24,1.375,33.0,0.0,0.0,1.375,33.0
qwen25_15b,228,msc_valid,42,recency_keep_compress_drop,0.2,24,1.4375,34.5,0.0,0.0,1.4375,34.5
qwen25_15b,228,msc_valid,42,uniform,0.35,24,1.40625,33.75,0.0,0.0,1.40625,33.75
qwen25_15b,228,msc_valid,42,longllmlingua,0.35,24,1.4270833333333333,34.25,0.0,0.0,1.4270833333333333,34.25
qwen25_15b,228,msc_valid,42,recency,0.35,24,1.3541666666666667,32.5,0.0,0.0,1.3541666666666667,32.5
qwen25_15b,228,msc_valid,42,lexical_tfidf,0.35,24,1.3541666666666667,32.5,0.0,0.0,1.3541666666666667,32.5
qwen25_15b,228,msc_valid,42,recency_keep_compress_drop,0.35,24,1.40625,33.75,0.0,0.0,1.40625,33.75
qwen25_15b,228,msc_valid,42,uniform,0.5,24,1.4166666666666667,34.0,0.0,0.0,1.4166666666666667,34.0
qwen25_15b,228,msc_valid,42,longllmlingua,0.5,24,1.4479166666666667,34.75,0.0,0.0,1.4479166666666667,34.75
qwen25_15b,228,msc_valid,42,recency,0.5,24,1.3072916666666667,31.375,0.0,0.0,1.3072916666666667,31.375
qwen25_15b,228,msc_valid,42,lexical_tfidf,0.5,24,1.3541666666666667,32.5,0.0,0.0,1.3541666666666667,32.5
qwen25_15b,228,msc_valid,42,recency_keep_compress_drop,0.5,24,1.375,33.0,0.0,0.0,1.375,33.0
qwen25_15b,228,msc_valid,46,uniform,0.2,46,2.4130434782608696,111.0,0.0,0.0,2.4130434782608696,111.0
qwen25_15b,228,msc_valid,46,longllmlingua,0.2,46,2.402173913043478,110.5,0.0,0.0,2.402173913043478,110.5
qwen25_15b,228,msc_valid,46,recency,0.2,46,2.4347826086956523,112.0,0.0,0.0,2.4347826086956523,112.0
qwen25_15b,228,msc_valid,46,lexical_tfidf,0.2,46,2.4239130434782608,111.5,0.0,0.0,2.4239130434782608,111.5
qwen25_15b,228,msc_valid,46,recency_keep_compress_drop,0.2,46,2.510869565217391,115.5,0.0,0.0,2.510869565217391,115.5
qwen25_15b,228,msc_valid,46,uniform,0.35,46,2.4130434782608696,111.0,0.0,0.0,2.4130434782608696,111.0
qwen25_15b,228,msc_valid,46,longllmlingua,0.35,46,2.380434782608696,109.5,0.0,0.0,2.380434782608696,109.5
qwen25_15b,228,msc_valid,46,recency,0.35,46,2.4565217391304346,113.0,0.0,0.0,2.4565217391304346,113.0
qwen25_15b,228,msc_valid,46,lexical_tfidf,0.35,46,2.402173913043478,110.5,0.0,0.0,2.402173913043478,110.5
qwen25_15b,228,msc_valid,46,recency_keep_compress_drop,0.35,46,2.4782608695652173,114.0,0.0,0.0,2.4782608695652173,114.0
qwen25_15b,228,msc_valid,46,uniform,0.5,46,2.380434782608696,109.5,0.0,0.0,2.380434782608696,109.5
qwen25_15b,228,msc_valid,46,longllmlingua,0.5,46,2.380434782608696,109.5,0.0,0.0,2.380434782608696,109.5
qwen25_15b,228,msc_valid,46,recency,0.5,0,0.0,0.0,0.0,0.0,0.0,0.0
qwen25_15b,228,msc_valid,46,lexical_tfidf,0.5,0,0.0,0.0,0.0,0.0,0.0,0.0
qwen25_15b,228,msc_valid,46,recency_keep_compress_drop,0.5,0,0.0,0.0,0.0,0.0,0.0,0.0
qwen25_15b,228,msc_valid,50,uniform,0.2,35,2.414285714285714,84.5,0.0,0.0,2.414285714285714,84.5
qwen25_15b,228,msc_valid,50,longllmlingua,0.2,35,2.414285714285714,84.5,0.0,0.0,2.414285714285714,84.5
qwen25_15b,228,msc_valid,50,recency,0.2,35,2.242857142857143,78.5,0.0,0.0,2.242857142857143,78.5
qwen25_15b,228,msc_valid,50,lexical_tfidf,0.2,35,2.257142857142857,79.0,0.0,0.0,2.257142857142857,79.0
qwen25_15b,228,msc_valid,50,recency_keep_compress_drop,0.2,35,2.257142857142857,79.0,0.0,0.0,2.257142857142857,79.0
qwen25_15b,228,msc_valid,50,uniform,0.35,35,2.4571428571428573,86.0,0.0,0.0,2.4571428571428573,86.0
qwen25_15b,228,msc_valid,50,longllmlingua,0.35,35,2.414285714285714,84.5,0.0,0.0,2.414285714285714,84.5
qwen25_15b,228,msc_valid,50,recency,0.35,0,0.0,0.0,0.0,0.0,0.0,0.0
qwen25_15b,228,msc_valid,50,lexical_tfidf,0.35,0,0.0,0.0,0.0,0.0,0.0,0.0
qwen25_15b,228,msc_valid,50,recency_keep_compress_drop,0.35,0,0.0,0.0,0.0,0.0,0.0,0.0
qwen25_15b,228,msc_valid,50,uniform,0.5,35,2.342857142857143,82.0,0.0,0.0,2.342857142857143,82.0
qwen25_15b,228,msc_valid,50,longllmlingua,0.5,35,2.4,84.0,0.0,0.0,2.4,84.0
qwen25_15b,228,msc_valid,50,recency,0.5,0,0.0,0.0,0.0,0.0,0.0,0.0
qwen25_15b,228,msc_valid,50,lexical_tfidf,0.5,0,0.0,0.0,0.0,0.0,0.0,0.0
qwen25_15b,228,msc_valid,50,recency_keep_compress_drop,0.5,0,0.0,0.0,0.0,0.0,0.0,0.0
qwen25_15b,228,msc_valid,54,uniform,0.2,25,2.72,68.0,0.0,0.0,2.72,68.0
qwen25_15b,228,msc_valid,54,longllmlingua,0.2,25,3.18,79.5,0.0,0.0,3.18,79.5
qwen25_15b,228,msc_valid,54,recency,0.2,0,0.0,0.0,0.0,0.0,0.0,0.0
qwen25_15b,228,msc_valid,54,lexical_tfidf,0.2,0,0.0,0.0,0.0,0.0,0.0,0.0
qwen25_15b,228,msc_valid,54,recency_keep_compress_drop,0.2,0,0.0,0.0,0.0,0.0,0.0,0.0
qwen25_15b,228,msc_valid,54,uniform,0.35,25,2.62,65.5,0.0,0.0,2.62,65.5
qwen25_15b,228,msc_valid,54,longllmlingua,0.35,25,3.14,78.5,0.0,0.0,3.14,78.5
qwen25_15b,228,msc_valid,54,recency,0.35,0,0.0,0.0,0.0,0.0,0.0,0.0
qwen25_15b,228,msc_valid,54,lexical_tfidf,0.35,0,0.0,0.0,0.0,0.0,0.0,0.0
qwen25_15b,228,msc_valid,54,recency_keep_compress_drop,0.35,0,0.0,0.0,0.0,0.0,0.0,0.0
qwen25_15b,228,msc_valid,54,uniform,0.5,25,2.78,69.5,0.0,0.0,2.78,69.5
qwen25_15b,228,msc_valid,54,longllmlingua,0.5,25,3.22,80.5,0.0,0.0,3.22,80.5
qwen25_15b,228,msc_valid,54,recency,0.5,0,0.0,0.0,0.0,0.0,0.0,0.0
qwen25_15b,228,msc_valid,54,lexical_tfidf,0.5,0,0.0,0.0,0.0,0.0,0.0,0.0
qwen25_15b,228,msc_valid,54,recency_keep_compress_drop,0.5,0,0.0,0.0,0.0,0.0,0.0,0.0
qwen25_15b,228,msc_valid,58,uniform,0.2,26,2.1153846153846154,55.0,0.0,0.0,2.1153846153846154,55.0
qwen25_15b,228,msc_valid,58,longllmlingua,0.2,26,2.269230769230769,59.0,0.0,0.0,2.269230769230769,59.0
qwen25_15b,228,msc_valid,58,recency,0.2,0,0.0,0.0,0.0,0.0,0.0,0.0
qwen25_15b,228,msc_valid,58,lexical_tfidf,0.2,0,0.0,0.0,0.0,0.0,0.0,0.0
qwen25_15b,228,msc_valid,58,recency_keep_compress_drop,0.2,0,0.0,0.0,0.0,0.0,0.0,0.0
qwen25_15b,228,msc_valid,58,uniform,0.35,26,2.1826923076923075,56.75,0.0,0.0,2.1826923076923075,56.75
qwen25_15b,228,msc_valid,58,longllmlingua,0.35,26,2.2403846153846154,58.25,0.0,0.0,2.2403846153846154,58.25
qwen25_15b,228,msc_valid,58,recency,0.35,0,0.0,0.0,0.0,0.0,0.0,0.0
qwen25_15b,228,msc_valid,58,lexical_tfidf,0.35,0,0.0,0.0,0.0,0.0,0.0,0.0
qwen25_15b,228,msc_valid,58,recency_keep_compress_drop,0.35,0,0.0,0.0,0.0,0.0,0.0,0.0
qwen25_15b,228,msc_valid,58,uniform,0.5,26,2.1153846153846154,55.0,0.0,0.0,2.1153846153846154,55.0
qwen25_15b,228,msc_valid,58,longllmlingua,0.5,26,2.2115384615384617,57.5,0.0,0.0,2.2115384615384617,57.5
qwen25_15b,228,msc_valid,58,recency,0.5,0,0.0,0.0,0.0,0.0,0.0,0.0
qwen25_15b,228,msc_valid,58,lexical_tfidf,0.5,0,0.0,0.0,0.0,0.0,0.0,0.0
qwen25_15b,228,msc_valid,58,recency_keep_compress_drop,0.5,0,0.0,0.0,0.0,0.0,0.0,0.0
qwen25_15b,228,msc_valid,62,uniform,0.2,27,1.7592592592592593,47.5,0.0,0.0,1.7592592592592593,47.5
qwen25_15b,228,msc_valid,62,longllmlingua,0.2,27,1.9259259259259258,52.0,0.0,0.0,1.9259259259259258,52.0
qwen25_15b,228,msc_valid,62,recency,0.2,0,0.0,0.0,0.0,0.0,0.0,0.0
qwen25_15b,228,msc_valid,62,lexical_tfidf,0.2,0,0.0,0.0,0.0,0.0,0.0,0.0
qwen25_15b,228,msc_valid,62,recency_keep_compress_drop,0.2,0,0.0,0.0,0.0,0.0,0.0,0.0
qwen25_15b,228,msc_valid,62,uniform,0.35,27,1.7222222222222223,46.5,0.0,0.0,1.7222222222222223,46.5
qwen25_15b,228,msc_valid,62,longllmlingua,0.35,27,1.9074074074074074,51.5,0.0,0.0,1.9074074074074074,51.5
qwen25_15b,228,msc_valid,62,recency,0.35,0,0.0,0.0,0.0,0.0,0.0,0.0
qwen25_15b,228,msc_valid,62,lexical_tfidf,0.35,0,0.0,0.0,0.0,0.0,0.0,0.0
qwen25_15b,228,msc_valid,62,recency_keep_compress_drop,0.35,0,0.0,0.0,0.0,0.0,0.0,0.0
qwen25_15b,228,msc_valid,62,uniform,0.5,27,1.7962962962962963,48.5,0.0,0.0,1.7962962962962963,48.5
qwen25_15b,228,msc_valid,62,longllmlingua,0.5,27,1.8425925925925926,49.75,0.0,0.0,1.8425925925925926,49.75
qwen25_15b,228,msc_valid,62,recency,0.5,0,0.0,0.0,0.0,0.0,0.0,0.0
qwen25_15b,228,msc_valid,62,lexical_tfidf,0.5,0,0.0,0.0,0.0,0.0,0.0,0.0
qwen25_15b,228,msc_valid,62,recency_keep_compress_drop,0.5,0,0.0,0.0,0.0,0.0,0.0,0.0
qwen25_15b,243,msc_valid,4,uniform,0.2,12,5.1875,62.25,5.041666666666667,60.5,0.14583333333333304,1.75
qwen25_15b,243,msc_valid,4,longllmlingua,0.2,12,4.395833333333333,52.75,5.041666666666667,60.5,-0.6458333333333339,-7.75
qwen25_15b,243,msc_valid,4,recency,0.2,12,5.1875,62.25,5.041666666666667,60.5,0.14583333333333304,1.75
qwen25_15b,243,msc_valid,4,lexical_tfidf,0.2,12,5.1875,62.25,5.041666666666667,60.5,0.14583333333333304,1.75
qwen25_15b,243,msc_valid,4,recency_keep_compress_drop,0.2,12,5.1875,62.25,5.041666666666667,60.5,0.14583333333333304,1.75
qwen25_15b,243,msc_valid,4,uniform,0.35,12,5.166666666666667,62.0,5.041666666666667,60.5,0.125,1.5
qwen25_15b,243,msc_valid,4,longllmlingua,0.35,12,4.583333333333333,55.0,5.041666666666667,60.5,-0.4583333333333339,-5.5
qwen25_15b,243,msc_valid,4,recency,0.35,12,5.166666666666667,62.0,5.041666666666667,60.5,0.125,1.5
qwen25_15b,243,msc_valid,4,lexical_tfidf,0.35,12,5.166666666666667,62.0,5.041666666666667,60.5,0.125,1.5
qwen25_15b,243,msc_valid,4,recency_keep_compress_drop,0.35,12,5.166666666666667,62.0,5.041666666666667,60.5,0.125,1.5
qwen25_15b,243,msc_valid,4,uniform,0.5,12,5.166666666666667,62.0,5.041666666666667,60.5,0.125,1.5
qwen25_15b,243,msc_valid,4,longllmlingua,0.5,12,4.229166666666667,50.75,5.041666666666667,60.5,-0.8125,-9.75
qwen25_15b,243,msc_valid,4,recency,0.5,12,5.166666666666667,62.0,5.041666666666667,60.5,0.125,1.5
qwen25_15b,243,msc_valid,4,lexical_tfidf,0.5,12,5.166666666666667,62.0,5.041666666666667,60.5,0.125,1.5
qwen25_15b,243,msc_valid,4,recency_keep_compress_drop,0.5,12,5.166666666666667,62.0,5.041666666666667,60.5,0.125,1.5
qwen25_15b,243,msc_valid,6,uniform,0.2,8,2.890625,23.125,2.0,16.0,0.890625,7.125
qwen25_15b,243,msc_valid,6,longllmlingua,0.2,8,1.90625,15.25,2.0,16.0,-0.09375,-0.75
qwen25_15b,243,msc_valid,6,recency,0.2,8,2.84375,22.75,2.0,16.0,0.84375,6.75
qwen25_15b,243,msc_valid,6,lexical_tfidf,0.2,8,2.890625,23.125,2.0,16.0,0.890625,7.125
qwen25_15b,243,msc_valid,6,recency_keep_compress_drop,0.2,8,2.84375,22.75,2.0,16.0,0.84375,6.75
qwen25_15b,243,msc_valid,6,uniform,0.35,8,2.84375,22.75,2.0,16.0,0.84375,6.75
qwen25_15b,243,msc_valid,6,longllmlingua,0.35,8,2.296875,18.375,2.0,16.0,0.296875,2.375
qwen25_15b,243,msc_valid,6,recency,0.35,8,1.8828125,15.0625,2.0,16.0,-0.1171875,-0.9375
qwen25_15b,243,msc_valid,6,lexical_tfidf,0.35,8,1.8828125,15.0625,2.0,16.0,-0.1171875,-0.9375
qwen25_15b,243,msc_valid,6,recency_keep_compress_drop,0.35,8,2.84375,22.75,2.0,16.0,0.84375,6.75
qwen25_15b,243,msc_valid,6,uniform,0.5,8,3.046875,24.375,2.0,16.0,1.046875,8.375
qwen25_15b,243,msc_valid,6,longllmlingua,0.5,8,1.984375,15.875,2.0,16.0,-0.015625,-0.125
qwen25_15b,243,msc_valid,6,recency,0.5,8,1.8828125,15.0625,2.0,16.0,-0.1171875,-0.9375
qwen25_15b,243,msc_valid,6,lexical_tfidf,0.5,8,1.9921875,15.9375,2.0,16.0,-0.0078125,-0.0625
qwen25_15b,243,msc_valid,6,recency_keep_compress_drop,0.5,8,2.84375,22.75,2.0,16.0,0.84375,6.75
qwen25_15b,243,msc_valid,8,uniform,0.2,9,2.263888888888889,20.375,1.7430555555555556,15.6875,0.5208333333333333,4.6875
qwen25_15b,243,msc_valid,8,longllmlingua,0.2,9,1.8472222222222223,16.625,1.7430555555555556,15.6875,0.10416666666666674,0.9375
qwen25_15b,243,msc_valid,8,recency,0.2,9,1.9305555555555556,17.375,1.7430555555555556,15.6875,0.1875,1.6875
qwen25_15b,243,msc_valid,8,lexical_tfidf,0.2,9,2.263888888888889,20.375,1.7430555555555556,15.6875,0.5208333333333333,4.6875
qwen25_15b,243,msc_valid,8,recency_keep_compress_drop,0.2,9,1.9305555555555556,17.375,1.7430555555555556,15.6875,0.1875,1.6875
qwen25_15b,243,msc_valid,8,uniform,0.35,9,2.513888888888889,22.625,1.7430555555555556,15.6875,0.7708333333333333,6.9375
qwen25_15b,243,msc_valid,8,longllmlingua,0.35,9,2.7222222222222223,24.5,1.7430555555555556,15.6875,0.9791666666666667,8.8125
qwen25_15b,243,msc_valid,8,recency,0.35,9,1.7361111111111112,15.625,1.7430555555555556,15.6875,-0.00694444444444442,-0.0625
qwen25_15b,243,msc_valid,8,lexical_tfidf,0.35,9,1.7361111111111112,15.625,1.7430555555555556,15.6875,-0.00694444444444442,-0.0625
qwen25_15b,243,msc_valid,8,recency_keep_compress_drop,0.35,9,1.7361111111111112,15.625,1.7430555555555556,15.6875,-0.00694444444444442,-0.0625
qwen25_15b,243,msc_valid,8,uniform,0.5,9,2.3472222222222223,21.125,1.7430555555555556,15.6875,0.6041666666666667,5.4375
qwen25_15b,243,msc_valid,8,longllmlingua,0.5,9,2.5416666666666665,22.875,1.7430555555555556,15.6875,0.7986111111111109,7.1875
qwen25_15b,243,msc_valid,8,recency,0.5,9,1.6597222222222223,14.9375,1.7430555555555556,15.6875,-0.08333333333333326,-0.75
qwen25_15b,243,msc_valid,8,lexical_tfidf,0.5,9,1.8472222222222223,16.625,1.7430555555555556,15.6875,0.10416666666666674,0.9375
qwen25_15b,243,msc_valid,8,recency_keep_compress_drop,0.5,9,1.6041666666666667,14.4375,1.7430555555555556,15.6875,-0.13888888888888884,-1.25
qwen25_15b,243,msc_valid,10,uniform,0.2,12,3.625,43.5,3.7083333333333335,44.5,-0.08333333333333348,-1.0
qwen25_15b,243,msc_valid,10,longllmlingua,0.2,12,3.6041666666666665,43.25,3.7083333333333335,44.5,-0.10416666666666696,-1.25
qwen25_15b,243,msc_valid,10,recency,0.2,12,3.6875,44.25,3.7083333333333335,44.5,-0.02083333333333348,-0.25
qwen25_15b,243,msc_valid,10,lexical_tfidf,0.2,12,3.625,43.5,3.7083333333333335,44.5,-0.08333333333333348,-1.0
qwen25_15b,243,msc_valid,10,recency_keep_compress_drop,0.2,12,3.9375,47.25,3.7083333333333335,44.5,0.22916666666666652,2.75
qwen25_15b,243,msc_valid,10,uniform,0.35,12,3.5625,42.75,3.7083333333333335,44.5,-0.14583333333333348,-1.75
qwen25_15b,243,msc_valid,10,longllmlingua,0.35,12,3.4791666666666665,41.75,3.7083333333333335,44.5,-0.22916666666666696,-2.75
qwen25_15b,243,msc_valid,10,recency,0.35,12,3.875,46.5,3.7083333333333335,44.5,0.16666666666666652,2.0
qwen25_15b,243,msc_valid,10,lexical_tfidf,0.35,12,3.5833333333333335,43.0,3.7083333333333335,44.5,-0.125,-1.5
qwen25_15b,243,msc_valid,10,recency_keep_compress_drop,0.35,12,3.6875,44.25,3.7083333333333335,44.5,-0.02083333333333348,-0.25
qwen25_15b,243,msc_valid,10,uniform,0.5,12,3.6875,44.25,3.7083333333333335,44.5,-0.02083333333333348,-0.25
qwen25_15b,243,msc_valid,10,longllmlingua,0.5,12,3.5833333333333335,43.0,3.7083333333333335,44.5,-0.125,-1.5
qwen25_15b,243,msc_valid,10,recency,0.5,12,3.5208333333333335,42.25,3.7083333333333335,44.5,-0.1875,-2.25
qwen25_15b,243,msc_valid,10,lexical_tfidf,0.5,12,3.5833333333333335,43.0,3.7083333333333335,44.5,-0.125,-1.5
qwen25_15b,243,msc_valid,10,recency_keep_compress_drop,0.5,12,3.6875,44.25,3.7083333333333335,44.5,-0.02083333333333348,-0.25
qwen25_15b,243,msc_valid,12,uniform,0.2,13,2.6153846153846154,34.0,2.230769230769231,29.0,0.3846153846153846,5.0
qwen25_15b,243,msc_valid,12,longllmlingua,0.2,13,2.2211538461538463,28.875,2.230769230769231,29.0,-0.009615384615384581,-0.125
qwen25_15b,243,msc_valid,12,recency,0.2,13,2.576923076923077,33.5,2.230769230769231,29.0,0.34615384615384626,4.5
qwen25_15b,243,msc_valid,12,lexical_tfidf,0.2,13,2.8461538461538463,37.0,2.230769230769231,29.0,0.6153846153846154,8.0
qwen25_15b,243,msc_valid,12,recency_keep_compress_drop,0.2,13,2.576923076923077,33.5,2.230769230769231,29.0,0.34615384615384626,4.5
qwen25_15b,243,msc_valid,12,uniform,0.35,13,2.75,35.75,2.230769230769231,29.0,0.5192307692307692,6.75
qwen25_15b,243,msc_valid,12,longllmlingua,0.35,13,2.1826923076923075,28.375,2.230769230769231,29.0,-0.04807692307692335,-0.625
qwen25_15b,243,msc_valid,12,recency,0.35,13,2.576923076923077,33.5,2.230769230769231,29.0,0.34615384615384626,4.5
qwen25_15b,243,msc_valid,12,lexical_tfidf,0.35,13,2.5384615384615383,33.0,2.230769230769231,29.0,0.3076923076923075,4.0
qwen25_15b,243,msc_valid,12,recency_keep_compress_drop,0.35,13,2.298076923076923,29.875,2.230769230769231,29.0,0.06730769230769207,0.875
qwen25_15b,243,msc_valid,12,uniform,0.5,13,2.480769230769231,32.25,2.230769230769231,29.0,0.25,3.25
qwen25_15b,243,msc_valid,12,longllmlingua,0.5,13,2.1346153846153846,27.75,2.230769230769231,29.0,-0.09615384615384626,-1.25
qwen25_15b,243,msc_valid,12,recency,0.5,13,2.326923076923077,30.25,2.230769230769231,29.0,0.09615384615384626,1.25
qwen25_15b,243,msc_valid,12,lexical_tfidf,0.5,13,2.3365384615384617,30.375,2.230769230769231,29.0,0.10576923076923084,1.375
qwen25_15b,243,msc_valid,12,recency_keep_compress_drop,0.5,13,2.3653846153846154,30.75,2.230769230769231,29.0,0.13461538461538458,1.75
qwen25_15b,243,msc_valid,14,uniform,0.2,10,3.0375,30.375,2.3875,23.875,0.6499999999999999,6.5
qwen25_15b,243,msc_valid,14,longllmlingua,0.2,10,2.6,26.0,2.3875,23.875,0.2124999999999999,2.125
qwen25_15b,243,msc_valid,14,recency,0.2,10,2.5625,25.625,2.3875,23.875,0.17499999999999982,1.75
qwen25_15b,243,msc_valid,14,lexical_tfidf,0.2,10,2.8875,28.875,2.3875,23.875,0.5,5.0
qwen25_15b,243,msc_valid,14,recency_keep_compress_drop,0.2,10,2.5625,25.625,2.3875,23.875,0.17499999999999982,1.75
qwen25_15b,243,msc_valid,14,uniform,0.35,10,3.0875,30.875,2.3875,23.875,0.6999999999999997,7.0
qwen25_15b,243,msc_valid,14,longllmlingua,0.35,10,2.6625,26.625,2.3875,23.875,0.2749999999999999,2.75
qwen25_15b,243,msc_valid,14,recency,0.35,10,2.4375,24.375,2.3875,23.875,0.04999999999999982,0.5
qwen25_15b,243,msc_valid,14,lexical_tfidf,0.35,10,2.5125,25.125,2.3875,23.875,0.125,1.25
qwen25_15b,243,msc_valid,14,recency_keep_compress_drop,0.35,10,2.25,22.5,2.3875,23.875,-0.13750000000000018,-1.375
qwen25_15b,243,msc_valid,14,uniform,0.5,10,2.7125,27.125,2.3875,23.875,0.32499999999999973,3.25
qwen25_15b,243,msc_valid,14,longllmlingua,0.5,10,2.4125,24.125,2.3875,23.875,0.02499999999999991,0.25
qwen25_15b,243,msc_valid,14,recency,0.5,10,2.3125,23.125,2.3875,23.875,-0.07500000000000018,-0.75
qwen25_15b,243,msc_valid,14,lexical_tfidf,0.5,10,2.4,24.0,2.3875,23.875,0.012499999999999734,0.125
qwen25_15b,243,msc_valid,14,recency_keep_compress_drop,0.5,10,2.2625,22.625,2.3875,23.875,-0.125,-1.25
qwen25_15b,285,msc_valid,4,uniform,0.2,19,2.8815789473684212,54.75,2.6184210526315788,49.75,0.2631578947368425,5.0
qwen25_15b,285,msc_valid,4,longllmlingua,0.2,19,2.6710526315789473,50.75,2.6184210526315788,49.75,0.052631578947368585,1.0
qwen25_15b,285,msc_valid,4,recency,0.2,19,2.8815789473684212,54.75,2.6184210526315788,49.75,0.2631578947368425,5.0
qwen25_15b,285,msc_valid,4,lexical_tfidf,0.2,19,2.8815789473684212,54.75,2.6184210526315788,49.75,0.2631578947368425,5.0
qwen25_15b,285,msc_valid,4,recency_keep_compress_drop,0.2,19,2.8815789473684212,54.75,2.6184210526315788,49.75,0.2631578947368425,5.0
qwen25_15b,285,msc_valid,4,uniform,0.35,19,2.8289473684210527,53.75,2.6184210526315788,49.75,0.2105263157894739,4.0
qwen25_15b,285,msc_valid,4,longllmlingua,0.35,19,2.539473684210526,48.25,2.6184210526315788,49.75,-0.07894736842105265,-1.5
qwen25_15b,285,msc_valid,4,recency,0.35,19,2.8289473684210527,53.75,2.6184210526315788,49.75,0.2105263157894739,4.0
qwen25_15b,285,msc_valid,4,lexical_tfidf,0.35,19,2.8289473684210527,53.75,2.6184210526315788,49.75,0.2105263157894739,4.0
qwen25_15b,285,msc_valid,4,recency_keep_compress_drop,0.35,19,2.8289473684210527,53.75,2.6184210526315788,49.75,0.2105263157894739,4.0
qwen25_15b,285,msc_valid,4,uniform,0.5,19,2.8289473684210527,53.75,2.6184210526315788,49.75,0.2105263157894739,4.0
qwen25_15b,285,msc_valid,4,longllmlingua,0.5,19,2.4342105263157894,46.25,2.6184210526315788,49.75,-0.18421052631578938,-3.5
qwen25_15b,285,msc_valid,4,recency,0.5,19,2.8289473684210527,53.75,2.6184210526315788,49.75,0.2105263157894739,4.0
qwen25_15b,285,msc_valid,4,lexical_tfidf,0.5,19,2.8289473684210527,53.75,2.6184210526315788,49.75,0.2105263157894739,4.0
qwen25_15b,285,msc_valid,4,recency_keep_compress_drop,0.5,19,2.8289473684210527,53.75,2.6184210526315788,49.75,0.2105263157894739,4.0
qwen25_15b,285,msc_valid,8,uniform,0.2,19,3.6052631578947367,68.5,2.8026315789473686,53.25,0.8026315789473681,15.25
qwen25_15b,285,msc_valid,8,longllmlingua,0.2,19,3.236842105263158,61.5,2.8026315789473686,53.25,0.4342105263157894,8.25
qwen25_15b,285,msc_valid,8,recency,0.2,19,3.473684210526316,66.0,2.8026315789473686,53.25,0.6710526315789473,12.75
qwen25_15b,285,msc_valid,8,lexical_tfidf,0.2,19,3.473684210526316,66.0,2.8026315789473686,53.25,0.6710526315789473,12.75
qwen25_15b,285,msc_valid,8,recency_keep_compress_drop,0.2,19,3.473684210526316,66.0,2.8026315789473686,53.25,0.6710526315789473,12.75
qwen25_15b,285,msc_valid,8,uniform,0.35,19,3.3947368421052633,64.5,2.8026315789473686,53.25,0.5921052631578947,11.25
qwen25_15b,285,msc_valid,8,longllmlingua,0.35,19,3.25,61.75,2.8026315789473686,53.25,0.4473684210526314,8.5
qwen25_15b,285,msc_valid,8,recency,0.35,19,3.263157894736842,62.0,2.8026315789473686,53.25,0.46052631578947345,8.75
qwen25_15b,285,msc_valid,8,lexical_tfidf,0.35,19,3.3947368421052633,64.5,2.8026315789473686,53.25,0.5921052631578947,11.25
qwen25_15b,285,msc_valid,8,recency_keep_compress_drop,0.35,19,3.3947368421052633,64.5,2.8026315789473686,53.25,0.5921052631578947,11.25
qwen25_15b,285,msc_valid,8,uniform,0.5,19,3.236842105263158,61.5,2.8026315789473686,53.25,0.4342105263157894,8.25
qwen25_15b,285,msc_valid,8,longllmlingua,0.5,19,3.013157894736842,57.25,2.8026315789473686,53.25,0.21052631578947345,4.0
qwen25_15b,285,msc_valid,8,recency,0.5,19,3.1578947368421053,60.0,2.8026315789473686,53.25,0.3552631578947367,6.75
qwen25_15b,285,msc_valid,8,lexical_tfidf,0.5,19,3.289473684210526,62.5,2.8026315789473686,53.25,0.4868421052631575,9.25
qwen25_15b,285,msc_valid,8,recency_keep_compress_drop,0.5,19,3.289473684210526,62.5,2.8026315789473686,53.25,0.4868421052631575,9.25
qwen25_15b,285,msc_valid,12,uniform,0.2,19,2.3947368421052633,45.5,1.894736842105263,36.0,0.5000000000000002,9.5
qwen25_15b,285,msc_valid,12,longllmlingua,0.2,19,2.1842105263157894,41.5,1.894736842105263,36.0,0.2894736842105263,5.5
qwen25_15b,285,msc_valid,12,recency,0.2,19,2.3026315789473686,43.75,1.894736842105263,36.0,0.40789473684210553,7.75
qwen25_15b,285,msc_valid,12,lexical_tfidf,0.2,19,2.3552631578947367,44.75,1.894736842105263,36.0,0.4605263157894737,8.75
qwen25_15b,285,msc_valid,12,recency_keep_compress_drop,0.2,19,2.3157894736842106,44.0,1.894736842105263,36.0,0.42105263157894757,8.0
qwen25_15b,285,msc_valid,12,uniform,0.35,19,1.9736842105263157,37.5,1.894736842105263,36.0,0.07894736842105265,1.5
qwen25_15b,285,msc_valid,12,longllmlingua,0.35,19,1.9210526315789473,36.5,1.894736842105263,36.0,0.026315789473684292,0.5
qwen25_15b,285,msc_valid,12,recency,0.35,19,2.289473684210526,43.5,1.894736842105263,36.0,0.39473684210526305,7.5
qwen25_15b,285,msc_valid,12,lexical_tfidf,0.35,19,2.3289473684210527,44.25,1.894736842105263,36.0,0.4342105263157896,8.25
qwen25_15b,285,msc_valid,12,recency_keep_compress_drop,0.35,19,2.0657894736842106,39.25,1.894736842105263,36.0,0.17105263157894757,3.25
qwen25_15b,285,msc_valid,12,uniform,0.5,19,1.9473684210526316,37.0,1.894736842105263,36.0,0.052631578947368585,1.0
qwen25_15b,285,msc_valid,12,longllmlingua,0.5,19,1.894736842105263,36.0,1.894736842105263,36.0,0.0,0.0
qwen25_15b,285,msc_valid,12,recency,0.5,19,2.1052631578947367,40.0,1.894736842105263,36.0,0.21052631578947367,4.0
qwen25_15b,285,msc_valid,12,lexical_tfidf,0.5,19,2.263157894736842,43.0,1.894736842105263,36.0,0.368421052631579,7.0
qwen25_15b,285,msc_valid,12,recency_keep_compress_drop,0.5,19,2.039473684210526,38.75,1.894736842105263,36.0,0.14473684210526305,2.75
qwen25_15b,285,msc_valid,16,uniform,0.2,11,2.9545454545454546,32.5,2.602272727272727,28.625,0.3522727272727275,3.875
qwen25_15b,285,msc_valid,16,longllmlingua,0.2,11,2.840909090909091,31.25,2.602272727272727,28.625,0.23863636363636376,2.625
qwen25_15b,285,msc_valid,16,recency,0.2,11,3.0454545454545454,33.5,2.602272727272727,28.625,0.44318181818181834,4.875
qwen25_15b,285,msc_valid,16,lexical_tfidf,0.2,11,2.909090909090909,32.0,2.602272727272727,28.625,0.3068181818181821,3.375
qwen25_15b,285,msc_valid,16,recency_keep_compress_drop,0.2,11,2.897727272727273,31.875,2.602272727272727,28.625,0.29545454545454586,3.25
qwen25_15b,285,msc_valid,16,uniform,0.35,11,2.8863636363636362,31.75,2.602272727272727,28.625,0.28409090909090917,3.125
qwen25_15b,285,msc_valid,16,longllmlingua,0.35,11,2.6363636363636362,29.0,2.602272727272727,28.625,0.03409090909090917,0.375
qwen25_15b,285,msc_valid,16,recency,0.35,11,2.909090909090909,32.0,2.602272727272727,28.625,0.3068181818181821,3.375
qwen25_15b,285,msc_valid,16,lexical_tfidf,0.35,11,2.715909090909091,29.875,2.602272727272727,28.625,0.11363636363636376,1.25
qwen25_15b,285,msc_valid,16,recency_keep_compress_drop,0.35,11,2.9545454545454546,32.5,2.602272727272727,28.625,0.3522727272727275,3.875
qwen25_15b,285,msc_valid,16,uniform,0.5,11,2.840909090909091,31.25,2.602272727272727,28.625,0.23863636363636376,2.625
qwen25_15b,285,msc_valid,16,longllmlingua,0.5,11,2.647727272727273,29.125,2.602272727272727,28.625,0.04545454545454586,0.5
qwen25_15b,285,msc_valid,16,recency,0.5,11,2.9318181818181817,32.25,2.602272727272727,28.625,0.3295454545454546,3.625
qwen25_15b,285,msc_valid,16,lexical_tfidf,0.5,11,2.7954545454545454,30.75,2.602272727272727,28.625,0.19318181818181834,2.125
qwen25_15b,285,msc_valid,16,recency_keep_compress_drop,0.5,11,2.784090909090909,30.625,2.602272727272727,28.625,0.1818181818181821,2.0
qwen25_15b,285,msc_valid,18,uniform,0.2,15,4.5,67.5,4.0,60.0,0.5,7.5
qwen25_15b,285,msc_valid,18,longllmlingua,0.2,15,4.133333333333334,62.0,4.0,60.0,0.13333333333333375,2.0
qwen25_15b,285,msc_valid,18,recency,0.2,15,4.3,64.5,4.0,60.0,0.2999999999999998,4.5
qwen25_15b,285,msc_valid,18,lexical_tfidf,0.2,15,4.166666666666667,62.5,4.0,60.0,0.16666666666666696,2.5
qwen25_15b,285,msc_valid,18,recency_keep_compress_drop,0.2,15,4.25,63.75,4.0,60.0,0.25,3.75
qwen25_15b,285,msc_valid,18,uniform,0.35,15,4.433333333333334,66.5,4.0,60.0,0.43333333333333357,6.5
qwen25_15b,285,msc_valid,18,longllmlingua,0.35,15,4.066666666666666,61.0,4.0,60.0,0.06666666666666643,1.0
qwen25_15b,285,msc_valid,18,recency,0.35,15,4.216666666666667,63.25,4.0,60.0,0.21666666666666679,3.25
qwen25_15b,285,msc_valid,18,lexical_tfidf,0.35,15,4.05,60.75,4.0,60.0,0.04999999999999982,0.75
qwen25_15b,285,msc_valid,18,recency_keep_compress_drop,0.35,15,4.116666666666666,61.75,4.0,60.0,0.11666666666666625,1.75
qwen25_15b,285,msc_valid,18,uniform,0.5,15,4.166666666666667,62.5,4.0,60.0,0.16666666666666696,2.5
qwen25_15b,285,msc_valid,18,longllmlingua,0.5,15,4.05,60.75,4.0,60.0,0.04999999999999982,0.75
qwen25_15b,285,msc_valid,18,recency,0.5,15,4.066666666666666,61.0,4.0,60.0,0.06666666666666643,1.0
qwen25_15b,285,msc_valid,18,lexical_tfidf,0.5,15,4.0,60.0,4.0,60.0,0.0,0.0
qwen25_15b,285,msc_valid,18,recency_keep_compress_drop,0.5,15,4.1,61.5,4.0,60.0,0.09999999999999964,1.5
qwen25_15b,285,msc_valid,22,uniform,0.2,20,3.85,77.0,3.225,64.5,0.625,12.5
qwen25_15b,285,msc_valid,22,longllmlingua,0.2,20,3.65,73.0,3.225,64.5,0.4249999999999998,8.5
qwen25_15b,285,msc_valid,22,recency,0.2,20,3.45,69.0,3.225,64.5,0.2250000000000001,4.5
qwen25_15b,285,msc_valid,22,lexical_tfidf,0.2,20,3.7,74.0,3.225,64.5,0.4750000000000001,9.5
qwen25_15b,285,msc_valid,22,recency_keep_compress_drop,0.2,20,3.55,71.0,3.225,64.5,0.32499999999999973,6.5
qwen25_15b,285,msc_valid,22,uniform,0.35,20,3.9,78.0,3.225,64.5,0.6749999999999998,13.5
qwen25_15b,285,msc_valid,22,longllmlingua,0.35,20,3.775,75.5,3.225,64.5,0.5499999999999998,11.0
qwen25_15b,285,msc_valid,22,recency,0.35,20,3.425,68.5,3.225,64.5,0.19999999999999973,4.0
qwen25_15b,285,msc_valid,22,lexical_tfidf,0.35,20,3.65,73.0,3.225,64.5,0.4249999999999998,8.5
qwen25_15b,285,msc_valid,22,recency_keep_compress_drop,0.35,20,3.475,69.5,3.225,64.5,0.25,5.0
qwen25_15b,285,msc_valid,22,uniform,0.5,20,3.725,74.5,3.225,64.5,0.5,10.0
qwen25_15b,285,msc_valid,22,longllmlingua,0.5,20,3.625,72.5,3.225,64.5,0.3999999999999999,8.0
qwen25_15b,285,msc_valid,22,recency,0.5,20,3.375,67.5,3.225,64.5,0.1499999999999999,3.0
qwen25_15b,285,msc_valid,22,lexical_tfidf,0.5,20,3.3,66.0,3.225,64.5,0.07499999999999973,1.5
qwen25_15b,285,msc_valid,22,recency_keep_compress_drop,0.5,20,3.475,69.5,3.225,64.5,0.25,5.0
qwen25_15b,285,msc_valid,26,uniform,0.2,21,1.6428571428571428,34.5,1.4464285714285714,30.375,0.1964285714285714,4.125
qwen25_15b,285,msc_valid,26,longllmlingua,0.2,21,1.6666666666666667,35.0,1.4464285714285714,30.375,0.22023809523809534,4.625
qwen25_15b,285,msc_valid,26,recency,0.2,21,1.7738095238095237,37.25,1.4464285714285714,30.375,0.32738095238095233,6.875
qwen25_15b,285,msc_valid,26,lexical_tfidf,0.2,21,1.7857142857142858,37.5,1.4464285714285714,30.375,0.3392857142857144,7.125
qwen25_15b,285,msc_valid,26,recency_keep_compress_drop,0.2,21,1.8095238095238095,38.0,1.4464285714285714,30.375,0.36309523809523814,7.625
qwen25_15b,285,msc_valid,26,uniform,0.35,21,1.369047619047619,28.75,1.4464285714285714,30.375,-0.07738095238095233,-1.625
qwen25_15b,285,msc_valid,26,longllmlingua,0.35,21,1.75,36.75,1.4464285714285714,30.375,0.3035714285714286,6.375
qwen25_15b,285,msc_valid,26,recency,0.35,21,1.6785714285714286,35.25,1.4464285714285714,30.375,0.2321428571428572,4.875
qwen25_15b,285,msc_valid,26,lexical_tfidf,0.35,21,1.630952380952381,34.25,1.4464285714285714,30.375,0.18452380952380953,3.875
qwen25_15b,285,msc_valid,26,recency_keep_compress_drop,0.35,21,1.5833333333333333,33.25,1.4464285714285714,30.375,0.13690476190476186,2.875
qwen25_15b,285,msc_valid,26,uniform,0.5,21,1.3392857142857142,28.125,1.4464285714285714,30.375,-0.1071428571428572,-2.25
qwen25_15b,285,msc_valid,26,longllmlingua,0.5,21,1.7023809523809523,35.75,1.4464285714285714,30.375,0.25595238095238093,5.375
qwen25_15b,285,msc_valid,26,recency,0.5,21,1.5595238095238095,32.75,1.4464285714285714,30.375,0.11309523809523814,2.375
qwen25_15b,285,msc_valid,26,lexical_tfidf,0.5,21,1.4642857142857142,30.75,1.4464285714285714,30.375,0.017857142857142794,0.375
qwen25_15b,285,msc_valid,26,recency_keep_compress_drop,0.5,21,1.5357142857142858,32.25,1.4464285714285714,30.375,0.08928571428571441,1.875
qwen25_15b,285,msc_valid,30,uniform,0.2,29,2.7758620689655173,80.5,2.3620689655172415,68.5,0.4137931034482758,12.0
qwen25_15b,285,msc_valid,30,longllmlingua,0.2,29,2.7586206896551726,80.0,2.3620689655172415,68.5,0.39655172413793105,11.5
qwen25_15b,285,msc_valid,30,recency,0.2,29,2.5517241379310347,74.0,2.3620689655172415,68.5,0.18965517241379315,5.5
qwen25_15b,285,msc_valid,30,lexical_tfidf,0.2,29,2.793103448275862,81.0,2.3620689655172415,68.5,0.43103448275862055,12.5
qwen25_15b,285,msc_valid,30,recency_keep_compress_drop,0.2,29,2.5,72.5,2.3620689655172415,68.5,0.13793103448275845,4.0
qwen25_15b,285,msc_valid,30,uniform,0.35,29,2.5344827586206895,73.5,2.3620689655172415,68.5,0.17241379310344795,5.0
qwen25_15b,285,msc_valid,30,longllmlingua,0.35,29,2.6551724137931036,77.0,2.3620689655172415,68.5,0.2931034482758621,8.5
qwen25_15b,285,msc_valid,30,recency,0.35,29,2.5172413793103448,73.0,2.3620689655172415,68.5,0.1551724137931032,4.5
qwen25_15b,285,msc_valid,30,lexical_tfidf,0.35,29,2.689655172413793,78.0,2.3620689655172415,68.5,0.3275862068965516,9.5
qwen25_15b,285,msc_valid,30,recency_keep_compress_drop,0.35,29,2.4310344827586206,70.5,2.3620689655172415,68.5,0.068965517241379,2.0
qwen25_15b,285,msc_valid,30,uniform,0.5,29,2.5344827586206895,73.5,2.3620689655172415,68.5,0.17241379310344795,5.0
qwen25_15b,285,msc_valid,30,longllmlingua,0.5,29,2.586206896551724,75.0,2.3620689655172415,68.5,0.22413793103448265,6.5
qwen25_15b,285,msc_valid,30,recency,0.5,29,2.4827586206896552,72.0,2.3620689655172415,68.5,0.1206896551724137,3.5
qwen25_15b,285,msc_valid,30,lexical_tfidf,0.5,29,2.6206896551724137,76.0,2.3620689655172415,68.5,0.25862068965517215,7.5
qwen25_15b,285,msc_valid,30,recency_keep_compress_drop,0.5,29,2.3620689655172415,68.5,2.3620689655172415,68.5,0.0,0.0
qwen25_15b,285,msc_valid,34,uniform,0.2,50,2.22,111.0,2.02,101.0,0.20000000000000018,10.0
qwen25_15b,285,msc_valid,34,longllmlingua,0.2,50,2.11,105.5,2.02,101.0,0.08999999999999986,4.5
qwen25_15b,285,msc_valid,34,recency,0.2,50,2.17,108.5,2.02,101.0,0.1499999999999999,7.5
qwen25_15b,285,msc_valid,34,lexical_tfidf,0.2,50,2.18,109.0,2.02,101.0,0.16000000000000014,8.0
qwen25_15b,285,msc_valid,34,recency_keep_compress_drop,0.2,50,2.22,111.0,2.02,101.0,0.20000000000000018,10.0
qwen25_15b,285,msc_valid,34,uniform,0.35,50,2.17,108.5,2.02,101.0,0.1499999999999999,7.5
qwen25_15b,285,msc_valid,34,longllmlingua,0.35,50,2.07,103.5,2.02,101.0,0.04999999999999982,2.5
qwen25_15b,285,msc_valid,34,recency,0.35,50,2.19,109.5,2.02,101.0,0.16999999999999993,8.5
qwen25_15b,285,msc_valid,34,lexical_tfidf,0.35,50,2.17,108.5,2.02,101.0,0.1499999999999999,7.5
qwen25_15b,285,msc_valid,34,recency_keep_compress_drop,0.35,50,2.1,105.0,2.02,101.0,0.08000000000000007,4.0
qwen25_15b,285,msc_valid,34,uniform,0.5,50,2.14,107.0,2.02,101.0,0.1200000000000001,6.0
qwen25_15b,285,msc_valid,34,longllmlingua,0.5,50,2.05,102.5,2.02,101.0,0.029999999999999805,1.5
qwen25_15b,285,msc_valid,34,recency,0.5,50,2.12,106.0,2.02,101.0,0.10000000000000009,5.0
qwen25_15b,285,msc_valid,34,lexical_tfidf,0.5,50,2.11,105.5,2.02,101.0,0.08999999999999986,4.5
qwen25_15b,285,msc_valid,34,recency_keep_compress_drop,0.5,50,2.07,103.5,2.02,101.0,0.04999999999999982,2.5
qwen25_15b,285,msc_valid,38,uniform,0.2,34,2.985294117647059,101.5,0.0,0.0,2.985294117647059,101.5
qwen25_15b,285,msc_valid,38,longllmlingua,0.2,34,2.8529411764705883,97.0,0.0,0.0,2.8529411764705883,97.0
qwen25_15b,285,msc_valid,38,recency,0.2,34,3.073529411764706,104.5,0.0,0.0,3.073529411764706,104.5
qwen25_15b,285,msc_valid,38,lexical_tfidf,0.2,34,2.985294117647059,101.5,0.0,0.0,2.985294117647059,101.5
qwen25_15b,285,msc_valid,38,recency_keep_compress_drop,0.2,34,2.9411764705882355,100.0,0.0,0.0,2.9411764705882355,100.0
qwen25_15b,285,msc_valid,38,uniform,0.35,34,2.8970588235294117,98.5,0.0,0.0,2.8970588235294117,98.5
qwen25_15b,285,msc_valid,38,longllmlingua,0.35,34,2.8529411764705883,97.0,0.0,0.0,2.8529411764705883,97.0
qwen25_15b,285,msc_valid,38,recency,0.35,34,3.0,102.0,0.0,0.0,3.0,102.0
qwen25_15b,285,msc_valid,38,lexical_tfidf,0.35,34,2.7205882352941178,92.5,0.0,0.0,2.7205882352941178,92.5
qwen25_15b,285,msc_valid,38,recency_keep_compress_drop,0.35,34,2.8676470588235294,97.5,0.0,0.0,2.8676470588235294,97.5
qwen25_15b,285,msc_valid,38,uniform,0.5,34,2.8970588235294117,98.5,0.0,0.0,2.8970588235294117,98.5
qwen25_15b,285,msc_valid,38,longllmlingua,0.5,34,2.838235294117647,96.5,0.0,0.0,2.838235294117647,96.5
qwen25_15b,285,msc_valid,38,recency,0.5,34,2.9558823529411766,100.5,0.0,0.0,2.9558823529411766,100.5
qwen25_15b,285,msc_valid,38,lexical_tfidf,0.5,34,2.676470588235294,91.0,0.0,0.0,2.676470588235294,91.0
qwen25_15b,285,msc_valid,38,recency_keep_compress_drop,0.5,34,2.8529411764705883,97.0,0.0,0.0,2.8529411764705883,97.0
qwen25_15b,285,msc_valid,42,uniform,0.2,60,2.6,156.0,0.0,0.0,2.6,156.0
qwen25_15b,285,msc_valid,42,longllmlingua,0.2,60,2.6666666666666665,160.0,0.0,0.0,2.6666666666666665,160.0
qwen25_15b,285,msc_valid,42,recency,0.2,60,2.6166666666666667,157.0,0.0,0.0,2.6166666666666667,157.0
qwen25_15b,285,msc_valid,42,lexical_tfidf,0.2,60,2.55,153.0,0.0,0.0,2.55,153.0
qwen25_15b,285,msc_valid,42,recency_keep_compress_drop,0.2,60,2.6333333333333333,158.0,0.0,0.0,2.6333333333333333,158.0
qwen25_15b,285,msc_valid,42,uniform,0.35,60,2.533333333333333,152.0,0.0,0.0,2.533333333333333,152.0
qwen25_15b,285,msc_valid,42,longllmlingua,0.35,60,2.5833333333333335,155.0,0.0,0.0,2.5833333333333335,155.0
qwen25_15b,285,msc_valid,42,recency,0.35,60,2.5833333333333335,155.0,0.0,0.0,2.5833333333333335,155.0
qwen25_15b,285,msc_valid,42,lexical_tfidf,0.35,60,2.5,150.0,0.0,0.0,2.5,150.0
qwen25_15b,285,msc_valid,42,recency_keep_compress_drop,0.35,60,2.55,153.0,0.0,0.0,2.55,153.0
qwen25_15b,285,msc_valid,42,uniform,0.5,60,2.5166666666666666,151.0,0.0,0.0,2.5166666666666666,151.0
qwen25_15b,285,msc_valid,42,longllmlingua,0.5,60,2.55,153.0,0.0,0.0,2.55,153.0
qwen25_15b,285,msc_valid,42,recency,0.5,60,2.55,153.0,0.0,0.0,2.55,153.0
qwen25_15b,285,msc_valid,42,lexical_tfidf,0.5,60,2.466666666666667,148.0,0.0,0.0,2.466666666666667,148.0
qwen25_15b,285,msc_valid,42,recency_keep_compress_drop,0.5,60,2.466666666666667,148.0,0.0,0.0,2.466666666666667,148.0
qwen25_15b,285,msc_valid,46,uniform,0.2,34,2.1176470588235294,72.0,0.0,0.0,2.1176470588235294,72.0
qwen25_15b,285,msc_valid,46,longllmlingua,0.2,34,2.3529411764705883,80.0,0.0,0.0,2.3529411764705883,80.0
qwen25_15b,285,msc_valid,46,recency,0.2,34,2.3088235294117645,78.5,0.0,0.0,2.3088235294117645,78.5
qwen25_15b,285,msc_valid,46,lexical_tfidf,0.2,34,2.3088235294117645,78.5,0.0,0.0,2.3088235294117645,78.5
qwen25_15b,285,msc_valid,46,recency_keep_compress_drop,0.2,34,2.323529411764706,79.0,0.0,0.0,2.323529411764706,79.0
qwen25_15b,285,msc_valid,46,uniform,0.35,34,2.0588235294117645,70.0,0.0,0.0,2.0588235294117645,70.0
qwen25_15b,285,msc_valid,46,longllmlingua,0.35,34,2.2794117647058822,77.5,0.0,0.0,2.2794117647058822,77.5
qwen25_15b,285,msc_valid,46,recency,0.35,34,2.323529411764706,79.0,0.0,0.0,2.323529411764706,79.0
qwen25_15b,285,msc_valid,46,lexical_tfidf,0.35,34,2.176470588235294,74.0,0.0,0.0,2.176470588235294,74.0
qwen25_15b,285,msc_valid,46,recency_keep_compress_drop,0.35,34,2.3529411764705883,80.0,0.0,0.0,2.3529411764705883,80.0
qwen25_15b,285,msc_valid,46,uniform,0.5,34,2.0441176470588234,69.5,0.0,0.0,2.0441176470588234,69.5
qwen25_15b,285,msc_valid,46,longllmlingua,0.5,34,2.25,76.5,0.0,0.0,2.25,76.5
qwen25_15b,285,msc_valid,46,recency,0.5,34,2.2794117647058822,77.5,0.0,0.0,2.2794117647058822,77.5
qwen25_15b,285,msc_valid,46,lexical_tfidf,0.5,34,2.176470588235294,74.0,0.0,0.0,2.176470588235294,74.0
qwen25_15b,285,msc_valid,46,recency_keep_compress_drop,0.5,34,2.2941176470588234,78.0,0.0,0.0,2.2941176470588234,78.0
qwen25_15b,285,msc_valid,48,uniform,0.2,49,2.3979591836734695,117.5,0.0,0.0,2.3979591836734695,117.5
qwen25_15b,285,msc_valid,48,longllmlingua,0.2,49,2.3979591836734695,117.5,0.0,0.0,2.3979591836734695,117.5
qwen25_15b,285,msc_valid,48,recency,0.2,49,2.4183673469387754,118.5,0.0,0.0,2.4183673469387754,118.5
qwen25_15b,285,msc_valid,48,lexical_tfidf,0.2,49,2.4081632653061225,118.0,0.0,0.0,2.4081632653061225,118.0
qwen25_15b,285,msc_valid,48,recency_keep_compress_drop,0.2,49,2.438775510204082,119.5,0.0,0.0,2.438775510204082,119.5
qwen25_15b,285,msc_valid,48,uniform,0.35,49,2.326530612244898,114.0,0.0,0.0,2.326530612244898,114.0
qwen25_15b,285,msc_valid,48,longllmlingua,0.35,49,2.357142857142857,115.5,0.0,0.0,2.357142857142857,115.5
qwen25_15b,285,msc_valid,48,recency,0.35,49,2.4591836734693877,120.5,0.0,0.0,2.4591836734693877,120.5
qwen25_15b,285,msc_valid,48,lexical_tfidf,0.35,49,2.438775510204082,119.5,0.0,0.0,2.438775510204082,119.5
qwen25_15b,285,msc_valid,48,recency_keep_compress_drop,0.35,49,2.4183673469387754,118.5,0.0,0.0,2.4183673469387754,118.5
qwen25_15b,285,msc_valid,48,uniform,0.5,49,2.2244897959183674,109.0,0.0,0.0,2.2244897959183674,109.0
qwen25_15b,285,msc_valid,48,longllmlingua,0.5,49,2.306122448979592,113.0,0.0,0.0,2.306122448979592,113.0
qwen25_15b,285,msc_valid,48,recency,0.5,49,2.438775510204082,119.5,0.0,0.0,2.438775510204082,119.5
qwen25_15b,285,msc_valid,48,lexical_tfidf,0.5,49,2.4081632653061225,118.0,0.0,0.0,2.4081632653061225,118.0
qwen25_15b,285,msc_valid,48,recency_keep_compress_drop,0.5,49,2.2448979591836733,110.0,0.0,0.0,2.2448979591836733,110.0
qwen25_15b,285,msc_valid,52,uniform,0.2,26,2.298076923076923,59.75,0.0,0.0,2.298076923076923,59.75
qwen25_15b,285,msc_valid,52,longllmlingua,0.2,26,2.2788461538461537,59.25,0.0,0.0,2.2788461538461537,59.25
qwen25_15b,285,msc_valid,52,recency,0.2,26,2.423076923076923,63.0,0.0,0.0,2.423076923076923,63.0
qwen25_15b,285,msc_valid,52,lexical_tfidf,0.2,26,2.375,61.75,0.0,0.0,2.375,61.75
qwen25_15b,285,msc_valid,52,recency_keep_compress_drop,0.2,26,2.2403846153846154,58.25,0.0,0.0,2.2403846153846154,58.25
qwen25_15b,285,msc_valid,52,uniform,0.35,26,2.1923076923076925,57.0,0.0,0.0,2.1923076923076925,57.0
qwen25_15b,285,msc_valid,52,longllmlingua,0.35,26,2.3653846153846154,61.5,0.0,0.0,2.3653846153846154,61.5
qwen25_15b,285,msc_valid,52,recency,0.35,26,2.3846153846153846,62.0,0.0,0.0,2.3846153846153846,62.0
qwen25_15b,285,msc_valid,52,lexical_tfidf,0.35,26,2.3365384615384617,60.75,0.0,0.0,2.3365384615384617,60.75
qwen25_15b,285,msc_valid,52,recency_keep_compress_drop,0.35,26,2.3461538461538463,61.0,0.0,0.0,2.3461538461538463,61.0
qwen25_15b,285,msc_valid,52,uniform,0.5,26,2.144230769230769,55.75,0.0,0.0,2.144230769230769,55.75
qwen25_15b,285,msc_valid,52,longllmlingua,0.5,26,2.326923076923077,60.5,0.0,0.0,2.326923076923077,60.5
qwen25_15b,285,msc_valid,52,recency,0.5,0,0.0,0.0,0.0,0.0,0.0,0.0
qwen25_15b,285,msc_valid,52,lexical_tfidf,0.5,0,0.0,0.0,0.0,0.0,0.0,0.0
qwen25_15b,285,msc_valid,52,recency_keep_compress_drop,0.5,0,0.0,0.0,0.0,0.0,0.0,0.0
qwen25_15b,285,msc_valid,56,uniform,0.2,32,2.6875,86.0,0.0,0.0,2.6875,86.0
qwen25_15b,285,msc_valid,56,longllmlingua,0.2,32,2.84375,91.0,0.0,0.0,2.84375,91.0
qwen25_15b,285,msc_valid,56,recency,0.2,32,2.6875,86.0,0.0,0.0,2.6875,86.0
qwen25_15b,285,msc_valid,56,lexical_tfidf,0.2,32,2.671875,85.5,0.0,0.0,2.671875,85.5
qwen25_15b,285,msc_valid,56,recency_keep_compress_drop,0.2,32,2.65625,85.0,0.0,0.0,2.65625,85.0
qwen25_15b,285,msc_valid,56,uniform,0.35,32,2.984375,95.5,0.0,0.0,2.984375,95.5
qwen25_15b,285,msc_valid,56,longllmlingua,0.35,32,2.859375,91.5,0.0,0.0,2.859375,91.5
qwen25_15b,285,msc_valid,56,recency,0.35,32,2.71875,87.0,0.0,0.0,2.71875,87.0
qwen25_15b,285,msc_valid,56,lexical_tfidf,0.35,32,2.71875,87.0,0.0,0.0,2.71875,87.0
qwen25_15b,285,msc_valid,56,recency_keep_compress_drop,0.35,21,2.4761904761904763,52.0,0.0,0.0,2.4761904761904763,52.0
qwen25_15b,285,msc_valid,56,uniform,0.5,32,2.890625,92.5,0.0,0.0,2.890625,92.5
qwen25_15b,285,msc_valid,56,longllmlingua,0.5,32,2.828125,90.5,0.0,0.0,2.828125,90.5
qwen25_15b,285,msc_valid,56,recency,0.5,0,0.0,0.0,0.0,0.0,0.0,0.0
qwen25_15b,285,msc_valid,56,lexical_tfidf,0.5,0,0.0,0.0,0.0,0.0,0.0,0.0
qwen25_15b,285,msc_valid,56,recency_keep_compress_drop,0.5,0,0.0,0.0,0.0,0.0,0.0,0.0
qwen25_15b,285,msc_valid,60,uniform,0.2,16,2.53125,40.5,0.0,0.0,2.53125,40.5
qwen25_15b,285,msc_valid,60,longllmlingua,0.2,16,3.046875,48.75,0.0,0.0,3.046875,48.75
qwen25_15b,285,msc_valid,60,recency,0.2,16,2.578125,41.25,0.0,0.0,2.578125,41.25
qwen25_15b,285,msc_valid,60,lexical_tfidf,0.2,16,2.609375,41.75,0.0,0.0,2.609375,41.75
qwen25_15b,285,msc_valid,60,recency_keep_compress_drop,0.2,16,2.5625,41.0,0.0,0.0,2.5625,41.0
qwen25_15b,285,msc_valid,60,uniform,0.35,16,2.578125,41.25,0.0,0.0,2.578125,41.25
qwen25_15b,285,msc_valid,60,longllmlingua,0.35,16,2.875,46.0,0.0,0.0,2.875,46.0
qwen25_15b,285,msc_valid,60,recency,0.35,0,0.0,0.0,0.0,0.0,0.0,0.0
qwen25_15b,285,msc_valid,60,lexical_tfidf,0.35,0,0.0,0.0,0.0,0.0,0.0,0.0
qwen25_15b,285,msc_valid,60,recency_keep_compress_drop,0.35,0,0.0,0.0,0.0,0.0,0.0,0.0
qwen25_15b,285,msc_valid,60,uniform,0.5,16,2.53125,40.5,0.0,0.0,2.53125,40.5
qwen25_15b,285,msc_valid,60,longllmlingua,0.5,16,2.671875,42.75,0.0,0.0,2.671875,42.75
qwen25_15b,285,msc_valid,60,recency,0.5,0,0.0,0.0,0.0,0.0,0.0,0.0
qwen25_15b,285,msc_valid,60,lexical_tfidf,0.5,0,0.0,0.0,0.0,0.0,0.0,0.0
qwen25_15b,285,msc_valid,60,recency_keep_compress_drop,0.5,0,0.0,0.0,0.0,0.0,0.0,0.0
qwen25_15b,292,msc_valid,4,uniform,0.2,14,3.125,43.75,3.017857142857143,42.25,0.1071428571428572,1.5
qwen25_15b,292,msc_valid,4,longllmlingua,0.2,14,2.9642857142857144,41.5,3.017857142857143,42.25,-0.05357142857142838,-0.75
qwen25_15b,292,msc_valid,4,recency,0.2,14,3.125,43.75,3.017857142857143,42.25,0.1071428571428572,1.5
qwen25_15b,292,msc_valid,4,lexical_tfidf,0.2,14,3.125,43.75,3.017857142857143,42.25,0.1071428571428572,1.5
qwen25_15b,292,msc_valid,4,recency_keep_compress_drop,0.2,14,3.125,43.75,3.017857142857143,42.25,0.1071428571428572,1.5
qwen25_15b,292,msc_valid,4,uniform,0.35,14,3.0892857142857144,43.25,3.017857142857143,42.25,0.07142857142857162,1.0
qwen25_15b,292,msc_valid,4,longllmlingua,0.35,14,2.982142857142857,41.75,3.017857142857143,42.25,-0.03571428571428559,-0.5
qwen25_15b,292,msc_valid,4,recency,0.35,14,3.0892857142857144,43.25,3.017857142857143,42.25,0.07142857142857162,1.0
qwen25_15b,292,msc_valid,4,lexical_tfidf,0.35,14,3.0892857142857144,43.25,3.017857142857143,42.25,0.07142857142857162,1.0
qwen25_15b,292,msc_valid,4,recency_keep_compress_drop,0.35,14,3.0892857142857144,43.25,3.017857142857143,42.25,0.07142857142857162,1.0
qwen25_15b,292,msc_valid,4,uniform,0.5,14,3.0892857142857144,43.25,3.017857142857143,42.25,0.07142857142857162,1.0
qwen25_15b,292,msc_valid,4,longllmlingua,0.5,14,3.0357142857142856,42.5,3.017857142857143,42.25,0.017857142857142794,0.25
qwen25_15b,292,msc_valid,4,recency,0.5,14,3.0892857142857144,43.25,3.017857142857143,42.25,0.07142857142857162,1.0
qwen25_15b,292,msc_valid,4,lexical_tfidf,0.5,14,3.0892857142857144,43.25,3.017857142857143,42.25,0.07142857142857162,1.0
qwen25_15b,292,msc_valid,4,recency_keep_compress_drop,0.5,14,3.0892857142857144,43.25,3.017857142857143,42.25,0.07142857142857162,1.0
qwen25_15b,292,msc_valid,6,uniform,0.2,13,3.4038461538461537,44.25,2.730769230769231,35.5,0.6730769230769229,8.75
qwen25_15b,292,msc_valid,6,longllmlingua,0.2,13,3.0384615384615383,39.5,2.730769230769231,35.5,0.3076923076923075,4.0
qwen25_15b,292,msc_valid,6,recency,0.2,13,3.230769230769231,42.0,2.730769230769231,35.5,0.5,6.5
qwen25_15b,292,msc_valid,6,lexical_tfidf,0.2,13,3.4038461538461537,44.25,2.730769230769231,35.5,0.6730769230769229,8.75
qwen25_15b,292,msc_valid,6,recency_keep_compress_drop,0.2,13,3.230769230769231,42.0,2.730769230769231,35.5,0.5,6.5
qwen25_15b,292,msc_valid,6,uniform,0.35,13,3.4038461538461537,44.25,2.730769230769231,35.5,0.6730769230769229,8.75
qwen25_15b,292,msc_valid,6,longllmlingua,0.35,13,3.0384615384615383,39.5,2.730769230769231,35.5,0.3076923076923075,4.0
qwen25_15b,292,msc_valid,6,recency,0.35,13,3.230769230769231,42.0,2.730769230769231,35.5,0.5,6.5
qwen25_15b,292,msc_valid,6,lexical_tfidf,0.35,13,3.4038461538461537,44.25,2.730769230769231,35.5,0.6730769230769229,8.75
qwen25_15b,292,msc_valid,6,recency_keep_compress_drop,0.35,13,3.230769230769231,42.0,2.730769230769231,35.5,0.5,6.5
qwen25_15b,292,msc_valid,6,uniform,0.5,13,3.4615384615384617,45.0,2.730769230769231,35.5,0.7307692307692308,9.5
qwen25_15b,292,msc_valid,6,longllmlingua,0.5,13,2.9615384615384617,38.5,2.730769230769231,35.5,0.23076923076923084,3.0
qwen25_15b,292,msc_valid,6,recency,0.5,13,3.0384615384615383,39.5,2.730769230769231,35.5,0.3076923076923075,4.0
qwen25_15b,292,msc_valid,6,lexical_tfidf,0.5,13,3.3461538461538463,43.5,2.730769230769231,35.5,0.6153846153846154,8.0
qwen25_15b,292,msc_valid,6,recency_keep_compress_drop,0.5,13,2.8076923076923075,36.5,2.730769230769231,35.5,0.07692307692307665,1.0
qwen25_15b,292,msc_valid,8,uniform,0.2,12,2.8333333333333335,34.0,2.7708333333333335,33.25,0.0625,0.75
qwen25_15b,292,msc_valid,8,longllmlingua,0.2,12,2.6666666666666665,32.0,2.7708333333333335,33.25,-0.10416666666666696,-1.25
qwen25_15b,292,msc_valid,8,recency,0.2,12,3.0208333333333335,36.25,2.7708333333333335,33.25,0.25,3.0
qwen25_15b,292,msc_valid,8,lexical_tfidf,0.2,12,2.8333333333333335,34.0,2.7708333333333335,33.25,0.0625,0.75
qwen25_15b,292,msc_valid,8,recency_keep_compress_drop,0.2,12,3.0208333333333335,36.25,2.7708333333333335,33.25,0.25,3.0
qwen25_15b,292,msc_valid,8,uniform,0.35,12,3.3125,39.75,2.7708333333333335,33.25,0.5416666666666665,6.5
qwen25_15b,292,msc_valid,8,longllmlingua,0.35,12,2.5625,30.75,2.7708333333333335,33.25,-0.20833333333333348,-2.5
qwen25_15b,292,msc_valid,8,recency,0.35,12,2.7083333333333335,32.5,2.7708333333333335,33.25,-0.0625,-0.75
qwen25_15b,292,msc_valid,8,lexical_tfidf,0.35,12,3.3125,39.75,2.7708333333333335,33.25,0.5416666666666665,6.5
qwen25_15b,292,msc_valid,8,recency_keep_compress_drop,0.35,12,2.7083333333333335,32.5,2.7708333333333335,33.25,-0.0625,-0.75
qwen25_15b,292,msc_valid,8,uniform,0.5,12,3.0625,36.75,2.7708333333333335,33.25,0.2916666666666665,3.5
qwen25_15b,292,msc_valid,8,longllmlingua,0.5,12,2.6875,32.25,2.7708333333333335,33.25,-0.08333333333333348,-1.0
qwen25_15b,292,msc_valid,8,recency,0.5,12,2.8125,33.75,2.7708333333333335,33.25,0.04166666666666652,0.5
qwen25_15b,292,msc_valid,8,lexical_tfidf,0.5,12,3.0625,36.75,2.7708333333333335,33.25,0.2916666666666665,3.5
qwen25_15b,292,msc_valid,8,recency_keep_compress_drop,0.5,12,2.6875,32.25,2.7708333333333335,33.25,-0.08333333333333348,-1.0
qwen25_15b,292,msc_valid,10,uniform,0.2,9,3.7777777777777777,34.0,3.3472222222222223,30.125,0.43055555555555536,3.875
qwen25_15b,292,msc_valid,10,longllmlingua,0.2,9,3.4444444444444446,31.0,3.3472222222222223,30.125,0.09722222222222232,0.875
qwen25_15b,292,msc_valid,10,recency,0.2,9,4.361111111111111,39.25,3.3472222222222223,30.125,1.0138888888888884,9.125
qwen25_15b,292,msc_valid,10,lexical_tfidf,0.2,9,4.361111111111111,39.25,3.3472222222222223,30.125,1.0138888888888884,9.125
qwen25_15b,292,msc_valid,10,recency_keep_compress_drop,0.2,9,4.361111111111111,39.25,3.3472222222222223,30.125,1.0138888888888884,9.125
qwen25_15b,292,msc_valid,10,uniform,0.35,9,3.9166666666666665,35.25,3.3472222222222223,30.125,0.5694444444444442,5.125
qwen25_15b,292,msc_valid,10,longllmlingua,0.35,9,3.3194444444444446,29.875,3.3472222222222223,30.125,-0.02777777777777768,-0.25
qwen25_15b,292,msc_valid,10,recency,0.35,9,4.388888888888889,39.5,3.3472222222222223,30.125,1.041666666666667,9.375
qwen25_15b,292,msc_valid,10,lexical_tfidf,0.35,9,4.416666666666667,39.75,3.3472222222222223,30.125,1.0694444444444446,9.625
qwen25_15b,292,msc_valid,10,recency_keep_compress_drop,0.35,9,4.083333333333333,36.75,3.3472222222222223,30.125,0.7361111111111107,6.625
qwen25_15b,292,msc_valid,10,uniform,0.5,9,3.8055555555555554,34.25,3.3472222222222223,30.125,0.45833333333333304,4.125
qwen25_15b,292,msc_valid,10,longllmlingua,0.5,9,3.4722222222222223,31.25,3.3472222222222223,30.125,0.125,1.125
qwen25_15b,292,msc_valid,10,recency,0.5,9,3.9722222222222223,35.75,3.3472222222222223,30.125,0.625,5.625
qwen25_15b,292,msc_valid,10,lexical_tfidf,0.5,9,4.166666666666667,37.5,3.3472222222222223,30.125,0.8194444444444446,7.375
qwen25_15b,292,msc_valid,10,recency_keep_compress_drop,0.5,9,3.6666666666666665,33.0,3.3472222222222223,30.125,0.3194444444444442,2.875
qwen25_15b,292,msc_valid,12,uniform,0.2,14,3.3035714285714284,46.25,2.857142857142857,40.0,0.4464285714285712,6.25
qwen25_15b,292,msc_valid,12,longllmlingua,0.2,14,3.0535714285714284,42.75,2.857142857142857,40.0,0.19642857142857117,2.75
qwen25_15b,292,msc_valid,12,recency,0.2,14,3.1964285714285716,44.75,2.857142857142857,40.0,0.3392857142857144,4.75
qwen25_15b,292,msc_valid,12,lexical_tfidf,0.2,14,3.375,47.25,2.857142857142857,40.0,0.5178571428571428,7.25
qwen25_15b,292,msc_valid,12,recency_keep_compress_drop,0.2,14,3.3214285714285716,46.5,2.857142857142857,40.0,0.4642857142857144,6.5
qwen25_15b,292,msc_valid,12,uniform,0.35,14,3.107142857142857,43.5,2.857142857142857,40.0,0.25,3.5
qwen25_15b,292,msc_valid,12,longllmlingua,0.35,14,3.0535714285714284,42.75,2.857142857142857,40.0,0.19642857142857117,2.75
qwen25_15b,292,msc_valid,12,recency,0.35,14,3.357142857142857,47.0,2.857142857142857,40.0,0.5,7.0
qwen25_15b,292,msc_valid,12,lexical_tfidf,0.35,14,3.4642857142857144,48.5,2.857142857142857,40.0,0.6071428571428572,8.5
qwen25_15b,292,msc_valid,12,recency_keep_compress_drop,0.35,14,2.9642857142857144,41.5,2.857142857142857,40.0,0.1071428571428572,1.5
qwen25_15b,292,msc_valid,12,uniform,0.5,14,2.9285714285714284,41.0,2.857142857142857,40.0,0.07142857142857117,1.0
qwen25_15b,292,msc_valid,12,longllmlingua,0.5,14,3.0892857142857144,43.25,2.857142857142857,40.0,0.2321428571428572,3.25
qwen25_15b,292,msc_valid,12,recency,0.5,14,3.1607142857142856,44.25,2.857142857142857,40.0,0.3035714285714284,4.25
qwen25_15b,292,msc_valid,12,lexical_tfidf,0.5,14,3.25,45.5,2.857142857142857,40.0,0.3928571428571428,5.5
qwen25_15b,292,msc_valid,12,recency_keep_compress_drop,0.5,14,3.0,42.0,2.857142857142857,40.0,0.1428571428571428,2.0
qwen25_15b,292,msc_valid,14,uniform,0.2,10,4.95,49.5,3.825,38.25,1.125,11.25
qwen25_15b,292,msc_valid,14,longllmlingua,0.2,10,3.875,38.75,3.825,38.25,0.04999999999999982,0.5
qwen25_15b,292,msc_valid,14,recency,0.2,10,4.05,40.5,3.825,38.25,0.22499999999999964,2.25
qwen25_15b,292,msc_valid,14,lexical_tfidf,0.2,10,4.325,43.25,3.825,38.25,0.5,5.0
qwen25_15b,292,msc_valid,14,recency_keep_compress_drop,0.2,10,4.25,42.5,3.825,38.25,0.4249999999999998,4.25
qwen25_15b,292,msc_valid,14,uniform,0.35,10,4.425,44.25,3.825,38.25,0.5999999999999996,6.0
qwen25_15b,292,msc_valid,14,longllmlingua,0.35,10,3.875,38.75,3.825,38.25,0.04999999999999982,0.5
qwen25_15b,292,msc_valid,14,recency,0.35,10,3.975,39.75,3.825,38.25,0.1499999999999999,1.5
qwen25_15b,292,msc_valid,14,lexical_tfidf,0.35,10,4.075,40.75,3.825,38.25,0.25,2.5
qwen25_15b,292,msc_valid,14,recency_keep_compress_drop,0.35,10,3.9,39.0,3.825,38.25,0.07499999999999973,0.75
qwen25_15b,292,msc_valid,14,uniform,0.5,10,4.45,44.5,3.825,38.25,0.625,6.25
qwen25_15b,292,msc_valid,14,longllmlingua,0.5,10,3.45,34.5,3.825,38.25,-0.375,-3.75
qwen25_15b,292,msc_valid,14,recency,0.5,10,3.7,37.0,3.825,38.25,-0.125,-1.25
qwen25_15b,292,msc_valid,14,lexical_tfidf,0.5,10,4.025,40.25,3.825,38.25,0.20000000000000018,2.0
qwen25_15b,292,msc_valid,14,recency_keep_compress_drop,0.5,10,3.675,36.75,3.825,38.25,-0.15000000000000036,-1.5
qwen25_15b,323,msc_valid,4,uniform,0.2,19,3.8947368421052633,74.0,3.8684210526315788,73.5,0.026315789473684514,0.5
qwen25_15b,323,msc_valid,4,longllmlingua,0.2,19,3.6052631578947367,68.5,3.8684210526315788,73.5,-0.26315789473684204,-5.0
qwen25_15b,323,msc_valid,4,recency,0.2,19,3.8947368421052633,74.0,3.8684210526315788,73.5,0.026315789473684514,0.5
qwen25_15b,323,msc_valid,4,lexical_tfidf,0.2,19,3.8947368421052633,74.0,3.8684210526315788,73.5,0.026315789473684514,0.5
qwen25_15b,323,msc_valid,4,recency_keep_compress_drop,0.2,19,3.8947368421052633,74.0,3.8684210526315788,73.5,0.026315789473684514,0.5
qwen25_15b,323,msc_valid,4,uniform,0.35,19,3.9210526315789473,74.5,3.8684210526315788,73.5,0.052631578947368585,1.0
qwen25_15b,323,msc_valid,4,longllmlingua,0.35,19,3.6842105263157894,70.0,3.8684210526315788,73.5,-0.18421052631578938,-3.5
qwen25_15b,323,msc_valid,4,recency,0.35,19,3.9210526315789473,74.5,3.8684210526315788,73.5,0.052631578947368585,1.0
qwen25_15b,323,msc_valid,4,lexical_tfidf,0.35,19,3.9210526315789473,74.5,3.8684210526315788,73.5,0.052631578947368585,1.0
qwen25_15b,323,msc_valid,4,recency_keep_compress_drop,0.35,19,3.9210526315789473,74.5,3.8684210526315788,73.5,0.052631578947368585,1.0
qwen25_15b,323,msc_valid,4,uniform,0.5,19,3.9210526315789473,74.5,3.8684210526315788,73.5,0.052631578947368585,1.0
qwen25_15b,323,msc_valid,4,longllmlingua,0.5,19,3.6578947368421053,69.5,3.8684210526315788,73.5,-0.21052631578947345,-4.0
qwen25_15b,323,msc_valid,4,recency,0.5,19,3.9210526315789473,74.5,3.8684210526315788,73.5,0.052631578947368585,1.0
qwen25_15b,323,msc_valid,4,lexical_tfidf,0.5,19,3.9210526315789473,74.5,3.8684210526315788,73.5,0.052631578947368585,1.0
qwen25_15b,323,msc_valid,4,recency_keep_compress_drop,0.5,19,3.9210526315789473,74.5,3.8684210526315788,73.5,0.052631578947368585,1.0
qwen25_15b,323,msc_valid,6,uniform,0.2,10,3.8,38.0,3.375,33.75,0.4249999999999998,4.25
qwen25_15b,323,msc_valid,6,longllmlingua,0.2,10,3.225,32.25,3.375,33.75,-0.1499999999999999,-1.5
qwen25_15b,323,msc_valid,6,recency,0.2,10,3.8,38.0,3.375,33.75,0.4249999999999998,4.25
qwen25_15b,323,msc_valid,6,lexical_tfidf,0.2,10,3.8,38.0,3.375,33.75,0.4249999999999998,4.25
qwen25_15b,323,msc_valid,6,recency_keep_compress_drop,0.2,10,3.8,38.0,3.375,33.75,0.4249999999999998,4.25
qwen25_15b,323,msc_valid,6,uniform,0.35,10,3.8,38.0,3.375,33.75,0.4249999999999998,4.25
qwen25_15b,323,msc_valid,6,longllmlingua,0.35,10,3.25,32.5,3.375,33.75,-0.125,-1.25
qwen25_15b,323,msc_valid,6,recency,0.35,10,3.65,36.5,3.375,33.75,0.2749999999999999,2.75
qwen25_15b,323,msc_valid,6,lexical_tfidf,0.35,10,3.65,36.5,3.375,33.75,0.2749999999999999,2.75
qwen25_15b,323,msc_valid,6,recency_keep_compress_drop,0.35,10,3.65,36.5,3.375,33.75,0.2749999999999999,2.75
qwen25_15b,323,msc_valid,6,uniform,0.5,10,3.675,36.75,3.375,33.75,0.2999999999999998,3.0
qwen25_15b,323,msc_valid,6,longllmlingua,0.5,10,3.325,33.25,3.375,33.75,-0.04999999999999982,-0.5
qwen25_15b,323,msc_valid,6,recency,0.5,10,3.5,35.0,3.375,33.75,0.125,1.25
qwen25_15b,323,msc_valid,6,lexical_tfidf,0.5,10,3.65,36.5,3.375,33.75,0.2749999999999999,2.75
qwen25_15b,323,msc_valid,6,recency_keep_compress_drop,0.5,10,3.65,36.5,3.375,33.75,0.2749999999999999,2.75
qwen25_15b,323,msc_valid,8,uniform,0.2,11,4.318181818181818,47.5,3.6136363636363638,39.75,0.7045454545454546,7.75
qwen25_15b,323,msc_valid,8,longllmlingua,0.2,11,3.6363636363636362,40.0,3.6136363636363638,39.75,0.022727272727272485,0.25
qwen25_15b,323,msc_valid,8,recency,0.2,11,4.113636363636363,45.25,3.6136363636363638,39.75,0.49999999999999956,5.5
qwen25_15b,323,msc_valid,8,lexical_tfidf,0.2,11,4.204545454545454,46.25,3.6136363636363638,39.75,0.5909090909090904,6.5
qwen25_15b,323,msc_valid,8,recency_keep_compress_drop,0.2,11,4.113636363636363,45.25,3.6136363636363638,39.75,0.49999999999999956,5.5
qwen25_15b,323,msc_valid,8,uniform,0.35,11,4.136363636363637,45.5,3.6136363636363638,39.75,0.5227272727272729,5.75
qwen25_15b,323,msc_valid,8,longllmlingua,0.35,11,3.6818181818181817,40.5,3.6136363636363638,39.75,0.0681818181818179,0.75
qwen25_15b,323,msc_valid,8,recency,0.35,11,3.9545454545454546,43.5,3.6136363636363638,39.75,0.34090909090909083,3.75
qwen25_15b,323,msc_valid,8,lexical_tfidf,0.35,11,3.9545454545454546,43.5,3.6136363636363638,39.75,0.34090909090909083,3.75
qwen25_15b,323,msc_valid,8,recency_keep_compress_drop,0.35,11,3.977272727272727,43.75,3.6136363636363638,39.75,0.3636363636363633,4.0
qwen25_15b,323,msc_valid,8,uniform,0.5,11,4.136363636363637,45.5,3.6136363636363638,39.75,0.5227272727272729,5.75
qwen25_15b,323,msc_valid,8,longllmlingua,0.5,11,3.477272727272727,38.25,3.6136363636363638,39.75,-0.1363636363636367,-1.5
qwen25_15b,323,msc_valid,8,recency,0.5,11,3.840909090909091,42.25,3.6136363636363638,39.75,0.22727272727272707,2.5
qwen25_15b,323,msc_valid,8,lexical_tfidf,0.5,11,3.840909090909091,42.25,3.6136363636363638,39.75,0.22727272727272707,2.5
qwen25_15b,323,msc_valid,8,recency_keep_compress_drop,0.5,11,4.0227272727272725,44.25,3.6136363636363638,39.75,0.4090909090909087,4.5
qwen25_15b,323,msc_valid,10,uniform,0.2,11,3.590909090909091,39.5,2.897727272727273,31.875,0.6931818181818179,7.625
qwen25_15b,323,msc_valid,10,longllmlingua,0.2,11,3.25,35.75,2.897727272727273,31.875,0.35227272727272707,3.875
qwen25_15b,323,msc_valid,10,recency,0.2,11,3.7954545454545454,41.75,2.897727272727273,31.875,0.8977272727272725,9.875
qwen25_15b,323,msc_valid,10,lexical_tfidf,0.2,11,3.590909090909091,39.5,2.897727272727273,31.875,0.6931818181818179,7.625
qwen25_15b,323,msc_valid,10,recency_keep_compress_drop,0.2,11,3.6818181818181817,40.5,2.897727272727273,31.875,0.7840909090909087,8.625
qwen25_15b,323,msc_valid,10,uniform,0.35,11,3.4318181818181817,37.75,2.897727272727273,31.875,0.5340909090909087,5.875
qwen25_15b,323,msc_valid,10,longllmlingua,0.35,11,3.227272727272727,35.5,2.897727272727273,31.875,0.32954545454545414,3.625
qwen25_15b,323,msc_valid,10,recency,0.35,11,3.7045454545454546,40.75,2.897727272727273,31.875,0.8068181818181817,8.875
qwen25_15b,323,msc_valid,10,lexical_tfidf,0.35,11,3.4318181818181817,37.75,2.897727272727273,31.875,0.5340909090909087,5.875
qwen25_15b,323,msc_valid,10,recency_keep_compress_drop,0.35,11,3.6363636363636362,40.0,2.897727272727273,31.875,0.7386363636363633,8.125
qwen25_15b,323,msc_valid,10,uniform,0.5,11,3.3636363636363638,37.0,2.897727272727273,31.875,0.46590909090909083,5.125
qwen25_15b,323,msc_valid,10,longllmlingua,0.5,11,2.7954545454545454,30.75,2.897727272727273,31.875,-0.10227272727272751,-1.125
qwen25_15b,323,msc_valid,10,recency,0.5,11,3.4545454545454546,38.0,2.897727272727273,31.875,0.5568181818181817,6.125
qwen25_15b,323,msc_valid,10,lexical_tfidf,0.5,11,2.852272727272727,31.375,2.897727272727273,31.875,-0.04545454545454586,-0.5
qwen25_15b,323,msc_valid,10,recency_keep_compress_drop,0.5,11,2.7954545454545454,30.75,2.897727272727273,31.875,-0.10227272727272751,-1.125
qwen25_15b,323,msc_valid,12,uniform,0.2,13,3.0576923076923075,39.75,2.173076923076923,28.25,0.8846153846153846,11.5
qwen25_15b,323,msc_valid,12,longllmlingua,0.2,13,2.730769230769231,35.5,2.173076923076923,28.25,0.5576923076923079,7.25
qwen25_15b,323,msc_valid,12,recency,0.2,13,2.8461538461538463,37.0,2.173076923076923,28.25,0.6730769230769234,8.75
qwen25_15b,323,msc_valid,12,lexical_tfidf,0.2,13,3.0961538461538463,40.25,2.173076923076923,28.25,0.9230769230769234,12.0
qwen25_15b,323,msc_valid,12,recency_keep_compress_drop,0.2,13,2.8461538461538463,37.0,2.173076923076923,28.25,0.6730769230769234,8.75
qwen25_15b,323,msc_valid,12,uniform,0.35,13,2.8846153846153846,37.5,2.173076923076923,28.25,0.7115384615384617,9.25
qwen25_15b,323,msc_valid,12,longllmlingua,0.35,13,2.6346153846153846,34.25,2.173076923076923,28.25,0.4615384615384617,6.0
qwen25_15b,323,msc_valid,12,recency,0.35,13,2.5576923076923075,33.25,2.173076923076923,28.25,0.3846153846153846,5.0
qwen25_15b,323,msc_valid,12,lexical_tfidf,0.35,13,2.8461538461538463,37.0,2.173076923076923,28.25,0.6730769230769234,8.75
qwen25_15b,323,msc_valid,12,recency_keep_compress_drop,0.35,13,2.6923076923076925,35.0,2.173076923076923,28.25,0.5192307692307696,6.75
qwen25_15b,323,msc_valid,12,uniform,0.5,13,2.8846153846153846,37.5,2.173076923076923,28.25,0.7115384615384617,9.25
qwen25_15b,323,msc_valid,12,longllmlingua,0.5,13,2.423076923076923,31.5,2.173076923076923,28.25,0.25,3.25
qwen25_15b,323,msc_valid,12,recency,0.5,13,2.5384615384615383,33.0,2.173076923076923,28.25,0.3653846153846154,4.75
qwen25_15b,323,msc_valid,12,lexical_tfidf,0.5,13,2.6346153846153846,34.25,2.173076923076923,28.25,0.4615384615384617,6.0
qwen25_15b,323,msc_valid,12,recency_keep_compress_drop,0.5,13,2.6153846153846154,34.0,2.173076923076923,28.25,0.4423076923076925,5.75
qwen25_15b,323,msc_valid,14,uniform,0.2,11,4.2272727272727275,46.5,2.227272727272727,24.5,2.0000000000000004,22.0
qwen25_15b,323,msc_valid,14,longllmlingua,0.2,11,3.5454545454545454,39.0,2.227272727272727,24.5,1.3181818181818183,14.5
qwen25_15b,323,msc_valid,14,recency,0.2,11,3.227272727272727,35.5,2.227272727272727,24.5,1.0,11.0
qwen25_15b,323,msc_valid,14,lexical_tfidf,0.2,11,3.977272727272727,43.75,2.227272727272727,24.5,1.75,19.25
qwen25_15b,323,msc_valid,14,recency_keep_compress_drop,0.2,11,3.227272727272727,35.5,2.227272727272727,24.5,1.0,11.0
qwen25_15b,323,msc_valid,14,uniform,0.35,11,3.477272727272727,38.25,2.227272727272727,24.5,1.25,13.75
qwen25_15b,323,msc_valid,14,longllmlingua,0.35,11,3.3636363636363638,37.0,2.227272727272727,24.5,1.1363636363636367,12.5
qwen25_15b,323,msc_valid,14,recency,0.35,11,3.1136363636363638,34.25,2.227272727272727,24.5,0.8863636363636367,9.75
qwen25_15b,323,msc_valid,14,lexical_tfidf,0.35,11,3.5,38.5,2.227272727272727,24.5,1.272727272727273,14.0
qwen25_15b,323,msc_valid,14,recency_keep_compress_drop,0.35,11,3.1136363636363638,34.25,2.227272727272727,24.5,0.8863636363636367,9.75
qwen25_15b,323,msc_valid,14,uniform,0.5,11,3.2045454545454546,35.25,2.227272727272727,24.5,0.9772727272727275,10.75
qwen25_15b,323,msc_valid,14,longllmlingua,0.5,11,2.8636363636363638,31.5,2.227272727272727,24.5,0.6363636363636367,7.0
qwen25_15b,323,msc_valid,14,recency,0.5,11,3.0,33.0,2.227272727272727,24.5,0.7727272727272729,8.5
qwen25_15b,323,msc_valid,14,lexical_tfidf,0.5,11,3.2045454545454546,35.25,2.227272727272727,24.5,0.9772727272727275,10.75
qwen25_15b,323,msc_valid,14,recency_keep_compress_drop,0.5,11,2.875,31.625,2.227272727272727,24.5,0.6477272727272729,7.125
qwen25_15b,347,msc_valid,4,uniform,0.2,15,4.033333333333333,60.5,3.2,48.0,0.833333333333333,12.5
qwen25_15b,347,msc_valid,4,longllmlingua,0.2,15,3.433333333333333,51.5,3.2,48.0,0.23333333333333295,3.5
qwen25_15b,347,msc_valid,4,recency,0.2,15,4.033333333333333,60.5,3.2,48.0,0.833333333333333,12.5
qwen25_15b,347,msc_valid,4,lexical_tfidf,0.2,15,4.033333333333333,60.5,3.2,48.0,0.833333333333333,12.5
qwen25_15b,347,msc_valid,4,recency_keep_compress_drop,0.2,15,4.033333333333333,60.5,3.2,48.0,0.833333333333333,12.5
qwen25_15b,347,msc_valid,4,uniform,0.35,15,3.433333333333333,51.5,3.2,48.0,0.23333333333333295,3.5
qwen25_15b,347,msc_valid,4,longllmlingua,0.35,15,3.2,48.0,3.2,48.0,0.0,0.0
qwen25_15b,347,msc_valid,4,recency,0.35,15,3.433333333333333,51.5,3.2,48.0,0.23333333333333295,3.5
qwen25_15b,347,msc_valid,4,lexical_tfidf,0.35,15,3.433333333333333,51.5,3.2,48.0,0.23333333333333295,3.5
qwen25_15b,347,msc_valid,4,recency_keep_compress_drop,0.35,15,3.433333333333333,51.5,3.2,48.0,0.23333333333333295,3.5
qwen25_15b,347,msc_valid,4,uniform,0.5,15,3.433333333333333,51.5,3.2,48.0,0.23333333333333295,3.5
qwen25_15b,347,msc_valid,4,longllmlingua,0.5,15,3.183333333333333,47.75,3.2,48.0,-0.01666666666666705,-0.25
qwen25_15b,347,msc_valid,4,recency,0.5,15,3.433333333333333,51.5,3.2,48.0,0.23333333333333295,3.5
qwen25_15b,347,msc_valid,4,lexical_tfidf,0.5,15,3.433333333333333,51.5,3.2,48.0,0.23333333333333295,3.5
qwen25_15b,347,msc_valid,4,recency_keep_compress_drop,0.5,15,3.433333333333333,51.5,3.2,48.0,0.23333333333333295,3.5
qwen25_15b,347,msc_valid,8,uniform,0.2,13,4.076923076923077,53.0,3.423076923076923,44.5,0.6538461538461537,8.5
qwen25_15b,347,msc_valid,8,longllmlingua,0.2,13,3.75,48.75,3.423076923076923,44.5,0.3269230769230771,4.25
qwen25_15b,347,msc_valid,8,recency,0.2,13,4.096153846153846,53.25,3.423076923076923,44.5,0.6730769230769229,8.75
qwen25_15b,347,msc_valid,8,lexical_tfidf,0.2,13,4.038461538461538,52.5,3.423076923076923,44.5,0.6153846153846154,8.0
qwen25_15b,347,msc_valid,8,recency_keep_compress_drop,0.2,13,4.096153846153846,53.25,3.423076923076923,44.5,0.6730769230769229,8.75
qwen25_15b,347,msc_valid,8,uniform,0.35,13,4.0,52.0,3.423076923076923,44.5,0.5769230769230771,7.5
qwen25_15b,347,msc_valid,8,longllmlingua,0.35,13,3.673076923076923,47.75,3.423076923076923,44.5,0.25,3.25
qwen25_15b,347,msc_valid,8,recency,0.35,13,3.75,48.75,3.423076923076923,44.5,0.3269230769230771,4.25
qwen25_15b,347,msc_valid,8,lexical_tfidf,0.35,13,3.9038461538461537,50.75,3.423076923076923,44.5,0.48076923076923084,6.25
qwen25_15b,347,msc_valid,8,recency_keep_compress_drop,0.35,13,3.8846153846153846,50.5,3.423076923076923,44.5,0.4615384615384617,6.0
qwen25_15b,347,msc_valid,8,uniform,0.5,13,3.75,48.75,3.423076923076923,44.5,0.3269230769230771,4.25
qwen25_15b,347,msc_valid,8,longllmlingua,0.5,13,3.6923076923076925,48.0,3.423076923076923,44.5,0.2692307692307696,3.5
qwen25_15b,347,msc_valid,8,recency,0.5,13,3.673076923076923,47.75,3.423076923076923,44.5,0.25,3.25
qwen25_15b,347,msc_valid,8,lexical_tfidf,0.5,13,3.9423076923076925,51.25,3.423076923076923,44.5,0.5192307692307696,6.75
qwen25_15b,347,msc_valid,8,recency_keep_compress_drop,0.5,13,3.8076923076923075,49.5,3.423076923076923,44.5,0.3846153846153846,5.0
qwen25_15b,347,msc_valid,10,uniform,0.2,13,4.211538461538462,54.75,3.8846153846153846,50.5,0.3269230769230771,4.25
qwen25_15b,347,msc_valid,10,longllmlingua,0.2,13,4.038461538461538,52.5,3.8846153846153846,50.5,0.15384615384615374,2.0
qwen25_15b,347,msc_valid,10,recency,0.2,13,4.269230769230769,55.5,3.8846153846153846,50.5,0.3846153846153846,5.0
qwen25_15b,347,msc_valid,10,lexical_tfidf,0.2,13,4.25,55.25,3.8846153846153846,50.5,0.3653846153846154,4.75
qwen25_15b,347,msc_valid,10,recency_keep_compress_drop,0.2,13,4.25,55.25,3.8846153846153846,50.5,0.3653846153846154,4.75
qwen25_15b,347,msc_valid,10,uniform,0.35,13,4.384615384615385,57.0,3.8846153846153846,50.5,0.5000000000000004,6.5
qwen25_15b,347,msc_valid,10,longllmlingua,0.35,13,3.980769230769231,51.75,3.8846153846153846,50.5,0.09615384615384626,1.25
qwen25_15b,347,msc_valid,10,recency,0.35,13,4.211538461538462,54.75,3.8846153846153846,50.5,0.3269230769230771,4.25
qwen25_15b,347,msc_valid,10,lexical_tfidf,0.35,13,4.0576923076923075,52.75,3.8846153846153846,50.5,0.1730769230769229,2.25
qwen25_15b,347,msc_valid,10,recency_keep_compress_drop,0.35,13,3.923076923076923,51.0,3.8846153846153846,50.5,0.038461538461538325,0.5
qwen25_15b,347,msc_valid,10,uniform,0.5,13,4.076923076923077,53.0,3.8846153846153846,50.5,0.19230769230769207,2.5
qwen25_15b,347,msc_valid,10,longllmlingua,0.5,13,3.980769230769231,51.75,3.8846153846153846,50.5,0.09615384615384626,1.25
qwen25_15b,347,msc_valid,10,recency,0.5,13,4.25,55.25,3.8846153846153846,50.5,0.3653846153846154,4.75
qwen25_15b,347,msc_valid,10,lexical_tfidf,0.5,13,3.980769230769231,51.75,3.8846153846153846,50.5,0.09615384615384626,1.25
qwen25_15b,347,msc_valid,10,recency_keep_compress_drop,0.5,13,3.8653846153846154,50.25,3.8846153846153846,50.5,-0.019230769230769162,-0.25
qwen25_15b,347,msc_valid,14,uniform,0.2,34,3.9705882352941178,135.0,3.4411764705882355,117.0,0.5294117647058822,18.0
qwen25_15b,347,msc_valid,14,longllmlingua,0.2,34,3.3676470588235294,114.5,3.4411764705882355,117.0,-0.07352941176470607,-2.5
qwen25_15b,347,msc_valid,14,recency,0.2,34,3.7941176470588234,129.0,3.4411764705882355,117.0,0.35294117647058787,12.0
qwen25_15b,347,msc_valid,14,lexical_tfidf,0.2,34,3.8823529411764706,132.0,3.4411764705882355,117.0,0.44117647058823506,15.0
qwen25_15b,347,msc_valid,14,recency_keep_compress_drop,0.2,34,3.7941176470588234,129.0,3.4411764705882355,117.0,0.35294117647058787,12.0
qwen25_15b,347,msc_valid,14,uniform,0.35,34,3.588235294117647,122.0,3.4411764705882355,117.0,0.1470588235294117,5.0
qwen25_15b,347,msc_valid,14,longllmlingua,0.35,34,3.2941176470588234,112.0,3.4411764705882355,117.0,-0.14705882352941213,-5.0
qwen25_15b,347,msc_valid,14,recency,0.35,34,3.7941176470588234,129.0,3.4411764705882355,117.0,0.35294117647058787,12.0
qwen25_15b,347,msc_valid,14,lexical_tfidf,0.35,34,3.6323529411764706,123.5,3.4411764705882355,117.0,0.19117647058823506,6.5
qwen25_15b,347,msc_valid,14,recency_keep_compress_drop,0.35,34,3.7058823529411766,126.0,3.4411764705882355,117.0,0.2647058823529411,9.0
qwen25_15b,347,msc_valid,14,uniform,0.5,34,3.588235294117647,122.0,3.4411764705882355,117.0,0.1470588235294117,5.0
qwen25_15b,347,msc_valid,14,longllmlingua,0.5,34,3.3823529411764706,115.0,3.4411764705882355,117.0,-0.05882352941176494,-2.0
qwen25_15b,347,msc_valid,14,recency,0.5,34,3.6029411764705883,122.5,3.4411764705882355,117.0,0.1617647058823528,5.5
qwen25_15b,347,msc_valid,14,lexical_tfidf,0.5,34,3.5294117647058822,120.0,3.4411764705882355,117.0,0.08823529411764675,3.0
qwen25_15b,347,msc_valid,14,recency_keep_compress_drop,0.5,34,3.5588235294117645,121.0,3.4411764705882355,117.0,0.117647058823529,4.0
qwen25_15b,347,msc_valid,18,uniform,0.2,36,2.8055555555555554,101.0,2.5833333333333335,93.0,0.22222222222222188,8.0
qwen25_15b,347,msc_valid,18,longllmlingua,0.2,36,2.9166666666666665,105.0,2.5833333333333335,93.0,0.33333333333333304,12.0
qwen25_15b,347,msc_valid,18,recency,0.2,36,3.0833333333333335,111.0,2.5833333333333335,93.0,0.5,18.0
qwen25_15b,347,msc_valid,18,lexical_tfidf,0.2,36,2.861111111111111,103.0,2.5833333333333335,93.0,0.2777777777777777,10.0
qwen25_15b,347,msc_valid,18,recency_keep_compress_drop,0.2,36,3.0555555555555554,110.0,2.5833333333333335,93.0,0.4722222222222219,17.0
qwen25_15b,347,msc_valid,18,uniform,0.35,36,2.8472222222222223,102.5,2.5833333333333335,93.0,0.26388888888888884,9.5
qwen25_15b,347,msc_valid,18,longllmlingua,0.35,36,2.8194444444444446,101.5,2.5833333333333335,93.0,0.23611111111111116,8.5
qwen25_15b,347,msc_valid,18,recency,0.35,36,3.0277777777777777,109.0,2.5833333333333335,93.0,0.4444444444444442,16.0
qwen25_15b,347,msc_valid,18,lexical_tfidf,0.35,36,2.75,99.0,2.5833333333333335,93.0,0.16666666666666652,6.0
qwen25_15b,347,msc_valid,18,recency_keep_compress_drop,0.35,36,2.8472222222222223,102.5,2.5833333333333335,93.0,0.26388888888888884,9.5
qwen25_15b,347,msc_valid,18,uniform,0.5,36,2.8472222222222223,102.5,2.5833333333333335,93.0,0.26388888888888884,9.5
qwen25_15b,347,msc_valid,18,longllmlingua,0.5,36,2.638888888888889,95.0,2.5833333333333335,93.0,0.05555555555555536,2.0
qwen25_15b,347,msc_valid,18,recency,0.5,36,2.9166666666666665,105.0,2.5833333333333335,93.0,0.33333333333333304,12.0
qwen25_15b,347,msc_valid,18,lexical_tfidf,0.5,36,2.7777777777777777,100.0,2.5833333333333335,93.0,0.1944444444444442,7.0
qwen25_15b,347,msc_valid,18,recency_keep_compress_drop,0.5,36,2.5972222222222223,93.5,2.5833333333333335,93.0,0.01388888888888884,0.5
qwen25_15b,347,msc_valid,22,uniform,0.2,22,3.7045454545454546,81.5,3.75,82.5,-0.045454545454545414,-1.0
qwen25_15b,347,msc_valid,22,longllmlingua,0.2,22,3.727272727272727,82.0,3.75,82.5,-0.02272727272727293,-0.5
qwen25_15b,347,msc_valid,22,recency,0.2,22,3.7954545454545454,83.5,3.75,82.5,0.045454545454545414,1.0
qwen25_15b,347,msc_valid,22,lexical_tfidf,0.2,22,3.590909090909091,79.0,3.75,82.5,-0.15909090909090917,-3.5
qwen25_15b,347,msc_valid,22,recency_keep_compress_drop,0.2,22,3.727272727272727,82.0,3.75,82.5,-0.02272727272727293,-0.5
qwen25_15b,347,msc_valid,22,uniform,0.35,22,3.6818181818181817,81.0,3.75,82.5,-0.06818181818181834,-1.5
qwen25_15b,347,msc_valid,22,longllmlingua,0.35,22,3.75,82.5,3.75,82.5,0.0,0.0
qwen25_15b,347,msc_valid,22,recency,0.35,22,3.7045454545454546,81.5,3.75,82.5,-0.045454545454545414,-1.0
qwen25_15b,347,msc_valid,22,lexical_tfidf,0.35,22,3.659090909090909,80.5,3.75,82.5,-0.09090909090909083,-2.0
qwen25_15b,347,msc_valid,22,recency_keep_compress_drop,0.35,22,3.8181818181818183,84.0,3.75,82.5,0.06818181818181834,1.5
qwen25_15b,347,msc_valid,22,uniform,0.5,22,3.590909090909091,79.0,3.75,82.5,-0.15909090909090917,-3.5
qwen25_15b,347,msc_valid,22,longllmlingua,0.5,22,3.75,82.5,3.75,82.5,0.0,0.0
qwen25_15b,347,msc_valid,22,recency,0.5,22,3.727272727272727,82.0,3.75,82.5,-0.02272727272727293,-0.5
qwen25_15b,347,msc_valid,22,lexical_tfidf,0.5,22,3.7954545454545454,83.5,3.75,82.5,0.045454545454545414,1.0
qwen25_15b,347,msc_valid,22,recency_keep_compress_drop,0.5,22,3.7954545454545454,83.5,3.75,82.5,0.045454545454545414,1.0
qwen25_15b,347,msc_valid,24,uniform,0.2,40,3.0125,120.5,2.7125,108.5,0.30000000000000027,12.0
qwen25_15b,347,msc_valid,24,longllmlingua,0.2,40,2.925,117.0,2.7125,108.5,0.2124999999999999,8.5
qwen25_15b,347,msc_valid,24,recency,0.2,40,2.9375,117.5,2.7125,108.5,0.2250000000000001,9.0
qwen25_15b,347,msc_valid,24,lexical_tfidf,0.2,40,3.0125,120.5,2.7125,108.5,0.30000000000000027,12.0
qwen25_15b,347,msc_valid,24,recency_keep_compress_drop,0.2,40,2.975,119.0,2.7125,108.5,0.2625000000000002,10.5
qwen25_15b,347,msc_valid,24,uniform,0.35,40,2.9375,117.5,2.7125,108.5,0.2250000000000001,9.0
qwen25_15b,347,msc_valid,24,longllmlingua,0.35,40,2.825,113.0,2.7125,108.5,0.11250000000000027,4.5
qwen25_15b,347,msc_valid,24,recency,0.35,40,2.925,117.0,2.7125,108.5,0.2124999999999999,8.5
qwen25_15b,347,msc_valid,24,lexical_tfidf,0.35,40,2.9,116.0,2.7125,108.5,0.1875,7.5
qwen25_15b,347,msc_valid,24,recency_keep_compress_drop,0.35,40,2.8,112.0,2.7125,108.5,0.08749999999999991,3.5
qwen25_15b,347,msc_valid,24,uniform,0.5,40,2.825,113.0,2.7125,108.5,0.11250000000000027,4.5
qwen25_15b,347,msc_valid,24,longllmlingua,0.5,40,2.8375,113.5,2.7125,108.5,0.125,5.0
qwen25_15b,347,msc_valid,24,recency,0.5,40,2.8625,114.5,2.7125,108.5,0.1499999999999999,6.0
qwen25_15b,347,msc_valid,24,lexical_tfidf,0.5,40,2.8625,114.5,2.7125,108.5,0.1499999999999999,6.0
qwen25_15b,347,msc_valid,24,recency_keep_compress_drop,0.5,40,2.7,108.0,2.7125,108.5,-0.012499999999999734,-0.5
qwen25_15b,347,msc_valid,28,uniform,0.2,55,2.2454545454545456,123.5,2.1272727272727274,117.0,0.11818181818181817,6.5
qwen25_15b,347,msc_valid,28,longllmlingua,0.2,55,2.0545454545454547,113.0,2.1272727272727274,117.0,-0.07272727272727275,-4.0
qwen25_15b,347,msc_valid,28,recency,0.2,55,2.081818181818182,114.5,2.1272727272727274,117.0,-0.045454545454545414,-2.5
qwen25_15b,347,msc_valid,28,lexical_tfidf,0.2,55,2.118181818181818,116.5,2.1272727272727274,117.0,-0.00909090909090926,-0.5
qwen25_15b,347,msc_valid,28,recency_keep_compress_drop,0.2,55,2.1363636363636362,117.5,2.1272727272727274,117.0,0.009090909090908816,0.5
qwen25_15b,347,msc_valid,28,uniform,0.35,55,2.036363636363636,112.0,2.1272727272727274,117.0,-0.09090909090909127,-5.0
qwen25_15b,347,msc_valid,28,longllmlingua,0.35,55,2.0636363636363635,113.5,2.1272727272727274,117.0,-0.06363636363636394,-3.5
qwen25_15b,347,msc_valid,28,recency,0.35,55,2.190909090909091,120.5,2.1272727272727274,117.0,0.06363636363636349,3.5
qwen25_15b,347,msc_valid,28,lexical_tfidf,0.35,55,2.1636363636363636,119.0,2.1272727272727274,117.0,0.036363636363636154,2.0
qwen25_15b,347,msc_valid,28,recency_keep_compress_drop,0.35,55,2.1545454545454548,118.5,2.1272727272727274,117.0,0.027272727272727337,1.5
qwen25_15b,347,msc_valid,28,uniform,0.5,55,2.0,110.0,2.1272727272727274,117.0,-0.12727272727272743,-7.0
qwen25_15b,347,msc_valid,28,longllmlingua,0.5,55,2.0636363636363635,113.5,2.1272727272727274,117.0,-0.06363636363636394,-3.5
qwen25_15b,347,msc_valid,28,recency,0.5,55,2.227272727272727,122.5,2.1272727272727274,117.0,0.09999999999999964,5.5
qwen25_15b,347,msc_valid,28,lexical_tfidf,0.5,55,2.109090909090909,116.0,2.1272727272727274,117.0,-0.01818181818181852,-1.0
qwen25_15b,347,msc_valid,28,recency_keep_compress_drop,0.5,55,2.1363636363636362,117.5,2.1272727272727274,117.0,0.009090909090908816,0.5
qwen25_15b,347,msc_valid,32,uniform,0.2,31,2.8870967741935485,89.5,0.0,0.0,2.8870967741935485,89.5
qwen25_15b,347,msc_valid,32,longllmlingua,0.2,31,2.9193548387096775,90.5,0.0,0.0,2.9193548387096775,90.5
qwen25_15b,347,msc_valid,32,recency,0.2,31,2.7419354838709675,85.0,0.0,0.0,2.7419354838709675,85.0
qwen25_15b,347,msc_valid,32,lexical_tfidf,0.2,31,2.7903225806451615,86.5,0.0,0.0,2.7903225806451615,86.5
qwen25_15b,347,msc_valid,32,recency_keep_compress_drop,0.2,31,2.806451612903226,87.0,0.0,0.0,2.806451612903226,87.0
qwen25_15b,347,msc_valid,32,uniform,0.35,31,2.8548387096774195,88.5,0.0,0.0,2.8548387096774195,88.5
qwen25_15b,347,msc_valid,32,longllmlingua,0.35,31,2.903225806451613,90.0,0.0,0.0,2.903225806451613,90.0
qwen25_15b,347,msc_valid,32,recency,0.35,31,2.7580645161290325,85.5,0.0,0.0,2.7580645161290325,85.5
qwen25_15b,347,msc_valid,32,lexical_tfidf,0.35,31,2.661290322580645,82.5,0.0,0.0,2.661290322580645,82.5
qwen25_15b,347,msc_valid,32,recency_keep_compress_drop,0.35,31,2.8548387096774195,88.5,0.0,0.0,2.8548387096774195,88.5
qwen25_15b,347,msc_valid,32,uniform,0.5,31,2.935483870967742,91.0,0.0,0.0,2.935483870967742,91.0
qwen25_15b,347,msc_valid,32,longllmlingua,0.5,31,2.903225806451613,90.0,0.0,0.0,2.903225806451613,90.0
qwen25_15b,347,msc_valid,32,recency,0.5,31,2.7419354838709675,85.0,0.0,0.0,2.7419354838709675,85.0
qwen25_15b,347,msc_valid,32,lexical_tfidf,0.5,31,2.7419354838709675,85.0,0.0,0.0,2.7419354838709675,85.0
qwen25_15b,347,msc_valid,32,recency_keep_compress_drop,0.5,31,2.8548387096774195,88.5,0.0,0.0,2.8548387096774195,88.5
qwen25_15b,347,msc_valid,36,uniform,0.2,21,4.595238095238095,96.5,0.0,0.0,4.595238095238095,96.5
qwen25_15b,347,msc_valid,36,longllmlingua,0.2,21,3.9523809523809526,83.0,0.0,0.0,3.9523809523809526,83.0
qwen25_15b,347,msc_valid,36,recency,0.2,21,3.3333333333333335,70.0,0.0,0.0,3.3333333333333335,70.0
qwen25_15b,347,msc_valid,36,lexical_tfidf,0.2,21,3.6904761904761907,77.5,0.0,0.0,3.6904761904761907,77.5
qwen25_15b,347,msc_valid,36,recency_keep_compress_drop,0.2,21,3.7142857142857144,78.0,0.0,0.0,3.7142857142857144,78.0
qwen25_15b,347,msc_valid,36,uniform,0.35,21,4.357142857142857,91.5,0.0,0.0,4.357142857142857,91.5
qwen25_15b,347,msc_valid,36,longllmlingua,0.35,21,3.738095238095238,78.5,0.0,0.0,3.738095238095238,78.5
qwen25_15b,347,msc_valid,36,recency,0.35,21,3.2857142857142856,69.0,0.0,0.0,3.2857142857142856,69.0
qwen25_15b,347,msc_valid,36,lexical_tfidf,0.35,21,3.5476190476190474,74.5,0.0,0.0,3.5476190476190474,74.5
qwen25_15b,347,msc_valid,36,recency_keep_compress_drop,0.35,21,3.6666666666666665,77.0,0.0,0.0,3.6666666666666665,77.0
qwen25_15b,347,msc_valid,36,uniform,0.5,21,3.7142857142857144,78.0,0.0,0.0,3.7142857142857144,78.0
qwen25_15b,347,msc_valid,36,longllmlingua,0.5,21,3.5952380952380953,75.5,0.0,0.0,3.5952380952380953,75.5
qwen25_15b,347,msc_valid,36,recency,0.5,21,3.357142857142857,70.5,0.0,0.0,3.357142857142857,70.5
qwen25_15b,347,msc_valid,36,lexical_tfidf,0.5,21,3.5,73.5,0.0,0.0,3.5,73.5
qwen25_15b,347,msc_valid,36,recency_keep_compress_drop,0.5,21,3.6666666666666665,77.0,0.0,0.0,3.6666666666666665,77.0
qwen25_15b,347,msc_valid,38,uniform,0.2,28,3.232142857142857,90.5,0.0,0.0,3.232142857142857,90.5
qwen25_15b,347,msc_valid,38,longllmlingua,0.2,28,3.1785714285714284,89.0,0.0,0.0,3.1785714285714284,89.0
qwen25_15b,347,msc_valid,38,recency,0.2,28,3.142857142857143,88.0,0.0,0.0,3.142857142857143,88.0
qwen25_15b,347,msc_valid,38,lexical_tfidf,0.2,28,3.1785714285714284,89.0,0.0,0.0,3.1785714285714284,89.0
qwen25_15b,347,msc_valid,38,recency_keep_compress_drop,0.2,28,3.1785714285714284,89.0,0.0,0.0,3.1785714285714284,89.0
qwen25_15b,347,msc_valid,38,uniform,0.35,28,3.2142857142857144,90.0,0.0,0.0,3.2142857142857144,90.0
qwen25_15b,347,msc_valid,38,longllmlingua,0.35,28,3.1607142857142856,88.5,0.0,0.0,3.1607142857142856,88.5
qwen25_15b,347,msc_valid,38,recency,0.35,28,3.107142857142857,87.0,0.0,0.0,3.107142857142857,87.0
qwen25_15b,347,msc_valid,38,lexical_tfidf,0.35,28,3.2142857142857144,90.0,0.0,0.0,3.2142857142857144,90.0
qwen25_15b,347,msc_valid,38,recency_keep_compress_drop,0.35,28,3.107142857142857,87.0,0.0,0.0,3.107142857142857,87.0
qwen25_15b,347,msc_valid,38,uniform,0.5,28,3.1785714285714284,89.0,0.0,0.0,3.1785714285714284,89.0
qwen25_15b,347,msc_valid,38,longllmlingua,0.5,28,3.142857142857143,88.0,0.0,0.0,3.142857142857143,88.0
qwen25_15b,347,msc_valid,38,recency,0.5,28,3.0892857142857144,86.5,0.0,0.0,3.0892857142857144,86.5
qwen25_15b,347,msc_valid,38,lexical_tfidf,0.5,28,3.1785714285714284,89.0,0.0,0.0,3.1785714285714284,89.0
qwen25_15b,347,msc_valid,38,recency_keep_compress_drop,0.5,28,3.107142857142857,87.0,0.0,0.0,3.107142857142857,87.0
qwen25_15b,347,msc_valid,42,uniform,0.2,51,2.7058823529411766,138.0,0.0,0.0,2.7058823529411766,138.0
qwen25_15b,347,msc_valid,42,longllmlingua,0.2,51,2.607843137254902,133.0,0.0,0.0,2.607843137254902,133.0
qwen25_15b,347,msc_valid,42,recency,0.2,51,2.6862745098039214,137.0,0.0,0.0,2.6862745098039214,137.0
qwen25_15b,347,msc_valid,42,lexical_tfidf,0.2,51,2.784313725490196,142.0,0.0,0.0,2.784313725490196,142.0
qwen25_15b,347,msc_valid,42,recency_keep_compress_drop,0.2,51,2.588235294117647,132.0,0.0,0.0,2.588235294117647,132.0
qwen25_15b,347,msc_valid,42,uniform,0.35,51,2.6862745098039214,137.0,0.0,0.0,2.6862745098039214,137.0
qwen25_15b,347,msc_valid,42,longllmlingua,0.35,51,2.549019607843137,130.0,0.0,0.0,2.549019607843137,130.0
qwen25_15b,347,msc_valid,42,recency,0.35,51,2.607843137254902,133.0,0.0,0.0,2.607843137254902,133.0
qwen25_15b,347,msc_valid,42,lexical_tfidf,0.35,51,2.7058823529411766,138.0,0.0,0.0,2.7058823529411766,138.0
qwen25_15b,347,msc_valid,42,recency_keep_compress_drop,0.35,51,2.588235294117647,132.0,0.0,0.0,2.588235294117647,132.0
qwen25_15b,347,msc_valid,42,uniform,0.5,51,2.7450980392156863,140.0,0.0,0.0,2.7450980392156863,140.0
qwen25_15b,347,msc_valid,42,longllmlingua,0.5,51,2.549019607843137,130.0,0.0,0.0,2.549019607843137,130.0
qwen25_15b,347,msc_valid,42,recency,0.5,51,2.607843137254902,133.0,0.0,0.0,2.607843137254902,133.0
qwen25_15b,347,msc_valid,42,lexical_tfidf,0.5,51,2.5294117647058822,129.0,0.0,0.0,2.5294117647058822,129.0
qwen25_15b,347,msc_valid,42,recency_keep_compress_drop,0.5,51,2.607843137254902,133.0,0.0,0.0,2.607843137254902,133.0
qwen25_15b,347,msc_valid,46,uniform,0.2,20,2.0875,41.75,0.0,0.0,2.0875,41.75
qwen25_15b,347,msc_valid,46,longllmlingua,0.2,20,1.95,39.0,0.0,0.0,1.95,39.0
qwen25_15b,347,msc_valid,46,recency,0.2,20,1.75,35.0,0.0,0.0,1.75,35.0
qwen25_15b,347,msc_valid,46,lexical_tfidf,0.2,20,1.7,34.0,0.0,0.0,1.7,34.0
qwen25_15b,347,msc_valid,46,recency_keep_compress_drop,0.2,20,1.5875,31.75,0.0,0.0,1.5875,31.75
qwen25_15b,347,msc_valid,46,uniform,0.35,20,2.0375,40.75,0.0,0.0,2.0375,40.75
qwen25_15b,347,msc_valid,46,longllmlingua,0.35,20,1.975,39.5,0.0,0.0,1.975,39.5
qwen25_15b,347,msc_valid,46,recency,0.35,20,1.6,32.0,0.0,0.0,1.6,32.0
qwen25_15b,347,msc_valid,46,lexical_tfidf,0.35,20,1.75,35.0,0.0,0.0,1.75,35.0
qwen25_15b,347,msc_valid,46,recency_keep_compress_drop,0.35,20,1.6125,32.25,0.0,0.0,1.6125,32.25
qwen25_15b,347,msc_valid,46,uniform,0.5,0,0.0,0.0,0.0,0.0,0.0,0.0
qwen25_15b,347,msc_valid,46,longllmlingua,0.5,20,1.925,38.5,0.0,0.0,1.925,38.5
qwen25_15b,347,msc_valid,46,recency,0.5,0,0.0,0.0,0.0,0.0,0.0,0.0
qwen25_15b,347,msc_valid,46,lexical_tfidf,0.5,0,0.0,0.0,0.0,0.0,0.0,0.0
qwen25_15b,347,msc_valid,46,recency_keep_compress_drop,0.5,0,0.0,0.0,0.0,0.0,0.0,0.0
qwen25_15b,347,msc_valid,50,uniform,0.2,42,2.5595238095238093,107.5,0.0,0.0,2.5595238095238093,107.5
qwen25_15b,347,msc_valid,50,longllmlingua,0.2,42,2.8095238095238093,118.0,0.0,0.0,2.8095238095238093,118.0
qwen25_15b,347,msc_valid,50,recency,0.2,42,2.357142857142857,99.0,0.0,0.0,2.357142857142857,99.0
qwen25_15b,347,msc_valid,50,lexical_tfidf,0.2,42,2.3095238095238093,97.0,0.0,0.0,2.3095238095238093,97.0
qwen25_15b,347,msc_valid,50,recency_keep_compress_drop,0.2,42,2.392857142857143,100.5,0.0,0.0,2.392857142857143,100.5
qwen25_15b,347,msc_valid,50,uniform,0.35,42,2.5238095238095237,106.0,0.0,0.0,2.5238095238095237,106.0
qwen25_15b,347,msc_valid,50,longllmlingua,0.35,42,2.6785714285714284,112.5,0.0,0.0,2.6785714285714284,112.5
qwen25_15b,347,msc_valid,50,recency,0.35,0,0.0,0.0,0.0,0.0,0.0,0.0
qwen25_15b,347,msc_valid,50,lexical_tfidf,0.35,22,3.1363636363636362,69.0,0.0,0.0,3.1363636363636362,69.0
qwen25_15b,347,msc_valid,50,recency_keep_compress_drop,0.35,17,3.1323529411764706,53.25,0.0,0.0,3.1323529411764706,53.25
qwen25_15b,347,msc_valid,50,uniform,0.5,0,0.0,0.0,0.0,0.0,0.0,0.0
qwen25_15b,347,msc_valid,50,longllmlingua,0.5,42,2.630952380952381,110.5,0.0,0.0,2.630952380952381,110.5
qwen25_15b,347,msc_valid,50,recency,0.5,0,0.0,0.0,0.0,0.0,0.0,0.0
qwen25_15b,347,msc_valid,50,lexical_tfidf,0.5,0,0.0,0.0,0.0,0.0,0.0,0.0
qwen25_15b,347,msc_valid,50,recency_keep_compress_drop,0.5,0,0.0,0.0,0.0,0.0,0.0,0.0
qwen25_15b,347,msc_valid,52,uniform,0.2,36,3.7222222222222223,134.0,0.0,0.0,3.7222222222222223,134.0
qwen25_15b,347,msc_valid,52,longllmlingua,0.2,36,3.5555555555555554,128.0,0.0,0.0,3.5555555555555554,128.0
qwen25_15b,347,msc_valid,52,recency,0.2,36,3.388888888888889,122.0,0.0,0.0,3.388888888888889,122.0
qwen25_15b,347,msc_valid,52,lexical_tfidf,0.2,36,3.375,121.5,0.0,0.0,3.375,121.5
qwen25_15b,347,msc_valid,52,recency_keep_compress_drop,0.2,36,3.375,121.5,0.0,0.0,3.375,121.5
qwen25_15b,347,msc_valid,52,uniform,0.35,36,3.7777777777777777,136.0,0.0,0.0,3.7777777777777777,136.0
qwen25_15b,347,msc_valid,52,longllmlingua,0.35,36,3.5555555555555554,128.0,0.0,0.0,3.5555555555555554,128.0
qwen25_15b,347,msc_valid,52,recency,0.35,0,0.0,0.0,0.0,0.0,0.0,0.0
qwen25_15b,347,msc_valid,52,lexical_tfidf,0.35,0,0.0,0.0,0.0,0.0,0.0,0.0
qwen25_15b,347,msc_valid,52,recency_keep_compress_drop,0.35,0,0.0,0.0,0.0,0.0,0.0,0.0
qwen25_15b,347,msc_valid,52,uniform,0.5,0,0.0,0.0,0.0,0.0,0.0,0.0
qwen25_15b,347,msc_valid,52,longllmlingua,0.5,36,3.611111111111111,130.0,0.0,0.0,3.611111111111111,130.0
qwen25_15b,347,msc_valid,52,recency,0.5,0,0.0,0.0,0.0,0.0,0.0,0.0
qwen25_15b,347,msc_valid,52,lexical_tfidf,0.5,0,0.0,0.0,0.0,0.0,0.0,0.0
qwen25_15b,347,msc_valid,52,recency_keep_compress_drop,0.5,0,0.0,0.0,0.0,0.0,0.0,0.0
qwen25_15b,347,msc_valid,56,uniform,0.2,18,1.75,31.5,0.0,0.0,1.75,31.5
qwen25_15b,347,msc_valid,56,longllmlingua,0.2,18,1.7152777777777777,30.875,0.0,0.0,1.7152777777777777,30.875
qwen25_15b,347,msc_valid,56,recency,0.2,0,0.0,0.0,0.0,0.0,0.0,0.0
qwen25_15b,347,msc_valid,56,lexical_tfidf,0.2,0,0.0,0.0,0.0,0.0,0.0,0.0
qwen25_15b,347,msc_valid,56,recency_keep_compress_drop,0.2,0,0.0,0.0,0.0,0.0,0.0,0.0
qwen25_15b,347,msc_valid,56,uniform,0.35,18,1.6319444444444444,29.375,0.0,0.0,1.6319444444444444,29.375
qwen25_15b,347,msc_valid,56,longllmlingua,0.35,18,1.6666666666666667,30.0,0.0,0.0,1.6666666666666667,30.0
qwen25_15b,347,msc_valid,56,recency,0.35,0,0.0,0.0,0.0,0.0,0.0,0.0
qwen25_15b,347,msc_valid,56,lexical_tfidf,0.35,0,0.0,0.0,0.0,0.0,0.0,0.0
qwen25_15b,347,msc_valid,56,recency_keep_compress_drop,0.35,0,0.0,0.0,0.0,0.0,0.0,0.0
qwen25_15b,347,msc_valid,56,uniform,0.5,0,0.0,0.0,0.0,0.0,0.0,0.0
qwen25_15b,347,msc_valid,56,longllmlingua,0.5,18,1.6666666666666667,30.0,0.0,0.0,1.6666666666666667,30.0
qwen25_15b,347,msc_valid,56,recency,0.5,0,0.0,0.0,0.0,0.0,0.0,0.0
qwen25_15b,347,msc_valid,56,lexical_tfidf,0.5,0,0.0,0.0,0.0,0.0,0.0,0.0
qwen25_15b,347,msc_valid,56,recency_keep_compress_drop,0.5,0,0.0,0.0,0.0,0.0,0.0,0.0
qwen25_15b,368,msc_valid,4,uniform,0.2,14,4.678571428571429,65.5,4.535714285714286,63.5,0.14285714285714324,2.0
qwen25_15b,368,msc_valid,4,longllmlingua,0.2,14,4.232142857142857,59.25,4.535714285714286,63.5,-0.3035714285714288,-4.25
qwen25_15b,368,msc_valid,4,recency,0.2,14,4.678571428571429,65.5,4.535714285714286,63.5,0.14285714285714324,2.0
qwen25_15b,368,msc_valid,4,lexical_tfidf,0.2,14,4.678571428571429,65.5,4.535714285714286,63.5,0.14285714285714324,2.0
qwen25_15b,368,msc_valid,4,recency_keep_compress_drop,0.2,14,4.678571428571429,65.5,4.535714285714286,63.5,0.14285714285714324,2.0
qwen25_15b,368,msc_valid,4,uniform,0.35,14,4.571428571428571,64.0,4.535714285714286,63.5,0.03571428571428559,0.5
qwen25_15b,368,msc_valid,4,longllmlingua,0.35,14,4.267857142857143,59.75,4.535714285714286,63.5,-0.26785714285714235,-3.75
qwen25_15b,368,msc_valid,4,recency,0.35,14,4.571428571428571,64.0,4.535714285714286,63.5,0.03571428571428559,0.5
qwen25_15b,368,msc_valid,4,lexical_tfidf,0.35,14,4.571428571428571,64.0,4.535714285714286,63.5,0.03571428571428559,0.5
qwen25_15b,368,msc_valid,4,recency_keep_compress_drop,0.35,14,4.571428571428571,64.0,4.535714285714286,63.5,0.03571428571428559,0.5
qwen25_15b,368,msc_valid,4,uniform,0.5,14,4.571428571428571,64.0,4.535714285714286,63.5,0.03571428571428559,0.5
qwen25_15b,368,msc_valid,4,longllmlingua,0.5,14,4.464285714285714,62.5,4.535714285714286,63.5,-0.07142857142857117,-1.0
qwen25_15b,368,msc_valid,4,recency,0.5,14,4.571428571428571,64.0,4.535714285714286,63.5,0.03571428571428559,0.5
qwen25_15b,368,msc_valid,4,lexical_tfidf,0.5,14,4.571428571428571,64.0,4.535714285714286,63.5,0.03571428571428559,0.5
qwen25_15b,368,msc_valid,4,recency_keep_compress_drop,0.5,14,4.571428571428571,64.0,4.535714285714286,63.5,0.03571428571428559,0.5
qwen25_15b,368,msc_valid,8,uniform,0.2,12,3.9166666666666665,47.0,3.7291666666666665,44.75,0.1875,2.25
qwen25_15b,368,msc_valid,8,longllmlingua,0.2,12,3.5,42.0,3.7291666666666665,44.75,-0.22916666666666652,-2.75
qwen25_15b,368,msc_valid,8,recency,0.2,12,3.9583333333333335,47.5,3.7291666666666665,44.75,0.22916666666666696,2.75
qwen25_15b,368,msc_valid,8,lexical_tfidf,0.2,12,3.8958333333333335,46.75,3.7291666666666665,44.75,0.16666666666666696,2.0
qwen25_15b,368,msc_valid,8,recency_keep_compress_drop,0.2,12,3.9583333333333335,47.5,3.7291666666666665,44.75,0.22916666666666696,2.75
qwen25_15b,368,msc_valid,8,uniform,0.35,12,3.9583333333333335,47.5,3.7291666666666665,44.75,0.22916666666666696,2.75
qwen25_15b,368,msc_valid,8,longllmlingua,0.35,12,3.4583333333333335,41.5,3.7291666666666665,44.75,-0.27083333333333304,-3.25
qwen25_15b,368,msc_valid,8,recency,0.35,12,3.875,46.5,3.7291666666666665,44.75,0.14583333333333348,1.75
qwen25_15b,368,msc_valid,8,lexical_tfidf,0.35,12,3.875,46.5,3.7291666666666665,44.75,0.14583333333333348,1.75
qwen25_15b,368,msc_valid,8,recency_keep_compress_drop,0.35,12,3.8541666666666665,46.25,3.7291666666666665,44.75,0.125,1.5
qwen25_15b,368,msc_valid,8,uniform,0.5,12,3.875,46.5,3.7291666666666665,44.75,0.14583333333333348,1.75
qwen25_15b,368,msc_valid,8,longllmlingua,0.5,12,3.3333333333333335,40.0,3.7291666666666665,44.75,-0.39583333333333304,-4.75
qwen25_15b,368,msc_valid,8,recency,0.5,12,3.8125,45.75,3.7291666666666665,44.75,0.08333333333333348,1.0
qwen25_15b,368,msc_valid,8,lexical_tfidf,0.5,12,3.9375,47.25,3.7291666666666665,44.75,0.20833333333333348,2.5
qwen25_15b,368,msc_valid,8,recency_keep_compress_drop,0.5,12,3.7291666666666665,44.75,3.7291666666666665,44.75,0.0,0.0
qwen25_15b,368,msc_valid,12,uniform,0.2,11,2.5795454545454546,28.375,2.625,28.875,-0.045454545454545414,-0.5
qwen25_15b,368,msc_valid,12,longllmlingua,0.2,11,2.7613636363636362,30.375,2.625,28.875,0.13636363636363624,1.5
qwen25_15b,368,msc_valid,12,recency,0.2,11,2.9318181818181817,32.25,2.625,28.875,0.30681818181818166,3.375
qwen25_15b,368,msc_valid,12,lexical_tfidf,0.2,11,2.897727272727273,31.875,2.625,28.875,0.27272727272727293,3.0
qwen25_15b,368,msc_valid,12,recency_keep_compress_drop,0.2,11,2.9545454545454546,32.5,2.625,28.875,0.3295454545454546,3.625
qwen25_15b,368,msc_valid,12,uniform,0.35,11,2.5795454545454546,28.375,2.625,28.875,-0.045454545454545414,-0.5
qwen25_15b,368,msc_valid,12,longllmlingua,0.35,11,2.7386363636363638,30.125,2.625,28.875,0.11363636363636376,1.25
qwen25_15b,368,msc_valid,12,recency,0.35,11,2.7954545454545454,30.75,2.625,28.875,0.17045454545454541,1.875
qwen25_15b,368,msc_valid,12,lexical_tfidf,0.35,11,2.875,31.625,2.625,28.875,0.25,2.75
qwen25_15b,368,msc_valid,12,recency_keep_compress_drop,0.35,11,2.8068181818181817,30.875,2.625,28.875,0.18181818181818166,2.0
qwen25_15b,368,msc_valid,12,uniform,0.5,11,2.522727272727273,27.75,2.625,28.875,-0.10227272727272707,-1.125
qwen25_15b,368,msc_valid,12,longllmlingua,0.5,11,2.8295454545454546,31.125,2.625,28.875,0.20454545454545459,2.25
qwen25_15b,368,msc_valid,12,recency,0.5,11,2.9318181818181817,32.25,2.625,28.875,0.30681818181818166,3.375
qwen25_15b,368,msc_valid,12,lexical_tfidf,0.5,11,2.7386363636363638,30.125,2.625,28.875,0.11363636363636376,1.25
qwen25_15b,368,msc_valid,12,recency_keep_compress_drop,0.5,11,2.7386363636363638,30.125,2.625,28.875,0.11363636363636376,1.25
qwen25_15b,368,msc_valid,16,uniform,0.2,15,4.016666666666667,60.25,3.8833333333333333,58.25,0.1333333333333333,2.0
qwen25_15b,368,msc_valid,16,longllmlingua,0.2,15,3.7,55.5,3.8833333333333333,58.25,-0.18333333333333313,-2.75
qwen25_15b,368,msc_valid,16,recency,0.2,15,4.033333333333333,60.5,3.8833333333333333,58.25,0.1499999999999999,2.25
qwen25_15b,368,msc_valid,16,lexical_tfidf,0.2,15,4.033333333333333,60.5,3.8833333333333333,58.25,0.1499999999999999,2.25
qwen25_15b,368,msc_valid,16,recency_keep_compress_drop,0.2,15,4.033333333333333,60.5,3.8833333333333333,58.25,0.1499999999999999,2.25
qwen25_15b,368,msc_valid,16,uniform,0.35,15,3.9833333333333334,59.75,3.8833333333333333,58.25,0.10000000000000009,1.5
qwen25_15b,368,msc_valid,16,longllmlingua,0.35,15,3.716666666666667,55.75,3.8833333333333333,58.25,-0.16666666666666652,-2.5
qwen25_15b,368,msc_valid,16,recency,0.35,15,4.15,62.25,3.8833333333333333,58.25,0.26666666666666705,4.0
qwen25_15b,368,msc_valid,16,lexical_tfidf,0.35,15,4.05,60.75,3.8833333333333333,58.25,0.16666666666666652,2.5
qwen25_15b,368,msc_valid,16,recency_keep_compress_drop,0.35,15,4.116666666666666,61.75,3.8833333333333333,58.25,0.23333333333333295,3.5
qwen25_15b,368,msc_valid,16,uniform,0.5,15,4.0,60.0,3.8833333333333333,58.25,0.1166666666666667,1.75
qwen25_15b,368,msc_valid,16,longllmlingua,0.5,15,3.65,54.75,3.8833333333333333,58.25,-0.2333333333333334,-3.5
qwen25_15b,368,msc_valid,16,recency,0.5,15,4.183333333333334,62.75,3.8833333333333333,58.25,0.30000000000000027,4.5
qwen25_15b,368,msc_valid,16,lexical_tfidf,0.5,15,3.95,59.25,3.8833333333333333,58.25,0.06666666666666687,1.0
qwen25_15b,368,msc_valid,16,recency_keep_compress_drop,0.5,15,3.9833333333333334,59.75,3.8833333333333333,58.25,0.10000000000000009,1.5
qwen25_15b,368,msc_valid,20,uniform,0.2,19,2.973684210526316,56.5,2.8026315789473686,53.25,0.17105263157894735,3.25
qwen25_15b,368,msc_valid,20,longllmlingua,0.2,19,2.6710526315789473,50.75,2.8026315789473686,53.25,-0.13157894736842124,-2.5
qwen25_15b,368,msc_valid,20,recency,0.2,19,2.789473684210526,53.0,2.8026315789473686,53.25,-0.01315789473684248,-0.25
qwen25_15b,368,msc_valid,20,lexical_tfidf,0.2,19,2.8684210526315788,54.5,2.8026315789473686,53.25,0.06578947368421018,1.25
qwen25_15b,368,msc_valid,20,recency_keep_compress_drop,0.2,19,3.013157894736842,57.25,2.8026315789473686,53.25,0.21052631578947345,4.0
qwen25_15b,368,msc_valid,20,uniform,0.35,19,2.9342105263157894,55.75,2.8026315789473686,53.25,0.1315789473684208,2.5
qwen25_15b,368,msc_valid,20,longllmlingua,0.35,19,2.723684210526316,51.75,2.8026315789473686,53.25,-0.07894736842105265,-1.5
qwen25_15b,368,msc_valid,20,recency,0.35,19,2.8684210526315788,54.5,2.8026315789473686,53.25,0.06578947368421018,1.25
qwen25_15b,368,msc_valid,20,lexical_tfidf,0.35,19,2.9473684210526314,56.0,2.8026315789473686,53.25,0.14473684210526283,2.75
qwen25_15b,368,msc_valid,20,recency_keep_compress_drop,0.35,19,2.986842105263158,56.75,2.8026315789473686,53.25,0.18421052631578938,3.5
qwen25_15b,368,msc_valid,20,uniform,0.5,19,2.986842105263158,56.75,2.8026315789473686,53.25,0.18421052631578938,3.5
qwen25_15b,368,msc_valid,20,longllmlingua,0.5,19,2.6315789473684212,50.0,2.8026315789473686,53.25,-0.17105263157894735,-3.25
qwen25_15b,368,msc_valid,20,recency,0.5,19,2.8026315789473686,53.25,2.8026315789473686,53.25,0.0,0.0
qwen25_15b,368,msc_valid,20,lexical_tfidf,0.5,19,2.960526315789474,56.25,2.8026315789473686,53.25,0.1578947368421053,3.0
qwen25_15b,368,msc_valid,20,recency_keep_compress_drop,0.5,19,2.8947368421052633,55.0,2.8026315789473686,53.25,0.09210526315789469,1.75
qwen25_15b,368,msc_valid,24,uniform,0.2,13,4.019230769230769,52.25,3.4423076923076925,44.75,0.5769230769230766,7.5
qwen25_15b,368,msc_valid,24,longllmlingua,0.2,13,3.673076923076923,47.75,3.4423076923076925,44.75,0.2307692307692304,3.0
qwen25_15b,368,msc_valid,24,recency,0.2,13,4.153846153846154,54.0,3.4423076923076925,44.75,0.7115384615384617,9.25
qwen25_15b,368,msc_valid,24,lexical_tfidf,0.2,13,4.153846153846154,54.0,3.4423076923076925,44.75,0.7115384615384617,9.25
qwen25_15b,368,msc_valid,24,recency_keep_compress_drop,0.2,13,4.326923076923077,56.25,3.4423076923076925,44.75,0.8846153846153841,11.5
qwen25_15b,368,msc_valid,24,uniform,0.35,13,3.8076923076923075,49.5,3.4423076923076925,44.75,0.365384615384615,4.75
qwen25_15b,368,msc_valid,24,longllmlingua,0.35,13,3.8076923076923075,49.5,3.4423076923076925,44.75,0.365384615384615,4.75
qwen25_15b,368,msc_valid,24,recency,0.35,13,3.9423076923076925,51.25,3.4423076923076925,44.75,0.5,6.5
qwen25_15b,368,msc_valid,24,lexical_tfidf,0.35,13,3.923076923076923,51.0,3.4423076923076925,44.75,0.4807692307692304,6.25
qwen25_15b,368,msc_valid,24,recency_keep_compress_drop,0.35,13,4.076923076923077,53.0,3.4423076923076925,44.75,0.6346153846153841,8.25
qwen25_15b,368,msc_valid,24,uniform,0.5,13,3.576923076923077,46.5,3.4423076923076925,44.75,0.13461538461538458,1.75
qwen25_15b,368,msc_valid,24,longllmlingua,0.5,13,3.6538461538461537,47.5,3.4423076923076925,44.75,0.21153846153846123,2.75
qwen25_15b,368,msc_valid,24,recency,0.5,13,4.096153846153846,53.25,3.4423076923076925,44.75,0.6538461538461533,8.5
qwen25_15b,368,msc_valid,24,lexical_tfidf,0.5,13,3.9038461538461537,50.75,3.4423076923076925,44.75,0.46153846153846123,6.0
qwen25_15b,368,msc_valid,24,recency_keep_compress_drop,0.5,13,3.576923076923077,46.5,3.4423076923076925,44.75,0.13461538461538458,1.75
qwen25_15b,368,msc_valid,28,uniform,0.2,20,3.75,75.0,3.25,65.0,0.5,10.0
qwen25_15b,368,msc_valid,28,longllmlingua,0.2,20,3.475,69.5,3.25,65.0,0.2250000000000001,4.5
qwen25_15b,368,msc_valid,28,recency,0.2,20,3.575,71.5,3.25,65.0,0.3250000000000002,6.5
qwen25_15b,368,msc_valid,28,lexical_tfidf,0.2,20,3.7,74.0,3.25,65.0,0.4500000000000002,9.0
qwen25_15b,368,msc_valid,28,recency_keep_compress_drop,0.2,20,3.7,74.0,3.25,65.0,0.4500000000000002,9.0
qwen25_15b,368,msc_valid,28,uniform,0.35,20,3.75,75.0,3.25,65.0,0.5,10.0
qwen25_15b,368,msc_valid,28,longllmlingua,0.35,20,3.475,69.5,3.25,65.0,0.2250000000000001,4.5
qwen25_15b,368,msc_valid,28,recency,0.35,20,3.225,64.5,3.25,65.0,-0.02499999999999991,-0.5
qwen25_15b,368,msc_valid,28,lexical_tfidf,0.35,20,3.375,67.5,3.25,65.0,0.125,2.5
qwen25_15b,368,msc_valid,28,recency_keep_compress_drop,0.35,20,3.475,69.5,3.25,65.0,0.2250000000000001,4.5
qwen25_15b,368,msc_valid,28,uniform,0.5,20,3.5,70.0,3.25,65.0,0.25,5.0
qwen25_15b,368,msc_valid,28,longllmlingua,0.5,20,3.5,70.0,3.25,65.0,0.25,5.0
qwen25_15b,368,msc_valid,28,recency,0.5,20,3.4,68.0,3.25,65.0,0.1499999999999999,3.0
qwen25_15b,368,msc_valid,28,lexical_tfidf,0.5,20,3.325,66.5,3.25,65.0,0.07500000000000018,1.5
qwen25_15b,368,msc_valid,28,recency_keep_compress_drop,0.5,20,3.375,67.5,3.25,65.0,0.125,2.5
qwen25_15b,368,msc_valid,32,uniform,0.2,21,3.119047619047619,65.5,3.0952380952380953,65.0,0.023809523809523725,0.5
qwen25_15b,368,msc_valid,32,longllmlingua,0.2,21,3.1904761904761907,67.0,3.0952380952380953,65.0,0.09523809523809534,2.0
qwen25_15b,368,msc_valid,32,recency,0.2,21,3.0952380952380953,65.0,3.0952380952380953,65.0,0.0,0.0
qwen25_15b,368,msc_valid,32,lexical_tfidf,0.2,21,3.119047619047619,65.5,3.0952380952380953,65.0,0.023809523809523725,0.5
qwen25_15b,368,msc_valid,32,recency_keep_compress_drop,0.2,21,3.380952380952381,71.0,3.0952380952380953,65.0,0.2857142857142856,6.0
qwen25_15b,368,msc_valid,32,uniform,0.35,21,3.0238095238095237,63.5,3.0952380952380953,65.0,-0.07142857142857162,-1.5
qwen25_15b,368,msc_valid,32,longllmlingua,0.35,21,3.2142857142857144,67.5,3.0952380952380953,65.0,0.11904761904761907,2.5
qwen25_15b,368,msc_valid,32,recency,0.35,21,3.142857142857143,66.0,3.0952380952380953,65.0,0.04761904761904745,1.0
qwen25_15b,368,msc_valid,32,lexical_tfidf,0.35,21,3.2142857142857144,67.5,3.0952380952380953,65.0,0.11904761904761907,2.5
qwen25_15b,368,msc_valid,32,recency_keep_compress_drop,0.35,21,3.2142857142857144,67.5,3.0952380952380953,65.0,0.11904761904761907,2.5
qwen25_15b,368,msc_valid,32,uniform,0.5,21,2.9642857142857144,62.25,3.0952380952380953,65.0,-0.13095238095238093,-2.75
qwen25_15b,368,msc_valid,32,longllmlingua,0.5,21,3.1904761904761907,67.0,3.0952380952380953,65.0,0.09523809523809534,2.0
qwen25_15b,368,msc_valid,32,recency,0.5,21,3.1666666666666665,66.5,3.0952380952380953,65.0,0.07142857142857117,1.5
qwen25_15b,368,msc_valid,32,lexical_tfidf,0.5,21,3.2142857142857144,67.5,3.0952380952380953,65.0,0.11904761904761907,2.5
qwen25_15b,368,msc_valid,32,recency_keep_compress_drop,0.5,21,3.119047619047619,65.5,3.0952380952380953,65.0,0.023809523809523725,0.5
qwen25_15b,368,msc_valid,34,uniform,0.2,51,3.215686274509804,164.0,3.0588235294117645,156.0,0.15686274509803955,8.0
qwen25_15b,368,msc_valid,34,longllmlingua,0.2,51,3.176470588235294,162.0,3.0588235294117645,156.0,0.11764705882352944,6.0
qwen25_15b,368,msc_valid,34,recency,0.2,51,3.1176470588235294,159.0,3.0588235294117645,156.0,0.05882352941176494,3.0
qwen25_15b,368,msc_valid,34,lexical_tfidf,0.2,51,3.0588235294117645,156.0,3.0588235294117645,156.0,0.0,0.0
qwen25_15b,368,msc_valid,34,recency_keep_compress_drop,0.2,51,3.0980392156862746,158.0,3.0588235294117645,156.0,0.03921568627451011,2.0
qwen25_15b,368,msc_valid,34,uniform,0.35,51,3.196078431372549,163.0,3.0588235294117645,156.0,0.13725490196078471,7.0
qwen25_15b,368,msc_valid,34,longllmlingua,0.35,51,3.156862745098039,161.0,3.0588235294117645,156.0,0.0980392156862746,5.0
qwen25_15b,368,msc_valid,34,recency,0.35,51,3.0784313725490198,157.0,3.0588235294117645,156.0,0.019607843137255276,1.0
qwen25_15b,368,msc_valid,34,lexical_tfidf,0.35,51,3.019607843137255,154.0,3.0588235294117645,156.0,-0.039215686274509665,-2.0
qwen25_15b,368,msc_valid,34,recency_keep_compress_drop,0.35,51,3.0588235294117645,156.0,3.0588235294117645,156.0,0.0,0.0
qwen25_15b,368,msc_valid,34,uniform,0.5,51,3.156862745098039,161.0,3.0588235294117645,156.0,0.0980392156862746,5.0
qwen25_15b,368,msc_valid,34,longllmlingua,0.5,51,3.215686274509804,164.0,3.0588235294117645,156.0,0.15686274509803955,8.0
qwen25_15b,368,msc_valid,34,recency,0.5,51,3.0588235294117645,156.0,3.0588235294117645,156.0,0.0,0.0
qwen25_15b,368,msc_valid,34,lexical_tfidf,0.5,51,3.0588235294117645,156.0,3.0588235294117645,156.0,0.0,0.0
qwen25_15b,368,msc_valid,34,recency_keep_compress_drop,0.5,51,3.019607843137255,154.0,3.0588235294117645,156.0,-0.039215686274509665,-2.0
qwen25_15b,368,msc_valid,38,uniform,0.2,64,3.71875,238.0,0.0,0.0,3.71875,238.0
qwen25_15b,368,msc_valid,38,longllmlingua,0.2,64,3.78125,242.0,0.0,0.0,3.78125,242.0
qwen25_15b,368,msc_valid,38,recency,0.2,64,3.75,240.0,0.0,0.0,3.75,240.0
qwen25_15b,368,msc_valid,38,lexical_tfidf,0.2,64,3.78125,242.0,0.0,0.0,3.78125,242.0
qwen25_15b,368,msc_valid,38,recency_keep_compress_drop,0.2,64,3.71875,238.0,0.0,0.0,3.71875,238.0
qwen25_15b,368,msc_valid,38,uniform,0.35,64,3.75,240.0,0.0,0.0,3.75,240.0
qwen25_15b,368,msc_valid,38,longllmlingua,0.35,64,3.765625,241.0,0.0,0.0,3.765625,241.0
qwen25_15b,368,msc_valid,38,recency,0.35,64,3.78125,242.0,0.0,0.0,3.78125,242.0
qwen25_15b,368,msc_valid,38,lexical_tfidf,0.35,64,3.78125,242.0,0.0,0.0,3.78125,242.0
qwen25_15b,368,msc_valid,38,recency_keep_compress_drop,0.35,64,3.71875,238.0,0.0,0.0,3.71875,238.0
qwen25_15b,368,msc_valid,38,uniform,0.5,64,3.796875,243.0,0.0,0.0,3.796875,243.0
qwen25_15b,368,msc_valid,38,longllmlingua,0.5,64,3.78125,242.0,0.0,0.0,3.78125,242.0
qwen25_15b,368,msc_valid,38,recency,0.5,64,3.734375,239.0,0.0,0.0,3.734375,239.0
qwen25_15b,368,msc_valid,38,lexical_tfidf,0.5,64,3.75,240.0,0.0,0.0,3.75,240.0
qwen25_15b,368,msc_valid,38,recency_keep_compress_drop,0.5,64,3.71875,238.0,0.0,0.0,3.71875,238.0
qwen25_15b,368,msc_valid,42,uniform,0.2,42,2.392857142857143,100.5,0.0,0.0,2.392857142857143,100.5
qwen25_15b,368,msc_valid,42,longllmlingua,0.2,42,2.6666666666666665,112.0,0.0,0.0,2.6666666666666665,112.0
qwen25_15b,368,msc_valid,42,recency,0.2,42,2.3452380952380953,98.5,0.0,0.0,2.3452380952380953,98.5
qwen25_15b,368,msc_valid,42,lexical_tfidf,0.2,42,2.357142857142857,99.0,0.0,0.0,2.357142857142857,99.0
qwen25_15b,368,msc_valid,42,recency_keep_compress_drop,0.2,42,2.380952380952381,100.0,0.0,0.0,2.380952380952381,100.0
qwen25_15b,368,msc_valid,42,uniform,0.35,42,2.4166666666666665,101.5,0.0,0.0,2.4166666666666665,101.5
qwen25_15b,368,msc_valid,42,longllmlingua,0.35,42,2.5476190476190474,107.0,0.0,0.0,2.5476190476190474,107.0
qwen25_15b,368,msc_valid,42,recency,0.35,42,2.2738095238095237,95.5,0.0,0.0,2.2738095238095237,95.5
qwen25_15b,368,msc_valid,42,lexical_tfidf,0.35,42,2.357142857142857,99.0,0.0,0.0,2.357142857142857,99.0
qwen25_15b,368,msc_valid,42,recency_keep_compress_drop,0.35,42,2.25,94.5,0.0,0.0,2.25,94.5
qwen25_15b,368,msc_valid,42,uniform,0.5,42,2.369047619047619,99.5,0.0,0.0,2.369047619047619,99.5
qwen25_15b,368,msc_valid,42,longllmlingua,0.5,42,2.5595238095238093,107.5,0.0,0.0,2.5595238095238093,107.5
qwen25_15b,368,msc_valid,42,recency,0.5,42,2.261904761904762,95.0,0.0,0.0,2.261904761904762,95.0
qwen25_15b,368,msc_valid,42,lexical_tfidf,0.5,42,2.25,94.5,0.0,0.0,2.25,94.5
qwen25_15b,368,msc_valid,42,recency_keep_compress_drop,0.5,42,2.25,94.5,0.0,0.0,2.25,94.5
qwen25_15b,368,msc_valid,46,uniform,0.2,19,3.763157894736842,71.5,0.0,0.0,3.763157894736842,71.5
qwen25_15b,368,msc_valid,46,longllmlingua,0.2,19,4.131578947368421,78.5,0.0,0.0,4.131578947368421,78.5
qwen25_15b,368,msc_valid,46,recency,0.2,19,3.736842105263158,71.0,0.0,0.0,3.736842105263158,71.0
qwen25_15b,368,msc_valid,46,lexical_tfidf,0.2,19,3.710526315789474,70.5,0.0,0.0,3.710526315789474,70.5
qwen25_15b,368,msc_valid,46,recency_keep_compress_drop,0.2,19,3.710526315789474,70.5,0.0,0.0,3.710526315789474,70.5
qwen25_15b,368,msc_valid,46,uniform,0.35,19,3.8684210526315788,73.5,0.0,0.0,3.8684210526315788,73.5
qwen25_15b,368,msc_valid,46,longllmlingua,0.35,19,3.973684210526316,75.5,0.0,0.0,3.973684210526316,75.5
qwen25_15b,368,msc_valid,46,recency,0.35,19,3.736842105263158,71.0,0.0,0.0,3.736842105263158,71.0
qwen25_15b,368,msc_valid,46,lexical_tfidf,0.35,19,3.710526315789474,70.5,0.0,0.0,3.710526315789474,70.5
qwen25_15b,368,msc_valid,46,recency_keep_compress_drop,0.35,19,3.736842105263158,71.0,0.0,0.0,3.736842105263158,71.0
qwen25_15b,368,msc_valid,46,uniform,0.5,19,3.710526315789474,70.5,0.0,0.0,3.710526315789474,70.5
qwen25_15b,368,msc_valid,46,longllmlingua,0.5,19,3.8947368421052633,74.0,0.0,0.0,3.8947368421052633,74.0
qwen25_15b,368,msc_valid,46,recency,0.5,19,3.710526315789474,70.5,0.0,0.0,3.710526315789474,70.5
qwen25_15b,368,msc_valid,46,lexical_tfidf,0.5,19,3.6842105263157894,70.0,0.0,0.0,3.6842105263157894,70.0
qwen25_15b,368,msc_valid,46,recency_keep_compress_drop,0.5,19,3.6842105263157894,70.0,0.0,0.0,3.6842105263157894,70.0
qwen25_15b,368,msc_valid,50,uniform,0.2,23,2.369565217391304,54.5,0.0,0.0,2.369565217391304,54.5
qwen25_15b,368,msc_valid,50,longllmlingua,0.2,23,2.619565217391304,60.25,0.0,0.0,2.619565217391304,60.25
qwen25_15b,368,msc_valid,50,recency,0.2,23,2.391304347826087,55.0,0.0,0.0,2.391304347826087,55.0
qwen25_15b,368,msc_valid,50,lexical_tfidf,0.2,23,2.3043478260869565,53.0,0.0,0.0,2.3043478260869565,53.0
qwen25_15b,368,msc_valid,50,recency_keep_compress_drop,0.2,23,2.4130434782608696,55.5,0.0,0.0,2.4130434782608696,55.5
qwen25_15b,368,msc_valid,50,uniform,0.35,23,2.380434782608696,54.75,0.0,0.0,2.380434782608696,54.75
qwen25_15b,368,msc_valid,50,longllmlingua,0.35,23,2.6630434782608696,61.25,0.0,0.0,2.6630434782608696,61.25
qwen25_15b,368,msc_valid,50,recency,0.35,23,2.347826086956522,54.0,0.0,0.0,2.347826086956522,54.0
qwen25_15b,368,msc_valid,50,lexical_tfidf,0.35,23,2.3152173913043477,53.25,0.0,0.0,2.3152173913043477,53.25
qwen25_15b,368,msc_valid,50,recency_keep_compress_drop,0.35,23,2.391304347826087,55.0,0.0,0.0,2.391304347826087,55.0
qwen25_15b,368,msc_valid,50,uniform,0.5,23,2.467391304347826,56.75,0.0,0.0,2.467391304347826,56.75
qwen25_15b,368,msc_valid,50,longllmlingua,0.5,23,2.608695652173913,60.0,0.0,0.0,2.608695652173913,60.0
qwen25_15b,368,msc_valid,50,recency,0.5,23,2.3043478260869565,53.0,0.0,0.0,2.3043478260869565,53.0
qwen25_15b,368,msc_valid,50,lexical_tfidf,0.5,23,2.3260869565217392,53.5,0.0,0.0,2.3260869565217392,53.5
qwen25_15b,368,msc_valid,50,recency_keep_compress_drop,0.5,23,2.380434782608696,54.75,0.0,0.0,2.380434782608696,54.75
qwen25_15b,368,msc_valid,54,uniform,0.2,33,1.8181818181818181,60.0,0.0,0.0,1.8181818181818181,60.0
qwen25_15b,368,msc_valid,54,longllmlingua,0.2,33,1.803030303030303,59.5,0.0,0.0,1.803030303030303,59.5
qwen25_15b,368,msc_valid,54,recency,0.2,33,1.8484848484848484,61.0,0.0,0.0,1.8484848484848484,61.0
qwen25_15b,368,msc_valid,54,lexical_tfidf,0.2,33,1.8636363636363635,61.5,0.0,0.0,1.8636363636363635,61.5
qwen25_15b,368,msc_valid,54,recency_keep_compress_drop,0.2,33,1.856060606060606,61.25,0.0,0.0,1.856060606060606,61.25
qwen25_15b,368,msc_valid,54,uniform,0.35,33,1.7878787878787878,59.0,0.0,0.0,1.7878787878787878,59.0
qwen25_15b,368,msc_valid,54,longllmlingua,0.35,33,1.7803030303030303,58.75,0.0,0.0,1.7803030303030303,58.75
qwen25_15b,368,msc_valid,54,recency,0.35,33,1.856060606060606,61.25,0.0,0.0,1.856060606060606,61.25
qwen25_15b,368,msc_valid,54,lexical_tfidf,0.35,33,1.7954545454545454,59.25,0.0,0.0,1.7954545454545454,59.25
qwen25_15b,368,msc_valid,54,recency_keep_compress_drop,0.35,33,1.8409090909090908,60.75,0.0,0.0,1.8409090909090908,60.75
qwen25_15b,368,msc_valid,54,uniform,0.5,33,1.7954545454545454,59.25,0.0,0.0,1.7954545454545454,59.25
qwen25_15b,368,msc_valid,54,longllmlingua,0.5,33,1.7727272727272727,58.5,0.0,0.0,1.7727272727272727,58.5
qwen25_15b,368,msc_valid,54,recency,0.5,0,0.0,0.0,0.0,0.0,0.0,0.0
qwen25_15b,368,msc_valid,54,lexical_tfidf,0.5,0,0.0,0.0,0.0,0.0,0.0,0.0
qwen25_15b,368,msc_valid,54,recency_keep_compress_drop,0.5,0,0.0,0.0,0.0,0.0,0.0,0.0
qwen25_15b,368,msc_valid,58,uniform,0.2,51,1.892156862745098,96.5,0.0,0.0,1.892156862745098,96.5
qwen25_15b,368,msc_valid,58,longllmlingua,0.2,51,1.7843137254901962,91.0,0.0,0.0,1.7843137254901962,91.0
qwen25_15b,368,msc_valid,58,recency,0.2,45,1.8111111111111111,81.5,0.0,0.0,1.8111111111111111,81.5
qwen25_15b,368,msc_valid,58,lexical_tfidf,0.2,41,1.7926829268292683,73.5,0.0,0.0,1.7926829268292683,73.5
qwen25_15b,368,msc_valid,58,recency_keep_compress_drop,0.2,51,1.6862745098039216,86.0,0.0,0.0,1.6862745098039216,86.0
qwen25_15b,368,msc_valid,58,uniform,0.35,51,1.9019607843137254,97.0,0.0,0.0,1.9019607843137254,97.0
qwen25_15b,368,msc_valid,58,longllmlingua,0.35,51,1.7843137254901962,91.0,0.0,0.0,1.7843137254901962,91.0
qwen25_15b,368,msc_valid,58,recency,0.35,0,0.0,0.0,0.0,0.0,0.0,0.0
qwen25_15b,368,msc_valid,58,lexical_tfidf,0.35,0,0.0,0.0,0.0,0.0,0.0,0.0
qwen25_15b,368,msc_valid,58,recency_keep_compress_drop,0.35,0,0.0,0.0,0.0,0.0,0.0,0.0
qwen25_15b,368,msc_valid,58,uniform,0.5,51,1.911764705882353,97.5,0.0,0.0,1.911764705882353,97.5
qwen25_15b,368,msc_valid,58,longllmlingua,0.5,51,1.7549019607843137,89.5,0.0,0.0,1.7549019607843137,89.5
qwen25_15b,368,msc_valid,58,recency,0.5,0,0.0,0.0,0.0,0.0,0.0,0.0
qwen25_15b,368,msc_valid,58,lexical_tfidf,0.5,0,0.0,0.0,0.0,0.0,0.0,0.0
qwen25_15b,368,msc_valid,58,recency_keep_compress_drop,0.5,0,0.0,0.0,0.0,0.0,0.0,0.0
qwen25_15b,368,msc_valid,62,uniform,0.2,43,2.36046511627907,101.5,0.0,0.0,2.36046511627907,101.5
qwen25_15b,368,msc_valid,62,longllmlingua,0.2,43,2.2325581395348837,96.0,0.0,0.0,2.2325581395348837,96.0
qwen25_15b,368,msc_valid,62,recency,0.2,0,0.0,0.0,0.0,0.0,0.0,0.0
qwen25_15b,368,msc_valid,62,lexical_tfidf,0.2,0,0.0,0.0,0.0,0.0,0.0,0.0
qwen25_15b,368,msc_valid,62,recency_keep_compress_drop,0.2,0,0.0,0.0,0.0,0.0,0.0,0.0
qwen25_15b,368,msc_valid,62,uniform,0.35,43,2.383720930232558,102.5,0.0,0.0,2.383720930232558,102.5
qwen25_15b,368,msc_valid,62,longllmlingua,0.35,43,2.2209302325581395,95.5,0.0,0.0,2.2209302325581395,95.5
qwen25_15b,368,msc_valid,62,recency,0.35,0,0.0,0.0,0.0,0.0,0.0,0.0
qwen25_15b,368,msc_valid,62,lexical_tfidf,0.35,0,0.0,0.0,0.0,0.0,0.0,0.0
qwen25_15b,368,msc_valid,62,recency_keep_compress_drop,0.35,0,0.0,0.0,0.0,0.0,0.0,0.0
qwen25_15b,368,msc_valid,62,uniform,0.5,43,2.4186046511627906,104.0,0.0,0.0,2.4186046511627906,104.0
qwen25_15b,368,msc_valid,62,longllmlingua,0.5,43,2.1511627906976742,92.5,0.0,0.0,2.1511627906976742,92.5
qwen25_15b,368,msc_valid,62,recency,0.5,0,0.0,0.0,0.0,0.0,0.0,0.0
qwen25_15b,368,msc_valid,62,lexical_tfidf,0.5,0,0.0,0.0,0.0,0.0,0.0,0.0
qwen25_15b,368,msc_valid,62,recency_keep_compress_drop,0.5,0,0.0,0.0,0.0,0.0,0.0,0.0
qwen25_15b,386,msc_valid,4,uniform,0.2,10,3.725,37.25,3.925,39.25,-0.19999999999999973,-2.0
qwen25_15b,386,msc_valid,4,longllmlingua,0.2,10,3.525,35.25,3.925,39.25,-0.3999999999999999,-4.0
qwen25_15b,386,msc_valid,4,recency,0.2,10,3.725,37.25,3.925,39.25,-0.19999999999999973,-2.0
qwen25_15b,386,msc_valid,4,lexical_tfidf,0.2,10,3.725,37.25,3.925,39.25,-0.19999999999999973,-2.0
qwen25_15b,386,msc_valid,4,recency_keep_compress_drop,0.2,10,3.725,37.25,3.925,39.25,-0.19999999999999973,-2.0
qwen25_15b,386,msc_valid,4,uniform,0.35,10,3.9,39.0,3.925,39.25,-0.02499999999999991,-0.25
qwen25_15b,386,msc_valid,4,longllmlingua,0.35,10,3.225,32.25,3.925,39.25,-0.6999999999999997,-7.0
qwen25_15b,386,msc_valid,4,recency,0.35,10,3.9,39.0,3.925,39.25,-0.02499999999999991,-0.25
qwen25_15b,386,msc_valid,4,lexical_tfidf,0.35,10,3.9,39.0,3.925,39.25,-0.02499999999999991,-0.25
qwen25_15b,386,msc_valid,4,recency_keep_compress_drop,0.35,10,3.9,39.0,3.925,39.25,-0.02499999999999991,-0.25
qwen25_15b,386,msc_valid,4,uniform,0.5,10,3.9,39.0,3.925,39.25,-0.02499999999999991,-0.25
qwen25_15b,386,msc_valid,4,longllmlingua,0.5,10,2.7375,27.375,3.925,39.25,-1.1875,-11.875
qwen25_15b,386,msc_valid,4,recency,0.5,10,3.9,39.0,3.925,39.25,-0.02499999999999991,-0.25
qwen25_15b,386,msc_valid,4,lexical_tfidf,0.5,10,3.9,39.0,3.925,39.25,-0.02499999999999991,-0.25
qwen25_15b,386,msc_valid,4,recency_keep_compress_drop,0.5,10,3.9,39.0,3.925,39.25,-0.02499999999999991,-0.25
qwen25_15b,386,msc_valid,6,uniform,0.2,16,3.234375,51.75,2.90625,46.5,0.328125,5.25
qwen25_15b,386,msc_valid,6,longllmlingua,0.2,16,2.453125,39.25,2.90625,46.5,-0.453125,-7.25
qwen25_15b,386,msc_valid,6,recency,0.2,16,3.09375,49.5,2.90625,46.5,0.1875,3.0
qwen25_15b,386,msc_valid,6,lexical_tfidf,0.2,16,2.8125,45.0,2.90625,46.5,-0.09375,-1.5
qwen25_15b,386,msc_valid,6,recency_keep_compress_drop,0.2,16,3.09375,49.5,2.90625,46.5,0.1875,3.0
qwen25_15b,386,msc_valid,6,uniform,0.35,16,2.921875,46.75,2.90625,46.5,0.015625,0.25
qwen25_15b,386,msc_valid,6,longllmlingua,0.35,16,2.390625,38.25,2.90625,46.5,-0.515625,-8.25
qwen25_15b,386,msc_valid,6,recency,0.35,16,2.671875,42.75,2.90625,46.5,-0.234375,-3.75
qwen25_15b,386,msc_valid,6,lexical_tfidf,0.35,16,2.671875,42.75,2.90625,46.5,-0.234375,-3.75
qwen25_15b,386,msc_valid,6,recency_keep_compress_drop,0.35,16,2.921875,46.75,2.90625,46.5,0.015625,0.25
qwen25_15b,386,msc_valid,6,uniform,0.5,16,3.328125,53.25,2.90625,46.5,0.421875,6.75
qwen25_15b,386,msc_valid,6,longllmlingua,0.5,16,2.328125,37.25,2.90625,46.5,-0.578125,-9.25
qwen25_15b,386,msc_valid,6,recency,0.5,16,2.671875,42.75,2.90625,46.5,-0.234375,-3.75
qwen25_15b,386,msc_valid,6,lexical_tfidf,0.5,16,3.015625,48.25,2.90625,46.5,0.109375,1.75
qwen25_15b,386,msc_valid,6,recency_keep_compress_drop,0.5,16,2.921875,46.75,2.90625,46.5,0.015625,0.25
qwen25_15b,386,msc_valid,8,uniform,0.2,8,2.859375,22.875,2.59375,20.75,0.265625,2.125
qwen25_15b,386,msc_valid,8,longllmlingua,0.2,8,2.25,18.0,2.59375,20.75,-0.34375,-2.75
qwen25_15b,386,msc_valid,8,recency,0.2,8,2.6875,21.5,2.59375,20.75,0.09375,0.75
qwen25_15b,386,msc_valid,8,lexical_tfidf,0.2,8,2.8125,22.5,2.59375,20.75,0.21875,1.75
qwen25_15b,386,msc_valid,8,recency_keep_compress_drop,0.2,8,2.6875,21.5,2.59375,20.75,0.09375,0.75
qwen25_15b,386,msc_valid,8,uniform,0.35,8,2.703125,21.625,2.59375,20.75,0.109375,0.875
qwen25_15b,386,msc_valid,8,longllmlingua,0.35,8,2.359375,18.875,2.59375,20.75,-0.234375,-1.875
qwen25_15b,386,msc_valid,8,recency,0.35,8,2.734375,21.875,2.59375,20.75,0.140625,1.125
qwen25_15b,386,msc_valid,8,lexical_tfidf,0.35,8,2.640625,21.125,2.59375,20.75,0.046875,0.375
qwen25_15b,386,msc_valid,8,recency_keep_compress_drop,0.35,8,2.734375,21.875,2.59375,20.75,0.140625,1.125
qwen25_15b,386,msc_valid,8,uniform,0.5,8,2.765625,22.125,2.59375,20.75,0.171875,1.375
qwen25_15b,386,msc_valid,8,longllmlingua,0.5,8,2.4375,19.5,2.59375,20.75,-0.15625,-1.25
qwen25_15b,386,msc_valid,8,recency,0.5,8,2.578125,20.625,2.59375,20.75,-0.015625,-0.125
qwen25_15b,386,msc_valid,8,lexical_tfidf,0.5,8,2.484375,19.875,2.59375,20.75,-0.109375,-0.875
qwen25_15b,386,msc_valid,8,recency_keep_compress_drop,0.5,8,2.59375,20.75,2.59375,20.75,0.0,0.0
qwen25_15b,386,msc_valid,10,uniform,0.2,8,5.125,41.0,4.75,38.0,0.375,3.0
qwen25_15b,386,msc_valid,10,longllmlingua,0.2,8,4.9375,39.5,4.75,38.0,0.1875,1.5
qwen25_15b,386,msc_valid,10,recency,0.2,8,4.9375,39.5,4.75,38.0,0.1875,1.5
qwen25_15b,386,msc_valid,10,lexical_tfidf,0.2,8,5.5625,44.5,4.75,38.0,0.8125,6.5
qwen25_15b,386,msc_valid,10,recency_keep_compress_drop,0.2,8,4.9375,39.5,4.75,38.0,0.1875,1.5
qwen25_15b,386,msc_valid,10,uniform,0.35,8,5.125,41.0,4.75,38.0,0.375,3.0
qwen25_15b,386,msc_valid,10,longllmlingua,0.35,8,4.5625,36.5,4.75,38.0,-0.1875,-1.5
qwen25_15b,386,msc_valid,10,recency,0.35,8,4.96875,39.75,4.75,38.0,0.21875,1.75
qwen25_15b,386,msc_valid,10,lexical_tfidf,0.35,8,4.8125,38.5,4.75,38.0,0.0625,0.5
qwen25_15b,386,msc_valid,10,recency_keep_compress_drop,0.35,8,4.96875,39.75,4.75,38.0,0.21875,1.75
qwen25_15b,386,msc_valid,10,uniform,0.5,8,4.90625,39.25,4.75,38.0,0.15625,1.25
qwen25_15b,386,msc_valid,10,longllmlingua,0.5,8,4.5625,36.5,4.75,38.0,-0.1875,-1.5
qwen25_15b,386,msc_valid,10,recency,0.5,8,4.90625,39.25,4.75,38.0,0.15625,1.25
qwen25_15b,386,msc_valid,10,lexical_tfidf,0.5,8,4.78125,38.25,4.75,38.0,0.03125,0.25
qwen25_15b,386,msc_valid,10,recency_keep_compress_drop,0.5,8,4.6875,37.5,4.75,38.0,-0.0625,-0.5
qwen25_15b,386,msc_valid,12,uniform,0.2,10,5.0,50.0,4.15,41.5,0.8499999999999996,8.5
qwen25_15b,386,msc_valid,12,longllmlingua,0.2,10,4.5,45.0,4.15,41.5,0.34999999999999964,3.5
qwen25_15b,386,msc_valid,12,recency,0.2,10,4.8,48.0,4.15,41.5,0.6499999999999995,6.5
qwen25_15b,386,msc_valid,12,lexical_tfidf,0.2,10,4.95,49.5,4.15,41.5,0.7999999999999998,8.0
qwen25_15b,386,msc_valid,12,recency_keep_compress_drop,0.2,10,4.775,47.75,4.15,41.5,0.625,6.25
qwen25_15b,386,msc_valid,12,uniform,0.35,10,5.175,51.75,4.15,41.5,1.0249999999999995,10.25
qwen25_15b,386,msc_valid,12,longllmlingua,0.35,10,4.225,42.25,4.15,41.5,0.07499999999999929,0.75
qwen25_15b,386,msc_valid,12,recency,0.35,10,4.4,44.0,4.15,41.5,0.25,2.5
qwen25_15b,386,msc_valid,12,lexical_tfidf,0.35,10,4.125,41.25,4.15,41.5,-0.025000000000000355,-0.25
qwen25_15b,386,msc_valid,12,recency_keep_compress_drop,0.35,10,4.425,44.25,4.15,41.5,0.27499999999999947,2.75
qwen25_15b,386,msc_valid,12,uniform,0.5,10,4.825,48.25,4.15,41.5,0.6749999999999998,6.75
qwen25_15b,386,msc_valid,12,longllmlingua,0.5,10,3.875,38.75,4.15,41.5,-0.27500000000000036,-2.75
qwen25_15b,386,msc_valid,12,recency,0.5,10,4.175,41.75,4.15,41.5,0.024999999999999467,0.25
qwen25_15b,386,msc_valid,12,lexical_tfidf,0.5,10,4.125,41.25,4.15,41.5,-0.025000000000000355,-0.25
qwen25_15b,386,msc_valid,12,recency_keep_compress_drop,0.5,10,4.175,41.75,4.15,41.5,0.024999999999999467,0.25
qwen25_15b,386,msc_valid,14,uniform,0.2,12,2.9583333333333335,35.5,2.0729166666666665,24.875,0.885416666666667,10.625
qwen25_15b,386,msc_valid,14,longllmlingua,0.2,12,2.1979166666666665,26.375,2.0729166666666665,24.875,0.125,1.5
qwen25_15b,386,msc_valid,14,recency,0.2,12,2.3854166666666665,28.625,2.0729166666666665,24.875,0.3125,3.75
qwen25_15b,386,msc_valid,14,lexical_tfidf,0.2,12,2.6041666666666665,31.25,2.0729166666666665,24.875,0.53125,6.375
qwen25_15b,386,msc_valid,14,recency_keep_compress_drop,0.2,12,2.1666666666666665,26.0,2.0729166666666665,24.875,0.09375,1.125
qwen25_15b,386,msc_valid,14,uniform,0.35,12,2.7083333333333335,32.5,2.0729166666666665,24.875,0.635416666666667,7.625
qwen25_15b,386,msc_valid,14,longllmlingua,0.35,12,2.3333333333333335,28.0,2.0729166666666665,24.875,0.26041666666666696,3.125
qwen25_15b,386,msc_valid,14,recency,0.35,12,2.34375,28.125,2.0729166666666665,24.875,0.2708333333333335,3.25
qwen25_15b,386,msc_valid,14,lexical_tfidf,0.35,12,2.2395833333333335,26.875,2.0729166666666665,24.875,0.16666666666666696,2.0
qwen25_15b,386,msc_valid,14,recency_keep_compress_drop,0.35,12,1.9375,23.25,2.0729166666666665,24.875,-0.13541666666666652,-1.625
qwen25_15b,386,msc_valid,14,uniform,0.5,12,2.2083333333333335,26.5,2.0729166666666665,24.875,0.13541666666666696,1.625
qwen25_15b,386,msc_valid,14,longllmlingua,0.5,12,2.375,28.5,2.0729166666666665,24.875,0.3020833333333335,3.625
qwen25_15b,386,msc_valid,14,recency,0.5,12,1.9791666666666667,23.75,2.0729166666666665,24.875,-0.09374999999999978,-1.125
qwen25_15b,386,msc_valid,14,lexical_tfidf,0.5,12,2.1875,26.25,2.0729166666666665,24.875,0.11458333333333348,1.375
qwen25_15b,386,msc_valid,14,recency_keep_compress_drop,0.5,12,2.0625,24.75,2.0729166666666665,24.875,-0.010416666666666519,-0.125
qwen25_15b,430,msc_valid,4,uniform,0.2,18,3.9722222222222223,71.5,3.4027777777777777,61.25,0.5694444444444446,10.25
qwen25_15b,430,msc_valid,4,longllmlingua,0.2,18,3.3194444444444446,59.75,3.4027777777777777,61.25,-0.08333333333333304,-1.5
qwen25_15b,430,msc_valid,4,recency,0.2,18,3.9722222222222223,71.5,3.4027777777777777,61.25,0.5694444444444446,10.25
qwen25_15b,430,msc_valid,4,lexical_tfidf,0.2,18,3.9722222222222223,71.5,3.4027777777777777,61.25,0.5694444444444446,10.25
qwen25_15b,430,msc_valid,4,recency_keep_compress_drop,0.2,18,3.9722222222222223,71.5,3.4027777777777777,61.25,0.5694444444444446,10.25
qwen25_15b,430,msc_valid,4,uniform,0.35,18,3.4027777777777777,61.25,3.4027777777777777,61.25,0.0,0.0
qwen25_15b,430,msc_valid,4,longllmlingua,0.35,18,3.3333333333333335,60.0,3.4027777777777777,61.25,-0.0694444444444442,-1.25
qwen25_15b,430,msc_valid,4,recency,0.35,18,3.4027777777777777,61.25,3.4027777777777777,61.25,0.0,0.0
qwen25_15b,430,msc_valid,4,lexical_tfidf,0.35,18,3.4027777777777777,61.25,3.4027777777777777,61.25,0.0,0.0
qwen25_15b,430,msc_valid,4,recency_keep_compress_drop,0.35,18,3.4027777777777777,61.25,3.4027777777777777,61.25,0.0,0.0
qwen25_15b,430,msc_valid,4,uniform,0.5,18,3.4027777777777777,61.25,3.4027777777777777,61.25,0.0,0.0
qwen25_15b,430,msc_valid,4,longllmlingua,0.5,18,3.236111111111111,58.25,3.4027777777777777,61.25,-0.16666666666666652,-3.0
qwen25_15b,430,msc_valid,4,recency,0.5,18,3.4027777777777777,61.25,3.4027777777777777,61.25,0.0,0.0
qwen25_15b,430,msc_valid,4,lexical_tfidf,0.5,18,3.4027777777777777,61.25,3.4027777777777777,61.25,0.0,0.0
qwen25_15b,430,msc_valid,4,recency_keep_compress_drop,0.5,18,3.4027777777777777,61.25,3.4027777777777777,61.25,0.0,0.0
qwen25_15b,430,msc_valid,6,uniform,0.2,14,3.017857142857143,42.25,2.517857142857143,35.25,0.5,7.0
qwen25_15b,430,msc_valid,6,longllmlingua,0.2,14,2.5,35.0,2.517857142857143,35.25,-0.017857142857142794,-0.25
qwen25_15b,430,msc_valid,6,recency,0.2,14,3.0357142857142856,42.5,2.517857142857143,35.25,0.5178571428571428,7.25
qwen25_15b,430,msc_valid,6,lexical_tfidf,0.2,14,3.017857142857143,42.25,2.517857142857143,35.25,0.5,7.0
qwen25_15b,430,msc_valid,6,recency_keep_compress_drop,0.2,14,3.017857142857143,42.25,2.517857142857143,35.25,0.5,7.0
qwen25_15b,430,msc_valid,6,uniform,0.35,14,3.017857142857143,42.25,2.517857142857143,35.25,0.5,7.0
qwen25_15b,430,msc_valid,6,longllmlingua,0.35,14,2.482142857142857,34.75,2.517857142857143,35.25,-0.03571428571428559,-0.5
qwen25_15b,430,msc_valid,6,recency,0.35,14,2.9285714285714284,41.0,2.517857142857143,35.25,0.4107142857142856,5.75
qwen25_15b,430,msc_valid,6,lexical_tfidf,0.35,14,3.017857142857143,42.25,2.517857142857143,35.25,0.5,7.0
qwen25_15b,430,msc_valid,6,recency_keep_compress_drop,0.35,14,2.9285714285714284,41.0,2.517857142857143,35.25,0.4107142857142856,5.75
qwen25_15b,430,msc_valid,6,uniform,0.5,14,2.9464285714285716,41.25,2.517857142857143,35.25,0.4285714285714288,6.0
qwen25_15b,430,msc_valid,6,longllmlingua,0.5,14,2.4285714285714284,34.0,2.517857142857143,35.25,-0.08928571428571441,-1.25
qwen25_15b,430,msc_valid,6,recency,0.5,14,2.7857142857142856,39.0,2.517857142857143,35.25,0.2678571428571428,3.75
qwen25_15b,430,msc_valid,6,lexical_tfidf,0.5,14,2.9464285714285716,41.25,2.517857142857143,35.25,0.4285714285714288,6.0
qwen25_15b,430,msc_valid,6,recency_keep_compress_drop,0.5,14,2.8392857142857144,39.75,2.517857142857143,35.25,0.3214285714285716,4.5
qwen25_15b,430,msc_valid,8,uniform,0.2,20,2.1,42.0,1.975,39.5,0.125,2.5
qwen25_15b,430,msc_valid,8,longllmlingua,0.2,20,1.8375,36.75,1.975,39.5,-0.13750000000000018,-2.75
qwen25_15b,430,msc_valid,8,recency,0.2,20,2.0,40.0,1.975,39.5,0.02499999999999991,0.5
qwen25_15b,430,msc_valid,8,lexical_tfidf,0.2,20,2.0,40.0,1.975,39.5,0.02499999999999991,0.5
qwen25_15b,430,msc_valid,8,recency_keep_compress_drop,0.2,20,2.0,40.0,1.975,39.5,0.02499999999999991,0.5
qwen25_15b,430,msc_valid,8,uniform,0.35,20,2.1625,43.25,1.975,39.5,0.1875,3.75
qwen25_15b,430,msc_valid,8,longllmlingua,0.35,20,1.7875,35.75,1.975,39.5,-0.1875,-3.75
qwen25_15b,430,msc_valid,8,recency,0.35,20,1.9375,38.75,1.975,39.5,-0.03750000000000009,-0.75
qwen25_15b,430,msc_valid,8,lexical_tfidf,0.35,20,1.9875,39.75,1.975,39.5,0.012499999999999956,0.25
qwen25_15b,430,msc_valid,8,recency_keep_compress_drop,0.35,20,2.0,40.0,1.975,39.5,0.02499999999999991,0.5
qwen25_15b,430,msc_valid,8,uniform,0.5,20,2.0375,40.75,1.975,39.5,0.0625,1.25
qwen25_15b,430,msc_valid,8,longllmlingua,0.5,20,1.7375,34.75,1.975,39.5,-0.23750000000000004,-4.75
qwen25_15b,430,msc_valid,8,recency,0.5,20,1.9625,39.25,1.975,39.5,-0.012500000000000178,-0.25
qwen25_15b,430,msc_valid,8,lexical_tfidf,0.5,20,2.025,40.5,1.975,39.5,0.04999999999999982,1.0
qwen25_15b,430,msc_valid,8,recency_keep_compress_drop,0.5,20,2.025,40.5,1.975,39.5,0.04999999999999982,1.0
qwen25_15b,430,msc_valid,10,uniform,0.2,14,2.6964285714285716,37.75,2.4107142857142856,33.75,0.28571428571428603,4.0
qwen25_15b,430,msc_valid,10,longllmlingua,0.2,14,2.5,35.0,2.4107142857142856,33.75,0.08928571428571441,1.25
qwen25_15b,430,msc_valid,10,recency,0.2,14,2.9107142857142856,40.75,2.4107142857142856,33.75,0.5,7.0
qwen25_15b,430,msc_valid,10,lexical_tfidf,0.2,14,2.6964285714285716,37.75,2.4107142857142856,33.75,0.28571428571428603,4.0
qwen25_15b,430,msc_valid,10,recency_keep_compress_drop,0.2,14,2.9107142857142856,40.75,2.4107142857142856,33.75,0.5,7.0
qwen25_15b,430,msc_valid,10,uniform,0.35,14,2.642857142857143,37.0,2.4107142857142856,33.75,0.2321428571428572,3.25
qwen25_15b,430,msc_valid,10,longllmlingua,0.35,14,2.517857142857143,35.25,2.4107142857142856,33.75,0.1071428571428572,1.5
qwen25_15b,430,msc_valid,10,recency,0.35,14,2.6785714285714284,37.5,2.4107142857142856,33.75,0.2678571428571428,3.75
qwen25_15b,430,msc_valid,10,lexical_tfidf,0.35,14,2.482142857142857,34.75,2.4107142857142856,33.75,0.07142857142857162,1.0
qwen25_15b,430,msc_valid,10,recency_keep_compress_drop,0.35,14,2.6785714285714284,37.5,2.4107142857142856,33.75,0.2678571428571428,3.75
qwen25_15b,430,msc_valid,10,uniform,0.5,14,2.6607142857142856,37.25,2.4107142857142856,33.75,0.25,3.5
qwen25_15b,430,msc_valid,10,longllmlingua,0.5,14,2.375,33.25,2.4107142857142856,33.75,-0.03571428571428559,-0.5
qwen25_15b,430,msc_valid,10,recency,0.5,14,2.6607142857142856,37.25,2.4107142857142856,33.75,0.25,3.5
qwen25_15b,430,msc_valid,10,lexical_tfidf,0.5,14,2.517857142857143,35.25,2.4107142857142856,33.75,0.1071428571428572,1.5
qwen25_15b,430,msc_valid,10,recency_keep_compress_drop,0.5,14,2.5,35.0,2.4107142857142856,33.75,0.08928571428571441,1.25
qwen25_15b,430,msc_valid,12,uniform,0.2,16,4.375,70.0,3.09375,49.5,1.28125,20.5
qwen25_15b,430,msc_valid,12,longllmlingua,0.2,16,3.578125,57.25,3.09375,49.5,0.484375,7.75
qwen25_15b,430,msc_valid,12,recency,0.2,16,3.59375,57.5,3.09375,49.5,0.5,8.0
qwen25_15b,430,msc_valid,12,lexical_tfidf,0.2,16,4.4375,71.0,3.09375,49.5,1.34375,21.5
qwen25_15b,430,msc_valid,12,recency_keep_compress_drop,0.2,16,4.09375,65.5,3.09375,49.5,1.0,16.0
qwen25_15b,430,msc_valid,12,uniform,0.35,16,4.34375,69.5,3.09375,49.5,1.25,20.0
qwen25_15b,430,msc_valid,12,longllmlingua,0.35,16,3.671875,58.75,3.09375,49.5,0.578125,9.25
qwen25_15b,430,msc_valid,12,recency,0.35,16,3.453125,55.25,3.09375,49.5,0.359375,5.75
qwen25_15b,430,msc_valid,12,lexical_tfidf,0.35,16,4.28125,68.5,3.09375,49.5,1.1875,19.0
qwen25_15b,430,msc_valid,12,recency_keep_compress_drop,0.35,16,4.03125,64.5,3.09375,49.5,0.9375,15.0
qwen25_15b,430,msc_valid,12,uniform,0.5,16,4.28125,68.5,3.09375,49.5,1.1875,19.0
qwen25_15b,430,msc_valid,12,longllmlingua,0.5,16,3.34375,53.5,3.09375,49.5,0.25,4.0
qwen25_15b,430,msc_valid,12,recency,0.5,16,3.4375,55.0,3.09375,49.5,0.34375,5.5
qwen25_15b,430,msc_valid,12,lexical_tfidf,0.5,16,4.4375,71.0,3.09375,49.5,1.34375,21.5
qwen25_15b,430,msc_valid,12,recency_keep_compress_drop,0.5,16,3.140625,50.25,3.09375,49.5,0.046875,0.75
qwen25_15b,430,msc_valid,14,uniform,0.2,21,3.2857142857142856,69.0,2.7261904761904763,57.25,0.5595238095238093,11.75
qwen25_15b,430,msc_valid,14,longllmlingua,0.2,21,3.011904761904762,63.25,2.7261904761904763,57.25,0.2857142857142856,6.0
qwen25_15b,430,msc_valid,14,recency,0.2,21,3.119047619047619,65.5,2.7261904761904763,57.25,0.3928571428571428,8.25
qwen25_15b,430,msc_valid,14,lexical_tfidf,0.2,21,3.261904761904762,68.5,2.7261904761904763,57.25,0.5357142857142856,11.25
qwen25_15b,430,msc_valid,14,recency_keep_compress_drop,0.2,21,3.261904761904762,68.5,2.7261904761904763,57.25,0.5357142857142856,11.25
qwen25_15b,430,msc_valid,14,uniform,0.35,21,2.9761904761904763,62.5,2.7261904761904763,57.25,0.25,5.25
qwen25_15b,430,msc_valid,14,longllmlingua,0.35,21,3.011904761904762,63.25,2.7261904761904763,57.25,0.2857142857142856,6.0
qwen25_15b,430,msc_valid,14,recency,0.35,21,3.0476190476190474,64.0,2.7261904761904763,57.25,0.3214285714285712,6.75
qwen25_15b,430,msc_valid,14,lexical_tfidf,0.35,21,2.988095238095238,62.75,2.7261904761904763,57.25,0.26190476190476186,5.5
qwen25_15b,430,msc_valid,14,recency_keep_compress_drop,0.35,21,2.9761904761904763,62.5,2.7261904761904763,57.25,0.25,5.25
qwen25_15b,430,msc_valid,14,uniform,0.5,21,2.9523809523809526,62.0,2.7261904761904763,57.25,0.22619047619047628,4.75
qwen25_15b,430,msc_valid,14,longllmlingua,0.5,21,3.119047619047619,65.5,2.7261904761904763,57.25,0.3928571428571428,8.25
qwen25_15b,430,msc_valid,14,recency,0.5,21,2.8214285714285716,59.25,2.7261904761904763,57.25,0.09523809523809534,2.0
qwen25_15b,430,msc_valid,14,lexical_tfidf,0.5,21,2.6785714285714284,56.25,2.7261904761904763,57.25,-0.047619047619047894,-1.0
qwen25_15b,430,msc_valid,14,recency_keep_compress_drop,0.5,21,2.8333333333333335,59.5,2.7261904761904763,57.25,0.1071428571428572,2.25
qwen25_15b,440,msc_valid,4,uniform,0.2,12,4.791666666666667,57.5,3.9375,47.25,0.854166666666667,10.25
qwen25_15b,440,msc_valid,4,longllmlingua,0.2,12,3.7083333333333335,44.5,3.9375,47.25,-0.22916666666666652,-2.75
qwen25_15b,440,msc_valid,4,recency,0.2,12,4.791666666666667,57.5,3.9375,47.25,0.854166666666667,10.25
qwen25_15b,440,msc_valid,4,lexical_tfidf,0.2,12,4.791666666666667,57.5,3.9375,47.25,0.854166666666667,10.25
qwen25_15b,440,msc_valid,4,recency_keep_compress_drop,0.2,12,4.791666666666667,57.5,3.9375,47.25,0.854166666666667,10.25
qwen25_15b,440,msc_valid,4,uniform,0.35,12,4.395833333333333,52.75,3.9375,47.25,0.45833333333333304,5.5
qwen25_15b,440,msc_valid,4,longllmlingua,0.35,12,3.75,45.0,3.9375,47.25,-0.1875,-2.25
qwen25_15b,440,msc_valid,4,recency,0.35,12,4.395833333333333,52.75,3.9375,47.25,0.45833333333333304,5.5
qwen25_15b,440,msc_valid,4,lexical_tfidf,0.35,12,4.395833333333333,52.75,3.9375,47.25,0.45833333333333304,5.5
qwen25_15b,440,msc_valid,4,recency_keep_compress_drop,0.35,12,4.395833333333333,52.75,3.9375,47.25,0.45833333333333304,5.5
qwen25_15b,440,msc_valid,4,uniform,0.5,12,4.395833333333333,52.75,3.9375,47.25,0.45833333333333304,5.5
qwen25_15b,440,msc_valid,4,longllmlingua,0.5,12,3.6041666666666665,43.25,3.9375,47.25,-0.3333333333333335,-4.0
qwen25_15b,440,msc_valid,4,recency,0.5,12,4.395833333333333,52.75,3.9375,47.25,0.45833333333333304,5.5
qwen25_15b,440,msc_valid,4,lexical_tfidf,0.5,12,4.395833333333333,52.75,3.9375,47.25,0.45833333333333304,5.5
qwen25_15b,440,msc_valid,4,recency_keep_compress_drop,0.5,12,4.395833333333333,52.75,3.9375,47.25,0.45833333333333304,5.5
qwen25_15b,440,msc_valid,8,uniform,0.2,20,2.725,54.5,2.5625,51.25,0.1625000000000001,3.25
qwen25_15b,440,msc_valid,8,longllmlingua,0.2,20,2.8375,56.75,2.5625,51.25,0.2749999999999999,5.5
qwen25_15b,440,msc_valid,8,recency,0.2,20,2.95,59.0,2.5625,51.25,0.3875000000000002,7.75
qwen25_15b,440,msc_valid,8,lexical_tfidf,0.2,20,3.0,60.0,2.5625,51.25,0.4375,8.75
qwen25_15b,440,msc_valid,8,recency_keep_compress_drop,0.2,20,2.95,59.0,2.5625,51.25,0.3875000000000002,7.75
qwen25_15b,440,msc_valid,8,uniform,0.35,20,2.8875,57.75,2.5625,51.25,0.3250000000000002,6.5
qwen25_15b,440,msc_valid,8,longllmlingua,0.35,20,3.0,60.0,2.5625,51.25,0.4375,8.75
qwen25_15b,440,msc_valid,8,recency,0.35,20,2.8375,56.75,2.5625,51.25,0.2749999999999999,5.5
qwen25_15b,440,msc_valid,8,lexical_tfidf,0.35,20,2.8875,57.75,2.5625,51.25,0.3250000000000002,6.5
qwen25_15b,440,msc_valid,8,recency_keep_compress_drop,0.35,20,2.8375,56.75,2.5625,51.25,0.2749999999999999,5.5
qwen25_15b,440,msc_valid,8,uniform,0.5,20,2.675,53.5,2.5625,51.25,0.11249999999999982,2.25
qwen25_15b,440,msc_valid,8,longllmlingua,0.5,20,2.6,52.0,2.5625,51.25,0.03750000000000009,0.75
qwen25_15b,440,msc_valid,8,recency,0.5,20,2.7625,55.25,2.5625,51.25,0.20000000000000018,4.0
qwen25_15b,440,msc_valid,8,lexical_tfidf,0.5,20,2.9,58.0,2.5625,51.25,0.3374999999999999,6.75
qwen25_15b,440,msc_valid,8,recency_keep_compress_drop,0.5,20,2.6375,52.75,2.5625,51.25,0.07500000000000018,1.5
qwen25_15b,440,msc_valid,12,uniform,0.2,15,3.75,56.25,3.0,45.0,0.75,11.25
qwen25_15b,440,msc_valid,12,longllmlingua,0.2,15,3.433333333333333,51.5,3.0,45.0,0.4333333333333331,6.5
qwen25_15b,440,msc_valid,12,recency,0.2,15,3.7333333333333334,56.0,3.0,45.0,0.7333333333333334,11.0
qwen25_15b,440,msc_valid,12,lexical_tfidf,0.2,15,3.5833333333333335,53.75,3.0,45.0,0.5833333333333335,8.75
qwen25_15b,440,msc_valid,12,recency_keep_compress_drop,0.2,15,3.7333333333333334,56.0,3.0,45.0,0.7333333333333334,11.0
qwen25_15b,440,msc_valid,12,uniform,0.35,15,3.6166666666666667,54.25,3.0,45.0,0.6166666666666667,9.25
qwen25_15b,440,msc_valid,12,longllmlingua,0.35,15,3.3833333333333333,50.75,3.0,45.0,0.3833333333333333,5.75
qwen25_15b,440,msc_valid,12,recency,0.35,15,3.2333333333333334,48.5,3.0,45.0,0.2333333333333334,3.5
qwen25_15b,440,msc_valid,12,lexical_tfidf,0.35,15,3.35,50.25,3.0,45.0,0.3500000000000001,5.25
qwen25_15b,440,msc_valid,12,recency_keep_compress_drop,0.35,15,3.35,50.25,3.0,45.0,0.3500000000000001,5.25
qwen25_15b,440,msc_valid,12,uniform,0.5,15,3.4,51.0,3.0,45.0,0.3999999999999999,6.0
qwen25_15b,440,msc_valid,12,longllmlingua,0.5,15,3.3333333333333335,50.0,3.0,45.0,0.3333333333333335,5.0
qwen25_15b,440,msc_valid,12,recency,0.5,15,3.0833333333333335,46.25,3.0,45.0,0.08333333333333348,1.25
qwen25_15b,440,msc_valid,12,lexical_tfidf,0.5,15,3.183333333333333,47.75,3.0,45.0,0.18333333333333313,2.75
qwen25_15b,440,msc_valid,12,recency_keep_compress_drop,0.5,15,3.183333333333333,47.75,3.0,45.0,0.18333333333333313,2.75
qwen25_15b,440,msc_valid,16,uniform,0.2,18,2.4444444444444446,44.0,2.263888888888889,40.75,0.1805555555555558,3.25
qwen25_15b,440,msc_valid,16,longllmlingua,0.2,18,2.236111111111111,40.25,2.263888888888889,40.75,-0.02777777777777768,-0.5
qwen25_15b,440,msc_valid,16,recency,0.2,18,2.3055555555555554,41.5,2.263888888888889,40.75,0.04166666666666652,0.75
qwen25_15b,440,msc_valid,16,lexical_tfidf,0.2,18,2.361111111111111,42.5,2.263888888888889,40.75,0.09722222222222232,1.75
qwen25_15b,440,msc_valid,16,recency_keep_compress_drop,0.2,18,2.2916666666666665,41.25,2.263888888888889,40.75,0.02777777777777768,0.5
qwen25_15b,440,msc_valid,16,uniform,0.35,18,2.4166666666666665,43.5,2.263888888888889,40.75,0.15277777777777768,2.75
qwen25_15b,440,msc_valid,16,longllmlingua,0.35,18,2.138888888888889,38.5,2.263888888888889,40.75,-0.125,-2.25
qwen25_15b,440,msc_valid,16,recency,0.35,18,2.2916666666666665,41.25,2.263888888888889,40.75,0.02777777777777768,0.5
qwen25_15b,440,msc_valid,16,lexical_tfidf,0.35,18,2.388888888888889,43.0,2.263888888888889,40.75,0.125,2.25
qwen25_15b,440,msc_valid,16,recency_keep_compress_drop,0.35,18,2.3055555555555554,41.5,2.263888888888889,40.75,0.04166666666666652,0.75
qwen25_15b,440,msc_valid,16,uniform,0.5,18,2.375,42.75,2.263888888888889,40.75,0.11111111111111116,2.0
qwen25_15b,440,msc_valid,16,longllmlingua,0.5,18,2.138888888888889,38.5,2.263888888888889,40.75,-0.125,-2.25
qwen25_15b,440,msc_valid,16,recency,0.5,18,2.3055555555555554,41.5,2.263888888888889,40.75,0.04166666666666652,0.75
qwen25_15b,440,msc_valid,16,lexical_tfidf,0.5,18,2.3472222222222223,42.25,2.263888888888889,40.75,0.08333333333333348,1.5
qwen25_15b,440,msc_valid,16,recency_keep_compress_drop,0.5,18,2.3055555555555554,41.5,2.263888888888889,40.75,0.04166666666666652,0.75
qwen25_15b,440,msc_valid,20,uniform,0.2,10,2.1375,21.375,1.7625,17.625,0.3750000000000002,3.75
qwen25_15b,440,msc_valid,20,longllmlingua,0.2,10,1.9625,19.625,1.7625,17.625,0.19999999999999996,2.0
qwen25_15b,440,msc_valid,20,recency,0.2,10,1.975,19.75,1.7625,17.625,0.21250000000000013,2.125
qwen25_15b,440,msc_valid,20,lexical_tfidf,0.2,10,2.0,20.0,1.7625,17.625,0.23750000000000004,2.375
qwen25_15b,440,msc_valid,20,recency_keep_compress_drop,0.2,10,1.9625,19.625,1.7625,17.625,0.19999999999999996,2.0
qwen25_15b,440,msc_valid,20,uniform,0.35,10,2.125,21.25,1.7625,17.625,0.36250000000000004,3.625
qwen25_15b,440,msc_valid,20,longllmlingua,0.35,10,1.75,17.5,1.7625,17.625,-0.012499999999999956,-0.125
qwen25_15b,440,msc_valid,20,recency,0.35,10,2.0875,20.875,1.7625,17.625,0.32499999999999996,3.25
qwen25_15b,440,msc_valid,20,lexical_tfidf,0.35,10,2.1,21.0,1.7625,17.625,0.33750000000000013,3.375
qwen25_15b,440,msc_valid,20,recency_keep_compress_drop,0.35,10,1.675,16.75,1.7625,17.625,-0.08749999999999991,-0.875
qwen25_15b,440,msc_valid,20,uniform,0.5,10,1.925,19.25,1.7625,17.625,0.1625000000000001,1.625
qwen25_15b,440,msc_valid,20,longllmlingua,0.5,10,1.6625,16.625,1.7625,17.625,-0.09999999999999987,-1.0
qwen25_15b,440,msc_valid,20,recency,0.5,10,2.0,20.0,1.7625,17.625,0.23750000000000004,2.375
qwen25_15b,440,msc_valid,20,lexical_tfidf,0.5,10,1.9375,19.375,1.7625,17.625,0.17500000000000004,1.75
qwen25_15b,440,msc_valid,20,recency_keep_compress_drop,0.5,10,1.8,18.0,1.7625,17.625,0.03750000000000009,0.375
qwen25_15b,440,msc_valid,24,uniform,0.2,13,4.6923076923076925,61.0,3.519230769230769,45.75,1.1730769230769234,15.25
qwen25_15b,440,msc_valid,24,longllmlingua,0.2,13,4.403846153846154,57.25,3.519230769230769,45.75,0.884615384615385,11.5
qwen25_15b,440,msc_valid,24,recency,0.2,13,4.423076923076923,57.5,3.519230769230769,45.75,0.9038461538461542,11.75
qwen25_15b,440,msc_valid,24,lexical_tfidf,0.2,13,3.3461538461538463,43.5,3.519230769230769,45.75,-0.1730769230769229,-2.25
qwen25_15b,440,msc_valid,24,recency_keep_compress_drop,0.2,13,3.9423076923076925,51.25,3.519230769230769,45.75,0.42307692307692335,5.5
qwen25_15b,440,msc_valid,24,uniform,0.35,13,4.096153846153846,53.25,3.519230769230769,45.75,0.5769230769230766,7.5
qwen25_15b,440,msc_valid,24,longllmlingua,0.35,13,4.0,52.0,3.519230769230769,45.75,0.48076923076923084,6.25
qwen25_15b,440,msc_valid,24,recency,0.35,13,3.730769230769231,48.5,3.519230769230769,45.75,0.21153846153846168,2.75
qwen25_15b,440,msc_valid,24,lexical_tfidf,0.35,13,3.5,45.5,3.519230769230769,45.75,-0.019230769230769162,-0.25
qwen25_15b,440,msc_valid,24,recency_keep_compress_drop,0.35,13,3.6346153846153846,47.25,3.519230769230769,45.75,0.11538461538461542,1.5
qwen25_15b,440,msc_valid,24,uniform,0.5,13,3.576923076923077,46.5,3.519230769230769,45.75,0.05769230769230793,0.75
qwen25_15b,440,msc_valid,24,longllmlingua,0.5,13,3.8653846153846154,50.25,3.519230769230769,45.75,0.34615384615384626,4.5
qwen25_15b,440,msc_valid,24,recency,0.5,13,3.673076923076923,47.75,3.519230769230769,45.75,0.15384615384615374,2.0
qwen25_15b,440,msc_valid,24,lexical_tfidf,0.5,13,3.4423076923076925,44.75,3.519230769230769,45.75,-0.07692307692307665,-1.0
qwen25_15b,440,msc_valid,24,recency_keep_compress_drop,0.5,13,3.6538461538461537,47.5,3.519230769230769,45.75,0.13461538461538458,1.75
qwen25_15b,440,msc_valid,28,uniform,0.2,30,2.8333333333333335,85.0,2.3666666666666667,71.0,0.4666666666666668,14.0
qwen25_15b,440,msc_valid,28,longllmlingua,0.2,30,2.466666666666667,74.0,2.3666666666666667,71.0,0.10000000000000009,3.0
qwen25_15b,440,msc_valid,28,recency,0.2,30,2.8833333333333333,86.5,2.3666666666666667,71.0,0.5166666666666666,15.5
qwen25_15b,440,msc_valid,28,lexical_tfidf,0.2,30,2.8333333333333335,85.0,2.3666666666666667,71.0,0.4666666666666668,14.0
qwen25_15b,440,msc_valid,28,recency_keep_compress_drop,0.2,30,2.816666666666667,84.5,2.3666666666666667,71.0,0.4500000000000002,13.5
qwen25_15b,440,msc_valid,28,uniform,0.35,30,2.8,84.0,2.3666666666666667,71.0,0.4333333333333331,13.0
qwen25_15b,440,msc_valid,28,longllmlingua,0.35,30,2.5166666666666666,75.5,2.3666666666666667,71.0,0.1499999999999999,4.5
qwen25_15b,440,msc_valid,28,recency,0.35,30,2.7333333333333334,82.0,2.3666666666666667,71.0,0.3666666666666667,11.0
qwen25_15b,440,msc_valid,28,lexical_tfidf,0.35,30,2.8,84.0,2.3666666666666667,71.0,0.4333333333333331,13.0
qwen25_15b,440,msc_valid,28,recency_keep_compress_drop,0.35,30,2.75,82.5,2.3666666666666667,71.0,0.3833333333333333,11.5
qwen25_15b,440,msc_valid,28,uniform,0.5,30,2.7,81.0,2.3666666666666667,71.0,0.3333333333333335,10.0
qwen25_15b,440,msc_valid,28,longllmlingua,0.5,30,2.566666666666667,77.0,2.3666666666666667,71.0,0.20000000000000018,6.0
qwen25_15b,440,msc_valid,28,recency,0.5,30,2.6166666666666667,78.5,2.3666666666666667,71.0,0.25,7.5
qwen25_15b,440,msc_valid,28,lexical_tfidf,0.5,30,2.783333333333333,83.5,2.3666666666666667,71.0,0.4166666666666665,12.5
qwen25_15b,440,msc_valid,28,recency_keep_compress_drop,0.5,30,2.466666666666667,74.0,2.3666666666666667,71.0,0.10000000000000009,3.0
qwen25_15b,440,msc_valid,32,uniform,0.2,25,2.78,69.5,2.6,65.0,0.17999999999999972,4.5
qwen25_15b,440,msc_valid,32,longllmlingua,0.2,25,2.88,72.0,2.6,65.0,0.2799999999999998,7.0
qwen25_15b,440,msc_valid,32,recency,0.2,25,2.78,69.5,2.6,65.0,0.17999999999999972,4.5
qwen25_15b,440,msc_valid,32,lexical_tfidf,0.2,25,2.84,71.0,2.6,65.0,0.23999999999999977,6.0
qwen25_15b,440,msc_valid,32,recency_keep_compress_drop,0.2,25,2.68,67.0,2.6,65.0,0.08000000000000007,2.0
qwen25_15b,440,msc_valid,32,uniform,0.35,25,2.7,67.5,2.6,65.0,0.10000000000000009,2.5
qwen25_15b,440,msc_valid,32,longllmlingua,0.35,25,2.88,72.0,2.6,65.0,0.2799999999999998,7.0
qwen25_15b,440,msc_valid,32,recency,0.35,25,2.76,69.0,2.6,65.0,0.1599999999999997,4.0
qwen25_15b,440,msc_valid,32,lexical_tfidf,0.35,25,2.7,67.5,2.6,65.0,0.10000000000000009,2.5
qwen25_15b,440,msc_valid,32,recency_keep_compress_drop,0.35,25,2.68,67.0,2.6,65.0,0.08000000000000007,2.0
qwen25_15b,440,msc_valid,32,uniform,0.5,25,2.68,67.0,2.6,65.0,0.08000000000000007,2.0
qwen25_15b,440,msc_valid,32,longllmlingua,0.5,25,2.9,72.5,2.6,65.0,0.2999999999999998,7.5
qwen25_15b,440,msc_valid,32,recency,0.5,25,2.7,67.5,2.6,65.0,0.10000000000000009,2.5
qwen25_15b,440,msc_valid,32,lexical_tfidf,0.5,25,2.56,64.0,2.6,65.0,-0.040000000000000036,-1.0
qwen25_15b,440,msc_valid,32,recency_keep_compress_drop,0.5,25,2.66,66.5,2.6,65.0,0.06000000000000005,1.5
qwen25_15b,440,msc_valid,34,uniform,0.2,41,2.817073170731707,115.5,2.682926829268293,110.0,0.1341463414634143,5.5
qwen25_15b,440,msc_valid,34,longllmlingua,0.2,41,2.8902439024390243,118.5,2.682926829268293,110.0,0.20731707317073145,8.5
qwen25_15b,440,msc_valid,34,recency,0.2,41,2.8658536585365852,117.5,2.682926829268293,110.0,0.1829268292682924,7.5
qwen25_15b,440,msc_valid,34,lexical_tfidf,0.2,41,2.8048780487804876,115.0,2.682926829268293,110.0,0.12195121951219479,5.0
qwen25_15b,440,msc_valid,34,recency_keep_compress_drop,0.2,41,2.768292682926829,113.5,2.682926829268293,110.0,0.08536585365853622,3.5
qwen25_15b,440,msc_valid,34,uniform,0.35,41,2.6951219512195124,110.5,2.682926829268293,110.0,0.012195121951219523,0.5
qwen25_15b,440,msc_valid,34,longllmlingua,0.35,41,2.8902439024390243,118.5,2.682926829268293,110.0,0.20731707317073145,8.5
qwen25_15b,440,msc_valid,34,recency,0.35,41,2.8048780487804876,115.0,2.682926829268293,110.0,0.12195121951219479,5.0
qwen25_15b,440,msc_valid,34,lexical_tfidf,0.35,41,2.8048780487804876,115.0,2.682926829268293,110.0,0.12195121951219479,5.0
qwen25_15b,440,msc_valid,34,recency_keep_compress_drop,0.35,41,2.6951219512195124,110.5,2.682926829268293,110.0,0.012195121951219523,0.5
qwen25_15b,440,msc_valid,34,uniform,0.5,41,2.792682926829268,114.5,2.682926829268293,110.0,0.10975609756097526,4.5
qwen25_15b,440,msc_valid,34,longllmlingua,0.5,41,2.8658536585365852,117.5,2.682926829268293,110.0,0.1829268292682924,7.5
qwen25_15b,440,msc_valid,34,recency,0.5,41,2.7439024390243905,112.5,2.682926829268293,110.0,0.060975609756097615,2.5
qwen25_15b,440,msc_valid,34,lexical_tfidf,0.5,41,2.817073170731707,115.5,2.682926829268293,110.0,0.1341463414634143,5.5
qwen25_15b,440,msc_valid,34,recency_keep_compress_drop,0.5,41,2.658536585365854,109.0,2.682926829268293,110.0,-0.024390243902439046,-1.0
qwen25_15b,440,msc_valid,38,uniform,0.2,46,3.239130434782609,149.0,0.0,0.0,3.239130434782609,149.0
qwen25_15b,440,msc_valid,38,longllmlingua,0.2,46,3.0869565217391304,142.0,0.0,0.0,3.0869565217391304,142.0
qwen25_15b,440,msc_valid,38,recency,0.2,46,2.9565217391304346,136.0,0.0,0.0,2.9565217391304346,136.0
qwen25_15b,440,msc_valid,38,lexical_tfidf,0.2,46,3.1739130434782608,146.0,0.0,0.0,3.1739130434782608,146.0
qwen25_15b,440,msc_valid,38,recency_keep_compress_drop,0.2,46,3.1739130434782608,146.0,0.0,0.0,3.1739130434782608,146.0
qwen25_15b,440,msc_valid,38,uniform,0.35,46,3.152173913043478,145.0,0.0,0.0,3.152173913043478,145.0
qwen25_15b,440,msc_valid,38,longllmlingua,0.35,46,3.0652173913043477,141.0,0.0,0.0,3.0652173913043477,141.0
qwen25_15b,440,msc_valid,38,recency,0.35,46,2.9782608695652173,137.0,0.0,0.0,2.9782608695652173,137.0
qwen25_15b,440,msc_valid,38,lexical_tfidf,0.35,46,3.108695652173913,143.0,0.0,0.0,3.108695652173913,143.0
qwen25_15b,440,msc_valid,38,recency_keep_compress_drop,0.35,46,3.0652173913043477,141.0,0.0,0.0,3.0652173913043477,141.0
qwen25_15b,440,msc_valid,38,uniform,0.5,46,3.152173913043478,145.0,0.0,0.0,3.152173913043478,145.0
qwen25_15b,440,msc_valid,38,longllmlingua,0.5,46,3.152173913043478,145.0,0.0,0.0,3.152173913043478,145.0
qwen25_15b,440,msc_valid,38,recency,0.5,46,3.0217391304347827,139.0,0.0,0.0,3.0217391304347827,139.0
qwen25_15b,440,msc_valid,38,lexical_tfidf,0.5,46,3.152173913043478,145.0,0.0,0.0,3.152173913043478,145.0
qwen25_15b,440,msc_valid,38,recency_keep_compress_drop,0.5,46,2.869565217391304,132.0,0.0,0.0,2.869565217391304,132.0
qwen25_15b,440,msc_valid,42,uniform,0.2,39,2.9615384615384617,115.5,0.0,0.0,2.9615384615384617,115.5
qwen25_15b,440,msc_valid,42,longllmlingua,0.2,39,3.051282051282051,119.0,0.0,0.0,3.051282051282051,119.0
qwen25_15b,440,msc_valid,42,recency,0.2,39,3.08974358974359,120.5,0.0,0.0,3.08974358974359,120.5
qwen25_15b,440,msc_valid,42,lexical_tfidf,0.2,39,3.128205128205128,122.0,0.0,0.0,3.128205128205128,122.0
qwen25_15b,440,msc_valid,42,recency_keep_compress_drop,0.2,39,3.141025641025641,122.5,0.0,0.0,3.141025641025641,122.5
qwen25_15b,440,msc_valid,42,uniform,0.35,39,2.9615384615384617,115.5,0.0,0.0,2.9615384615384617,115.5
qwen25_15b,440,msc_valid,42,longllmlingua,0.35,39,3.076923076923077,120.0,0.0,0.0,3.076923076923077,120.0
qwen25_15b,440,msc_valid,42,recency,0.35,39,3.051282051282051,119.0,0.0,0.0,3.051282051282051,119.0
qwen25_15b,440,msc_valid,42,lexical_tfidf,0.35,39,2.9358974358974357,114.5,0.0,0.0,2.9358974358974357,114.5
qwen25_15b,440,msc_valid,42,recency_keep_compress_drop,0.35,39,3.0,117.0,0.0,0.0,3.0,117.0
qwen25_15b,440,msc_valid,42,uniform,0.5,39,2.9358974358974357,114.5,0.0,0.0,2.9358974358974357,114.5
qwen25_15b,440,msc_valid,42,longllmlingua,0.5,39,3.0,117.0,0.0,0.0,3.0,117.0
qwen25_15b,440,msc_valid,42,recency,0.5,39,2.9615384615384617,115.5,0.0,0.0,2.9615384615384617,115.5
qwen25_15b,440,msc_valid,42,lexical_tfidf,0.5,39,2.8974358974358974,113.0,0.0,0.0,2.8974358974358974,113.0
qwen25_15b,440,msc_valid,42,recency_keep_compress_drop,0.5,39,2.948717948717949,115.0,0.0,0.0,2.948717948717949,115.0
qwen25_15b,440,msc_valid,46,uniform,0.2,24,2.46875,59.25,0.0,0.0,2.46875,59.25
qwen25_15b,440,msc_valid,46,longllmlingua,0.2,24,2.75,66.0,0.0,0.0,2.75,66.0
qwen25_15b,440,msc_valid,46,recency,0.2,24,2.5208333333333335,60.5,0.0,0.0,2.5208333333333335,60.5
qwen25_15b,440,msc_valid,46,lexical_tfidf,0.2,24,2.4583333333333335,59.0,0.0,0.0,2.4583333333333335,59.0
qwen25_15b,440,msc_valid,46,recency_keep_compress_drop,0.2,24,2.5729166666666665,61.75,0.0,0.0,2.5729166666666665,61.75
qwen25_15b,440,msc_valid,46,uniform,0.35,24,2.6145833333333335,62.75,0.0,0.0,2.6145833333333335,62.75
qwen25_15b,440,msc_valid,46,longllmlingua,0.35,24,2.6875,64.5,0.0,0.0,2.6875,64.5
qwen25_15b,440,msc_valid,46,recency,0.35,24,2.5416666666666665,61.0,0.0,0.0,2.5416666666666665,61.0
qwen25_15b,440,msc_valid,46,lexical_tfidf,0.35,24,2.5,60.0,0.0,0.0,2.5,60.0
qwen25_15b,440,msc_valid,46,recency_keep_compress_drop,0.35,24,2.4895833333333335,59.75,0.0,0.0,2.4895833333333335,59.75
qwen25_15b,440,msc_valid,46,uniform,0.5,24,2.4791666666666665,59.5,0.0,0.0,2.4791666666666665,59.5
qwen25_15b,440,msc_valid,46,longllmlingua,0.5,24,2.5416666666666665,61.0,0.0,0.0,2.5416666666666665,61.0
qwen25_15b,440,msc_valid,46,recency,0.5,24,2.5729166666666665,61.75,0.0,0.0,2.5729166666666665,61.75
qwen25_15b,440,msc_valid,46,lexical_tfidf,0.5,24,2.4270833333333335,58.25,0.0,0.0,2.4270833333333335,58.25
qwen25_15b,440,msc_valid,46,recency_keep_compress_drop,0.5,24,2.4583333333333335,59.0,0.0,0.0,2.4583333333333335,59.0
qwen25_15b,440,msc_valid,50,uniform,0.2,38,3.1315789473684212,119.0,0.0,0.0,3.1315789473684212,119.0
qwen25_15b,440,msc_valid,50,longllmlingua,0.2,38,3.1973684210526314,121.5,0.0,0.0,3.1973684210526314,121.5
qwen25_15b,440,msc_valid,50,recency,0.2,38,2.9473684210526314,112.0,0.0,0.0,2.9473684210526314,112.0
qwen25_15b,440,msc_valid,50,lexical_tfidf,0.2,38,2.9473684210526314,112.0,0.0,0.0,2.9473684210526314,112.0
qwen25_15b,440,msc_valid,50,recency_keep_compress_drop,0.2,38,2.9342105263157894,111.5,0.0,0.0,2.9342105263157894,111.5
qwen25_15b,440,msc_valid,50,uniform,0.35,38,3.0526315789473686,116.0,0.0,0.0,3.0526315789473686,116.0
qwen25_15b,440,msc_valid,50,longllmlingua,0.35,38,3.0789473684210527,117.0,0.0,0.0,3.0789473684210527,117.0
qwen25_15b,440,msc_valid,50,recency,0.35,38,2.9342105263157894,111.5,0.0,0.0,2.9342105263157894,111.5
qwen25_15b,440,msc_valid,50,lexical_tfidf,0.35,38,2.960526315789474,112.5,0.0,0.0,2.960526315789474,112.5
qwen25_15b,440,msc_valid,50,recency_keep_compress_drop,0.35,38,2.9342105263157894,111.5,0.0,0.0,2.9342105263157894,111.5
qwen25_15b,440,msc_valid,50,uniform,0.5,38,2.960526315789474,112.5,0.0,0.0,2.960526315789474,112.5
qwen25_15b,440,msc_valid,50,longllmlingua,0.5,38,3.0789473684210527,117.0,0.0,0.0,3.0789473684210527,117.0
qwen25_15b,440,msc_valid,50,recency,0.5,38,2.9210526315789473,111.0,0.0,0.0,2.9210526315789473,111.0
qwen25_15b,440,msc_valid,50,lexical_tfidf,0.5,38,3.0,114.0,0.0,0.0,3.0,114.0
qwen25_15b,440,msc_valid,50,recency_keep_compress_drop,0.5,38,2.986842105263158,113.5,0.0,0.0,2.986842105263158,113.5
qwen25_15b,440,msc_valid,54,uniform,0.2,29,2.7586206896551726,80.0,0.0,0.0,2.7586206896551726,80.0
qwen25_15b,440,msc_valid,54,longllmlingua,0.2,29,2.793103448275862,81.0,0.0,0.0,2.793103448275862,81.0
qwen25_15b,440,msc_valid,54,recency,0.2,29,2.6379310344827585,76.5,0.0,0.0,2.6379310344827585,76.5
qwen25_15b,440,msc_valid,54,lexical_tfidf,0.2,29,2.706896551724138,78.5,0.0,0.0,2.706896551724138,78.5
qwen25_15b,440,msc_valid,54,recency_keep_compress_drop,0.2,29,2.689655172413793,78.0,0.0,0.0,2.689655172413793,78.0
qwen25_15b,440,msc_valid,54,uniform,0.35,29,2.6551724137931036,77.0,0.0,0.0,2.6551724137931036,77.0
qwen25_15b,440,msc_valid,54,longllmlingua,0.35,29,2.8275862068965516,82.0,0.0,0.0,2.8275862068965516,82.0
qwen25_15b,440,msc_valid,54,recency,0.35,29,2.6551724137931036,77.0,0.0,0.0,2.6551724137931036,77.0
qwen25_15b,440,msc_valid,54,lexical_tfidf,0.35,29,2.6724137931034484,77.5,0.0,0.0,2.6724137931034484,77.5
qwen25_15b,440,msc_valid,54,recency_keep_compress_drop,0.35,29,2.706896551724138,78.5,0.0,0.0,2.706896551724138,78.5
qwen25_15b,440,msc_valid,54,uniform,0.5,29,2.689655172413793,78.0,0.0,0.0,2.689655172413793,78.0
qwen25_15b,440,msc_valid,54,longllmlingua,0.5,29,2.706896551724138,78.5,0.0,0.0,2.706896551724138,78.5
qwen25_15b,440,msc_valid,54,recency,0.5,11,2.215909090909091,24.375,0.0,0.0,2.215909090909091,24.375
qwen25_15b,440,msc_valid,54,lexical_tfidf,0.5,15,2.5833333333333335,38.75,0.0,0.0,2.5833333333333335,38.75
qwen25_15b,440,msc_valid,54,recency_keep_compress_drop,0.5,14,2.6607142857142856,37.25,0.0,0.0,2.6607142857142856,37.25
qwen25_15b,440,msc_valid,58,uniform,0.2,27,3.4074074074074074,92.0,0.0,0.0,3.4074074074074074,92.0
qwen25_15b,440,msc_valid,58,longllmlingua,0.2,27,3.537037037037037,95.5,0.0,0.0,3.537037037037037,95.5
qwen25_15b,440,msc_valid,58,recency,0.2,27,3.259259259259259,88.0,0.0,0.0,3.259259259259259,88.0
qwen25_15b,440,msc_valid,58,lexical_tfidf,0.2,27,3.259259259259259,88.0,0.0,0.0,3.259259259259259,88.0
qwen25_15b,440,msc_valid,58,recency_keep_compress_drop,0.2,27,3.259259259259259,88.0,0.0,0.0,3.259259259259259,88.0
qwen25_15b,440,msc_valid,58,uniform,0.35,27,3.3703703703703702,91.0,0.0,0.0,3.3703703703703702,91.0
qwen25_15b,440,msc_valid,58,longllmlingua,0.35,27,3.5185185185185186,95.0,0.0,0.0,3.5185185185185186,95.0
qwen25_15b,440,msc_valid,58,recency,0.35,27,3.2777777777777777,88.5,0.0,0.0,3.2777777777777777,88.5
qwen25_15b,440,msc_valid,58,lexical_tfidf,0.35,27,3.2962962962962963,89.0,0.0,0.0,3.2962962962962963,89.0
qwen25_15b,440,msc_valid,58,recency_keep_compress_drop,0.35,27,3.259259259259259,88.0,0.0,0.0,3.259259259259259,88.0
qwen25_15b,440,msc_valid,58,uniform,0.5,27,3.185185185185185,86.0,0.0,0.0,3.185185185185185,86.0
qwen25_15b,440,msc_valid,58,longllmlingua,0.5,27,3.3703703703703702,91.0,0.0,0.0,3.3703703703703702,91.0
qwen25_15b,440,msc_valid,58,recency,0.5,0,0.0,0.0,0.0,0.0,0.0,0.0
qwen25_15b,440,msc_valid,58,lexical_tfidf,0.5,0,0.0,0.0,0.0,0.0,0.0,0.0
qwen25_15b,440,msc_valid,58,recency_keep_compress_drop,0.5,0,0.0,0.0,0.0,0.0,0.0,0.0
qwen25_15b,440,msc_valid,62,uniform,0.2,25,2.46,61.5,0.0,0.0,2.46,61.5
qwen25_15b,440,msc_valid,62,longllmlingua,0.2,25,2.42,60.5,0.0,0.0,2.42,60.5
qwen25_15b,440,msc_valid,62,recency,0.2,25,2.36,59.0,0.0,0.0,2.36,59.0
qwen25_15b,440,msc_valid,62,lexical_tfidf,0.2,25,2.32,58.0,0.0,0.0,2.32,58.0
qwen25_15b,440,msc_valid,62,recency_keep_compress_drop,0.2,25,2.33,58.25,0.0,0.0,2.33,58.25
qwen25_15b,440,msc_valid,62,uniform,0.35,25,2.32,58.0,0.0,0.0,2.32,58.0
qwen25_15b,440,msc_valid,62,longllmlingua,0.35,25,2.43,60.75,0.0,0.0,2.43,60.75
qwen25_15b,440,msc_valid,62,recency,0.35,0,0.0,0.0,0.0,0.0,0.0,0.0
qwen25_15b,440,msc_valid,62,lexical_tfidf,0.35,0,0.0,0.0,0.0,0.0,0.0,0.0
qwen25_15b,440,msc_valid,62,recency_keep_compress_drop,0.35,0,0.0,0.0,0.0,0.0,0.0,0.0
qwen25_15b,440,msc_valid,62,uniform,0.5,25,2.27,56.75,0.0,0.0,2.27,56.75
qwen25_15b,440,msc_valid,62,longllmlingua,0.5,25,2.44,61.0,0.0,0.0,2.44,61.0
qwen25_15b,440,msc_valid,62,recency,0.5,0,0.0,0.0,0.0,0.0,0.0,0.0
qwen25_15b,440,msc_valid,62,lexical_tfidf,0.5,0,0.0,0.0,0.0,0.0,0.0,0.0
qwen25_15b,440,msc_valid,62,recency_keep_compress_drop,0.5,0,0.0,0.0,0.0,0.0,0.0,0.0
qwen25_15b,464,msc_valid,4,uniform,0.2,19,6.026315789473684,114.5,5.526315789473684,105.0,0.5,9.5
qwen25_15b,464,msc_valid,4,longllmlingua,0.2,19,5.473684210526316,104.0,5.526315789473684,105.0,-0.05263157894736814,-1.0
qwen25_15b,464,msc_valid,4,recency,0.2,19,6.026315789473684,114.5,5.526315789473684,105.0,0.5,9.5
qwen25_15b,464,msc_valid,4,lexical_tfidf,0.2,19,6.026315789473684,114.5,5.526315789473684,105.0,0.5,9.5
qwen25_15b,464,msc_valid,4,recency_keep_compress_drop,0.2,19,6.026315789473684,114.5,5.526315789473684,105.0,0.5,9.5
qwen25_15b,464,msc_valid,4,uniform,0.35,19,5.7631578947368425,109.5,5.526315789473684,105.0,0.2368421052631584,4.5
qwen25_15b,464,msc_valid,4,longllmlingua,0.35,19,5.447368421052632,103.5,5.526315789473684,105.0,-0.07894736842105221,-1.5
qwen25_15b,464,msc_valid,4,recency,0.35,19,5.7631578947368425,109.5,5.526315789473684,105.0,0.2368421052631584,4.5
qwen25_15b,464,msc_valid,4,lexical_tfidf,0.35,19,5.7631578947368425,109.5,5.526315789473684,105.0,0.2368421052631584,4.5
qwen25_15b,464,msc_valid,4,recency_keep_compress_drop,0.35,19,5.7631578947368425,109.5,5.526315789473684,105.0,0.2368421052631584,4.5
qwen25_15b,464,msc_valid,4,uniform,0.5,19,5.7631578947368425,109.5,5.526315789473684,105.0,0.2368421052631584,4.5
qwen25_15b,464,msc_valid,4,longllmlingua,0.5,19,5.368421052631579,102.0,5.526315789473684,105.0,-0.1578947368421053,-3.0
qwen25_15b,464,msc_valid,4,recency,0.5,19,5.7631578947368425,109.5,5.526315789473684,105.0,0.2368421052631584,4.5
qwen25_15b,464,msc_valid,4,lexical_tfidf,0.5,19,5.7631578947368425,109.5,5.526315789473684,105.0,0.2368421052631584,4.5
qwen25_15b,464,msc_valid,4,recency_keep_compress_drop,0.5,19,5.7631578947368425,109.5,5.526315789473684,105.0,0.2368421052631584,4.5
qwen25_15b,464,msc_valid,8,uniform,0.2,16,4.75,76.0,4.46875,71.5,0.28125,4.5
qwen25_15b,464,msc_valid,8,longllmlingua,0.2,16,4.8125,77.0,4.46875,71.5,0.34375,5.5
qwen25_15b,464,msc_valid,8,recency,0.2,16,4.84375,77.5,4.46875,71.5,0.375,6.0
qwen25_15b,464,msc_valid,8,lexical_tfidf,0.2,16,5.125,82.0,4.46875,71.5,0.65625,10.5
qwen25_15b,464,msc_valid,8,recency_keep_compress_drop,0.2,16,4.84375,77.5,4.46875,71.5,0.375,6.0
qwen25_15b,464,msc_valid,8,uniform,0.35,16,4.96875,79.5,4.46875,71.5,0.5,8.0
qwen25_15b,464,msc_valid,8,longllmlingua,0.35,16,4.625,74.0,4.46875,71.5,0.15625,2.5
qwen25_15b,464,msc_valid,8,recency,0.35,16,4.75,76.0,4.46875,71.5,0.28125,4.5
qwen25_15b,464,msc_valid,8,lexical_tfidf,0.35,16,5.0,80.0,4.46875,71.5,0.53125,8.5
qwen25_15b,464,msc_valid,8,recency_keep_compress_drop,0.35,16,4.8125,77.0,4.46875,71.5,0.34375,5.5
qwen25_15b,464,msc_valid,8,uniform,0.5,16,4.6875,75.0,4.46875,71.5,0.21875,3.5
qwen25_15b,464,msc_valid,8,longllmlingua,0.5,16,4.5625,73.0,4.46875,71.5,0.09375,1.5
qwen25_15b,464,msc_valid,8,recency,0.5,16,4.75,76.0,4.46875,71.5,0.28125,4.5
qwen25_15b,464,msc_valid,8,lexical_tfidf,0.5,16,4.875,78.0,4.46875,71.5,0.40625,6.5
qwen25_15b,464,msc_valid,8,recency_keep_compress_drop,0.5,16,4.5625,73.0,4.46875,71.5,0.09375,1.5
qwen25_15b,464,msc_valid,12,uniform,0.2,21,4.5476190476190474,95.5,4.023809523809524,84.5,0.5238095238095237,11.0
qwen25_15b,464,msc_valid,12,longllmlingua,0.2,21,4.166666666666667,87.5,4.023809523809524,84.5,0.14285714285714324,3.0
qwen25_15b,464,msc_valid,12,recency,0.2,21,4.357142857142857,91.5,4.023809523809524,84.5,0.33333333333333304,7.0
qwen25_15b,464,msc_valid,12,lexical_tfidf,0.2,21,4.238095238095238,89.0,4.023809523809524,84.5,0.2142857142857144,4.5
qwen25_15b,464,msc_valid,12,recency_keep_compress_drop,0.2,21,4.238095238095238,89.0,4.023809523809524,84.5,0.2142857142857144,4.5
qwen25_15b,464,msc_valid,12,uniform,0.35,21,4.238095238095238,89.0,4.023809523809524,84.5,0.2142857142857144,4.5
qwen25_15b,464,msc_valid,12,longllmlingua,0.35,21,3.9523809523809526,83.0,4.023809523809524,84.5,-0.07142857142857117,-1.5
qwen25_15b,464,msc_valid,12,recency,0.35,21,4.261904761904762,89.5,4.023809523809524,84.5,0.23809523809523814,5.0
qwen25_15b,464,msc_valid,12,lexical_tfidf,0.35,21,4.119047619047619,86.5,4.023809523809524,84.5,0.0952380952380949,2.0
qwen25_15b,464,msc_valid,12,recency_keep_compress_drop,0.35,21,4.166666666666667,87.5,4.023809523809524,84.5,0.14285714285714324,3.0
qwen25_15b,464,msc_valid,12,uniform,0.5,21,4.238095238095238,89.0,4.023809523809524,84.5,0.2142857142857144,4.5
qwen25_15b,464,msc_valid,12,longllmlingua,0.5,21,3.9285714285714284,82.5,4.023809523809524,84.5,-0.09523809523809534,-2.0
qwen25_15b,464,msc_valid,12,recency,0.5,21,4.166666666666667,87.5,4.023809523809524,84.5,0.14285714285714324,3.0
qwen25_15b,464,msc_valid,12,lexical_tfidf,0.5,21,4.190476190476191,88.0,4.023809523809524,84.5,0.16666666666666696,3.5
qwen25_15b,464,msc_valid,12,recency_keep_compress_drop,0.5,21,4.119047619047619,86.5,4.023809523809524,84.5,0.0952380952380949,2.0
qwen25_15b,464,msc_valid,16,uniform,0.2,48,3.0208333333333335,145.0,2.8333333333333335,136.0,0.1875,9.0
qwen25_15b,464,msc_valid,16,longllmlingua,0.2,48,2.7291666666666665,131.0,2.8333333333333335,136.0,-0.10416666666666696,-5.0
qwen25_15b,464,msc_valid,16,recency,0.2,48,2.8958333333333335,139.0,2.8333333333333335,136.0,0.0625,3.0
qwen25_15b,464,msc_valid,16,lexical_tfidf,0.2,48,2.7291666666666665,131.0,2.8333333333333335,136.0,-0.10416666666666696,-5.0
qwen25_15b,464,msc_valid,16,recency_keep_compress_drop,0.2,48,2.9791666666666665,143.0,2.8333333333333335,136.0,0.14583333333333304,7.0
qwen25_15b,464,msc_valid,16,uniform,0.35,48,3.0208333333333335,145.0,2.8333333333333335,136.0,0.1875,9.0
qwen25_15b,464,msc_valid,16,longllmlingua,0.35,48,2.75,132.0,2.8333333333333335,136.0,-0.08333333333333348,-4.0
qwen25_15b,464,msc_valid,16,recency,0.35,48,2.8333333333333335,136.0,2.8333333333333335,136.0,0.0,0.0
qwen25_15b,464,msc_valid,16,lexical_tfidf,0.35,48,2.7916666666666665,134.0,2.8333333333333335,136.0,-0.04166666666666696,-2.0
qwen25_15b,464,msc_valid,16,recency_keep_compress_drop,0.35,48,2.8541666666666665,137.0,2.8333333333333335,136.0,0.020833333333333037,1.0
qwen25_15b,464,msc_valid,16,uniform,0.5,48,2.9791666666666665,143.0,2.8333333333333335,136.0,0.14583333333333304,7.0
qwen25_15b,464,msc_valid,16,longllmlingua,0.5,48,2.7708333333333335,133.0,2.8333333333333335,136.0,-0.0625,-3.0
qwen25_15b,464,msc_valid,16,recency,0.5,48,2.8333333333333335,136.0,2.8333333333333335,136.0,0.0,0.0
qwen25_15b,464,msc_valid,16,lexical_tfidf,0.5,48,2.8333333333333335,136.0,2.8333333333333335,136.0,0.0,0.0
qwen25_15b,464,msc_valid,16,recency_keep_compress_drop,0.5,48,2.8125,135.0,2.8333333333333335,136.0,-0.02083333333333348,-1.0
qwen25_15b,464,msc_valid,18,uniform,0.2,66,3.3181818181818183,219.0,3.212121212121212,212.0,0.10606060606060641,7.0
qwen25_15b,464,msc_valid,18,longllmlingua,0.2,66,3.1515151515151514,208.0,3.212121212121212,212.0,-0.06060606060606055,-4.0
qwen25_15b,464,msc_valid,18,recency,0.2,66,3.3181818181818183,219.0,3.212121212121212,212.0,0.10606060606060641,7.0
qwen25_15b,464,msc_valid,18,lexical_tfidf,0.2,66,3.303030303030303,218.0,3.212121212121212,212.0,0.09090909090909127,6.0
qwen25_15b,464,msc_valid,18,recency_keep_compress_drop,0.2,66,3.212121212121212,212.0,3.212121212121212,212.0,0.0,0.0
qwen25_15b,464,msc_valid,18,uniform,0.35,66,3.257575757575758,215.0,3.212121212121212,212.0,0.04545454545454586,3.0
qwen25_15b,464,msc_valid,18,longllmlingua,0.35,66,3.1666666666666665,209.0,3.212121212121212,212.0,-0.045454545454545414,-3.0
qwen25_15b,464,msc_valid,18,recency,0.35,66,3.303030303030303,218.0,3.212121212121212,212.0,0.09090909090909127,6.0
qwen25_15b,464,msc_valid,18,lexical_tfidf,0.35,66,3.3181818181818183,219.0,3.212121212121212,212.0,0.10606060606060641,7.0
qwen25_15b,464,msc_valid,18,recency_keep_compress_drop,0.35,66,3.242424242424242,214.0,3.212121212121212,212.0,0.030303030303030276,2.0
qwen25_15b,464,msc_valid,18,uniform,0.5,66,3.242424242424242,214.0,3.212121212121212,212.0,0.030303030303030276,2.0
qwen25_15b,464,msc_valid,18,longllmlingua,0.5,66,3.227272727272727,213.0,3.212121212121212,212.0,0.015151515151515138,1.0
qwen25_15b,464,msc_valid,18,recency,0.5,66,3.212121212121212,212.0,3.212121212121212,212.0,0.0,0.0
qwen25_15b,464,msc_valid,18,lexical_tfidf,0.5,66,3.3181818181818183,219.0,3.212121212121212,212.0,0.10606060606060641,7.0
qwen25_15b,464,msc_valid,18,recency_keep_compress_drop,0.5,66,3.3181818181818183,219.0,3.212121212121212,212.0,0.10606060606060641,7.0
qwen25_15b,464,msc_valid,22,uniform,0.2,57,2.9473684210526314,168.0,2.6140350877192984,149.0,0.33333333333333304,19.0
qwen25_15b,464,msc_valid,22,longllmlingua,0.2,57,2.8596491228070176,163.0,2.6140350877192984,149.0,0.24561403508771917,14.0
qwen25_15b,464,msc_valid,22,recency,0.2,57,2.8947368421052633,165.0,2.6140350877192984,149.0,0.2807017543859649,16.0
qwen25_15b,464,msc_valid,22,lexical_tfidf,0.2,57,2.9298245614035086,167.0,2.6140350877192984,149.0,0.3157894736842102,18.0
qwen25_15b,464,msc_valid,22,recency_keep_compress_drop,0.2,57,2.8947368421052633,165.0,2.6140350877192984,149.0,0.2807017543859649,16.0
qwen25_15b,464,msc_valid,22,uniform,0.35,57,2.824561403508772,161.0,2.6140350877192984,149.0,0.21052631578947345,12.0
qwen25_15b,464,msc_valid,22,longllmlingua,0.35,57,2.789473684210526,159.0,2.6140350877192984,149.0,0.17543859649122773,10.0
qwen25_15b,464,msc_valid,22,recency,0.35,57,2.824561403508772,161.0,2.6140350877192984,149.0,0.21052631578947345,12.0
qwen25_15b,464,msc_valid,22,lexical_tfidf,0.35,57,2.8771929824561404,164.0,2.6140350877192984,149.0,0.26315789473684204,15.0
qwen25_15b,464,msc_valid,22,recency_keep_compress_drop,0.35,57,2.789473684210526,159.0,2.6140350877192984,149.0,0.17543859649122773,10.0
qwen25_15b,464,msc_valid,22,uniform,0.5,57,2.807017543859649,160.0,2.6140350877192984,149.0,0.1929824561403506,11.0
qwen25_15b,464,msc_valid,22,longllmlingua,0.5,57,2.789473684210526,159.0,2.6140350877192984,149.0,0.17543859649122773,10.0
qwen25_15b,464,msc_valid,22,recency,0.5,57,2.824561403508772,161.0,2.6140350877192984,149.0,0.21052631578947345,12.0
qwen25_15b,464,msc_valid,22,lexical_tfidf,0.5,57,2.8596491228070176,163.0,2.6140350877192984,149.0,0.24561403508771917,14.0
qwen25_15b,464,msc_valid,22,recency_keep_compress_drop,0.5,57,2.754385964912281,157.0,2.6140350877192984,149.0,0.14035087719298245,8.0
qwen25_15b,464,msc_valid,26,uniform,0.2,17,3.0441176470588234,51.75,2.7058823529411766,46.0,0.33823529411764675,5.75
qwen25_15b,464,msc_valid,26,longllmlingua,0.2,17,2.9558823529411766,50.25,2.7058823529411766,46.0,0.25,4.25
qwen25_15b,464,msc_valid,26,recency,0.2,17,2.8970588235294117,49.25,2.7058823529411766,46.0,0.19117647058823506,3.25
qwen25_15b,464,msc_valid,26,lexical_tfidf,0.2,17,3.088235294117647,52.5,2.7058823529411766,46.0,0.38235294117647056,6.5
qwen25_15b,464,msc_valid,26,recency_keep_compress_drop,0.2,17,2.8676470588235294,48.75,2.7058823529411766,46.0,0.1617647058823528,2.75
qwen25_15b,464,msc_valid,26,uniform,0.35,17,2.8529411764705883,48.5,2.7058823529411766,46.0,0.1470588235294117,2.5
qwen25_15b,464,msc_valid,26,longllmlingua,0.35,17,2.838235294117647,48.25,2.7058823529411766,46.0,0.13235294117647056,2.25
qwen25_15b,464,msc_valid,26,recency,0.35,17,3.0441176470588234,51.75,2.7058823529411766,46.0,0.33823529411764675,5.75
qwen25_15b,464,msc_valid,26,lexical_tfidf,0.35,17,3.1029411764705883,52.75,2.7058823529411766,46.0,0.3970588235294117,6.75
qwen25_15b,464,msc_valid,26,recency_keep_compress_drop,0.35,17,2.8676470588235294,48.75,2.7058823529411766,46.0,0.1617647058823528,2.75
qwen25_15b,464,msc_valid,26,uniform,0.5,17,2.8529411764705883,48.5,2.7058823529411766,46.0,0.1470588235294117,2.5
qwen25_15b,464,msc_valid,26,longllmlingua,0.5,17,2.7941176470588234,47.5,2.7058823529411766,46.0,0.08823529411764675,1.5
qwen25_15b,464,msc_valid,26,recency,0.5,17,3.0294117647058822,51.5,2.7058823529411766,46.0,0.3235294117647056,5.5
qwen25_15b,464,msc_valid,26,lexical_tfidf,0.5,17,2.764705882352941,47.0,2.7058823529411766,46.0,0.0588235294117645,1.0
qwen25_15b,464,msc_valid,26,recency_keep_compress_drop,0.5,17,2.6911764705882355,45.75,2.7058823529411766,46.0,-0.014705882352941124,-0.25
qwen25_15b,464,msc_valid,30,uniform,0.2,58,2.4310344827586206,141.0,0.0,0.0,2.4310344827586206,141.0
qwen25_15b,464,msc_valid,30,longllmlingua,0.2,58,2.3793103448275863,138.0,0.0,0.0,2.3793103448275863,138.0
qwen25_15b,464,msc_valid,30,recency,0.2,58,2.413793103448276,140.0,0.0,0.0,2.413793103448276,140.0
qwen25_15b,464,msc_valid,30,lexical_tfidf,0.2,58,2.4310344827586206,141.0,0.0,0.0,2.4310344827586206,141.0
qwen25_15b,464,msc_valid,30,recency_keep_compress_drop,0.2,58,2.3620689655172415,137.0,0.0,0.0,2.3620689655172415,137.0
qwen25_15b,464,msc_valid,30,uniform,0.35,58,2.4482758620689653,142.0,0.0,0.0,2.4482758620689653,142.0
qwen25_15b,464,msc_valid,30,longllmlingua,0.35,58,2.3793103448275863,138.0,0.0,0.0,2.3793103448275863,138.0
qwen25_15b,464,msc_valid,30,recency,0.35,58,2.396551724137931,139.0,0.0,0.0,2.396551724137931,139.0
qwen25_15b,464,msc_valid,30,lexical_tfidf,0.35,58,2.3275862068965516,135.0,0.0,0.0,2.3275862068965516,135.0
qwen25_15b,464,msc_valid,30,recency_keep_compress_drop,0.35,58,2.3793103448275863,138.0,0.0,0.0,2.3793103448275863,138.0
qwen25_15b,464,msc_valid,30,uniform,0.5,58,2.310344827586207,134.0,0.0,0.0,2.310344827586207,134.0
qwen25_15b,464,msc_valid,30,longllmlingua,0.5,58,2.3793103448275863,138.0,0.0,0.0,2.3793103448275863,138.0
qwen25_15b,464,msc_valid,30,recency,0.5,58,2.3793103448275863,138.0,0.0,0.0,2.3793103448275863,138.0
qwen25_15b,464,msc_valid,30,lexical_tfidf,0.5,58,2.3448275862068964,136.0,0.0,0.0,2.3448275862068964,136.0
qwen25_15b,464,msc_valid,30,recency_keep_compress_drop,0.5,58,2.3620689655172415,137.0,0.0,0.0,2.3620689655172415,137.0
qwen25_15b,464,msc_valid,34,uniform,0.2,12,2.8125,33.75,0.0,0.0,2.8125,33.75
qwen25_15b,464,msc_valid,34,longllmlingua,0.2,12,2.8125,33.75,0.0,0.0,2.8125,33.75
qwen25_15b,464,msc_valid,34,recency,0.2,12,2.7916666666666665,33.5,0.0,0.0,2.7916666666666665,33.5
qwen25_15b,464,msc_valid,34,lexical_tfidf,0.2,12,3.2708333333333335,39.25,0.0,0.0,3.2708333333333335,39.25
qwen25_15b,464,msc_valid,34,recency_keep_compress_drop,0.2,12,2.9583333333333335,35.5,0.0,0.0,2.9583333333333335,35.5
qwen25_15b,464,msc_valid,34,uniform,0.35,12,2.6875,32.25,0.0,0.0,2.6875,32.25
qwen25_15b,464,msc_valid,34,longllmlingua,0.35,12,2.6875,32.25,0.0,0.0,2.6875,32.25
qwen25_15b,464,msc_valid,34,recency,0.35,12,2.7708333333333335,33.25,0.0,0.0,2.7708333333333335,33.25
qwen25_15b,464,msc_valid,34,lexical_tfidf,0.35,12,2.9583333333333335,35.5,0.0,0.0,2.9583333333333335,35.5
qwen25_15b,464,msc_valid,34,recency_keep_compress_drop,0.35,12,3.1875,38.25,0.0,0.0,3.1875,38.25
qwen25_15b,464,msc_valid,34,uniform,0.5,12,2.75,33.0,0.0,0.0,2.75,33.0
qwen25_15b,464,msc_valid,34,longllmlingua,0.5,12,2.6145833333333335,31.375,0.0,0.0,2.6145833333333335,31.375
qwen25_15b,464,msc_valid,34,recency,0.5,12,2.8541666666666665,34.25,0.0,0.0,2.8541666666666665,34.25
qwen25_15b,464,msc_valid,34,lexical_tfidf,0.5,12,2.8333333333333335,34.0,0.0,0.0,2.8333333333333335,34.0
qwen25_15b,464,msc_valid,34,recency_keep_compress_drop,0.5,12,2.9583333333333335,35.5,0.0,0.0,2.9583333333333335,35.5
qwen25_15b,464,msc_valid,38,uniform,0.2,40,2.2625,90.5,0.0,0.0,2.2625,90.5
qwen25_15b,464,msc_valid,38,longllmlingua,0.2,40,2.3875,95.5,0.0,0.0,2.3875,95.5
qwen25_15b,464,msc_valid,38,recency,0.2,40,2.2875,91.5,0.0,0.0,2.2875,91.5
qwen25_15b,464,msc_valid,38,lexical_tfidf,0.2,40,2.3,92.0,0.0,0.0,2.3,92.0
qwen25_15b,464,msc_valid,38,recency_keep_compress_drop,0.2,40,2.275,91.0,0.0,0.0,2.275,91.0
qwen25_15b,464,msc_valid,38,uniform,0.35,40,2.275,91.0,0.0,0.0,2.275,91.0
qwen25_15b,464,msc_valid,38,longllmlingua,0.35,40,2.45,98.0,0.0,0.0,2.45,98.0
qwen25_15b,464,msc_valid,38,recency,0.35,40,2.275,91.0,0.0,0.0,2.275,91.0
qwen25_15b,464,msc_valid,38,lexical_tfidf,0.35,40,2.275,91.0,0.0,0.0,2.275,91.0
qwen25_15b,464,msc_valid,38,recency_keep_compress_drop,0.35,40,2.2,88.0,0.0,0.0,2.2,88.0
qwen25_15b,464,msc_valid,38,uniform,0.5,40,2.1625,86.5,0.0,0.0,2.1625,86.5
qwen25_15b,464,msc_valid,38,longllmlingua,0.5,40,2.3625,94.5,0.0,0.0,2.3625,94.5
qwen25_15b,464,msc_valid,38,recency,0.5,40,2.2375,89.5,0.0,0.0,2.2375,89.5
qwen25_15b,464,msc_valid,38,lexical_tfidf,0.5,40,2.25,90.0,0.0,0.0,2.25,90.0
qwen25_15b,464,msc_valid,38,recency_keep_compress_drop,0.5,40,2.1375,85.5,0.0,0.0,2.1375,85.5
qwen25_15b,464,msc_valid,42,uniform,0.2,24,3.0208333333333335,72.5,0.0,0.0,3.0208333333333335,72.5
qwen25_15b,464,msc_valid,42,longllmlingua,0.2,24,3.125,75.0,0.0,0.0,3.125,75.0
qwen25_15b,464,msc_valid,42,recency,0.2,24,2.7291666666666665,65.5,0.0,0.0,2.7291666666666665,65.5
qwen25_15b,464,msc_valid,42,lexical_tfidf,0.2,24,2.7916666666666665,67.0,0.0,0.0,2.7916666666666665,67.0
qwen25_15b,464,msc_valid,42,recency_keep_compress_drop,0.2,24,2.8541666666666665,68.5,0.0,0.0,2.8541666666666665,68.5
qwen25_15b,464,msc_valid,42,uniform,0.35,24,2.8958333333333335,69.5,0.0,0.0,2.8958333333333335,69.5
qwen25_15b,464,msc_valid,42,longllmlingua,0.35,24,2.9583333333333335,71.0,0.0,0.0,2.9583333333333335,71.0
qwen25_15b,464,msc_valid,42,recency,0.35,24,2.7708333333333335,66.5,0.0,0.0,2.7708333333333335,66.5
qwen25_15b,464,msc_valid,42,lexical_tfidf,0.35,24,2.75,66.0,0.0,0.0,2.75,66.0
qwen25_15b,464,msc_valid,42,recency_keep_compress_drop,0.35,24,2.8333333333333335,68.0,0.0,0.0,2.8333333333333335,68.0
qwen25_15b,464,msc_valid,42,uniform,0.5,24,2.6458333333333335,63.5,0.0,0.0,2.6458333333333335,63.5
qwen25_15b,464,msc_valid,42,longllmlingua,0.5,24,2.875,69.0,0.0,0.0,2.875,69.0
qwen25_15b,464,msc_valid,42,recency,0.5,18,2.4583333333333335,44.25,0.0,0.0,2.4583333333333335,44.25
qwen25_15b,464,msc_valid,42,lexical_tfidf,0.5,14,2.4642857142857144,34.5,0.0,0.0,2.4642857142857144,34.5
qwen25_15b,464,msc_valid,42,recency_keep_compress_drop,0.5,16,2.40625,38.5,0.0,0.0,2.40625,38.5
qwen25_15b,464,msc_valid,46,uniform,0.2,33,3.0303030303030303,100.0,0.0,0.0,3.0303030303030303,100.0
qwen25_15b,464,msc_valid,46,longllmlingua,0.2,33,2.5303030303030303,83.5,0.0,0.0,2.5303030303030303,83.5
qwen25_15b,464,msc_valid,46,recency,0.2,33,2.4696969696969697,81.5,0.0,0.0,2.4696969696969697,81.5
qwen25_15b,464,msc_valid,46,lexical_tfidf,0.2,33,2.8636363636363638,94.5,0.0,0.0,2.8636363636363638,94.5
qwen25_15b,464,msc_valid,46,recency_keep_compress_drop,0.2,33,2.4393939393939394,80.5,0.0,0.0,2.4393939393939394,80.5
qwen25_15b,464,msc_valid,46,uniform,0.35,33,2.6363636363636362,87.0,0.0,0.0,2.6363636363636362,87.0
qwen25_15b,464,msc_valid,46,longllmlingua,0.35,33,2.484848484848485,82.0,0.0,0.0,2.484848484848485,82.0
qwen25_15b,464,msc_valid,46,recency,0.35,33,2.484848484848485,82.0,0.0,0.0,2.484848484848485,82.0
qwen25_15b,464,msc_valid,46,lexical_tfidf,0.35,33,2.787878787878788,92.0,0.0,0.0,2.787878787878788,92.0
qwen25_15b,464,msc_valid,46,recency_keep_compress_drop,0.35,33,2.393939393939394,79.0,0.0,0.0,2.393939393939394,79.0
qwen25_15b,464,msc_valid,46,uniform,0.5,33,2.515151515151515,83.0,0.0,0.0,2.515151515151515,83.0
qwen25_15b,464,msc_valid,46,longllmlingua,0.5,33,2.409090909090909,79.5,0.0,0.0,2.409090909090909,79.5
qwen25_15b,464,msc_valid,46,recency,0.5,0,0.0,0.0,0.0,0.0,0.0,0.0
qwen25_15b,464,msc_valid,46,lexical_tfidf,0.5,0,0.0,0.0,0.0,0.0,0.0,0.0
qwen25_15b,464,msc_valid,46,recency_keep_compress_drop,0.5,0,0.0,0.0,0.0,0.0,0.0,0.0
qwen25_15b,464,msc_valid,48,uniform,0.2,28,2.4464285714285716,68.5,0.0,0.0,2.4464285714285716,68.5
qwen25_15b,464,msc_valid,48,longllmlingua,0.2,28,2.5357142857142856,71.0,0.0,0.0,2.5357142857142856,71.0
qwen25_15b,464,msc_valid,48,recency,0.2,28,2.3214285714285716,65.0,0.0,0.0,2.3214285714285716,65.0
qwen25_15b,464,msc_valid,48,lexical_tfidf,0.2,28,2.2767857142857144,63.75,0.0,0.0,2.2767857142857144,63.75
qwen25_15b,464,msc_valid,48,recency_keep_compress_drop,0.2,28,2.357142857142857,66.0,0.0,0.0,2.357142857142857,66.0
qwen25_15b,464,msc_valid,48,uniform,0.35,28,2.375,66.5,0.0,0.0,2.375,66.5
qwen25_15b,464,msc_valid,48,longllmlingua,0.35,28,2.5,70.0,0.0,0.0,2.5,70.0
qwen25_15b,464,msc_valid,48,recency,0.35,0,0.0,0.0,0.0,0.0,0.0,0.0
qwen25_15b,464,msc_valid,48,lexical_tfidf,0.35,16,3.1875,51.0,0.0,0.0,3.1875,51.0
qwen25_15b,464,msc_valid,48,recency_keep_compress_drop,0.35,1,4.40625,4.40625,0.0,0.0,4.40625,4.40625
qwen25_15b,464,msc_valid,48,uniform,0.5,13,3.3653846153846154,43.75,0.0,0.0,3.3653846153846154,43.75
qwen25_15b,464,msc_valid,48,longllmlingua,0.5,28,2.5357142857142856,71.0,0.0,0.0,2.5357142857142856,71.0
qwen25_15b,464,msc_valid,48,recency,0.5,0,0.0,0.0,0.0,0.0,0.0,0.0
qwen25_15b,464,msc_valid,48,lexical_tfidf,0.5,0,0.0,0.0,0.0,0.0,0.0,0.0
qwen25_15b,464,msc_valid,48,recency_keep_compress_drop,0.5,0,0.0,0.0,0.0,0.0,0.0,0.0
qwen25_15b,464,msc_valid,52,uniform,0.2,51,2.843137254901961,145.0,0.0,0.0,2.843137254901961,145.0
qwen25_15b,464,msc_valid,52,longllmlingua,0.2,51,2.9215686274509802,149.0,0.0,0.0,2.9215686274509802,149.0
qwen25_15b,464,msc_valid,52,recency,0.2,19,2.776315789473684,52.75,0.0,0.0,2.776315789473684,52.75
qwen25_15b,464,msc_valid,52,lexical_tfidf,0.2,44,3.1818181818181817,140.0,0.0,0.0,3.1818181818181817,140.0
qwen25_15b,464,msc_valid,52,recency_keep_compress_drop,0.2,51,2.803921568627451,143.0,0.0,0.0,2.803921568627451,143.0
qwen25_15b,464,msc_valid,52,uniform,0.35,51,2.823529411764706,144.0,0.0,0.0,2.823529411764706,144.0
qwen25_15b,464,msc_valid,52,longllmlingua,0.35,51,2.843137254901961,145.0,0.0,0.0,2.843137254901961,145.0
qwen25_15b,464,msc_valid,52,recency,0.35,0,0.0,0.0,0.0,0.0,0.0,0.0
qwen25_15b,464,msc_valid,52,lexical_tfidf,0.35,0,0.0,0.0,0.0,0.0,0.0,0.0
qwen25_15b,464,msc_valid,52,recency_keep_compress_drop,0.35,0,0.0,0.0,0.0,0.0,0.0,0.0
qwen25_15b,464,msc_valid,52,uniform,0.5,51,2.627450980392157,134.0,0.0,0.0,2.627450980392157,134.0
qwen25_15b,464,msc_valid,52,longllmlingua,0.5,51,2.843137254901961,145.0,0.0,0.0,2.843137254901961,145.0
qwen25_15b,464,msc_valid,52,recency,0.5,0,0.0,0.0,0.0,0.0,0.0,0.0
qwen25_15b,464,msc_valid,52,lexical_tfidf,0.5,0,0.0,0.0,0.0,0.0,0.0,0.0
qwen25_15b,464,msc_valid,52,recency_keep_compress_drop,0.5,0,0.0,0.0,0.0,0.0,0.0,0.0
qwen25_15b,464,msc_valid,56,uniform,0.2,82,2.4146341463414633,198.0,0.0,0.0,2.4146341463414633,198.0
qwen25_15b,464,msc_valid,56,longllmlingua,0.2,82,2.2804878048780486,187.0,0.0,0.0,2.2804878048780486,187.0
qwen25_15b,464,msc_valid,56,recency,0.2,0,0.0,0.0,0.0,0.0,0.0,0.0
qwen25_15b,464,msc_valid,56,lexical_tfidf,0.2,0,0.0,0.0,0.0,0.0,0.0,0.0
qwen25_15b,464,msc_valid,56,recency_keep_compress_drop,0.2,0,0.0,0.0,0.0,0.0,0.0,0.0
qwen25_15b,464,msc_valid,56,uniform,0.35,82,2.402439024390244,197.0,0.0,0.0,2.402439024390244,197.0
qwen25_15b,464,msc_valid,56,longllmlingua,0.35,82,2.268292682926829,186.0,0.0,0.0,2.268292682926829,186.0
qwen25_15b,464,msc_valid,56,recency,0.35,0,0.0,0.0,0.0,0.0,0.0,0.0
qwen25_15b,464,msc_valid,56,lexical_tfidf,0.35,0,0.0,0.0,0.0,0.0,0.0,0.0
qwen25_15b,464,msc_valid,56,recency_keep_compress_drop,0.35,0,0.0,0.0,0.0,0.0,0.0,0.0
qwen25_15b,464,msc_valid,56,uniform,0.5,82,2.317073170731707,190.0,0.0,0.0,2.317073170731707,190.0
qwen25_15b,464,msc_valid,56,longllmlingua,0.5,82,2.2804878048780486,187.0,0.0,0.0,2.2804878048780486,187.0
qwen25_15b,464,msc_valid,56,recency,0.5,0,0.0,0.0,0.0,0.0,0.0,0.0
qwen25_15b,464,msc_valid,56,lexical_tfidf,0.5,0,0.0,0.0,0.0,0.0,0.0,0.0
qwen25_15b,464,msc_valid,56,recency_keep_compress_drop,0.5,0,0.0,0.0,0.0,0.0,0.0,0.0
qwen25_15b,464,msc_valid,60,uniform,0.2,62,3.4838709677419355,216.0,0.0,0.0,3.4838709677419355,216.0
qwen25_15b,464,msc_valid,60,longllmlingua,0.2,62,3.467741935483871,215.0,0.0,0.0,3.467741935483871,215.0
qwen25_15b,464,msc_valid,60,recency,0.2,0,0.0,0.0,0.0,0.0,0.0,0.0
qwen25_15b,464,msc_valid,60,lexical_tfidf,0.2,0,0.0,0.0,0.0,0.0,0.0,0.0
qwen25_15b,464,msc_valid,60,recency_keep_compress_drop,0.2,0,0.0,0.0,0.0,0.0,0.0,0.0
qwen25_15b,464,msc_valid,60,uniform,0.35,62,3.5,217.0,0.0,0.0,3.5,217.0
qwen25_15b,464,msc_valid,60,longllmlingua,0.35,62,3.403225806451613,211.0,0.0,0.0,3.403225806451613,211.0
qwen25_15b,464,msc_valid,60,recency,0.35,0,0.0,0.0,0.0,0.0,0.0,0.0
qwen25_15b,464,msc_valid,60,lexical_tfidf,0.35,0,0.0,0.0,0.0,0.0,0.0,0.0
qwen25_15b,464,msc_valid,60,recency_keep_compress_drop,0.35,0,0.0,0.0,0.0,0.0,0.0,0.0
qwen25_15b,464,msc_valid,60,uniform,0.5,62,3.4838709677419355,216.0,0.0,0.0,3.4838709677419355,216.0
qwen25_15b,464,msc_valid,60,longllmlingua,0.5,0,0.0,0.0,0.0,0.0,0.0,0.0
qwen25_15b,464,msc_valid,60,recency,0.5,0,0.0,0.0,0.0,0.0,0.0,0.0
qwen25_15b,464,msc_valid,60,lexical_tfidf,0.5,0,0.0,0.0,0.0,0.0,0.0,0.0
qwen25_15b,464,msc_valid,60,recency_keep_compress_drop,0.5,0,0.0,0.0,0.0,0.0,0.0,0.0
qwen25_15b,471,msc_valid,4,uniform,0.2,17,3.823529411764706,65.0,3.485294117647059,59.25,0.3382352941176472,5.75
qwen25_15b,471,msc_valid,4,longllmlingua,0.2,17,3.4558823529411766,58.75,3.485294117647059,59.25,-0.02941176470588225,-0.5
qwen25_15b,471,msc_valid,4,recency,0.2,17,3.823529411764706,65.0,3.485294117647059,59.25,0.3382352941176472,5.75
qwen25_15b,471,msc_valid,4,lexical_tfidf,0.2,17,3.823529411764706,65.0,3.485294117647059,59.25,0.3382352941176472,5.75
qwen25_15b,471,msc_valid,4,recency_keep_compress_drop,0.2,17,3.823529411764706,65.0,3.485294117647059,59.25,0.3382352941176472,5.75
qwen25_15b,471,msc_valid,4,uniform,0.35,17,3.7205882352941178,63.25,3.485294117647059,59.25,0.23529411764705888,4.0
qwen25_15b,471,msc_valid,4,longllmlingua,0.35,17,3.4558823529411766,58.75,3.485294117647059,59.25,-0.02941176470588225,-0.5
qwen25_15b,471,msc_valid,4,recency,0.35,17,3.7205882352941178,63.25,3.485294117647059,59.25,0.23529411764705888,4.0
qwen25_15b,471,msc_valid,4,lexical_tfidf,0.35,17,3.7205882352941178,63.25,3.485294117647059,59.25,0.23529411764705888,4.0
qwen25_15b,471,msc_valid,4,recency_keep_compress_drop,0.35,17,3.7205882352941178,63.25,3.485294117647059,59.25,0.23529411764705888,4.0
qwen25_15b,471,msc_valid,4,uniform,0.5,17,3.7205882352941178,63.25,3.485294117647059,59.25,0.23529411764705888,4.0
qwen25_15b,471,msc_valid,4,longllmlingua,0.5,17,3.4411764705882355,58.5,3.485294117647059,59.25,-0.04411764705882337,-0.75
qwen25_15b,471,msc_valid,4,recency,0.5,17,3.7205882352941178,63.25,3.485294117647059,59.25,0.23529411764705888,4.0
qwen25_15b,471,msc_valid,4,lexical_tfidf,0.5,17,3.7205882352941178,63.25,3.485294117647059,59.25,0.23529411764705888,4.0
qwen25_15b,471,msc_valid,4,recency_keep_compress_drop,0.5,17,3.7205882352941178,63.25,3.485294117647059,59.25,0.23529411764705888,4.0
qwen25_15b,471,msc_valid,6,uniform,0.2,16,2.96875,47.5,2.1875,35.0,0.78125,12.5
qwen25_15b,471,msc_valid,6,longllmlingua,0.2,16,2.796875,44.75,2.1875,35.0,0.609375,9.75
qwen25_15b,471,msc_valid,6,recency,0.2,16,2.84375,45.5,2.1875,35.0,0.65625,10.5
qwen25_15b,471,msc_valid,6,lexical_tfidf,0.2,16,2.84375,45.5,2.1875,35.0,0.65625,10.5
qwen25_15b,471,msc_valid,6,recency_keep_compress_drop,0.2,16,2.84375,45.5,2.1875,35.0,0.65625,10.5
qwen25_15b,471,msc_valid,6,uniform,0.35,16,2.96875,47.5,2.1875,35.0,0.78125,12.5
qwen25_15b,471,msc_valid,6,longllmlingua,0.35,16,2.765625,44.25,2.1875,35.0,0.578125,9.25
qwen25_15b,471,msc_valid,6,recency,0.35,16,2.84375,45.5,2.1875,35.0,0.65625,10.5
qwen25_15b,471,msc_valid,6,lexical_tfidf,0.35,16,2.84375,45.5,2.1875,35.0,0.65625,10.5
qwen25_15b,471,msc_valid,6,recency_keep_compress_drop,0.35,16,2.84375,45.5,2.1875,35.0,0.65625,10.5
qwen25_15b,471,msc_valid,6,uniform,0.5,16,3.234375,51.75,2.1875,35.0,1.046875,16.75
qwen25_15b,471,msc_valid,6,longllmlingua,0.5,16,2.296875,36.75,2.1875,35.0,0.109375,1.75
qwen25_15b,471,msc_valid,6,recency,0.5,16,2.515625,40.25,2.1875,35.0,0.328125,5.25
qwen25_15b,471,msc_valid,6,lexical_tfidf,0.5,16,2.515625,40.25,2.1875,35.0,0.328125,5.25
qwen25_15b,471,msc_valid,6,recency_keep_compress_drop,0.5,16,2.46875,39.5,2.1875,35.0,0.28125,4.5
qwen25_15b,471,msc_valid,8,uniform,0.2,19,2.8026315789473686,53.25,2.6578947368421053,50.5,0.14473684210526327,2.75
qwen25_15b,471,msc_valid,8,longllmlingua,0.2,19,2.5,47.5,2.6578947368421053,50.5,-0.1578947368421053,-3.0
qwen25_15b,471,msc_valid,8,recency,0.2,19,2.8421052631578947,54.0,2.6578947368421053,50.5,0.18421052631578938,3.5
qwen25_15b,471,msc_valid,8,lexical_tfidf,0.2,19,2.763157894736842,52.5,2.6578947368421053,50.5,0.10526315789473673,2.0
qwen25_15b,471,msc_valid,8,recency_keep_compress_drop,0.2,19,2.723684210526316,51.75,2.6578947368421053,50.5,0.06578947368421062,1.25
qwen25_15b,471,msc_valid,8,uniform,0.35,19,2.763157894736842,52.5,2.6578947368421053,50.5,0.10526315789473673,2.0
qwen25_15b,471,msc_valid,8,longllmlingua,0.35,19,2.4078947368421053,45.75,2.6578947368421053,50.5,-0.25,-4.75
qwen25_15b,471,msc_valid,8,recency,0.35,19,2.789473684210526,53.0,2.6578947368421053,50.5,0.1315789473684208,2.5
qwen25_15b,471,msc_valid,8,lexical_tfidf,0.35,19,2.75,52.25,2.6578947368421053,50.5,0.09210526315789469,1.75
qwen25_15b,471,msc_valid,8,recency_keep_compress_drop,0.35,19,2.736842105263158,52.0,2.6578947368421053,50.5,0.07894736842105265,1.5
qwen25_15b,471,msc_valid,8,uniform,0.5,19,2.723684210526316,51.75,2.6578947368421053,50.5,0.06578947368421062,1.25
qwen25_15b,471,msc_valid,8,longllmlingua,0.5,19,2.5526315789473686,48.5,2.6578947368421053,50.5,-0.10526315789473673,-2.0
qwen25_15b,471,msc_valid,8,recency,0.5,19,2.763157894736842,52.5,2.6578947368421053,50.5,0.10526315789473673,2.0
qwen25_15b,471,msc_valid,8,lexical_tfidf,0.5,19,2.6842105263157894,51.0,2.6578947368421053,50.5,0.02631578947368407,0.5
qwen25_15b,471,msc_valid,8,recency_keep_compress_drop,0.5,19,2.723684210526316,51.75,2.6578947368421053,50.5,0.06578947368421062,1.25
qwen25_15b,471,msc_valid,10,uniform,0.2,14,2.1964285714285716,30.75,1.6875,23.625,0.5089285714285716,7.125
qwen25_15b,471,msc_valid,10,longllmlingua,0.2,14,1.7678571428571428,24.75,1.6875,23.625,0.0803571428571428,1.125
qwen25_15b,471,msc_valid,10,recency,0.2,14,2.3035714285714284,32.25,1.6875,23.625,0.6160714285714284,8.625
qwen25_15b,471,msc_valid,10,lexical_tfidf,0.2,14,2.0892857142857144,29.25,1.6875,23.625,0.4017857142857144,5.625
qwen25_15b,471,msc_valid,10,recency_keep_compress_drop,0.2,14,2.1339285714285716,29.875,1.6875,23.625,0.4464285714285716,6.25
qwen25_15b,471,msc_valid,10,uniform,0.35,14,2.1160714285714284,29.625,1.6875,23.625,0.4285714285714284,6.0
qwen25_15b,471,msc_valid,10,longllmlingua,0.35,14,1.7232142857142858,24.125,1.6875,23.625,0.03571428571428581,0.5
qwen25_15b,471,msc_valid,10,recency,0.35,14,2.080357142857143,29.125,1.6875,23.625,0.3928571428571428,5.5
qwen25_15b,471,msc_valid,10,lexical_tfidf,0.35,14,1.9285714285714286,27.0,1.6875,23.625,0.2410714285714286,3.375
qwen25_15b,471,msc_valid,10,recency_keep_compress_drop,0.35,14,2.107142857142857,29.5,1.6875,23.625,0.4196428571428572,5.875
qwen25_15b,471,msc_valid,10,uniform,0.5,14,2.1339285714285716,29.875,1.6875,23.625,0.4464285714285716,6.25
qwen25_15b,471,msc_valid,10,longllmlingua,0.5,14,1.6785714285714286,23.5,1.6875,23.625,-0.008928571428571397,-0.125
qwen25_15b,471,msc_valid,10,recency,0.5,14,2.0,28.0,1.6875,23.625,0.3125,4.375
qwen25_15b,471,msc_valid,10,lexical_tfidf,0.5,14,1.8571428571428572,26.0,1.6875,23.625,0.1696428571428572,2.375
qwen25_15b,471,msc_valid,10,recency_keep_compress_drop,0.5,14,1.9553571428571428,27.375,1.6875,23.625,0.2678571428571428,3.75
qwen25_15b,471,msc_valid,12,uniform,0.2,8,5.46875,43.75,2.609375,20.875,2.859375,22.875
qwen25_15b,471,msc_valid,12,longllmlingua,0.2,8,4.375,35.0,2.609375,20.875,1.765625,14.125
qwen25_15b,471,msc_valid,12,recency,0.2,8,5.21875,41.75,2.609375,20.875,2.609375,20.875
qwen25_15b,471,msc_valid,12,lexical_tfidf,0.2,8,5.0,40.0,2.609375,20.875,2.390625,19.125
qwen25_15b,471,msc_valid,12,recency_keep_compress_drop,0.2,8,4.71875,37.75,2.609375,20.875,2.109375,16.875
qwen25_15b,471,msc_valid,12,uniform,0.35,8,3.25,26.0,2.609375,20.875,0.640625,5.125
qwen25_15b,471,msc_valid,12,longllmlingua,0.35,8,3.8125,30.5,2.609375,20.875,1.203125,9.625
qwen25_15b,471,msc_valid,12,recency,0.35,8,4.40625,35.25,2.609375,20.875,1.796875,14.375
qwen25_15b,471,msc_valid,12,lexical_tfidf,0.35,8,3.28125,26.25,2.609375,20.875,0.671875,5.375
qwen25_15b,471,msc_valid,12,recency_keep_compress_drop,0.35,8,3.375,27.0,2.609375,20.875,0.765625,6.125
qwen25_15b,471,msc_valid,12,uniform,0.5,8,2.84375,22.75,2.609375,20.875,0.234375,1.875
qwen25_15b,471,msc_valid,12,longllmlingua,0.5,8,3.234375,25.875,2.609375,20.875,0.625,5.0
qwen25_15b,471,msc_valid,12,recency,0.5,8,3.453125,27.625,2.609375,20.875,0.84375,6.75
qwen25_15b,471,msc_valid,12,lexical_tfidf,0.5,8,3.390625,27.125,2.609375,20.875,0.78125,6.25
qwen25_15b,471,msc_valid,12,recency_keep_compress_drop,0.5,8,3.046875,24.375,2.609375,20.875,0.4375,3.5
qwen25_15b,471,msc_valid,14,uniform,0.2,16,3.09375,49.5,2.640625,42.25,0.453125,7.25
qwen25_15b,471,msc_valid,14,longllmlingua,0.2,16,3.046875,48.75,2.640625,42.25,0.40625,6.5
qwen25_15b,471,msc_valid,14,recency,0.2,16,2.84375,45.5,2.640625,42.25,0.203125,3.25
qwen25_15b,471,msc_valid,14,lexical_tfidf,0.2,16,2.875,46.0,2.640625,42.25,0.234375,3.75
qwen25_15b,471,msc_valid,14,recency_keep_compress_drop,0.2,16,2.921875,46.75,2.640625,42.25,0.28125,4.5
qwen25_15b,471,msc_valid,14,uniform,0.35,16,3.078125,49.25,2.640625,42.25,0.4375,7.0
qwen25_15b,471,msc_valid,14,longllmlingua,0.35,16,2.828125,45.25,2.640625,42.25,0.1875,3.0
qwen25_15b,471,msc_valid,14,recency,0.35,16,3.015625,48.25,2.640625,42.25,0.375,6.0
qwen25_15b,471,msc_valid,14,lexical_tfidf,0.35,16,3.078125,49.25,2.640625,42.25,0.4375,7.0
qwen25_15b,471,msc_valid,14,recency_keep_compress_drop,0.35,16,2.953125,47.25,2.640625,42.25,0.3125,5.0
qwen25_15b,471,msc_valid,14,uniform,0.5,16,3.0,48.0,2.640625,42.25,0.359375,5.75
qwen25_15b,471,msc_valid,14,longllmlingua,0.5,16,2.65625,42.5,2.640625,42.25,0.015625,0.25
qwen25_15b,471,msc_valid,14,recency,0.5,16,2.9375,47.0,2.640625,42.25,0.296875,4.75
qwen25_15b,471,msc_valid,14,lexical_tfidf,0.5,16,3.0,48.0,2.640625,42.25,0.359375,5.75
qwen25_15b,471,msc_valid,14,recency_keep_compress_drop,0.5,16,2.90625,46.5,2.640625,42.25,0.265625,4.25
qwen25_15b,505,msc_valid,4,uniform,0.2,16,3.546875,56.75,3.296875,52.75,0.25,4.0
qwen25_15b,505,msc_valid,4,longllmlingua,0.2,16,3.203125,51.25,3.296875,52.75,-0.09375,-1.5
qwen25_15b,505,msc_valid,4,recency,0.2,16,3.546875,56.75,3.296875,52.75,0.25,4.0
qwen25_15b,505,msc_valid,4,lexical_tfidf,0.2,16,3.546875,56.75,3.296875,52.75,0.25,4.0
qwen25_15b,505,msc_valid,4,recency_keep_compress_drop,0.2,16,3.546875,56.75,3.296875,52.75,0.25,4.0
qwen25_15b,505,msc_valid,4,uniform,0.35,16,3.4375,55.0,3.296875,52.75,0.140625,2.25
qwen25_15b,505,msc_valid,4,longllmlingua,0.35,16,3.140625,50.25,3.296875,52.75,-0.15625,-2.5
qwen25_15b,505,msc_valid,4,recency,0.35,16,3.4375,55.0,3.296875,52.75,0.140625,2.25
qwen25_15b,505,msc_valid,4,lexical_tfidf,0.35,16,3.4375,55.0,3.296875,52.75,0.140625,2.25
qwen25_15b,505,msc_valid,4,recency_keep_compress_drop,0.35,16,3.4375,55.0,3.296875,52.75,0.140625,2.25
qwen25_15b,505,msc_valid,4,uniform,0.5,16,3.4375,55.0,3.296875,52.75,0.140625,2.25
qwen25_15b,505,msc_valid,4,longllmlingua,0.5,16,3.0625,49.0,3.296875,52.75,-0.234375,-3.75
qwen25_15b,505,msc_valid,4,recency,0.5,16,3.4375,55.0,3.296875,52.75,0.140625,2.25
qwen25_15b,505,msc_valid,4,lexical_tfidf,0.5,16,3.4375,55.0,3.296875,52.75,0.140625,2.25
qwen25_15b,505,msc_valid,4,recency_keep_compress_drop,0.5,16,3.4375,55.0,3.296875,52.75,0.140625,2.25
qwen25_15b,505,msc_valid,8,uniform,0.2,20,3.075,61.5,2.8625,57.25,0.21250000000000036,4.25
qwen25_15b,505,msc_valid,8,longllmlingua,0.2,20,2.8375,56.75,2.8625,57.25,-0.02499999999999991,-0.5
qwen25_15b,505,msc_valid,8,recency,0.2,20,3.075,61.5,2.8625,57.25,0.21250000000000036,4.25
qwen25_15b,505,msc_valid,8,lexical_tfidf,0.2,20,3.0875,61.75,2.8625,57.25,0.2250000000000001,4.5
qwen25_15b,505,msc_valid,8,recency_keep_compress_drop,0.2,20,3.075,61.5,2.8625,57.25,0.21250000000000036,4.25
qwen25_15b,505,msc_valid,8,uniform,0.35,20,3.1125,62.25,2.8625,57.25,0.25,5.0
qwen25_15b,505,msc_valid,8,longllmlingua,0.35,20,2.85,57.0,2.8625,57.25,-0.012499999999999734,-0.25
qwen25_15b,505,msc_valid,8,recency,0.35,20,2.95,59.0,2.8625,57.25,0.08750000000000036,1.75
qwen25_15b,505,msc_valid,8,lexical_tfidf,0.35,20,2.975,59.5,2.8625,57.25,0.11250000000000027,2.25
qwen25_15b,505,msc_valid,8,recency_keep_compress_drop,0.35,20,2.975,59.5,2.8625,57.25,0.11250000000000027,2.25
qwen25_15b,505,msc_valid,8,uniform,0.5,20,3.025,60.5,2.8625,57.25,0.1625000000000001,3.25
qwen25_15b,505,msc_valid,8,longllmlingua,0.5,20,2.8,56.0,2.8625,57.25,-0.0625,-1.25
qwen25_15b,505,msc_valid,8,recency,0.5,20,3.0125,60.25,2.8625,57.25,0.15000000000000036,3.0
qwen25_15b,505,msc_valid,8,lexical_tfidf,0.5,20,3.0,60.0,2.8625,57.25,0.13750000000000018,2.75
qwen25_15b,505,msc_valid,8,recency_keep_compress_drop,0.5,20,2.9375,58.75,2.8625,57.25,0.07500000000000018,1.5
qwen25_15b,505,msc_valid,12,uniform,0.2,12,5.583333333333333,67.0,5.0625,60.75,0.520833333333333,6.25
qwen25_15b,505,msc_valid,12,longllmlingua,0.2,12,5.3125,63.75,5.0625,60.75,0.25,3.0
qwen25_15b,505,msc_valid,12,recency,0.2,12,5.541666666666667,66.5,5.0625,60.75,0.47916666666666696,5.75
qwen25_15b,505,msc_valid,12,lexical_tfidf,0.2,12,5.458333333333333,65.5,5.0625,60.75,0.39583333333333304,4.75
qwen25_15b,505,msc_valid,12,recency_keep_compress_drop,0.2,12,5.5,66.0,5.0625,60.75,0.4375,5.25
qwen25_15b,505,msc_valid,12,uniform,0.35,12,5.458333333333333,65.5,5.0625,60.75,0.39583333333333304,4.75
qwen25_15b,505,msc_valid,12,longllmlingua,0.35,12,5.25,63.0,5.0625,60.75,0.1875,2.25
qwen25_15b,505,msc_valid,12,recency,0.35,12,5.291666666666667,63.5,5.0625,60.75,0.22916666666666696,2.75
qwen25_15b,505,msc_valid,12,lexical_tfidf,0.35,12,5.333333333333333,64.0,5.0625,60.75,0.27083333333333304,3.25
qwen25_15b,505,msc_valid,12,recency_keep_compress_drop,0.35,12,5.291666666666667,63.5,5.0625,60.75,0.22916666666666696,2.75
qwen25_15b,505,msc_valid,12,uniform,0.5,12,5.333333333333333,64.0,5.0625,60.75,0.27083333333333304,3.25
qwen25_15b,505,msc_valid,12,longllmlingua,0.5,12,4.8125,57.75,5.0625,60.75,-0.25,-3.0
qwen25_15b,505,msc_valid,12,recency,0.5,12,5.229166666666667,62.75,5.0625,60.75,0.16666666666666696,2.0
qwen25_15b,505,msc_valid,12,lexical_tfidf,0.5,12,5.270833333333333,63.25,5.0625,60.75,0.20833333333333304,2.5
qwen25_15b,505,msc_valid,12,recency_keep_compress_drop,0.5,12,5.333333333333333,64.0,5.0625,60.75,0.27083333333333304,3.25
qwen25_15b,505,msc_valid,16,uniform,0.2,17,2.6911764705882355,45.75,2.323529411764706,39.5,0.36764705882352944,6.25
qwen25_15b,505,msc_valid,16,longllmlingua,0.2,17,2.6176470588235294,44.5,2.323529411764706,39.5,0.2941176470588234,5.0
qwen25_15b,505,msc_valid,16,recency,0.2,17,2.7058823529411766,46.0,2.323529411764706,39.5,0.38235294117647056,6.5
qwen25_15b,505,msc_valid,16,lexical_tfidf,0.2,17,2.75,46.75,2.323529411764706,39.5,0.42647058823529393,7.25
qwen25_15b,505,msc_valid,16,recency_keep_compress_drop,0.2,17,2.676470588235294,45.5,2.323529411764706,39.5,0.35294117647058787,6.0
qwen25_15b,505,msc_valid,16,uniform,0.35,17,2.6470588235294117,45.0,2.323529411764706,39.5,0.3235294117647056,5.5
qwen25_15b,505,msc_valid,16,longllmlingua,0.35,17,2.5,42.5,2.323529411764706,39.5,0.17647058823529393,3.0
qwen25_15b,505,msc_valid,16,recency,0.35,17,2.661764705882353,45.25,2.323529411764706,39.5,0.33823529411764675,5.75
qwen25_15b,505,msc_valid,16,lexical_tfidf,0.35,17,2.7058823529411766,46.0,2.323529411764706,39.5,0.38235294117647056,6.5
qwen25_15b,505,msc_valid,16,recency_keep_compress_drop,0.35,17,2.6029411764705883,44.25,2.323529411764706,39.5,0.27941176470588225,4.75
qwen25_15b,505,msc_valid,16,uniform,0.5,17,2.514705882352941,42.75,2.323529411764706,39.5,0.19117647058823506,3.25
qwen25_15b,505,msc_valid,16,longllmlingua,0.5,17,2.3823529411764706,40.5,2.323529411764706,39.5,0.0588235294117645,1.0
qwen25_15b,505,msc_valid,16,recency,0.5,17,2.5588235294117645,43.5,2.323529411764706,39.5,0.23529411764705843,4.0
qwen25_15b,505,msc_valid,16,lexical_tfidf,0.5,17,2.6911764705882355,45.75,2.323529411764706,39.5,0.36764705882352944,6.25
qwen25_15b,505,msc_valid,16,recency_keep_compress_drop,0.5,17,2.573529411764706,43.75,2.323529411764706,39.5,0.25,4.25
qwen25_15b,505,msc_valid,20,uniform,0.2,65,3.1384615384615384,204.0,3.123076923076923,203.0,0.01538461538461533,1.0
qwen25_15b,505,msc_valid,20,longllmlingua,0.2,65,3.169230769230769,206.0,3.123076923076923,203.0,0.04615384615384599,3.0
qwen25_15b,505,msc_valid,20,recency,0.2,65,3.169230769230769,206.0,3.123076923076923,203.0,0.04615384615384599,3.0
qwen25_15b,505,msc_valid,20,lexical_tfidf,0.2,65,3.169230769230769,206.0,3.123076923076923,203.0,0.04615384615384599,3.0
qwen25_15b,505,msc_valid,20,recency_keep_compress_drop,0.2,65,3.1846153846153844,207.0,3.123076923076923,203.0,0.06153846153846132,4.0
qwen25_15b,505,msc_valid,20,uniform,0.35,65,3.1384615384615384,204.0,3.123076923076923,203.0,0.01538461538461533,1.0
qwen25_15b,505,msc_valid,20,longllmlingua,0.35,65,3.1076923076923078,202.0,3.123076923076923,203.0,-0.01538461538461533,-1.0
qwen25_15b,505,msc_valid,20,recency,0.35,65,3.1538461538461537,205.0,3.123076923076923,203.0,0.03076923076923066,2.0
qwen25_15b,505,msc_valid,20,lexical_tfidf,0.35,65,3.1846153846153844,207.0,3.123076923076923,203.0,0.06153846153846132,4.0
qwen25_15b,505,msc_valid,20,recency_keep_compress_drop,0.35,65,3.076923076923077,200.0,3.123076923076923,203.0,-0.04615384615384599,-3.0
qwen25_15b,505,msc_valid,20,uniform,0.5,65,3.123076923076923,203.0,3.123076923076923,203.0,0.0,0.0
qwen25_15b,505,msc_valid,20,longllmlingua,0.5,65,3.123076923076923,203.0,3.123076923076923,203.0,0.0,0.0
qwen25_15b,505,msc_valid,20,recency,0.5,65,3.123076923076923,203.0,3.123076923076923,203.0,0.0,0.0
qwen25_15b,505,msc_valid,20,lexical_tfidf,0.5,65,3.1846153846153844,207.0,3.123076923076923,203.0,0.06153846153846132,4.0
qwen25_15b,505,msc_valid,20,recency_keep_compress_drop,0.5,65,3.1384615384615384,204.0,3.123076923076923,203.0,0.01538461538461533,1.0
qwen25_15b,505,msc_valid,24,uniform,0.2,44,2.9545454545454546,130.0,3.022727272727273,133.0,-0.06818181818181834,-3.0
qwen25_15b,505,msc_valid,24,longllmlingua,0.2,44,3.1136363636363638,137.0,3.022727272727273,133.0,0.09090909090909083,4.0
qwen25_15b,505,msc_valid,24,recency,0.2,44,3.227272727272727,142.0,3.022727272727273,133.0,0.20454545454545414,9.0
qwen25_15b,505,msc_valid,24,lexical_tfidf,0.2,44,3.090909090909091,136.0,3.022727272727273,133.0,0.0681818181818179,3.0
qwen25_15b,505,msc_valid,24,recency_keep_compress_drop,0.2,44,3.1136363636363638,137.0,3.022727272727273,133.0,0.09090909090909083,4.0
qwen25_15b,505,msc_valid,24,uniform,0.35,44,2.9545454545454546,130.0,3.022727272727273,133.0,-0.06818181818181834,-3.0
qwen25_15b,505,msc_valid,24,longllmlingua,0.35,44,3.0681818181818183,135.0,3.022727272727273,133.0,0.045454545454545414,2.0
qwen25_15b,505,msc_valid,24,recency,0.35,44,3.1363636363636362,138.0,3.022727272727273,133.0,0.11363636363636331,5.0
qwen25_15b,505,msc_valid,24,lexical_tfidf,0.35,44,3.1363636363636362,138.0,3.022727272727273,133.0,0.11363636363636331,5.0
qwen25_15b,505,msc_valid,24,recency_keep_compress_drop,0.35,44,3.1136363636363638,137.0,3.022727272727273,133.0,0.09090909090909083,4.0
qwen25_15b,505,msc_valid,24,uniform,0.5,44,3.0,132.0,3.022727272727273,133.0,-0.02272727272727293,-1.0
qwen25_15b,505,msc_valid,24,longllmlingua,0.5,44,3.090909090909091,136.0,3.022727272727273,133.0,0.0681818181818179,3.0
qwen25_15b,505,msc_valid,24,recency,0.5,44,3.090909090909091,136.0,3.022727272727273,133.0,0.0681818181818179,3.0
qwen25_15b,505,msc_valid,24,lexical_tfidf,0.5,44,3.022727272727273,133.0,3.022727272727273,133.0,0.0,0.0
qwen25_15b,505,msc_valid,24,recency_keep_compress_drop,0.5,44,3.022727272727273,133.0,3.022727272727273,133.0,0.0,0.0
qwen25_15b,505,msc_valid,28,uniform,0.2,8,5.3125,42.5,4.96875,39.75,0.34375,2.75
qwen25_15b,505,msc_valid,28,longllmlingua,0.2,8,5.625,45.0,4.96875,39.75,0.65625,5.25
qwen25_15b,505,msc_valid,28,recency,0.2,8,5.4375,43.5,4.96875,39.75,0.46875,3.75
qwen25_15b,505,msc_valid,28,lexical_tfidf,0.2,8,5.3125,42.5,4.96875,39.75,0.34375,2.75
qwen25_15b,505,msc_valid,28,recency_keep_compress_drop,0.2,8,5.21875,41.75,4.96875,39.75,0.25,2.0
qwen25_15b,505,msc_valid,28,uniform,0.35,8,5.15625,41.25,4.96875,39.75,0.1875,1.5
qwen25_15b,505,msc_valid,28,longllmlingua,0.35,8,5.4375,43.5,4.96875,39.75,0.46875,3.75
qwen25_15b,505,msc_valid,28,recency,0.35,8,5.0625,40.5,4.96875,39.75,0.09375,0.75
qwen25_15b,505,msc_valid,28,lexical_tfidf,0.35,8,5.0625,40.5,4.96875,39.75,0.09375,0.75
qwen25_15b,505,msc_valid,28,recency_keep_compress_drop,0.35,8,5.0625,40.5,4.96875,39.75,0.09375,0.75
qwen25_15b,505,msc_valid,28,uniform,0.5,8,5.03125,40.25,4.96875,39.75,0.0625,0.5
qwen25_15b,505,msc_valid,28,longllmlingua,0.5,8,5.3125,42.5,4.96875,39.75,0.34375,2.75
qwen25_15b,505,msc_valid,28,recency,0.5,8,5.0,40.0,4.96875,39.75,0.03125,0.25
qwen25_15b,505,msc_valid,28,lexical_tfidf,0.5,8,4.9375,39.5,4.96875,39.75,-0.03125,-0.25
qwen25_15b,505,msc_valid,28,recency_keep_compress_drop,0.5,8,5.03125,40.25,4.96875,39.75,0.0625,0.5
qwen25_15b,505,msc_valid,32,uniform,0.2,44,2.4886363636363638,109.5,2.522727272727273,111.0,-0.03409090909090917,-1.5
qwen25_15b,505,msc_valid,32,longllmlingua,0.2,44,2.522727272727273,111.0,2.522727272727273,111.0,0.0,0.0
qwen25_15b,505,msc_valid,32,recency,0.2,44,2.5681818181818183,113.0,2.522727272727273,111.0,0.045454545454545414,2.0
qwen25_15b,505,msc_valid,32,lexical_tfidf,0.2,44,2.465909090909091,108.5,2.522727272727273,111.0,-0.0568181818181821,-2.5
qwen25_15b,505,msc_valid,32,recency_keep_compress_drop,0.2,44,2.4886363636363638,109.5,2.522727272727273,111.0,-0.03409090909090917,-1.5
qwen25_15b,505,msc_valid,32,uniform,0.35,44,2.4886363636363638,109.5,2.522727272727273,111.0,-0.03409090909090917,-1.5
qwen25_15b,505,msc_valid,32,longllmlingua,0.35,44,2.534090909090909,111.5,2.522727272727273,111.0,0.011363636363636243,0.5
qwen25_15b,505,msc_valid,32,recency,0.35,44,2.5568181818181817,112.5,2.522727272727273,111.0,0.03409090909090873,1.5
qwen25_15b,505,msc_valid,32,lexical_tfidf,0.35,44,2.5,110.0,2.522727272727273,111.0,-0.02272727272727293,-1.0
qwen25_15b,505,msc_valid,32,recency_keep_compress_drop,0.35,44,2.5568181818181817,112.5,2.522727272727273,111.0,0.03409090909090873,1.5
qwen25_15b,505,msc_valid,32,uniform,0.5,44,2.4545454545454546,108.0,2.522727272727273,111.0,-0.06818181818181834,-3.0
qwen25_15b,505,msc_valid,32,longllmlingua,0.5,44,2.465909090909091,108.5,2.522727272727273,111.0,-0.0568181818181821,-2.5
qwen25_15b,505,msc_valid,32,recency,0.5,44,2.5454545454545454,112.0,2.522727272727273,111.0,0.022727272727272485,1.0
qwen25_15b,505,msc_valid,32,lexical_tfidf,0.5,44,2.5113636363636362,110.5,2.522727272727273,111.0,-0.011363636363636687,-0.5
qwen25_15b,505,msc_valid,32,recency_keep_compress_drop,0.5,44,2.5454545454545454,112.0,2.522727272727273,111.0,0.022727272727272485,1.0
qwen25_15b,505,msc_valid,34,uniform,0.2,46,2.2282608695652173,102.5,0.0,0.0,2.2282608695652173,102.5
qwen25_15b,505,msc_valid,34,longllmlingua,0.2,46,2.119565217391304,97.5,0.0,0.0,2.119565217391304,97.5
qwen25_15b,505,msc_valid,34,recency,0.2,46,2.2282608695652173,102.5,0.0,0.0,2.2282608695652173,102.5
qwen25_15b,505,msc_valid,34,lexical_tfidf,0.2,46,2.108695652173913,97.0,0.0,0.0,2.108695652173913,97.0
qwen25_15b,505,msc_valid,34,recency_keep_compress_drop,0.2,46,2.2065217391304346,101.5,0.0,0.0,2.2065217391304346,101.5
qwen25_15b,505,msc_valid,34,uniform,0.35,46,2.108695652173913,97.0,0.0,0.0,2.108695652173913,97.0
qwen25_15b,505,msc_valid,34,longllmlingua,0.35,46,2.130434782608696,98.0,0.0,0.0,2.130434782608696,98.0
qwen25_15b,505,msc_valid,34,recency,0.35,46,2.152173913043478,99.0,0.0,0.0,2.152173913043478,99.0
qwen25_15b,505,msc_valid,34,lexical_tfidf,0.35,46,2.141304347826087,98.5,0.0,0.0,2.141304347826087,98.5
qwen25_15b,505,msc_valid,34,recency_keep_compress_drop,0.35,46,2.1847826086956523,100.5,0.0,0.0,2.1847826086956523,100.5
qwen25_15b,505,msc_valid,34,uniform,0.5,46,2.1847826086956523,100.5,0.0,0.0,2.1847826086956523,100.5
qwen25_15b,505,msc_valid,34,longllmlingua,0.5,46,2.108695652173913,97.0,0.0,0.0,2.108695652173913,97.0
qwen25_15b,505,msc_valid,34,recency,0.5,46,2.130434782608696,98.0,0.0,0.0,2.130434782608696,98.0
qwen25_15b,505,msc_valid,34,lexical_tfidf,0.5,46,2.119565217391304,97.5,0.0,0.0,2.119565217391304,97.5
qwen25_15b,505,msc_valid,34,recency_keep_compress_drop,0.5,46,2.152173913043478,99.0,0.0,0.0,2.152173913043478,99.0
qwen25_15b,505,msc_valid,38,uniform,0.2,40,2.1125,84.5,0.0,0.0,2.1125,84.5
qwen25_15b,505,msc_valid,38,longllmlingua,0.2,40,2.1625,86.5,0.0,0.0,2.1625,86.5
qwen25_15b,505,msc_valid,38,recency,0.2,40,2.1875,87.5,0.0,0.0,2.1875,87.5
qwen25_15b,505,msc_valid,38,lexical_tfidf,0.2,40,2.05,82.0,0.0,0.0,2.05,82.0
qwen25_15b,505,msc_valid,38,recency_keep_compress_drop,0.2,40,2.1125,84.5,0.0,0.0,2.1125,84.5
qwen25_15b,505,msc_valid,38,uniform,0.35,40,2.2125,88.5,0.0,0.0,2.2125,88.5
qwen25_15b,505,msc_valid,38,longllmlingua,0.35,40,2.225,89.0,0.0,0.0,2.225,89.0
qwen25_15b,505,msc_valid,38,recency,0.35,40,2.15,86.0,0.0,0.0,2.15,86.0
qwen25_15b,505,msc_valid,38,lexical_tfidf,0.35,40,2.1,84.0,0.0,0.0,2.1,84.0
qwen25_15b,505,msc_valid,38,recency_keep_compress_drop,0.35,40,2.1875,87.5,0.0,0.0,2.1875,87.5
qwen25_15b,505,msc_valid,38,uniform,0.5,40,2.2125,88.5,0.0,0.0,2.2125,88.5
qwen25_15b,505,msc_valid,38,longllmlingua,0.5,40,2.2125,88.5,0.0,0.0,2.2125,88.5
qwen25_15b,505,msc_valid,38,recency,0.5,40,2.15,86.0,0.0,0.0,2.15,86.0
qwen25_15b,505,msc_valid,38,lexical_tfidf,0.5,40,2.1375,85.5,0.0,0.0,2.1375,85.5
qwen25_15b,505,msc_valid,38,recency_keep_compress_drop,0.5,40,2.2125,88.5,0.0,0.0,2.2125,88.5
qwen25_15b,505,msc_valid,42,uniform,0.2,28,2.9464285714285716,82.5,0.0,0.0,2.9464285714285716,82.5
qwen25_15b,505,msc_valid,42,longllmlingua,0.2,28,2.875,80.5,0.0,0.0,2.875,80.5
qwen25_15b,505,msc_valid,42,recency,0.2,28,3.0,84.0,0.0,0.0,3.0,84.0
qwen25_15b,505,msc_valid,42,lexical_tfidf,0.2,28,3.0535714285714284,85.5,0.0,0.0,3.0535714285714284,85.5
qwen25_15b,505,msc_valid,42,recency_keep_compress_drop,0.2,28,2.9642857142857144,83.0,0.0,0.0,2.9642857142857144,83.0
qwen25_15b,505,msc_valid,42,uniform,0.35,28,2.9107142857142856,81.5,0.0,0.0,2.9107142857142856,81.5
qwen25_15b,505,msc_valid,42,longllmlingua,0.35,28,2.8214285714285716,79.0,0.0,0.0,2.8214285714285716,79.0
qwen25_15b,505,msc_valid,42,recency,0.35,28,2.875,80.5,0.0,0.0,2.875,80.5
qwen25_15b,505,msc_valid,42,lexical_tfidf,0.35,28,2.875,80.5,0.0,0.0,2.875,80.5
qwen25_15b,505,msc_valid,42,recency_keep_compress_drop,0.35,28,2.8392857142857144,79.5,0.0,0.0,2.8392857142857144,79.5
qwen25_15b,505,msc_valid,42,uniform,0.5,28,2.75,77.0,0.0,0.0,2.75,77.0
qwen25_15b,505,msc_valid,42,longllmlingua,0.5,28,2.75,77.0,0.0,0.0,2.75,77.0
qwen25_15b,505,msc_valid,42,recency,0.5,28,2.8214285714285716,79.0,0.0,0.0,2.8214285714285716,79.0
qwen25_15b,505,msc_valid,42,lexical_tfidf,0.5,28,2.8392857142857144,79.5,0.0,0.0,2.8392857142857144,79.5
qwen25_15b,505,msc_valid,42,recency_keep_compress_drop,0.5,28,2.8035714285714284,78.5,0.0,0.0,2.8035714285714284,78.5
qwen25_15b,505,msc_valid,46,uniform,0.2,75,2.3333333333333335,175.0,0.0,0.0,2.3333333333333335,175.0
qwen25_15b,505,msc_valid,46,longllmlingua,0.2,75,2.2933333333333334,172.0,0.0,0.0,2.2933333333333334,172.0
qwen25_15b,505,msc_valid,46,recency,0.2,75,2.2266666666666666,167.0,0.0,0.0,2.2266666666666666,167.0
qwen25_15b,505,msc_valid,46,lexical_tfidf,0.2,75,2.24,168.0,0.0,0.0,2.24,168.0
qwen25_15b,505,msc_valid,46,recency_keep_compress_drop,0.2,75,2.2266666666666666,167.0,0.0,0.0,2.2266666666666666,167.0
qwen25_15b,505,msc_valid,46,uniform,0.35,75,2.3466666666666667,176.0,0.0,0.0,2.3466666666666667,176.0
qwen25_15b,505,msc_valid,46,longllmlingua,0.35,75,2.28,171.0,0.0,0.0,2.28,171.0
qwen25_15b,505,msc_valid,46,recency,0.35,75,2.2266666666666666,167.0,0.0,0.0,2.2266666666666666,167.0
qwen25_15b,505,msc_valid,46,lexical_tfidf,0.35,75,2.2133333333333334,166.0,0.0,0.0,2.2133333333333334,166.0
qwen25_15b,505,msc_valid,46,recency_keep_compress_drop,0.35,75,2.2133333333333334,166.0,0.0,0.0,2.2133333333333334,166.0
qwen25_15b,505,msc_valid,46,uniform,0.5,75,2.32,174.0,0.0,0.0,2.32,174.0
qwen25_15b,505,msc_valid,46,longllmlingua,0.5,75,2.2666666666666666,170.0,0.0,0.0,2.2666666666666666,170.0
qwen25_15b,505,msc_valid,46,recency,0.5,5,1.65,8.25,0.0,0.0,1.65,8.25
qwen25_15b,505,msc_valid,46,lexical_tfidf,0.5,6,1.59375,9.5625,0.0,0.0,1.59375,9.5625
qwen25_15b,505,msc_valid,46,recency_keep_compress_drop,0.5,28,2.0535714285714284,57.5,0.0,0.0,2.0535714285714284,57.5
qwen25_15b,505,msc_valid,50,uniform,0.2,68,2.3676470588235294,161.0,0.0,0.0,2.3676470588235294,161.0
qwen25_15b,505,msc_valid,50,longllmlingua,0.2,68,2.3088235294117645,157.0,0.0,0.0,2.3088235294117645,157.0
qwen25_15b,505,msc_valid,50,recency,0.2,68,2.2941176470588234,156.0,0.0,0.0,2.2941176470588234,156.0
qwen25_15b,505,msc_valid,50,lexical_tfidf,0.2,68,2.3088235294117645,157.0,0.0,0.0,2.3088235294117645,157.0
qwen25_15b,505,msc_valid,50,recency_keep_compress_drop,0.2,68,2.3088235294117645,157.0,0.0,0.0,2.3088235294117645,157.0
qwen25_15b,505,msc_valid,50,uniform,0.35,68,2.3676470588235294,161.0,0.0,0.0,2.3676470588235294,161.0
qwen25_15b,505,msc_valid,50,longllmlingua,0.35,68,2.2941176470588234,156.0,0.0,0.0,2.2941176470588234,156.0
qwen25_15b,505,msc_valid,50,recency,0.35,0,0.0,0.0,0.0,0.0,0.0,0.0
qwen25_15b,505,msc_valid,50,lexical_tfidf,0.35,0,0.0,0.0,0.0,0.0,0.0,0.0
qwen25_15b,505,msc_valid,50,recency_keep_compress_drop,0.35,5,1.5625,7.8125,0.0,0.0,1.5625,7.8125
qwen25_15b,505,msc_valid,50,uniform,0.5,68,2.3676470588235294,161.0,0.0,0.0,2.3676470588235294,161.0
qwen25_15b,505,msc_valid,50,longllmlingua,0.5,68,2.3088235294117645,157.0,0.0,0.0,2.3088235294117645,157.0
qwen25_15b,505,msc_valid,50,recency,0.5,0,0.0,0.0,0.0,0.0,0.0,0.0
qwen25_15b,505,msc_valid,50,lexical_tfidf,0.5,0,0.0,0.0,0.0,0.0,0.0,0.0
qwen25_15b,505,msc_valid,50,recency_keep_compress_drop,0.5,0,0.0,0.0,0.0,0.0,0.0,0.0
qwen25_15b,505,msc_valid,54,uniform,0.2,18,2.1805555555555554,39.25,0.0,0.0,2.1805555555555554,39.25
qwen25_15b,505,msc_valid,54,longllmlingua,0.2,18,2.4027777777777777,43.25,0.0,0.0,2.4027777777777777,43.25
qwen25_15b,505,msc_valid,54,recency,0.2,0,0.0,0.0,0.0,0.0,0.0,0.0
qwen25_15b,505,msc_valid,54,lexical_tfidf,0.2,5,1.14375,5.71875,0.0,0.0,1.14375,5.71875
qwen25_15b,505,msc_valid,54,recency_keep_compress_drop,0.2,9,1.7569444444444444,15.8125,0.0,0.0,1.7569444444444444,15.8125
qwen25_15b,505,msc_valid,54,uniform,0.35,18,2.25,40.5,0.0,0.0,2.25,40.5
qwen25_15b,505,msc_valid,54,longllmlingua,0.35,18,2.3333333333333335,42.0,0.0,0.0,2.3333333333333335,42.0
qwen25_15b,505,msc_valid,54,recency,0.35,0,0.0,0.0,0.0,0.0,0.0,0.0
qwen25_15b,505,msc_valid,54,lexical_tfidf,0.35,0,0.0,0.0,0.0,0.0,0.0,0.0
qwen25_15b,505,msc_valid,54,recency_keep_compress_drop,0.35,0,0.0,0.0,0.0,0.0,0.0,0.0
qwen25_15b,505,msc_valid,54,uniform,0.5,18,2.486111111111111,44.75,0.0,0.0,2.486111111111111,44.75
qwen25_15b,505,msc_valid,54,longllmlingua,0.5,18,2.25,40.5,0.0,0.0,2.25,40.5
qwen25_15b,505,msc_valid,54,recency,0.5,0,0.0,0.0,0.0,0.0,0.0,0.0
qwen25_15b,505,msc_valid,54,lexical_tfidf,0.5,0,0.0,0.0,0.0,0.0,0.0,0.0
qwen25_15b,505,msc_valid,54,recency_keep_compress_drop,0.5,0,0.0,0.0,0.0,0.0,0.0,0.0
qwen25_15b,505,msc_valid,58,uniform,0.2,28,2.5,70.0,0.0,0.0,2.5,70.0
qwen25_15b,505,msc_valid,58,longllmlingua,0.2,28,2.375,66.5,0.0,0.0,2.375,66.5
qwen25_15b,505,msc_valid,58,recency,0.2,0,0.0,0.0,0.0,0.0,0.0,0.0
qwen25_15b,505,msc_valid,58,lexical_tfidf,0.2,28,2.3035714285714284,64.5,0.0,0.0,2.3035714285714284,64.5
qwen25_15b,505,msc_valid,58,recency_keep_compress_drop,0.2,0,0.0,0.0,0.0,0.0,0.0,0.0
qwen25_15b,505,msc_valid,58,uniform,0.35,28,2.482142857142857,69.5,0.0,0.0,2.482142857142857,69.5
qwen25_15b,505,msc_valid,58,longllmlingua,0.35,28,2.357142857142857,66.0,0.0,0.0,2.357142857142857,66.0
qwen25_15b,505,msc_valid,58,recency,0.35,0,0.0,0.0,0.0,0.0,0.0,0.0
qwen25_15b,505,msc_valid,58,lexical_tfidf,0.35,0,0.0,0.0,0.0,0.0,0.0,0.0
qwen25_15b,505,msc_valid,58,recency_keep_compress_drop,0.35,0,0.0,0.0,0.0,0.0,0.0,0.0
qwen25_15b,505,msc_valid,58,uniform,0.5,28,2.4642857142857144,69.0,0.0,0.0,2.4642857142857144,69.0
qwen25_15b,505,msc_valid,58,longllmlingua,0.5,28,2.3214285714285716,65.0,0.0,0.0,2.3214285714285716,65.0
qwen25_15b,505,msc_valid,58,recency,0.5,0,0.0,0.0,0.0,0.0,0.0,0.0
qwen25_15b,505,msc_valid,58,lexical_tfidf,0.5,0,0.0,0.0,0.0,0.0,0.0,0.0
qwen25_15b,505,msc_valid,58,recency_keep_compress_drop,0.5,0,0.0,0.0,0.0,0.0,0.0,0.0
qwen25_15b,505,msc_valid,62,uniform,0.2,29,2.7413793103448274,79.5,0.0,0.0,2.7413793103448274,79.5
qwen25_15b,505,msc_valid,62,longllmlingua,0.2,29,2.7586206896551726,80.0,0.0,0.0,2.7586206896551726,80.0
qwen25_15b,505,msc_valid,62,recency,0.2,0,0.0,0.0,0.0,0.0,0.0,0.0
qwen25_15b,505,msc_valid,62,lexical_tfidf,0.2,0,0.0,0.0,0.0,0.0,0.0,0.0
qwen25_15b,505,msc_valid,62,recency_keep_compress_drop,0.2,0,0.0,0.0,0.0,0.0,0.0,0.0
qwen25_15b,505,msc_valid,62,uniform,0.35,29,2.689655172413793,78.0,0.0,0.0,2.689655172413793,78.0
qwen25_15b,505,msc_valid,62,longllmlingua,0.35,29,2.7413793103448274,79.5,0.0,0.0,2.7413793103448274,79.5
qwen25_15b,505,msc_valid,62,recency,0.35,0,0.0,0.0,0.0,0.0,0.0,0.0
qwen25_15b,505,msc_valid,62,lexical_tfidf,0.35,0,0.0,0.0,0.0,0.0,0.0,0.0
qwen25_15b,505,msc_valid,62,recency_keep_compress_drop,0.35,0,0.0,0.0,0.0,0.0,0.0,0.0
qwen25_15b,505,msc_valid,62,uniform,0.5,29,2.6724137931034484,77.5,0.0,0.0,2.6724137931034484,77.5
qwen25_15b,505,msc_valid,62,longllmlingua,0.5,29,2.7241379310344827,79.0,0.0,0.0,2.7241379310344827,79.0
qwen25_15b,505,msc_valid,62,recency,0.5,0,0.0,0.0,0.0,0.0,0.0,0.0
qwen25_15b,505,msc_valid,62,lexical_tfidf,0.5,0,0.0,0.0,0.0,0.0,0.0,0.0
qwen25_15b,505,msc_valid,62,recency_keep_compress_drop,0.5,0,0.0,0.0,0.0,0.0,0.0,0.0
qwen25_15b,511,msc_valid,4,uniform,0.2,14,2.4464285714285716,34.25,2.3035714285714284,32.25,0.14285714285714324,2.0
qwen25_15b,511,msc_valid,4,longllmlingua,0.2,14,2.0,28.0,2.3035714285714284,32.25,-0.3035714285714284,-4.25
qwen25_15b,511,msc_valid,4,recency,0.2,14,2.4464285714285716,34.25,2.3035714285714284,32.25,0.14285714285714324,2.0
qwen25_15b,511,msc_valid,4,lexical_tfidf,0.2,14,2.4464285714285716,34.25,2.3035714285714284,32.25,0.14285714285714324,2.0
qwen25_15b,511,msc_valid,4,recency_keep_compress_drop,0.2,14,2.4464285714285716,34.25,2.3035714285714284,32.25,0.14285714285714324,2.0
qwen25_15b,511,msc_valid,4,uniform,0.35,14,2.392857142857143,33.5,2.3035714285714284,32.25,0.08928571428571441,1.25
qwen25_15b,511,msc_valid,4,longllmlingua,0.35,14,1.9821428571428572,27.75,2.3035714285714284,32.25,-0.3214285714285712,-4.5
qwen25_15b,511,msc_valid,4,recency,0.35,14,2.392857142857143,33.5,2.3035714285714284,32.25,0.08928571428571441,1.25
qwen25_15b,511,msc_valid,4,lexical_tfidf,0.35,14,2.392857142857143,33.5,2.3035714285714284,32.25,0.08928571428571441,1.25
qwen25_15b,511,msc_valid,4,recency_keep_compress_drop,0.35,14,2.392857142857143,33.5,2.3035714285714284,32.25,0.08928571428571441,1.25
qwen25_15b,511,msc_valid,4,uniform,0.5,14,2.392857142857143,33.5,2.3035714285714284,32.25,0.08928571428571441,1.25
qwen25_15b,511,msc_valid,4,longllmlingua,0.5,14,1.8660714285714286,26.125,2.3035714285714284,32.25,-0.4374999999999998,-6.125
qwen25_15b,511,msc_valid,4,recency,0.5,14,2.392857142857143,33.5,2.3035714285714284,32.25,0.08928571428571441,1.25
qwen25_15b,511,msc_valid,4,lexical_tfidf,0.5,14,2.392857142857143,33.5,2.3035714285714284,32.25,0.08928571428571441,1.25
qwen25_15b,511,msc_valid,4,recency_keep_compress_drop,0.5,14,2.392857142857143,33.5,2.3035714285714284,32.25,0.08928571428571441,1.25
qwen25_15b,511,msc_valid,6,uniform,0.2,19,3.6315789473684212,69.0,3.710526315789474,70.5,-0.07894736842105265,-1.5
qwen25_15b,511,msc_valid,6,longllmlingua,0.2,19,3.763157894736842,71.5,3.710526315789474,70.5,0.05263157894736814,1.0
qwen25_15b,511,msc_valid,6,recency,0.2,19,3.8684210526315788,73.5,3.710526315789474,70.5,0.15789473684210487,3.0
qwen25_15b,511,msc_valid,6,lexical_tfidf,0.2,19,3.8157894736842106,72.5,3.710526315789474,70.5,0.10526315789473673,2.0
qwen25_15b,511,msc_valid,6,recency_keep_compress_drop,0.2,19,3.8684210526315788,73.5,3.710526315789474,70.5,0.15789473684210487,3.0
qwen25_15b,511,msc_valid,6,uniform,0.35,19,3.710526315789474,70.5,3.710526315789474,70.5,0.0,0.0
qwen25_15b,511,msc_valid,6,longllmlingua,0.35,19,3.5526315789473686,67.5,3.710526315789474,70.5,-0.1578947368421053,-3.0
qwen25_15b,511,msc_valid,6,recency,0.35,19,3.8684210526315788,73.5,3.710526315789474,70.5,0.15789473684210487,3.0
qwen25_15b,511,msc_valid,6,lexical_tfidf,0.35,19,3.8684210526315788,73.5,3.710526315789474,70.5,0.15789473684210487,3.0
qwen25_15b,511,msc_valid,6,recency_keep_compress_drop,0.35,19,3.710526315789474,70.5,3.710526315789474,70.5,0.0,0.0
qwen25_15b,511,msc_valid,6,uniform,0.5,19,3.973684210526316,75.5,3.710526315789474,70.5,0.26315789473684204,5.0
qwen25_15b,511,msc_valid,6,longllmlingua,0.5,19,3.5,66.5,3.710526315789474,70.5,-0.2105263157894739,-4.0
qwen25_15b,511,msc_valid,6,recency,0.5,19,3.8684210526315788,73.5,3.710526315789474,70.5,0.15789473684210487,3.0
qwen25_15b,511,msc_valid,6,lexical_tfidf,0.5,19,3.5789473684210527,68.0,3.710526315789474,70.5,-0.13157894736842124,-2.5
qwen25_15b,511,msc_valid,6,recency_keep_compress_drop,0.5,19,3.710526315789474,70.5,3.710526315789474,70.5,0.0,0.0
qwen25_15b,511,msc_valid,8,uniform,0.2,8,2.140625,17.125,2.3125,18.5,-0.171875,-1.375
qwen25_15b,511,msc_valid,8,longllmlingua,0.2,8,2.046875,16.375,2.3125,18.5,-0.265625,-2.125
qwen25_15b,511,msc_valid,8,recency,0.2,8,2.484375,19.875,2.3125,18.5,0.171875,1.375
qwen25_15b,511,msc_valid,8,lexical_tfidf,0.2,8,2.5625,20.5,2.3125,18.5,0.25,2.0
qwen25_15b,511,msc_valid,8,recency_keep_compress_drop,0.2,8,2.484375,19.875,2.3125,18.5,0.171875,1.375
qwen25_15b,511,msc_valid,8,uniform,0.35,8,2.421875,19.375,2.3125,18.5,0.109375,0.875
qwen25_15b,511,msc_valid,8,longllmlingua,0.35,8,2.015625,16.125,2.3125,18.5,-0.296875,-2.375
qwen25_15b,511,msc_valid,8,recency,0.35,8,2.375,19.0,2.3125,18.5,0.0625,0.5
qwen25_15b,511,msc_valid,8,lexical_tfidf,0.35,8,2.234375,17.875,2.3125,18.5,-0.078125,-0.625
qwen25_15b,511,msc_valid,8,recency_keep_compress_drop,0.35,8,2.375,19.0,2.3125,18.5,0.0625,0.5
qwen25_15b,511,msc_valid,8,uniform,0.5,8,2.171875,17.375,2.3125,18.5,-0.140625,-1.125
qwen25_15b,511,msc_valid,8,longllmlingua,0.5,8,1.8828125,15.0625,2.3125,18.5,-0.4296875,-3.4375
qwen25_15b,511,msc_valid,8,recency,0.5,8,2.25,18.0,2.3125,18.5,-0.0625,-0.5
qwen25_15b,511,msc_valid,8,lexical_tfidf,0.5,8,2.09375,16.75,2.3125,18.5,-0.21875,-1.75
qwen25_15b,511,msc_valid,8,recency_keep_compress_drop,0.5,8,2.140625,17.125,2.3125,18.5,-0.171875,-1.375
qwen25_15b,511,msc_valid,10,uniform,0.2,16,3.578125,57.25,3.546875,56.75,0.03125,0.5
qwen25_15b,511,msc_valid,10,longllmlingua,0.2,16,3.65625,58.5,3.546875,56.75,0.109375,1.75
qwen25_15b,511,msc_valid,10,recency,0.2,16,3.625,58.0,3.546875,56.75,0.078125,1.25
qwen25_15b,511,msc_valid,10,lexical_tfidf,0.2,16,3.625,58.0,3.546875,56.75,0.078125,1.25
qwen25_15b,511,msc_valid,10,recency_keep_compress_drop,0.2,16,3.65625,58.5,3.546875,56.75,0.109375,1.75
qwen25_15b,511,msc_valid,10,uniform,0.35,16,3.6875,59.0,3.546875,56.75,0.140625,2.25
qwen25_15b,511,msc_valid,10,longllmlingua,0.35,16,3.515625,56.25,3.546875,56.75,-0.03125,-0.5
qwen25_15b,511,msc_valid,10,recency,0.35,16,3.5,56.0,3.546875,56.75,-0.046875,-0.75
qwen25_15b,511,msc_valid,10,lexical_tfidf,0.35,16,3.65625,58.5,3.546875,56.75,0.109375,1.75
qwen25_15b,511,msc_valid,10,recency_keep_compress_drop,0.35,16,3.546875,56.75,3.546875,56.75,0.0,0.0
qwen25_15b,511,msc_valid,10,uniform,0.5,16,3.609375,57.75,3.546875,56.75,0.0625,1.0
qwen25_15b,511,msc_valid,10,longllmlingua,0.5,16,3.546875,56.75,3.546875,56.75,0.0,0.0
qwen25_15b,511,msc_valid,10,recency,0.5,16,3.515625,56.25,3.546875,56.75,-0.03125,-0.5
qwen25_15b,511,msc_valid,10,lexical_tfidf,0.5,16,3.5625,57.0,3.546875,56.75,0.015625,0.25
qwen25_15b,511,msc_valid,10,recency_keep_compress_drop,0.5,16,3.5625,57.0,3.546875,56.75,0.015625,0.25
qwen25_15b,511,msc_valid,12,uniform,0.2,19,3.1184210526315788,59.25,2.960526315789474,56.25,0.15789473684210487,3.0
qwen25_15b,511,msc_valid,12,longllmlingua,0.2,19,2.8552631578947367,54.25,2.960526315789474,56.25,-0.10526315789473717,-2.0
qwen25_15b,511,msc_valid,12,recency,0.2,19,3.1447368421052633,59.75,2.960526315789474,56.25,0.18421052631578938,3.5
qwen25_15b,511,msc_valid,12,lexical_tfidf,0.2,19,3.236842105263158,61.5,2.960526315789474,56.25,0.27631578947368407,5.25
qwen25_15b,511,msc_valid,12,recency_keep_compress_drop,0.2,19,3.1315789473684212,59.5,2.960526315789474,56.25,0.17105263157894735,3.25
qwen25_15b,511,msc_valid,12,uniform,0.35,19,3.1052631578947367,59.0,2.960526315789474,56.25,0.14473684210526283,2.75
qwen25_15b,511,msc_valid,12,longllmlingua,0.35,19,2.8552631578947367,54.25,2.960526315789474,56.25,-0.10526315789473717,-2.0
qwen25_15b,511,msc_valid,12,recency,0.35,19,3.0921052631578947,58.75,2.960526315789474,56.25,0.1315789473684208,2.5
qwen25_15b,511,msc_valid,12,lexical_tfidf,0.35,19,3.1842105263157894,60.5,2.960526315789474,56.25,0.22368421052631549,4.25
qwen25_15b,511,msc_valid,12,recency_keep_compress_drop,0.35,19,3.236842105263158,61.5,2.960526315789474,56.25,0.27631578947368407,5.25
qwen25_15b,511,msc_valid,12,uniform,0.5,19,3.0657894736842106,58.25,2.960526315789474,56.25,0.10526315789473673,2.0
qwen25_15b,511,msc_valid,12,longllmlingua,0.5,19,2.75,52.25,2.960526315789474,56.25,-0.2105263157894739,-4.0
qwen25_15b,511,msc_valid,12,recency,0.5,19,2.8947368421052633,55.0,2.960526315789474,56.25,-0.06578947368421062,-1.25
qwen25_15b,511,msc_valid,12,lexical_tfidf,0.5,19,3.1447368421052633,59.75,2.960526315789474,56.25,0.18421052631578938,3.5
qwen25_15b,511,msc_valid,12,recency_keep_compress_drop,0.5,19,3.1973684210526314,60.75,2.960526315789474,56.25,0.23684210526315752,4.5
qwen25_15b,511,msc_valid,14,uniform,0.2,9,4.166666666666667,37.5,3.111111111111111,28.0,1.0555555555555558,9.5
qwen25_15b,511,msc_valid,14,longllmlingua,0.2,9,3.5416666666666665,31.875,3.111111111111111,28.0,0.43055555555555536,3.875
qwen25_15b,511,msc_valid,14,recency,0.2,9,3.8055555555555554,34.25,3.111111111111111,28.0,0.6944444444444442,6.25
qwen25_15b,511,msc_valid,14,lexical_tfidf,0.2,9,3.6944444444444446,33.25,3.111111111111111,28.0,0.5833333333333335,5.25
qwen25_15b,511,msc_valid,14,recency_keep_compress_drop,0.2,9,3.4722222222222223,31.25,3.111111111111111,28.0,0.36111111111111116,3.25
qwen25_15b,511,msc_valid,14,uniform,0.35,9,3.4305555555555554,30.875,3.111111111111111,28.0,0.3194444444444442,2.875
qwen25_15b,511,msc_valid,14,longllmlingua,0.35,9,2.8333333333333335,25.5,3.111111111111111,28.0,-0.2777777777777777,-2.5
qwen25_15b,511,msc_valid,14,recency,0.35,9,3.4027777777777777,30.625,3.111111111111111,28.0,0.2916666666666665,2.625
qwen25_15b,511,msc_valid,14,lexical_tfidf,0.35,9,3.7222222222222223,33.5,3.111111111111111,28.0,0.6111111111111112,5.5
qwen25_15b,511,msc_valid,14,recency_keep_compress_drop,0.35,9,3.7777777777777777,34.0,3.111111111111111,28.0,0.6666666666666665,6.0
qwen25_15b,511,msc_valid,14,uniform,0.5,9,3.513888888888889,31.625,3.111111111111111,28.0,0.4027777777777777,3.625
qwen25_15b,511,msc_valid,14,longllmlingua,0.5,9,2.9722222222222223,26.75,3.111111111111111,28.0,-0.13888888888888884,-1.25
qwen25_15b,511,msc_valid,14,recency,0.5,9,3.6944444444444446,33.25,3.111111111111111,28.0,0.5833333333333335,5.25
qwen25_15b,511,msc_valid,14,lexical_tfidf,0.5,9,3.611111111111111,32.5,3.111111111111111,28.0,0.5,4.5
qwen25_15b,511,msc_valid,14,recency_keep_compress_drop,0.5,9,3.5833333333333335,32.25,3.111111111111111,28.0,0.4722222222222223,4.25
qwen25_15b,516,msc_valid,4,uniform,0.2,18,3.6944444444444446,66.5,3.3055555555555554,59.5,0.3888888888888893,7.0
qwen25_15b,516,msc_valid,4,longllmlingua,0.2,18,3.1805555555555554,57.25,3.3055555555555554,59.5,-0.125,-2.25
qwen25_15b,516,msc_valid,4,recency,0.2,18,3.6944444444444446,66.5,3.3055555555555554,59.5,0.3888888888888893,7.0
qwen25_15b,516,msc_valid,4,lexical_tfidf,0.2,18,3.6944444444444446,66.5,3.3055555555555554,59.5,0.3888888888888893,7.0
qwen25_15b,516,msc_valid,4,recency_keep_compress_drop,0.2,18,3.6944444444444446,66.5,3.3055555555555554,59.5,0.3888888888888893,7.0
qwen25_15b,516,msc_valid,4,uniform,0.35,18,3.6944444444444446,66.5,3.3055555555555554,59.5,0.3888888888888893,7.0
qwen25_15b,516,msc_valid,4,longllmlingua,0.35,18,3.0555555555555554,55.0,3.3055555555555554,59.5,-0.25,-4.5
qwen25_15b,516,msc_valid,4,recency,0.35,18,3.6944444444444446,66.5,3.3055555555555554,59.5,0.3888888888888893,7.0
qwen25_15b,516,msc_valid,4,lexical_tfidf,0.35,18,3.6944444444444446,66.5,3.3055555555555554,59.5,0.3888888888888893,7.0
qwen25_15b,516,msc_valid,4,recency_keep_compress_drop,0.35,18,3.6944444444444446,66.5,3.3055555555555554,59.5,0.3888888888888893,7.0
qwen25_15b,516,msc_valid,4,uniform,0.5,18,3.361111111111111,60.5,3.3055555555555554,59.5,0.0555555555555558,1.0
qwen25_15b,516,msc_valid,4,longllmlingua,0.5,18,3.0277777777777777,54.5,3.3055555555555554,59.5,-0.2777777777777777,-5.0
qwen25_15b,516,msc_valid,4,recency,0.5,18,3.361111111111111,60.5,3.3055555555555554,59.5,0.0555555555555558,1.0
qwen25_15b,516,msc_valid,4,lexical_tfidf,0.5,18,3.361111111111111,60.5,3.3055555555555554,59.5,0.0555555555555558,1.0
qwen25_15b,516,msc_valid,4,recency_keep_compress_drop,0.5,18,3.361111111111111,60.5,3.3055555555555554,59.5,0.0555555555555558,1.0
qwen25_15b,516,msc_valid,6,uniform,0.2,18,2.486111111111111,44.75,2.611111111111111,47.0,-0.125,-2.25
qwen25_15b,516,msc_valid,6,longllmlingua,0.2,18,2.361111111111111,42.5,2.611111111111111,47.0,-0.25,-4.5
qwen25_15b,516,msc_valid,6,recency,0.2,18,2.486111111111111,44.75,2.611111111111111,47.0,-0.125,-2.25
qwen25_15b,516,msc_valid,6,lexical_tfidf,0.2,18,2.486111111111111,44.75,2.611111111111111,47.0,-0.125,-2.25
qwen25_15b,516,msc_valid,6,recency_keep_compress_drop,0.2,18,2.486111111111111,44.75,2.611111111111111,47.0,-0.125,-2.25
qwen25_15b,516,msc_valid,6,uniform,0.35,18,2.5555555555555554,46.0,2.611111111111111,47.0,-0.0555555555555558,-1.0
qwen25_15b,516,msc_valid,6,longllmlingua,0.35,18,2.486111111111111,44.75,2.611111111111111,47.0,-0.125,-2.25
qwen25_15b,516,msc_valid,6,recency,0.35,18,2.486111111111111,44.75,2.611111111111111,47.0,-0.125,-2.25
qwen25_15b,516,msc_valid,6,lexical_tfidf,0.35,18,2.486111111111111,44.75,2.611111111111111,47.0,-0.125,-2.25
qwen25_15b,516,msc_valid,6,recency_keep_compress_drop,0.35,18,2.486111111111111,44.75,2.611111111111111,47.0,-0.125,-2.25
qwen25_15b,516,msc_valid,6,uniform,0.5,18,2.5833333333333335,46.5,2.611111111111111,47.0,-0.02777777777777768,-0.5
qwen25_15b,516,msc_valid,6,longllmlingua,0.5,18,2.388888888888889,43.0,2.611111111111111,47.0,-0.22222222222222232,-4.0
qwen25_15b,516,msc_valid,6,recency,0.5,18,2.611111111111111,47.0,2.611111111111111,47.0,0.0,0.0
qwen25_15b,516,msc_valid,6,lexical_tfidf,0.5,18,2.638888888888889,47.5,2.611111111111111,47.0,0.02777777777777768,0.5
qwen25_15b,516,msc_valid,6,recency_keep_compress_drop,0.5,18,2.638888888888889,47.5,2.611111111111111,47.0,0.02777777777777768,0.5
qwen25_15b,516,msc_valid,8,uniform,0.2,17,2.661764705882353,45.25,2.1911764705882355,37.25,0.4705882352941173,8.0
qwen25_15b,516,msc_valid,8,longllmlingua,0.2,17,2.25,38.25,2.1911764705882355,37.25,0.0588235294117645,1.0
qwen25_15b,516,msc_valid,8,recency,0.2,17,2.676470588235294,45.5,2.1911764705882355,37.25,0.48529411764705843,8.25
qwen25_15b,516,msc_valid,8,lexical_tfidf,0.2,17,2.661764705882353,45.25,2.1911764705882355,37.25,0.4705882352941173,8.0
qwen25_15b,516,msc_valid,8,recency_keep_compress_drop,0.2,17,2.676470588235294,45.5,2.1911764705882355,37.25,0.48529411764705843,8.25
qwen25_15b,516,msc_valid,8,uniform,0.35,17,2.6323529411764706,44.75,2.1911764705882355,37.25,0.44117647058823506,7.5
qwen25_15b,516,msc_valid,8,longllmlingua,0.35,17,2.2058823529411766,37.5,2.1911764705882355,37.25,0.014705882352941124,0.25
qwen25_15b,516,msc_valid,8,recency,0.35,17,2.485294117647059,42.25,2.1911764705882355,37.25,0.2941176470588234,5.0
qwen25_15b,516,msc_valid,8,lexical_tfidf,0.35,17,2.411764705882353,41.0,2.1911764705882355,37.25,0.2205882352941173,3.75
qwen25_15b,516,msc_valid,8,recency_keep_compress_drop,0.35,17,2.411764705882353,41.0,2.1911764705882355,37.25,0.2205882352941173,3.75
qwen25_15b,516,msc_valid,8,uniform,0.5,17,2.485294117647059,42.25,2.1911764705882355,37.25,0.2941176470588234,5.0
qwen25_15b,516,msc_valid,8,longllmlingua,0.5,17,2.2205882352941178,37.75,2.1911764705882355,37.25,0.02941176470588225,0.5
qwen25_15b,516,msc_valid,8,recency,0.5,17,2.338235294117647,39.75,2.1911764705882355,37.25,0.1470588235294117,2.5
qwen25_15b,516,msc_valid,8,lexical_tfidf,0.5,17,2.3823529411764706,40.5,2.1911764705882355,37.25,0.19117647058823506,3.25
qwen25_15b,516,msc_valid,8,recency_keep_compress_drop,0.5,17,2.3088235294117645,39.25,2.1911764705882355,37.25,0.117647058823529,2.0
qwen25_15b,516,msc_valid,10,uniform,0.2,7,6.535714285714286,45.75,5.321428571428571,37.25,1.2142857142857144,8.5
qwen25_15b,516,msc_valid,10,longllmlingua,0.2,7,5.857142857142857,41.0,5.321428571428571,37.25,0.5357142857142856,3.75
qwen25_15b,516,msc_valid,10,recency,0.2,7,5.857142857142857,41.0,5.321428571428571,37.25,0.5357142857142856,3.75
qwen25_15b,516,msc_valid,10,lexical_tfidf,0.2,7,5.714285714285714,40.0,5.321428571428571,37.25,0.39285714285714324,2.75
qwen25_15b,516,msc_valid,10,recency_keep_compress_drop,0.2,7,5.857142857142857,41.0,5.321428571428571,37.25,0.5357142857142856,3.75
qwen25_15b,516,msc_valid,10,uniform,0.35,7,6.5,45.5,5.321428571428571,37.25,1.1785714285714288,8.25
qwen25_15b,516,msc_valid,10,longllmlingua,0.35,7,5.857142857142857,41.0,5.321428571428571,37.25,0.5357142857142856,3.75
qwen25_15b,516,msc_valid,10,recency,0.35,7,5.571428571428571,39.0,5.321428571428571,37.25,0.25,1.75
qwen25_15b,516,msc_valid,10,lexical_tfidf,0.35,7,5.714285714285714,40.0,5.321428571428571,37.25,0.39285714285714324,2.75
qwen25_15b,516,msc_valid,10,recency_keep_compress_drop,0.35,7,5.928571428571429,41.5,5.321428571428571,37.25,0.6071428571428577,4.25
qwen25_15b,516,msc_valid,10,uniform,0.5,7,6.571428571428571,46.0,5.321428571428571,37.25,1.25,8.75
qwen25_15b,516,msc_valid,10,longllmlingua,0.5,7,5.428571428571429,38.0,5.321428571428571,37.25,0.10714285714285765,0.75
qwen25_15b,516,msc_valid,10,recency,0.5,7,5.571428571428571,39.0,5.321428571428571,37.25,0.25,1.75
qwen25_15b,516,msc_valid,10,lexical_tfidf,0.5,7,5.571428571428571,39.0,5.321428571428571,37.25,0.25,1.75
qwen25_15b,516,msc_valid,10,recency_keep_compress_drop,0.5,7,5.892857142857143,41.25,5.321428571428571,37.25,0.5714285714285721,4.0
qwen25_15b,516,msc_valid,12,uniform,0.2,10,2.5375,25.375,2.2375,22.375,0.30000000000000027,3.0
qwen25_15b,516,msc_valid,12,longllmlingua,0.2,10,1.925,19.25,2.2375,22.375,-0.3124999999999998,-3.125
qwen25_15b,516,msc_valid,12,recency,0.2,10,2.4,24.0,2.2375,22.375,0.1625000000000001,1.625
qwen25_15b,516,msc_valid,12,lexical_tfidf,0.2,10,2.675,26.75,2.2375,22.375,0.4375,4.375
qwen25_15b,516,msc_valid,12,recency_keep_compress_drop,0.2,10,2.5625,25.625,2.2375,22.375,0.3250000000000002,3.25
qwen25_15b,516,msc_valid,12,uniform,0.35,10,2.5875,25.875,2.2375,22.375,0.3500000000000001,3.5
qwen25_15b,516,msc_valid,12,longllmlingua,0.35,10,2.05,20.5,2.2375,22.375,-0.1875,-1.875
qwen25_15b,516,msc_valid,12,recency,0.35,10,2.5625,25.625,2.2375,22.375,0.3250000000000002,3.25
qwen25_15b,516,msc_valid,12,lexical_tfidf,0.35,10,2.5375,25.375,2.2375,22.375,0.30000000000000027,3.0
qwen25_15b,516,msc_valid,12,recency_keep_compress_drop,0.35,10,2.5,25.0,2.2375,22.375,0.2625000000000002,2.625
qwen25_15b,516,msc_valid,12,uniform,0.5,10,2.4,24.0,2.2375,22.375,0.1625000000000001,1.625
qwen25_15b,516,msc_valid,12,longllmlingua,0.5,10,2.1375,21.375,2.2375,22.375,-0.09999999999999964,-1.0
qwen25_15b,516,msc_valid,12,recency,0.5,10,2.525,25.25,2.2375,22.375,0.2875000000000001,2.875
qwen25_15b,516,msc_valid,12,lexical_tfidf,0.5,10,2.575,25.75,2.2375,22.375,0.33750000000000036,3.375
qwen25_15b,516,msc_valid,12,recency_keep_compress_drop,0.5,10,2.4625,24.625,2.2375,22.375,0.2250000000000001,2.25
qwen25_15b,524,msc_valid,4,uniform,0.2,17,5.529411764705882,94.0,5.382352941176471,91.5,0.14705882352941124,2.5
qwen25_15b,524,msc_valid,4,longllmlingua,0.2,17,5.088235294117647,86.5,5.382352941176471,91.5,-0.29411764705882426,-5.0
qwen25_15b,524,msc_valid,4,recency,0.2,17,5.529411764705882,94.0,5.382352941176471,91.5,0.14705882352941124,2.5
qwen25_15b,524,msc_valid,4,lexical_tfidf,0.2,17,5.529411764705882,94.0,5.382352941176471,91.5,0.14705882352941124,2.5
qwen25_15b,524,msc_valid,4,recency_keep_compress_drop,0.2,17,5.529411764705882,94.0,5.382352941176471,91.5,0.14705882352941124,2.5
qwen25_15b,524,msc_valid,4,uniform,0.35,17,5.470588235294118,93.0,5.382352941176471,91.5,0.08823529411764675,1.5
qwen25_15b,524,msc_valid,4,longllmlingua,0.35,17,5.088235294117647,86.5,5.382352941176471,91.5,-0.29411764705882426,-5.0
qwen25_15b,524,msc_valid,4,recency,0.35,17,5.470588235294118,93.0,5.382352941176471,91.5,0.08823529411764675,1.5
qwen25_15b,524,msc_valid,4,lexical_tfidf,0.35,17,5.470588235294118,93.0,5.382352941176471,91.5,0.08823529411764675,1.5
qwen25_15b,524,msc_valid,4,recency_keep_compress_drop,0.35,17,5.470588235294118,93.0,5.382352941176471,91.5,0.08823529411764675,1.5
qwen25_15b,524,msc_valid,4,uniform,0.5,17,5.470588235294118,93.0,5.382352941176471,91.5,0.08823529411764675,1.5
qwen25_15b,524,msc_valid,4,longllmlingua,0.5,17,5.147058823529412,87.5,5.382352941176471,91.5,-0.23529411764705888,-4.0
qwen25_15b,524,msc_valid,4,recency,0.5,17,5.470588235294118,93.0,5.382352941176471,91.5,0.08823529411764675,1.5
qwen25_15b,524,msc_valid,4,lexical_tfidf,0.5,17,5.470588235294118,93.0,5.382352941176471,91.5,0.08823529411764675,1.5
qwen25_15b,524,msc_valid,4,recency_keep_compress_drop,0.5,17,5.470588235294118,93.0,5.382352941176471,91.5,0.08823529411764675,1.5
qwen25_15b,524,msc_valid,8,uniform,0.2,13,3.6538461538461537,47.5,3.019230769230769,39.25,0.6346153846153846,8.25
qwen25_15b,524,msc_valid,8,longllmlingua,0.2,13,3.5576923076923075,46.25,3.019230769230769,39.25,0.5384615384615383,7.0
qwen25_15b,524,msc_valid,8,recency,0.2,13,3.576923076923077,46.5,3.019230769230769,39.25,0.5576923076923079,7.25
qwen25_15b,524,msc_valid,8,lexical_tfidf,0.2,13,3.576923076923077,46.5,3.019230769230769,39.25,0.5576923076923079,7.25
qwen25_15b,524,msc_valid,8,recency_keep_compress_drop,0.2,13,3.576923076923077,46.5,3.019230769230769,39.25,0.5576923076923079,7.25
qwen25_15b,524,msc_valid,8,uniform,0.35,13,3.673076923076923,47.75,3.019230769230769,39.25,0.6538461538461537,8.5
qwen25_15b,524,msc_valid,8,longllmlingua,0.35,13,3.5384615384615383,46.0,3.019230769230769,39.25,0.5192307692307692,6.75
qwen25_15b,524,msc_valid,8,recency,0.35,13,3.230769230769231,42.0,3.019230769230769,39.25,0.21153846153846168,2.75
qwen25_15b,524,msc_valid,8,lexical_tfidf,0.35,13,3.4038461538461537,44.25,3.019230769230769,39.25,0.3846153846153846,5.0
qwen25_15b,524,msc_valid,8,recency_keep_compress_drop,0.35,13,3.230769230769231,42.0,3.019230769230769,39.25,0.21153846153846168,2.75
qwen25_15b,524,msc_valid,8,uniform,0.5,13,3.4038461538461537,44.25,3.019230769230769,39.25,0.3846153846153846,5.0
qwen25_15b,524,msc_valid,8,longllmlingua,0.5,13,3.3076923076923075,43.0,3.019230769230769,39.25,0.2884615384615383,3.75
qwen25_15b,524,msc_valid,8,recency,0.5,13,3.3076923076923075,43.0,3.019230769230769,39.25,0.2884615384615383,3.75
qwen25_15b,524,msc_valid,8,lexical_tfidf,0.5,13,3.3461538461538463,43.5,3.019230769230769,39.25,0.3269230769230771,4.25
qwen25_15b,524,msc_valid,8,recency_keep_compress_drop,0.5,13,3.423076923076923,44.5,3.019230769230769,39.25,0.40384615384615374,5.25
qwen25_15b,524,msc_valid,12,uniform,0.2,11,4.295454545454546,47.25,3.477272727272727,38.25,0.8181818181818188,9.0
qwen25_15b,524,msc_valid,12,longllmlingua,0.2,11,3.977272727272727,43.75,3.477272727272727,38.25,0.5,5.5
qwen25_15b,524,msc_valid,12,recency,0.2,11,3.8863636363636362,42.75,3.477272727272727,38.25,0.40909090909090917,4.5
qwen25_15b,524,msc_valid,12,lexical_tfidf,0.2,11,4.045454545454546,44.5,3.477272727272727,38.25,0.5681818181818188,6.25
qwen25_15b,524,msc_valid,12,recency_keep_compress_drop,0.2,11,4.0227272727272725,44.25,3.477272727272727,38.25,0.5454545454545454,6.0
qwen25_15b,524,msc_valid,12,uniform,0.35,11,4.409090909090909,48.5,3.477272727272727,38.25,0.9318181818181821,10.25
qwen25_15b,524,msc_valid,12,longllmlingua,0.35,11,3.9545454545454546,43.5,3.477272727272727,38.25,0.4772727272727275,5.25
qwen25_15b,524,msc_valid,12,recency,0.35,11,3.727272727272727,41.0,3.477272727272727,38.25,0.25,2.75
qwen25_15b,524,msc_valid,12,lexical_tfidf,0.35,11,4.0,44.0,3.477272727272727,38.25,0.5227272727272729,5.75
qwen25_15b,524,msc_valid,12,recency_keep_compress_drop,0.35,11,3.909090909090909,43.0,3.477272727272727,38.25,0.4318181818181821,4.75
qwen25_15b,524,msc_valid,12,uniform,0.5,11,4.0,44.0,3.477272727272727,38.25,0.5227272727272729,5.75
qwen25_15b,524,msc_valid,12,longllmlingua,0.5,11,3.8181818181818183,42.0,3.477272727272727,38.25,0.3409090909090913,3.75
qwen25_15b,524,msc_valid,12,recency,0.5,11,3.522727272727273,38.75,3.477272727272727,38.25,0.04545454545454586,0.5
qwen25_15b,524,msc_valid,12,lexical_tfidf,0.5,11,3.75,41.25,3.477272727272727,38.25,0.27272727272727293,3.0
qwen25_15b,524,msc_valid,12,recency_keep_compress_drop,0.5,11,4.0,44.0,3.477272727272727,38.25,0.5227272727272729,5.75
qwen25_15b,524,msc_valid,16,uniform,0.2,14,3.375,47.25,3.107142857142857,43.5,0.2678571428571428,3.75
qwen25_15b,524,msc_valid,16,longllmlingua,0.2,14,3.2142857142857144,45.0,3.107142857142857,43.5,0.1071428571428572,1.5
qwen25_15b,524,msc_valid,16,recency,0.2,14,3.3035714285714284,46.25,3.107142857142857,43.5,0.19642857142857117,2.75
qwen25_15b,524,msc_valid,16,lexical_tfidf,0.2,14,3.125,43.75,3.107142857142857,43.5,0.017857142857142794,0.25
qwen25_15b,524,msc_valid,16,recency_keep_compress_drop,0.2,14,3.3035714285714284,46.25,3.107142857142857,43.5,0.19642857142857117,2.75
qwen25_15b,524,msc_valid,16,uniform,0.35,14,3.1785714285714284,44.5,3.107142857142857,43.5,0.07142857142857117,1.0
qwen25_15b,524,msc_valid,16,longllmlingua,0.35,14,3.25,45.5,3.107142857142857,43.5,0.1428571428571428,2.0
qwen25_15b,524,msc_valid,16,recency,0.35,14,3.1964285714285716,44.75,3.107142857142857,43.5,0.08928571428571441,1.25
qwen25_15b,524,msc_valid,16,lexical_tfidf,0.35,14,3.25,45.5,3.107142857142857,43.5,0.1428571428571428,2.0
qwen25_15b,524,msc_valid,16,recency_keep_compress_drop,0.35,14,3.232142857142857,45.25,3.107142857142857,43.5,0.125,1.75
qwen25_15b,524,msc_valid,16,uniform,0.5,14,3.232142857142857,45.25,3.107142857142857,43.5,0.125,1.75
qwen25_15b,524,msc_valid,16,longllmlingua,0.5,14,3.1607142857142856,44.25,3.107142857142857,43.5,0.05357142857142838,0.75
qwen25_15b,524,msc_valid,16,recency,0.5,14,3.0535714285714284,42.75,3.107142857142857,43.5,-0.053571428571428825,-0.75
qwen25_15b,524,msc_valid,16,lexical_tfidf,0.5,14,3.1964285714285716,44.75,3.107142857142857,43.5,0.08928571428571441,1.25
qwen25_15b,524,msc_valid,16,recency_keep_compress_drop,0.5,14,3.2142857142857144,45.0,3.107142857142857,43.5,0.1071428571428572,1.5
qwen25_15b,524,msc_valid,18,uniform,0.2,43,3.7209302325581395,160.0,3.4186046511627906,147.0,0.30232558139534893,13.0
qwen25_15b,524,msc_valid,18,longllmlingua,0.2,43,3.604651162790698,155.0,3.4186046511627906,147.0,0.1860465116279073,8.0
qwen25_15b,524,msc_valid,18,recency,0.2,43,3.627906976744186,156.0,3.4186046511627906,147.0,0.20930232558139528,9.0
qwen25_15b,524,msc_valid,18,lexical_tfidf,0.2,43,3.6511627906976742,157.0,3.4186046511627906,147.0,0.2325581395348837,10.0
qwen25_15b,524,msc_valid,18,recency_keep_compress_drop,0.2,43,3.6511627906976742,157.0,3.4186046511627906,147.0,0.2325581395348837,10.0
qwen25_15b,524,msc_valid,18,uniform,0.35,43,3.627906976744186,156.0,3.4186046511627906,147.0,0.20930232558139528,9.0
qwen25_15b,524,msc_valid,18,longllmlingua,0.35,43,3.5348837209302326,152.0,3.4186046511627906,147.0,0.11627906976744207,5.0
qwen25_15b,524,msc_valid,18,recency,0.35,43,3.558139534883721,153.0,3.4186046511627906,147.0,0.13953488372093048,6.0
qwen25_15b,524,msc_valid,18,lexical_tfidf,0.35,43,3.627906976744186,156.0,3.4186046511627906,147.0,0.20930232558139528,9.0
qwen25_15b,524,msc_valid,18,recency_keep_compress_drop,0.35,43,3.5813953488372094,154.0,3.4186046511627906,147.0,0.1627906976744189,7.0
qwen25_15b,524,msc_valid,18,uniform,0.5,43,3.5348837209302326,152.0,3.4186046511627906,147.0,0.11627906976744207,5.0
qwen25_15b,524,msc_valid,18,longllmlingua,0.5,43,3.441860465116279,148.0,3.4186046511627906,147.0,0.023255813953488413,1.0
qwen25_15b,524,msc_valid,18,recency,0.5,43,3.558139534883721,153.0,3.4186046511627906,147.0,0.13953488372093048,6.0
qwen25_15b,524,msc_valid,18,lexical_tfidf,0.5,43,3.5348837209302326,152.0,3.4186046511627906,147.0,0.11627906976744207,5.0
qwen25_15b,524,msc_valid,18,recency_keep_compress_drop,0.5,43,3.488372093023256,150.0,3.4186046511627906,147.0,0.06976744186046524,3.0
qwen25_15b,524,msc_valid,22,uniform,0.2,25,3.3,82.5,3.32,83.0,-0.020000000000000018,-0.5
qwen25_15b,524,msc_valid,22,longllmlingua,0.2,25,3.64,91.0,3.32,83.0,0.3200000000000003,8.0
qwen25_15b,524,msc_valid,22,recency,0.2,25,3.7,92.5,3.32,83.0,0.38000000000000034,9.5
qwen25_15b,524,msc_valid,22,lexical_tfidf,0.2,25,3.66,91.5,3.32,83.0,0.3400000000000003,8.5
qwen25_15b,524,msc_valid,22,recency_keep_compress_drop,0.2,25,3.68,92.0,3.32,83.0,0.3600000000000003,9.0
qwen25_15b,524,msc_valid,22,uniform,0.35,25,3.22,80.5,3.32,83.0,-0.09999999999999964,-2.5
qwen25_15b,524,msc_valid,22,longllmlingua,0.35,25,3.7,92.5,3.32,83.0,0.38000000000000034,9.5
qwen25_15b,524,msc_valid,22,recency,0.35,25,3.7,92.5,3.32,83.0,0.38000000000000034,9.5
qwen25_15b,524,msc_valid,22,lexical_tfidf,0.35,25,3.68,92.0,3.32,83.0,0.3600000000000003,9.0
qwen25_15b,524,msc_valid,22,recency_keep_compress_drop,0.35,25,3.62,90.5,3.32,83.0,0.30000000000000027,7.5
qwen25_15b,524,msc_valid,22,uniform,0.5,25,3.3,82.5,3.32,83.0,-0.020000000000000018,-0.5
qwen25_15b,524,msc_valid,22,longllmlingua,0.5,25,3.64,91.0,3.32,83.0,0.3200000000000003,8.0
qwen25_15b,524,msc_valid,22,recency,0.5,25,3.64,91.0,3.32,83.0,0.3200000000000003,8.0
qwen25_15b,524,msc_valid,22,lexical_tfidf,0.5,25,3.6,90.0,3.32,83.0,0.28000000000000025,7.0
qwen25_15b,524,msc_valid,22,recency_keep_compress_drop,0.5,25,3.66,91.5,3.32,83.0,0.3400000000000003,8.5
qwen25_15b,524,msc_valid,26,uniform,0.2,60,2.35,141.0,2.2666666666666666,136.0,0.08333333333333348,5.0
qwen25_15b,524,msc_valid,26,longllmlingua,0.2,60,2.3666666666666667,142.0,2.2666666666666666,136.0,0.10000000000000009,6.0
qwen25_15b,524,msc_valid,26,recency,0.2,60,2.3666666666666667,142.0,2.2666666666666666,136.0,0.10000000000000009,6.0
qwen25_15b,524,msc_valid,26,lexical_tfidf,0.2,60,2.25,135.0,2.2666666666666666,136.0,-0.016666666666666607,-1.0
qwen25_15b,524,msc_valid,26,recency_keep_compress_drop,0.2,60,2.3333333333333335,140.0,2.2666666666666666,136.0,0.06666666666666687,4.0
qwen25_15b,524,msc_valid,26,uniform,0.35,60,2.35,141.0,2.2666666666666666,136.0,0.08333333333333348,5.0
qwen25_15b,524,msc_valid,26,longllmlingua,0.35,60,2.3833333333333333,143.0,2.2666666666666666,136.0,0.1166666666666667,7.0
qwen25_15b,524,msc_valid,26,recency,0.35,60,2.283333333333333,137.0,2.2666666666666666,136.0,0.016666666666666607,1.0
qwen25_15b,524,msc_valid,26,lexical_tfidf,0.35,60,2.283333333333333,137.0,2.2666666666666666,136.0,0.016666666666666607,1.0
qwen25_15b,524,msc_valid,26,recency_keep_compress_drop,0.35,60,2.3,138.0,2.2666666666666666,136.0,0.033333333333333215,2.0
qwen25_15b,524,msc_valid,26,uniform,0.5,60,2.3666666666666667,142.0,2.2666666666666666,136.0,0.10000000000000009,6.0
qwen25_15b,524,msc_valid,26,longllmlingua,0.5,60,2.3,138.0,2.2666666666666666,136.0,0.033333333333333215,2.0
qwen25_15b,524,msc_valid,26,recency,0.5,60,2.316666666666667,139.0,2.2666666666666666,136.0,0.050000000000000266,3.0
qwen25_15b,524,msc_valid,26,lexical_tfidf,0.5,60,2.3,138.0,2.2666666666666666,136.0,0.033333333333333215,2.0
qwen25_15b,524,msc_valid,26,recency_keep_compress_drop,0.5,60,2.2666666666666666,136.0,2.2666666666666666,136.0,0.0,0.0
qwen25_15b,524,msc_valid,30,uniform,0.2,19,2.9342105263157894,55.75,2.8026315789473686,53.25,0.1315789473684208,2.5
qwen25_15b,524,msc_valid,30,longllmlingua,0.2,19,3.223684210526316,61.25,2.8026315789473686,53.25,0.42105263157894735,8.0
qwen25_15b,524,msc_valid,30,recency,0.2,19,3.223684210526316,61.25,2.8026315789473686,53.25,0.42105263157894735,8.0
qwen25_15b,524,msc_valid,30,lexical_tfidf,0.2,19,3.0921052631578947,58.75,2.8026315789473686,53.25,0.2894736842105261,5.5
qwen25_15b,524,msc_valid,30,recency_keep_compress_drop,0.2,19,3.1578947368421053,60.0,2.8026315789473686,53.25,0.3552631578947367,6.75
qwen25_15b,524,msc_valid,30,uniform,0.35,19,2.9342105263157894,55.75,2.8026315789473686,53.25,0.1315789473684208,2.5
qwen25_15b,524,msc_valid,30,longllmlingua,0.35,19,3.1315789473684212,59.5,2.8026315789473686,53.25,0.32894736842105265,6.25
qwen25_15b,524,msc_valid,30,recency,0.35,19,2.9342105263157894,55.75,2.8026315789473686,53.25,0.1315789473684208,2.5
qwen25_15b,524,msc_valid,30,lexical_tfidf,0.35,19,2.8815789473684212,54.75,2.8026315789473686,53.25,0.07894736842105265,1.5
qwen25_15b,524,msc_valid,30,recency_keep_compress_drop,0.35,19,3.1184210526315788,59.25,2.8026315789473686,53.25,0.3157894736842102,6.0
qwen25_15b,524,msc_valid,30,uniform,0.5,19,2.776315789473684,52.75,2.8026315789473686,53.25,-0.026315789473684514,-0.5
qwen25_15b,524,msc_valid,30,longllmlingua,0.5,19,3.1052631578947367,59.0,2.8026315789473686,53.25,0.30263157894736814,5.75
qwen25_15b,524,msc_valid,30,recency,0.5,19,2.9342105263157894,55.75,2.8026315789473686,53.25,0.1315789473684208,2.5
qwen25_15b,524,msc_valid,30,lexical_tfidf,0.5,19,2.9342105263157894,55.75,2.8026315789473686,53.25,0.1315789473684208,2.5
qwen25_15b,524,msc_valid,30,recency_keep_compress_drop,0.5,19,3.1184210526315788,59.25,2.8026315789473686,53.25,0.3157894736842102,6.0
qwen25_15b,524,msc_valid,34,uniform,0.2,21,3.5476190476190474,74.5,3.4523809523809526,72.5,0.0952380952380949,2.0
qwen25_15b,524,msc_valid,34,longllmlingua,0.2,21,3.7142857142857144,78.0,3.4523809523809526,72.5,0.26190476190476186,5.5
qwen25_15b,524,msc_valid,34,recency,0.2,21,3.6666666666666665,77.0,3.4523809523809526,72.5,0.21428571428571397,4.5
qwen25_15b,524,msc_valid,34,lexical_tfidf,0.2,21,3.5714285714285716,75.0,3.4523809523809526,72.5,0.11904761904761907,2.5
qwen25_15b,524,msc_valid,34,recency_keep_compress_drop,0.2,21,3.619047619047619,76.0,3.4523809523809526,72.5,0.16666666666666652,3.5
qwen25_15b,524,msc_valid,34,uniform,0.35,21,3.4761904761904763,73.0,3.4523809523809526,72.5,0.023809523809523725,0.5
qwen25_15b,524,msc_valid,34,longllmlingua,0.35,21,3.619047619047619,76.0,3.4523809523809526,72.5,0.16666666666666652,3.5
qwen25_15b,524,msc_valid,34,recency,0.35,21,3.5476190476190474,74.5,3.4523809523809526,72.5,0.0952380952380949,2.0
qwen25_15b,524,msc_valid,34,lexical_tfidf,0.35,21,3.4285714285714284,72.0,3.4523809523809526,72.5,-0.02380952380952417,-0.5
qwen25_15b,524,msc_valid,34,recency_keep_compress_drop,0.35,21,3.5476190476190474,74.5,3.4523809523809526,72.5,0.0952380952380949,2.0
qwen25_15b,524,msc_valid,34,uniform,0.5,21,3.4047619047619047,71.5,3.4523809523809526,72.5,-0.047619047619047894,-1.0
qwen25_15b,524,msc_valid,34,longllmlingua,0.5,21,3.5714285714285716,75.0,3.4523809523809526,72.5,0.11904761904761907,2.5
qwen25_15b,524,msc_valid,34,recency,0.5,21,3.5238095238095237,74.0,3.4523809523809526,72.5,0.07142857142857117,1.5
qwen25_15b,524,msc_valid,34,lexical_tfidf,0.5,21,3.5,73.5,3.4523809523809526,72.5,0.04761904761904745,1.0
qwen25_15b,524,msc_valid,34,recency_keep_compress_drop,0.5,21,3.5476190476190474,74.5,3.4523809523809526,72.5,0.0952380952380949,2.0
qwen25_15b,524,msc_valid,38,uniform,0.2,19,2.3289473684210527,44.25,2.289473684210526,43.5,0.03947368421052655,0.75
qwen25_15b,524,msc_valid,38,longllmlingua,0.2,19,2.6578947368421053,50.5,2.289473684210526,43.5,0.3684210526315792,7.0
qwen25_15b,524,msc_valid,38,recency,0.2,19,2.5,47.5,2.289473684210526,43.5,0.2105263157894739,4.0
qwen25_15b,524,msc_valid,38,lexical_tfidf,0.2,19,2.539473684210526,48.25,2.289473684210526,43.5,0.25,4.75
qwen25_15b,524,msc_valid,38,recency_keep_compress_drop,0.2,19,2.4473684210526314,46.5,2.289473684210526,43.5,0.1578947368421053,3.0
qwen25_15b,524,msc_valid,38,uniform,0.35,19,2.4078947368421053,45.75,2.289473684210526,43.5,0.1184210526315792,2.25
qwen25_15b,524,msc_valid,38,longllmlingua,0.35,19,2.513157894736842,47.75,2.289473684210526,43.5,0.22368421052631593,4.25
qwen25_15b,524,msc_valid,38,recency,0.35,19,2.473684210526316,47.0,2.289473684210526,43.5,0.18421052631578982,3.5
qwen25_15b,524,msc_valid,38,lexical_tfidf,0.35,19,2.3947368421052633,45.5,2.289473684210526,43.5,0.10526315789473717,2.0
qwen25_15b,524,msc_valid,38,recency_keep_compress_drop,0.35,19,2.460526315789474,46.75,2.289473684210526,43.5,0.1710526315789478,3.25
qwen25_15b,524,msc_valid,38,uniform,0.5,19,2.3684210526315788,45.0,2.289473684210526,43.5,0.07894736842105265,1.5
qwen25_15b,524,msc_valid,38,longllmlingua,0.5,19,2.4210526315789473,46.0,2.289473684210526,43.5,0.13157894736842124,2.5
qwen25_15b,524,msc_valid,38,recency,0.5,19,2.3552631578947367,44.75,2.289473684210526,43.5,0.06578947368421062,1.25
qwen25_15b,524,msc_valid,38,lexical_tfidf,0.5,19,2.3157894736842106,44.0,2.289473684210526,43.5,0.026315789473684514,0.5
qwen25_15b,524,msc_valid,38,recency_keep_compress_drop,0.5,19,2.4342105263157894,46.25,2.289473684210526,43.5,0.14473684210526327,2.75
qwen25_15b,524,msc_valid,42,uniform,0.2,52,3.480769230769231,181.0,0.0,0.0,3.480769230769231,181.0
qwen25_15b,524,msc_valid,42,longllmlingua,0.2,52,3.25,169.0,0.0,0.0,3.25,169.0
qwen25_15b,524,msc_valid,42,recency,0.2,52,3.269230769230769,170.0,0.0,0.0,3.269230769230769,170.0
qwen25_15b,524,msc_valid,42,lexical_tfidf,0.2,52,3.3846153846153846,176.0,0.0,0.0,3.3846153846153846,176.0
qwen25_15b,524,msc_valid,42,recency_keep_compress_drop,0.2,52,3.326923076923077,173.0,0.0,0.0,3.326923076923077,173.0
qwen25_15b,524,msc_valid,42,uniform,0.35,52,3.2884615384615383,171.0,0.0,0.0,3.2884615384615383,171.0
qwen25_15b,524,msc_valid,42,longllmlingua,0.35,52,3.173076923076923,165.0,0.0,0.0,3.173076923076923,165.0
qwen25_15b,524,msc_valid,42,recency,0.35,52,3.230769230769231,168.0,0.0,0.0,3.230769230769231,168.0
qwen25_15b,524,msc_valid,42,lexical_tfidf,0.35,52,3.326923076923077,173.0,0.0,0.0,3.326923076923077,173.0
qwen25_15b,524,msc_valid,42,recency_keep_compress_drop,0.35,52,3.269230769230769,170.0,0.0,0.0,3.269230769230769,170.0
qwen25_15b,524,msc_valid,42,uniform,0.5,52,3.269230769230769,170.0,0.0,0.0,3.269230769230769,170.0
qwen25_15b,524,msc_valid,42,longllmlingua,0.5,52,3.1538461538461537,164.0,0.0,0.0,3.1538461538461537,164.0
qwen25_15b,524,msc_valid,42,recency,0.5,52,3.2115384615384617,167.0,0.0,0.0,3.2115384615384617,167.0
qwen25_15b,524,msc_valid,42,lexical_tfidf,0.5,52,3.3076923076923075,172.0,0.0,0.0,3.3076923076923075,172.0
qwen25_15b,524,msc_valid,42,recency_keep_compress_drop,0.5,52,3.230769230769231,168.0,0.0,0.0,3.230769230769231,168.0
qwen25_15b,524,msc_valid,46,uniform,0.2,23,3.5869565217391304,82.5,0.0,0.0,3.5869565217391304,82.5
qwen25_15b,524,msc_valid,46,longllmlingua,0.2,23,3.391304347826087,78.0,0.0,0.0,3.391304347826087,78.0
qwen25_15b,524,msc_valid,46,recency,0.2,23,3.4782608695652173,80.0,0.0,0.0,3.4782608695652173,80.0
qwen25_15b,524,msc_valid,46,lexical_tfidf,0.2,23,3.4130434782608696,78.5,0.0,0.0,3.4130434782608696,78.5
qwen25_15b,524,msc_valid,46,recency_keep_compress_drop,0.2,23,3.4565217391304346,79.5,0.0,0.0,3.4565217391304346,79.5
qwen25_15b,524,msc_valid,46,uniform,0.35,23,3.4347826086956523,79.0,0.0,0.0,3.4347826086956523,79.0
qwen25_15b,524,msc_valid,46,longllmlingua,0.35,23,3.4782608695652173,80.0,0.0,0.0,3.4782608695652173,80.0
qwen25_15b,524,msc_valid,46,recency,0.35,23,3.4347826086956523,79.0,0.0,0.0,3.4347826086956523,79.0
qwen25_15b,524,msc_valid,46,lexical_tfidf,0.35,23,3.4565217391304346,79.5,0.0,0.0,3.4565217391304346,79.5
qwen25_15b,524,msc_valid,46,recency_keep_compress_drop,0.35,23,3.4565217391304346,79.5,0.0,0.0,3.4565217391304346,79.5
qwen25_15b,524,msc_valid,46,uniform,0.5,23,3.5217391304347827,81.0,0.0,0.0,3.5217391304347827,81.0
qwen25_15b,524,msc_valid,46,longllmlingua,0.5,23,3.608695652173913,83.0,0.0,0.0,3.608695652173913,83.0
qwen25_15b,524,msc_valid,46,recency,0.5,23,3.391304347826087,78.0,0.0,0.0,3.391304347826087,78.0
qwen25_15b,524,msc_valid,46,lexical_tfidf,0.5,23,3.4130434782608696,78.5,0.0,0.0,3.4130434782608696,78.5
qwen25_15b,524,msc_valid,46,recency_keep_compress_drop,0.5,23,3.5217391304347827,81.0,0.0,0.0,3.5217391304347827,81.0
qwen25_15b,555,msc_valid,4,uniform,0.2,13,3.5961538461538463,46.75,3.2115384615384617,41.75,0.3846153846153846,5.0
qwen25_15b,555,msc_valid,4,longllmlingua,0.2,13,2.923076923076923,38.0,3.2115384615384617,41.75,-0.28846153846153877,-3.75
qwen25_15b,555,msc_valid,4,recency,0.2,13,3.5961538461538463,46.75,3.2115384615384617,41.75,0.3846153846153846,5.0
qwen25_15b,555,msc_valid,4,lexical_tfidf,0.2,13,3.5961538461538463,46.75,3.2115384615384617,41.75,0.3846153846153846,5.0
qwen25_15b,555,msc_valid,4,recency_keep_compress_drop,0.2,13,3.5961538461538463,46.75,3.2115384615384617,41.75,0.3846153846153846,5.0
qwen25_15b,555,msc_valid,4,uniform,0.35,13,3.3076923076923075,43.0,3.2115384615384617,41.75,0.09615384615384581,1.25
qwen25_15b,555,msc_valid,4,longllmlingua,0.35,13,2.9038461538461537,37.75,3.2115384615384617,41.75,-0.30769230769230793,-4.0
qwen25_15b,555,msc_valid,4,recency,0.35,13,3.3076923076923075,43.0,3.2115384615384617,41.75,0.09615384615384581,1.25
qwen25_15b,555,msc_valid,4,lexical_tfidf,0.35,13,3.3076923076923075,43.0,3.2115384615384617,41.75,0.09615384615384581,1.25
qwen25_15b,555,msc_valid,4,recency_keep_compress_drop,0.35,13,3.3076923076923075,43.0,3.2115384615384617,41.75,0.09615384615384581,1.25
qwen25_15b,555,msc_valid,4,uniform,0.5,13,3.3076923076923075,43.0,3.2115384615384617,41.75,0.09615384615384581,1.25
qwen25_15b,555,msc_valid,4,longllmlingua,0.5,13,2.980769230769231,38.75,3.2115384615384617,41.75,-0.23076923076923084,-3.0
qwen25_15b,555,msc_valid,4,recency,0.5,13,3.3076923076923075,43.0,3.2115384615384617,41.75,0.09615384615384581,1.25
qwen25_15b,555,msc_valid,4,lexical_tfidf,0.5,13,3.3076923076923075,43.0,3.2115384615384617,41.75,0.09615384615384581,1.25
qwen25_15b,555,msc_valid,4,recency_keep_compress_drop,0.5,13,3.3076923076923075,43.0,3.2115384615384617,41.75,0.09615384615384581,1.25
qwen25_15b,555,msc_valid,6,uniform,0.2,18,3.5277777777777777,63.5,3.4027777777777777,61.25,0.125,2.25
qwen25_15b,555,msc_valid,6,longllmlingua,0.2,18,3.2222222222222223,58.0,3.4027777777777777,61.25,-0.18055555555555536,-3.25
qwen25_15b,555,msc_valid,6,recency,0.2,18,3.4722222222222223,62.5,3.4027777777777777,61.25,0.06944444444444464,1.25
qwen25_15b,555,msc_valid,6,lexical_tfidf,0.2,18,3.5277777777777777,63.5,3.4027777777777777,61.25,0.125,2.25
qwen25_15b,555,msc_valid,6,recency_keep_compress_drop,0.2,18,3.4722222222222223,62.5,3.4027777777777777,61.25,0.06944444444444464,1.25
qwen25_15b,555,msc_valid,6,uniform,0.35,18,3.5277777777777777,63.5,3.4027777777777777,61.25,0.125,2.25
qwen25_15b,555,msc_valid,6,longllmlingua,0.35,18,3.1527777777777777,56.75,3.4027777777777777,61.25,-0.25,-4.5
qwen25_15b,555,msc_valid,6,recency,0.35,18,3.4722222222222223,62.5,3.4027777777777777,61.25,0.06944444444444464,1.25
qwen25_15b,555,msc_valid,6,lexical_tfidf,0.35,18,3.5416666666666665,63.75,3.4027777777777777,61.25,0.13888888888888884,2.5
qwen25_15b,555,msc_valid,6,recency_keep_compress_drop,0.35,18,3.4722222222222223,62.5,3.4027777777777777,61.25,0.06944444444444464,1.25
qwen25_15b,555,msc_valid,6,uniform,0.5,18,3.638888888888889,65.5,3.4027777777777777,61.25,0.23611111111111116,4.25
qwen25_15b,555,msc_valid,6,longllmlingua,0.5,18,3.1527777777777777,56.75,3.4027777777777777,61.25,-0.25,-4.5
qwen25_15b,555,msc_valid,6,recency,0.5,18,3.388888888888889,61.0,3.4027777777777777,61.25,-0.01388888888888884,-0.25
qwen25_15b,555,msc_valid,6,lexical_tfidf,0.5,18,3.5,63.0,3.4027777777777777,61.25,0.09722222222222232,1.75
qwen25_15b,555,msc_valid,6,recency_keep_compress_drop,0.5,18,3.4027777777777777,61.25,3.4027777777777777,61.25,0.0,0.0
qwen25_15b,555,msc_valid,8,uniform,0.2,13,2.3173076923076925,30.125,1.9903846153846154,25.875,0.3269230769230771,4.25
qwen25_15b,555,msc_valid,8,longllmlingua,0.2,13,2.105769230769231,27.375,1.9903846153846154,25.875,0.11538461538461542,1.5
qwen25_15b,555,msc_valid,8,recency,0.2,13,1.9807692307692308,25.75,1.9903846153846154,25.875,-0.009615384615384581,-0.125
qwen25_15b,555,msc_valid,8,lexical_tfidf,0.2,13,2.3173076923076925,30.125,1.9903846153846154,25.875,0.3269230769230771,4.25
qwen25_15b,555,msc_valid,8,recency_keep_compress_drop,0.2,13,1.9807692307692308,25.75,1.9903846153846154,25.875,-0.009615384615384581,-0.125
qwen25_15b,555,msc_valid,8,uniform,0.35,13,2.1153846153846154,27.5,1.9903846153846154,25.875,0.125,1.625
qwen25_15b,555,msc_valid,8,longllmlingua,0.35,13,1.9807692307692308,25.75,1.9903846153846154,25.875,-0.009615384615384581,-0.125
qwen25_15b,555,msc_valid,8,recency,0.35,13,2.1153846153846154,27.5,1.9903846153846154,25.875,0.125,1.625
qwen25_15b,555,msc_valid,8,lexical_tfidf,0.35,13,2.0288461538461537,26.375,1.9903846153846154,25.875,0.038461538461538325,0.5
qwen25_15b,555,msc_valid,8,recency_keep_compress_drop,0.35,13,2.0288461538461537,26.375,1.9903846153846154,25.875,0.038461538461538325,0.5
qwen25_15b,555,msc_valid,8,uniform,0.5,13,2.2596153846153846,29.375,1.9903846153846154,25.875,0.26923076923076916,3.5
qwen25_15b,555,msc_valid,8,longllmlingua,0.5,13,1.9519230769230769,25.375,1.9903846153846154,25.875,-0.03846153846153855,-0.5
qwen25_15b,555,msc_valid,8,recency,0.5,13,2.076923076923077,27.0,1.9903846153846154,25.875,0.08653846153846168,1.125
qwen25_15b,555,msc_valid,8,lexical_tfidf,0.5,13,2.076923076923077,27.0,1.9903846153846154,25.875,0.08653846153846168,1.125
qwen25_15b,555,msc_valid,8,recency_keep_compress_drop,0.5,13,2.0576923076923075,26.75,1.9903846153846154,25.875,0.06730769230769207,0.875
qwen25_15b,555,msc_valid,10,uniform,0.2,18,2.4305555555555554,43.75,2.0,36.0,0.43055555555555536,7.75
qwen25_15b,555,msc_valid,10,longllmlingua,0.2,18,2.1944444444444446,39.5,2.0,36.0,0.19444444444444464,3.5
qwen25_15b,555,msc_valid,10,recency,0.2,18,2.611111111111111,47.0,2.0,36.0,0.6111111111111112,11.0
qwen25_15b,555,msc_valid,10,lexical_tfidf,0.2,18,2.2916666666666665,41.25,2.0,36.0,0.2916666666666665,5.25
qwen25_15b,555,msc_valid,10,recency_keep_compress_drop,0.2,18,2.4166666666666665,43.5,2.0,36.0,0.4166666666666665,7.5
qwen25_15b,555,msc_valid,10,uniform,0.35,18,2.5,45.0,2.0,36.0,0.5,9.0
qwen25_15b,555,msc_valid,10,longllmlingua,0.35,18,2.111111111111111,38.0,2.0,36.0,0.11111111111111116,2.0
qwen25_15b,555,msc_valid,10,recency,0.35,18,2.2222222222222223,40.0,2.0,36.0,0.22222222222222232,4.0
qwen25_15b,555,msc_valid,10,lexical_tfidf,0.35,18,2.2222222222222223,40.0,2.0,36.0,0.22222222222222232,4.0
qwen25_15b,555,msc_valid,10,recency_keep_compress_drop,0.35,18,2.1666666666666665,39.0,2.0,36.0,0.16666666666666652,3.0
qwen25_15b,555,msc_valid,10,uniform,0.5,18,2.4722222222222223,44.5,2.0,36.0,0.4722222222222223,8.5
qwen25_15b,555,msc_valid,10,longllmlingua,0.5,18,2.138888888888889,38.5,2.0,36.0,0.13888888888888884,2.5
qwen25_15b,555,msc_valid,10,recency,0.5,18,2.0416666666666665,36.75,2.0,36.0,0.04166666666666652,0.75
qwen25_15b,555,msc_valid,10,lexical_tfidf,0.5,18,2.0833333333333335,37.5,2.0,36.0,0.08333333333333348,1.5
qwen25_15b,555,msc_valid,10,recency_keep_compress_drop,0.5,18,2.0972222222222223,37.75,2.0,36.0,0.09722222222222232,1.75
qwen25_15b,555,msc_valid,12,uniform,0.2,18,2.9722222222222223,53.5,2.9583333333333335,53.25,0.01388888888888884,0.25
qwen25_15b,555,msc_valid,12,longllmlingua,0.2,18,2.875,51.75,2.9583333333333335,53.25,-0.08333333333333348,-1.5
qwen25_15b,555,msc_valid,12,recency,0.2,18,3.0416666666666665,54.75,2.9583333333333335,53.25,0.08333333333333304,1.5
qwen25_15b,555,msc_valid,12,lexical_tfidf,0.2,18,2.9722222222222223,53.5,2.9583333333333335,53.25,0.01388888888888884,0.25
qwen25_15b,555,msc_valid,12,recency_keep_compress_drop,0.2,18,3.0972222222222223,55.75,2.9583333333333335,53.25,0.13888888888888884,2.5
qwen25_15b,555,msc_valid,12,uniform,0.35,18,3.0277777777777777,54.5,2.9583333333333335,53.25,0.0694444444444442,1.25
qwen25_15b,555,msc_valid,12,longllmlingua,0.35,18,2.861111111111111,51.5,2.9583333333333335,53.25,-0.09722222222222232,-1.75
qwen25_15b,555,msc_valid,12,recency,0.35,18,2.9722222222222223,53.5,2.9583333333333335,53.25,0.01388888888888884,0.25
qwen25_15b,555,msc_valid,12,lexical_tfidf,0.35,18,2.986111111111111,53.75,2.9583333333333335,53.25,0.02777777777777768,0.5
qwen25_15b,555,msc_valid,12,recency_keep_compress_drop,0.35,18,2.9722222222222223,53.5,2.9583333333333335,53.25,0.01388888888888884,0.25
qwen25_15b,555,msc_valid,12,uniform,0.5,18,3.013888888888889,54.25,2.9583333333333335,53.25,0.05555555555555536,1.0
qwen25_15b,555,msc_valid,12,longllmlingua,0.5,18,2.8472222222222223,51.25,2.9583333333333335,53.25,-0.11111111111111116,-2.0
qwen25_15b,555,msc_valid,12,recency,0.5,18,3.013888888888889,54.25,2.9583333333333335,53.25,0.05555555555555536,1.0
qwen25_15b,555,msc_valid,12,lexical_tfidf,0.5,18,2.9166666666666665,52.5,2.9583333333333335,53.25,-0.04166666666666696,-0.75
qwen25_15b,555,msc_valid,12,recency_keep_compress_drop,0.5,18,3.0,54.0,2.9583333333333335,53.25,0.04166666666666652,0.75
qwen25_15b,555,msc_valid,14,uniform,0.2,15,2.55,38.25,2.058333333333333,30.875,0.4916666666666667,7.375
qwen25_15b,555,msc_valid,14,longllmlingua,0.2,15,2.216666666666667,33.25,2.058333333333333,30.875,0.15833333333333366,2.375
qwen25_15b,555,msc_valid,14,recency,0.2,15,2.45,36.75,2.058333333333333,30.875,0.39166666666666705,5.875
qwen25_15b,555,msc_valid,14,lexical_tfidf,0.2,15,2.45,36.75,2.058333333333333,30.875,0.39166666666666705,5.875
qwen25_15b,555,msc_valid,14,recency_keep_compress_drop,0.2,15,2.45,36.75,2.058333333333333,30.875,0.39166666666666705,5.875
qwen25_15b,555,msc_valid,14,uniform,0.35,15,2.533333333333333,38.0,2.058333333333333,30.875,0.4750000000000001,7.125
qwen25_15b,555,msc_valid,14,longllmlingua,0.35,15,2.075,31.125,2.058333333333333,30.875,0.01666666666666705,0.25
qwen25_15b,555,msc_valid,14,recency,0.35,15,2.2666666666666666,34.0,2.058333333333333,30.875,0.20833333333333348,3.125
qwen25_15b,555,msc_valid,14,lexical_tfidf,0.35,15,2.216666666666667,33.25,2.058333333333333,30.875,0.15833333333333366,2.375
qwen25_15b,555,msc_valid,14,recency_keep_compress_drop,0.35,15,2.0,30.0,2.058333333333333,30.875,-0.058333333333333126,-0.875
qwen25_15b,555,msc_valid,14,uniform,0.5,15,2.3666666666666667,35.5,2.058333333333333,30.875,0.30833333333333357,4.625
qwen25_15b,555,msc_valid,14,longllmlingua,0.5,15,2.025,30.375,2.058333333333333,30.875,-0.033333333333333215,-0.5
qwen25_15b,555,msc_valid,14,recency,0.5,15,2.1666666666666665,32.5,2.058333333333333,30.875,0.10833333333333339,1.625
qwen25_15b,555,msc_valid,14,lexical_tfidf,0.5,15,2.125,31.875,2.058333333333333,30.875,0.06666666666666687,1.0
qwen25_15b,555,msc_valid,14,recency_keep_compress_drop,0.5,15,2.1083333333333334,31.625,2.058333333333333,30.875,0.050000000000000266,0.75
qwen25_15b,581,msc_valid,4,uniform,0.2,18,6.361111111111111,114.5,6.055555555555555,109.0,0.30555555555555536,5.5
qwen25_15b,581,msc_valid,4,longllmlingua,0.2,18,5.833333333333333,105.0,6.055555555555555,109.0,-0.22222222222222232,-4.0
qwen25_15b,581,msc_valid,4,recency,0.2,18,6.361111111111111,114.5,6.055555555555555,109.0,0.30555555555555536,5.5
qwen25_15b,581,msc_valid,4,lexical_tfidf,0.2,18,6.361111111111111,114.5,6.055555555555555,109.0,0.30555555555555536,5.5
qwen25_15b,581,msc_valid,4,recency_keep_compress_drop,0.2,18,6.361111111111111,114.5,6.055555555555555,109.0,0.30555555555555536,5.5
qwen25_15b,581,msc_valid,4,uniform,0.35,18,6.055555555555555,109.0,6.055555555555555,109.0,0.0,0.0
qwen25_15b,581,msc_valid,4,longllmlingua,0.35,18,5.833333333333333,105.0,6.055555555555555,109.0,-0.22222222222222232,-4.0
qwen25_15b,581,msc_valid,4,recency,0.35,18,6.055555555555555,109.0,6.055555555555555,109.0,0.0,0.0
qwen25_15b,581,msc_valid,4,lexical_tfidf,0.35,18,6.055555555555555,109.0,6.055555555555555,109.0,0.0,0.0
qwen25_15b,581,msc_valid,4,recency_keep_compress_drop,0.35,18,6.055555555555555,109.0,6.055555555555555,109.0,0.0,0.0
qwen25_15b,581,msc_valid,4,uniform,0.5,18,6.055555555555555,109.0,6.055555555555555,109.0,0.0,0.0
qwen25_15b,581,msc_valid,4,longllmlingua,0.5,18,5.555555555555555,100.0,6.055555555555555,109.0,-0.5,-9.0
qwen25_15b,581,msc_valid,4,recency,0.5,18,6.055555555555555,109.0,6.055555555555555,109.0,0.0,0.0
qwen25_15b,581,msc_valid,4,lexical_tfidf,0.5,18,6.055555555555555,109.0,6.055555555555555,109.0,0.0,0.0
qwen25_15b,581,msc_valid,4,recency_keep_compress_drop,0.5,18,6.055555555555555,109.0,6.055555555555555,109.0,0.0,0.0
qwen25_15b,581,msc_valid,8,uniform,0.2,23,3.5217391304347827,81.0,3.152173913043478,72.5,0.36956521739130466,8.5
qwen25_15b,581,msc_valid,8,longllmlingua,0.2,23,3.369565217391304,77.5,3.152173913043478,72.5,0.21739130434782616,5.0
qwen25_15b,581,msc_valid,8,recency,0.2,23,3.5,80.5,3.152173913043478,72.5,0.34782608695652195,8.0
qwen25_15b,581,msc_valid,8,lexical_tfidf,0.2,23,3.5217391304347827,81.0,3.152173913043478,72.5,0.36956521739130466,8.5
qwen25_15b,581,msc_valid,8,recency_keep_compress_drop,0.2,23,3.5,80.5,3.152173913043478,72.5,0.34782608695652195,8.0
qwen25_15b,581,msc_valid,8,uniform,0.35,23,3.5217391304347827,81.0,3.152173913043478,72.5,0.36956521739130466,8.5
qwen25_15b,581,msc_valid,8,longllmlingua,0.35,23,3.3043478260869565,76.0,3.152173913043478,72.5,0.1521739130434785,3.5
qwen25_15b,581,msc_valid,8,recency,0.35,23,3.4347826086956523,79.0,3.152173913043478,72.5,0.2826086956521743,6.5
qwen25_15b,581,msc_valid,8,lexical_tfidf,0.35,23,3.5217391304347827,81.0,3.152173913043478,72.5,0.36956521739130466,8.5
qwen25_15b,581,msc_valid,8,recency_keep_compress_drop,0.35,23,3.4565217391304346,79.5,3.152173913043478,72.5,0.30434782608695654,7.0
qwen25_15b,581,msc_valid,8,uniform,0.5,23,3.4565217391304346,79.5,3.152173913043478,72.5,0.30434782608695654,7.0
qwen25_15b,581,msc_valid,8,longllmlingua,0.5,23,3.260869565217391,75.0,3.152173913043478,72.5,0.10869565217391308,2.5
qwen25_15b,581,msc_valid,8,recency,0.5,23,3.369565217391304,77.5,3.152173913043478,72.5,0.21739130434782616,5.0
qwen25_15b,581,msc_valid,8,lexical_tfidf,0.5,23,3.4565217391304346,79.5,3.152173913043478,72.5,0.30434782608695654,7.0
qwen25_15b,581,msc_valid,8,recency_keep_compress_drop,0.5,23,3.239130434782609,74.5,3.152173913043478,72.5,0.08695652173913082,2.0
qwen25_15b,581,msc_valid,12,uniform,0.2,18,6.388888888888889,115.0,5.0,90.0,1.3888888888888893,25.0
qwen25_15b,581,msc_valid,12,longllmlingua,0.2,18,5.222222222222222,94.0,5.0,90.0,0.22222222222222232,4.0
qwen25_15b,581,msc_valid,12,recency,0.2,18,6.027777777777778,108.5,5.0,90.0,1.0277777777777777,18.5
qwen25_15b,581,msc_valid,12,lexical_tfidf,0.2,18,5.305555555555555,95.5,5.0,90.0,0.30555555555555536,5.5
qwen25_15b,581,msc_valid,12,recency_keep_compress_drop,0.2,18,5.305555555555555,95.5,5.0,90.0,0.30555555555555536,5.5
qwen25_15b,581,msc_valid,12,uniform,0.35,18,5.861111111111111,105.5,5.0,90.0,0.8611111111111107,15.5
qwen25_15b,581,msc_valid,12,longllmlingua,0.35,18,4.972222222222222,89.5,5.0,90.0,-0.02777777777777768,-0.5
qwen25_15b,581,msc_valid,12,recency,0.35,18,5.305555555555555,95.5,5.0,90.0,0.30555555555555536,5.5
qwen25_15b,581,msc_valid,12,lexical_tfidf,0.35,18,5.138888888888889,92.5,5.0,90.0,0.13888888888888928,2.5
qwen25_15b,581,msc_valid,12,recency_keep_compress_drop,0.35,18,5.138888888888889,92.5,5.0,90.0,0.13888888888888928,2.5
qwen25_15b,581,msc_valid,12,uniform,0.5,18,5.75,103.5,5.0,90.0,0.75,13.5
qwen25_15b,581,msc_valid,12,longllmlingua,0.5,18,4.888888888888889,88.0,5.0,90.0,-0.11111111111111072,-2.0
qwen25_15b,581,msc_valid,12,recency,0.5,18,5.138888888888889,92.5,5.0,90.0,0.13888888888888928,2.5
qwen25_15b,581,msc_valid,12,lexical_tfidf,0.5,18,5.25,94.5,5.0,90.0,0.25,4.5
qwen25_15b,581,msc_valid,12,recency_keep_compress_drop,0.5,18,5.055555555555555,91.0,5.0,90.0,0.05555555555555536,1.0
qwen25_15b,581,msc_valid,14,uniform,0.2,13,3.769230769230769,49.0,3.2884615384615383,42.75,0.48076923076923084,6.25
qwen25_15b,581,msc_valid,14,longllmlingua,0.2,13,3.6153846153846154,47.0,3.2884615384615383,42.75,0.3269230769230771,4.25
qwen25_15b,581,msc_valid,14,recency,0.2,13,3.5961538461538463,46.75,3.2884615384615383,42.75,0.30769230769230793,4.0
qwen25_15b,581,msc_valid,14,lexical_tfidf,0.2,13,3.6153846153846154,47.0,3.2884615384615383,42.75,0.3269230769230771,4.25
qwen25_15b,581,msc_valid,14,recency_keep_compress_drop,0.2,13,3.480769230769231,45.25,3.2884615384615383,42.75,0.1923076923076925,2.5
qwen25_15b,581,msc_valid,14,uniform,0.35,13,3.5576923076923075,46.25,3.2884615384615383,42.75,0.26923076923076916,3.5
qwen25_15b,581,msc_valid,14,longllmlingua,0.35,13,3.5961538461538463,46.75,3.2884615384615383,42.75,0.30769230769230793,4.0
qwen25_15b,581,msc_valid,14,recency,0.35,13,3.423076923076923,44.5,3.2884615384615383,42.75,0.13461538461538458,1.75
qwen25_15b,581,msc_valid,14,lexical_tfidf,0.35,13,3.423076923076923,44.5,3.2884615384615383,42.75,0.13461538461538458,1.75
qwen25_15b,581,msc_valid,14,recency_keep_compress_drop,0.35,13,3.3653846153846154,43.75,3.2884615384615383,42.75,0.0769230769230771,1.0
qwen25_15b,581,msc_valid,14,uniform,0.5,13,3.519230769230769,45.75,3.2884615384615383,42.75,0.23076923076923084,3.0
qwen25_15b,581,msc_valid,14,longllmlingua,0.5,13,3.423076923076923,44.5,3.2884615384615383,42.75,0.13461538461538458,1.75
qwen25_15b,581,msc_valid,14,recency,0.5,13,3.4423076923076925,44.75,3.2884615384615383,42.75,0.1538461538461542,2.0
qwen25_15b,581,msc_valid,14,lexical_tfidf,0.5,13,3.3846153846153846,44.0,3.2884615384615383,42.75,0.09615384615384626,1.25
qwen25_15b,581,msc_valid,14,recency_keep_compress_drop,0.5,13,3.25,42.25,3.2884615384615383,42.75,-0.038461538461538325,-0.5
qwen25_15b,581,msc_valid,18,uniform,0.2,48,2.9791666666666665,143.0,2.9375,141.0,0.04166666666666652,2.0
qwen25_15b,581,msc_valid,18,longllmlingua,0.2,48,2.875,138.0,2.9375,141.0,-0.0625,-3.0
qwen25_15b,581,msc_valid,18,recency,0.2,48,3.0,144.0,2.9375,141.0,0.0625,3.0
qwen25_15b,581,msc_valid,18,lexical_tfidf,0.2,48,2.9166666666666665,140.0,2.9375,141.0,-0.02083333333333348,-1.0
qwen25_15b,581,msc_valid,18,recency_keep_compress_drop,0.2,48,2.8958333333333335,139.0,2.9375,141.0,-0.04166666666666652,-2.0
qwen25_15b,581,msc_valid,18,uniform,0.35,48,3.0,144.0,2.9375,141.0,0.0625,3.0
qwen25_15b,581,msc_valid,18,longllmlingua,0.35,48,2.7916666666666665,134.0,2.9375,141.0,-0.14583333333333348,-7.0
qwen25_15b,581,msc_valid,18,recency,0.35,48,2.9166666666666665,140.0,2.9375,141.0,-0.02083333333333348,-1.0
qwen25_15b,581,msc_valid,18,lexical_tfidf,0.35,48,2.9166666666666665,140.0,2.9375,141.0,-0.02083333333333348,-1.0
qwen25_15b,581,msc_valid,18,recency_keep_compress_drop,0.35,48,2.9166666666666665,140.0,2.9375,141.0,-0.02083333333333348,-1.0
qwen25_15b,581,msc_valid,18,uniform,0.5,48,2.9375,141.0,2.9375,141.0,0.0,0.0
qwen25_15b,581,msc_valid,18,longllmlingua,0.5,48,2.7708333333333335,133.0,2.9375,141.0,-0.16666666666666652,-8.0
qwen25_15b,581,msc_valid,18,recency,0.5,48,2.9375,141.0,2.9375,141.0,0.0,0.0
qwen25_15b,581,msc_valid,18,lexical_tfidf,0.5,48,2.9166666666666665,140.0,2.9375,141.0,-0.02083333333333348,-1.0
qwen25_15b,581,msc_valid,18,recency_keep_compress_drop,0.5,48,2.9166666666666665,140.0,2.9375,141.0,-0.02083333333333348,-1.0
qwen25_15b,581,msc_valid,22,uniform,0.2,64,2.609375,167.0,2.390625,153.0,0.21875,14.0
qwen25_15b,581,msc_valid,22,longllmlingua,0.2,64,2.5625,164.0,2.390625,153.0,0.171875,11.0
qwen25_15b,581,msc_valid,22,recency,0.2,64,2.609375,167.0,2.390625,153.0,0.21875,14.0
qwen25_15b,581,msc_valid,22,lexical_tfidf,0.2,64,2.515625,161.0,2.390625,153.0,0.125,8.0
qwen25_15b,581,msc_valid,22,recency_keep_compress_drop,0.2,64,2.578125,165.0,2.390625,153.0,0.1875,12.0
qwen25_15b,581,msc_valid,22,uniform,0.35,64,2.546875,163.0,2.390625,153.0,0.15625,10.0
qwen25_15b,581,msc_valid,22,longllmlingua,0.35,64,2.515625,161.0,2.390625,153.0,0.125,8.0
qwen25_15b,581,msc_valid,22,recency,0.35,64,2.484375,159.0,2.390625,153.0,0.09375,6.0
qwen25_15b,581,msc_valid,22,lexical_tfidf,0.35,64,2.484375,159.0,2.390625,153.0,0.09375,6.0
qwen25_15b,581,msc_valid,22,recency_keep_compress_drop,0.35,64,2.53125,162.0,2.390625,153.0,0.140625,9.0
qwen25_15b,581,msc_valid,22,uniform,0.5,64,2.515625,161.0,2.390625,153.0,0.125,8.0
qwen25_15b,581,msc_valid,22,longllmlingua,0.5,64,2.421875,155.0,2.390625,153.0,0.03125,2.0
qwen25_15b,581,msc_valid,22,recency,0.5,64,2.4375,156.0,2.390625,153.0,0.046875,3.0
qwen25_15b,581,msc_valid,22,lexical_tfidf,0.5,64,2.390625,153.0,2.390625,153.0,0.0,0.0
qwen25_15b,581,msc_valid,22,recency_keep_compress_drop,0.5,64,2.40625,154.0,2.390625,153.0,0.015625,1.0
qwen25_15b,581,msc_valid,26,uniform,0.2,50,2.84,142.0,2.7,135.0,0.13999999999999968,7.0
qwen25_15b,581,msc_valid,26,longllmlingua,0.2,50,2.74,137.0,2.7,135.0,0.040000000000000036,2.0
qwen25_15b,581,msc_valid,26,recency,0.2,50,2.84,142.0,2.7,135.0,0.13999999999999968,7.0
qwen25_15b,581,msc_valid,26,lexical_tfidf,0.2,50,2.82,141.0,2.7,135.0,0.11999999999999966,6.0
qwen25_15b,581,msc_valid,26,recency_keep_compress_drop,0.2,50,2.82,141.0,2.7,135.0,0.11999999999999966,6.0
qwen25_15b,581,msc_valid,26,uniform,0.35,50,2.82,141.0,2.7,135.0,0.11999999999999966,6.0
qwen25_15b,581,msc_valid,26,longllmlingua,0.35,50,2.72,136.0,2.7,135.0,0.020000000000000018,1.0
qwen25_15b,581,msc_valid,26,recency,0.35,50,2.84,142.0,2.7,135.0,0.13999999999999968,7.0
qwen25_15b,581,msc_valid,26,lexical_tfidf,0.35,50,2.8,140.0,2.7,135.0,0.09999999999999964,5.0
qwen25_15b,581,msc_valid,26,recency_keep_compress_drop,0.35,50,2.76,138.0,2.7,135.0,0.05999999999999961,3.0
qwen25_15b,581,msc_valid,26,uniform,0.5,50,2.84,142.0,2.7,135.0,0.13999999999999968,7.0
qwen25_15b,581,msc_valid,26,longllmlingua,0.5,50,2.74,137.0,2.7,135.0,0.040000000000000036,2.0
qwen25_15b,581,msc_valid,26,recency,0.5,50,2.78,139.0,2.7,135.0,0.07999999999999963,4.0
qwen25_15b,581,msc_valid,26,lexical_tfidf,0.5,50,2.76,138.0,2.7,135.0,0.05999999999999961,3.0
qwen25_15b,581,msc_valid,26,recency_keep_compress_drop,0.5,50,2.7,135.0,2.7,135.0,0.0,0.0
qwen25_15b,581,msc_valid,30,uniform,0.2,23,1.923913043478261,44.25,0.0,0.0,1.923913043478261,44.25
qwen25_15b,581,msc_valid,30,longllmlingua,0.2,23,1.891304347826087,43.5,0.0,0.0,1.891304347826087,43.5
qwen25_15b,581,msc_valid,30,recency,0.2,23,1.8695652173913044,43.0,0.0,0.0,1.8695652173913044,43.0
qwen25_15b,581,msc_valid,30,lexical_tfidf,0.2,23,2.0869565217391304,48.0,0.0,0.0,2.0869565217391304,48.0
qwen25_15b,581,msc_valid,30,recency_keep_compress_drop,0.2,23,1.9021739130434783,43.75,0.0,0.0,1.9021739130434783,43.75
qwen25_15b,581,msc_valid,30,uniform,0.35,23,1.815217391304348,41.75,0.0,0.0,1.815217391304348,41.75
qwen25_15b,581,msc_valid,30,longllmlingua,0.35,23,1.934782608695652,44.5,0.0,0.0,1.934782608695652,44.5
qwen25_15b,581,msc_valid,30,recency,0.35,23,1.9456521739130435,44.75,0.0,0.0,1.9456521739130435,44.75
qwen25_15b,581,msc_valid,30,lexical_tfidf,0.35,23,2.0760869565217392,47.75,0.0,0.0,2.0760869565217392,47.75
qwen25_15b,581,msc_valid,30,recency_keep_compress_drop,0.35,23,1.9782608695652173,45.5,0.0,0.0,1.9782608695652173,45.5
qwen25_15b,581,msc_valid,30,uniform,0.5,23,1.858695652173913,42.75,0.0,0.0,1.858695652173913,42.75
qwen25_15b,581,msc_valid,30,longllmlingua,0.5,23,1.8804347826086956,43.25,0.0,0.0,1.8804347826086956,43.25
qwen25_15b,581,msc_valid,30,recency,0.5,23,1.9130434782608696,44.0,0.0,0.0,1.9130434782608696,44.0
qwen25_15b,581,msc_valid,30,lexical_tfidf,0.5,23,2.0543478260869565,47.25,0.0,0.0,2.0543478260869565,47.25
qwen25_15b,581,msc_valid,30,recency_keep_compress_drop,0.5,23,2.0217391304347827,46.5,0.0,0.0,2.0217391304347827,46.5
qwen25_15b,581,msc_valid,32,uniform,0.2,19,3.3289473684210527,63.25,0.0,0.0,3.3289473684210527,63.25
qwen25_15b,581,msc_valid,32,longllmlingua,0.2,19,3.6842105263157894,70.0,0.0,0.0,3.6842105263157894,70.0
qwen25_15b,581,msc_valid,32,recency,0.2,19,3.5,66.5,0.0,0.0,3.5,66.5
qwen25_15b,581,msc_valid,32,lexical_tfidf,0.2,19,3.4473684210526314,65.5,0.0,0.0,3.4473684210526314,65.5
qwen25_15b,581,msc_valid,32,recency_keep_compress_drop,0.2,19,3.3421052631578947,63.5,0.0,0.0,3.3421052631578947,63.5
qwen25_15b,581,msc_valid,32,uniform,0.35,19,3.263157894736842,62.0,0.0,0.0,3.263157894736842,62.0
qwen25_15b,581,msc_valid,32,longllmlingua,0.35,19,3.8157894736842106,72.5,0.0,0.0,3.8157894736842106,72.5
qwen25_15b,581,msc_valid,32,recency,0.35,19,3.4210526315789473,65.0,0.0,0.0,3.4210526315789473,65.0
qwen25_15b,581,msc_valid,32,lexical_tfidf,0.35,19,3.4473684210526314,65.5,0.0,0.0,3.4473684210526314,65.5
qwen25_15b,581,msc_valid,32,recency_keep_compress_drop,0.35,19,3.236842105263158,61.5,0.0,0.0,3.236842105263158,61.5
qwen25_15b,581,msc_valid,32,uniform,0.5,19,3.289473684210526,62.5,0.0,0.0,3.289473684210526,62.5
qwen25_15b,581,msc_valid,32,longllmlingua,0.5,19,4.052631578947368,77.0,0.0,0.0,4.052631578947368,77.0
qwen25_15b,581,msc_valid,32,recency,0.5,19,3.4473684210526314,65.5,0.0,0.0,3.4473684210526314,65.5
qwen25_15b,581,msc_valid,32,lexical_tfidf,0.5,19,3.4210526315789473,65.0,0.0,0.0,3.4210526315789473,65.0
qwen25_15b,581,msc_valid,32,recency_keep_compress_drop,0.5,19,3.3947368421052633,64.5,0.0,0.0,3.3947368421052633,64.5
qwen25_15b,581,msc_valid,36,uniform,0.2,29,2.1724137931034484,63.0,0.0,0.0,2.1724137931034484,63.0
qwen25_15b,581,msc_valid,36,longllmlingua,0.2,29,2.293103448275862,66.5,0.0,0.0,2.293103448275862,66.5
qwen25_15b,581,msc_valid,36,recency,0.2,29,2.1551724137931036,62.5,0.0,0.0,2.1551724137931036,62.5
qwen25_15b,581,msc_valid,36,lexical_tfidf,0.2,29,2.163793103448276,62.75,0.0,0.0,2.163793103448276,62.75
qwen25_15b,581,msc_valid,36,recency_keep_compress_drop,0.2,29,2.1724137931034484,63.0,0.0,0.0,2.1724137931034484,63.0
qwen25_15b,581,msc_valid,36,uniform,0.35,29,2.1293103448275863,61.75,0.0,0.0,2.1293103448275863,61.75
qwen25_15b,581,msc_valid,36,longllmlingua,0.35,29,2.3448275862068964,68.0,0.0,0.0,2.3448275862068964,68.0
qwen25_15b,581,msc_valid,36,recency,0.35,29,2.1810344827586206,63.25,0.0,0.0,2.1810344827586206,63.25
qwen25_15b,581,msc_valid,36,lexical_tfidf,0.35,29,2.1551724137931036,62.5,0.0,0.0,2.1551724137931036,62.5
qwen25_15b,581,msc_valid,36,recency_keep_compress_drop,0.35,29,2.1810344827586206,63.25,0.0,0.0,2.1810344827586206,63.25
qwen25_15b,581,msc_valid,36,uniform,0.5,29,2.1379310344827585,62.0,0.0,0.0,2.1379310344827585,62.0
qwen25_15b,581,msc_valid,36,longllmlingua,0.5,29,2.3448275862068964,68.0,0.0,0.0,2.3448275862068964,68.0
qwen25_15b,581,msc_valid,36,recency,0.5,29,2.2413793103448274,65.0,0.0,0.0,2.2413793103448274,65.0
qwen25_15b,581,msc_valid,36,lexical_tfidf,0.5,29,2.163793103448276,62.75,0.0,0.0,2.163793103448276,62.75
qwen25_15b,581,msc_valid,36,recency_keep_compress_drop,0.5,29,2.2241379310344827,64.5,0.0,0.0,2.2241379310344827,64.5
qwen25_15b,581,msc_valid,40,uniform,0.2,22,2.4318181818181817,53.5,0.0,0.0,2.4318181818181817,53.5
qwen25_15b,581,msc_valid,40,longllmlingua,0.2,22,2.75,60.5,0.0,0.0,2.75,60.5
qwen25_15b,581,msc_valid,40,recency,0.2,22,2.4545454545454546,54.0,0.0,0.0,2.4545454545454546,54.0
qwen25_15b,581,msc_valid,40,lexical_tfidf,0.2,22,2.5113636363636362,55.25,0.0,0.0,2.5113636363636362,55.25
qwen25_15b,581,msc_valid,40,recency_keep_compress_drop,0.2,22,2.465909090909091,54.25,0.0,0.0,2.465909090909091,54.25
qwen25_15b,581,msc_valid,40,uniform,0.35,22,2.352272727272727,51.75,0.0,0.0,2.352272727272727,51.75
qwen25_15b,581,msc_valid,40,longllmlingua,0.35,22,2.7613636363636362,60.75,0.0,0.0,2.7613636363636362,60.75
qwen25_15b,581,msc_valid,40,recency,0.35,22,2.4545454545454546,54.0,0.0,0.0,2.4545454545454546,54.0
qwen25_15b,581,msc_valid,40,lexical_tfidf,0.35,22,2.409090909090909,53.0,0.0,0.0,2.409090909090909,53.0
qwen25_15b,581,msc_valid,40,recency_keep_compress_drop,0.35,22,2.409090909090909,53.0,0.0,0.0,2.409090909090909,53.0
qwen25_15b,581,msc_valid,40,uniform,0.5,22,2.3181818181818183,51.0,0.0,0.0,2.3181818181818183,51.0
qwen25_15b,581,msc_valid,40,longllmlingua,0.5,22,2.784090909090909,61.25,0.0,0.0,2.784090909090909,61.25
qwen25_15b,581,msc_valid,40,recency,0.5,22,2.465909090909091,54.25,0.0,0.0,2.465909090909091,54.25
qwen25_15b,581,msc_valid,40,lexical_tfidf,0.5,22,2.352272727272727,51.75,0.0,0.0,2.352272727272727,51.75
qwen25_15b,581,msc_valid,40,recency_keep_compress_drop,0.5,22,2.409090909090909,53.0,0.0,0.0,2.409090909090909,53.0
qwen25_15b,581,msc_valid,44,uniform,0.2,63,3.0317460317460316,191.0,0.0,0.0,3.0317460317460316,191.0
qwen25_15b,581,msc_valid,44,longllmlingua,0.2,63,3.0,189.0,0.0,0.0,3.0,189.0
qwen25_15b,581,msc_valid,44,recency,0.2,63,2.9523809523809526,186.0,0.0,0.0,2.9523809523809526,186.0
qwen25_15b,581,msc_valid,44,lexical_tfidf,0.2,63,2.9365079365079363,185.0,0.0,0.0,2.9365079365079363,185.0
qwen25_15b,581,msc_valid,44,recency_keep_compress_drop,0.2,63,2.9682539682539684,187.0,0.0,0.0,2.9682539682539684,187.0
qwen25_15b,581,msc_valid,44,uniform,0.35,63,2.984126984126984,188.0,0.0,0.0,2.984126984126984,188.0
qwen25_15b,581,msc_valid,44,longllmlingua,0.35,63,3.0,189.0,0.0,0.0,3.0,189.0
qwen25_15b,581,msc_valid,44,recency,0.35,63,2.9206349206349205,184.0,0.0,0.0,2.9206349206349205,184.0
qwen25_15b,581,msc_valid,44,lexical_tfidf,0.35,63,2.9047619047619047,183.0,0.0,0.0,2.9047619047619047,183.0
qwen25_15b,581,msc_valid,44,recency_keep_compress_drop,0.35,63,2.9682539682539684,187.0,0.0,0.0,2.9682539682539684,187.0
qwen25_15b,581,msc_valid,44,uniform,0.5,63,2.9206349206349205,184.0,0.0,0.0,2.9206349206349205,184.0
qwen25_15b,581,msc_valid,44,longllmlingua,0.5,63,2.9365079365079363,185.0,0.0,0.0,2.9365079365079363,185.0
qwen25_15b,581,msc_valid,44,recency,0.5,63,2.9047619047619047,183.0,0.0,0.0,2.9047619047619047,183.0
qwen25_15b,581,msc_valid,44,lexical_tfidf,0.5,63,2.857142857142857,180.0,0.0,0.0,2.857142857142857,180.0
qwen25_15b,581,msc_valid,44,recency_keep_compress_drop,0.5,63,2.9206349206349205,184.0,0.0,0.0,2.9206349206349205,184.0
qwen25_15b,581,msc_valid,48,uniform,0.2,53,3.4339622641509435,182.0,0.0,0.0,3.4339622641509435,182.0
qwen25_15b,581,msc_valid,48,longllmlingua,0.2,53,3.509433962264151,186.0,0.0,0.0,3.509433962264151,186.0
qwen25_15b,581,msc_valid,48,recency,0.2,53,3.3207547169811322,176.0,0.0,0.0,3.3207547169811322,176.0
qwen25_15b,581,msc_valid,48,lexical_tfidf,0.2,53,3.339622641509434,177.0,0.0,0.0,3.339622641509434,177.0
qwen25_15b,581,msc_valid,48,recency_keep_compress_drop,0.2,53,3.339622641509434,177.0,0.0,0.0,3.339622641509434,177.0
qwen25_15b,581,msc_valid,48,uniform,0.35,53,3.4150943396226414,181.0,0.0,0.0,3.4150943396226414,181.0
qwen25_15b,581,msc_valid,48,longllmlingua,0.35,53,3.509433962264151,186.0,0.0,0.0,3.509433962264151,186.0
qwen25_15b,581,msc_valid,48,recency,0.35,0,0.0,0.0,0.0,0.0,0.0,0.0
qwen25_15b,581,msc_valid,48,lexical_tfidf,0.35,0,0.0,0.0,0.0,0.0,0.0,0.0
qwen25_15b,581,msc_valid,48,recency_keep_compress_drop,0.35,0,0.0,0.0,0.0,0.0,0.0,0.0
qwen25_15b,581,msc_valid,48,uniform,0.5,53,3.4339622641509435,182.0,0.0,0.0,3.4339622641509435,182.0
qwen25_15b,581,msc_valid,48,longllmlingua,0.5,53,3.490566037735849,185.0,0.0,0.0,3.490566037735849,185.0
qwen25_15b,581,msc_valid,48,recency,0.5,0,0.0,0.0,0.0,0.0,0.0,0.0
qwen25_15b,581,msc_valid,48,lexical_tfidf,0.5,0,0.0,0.0,0.0,0.0,0.0,0.0
qwen25_15b,581,msc_valid,48,recency_keep_compress_drop,0.5,0,0.0,0.0,0.0,0.0,0.0,0.0
qwen25_15b,581,msc_valid,50,uniform,0.2,40,2.825,113.0,0.0,0.0,2.825,113.0
qwen25_15b,581,msc_valid,50,longllmlingua,0.2,40,2.8125,112.5,0.0,0.0,2.8125,112.5
qwen25_15b,581,msc_valid,50,recency,0.2,40,2.775,111.0,0.0,0.0,2.775,111.0
qwen25_15b,581,msc_valid,50,lexical_tfidf,0.2,28,2.75,77.0,0.0,0.0,2.75,77.0
qwen25_15b,581,msc_valid,50,recency_keep_compress_drop,0.2,29,2.7241379310344827,79.0,0.0,0.0,2.7241379310344827,79.0
qwen25_15b,581,msc_valid,50,uniform,0.35,40,2.8125,112.5,0.0,0.0,2.8125,112.5
qwen25_15b,581,msc_valid,50,longllmlingua,0.35,40,2.8,112.0,0.0,0.0,2.8,112.0
qwen25_15b,581,msc_valid,50,recency,0.35,0,0.0,0.0,0.0,0.0,0.0,0.0
qwen25_15b,581,msc_valid,50,lexical_tfidf,0.35,0,0.0,0.0,0.0,0.0,0.0,0.0
qwen25_15b,581,msc_valid,50,recency_keep_compress_drop,0.35,0,0.0,0.0,0.0,0.0,0.0,0.0
qwen25_15b,581,msc_valid,50,uniform,0.5,40,2.8125,112.5,0.0,0.0,2.8125,112.5
qwen25_15b,581,msc_valid,50,longllmlingua,0.5,40,2.8125,112.5,0.0,0.0,2.8125,112.5
qwen25_15b,581,msc_valid,50,recency,0.5,0,0.0,0.0,0.0,0.0,0.0,0.0
qwen25_15b,581,msc_valid,50,lexical_tfidf,0.5,0,0.0,0.0,0.0,0.0,0.0,0.0
qwen25_15b,581,msc_valid,50,recency_keep_compress_drop,0.5,0,0.0,0.0,0.0,0.0,0.0,0.0
qwen25_15b,581,msc_valid,54,uniform,0.2,13,2.6538461538461537,34.5,0.0,0.0,2.6538461538461537,34.5
qwen25_15b,581,msc_valid,54,longllmlingua,0.2,13,2.5961538461538463,33.75,0.0,0.0,2.5961538461538463,33.75
qwen25_15b,581,msc_valid,54,recency,0.2,0,0.0,0.0,0.0,0.0,0.0,0.0
qwen25_15b,581,msc_valid,54,lexical_tfidf,0.2,0,0.0,0.0,0.0,0.0,0.0,0.0
qwen25_15b,581,msc_valid,54,recency_keep_compress_drop,0.2,0,0.0,0.0,0.0,0.0,0.0,0.0
qwen25_15b,581,msc_valid,54,uniform,0.35,13,2.519230769230769,32.75,0.0,0.0,2.519230769230769,32.75
qwen25_15b,581,msc_valid,54,longllmlingua,0.35,13,2.7115384615384617,35.25,0.0,0.0,2.7115384615384617,35.25
qwen25_15b,581,msc_valid,54,recency,0.35,0,0.0,0.0,0.0,0.0,0.0,0.0
qwen25_15b,581,msc_valid,54,lexical_tfidf,0.35,0,0.0,0.0,0.0,0.0,0.0,0.0
qwen25_15b,581,msc_valid,54,recency_keep_compress_drop,0.35,0,0.0,0.0,0.0,0.0,0.0,0.0
qwen25_15b,581,msc_valid,54,uniform,0.5,13,2.451923076923077,31.875,0.0,0.0,2.451923076923077,31.875
qwen25_15b,581,msc_valid,54,longllmlingua,0.5,13,2.6346153846153846,34.25,0.0,0.0,2.6346153846153846,34.25
qwen25_15b,581,msc_valid,54,recency,0.5,0,0.0,0.0,0.0,0.0,0.0,0.0
qwen25_15b,581,msc_valid,54,lexical_tfidf,0.5,0,0.0,0.0,0.0,0.0,0.0,0.0
qwen25_15b,581,msc_valid,54,recency_keep_compress_drop,0.5,0,0.0,0.0,0.0,0.0,0.0,0.0
qwen25_15b,581,msc_valid,58,uniform,0.2,32,3.546875,113.5,0.0,0.0,3.546875,113.5
qwen25_15b,581,msc_valid,58,longllmlingua,0.2,32,3.5625,114.0,0.0,0.0,3.5625,114.0
qwen25_15b,581,msc_valid,58,recency,0.2,0,0.0,0.0,0.0,0.0,0.0,0.0
qwen25_15b,581,msc_valid,58,lexical_tfidf,0.2,0,0.0,0.0,0.0,0.0,0.0,0.0
qwen25_15b,581,msc_valid,58,recency_keep_compress_drop,0.2,0,0.0,0.0,0.0,0.0,0.0,0.0
qwen25_15b,581,msc_valid,58,uniform,0.35,32,3.515625,112.5,0.0,0.0,3.515625,112.5
qwen25_15b,581,msc_valid,58,longllmlingua,0.35,32,3.546875,113.5,0.0,0.0,3.546875,113.5
qwen25_15b,581,msc_valid,58,recency,0.35,0,0.0,0.0,0.0,0.0,0.0,0.0
qwen25_15b,581,msc_valid,58,lexical_tfidf,0.35,0,0.0,0.0,0.0,0.0,0.0,0.0
qwen25_15b,581,msc_valid,58,recency_keep_compress_drop,0.35,0,0.0,0.0,0.0,0.0,0.0,0.0
qwen25_15b,581,msc_valid,58,uniform,0.5,32,3.609375,115.5,0.0,0.0,3.609375,115.5
qwen25_15b,581,msc_valid,58,longllmlingua,0.5,32,3.46875,111.0,0.0,0.0,3.46875,111.0
qwen25_15b,581,msc_valid,58,recency,0.5,0,0.0,0.0,0.0,0.0,0.0,0.0
qwen25_15b,581,msc_valid,58,lexical_tfidf,0.5,0,0.0,0.0,0.0,0.0,0.0,0.0
qwen25_15b,581,msc_valid,58,recency_keep_compress_drop,0.5,0,0.0,0.0,0.0,0.0,0.0,0.0
qwen25_15b,593,msc_valid,4,uniform,0.2,18,3.0972222222222223,55.75,2.9722222222222223,53.5,0.125,2.25
qwen25_15b,593,msc_valid,4,longllmlingua,0.2,18,2.611111111111111,47.0,2.9722222222222223,53.5,-0.36111111111111116,-6.5
qwen25_15b,593,msc_valid,4,recency,0.2,18,3.0972222222222223,55.75,2.9722222222222223,53.5,0.125,2.25
qwen25_15b,593,msc_valid,4,lexical_tfidf,0.2,18,3.0972222222222223,55.75,2.9722222222222223,53.5,0.125,2.25
qwen25_15b,593,msc_valid,4,recency_keep_compress_drop,0.2,18,3.0972222222222223,55.75,2.9722222222222223,53.5,0.125,2.25
qwen25_15b,593,msc_valid,4,uniform,0.35,18,3.013888888888889,54.25,2.9722222222222223,53.5,0.04166666666666652,0.75
qwen25_15b,593,msc_valid,4,longllmlingua,0.35,18,2.7916666666666665,50.25,2.9722222222222223,53.5,-0.1805555555555558,-3.25
qwen25_15b,593,msc_valid,4,recency,0.35,18,3.013888888888889,54.25,2.9722222222222223,53.5,0.04166666666666652,0.75
qwen25_15b,593,msc_valid,4,lexical_tfidf,0.35,18,3.013888888888889,54.25,2.9722222222222223,53.5,0.04166666666666652,0.75
qwen25_15b,593,msc_valid,4,recency_keep_compress_drop,0.35,18,3.013888888888889,54.25,2.9722222222222223,53.5,0.04166666666666652,0.75
qwen25_15b,593,msc_valid,4,uniform,0.5,18,3.013888888888889,54.25,2.9722222222222223,53.5,0.04166666666666652,0.75
qwen25_15b,593,msc_valid,4,longllmlingua,0.5,18,2.5416666666666665,45.75,2.9722222222222223,53.5,-0.4305555555555558,-7.75
qwen25_15b,593,msc_valid,4,recency,0.5,18,3.013888888888889,54.25,2.9722222222222223,53.5,0.04166666666666652,0.75
qwen25_15b,593,msc_valid,4,lexical_tfidf,0.5,18,3.013888888888889,54.25,2.9722222222222223,53.5,0.04166666666666652,0.75
qwen25_15b,593,msc_valid,4,recency_keep_compress_drop,0.5,18,3.013888888888889,54.25,2.9722222222222223,53.5,0.04166666666666652,0.75
qwen25_15b,593,msc_valid,6,uniform,0.2,10,3.3,33.0,2.525,25.25,0.7749999999999999,7.75
qwen25_15b,593,msc_valid,6,longllmlingua,0.2,10,3.175,31.75,2.525,25.25,0.6499999999999999,6.5
qwen25_15b,593,msc_valid,6,recency,0.2,10,3.25,32.5,2.525,25.25,0.7250000000000001,7.25
qwen25_15b,593,msc_valid,6,lexical_tfidf,0.2,10,3.3,33.0,2.525,25.25,0.7749999999999999,7.75
qwen25_15b,593,msc_valid,6,recency_keep_compress_drop,0.2,10,3.25,32.5,2.525,25.25,0.7250000000000001,7.25
qwen25_15b,593,msc_valid,6,uniform,0.35,10,2.8625,28.625,2.525,25.25,0.3374999999999999,3.375
qwen25_15b,593,msc_valid,6,longllmlingua,0.35,10,3.0875,30.875,2.525,25.25,0.5625,5.625
qwen25_15b,593,msc_valid,6,recency,0.35,10,2.8625,28.625,2.525,25.25,0.3374999999999999,3.375
qwen25_15b,593,msc_valid,6,lexical_tfidf,0.35,10,3.625,36.25,2.525,25.25,1.1,11.0
qwen25_15b,593,msc_valid,6,recency_keep_compress_drop,0.35,10,2.8625,28.625,2.525,25.25,0.3374999999999999,3.375
qwen25_15b,593,msc_valid,6,uniform,0.5,10,3.6,36.0,2.525,25.25,1.0750000000000002,10.75
qwen25_15b,593,msc_valid,6,longllmlingua,0.5,10,2.6625,26.625,2.525,25.25,0.13750000000000018,1.375
qwen25_15b,593,msc_valid,6,recency,0.5,10,2.825,28.25,2.525,25.25,0.30000000000000027,3.0
qwen25_15b,593,msc_valid,6,lexical_tfidf,0.5,10,3.275,32.75,2.525,25.25,0.75,7.5
qwen25_15b,593,msc_valid,6,recency_keep_compress_drop,0.5,10,2.8625,28.625,2.525,25.25,0.3374999999999999,3.375
qwen25_15b,593,msc_valid,8,uniform,0.2,13,3.2884615384615383,42.75,2.980769230769231,38.75,0.3076923076923075,4.0
qwen25_15b,593,msc_valid,8,longllmlingua,0.2,13,2.923076923076923,38.0,2.980769230769231,38.75,-0.05769230769230793,-0.75
qwen25_15b,593,msc_valid,8,recency,0.2,13,3.2884615384615383,42.75,2.980769230769231,38.75,0.3076923076923075,4.0
qwen25_15b,593,msc_valid,8,lexical_tfidf,0.2,13,3.2884615384615383,42.75,2.980769230769231,38.75,0.3076923076923075,4.0
qwen25_15b,593,msc_valid,8,recency_keep_compress_drop,0.2,13,3.2884615384615383,42.75,2.980769230769231,38.75,0.3076923076923075,4.0
qwen25_15b,593,msc_valid,8,uniform,0.35,13,3.3076923076923075,43.0,2.980769230769231,38.75,0.32692307692307665,4.25
qwen25_15b,593,msc_valid,8,longllmlingua,0.35,13,2.7884615384615383,36.25,2.980769230769231,38.75,-0.1923076923076925,-2.5
qwen25_15b,593,msc_valid,8,recency,0.35,13,3.2884615384615383,42.75,2.980769230769231,38.75,0.3076923076923075,4.0
qwen25_15b,593,msc_valid,8,lexical_tfidf,0.35,13,3.25,42.25,2.980769230769231,38.75,0.26923076923076916,3.5
qwen25_15b,593,msc_valid,8,recency_keep_compress_drop,0.35,13,3.2884615384615383,42.75,2.980769230769231,38.75,0.3076923076923075,4.0
qwen25_15b,593,msc_valid,8,uniform,0.5,13,3.1153846153846154,40.5,2.980769230769231,38.75,0.13461538461538458,1.75
qwen25_15b,593,msc_valid,8,longllmlingua,0.5,13,2.826923076923077,36.75,2.980769230769231,38.75,-0.15384615384615374,-2.0
qwen25_15b,593,msc_valid,8,recency,0.5,13,3.1923076923076925,41.5,2.980769230769231,38.75,0.21153846153846168,2.75
qwen25_15b,593,msc_valid,8,lexical_tfidf,0.5,13,3.1538461538461537,41.0,2.980769230769231,38.75,0.1730769230769229,2.25
qwen25_15b,593,msc_valid,8,recency_keep_compress_drop,0.5,13,3.173076923076923,41.25,2.980769230769231,38.75,0.19230769230769207,2.5
qwen25_15b,593,msc_valid,10,uniform,0.2,13,3.9423076923076925,51.25,3.730769230769231,48.5,0.21153846153846168,2.75
qwen25_15b,593,msc_valid,10,longllmlingua,0.2,13,4.038461538461538,52.5,3.730769230769231,48.5,0.3076923076923075,4.0
qwen25_15b,593,msc_valid,10,recency,0.2,13,4.115384615384615,53.5,3.730769230769231,48.5,0.38461538461538414,5.0
qwen25_15b,593,msc_valid,10,lexical_tfidf,0.2,13,4.134615384615385,53.75,3.730769230769231,48.5,0.4038461538461542,5.25
qwen25_15b,593,msc_valid,10,recency_keep_compress_drop,0.2,13,4.1923076923076925,54.5,3.730769230769231,48.5,0.4615384615384617,6.0
qwen25_15b,593,msc_valid,10,uniform,0.35,13,4.019230769230769,52.25,3.730769230769231,48.5,0.2884615384615383,3.75
qwen25_15b,593,msc_valid,10,longllmlingua,0.35,13,3.9423076923076925,51.25,3.730769230769231,48.5,0.21153846153846168,2.75
qwen25_15b,593,msc_valid,10,recency,0.35,13,3.8461538461538463,50.0,3.730769230769231,48.5,0.11538461538461542,1.5
qwen25_15b,593,msc_valid,10,lexical_tfidf,0.35,13,3.8076923076923075,49.5,3.730769230769231,48.5,0.07692307692307665,1.0
qwen25_15b,593,msc_valid,10,recency_keep_compress_drop,0.35,13,3.923076923076923,51.0,3.730769230769231,48.5,0.19230769230769207,2.5
qwen25_15b,593,msc_valid,10,uniform,0.5,13,3.8653846153846154,50.25,3.730769230769231,48.5,0.13461538461538458,1.75
qwen25_15b,593,msc_valid,10,longllmlingua,0.5,13,3.75,48.75,3.730769230769231,48.5,0.019230769230769162,0.25
qwen25_15b,593,msc_valid,10,recency,0.5,13,3.9615384615384617,51.5,3.730769230769231,48.5,0.23076923076923084,3.0
qwen25_15b,593,msc_valid,10,lexical_tfidf,0.5,13,3.826923076923077,49.75,3.730769230769231,48.5,0.09615384615384626,1.25
qwen25_15b,593,msc_valid,10,recency_keep_compress_drop,0.5,13,3.9615384615384617,51.5,3.730769230769231,48.5,0.23076923076923084,3.0
qwen25_15b,593,msc_valid,12,uniform,0.2,10,4.8,48.0,3.225,32.25,1.5749999999999997,15.75
qwen25_15b,593,msc_valid,12,longllmlingua,0.2,10,4.4,44.0,3.225,32.25,1.1750000000000003,11.75
qwen25_15b,593,msc_valid,12,recency,0.2,10,3.65,36.5,3.225,32.25,0.4249999999999998,4.25
qwen25_15b,593,msc_valid,12,lexical_tfidf,0.2,10,3.825,38.25,3.225,32.25,0.6000000000000001,6.0
qwen25_15b,593,msc_valid,12,recency_keep_compress_drop,0.2,10,3.65,36.5,3.225,32.25,0.4249999999999998,4.25
qwen25_15b,593,msc_valid,12,uniform,0.35,10,4.375,43.75,3.225,32.25,1.15,11.5
qwen25_15b,593,msc_valid,12,longllmlingua,0.35,10,4.2,42.0,3.225,32.25,0.9750000000000001,9.75
qwen25_15b,593,msc_valid,12,recency,0.35,10,3.1125,31.125,3.225,32.25,-0.11250000000000027,-1.125
qwen25_15b,593,msc_valid,12,lexical_tfidf,0.35,10,4.05,40.5,3.225,32.25,0.8249999999999997,8.25
qwen25_15b,593,msc_valid,12,recency_keep_compress_drop,0.35,10,3.0625,30.625,3.225,32.25,-0.1625000000000001,-1.625
qwen25_15b,593,msc_valid,12,uniform,0.5,10,4.075,40.75,3.225,32.25,0.8500000000000001,8.5
qwen25_15b,593,msc_valid,12,longllmlingua,0.5,10,3.9,39.0,3.225,32.25,0.6749999999999998,6.75
qwen25_15b,593,msc_valid,12,recency,0.5,10,3.175,31.75,3.225,32.25,-0.050000000000000266,-0.5
qwen25_15b,593,msc_valid,12,lexical_tfidf,0.5,10,3.775,37.75,3.225,32.25,0.5499999999999998,5.5
qwen25_15b,593,msc_valid,12,recency_keep_compress_drop,0.5,10,3.1625,31.625,3.225,32.25,-0.0625,-0.625
qwen25_15b,593,msc_valid,14,uniform,0.2,12,4.9375,59.25,3.9791666666666665,47.75,0.9583333333333335,11.5
qwen25_15b,593,msc_valid,14,longllmlingua,0.2,12,4.729166666666667,56.75,3.9791666666666665,47.75,0.7500000000000004,9.0
qwen25_15b,593,msc_valid,14,recency,0.2,12,4.833333333333333,58.0,3.9791666666666665,47.75,0.8541666666666665,10.25
qwen25_15b,593,msc_valid,14,lexical_tfidf,0.2,12,4.9375,59.25,3.9791666666666665,47.75,0.9583333333333335,11.5
qwen25_15b,593,msc_valid,14,recency_keep_compress_drop,0.2,12,4.833333333333333,58.0,3.9791666666666665,47.75,0.8541666666666665,10.25
qwen25_15b,593,msc_valid,14,uniform,0.35,12,4.020833333333333,48.25,3.9791666666666665,47.75,0.04166666666666652,0.5
qwen25_15b,593,msc_valid,14,longllmlingua,0.35,12,4.9375,59.25,3.9791666666666665,47.75,0.9583333333333335,11.5
qwen25_15b,593,msc_valid,14,recency,0.35,12,4.791666666666667,57.5,3.9791666666666665,47.75,0.8125000000000004,9.75
qwen25_15b,593,msc_valid,14,lexical_tfidf,0.35,12,5.041666666666667,60.5,3.9791666666666665,47.75,1.0625000000000004,12.75
qwen25_15b,593,msc_valid,14,recency_keep_compress_drop,0.35,12,4.291666666666667,51.5,3.9791666666666665,47.75,0.31250000000000044,3.75
qwen25_15b,593,msc_valid,14,uniform,0.5,12,3.8541666666666665,46.25,3.9791666666666665,47.75,-0.125,-1.5
qwen25_15b,593,msc_valid,14,longllmlingua,0.5,12,4.5,54.0,3.9791666666666665,47.75,0.5208333333333335,6.25
qwen25_15b,593,msc_valid,14,recency,0.5,12,4.979166666666667,59.75,3.9791666666666665,47.75,1.0000000000000004,12.0
qwen25_15b,593,msc_valid,14,lexical_tfidf,0.5,12,4.979166666666667,59.75,3.9791666666666665,47.75,1.0000000000000004,12.0
qwen25_15b,593,msc_valid,14,recency_keep_compress_drop,0.5,12,4.416666666666667,53.0,3.9791666666666665,47.75,0.43750000000000044,5.25
qwen25_15b,621,msc_valid,4,uniform,0.2,14,4.25,59.5,3.982142857142857,55.75,0.2678571428571428,3.75
qwen25_15b,621,msc_valid,4,longllmlingua,0.2,14,3.8214285714285716,53.5,3.982142857142857,55.75,-0.1607142857142856,-2.25
qwen25_15b,621,msc_valid,4,recency,0.2,14,4.25,59.5,3.982142857142857,55.75,0.2678571428571428,3.75
qwen25_15b,621,msc_valid,4,lexical_tfidf,0.2,14,4.25,59.5,3.982142857142857,55.75,0.2678571428571428,3.75
qwen25_15b,621,msc_valid,4,recency_keep_compress_drop,0.2,14,4.25,59.5,3.982142857142857,55.75,0.2678571428571428,3.75
qwen25_15b,621,msc_valid,4,uniform,0.35,14,3.982142857142857,55.75,3.982142857142857,55.75,0.0,0.0
qwen25_15b,621,msc_valid,4,longllmlingua,0.35,14,3.625,50.75,3.982142857142857,55.75,-0.3571428571428572,-5.0
qwen25_15b,621,msc_valid,4,recency,0.35,14,3.982142857142857,55.75,3.982142857142857,55.75,0.0,0.0
qwen25_15b,621,msc_valid,4,lexical_tfidf,0.35,14,3.982142857142857,55.75,3.982142857142857,55.75,0.0,0.0
qwen25_15b,621,msc_valid,4,recency_keep_compress_drop,0.35,14,3.982142857142857,55.75,3.982142857142857,55.75,0.0,0.0
qwen25_15b,621,msc_valid,4,uniform,0.5,14,3.982142857142857,55.75,3.982142857142857,55.75,0.0,0.0
qwen25_15b,621,msc_valid,4,longllmlingua,0.5,14,3.607142857142857,50.5,3.982142857142857,55.75,-0.375,-5.25
qwen25_15b,621,msc_valid,4,recency,0.5,14,3.982142857142857,55.75,3.982142857142857,55.75,0.0,0.0
qwen25_15b,621,msc_valid,4,lexical_tfidf,0.5,14,3.982142857142857,55.75,3.982142857142857,55.75,0.0,0.0
qwen25_15b,621,msc_valid,4,recency_keep_compress_drop,0.5,14,3.982142857142857,55.75,3.982142857142857,55.75,0.0,0.0
qwen25_15b,621,msc_valid,6,uniform,0.2,13,3.519230769230769,45.75,3.269230769230769,42.5,0.25,3.25
qwen25_15b,621,msc_valid,6,longllmlingua,0.2,13,3.25,42.25,3.269230769230769,42.5,-0.019230769230769162,-0.25
qwen25_15b,621,msc_valid,6,recency,0.2,13,3.423076923076923,44.5,3.269230769230769,42.5,0.15384615384615374,2.0
qwen25_15b,621,msc_valid,6,lexical_tfidf,0.2,13,3.423076923076923,44.5,3.269230769230769,42.5,0.15384615384615374,2.0
qwen25_15b,621,msc_valid,6,recency_keep_compress_drop,0.2,13,3.423076923076923,44.5,3.269230769230769,42.5,0.15384615384615374,2.0
qwen25_15b,621,msc_valid,6,uniform,0.35,13,3.519230769230769,45.75,3.269230769230769,42.5,0.25,3.25
qwen25_15b,621,msc_valid,6,longllmlingua,0.35,13,3.2115384615384617,41.75,3.269230769230769,42.5,-0.05769230769230749,-0.75
qwen25_15b,621,msc_valid,6,recency,0.35,13,3.4038461538461537,44.25,3.269230769230769,42.5,0.13461538461538458,1.75
qwen25_15b,621,msc_valid,6,lexical_tfidf,0.35,13,3.4038461538461537,44.25,3.269230769230769,42.5,0.13461538461538458,1.75
qwen25_15b,621,msc_valid,6,recency_keep_compress_drop,0.35,13,3.4038461538461537,44.25,3.269230769230769,42.5,0.13461538461538458,1.75
qwen25_15b,621,msc_valid,6,uniform,0.5,13,3.4615384615384617,45.0,3.269230769230769,42.5,0.1923076923076925,2.5
qwen25_15b,621,msc_valid,6,longllmlingua,0.5,13,3.3076923076923075,43.0,3.269230769230769,42.5,0.038461538461538325,0.5
qwen25_15b,621,msc_valid,6,recency,0.5,13,3.4038461538461537,44.25,3.269230769230769,42.5,0.13461538461538458,1.75
qwen25_15b,621,msc_valid,6,lexical_tfidf,0.5,13,3.4423076923076925,44.75,3.269230769230769,42.5,0.17307692307692335,2.25
qwen25_15b,621,msc_valid,6,recency_keep_compress_drop,0.5,13,3.4423076923076925,44.75,3.269230769230769,42.5,0.17307692307692335,2.25
qwen25_15b,621,msc_valid,8,uniform,0.2,19,3.013157894736842,57.25,2.6184210526315788,49.75,0.3947368421052633,7.5
qwen25_15b,621,msc_valid,8,longllmlingua,0.2,19,2.8289473684210527,53.75,2.6184210526315788,49.75,0.2105263157894739,4.0
qwen25_15b,621,msc_valid,8,recency,0.2,19,3.013157894736842,57.25,2.6184210526315788,49.75,0.3947368421052633,7.5
qwen25_15b,621,msc_valid,8,lexical_tfidf,0.2,19,3.039473684210526,57.75,2.6184210526315788,49.75,0.42105263157894735,8.0
qwen25_15b,621,msc_valid,8,recency_keep_compress_drop,0.2,19,3.0526315789473686,58.0,2.6184210526315788,49.75,0.4342105263157898,8.25
qwen25_15b,621,msc_valid,8,uniform,0.35,19,3.0526315789473686,58.0,2.6184210526315788,49.75,0.4342105263157898,8.25
qwen25_15b,621,msc_valid,8,longllmlingua,0.35,19,2.8421052631578947,54.0,2.6184210526315788,49.75,0.22368421052631593,4.25
qwen25_15b,621,msc_valid,8,recency,0.35,19,2.8684210526315788,54.5,2.6184210526315788,49.75,0.25,4.75
qwen25_15b,621,msc_valid,8,lexical_tfidf,0.35,19,2.9342105263157894,55.75,2.6184210526315788,49.75,0.3157894736842106,6.0
qwen25_15b,621,msc_valid,8,recency_keep_compress_drop,0.35,19,2.973684210526316,56.5,2.6184210526315788,49.75,0.35526315789473717,6.75
qwen25_15b,621,msc_valid,8,uniform,0.5,19,3.0526315789473686,58.0,2.6184210526315788,49.75,0.4342105263157898,8.25
qwen25_15b,621,msc_valid,8,longllmlingua,0.5,19,2.9078947368421053,55.25,2.6184210526315788,49.75,0.28947368421052655,5.5
qwen25_15b,621,msc_valid,8,recency,0.5,19,2.736842105263158,52.0,2.6184210526315788,49.75,0.1184210526315792,2.25
qwen25_15b,621,msc_valid,8,lexical_tfidf,0.5,19,2.736842105263158,52.0,2.6184210526315788,49.75,0.1184210526315792,2.25
qwen25_15b,621,msc_valid,8,recency_keep_compress_drop,0.5,19,2.8815789473684212,54.75,2.6184210526315788,49.75,0.2631578947368425,5.0
qwen25_15b,621,msc_valid,10,uniform,0.2,13,4.788461538461538,62.25,4.230769230769231,55.0,0.5576923076923075,7.25
qwen25_15b,621,msc_valid,10,longllmlingua,0.2,13,4.461538461538462,58.0,4.230769230769231,55.0,0.23076923076923084,3.0
qwen25_15b,621,msc_valid,10,recency,0.2,13,4.769230769230769,62.0,4.230769230769231,55.0,0.5384615384615383,7.0
qwen25_15b,621,msc_valid,10,lexical_tfidf,0.2,13,4.711538461538462,61.25,4.230769230769231,55.0,0.48076923076923084,6.25
qwen25_15b,621,msc_valid,10,recency_keep_compress_drop,0.2,13,4.75,61.75,4.230769230769231,55.0,0.5192307692307692,6.75
qwen25_15b,621,msc_valid,10,uniform,0.35,13,4.75,61.75,4.230769230769231,55.0,0.5192307692307692,6.75
qwen25_15b,621,msc_valid,10,longllmlingua,0.35,13,4.269230769230769,55.5,4.230769230769231,55.0,0.038461538461538325,0.5
qwen25_15b,621,msc_valid,10,recency,0.35,13,4.634615384615385,60.25,4.230769230769231,55.0,0.4038461538461542,5.25
qwen25_15b,621,msc_valid,10,lexical_tfidf,0.35,13,4.5576923076923075,59.25,4.230769230769231,55.0,0.32692307692307665,4.25
qwen25_15b,621,msc_valid,10,recency_keep_compress_drop,0.35,13,4.480769230769231,58.25,4.230769230769231,55.0,0.25,3.25
qwen25_15b,621,msc_valid,10,uniform,0.5,13,4.519230769230769,58.75,4.230769230769231,55.0,0.2884615384615383,3.75
qwen25_15b,621,msc_valid,10,longllmlingua,0.5,13,4.288461538461538,55.75,4.230769230769231,55.0,0.05769230769230749,0.75
qwen25_15b,621,msc_valid,10,recency,0.5,13,4.461538461538462,58.0,4.230769230769231,55.0,0.23076923076923084,3.0
qwen25_15b,621,msc_valid,10,lexical_tfidf,0.5,13,4.596153846153846,59.75,4.230769230769231,55.0,0.365384615384615,4.75
qwen25_15b,621,msc_valid,10,recency_keep_compress_drop,0.5,13,4.384615384615385,57.0,4.230769230769231,55.0,0.1538461538461542,2.0
qwen25_15b,621,msc_valid,12,uniform,0.2,8,3.875,31.0,2.953125,23.625,0.921875,7.375
qwen25_15b,621,msc_valid,12,longllmlingua,0.2,8,3.59375,28.75,2.953125,23.625,0.640625,5.125
qwen25_15b,621,msc_valid,12,recency,0.2,8,3.9375,31.5,2.953125,23.625,0.984375,7.875
qwen25_15b,621,msc_valid,12,lexical_tfidf,0.2,8,3.84375,30.75,2.953125,23.625,0.890625,7.125
qwen25_15b,621,msc_valid,12,recency_keep_compress_drop,0.2,8,3.84375,30.75,2.953125,23.625,0.890625,7.125
qwen25_15b,621,msc_valid,12,uniform,0.35,8,3.84375,30.75,2.953125,23.625,0.890625,7.125
qwen25_15b,621,msc_valid,12,longllmlingua,0.35,8,3.296875,26.375,2.953125,23.625,0.34375,2.75
qwen25_15b,621,msc_valid,12,recency,0.35,8,3.796875,30.375,2.953125,23.625,0.84375,6.75
qwen25_15b,621,msc_valid,12,lexical_tfidf,0.35,8,3.453125,27.625,2.953125,23.625,0.5,4.0
qwen25_15b,621,msc_valid,12,recency_keep_compress_drop,0.35,8,3.53125,28.25,2.953125,23.625,0.578125,4.625
qwen25_15b,621,msc_valid,12,uniform,0.5,8,3.640625,29.125,2.953125,23.625,0.6875,5.5
qwen25_15b,621,msc_valid,12,longllmlingua,0.5,8,3.359375,26.875,2.953125,23.625,0.40625,3.25
qwen25_15b,621,msc_valid,12,recency,0.5,8,3.265625,26.125,2.953125,23.625,0.3125,2.5
qwen25_15b,621,msc_valid,12,lexical_tfidf,0.5,8,3.140625,25.125,2.953125,23.625,0.1875,1.5
qwen25_15b,621,msc_valid,12,recency_keep_compress_drop,0.5,8,3.25,26.0,2.953125,23.625,0.296875,2.375
qwen25_15b,621,msc_valid,14,uniform,0.2,14,3.0,42.0,2.7142857142857144,38.0,0.2857142857142856,4.0
qwen25_15b,621,msc_valid,14,longllmlingua,0.2,14,2.642857142857143,37.0,2.7142857142857144,38.0,-0.07142857142857162,-1.0
qwen25_15b,621,msc_valid,14,recency,0.2,14,2.892857142857143,40.5,2.7142857142857144,38.0,0.17857142857142838,2.5
qwen25_15b,621,msc_valid,14,lexical_tfidf,0.2,14,3.0892857142857144,43.25,2.7142857142857144,38.0,0.375,5.25
qwen25_15b,621,msc_valid,14,recency_keep_compress_drop,0.2,14,2.9285714285714284,41.0,2.7142857142857144,38.0,0.21428571428571397,3.0
qwen25_15b,621,msc_valid,14,uniform,0.35,14,3.017857142857143,42.25,2.7142857142857144,38.0,0.3035714285714284,4.25
qwen25_15b,621,msc_valid,14,longllmlingua,0.35,14,2.642857142857143,37.0,2.7142857142857144,38.0,-0.07142857142857162,-1.0
qwen25_15b,621,msc_valid,14,recency,0.35,14,2.9107142857142856,40.75,2.7142857142857144,38.0,0.19642857142857117,2.75
qwen25_15b,621,msc_valid,14,lexical_tfidf,0.35,14,2.642857142857143,37.0,2.7142857142857144,38.0,-0.07142857142857162,-1.0
qwen25_15b,621,msc_valid,14,recency_keep_compress_drop,0.35,14,2.7142857142857144,38.0,2.7142857142857144,38.0,0.0,0.0
qwen25_15b,621,msc_valid,14,uniform,0.5,14,2.982142857142857,41.75,2.7142857142857144,38.0,0.2678571428571428,3.75
qwen25_15b,621,msc_valid,14,longllmlingua,0.5,14,2.8214285714285716,39.5,2.7142857142857144,38.0,0.1071428571428572,1.5
qwen25_15b,621,msc_valid,14,recency,0.5,14,2.75,38.5,2.7142857142857144,38.0,0.03571428571428559,0.5
qwen25_15b,621,msc_valid,14,lexical_tfidf,0.5,14,2.6785714285714284,37.5,2.7142857142857144,38.0,-0.03571428571428603,-0.5
qwen25_15b,621,msc_valid,14,recency_keep_compress_drop,0.5,14,2.7142857142857144,38.0,2.7142857142857144,38.0,0.0,0.0
qwen25_15b,668,msc_valid,4,uniform,0.2,7,9.107142857142858,63.75,8.785714285714286,61.5,0.3214285714285712,2.25
qwen25_15b,668,msc_valid,4,longllmlingua,0.2,7,8.392857142857142,58.75,8.785714285714286,61.5,-0.3928571428571441,-2.75
qwen25_15b,668,msc_valid,4,recency,0.2,7,9.107142857142858,63.75,8.785714285714286,61.5,0.3214285714285712,2.25
qwen25_15b,668,msc_valid,4,lexical_tfidf,0.2,7,9.107142857142858,63.75,8.785714285714286,61.5,0.3214285714285712,2.25
qwen25_15b,668,msc_valid,4,recency_keep_compress_drop,0.2,7,9.107142857142858,63.75,8.785714285714286,61.5,0.3214285714285712,2.25
qwen25_15b,668,msc_valid,4,uniform,0.35,7,8.892857142857142,62.25,8.785714285714286,61.5,0.10714285714285587,0.75
qwen25_15b,668,msc_valid,4,longllmlingua,0.35,7,8.178571428571429,57.25,8.785714285714286,61.5,-0.6071428571428577,-4.25
qwen25_15b,668,msc_valid,4,recency,0.35,7,8.892857142857142,62.25,8.785714285714286,61.5,0.10714285714285587,0.75
qwen25_15b,668,msc_valid,4,lexical_tfidf,0.35,7,8.892857142857142,62.25,8.785714285714286,61.5,0.10714285714285587,0.75
qwen25_15b,668,msc_valid,4,recency_keep_compress_drop,0.35,7,8.892857142857142,62.25,8.785714285714286,61.5,0.10714285714285587,0.75
qwen25_15b,668,msc_valid,4,uniform,0.5,7,8.892857142857142,62.25,8.785714285714286,61.5,0.10714285714285587,0.75
qwen25_15b,668,msc_valid,4,longllmlingua,0.5,7,8.428571428571429,59.0,8.785714285714286,61.5,-0.35714285714285765,-2.5
qwen25_15b,668,msc_valid,4,recency,0.5,7,8.892857142857142,62.25,8.785714285714286,61.5,0.10714285714285587,0.75
qwen25_15b,668,msc_valid,4,lexical_tfidf,0.5,7,8.892857142857142,62.25,8.785714285714286,61.5,0.10714285714285587,0.75
qwen25_15b,668,msc_valid,4,recency_keep_compress_drop,0.5,7,8.892857142857142,62.25,8.785714285714286,61.5,0.10714285714285587,0.75
qwen25_15b,668,msc_valid,6,uniform,0.2,9,5.472222222222222,49.25,4.833333333333333,43.5,0.6388888888888893,5.75
qwen25_15b,668,msc_valid,6,longllmlingua,0.2,9,4.416666666666667,39.75,4.833333333333333,43.5,-0.4166666666666661,-3.75
qwen25_15b,668,msc_valid,6,recency,0.2,9,5.611111111111111,50.5,4.833333333333333,43.5,0.7777777777777777,7.0
qwen25_15b,668,msc_valid,6,lexical_tfidf,0.2,9,5.472222222222222,49.25,4.833333333333333,43.5,0.6388888888888893,5.75
qwen25_15b,668,msc_valid,6,recency_keep_compress_drop,0.2,9,5.611111111111111,50.5,4.833333333333333,43.5,0.7777777777777777,7.0
qwen25_15b,668,msc_valid,6,uniform,0.35,9,5.555555555555555,50.0,4.833333333333333,43.5,0.7222222222222223,6.5
qwen25_15b,668,msc_valid,6,longllmlingua,0.35,9,4.5,40.5,4.833333333333333,43.5,-0.33333333333333304,-3.0
qwen25_15b,668,msc_valid,6,recency,0.35,9,5.555555555555555,50.0,4.833333333333333,43.5,0.7222222222222223,6.5
qwen25_15b,668,msc_valid,6,lexical_tfidf,0.35,9,5.555555555555555,50.0,4.833333333333333,43.5,0.7222222222222223,6.5
qwen25_15b,668,msc_valid,6,recency_keep_compress_drop,0.35,9,5.555555555555555,50.0,4.833333333333333,43.5,0.7222222222222223,6.5
qwen25_15b,668,msc_valid,6,uniform,0.5,9,5.361111111111111,48.25,4.833333333333333,43.5,0.5277777777777777,4.75
qwen25_15b,668,msc_valid,6,longllmlingua,0.5,9,4.25,38.25,4.833333333333333,43.5,-0.583333333333333,-5.25
qwen25_15b,668,msc_valid,6,recency,0.5,9,5.416666666666667,48.75,4.833333333333333,43.5,0.5833333333333339,5.25
qwen25_15b,668,msc_valid,6,lexical_tfidf,0.5,9,5.194444444444445,46.75,4.833333333333333,43.5,0.3611111111111116,3.25
qwen25_15b,668,msc_valid,6,recency_keep_compress_drop,0.5,9,5.555555555555555,50.0,4.833333333333333,43.5,0.7222222222222223,6.5
qwen25_15b,668,msc_valid,8,uniform,0.2,11,6.045454545454546,66.5,3.6818181818181817,40.5,2.363636363636364,26.0
qwen25_15b,668,msc_valid,8,longllmlingua,0.2,11,5.159090909090909,56.75,3.6818181818181817,40.5,1.4772727272727275,16.25
qwen25_15b,668,msc_valid,8,recency,0.2,11,5.909090909090909,65.0,3.6818181818181817,40.5,2.2272727272727275,24.5
qwen25_15b,668,msc_valid,8,lexical_tfidf,0.2,11,6.454545454545454,71.0,3.6818181818181817,40.5,2.7727272727272725,30.5
qwen25_15b,668,msc_valid,8,recency_keep_compress_drop,0.2,11,5.909090909090909,65.0,3.6818181818181817,40.5,2.2272727272727275,24.5
qwen25_15b,668,msc_valid,8,uniform,0.35,11,6.181818181818182,68.0,3.6818181818181817,40.5,2.5,27.5
qwen25_15b,668,msc_valid,8,longllmlingua,0.35,11,5.068181818181818,55.75,3.6818181818181817,40.5,1.3863636363636367,15.25
qwen25_15b,668,msc_valid,8,recency,0.35,11,5.204545454545454,57.25,3.6818181818181817,40.5,1.5227272727272725,16.75
qwen25_15b,668,msc_valid,8,lexical_tfidf,0.35,11,6.2727272727272725,69.0,3.6818181818181817,40.5,2.590909090909091,28.5
qwen25_15b,668,msc_valid,8,recency_keep_compress_drop,0.35,11,5.2727272727272725,58.0,3.6818181818181817,40.5,1.5909090909090908,17.5
qwen25_15b,668,msc_valid,8,uniform,0.5,11,5.295454545454546,58.25,3.6818181818181817,40.5,1.6136363636363642,17.75
qwen25_15b,668,msc_valid,8,longllmlingua,0.5,11,4.704545454545454,51.75,3.6818181818181817,40.5,1.0227272727272725,11.25
qwen25_15b,668,msc_valid,8,recency,0.5,11,4.681818181818182,51.5,3.6818181818181817,40.5,1.0,11.0
qwen25_15b,668,msc_valid,8,lexical_tfidf,0.5,11,6.0,66.0,3.6818181818181817,40.5,2.3181818181818183,25.5
qwen25_15b,668,msc_valid,8,recency_keep_compress_drop,0.5,11,4.681818181818182,51.5,3.6818181818181817,40.5,1.0,11.0
qwen25_15b,668,msc_valid,10,uniform,0.2,10,4.025,40.25,3.8,38.0,0.22500000000000053,2.25
qwen25_15b,668,msc_valid,10,longllmlingua,0.2,10,3.9,39.0,3.8,38.0,0.10000000000000009,1.0
qwen25_15b,668,msc_valid,10,recency,0.2,10,4.375,43.75,3.8,38.0,0.5750000000000002,5.75
qwen25_15b,668,msc_valid,10,lexical_tfidf,0.2,10,4.0,40.0,3.8,38.0,0.20000000000000018,2.0
qwen25_15b,668,msc_valid,10,recency_keep_compress_drop,0.2,10,4.375,43.75,3.8,38.0,0.5750000000000002,5.75
qwen25_15b,668,msc_valid,10,uniform,0.35,10,4.075,40.75,3.8,38.0,0.27500000000000036,2.75
qwen25_15b,668,msc_valid,10,longllmlingua,0.35,10,3.95,39.5,3.8,38.0,0.15000000000000036,1.5
qwen25_15b,668,msc_valid,10,recency,0.35,10,4.15,41.5,3.8,38.0,0.35000000000000053,3.5
qwen25_15b,668,msc_valid,10,lexical_tfidf,0.35,10,4.025,40.25,3.8,38.0,0.22500000000000053,2.25
qwen25_15b,668,msc_valid,10,recency_keep_compress_drop,0.35,10,4.3,43.0,3.8,38.0,0.5,5.0
qwen25_15b,668,msc_valid,10,uniform,0.5,10,4.0,40.0,3.8,38.0,0.20000000000000018,2.0
qwen25_15b,668,msc_valid,10,longllmlingua,0.5,10,4.15,41.5,3.8,38.0,0.35000000000000053,3.5
qwen25_15b,668,msc_valid,10,recency,0.5,10,4.175,41.75,3.8,38.0,0.375,3.75
qwen25_15b,668,msc_valid,10,lexical_tfidf,0.5,10,3.975,39.75,3.8,38.0,0.17500000000000027,1.75
qwen25_15b,668,msc_valid,10,recency_keep_compress_drop,0.5,10,4.025,40.25,3.8,38.0,0.22500000000000053,2.25
qwen25_15b,668,msc_valid,12,uniform,0.2,9,4.916666666666667,44.25,3.6666666666666665,33.0,1.2500000000000004,11.25
qwen25_15b,668,msc_valid,12,longllmlingua,0.2,9,4.25,38.25,3.6666666666666665,33.0,0.5833333333333335,5.25
qwen25_15b,668,msc_valid,12,recency,0.2,9,4.5,40.5,3.6666666666666665,33.0,0.8333333333333335,7.5
qwen25_15b,668,msc_valid,12,lexical_tfidf,0.2,9,4.916666666666667,44.25,3.6666666666666665,33.0,1.2500000000000004,11.25
qwen25_15b,668,msc_valid,12,recency_keep_compress_drop,0.2,9,4.5,40.5,3.6666666666666665,33.0,0.8333333333333335,7.5
qwen25_15b,668,msc_valid,12,uniform,0.35,9,4.527777777777778,40.75,3.6666666666666665,33.0,0.8611111111111112,7.75
qwen25_15b,668,msc_valid,12,longllmlingua,0.35,9,4.166666666666667,37.5,3.6666666666666665,33.0,0.5000000000000004,4.5
qwen25_15b,668,msc_valid,12,recency,0.35,9,4.083333333333333,36.75,3.6666666666666665,33.0,0.4166666666666665,3.75
qwen25_15b,668,msc_valid,12,lexical_tfidf,0.35,9,4.527777777777778,40.75,3.6666666666666665,33.0,0.8611111111111112,7.75
qwen25_15b,668,msc_valid,12,recency_keep_compress_drop,0.35,9,4.527777777777778,40.75,3.6666666666666665,33.0,0.8611111111111112,7.75
qwen25_15b,668,msc_valid,12,uniform,0.5,9,4.333333333333333,39.0,3.6666666666666665,33.0,0.6666666666666665,6.0
qwen25_15b,668,msc_valid,12,longllmlingua,0.5,9,4.111111111111111,37.0,3.6666666666666665,33.0,0.4444444444444442,4.0
qwen25_15b,668,msc_valid,12,recency,0.5,9,4.222222222222222,38.0,3.6666666666666665,33.0,0.5555555555555558,5.0
qwen25_15b,668,msc_valid,12,lexical_tfidf,0.5,9,4.333333333333333,39.0,3.6666666666666665,33.0,0.6666666666666665,6.0
qwen25_15b,668,msc_valid,12,recency_keep_compress_drop,0.5,9,4.305555555555555,38.75,3.6666666666666665,33.0,0.6388888888888888,5.75
qwen25_15b,668,msc_valid,14,uniform,0.2,7,5.214285714285714,36.5,3.267857142857143,22.875,1.9464285714285716,13.625
qwen25_15b,668,msc_valid,14,longllmlingua,0.2,7,4.428571428571429,31.0,3.267857142857143,22.875,1.160714285714286,8.125
qwen25_15b,668,msc_valid,14,recency,0.2,7,3.7857142857142856,26.5,3.267857142857143,22.875,0.5178571428571428,3.625
qwen25_15b,668,msc_valid,14,lexical_tfidf,0.2,7,3.9464285714285716,27.625,3.267857142857143,22.875,0.6785714285714288,4.75
qwen25_15b,668,msc_valid,14,recency_keep_compress_drop,0.2,7,3.75,26.25,3.267857142857143,22.875,0.4821428571428572,3.375
qwen25_15b,668,msc_valid,14,uniform,0.35,7,3.9285714285714284,27.5,3.267857142857143,22.875,0.6607142857142856,4.625
qwen25_15b,668,msc_valid,14,longllmlingua,0.35,7,4.642857142857143,32.5,3.267857142857143,22.875,1.3750000000000004,9.625
qwen25_15b,668,msc_valid,14,recency,0.35,7,3.5892857142857144,25.125,3.267857142857143,22.875,0.3214285714285716,2.25
qwen25_15b,668,msc_valid,14,lexical_tfidf,0.35,7,3.9464285714285716,27.625,3.267857142857143,22.875,0.6785714285714288,4.75
qwen25_15b,668,msc_valid,14,recency_keep_compress_drop,0.35,7,3.8214285714285716,26.75,3.267857142857143,22.875,0.5535714285714288,3.875
qwen25_15b,668,msc_valid,14,uniform,0.5,7,3.2142857142857144,22.5,3.267857142857143,22.875,-0.05357142857142838,-0.375
qwen25_15b,668,msc_valid,14,longllmlingua,0.5,7,3.8035714285714284,26.625,3.267857142857143,22.875,0.5357142857142856,3.75
qwen25_15b,668,msc_valid,14,recency,0.5,7,3.482142857142857,24.375,3.267857142857143,22.875,0.2142857142857144,1.5
qwen25_15b,668,msc_valid,14,lexical_tfidf,0.5,7,3.625,25.375,3.267857142857143,22.875,0.3571428571428572,2.5
qwen25_15b,668,msc_valid,14,recency_keep_compress_drop,0.5,7,3.5892857142857144,25.125,3.267857142857143,22.875,0.3214285714285716,2.25
qwen25_15b,704,msc_valid,4,uniform,0.2,12,3.9791666666666665,47.75,3.7916666666666665,45.5,0.1875,2.25
qwen25_15b,704,msc_valid,4,longllmlingua,0.2,12,3.5416666666666665,42.5,3.7916666666666665,45.5,-0.25,-3.0
qwen25_15b,704,msc_valid,4,recency,0.2,12,3.9791666666666665,47.75,3.7916666666666665,45.5,0.1875,2.25
qwen25_15b,704,msc_valid,4,lexical_tfidf,0.2,12,3.9791666666666665,47.75,3.7916666666666665,45.5,0.1875,2.25
qwen25_15b,704,msc_valid,4,recency_keep_compress_drop,0.2,12,3.9791666666666665,47.75,3.7916666666666665,45.5,0.1875,2.25
qwen25_15b,704,msc_valid,4,uniform,0.35,12,4.0625,48.75,3.7916666666666665,45.5,0.2708333333333335,3.25
qwen25_15b,704,msc_valid,4,longllmlingua,0.35,12,3.5416666666666665,42.5,3.7916666666666665,45.5,-0.25,-3.0
qwen25_15b,704,msc_valid,4,recency,0.35,12,4.0625,48.75,3.7916666666666665,45.5,0.2708333333333335,3.25
qwen25_15b,704,msc_valid,4,lexical_tfidf,0.35,12,4.0625,48.75,3.7916666666666665,45.5,0.2708333333333335,3.25
qwen25_15b,704,msc_valid,4,recency_keep_compress_drop,0.35,12,4.0625,48.75,3.7916666666666665,45.5,0.2708333333333335,3.25
qwen25_15b,704,msc_valid,4,uniform,0.5,12,4.0625,48.75,3.7916666666666665,45.5,0.2708333333333335,3.25
qwen25_15b,704,msc_valid,4,longllmlingua,0.5,12,3.2291666666666665,38.75,3.7916666666666665,45.5,-0.5625,-6.75
qwen25_15b,704,msc_valid,4,recency,0.5,12,4.0625,48.75,3.7916666666666665,45.5,0.2708333333333335,3.25
qwen25_15b,704,msc_valid,4,lexical_tfidf,0.5,12,4.0625,48.75,3.7916666666666665,45.5,0.2708333333333335,3.25
qwen25_15b,704,msc_valid,4,recency_keep_compress_drop,0.5,12,4.0625,48.75,3.7916666666666665,45.5,0.2708333333333335,3.25
qwen25_15b,704,msc_valid,6,uniform,0.2,9,4.416666666666667,39.75,3.9166666666666665,35.25,0.5000000000000004,4.5
qwen25_15b,704,msc_valid,6,longllmlingua,0.2,9,4.333333333333333,39.0,3.9166666666666665,35.25,0.4166666666666665,3.75
qwen25_15b,704,msc_valid,6,recency,0.2,9,4.138888888888889,37.25,3.9166666666666665,35.25,0.22222222222222276,2.0
qwen25_15b,704,msc_valid,6,lexical_tfidf,0.2,9,4.138888888888889,37.25,3.9166666666666665,35.25,0.22222222222222276,2.0
qwen25_15b,704,msc_valid,6,recency_keep_compress_drop,0.2,9,4.138888888888889,37.25,3.9166666666666665,35.25,0.22222222222222276,2.0
qwen25_15b,704,msc_valid,6,uniform,0.35,9,4.027777777777778,36.25,3.9166666666666665,35.25,0.11111111111111116,1.0
qwen25_15b,704,msc_valid,6,longllmlingua,0.35,9,4.5,40.5,3.9166666666666665,35.25,0.5833333333333335,5.25
qwen25_15b,704,msc_valid,6,recency,0.35,9,4.027777777777778,36.25,3.9166666666666665,35.25,0.11111111111111116,1.0
qwen25_15b,704,msc_valid,6,lexical_tfidf,0.35,9,4.027777777777778,36.25,3.9166666666666665,35.25,0.11111111111111116,1.0
qwen25_15b,704,msc_valid,6,recency_keep_compress_drop,0.35,9,4.027777777777778,36.25,3.9166666666666665,35.25,0.11111111111111116,1.0
qwen25_15b,704,msc_valid,6,uniform,0.5,9,5.111111111111111,46.0,3.9166666666666665,35.25,1.1944444444444442,10.75
qwen25_15b,704,msc_valid,6,longllmlingua,0.5,9,4.694444444444445,42.25,3.9166666666666665,35.25,0.7777777777777781,7.0
qwen25_15b,704,msc_valid,6,recency,0.5,9,3.9722222222222223,35.75,3.9166666666666665,35.25,0.0555555555555558,0.5
qwen25_15b,704,msc_valid,6,lexical_tfidf,0.5,9,4.027777777777778,36.25,3.9166666666666665,35.25,0.11111111111111116,1.0
qwen25_15b,704,msc_valid,6,recency_keep_compress_drop,0.5,9,4.027777777777778,36.25,3.9166666666666665,35.25,0.11111111111111116,1.0
qwen25_15b,704,msc_valid,8,uniform,0.2,9,3.9166666666666665,35.25,3.2777777777777777,29.5,0.6388888888888888,5.75
qwen25_15b,704,msc_valid,8,longllmlingua,0.2,9,3.1666666666666665,28.5,3.2777777777777777,29.5,-0.11111111111111116,-1.0
qwen25_15b,704,msc_valid,8,recency,0.2,9,3.7777777777777777,34.0,3.2777777777777777,29.5,0.5,4.5
qwen25_15b,704,msc_valid,8,lexical_tfidf,0.2,9,3.638888888888889,32.75,3.2777777777777777,29.5,0.36111111111111116,3.25
qwen25_15b,704,msc_valid,8,recency_keep_compress_drop,0.2,9,3.9444444444444446,35.5,3.2777777777777777,29.5,0.666666666666667,6.0
qwen25_15b,704,msc_valid,8,uniform,0.35,9,3.8055555555555554,34.25,3.2777777777777777,29.5,0.5277777777777777,4.75
qwen25_15b,704,msc_valid,8,longllmlingua,0.35,9,3.138888888888889,28.25,3.2777777777777777,29.5,-0.13888888888888884,-1.25
qwen25_15b,704,msc_valid,8,recency,0.35,9,3.5833333333333335,32.25,3.2777777777777777,29.5,0.3055555555555558,2.75
qwen25_15b,704,msc_valid,8,lexical_tfidf,0.35,9,3.8055555555555554,34.25,3.2777777777777777,29.5,0.5277777777777777,4.75
qwen25_15b,704,msc_valid,8,recency_keep_compress_drop,0.35,9,3.888888888888889,35.0,3.2777777777777777,29.5,0.6111111111111112,5.5
qwen25_15b,704,msc_valid,8,uniform,0.5,9,3.6944444444444446,33.25,3.2777777777777777,29.5,0.41666666666666696,3.75
qwen25_15b,704,msc_valid,8,longllmlingua,0.5,9,3.111111111111111,28.0,3.2777777777777777,29.5,-0.16666666666666652,-1.5
qwen25_15b,704,msc_valid,8,recency,0.5,9,3.5555555555555554,32.0,3.2777777777777777,29.5,0.2777777777777777,2.5
qwen25_15b,704,msc_valid,8,lexical_tfidf,0.5,9,3.611111111111111,32.5,3.2777777777777777,29.5,0.3333333333333335,3.0
qwen25_15b,704,msc_valid,8,recency_keep_compress_drop,0.5,9,3.6666666666666665,33.0,3.2777777777777777,29.5,0.38888888888888884,3.5
qwen25_15b,704,msc_valid,10,uniform,0.2,10,6.5,65.0,5.1,51.0,1.4000000000000004,14.0
qwen25_15b,704,msc_valid,10,longllmlingua,0.2,10,5.75,57.5,5.1,51.0,0.6500000000000004,6.5
qwen25_15b,704,msc_valid,10,recency,0.2,10,6.15,61.5,5.1,51.0,1.0500000000000007,10.5
qwen25_15b,704,msc_valid,10,lexical_tfidf,0.2,10,6.225,62.25,5.1,51.0,1.125,11.25
qwen25_15b,704,msc_valid,10,recency_keep_compress_drop,0.2,10,6.075,60.75,5.1,51.0,0.9750000000000005,9.75
qwen25_15b,704,msc_valid,10,uniform,0.35,10,6.375,63.75,5.1,51.0,1.2750000000000004,12.75
qwen25_15b,704,msc_valid,10,longllmlingua,0.35,10,5.8,58.0,5.1,51.0,0.7000000000000002,7.0
qwen25_15b,704,msc_valid,10,recency,0.35,10,6.2,62.0,5.1,51.0,1.1000000000000005,11.0
qwen25_15b,704,msc_valid,10,lexical_tfidf,0.35,10,5.825,58.25,5.1,51.0,0.7250000000000005,7.25
qwen25_15b,704,msc_valid,10,recency_keep_compress_drop,0.35,10,5.95,59.5,5.1,51.0,0.8500000000000005,8.5
qwen25_15b,704,msc_valid,10,uniform,0.5,10,6.4,64.0,5.1,51.0,1.3000000000000007,13.0
qwen25_15b,704,msc_valid,10,longllmlingua,0.5,10,5.4,54.0,5.1,51.0,0.3000000000000007,3.0
qwen25_15b,704,msc_valid,10,recency,0.5,10,5.575,55.75,5.1,51.0,0.47500000000000053,4.75
qwen25_15b,704,msc_valid,10,lexical_tfidf,0.5,10,6.0,60.0,5.1,51.0,0.9000000000000004,9.0
qwen25_15b,704,msc_valid,10,recency_keep_compress_drop,0.5,10,5.575,55.75,5.1,51.0,0.47500000000000053,4.75
qwen25_15b,704,msc_valid,12,uniform,0.2,10,4.975,49.75,3.8,38.0,1.1749999999999998,11.75
qwen25_15b,704,msc_valid,12,longllmlingua,0.2,10,4.25,42.5,3.8,38.0,0.4500000000000002,4.5
qwen25_15b,704,msc_valid,12,recency,0.2,10,4.875,48.75,3.8,38.0,1.0750000000000002,10.75
qwen25_15b,704,msc_valid,12,lexical_tfidf,0.2,10,4.725,47.25,3.8,38.0,0.9249999999999998,9.25
qwen25_15b,704,msc_valid,12,recency_keep_compress_drop,0.2,10,4.875,48.75,3.8,38.0,1.0750000000000002,10.75
qwen25_15b,704,msc_valid,12,uniform,0.35,10,4.7,47.0,3.8,38.0,0.9000000000000004,9.0
qwen25_15b,704,msc_valid,12,longllmlingua,0.35,10,4.05,40.5,3.8,38.0,0.25,2.5
qwen25_15b,704,msc_valid,12,recency,0.35,10,4.575,45.75,3.8,38.0,0.7750000000000004,7.75
qwen25_15b,704,msc_valid,12,lexical_tfidf,0.35,10,4.55,45.5,3.8,38.0,0.75,7.5
qwen25_15b,704,msc_valid,12,recency_keep_compress_drop,0.35,10,4.2,42.0,3.8,38.0,0.40000000000000036,4.0
qwen25_15b,704,msc_valid,12,uniform,0.5,10,4.65,46.5,3.8,38.0,0.8500000000000005,8.5
qwen25_15b,704,msc_valid,12,longllmlingua,0.5,10,4.175,41.75,3.8,38.0,0.375,3.75
qwen25_15b,704,msc_valid,12,recency,0.5,10,4.1,41.0,3.8,38.0,0.2999999999999998,3.0
qwen25_15b,704,msc_valid,12,lexical_tfidf,0.5,10,4.0,40.0,3.8,38.0,0.20000000000000018,2.0
qwen25_15b,704,msc_valid,12,recency_keep_compress_drop,0.5,10,4.025,40.25,3.8,38.0,0.22500000000000053,2.25
qwen25_15b,714,msc_valid,4,uniform,0.2,15,3.1166666666666667,46.75,2.95,44.25,0.16666666666666652,2.5
qwen25_15b,714,msc_valid,4,longllmlingua,0.2,15,3.033333333333333,45.5,2.95,44.25,0.08333333333333304,1.25
qwen25_15b,714,msc_valid,4,recency,0.2,15,3.1166666666666667,46.75,2.95,44.25,0.16666666666666652,2.5
qwen25_15b,714,msc_valid,4,lexical_tfidf,0.2,15,3.1166666666666667,46.75,2.95,44.25,0.16666666666666652,2.5
qwen25_15b,714,msc_valid,4,recency_keep_compress_drop,0.2,15,3.1166666666666667,46.75,2.95,44.25,0.16666666666666652,2.5
qwen25_15b,714,msc_valid,4,uniform,0.35,15,2.933333333333333,44.0,2.95,44.25,-0.01666666666666705,-0.25
qwen25_15b,714,msc_valid,4,longllmlingua,0.35,15,3.066666666666667,46.0,2.95,44.25,0.1166666666666667,1.75
qwen25_15b,714,msc_valid,4,recency,0.35,15,2.933333333333333,44.0,2.95,44.25,-0.01666666666666705,-0.25
qwen25_15b,714,msc_valid,4,lexical_tfidf,0.35,15,2.933333333333333,44.0,2.95,44.25,-0.01666666666666705,-0.25
qwen25_15b,714,msc_valid,4,recency_keep_compress_drop,0.35,15,2.933333333333333,44.0,2.95,44.25,-0.01666666666666705,-0.25
qwen25_15b,714,msc_valid,4,uniform,0.5,15,2.933333333333333,44.0,2.95,44.25,-0.01666666666666705,-0.25
qwen25_15b,714,msc_valid,4,longllmlingua,0.5,15,2.966666666666667,44.5,2.95,44.25,0.016666666666666607,0.25
qwen25_15b,714,msc_valid,4,recency,0.5,15,2.933333333333333,44.0,2.95,44.25,-0.01666666666666705,-0.25
qwen25_15b,714,msc_valid,4,lexical_tfidf,0.5,15,2.933333333333333,44.0,2.95,44.25,-0.01666666666666705,-0.25
qwen25_15b,714,msc_valid,4,recency_keep_compress_drop,0.5,15,2.933333333333333,44.0,2.95,44.25,-0.01666666666666705,-0.25
qwen25_15b,714,msc_valid,8,uniform,0.2,9,3.638888888888889,32.75,3.0,27.0,0.6388888888888888,5.75
qwen25_15b,714,msc_valid,8,longllmlingua,0.2,9,3.3055555555555554,29.75,3.0,27.0,0.30555555555555536,2.75
qwen25_15b,714,msc_valid,8,recency,0.2,9,3.8055555555555554,34.25,3.0,27.0,0.8055555555555554,7.25
qwen25_15b,714,msc_valid,8,lexical_tfidf,0.2,9,3.3333333333333335,30.0,3.0,27.0,0.3333333333333335,3.0
qwen25_15b,714,msc_valid,8,recency_keep_compress_drop,0.2,9,3.8055555555555554,34.25,3.0,27.0,0.8055555555555554,7.25
qwen25_15b,714,msc_valid,8,uniform,0.35,9,3.5277777777777777,31.75,3.0,27.0,0.5277777777777777,4.75
qwen25_15b,714,msc_valid,8,longllmlingua,0.35,9,2.8333333333333335,25.5,3.0,27.0,-0.16666666666666652,-1.5
qwen25_15b,714,msc_valid,8,recency,0.35,9,3.1805555555555554,28.625,3.0,27.0,0.18055555555555536,1.625
qwen25_15b,714,msc_valid,8,lexical_tfidf,0.35,9,3.1805555555555554,28.625,3.0,27.0,0.18055555555555536,1.625
qwen25_15b,714,msc_valid,8,recency_keep_compress_drop,0.35,9,3.4027777777777777,30.625,3.0,27.0,0.4027777777777777,3.625
qwen25_15b,714,msc_valid,8,uniform,0.5,9,3.4305555555555554,30.875,3.0,27.0,0.43055555555555536,3.875
qwen25_15b,714,msc_valid,8,longllmlingua,0.5,9,3.0972222222222223,27.875,3.0,27.0,0.09722222222222232,0.875
qwen25_15b,714,msc_valid,8,recency,0.5,9,2.9444444444444446,26.5,3.0,27.0,-0.05555555555555536,-0.5
qwen25_15b,714,msc_valid,8,lexical_tfidf,0.5,9,3.0972222222222223,27.875,3.0,27.0,0.09722222222222232,0.875
qwen25_15b,714,msc_valid,8,recency_keep_compress_drop,0.5,9,3.2083333333333335,28.875,3.0,27.0,0.20833333333333348,1.875
qwen25_15b,714,msc_valid,12,uniform,0.2,11,6.636363636363637,73.0,5.818181818181818,64.0,0.8181818181818183,9.0
qwen25_15b,714,msc_valid,12,longllmlingua,0.2,11,6.363636363636363,70.0,5.818181818181818,64.0,0.545454545454545,6.0
qwen25_15b,714,msc_valid,12,recency,0.2,11,6.2727272727272725,69.0,5.818181818181818,64.0,0.45454545454545414,5.0
qwen25_15b,714,msc_valid,12,lexical_tfidf,0.2,11,6.545454545454546,72.0,5.818181818181818,64.0,0.7272727272727275,8.0
qwen25_15b,714,msc_valid,12,recency_keep_compress_drop,0.2,11,6.2727272727272725,69.0,5.818181818181818,64.0,0.45454545454545414,5.0
qwen25_15b,714,msc_valid,12,uniform,0.35,11,6.136363636363637,67.5,5.818181818181818,64.0,0.31818181818181834,3.5
qwen25_15b,714,msc_valid,12,longllmlingua,0.35,11,6.318181818181818,69.5,5.818181818181818,64.0,0.5,5.5
qwen25_15b,714,msc_valid,12,recency,0.35,11,6.045454545454546,66.5,5.818181818181818,64.0,0.22727272727272751,2.5
qwen25_15b,714,msc_valid,12,lexical_tfidf,0.35,11,6.181818181818182,68.0,5.818181818181818,64.0,0.3636363636363633,4.0
qwen25_15b,714,msc_valid,12,recency_keep_compress_drop,0.35,11,6.181818181818182,68.0,5.818181818181818,64.0,0.3636363636363633,4.0
qwen25_15b,714,msc_valid,12,uniform,0.5,11,6.045454545454546,66.5,5.818181818181818,64.0,0.22727272727272751,2.5
qwen25_15b,714,msc_valid,12,longllmlingua,0.5,11,6.318181818181818,69.5,5.818181818181818,64.0,0.5,5.5
qwen25_15b,714,msc_valid,12,recency,0.5,11,5.954545454545454,65.5,5.818181818181818,64.0,0.1363636363636358,1.5
qwen25_15b,714,msc_valid,12,lexical_tfidf,0.5,11,5.909090909090909,65.0,5.818181818181818,64.0,0.09090909090909083,1.0
qwen25_15b,714,msc_valid,12,recency_keep_compress_drop,0.5,11,5.863636363636363,64.5,5.818181818181818,64.0,0.04545454545454497,0.5
qwen25_15b,714,msc_valid,16,uniform,0.2,31,2.870967741935484,89.0,2.8548387096774195,88.5,0.016129032258064502,0.5
qwen25_15b,714,msc_valid,16,longllmlingua,0.2,31,2.838709677419355,88.0,2.8548387096774195,88.5,-0.016129032258064502,-0.5
qwen25_15b,714,msc_valid,16,recency,0.2,31,2.8548387096774195,88.5,2.8548387096774195,88.5,0.0,0.0
qwen25_15b,714,msc_valid,16,lexical_tfidf,0.2,31,2.838709677419355,88.0,2.8548387096774195,88.5,-0.016129032258064502,-0.5
qwen25_15b,714,msc_valid,16,recency_keep_compress_drop,0.2,31,2.8548387096774195,88.5,2.8548387096774195,88.5,0.0,0.0
qwen25_15b,714,msc_valid,16,uniform,0.35,31,2.838709677419355,88.0,2.8548387096774195,88.5,-0.016129032258064502,-0.5
qwen25_15b,714,msc_valid,16,longllmlingua,0.35,31,2.8225806451612905,87.5,2.8548387096774195,88.5,-0.032258064516129004,-1.0
qwen25_15b,714,msc_valid,16,recency,0.35,31,2.903225806451613,90.0,2.8548387096774195,88.5,0.048387096774193505,1.5
qwen25_15b,714,msc_valid,16,lexical_tfidf,0.35,31,2.8548387096774195,88.5,2.8548387096774195,88.5,0.0,0.0
qwen25_15b,714,msc_valid,16,recency_keep_compress_drop,0.35,31,2.838709677419355,88.0,2.8548387096774195,88.5,-0.016129032258064502,-0.5
qwen25_15b,714,msc_valid,16,uniform,0.5,31,2.8548387096774195,88.5,2.8548387096774195,88.5,0.0,0.0
qwen25_15b,714,msc_valid,16,longllmlingua,0.5,31,2.725806451612903,84.5,2.8548387096774195,88.5,-0.12903225806451646,-4.0
qwen25_15b,714,msc_valid,16,recency,0.5,31,2.870967741935484,89.0,2.8548387096774195,88.5,0.016129032258064502,0.5
qwen25_15b,714,msc_valid,16,lexical_tfidf,0.5,31,2.838709677419355,88.0,2.8548387096774195,88.5,-0.016129032258064502,-0.5
qwen25_15b,714,msc_valid,16,recency_keep_compress_drop,0.5,31,2.8870967741935485,89.5,2.8548387096774195,88.5,0.032258064516129004,1.0
qwen25_15b,714,msc_valid,18,uniform,0.2,44,3.022727272727273,133.0,2.7045454545454546,119.0,0.31818181818181834,14.0
qwen25_15b,714,msc_valid,18,longllmlingua,0.2,44,2.840909090909091,125.0,2.7045454545454546,119.0,0.13636363636363624,6.0
qwen25_15b,714,msc_valid,18,recency,0.2,44,2.727272727272727,120.0,2.7045454545454546,119.0,0.022727272727272485,1.0
qwen25_15b,714,msc_valid,18,lexical_tfidf,0.2,44,2.9318181818181817,129.0,2.7045454545454546,119.0,0.22727272727272707,10.0
qwen25_15b,714,msc_valid,18,recency_keep_compress_drop,0.2,44,2.897727272727273,127.5,2.7045454545454546,119.0,0.19318181818181834,8.5
qwen25_15b,714,msc_valid,18,uniform,0.35,44,2.9545454545454546,130.0,2.7045454545454546,119.0,0.25,11.0
qwen25_15b,714,msc_valid,18,longllmlingua,0.35,44,2.7954545454545454,123.0,2.7045454545454546,119.0,0.09090909090909083,4.0
qwen25_15b,714,msc_valid,18,recency,0.35,44,2.6931818181818183,118.5,2.7045454545454546,119.0,-0.011363636363636243,-0.5
qwen25_15b,714,msc_valid,18,lexical_tfidf,0.35,44,2.897727272727273,127.5,2.7045454545454546,119.0,0.19318181818181834,8.5
qwen25_15b,714,msc_valid,18,recency_keep_compress_drop,0.35,44,2.840909090909091,125.0,2.7045454545454546,119.0,0.13636363636363624,6.0
qwen25_15b,714,msc_valid,18,uniform,0.5,44,2.875,126.5,2.7045454545454546,119.0,0.17045454545454541,7.5
qwen25_15b,714,msc_valid,18,longllmlingua,0.5,44,2.897727272727273,127.5,2.7045454545454546,119.0,0.19318181818181834,8.5
qwen25_15b,714,msc_valid,18,recency,0.5,44,2.6704545454545454,117.5,2.7045454545454546,119.0,-0.03409090909090917,-1.5
qwen25_15b,714,msc_valid,18,lexical_tfidf,0.5,44,2.852272727272727,125.5,2.7045454545454546,119.0,0.14772727272727249,6.5
qwen25_15b,714,msc_valid,18,recency_keep_compress_drop,0.5,44,2.727272727272727,120.0,2.7045454545454546,119.0,0.022727272727272485,1.0
qwen25_15b,714,msc_valid,22,uniform,0.2,46,2.9782608695652173,137.0,2.847826086956522,131.0,0.13043478260869534,6.0
qwen25_15b,714,msc_valid,22,longllmlingua,0.2,46,2.9130434782608696,134.0,2.847826086956522,131.0,0.06521739130434767,3.0
qwen25_15b,714,msc_valid,22,recency,0.2,46,2.9782608695652173,137.0,2.847826086956522,131.0,0.13043478260869534,6.0
qwen25_15b,714,msc_valid,22,lexical_tfidf,0.2,46,3.0,138.0,2.847826086956522,131.0,0.15217391304347805,7.0
qwen25_15b,714,msc_valid,22,recency_keep_compress_drop,0.2,46,2.9782608695652173,137.0,2.847826086956522,131.0,0.13043478260869534,6.0
qwen25_15b,714,msc_valid,22,uniform,0.35,46,2.9347826086956523,135.0,2.847826086956522,131.0,0.08695652173913038,4.0
qwen25_15b,714,msc_valid,22,longllmlingua,0.35,46,2.7717391304347827,127.5,2.847826086956522,131.0,-0.07608695652173925,-3.5
qwen25_15b,714,msc_valid,22,recency,0.35,46,2.9347826086956523,135.0,2.847826086956522,131.0,0.08695652173913038,4.0
qwen25_15b,714,msc_valid,22,lexical_tfidf,0.35,46,2.9347826086956523,135.0,2.847826086956522,131.0,0.08695652173913038,4.0
qwen25_15b,714,msc_valid,22,recency_keep_compress_drop,0.35,46,2.9782608695652173,137.0,2.847826086956522,131.0,0.13043478260869534,6.0
qwen25_15b,714,msc_valid,22,uniform,0.5,46,2.891304347826087,133.0,2.847826086956522,131.0,0.043478260869564966,2.0
qwen25_15b,714,msc_valid,22,longllmlingua,0.5,46,2.782608695652174,128.0,2.847826086956522,131.0,-0.06521739130434812,-3.0
qwen25_15b,714,msc_valid,22,recency,0.5,46,2.9347826086956523,135.0,2.847826086956522,131.0,0.08695652173913038,4.0
qwen25_15b,714,msc_valid,22,lexical_tfidf,0.5,46,2.9565217391304346,136.0,2.847826086956522,131.0,0.10869565217391264,5.0
qwen25_15b,714,msc_valid,22,recency_keep_compress_drop,0.5,46,2.9565217391304346,136.0,2.847826086956522,131.0,0.10869565217391264,5.0
qwen25_15b,714,msc_valid,26,uniform,0.2,29,3.206896551724138,93.0,3.0344827586206895,88.0,0.1724137931034484,5.0
qwen25_15b,714,msc_valid,26,longllmlingua,0.2,29,3.0,87.0,3.0344827586206895,88.0,-0.0344827586206895,-1.0
qwen25_15b,714,msc_valid,26,recency,0.2,29,3.189655172413793,92.5,3.0344827586206895,88.0,0.15517241379310365,4.5
qwen25_15b,714,msc_valid,26,lexical_tfidf,0.2,29,3.1379310344827585,91.0,3.0344827586206895,88.0,0.10344827586206895,3.0
qwen25_15b,714,msc_valid,26,recency_keep_compress_drop,0.2,29,3.0172413793103448,87.5,3.0344827586206895,88.0,-0.01724137931034475,-0.5
qwen25_15b,714,msc_valid,26,uniform,0.35,29,3.1724137931034484,92.0,3.0344827586206895,88.0,0.1379310344827589,4.0
qwen25_15b,714,msc_valid,26,longllmlingua,0.35,29,2.9310344827586206,85.0,3.0344827586206895,88.0,-0.10344827586206895,-3.0
qwen25_15b,714,msc_valid,26,recency,0.35,29,2.9827586206896552,86.5,3.0344827586206895,88.0,-0.05172413793103425,-1.5
qwen25_15b,714,msc_valid,26,lexical_tfidf,0.35,29,3.086206896551724,89.5,3.0344827586206895,88.0,0.0517241379310347,1.5
qwen25_15b,714,msc_valid,26,recency_keep_compress_drop,0.35,29,3.0517241379310347,88.5,3.0344827586206895,88.0,0.017241379310345195,0.5
qwen25_15b,714,msc_valid,26,uniform,0.5,29,3.1551724137931036,91.5,3.0344827586206895,88.0,0.12068965517241415,3.5
qwen25_15b,714,msc_valid,26,longllmlingua,0.5,29,2.8448275862068964,82.5,3.0344827586206895,88.0,-0.18965517241379315,-5.5
qwen25_15b,714,msc_valid,26,recency,0.5,29,2.9310344827586206,85.0,3.0344827586206895,88.0,-0.10344827586206895,-3.0
qwen25_15b,714,msc_valid,26,lexical_tfidf,0.5,29,3.0689655172413794,89.0,3.0344827586206895,88.0,0.034482758620689946,1.0
qwen25_15b,714,msc_valid,26,recency_keep_compress_drop,0.5,29,2.9827586206896552,86.5,3.0344827586206895,88.0,-0.05172413793103425,-1.5
qwen25_15b,714,msc_valid,30,uniform,0.2,62,2.7419354838709675,170.0,2.7580645161290325,171.0,-0.016129032258064946,-1.0
qwen25_15b,714,msc_valid,30,longllmlingua,0.2,62,2.6774193548387095,166.0,2.7580645161290325,171.0,-0.08064516129032295,-5.0
qwen25_15b,714,msc_valid,30,recency,0.2,62,2.693548387096774,167.0,2.7580645161290325,171.0,-0.06451612903225845,-4.0
qwen25_15b,714,msc_valid,30,lexical_tfidf,0.2,62,2.629032258064516,163.0,2.7580645161290325,171.0,-0.12903225806451646,-8.0
qwen25_15b,714,msc_valid,30,recency_keep_compress_drop,0.2,62,2.6451612903225805,164.0,2.7580645161290325,171.0,-0.11290322580645196,-7.0
qwen25_15b,714,msc_valid,30,uniform,0.35,62,2.725806451612903,169.0,2.7580645161290325,171.0,-0.03225806451612945,-2.0
qwen25_15b,714,msc_valid,30,longllmlingua,0.35,62,2.6129032258064515,162.0,2.7580645161290325,171.0,-0.14516129032258096,-9.0
qwen25_15b,714,msc_valid,30,recency,0.35,62,2.6129032258064515,162.0,2.7580645161290325,171.0,-0.14516129032258096,-9.0
qwen25_15b,714,msc_valid,30,lexical_tfidf,0.35,62,2.7096774193548385,168.0,2.7580645161290325,171.0,-0.04838709677419395,-3.0
qwen25_15b,714,msc_valid,30,recency_keep_compress_drop,0.35,62,2.596774193548387,161.0,2.7580645161290325,171.0,-0.16129032258064546,-10.0
qwen25_15b,714,msc_valid,30,uniform,0.5,62,2.661290322580645,165.0,2.7580645161290325,171.0,-0.09677419354838745,-6.0
qwen25_15b,714,msc_valid,30,longllmlingua,0.5,62,2.5806451612903225,160.0,2.7580645161290325,171.0,-0.17741935483870996,-11.0
qwen25_15b,714,msc_valid,30,recency,0.5,62,2.5806451612903225,160.0,2.7580645161290325,171.0,-0.17741935483870996,-11.0
qwen25_15b,714,msc_valid,30,lexical_tfidf,0.5,62,2.661290322580645,165.0,2.7580645161290325,171.0,-0.09677419354838745,-6.0
qwen25_15b,714,msc_valid,30,recency_keep_compress_drop,0.5,62,2.596774193548387,161.0,2.7580645161290325,171.0,-0.16129032258064546,-10.0
qwen25_15b,714,msc_valid,34,uniform,0.2,45,2.5,112.5,0.0,0.0,2.5,112.5
qwen25_15b,714,msc_valid,34,longllmlingua,0.2,45,2.6444444444444444,119.0,0.0,0.0,2.6444444444444444,119.0
qwen25_15b,714,msc_valid,34,recency,0.2,45,2.588888888888889,116.5,0.0,0.0,2.588888888888889,116.5
qwen25_15b,714,msc_valid,34,lexical_tfidf,0.2,45,2.566666666666667,115.5,0.0,0.0,2.566666666666667,115.5
qwen25_15b,714,msc_valid,34,recency_keep_compress_drop,0.2,45,2.6,117.0,0.0,0.0,2.6,117.0
qwen25_15b,714,msc_valid,34,uniform,0.35,45,2.5,112.5,0.0,0.0,2.5,112.5
qwen25_15b,714,msc_valid,34,longllmlingua,0.35,45,2.6666666666666665,120.0,0.0,0.0,2.6666666666666665,120.0
qwen25_15b,714,msc_valid,34,recency,0.35,45,2.5555555555555554,115.0,0.0,0.0,2.5555555555555554,115.0
qwen25_15b,714,msc_valid,34,lexical_tfidf,0.35,45,2.5444444444444443,114.5,0.0,0.0,2.5444444444444443,114.5
qwen25_15b,714,msc_valid,34,recency_keep_compress_drop,0.35,45,2.6,117.0,0.0,0.0,2.6,117.0
qwen25_15b,714,msc_valid,34,uniform,0.5,45,2.522222222222222,113.5,0.0,0.0,2.522222222222222,113.5
qwen25_15b,714,msc_valid,34,longllmlingua,0.5,45,2.6222222222222222,118.0,0.0,0.0,2.6222222222222222,118.0
qwen25_15b,714,msc_valid,34,recency,0.5,45,2.566666666666667,115.5,0.0,0.0,2.566666666666667,115.5
qwen25_15b,714,msc_valid,34,lexical_tfidf,0.5,45,2.511111111111111,113.0,0.0,0.0,2.511111111111111,113.0
qwen25_15b,714,msc_valid,34,recency_keep_compress_drop,0.5,45,2.577777777777778,116.0,0.0,0.0,2.577777777777778,116.0
qwen25_15b,714,msc_valid,38,uniform,0.2,21,2.0357142857142856,42.75,0.0,0.0,2.0357142857142856,42.75
qwen25_15b,714,msc_valid,38,longllmlingua,0.2,21,2.2142857142857144,46.5,0.0,0.0,2.2142857142857144,46.5
qwen25_15b,714,msc_valid,38,recency,0.2,21,1.9404761904761905,40.75,0.0,0.0,1.9404761904761905,40.75
qwen25_15b,714,msc_valid,38,lexical_tfidf,0.2,21,2.0714285714285716,43.5,0.0,0.0,2.0714285714285716,43.5
qwen25_15b,714,msc_valid,38,recency_keep_compress_drop,0.2,21,2.0595238095238093,43.25,0.0,0.0,2.0595238095238093,43.25
qwen25_15b,714,msc_valid,38,uniform,0.35,21,1.9642857142857142,41.25,0.0,0.0,1.9642857142857142,41.25
qwen25_15b,714,msc_valid,38,longllmlingua,0.35,21,2.1666666666666665,45.5,0.0,0.0,2.1666666666666665,45.5
qwen25_15b,714,msc_valid,38,recency,0.35,21,1.9285714285714286,40.5,0.0,0.0,1.9285714285714286,40.5
qwen25_15b,714,msc_valid,38,lexical_tfidf,0.35,21,1.9642857142857142,41.25,0.0,0.0,1.9642857142857142,41.25
qwen25_15b,714,msc_valid,38,recency_keep_compress_drop,0.35,21,2.0238095238095237,42.5,0.0,0.0,2.0238095238095237,42.5
qwen25_15b,714,msc_valid,38,uniform,0.5,21,1.9761904761904763,41.5,0.0,0.0,1.9761904761904763,41.5
qwen25_15b,714,msc_valid,38,longllmlingua,0.5,21,1.9404761904761905,40.75,0.0,0.0,1.9404761904761905,40.75
qwen25_15b,714,msc_valid,38,recency,0.5,21,1.8571428571428572,39.0,0.0,0.0,1.8571428571428572,39.0
qwen25_15b,714,msc_valid,38,lexical_tfidf,0.5,21,1.9047619047619047,40.0,0.0,0.0,1.9047619047619047,40.0
qwen25_15b,714,msc_valid,38,recency_keep_compress_drop,0.5,21,1.869047619047619,39.25,0.0,0.0,1.869047619047619,39.25
qwen25_15b,714,msc_valid,42,uniform,0.2,33,2.272727272727273,75.0,0.0,0.0,2.272727272727273,75.0
qwen25_15b,714,msc_valid,42,longllmlingua,0.2,33,2.242424242424242,74.0,0.0,0.0,2.242424242424242,74.0
qwen25_15b,714,msc_valid,42,recency,0.2,33,2.287878787878788,75.5,0.0,0.0,2.287878787878788,75.5
qwen25_15b,714,msc_valid,42,lexical_tfidf,0.2,33,2.227272727272727,73.5,0.0,0.0,2.227272727272727,73.5
qwen25_15b,714,msc_valid,42,recency_keep_compress_drop,0.2,33,2.3181818181818183,76.5,0.0,0.0,2.3181818181818183,76.5
qwen25_15b,714,msc_valid,42,uniform,0.35,33,2.242424242424242,74.0,0.0,0.0,2.242424242424242,74.0
qwen25_15b,714,msc_valid,42,longllmlingua,0.35,33,2.257575757575758,74.5,0.0,0.0,2.257575757575758,74.5
qwen25_15b,714,msc_valid,42,recency,0.35,33,2.287878787878788,75.5,0.0,0.0,2.287878787878788,75.5
qwen25_15b,714,msc_valid,42,lexical_tfidf,0.35,33,2.212121212121212,73.0,0.0,0.0,2.212121212121212,73.0
qwen25_15b,714,msc_valid,42,recency_keep_compress_drop,0.35,33,2.242424242424242,74.0,0.0,0.0,2.242424242424242,74.0
qwen25_15b,714,msc_valid,42,uniform,0.5,33,2.212121212121212,73.0,0.0,0.0,2.212121212121212,73.0
qwen25_15b,714,msc_valid,42,longllmlingua,0.5,33,2.1818181818181817,72.0,0.0,0.0,2.1818181818181817,72.0
qwen25_15b,714,msc_valid,42,recency,0.5,33,2.272727272727273,75.0,0.0,0.0,2.272727272727273,75.0
qwen25_15b,714,msc_valid,42,lexical_tfidf,0.5,33,2.242424242424242,74.0,0.0,0.0,2.242424242424242,74.0
qwen25_15b,714,msc_valid,42,recency_keep_compress_drop,0.5,33,2.212121212121212,73.0,0.0,0.0,2.212121212121212,73.0
qwen25_15b,714,msc_valid,46,uniform,0.2,47,1.7659574468085106,83.0,0.0,0.0,1.7659574468085106,83.0
qwen25_15b,714,msc_valid,46,longllmlingua,0.2,47,1.9574468085106382,92.0,0.0,0.0,1.9574468085106382,92.0
qwen25_15b,714,msc_valid,46,recency,0.2,47,1.7127659574468086,80.5,0.0,0.0,1.7127659574468086,80.5
qwen25_15b,714,msc_valid,46,lexical_tfidf,0.2,47,1.6914893617021276,79.5,0.0,0.0,1.6914893617021276,79.5
qwen25_15b,714,msc_valid,46,recency_keep_compress_drop,0.2,47,1.6914893617021276,79.5,0.0,0.0,1.6914893617021276,79.5
qwen25_15b,714,msc_valid,46,uniform,0.35,47,1.9574468085106382,92.0,0.0,0.0,1.9574468085106382,92.0
qwen25_15b,714,msc_valid,46,longllmlingua,0.35,47,1.946808510638298,91.5,0.0,0.0,1.946808510638298,91.5
qwen25_15b,714,msc_valid,46,recency,0.35,47,1.7127659574468086,80.5,0.0,0.0,1.7127659574468086,80.5
qwen25_15b,714,msc_valid,46,lexical_tfidf,0.35,47,1.6914893617021276,79.5,0.0,0.0,1.6914893617021276,79.5
qwen25_15b,714,msc_valid,46,recency_keep_compress_drop,0.35,47,1.6595744680851063,78.0,0.0,0.0,1.6595744680851063,78.0
qwen25_15b,714,msc_valid,46,uniform,0.5,47,1.8617021276595744,87.5,0.0,0.0,1.8617021276595744,87.5
qwen25_15b,714,msc_valid,46,longllmlingua,0.5,47,1.9361702127659575,91.0,0.0,0.0,1.9361702127659575,91.0
qwen25_15b,714,msc_valid,46,recency,0.5,0,0.0,0.0,0.0,0.0,0.0,0.0
qwen25_15b,714,msc_valid,46,lexical_tfidf,0.5,0,0.0,0.0,0.0,0.0,0.0,0.0
qwen25_15b,714,msc_valid,46,recency_keep_compress_drop,0.5,0,0.0,0.0,0.0,0.0,0.0,0.0
qwen25_15b,714,msc_valid,48,uniform,0.2,62,2.3225806451612905,144.0,0.0,0.0,2.3225806451612905,144.0
qwen25_15b,714,msc_valid,48,longllmlingua,0.2,62,2.403225806451613,149.0,0.0,0.0,2.403225806451613,149.0
qwen25_15b,714,msc_valid,48,recency,0.2,62,2.2580645161290325,140.0,0.0,0.0,2.2580645161290325,140.0
qwen25_15b,714,msc_valid,48,lexical_tfidf,0.2,62,2.274193548387097,141.0,0.0,0.0,2.274193548387097,141.0
qwen25_15b,714,msc_valid,48,recency_keep_compress_drop,0.2,62,2.274193548387097,141.0,0.0,0.0,2.274193548387097,141.0
qwen25_15b,714,msc_valid,48,uniform,0.35,62,2.338709677419355,145.0,0.0,0.0,2.338709677419355,145.0
qwen25_15b,714,msc_valid,48,longllmlingua,0.35,62,2.4193548387096775,150.0,0.0,0.0,2.4193548387096775,150.0
qwen25_15b,714,msc_valid,48,recency,0.35,0,0.0,0.0,0.0,0.0,0.0,0.0
qwen25_15b,714,msc_valid,48,lexical_tfidf,0.35,0,0.0,0.0,0.0,0.0,0.0,0.0
qwen25_15b,714,msc_valid,48,recency_keep_compress_drop,0.35,7,2.232142857142857,15.625,0.0,0.0,2.232142857142857,15.625
qwen25_15b,714,msc_valid,48,uniform,0.5,62,2.3225806451612905,144.0,0.0,0.0,2.3225806451612905,144.0
qwen25_15b,714,msc_valid,48,longllmlingua,0.5,62,2.3225806451612905,144.0,0.0,0.0,2.3225806451612905,144.0
qwen25_15b,714,msc_valid,48,recency,0.5,0,0.0,0.0,0.0,0.0,0.0,0.0
qwen25_15b,714,msc_valid,48,lexical_tfidf,0.5,0,0.0,0.0,0.0,0.0,0.0,0.0
qwen25_15b,714,msc_valid,48,recency_keep_compress_drop,0.5,0,0.0,0.0,0.0,0.0,0.0,0.0
qwen25_15b,714,msc_valid,52,uniform,0.2,57,1.9824561403508771,113.0,0.0,0.0,1.9824561403508771,113.0
qwen25_15b,714,msc_valid,52,longllmlingua,0.2,57,1.9912280701754386,113.5,0.0,0.0,1.9912280701754386,113.5
qwen25_15b,714,msc_valid,52,recency,0.2,8,2.953125,23.625,0.0,0.0,2.953125,23.625
qwen25_15b,714,msc_valid,52,lexical_tfidf,0.2,8,3.140625,25.125,0.0,0.0,3.140625,25.125
qwen25_15b,714,msc_valid,52,recency_keep_compress_drop,0.2,4,3.40625,13.625,0.0,0.0,3.40625,13.625
qwen25_15b,714,msc_valid,52,uniform,0.35,57,1.9298245614035088,110.0,0.0,0.0,1.9298245614035088,110.0
qwen25_15b,714,msc_valid,52,longllmlingua,0.35,57,1.9824561403508771,113.0,0.0,0.0,1.9824561403508771,113.0
qwen25_15b,714,msc_valid,52,recency,0.35,0,0.0,0.0,0.0,0.0,0.0,0.0
qwen25_15b,714,msc_valid,52,lexical_tfidf,0.35,0,0.0,0.0,0.0,0.0,0.0,0.0
qwen25_15b,714,msc_valid,52,recency_keep_compress_drop,0.35,0,0.0,0.0,0.0,0.0,0.0,0.0
qwen25_15b,714,msc_valid,52,uniform,0.5,57,1.9385964912280702,110.5,0.0,0.0,1.9385964912280702,110.5
qwen25_15b,714,msc_valid,52,longllmlingua,0.5,57,2.0,114.0,0.0,0.0,2.0,114.0
qwen25_15b,714,msc_valid,52,recency,0.5,0,0.0,0.0,0.0,0.0,0.0,0.0
qwen25_15b,714,msc_valid,52,lexical_tfidf,0.5,0,0.0,0.0,0.0,0.0,0.0,0.0
qwen25_15b,714,msc_valid,52,recency_keep_compress_drop,0.5,0,0.0,0.0,0.0,0.0,0.0,0.0
qwen25_15b,714,msc_valid,56,uniform,0.2,28,2.3035714285714284,64.5,0.0,0.0,2.3035714285714284,64.5
qwen25_15b,714,msc_valid,56,longllmlingua,0.2,28,2.375,66.5,0.0,0.0,2.375,66.5
qwen25_15b,714,msc_valid,56,recency,0.2,0,0.0,0.0,0.0,0.0,0.0,0.0
qwen25_15b,714,msc_valid,56,lexical_tfidf,0.2,0,0.0,0.0,0.0,0.0,0.0,0.0
qwen25_15b,714,msc_valid,56,recency_keep_compress_drop,0.2,0,0.0,0.0,0.0,0.0,0.0,0.0
qwen25_15b,714,msc_valid,56,uniform,0.35,28,2.232142857142857,62.5,0.0,0.0,2.232142857142857,62.5
qwen25_15b,714,msc_valid,56,longllmlingua,0.35,28,2.375,66.5,0.0,0.0,2.375,66.5
qwen25_15b,714,msc_valid,56,recency,0.35,0,0.0,0.0,0.0,0.0,0.0,0.0
qwen25_15b,714,msc_valid,56,lexical_tfidf,0.35,0,0.0,0.0,0.0,0.0,0.0,0.0
qwen25_15b,714,msc_valid,56,recency_keep_compress_drop,0.35,0,0.0,0.0,0.0,0.0,0.0,0.0
qwen25_15b,714,msc_valid,56,uniform,0.5,28,2.3392857142857144,65.5,0.0,0.0,2.3392857142857144,65.5
qwen25_15b,714,msc_valid,56,longllmlingua,0.5,28,2.3214285714285716,65.0,0.0,0.0,2.3214285714285716,65.0
qwen25_15b,714,msc_valid,56,recency,0.5,0,0.0,0.0,0.0,0.0,0.0,0.0
qwen25_15b,714,msc_valid,56,lexical_tfidf,0.5,0,0.0,0.0,0.0,0.0,0.0,0.0
qwen25_15b,714,msc_valid,56,recency_keep_compress_drop,0.5,0,0.0,0.0,0.0,0.0,0.0,0.0
qwen25_15b,714,msc_valid,60,uniform,0.2,37,2.027027027027027,75.0,0.0,0.0,2.027027027027027,75.0
qwen25_15b,714,msc_valid,60,longllmlingua,0.2,37,2.2162162162162162,82.0,0.0,0.0,2.2162162162162162,82.0
qwen25_15b,714,msc_valid,60,recency,0.2,0,0.0,0.0,0.0,0.0,0.0,0.0
qwen25_15b,714,msc_valid,60,lexical_tfidf,0.2,0,0.0,0.0,0.0,0.0,0.0,0.0
qwen25_15b,714,msc_valid,60,recency_keep_compress_drop,0.2,0,0.0,0.0,0.0,0.0,0.0,0.0
qwen25_15b,714,msc_valid,60,uniform,0.35,37,1.9864864864864864,73.5,0.0,0.0,1.9864864864864864,73.5
qwen25_15b,714,msc_valid,60,longllmlingua,0.35,37,2.135135135135135,79.0,0.0,0.0,2.135135135135135,79.0
qwen25_15b,714,msc_valid,60,recency,0.35,0,0.0,0.0,0.0,0.0,0.0,0.0
qwen25_15b,714,msc_valid,60,lexical_tfidf,0.35,0,0.0,0.0,0.0,0.0,0.0,0.0
qwen25_15b,714,msc_valid,60,recency_keep_compress_drop,0.35,0,0.0,0.0,0.0,0.0,0.0,0.0
qwen25_15b,714,msc_valid,60,uniform,0.5,37,1.945945945945946,72.0,0.0,0.0,1.945945945945946,72.0
qwen25_15b,714,msc_valid,60,longllmlingua,0.5,37,2.0675675675675675,76.5,0.0,0.0,2.0675675675675675,76.5
qwen25_15b,714,msc_valid,60,recency,0.5,0,0.0,0.0,0.0,0.0,0.0,0.0
qwen25_15b,714,msc_valid,60,lexical_tfidf,0.5,0,0.0,0.0,0.0,0.0,0.0,0.0
qwen25_15b,714,msc_valid,60,recency_keep_compress_drop,0.5,0,0.0,0.0,0.0,0.0,0.0,0.0
qwen25_15b,718,msc_valid,4,uniform,0.2,19,2.8947368421052633,55.0,2.8552631578947367,54.25,0.03947368421052655,0.75
qwen25_15b,718,msc_valid,4,longllmlingua,0.2,19,2.6842105263157894,51.0,2.8552631578947367,54.25,-0.17105263157894735,-3.25
qwen25_15b,718,msc_valid,4,recency,0.2,19,2.8947368421052633,55.0,2.8552631578947367,54.25,0.03947368421052655,0.75
qwen25_15b,718,msc_valid,4,lexical_tfidf,0.2,19,2.8947368421052633,55.0,2.8552631578947367,54.25,0.03947368421052655,0.75
qwen25_15b,718,msc_valid,4,recency_keep_compress_drop,0.2,19,2.8947368421052633,55.0,2.8552631578947367,54.25,0.03947368421052655,0.75
qwen25_15b,718,msc_valid,4,uniform,0.35,19,2.8947368421052633,55.0,2.8552631578947367,54.25,0.03947368421052655,0.75
qwen25_15b,718,msc_valid,4,longllmlingua,0.35,19,2.710526315789474,51.5,2.8552631578947367,54.25,-0.14473684210526283,-2.75
qwen25_15b,718,msc_valid,4,recency,0.35,19,2.8947368421052633,55.0,2.8552631578947367,54.25,0.03947368421052655,0.75
qwen25_15b,718,msc_valid,4,lexical_tfidf,0.35,19,2.8947368421052633,55.0,2.8552631578947367,54.25,0.03947368421052655,0.75
qwen25_15b,718,msc_valid,4,recency_keep_compress_drop,0.35,19,2.8947368421052633,55.0,2.8552631578947367,54.25,0.03947368421052655,0.75
qwen25_15b,718,msc_valid,4,uniform,0.5,19,2.8026315789473686,53.25,2.8552631578947367,54.25,-0.05263157894736814,-1.0
qwen25_15b,718,msc_valid,4,longllmlingua,0.5,19,2.6842105263157894,51.0,2.8552631578947367,54.25,-0.17105263157894735,-3.25
qwen25_15b,718,msc_valid,4,recency,0.5,19,2.8026315789473686,53.25,2.8552631578947367,54.25,-0.05263157894736814,-1.0
qwen25_15b,718,msc_valid,4,lexical_tfidf,0.5,19,2.8026315789473686,53.25,2.8552631578947367,54.25,-0.05263157894736814,-1.0
qwen25_15b,718,msc_valid,4,recency_keep_compress_drop,0.5,19,2.8026315789473686,53.25,2.8552631578947367,54.25,-0.05263157894736814,-1.0
qwen25_15b,718,msc_valid,6,uniform,0.2,19,2.960526315789474,56.25,2.8421052631578947,54.0,0.1184210526315792,2.25
qwen25_15b,718,msc_valid,6,longllmlingua,0.2,19,2.8157894736842106,53.5,2.8421052631578947,54.0,-0.02631578947368407,-0.5
qwen25_15b,718,msc_valid,6,recency,0.2,19,2.960526315789474,56.25,2.8421052631578947,54.0,0.1184210526315792,2.25
qwen25_15b,718,msc_valid,6,lexical_tfidf,0.2,19,2.960526315789474,56.25,2.8421052631578947,54.0,0.1184210526315792,2.25
qwen25_15b,718,msc_valid,6,recency_keep_compress_drop,0.2,19,2.960526315789474,56.25,2.8421052631578947,54.0,0.1184210526315792,2.25
qwen25_15b,718,msc_valid,6,uniform,0.35,19,3.0657894736842106,58.25,2.8421052631578947,54.0,0.22368421052631593,4.25
qwen25_15b,718,msc_valid,6,longllmlingua,0.35,19,2.8684210526315788,54.5,2.8421052631578947,54.0,0.02631578947368407,0.5
qwen25_15b,718,msc_valid,6,recency,0.35,19,2.960526315789474,56.25,2.8421052631578947,54.0,0.1184210526315792,2.25
qwen25_15b,718,msc_valid,6,lexical_tfidf,0.35,19,2.8815789473684212,54.75,2.8421052631578947,54.0,0.03947368421052655,0.75
qwen25_15b,718,msc_valid,6,recency_keep_compress_drop,0.35,19,2.960526315789474,56.25,2.8421052631578947,54.0,0.1184210526315792,2.25
qwen25_15b,718,msc_valid,6,uniform,0.5,19,3.0657894736842106,58.25,2.8421052631578947,54.0,0.22368421052631593,4.25
qwen25_15b,718,msc_valid,6,longllmlingua,0.5,19,2.8815789473684212,54.75,2.8421052631578947,54.0,0.03947368421052655,0.75
qwen25_15b,718,msc_valid,6,recency,0.5,19,2.789473684210526,53.0,2.8421052631578947,54.0,-0.052631578947368585,-1.0
qwen25_15b,718,msc_valid,6,lexical_tfidf,0.5,19,2.8947368421052633,55.0,2.8421052631578947,54.0,0.052631578947368585,1.0
qwen25_15b,718,msc_valid,6,recency_keep_compress_drop,0.5,19,2.776315789473684,52.75,2.8421052631578947,54.0,-0.06578947368421062,-1.25
qwen25_15b,718,msc_valid,8,uniform,0.2,18,3.4583333333333335,62.25,3.013888888888889,54.25,0.44444444444444464,8.0
qwen25_15b,718,msc_valid,8,longllmlingua,0.2,18,3.486111111111111,62.75,3.013888888888889,54.25,0.4722222222222223,8.5
qwen25_15b,718,msc_valid,8,recency,0.2,18,3.388888888888889,61.0,3.013888888888889,54.25,0.375,6.75
qwen25_15b,718,msc_valid,8,lexical_tfidf,0.2,18,3.4583333333333335,62.25,3.013888888888889,54.25,0.44444444444444464,8.0
qwen25_15b,718,msc_valid,8,recency_keep_compress_drop,0.2,18,3.388888888888889,61.0,3.013888888888889,54.25,0.375,6.75
qwen25_15b,718,msc_valid,8,uniform,0.35,18,3.4583333333333335,62.25,3.013888888888889,54.25,0.44444444444444464,8.0
qwen25_15b,718,msc_valid,8,longllmlingua,0.35,18,3.5,63.0,3.013888888888889,54.25,0.48611111111111116,8.75
qwen25_15b,718,msc_valid,8,recency,0.35,18,3.25,58.5,3.013888888888889,54.25,0.23611111111111116,4.25
qwen25_15b,718,msc_valid,8,lexical_tfidf,0.35,18,3.4583333333333335,62.25,3.013888888888889,54.25,0.44444444444444464,8.0
qwen25_15b,718,msc_valid,8,recency_keep_compress_drop,0.35,18,3.2916666666666665,59.25,3.013888888888889,54.25,0.2777777777777777,5.0
qwen25_15b,718,msc_valid,8,uniform,0.5,18,3.3194444444444446,59.75,3.013888888888889,54.25,0.3055555555555558,5.5
qwen25_15b,718,msc_valid,8,longllmlingua,0.5,18,3.4444444444444446,62.0,3.013888888888889,54.25,0.4305555555555558,7.75
qwen25_15b,718,msc_valid,8,recency,0.5,18,3.1527777777777777,56.75,3.013888888888889,54.25,0.13888888888888884,2.5
qwen25_15b,718,msc_valid,8,lexical_tfidf,0.5,18,3.3194444444444446,59.75,3.013888888888889,54.25,0.3055555555555558,5.5
qwen25_15b,718,msc_valid,8,recency_keep_compress_drop,0.5,18,3.111111111111111,56.0,3.013888888888889,54.25,0.09722222222222232,1.75
qwen25_15b,718,msc_valid,10,uniform,0.2,14,3.5,49.0,1.9553571428571428,27.375,1.5446428571428572,21.625
qwen25_15b,718,msc_valid,10,longllmlingua,0.2,14,2.482142857142857,34.75,1.9553571428571428,27.375,0.5267857142857144,7.375
qwen25_15b,718,msc_valid,10,recency,0.2,14,3.1607142857142856,44.25,1.9553571428571428,27.375,1.2053571428571428,16.875
qwen25_15b,718,msc_valid,10,lexical_tfidf,0.2,14,3.2142857142857144,45.0,1.9553571428571428,27.375,1.2589285714285716,17.625
qwen25_15b,718,msc_valid,10,recency_keep_compress_drop,0.2,14,3.1607142857142856,44.25,1.9553571428571428,27.375,1.2053571428571428,16.875
qwen25_15b,718,msc_valid,10,uniform,0.35,14,3.8392857142857144,53.75,1.9553571428571428,27.375,1.8839285714285716,26.375
qwen25_15b,718,msc_valid,10,longllmlingua,0.35,14,2.232142857142857,31.25,1.9553571428571428,27.375,0.2767857142857144,3.875
qwen25_15b,718,msc_valid,10,recency,0.35,14,2.3035714285714284,32.25,1.9553571428571428,27.375,0.3482142857142856,4.875
qwen25_15b,718,msc_valid,10,lexical_tfidf,0.35,14,2.1964285714285716,30.75,1.9553571428571428,27.375,0.24107142857142883,3.375
qwen25_15b,718,msc_valid,10,recency_keep_compress_drop,0.35,14,2.375,33.25,1.9553571428571428,27.375,0.4196428571428572,5.875
qwen25_15b,718,msc_valid,10,uniform,0.5,14,3.267857142857143,45.75,1.9553571428571428,27.375,1.3125,18.375
qwen25_15b,718,msc_valid,10,longllmlingua,0.5,14,2.3214285714285716,32.5,1.9553571428571428,27.375,0.3660714285714288,5.125
qwen25_15b,718,msc_valid,10,recency,0.5,14,2.125,29.75,1.9553571428571428,27.375,0.1696428571428572,2.375
qwen25_15b,718,msc_valid,10,lexical_tfidf,0.5,14,2.3035714285714284,32.25,1.9553571428571428,27.375,0.3482142857142856,4.875
qwen25_15b,718,msc_valid,10,recency_keep_compress_drop,0.5,14,2.4642857142857144,34.5,1.9553571428571428,27.375,0.5089285714285716,7.125
qwen25_15b,718,msc_valid,12,uniform,0.2,18,2.7916666666666665,50.25,2.138888888888889,38.5,0.6527777777777777,11.75
qwen25_15b,718,msc_valid,12,longllmlingua,0.2,18,2.5,45.0,2.138888888888889,38.5,0.36111111111111116,6.5
qwen25_15b,718,msc_valid,12,recency,0.2,18,2.625,47.25,2.138888888888889,38.5,0.48611111111111116,8.75
qwen25_15b,718,msc_valid,12,lexical_tfidf,0.2,18,2.638888888888889,47.5,2.138888888888889,38.5,0.5,9.0
qwen25_15b,718,msc_valid,12,recency_keep_compress_drop,0.2,18,2.5555555555555554,46.0,2.138888888888889,38.5,0.4166666666666665,7.5
qwen25_15b,718,msc_valid,12,uniform,0.35,18,2.7083333333333335,48.75,2.138888888888889,38.5,0.5694444444444446,10.25
qwen25_15b,718,msc_valid,12,longllmlingua,0.35,18,2.3055555555555554,41.5,2.138888888888889,38.5,0.16666666666666652,3.0
qwen25_15b,718,msc_valid,12,recency,0.35,18,2.486111111111111,44.75,2.138888888888889,38.5,0.3472222222222223,6.25
qwen25_15b,718,msc_valid,12,lexical_tfidf,0.35,18,2.736111111111111,49.25,2.138888888888889,38.5,0.5972222222222223,10.75
qwen25_15b,718,msc_valid,12,recency_keep_compress_drop,0.35,18,2.5555555555555554,46.0,2.138888888888889,38.5,0.4166666666666665,7.5
qwen25_15b,718,msc_valid,12,uniform,0.5,18,2.5972222222222223,46.75,2.138888888888889,38.5,0.4583333333333335,8.25
qwen25_15b,718,msc_valid,12,longllmlingua,0.5,18,2.263888888888889,40.75,2.138888888888889,38.5,0.125,2.25
qwen25_15b,718,msc_valid,12,recency,0.5,18,2.5,45.0,2.138888888888889,38.5,0.36111111111111116,6.5
qwen25_15b,718,msc_valid,12,lexical_tfidf,0.5,18,2.5694444444444446,46.25,2.138888888888889,38.5,0.4305555555555558,7.75
qwen25_15b,718,msc_valid,12,recency_keep_compress_drop,0.5,18,2.388888888888889,43.0,2.138888888888889,38.5,0.25,4.5
qwen25_15b,718,msc_valid,14,uniform,0.2,15,2.5,37.5,2.2,33.0,0.2999999999999998,4.5
qwen25_15b,718,msc_valid,14,longllmlingua,0.2,15,2.2666666666666666,34.0,2.2,33.0,0.06666666666666643,1.0
qwen25_15b,718,msc_valid,14,recency,0.2,15,2.316666666666667,34.75,2.2,33.0,0.1166666666666667,1.75
qwen25_15b,718,msc_valid,14,lexical_tfidf,0.2,15,2.6333333333333333,39.5,2.2,33.0,0.4333333333333331,6.5
qwen25_15b,718,msc_valid,14,recency_keep_compress_drop,0.2,15,2.3833333333333333,35.75,2.2,33.0,0.18333333333333313,2.75
qwen25_15b,718,msc_valid,14,uniform,0.35,15,2.7,40.5,2.2,33.0,0.5,7.5
qwen25_15b,718,msc_valid,14,longllmlingua,0.35,15,2.3333333333333335,35.0,2.2,33.0,0.1333333333333333,2.0
qwen25_15b,718,msc_valid,14,recency,0.35,15,2.3,34.5,2.2,33.0,0.09999999999999964,1.5
qwen25_15b,718,msc_valid,14,lexical_tfidf,0.35,15,2.566666666666667,38.5,2.2,33.0,0.3666666666666667,5.5
qwen25_15b,718,msc_valid,14,recency_keep_compress_drop,0.35,15,2.5166666666666666,37.75,2.2,33.0,0.31666666666666643,4.75
qwen25_15b,718,msc_valid,14,uniform,0.5,15,2.683333333333333,40.25,2.2,33.0,0.48333333333333295,7.25
qwen25_15b,718,msc_valid,14,longllmlingua,0.5,15,2.3333333333333335,35.0,2.2,33.0,0.1333333333333333,2.0
qwen25_15b,718,msc_valid,14,recency,0.5,15,2.4,36.0,2.2,33.0,0.19999999999999973,3.0
qwen25_15b,718,msc_valid,14,lexical_tfidf,0.5,15,2.3666666666666667,35.5,2.2,33.0,0.16666666666666652,2.5
qwen25_15b,718,msc_valid,14,recency_keep_compress_drop,0.5,15,2.4166666666666665,36.25,2.2,33.0,0.21666666666666634,3.25
qwen25_15b,754,msc_valid,4,uniform,0.2,15,4.366666666666666,65.5,2.933333333333333,44.0,1.4333333333333331,21.5
qwen25_15b,754,msc_valid,4,longllmlingua,0.2,15,2.6166666666666667,39.25,2.933333333333333,44.0,-0.31666666666666643,-4.75
qwen25_15b,754,msc_valid,4,recency,0.2,15,4.366666666666666,65.5,2.933333333333333,44.0,1.4333333333333331,21.5
qwen25_15b,754,msc_valid,4,lexical_tfidf,0.2,15,4.366666666666666,65.5,2.933333333333333,44.0,1.4333333333333331,21.5
qwen25_15b,754,msc_valid,4,recency_keep_compress_drop,0.2,15,4.366666666666666,65.5,2.933333333333333,44.0,1.4333333333333331,21.5
qwen25_15b,754,msc_valid,4,uniform,0.35,15,3.466666666666667,52.0,2.933333333333333,44.0,0.5333333333333337,8.0
qwen25_15b,754,msc_valid,4,longllmlingua,0.35,15,2.8833333333333333,43.25,2.933333333333333,44.0,-0.04999999999999982,-0.75
qwen25_15b,754,msc_valid,4,recency,0.35,15,3.466666666666667,52.0,2.933333333333333,44.0,0.5333333333333337,8.0
qwen25_15b,754,msc_valid,4,lexical_tfidf,0.35,15,3.466666666666667,52.0,2.933333333333333,44.0,0.5333333333333337,8.0
qwen25_15b,754,msc_valid,4,recency_keep_compress_drop,0.35,15,3.466666666666667,52.0,2.933333333333333,44.0,0.5333333333333337,8.0
qwen25_15b,754,msc_valid,4,uniform,0.5,15,3.466666666666667,52.0,2.933333333333333,44.0,0.5333333333333337,8.0
qwen25_15b,754,msc_valid,4,longllmlingua,0.5,15,2.6333333333333333,39.5,2.933333333333333,44.0,-0.2999999999999998,-4.5
qwen25_15b,754,msc_valid,4,recency,0.5,15,3.466666666666667,52.0,2.933333333333333,44.0,0.5333333333333337,8.0
qwen25_15b,754,msc_valid,4,lexical_tfidf,0.5,15,3.466666666666667,52.0,2.933333333333333,44.0,0.5333333333333337,8.0
qwen25_15b,754,msc_valid,4,recency_keep_compress_drop,0.5,15,3.466666666666667,52.0,2.933333333333333,44.0,0.5333333333333337,8.0
qwen25_15b,754,msc_valid,6,uniform,0.2,10,3.275,32.75,2.8625,28.625,0.4125000000000001,4.125
qwen25_15b,754,msc_valid,6,longllmlingua,0.2,10,2.8,28.0,2.8625,28.625,-0.0625,-0.625
qwen25_15b,754,msc_valid,6,recency,0.2,10,3.375,33.75,2.8625,28.625,0.5125000000000002,5.125
qwen25_15b,754,msc_valid,6,lexical_tfidf,0.2,10,3.275,32.75,2.8625,28.625,0.4125000000000001,4.125
qwen25_15b,754,msc_valid,6,recency_keep_compress_drop,0.2,10,3.375,33.75,2.8625,28.625,0.5125000000000002,5.125
qwen25_15b,754,msc_valid,6,uniform,0.35,10,3.275,32.75,2.8625,28.625,0.4125000000000001,4.125
qwen25_15b,754,msc_valid,6,longllmlingua,0.35,10,2.7875,27.875,2.8625,28.625,-0.07499999999999973,-0.75
qwen25_15b,754,msc_valid,6,recency,0.35,10,3.375,33.75,2.8625,28.625,0.5125000000000002,5.125
qwen25_15b,754,msc_valid,6,lexical_tfidf,0.35,10,3.275,32.75,2.8625,28.625,0.4125000000000001,4.125
qwen25_15b,754,msc_valid,6,recency_keep_compress_drop,0.35,10,3.375,33.75,2.8625,28.625,0.5125000000000002,5.125
qwen25_15b,754,msc_valid,6,uniform,0.5,10,3.25,32.5,2.8625,28.625,0.3875000000000002,3.875
qwen25_15b,754,msc_valid,6,longllmlingua,0.5,10,2.675,26.75,2.8625,28.625,-0.1875,-1.875
qwen25_15b,754,msc_valid,6,recency,0.5,10,3.1625,31.625,2.8625,28.625,0.30000000000000027,3.0
qwen25_15b,754,msc_valid,6,lexical_tfidf,0.5,10,3.1625,31.625,2.8625,28.625,0.30000000000000027,3.0
qwen25_15b,754,msc_valid,6,recency_keep_compress_drop,0.5,10,3.1875,31.875,2.8625,28.625,0.3250000000000002,3.25
qwen25_15b,754,msc_valid,8,uniform,0.2,10,3.7,37.0,2.9,29.0,0.8000000000000003,8.0
qwen25_15b,754,msc_valid,8,longllmlingua,0.2,10,3.075,30.75,2.9,29.0,0.17500000000000027,1.75
qwen25_15b,754,msc_valid,8,recency,0.2,10,3.725,37.25,2.9,29.0,0.8250000000000002,8.25
qwen25_15b,754,msc_valid,8,lexical_tfidf,0.2,10,3.85,38.5,2.9,29.0,0.9500000000000002,9.5
qwen25_15b,754,msc_valid,8,recency_keep_compress_drop,0.2,10,3.725,37.25,2.9,29.0,0.8250000000000002,8.25
qwen25_15b,754,msc_valid,8,uniform,0.35,10,3.8,38.0,2.9,29.0,0.8999999999999999,9.0
qwen25_15b,754,msc_valid,8,longllmlingua,0.35,10,3.0125,30.125,2.9,29.0,0.11250000000000027,1.125
qwen25_15b,754,msc_valid,8,recency,0.35,10,3.3,33.0,2.9,29.0,0.3999999999999999,4.0
qwen25_15b,754,msc_valid,8,lexical_tfidf,0.35,10,3.5,35.0,2.9,29.0,0.6000000000000001,6.0
qwen25_15b,754,msc_valid,8,recency_keep_compress_drop,0.35,10,3.575,35.75,2.9,29.0,0.6750000000000003,6.75
qwen25_15b,754,msc_valid,8,uniform,0.5,10,3.45,34.5,2.9,29.0,0.5500000000000003,5.5
qwen25_15b,754,msc_valid,8,longllmlingua,0.5,10,3.0875,30.875,2.9,29.0,0.1875,1.875
qwen25_15b,754,msc_valid,8,recency,0.5,10,3.2,32.0,2.9,29.0,0.30000000000000027,3.0
qwen25_15b,754,msc_valid,8,lexical_tfidf,0.5,10,3.225,32.25,2.9,29.0,0.3250000000000002,3.25
qwen25_15b,754,msc_valid,8,recency_keep_compress_drop,0.5,10,3.225,32.25,2.9,29.0,0.3250000000000002,3.25
qwen25_15b,754,msc_valid,10,uniform,0.2,9,1.9166666666666667,17.25,1.625,14.625,0.29166666666666674,2.625
qwen25_15b,754,msc_valid,10,longllmlingua,0.2,9,1.8333333333333333,16.5,1.625,14.625,0.20833333333333326,1.875
qwen25_15b,754,msc_valid,10,recency,0.2,9,2.138888888888889,19.25,1.625,14.625,0.5138888888888888,4.625
qwen25_15b,754,msc_valid,10,lexical_tfidf,0.2,9,2.138888888888889,19.25,1.625,14.625,0.5138888888888888,4.625
qwen25_15b,754,msc_valid,10,recency_keep_compress_drop,0.2,9,1.9583333333333333,17.625,1.625,14.625,0.33333333333333326,3.0
qwen25_15b,754,msc_valid,10,uniform,0.35,9,2.0,18.0,1.625,14.625,0.375,3.375
qwen25_15b,754,msc_valid,10,longllmlingua,0.35,9,1.7638888888888888,15.875,1.625,14.625,0.13888888888888884,1.25
qwen25_15b,754,msc_valid,10,recency,0.35,9,2.013888888888889,18.125,1.625,14.625,0.38888888888888884,3.5
qwen25_15b,754,msc_valid,10,lexical_tfidf,0.35,9,2.013888888888889,18.125,1.625,14.625,0.38888888888888884,3.5
qwen25_15b,754,msc_valid,10,recency_keep_compress_drop,0.35,9,1.8333333333333333,16.5,1.625,14.625,0.20833333333333326,1.875
qwen25_15b,754,msc_valid,10,uniform,0.5,9,2.013888888888889,18.125,1.625,14.625,0.38888888888888884,3.5
qwen25_15b,754,msc_valid,10,longllmlingua,0.5,9,1.6666666666666667,15.0,1.625,14.625,0.04166666666666674,0.375
qwen25_15b,754,msc_valid,10,recency,0.5,9,1.875,16.875,1.625,14.625,0.25,2.25
qwen25_15b,754,msc_valid,10,lexical_tfidf,0.5,9,1.9444444444444444,17.5,1.625,14.625,0.3194444444444444,2.875
qwen25_15b,754,msc_valid,10,recency_keep_compress_drop,0.5,9,1.6736111111111112,15.0625,1.625,14.625,0.04861111111111116,0.4375
qwen25_15b,754,msc_valid,12,uniform,0.2,10,6.025,60.25,3.325,33.25,2.7,27.0
qwen25_15b,754,msc_valid,12,longllmlingua,0.2,10,4.85,48.5,3.325,33.25,1.5249999999999995,15.25
qwen25_15b,754,msc_valid,12,recency,0.2,10,5.8,58.0,3.325,33.25,2.4749999999999996,24.75
qwen25_15b,754,msc_valid,12,lexical_tfidf,0.2,10,5.675,56.75,3.325,33.25,2.3499999999999996,23.5
qwen25_15b,754,msc_valid,12,recency_keep_compress_drop,0.2,10,5.8,58.0,3.325,33.25,2.4749999999999996,24.75
qwen25_15b,754,msc_valid,12,uniform,0.35,10,5.325,53.25,3.325,33.25,2.0,20.0
qwen25_15b,754,msc_valid,12,longllmlingua,0.35,10,4.825,48.25,3.325,33.25,1.5,15.0
qwen25_15b,754,msc_valid,12,recency,0.35,10,5.2,52.0,3.325,33.25,1.875,18.75
qwen25_15b,754,msc_valid,12,lexical_tfidf,0.35,10,5.225,52.25,3.325,33.25,1.8999999999999995,19.0
qwen25_15b,754,msc_valid,12,recency_keep_compress_drop,0.35,10,4.7,47.0,3.325,33.25,1.375,13.75
qwen25_15b,754,msc_valid,12,uniform,0.5,10,4.7,47.0,3.325,33.25,1.375,13.75
qwen25_15b,754,msc_valid,12,longllmlingua,0.5,10,4.075,40.75,3.325,33.25,0.75,7.5
qwen25_15b,754,msc_valid,12,recency,0.5,10,4.675,46.75,3.325,33.25,1.3499999999999996,13.5
qwen25_15b,754,msc_valid,12,lexical_tfidf,0.5,10,4.225,42.25,3.325,33.25,0.8999999999999995,9.0
qwen25_15b,754,msc_valid,12,recency_keep_compress_drop,0.5,10,4.325,43.25,3.325,33.25,1.0,10.0
qwen25_15b,754,msc_valid,14,uniform,0.2,8,6.84375,54.75,5.1875,41.5,1.65625,13.25
qwen25_15b,754,msc_valid,14,longllmlingua,0.2,8,5.5,44.0,5.1875,41.5,0.3125,2.5
qwen25_15b,754,msc_valid,14,recency,0.2,8,6.21875,49.75,5.1875,41.5,1.03125,8.25
qwen25_15b,754,msc_valid,14,lexical_tfidf,0.2,8,6.21875,49.75,5.1875,41.5,1.03125,8.25
qwen25_15b,754,msc_valid,14,recency_keep_compress_drop,0.2,8,6.21875,49.75,5.1875,41.5,1.03125,8.25
qwen25_15b,754,msc_valid,14,uniform,0.35,8,6.21875,49.75,5.1875,41.5,1.03125,8.25
qwen25_15b,754,msc_valid,14,longllmlingua,0.35,8,5.28125,42.25,5.1875,41.5,0.09375,0.75
qwen25_15b,754,msc_valid,14,recency,0.35,8,6.53125,52.25,5.1875,41.5,1.34375,10.75
qwen25_15b,754,msc_valid,14,lexical_tfidf,0.35,8,5.65625,45.25,5.1875,41.5,0.46875,3.75
qwen25_15b,754,msc_valid,14,recency_keep_compress_drop,0.35,8,6.1875,49.5,5.1875,41.5,1.0,8.0
qwen25_15b,754,msc_valid,14,uniform,0.5,8,5.34375,42.75,5.1875,41.5,0.15625,1.25
qwen25_15b,754,msc_valid,14,longllmlingua,0.5,8,4.875,39.0,5.1875,41.5,-0.3125,-2.5
qwen25_15b,754,msc_valid,14,recency,0.5,8,6.375,51.0,5.1875,41.5,1.1875,9.5
qwen25_15b,754,msc_valid,14,lexical_tfidf,0.5,8,5.40625,43.25,5.1875,41.5,0.21875,1.75
qwen25_15b,754,msc_valid,14,recency_keep_compress_drop,0.5,8,5.78125,46.25,5.1875,41.5,0.59375,4.75
qwen25_15b,791,msc_valid,4,uniform,0.2,19,3.6052631578947367,68.5,3.6052631578947367,68.5,0.0,0.0
qwen25_15b,791,msc_valid,4,longllmlingua,0.2,19,3.526315789473684,67.0,3.6052631578947367,68.5,-0.07894736842105265,-1.5
qwen25_15b,791,msc_valid,4,recency,0.2,19,3.6052631578947367,68.5,3.6052631578947367,68.5,0.0,0.0
qwen25_15b,791,msc_valid,4,lexical_tfidf,0.2,19,3.6052631578947367,68.5,3.6052631578947367,68.5,0.0,0.0
qwen25_15b,791,msc_valid,4,recency_keep_compress_drop,0.2,19,3.6052631578947367,68.5,3.6052631578947367,68.5,0.0,0.0
qwen25_15b,791,msc_valid,4,uniform,0.35,19,3.6578947368421053,69.5,3.6052631578947367,68.5,0.052631578947368585,1.0
qwen25_15b,791,msc_valid,4,longllmlingua,0.35,19,3.5789473684210527,68.0,3.6052631578947367,68.5,-0.02631578947368407,-0.5
qwen25_15b,791,msc_valid,4,recency,0.35,19,3.6578947368421053,69.5,3.6052631578947367,68.5,0.052631578947368585,1.0
qwen25_15b,791,msc_valid,4,lexical_tfidf,0.35,19,3.6578947368421053,69.5,3.6052631578947367,68.5,0.052631578947368585,1.0
qwen25_15b,791,msc_valid,4,recency_keep_compress_drop,0.35,19,3.6578947368421053,69.5,3.6052631578947367,68.5,0.052631578947368585,1.0
qwen25_15b,791,msc_valid,4,uniform,0.5,19,3.6578947368421053,69.5,3.6052631578947367,68.5,0.052631578947368585,1.0
qwen25_15b,791,msc_valid,4,longllmlingua,0.5,19,3.473684210526316,66.0,3.6052631578947367,68.5,-0.1315789473684208,-2.5
qwen25_15b,791,msc_valid,4,recency,0.5,19,3.6578947368421053,69.5,3.6052631578947367,68.5,0.052631578947368585,1.0
qwen25_15b,791,msc_valid,4,lexical_tfidf,0.5,19,3.6578947368421053,69.5,3.6052631578947367,68.5,0.052631578947368585,1.0
qwen25_15b,791,msc_valid,4,recency_keep_compress_drop,0.5,19,3.6578947368421053,69.5,3.6052631578947367,68.5,0.052631578947368585,1.0
qwen25_15b,791,msc_valid,8,uniform,0.2,17,3.1029411764705883,52.75,2.8088235294117645,47.75,0.2941176470588238,5.0
qwen25_15b,791,msc_valid,8,longllmlingua,0.2,17,3.0441176470588234,51.75,2.8088235294117645,47.75,0.23529411764705888,4.0
qwen25_15b,791,msc_valid,8,recency,0.2,17,3.014705882352941,51.25,2.8088235294117645,47.75,0.20588235294117663,3.5
qwen25_15b,791,msc_valid,8,lexical_tfidf,0.2,17,3.014705882352941,51.25,2.8088235294117645,47.75,0.20588235294117663,3.5
qwen25_15b,791,msc_valid,8,recency_keep_compress_drop,0.2,17,3.014705882352941,51.25,2.8088235294117645,47.75,0.20588235294117663,3.5
qwen25_15b,791,msc_valid,8,uniform,0.35,17,3.176470588235294,54.0,2.8088235294117645,47.75,0.36764705882352944,6.25
qwen25_15b,791,msc_valid,8,longllmlingua,0.35,17,3.1029411764705883,52.75,2.8088235294117645,47.75,0.2941176470588238,5.0
qwen25_15b,791,msc_valid,8,recency,0.35,17,2.764705882352941,47.0,2.8088235294117645,47.75,-0.04411764705882337,-0.75
qwen25_15b,791,msc_valid,8,lexical_tfidf,0.35,17,2.764705882352941,47.0,2.8088235294117645,47.75,-0.04411764705882337,-0.75
qwen25_15b,791,msc_valid,8,recency_keep_compress_drop,0.35,17,2.823529411764706,48.0,2.8088235294117645,47.75,0.014705882352941568,0.25
qwen25_15b,791,msc_valid,8,uniform,0.5,17,3.1323529411764706,53.25,2.8088235294117645,47.75,0.32352941176470607,5.5
qwen25_15b,791,msc_valid,8,longllmlingua,0.5,17,3.0588235294117645,52.0,2.8088235294117645,47.75,0.25,4.25
qwen25_15b,791,msc_valid,8,recency,0.5,17,2.7794117647058822,47.25,2.8088235294117645,47.75,-0.02941176470588225,-0.5
qwen25_15b,791,msc_valid,8,lexical_tfidf,0.5,17,2.7794117647058822,47.25,2.8088235294117645,47.75,-0.02941176470588225,-0.5
qwen25_15b,791,msc_valid,8,recency_keep_compress_drop,0.5,17,2.7941176470588234,47.5,2.8088235294117645,47.75,-0.014705882352941124,-0.25
qwen25_15b,791,msc_valid,12,uniform,0.2,16,3.0,48.0,2.84375,45.5,0.15625,2.5
qwen25_15b,791,msc_valid,12,longllmlingua,0.2,16,2.890625,46.25,2.84375,45.5,0.046875,0.75
qwen25_15b,791,msc_valid,12,recency,0.2,16,3.0,48.0,2.84375,45.5,0.15625,2.5
qwen25_15b,791,msc_valid,12,lexical_tfidf,0.2,16,2.984375,47.75,2.84375,45.5,0.140625,2.25
qwen25_15b,791,msc_valid,12,recency_keep_compress_drop,0.2,16,3.0,48.0,2.84375,45.5,0.15625,2.5
qwen25_15b,791,msc_valid,12,uniform,0.35,16,2.984375,47.75,2.84375,45.5,0.140625,2.25
qwen25_15b,791,msc_valid,12,longllmlingua,0.35,16,2.921875,46.75,2.84375,45.5,0.078125,1.25
qwen25_15b,791,msc_valid,12,recency,0.35,16,2.9375,47.0,2.84375,45.5,0.09375,1.5
qwen25_15b,791,msc_valid,12,lexical_tfidf,0.35,16,3.015625,48.25,2.84375,45.5,0.171875,2.75
qwen25_15b,791,msc_valid,12,recency_keep_compress_drop,0.35,16,3.046875,48.75,2.84375,45.5,0.203125,3.25
qwen25_15b,791,msc_valid,12,uniform,0.5,16,3.0,48.0,2.84375,45.5,0.15625,2.5
qwen25_15b,791,msc_valid,12,longllmlingua,0.5,16,2.875,46.0,2.84375,45.5,0.03125,0.5
qwen25_15b,791,msc_valid,12,recency,0.5,16,2.875,46.0,2.84375,45.5,0.03125,0.5
qwen25_15b,791,msc_valid,12,lexical_tfidf,0.5,16,2.875,46.0,2.84375,45.5,0.03125,0.5
qwen25_15b,791,msc_valid,12,recency_keep_compress_drop,0.5,16,2.890625,46.25,2.84375,45.5,0.046875,0.75
qwen25_15b,791,msc_valid,16,uniform,0.2,13,4.6923076923076925,61.0,3.8076923076923075,49.5,0.884615384615385,11.5
qwen25_15b,791,msc_valid,16,longllmlingua,0.2,13,3.5384615384615383,46.0,3.8076923076923075,49.5,-0.26923076923076916,-3.5
qwen25_15b,791,msc_valid,16,recency,0.2,13,4.961538461538462,64.5,3.8076923076923075,49.5,1.1538461538461542,15.0
qwen25_15b,791,msc_valid,16,lexical_tfidf,0.2,13,4.480769230769231,58.25,3.8076923076923075,49.5,0.6730769230769234,8.75
qwen25_15b,791,msc_valid,16,recency_keep_compress_drop,0.2,13,4.384615384615385,57.0,3.8076923076923075,49.5,0.5769230769230775,7.5
qwen25_15b,791,msc_valid,16,uniform,0.35,13,4.346153846153846,56.5,3.8076923076923075,49.5,0.5384615384615383,7.0
qwen25_15b,791,msc_valid,16,longllmlingua,0.35,13,3.480769230769231,45.25,3.8076923076923075,49.5,-0.32692307692307665,-4.25
qwen25_15b,791,msc_valid,16,recency,0.35,13,4.519230769230769,58.75,3.8076923076923075,49.5,0.7115384615384617,9.25
qwen25_15b,791,msc_valid,16,lexical_tfidf,0.35,13,4.019230769230769,52.25,3.8076923076923075,49.5,0.21153846153846168,2.75
qwen25_15b,791,msc_valid,16,recency_keep_compress_drop,0.35,13,4.019230769230769,52.25,3.8076923076923075,49.5,0.21153846153846168,2.75
qwen25_15b,791,msc_valid,16,uniform,0.5,13,4.211538461538462,54.75,3.8076923076923075,49.5,0.4038461538461542,5.25
qwen25_15b,791,msc_valid,16,longllmlingua,0.5,13,3.423076923076923,44.5,3.8076923076923075,49.5,-0.3846153846153846,-5.0
qwen25_15b,791,msc_valid,16,recency,0.5,13,4.480769230769231,58.25,3.8076923076923075,49.5,0.6730769230769234,8.75
qwen25_15b,791,msc_valid,16,lexical_tfidf,0.5,13,4.1923076923076925,54.5,3.8076923076923075,49.5,0.384615384615385,5.0
qwen25_15b,791,msc_valid,16,recency_keep_compress_drop,0.5,13,4.076923076923077,53.0,3.8076923076923075,49.5,0.26923076923076916,3.5
qwen25_15b,791,msc_valid,20,uniform,0.2,40,2.4375,97.5,2.4875,99.5,-0.04999999999999982,-2.0
qwen25_15b,791,msc_valid,20,longllmlingua,0.2,40,2.375,95.0,2.4875,99.5,-0.11249999999999982,-4.5
qwen25_15b,791,msc_valid,20,recency,0.2,40,2.45,98.0,2.4875,99.5,-0.037499999999999645,-1.5
qwen25_15b,791,msc_valid,20,lexical_tfidf,0.2,40,2.4125,96.5,2.4875,99.5,-0.07499999999999973,-3.0
qwen25_15b,791,msc_valid,20,recency_keep_compress_drop,0.2,40,2.475,99.0,2.4875,99.5,-0.012499999999999734,-0.5
qwen25_15b,791,msc_valid,20,uniform,0.35,40,2.4125,96.5,2.4875,99.5,-0.07499999999999973,-3.0
qwen25_15b,791,msc_valid,20,longllmlingua,0.35,40,2.2875,91.5,2.4875,99.5,-0.19999999999999973,-8.0
qwen25_15b,791,msc_valid,20,recency,0.35,40,2.475,99.0,2.4875,99.5,-0.012499999999999734,-0.5
qwen25_15b,791,msc_valid,20,lexical_tfidf,0.35,40,2.425,97.0,2.4875,99.5,-0.0625,-2.5
qwen25_15b,791,msc_valid,20,recency_keep_compress_drop,0.35,40,2.4,96.0,2.4875,99.5,-0.08749999999999991,-3.5
qwen25_15b,791,msc_valid,20,uniform,0.5,40,2.375,95.0,2.4875,99.5,-0.11249999999999982,-4.5
qwen25_15b,791,msc_valid,20,longllmlingua,0.5,40,2.3,92.0,2.4875,99.5,-0.1875,-7.5
qwen25_15b,791,msc_valid,20,recency,0.5,40,2.475,99.0,2.4875,99.5,-0.012499999999999734,-0.5
qwen25_15b,791,msc_valid,20,lexical_tfidf,0.5,40,2.4125,96.5,2.4875,99.5,-0.07499999999999973,-3.0
qwen25_15b,791,msc_valid,20,recency_keep_compress_drop,0.5,40,2.425,97.0,2.4875,99.5,-0.0625,-2.5
qwen25_15b,791,msc_valid,24,uniform,0.2,21,2.238095238095238,47.0,1.880952380952381,39.5,0.3571428571428572,7.5
qwen25_15b,791,msc_valid,24,longllmlingua,0.2,21,2.142857142857143,45.0,1.880952380952381,39.5,0.26190476190476186,5.5
qwen25_15b,791,msc_valid,24,recency,0.2,21,2.1547619047619047,45.25,1.880952380952381,39.5,0.2738095238095237,5.75
qwen25_15b,791,msc_valid,24,lexical_tfidf,0.2,21,2.142857142857143,45.0,1.880952380952381,39.5,0.26190476190476186,5.5
qwen25_15b,791,msc_valid,24,recency_keep_compress_drop,0.2,21,2.0833333333333335,43.75,1.880952380952381,39.5,0.20238095238095255,4.25
qwen25_15b,791,msc_valid,24,uniform,0.35,21,2.0952380952380953,44.0,1.880952380952381,39.5,0.2142857142857144,4.5
qwen25_15b,791,msc_valid,24,longllmlingua,0.35,21,2.119047619047619,44.5,1.880952380952381,39.5,0.23809523809523814,5.0
qwen25_15b,791,msc_valid,24,recency,0.35,21,2.0357142857142856,42.75,1.880952380952381,39.5,0.15476190476190466,3.25
qwen25_15b,791,msc_valid,24,lexical_tfidf,0.35,21,2.0476190476190474,43.0,1.880952380952381,39.5,0.16666666666666652,3.5
qwen25_15b,791,msc_valid,24,recency_keep_compress_drop,0.35,21,2.0,42.0,1.880952380952381,39.5,0.11904761904761907,2.5
qwen25_15b,791,msc_valid,24,uniform,0.5,21,2.011904761904762,42.25,1.880952380952381,39.5,0.13095238095238093,2.75
qwen25_15b,791,msc_valid,24,longllmlingua,0.5,21,2.0714285714285716,43.5,1.880952380952381,39.5,0.1904761904761907,4.0
qwen25_15b,791,msc_valid,24,recency,0.5,21,2.0,42.0,1.880952380952381,39.5,0.11904761904761907,2.5
qwen25_15b,791,msc_valid,24,lexical_tfidf,0.5,21,2.011904761904762,42.25,1.880952380952381,39.5,0.13095238095238093,2.75
qwen25_15b,791,msc_valid,24,recency_keep_compress_drop,0.5,21,1.869047619047619,39.25,1.880952380952381,39.5,-0.011904761904761862,-0.25
qwen25_15b,791,msc_valid,28,uniform,0.2,42,2.4523809523809526,103.0,2.4166666666666665,101.5,0.03571428571428603,1.5
qwen25_15b,791,msc_valid,28,longllmlingua,0.2,42,2.3214285714285716,97.5,2.4166666666666665,101.5,-0.0952380952380949,-4.0
qwen25_15b,791,msc_valid,28,recency,0.2,42,2.4523809523809526,103.0,2.4166666666666665,101.5,0.03571428571428603,1.5
qwen25_15b,791,msc_valid,28,lexical_tfidf,0.2,42,2.4761904761904763,104.0,2.4166666666666665,101.5,0.059523809523809756,2.5
qwen25_15b,791,msc_valid,28,recency_keep_compress_drop,0.2,42,2.4166666666666665,101.5,2.4166666666666665,101.5,0.0,0.0
qwen25_15b,791,msc_valid,28,uniform,0.35,42,2.2857142857142856,96.0,2.4166666666666665,101.5,-0.13095238095238093,-5.5
qwen25_15b,791,msc_valid,28,longllmlingua,0.35,42,2.2976190476190474,96.5,2.4166666666666665,101.5,-0.11904761904761907,-5.0
qwen25_15b,791,msc_valid,28,recency,0.35,42,2.392857142857143,100.5,2.4166666666666665,101.5,-0.023809523809523725,-1.0
qwen25_15b,791,msc_valid,28,lexical_tfidf,0.35,42,2.4761904761904763,104.0,2.4166666666666665,101.5,0.059523809523809756,2.5
qwen25_15b,791,msc_valid,28,recency_keep_compress_drop,0.35,42,2.4523809523809526,103.0,2.4166666666666665,101.5,0.03571428571428603,1.5
qwen25_15b,791,msc_valid,28,uniform,0.5,42,2.3095238095238093,97.0,2.4166666666666665,101.5,-0.1071428571428572,-4.5
qwen25_15b,791,msc_valid,28,longllmlingua,0.5,42,2.3214285714285716,97.5,2.4166666666666665,101.5,-0.0952380952380949,-4.0
qwen25_15b,791,msc_valid,28,recency,0.5,42,2.4404761904761907,102.5,2.4166666666666665,101.5,0.02380952380952417,1.0
qwen25_15b,791,msc_valid,28,lexical_tfidf,0.5,42,2.4642857142857144,103.5,2.4166666666666665,101.5,0.047619047619047894,2.0
qwen25_15b,791,msc_valid,28,recency_keep_compress_drop,0.5,42,2.4047619047619047,101.0,2.4166666666666665,101.5,-0.011904761904761862,-0.5
qwen25_15b,791,msc_valid,32,uniform,0.2,43,2.6744186046511627,115.0,0.0,0.0,2.6744186046511627,115.0
qwen25_15b,791,msc_valid,32,longllmlingua,0.2,43,2.686046511627907,115.5,0.0,0.0,2.686046511627907,115.5
qwen25_15b,791,msc_valid,32,recency,0.2,43,2.6511627906976742,114.0,0.0,0.0,2.6511627906976742,114.0
qwen25_15b,791,msc_valid,32,lexical_tfidf,0.2,43,2.7209302325581395,117.0,0.0,0.0,2.7209302325581395,117.0
qwen25_15b,791,msc_valid,32,recency_keep_compress_drop,0.2,43,2.6744186046511627,115.0,0.0,0.0,2.6744186046511627,115.0
qwen25_15b,791,msc_valid,32,uniform,0.35,43,2.6744186046511627,115.0,0.0,0.0,2.6744186046511627,115.0
qwen25_15b,791,msc_valid,32,longllmlingua,0.35,43,2.6744186046511627,115.0,0.0,0.0,2.6744186046511627,115.0
qwen25_15b,791,msc_valid,32,recency,0.35,43,2.6627906976744184,114.5,0.0,0.0,2.6627906976744184,114.5
qwen25_15b,791,msc_valid,32,lexical_tfidf,0.35,43,2.6744186046511627,115.0,0.0,0.0,2.6744186046511627,115.0
qwen25_15b,791,msc_valid,32,recency_keep_compress_drop,0.35,43,2.6627906976744184,114.5,0.0,0.0,2.6627906976744184,114.5
qwen25_15b,791,msc_valid,32,uniform,0.5,43,2.6511627906976742,114.0,0.0,0.0,2.6511627906976742,114.0
qwen25_15b,791,msc_valid,32,longllmlingua,0.5,43,2.6627906976744184,114.5,0.0,0.0,2.6627906976744184,114.5
qwen25_15b,791,msc_valid,32,recency,0.5,43,2.686046511627907,115.5,0.0,0.0,2.686046511627907,115.5
qwen25_15b,791,msc_valid,32,lexical_tfidf,0.5,43,2.6744186046511627,115.0,0.0,0.0,2.6744186046511627,115.0
qwen25_15b,791,msc_valid,32,recency_keep_compress_drop,0.5,43,2.63953488372093,113.5,0.0,0.0,2.63953488372093,113.5
qwen25_15b,791,msc_valid,34,uniform,0.2,57,2.2280701754385963,127.0,0.0,0.0,2.2280701754385963,127.0
qwen25_15b,791,msc_valid,34,longllmlingua,0.2,57,2.175438596491228,124.0,0.0,0.0,2.175438596491228,124.0
qwen25_15b,791,msc_valid,34,recency,0.2,57,2.236842105263158,127.5,0.0,0.0,2.236842105263158,127.5
qwen25_15b,791,msc_valid,34,lexical_tfidf,0.2,57,2.2982456140350878,131.0,0.0,0.0,2.2982456140350878,131.0
qwen25_15b,791,msc_valid,34,recency_keep_compress_drop,0.2,57,2.2017543859649122,125.5,0.0,0.0,2.2017543859649122,125.5
qwen25_15b,791,msc_valid,34,uniform,0.35,57,2.2017543859649122,125.5,0.0,0.0,2.2017543859649122,125.5
qwen25_15b,791,msc_valid,34,longllmlingua,0.35,57,2.1403508771929824,122.0,0.0,0.0,2.1403508771929824,122.0
qwen25_15b,791,msc_valid,34,recency,0.35,57,2.2017543859649122,125.5,0.0,0.0,2.2017543859649122,125.5
qwen25_15b,791,msc_valid,34,lexical_tfidf,0.35,57,2.2280701754385963,127.0,0.0,0.0,2.2280701754385963,127.0
qwen25_15b,791,msc_valid,34,recency_keep_compress_drop,0.35,57,2.1491228070175437,122.5,0.0,0.0,2.1491228070175437,122.5
qwen25_15b,791,msc_valid,34,uniform,0.5,57,2.1491228070175437,122.5,0.0,0.0,2.1491228070175437,122.5
qwen25_15b,791,msc_valid,34,longllmlingua,0.5,57,2.1666666666666665,123.5,0.0,0.0,2.1666666666666665,123.5
qwen25_15b,791,msc_valid,34,recency,0.5,57,2.1403508771929824,122.0,0.0,0.0,2.1403508771929824,122.0
qwen25_15b,791,msc_valid,34,lexical_tfidf,0.5,57,2.175438596491228,124.0,0.0,0.0,2.175438596491228,124.0
qwen25_15b,791,msc_valid,34,recency_keep_compress_drop,0.5,57,2.0701754385964914,118.0,0.0,0.0,2.0701754385964914,118.0
qwen25_15b,791,msc_valid,38,uniform,0.2,30,2.1083333333333334,63.25,0.0,0.0,2.1083333333333334,63.25
qwen25_15b,791,msc_valid,38,longllmlingua,0.2,30,2.1,63.0,0.0,0.0,2.1,63.0
qwen25_15b,791,msc_valid,38,recency,0.2,30,2.0166666666666666,60.5,0.0,0.0,2.0166666666666666,60.5
qwen25_15b,791,msc_valid,38,lexical_tfidf,0.2,30,2.125,63.75,0.0,0.0,2.125,63.75
qwen25_15b,791,msc_valid,38,recency_keep_compress_drop,0.2,30,2.033333333333333,61.0,0.0,0.0,2.033333333333333,61.0
qwen25_15b,791,msc_valid,38,uniform,0.35,30,2.066666666666667,62.0,0.0,0.0,2.066666666666667,62.0
qwen25_15b,791,msc_valid,38,longllmlingua,0.35,30,2.05,61.5,0.0,0.0,2.05,61.5
qwen25_15b,791,msc_valid,38,recency,0.35,30,1.975,59.25,0.0,0.0,1.975,59.25
qwen25_15b,791,msc_valid,38,lexical_tfidf,0.35,30,2.1333333333333333,64.0,0.0,0.0,2.1333333333333333,64.0
qwen25_15b,791,msc_valid,38,recency_keep_compress_drop,0.35,30,2.025,60.75,0.0,0.0,2.025,60.75
qwen25_15b,791,msc_valid,38,uniform,0.5,30,2.1166666666666667,63.5,0.0,0.0,2.1166666666666667,63.5
qwen25_15b,791,msc_valid,38,longllmlingua,0.5,30,2.0083333333333333,60.25,0.0,0.0,2.0083333333333333,60.25
qwen25_15b,791,msc_valid,38,recency,0.5,30,1.9833333333333334,59.5,0.0,0.0,1.9833333333333334,59.5
qwen25_15b,791,msc_valid,38,lexical_tfidf,0.5,30,1.9833333333333334,59.5,0.0,0.0,1.9833333333333334,59.5
qwen25_15b,791,msc_valid,38,recency_keep_compress_drop,0.5,30,1.9833333333333334,59.5,0.0,0.0,1.9833333333333334,59.5
qwen25_15b,791,msc_valid,42,uniform,0.2,35,2.3857142857142857,83.5,0.0,0.0,2.3857142857142857,83.5
qwen25_15b,791,msc_valid,42,longllmlingua,0.2,35,2.3714285714285714,83.0,0.0,0.0,2.3714285714285714,83.0
qwen25_15b,791,msc_valid,42,recency,0.2,35,2.242857142857143,78.5,0.0,0.0,2.242857142857143,78.5
qwen25_15b,791,msc_valid,42,lexical_tfidf,0.2,35,2.3142857142857145,81.0,0.0,0.0,2.3142857142857145,81.0
qwen25_15b,791,msc_valid,42,recency_keep_compress_drop,0.2,35,2.3142857142857145,81.0,0.0,0.0,2.3142857142857145,81.0
qwen25_15b,791,msc_valid,42,uniform,0.35,35,2.3857142857142857,83.5,0.0,0.0,2.3857142857142857,83.5
qwen25_15b,791,msc_valid,42,longllmlingua,0.35,35,2.414285714285714,84.5,0.0,0.0,2.414285714285714,84.5
qwen25_15b,791,msc_valid,42,recency,0.35,35,2.3142857142857145,81.0,0.0,0.0,2.3142857142857145,81.0
qwen25_15b,791,msc_valid,42,lexical_tfidf,0.35,35,2.357142857142857,82.5,0.0,0.0,2.357142857142857,82.5
qwen25_15b,791,msc_valid,42,recency_keep_compress_drop,0.35,35,2.257142857142857,79.0,0.0,0.0,2.257142857142857,79.0
qwen25_15b,791,msc_valid,42,uniform,0.5,35,2.3857142857142857,83.5,0.0,0.0,2.3857142857142857,83.5
qwen25_15b,791,msc_valid,42,longllmlingua,0.5,35,2.442857142857143,85.5,0.0,0.0,2.442857142857143,85.5
qwen25_15b,791,msc_valid,42,recency,0.5,35,2.142857142857143,75.0,0.0,0.0,2.142857142857143,75.0
qwen25_15b,791,msc_valid,42,lexical_tfidf,0.5,35,2.3,80.5,0.0,0.0,2.3,80.5
qwen25_15b,791,msc_valid,42,recency_keep_compress_drop,0.5,35,2.2714285714285714,79.5,0.0,0.0,2.2714285714285714,79.5
qwen25_15b,791,msc_valid,46,uniform,0.2,38,2.8552631578947367,108.5,0.0,0.0,2.8552631578947367,108.5
qwen25_15b,791,msc_valid,46,longllmlingua,0.2,38,2.8421052631578947,108.0,0.0,0.0,2.8421052631578947,108.0
qwen25_15b,791,msc_valid,46,recency,0.2,38,2.6973684210526314,102.5,0.0,0.0,2.6973684210526314,102.5
qwen25_15b,791,msc_valid,46,lexical_tfidf,0.2,38,2.6052631578947367,99.0,0.0,0.0,2.6052631578947367,99.0
qwen25_15b,791,msc_valid,46,recency_keep_compress_drop,0.2,38,2.6184210526315788,99.5,0.0,0.0,2.6184210526315788,99.5
qwen25_15b,791,msc_valid,46,uniform,0.35,38,2.6973684210526314,102.5,0.0,0.0,2.6973684210526314,102.5
qwen25_15b,791,msc_valid,46,longllmlingua,0.35,38,2.8026315789473686,106.5,0.0,0.0,2.8026315789473686,106.5
qwen25_15b,791,msc_valid,46,recency,0.35,38,2.6315789473684212,100.0,0.0,0.0,2.6315789473684212,100.0
qwen25_15b,791,msc_valid,46,lexical_tfidf,0.35,38,2.6184210526315788,99.5,0.0,0.0,2.6184210526315788,99.5
qwen25_15b,791,msc_valid,46,recency_keep_compress_drop,0.35,38,2.6184210526315788,99.5,0.0,0.0,2.6184210526315788,99.5
qwen25_15b,791,msc_valid,46,uniform,0.5,38,2.6973684210526314,102.5,0.0,0.0,2.6973684210526314,102.5
qwen25_15b,791,msc_valid,46,longllmlingua,0.5,38,2.763157894736842,105.0,0.0,0.0,2.763157894736842,105.0
qwen25_15b,791,msc_valid,46,recency,0.5,0,0.0,0.0,0.0,0.0,0.0,0.0
qwen25_15b,791,msc_valid,46,lexical_tfidf,0.5,0,0.0,0.0,0.0,0.0,0.0,0.0
qwen25_15b,791,msc_valid,46,recency_keep_compress_drop,0.5,0,0.0,0.0,0.0,0.0,0.0,0.0
qwen25_15b,791,msc_valid,50,uniform,0.2,31,2.467741935483871,76.5,0.0,0.0,2.467741935483871,76.5
qwen25_15b,791,msc_valid,50,longllmlingua,0.2,31,2.5806451612903225,80.0,0.0,0.0,2.5806451612903225,80.0
qwen25_15b,791,msc_valid,50,recency,0.2,31,2.467741935483871,76.5,0.0,0.0,2.467741935483871,76.5
qwen25_15b,791,msc_valid,50,lexical_tfidf,0.2,31,2.467741935483871,76.5,0.0,0.0,2.467741935483871,76.5
qwen25_15b,791,msc_valid,50,recency_keep_compress_drop,0.2,31,2.4193548387096775,75.0,0.0,0.0,2.4193548387096775,75.0
qwen25_15b,791,msc_valid,50,uniform,0.35,31,2.467741935483871,76.5,0.0,0.0,2.467741935483871,76.5
qwen25_15b,791,msc_valid,50,longllmlingua,0.35,31,2.5161290322580645,78.0,0.0,0.0,2.5161290322580645,78.0
qwen25_15b,791,msc_valid,50,recency,0.35,0,0.0,0.0,0.0,0.0,0.0,0.0
qwen25_15b,791,msc_valid,50,lexical_tfidf,0.35,0,0.0,0.0,0.0,0.0,0.0,0.0
qwen25_15b,791,msc_valid,50,recency_keep_compress_drop,0.35,0,0.0,0.0,0.0,0.0,0.0,0.0
qwen25_15b,791,msc_valid,50,uniform,0.5,31,2.5483870967741935,79.0,0.0,0.0,2.5483870967741935,79.0
qwen25_15b,791,msc_valid,50,longllmlingua,0.5,31,2.467741935483871,76.5,0.0,0.0,2.467741935483871,76.5
qwen25_15b,791,msc_valid,50,recency,0.5,0,0.0,0.0,0.0,0.0,0.0,0.0
qwen25_15b,791,msc_valid,50,lexical_tfidf,0.5,0,0.0,0.0,0.0,0.0,0.0,0.0
qwen25_15b,791,msc_valid,50,recency_keep_compress_drop,0.5,0,0.0,0.0,0.0,0.0,0.0,0.0
qwen25_15b,791,msc_valid,54,uniform,0.2,27,2.5,67.5,0.0,0.0,2.5,67.5
qwen25_15b,791,msc_valid,54,longllmlingua,0.2,27,2.611111111111111,70.5,0.0,0.0,2.611111111111111,70.5
qwen25_15b,791,msc_valid,54,recency,0.2,0,0.0,0.0,0.0,0.0,0.0,0.0
qwen25_15b,791,msc_valid,54,lexical_tfidf,0.2,0,0.0,0.0,0.0,0.0,0.0,0.0
qwen25_15b,791,msc_valid,54,recency_keep_compress_drop,0.2,0,0.0,0.0,0.0,0.0,0.0,0.0
qwen25_15b,791,msc_valid,54,uniform,0.35,27,2.5185185185185186,68.0,0.0,0.0,2.5185185185185186,68.0
qwen25_15b,791,msc_valid,54,longllmlingua,0.35,27,2.6481481481481484,71.5,0.0,0.0,2.6481481481481484,71.5
qwen25_15b,791,msc_valid,54,recency,0.35,0,0.0,0.0,0.0,0.0,0.0,0.0
qwen25_15b,791,msc_valid,54,lexical_tfidf,0.35,0,0.0,0.0,0.0,0.0,0.0,0.0
qwen25_15b,791,msc_valid,54,recency_keep_compress_drop,0.35,0,0.0,0.0,0.0,0.0,0.0,0.0
qwen25_15b,791,msc_valid,54,uniform,0.5,27,2.425925925925926,65.5,0.0,0.0,2.425925925925926,65.5
qwen25_15b,791,msc_valid,54,longllmlingua,0.5,27,2.6296296296296298,71.0,0.0,0.0,2.6296296296296298,71.0
qwen25_15b,791,msc_valid,54,recency,0.5,0,0.0,0.0,0.0,0.0,0.0,0.0
qwen25_15b,791,msc_valid,54,lexical_tfidf,0.5,0,0.0,0.0,0.0,0.0,0.0,0.0
qwen25_15b,791,msc_valid,54,recency_keep_compress_drop,0.5,0,0.0,0.0,0.0,0.0,0.0,0.0
qwen25_15b,791,msc_valid,58,uniform,0.2,38,2.6578947368421053,101.0,0.0,0.0,2.6578947368421053,101.0
qwen25_15b,791,msc_valid,58,longllmlingua,0.2,38,2.4078947368421053,91.5,0.0,0.0,2.4078947368421053,91.5
qwen25_15b,791,msc_valid,58,recency,0.2,0,0.0,0.0,0.0,0.0,0.0,0.0
qwen25_15b,791,msc_valid,58,lexical_tfidf,0.2,0,0.0,0.0,0.0,0.0,0.0,0.0
qwen25_15b,791,msc_valid,58,recency_keep_compress_drop,0.2,0,0.0,0.0,0.0,0.0,0.0,0.0
qwen25_15b,791,msc_valid,58,uniform,0.35,38,2.6184210526315788,99.5,0.0,0.0,2.6184210526315788,99.5
qwen25_15b,791,msc_valid,58,longllmlingua,0.35,38,2.3815789473684212,90.5,0.0,0.0,2.3815789473684212,90.5
qwen25_15b,791,msc_valid,58,recency,0.35,0,0.0,0.0,0.0,0.0,0.0,0.0
qwen25_15b,791,msc_valid,58,lexical_tfidf,0.35,0,0.0,0.0,0.0,0.0,0.0,0.0
qwen25_15b,791,msc_valid,58,recency_keep_compress_drop,0.35,0,0.0,0.0,0.0,0.0,0.0,0.0
qwen25_15b,791,msc_valid,58,uniform,0.5,38,2.4473684210526314,93.0,0.0,0.0,2.4473684210526314,93.0
qwen25_15b,791,msc_valid,58,longllmlingua,0.5,38,2.3157894736842106,88.0,0.0,0.0,2.3157894736842106,88.0
qwen25_15b,791,msc_valid,58,recency,0.5,0,0.0,0.0,0.0,0.0,0.0,0.0
qwen25_15b,791,msc_valid,58,lexical_tfidf,0.5,0,0.0,0.0,0.0,0.0,0.0,0.0
qwen25_15b,791,msc_valid,58,recency_keep_compress_drop,0.5,0,0.0,0.0,0.0,0.0,0.0,0.0
qwen25_15b,791,msc_valid,62,uniform,0.2,34,2.3529411764705883,80.0,0.0,0.0,2.3529411764705883,80.0
qwen25_15b,791,msc_valid,62,longllmlingua,0.2,34,2.5294117647058822,86.0,0.0,0.0,2.5294117647058822,86.0
qwen25_15b,791,msc_valid,62,recency,0.2,0,0.0,0.0,0.0,0.0,0.0,0.0
qwen25_15b,791,msc_valid,62,lexical_tfidf,0.2,0,0.0,0.0,0.0,0.0,0.0,0.0
qwen25_15b,791,msc_valid,62,recency_keep_compress_drop,0.2,0,0.0,0.0,0.0,0.0,0.0,0.0
qwen25_15b,791,msc_valid,62,uniform,0.35,34,2.2941176470588234,78.0,0.0,0.0,2.2941176470588234,78.0
qwen25_15b,791,msc_valid,62,longllmlingua,0.35,34,2.588235294117647,88.0,0.0,0.0,2.588235294117647,88.0
qwen25_15b,791,msc_valid,62,recency,0.35,0,0.0,0.0,0.0,0.0,0.0,0.0
qwen25_15b,791,msc_valid,62,lexical_tfidf,0.35,0,0.0,0.0,0.0,0.0,0.0,0.0
qwen25_15b,791,msc_valid,62,recency_keep_compress_drop,0.35,0,0.0,0.0,0.0,0.0,0.0,0.0
qwen25_15b,791,msc_valid,62,uniform,0.5,34,2.235294117647059,76.0,0.0,0.0,2.235294117647059,76.0
qwen25_15b,791,msc_valid,62,longllmlingua,0.5,34,2.4558823529411766,83.5,0.0,0.0,2.4558823529411766,83.5
qwen25_15b,791,msc_valid,62,recency,0.5,0,0.0,0.0,0.0,0.0,0.0,0.0
qwen25_15b,791,msc_valid,62,lexical_tfidf,0.5,0,0.0,0.0,0.0,0.0,0.0,0.0
qwen25_15b,791,msc_valid,62,recency_keep_compress_drop,0.5,0,0.0,0.0,0.0,0.0,0.0,0.0
qwen25_15b,796,msc_valid,4,uniform,0.2,7,4.75,33.25,4.571428571428571,32.0,0.17857142857142883,1.25
qwen25_15b,796,msc_valid,4,longllmlingua,0.2,7,4.464285714285714,31.25,4.571428571428571,32.0,-0.10714285714285676,-0.75
qwen25_15b,796,msc_valid,4,recency,0.2,7,4.75,33.25,4.571428571428571,32.0,0.17857142857142883,1.25
qwen25_15b,796,msc_valid,4,lexical_tfidf,0.2,7,4.75,33.25,4.571428571428571,32.0,0.17857142857142883,1.25
qwen25_15b,796,msc_valid,4,recency_keep_compress_drop,0.2,7,4.75,33.25,4.571428571428571,32.0,0.17857142857142883,1.25
qwen25_15b,796,msc_valid,4,uniform,0.35,7,4.5,31.5,4.571428571428571,32.0,-0.07142857142857117,-0.5
qwen25_15b,796,msc_valid,4,longllmlingua,0.35,7,4.5,31.5,4.571428571428571,32.0,-0.07142857142857117,-0.5
qwen25_15b,796,msc_valid,4,recency,0.35,7,4.5,31.5,4.571428571428571,32.0,-0.07142857142857117,-0.5
qwen25_15b,796,msc_valid,4,lexical_tfidf,0.35,7,4.5,31.5,4.571428571428571,32.0,-0.07142857142857117,-0.5
qwen25_15b,796,msc_valid,4,recency_keep_compress_drop,0.35,7,4.5,31.5,4.571428571428571,32.0,-0.07142857142857117,-0.5
qwen25_15b,796,msc_valid,4,uniform,0.5,7,4.5,31.5,4.571428571428571,32.0,-0.07142857142857117,-0.5
qwen25_15b,796,msc_valid,4,longllmlingua,0.5,7,4.303571428571429,30.125,4.571428571428571,32.0,-0.26785714285714235,-1.875
qwen25_15b,796,msc_valid,4,recency,0.5,7,4.5,31.5,4.571428571428571,32.0,-0.07142857142857117,-0.5
qwen25_15b,796,msc_valid,4,lexical_tfidf,0.5,7,4.5,31.5,4.571428571428571,32.0,-0.07142857142857117,-0.5
qwen25_15b,796,msc_valid,4,recency_keep_compress_drop,0.5,7,4.5,31.5,4.571428571428571,32.0,-0.07142857142857117,-0.5
qwen25_15b,796,msc_valid,6,uniform,0.2,9,4.361111111111111,39.25,4.0,36.0,0.3611111111111107,3.25
qwen25_15b,796,msc_valid,6,longllmlingua,0.2,9,3.5833333333333335,32.25,4.0,36.0,-0.4166666666666665,-3.75
qwen25_15b,796,msc_valid,6,recency,0.2,9,4.472222222222222,40.25,4.0,36.0,0.4722222222222223,4.25
qwen25_15b,796,msc_valid,6,lexical_tfidf,0.2,9,4.361111111111111,39.25,4.0,36.0,0.3611111111111107,3.25
qwen25_15b,796,msc_valid,6,recency_keep_compress_drop,0.2,9,4.472222222222222,40.25,4.0,36.0,0.4722222222222223,4.25
qwen25_15b,796,msc_valid,6,uniform,0.35,9,4.194444444444445,37.75,4.0,36.0,0.19444444444444464,1.75
qwen25_15b,796,msc_valid,6,longllmlingua,0.35,9,3.6944444444444446,33.25,4.0,36.0,-0.30555555555555536,-2.75
qwen25_15b,796,msc_valid,6,recency,0.35,9,4.194444444444445,37.75,4.0,36.0,0.19444444444444464,1.75
qwen25_15b,796,msc_valid,6,lexical_tfidf,0.35,9,4.333333333333333,39.0,4.0,36.0,0.33333333333333304,3.0
qwen25_15b,796,msc_valid,6,recency_keep_compress_drop,0.35,9,4.194444444444445,37.75,4.0,36.0,0.19444444444444464,1.75
qwen25_15b,796,msc_valid,6,uniform,0.5,9,4.305555555555555,38.75,4.0,36.0,0.30555555555555536,2.75
qwen25_15b,796,msc_valid,6,longllmlingua,0.5,9,3.7222222222222223,33.5,4.0,36.0,-0.2777777777777777,-2.5
qwen25_15b,796,msc_valid,6,recency,0.5,9,4.25,38.25,4.0,36.0,0.25,2.25
qwen25_15b,796,msc_valid,6,lexical_tfidf,0.5,9,4.166666666666667,37.5,4.0,36.0,0.16666666666666696,1.5
qwen25_15b,796,msc_valid,6,recency_keep_compress_drop,0.5,9,4.194444444444445,37.75,4.0,36.0,0.19444444444444464,1.75
qwen25_15b,796,msc_valid,8,uniform,0.2,9,4.0,36.0,3.611111111111111,32.5,0.38888888888888884,3.5
qwen25_15b,796,msc_valid,8,longllmlingua,0.2,9,3.75,33.75,3.611111111111111,32.5,0.13888888888888884,1.25
qwen25_15b,796,msc_valid,8,recency,0.2,9,4.0,36.0,3.611111111111111,32.5,0.38888888888888884,3.5
qwen25_15b,796,msc_valid,8,lexical_tfidf,0.2,9,4.0,36.0,3.611111111111111,32.5,0.38888888888888884,3.5
qwen25_15b,796,msc_valid,8,recency_keep_compress_drop,0.2,9,4.0,36.0,3.611111111111111,32.5,0.38888888888888884,3.5
qwen25_15b,796,msc_valid,8,uniform,0.35,9,4.527777777777778,40.75,3.611111111111111,32.5,0.9166666666666665,8.25
qwen25_15b,796,msc_valid,8,longllmlingua,0.35,9,3.861111111111111,34.75,3.611111111111111,32.5,0.25,2.25
qwen25_15b,796,msc_valid,8,recency,0.35,9,3.9166666666666665,35.25,3.611111111111111,32.5,0.30555555555555536,2.75
qwen25_15b,796,msc_valid,8,lexical_tfidf,0.35,9,3.9166666666666665,35.25,3.611111111111111,32.5,0.30555555555555536,2.75
qwen25_15b,796,msc_valid,8,recency_keep_compress_drop,0.35,9,3.9166666666666665,35.25,3.611111111111111,32.5,0.30555555555555536,2.75
qwen25_15b,796,msc_valid,8,uniform,0.5,9,3.9444444444444446,35.5,3.611111111111111,32.5,0.3333333333333335,3.0
qwen25_15b,796,msc_valid,8,longllmlingua,0.5,9,3.6944444444444446,33.25,3.611111111111111,32.5,0.08333333333333348,0.75
qwen25_15b,796,msc_valid,8,recency,0.5,9,3.75,33.75,3.611111111111111,32.5,0.13888888888888884,1.25
qwen25_15b,796,msc_valid,8,lexical_tfidf,0.5,9,4.444444444444445,40.0,3.611111111111111,32.5,0.8333333333333335,7.5
qwen25_15b,796,msc_valid,8,recency_keep_compress_drop,0.5,9,3.6944444444444446,33.25,3.611111111111111,32.5,0.08333333333333348,0.75
qwen25_15b,796,msc_valid,10,uniform,0.2,12,3.9375,47.25,3.6666666666666665,44.0,0.2708333333333335,3.25
qwen25_15b,796,msc_valid,10,longllmlingua,0.2,12,4.3125,51.75,3.6666666666666665,44.0,0.6458333333333335,7.75
qwen25_15b,796,msc_valid,10,recency,0.2,12,4.291666666666667,51.5,3.6666666666666665,44.0,0.6250000000000004,7.5
qwen25_15b,796,msc_valid,10,lexical_tfidf,0.2,12,4.208333333333333,50.5,3.6666666666666665,44.0,0.5416666666666665,6.5
qwen25_15b,796,msc_valid,10,recency_keep_compress_drop,0.2,12,4.291666666666667,51.5,3.6666666666666665,44.0,0.6250000000000004,7.5
qwen25_15b,796,msc_valid,10,uniform,0.35,12,3.9375,47.25,3.6666666666666665,44.0,0.2708333333333335,3.25
qwen25_15b,796,msc_valid,10,longllmlingua,0.35,12,4.166666666666667,50.0,3.6666666666666665,44.0,0.5000000000000004,6.0
qwen25_15b,796,msc_valid,10,recency,0.35,12,4.104166666666667,49.25,3.6666666666666665,44.0,0.43750000000000044,5.25
qwen25_15b,796,msc_valid,10,lexical_tfidf,0.35,12,4.145833333333333,49.75,3.6666666666666665,44.0,0.4791666666666665,5.75
qwen25_15b,796,msc_valid,10,recency_keep_compress_drop,0.35,12,4.0625,48.75,3.6666666666666665,44.0,0.3958333333333335,4.75
qwen25_15b,796,msc_valid,10,uniform,0.5,12,3.9166666666666665,47.0,3.6666666666666665,44.0,0.25,3.0
qwen25_15b,796,msc_valid,10,longllmlingua,0.5,12,4.0,48.0,3.6666666666666665,44.0,0.3333333333333335,4.0
qwen25_15b,796,msc_valid,10,recency,0.5,12,3.7291666666666665,44.75,3.6666666666666665,44.0,0.0625,0.75
qwen25_15b,796,msc_valid,10,lexical_tfidf,0.5,12,3.6875,44.25,3.6666666666666665,44.0,0.02083333333333348,0.25
qwen25_15b,796,msc_valid,10,recency_keep_compress_drop,0.5,12,3.7291666666666665,44.75,3.6666666666666665,44.0,0.0625,0.75
qwen25_15b,796,msc_valid,12,uniform,0.2,8,4.625,37.0,3.0,24.0,1.625,13.0
qwen25_15b,796,msc_valid,12,longllmlingua,0.2,8,4.4375,35.5,3.0,24.0,1.4375,11.5
qwen25_15b,796,msc_valid,12,recency,0.2,8,4.53125,36.25,3.0,24.0,1.53125,12.25
qwen25_15b,796,msc_valid,12,lexical_tfidf,0.2,8,4.8125,38.5,3.0,24.0,1.8125,14.5
qwen25_15b,796,msc_valid,12,recency_keep_compress_drop,0.2,8,4.53125,36.25,3.0,24.0,1.53125,12.25
qwen25_15b,796,msc_valid,12,uniform,0.35,8,4.5,36.0,3.0,24.0,1.5,12.0
qwen25_15b,796,msc_valid,12,longllmlingua,0.35,8,4.15625,33.25,3.0,24.0,1.15625,9.25
qwen25_15b,796,msc_valid,12,recency,0.35,8,4.53125,36.25,3.0,24.0,1.53125,12.25
qwen25_15b,796,msc_valid,12,lexical_tfidf,0.35,8,3.484375,27.875,3.0,24.0,0.484375,3.875
qwen25_15b,796,msc_valid,12,recency_keep_compress_drop,0.35,8,3.625,29.0,3.0,24.0,0.625,5.0
qwen25_15b,796,msc_valid,12,uniform,0.5,8,4.28125,34.25,3.0,24.0,1.28125,10.25
qwen25_15b,796,msc_valid,12,longllmlingua,0.5,8,3.984375,31.875,3.0,24.0,0.984375,7.875
qwen25_15b,796,msc_valid,12,recency,0.5,8,3.203125,25.625,3.0,24.0,0.203125,1.625
qwen25_15b,796,msc_valid,12,lexical_tfidf,0.5,8,4.15625,33.25,3.0,24.0,1.15625,9.25
qwen25_15b,796,msc_valid,12,recency_keep_compress_drop,0.5,8,3.421875,27.375,3.0,24.0,0.421875,3.375
qwen25_15b,796,msc_valid,14,uniform,0.2,8,4.71875,37.75,2.984375,23.875,1.734375,13.875
qwen25_15b,796,msc_valid,14,longllmlingua,0.2,8,3.671875,29.375,2.984375,23.875,0.6875,5.5
qwen25_15b,796,msc_valid,14,recency,0.2,8,3.296875,26.375,2.984375,23.875,0.3125,2.5
qwen25_15b,796,msc_valid,14,lexical_tfidf,0.2,8,4.4375,35.5,2.984375,23.875,1.453125,11.625
qwen25_15b,796,msc_valid,14,recency_keep_compress_drop,0.2,8,3.296875,26.375,2.984375,23.875,0.3125,2.5
qwen25_15b,796,msc_valid,14,uniform,0.35,8,4.5,36.0,2.984375,23.875,1.515625,12.125
qwen25_15b,796,msc_valid,14,longllmlingua,0.35,8,3.578125,28.625,2.984375,23.875,0.59375,4.75
qwen25_15b,796,msc_valid,14,recency,0.35,8,3.1875,25.5,2.984375,23.875,0.203125,1.625
qwen25_15b,796,msc_valid,14,lexical_tfidf,0.35,8,4.0625,32.5,2.984375,23.875,1.078125,8.625
qwen25_15b,796,msc_valid,14,recency_keep_compress_drop,0.35,8,3.0625,24.5,2.984375,23.875,0.078125,0.625
qwen25_15b,796,msc_valid,14,uniform,0.5,8,3.65625,29.25,2.984375,23.875,0.671875,5.375
qwen25_15b,796,msc_valid,14,longllmlingua,0.5,8,3.359375,26.875,2.984375,23.875,0.375,3.0
qwen25_15b,796,msc_valid,14,recency,0.5,8,3.359375,26.875,2.984375,23.875,0.375,3.0
qwen25_15b,796,msc_valid,14,lexical_tfidf,0.5,8,3.5,28.0,2.984375,23.875,0.515625,4.125
qwen25_15b,796,msc_valid,14,recency_keep_compress_drop,0.5,8,2.859375,22.875,2.984375,23.875,-0.125,-1.0
qwen25_15b,835,msc_valid,4,uniform,0.2,17,3.5441176470588234,60.25,3.323529411764706,56.5,0.2205882352941173,3.75
qwen25_15b,835,msc_valid,4,longllmlingua,0.2,17,3.2794117647058822,55.75,3.323529411764706,56.5,-0.04411764705882382,-0.75
qwen25_15b,835,msc_valid,4,recency,0.2,17,3.5441176470588234,60.25,3.323529411764706,56.5,0.2205882352941173,3.75
qwen25_15b,835,msc_valid,4,lexical_tfidf,0.2,17,3.5441176470588234,60.25,3.323529411764706,56.5,0.2205882352941173,3.75
qwen25_15b,835,msc_valid,4,recency_keep_compress_drop,0.2,17,3.5441176470588234,60.25,3.323529411764706,56.5,0.2205882352941173,3.75
qwen25_15b,835,msc_valid,4,uniform,0.35,17,3.426470588235294,58.25,3.323529411764706,56.5,0.10294117647058787,1.75
qwen25_15b,835,msc_valid,4,longllmlingua,0.35,17,3.1176470588235294,53.0,3.323529411764706,56.5,-0.20588235294117663,-3.5
qwen25_15b,835,msc_valid,4,recency,0.35,17,3.426470588235294,58.25,3.323529411764706,56.5,0.10294117647058787,1.75
qwen25_15b,835,msc_valid,4,lexical_tfidf,0.35,17,3.426470588235294,58.25,3.323529411764706,56.5,0.10294117647058787,1.75
qwen25_15b,835,msc_valid,4,recency_keep_compress_drop,0.35,17,3.426470588235294,58.25,3.323529411764706,56.5,0.10294117647058787,1.75
qwen25_15b,835,msc_valid,4,uniform,0.5,17,3.426470588235294,58.25,3.323529411764706,56.5,0.10294117647058787,1.75
qwen25_15b,835,msc_valid,4,longllmlingua,0.5,17,3.0441176470588234,51.75,3.323529411764706,56.5,-0.2794117647058827,-4.75
qwen25_15b,835,msc_valid,4,recency,0.5,17,3.426470588235294,58.25,3.323529411764706,56.5,0.10294117647058787,1.75
qwen25_15b,835,msc_valid,4,lexical_tfidf,0.5,17,3.426470588235294,58.25,3.323529411764706,56.5,0.10294117647058787,1.75
qwen25_15b,835,msc_valid,4,recency_keep_compress_drop,0.5,17,3.426470588235294,58.25,3.323529411764706,56.5,0.10294117647058787,1.75
qwen25_15b,835,msc_valid,6,uniform,0.2,13,1.9711538461538463,25.625,1.6730769230769231,21.75,0.29807692307692313,3.875
qwen25_15b,835,msc_valid,6,longllmlingua,0.2,13,1.8846153846153846,24.5,1.6730769230769231,21.75,0.21153846153846145,2.75
qwen25_15b,835,msc_valid,6,recency,0.2,13,2.2211538461538463,28.875,1.6730769230769231,21.75,0.5480769230769231,7.125
qwen25_15b,835,msc_valid,6,lexical_tfidf,0.2,13,2.2211538461538463,28.875,1.6730769230769231,21.75,0.5480769230769231,7.125
qwen25_15b,835,msc_valid,6,recency_keep_compress_drop,0.2,13,1.9711538461538463,25.625,1.6730769230769231,21.75,0.29807692307692313,3.875
qwen25_15b,835,msc_valid,6,uniform,0.35,13,1.9903846153846154,25.875,1.6730769230769231,21.75,0.3173076923076923,4.125
qwen25_15b,835,msc_valid,6,longllmlingua,0.35,13,1.6442307692307692,21.375,1.6730769230769231,21.75,-0.028846153846153966,-0.375
qwen25_15b,835,msc_valid,6,recency,0.35,13,1.9903846153846154,25.875,1.6730769230769231,21.75,0.3173076923076923,4.125
qwen25_15b,835,msc_valid,6,lexical_tfidf,0.35,13,1.9903846153846154,25.875,1.6730769230769231,21.75,0.3173076923076923,4.125
qwen25_15b,835,msc_valid,6,recency_keep_compress_drop,0.35,13,1.8173076923076923,23.625,1.6730769230769231,21.75,0.14423076923076916,1.875
qwen25_15b,835,msc_valid,6,uniform,0.5,13,2.1153846153846154,27.5,1.6730769230769231,21.75,0.4423076923076923,5.75
qwen25_15b,835,msc_valid,6,longllmlingua,0.5,13,1.5576923076923077,20.25,1.6730769230769231,21.75,-0.11538461538461542,-1.5
qwen25_15b,835,msc_valid,6,recency,0.5,13,1.8942307692307692,24.625,1.6730769230769231,21.75,0.22115384615384603,2.875
qwen25_15b,835,msc_valid,6,lexical_tfidf,0.5,13,1.9903846153846154,25.875,1.6730769230769231,21.75,0.3173076923076923,4.125
qwen25_15b,835,msc_valid,6,recency_keep_compress_drop,0.5,13,1.6538461538461537,21.5,1.6730769230769231,21.75,-0.019230769230769384,-0.25
qwen25_15b,835,msc_valid,8,uniform,0.2,15,3.0,45.0,2.5166666666666666,37.75,0.4833333333333334,7.25
qwen25_15b,835,msc_valid,8,longllmlingua,0.2,15,2.716666666666667,40.75,2.5166666666666666,37.75,0.20000000000000018,3.0
qwen25_15b,835,msc_valid,8,recency,0.2,15,3.0166666666666666,45.25,2.5166666666666666,37.75,0.5,7.5
qwen25_15b,835,msc_valid,8,lexical_tfidf,0.2,15,3.183333333333333,47.75,2.5166666666666666,37.75,0.6666666666666665,10.0
qwen25_15b,835,msc_valid,8,recency_keep_compress_drop,0.2,15,3.0166666666666666,45.25,2.5166666666666666,37.75,0.5,7.5
qwen25_15b,835,msc_valid,8,uniform,0.35,15,3.1333333333333333,47.0,2.5166666666666666,37.75,0.6166666666666667,9.25
qwen25_15b,835,msc_valid,8,longllmlingua,0.35,15,2.7666666666666666,41.5,2.5166666666666666,37.75,0.25,3.75
qwen25_15b,835,msc_valid,8,recency,0.35,15,2.8666666666666667,43.0,2.5166666666666666,37.75,0.3500000000000001,5.25
qwen25_15b,835,msc_valid,8,lexical_tfidf,0.35,15,3.066666666666667,46.0,2.5166666666666666,37.75,0.5500000000000003,8.25
qwen25_15b,835,msc_valid,8,recency_keep_compress_drop,0.35,15,2.933333333333333,44.0,2.5166666666666666,37.75,0.4166666666666665,6.25
qwen25_15b,835,msc_valid,8,uniform,0.5,15,2.8833333333333333,43.25,2.5166666666666666,37.75,0.3666666666666667,5.5
qwen25_15b,835,msc_valid,8,longllmlingua,0.5,15,2.5166666666666666,37.75,2.5166666666666666,37.75,0.0,0.0
qwen25_15b,835,msc_valid,8,recency,0.5,15,2.8333333333333335,42.5,2.5166666666666666,37.75,0.3166666666666669,4.75
qwen25_15b,835,msc_valid,8,lexical_tfidf,0.5,15,2.933333333333333,44.0,2.5166666666666666,37.75,0.4166666666666665,6.25
qwen25_15b,835,msc_valid,8,recency_keep_compress_drop,0.5,15,2.7,40.5,2.5166666666666666,37.75,0.18333333333333357,2.75
qwen25_15b,835,msc_valid,10,uniform,0.2,18,2.9027777777777777,52.25,2.736111111111111,49.25,0.16666666666666652,3.0
qwen25_15b,835,msc_valid,10,longllmlingua,0.2,18,2.8472222222222223,51.25,2.736111111111111,49.25,0.11111111111111116,2.0
qwen25_15b,835,msc_valid,10,recency,0.2,18,3.013888888888889,54.25,2.736111111111111,49.25,0.2777777777777777,5.0
qwen25_15b,835,msc_valid,10,lexical_tfidf,0.2,18,3.013888888888889,54.25,2.736111111111111,49.25,0.2777777777777777,5.0
qwen25_15b,835,msc_valid,10,recency_keep_compress_drop,0.2,18,3.013888888888889,54.25,2.736111111111111,49.25,0.2777777777777777,5.0
qwen25_15b,835,msc_valid,10,uniform,0.35,18,3.0,54.0,2.736111111111111,49.25,0.26388888888888884,4.75
qwen25_15b,835,msc_valid,10,longllmlingua,0.35,18,2.986111111111111,53.75,2.736111111111111,49.25,0.25,4.5
qwen25_15b,835,msc_valid,10,recency,0.35,18,2.736111111111111,49.25,2.736111111111111,49.25,0.0,0.0
qwen25_15b,835,msc_valid,10,lexical_tfidf,0.35,18,2.9444444444444446,53.0,2.736111111111111,49.25,0.20833333333333348,3.75
qwen25_15b,835,msc_valid,10,recency_keep_compress_drop,0.35,18,2.7777777777777777,50.0,2.736111111111111,49.25,0.04166666666666652,0.75
qwen25_15b,835,msc_valid,10,uniform,0.5,18,2.888888888888889,52.0,2.736111111111111,49.25,0.15277777777777768,2.75
qwen25_15b,835,msc_valid,10,longllmlingua,0.5,18,2.9583333333333335,53.25,2.736111111111111,49.25,0.22222222222222232,4.0
qwen25_15b,835,msc_valid,10,recency,0.5,18,2.7916666666666665,50.25,2.736111111111111,49.25,0.05555555555555536,1.0
qwen25_15b,835,msc_valid,10,lexical_tfidf,0.5,18,2.7916666666666665,50.25,2.736111111111111,49.25,0.05555555555555536,1.0
qwen25_15b,835,msc_valid,10,recency_keep_compress_drop,0.5,18,2.8055555555555554,50.5,2.736111111111111,49.25,0.0694444444444442,1.25
qwen25_15b,835,msc_valid,12,uniform,0.2,12,2.7708333333333335,33.25,2.3020833333333335,27.625,0.46875,5.625
qwen25_15b,835,msc_valid,12,longllmlingua,0.2,12,2.4375,29.25,2.3020833333333335,27.625,0.13541666666666652,1.625
qwen25_15b,835,msc_valid,12,recency,0.2,12,2.5416666666666665,30.5,2.3020833333333335,27.625,0.23958333333333304,2.875
qwen25_15b,835,msc_valid,12,lexical_tfidf,0.2,12,2.875,34.5,2.3020833333333335,27.625,0.5729166666666665,6.875
qwen25_15b,835,msc_valid,12,recency_keep_compress_drop,0.2,12,3.1041666666666665,37.25,2.3020833333333335,27.625,0.802083333333333,9.625
qwen25_15b,835,msc_valid,12,uniform,0.35,12,2.5416666666666665,30.5,2.3020833333333335,27.625,0.23958333333333304,2.875
qwen25_15b,835,msc_valid,12,longllmlingua,0.35,12,2.3645833333333335,28.375,2.3020833333333335,27.625,0.0625,0.75
qwen25_15b,835,msc_valid,12,recency,0.35,12,2.7291666666666665,32.75,2.3020833333333335,27.625,0.42708333333333304,5.125
qwen25_15b,835,msc_valid,12,lexical_tfidf,0.35,12,2.7083333333333335,32.5,2.3020833333333335,27.625,0.40625,4.875
qwen25_15b,835,msc_valid,12,recency_keep_compress_drop,0.35,12,2.7708333333333335,33.25,2.3020833333333335,27.625,0.46875,5.625
qwen25_15b,835,msc_valid,12,uniform,0.5,12,2.4375,29.25,2.3020833333333335,27.625,0.13541666666666652,1.625
qwen25_15b,835,msc_valid,12,longllmlingua,0.5,12,2.2604166666666665,27.125,2.3020833333333335,27.625,-0.04166666666666696,-0.5
qwen25_15b,835,msc_valid,12,recency,0.5,12,2.46875,29.625,2.3020833333333335,27.625,0.16666666666666652,2.0
qwen25_15b,835,msc_valid,12,lexical_tfidf,0.5,12,2.4895833333333335,29.875,2.3020833333333335,27.625,0.1875,2.25
qwen25_15b,835,msc_valid,12,recency_keep_compress_drop,0.5,12,2.5104166666666665,30.125,2.3020833333333335,27.625,0.20833333333333304,2.5
qwen25_15b,835,msc_valid,14,uniform,0.2,22,3.090909090909091,68.0,1.9090909090909092,42.0,1.1818181818181817,26.0
qwen25_15b,835,msc_valid,14,longllmlingua,0.2,22,2.4431818181818183,53.75,1.9090909090909092,42.0,0.5340909090909092,11.75
qwen25_15b,835,msc_valid,14,recency,0.2,22,2.7954545454545454,61.5,1.9090909090909092,42.0,0.8863636363636362,19.5
qwen25_15b,835,msc_valid,14,lexical_tfidf,0.2,22,2.659090909090909,58.5,1.9090909090909092,42.0,0.75,16.5
qwen25_15b,835,msc_valid,14,recency_keep_compress_drop,0.2,22,2.7613636363636362,60.75,1.9090909090909092,42.0,0.8522727272727271,18.75
qwen25_15b,835,msc_valid,14,uniform,0.35,22,2.8068181818181817,61.75,1.9090909090909092,42.0,0.8977272727272725,19.75
qwen25_15b,835,msc_valid,14,longllmlingua,0.35,22,2.477272727272727,54.5,1.9090909090909092,42.0,0.5681818181818179,12.5
qwen25_15b,835,msc_valid,14,recency,0.35,22,2.6363636363636362,58.0,1.9090909090909092,42.0,0.7272727272727271,16.0
qwen25_15b,835,msc_valid,14,lexical_tfidf,0.35,22,2.147727272727273,47.25,1.9090909090909092,42.0,0.23863636363636376,5.25
qwen25_15b,835,msc_valid,14,recency_keep_compress_drop,0.35,22,2.534090909090909,55.75,1.9090909090909092,42.0,0.625,13.75
qwen25_15b,835,msc_valid,14,uniform,0.5,22,2.284090909090909,50.25,1.9090909090909092,42.0,0.375,8.25
qwen25_15b,835,msc_valid,14,longllmlingua,0.5,22,2.284090909090909,50.25,1.9090909090909092,42.0,0.375,8.25
qwen25_15b,835,msc_valid,14,recency,0.5,22,2.227272727272727,49.0,1.9090909090909092,42.0,0.3181818181818179,7.0
qwen25_15b,835,msc_valid,14,lexical_tfidf,0.5,22,2.2613636363636362,49.75,1.9090909090909092,42.0,0.35227272727272707,7.75
qwen25_15b,835,msc_valid,14,recency_keep_compress_drop,0.5,22,2.272727272727273,50.0,1.9090909090909092,42.0,0.36363636363636376,8.0
qwen25_15b,858,msc_valid,4,uniform,0.2,16,3.859375,61.75,3.75,60.0,0.109375,1.75
qwen25_15b,858,msc_valid,4,longllmlingua,0.2,16,3.21875,51.5,3.75,60.0,-0.53125,-8.5
qwen25_15b,858,msc_valid,4,recency,0.2,16,3.859375,61.75,3.75,60.0,0.109375,1.75
qwen25_15b,858,msc_valid,4,lexical_tfidf,0.2,16,3.859375,61.75,3.75,60.0,0.109375,1.75
qwen25_15b,858,msc_valid,4,recency_keep_compress_drop,0.2,16,3.859375,61.75,3.75,60.0,0.109375,1.75
qwen25_15b,858,msc_valid,4,uniform,0.35,16,3.828125,61.25,3.75,60.0,0.078125,1.25
qwen25_15b,858,msc_valid,4,longllmlingua,0.35,16,3.15625,50.5,3.75,60.0,-0.59375,-9.5
qwen25_15b,858,msc_valid,4,recency,0.35,16,3.828125,61.25,3.75,60.0,0.078125,1.25
qwen25_15b,858,msc_valid,4,lexical_tfidf,0.35,16,3.828125,61.25,3.75,60.0,0.078125,1.25
qwen25_15b,858,msc_valid,4,recency_keep_compress_drop,0.35,16,3.828125,61.25,3.75,60.0,0.078125,1.25
qwen25_15b,858,msc_valid,4,uniform,0.5,16,3.828125,61.25,3.75,60.0,0.078125,1.25
qwen25_15b,858,msc_valid,4,longllmlingua,0.5,16,3.109375,49.75,3.75,60.0,-0.640625,-10.25
qwen25_15b,858,msc_valid,4,recency,0.5,16,3.828125,61.25,3.75,60.0,0.078125,1.25
qwen25_15b,858,msc_valid,4,lexical_tfidf,0.5,16,3.828125,61.25,3.75,60.0,0.078125,1.25
qwen25_15b,858,msc_valid,4,recency_keep_compress_drop,0.5,16,3.828125,61.25,3.75,60.0,0.078125,1.25
qwen25_15b,858,msc_valid,8,uniform,0.2,22,4.545454545454546,100.0,4.5227272727272725,99.5,0.022727272727273373,0.5
qwen25_15b,858,msc_valid,8,longllmlingua,0.2,22,4.613636363636363,101.5,4.5227272727272725,99.5,0.09090909090909083,2.0
qwen25_15b,858,msc_valid,8,recency,0.2,22,4.454545454545454,98.0,4.5227272727272725,99.5,-0.06818181818181834,-1.5
qwen25_15b,858,msc_valid,8,lexical_tfidf,0.2,22,4.454545454545454,98.0,4.5227272727272725,99.5,-0.06818181818181834,-1.5
qwen25_15b,858,msc_valid,8,recency_keep_compress_drop,0.2,22,4.454545454545454,98.0,4.5227272727272725,99.5,-0.06818181818181834,-1.5
qwen25_15b,858,msc_valid,8,uniform,0.35,22,4.613636363636363,101.5,4.5227272727272725,99.5,0.09090909090909083,2.0
qwen25_15b,858,msc_valid,8,longllmlingua,0.35,22,4.5227272727272725,99.5,4.5227272727272725,99.5,0.0,0.0
qwen25_15b,858,msc_valid,8,recency,0.35,22,4.5,99.0,4.5227272727272725,99.5,-0.022727272727272485,-0.5
qwen25_15b,858,msc_valid,8,lexical_tfidf,0.35,22,4.613636363636363,101.5,4.5227272727272725,99.5,0.09090909090909083,2.0
qwen25_15b,858,msc_valid,8,recency_keep_compress_drop,0.35,22,4.409090909090909,97.0,4.5227272727272725,99.5,-0.11363636363636331,-2.5
qwen25_15b,858,msc_valid,8,uniform,0.5,22,4.613636363636363,101.5,4.5227272727272725,99.5,0.09090909090909083,2.0
qwen25_15b,858,msc_valid,8,longllmlingua,0.5,22,4.5,99.0,4.5227272727272725,99.5,-0.022727272727272485,-0.5
qwen25_15b,858,msc_valid,8,recency,0.5,22,4.431818181818182,97.5,4.5227272727272725,99.5,-0.09090909090909083,-2.0
qwen25_15b,858,msc_valid,8,lexical_tfidf,0.5,22,4.568181818181818,100.5,4.5227272727272725,99.5,0.04545454545454586,1.0
qwen25_15b,858,msc_valid,8,recency_keep_compress_drop,0.5,22,4.454545454545454,98.0,4.5227272727272725,99.5,-0.06818181818181834,-1.5
qwen25_15b,858,msc_valid,12,uniform,0.2,16,2.78125,44.5,2.265625,36.25,0.515625,8.25
qwen25_15b,858,msc_valid,12,longllmlingua,0.2,16,2.34375,37.5,2.265625,36.25,0.078125,1.25
qwen25_15b,858,msc_valid,12,recency,0.2,16,2.796875,44.75,2.265625,36.25,0.53125,8.5
qwen25_15b,858,msc_valid,12,lexical_tfidf,0.2,16,2.640625,42.25,2.265625,36.25,0.375,6.0
qwen25_15b,858,msc_valid,12,recency_keep_compress_drop,0.2,16,2.640625,42.25,2.265625,36.25,0.375,6.0
qwen25_15b,858,msc_valid,12,uniform,0.35,16,2.390625,38.25,2.265625,36.25,0.125,2.0
qwen25_15b,858,msc_valid,12,longllmlingua,0.35,16,2.390625,38.25,2.265625,36.25,0.125,2.0
qwen25_15b,858,msc_valid,12,recency,0.35,16,2.421875,38.75,2.265625,36.25,0.15625,2.5
qwen25_15b,858,msc_valid,12,lexical_tfidf,0.35,16,2.40625,38.5,2.265625,36.25,0.140625,2.25
qwen25_15b,858,msc_valid,12,recency_keep_compress_drop,0.35,16,2.4375,39.0,2.265625,36.25,0.171875,2.75
qwen25_15b,858,msc_valid,12,uniform,0.5,16,2.328125,37.25,2.265625,36.25,0.0625,1.0
qwen25_15b,858,msc_valid,12,longllmlingua,0.5,16,2.3125,37.0,2.265625,36.25,0.046875,0.75
qwen25_15b,858,msc_valid,12,recency,0.5,16,2.53125,40.5,2.265625,36.25,0.265625,4.25
qwen25_15b,858,msc_valid,12,lexical_tfidf,0.5,16,2.34375,37.5,2.265625,36.25,0.078125,1.25
qwen25_15b,858,msc_valid,12,recency_keep_compress_drop,0.5,16,2.609375,41.75,2.265625,36.25,0.34375,5.5
qwen25_15b,858,msc_valid,16,uniform,0.2,30,2.933333333333333,88.0,2.35,70.5,0.583333333333333,17.5
qwen25_15b,858,msc_valid,16,longllmlingua,0.2,30,2.716666666666667,81.5,2.35,70.5,0.3666666666666667,11.0
qwen25_15b,858,msc_valid,16,recency,0.2,30,2.75,82.5,2.35,70.5,0.3999999999999999,12.0
qwen25_15b,858,msc_valid,16,lexical_tfidf,0.2,30,2.716666666666667,81.5,2.35,70.5,0.3666666666666667,11.0
qwen25_15b,858,msc_valid,16,recency_keep_compress_drop,0.2,30,2.55,76.5,2.35,70.5,0.19999999999999973,6.0
qwen25_15b,858,msc_valid,16,uniform,0.35,30,2.8666666666666667,86.0,2.35,70.5,0.5166666666666666,15.5
qwen25_15b,858,msc_valid,16,longllmlingua,0.35,30,2.7666666666666666,83.0,2.35,70.5,0.4166666666666665,12.5
qwen25_15b,858,msc_valid,16,recency,0.35,30,2.55,76.5,2.35,70.5,0.19999999999999973,6.0
qwen25_15b,858,msc_valid,16,lexical_tfidf,0.35,30,2.6333333333333333,79.0,2.35,70.5,0.2833333333333332,8.5
qwen25_15b,858,msc_valid,16,recency_keep_compress_drop,0.35,30,2.3666666666666667,71.0,2.35,70.5,0.016666666666666607,0.5
qwen25_15b,858,msc_valid,16,uniform,0.5,30,2.55,76.5,2.35,70.5,0.19999999999999973,6.0
qwen25_15b,858,msc_valid,16,longllmlingua,0.5,30,2.75,82.5,2.35,70.5,0.3999999999999999,12.0
qwen25_15b,858,msc_valid,16,recency,0.5,30,2.65,79.5,2.35,70.5,0.2999999999999998,9.0
qwen25_15b,858,msc_valid,16,lexical_tfidf,0.5,30,2.5166666666666666,75.5,2.35,70.5,0.16666666666666652,5.0
qwen25_15b,858,msc_valid,16,recency_keep_compress_drop,0.5,30,2.35,70.5,2.35,70.5,0.0,0.0
qwen25_15b,858,msc_valid,18,uniform,0.2,45,3.8,171.0,3.577777777777778,161.0,0.22222222222222188,10.0
qwen25_15b,858,msc_valid,18,longllmlingua,0.2,45,3.7333333333333334,168.0,3.577777777777778,161.0,0.15555555555555545,7.0
qwen25_15b,858,msc_valid,18,recency,0.2,45,3.7111111111111112,167.0,3.577777777777778,161.0,0.1333333333333333,6.0
qwen25_15b,858,msc_valid,18,lexical_tfidf,0.2,45,3.7333333333333334,168.0,3.577777777777778,161.0,0.15555555555555545,7.0
qwen25_15b,858,msc_valid,18,recency_keep_compress_drop,0.2,45,3.7333333333333334,168.0,3.577777777777778,161.0,0.15555555555555545,7.0
qwen25_15b,858,msc_valid,18,uniform,0.35,45,3.7555555555555555,169.0,3.577777777777778,161.0,0.1777777777777776,8.0
qwen25_15b,858,msc_valid,18,longllmlingua,0.35,45,3.6666666666666665,165.0,3.577777777777778,161.0,0.08888888888888857,4.0
qwen25_15b,858,msc_valid,18,recency,0.35,45,3.6222222222222222,163.0,3.577777777777778,161.0,0.04444444444444429,2.0
qwen25_15b,858,msc_valid,18,lexical_tfidf,0.35,45,3.7777777777777777,170.0,3.577777777777778,161.0,0.19999999999999973,9.0
qwen25_15b,858,msc_valid,18,recency_keep_compress_drop,0.35,45,3.6666666666666665,165.0,3.577777777777778,161.0,0.08888888888888857,4.0
qwen25_15b,858,msc_valid,18,uniform,0.5,45,3.7777777777777777,170.0,3.577777777777778,161.0,0.19999999999999973,9.0
qwen25_15b,858,msc_valid,18,longllmlingua,0.5,45,3.7111111111111112,167.0,3.577777777777778,161.0,0.1333333333333333,6.0
qwen25_15b,858,msc_valid,18,recency,0.5,45,3.6,162.0,3.577777777777778,161.0,0.022222222222222143,1.0
qwen25_15b,858,msc_valid,18,lexical_tfidf,0.5,45,3.7333333333333334,168.0,3.577777777777778,161.0,0.15555555555555545,7.0
qwen25_15b,858,msc_valid,18,recency_keep_compress_drop,0.5,45,3.6222222222222222,163.0,3.577777777777778,161.0,0.04444444444444429,2.0
qwen25_15b,858,msc_valid,22,uniform,0.2,13,2.9038461538461537,37.75,2.3076923076923075,30.0,0.5961538461538463,7.75
qwen25_15b,858,msc_valid,22,longllmlingua,0.2,13,2.5576923076923075,33.25,2.3076923076923075,30.0,0.25,3.25
qwen25_15b,858,msc_valid,22,recency,0.2,13,2.519230769230769,32.75,2.3076923076923075,30.0,0.21153846153846168,2.75
qwen25_15b,858,msc_valid,22,lexical_tfidf,0.2,13,2.826923076923077,36.75,2.3076923076923075,30.0,0.5192307692307696,6.75
qwen25_15b,858,msc_valid,22,recency_keep_compress_drop,0.2,13,2.6153846153846154,34.0,2.3076923076923075,30.0,0.30769230769230793,4.0
qwen25_15b,858,msc_valid,22,uniform,0.35,13,2.75,35.75,2.3076923076923075,30.0,0.4423076923076925,5.75
qwen25_15b,858,msc_valid,22,longllmlingua,0.35,13,2.480769230769231,32.25,2.3076923076923075,30.0,0.17307692307692335,2.25
qwen25_15b,858,msc_valid,22,recency,0.35,13,2.451923076923077,31.875,2.3076923076923075,30.0,0.1442307692307696,1.875
qwen25_15b,858,msc_valid,22,lexical_tfidf,0.35,13,2.7115384615384617,35.25,2.3076923076923075,30.0,0.4038461538461542,5.25
qwen25_15b,858,msc_valid,22,recency_keep_compress_drop,0.35,13,2.5384615384615383,33.0,2.3076923076923075,30.0,0.23076923076923084,3.0
qwen25_15b,858,msc_valid,22,uniform,0.5,13,2.5,32.5,2.3076923076923075,30.0,0.1923076923076925,2.5
qwen25_15b,858,msc_valid,22,longllmlingua,0.5,13,2.5384615384615383,33.0,2.3076923076923075,30.0,0.23076923076923084,3.0
qwen25_15b,858,msc_valid,22,recency,0.5,13,2.3653846153846154,30.75,2.3076923076923075,30.0,0.05769230769230793,0.75
qwen25_15b,858,msc_valid,22,lexical_tfidf,0.5,13,2.519230769230769,32.75,2.3076923076923075,30.0,0.21153846153846168,2.75
qwen25_15b,858,msc_valid,22,recency_keep_compress_drop,0.5,13,2.4134615384615383,31.375,2.3076923076923075,30.0,0.10576923076923084,1.375
qwen25_15b,858,msc_valid,26,uniform,0.2,11,1.7840909090909092,19.625,1.7272727272727273,19.0,0.05681818181818188,0.625
qwen25_15b,858,msc_valid,26,longllmlingua,0.2,11,1.6931818181818181,18.625,1.7272727272727273,19.0,-0.03409090909090917,-0.375
qwen25_15b,858,msc_valid,26,recency,0.2,11,1.3181818181818181,14.5,1.7272727272727273,19.0,-0.40909090909090917,-4.5
qwen25_15b,858,msc_valid,26,lexical_tfidf,0.2,11,1.8977272727272727,20.875,1.7272727272727273,19.0,0.17045454545454541,1.875
qwen25_15b,858,msc_valid,26,recency_keep_compress_drop,0.2,11,1.7840909090909092,19.625,1.7272727272727273,19.0,0.05681818181818188,0.625
qwen25_15b,858,msc_valid,26,uniform,0.35,11,1.3863636363636365,15.25,1.7272727272727273,19.0,-0.34090909090909083,-3.75
qwen25_15b,858,msc_valid,26,longllmlingua,0.35,11,1.7272727272727273,19.0,1.7272727272727273,19.0,0.0,0.0
qwen25_15b,858,msc_valid,26,recency,0.35,11,1.7613636363636365,19.375,1.7272727272727273,19.0,0.03409090909090917,0.375
qwen25_15b,858,msc_valid,26,lexical_tfidf,0.35,11,1.7386363636363635,19.125,1.7272727272727273,19.0,0.011363636363636243,0.125
qwen25_15b,858,msc_valid,26,recency_keep_compress_drop,0.35,11,1.8863636363636365,20.75,1.7272727272727273,19.0,0.15909090909090917,1.75
qwen25_15b,858,msc_valid,26,uniform,0.5,11,1.3977272727272727,15.375,1.7272727272727273,19.0,-0.3295454545454546,-3.625
qwen25_15b,858,msc_valid,26,longllmlingua,0.5,11,1.7386363636363635,19.125,1.7272727272727273,19.0,0.011363636363636243,0.125
qwen25_15b,858,msc_valid,26,recency,0.5,11,1.7272727272727273,19.0,1.7272727272727273,19.0,0.0,0.0
qwen25_15b,858,msc_valid,26,lexical_tfidf,0.5,11,1.5795454545454546,17.375,1.7272727272727273,19.0,-0.1477272727272727,-1.625
qwen25_15b,858,msc_valid,26,recency_keep_compress_drop,0.5,11,1.875,20.625,1.7272727272727273,19.0,0.1477272727272727,1.625
qwen25_15b,858,msc_valid,30,uniform,0.2,28,3.357142857142857,94.0,3.232142857142857,90.5,0.125,3.5
qwen25_15b,858,msc_valid,30,longllmlingua,0.2,28,3.5892857142857144,100.5,3.232142857142857,90.5,0.3571428571428572,10.0
qwen25_15b,858,msc_valid,30,recency,0.2,28,3.642857142857143,102.0,3.232142857142857,90.5,0.4107142857142856,11.5
qwen25_15b,858,msc_valid,30,lexical_tfidf,0.2,28,3.3214285714285716,93.0,3.232142857142857,90.5,0.08928571428571441,2.5
qwen25_15b,858,msc_valid,30,recency_keep_compress_drop,0.2,28,3.4642857142857144,97.0,3.232142857142857,90.5,0.2321428571428572,6.5
qwen25_15b,858,msc_valid,30,uniform,0.35,28,3.3392857142857144,93.5,3.232142857142857,90.5,0.1071428571428572,3.0
qwen25_15b,858,msc_valid,30,longllmlingua,0.35,28,3.375,94.5,3.232142857142857,90.5,0.1428571428571428,4.0
qwen25_15b,858,msc_valid,30,recency,0.35,28,3.5357142857142856,99.0,3.232142857142857,90.5,0.3035714285714284,8.5
qwen25_15b,858,msc_valid,30,lexical_tfidf,0.35,28,3.392857142857143,95.0,3.232142857142857,90.5,0.1607142857142856,4.5
qwen25_15b,858,msc_valid,30,recency_keep_compress_drop,0.35,28,3.357142857142857,94.0,3.232142857142857,90.5,0.125,3.5
qwen25_15b,858,msc_valid,30,uniform,0.5,28,3.25,91.0,3.232142857142857,90.5,0.017857142857142794,0.5
qwen25_15b,858,msc_valid,30,longllmlingua,0.5,28,3.5892857142857144,100.5,3.232142857142857,90.5,0.3571428571428572,10.0
qwen25_15b,858,msc_valid,30,recency,0.5,28,3.375,94.5,3.232142857142857,90.5,0.1428571428571428,4.0
qwen25_15b,858,msc_valid,30,lexical_tfidf,0.5,28,3.267857142857143,91.5,3.232142857142857,90.5,0.03571428571428559,1.0
qwen25_15b,858,msc_valid,30,recency_keep_compress_drop,0.5,28,3.4107142857142856,95.5,3.232142857142857,90.5,0.17857142857142838,5.0
qwen25_15b,858,msc_valid,34,uniform,0.2,50,2.9,145.0,2.88,144.0,0.020000000000000018,1.0
qwen25_15b,858,msc_valid,34,longllmlingua,0.2,50,2.86,143.0,2.88,144.0,-0.020000000000000018,-1.0
qwen25_15b,858,msc_valid,34,recency,0.2,50,2.82,141.0,2.88,144.0,-0.06000000000000005,-3.0
qwen25_15b,858,msc_valid,34,lexical_tfidf,0.2,50,2.86,143.0,2.88,144.0,-0.020000000000000018,-1.0
qwen25_15b,858,msc_valid,34,recency_keep_compress_drop,0.2,50,2.86,143.0,2.88,144.0,-0.020000000000000018,-1.0
qwen25_15b,858,msc_valid,34,uniform,0.35,50,2.9,145.0,2.88,144.0,0.020000000000000018,1.0
qwen25_15b,858,msc_valid,34,longllmlingua,0.35,50,2.84,142.0,2.88,144.0,-0.040000000000000036,-2.0
qwen25_15b,858,msc_valid,34,recency,0.35,50,2.86,143.0,2.88,144.0,-0.020000000000000018,-1.0
qwen25_15b,858,msc_valid,34,lexical_tfidf,0.35,50,2.9,145.0,2.88,144.0,0.020000000000000018,1.0
qwen25_15b,858,msc_valid,34,recency_keep_compress_drop,0.35,50,2.86,143.0,2.88,144.0,-0.020000000000000018,-1.0
qwen25_15b,858,msc_valid,34,uniform,0.5,50,2.9,145.0,2.88,144.0,0.020000000000000018,1.0
qwen25_15b,858,msc_valid,34,longllmlingua,0.5,50,2.86,143.0,2.88,144.0,-0.020000000000000018,-1.0
qwen25_15b,858,msc_valid,34,recency,0.5,50,2.88,144.0,2.88,144.0,0.0,0.0
qwen25_15b,858,msc_valid,34,lexical_tfidf,0.5,50,2.9,145.0,2.88,144.0,0.020000000000000018,1.0
qwen25_15b,858,msc_valid,34,recency_keep_compress_drop,0.5,50,2.88,144.0,2.88,144.0,0.0,0.0
qwen25_15b,858,msc_valid,38,uniform,0.2,41,2.231707317073171,91.5,0.0,0.0,2.231707317073171,91.5
qwen25_15b,858,msc_valid,38,longllmlingua,0.2,41,2.1707317073170733,89.0,0.0,0.0,2.1707317073170733,89.0
qwen25_15b,858,msc_valid,38,recency,0.2,41,2.097560975609756,86.0,0.0,0.0,2.097560975609756,86.0
qwen25_15b,858,msc_valid,38,lexical_tfidf,0.2,41,2.2195121951219514,91.0,0.0,0.0,2.2195121951219514,91.0
qwen25_15b,858,msc_valid,38,recency_keep_compress_drop,0.2,41,2.2560975609756095,92.5,0.0,0.0,2.2560975609756095,92.5
qwen25_15b,858,msc_valid,38,uniform,0.35,41,2.207317073170732,90.5,0.0,0.0,2.207317073170732,90.5
qwen25_15b,858,msc_valid,38,longllmlingua,0.35,41,2.1707317073170733,89.0,0.0,0.0,2.1707317073170733,89.0
qwen25_15b,858,msc_valid,38,recency,0.35,41,2.073170731707317,85.0,0.0,0.0,2.073170731707317,85.0
qwen25_15b,858,msc_valid,38,lexical_tfidf,0.35,41,2.0609756097560976,84.5,0.0,0.0,2.0609756097560976,84.5
qwen25_15b,858,msc_valid,38,recency_keep_compress_drop,0.35,41,2.1463414634146343,88.0,0.0,0.0,2.1463414634146343,88.0
qwen25_15b,858,msc_valid,38,uniform,0.5,41,2.1707317073170733,89.0,0.0,0.0,2.1707317073170733,89.0
qwen25_15b,858,msc_valid,38,longllmlingua,0.5,41,2.1463414634146343,88.0,0.0,0.0,2.1463414634146343,88.0
qwen25_15b,858,msc_valid,38,recency,0.5,41,2.048780487804878,84.0,0.0,0.0,2.048780487804878,84.0
qwen25_15b,858,msc_valid,38,lexical_tfidf,0.5,41,2.0609756097560976,84.5,0.0,0.0,2.0609756097560976,84.5
qwen25_15b,858,msc_valid,38,recency_keep_compress_drop,0.5,41,2.1097560975609757,86.5,0.0,0.0,2.1097560975609757,86.5
qwen25_15b,858,msc_valid,42,uniform,0.2,39,2.4871794871794872,97.0,0.0,0.0,2.4871794871794872,97.0
qwen25_15b,858,msc_valid,42,longllmlingua,0.2,39,2.3205128205128207,90.5,0.0,0.0,2.3205128205128207,90.5
qwen25_15b,858,msc_valid,42,recency,0.2,39,2.4743589743589745,96.5,0.0,0.0,2.4743589743589745,96.5
qwen25_15b,858,msc_valid,42,lexical_tfidf,0.2,39,2.4743589743589745,96.5,0.0,0.0,2.4743589743589745,96.5
qwen25_15b,858,msc_valid,42,recency_keep_compress_drop,0.2,39,2.4615384615384617,96.0,0.0,0.0,2.4615384615384617,96.0
qwen25_15b,858,msc_valid,42,uniform,0.35,39,2.423076923076923,94.5,0.0,0.0,2.423076923076923,94.5
qwen25_15b,858,msc_valid,42,longllmlingua,0.35,39,2.269230769230769,88.5,0.0,0.0,2.269230769230769,88.5
qwen25_15b,858,msc_valid,42,recency,0.35,39,2.448717948717949,95.5,0.0,0.0,2.448717948717949,95.5
qwen25_15b,858,msc_valid,42,lexical_tfidf,0.35,39,2.4743589743589745,96.5,0.0,0.0,2.4743589743589745,96.5
qwen25_15b,858,msc_valid,42,recency_keep_compress_drop,0.35,39,2.448717948717949,95.5,0.0,0.0,2.448717948717949,95.5
qwen25_15b,858,msc_valid,42,uniform,0.5,39,2.448717948717949,95.5,0.0,0.0,2.448717948717949,95.5
qwen25_15b,858,msc_valid,42,longllmlingua,0.5,39,2.3076923076923075,90.0,0.0,0.0,2.3076923076923075,90.0
qwen25_15b,858,msc_valid,42,recency,0.5,39,2.4358974358974357,95.0,0.0,0.0,2.4358974358974357,95.0
qwen25_15b,858,msc_valid,42,lexical_tfidf,0.5,39,2.448717948717949,95.5,0.0,0.0,2.448717948717949,95.5
qwen25_15b,858,msc_valid,42,recency_keep_compress_drop,0.5,39,2.423076923076923,94.5,0.0,0.0,2.423076923076923,94.5
qwen25_15b,858,msc_valid,46,uniform,0.2,21,1.9047619047619047,40.0,0.0,0.0,1.9047619047619047,40.0
qwen25_15b,858,msc_valid,46,longllmlingua,0.2,21,1.7976190476190477,37.75,0.0,0.0,1.7976190476190477,37.75
qwen25_15b,858,msc_valid,46,recency,0.2,21,1.880952380952381,39.5,0.0,0.0,1.880952380952381,39.5
qwen25_15b,858,msc_valid,46,lexical_tfidf,0.2,21,1.8452380952380953,38.75,0.0,0.0,1.8452380952380953,38.75
qwen25_15b,858,msc_valid,46,recency_keep_compress_drop,0.2,21,1.8214285714285714,38.25,0.0,0.0,1.8214285714285714,38.25
qwen25_15b,858,msc_valid,46,uniform,0.35,21,1.880952380952381,39.5,0.0,0.0,1.880952380952381,39.5
qwen25_15b,858,msc_valid,46,longllmlingua,0.35,21,1.7857142857142858,37.5,0.0,0.0,1.7857142857142858,37.5
qwen25_15b,858,msc_valid,46,recency,0.35,21,1.880952380952381,39.5,0.0,0.0,1.880952380952381,39.5
qwen25_15b,858,msc_valid,46,lexical_tfidf,0.35,21,1.8571428571428572,39.0,0.0,0.0,1.8571428571428572,39.0
qwen25_15b,858,msc_valid,46,recency_keep_compress_drop,0.35,21,1.8333333333333333,38.5,0.0,0.0,1.8333333333333333,38.5
qwen25_15b,858,msc_valid,46,uniform,0.5,21,1.9047619047619047,40.0,0.0,0.0,1.9047619047619047,40.0
qwen25_15b,858,msc_valid,46,longllmlingua,0.5,21,1.8214285714285714,38.25,0.0,0.0,1.8214285714285714,38.25
qwen25_15b,858,msc_valid,46,recency,0.5,21,1.869047619047619,39.25,0.0,0.0,1.869047619047619,39.25
qwen25_15b,858,msc_valid,46,lexical_tfidf,0.5,21,1.8214285714285714,38.25,0.0,0.0,1.8214285714285714,38.25
qwen25_15b,858,msc_valid,46,recency_keep_compress_drop,0.5,21,1.8095238095238095,38.0,0.0,0.0,1.8095238095238095,38.0
qwen25_15b,858,msc_valid,48,uniform,0.2,29,1.6120689655172413,46.75,0.0,0.0,1.6120689655172413,46.75
qwen25_15b,858,msc_valid,48,longllmlingua,0.2,29,1.6810344827586208,48.75,0.0,0.0,1.6810344827586208,48.75
qwen25_15b,858,msc_valid,48,recency,0.2,29,1.603448275862069,46.5,0.0,0.0,1.603448275862069,46.5
qwen25_15b,858,msc_valid,48,lexical_tfidf,0.2,29,1.5948275862068966,46.25,0.0,0.0,1.5948275862068966,46.25
qwen25_15b,858,msc_valid,48,recency_keep_compress_drop,0.2,29,1.5948275862068966,46.25,0.0,0.0,1.5948275862068966,46.25
qwen25_15b,858,msc_valid,48,uniform,0.35,29,1.5603448275862069,45.25,0.0,0.0,1.5603448275862069,45.25
qwen25_15b,858,msc_valid,48,longllmlingua,0.35,29,1.6896551724137931,49.0,0.0,0.0,1.6896551724137931,49.0
qwen25_15b,858,msc_valid,48,recency,0.35,29,1.5689655172413792,45.5,0.0,0.0,1.5689655172413792,45.5
qwen25_15b,858,msc_valid,48,lexical_tfidf,0.35,29,1.5948275862068966,46.25,0.0,0.0,1.5948275862068966,46.25
qwen25_15b,858,msc_valid,48,recency_keep_compress_drop,0.35,29,1.603448275862069,46.5,0.0,0.0,1.603448275862069,46.5
qwen25_15b,858,msc_valid,48,uniform,0.5,29,1.5948275862068966,46.25,0.0,0.0,1.5948275862068966,46.25
qwen25_15b,858,msc_valid,48,longllmlingua,0.5,29,1.6982758620689655,49.25,0.0,0.0,1.6982758620689655,49.25
qwen25_15b,858,msc_valid,48,recency,0.5,29,1.5862068965517242,46.0,0.0,0.0,1.5862068965517242,46.0
qwen25_15b,858,msc_valid,48,lexical_tfidf,0.5,29,1.5862068965517242,46.0,0.0,0.0,1.5862068965517242,46.0
qwen25_15b,858,msc_valid,48,recency_keep_compress_drop,0.5,29,1.6293103448275863,47.25,0.0,0.0,1.6293103448275863,47.25
qwen25_15b,858,msc_valid,52,uniform,0.2,18,1.9861111111111112,35.75,0.0,0.0,1.9861111111111112,35.75
qwen25_15b,858,msc_valid,52,longllmlingua,0.2,18,1.9305555555555556,34.75,0.0,0.0,1.9305555555555556,34.75
qwen25_15b,858,msc_valid,52,recency,0.2,18,1.8888888888888888,34.0,0.0,0.0,1.8888888888888888,34.0
qwen25_15b,858,msc_valid,52,lexical_tfidf,0.2,18,1.9166666666666667,34.5,0.0,0.0,1.9166666666666667,34.5
qwen25_15b,858,msc_valid,52,recency_keep_compress_drop,0.2,18,1.9583333333333333,35.25,0.0,0.0,1.9583333333333333,35.25
qwen25_15b,858,msc_valid,52,uniform,0.35,18,1.9027777777777777,34.25,0.0,0.0,1.9027777777777777,34.25
qwen25_15b,858,msc_valid,52,longllmlingua,0.35,18,1.9305555555555556,34.75,0.0,0.0,1.9305555555555556,34.75
qwen25_15b,858,msc_valid,52,recency,0.35,18,1.875,33.75,0.0,0.0,1.875,33.75
qwen25_15b,858,msc_valid,52,lexical_tfidf,0.35,18,1.8611111111111112,33.5,0.0,0.0,1.8611111111111112,33.5
qwen25_15b,858,msc_valid,52,recency_keep_compress_drop,0.35,18,1.9305555555555556,34.75,0.0,0.0,1.9305555555555556,34.75
qwen25_15b,858,msc_valid,52,uniform,0.5,18,1.9444444444444444,35.0,0.0,0.0,1.9444444444444444,35.0
qwen25_15b,858,msc_valid,52,longllmlingua,0.5,18,1.8333333333333333,33.0,0.0,0.0,1.8333333333333333,33.0
qwen25_15b,858,msc_valid,52,recency,0.5,0,0.0,0.0,0.0,0.0,0.0,0.0
qwen25_15b,858,msc_valid,52,lexical_tfidf,0.5,0,0.0,0.0,0.0,0.0,0.0,0.0
qwen25_15b,858,msc_valid,52,recency_keep_compress_drop,0.5,0,0.0,0.0,0.0,0.0,0.0,0.0
qwen25_15b,858,msc_valid,56,uniform,0.2,44,2.3636363636363638,104.0,0.0,0.0,2.3636363636363638,104.0
qwen25_15b,858,msc_valid,56,longllmlingua,0.2,44,2.5113636363636362,110.5,0.0,0.0,2.5113636363636362,110.5
qwen25_15b,858,msc_valid,56,recency,0.2,44,2.397727272727273,105.5,0.0,0.0,2.397727272727273,105.5
qwen25_15b,858,msc_valid,56,lexical_tfidf,0.2,44,2.340909090909091,103.0,0.0,0.0,2.340909090909091,103.0
qwen25_15b,858,msc_valid,56,recency_keep_compress_drop,0.2,44,2.3863636363636362,105.0,0.0,0.0,2.3863636363636362,105.0
qwen25_15b,858,msc_valid,56,uniform,0.35,44,2.4318181818181817,107.0,0.0,0.0,2.4318181818181817,107.0
qwen25_15b,858,msc_valid,56,longllmlingua,0.35,44,2.4545454545454546,108.0,0.0,0.0,2.4545454545454546,108.0
qwen25_15b,858,msc_valid,56,recency,0.35,5,1.775,8.875,0.0,0.0,1.775,8.875
qwen25_15b,858,msc_valid,56,lexical_tfidf,0.35,21,2.8333333333333335,59.5,0.0,0.0,2.8333333333333335,59.5
qwen25_15b,858,msc_valid,56,recency_keep_compress_drop,0.35,1,1.1875,1.1875,0.0,0.0,1.1875,1.1875
qwen25_15b,858,msc_valid,56,uniform,0.5,44,2.4886363636363638,109.5,0.0,0.0,2.4886363636363638,109.5
qwen25_15b,858,msc_valid,56,longllmlingua,0.5,44,2.3863636363636362,105.0,0.0,0.0,2.3863636363636362,105.0
qwen25_15b,858,msc_valid,56,recency,0.5,0,0.0,0.0,0.0,0.0,0.0,0.0
qwen25_15b,858,msc_valid,56,lexical_tfidf,0.5,0,0.0,0.0,0.0,0.0,0.0,0.0
qwen25_15b,858,msc_valid,56,recency_keep_compress_drop,0.5,0,0.0,0.0,0.0,0.0,0.0,0.0
qwen25_15b,858,msc_valid,60,uniform,0.2,10,1.7625,17.625,0.0,0.0,1.7625,17.625
qwen25_15b,858,msc_valid,60,longllmlingua,0.2,10,2.3625,23.625,0.0,0.0,2.3625,23.625
qwen25_15b,858,msc_valid,60,recency,0.2,0,0.0,0.0,0.0,0.0,0.0,0.0
qwen25_15b,858,msc_valid,60,lexical_tfidf,0.2,0,0.0,0.0,0.0,0.0,0.0,0.0
qwen25_15b,858,msc_valid,60,recency_keep_compress_drop,0.2,0,0.0,0.0,0.0,0.0,0.0,0.0
qwen25_15b,858,msc_valid,60,uniform,0.35,10,2.35,23.5,0.0,0.0,2.35,23.5
qwen25_15b,858,msc_valid,60,longllmlingua,0.35,10,2.6,26.0,0.0,0.0,2.6,26.0
qwen25_15b,858,msc_valid,60,recency,0.35,0,0.0,0.0,0.0,0.0,0.0,0.0
qwen25_15b,858,msc_valid,60,lexical_tfidf,0.35,0,0.0,0.0,0.0,0.0,0.0,0.0
qwen25_15b,858,msc_valid,60,recency_keep_compress_drop,0.35,0,0.0,0.0,0.0,0.0,0.0,0.0
qwen25_15b,858,msc_valid,60,uniform,0.5,10,1.6875,16.875,0.0,0.0,1.6875,16.875
qwen25_15b,858,msc_valid,60,longllmlingua,0.5,10,3.1125,31.125,0.0,0.0,3.1125,31.125
qwen25_15b,858,msc_valid,60,recency,0.5,0,0.0,0.0,0.0,0.0,0.0,0.0
qwen25_15b,858,msc_valid,60,lexical_tfidf,0.5,0,0.0,0.0,0.0,0.0,0.0,0.0
qwen25_15b,858,msc_valid,60,recency_keep_compress_drop,0.5,0,0.0,0.0,0.0,0.0,0.0,0.0
qwen25_15b,889,msc_valid,4,uniform,0.2,20,3.55,71.0,3.4,68.0,0.1499999999999999,3.0
qwen25_15b,889,msc_valid,4,longllmlingua,0.2,20,3.575,71.5,3.4,68.0,0.17500000000000027,3.5
qwen25_15b,889,msc_valid,4,recency,0.2,20,3.55,71.0,3.4,68.0,0.1499999999999999,3.0
qwen25_15b,889,msc_valid,4,lexical_tfidf,0.2,20,3.55,71.0,3.4,68.0,0.1499999999999999,3.0
qwen25_15b,889,msc_valid,4,recency_keep_compress_drop,0.2,20,3.55,71.0,3.4,68.0,0.1499999999999999,3.0
qwen25_15b,889,msc_valid,4,uniform,0.35,20,3.55,71.0,3.4,68.0,0.1499999999999999,3.0
qwen25_15b,889,msc_valid,4,longllmlingua,0.35,20,3.675,73.5,3.4,68.0,0.2749999999999999,5.5
qwen25_15b,889,msc_valid,4,recency,0.35,20,3.55,71.0,3.4,68.0,0.1499999999999999,3.0
qwen25_15b,889,msc_valid,4,lexical_tfidf,0.35,20,3.55,71.0,3.4,68.0,0.1499999999999999,3.0
qwen25_15b,889,msc_valid,4,recency_keep_compress_drop,0.35,20,3.55,71.0,3.4,68.0,0.1499999999999999,3.0
qwen25_15b,889,msc_valid,4,uniform,0.5,20,3.45,69.0,3.4,68.0,0.050000000000000266,1.0
qwen25_15b,889,msc_valid,4,longllmlingua,0.5,20,3.6,72.0,3.4,68.0,0.20000000000000018,4.0
qwen25_15b,889,msc_valid,4,recency,0.5,20,3.45,69.0,3.4,68.0,0.050000000000000266,1.0
qwen25_15b,889,msc_valid,4,lexical_tfidf,0.5,20,3.45,69.0,3.4,68.0,0.050000000000000266,1.0
qwen25_15b,889,msc_valid,4,recency_keep_compress_drop,0.5,20,3.45,69.0,3.4,68.0,0.050000000000000266,1.0
qwen25_15b,889,msc_valid,6,uniform,0.2,23,3.0869565217391304,71.0,2.5217391304347827,58.0,0.5652173913043477,13.0
qwen25_15b,889,msc_valid,6,longllmlingua,0.2,23,2.6956521739130435,62.0,2.5217391304347827,58.0,0.17391304347826075,4.0
qwen25_15b,889,msc_valid,6,recency,0.2,23,3.0869565217391304,71.0,2.5217391304347827,58.0,0.5652173913043477,13.0
qwen25_15b,889,msc_valid,6,lexical_tfidf,0.2,23,3.0869565217391304,71.0,2.5217391304347827,58.0,0.5652173913043477,13.0
qwen25_15b,889,msc_valid,6,recency_keep_compress_drop,0.2,23,3.108695652173913,71.5,2.5217391304347827,58.0,0.5869565217391304,13.5
qwen25_15b,889,msc_valid,6,uniform,0.35,23,2.8260869565217392,65.0,2.5217391304347827,58.0,0.30434782608695654,7.0
qwen25_15b,889,msc_valid,6,longllmlingua,0.35,23,2.717391304347826,62.5,2.5217391304347827,58.0,0.19565217391304346,4.5
qwen25_15b,889,msc_valid,6,recency,0.35,23,2.8260869565217392,65.0,2.5217391304347827,58.0,0.30434782608695654,7.0
qwen25_15b,889,msc_valid,6,lexical_tfidf,0.35,23,2.8260869565217392,65.0,2.5217391304347827,58.0,0.30434782608695654,7.0
qwen25_15b,889,msc_valid,6,recency_keep_compress_drop,0.35,23,2.847826086956522,65.5,2.5217391304347827,58.0,0.32608695652173925,7.5
qwen25_15b,889,msc_valid,6,uniform,0.5,23,2.891304347826087,66.5,2.5217391304347827,58.0,0.3695652173913042,8.5
qwen25_15b,889,msc_valid,6,longllmlingua,0.5,23,2.652173913043478,61.0,2.5217391304347827,58.0,0.13043478260869534,3.0
qwen25_15b,889,msc_valid,6,recency,0.5,23,2.8260869565217392,65.0,2.5217391304347827,58.0,0.30434782608695654,7.0
qwen25_15b,889,msc_valid,6,lexical_tfidf,0.5,23,2.619565217391304,60.25,2.5217391304347827,58.0,0.09782608695652151,2.25
qwen25_15b,889,msc_valid,6,recency_keep_compress_drop,0.5,23,2.619565217391304,60.25,2.5217391304347827,58.0,0.09782608695652151,2.25
qwen25_15b,889,msc_valid,8,uniform,0.2,17,4.4411764705882355,75.5,3.323529411764706,56.5,1.1176470588235294,19.0
qwen25_15b,889,msc_valid,8,longllmlingua,0.2,17,3.8529411764705883,65.5,3.323529411764706,56.5,0.5294117647058822,9.0
qwen25_15b,889,msc_valid,8,recency,0.2,17,4.352941176470588,74.0,3.323529411764706,56.5,1.0294117647058818,17.5
qwen25_15b,889,msc_valid,8,lexical_tfidf,0.2,17,4.323529411764706,73.5,3.323529411764706,56.5,0.9999999999999996,17.0
qwen25_15b,889,msc_valid,8,recency_keep_compress_drop,0.2,17,4.352941176470588,74.0,3.323529411764706,56.5,1.0294117647058818,17.5
qwen25_15b,889,msc_valid,8,uniform,0.35,17,3.9705882352941178,67.5,3.323529411764706,56.5,0.6470588235294117,11.0
qwen25_15b,889,msc_valid,8,longllmlingua,0.35,17,3.735294117647059,63.5,3.323529411764706,56.5,0.4117647058823528,7.0
qwen25_15b,889,msc_valid,8,recency,0.35,17,4.117647058823529,70.0,3.323529411764706,56.5,0.7941176470588229,13.5
qwen25_15b,889,msc_valid,8,lexical_tfidf,0.35,17,4.235294117647059,72.0,3.323529411764706,56.5,0.9117647058823528,15.5
qwen25_15b,889,msc_valid,8,recency_keep_compress_drop,0.35,17,4.205882352941177,71.5,3.323529411764706,56.5,0.8823529411764706,15.0
qwen25_15b,889,msc_valid,8,uniform,0.5,17,3.823529411764706,65.0,3.323529411764706,56.5,0.5,8.5
qwen25_15b,889,msc_valid,8,longllmlingua,0.5,17,3.7941176470588234,64.5,3.323529411764706,56.5,0.4705882352941173,8.0
qwen25_15b,889,msc_valid,8,recency,0.5,17,3.7205882352941178,63.25,3.323529411764706,56.5,0.3970588235294117,6.75
qwen25_15b,889,msc_valid,8,lexical_tfidf,0.5,17,3.911764705882353,66.5,3.323529411764706,56.5,0.5882352941176467,10.0
qwen25_15b,889,msc_valid,8,recency_keep_compress_drop,0.5,17,3.911764705882353,66.5,3.323529411764706,56.5,0.5882352941176467,10.0
qwen25_15b,889,msc_valid,10,uniform,0.2,13,1.4230769230769231,18.5,1.4711538461538463,19.125,-0.04807692307692313,-0.625
qwen25_15b,889,msc_valid,10,longllmlingua,0.2,13,1.4519230769230769,18.875,1.4711538461538463,19.125,-0.019230769230769384,-0.25
qwen25_15b,889,msc_valid,10,recency,0.2,13,1.3942307692307692,18.125,1.4711538461538463,19.125,-0.0769230769230771,-1.0
qwen25_15b,889,msc_valid,10,lexical_tfidf,0.2,13,1.3942307692307692,18.125,1.4711538461538463,19.125,-0.0769230769230771,-1.0
qwen25_15b,889,msc_valid,10,recency_keep_compress_drop,0.2,13,1.4711538461538463,19.125,1.4711538461538463,19.125,0.0,0.0
qwen25_15b,889,msc_valid,10,uniform,0.35,13,1.4711538461538463,19.125,1.4711538461538463,19.125,0.0,0.0
qwen25_15b,889,msc_valid,10,longllmlingua,0.35,13,1.5192307692307692,19.75,1.4711538461538463,19.125,0.048076923076922906,0.625
qwen25_15b,889,msc_valid,10,recency,0.35,13,1.3846153846153846,18.0,1.4711538461538463,19.125,-0.08653846153846168,-1.125
qwen25_15b,889,msc_valid,10,lexical_tfidf,0.35,13,1.3846153846153846,18.0,1.4711538461538463,19.125,-0.08653846153846168,-1.125
qwen25_15b,889,msc_valid,10,recency_keep_compress_drop,0.35,13,1.4711538461538463,19.125,1.4711538461538463,19.125,0.0,0.0
qwen25_15b,889,msc_valid,10,uniform,0.5,13,1.4615384615384615,19.0,1.4711538461538463,19.125,-0.009615384615384803,-0.125
qwen25_15b,889,msc_valid,10,longllmlingua,0.5,13,1.5288461538461537,19.875,1.4711538461538463,19.125,0.05769230769230749,0.75
qwen25_15b,889,msc_valid,10,recency,0.5,13,1.4711538461538463,19.125,1.4711538461538463,19.125,0.0,0.0
qwen25_15b,889,msc_valid,10,lexical_tfidf,0.5,13,1.4423076923076923,18.75,1.4711538461538463,19.125,-0.028846153846153966,-0.375
qwen25_15b,889,msc_valid,10,recency_keep_compress_drop,0.5,13,1.4038461538461537,18.25,1.4711538461538463,19.125,-0.06730769230769251,-0.875
qwen25_15b,889,msc_valid,12,uniform,0.2,11,5.863636363636363,64.5,4.159090909090909,45.75,1.7045454545454541,18.75
qwen25_15b,889,msc_valid,12,longllmlingua,0.2,11,5.363636363636363,59.0,4.159090909090909,45.75,1.2045454545454541,13.25
qwen25_15b,889,msc_valid,12,recency,0.2,11,5.568181818181818,61.25,4.159090909090909,45.75,1.4090909090909092,15.5
qwen25_15b,889,msc_valid,12,lexical_tfidf,0.2,11,5.590909090909091,61.5,4.159090909090909,45.75,1.4318181818181817,15.75
qwen25_15b,889,msc_valid,12,recency_keep_compress_drop,0.2,11,5.045454545454546,55.5,4.159090909090909,45.75,0.8863636363636367,9.75
qwen25_15b,889,msc_valid,12,uniform,0.35,11,5.590909090909091,61.5,4.159090909090909,45.75,1.4318181818181817,15.75
qwen25_15b,889,msc_valid,12,longllmlingua,0.35,11,5.159090909090909,56.75,4.159090909090909,45.75,1.0,11.0
qwen25_15b,889,msc_valid,12,recency,0.35,11,5.0,55.0,4.159090909090909,45.75,0.8409090909090908,9.25
qwen25_15b,889,msc_valid,12,lexical_tfidf,0.35,11,5.25,57.75,4.159090909090909,45.75,1.0909090909090908,12.0
qwen25_15b,889,msc_valid,12,recency_keep_compress_drop,0.35,11,5.181818181818182,57.0,4.159090909090909,45.75,1.0227272727272725,11.25
qwen25_15b,889,msc_valid,12,uniform,0.5,11,4.795454545454546,52.75,4.159090909090909,45.75,0.6363636363636367,7.0
qwen25_15b,889,msc_valid,12,longllmlingua,0.5,11,5.068181818181818,55.75,4.159090909090909,45.75,0.9090909090909092,10.0
qwen25_15b,889,msc_valid,12,recency,0.5,11,4.886363636363637,53.75,4.159090909090909,45.75,0.7272727272727275,8.0
qwen25_15b,889,msc_valid,12,lexical_tfidf,0.5,11,5.25,57.75,4.159090909090909,45.75,1.0909090909090908,12.0
qwen25_15b,889,msc_valid,12,recency_keep_compress_drop,0.5,11,4.931818181818182,54.25,4.159090909090909,45.75,0.7727272727272725,8.5
qwen25_15b,889,msc_valid,14,uniform,0.2,20,3.5,70.0,3.375,67.5,0.125,2.5
qwen25_15b,889,msc_valid,14,longllmlingua,0.2,20,3.675,73.5,3.375,67.5,0.2999999999999998,6.0
qwen25_15b,889,msc_valid,14,recency,0.2,20,3.7,74.0,3.375,67.5,0.3250000000000002,6.5
qwen25_15b,889,msc_valid,14,lexical_tfidf,0.2,20,3.925,78.5,3.375,67.5,0.5499999999999998,11.0
qwen25_15b,889,msc_valid,14,recency_keep_compress_drop,0.2,20,3.875,77.5,3.375,67.5,0.5,10.0
qwen25_15b,889,msc_valid,14,uniform,0.35,20,3.625,72.5,3.375,67.5,0.25,5.0
qwen25_15b,889,msc_valid,14,longllmlingua,0.35,20,3.75,75.0,3.375,67.5,0.375,7.5
qwen25_15b,889,msc_valid,14,recency,0.35,20,3.375,67.5,3.375,67.5,0.0,0.0
qwen25_15b,889,msc_valid,14,lexical_tfidf,0.35,20,3.7,74.0,3.375,67.5,0.3250000000000002,6.5
qwen25_15b,889,msc_valid,14,recency_keep_compress_drop,0.35,20,3.45,69.0,3.375,67.5,0.07500000000000018,1.5
qwen25_15b,889,msc_valid,14,uniform,0.5,20,3.525,70.5,3.375,67.5,0.1499999999999999,3.0
qwen25_15b,889,msc_valid,14,longllmlingua,0.5,20,3.3,66.0,3.375,67.5,-0.07500000000000018,-1.5
qwen25_15b,889,msc_valid,14,recency,0.5,20,3.3,66.0,3.375,67.5,-0.07500000000000018,-1.5
qwen25_15b,889,msc_valid,14,lexical_tfidf,0.5,20,3.625,72.5,3.375,67.5,0.25,5.0
qwen25_15b,889,msc_valid,14,recency_keep_compress_drop,0.5,20,3.35,67.0,3.375,67.5,-0.02499999999999991,-0.5
qwen25_15b,933,msc_valid,4,uniform,0.2,13,2.4134615384615383,31.375,2.576923076923077,33.5,-0.16346153846153877,-2.125
qwen25_15b,933,msc_valid,4,longllmlingua,0.2,13,2.2115384615384617,28.75,2.576923076923077,33.5,-0.3653846153846154,-4.75
qwen25_15b,933,msc_valid,4,recency,0.2,13,2.4134615384615383,31.375,2.576923076923077,33.5,-0.16346153846153877,-2.125
qwen25_15b,933,msc_valid,4,lexical_tfidf,0.2,13,2.4134615384615383,31.375,2.576923076923077,33.5,-0.16346153846153877,-2.125
qwen25_15b,933,msc_valid,4,recency_keep_compress_drop,0.2,13,2.4134615384615383,31.375,2.576923076923077,33.5,-0.16346153846153877,-2.125
qwen25_15b,933,msc_valid,4,uniform,0.35,13,2.5961538461538463,33.75,2.576923076923077,33.5,0.019230769230769162,0.25
qwen25_15b,933,msc_valid,4,longllmlingua,0.35,13,2.2403846153846154,29.125,2.576923076923077,33.5,-0.3365384615384617,-4.375
qwen25_15b,933,msc_valid,4,recency,0.35,13,2.5961538461538463,33.75,2.576923076923077,33.5,0.019230769230769162,0.25
qwen25_15b,933,msc_valid,4,lexical_tfidf,0.35,13,2.5961538461538463,33.75,2.576923076923077,33.5,0.019230769230769162,0.25
qwen25_15b,933,msc_valid,4,recency_keep_compress_drop,0.35,13,2.5961538461538463,33.75,2.576923076923077,33.5,0.019230769230769162,0.25
qwen25_15b,933,msc_valid,4,uniform,0.5,13,2.5961538461538463,33.75,2.576923076923077,33.5,0.019230769230769162,0.25
qwen25_15b,933,msc_valid,4,longllmlingua,0.5,13,2.326923076923077,30.25,2.576923076923077,33.5,-0.25,-3.25
qwen25_15b,933,msc_valid,4,recency,0.5,13,2.5961538461538463,33.75,2.576923076923077,33.5,0.019230769230769162,0.25
qwen25_15b,933,msc_valid,4,lexical_tfidf,0.5,13,2.5961538461538463,33.75,2.576923076923077,33.5,0.019230769230769162,0.25
qwen25_15b,933,msc_valid,4,recency_keep_compress_drop,0.5,13,2.5961538461538463,33.75,2.576923076923077,33.5,0.019230769230769162,0.25
qwen25_15b,933,msc_valid,6,uniform,0.2,20,3.625,72.5,3.475,69.5,0.1499999999999999,3.0
qwen25_15b,933,msc_valid,6,longllmlingua,0.2,20,3.45,69.0,3.475,69.5,-0.02499999999999991,-0.5
qwen25_15b,933,msc_valid,6,recency,0.2,20,3.625,72.5,3.475,69.5,0.1499999999999999,3.0
qwen25_15b,933,msc_valid,6,lexical_tfidf,0.2,20,3.625,72.5,3.475,69.5,0.1499999999999999,3.0
qwen25_15b,933,msc_valid,6,recency_keep_compress_drop,0.2,20,3.625,72.5,3.475,69.5,0.1499999999999999,3.0
qwen25_15b,933,msc_valid,6,uniform,0.35,20,3.65,73.0,3.475,69.5,0.17499999999999982,3.5
qwen25_15b,933,msc_valid,6,longllmlingua,0.35,20,3.35,67.0,3.475,69.5,-0.125,-2.5
qwen25_15b,933,msc_valid,6,recency,0.35,20,3.675,73.5,3.475,69.5,0.19999999999999973,4.0
qwen25_15b,933,msc_valid,6,lexical_tfidf,0.35,20,3.625,72.5,3.475,69.5,0.1499999999999999,3.0
qwen25_15b,933,msc_valid,6,recency_keep_compress_drop,0.35,20,3.675,73.5,3.475,69.5,0.19999999999999973,4.0
qwen25_15b,933,msc_valid,6,uniform,0.5,20,3.65,73.0,3.475,69.5,0.17499999999999982,3.5
qwen25_15b,933,msc_valid,6,longllmlingua,0.5,20,3.325,66.5,3.475,69.5,-0.1499999999999999,-3.0
qwen25_15b,933,msc_valid,6,recency,0.5,20,3.775,75.5,3.475,69.5,0.2999999999999998,6.0
qwen25_15b,933,msc_valid,6,lexical_tfidf,0.5,20,3.65,73.0,3.475,69.5,0.17499999999999982,3.5
qwen25_15b,933,msc_valid,6,recency_keep_compress_drop,0.5,20,3.65,73.0,3.475,69.5,0.17499999999999982,3.5
qwen25_15b,933,msc_valid,8,uniform,0.2,21,3.1904761904761907,67.0,3.0952380952380953,65.0,0.09523809523809534,2.0
qwen25_15b,933,msc_valid,8,longllmlingua,0.2,21,2.892857142857143,60.75,3.0952380952380953,65.0,-0.20238095238095255,-4.25
qwen25_15b,933,msc_valid,8,recency,0.2,21,3.380952380952381,71.0,3.0952380952380953,65.0,0.2857142857142856,6.0
qwen25_15b,933,msc_valid,8,lexical_tfidf,0.2,21,3.261904761904762,68.5,3.0952380952380953,65.0,0.16666666666666652,3.5
qwen25_15b,933,msc_valid,8,recency_keep_compress_drop,0.2,21,3.380952380952381,71.0,3.0952380952380953,65.0,0.2857142857142856,6.0
qwen25_15b,933,msc_valid,8,uniform,0.35,21,3.380952380952381,71.0,3.0952380952380953,65.0,0.2857142857142856,6.0
qwen25_15b,933,msc_valid,8,longllmlingua,0.35,21,3.011904761904762,63.25,3.0952380952380953,65.0,-0.08333333333333348,-1.75
qwen25_15b,933,msc_valid,8,recency,0.35,21,3.3333333333333335,70.0,3.0952380952380953,65.0,0.23809523809523814,5.0
qwen25_15b,933,msc_valid,8,lexical_tfidf,0.35,21,3.119047619047619,65.5,3.0952380952380953,65.0,0.023809523809523725,0.5
qwen25_15b,933,msc_valid,8,recency_keep_compress_drop,0.35,21,3.2142857142857144,67.5,3.0952380952380953,65.0,0.11904761904761907,2.5
qwen25_15b,933,msc_valid,8,uniform,0.5,21,3.2142857142857144,67.5,3.0952380952380953,65.0,0.11904761904761907,2.5
qwen25_15b,933,msc_valid,8,longllmlingua,0.5,21,3.011904761904762,63.25,3.0952380952380953,65.0,-0.08333333333333348,-1.75
qwen25_15b,933,msc_valid,8,recency,0.5,21,3.1666666666666665,66.5,3.0952380952380953,65.0,0.07142857142857117,1.5
qwen25_15b,933,msc_valid,8,lexical_tfidf,0.5,21,3.0952380952380953,65.0,3.0952380952380953,65.0,0.0,0.0
qwen25_15b,933,msc_valid,8,recency_keep_compress_drop,0.5,21,3.0714285714285716,64.5,3.0952380952380953,65.0,-0.023809523809523725,-0.5
qwen25_15b,933,msc_valid,10,uniform,0.2,14,2.375,33.25,1.7232142857142858,24.125,0.6517857142857142,9.125
qwen25_15b,933,msc_valid,10,longllmlingua,0.2,14,1.6428571428571428,23.0,1.7232142857142858,24.125,-0.08035714285714302,-1.125
qwen25_15b,933,msc_valid,10,recency,0.2,14,1.9821428571428572,27.75,1.7232142857142858,24.125,0.2589285714285714,3.625
qwen25_15b,933,msc_valid,10,lexical_tfidf,0.2,14,2.3214285714285716,32.5,1.7232142857142858,24.125,0.5982142857142858,8.375
qwen25_15b,933,msc_valid,10,recency_keep_compress_drop,0.2,14,2.1607142857142856,30.25,1.7232142857142858,24.125,0.4374999999999998,6.125
qwen25_15b,933,msc_valid,10,uniform,0.35,14,2.2410714285714284,31.375,1.7232142857142858,24.125,0.5178571428571426,7.25
qwen25_15b,933,msc_valid,10,longllmlingua,0.35,14,1.6607142857142858,23.25,1.7232142857142858,24.125,-0.0625,-0.875
qwen25_15b,933,msc_valid,10,recency,0.35,14,1.7946428571428572,25.125,1.7232142857142858,24.125,0.0714285714285714,1.0
qwen25_15b,933,msc_valid,10,lexical_tfidf,0.35,14,2.375,33.25,1.7232142857142858,24.125,0.6517857142857142,9.125
qwen25_15b,933,msc_valid,10,recency_keep_compress_drop,0.35,14,1.8571428571428572,26.0,1.7232142857142858,24.125,0.1339285714285714,1.875
qwen25_15b,933,msc_valid,10,uniform,0.5,14,2.1964285714285716,30.75,1.7232142857142858,24.125,0.4732142857142858,6.625
qwen25_15b,933,msc_valid,10,longllmlingua,0.5,14,1.5267857142857142,21.375,1.7232142857142858,24.125,-0.19642857142857162,-2.75
qwen25_15b,933,msc_valid,10,recency,0.5,14,1.7678571428571428,24.75,1.7232142857142858,24.125,0.044642857142856984,0.625
qwen25_15b,933,msc_valid,10,lexical_tfidf,0.5,14,2.2857142857142856,32.0,1.7232142857142858,24.125,0.5624999999999998,7.875
qwen25_15b,933,msc_valid,10,recency_keep_compress_drop,0.5,14,1.9107142857142858,26.75,1.7232142857142858,24.125,0.1875,2.625
qwen25_15b,933,msc_valid,12,uniform,0.2,18,3.0694444444444446,55.25,2.4722222222222223,44.5,0.5972222222222223,10.75
qwen25_15b,933,msc_valid,12,longllmlingua,0.2,18,2.888888888888889,52.0,2.4722222222222223,44.5,0.4166666666666665,7.5
qwen25_15b,933,msc_valid,12,recency,0.2,18,3.0555555555555554,55.0,2.4722222222222223,44.5,0.583333333333333,10.5
qwen25_15b,933,msc_valid,12,lexical_tfidf,0.2,18,3.1666666666666665,57.0,2.4722222222222223,44.5,0.6944444444444442,12.5
qwen25_15b,933,msc_valid,12,recency_keep_compress_drop,0.2,18,3.013888888888889,54.25,2.4722222222222223,44.5,0.5416666666666665,9.75
qwen25_15b,933,msc_valid,12,uniform,0.35,18,2.9444444444444446,53.0,2.4722222222222223,44.5,0.4722222222222223,8.5
qwen25_15b,933,msc_valid,12,longllmlingua,0.35,18,2.6666666666666665,48.0,2.4722222222222223,44.5,0.1944444444444442,3.5
qwen25_15b,933,msc_valid,12,recency,0.35,18,2.888888888888889,52.0,2.4722222222222223,44.5,0.4166666666666665,7.5
qwen25_15b,933,msc_valid,12,lexical_tfidf,0.35,18,2.8333333333333335,51.0,2.4722222222222223,44.5,0.36111111111111116,6.5
qwen25_15b,933,msc_valid,12,recency_keep_compress_drop,0.35,18,2.8472222222222223,51.25,2.4722222222222223,44.5,0.375,6.75
qwen25_15b,933,msc_valid,12,uniform,0.5,18,2.8055555555555554,50.5,2.4722222222222223,44.5,0.33333333333333304,6.0
qwen25_15b,933,msc_valid,12,longllmlingua,0.5,18,2.75,49.5,2.4722222222222223,44.5,0.2777777777777777,5.0
qwen25_15b,933,msc_valid,12,recency,0.5,18,2.6944444444444446,48.5,2.4722222222222223,44.5,0.22222222222222232,4.0
qwen25_15b,933,msc_valid,12,lexical_tfidf,0.5,18,2.7083333333333335,48.75,2.4722222222222223,44.5,0.23611111111111116,4.25
qwen25_15b,933,msc_valid,12,recency_keep_compress_drop,0.5,18,2.6666666666666665,48.0,2.4722222222222223,44.5,0.1944444444444442,3.5
qwen25_15b,933,msc_valid,14,uniform,0.2,17,1.5955882352941178,27.125,1.2941176470588236,22.0,0.30147058823529416,5.125
qwen25_15b,933,msc_valid,14,longllmlingua,0.2,17,1.5147058823529411,25.75,1.2941176470588236,22.0,0.22058823529411753,3.75
qwen25_15b,933,msc_valid,14,recency,0.2,17,1.5808823529411764,26.875,1.2941176470588236,22.0,0.2867647058823528,4.875
qwen25_15b,933,msc_valid,14,lexical_tfidf,0.2,17,1.3897058823529411,23.625,1.2941176470588236,22.0,0.09558823529411753,1.625
qwen25_15b,933,msc_valid,14,recency_keep_compress_drop,0.2,17,1.411764705882353,24.0,1.2941176470588236,22.0,0.11764705882352944,2.0
qwen25_15b,933,msc_valid,14,uniform,0.35,17,1.5588235294117647,26.5,1.2941176470588236,22.0,0.2647058823529411,4.5
qwen25_15b,933,msc_valid,14,longllmlingua,0.35,17,1.4411764705882353,24.5,1.2941176470588236,22.0,0.1470588235294117,2.5
qwen25_15b,933,msc_valid,14,recency,0.35,17,1.463235294117647,24.875,1.2941176470588236,22.0,0.16911764705882337,2.875
qwen25_15b,933,msc_valid,14,lexical_tfidf,0.35,17,1.4044117647058822,23.875,1.2941176470588236,22.0,0.11029411764705865,1.875
qwen25_15b,933,msc_valid,14,recency_keep_compress_drop,0.35,17,1.3676470588235294,23.25,1.2941176470588236,22.0,0.07352941176470584,1.25
qwen25_15b,933,msc_valid,14,uniform,0.5,17,1.5441176470588236,26.25,1.2941176470588236,22.0,0.25,4.25
qwen25_15b,933,msc_valid,14,longllmlingua,0.5,17,1.4779411764705883,25.125,1.2941176470588236,22.0,0.18382352941176472,3.125
qwen25_15b,933,msc_valid,14,recency,0.5,17,1.338235294117647,22.75,1.2941176470588236,22.0,0.04411764705882337,0.75
qwen25_15b,933,msc_valid,14,lexical_tfidf,0.5,17,1.3823529411764706,23.5,1.2941176470588236,22.0,0.08823529411764697,1.5
qwen25_15b,933,msc_valid,14,recency_keep_compress_drop,0.5,17,1.375,23.375,1.2941176470588236,22.0,0.0808823529411764,1.375
qwen25_15b,937,msc_valid,4,uniform,0.2,18,3.3472222222222223,60.25,3.4027777777777777,61.25,-0.05555555555555536,-1.0
qwen25_15b,937,msc_valid,4,longllmlingua,0.2,18,3.0972222222222223,55.75,3.4027777777777777,61.25,-0.30555555555555536,-5.5
qwen25_15b,937,msc_valid,4,recency,0.2,18,3.3472222222222223,60.25,3.4027777777777777,61.25,-0.05555555555555536,-1.0
qwen25_15b,937,msc_valid,4,lexical_tfidf,0.2,18,3.3472222222222223,60.25,3.4027777777777777,61.25,-0.05555555555555536,-1.0
qwen25_15b,937,msc_valid,4,recency_keep_compress_drop,0.2,18,3.3472222222222223,60.25,3.4027777777777777,61.25,-0.05555555555555536,-1.0
qwen25_15b,937,msc_valid,4,uniform,0.35,18,3.3194444444444446,59.75,3.4027777777777777,61.25,-0.08333333333333304,-1.5
qwen25_15b,937,msc_valid,4,longllmlingua,0.35,18,3.1527777777777777,56.75,3.4027777777777777,61.25,-0.25,-4.5
qwen25_15b,937,msc_valid,4,recency,0.35,18,3.3194444444444446,59.75,3.4027777777777777,61.25,-0.08333333333333304,-1.5
qwen25_15b,937,msc_valid,4,lexical_tfidf,0.35,18,3.3194444444444446,59.75,3.4027777777777777,61.25,-0.08333333333333304,-1.5
qwen25_15b,937,msc_valid,4,recency_keep_compress_drop,0.35,18,3.3194444444444446,59.75,3.4027777777777777,61.25,-0.08333333333333304,-1.5
qwen25_15b,937,msc_valid,4,uniform,0.5,18,3.3194444444444446,59.75,3.4027777777777777,61.25,-0.08333333333333304,-1.5
qwen25_15b,937,msc_valid,4,longllmlingua,0.5,18,3.25,58.5,3.4027777777777777,61.25,-0.15277777777777768,-2.75
qwen25_15b,937,msc_valid,4,recency,0.5,18,3.3194444444444446,59.75,3.4027777777777777,61.25,-0.08333333333333304,-1.5
qwen25_15b,937,msc_valid,4,lexical_tfidf,0.5,18,3.3194444444444446,59.75,3.4027777777777777,61.25,-0.08333333333333304,-1.5
qwen25_15b,937,msc_valid,4,recency_keep_compress_drop,0.5,18,3.3194444444444446,59.75,3.4027777777777777,61.25,-0.08333333333333304,-1.5
qwen25_15b,937,msc_valid,8,uniform,0.2,15,3.6,54.0,3.316666666666667,49.75,0.2833333333333332,4.25
qwen25_15b,937,msc_valid,8,longllmlingua,0.2,15,3.316666666666667,49.75,3.316666666666667,49.75,0.0,0.0
qwen25_15b,937,msc_valid,8,recency,0.2,15,3.85,57.75,3.316666666666667,49.75,0.5333333333333332,8.0
qwen25_15b,937,msc_valid,8,lexical_tfidf,0.2,15,3.6,54.0,3.316666666666667,49.75,0.2833333333333332,4.25
qwen25_15b,937,msc_valid,8,recency_keep_compress_drop,0.2,15,3.95,59.25,3.316666666666667,49.75,0.6333333333333333,9.5
qwen25_15b,937,msc_valid,8,uniform,0.35,15,3.6333333333333333,54.5,3.316666666666667,49.75,0.31666666666666643,4.75
qwen25_15b,937,msc_valid,8,longllmlingua,0.35,15,3.0833333333333335,46.25,3.316666666666667,49.75,-0.2333333333333334,-3.5
qwen25_15b,937,msc_valid,8,recency,0.35,15,3.716666666666667,55.75,3.316666666666667,49.75,0.3999999999999999,6.0
qwen25_15b,937,msc_valid,8,lexical_tfidf,0.35,15,3.5,52.5,3.316666666666667,49.75,0.18333333333333313,2.75
qwen25_15b,937,msc_valid,8,recency_keep_compress_drop,0.35,15,3.716666666666667,55.75,3.316666666666667,49.75,0.3999999999999999,6.0
qwen25_15b,937,msc_valid,8,uniform,0.5,15,3.6333333333333333,54.5,3.316666666666667,49.75,0.31666666666666643,4.75
qwen25_15b,937,msc_valid,8,longllmlingua,0.5,15,3.1333333333333333,47.0,3.316666666666667,49.75,-0.18333333333333357,-2.75
qwen25_15b,937,msc_valid,8,recency,0.5,15,3.3,49.5,3.316666666666667,49.75,-0.01666666666666705,-0.25
qwen25_15b,937,msc_valid,8,lexical_tfidf,0.5,15,3.3833333333333333,50.75,3.316666666666667,49.75,0.06666666666666643,1.0
qwen25_15b,937,msc_valid,8,recency_keep_compress_drop,0.5,15,3.4,51.0,3.316666666666667,49.75,0.08333333333333304,1.25
qwen25_15b,937,msc_valid,12,uniform,0.2,16,3.828125,61.25,3.03125,48.5,0.796875,12.75
qwen25_15b,937,msc_valid,12,longllmlingua,0.2,16,3.3125,53.0,3.03125,48.5,0.28125,4.5
qwen25_15b,937,msc_valid,12,recency,0.2,16,3.40625,54.5,3.03125,48.5,0.375,6.0
qwen25_15b,937,msc_valid,12,lexical_tfidf,0.2,16,3.5,56.0,3.03125,48.5,0.46875,7.5
qwen25_15b,937,msc_valid,12,recency_keep_compress_drop,0.2,16,3.609375,57.75,3.03125,48.5,0.578125,9.25
qwen25_15b,937,msc_valid,12,uniform,0.35,16,3.65625,58.5,3.03125,48.5,0.625,10.0
qwen25_15b,937,msc_valid,12,longllmlingua,0.35,16,3.21875,51.5,3.03125,48.5,0.1875,3.0
qwen25_15b,937,msc_valid,12,recency,0.35,16,3.078125,49.25,3.03125,48.5,0.046875,0.75
qwen25_15b,937,msc_valid,12,lexical_tfidf,0.35,16,3.4375,55.0,3.03125,48.5,0.40625,6.5
qwen25_15b,937,msc_valid,12,recency_keep_compress_drop,0.35,16,3.109375,49.75,3.03125,48.5,0.078125,1.25
qwen25_15b,937,msc_valid,12,uniform,0.5,16,3.546875,56.75,3.03125,48.5,0.515625,8.25
qwen25_15b,937,msc_valid,12,longllmlingua,0.5,16,3.171875,50.75,3.03125,48.5,0.140625,2.25
qwen25_15b,937,msc_valid,12,recency,0.5,16,2.984375,47.75,3.03125,48.5,-0.046875,-0.75
qwen25_15b,937,msc_valid,12,lexical_tfidf,0.5,16,3.25,52.0,3.03125,48.5,0.21875,3.5
qwen25_15b,937,msc_valid,12,recency_keep_compress_drop,0.5,16,3.109375,49.75,3.03125,48.5,0.078125,1.25
qwen25_15b,937,msc_valid,16,uniform,0.2,22,4.840909090909091,106.5,3.5454545454545454,78.0,1.2954545454545454,28.5
qwen25_15b,937,msc_valid,16,longllmlingua,0.2,22,4.2272727272727275,93.0,3.5454545454545454,78.0,0.6818181818181821,15.0
qwen25_15b,937,msc_valid,16,recency,0.2,22,4.340909090909091,95.5,3.5454545454545454,78.0,0.7954545454545454,17.5
qwen25_15b,937,msc_valid,16,lexical_tfidf,0.2,22,4.090909090909091,90.0,3.5454545454545454,78.0,0.5454545454545454,12.0
qwen25_15b,937,msc_valid,16,recency_keep_compress_drop,0.2,22,4.386363636363637,96.5,3.5454545454545454,78.0,0.8409090909090913,18.5
qwen25_15b,937,msc_valid,16,uniform,0.35,22,4.704545454545454,103.5,3.5454545454545454,78.0,1.1590909090909087,25.5
qwen25_15b,937,msc_valid,16,longllmlingua,0.35,22,4.068181818181818,89.5,3.5454545454545454,78.0,0.5227272727272729,11.5
qwen25_15b,937,msc_valid,16,recency,0.35,22,4.068181818181818,89.5,3.5454545454545454,78.0,0.5227272727272729,11.5
qwen25_15b,937,msc_valid,16,lexical_tfidf,0.35,22,3.840909090909091,84.5,3.5454545454545454,78.0,0.2954545454545454,6.5
qwen25_15b,937,msc_valid,16,recency_keep_compress_drop,0.35,22,4.045454545454546,89.0,3.5454545454545454,78.0,0.5000000000000004,11.0
qwen25_15b,937,msc_valid,16,uniform,0.5,22,4.181818181818182,92.0,3.5454545454545454,78.0,0.6363636363636362,14.0
qwen25_15b,937,msc_valid,16,longllmlingua,0.5,22,4.068181818181818,89.5,3.5454545454545454,78.0,0.5227272727272729,11.5
qwen25_15b,937,msc_valid,16,recency,0.5,22,3.8181818181818183,84.0,3.5454545454545454,78.0,0.27272727272727293,6.0
qwen25_15b,937,msc_valid,16,lexical_tfidf,0.5,22,3.5681818181818183,78.5,3.5454545454545454,78.0,0.02272727272727293,0.5
qwen25_15b,937,msc_valid,16,recency_keep_compress_drop,0.5,22,3.659090909090909,80.5,3.5454545454545454,78.0,0.11363636363636376,2.5
qwen25_15b,937,msc_valid,20,uniform,0.2,33,3.393939393939394,112.0,3.121212121212121,103.0,0.27272727272727293,9.0
qwen25_15b,937,msc_valid,20,longllmlingua,0.2,33,3.3333333333333335,110.0,3.121212121212121,103.0,0.21212121212121238,7.0
qwen25_15b,937,msc_valid,20,recency,0.2,33,3.4696969696969697,114.5,3.121212121212121,103.0,0.3484848484848486,11.5
qwen25_15b,937,msc_valid,20,lexical_tfidf,0.2,33,3.393939393939394,112.0,3.121212121212121,103.0,0.27272727272727293,9.0
qwen25_15b,937,msc_valid,20,recency_keep_compress_drop,0.2,33,3.303030303030303,109.0,3.121212121212121,103.0,0.1818181818181821,6.0
qwen25_15b,937,msc_valid,20,uniform,0.35,33,3.257575757575758,107.5,3.121212121212121,103.0,0.1363636363636367,4.5
qwen25_15b,937,msc_valid,20,longllmlingua,0.35,33,3.3181818181818183,109.5,3.121212121212121,103.0,0.19696969696969724,6.5
qwen25_15b,937,msc_valid,20,recency,0.35,33,3.4242424242424243,113.0,3.121212121212121,103.0,0.3030303030303032,10.0
qwen25_15b,937,msc_valid,20,lexical_tfidf,0.35,33,3.4393939393939394,113.5,3.121212121212121,103.0,0.31818181818181834,10.5
qwen25_15b,937,msc_valid,20,recency_keep_compress_drop,0.35,33,3.3484848484848486,110.5,3.121212121212121,103.0,0.22727272727272751,7.5
qwen25_15b,937,msc_valid,20,uniform,0.5,33,3.227272727272727,106.5,3.121212121212121,103.0,0.10606060606060597,3.5
qwen25_15b,937,msc_valid,20,longllmlingua,0.5,33,3.257575757575758,107.5,3.121212121212121,103.0,0.1363636363636367,4.5
qwen25_15b,937,msc_valid,20,recency,0.5,33,3.303030303030303,109.0,3.121212121212121,103.0,0.1818181818181821,6.0
qwen25_15b,937,msc_valid,20,lexical_tfidf,0.5,33,3.409090909090909,112.5,3.121212121212121,103.0,0.28787878787878807,9.5
qwen25_15b,937,msc_valid,20,recency_keep_compress_drop,0.5,33,3.3484848484848486,110.5,3.121212121212121,103.0,0.22727272727272751,7.5
qwen25_15b,937,msc_valid,24,uniform,0.2,21,2.5357142857142856,53.25,1.8452380952380953,38.75,0.6904761904761902,14.5
qwen25_15b,937,msc_valid,24,longllmlingua,0.2,21,2.0952380952380953,44.0,1.8452380952380953,38.75,0.25,5.25
qwen25_15b,937,msc_valid,24,recency,0.2,21,2.2738095238095237,47.75,1.8452380952380953,38.75,0.4285714285714284,9.0
qwen25_15b,937,msc_valid,24,lexical_tfidf,0.2,21,2.1666666666666665,45.5,1.8452380952380953,38.75,0.3214285714285712,6.75
qwen25_15b,937,msc_valid,24,recency_keep_compress_drop,0.2,21,2.2857142857142856,48.0,1.8452380952380953,38.75,0.44047619047619024,9.25
qwen25_15b,937,msc_valid,24,uniform,0.35,21,1.8452380952380953,38.75,1.8452380952380953,38.75,0.0,0.0
qwen25_15b,937,msc_valid,24,longllmlingua,0.35,21,1.9404761904761905,40.75,1.8452380952380953,38.75,0.09523809523809512,2.0
qwen25_15b,937,msc_valid,24,recency,0.35,21,2.1666666666666665,45.5,1.8452380952380953,38.75,0.3214285714285712,6.75
qwen25_15b,937,msc_valid,24,lexical_tfidf,0.35,21,2.119047619047619,44.5,1.8452380952380953,38.75,0.2738095238095237,5.75
qwen25_15b,937,msc_valid,24,recency_keep_compress_drop,0.35,21,2.2261904761904763,46.75,1.8452380952380953,38.75,0.38095238095238093,8.0
qwen25_15b,937,msc_valid,24,uniform,0.5,21,1.8214285714285714,38.25,1.8452380952380953,38.75,-0.023809523809523947,-0.5
qwen25_15b,937,msc_valid,24,longllmlingua,0.5,21,1.8571428571428572,39.0,1.8452380952380953,38.75,0.011904761904761862,0.25
qwen25_15b,937,msc_valid,24,recency,0.5,21,2.107142857142857,44.25,1.8452380952380953,38.75,0.26190476190476186,5.5
qwen25_15b,937,msc_valid,24,lexical_tfidf,0.5,21,2.0,42.0,1.8452380952380953,38.75,0.15476190476190466,3.25
qwen25_15b,937,msc_valid,24,recency_keep_compress_drop,0.5,21,1.9523809523809523,41.0,1.8452380952380953,38.75,0.10714285714285698,2.25
qwen25_15b,937,msc_valid,28,uniform,0.2,21,3.2142857142857144,67.5,2.1904761904761907,46.0,1.0238095238095237,21.5
qwen25_15b,937,msc_valid,28,longllmlingua,0.2,21,3.1904761904761907,67.0,2.1904761904761907,46.0,1.0,21.0
qwen25_15b,937,msc_valid,28,recency,0.2,21,3.261904761904762,68.5,2.1904761904761907,46.0,1.0714285714285712,22.5
qwen25_15b,937,msc_valid,28,lexical_tfidf,0.2,21,3.0714285714285716,64.5,2.1904761904761907,46.0,0.8809523809523809,18.5
qwen25_15b,937,msc_valid,28,recency_keep_compress_drop,0.2,21,2.7738095238095237,58.25,2.1904761904761907,46.0,0.583333333333333,12.25
qwen25_15b,937,msc_valid,28,uniform,0.35,21,3.0952380952380953,65.0,2.1904761904761907,46.0,0.9047619047619047,19.0
qwen25_15b,937,msc_valid,28,longllmlingua,0.35,21,3.1666666666666665,66.5,2.1904761904761907,46.0,0.9761904761904758,20.5
qwen25_15b,937,msc_valid,28,recency,0.35,21,3.2857142857142856,69.0,2.1904761904761907,46.0,1.095238095238095,23.0
qwen25_15b,937,msc_valid,28,lexical_tfidf,0.35,21,2.5,52.5,2.1904761904761907,46.0,0.3095238095238093,6.5
qwen25_15b,937,msc_valid,28,recency_keep_compress_drop,0.35,21,2.5,52.5,2.1904761904761907,46.0,0.3095238095238093,6.5
qwen25_15b,937,msc_valid,28,uniform,0.5,21,2.9285714285714284,61.5,2.1904761904761907,46.0,0.7380952380952377,15.5
qwen25_15b,937,msc_valid,28,longllmlingua,0.5,21,2.7142857142857144,57.0,2.1904761904761907,46.0,0.5238095238095237,11.0
qwen25_15b,937,msc_valid,28,recency,0.5,21,2.988095238095238,62.75,2.1904761904761907,46.0,0.7976190476190474,16.75
qwen25_15b,937,msc_valid,28,lexical_tfidf,0.5,21,2.3095238095238093,48.5,2.1904761904761907,46.0,0.11904761904761862,2.5
qwen25_15b,937,msc_valid,28,recency_keep_compress_drop,0.5,21,2.380952380952381,50.0,2.1904761904761907,46.0,0.19047619047619024,4.0
qwen25_15b,937,msc_valid,32,uniform,0.2,23,3.0217391304347827,69.5,2.6847826086956523,61.75,0.3369565217391304,7.75
qwen25_15b,937,msc_valid,32,longllmlingua,0.2,23,2.8260869565217392,65.0,2.6847826086956523,61.75,0.14130434782608692,3.25
qwen25_15b,937,msc_valid,32,recency,0.2,23,2.847826086956522,65.5,2.6847826086956523,61.75,0.16304347826086962,3.75
qwen25_15b,937,msc_valid,32,lexical_tfidf,0.2,23,2.9347826086956523,67.5,2.6847826086956523,61.75,0.25,5.75
qwen25_15b,937,msc_valid,32,recency_keep_compress_drop,0.2,23,2.7282608695652173,62.75,2.6847826086956523,61.75,0.043478260869564966,1.0
qwen25_15b,937,msc_valid,32,uniform,0.35,23,2.9130434782608696,67.0,2.6847826086956523,61.75,0.2282608695652173,5.25
qwen25_15b,937,msc_valid,32,longllmlingua,0.35,23,2.9130434782608696,67.0,2.6847826086956523,61.75,0.2282608695652173,5.25
qwen25_15b,937,msc_valid,32,recency,0.35,23,2.8043478260869565,64.5,2.6847826086956523,61.75,0.11956521739130421,2.75
qwen25_15b,937,msc_valid,32,lexical_tfidf,0.35,23,2.869565217391304,66.0,2.6847826086956523,61.75,0.18478260869565188,4.25
qwen25_15b,937,msc_valid,32,recency_keep_compress_drop,0.35,23,2.760869565217391,63.5,2.6847826086956523,61.75,0.0760869565217388,1.75
qwen25_15b,937,msc_valid,32,uniform,0.5,23,2.760869565217391,63.5,2.6847826086956523,61.75,0.0760869565217388,1.75
qwen25_15b,937,msc_valid,32,longllmlingua,0.5,23,2.847826086956522,65.5,2.6847826086956523,61.75,0.16304347826086962,3.75
qwen25_15b,937,msc_valid,32,recency,0.5,23,2.782608695652174,64.0,2.6847826086956523,61.75,0.09782608695652151,2.25
qwen25_15b,937,msc_valid,32,lexical_tfidf,0.5,23,2.847826086956522,65.5,2.6847826086956523,61.75,0.16304347826086962,3.75
qwen25_15b,937,msc_valid,32,recency_keep_compress_drop,0.5,23,2.7717391304347827,63.75,2.6847826086956523,61.75,0.08695652173913038,2.0
qwen25_15b,937,msc_valid,34,uniform,0.2,17,1.9411764705882353,33.0,1.5514705882352942,26.375,0.3897058823529411,6.625
qwen25_15b,937,msc_valid,34,longllmlingua,0.2,17,1.8235294117647058,31.0,1.5514705882352942,26.375,0.2720588235294117,4.625
qwen25_15b,937,msc_valid,34,recency,0.2,17,1.5220588235294117,25.875,1.5514705882352942,26.375,-0.02941176470588247,-0.5
qwen25_15b,937,msc_valid,34,lexical_tfidf,0.2,17,1.7205882352941178,29.25,1.5514705882352942,26.375,0.1691176470588236,2.875
qwen25_15b,937,msc_valid,34,recency_keep_compress_drop,0.2,17,1.7205882352941178,29.25,1.5514705882352942,26.375,0.1691176470588236,2.875
qwen25_15b,937,msc_valid,34,uniform,0.35,17,1.7941176470588236,30.5,1.5514705882352942,26.375,0.24264705882352944,4.125
qwen25_15b,937,msc_valid,34,longllmlingua,0.35,17,1.713235294117647,29.125,1.5514705882352942,26.375,0.1617647058823528,2.75
qwen25_15b,937,msc_valid,34,recency,0.35,17,1.5735294117647058,26.75,1.5514705882352942,26.375,0.022058823529411686,0.375
qwen25_15b,937,msc_valid,34,lexical_tfidf,0.35,17,1.588235294117647,27.0,1.5514705882352942,26.375,0.03676470588235281,0.625
qwen25_15b,937,msc_valid,34,recency_keep_compress_drop,0.35,17,1.5661764705882353,26.625,1.5514705882352942,26.375,0.014705882352941124,0.25
qwen25_15b,937,msc_valid,34,uniform,0.5,17,1.588235294117647,27.0,1.5514705882352942,26.375,0.03676470588235281,0.625
qwen25_15b,937,msc_valid,34,longllmlingua,0.5,17,1.713235294117647,29.125,1.5514705882352942,26.375,0.1617647058823528,2.75
qwen25_15b,937,msc_valid,34,recency,0.5,17,1.5441176470588236,26.25,1.5514705882352942,26.375,-0.007352941176470562,-0.125
qwen25_15b,937,msc_valid,34,lexical_tfidf,0.5,17,1.536764705882353,26.125,1.5514705882352942,26.375,-0.014705882352941124,-0.25
qwen25_15b,937,msc_valid,34,recency_keep_compress_drop,0.5,17,1.5441176470588236,26.25,1.5514705882352942,26.375,-0.007352941176470562,-0.125
qwen25_15b,937,msc_valid,38,uniform,0.2,9,2.75,24.75,2.375,21.375,0.375,3.375
qwen25_15b,937,msc_valid,38,longllmlingua,0.2,9,3.3333333333333335,30.0,2.375,21.375,0.9583333333333335,8.625
qwen25_15b,937,msc_valid,38,recency,0.2,9,3.2222222222222223,29.0,2.375,21.375,0.8472222222222223,7.625
qwen25_15b,937,msc_valid,38,lexical_tfidf,0.2,9,3.1666666666666665,28.5,2.375,21.375,0.7916666666666665,7.125
qwen25_15b,937,msc_valid,38,recency_keep_compress_drop,0.2,9,3.1805555555555554,28.625,2.375,21.375,0.8055555555555554,7.25
qwen25_15b,937,msc_valid,38,uniform,0.35,9,2.5,22.5,2.375,21.375,0.125,1.125
qwen25_15b,937,msc_valid,38,longllmlingua,0.35,9,3.0,27.0,2.375,21.375,0.625,5.625
qwen25_15b,937,msc_valid,38,recency,0.35,9,2.5416666666666665,22.875,2.375,21.375,0.16666666666666652,1.5
qwen25_15b,937,msc_valid,38,lexical_tfidf,0.35,9,2.9444444444444446,26.5,2.375,21.375,0.5694444444444446,5.125
qwen25_15b,937,msc_valid,38,recency_keep_compress_drop,0.35,9,2.5833333333333335,23.25,2.375,21.375,0.20833333333333348,1.875
qwen25_15b,937,msc_valid,38,uniform,0.5,9,2.388888888888889,21.5,2.375,21.375,0.01388888888888884,0.125
qwen25_15b,937,msc_valid,38,longllmlingua,0.5,9,2.888888888888889,26.0,2.375,21.375,0.5138888888888888,4.625
qwen25_15b,937,msc_valid,38,recency,0.5,9,2.4166666666666665,21.75,2.375,21.375,0.04166666666666652,0.375
qwen25_15b,937,msc_valid,38,lexical_tfidf,0.5,9,2.5972222222222223,23.375,2.375,21.375,0.22222222222222232,2.0
qwen25_15b,937,msc_valid,38,recency_keep_compress_drop,0.5,9,2.513888888888889,22.625,2.375,21.375,0.13888888888888884,1.25
qwen25_15b,937,msc_valid,42,uniform,0.2,29,1.8879310344827587,54.75,0.0,0.0,1.8879310344827587,54.75
qwen25_15b,937,msc_valid,42,longllmlingua,0.2,29,1.8706896551724137,54.25,0.0,0.0,1.8706896551724137,54.25
qwen25_15b,937,msc_valid,42,recency,0.2,29,1.8706896551724137,54.25,0.0,0.0,1.8706896551724137,54.25
qwen25_15b,937,msc_valid,42,lexical_tfidf,0.2,29,1.8620689655172413,54.0,0.0,0.0,1.8620689655172413,54.0
qwen25_15b,937,msc_valid,42,recency_keep_compress_drop,0.2,29,1.75,50.75,0.0,0.0,1.75,50.75
qwen25_15b,937,msc_valid,42,uniform,0.35,29,1.7672413793103448,51.25,0.0,0.0,1.7672413793103448,51.25
qwen25_15b,937,msc_valid,42,longllmlingua,0.35,29,1.8793103448275863,54.5,0.0,0.0,1.8793103448275863,54.5
qwen25_15b,937,msc_valid,42,recency,0.35,29,1.8275862068965518,53.0,0.0,0.0,1.8275862068965518,53.0
qwen25_15b,937,msc_valid,42,lexical_tfidf,0.35,29,1.793103448275862,52.0,0.0,0.0,1.793103448275862,52.0
qwen25_15b,937,msc_valid,42,recency_keep_compress_drop,0.35,29,1.75,50.75,0.0,0.0,1.75,50.75
qwen25_15b,937,msc_valid,42,uniform,0.5,29,1.7413793103448276,50.5,0.0,0.0,1.7413793103448276,50.5
qwen25_15b,937,msc_valid,42,longllmlingua,0.5,29,1.853448275862069,53.75,0.0,0.0,1.853448275862069,53.75
qwen25_15b,937,msc_valid,42,recency,0.5,29,1.7327586206896552,50.25,0.0,0.0,1.7327586206896552,50.25
qwen25_15b,937,msc_valid,42,lexical_tfidf,0.5,29,1.75,50.75,0.0,0.0,1.75,50.75
qwen25_15b,937,msc_valid,42,recency_keep_compress_drop,0.5,29,1.7413793103448276,50.5,0.0,0.0,1.7413793103448276,50.5
qwen25_15b,937,msc_valid,46,uniform,0.2,9,1.9722222222222223,17.75,0.0,0.0,1.9722222222222223,17.75
qwen25_15b,937,msc_valid,46,longllmlingua,0.2,9,2.2916666666666665,20.625,0.0,0.0,2.2916666666666665,20.625
qwen25_15b,937,msc_valid,46,recency,0.2,9,2.111111111111111,19.0,0.0,0.0,2.111111111111111,19.0
qwen25_15b,937,msc_valid,46,lexical_tfidf,0.2,9,2.2777777777777777,20.5,0.0,0.0,2.2777777777777777,20.5
qwen25_15b,937,msc_valid,46,recency_keep_compress_drop,0.2,9,2.1666666666666665,19.5,0.0,0.0,2.1666666666666665,19.5
qwen25_15b,937,msc_valid,46,uniform,0.35,9,2.0416666666666665,18.375,0.0,0.0,2.0416666666666665,18.375
qwen25_15b,937,msc_valid,46,longllmlingua,0.35,9,2.25,20.25,0.0,0.0,2.25,20.25
qwen25_15b,937,msc_valid,46,recency,0.35,9,2.111111111111111,19.0,0.0,0.0,2.111111111111111,19.0
qwen25_15b,937,msc_valid,46,lexical_tfidf,0.35,9,2.1527777777777777,19.375,0.0,0.0,2.1527777777777777,19.375
qwen25_15b,937,msc_valid,46,recency_keep_compress_drop,0.35,9,2.111111111111111,19.0,0.0,0.0,2.111111111111111,19.0
qwen25_15b,937,msc_valid,46,uniform,0.5,9,2.0277777777777777,18.25,0.0,0.0,2.0277777777777777,18.25
qwen25_15b,937,msc_valid,46,longllmlingua,0.5,9,2.236111111111111,20.125,0.0,0.0,2.236111111111111,20.125
qwen25_15b,937,msc_valid,46,recency,0.5,9,2.0694444444444446,18.625,0.0,0.0,2.0694444444444446,18.625
qwen25_15b,937,msc_valid,46,lexical_tfidf,0.5,9,2.111111111111111,19.0,0.0,0.0,2.111111111111111,19.0
qwen25_15b,937,msc_valid,46,recency_keep_compress_drop,0.5,9,2.0972222222222223,18.875,0.0,0.0,2.0972222222222223,18.875
qwen25_15b,937,msc_valid,50,uniform,0.2,21,2.5,52.5,0.0,0.0,2.5,52.5
qwen25_15b,937,msc_valid,50,longllmlingua,0.2,21,2.619047619047619,55.0,0.0,0.0,2.619047619047619,55.0
qwen25_15b,937,msc_valid,50,recency,0.2,21,2.4285714285714284,51.0,0.0,0.0,2.4285714285714284,51.0
qwen25_15b,937,msc_valid,50,lexical_tfidf,0.2,21,2.5357142857142856,53.25,0.0,0.0,2.5357142857142856,53.25
qwen25_15b,937,msc_valid,50,recency_keep_compress_drop,0.2,21,2.4285714285714284,51.0,0.0,0.0,2.4285714285714284,51.0
qwen25_15b,937,msc_valid,50,uniform,0.35,21,2.488095238095238,52.25,0.0,0.0,2.488095238095238,52.25
qwen25_15b,937,msc_valid,50,longllmlingua,0.35,21,2.5952380952380953,54.5,0.0,0.0,2.5952380952380953,54.5
qwen25_15b,937,msc_valid,50,recency,0.35,21,2.488095238095238,52.25,0.0,0.0,2.488095238095238,52.25
qwen25_15b,937,msc_valid,50,lexical_tfidf,0.35,21,2.4761904761904763,52.0,0.0,0.0,2.4761904761904763,52.0
qwen25_15b,937,msc_valid,50,recency_keep_compress_drop,0.35,21,2.4285714285714284,51.0,0.0,0.0,2.4285714285714284,51.0
qwen25_15b,937,msc_valid,50,uniform,0.5,21,2.4404761904761907,51.25,0.0,0.0,2.4404761904761907,51.25
qwen25_15b,937,msc_valid,50,longllmlingua,0.5,21,2.4761904761904763,52.0,0.0,0.0,2.4761904761904763,52.0
qwen25_15b,937,msc_valid,50,recency,0.5,21,2.4285714285714284,51.0,0.0,0.0,2.4285714285714284,51.0
qwen25_15b,937,msc_valid,50,lexical_tfidf,0.5,21,2.4642857142857144,51.75,0.0,0.0,2.4642857142857144,51.75
qwen25_15b,937,msc_valid,50,recency_keep_compress_drop,0.5,21,2.4285714285714284,51.0,0.0,0.0,2.4285714285714284,51.0
qwen25_15b,937,msc_valid,54,uniform,0.2,23,2.847826086956522,65.5,0.0,0.0,2.847826086956522,65.5
qwen25_15b,937,msc_valid,54,longllmlingua,0.2,23,2.9782608695652173,68.5,0.0,0.0,2.9782608695652173,68.5
qwen25_15b,937,msc_valid,54,recency,0.2,23,2.9130434782608696,67.0,0.0,0.0,2.9130434782608696,67.0
qwen25_15b,937,msc_valid,54,lexical_tfidf,0.2,23,2.847826086956522,65.5,0.0,0.0,2.847826086956522,65.5
qwen25_15b,937,msc_valid,54,recency_keep_compress_drop,0.2,23,2.847826086956522,65.5,0.0,0.0,2.847826086956522,65.5
qwen25_15b,937,msc_valid,54,uniform,0.35,23,2.7717391304347827,63.75,0.0,0.0,2.7717391304347827,63.75
qwen25_15b,937,msc_valid,54,longllmlingua,0.35,23,2.847826086956522,65.5,0.0,0.0,2.847826086956522,65.5
qwen25_15b,937,msc_valid,54,recency,0.35,23,2.8260869565217392,65.0,0.0,0.0,2.8260869565217392,65.0
qwen25_15b,937,msc_valid,54,lexical_tfidf,0.35,23,2.8043478260869565,64.5,0.0,0.0,2.8043478260869565,64.5
qwen25_15b,937,msc_valid,54,recency_keep_compress_drop,0.35,23,2.8260869565217392,65.0,0.0,0.0,2.8260869565217392,65.0
qwen25_15b,937,msc_valid,54,uniform,0.5,23,2.8260869565217392,65.0,0.0,0.0,2.8260869565217392,65.0
qwen25_15b,937,msc_valid,54,longllmlingua,0.5,23,2.760869565217391,63.5,0.0,0.0,2.760869565217391,63.5
qwen25_15b,937,msc_valid,54,recency,0.5,23,2.847826086956522,65.5,0.0,0.0,2.847826086956522,65.5
qwen25_15b,937,msc_valid,54,lexical_tfidf,0.5,23,2.8043478260869565,64.5,0.0,0.0,2.8043478260869565,64.5
qwen25_15b,937,msc_valid,54,recency_keep_compress_drop,0.5,23,2.8260869565217392,65.0,0.0,0.0,2.8260869565217392,65.0
qwen25_15b,937,msc_valid,58,uniform,0.2,38,2.736842105263158,104.0,0.0,0.0,2.736842105263158,104.0
qwen25_15b,937,msc_valid,58,longllmlingua,0.2,38,2.8157894736842106,107.0,0.0,0.0,2.8157894736842106,107.0
qwen25_15b,937,msc_valid,58,recency,0.2,38,2.6973684210526314,102.5,0.0,0.0,2.6973684210526314,102.5
qwen25_15b,937,msc_valid,58,lexical_tfidf,0.2,38,2.723684210526316,103.5,0.0,0.0,2.723684210526316,103.5
qwen25_15b,937,msc_valid,58,recency_keep_compress_drop,0.2,38,2.736842105263158,104.0,0.0,0.0,2.736842105263158,104.0
qwen25_15b,937,msc_valid,58,uniform,0.35,38,2.763157894736842,105.0,0.0,0.0,2.763157894736842,105.0
qwen25_15b,937,msc_valid,58,longllmlingua,0.35,38,2.8157894736842106,107.0,0.0,0.0,2.8157894736842106,107.0
qwen25_15b,937,msc_valid,58,recency,0.35,38,2.6842105263157894,102.0,0.0,0.0,2.6842105263157894,102.0
qwen25_15b,937,msc_valid,58,lexical_tfidf,0.35,38,2.9473684210526314,112.0,0.0,0.0,2.9473684210526314,112.0
qwen25_15b,937,msc_valid,58,recency_keep_compress_drop,0.35,38,2.723684210526316,103.5,0.0,0.0,2.723684210526316,103.5
qwen25_15b,937,msc_valid,58,uniform,0.5,38,2.710526315789474,103.0,0.0,0.0,2.710526315789474,103.0
qwen25_15b,937,msc_valid,58,longllmlingua,0.5,38,2.789473684210526,106.0,0.0,0.0,2.789473684210526,106.0
qwen25_15b,937,msc_valid,58,recency,0.5,38,2.736842105263158,104.0,0.0,0.0,2.736842105263158,104.0
qwen25_15b,937,msc_valid,58,lexical_tfidf,0.5,38,2.763157894736842,105.0,0.0,0.0,2.763157894736842,105.0
qwen25_15b,937,msc_valid,58,recency_keep_compress_drop,0.5,38,2.763157894736842,105.0,0.0,0.0,2.763157894736842,105.0
qwen25_15b,937,msc_valid,62,uniform,0.2,22,2.215909090909091,48.75,0.0,0.0,2.215909090909091,48.75
qwen25_15b,937,msc_valid,62,longllmlingua,0.2,22,2.3295454545454546,51.25,0.0,0.0,2.3295454545454546,51.25
qwen25_15b,937,msc_valid,62,recency,0.2,22,2.1363636363636362,47.0,0.0,0.0,2.1363636363636362,47.0
qwen25_15b,937,msc_valid,62,lexical_tfidf,0.2,22,2.1363636363636362,47.0,0.0,0.0,2.1363636363636362,47.0
qwen25_15b,937,msc_valid,62,recency_keep_compress_drop,0.2,22,2.1363636363636362,47.0,0.0,0.0,2.1363636363636362,47.0
qwen25_15b,937,msc_valid,62,uniform,0.35,22,2.2386363636363638,49.25,0.0,0.0,2.2386363636363638,49.25
qwen25_15b,937,msc_valid,62,longllmlingua,0.35,22,2.25,49.5,0.0,0.0,2.25,49.5
qwen25_15b,937,msc_valid,62,recency,0.35,22,2.147727272727273,47.25,0.0,0.0,2.147727272727273,47.25
qwen25_15b,937,msc_valid,62,lexical_tfidf,0.35,22,2.159090909090909,47.5,0.0,0.0,2.159090909090909,47.5
qwen25_15b,937,msc_valid,62,recency_keep_compress_drop,0.35,22,2.1363636363636362,47.0,0.0,0.0,2.1363636363636362,47.0
qwen25_15b,937,msc_valid,62,uniform,0.5,22,2.2045454545454546,48.5,0.0,0.0,2.2045454545454546,48.5
qwen25_15b,937,msc_valid,62,longllmlingua,0.5,22,2.25,49.5,0.0,0.0,2.25,49.5
qwen25_15b,937,msc_valid,62,recency,0.5,0,0.0,0.0,0.0,0.0,0.0,0.0
qwen25_15b,937,msc_valid,62,lexical_tfidf,0.5,0,0.0,0.0,0.0,0.0,0.0,0.0
qwen25_15b,937,msc_valid,62,recency_keep_compress_drop,0.5,0,0.0,0.0,0.0,0.0,0.0,0.0
qwen25_15b,951,msc_valid,4,uniform,0.2,16,2.09375,33.5,1.8046875,28.875,0.2890625,4.625
qwen25_15b,951,msc_valid,4,longllmlingua,0.2,16,1.7109375,27.375,1.8046875,28.875,-0.09375,-1.5
qwen25_15b,951,msc_valid,4,recency,0.2,16,2.09375,33.5,1.8046875,28.875,0.2890625,4.625
qwen25_15b,951,msc_valid,4,lexical_tfidf,0.2,16,2.09375,33.5,1.8046875,28.875,0.2890625,4.625
qwen25_15b,951,msc_valid,4,recency_keep_compress_drop,0.2,16,2.09375,33.5,1.8046875,28.875,0.2890625,4.625
qwen25_15b,951,msc_valid,4,uniform,0.35,16,1.9453125,31.125,1.8046875,28.875,0.140625,2.25
qwen25_15b,951,msc_valid,4,longllmlingua,0.35,16,1.65625,26.5,1.8046875,28.875,-0.1484375,-2.375
qwen25_15b,951,msc_valid,4,recency,0.35,16,1.9453125,31.125,1.8046875,28.875,0.140625,2.25
qwen25_15b,951,msc_valid,4,lexical_tfidf,0.35,16,1.9453125,31.125,1.8046875,28.875,0.140625,2.25
qwen25_15b,951,msc_valid,4,recency_keep_compress_drop,0.35,16,1.9453125,31.125,1.8046875,28.875,0.140625,2.25
qwen25_15b,951,msc_valid,4,uniform,0.5,16,1.9453125,31.125,1.8046875,28.875,0.140625,2.25
qwen25_15b,951,msc_valid,4,longllmlingua,0.5,16,1.5546875,24.875,1.8046875,28.875,-0.25,-4.0
qwen25_15b,951,msc_valid,4,recency,0.5,16,1.9453125,31.125,1.8046875,28.875,0.140625,2.25
qwen25_15b,951,msc_valid,4,lexical_tfidf,0.5,16,1.9453125,31.125,1.8046875,28.875,0.140625,2.25
qwen25_15b,951,msc_valid,4,recency_keep_compress_drop,0.5,16,1.9453125,31.125,1.8046875,28.875,0.140625,2.25
qwen25_15b,951,msc_valid,8,uniform,0.2,8,5.46875,43.75,4.65625,37.25,0.8125,6.5
qwen25_15b,951,msc_valid,8,longllmlingua,0.2,8,4.90625,39.25,4.65625,37.25,0.25,2.0
qwen25_15b,951,msc_valid,8,recency,0.2,8,5.53125,44.25,4.65625,37.25,0.875,7.0
qwen25_15b,951,msc_valid,8,lexical_tfidf,0.2,8,5.5,44.0,4.65625,37.25,0.84375,6.75
qwen25_15b,951,msc_valid,8,recency_keep_compress_drop,0.2,8,5.53125,44.25,4.65625,37.25,0.875,7.0
qwen25_15b,951,msc_valid,8,uniform,0.35,8,5.5,44.0,4.65625,37.25,0.84375,6.75
qwen25_15b,951,msc_valid,8,longllmlingua,0.35,8,5.03125,40.25,4.65625,37.25,0.375,3.0
qwen25_15b,951,msc_valid,8,recency,0.35,8,5.15625,41.25,4.65625,37.25,0.5,4.0
qwen25_15b,951,msc_valid,8,lexical_tfidf,0.35,8,5.5,44.0,4.65625,37.25,0.84375,6.75
qwen25_15b,951,msc_valid,8,recency_keep_compress_drop,0.35,8,5.15625,41.25,4.65625,37.25,0.5,4.0
qwen25_15b,951,msc_valid,8,uniform,0.5,8,5.1875,41.5,4.65625,37.25,0.53125,4.25
qwen25_15b,951,msc_valid,8,longllmlingua,0.5,8,4.84375,38.75,4.65625,37.25,0.1875,1.5
qwen25_15b,951,msc_valid,8,recency,0.5,8,5.0625,40.5,4.65625,37.25,0.40625,3.25
qwen25_15b,951,msc_valid,8,lexical_tfidf,0.5,8,5.4375,43.5,4.65625,37.25,0.78125,6.25
qwen25_15b,951,msc_valid,8,recency_keep_compress_drop,0.5,8,4.875,39.0,4.65625,37.25,0.21875,1.75
qwen25_15b,951,msc_valid,12,uniform,0.2,16,2.28125,36.5,1.5703125,25.125,0.7109375,11.375
qwen25_15b,951,msc_valid,12,longllmlingua,0.2,16,1.84375,29.5,1.5703125,25.125,0.2734375,4.375
qwen25_15b,951,msc_valid,12,recency,0.2,16,1.90625,30.5,1.5703125,25.125,0.3359375,5.375
qwen25_15b,951,msc_valid,12,lexical_tfidf,0.2,16,2.0,32.0,1.5703125,25.125,0.4296875,6.875
qwen25_15b,951,msc_valid,12,recency_keep_compress_drop,0.2,16,1.65625,26.5,1.5703125,25.125,0.0859375,1.375
qwen25_15b,951,msc_valid,12,uniform,0.35,16,1.90625,30.5,1.5703125,25.125,0.3359375,5.375
qwen25_15b,951,msc_valid,12,longllmlingua,0.35,16,1.796875,28.75,1.5703125,25.125,0.2265625,3.625
qwen25_15b,951,msc_valid,12,recency,0.35,16,1.8515625,29.625,1.5703125,25.125,0.28125,4.5
qwen25_15b,951,msc_valid,12,lexical_tfidf,0.35,16,1.8125,29.0,1.5703125,25.125,0.2421875,3.875
qwen25_15b,951,msc_valid,12,recency_keep_compress_drop,0.35,16,1.6328125,26.125,1.5703125,25.125,0.0625,1.0
qwen25_15b,951,msc_valid,12,uniform,0.5,16,1.75,28.0,1.5703125,25.125,0.1796875,2.875
qwen25_15b,951,msc_valid,12,longllmlingua,0.5,16,1.6640625,26.625,1.5703125,25.125,0.09375,1.5
qwen25_15b,951,msc_valid,12,recency,0.5,16,1.640625,26.25,1.5703125,25.125,0.0703125,1.125
qwen25_15b,951,msc_valid,12,lexical_tfidf,0.5,16,1.8671875,29.875,1.5703125,25.125,0.296875,4.75
qwen25_15b,951,msc_valid,12,recency_keep_compress_drop,0.5,16,1.609375,25.75,1.5703125,25.125,0.0390625,0.625
qwen25_15b,951,msc_valid,16,uniform,0.2,10,5.65,56.5,3.9,39.0,1.7500000000000004,17.5
qwen25_15b,951,msc_valid,16,longllmlingua,0.2,10,5.275,52.75,3.9,39.0,1.3750000000000004,13.75
qwen25_15b,951,msc_valid,16,recency,0.2,10,4.925,49.25,3.9,39.0,1.025,10.25
qwen25_15b,951,msc_valid,16,lexical_tfidf,0.2,10,5.6,56.0,3.9,39.0,1.6999999999999997,17.0
qwen25_15b,951,msc_valid,16,recency_keep_compress_drop,0.2,10,4.925,49.25,3.9,39.0,1.025,10.25
qwen25_15b,951,msc_valid,16,uniform,0.35,10,4.95,49.5,3.9,39.0,1.0500000000000003,10.5
qwen25_15b,951,msc_valid,16,longllmlingua,0.35,10,5.05,50.5,3.9,39.0,1.15,11.5
qwen25_15b,951,msc_valid,16,recency,0.35,10,4.725,47.25,3.9,39.0,0.8249999999999997,8.25
qwen25_15b,951,msc_valid,16,lexical_tfidf,0.35,10,4.7,47.0,3.9,39.0,0.8000000000000003,8.0
qwen25_15b,951,msc_valid,16,recency_keep_compress_drop,0.35,10,4.0,40.0,3.9,39.0,0.10000000000000009,1.0
qwen25_15b,951,msc_valid,16,uniform,0.5,10,4.25,42.5,3.9,39.0,0.3500000000000001,3.5
qwen25_15b,951,msc_valid,16,longllmlingua,0.5,10,5.0,50.0,3.9,39.0,1.1,11.0
qwen25_15b,951,msc_valid,16,recency,0.5,10,4.775,47.75,3.9,39.0,0.8750000000000004,8.75
qwen25_15b,951,msc_valid,16,lexical_tfidf,0.5,10,4.7,47.0,3.9,39.0,0.8000000000000003,8.0
qwen25_15b,951,msc_valid,16,recency_keep_compress_drop,0.5,10,3.7,37.0,3.9,39.0,-0.19999999999999973,-2.0
qwen25_15b,951,msc_valid,18,uniform,0.2,30,3.533333333333333,106.0,3.3333333333333335,100.0,0.19999999999999973,6.0
qwen25_15b,951,msc_valid,18,longllmlingua,0.2,30,3.35,100.5,3.3333333333333335,100.0,0.016666666666666607,0.5
qwen25_15b,951,msc_valid,18,recency,0.2,30,3.6666666666666665,110.0,3.3333333333333335,100.0,0.33333333333333304,10.0
qwen25_15b,951,msc_valid,18,lexical_tfidf,0.2,30,3.6166666666666667,108.5,3.3333333333333335,100.0,0.2833333333333332,8.5
qwen25_15b,951,msc_valid,18,recency_keep_compress_drop,0.2,30,3.6666666666666665,110.0,3.3333333333333335,100.0,0.33333333333333304,10.0
qwen25_15b,951,msc_valid,18,uniform,0.35,30,3.4833333333333334,104.5,3.3333333333333335,100.0,0.1499999999999999,4.5
qwen25_15b,951,msc_valid,18,longllmlingua,0.35,30,3.25,97.5,3.3333333333333335,100.0,-0.08333333333333348,-2.5
qwen25_15b,951,msc_valid,18,recency,0.35,30,3.6333333333333333,109.0,3.3333333333333335,100.0,0.2999999999999998,9.0
qwen25_15b,951,msc_valid,18,lexical_tfidf,0.35,30,3.5,105.0,3.3333333333333335,100.0,0.16666666666666652,5.0
qwen25_15b,951,msc_valid,18,recency_keep_compress_drop,0.35,30,3.45,103.5,3.3333333333333335,100.0,0.1166666666666667,3.5
qwen25_15b,951,msc_valid,18,uniform,0.5,30,3.4166666666666665,102.5,3.3333333333333335,100.0,0.08333333333333304,2.5
qwen25_15b,951,msc_valid,18,longllmlingua,0.5,30,3.183333333333333,95.5,3.3333333333333335,100.0,-0.15000000000000036,-4.5
qwen25_15b,951,msc_valid,18,recency,0.5,30,3.5166666666666666,105.5,3.3333333333333335,100.0,0.18333333333333313,5.5
qwen25_15b,951,msc_valid,18,lexical_tfidf,0.5,30,3.3833333333333333,101.5,3.3333333333333335,100.0,0.04999999999999982,1.5
qwen25_15b,951,msc_valid,18,recency_keep_compress_drop,0.5,30,3.3,99.0,3.3333333333333335,100.0,-0.03333333333333366,-1.0
qwen25_15b,951,msc_valid,22,uniform,0.2,17,4.352941176470588,74.0,3.264705882352941,55.5,1.0882352941176467,18.5
qwen25_15b,951,msc_valid,22,longllmlingua,0.2,17,4.323529411764706,73.5,3.264705882352941,55.5,1.0588235294117645,18.0
qwen25_15b,951,msc_valid,22,recency,0.2,17,3.5294117647058822,60.0,3.264705882352941,55.5,0.2647058823529411,4.5
qwen25_15b,951,msc_valid,22,lexical_tfidf,0.2,17,4.235294117647059,72.0,3.264705882352941,55.5,0.9705882352941178,16.5
qwen25_15b,951,msc_valid,22,recency_keep_compress_drop,0.2,17,3.6323529411764706,61.75,3.264705882352941,55.5,0.36764705882352944,6.25
qwen25_15b,951,msc_valid,22,uniform,0.35,17,3.676470588235294,62.5,3.264705882352941,55.5,0.4117647058823528,7.0
qwen25_15b,951,msc_valid,22,longllmlingua,0.35,17,4.088235294117647,69.5,3.264705882352941,55.5,0.8235294117647056,14.0
qwen25_15b,951,msc_valid,22,recency,0.35,17,3.6029411764705883,61.25,3.264705882352941,55.5,0.3382352941176472,5.75
qwen25_15b,951,msc_valid,22,lexical_tfidf,0.35,17,3.6176470588235294,61.5,3.264705882352941,55.5,0.3529411764705883,6.0
qwen25_15b,951,msc_valid,22,recency_keep_compress_drop,0.35,17,3.6323529411764706,61.75,3.264705882352941,55.5,0.36764705882352944,6.25
qwen25_15b,951,msc_valid,22,uniform,0.5,17,4.205882352941177,71.5,3.264705882352941,55.5,0.9411764705882355,16.0
qwen25_15b,951,msc_valid,22,longllmlingua,0.5,17,4.147058823529412,70.5,3.264705882352941,55.5,0.882352941176471,15.0
qwen25_15b,951,msc_valid,22,recency,0.5,17,3.411764705882353,58.0,3.264705882352941,55.5,0.1470588235294117,2.5
qwen25_15b,951,msc_valid,22,lexical_tfidf,0.5,17,3.573529411764706,60.75,3.264705882352941,55.5,0.30882352941176494,5.25
qwen25_15b,951,msc_valid,22,recency_keep_compress_drop,0.5,17,3.338235294117647,56.75,3.264705882352941,55.5,0.07352941176470607,1.25
qwen25_15b,951,msc_valid,26,uniform,0.2,15,2.7666666666666666,41.5,2.3833333333333333,35.75,0.3833333333333333,5.75
qwen25_15b,951,msc_valid,26,longllmlingua,0.2,15,2.75,41.25,2.3833333333333333,35.75,0.3666666666666667,5.5
qwen25_15b,951,msc_valid,26,recency,0.2,15,2.716666666666667,40.75,2.3833333333333333,35.75,0.3333333333333335,5.0
qwen25_15b,951,msc_valid,26,lexical_tfidf,0.2,15,3.0833333333333335,46.25,2.3833333333333333,35.75,0.7000000000000002,10.5
qwen25_15b,951,msc_valid,26,recency_keep_compress_drop,0.2,15,3.05,45.75,2.3833333333333333,35.75,0.6666666666666665,10.0
qwen25_15b,951,msc_valid,26,uniform,0.35,15,2.5166666666666666,37.75,2.3833333333333333,35.75,0.1333333333333333,2.0
qwen25_15b,951,msc_valid,26,longllmlingua,0.35,15,2.6333333333333333,39.5,2.3833333333333333,35.75,0.25,3.75
qwen25_15b,951,msc_valid,26,recency,0.35,15,2.683333333333333,40.25,2.3833333333333333,35.75,0.2999999999999998,4.5
qwen25_15b,951,msc_valid,26,lexical_tfidf,0.35,15,2.533333333333333,38.0,2.3833333333333333,35.75,0.1499999999999999,2.25
qwen25_15b,951,msc_valid,26,recency_keep_compress_drop,0.35,15,2.783333333333333,41.75,2.3833333333333333,35.75,0.3999999999999999,6.0
qwen25_15b,951,msc_valid,26,uniform,0.5,15,2.533333333333333,38.0,2.3833333333333333,35.75,0.1499999999999999,2.25
qwen25_15b,951,msc_valid,26,longllmlingua,0.5,15,2.3833333333333333,35.75,2.3833333333333333,35.75,0.0,0.0
qwen25_15b,951,msc_valid,26,recency,0.5,15,2.533333333333333,38.0,2.3833333333333333,35.75,0.1499999999999999,2.25
qwen25_15b,951,msc_valid,26,lexical_tfidf,0.5,15,2.5166666666666666,37.75,2.3833333333333333,35.75,0.1333333333333333,2.0
qwen25_15b,951,msc_valid,26,recency_keep_compress_drop,0.5,15,2.5166666666666666,37.75,2.3833333333333333,35.75,0.1333333333333333,2.0
qwen25_15b,951,msc_valid,30,uniform,0.2,42,2.107142857142857,88.5,2.0714285714285716,87.0,0.03571428571428559,1.5
qwen25_15b,951,msc_valid,30,longllmlingua,0.2,42,2.142857142857143,90.0,2.0714285714285716,87.0,0.07142857142857117,3.0
qwen25_15b,951,msc_valid,30,recency,0.2,42,2.2261904761904763,93.5,2.0714285714285716,87.0,0.15476190476190466,6.5
qwen25_15b,951,msc_valid,30,lexical_tfidf,0.2,42,2.130952380952381,89.5,2.0714285714285716,87.0,0.05952380952380931,2.5
qwen25_15b,951,msc_valid,30,recency_keep_compress_drop,0.2,42,2.1666666666666665,91.0,2.0714285714285716,87.0,0.0952380952380949,4.0
qwen25_15b,951,msc_valid,30,uniform,0.35,42,2.142857142857143,90.0,2.0714285714285716,87.0,0.07142857142857117,3.0
qwen25_15b,951,msc_valid,30,longllmlingua,0.35,42,2.0952380952380953,88.0,2.0714285714285716,87.0,0.023809523809523725,1.0
qwen25_15b,951,msc_valid,30,recency,0.35,42,2.1666666666666665,91.0,2.0714285714285716,87.0,0.0952380952380949,4.0
qwen25_15b,951,msc_valid,30,lexical_tfidf,0.35,42,2.011904761904762,84.5,2.0714285714285716,87.0,-0.059523809523809756,-2.5
qwen25_15b,951,msc_valid,30,recency_keep_compress_drop,0.35,42,2.142857142857143,90.0,2.0714285714285716,87.0,0.07142857142857117,3.0
qwen25_15b,951,msc_valid,30,uniform,0.5,42,2.142857142857143,90.0,2.0714285714285716,87.0,0.07142857142857117,3.0
qwen25_15b,951,msc_valid,30,longllmlingua,0.5,42,2.0952380952380953,88.0,2.0714285714285716,87.0,0.023809523809523725,1.0
qwen25_15b,951,msc_valid,30,recency,0.5,42,2.0952380952380953,88.0,2.0714285714285716,87.0,0.023809523809523725,1.0
qwen25_15b,951,msc_valid,30,lexical_tfidf,0.5,42,2.011904761904762,84.5,2.0714285714285716,87.0,-0.059523809523809756,-2.5
qwen25_15b,951,msc_valid,30,recency_keep_compress_drop,0.5,42,2.0714285714285716,87.0,2.0714285714285716,87.0,0.0,0.0
qwen25_15b,951,msc_valid,34,uniform,0.2,50,1.94,97.0,6.53125,13.0625,-4.5912500000000005,83.9375
qwen25_15b,951,msc_valid,34,longllmlingua,0.2,50,1.85,92.5,6.53125,13.0625,-4.68125,79.4375
qwen25_15b,951,msc_valid,34,recency,0.2,50,1.84,92.0,6.53125,13.0625,-4.69125,78.9375
qwen25_15b,951,msc_valid,34,lexical_tfidf,0.2,50,1.92,96.0,6.53125,13.0625,-4.61125,82.9375
qwen25_15b,951,msc_valid,34,recency_keep_compress_drop,0.2,50,1.8,90.0,6.53125,13.0625,-4.73125,76.9375
qwen25_15b,951,msc_valid,34,uniform,0.35,50,1.94,97.0,6.53125,13.0625,-4.5912500000000005,83.9375
qwen25_15b,951,msc_valid,34,longllmlingua,0.35,50,1.92,96.0,6.53125,13.0625,-4.61125,82.9375
qwen25_15b,951,msc_valid,34,recency,0.35,50,1.79,89.5,6.53125,13.0625,-4.74125,76.4375
qwen25_15b,951,msc_valid,34,lexical_tfidf,0.35,50,1.88,94.0,6.53125,13.0625,-4.65125,80.9375
qwen25_15b,951,msc_valid,34,recency_keep_compress_drop,0.35,50,1.79,89.5,6.53125,13.0625,-4.74125,76.4375
qwen25_15b,951,msc_valid,34,uniform,0.5,50,1.88,94.0,6.53125,13.0625,-4.65125,80.9375
qwen25_15b,951,msc_valid,34,longllmlingua,0.5,50,1.92,96.0,6.53125,13.0625,-4.61125,82.9375
qwen25_15b,951,msc_valid,34,recency,0.5,50,1.71,85.5,6.53125,13.0625,-4.82125,72.4375
qwen25_15b,951,msc_valid,34,lexical_tfidf,0.5,50,1.82,91.0,6.53125,13.0625,-4.71125,77.9375
qwen25_15b,951,msc_valid,34,recency_keep_compress_drop,0.5,50,1.73,86.5,6.53125,13.0625,-4.80125,73.4375
qwen25_15b,951,msc_valid,38,uniform,0.2,18,1.9305555555555556,34.75,0.0,0.0,1.9305555555555556,34.75
qwen25_15b,951,msc_valid,38,longllmlingua,0.2,18,1.9583333333333333,35.25,0.0,0.0,1.9583333333333333,35.25
qwen25_15b,951,msc_valid,38,recency,0.2,18,1.9027777777777777,34.25,0.0,0.0,1.9027777777777777,34.25
qwen25_15b,951,msc_valid,38,lexical_tfidf,0.2,18,2.0277777777777777,36.5,0.0,0.0,2.0277777777777777,36.5
qwen25_15b,951,msc_valid,38,recency_keep_compress_drop,0.2,18,1.9444444444444444,35.0,0.0,0.0,1.9444444444444444,35.0
qwen25_15b,951,msc_valid,38,uniform,0.35,18,1.9166666666666667,34.5,0.0,0.0,1.9166666666666667,34.5
qwen25_15b,951,msc_valid,38,longllmlingua,0.35,18,1.9722222222222223,35.5,0.0,0.0,1.9722222222222223,35.5
qwen25_15b,951,msc_valid,38,recency,0.35,18,1.9027777777777777,34.25,0.0,0.0,1.9027777777777777,34.25
qwen25_15b,951,msc_valid,38,lexical_tfidf,0.35,18,2.013888888888889,36.25,0.0,0.0,2.013888888888889,36.25
qwen25_15b,951,msc_valid,38,recency_keep_compress_drop,0.35,18,1.9305555555555556,34.75,0.0,0.0,1.9305555555555556,34.75
qwen25_15b,951,msc_valid,38,uniform,0.5,18,2.0,36.0,0.0,0.0,2.0,36.0
qwen25_15b,951,msc_valid,38,longllmlingua,0.5,18,2.0,36.0,0.0,0.0,2.0,36.0
qwen25_15b,951,msc_valid,38,recency,0.5,18,1.9166666666666667,34.5,0.0,0.0,1.9166666666666667,34.5
qwen25_15b,951,msc_valid,38,lexical_tfidf,0.5,18,2.0277777777777777,36.5,0.0,0.0,2.0277777777777777,36.5
qwen25_15b,951,msc_valid,38,recency_keep_compress_drop,0.5,18,1.9722222222222223,35.5,0.0,0.0,1.9722222222222223,35.5
qwen25_15b,951,msc_valid,42,uniform,0.2,21,3.0,63.0,0.0,0.0,3.0,63.0
qwen25_15b,951,msc_valid,42,longllmlingua,0.2,21,3.2142857142857144,67.5,0.0,0.0,3.2142857142857144,67.5
qwen25_15b,951,msc_valid,42,recency,0.2,21,3.0,63.0,0.0,0.0,3.0,63.0
qwen25_15b,951,msc_valid,42,lexical_tfidf,0.2,21,3.011904761904762,63.25,0.0,0.0,3.011904761904762,63.25
qwen25_15b,951,msc_valid,42,recency_keep_compress_drop,0.2,21,2.9523809523809526,62.0,0.0,0.0,2.9523809523809526,62.0
qwen25_15b,951,msc_valid,42,uniform,0.35,21,2.892857142857143,60.75,0.0,0.0,2.892857142857143,60.75
qwen25_15b,951,msc_valid,42,longllmlingua,0.35,21,3.261904761904762,68.5,0.0,0.0,3.261904761904762,68.5
qwen25_15b,951,msc_valid,42,recency,0.35,21,2.9404761904761907,61.75,0.0,0.0,2.9404761904761907,61.75
qwen25_15b,951,msc_valid,42,lexical_tfidf,0.35,21,3.0,63.0,0.0,0.0,3.0,63.0
qwen25_15b,951,msc_valid,42,recency_keep_compress_drop,0.35,21,2.9404761904761907,61.75,0.0,0.0,2.9404761904761907,61.75
qwen25_15b,951,msc_valid,42,uniform,0.5,21,2.9285714285714284,61.5,0.0,0.0,2.9285714285714284,61.5
qwen25_15b,951,msc_valid,42,longllmlingua,0.5,21,3.142857142857143,66.0,0.0,0.0,3.142857142857143,66.0
qwen25_15b,951,msc_valid,42,recency,0.5,21,2.9761904761904763,62.5,0.0,0.0,2.9761904761904763,62.5
qwen25_15b,951,msc_valid,42,lexical_tfidf,0.5,21,3.0,63.0,0.0,0.0,3.0,63.0
qwen25_15b,951,msc_valid,42,recency_keep_compress_drop,0.5,21,2.9404761904761907,61.75,0.0,0.0,2.9404761904761907,61.75
qwen25_15b,951,msc_valid,46,uniform,0.2,15,2.55,38.25,0.0,0.0,2.55,38.25
qwen25_15b,951,msc_valid,46,longllmlingua,0.2,15,2.6166666666666667,39.25,0.0,0.0,2.6166666666666667,39.25
qwen25_15b,951,msc_valid,46,recency,0.2,15,2.533333333333333,38.0,0.0,0.0,2.533333333333333,38.0
qwen25_15b,951,msc_valid,46,lexical_tfidf,0.2,15,2.533333333333333,38.0,0.0,0.0,2.533333333333333,38.0
qwen25_15b,951,msc_valid,46,recency_keep_compress_drop,0.2,15,2.4166666666666665,36.25,0.0,0.0,2.4166666666666665,36.25
qwen25_15b,951,msc_valid,46,uniform,0.35,15,2.6166666666666667,39.25,0.0,0.0,2.6166666666666667,39.25
qwen25_15b,951,msc_valid,46,longllmlingua,0.35,15,2.45,36.75,0.0,0.0,2.45,36.75
qwen25_15b,951,msc_valid,46,recency,0.35,15,2.5,37.5,0.0,0.0,2.5,37.5
qwen25_15b,951,msc_valid,46,lexical_tfidf,0.35,15,2.6333333333333333,39.5,0.0,0.0,2.6333333333333333,39.5
qwen25_15b,951,msc_valid,46,recency_keep_compress_drop,0.35,15,2.4166666666666665,36.25,0.0,0.0,2.4166666666666665,36.25
qwen25_15b,951,msc_valid,46,uniform,0.5,15,2.6,39.0,0.0,0.0,2.6,39.0
qwen25_15b,951,msc_valid,46,longllmlingua,0.5,15,2.6,39.0,0.0,0.0,2.6,39.0
qwen25_15b,951,msc_valid,46,recency,0.5,15,2.566666666666667,38.5,0.0,0.0,2.566666666666667,38.5
qwen25_15b,951,msc_valid,46,lexical_tfidf,0.5,15,2.6333333333333333,39.5,0.0,0.0,2.6333333333333333,39.5
qwen25_15b,951,msc_valid,46,recency_keep_compress_drop,0.5,15,2.4833333333333334,37.25,0.0,0.0,2.4833333333333334,37.25
qwen25_15b,951,msc_valid,48,uniform,0.2,11,2.0,22.0,0.0,0.0,2.0,22.0
qwen25_15b,951,msc_valid,48,longllmlingua,0.2,11,1.6818181818181819,18.5,0.0,0.0,1.6818181818181819,18.5
qwen25_15b,951,msc_valid,48,recency,0.2,11,2.022727272727273,22.25,0.0,0.0,2.022727272727273,22.25
qwen25_15b,951,msc_valid,48,lexical_tfidf,0.2,11,2.022727272727273,22.25,0.0,0.0,2.022727272727273,22.25
qwen25_15b,951,msc_valid,48,recency_keep_compress_drop,0.2,11,1.9545454545454546,21.5,0.0,0.0,1.9545454545454546,21.5
qwen25_15b,951,msc_valid,48,uniform,0.35,11,1.9886363636363635,21.875,0.0,0.0,1.9886363636363635,21.875
qwen25_15b,951,msc_valid,48,longllmlingua,0.35,11,1.7727272727272727,19.5,0.0,0.0,1.7727272727272727,19.5
qwen25_15b,951,msc_valid,48,recency,0.35,11,1.9318181818181819,21.25,0.0,0.0,1.9318181818181819,21.25
qwen25_15b,951,msc_valid,48,lexical_tfidf,0.35,11,1.9204545454545454,21.125,0.0,0.0,1.9204545454545454,21.125
qwen25_15b,951,msc_valid,48,recency_keep_compress_drop,0.35,11,1.8863636363636365,20.75,0.0,0.0,1.8863636363636365,20.75
qwen25_15b,951,msc_valid,48,uniform,0.5,11,1.9431818181818181,21.375,0.0,0.0,1.9431818181818181,21.375
qwen25_15b,951,msc_valid,48,longllmlingua,0.5,11,1.9204545454545454,21.125,0.0,0.0,1.9204545454545454,21.125
qwen25_15b,951,msc_valid,48,recency,0.5,11,1.9545454545454546,21.5,0.0,0.0,1.9545454545454546,21.5
qwen25_15b,951,msc_valid,48,lexical_tfidf,0.5,11,1.8636363636363635,20.5,0.0,0.0,1.8636363636363635,20.5
qwen25_15b,951,msc_valid,48,recency_keep_compress_drop,0.5,11,1.875,20.625,0.0,0.0,1.875,20.625
qwen25_15b,951,msc_valid,52,uniform,0.2,23,2.8043478260869565,64.5,0.0,0.0,2.8043478260869565,64.5
qwen25_15b,951,msc_valid,52,longllmlingua,0.2,23,2.597826086956522,59.75,0.0,0.0,2.597826086956522,59.75
qwen25_15b,951,msc_valid,52,recency,0.2,23,2.467391304347826,56.75,0.0,0.0,2.467391304347826,56.75
qwen25_15b,951,msc_valid,52,lexical_tfidf,0.2,23,2.4347826086956523,56.0,0.0,0.0,2.4347826086956523,56.0
qwen25_15b,951,msc_valid,52,recency_keep_compress_drop,0.2,23,2.467391304347826,56.75,0.0,0.0,2.467391304347826,56.75
qwen25_15b,951,msc_valid,52,uniform,0.35,23,2.7717391304347827,63.75,0.0,0.0,2.7717391304347827,63.75
qwen25_15b,951,msc_valid,52,longllmlingua,0.35,23,2.5652173913043477,59.0,0.0,0.0,2.5652173913043477,59.0
qwen25_15b,951,msc_valid,52,recency,0.35,23,2.467391304347826,56.75,0.0,0.0,2.467391304347826,56.75
qwen25_15b,951,msc_valid,52,lexical_tfidf,0.35,23,2.4239130434782608,55.75,0.0,0.0,2.4239130434782608,55.75
qwen25_15b,951,msc_valid,52,recency_keep_compress_drop,0.35,23,2.4565217391304346,56.5,0.0,0.0,2.4565217391304346,56.5
qwen25_15b,951,msc_valid,52,uniform,0.5,23,2.739130434782609,63.0,0.0,0.0,2.739130434782609,63.0
qwen25_15b,951,msc_valid,52,longllmlingua,0.5,23,2.532608695652174,58.25,0.0,0.0,2.532608695652174,58.25
qwen25_15b,951,msc_valid,52,recency,0.5,0,0.0,0.0,0.0,0.0,0.0,0.0
qwen25_15b,951,msc_valid,52,lexical_tfidf,0.5,0,0.0,0.0,0.0,0.0,0.0,0.0
qwen25_15b,951,msc_valid,52,recency_keep_compress_drop,0.5,0,0.0,0.0,0.0,0.0,0.0,0.0
qwen25_15b,951,msc_valid,56,uniform,0.2,50,2.4,120.0,0.0,0.0,2.4,120.0
qwen25_15b,951,msc_valid,56,longllmlingua,0.2,50,2.41,120.5,0.0,0.0,2.41,120.5
qwen25_15b,951,msc_valid,56,recency,0.2,50,2.44,122.0,0.0,0.0,2.44,122.0
qwen25_15b,951,msc_valid,56,lexical_tfidf,0.2,50,2.44,122.0,0.0,0.0,2.44,122.0
qwen25_15b,951,msc_valid,56,recency_keep_compress_drop,0.2,50,2.42,121.0,0.0,0.0,2.42,121.0
qwen25_15b,951,msc_valid,56,uniform,0.35,50,2.41,120.5,0.0,0.0,2.41,120.5
qwen25_15b,951,msc_valid,56,longllmlingua,0.35,50,2.43,121.5,0.0,0.0,2.43,121.5
qwen25_15b,951,msc_valid,56,recency,0.35,0,0.0,0.0,0.0,0.0,0.0,0.0
qwen25_15b,951,msc_valid,56,lexical_tfidf,0.35,50,2.43,121.5,0.0,0.0,2.43,121.5
qwen25_15b,951,msc_valid,56,recency_keep_compress_drop,0.35,0,0.0,0.0,0.0,0.0,0.0,0.0
qwen25_15b,951,msc_valid,56,uniform,0.5,50,2.38,119.0,0.0,0.0,2.38,119.0
qwen25_15b,951,msc_valid,56,longllmlingua,0.5,50,2.42,121.0,0.0,0.0,2.42,121.0
qwen25_15b,951,msc_valid,56,recency,0.5,0,0.0,0.0,0.0,0.0,0.0,0.0
qwen25_15b,951,msc_valid,56,lexical_tfidf,0.5,0,0.0,0.0,0.0,0.0,0.0,0.0
qwen25_15b,951,msc_valid,56,recency_keep_compress_drop,0.5,0,0.0,0.0,0.0,0.0,0.0,0.0
qwen25_15b,951,msc_valid,60,uniform,0.2,19,2.4342105263157894,46.25,0.0,0.0,2.4342105263157894,46.25
qwen25_15b,951,msc_valid,60,longllmlingua,0.2,19,2.3815789473684212,45.25,0.0,0.0,2.3815789473684212,45.25
qwen25_15b,951,msc_valid,60,recency,0.2,19,2.276315789473684,43.25,0.0,0.0,2.276315789473684,43.25
qwen25_15b,951,msc_valid,60,lexical_tfidf,0.2,19,2.3815789473684212,45.25,0.0,0.0,2.3815789473684212,45.25
qwen25_15b,951,msc_valid,60,recency_keep_compress_drop,0.2,19,2.3815789473684212,45.25,0.0,0.0,2.3815789473684212,45.25
qwen25_15b,951,msc_valid,60,uniform,0.35,19,2.276315789473684,43.25,0.0,0.0,2.276315789473684,43.25
qwen25_15b,951,msc_valid,60,longllmlingua,0.35,19,2.4078947368421053,45.75,0.0,0.0,2.4078947368421053,45.75
qwen25_15b,951,msc_valid,60,recency,0.35,0,0.0,0.0,0.0,0.0,0.0,0.0
qwen25_15b,951,msc_valid,60,lexical_tfidf,0.35,0,0.0,0.0,0.0,0.0,0.0,0.0
qwen25_15b,951,msc_valid,60,recency_keep_compress_drop,0.35,0,0.0,0.0,0.0,0.0,0.0,0.0
qwen25_15b,951,msc_valid,60,uniform,0.5,19,2.3289473684210527,44.25,0.0,0.0,2.3289473684210527,44.25
qwen25_15b,951,msc_valid,60,longllmlingua,0.5,19,2.3421052631578947,44.5,0.0,0.0,2.3421052631578947,44.5
qwen25_15b,951,msc_valid,60,recency,0.5,0,0.0,0.0,0.0,0.0,0.0,0.0
qwen25_15b,951,msc_valid,60,lexical_tfidf,0.5,0,0.0,0.0,0.0,0.0,0.0,0.0
qwen25_15b,951,msc_valid,60,recency_keep_compress_drop,0.5,0,0.0,0.0,0.0,0.0,0.0,0.0
qwen25_15b,959,msc_valid,4,uniform,0.2,11,3.977272727272727,43.75,3.5454545454545454,39.0,0.43181818181818166,4.75
qwen25_15b,959,msc_valid,4,longllmlingua,0.2,11,3.4545454545454546,38.0,3.5454545454545454,39.0,-0.09090909090909083,-1.0
qwen25_15b,959,msc_valid,4,recency,0.2,11,3.977272727272727,43.75,3.5454545454545454,39.0,0.43181818181818166,4.75
qwen25_15b,959,msc_valid,4,lexical_tfidf,0.2,11,3.977272727272727,43.75,3.5454545454545454,39.0,0.43181818181818166,4.75
qwen25_15b,959,msc_valid,4,recency_keep_compress_drop,0.2,11,3.977272727272727,43.75,3.5454545454545454,39.0,0.43181818181818166,4.75
qwen25_15b,959,msc_valid,4,uniform,0.35,11,3.8181818181818183,42.0,3.5454545454545454,39.0,0.27272727272727293,3.0
qwen25_15b,959,msc_valid,4,longllmlingua,0.35,11,3.0,33.0,3.5454545454545454,39.0,-0.5454545454545454,-6.0
qwen25_15b,959,msc_valid,4,recency,0.35,11,3.8181818181818183,42.0,3.5454545454545454,39.0,0.27272727272727293,3.0
qwen25_15b,959,msc_valid,4,lexical_tfidf,0.35,11,3.8181818181818183,42.0,3.5454545454545454,39.0,0.27272727272727293,3.0
qwen25_15b,959,msc_valid,4,recency_keep_compress_drop,0.35,11,3.8181818181818183,42.0,3.5454545454545454,39.0,0.27272727272727293,3.0
qwen25_15b,959,msc_valid,4,uniform,0.5,11,3.8181818181818183,42.0,3.5454545454545454,39.0,0.27272727272727293,3.0
qwen25_15b,959,msc_valid,4,longllmlingua,0.5,11,2.852272727272727,31.375,3.5454545454545454,39.0,-0.6931818181818183,-7.625
qwen25_15b,959,msc_valid,4,recency,0.5,11,3.8181818181818183,42.0,3.5454545454545454,39.0,0.27272727272727293,3.0
qwen25_15b,959,msc_valid,4,lexical_tfidf,0.5,11,3.8181818181818183,42.0,3.5454545454545454,39.0,0.27272727272727293,3.0
qwen25_15b,959,msc_valid,4,recency_keep_compress_drop,0.5,11,3.8181818181818183,42.0,3.5454545454545454,39.0,0.27272727272727293,3.0
qwen25_15b,959,msc_valid,6,uniform,0.2,11,4.75,52.25,4.7272727272727275,52.0,0.022727272727272485,0.25
qwen25_15b,959,msc_valid,6,longllmlingua,0.2,11,3.727272727272727,41.0,4.7272727272727275,52.0,-1.0000000000000004,-11.0
qwen25_15b,959,msc_valid,6,recency,0.2,11,4.613636363636363,50.75,4.7272727272727275,52.0,-0.1136363636363642,-1.25
qwen25_15b,959,msc_valid,6,lexical_tfidf,0.2,11,4.75,52.25,4.7272727272727275,52.0,0.022727272727272485,0.25
qwen25_15b,959,msc_valid,6,recency_keep_compress_drop,0.2,11,4.613636363636363,50.75,4.7272727272727275,52.0,-0.1136363636363642,-1.25
qwen25_15b,959,msc_valid,6,uniform,0.35,11,4.636363636363637,51.0,4.7272727272727275,52.0,-0.09090909090909083,-1.0
qwen25_15b,959,msc_valid,6,longllmlingua,0.35,11,3.477272727272727,38.25,4.7272727272727275,52.0,-1.2500000000000004,-13.75
qwen25_15b,959,msc_valid,6,recency,0.35,11,4.636363636363637,51.0,4.7272727272727275,52.0,-0.09090909090909083,-1.0
qwen25_15b,959,msc_valid,6,lexical_tfidf,0.35,11,4.636363636363637,51.0,4.7272727272727275,52.0,-0.09090909090909083,-1.0
qwen25_15b,959,msc_valid,6,recency_keep_compress_drop,0.35,11,4.636363636363637,51.0,4.7272727272727275,52.0,-0.09090909090909083,-1.0
qwen25_15b,959,msc_valid,6,uniform,0.5,11,4.863636363636363,53.5,4.7272727272727275,52.0,0.1363636363636358,1.5
qwen25_15b,959,msc_valid,6,longllmlingua,0.5,11,3.4545454545454546,38.0,4.7272727272727275,52.0,-1.272727272727273,-14.0
qwen25_15b,959,msc_valid,6,recency,0.5,11,4.863636363636363,53.5,4.7272727272727275,52.0,0.1363636363636358,1.5
qwen25_15b,959,msc_valid,6,lexical_tfidf,0.5,11,4.636363636363637,51.0,4.7272727272727275,52.0,-0.09090909090909083,-1.0
qwen25_15b,959,msc_valid,6,recency_keep_compress_drop,0.5,11,4.636363636363637,51.0,4.7272727272727275,52.0,-0.09090909090909083,-1.0
qwen25_15b,959,msc_valid,8,uniform,0.2,16,3.96875,63.5,3.46875,55.5,0.5,8.0
qwen25_15b,959,msc_valid,8,longllmlingua,0.2,16,3.625,58.0,3.46875,55.5,0.15625,2.5
qwen25_15b,959,msc_valid,8,recency,0.2,16,3.78125,60.5,3.46875,55.5,0.3125,5.0
qwen25_15b,959,msc_valid,8,lexical_tfidf,0.2,16,3.953125,63.25,3.46875,55.5,0.484375,7.75
qwen25_15b,959,msc_valid,8,recency_keep_compress_drop,0.2,16,3.78125,60.5,3.46875,55.5,0.3125,5.0
qwen25_15b,959,msc_valid,8,uniform,0.35,16,4.03125,64.5,3.46875,55.5,0.5625,9.0
qwen25_15b,959,msc_valid,8,longllmlingua,0.35,16,3.5,56.0,3.46875,55.5,0.03125,0.5
qwen25_15b,959,msc_valid,8,recency,0.35,16,3.46875,55.5,3.46875,55.5,0.0,0.0
qwen25_15b,959,msc_valid,8,lexical_tfidf,0.35,16,3.734375,59.75,3.46875,55.5,0.265625,4.25
qwen25_15b,959,msc_valid,8,recency_keep_compress_drop,0.35,16,3.515625,56.25,3.46875,55.5,0.046875,0.75
qwen25_15b,959,msc_valid,8,uniform,0.5,16,3.8125,61.0,3.46875,55.5,0.34375,5.5
qwen25_15b,959,msc_valid,8,longllmlingua,0.5,16,3.46875,55.5,3.46875,55.5,0.0,0.0
qwen25_15b,959,msc_valid,8,recency,0.5,16,3.40625,54.5,3.46875,55.5,-0.0625,-1.0
qwen25_15b,959,msc_valid,8,lexical_tfidf,0.5,16,3.59375,57.5,3.46875,55.5,0.125,2.0
qwen25_15b,959,msc_valid,8,recency_keep_compress_drop,0.5,16,3.546875,56.75,3.46875,55.5,0.078125,1.25
qwen25_15b,959,msc_valid,10,uniform,0.2,10,3.625,36.25,3.125,31.25,0.5,5.0
qwen25_15b,959,msc_valid,10,longllmlingua,0.2,10,3.5,35.0,3.125,31.25,0.375,3.75
qwen25_15b,959,msc_valid,10,recency,0.2,10,3.925,39.25,3.125,31.25,0.7999999999999998,8.0
qwen25_15b,959,msc_valid,10,lexical_tfidf,0.2,10,3.925,39.25,3.125,31.25,0.7999999999999998,8.0
qwen25_15b,959,msc_valid,10,recency_keep_compress_drop,0.2,10,3.725,37.25,3.125,31.25,0.6000000000000001,6.0
qwen25_15b,959,msc_valid,10,uniform,0.35,10,4.0,40.0,3.125,31.25,0.875,8.75
qwen25_15b,959,msc_valid,10,longllmlingua,0.35,10,3.45,34.5,3.125,31.25,0.3250000000000002,3.25
qwen25_15b,959,msc_valid,10,recency,0.35,10,3.425,34.25,3.125,31.25,0.2999999999999998,3.0
qwen25_15b,959,msc_valid,10,lexical_tfidf,0.35,10,3.75,37.5,3.125,31.25,0.625,6.25
qwen25_15b,959,msc_valid,10,recency_keep_compress_drop,0.35,10,3.35,33.5,3.125,31.25,0.2250000000000001,2.25
qwen25_15b,959,msc_valid,10,uniform,0.5,10,3.925,39.25,3.125,31.25,0.7999999999999998,8.0
qwen25_15b,959,msc_valid,10,longllmlingua,0.5,10,3.35,33.5,3.125,31.25,0.2250000000000001,2.25
qwen25_15b,959,msc_valid,10,recency,0.5,10,3.45,34.5,3.125,31.25,0.3250000000000002,3.25
qwen25_15b,959,msc_valid,10,lexical_tfidf,0.5,10,3.3,33.0,3.125,31.25,0.17499999999999982,1.75
qwen25_15b,959,msc_valid,10,recency_keep_compress_drop,0.5,10,2.875,28.75,3.125,31.25,-0.25,-2.5
qwen25_15b,959,msc_valid,12,uniform,0.2,14,2.9642857142857144,41.5,2.205357142857143,30.875,0.7589285714285716,10.625
qwen25_15b,959,msc_valid,12,longllmlingua,0.2,14,2.767857142857143,38.75,2.205357142857143,30.875,0.5625,7.875
qwen25_15b,959,msc_valid,12,recency,0.2,14,3.232142857142857,45.25,2.205357142857143,30.875,1.0267857142857144,14.375
qwen25_15b,959,msc_valid,12,lexical_tfidf,0.2,14,2.767857142857143,38.75,2.205357142857143,30.875,0.5625,7.875
qwen25_15b,959,msc_valid,12,recency_keep_compress_drop,0.2,14,2.8214285714285716,39.5,2.205357142857143,30.875,0.6160714285714288,8.625
qwen25_15b,959,msc_valid,12,uniform,0.35,14,2.857142857142857,40.0,2.205357142857143,30.875,0.6517857142857144,9.125
qwen25_15b,959,msc_valid,12,longllmlingua,0.35,14,2.8214285714285716,39.5,2.205357142857143,30.875,0.6160714285714288,8.625
qwen25_15b,959,msc_valid,12,recency,0.35,14,2.75,38.5,2.205357142857143,30.875,0.5446428571428572,7.625
qwen25_15b,959,msc_valid,12,lexical_tfidf,0.35,14,2.5357142857142856,35.5,2.205357142857143,30.875,0.3303571428571428,4.625
qwen25_15b,959,msc_valid,12,recency_keep_compress_drop,0.35,14,2.4642857142857144,34.5,2.205357142857143,30.875,0.2589285714285716,3.625
qwen25_15b,959,msc_valid,12,uniform,0.5,14,2.4285714285714284,34.0,2.205357142857143,30.875,0.2232142857142856,3.125
qwen25_15b,959,msc_valid,12,longllmlingua,0.5,14,2.9642857142857144,41.5,2.205357142857143,30.875,0.7589285714285716,10.625
qwen25_15b,959,msc_valid,12,recency,0.5,14,2.267857142857143,31.75,2.205357142857143,30.875,0.0625,0.875
qwen25_15b,959,msc_valid,12,lexical_tfidf,0.5,14,2.080357142857143,29.125,2.205357142857143,30.875,-0.125,-1.75
qwen25_15b,959,msc_valid,12,recency_keep_compress_drop,0.5,14,2.1964285714285716,30.75,2.205357142857143,30.875,-0.008928571428571175,-0.125
qwen25_15b,992,msc_valid,4,uniform,0.2,8,6.84375,54.75,6.53125,52.25,0.3125,2.5
qwen25_15b,992,msc_valid,4,longllmlingua,0.2,8,5.84375,46.75,6.53125,52.25,-0.6875,-5.5
qwen25_15b,992,msc_valid,4,recency,0.2,8,6.84375,54.75,6.53125,52.25,0.3125,2.5
qwen25_15b,992,msc_valid,4,lexical_tfidf,0.2,8,6.84375,54.75,6.53125,52.25,0.3125,2.5
qwen25_15b,992,msc_valid,4,recency_keep_compress_drop,0.2,8,6.84375,54.75,6.53125,52.25,0.3125,2.5
qwen25_15b,992,msc_valid,4,uniform,0.35,8,6.3125,50.5,6.53125,52.25,-0.21875,-1.75
qwen25_15b,992,msc_valid,4,longllmlingua,0.35,8,5.75,46.0,6.53125,52.25,-0.78125,-6.25
qwen25_15b,992,msc_valid,4,recency,0.35,8,6.3125,50.5,6.53125,52.25,-0.21875,-1.75
qwen25_15b,992,msc_valid,4,lexical_tfidf,0.35,8,6.3125,50.5,6.53125,52.25,-0.21875,-1.75
qwen25_15b,992,msc_valid,4,recency_keep_compress_drop,0.35,8,6.3125,50.5,6.53125,52.25,-0.21875,-1.75
qwen25_15b,992,msc_valid,4,uniform,0.5,8,6.3125,50.5,6.53125,52.25,-0.21875,-1.75
qwen25_15b,992,msc_valid,4,longllmlingua,0.5,8,5.8125,46.5,6.53125,52.25,-0.71875,-5.75
qwen25_15b,992,msc_valid,4,recency,0.5,8,6.3125,50.5,6.53125,52.25,-0.21875,-1.75
qwen25_15b,992,msc_valid,4,lexical_tfidf,0.5,8,6.3125,50.5,6.53125,52.25,-0.21875,-1.75
qwen25_15b,992,msc_valid,4,recency_keep_compress_drop,0.5,8,6.3125,50.5,6.53125,52.25,-0.21875,-1.75
qwen25_15b,992,msc_valid,6,uniform,0.2,10,5.4,54.0,4.875,48.75,0.5250000000000004,5.25
qwen25_15b,992,msc_valid,6,longllmlingua,0.2,10,5.075,50.75,4.875,48.75,0.20000000000000018,2.0
qwen25_15b,992,msc_valid,6,recency,0.2,10,5.275,52.75,4.875,48.75,0.40000000000000036,4.0
qwen25_15b,992,msc_valid,6,lexical_tfidf,0.2,10,5.4,54.0,4.875,48.75,0.5250000000000004,5.25
qwen25_15b,992,msc_valid,6,recency_keep_compress_drop,0.2,10,5.275,52.75,4.875,48.75,0.40000000000000036,4.0
qwen25_15b,992,msc_valid,6,uniform,0.35,10,5.25,52.5,4.875,48.75,0.375,3.75
qwen25_15b,992,msc_valid,6,longllmlingua,0.35,10,5.2,52.0,4.875,48.75,0.3250000000000002,3.25
qwen25_15b,992,msc_valid,6,recency,0.35,10,5.25,52.5,4.875,48.75,0.375,3.75
qwen25_15b,992,msc_valid,6,lexical_tfidf,0.35,10,5.35,53.5,4.875,48.75,0.47499999999999964,4.75
qwen25_15b,992,msc_valid,6,recency_keep_compress_drop,0.35,10,5.25,52.5,4.875,48.75,0.375,3.75
qwen25_15b,992,msc_valid,6,uniform,0.5,10,5.55,55.5,4.875,48.75,0.6749999999999998,6.75
qwen25_15b,992,msc_valid,6,longllmlingua,0.5,10,5.05,50.5,4.875,48.75,0.17499999999999982,1.75
qwen25_15b,992,msc_valid,6,recency,0.5,10,5.025,50.25,4.875,48.75,0.15000000000000036,1.5
qwen25_15b,992,msc_valid,6,lexical_tfidf,0.5,10,5.15,51.5,4.875,48.75,0.27500000000000036,2.75
qwen25_15b,992,msc_valid,6,recency_keep_compress_drop,0.5,10,5.25,52.5,4.875,48.75,0.375,3.75
qwen25_15b,992,msc_valid,8,uniform,0.2,13,3.8461538461538463,50.0,2.730769230769231,35.5,1.1153846153846154,14.5
qwen25_15b,992,msc_valid,8,longllmlingua,0.2,13,2.9615384615384617,38.5,2.730769230769231,35.5,0.23076923076923084,3.0
qwen25_15b,992,msc_valid,8,recency,0.2,13,3.3076923076923075,43.0,2.730769230769231,35.5,0.5769230769230766,7.5
qwen25_15b,992,msc_valid,8,lexical_tfidf,0.2,13,3.7115384615384617,48.25,2.730769230769231,35.5,0.9807692307692308,12.75
qwen25_15b,992,msc_valid,8,recency_keep_compress_drop,0.2,13,3.3076923076923075,43.0,2.730769230769231,35.5,0.5769230769230766,7.5
qwen25_15b,992,msc_valid,8,uniform,0.35,13,3.769230769230769,49.0,2.730769230769231,35.5,1.0384615384615383,13.5
qwen25_15b,992,msc_valid,8,longllmlingua,0.35,13,2.9615384615384617,38.5,2.730769230769231,35.5,0.23076923076923084,3.0
qwen25_15b,992,msc_valid,8,recency,0.35,13,3.25,42.25,2.730769230769231,35.5,0.5192307692307692,6.75
qwen25_15b,992,msc_valid,8,lexical_tfidf,0.35,13,3.6153846153846154,47.0,2.730769230769231,35.5,0.8846153846153846,11.5
qwen25_15b,992,msc_valid,8,recency_keep_compress_drop,0.35,13,3.25,42.25,2.730769230769231,35.5,0.5192307692307692,6.75
qwen25_15b,992,msc_valid,8,uniform,0.5,13,3.423076923076923,44.5,2.730769230769231,35.5,0.6923076923076921,9.0
qwen25_15b,992,msc_valid,8,longllmlingua,0.5,13,2.7884615384615383,36.25,2.730769230769231,35.5,0.05769230769230749,0.75
qwen25_15b,992,msc_valid,8,recency,0.5,13,3.1923076923076925,41.5,2.730769230769231,35.5,0.4615384615384617,6.0
qwen25_15b,992,msc_valid,8,lexical_tfidf,0.5,13,3.576923076923077,46.5,2.730769230769231,35.5,0.8461538461538463,11.0
qwen25_15b,992,msc_valid,8,recency_keep_compress_drop,0.5,13,3.1346153846153846,40.75,2.730769230769231,35.5,0.40384615384615374,5.25
qwen25_15b,992,msc_valid,10,uniform,0.2,12,6.25,75.0,5.416666666666667,65.0,0.833333333333333,10.0
qwen25_15b,992,msc_valid,10,longllmlingua,0.2,12,6.708333333333333,80.5,5.416666666666667,65.0,1.291666666666666,15.5
qwen25_15b,992,msc_valid,10,recency,0.2,12,6.291666666666667,75.5,5.416666666666667,65.0,0.875,10.5
qwen25_15b,992,msc_valid,10,lexical_tfidf,0.2,12,6.083333333333333,73.0,5.416666666666667,65.0,0.6666666666666661,8.0
qwen25_15b,992,msc_valid,10,recency_keep_compress_drop,0.2,12,6.291666666666667,75.5,5.416666666666667,65.0,0.875,10.5
qwen25_15b,992,msc_valid,10,uniform,0.35,12,6.333333333333333,76.0,5.416666666666667,65.0,0.9166666666666661,11.0
qwen25_15b,992,msc_valid,10,longllmlingua,0.35,12,6.291666666666667,75.5,5.416666666666667,65.0,0.875,10.5
qwen25_15b,992,msc_valid,10,recency,0.35,12,5.833333333333333,70.0,5.416666666666667,65.0,0.4166666666666661,5.0
qwen25_15b,992,msc_valid,10,lexical_tfidf,0.35,12,6.333333333333333,76.0,5.416666666666667,65.0,0.9166666666666661,11.0
qwen25_15b,992,msc_valid,10,recency_keep_compress_drop,0.35,12,6.041666666666667,72.5,5.416666666666667,65.0,0.625,7.5
qwen25_15b,992,msc_valid,10,uniform,0.5,12,6.375,76.5,5.416666666666667,65.0,0.958333333333333,11.5
qwen25_15b,992,msc_valid,10,longllmlingua,0.5,12,6.166666666666667,74.0,5.416666666666667,65.0,0.75,9.0
qwen25_15b,992,msc_valid,10,recency,0.5,12,5.833333333333333,70.0,5.416666666666667,65.0,0.4166666666666661,5.0
qwen25_15b,992,msc_valid,10,lexical_tfidf,0.5,12,6.208333333333333,74.5,5.416666666666667,65.0,0.7916666666666661,9.5
qwen25_15b,992,msc_valid,10,recency_keep_compress_drop,0.5,12,5.833333333333333,70.0,5.416666666666667,65.0,0.4166666666666661,5.0
qwen25_15b,992,msc_valid,12,uniform,0.2,8,5.625,45.0,3.90625,31.25,1.71875,13.75
qwen25_15b,992,msc_valid,12,longllmlingua,0.2,8,5.46875,43.75,3.90625,31.25,1.5625,12.5
qwen25_15b,992,msc_valid,12,recency,0.2,8,5.21875,41.75,3.90625,31.25,1.3125,10.5
qwen25_15b,992,msc_valid,12,lexical_tfidf,0.2,8,5.28125,42.25,3.90625,31.25,1.375,11.0
qwen25_15b,992,msc_valid,12,recency_keep_compress_drop,0.2,8,5.53125,44.25,3.90625,31.25,1.625,13.0
qwen25_15b,992,msc_valid,12,uniform,0.35,8,4.53125,36.25,3.90625,31.25,0.625,5.0
qwen25_15b,992,msc_valid,12,longllmlingua,0.35,8,5.28125,42.25,3.90625,31.25,1.375,11.0
qwen25_15b,992,msc_valid,12,recency,0.35,8,5.0625,40.5,3.90625,31.25,1.15625,9.25
qwen25_15b,992,msc_valid,12,lexical_tfidf,0.35,8,4.9375,39.5,3.90625,31.25,1.03125,8.25
qwen25_15b,992,msc_valid,12,recency_keep_compress_drop,0.35,8,4.59375,36.75,3.90625,31.25,0.6875,5.5
qwen25_15b,992,msc_valid,12,uniform,0.5,8,4.625,37.0,3.90625,31.25,0.71875,5.75
qwen25_15b,992,msc_valid,12,longllmlingua,0.5,8,5.03125,40.25,3.90625,31.25,1.125,9.0
qwen25_15b,992,msc_valid,12,recency,0.5,8,4.53125,36.25,3.90625,31.25,0.625,5.0
qwen25_15b,992,msc_valid,12,lexical_tfidf,0.5,8,4.40625,35.25,3.90625,31.25,0.5,4.0
qwen25_15b,992,msc_valid,12,recency_keep_compress_drop,0.5,8,4.4375,35.5,3.90625,31.25,0.53125,4.25
qwen25_15b,992,msc_valid,14,uniform,0.2,11,4.4772727272727275,49.25,3.522727272727273,38.75,0.9545454545454546,10.5
qwen25_15b,992,msc_valid,14,longllmlingua,0.2,11,4.363636363636363,48.0,3.522727272727273,38.75,0.8409090909090904,9.25
qwen25_15b,992,msc_valid,14,recency,0.2,11,4.545454545454546,50.0,3.522727272727273,38.75,1.022727272727273,11.25
qwen25_15b,992,msc_valid,14,lexical_tfidf,0.2,11,4.4772727272727275,49.25,3.522727272727273,38.75,0.9545454545454546,10.5
qwen25_15b,992,msc_valid,14,recency_keep_compress_drop,0.2,11,4.409090909090909,48.5,3.522727272727273,38.75,0.8863636363636362,9.75
qwen25_15b,992,msc_valid,14,uniform,0.35,11,3.7954545454545454,41.75,3.522727272727273,38.75,0.2727272727272725,3.0
qwen25_15b,992,msc_valid,14,longllmlingua,0.35,11,4.431818181818182,48.75,3.522727272727273,38.75,0.9090909090909087,10.0
qwen25_15b,992,msc_valid,14,recency,0.35,11,4.159090909090909,45.75,3.522727272727273,38.75,0.6363636363636362,7.0
qwen25_15b,992,msc_valid,14,lexical_tfidf,0.35,11,3.6818181818181817,40.5,3.522727272727273,38.75,0.15909090909090873,1.75
qwen25_15b,992,msc_valid,14,recency_keep_compress_drop,0.35,11,3.6136363636363638,39.75,3.522727272727273,38.75,0.09090909090909083,1.0
qwen25_15b,992,msc_valid,14,uniform,0.5,11,3.5454545454545454,39.0,3.522727272727273,38.75,0.022727272727272485,0.25
qwen25_15b,992,msc_valid,14,longllmlingua,0.5,11,4.090909090909091,45.0,3.522727272727273,38.75,0.5681818181818179,6.25
qwen25_15b,992,msc_valid,14,recency,0.5,11,4.340909090909091,47.75,3.522727272727273,38.75,0.8181818181818179,9.0
qwen25_15b,992,msc_valid,14,lexical_tfidf,0.5,11,4.0,44.0,3.522727272727273,38.75,0.47727272727272707,5.25
qwen25_15b,992,msc_valid,14,recency_keep_compress_drop,0.5,11,3.8181818181818183,42.0,3.522727272727273,38.75,0.2954545454545454,3.25
qwen25_15b,997,msc_valid,4,uniform,0.2,18,4.416666666666667,79.5,4.361111111111111,78.5,0.055555555555556246,1.0
qwen25_15b,997,msc_valid,4,longllmlingua,0.2,18,4.111111111111111,74.0,4.361111111111111,78.5,-0.25,-4.5
qwen25_15b,997,msc_valid,4,recency,0.2,18,4.416666666666667,79.5,4.361111111111111,78.5,0.055555555555556246,1.0
qwen25_15b,997,msc_valid,4,lexical_tfidf,0.2,18,4.416666666666667,79.5,4.361111111111111,78.5,0.055555555555556246,1.0
qwen25_15b,997,msc_valid,4,recency_keep_compress_drop,0.2,18,4.416666666666667,79.5,4.361111111111111,78.5,0.055555555555556246,1.0
qwen25_15b,997,msc_valid,4,uniform,0.35,18,4.388888888888889,79.0,4.361111111111111,78.5,0.027777777777778567,0.5
qwen25_15b,997,msc_valid,4,longllmlingua,0.35,18,4.111111111111111,74.0,4.361111111111111,78.5,-0.25,-4.5
qwen25_15b,997,msc_valid,4,recency,0.35,18,4.388888888888889,79.0,4.361111111111111,78.5,0.027777777777778567,0.5
qwen25_15b,997,msc_valid,4,lexical_tfidf,0.35,18,4.388888888888889,79.0,4.361111111111111,78.5,0.027777777777778567,0.5
qwen25_15b,997,msc_valid,4,recency_keep_compress_drop,0.35,18,4.388888888888889,79.0,4.361111111111111,78.5,0.027777777777778567,0.5
qwen25_15b,997,msc_valid,4,uniform,0.5,18,4.388888888888889,79.0,4.361111111111111,78.5,0.027777777777778567,0.5
qwen25_15b,997,msc_valid,4,longllmlingua,0.5,18,4.222222222222222,76.0,4.361111111111111,78.5,-0.1388888888888884,-2.5
qwen25_15b,997,msc_valid,4,recency,0.5,18,4.388888888888889,79.0,4.361111111111111,78.5,0.027777777777778567,0.5
qwen25_15b,997,msc_valid,4,lexical_tfidf,0.5,18,4.388888888888889,79.0,4.361111111111111,78.5,0.027777777777778567,0.5
qwen25_15b,997,msc_valid,4,recency_keep_compress_drop,0.5,18,4.388888888888889,79.0,4.361111111111111,78.5,0.027777777777778567,0.5
qwen25_15b,997,msc_valid,8,uniform,0.2,15,3.183333333333333,47.75,2.8,42.0,0.3833333333333333,5.75
qwen25_15b,997,msc_valid,8,longllmlingua,0.2,15,2.7666666666666666,41.5,2.8,42.0,-0.033333333333333215,-0.5
qwen25_15b,997,msc_valid,8,recency,0.2,15,3.3,49.5,2.8,42.0,0.5,7.5
qwen25_15b,997,msc_valid,8,lexical_tfidf,0.2,15,3.183333333333333,47.75,2.8,42.0,0.3833333333333333,5.75
qwen25_15b,997,msc_valid,8,recency_keep_compress_drop,0.2,15,3.1333333333333333,47.0,2.8,42.0,0.3333333333333335,5.0
qwen25_15b,997,msc_valid,8,uniform,0.35,15,3.3333333333333335,50.0,2.8,42.0,0.5333333333333337,8.0
qwen25_15b,997,msc_valid,8,longllmlingua,0.35,15,2.6666666666666665,40.0,2.8,42.0,-0.1333333333333333,-2.0
qwen25_15b,997,msc_valid,8,recency,0.35,15,3.15,47.25,2.8,42.0,0.3500000000000001,5.25
qwen25_15b,997,msc_valid,8,lexical_tfidf,0.35,15,3.1333333333333333,47.0,2.8,42.0,0.3333333333333335,5.0
qwen25_15b,997,msc_valid,8,recency_keep_compress_drop,0.35,15,2.9166666666666665,43.75,2.8,42.0,0.1166666666666667,1.75
qwen25_15b,997,msc_valid,8,uniform,0.5,15,3.3833333333333333,50.75,2.8,42.0,0.5833333333333335,8.75
qwen25_15b,997,msc_valid,8,longllmlingua,0.5,15,2.6333333333333333,39.5,2.8,42.0,-0.16666666666666652,-2.5
qwen25_15b,997,msc_valid,8,recency,0.5,15,2.9166666666666665,43.75,2.8,42.0,0.1166666666666667,1.75
qwen25_15b,997,msc_valid,8,lexical_tfidf,0.5,15,2.8666666666666667,43.0,2.8,42.0,0.06666666666666687,1.0
qwen25_15b,997,msc_valid,8,recency_keep_compress_drop,0.5,15,2.8333333333333335,42.5,2.8,42.0,0.03333333333333366,0.5
qwen25_15b,997,msc_valid,12,uniform,0.2,15,3.1666666666666665,47.5,2.3,34.5,0.8666666666666667,13.0
qwen25_15b,997,msc_valid,12,longllmlingua,0.2,15,2.816666666666667,42.25,2.3,34.5,0.516666666666667,7.75
qwen25_15b,997,msc_valid,12,recency,0.2,15,2.933333333333333,44.0,2.3,34.5,0.6333333333333333,9.5
qwen25_15b,997,msc_valid,12,lexical_tfidf,0.2,15,2.9166666666666665,43.75,2.3,34.5,0.6166666666666667,9.25
qwen25_15b,997,msc_valid,12,recency_keep_compress_drop,0.2,15,2.8666666666666667,43.0,2.3,34.5,0.5666666666666669,8.5
qwen25_15b,997,msc_valid,12,uniform,0.35,15,3.033333333333333,45.5,2.3,34.5,0.7333333333333334,11.0
qwen25_15b,997,msc_valid,12,longllmlingua,0.35,15,2.783333333333333,41.75,2.3,34.5,0.4833333333333334,7.25
qwen25_15b,997,msc_valid,12,recency,0.35,15,2.8333333333333335,42.5,2.3,34.5,0.5333333333333337,8.0
qwen25_15b,997,msc_valid,12,lexical_tfidf,0.35,15,2.85,42.75,2.3,34.5,0.5500000000000003,8.25
qwen25_15b,997,msc_valid,12,recency_keep_compress_drop,0.35,15,2.75,41.25,2.3,34.5,0.4500000000000002,6.75
qwen25_15b,997,msc_valid,12,uniform,0.5,15,3.066666666666667,46.0,2.3,34.5,0.766666666666667,11.5
qwen25_15b,997,msc_valid,12,longllmlingua,0.5,15,2.7,40.5,2.3,34.5,0.40000000000000036,6.0
qwen25_15b,997,msc_valid,12,recency,0.5,15,2.816666666666667,42.25,2.3,34.5,0.516666666666667,7.75
qwen25_15b,997,msc_valid,12,lexical_tfidf,0.5,15,2.5833333333333335,38.75,2.3,34.5,0.28333333333333366,4.25
qwen25_15b,997,msc_valid,12,recency_keep_compress_drop,0.5,15,2.6333333333333333,39.5,2.3,34.5,0.3333333333333335,5.0
qwen25_15b,997,msc_valid,16,uniform,0.2,10,1.58125,15.8125,2.0875,20.875,-0.5062499999999999,-5.0625
qwen25_15b,997,msc_valid,16,longllmlingua,0.2,10,1.6625,16.625,2.0875,20.875,-0.4249999999999998,-4.25
qwen25_15b,997,msc_valid,16,recency,0.2,10,1.6625,16.625,2.0875,20.875,-0.4249999999999998,-4.25
qwen25_15b,997,msc_valid,16,lexical_tfidf,0.2,10,2.0,20.0,2.0875,20.875,-0.08749999999999991,-0.875
qwen25_15b,997,msc_valid,16,recency_keep_compress_drop,0.2,10,1.6625,16.625,2.0875,20.875,-0.4249999999999998,-4.25
qwen25_15b,997,msc_valid,16,uniform,0.35,10,1.575,15.75,2.0875,20.875,-0.5125,-5.125
qwen25_15b,997,msc_valid,16,longllmlingua,0.35,10,2.0375,20.375,2.0875,20.875,-0.04999999999999982,-0.5
qwen25_15b,997,msc_valid,16,recency,0.35,10,1.6,16.0,2.0875,20.875,-0.4874999999999998,-4.875
qwen25_15b,997,msc_valid,16,lexical_tfidf,0.35,10,2.025,20.25,2.0875,20.875,-0.0625,-0.625
qwen25_15b,997,msc_valid,16,recency_keep_compress_drop,0.35,10,1.725,17.25,2.0875,20.875,-0.3624999999999998,-3.625
qwen25_15b,997,msc_valid,16,uniform,0.5,10,2.05,20.5,2.0875,20.875,-0.03750000000000009,-0.375
qwen25_15b,997,msc_valid,16,longllmlingua,0.5,10,1.9375,19.375,2.0875,20.875,-0.1499999999999999,-1.5
qwen25_15b,997,msc_valid,16,recency,0.5,10,1.6875,16.875,2.0875,20.875,-0.3999999999999999,-4.0
qwen25_15b,997,msc_valid,16,lexical_tfidf,0.5,10,2.05,20.5,2.0875,20.875,-0.03750000000000009,-0.375
qwen25_15b,997,msc_valid,16,recency_keep_compress_drop,0.5,10,2.2,22.0,2.0875,20.875,0.11250000000000027,1.125
qwen25_15b,997,msc_valid,20,uniform,0.2,19,4.131578947368421,78.5,3.8947368421052633,74.0,0.23684210526315796,4.5
qwen25_15b,997,msc_valid,20,longllmlingua,0.2,19,3.8421052631578947,73.0,3.8947368421052633,74.0,-0.052631578947368585,-1.0
qwen25_15b,997,msc_valid,20,recency,0.2,19,4.105263157894737,78.0,3.8947368421052633,74.0,0.2105263157894739,4.0
qwen25_15b,997,msc_valid,20,lexical_tfidf,0.2,19,3.973684210526316,75.5,3.8947368421052633,74.0,0.07894736842105265,1.5
qwen25_15b,997,msc_valid,20,recency_keep_compress_drop,0.2,19,4.131578947368421,78.5,3.8947368421052633,74.0,0.23684210526315796,4.5
qwen25_15b,997,msc_valid,20,uniform,0.35,19,4.026315789473684,76.5,3.8947368421052633,74.0,0.1315789473684208,2.5
qwen25_15b,997,msc_valid,20,longllmlingua,0.35,19,3.8684210526315788,73.5,3.8947368421052633,74.0,-0.026315789473684514,-0.5
qwen25_15b,997,msc_valid,20,recency,0.35,19,4.052631578947368,77.0,3.8947368421052633,74.0,0.15789473684210487,3.0
qwen25_15b,997,msc_valid,20,lexical_tfidf,0.35,19,3.9210526315789473,74.5,3.8947368421052633,74.0,0.02631578947368407,0.5
qwen25_15b,997,msc_valid,20,recency_keep_compress_drop,0.35,19,4.026315789473684,76.5,3.8947368421052633,74.0,0.1315789473684208,2.5
qwen25_15b,997,msc_valid,20,uniform,0.5,19,3.9473684210526314,75.0,3.8947368421052633,74.0,0.05263157894736814,1.0
qwen25_15b,997,msc_valid,20,longllmlingua,0.5,19,3.710526315789474,70.5,3.8947368421052633,74.0,-0.18421052631578938,-3.5
qwen25_15b,997,msc_valid,20,recency,0.5,19,4.157894736842105,79.0,3.8947368421052633,74.0,0.26315789473684204,5.0
qwen25_15b,997,msc_valid,20,lexical_tfidf,0.5,19,3.8157894736842106,72.5,3.8947368421052633,74.0,-0.07894736842105265,-1.5
qwen25_15b,997,msc_valid,20,recency_keep_compress_drop,0.5,19,3.789473684210526,72.0,3.8947368421052633,74.0,-0.10526315789473717,-2.0
qwen25_15b,997,msc_valid,24,uniform,0.2,27,2.537037037037037,68.5,2.3425925925925926,63.25,0.19444444444444464,5.25
qwen25_15b,997,msc_valid,24,longllmlingua,0.2,27,2.759259259259259,74.5,2.3425925925925926,63.25,0.4166666666666665,11.25
qwen25_15b,997,msc_valid,24,recency,0.2,27,2.7037037037037037,73.0,2.3425925925925926,63.25,0.36111111111111116,9.75
qwen25_15b,997,msc_valid,24,lexical_tfidf,0.2,27,2.7962962962962963,75.5,2.3425925925925926,63.25,0.4537037037037037,12.25
qwen25_15b,997,msc_valid,24,recency_keep_compress_drop,0.2,27,2.7222222222222223,73.5,2.3425925925925926,63.25,0.37962962962962976,10.25
qwen25_15b,997,msc_valid,24,uniform,0.35,27,2.5555555555555554,69.0,2.3425925925925926,63.25,0.2129629629629628,5.75
qwen25_15b,997,msc_valid,24,longllmlingua,0.35,27,2.6481481481481484,71.5,2.3425925925925926,63.25,0.3055555555555558,8.25
qwen25_15b,997,msc_valid,24,recency,0.35,27,2.685185185185185,72.5,2.3425925925925926,63.25,0.34259259259259256,9.25
qwen25_15b,997,msc_valid,24,lexical_tfidf,0.35,27,2.814814814814815,76.0,2.3425925925925926,63.25,0.4722222222222223,12.75
qwen25_15b,997,msc_valid,24,recency_keep_compress_drop,0.35,27,2.6666666666666665,72.0,2.3425925925925926,63.25,0.32407407407407396,8.75
qwen25_15b,997,msc_valid,24,uniform,0.5,27,2.5,67.5,2.3425925925925926,63.25,0.15740740740740744,4.25
qwen25_15b,997,msc_valid,24,longllmlingua,0.5,27,2.6666666666666665,72.0,2.3425925925925926,63.25,0.32407407407407396,8.75
qwen25_15b,997,msc_valid,24,recency,0.5,27,2.7037037037037037,73.0,2.3425925925925926,63.25,0.36111111111111116,9.75
qwen25_15b,997,msc_valid,24,lexical_tfidf,0.5,27,2.7222222222222223,73.5,2.3425925925925926,63.25,0.37962962962962976,10.25
qwen25_15b,997,msc_valid,24,recency_keep_compress_drop,0.5,27,2.7222222222222223,73.5,2.3425925925925926,63.25,0.37962962962962976,10.25
qwen25_15b,997,msc_valid,28,uniform,0.2,15,1.4916666666666667,22.375,1.6583333333333334,24.875,-0.16666666666666674,-2.5
qwen25_15b,997,msc_valid,28,longllmlingua,0.2,15,1.475,22.125,1.6583333333333334,24.875,-0.18333333333333335,-2.75
qwen25_15b,997,msc_valid,28,recency,0.2,15,1.4583333333333333,21.875,1.6583333333333334,24.875,-0.20000000000000018,-3.0
qwen25_15b,997,msc_valid,28,lexical_tfidf,0.2,15,1.7,25.5,1.6583333333333334,24.875,0.04166666666666652,0.625
qwen25_15b,997,msc_valid,28,recency_keep_compress_drop,0.2,15,1.525,22.875,1.6583333333333334,24.875,-0.13333333333333353,-2.0
qwen25_15b,997,msc_valid,28,uniform,0.35,15,1.425,21.375,1.6583333333333334,24.875,-0.2333333333333334,-3.5
qwen25_15b,997,msc_valid,28,longllmlingua,0.35,15,1.5833333333333333,23.75,1.6583333333333334,24.875,-0.07500000000000018,-1.125
qwen25_15b,997,msc_valid,28,recency,0.35,15,1.8583333333333334,27.875,1.6583333333333334,24.875,0.19999999999999996,3.0
qwen25_15b,997,msc_valid,28,lexical_tfidf,0.35,15,1.675,25.125,1.6583333333333334,24.875,0.016666666666666607,0.25
qwen25_15b,997,msc_valid,28,recency_keep_compress_drop,0.35,15,1.525,22.875,1.6583333333333334,24.875,-0.13333333333333353,-2.0
qwen25_15b,997,msc_valid,28,uniform,0.5,15,1.55,23.25,1.6583333333333334,24.875,-0.10833333333333339,-1.625
qwen25_15b,997,msc_valid,28,longllmlingua,0.5,15,1.775,26.625,1.6583333333333334,24.875,0.11666666666666647,1.75
qwen25_15b,997,msc_valid,28,recency,0.5,15,1.7333333333333334,26.0,1.6583333333333334,24.875,0.07499999999999996,1.125
qwen25_15b,997,msc_valid,28,lexical_tfidf,0.5,15,1.7,25.5,1.6583333333333334,24.875,0.04166666666666652,0.625
qwen25_15b,997,msc_valid,28,recency_keep_compress_drop,0.5,15,1.5916666666666666,23.875,1.6583333333333334,24.875,-0.06666666666666687,-1.0
qwen25_15b,997,msc_valid,32,uniform,0.2,53,2.509433962264151,133.0,2.452830188679245,130.0,0.05660377358490587,3.0
qwen25_15b,997,msc_valid,32,longllmlingua,0.2,53,2.4339622641509435,129.0,2.452830188679245,130.0,-0.01886792452830166,-1.0
qwen25_15b,997,msc_valid,32,recency,0.2,53,2.7547169811320753,146.0,2.452830188679245,130.0,0.3018867924528301,16.0
qwen25_15b,997,msc_valid,32,lexical_tfidf,0.2,53,2.792452830188679,148.0,2.452830188679245,130.0,0.3396226415094339,18.0
qwen25_15b,997,msc_valid,32,recency_keep_compress_drop,0.2,53,2.5283018867924527,134.0,2.452830188679245,130.0,0.07547169811320753,4.0
qwen25_15b,997,msc_valid,32,uniform,0.35,53,2.5660377358490565,136.0,2.452830188679245,130.0,0.1132075471698113,6.0
qwen25_15b,997,msc_valid,32,longllmlingua,0.35,53,2.452830188679245,130.0,2.452830188679245,130.0,0.0,0.0
qwen25_15b,997,msc_valid,32,recency,0.35,53,2.547169811320755,135.0,2.452830188679245,130.0,0.09433962264150964,5.0
qwen25_15b,997,msc_valid,32,lexical_tfidf,0.35,53,2.7358490566037736,145.0,2.452830188679245,130.0,0.28301886792452846,15.0
qwen25_15b,997,msc_valid,32,recency_keep_compress_drop,0.35,53,2.490566037735849,132.0,2.452830188679245,130.0,0.037735849056603765,2.0
qwen25_15b,997,msc_valid,32,uniform,0.5,53,2.4716981132075473,131.0,2.452830188679245,130.0,0.018867924528302105,1.0
qwen25_15b,997,msc_valid,32,longllmlingua,0.5,53,2.4339622641509435,129.0,2.452830188679245,130.0,-0.01886792452830166,-1.0
qwen25_15b,997,msc_valid,32,recency,0.5,53,2.509433962264151,133.0,2.452830188679245,130.0,0.05660377358490587,3.0
qwen25_15b,997,msc_valid,32,lexical_tfidf,0.5,53,2.7735849056603774,147.0,2.452830188679245,130.0,0.3207547169811322,17.0
qwen25_15b,997,msc_valid,32,recency_keep_compress_drop,0.5,53,2.4716981132075473,131.0,2.452830188679245,130.0,0.018867924528302105,1.0
qwen25_15b,997,msc_valid,34,uniform,0.2,60,2.6166666666666667,157.0,2.1333333333333333,128.0,0.4833333333333334,29.0
qwen25_15b,997,msc_valid,34,longllmlingua,0.2,60,2.0416666666666665,122.5,2.1333333333333333,128.0,-0.09166666666666679,-5.5
qwen25_15b,997,msc_valid,34,recency,0.2,60,2.5833333333333335,155.0,2.1333333333333333,128.0,0.4500000000000002,27.0
qwen25_15b,997,msc_valid,34,lexical_tfidf,0.2,60,2.566666666666667,154.0,2.1333333333333333,128.0,0.43333333333333357,26.0
qwen25_15b,997,msc_valid,34,recency_keep_compress_drop,0.2,60,2.55,153.0,2.1333333333333333,128.0,0.4166666666666665,25.0
qwen25_15b,997,msc_valid,34,uniform,0.35,60,2.5166666666666666,151.0,2.1333333333333333,128.0,0.3833333333333333,23.0
qwen25_15b,997,msc_valid,34,longllmlingua,0.35,60,2.066666666666667,124.0,2.1333333333333333,128.0,-0.06666666666666643,-4.0
qwen25_15b,997,msc_valid,34,recency,0.35,60,2.5833333333333335,155.0,2.1333333333333333,128.0,0.4500000000000002,27.0
qwen25_15b,997,msc_valid,34,lexical_tfidf,0.35,60,2.5166666666666666,151.0,2.1333333333333333,128.0,0.3833333333333333,23.0
qwen25_15b,997,msc_valid,34,recency_keep_compress_drop,0.35,60,2.1,126.0,2.1333333333333333,128.0,-0.033333333333333215,-2.0
qwen25_15b,997,msc_valid,34,uniform,0.5,60,2.4833333333333334,149.0,2.1333333333333333,128.0,0.3500000000000001,21.0
qwen25_15b,997,msc_valid,34,longllmlingua,0.5,60,2.025,121.5,2.1333333333333333,128.0,-0.10833333333333339,-6.5
qwen25_15b,997,msc_valid,34,recency,0.5,60,2.566666666666667,154.0,2.1333333333333333,128.0,0.43333333333333357,26.0
qwen25_15b,997,msc_valid,34,lexical_tfidf,0.5,60,2.55,153.0,2.1333333333333333,128.0,0.4166666666666665,25.0
qwen25_15b,997,msc_valid,34,recency_keep_compress_drop,0.5,60,2.15,129.0,2.1333333333333333,128.0,0.016666666666666607,1.0
qwen25_15b,997,msc_valid,38,uniform,0.2,46,3.3260869565217392,153.0,0.0,0.0,3.3260869565217392,153.0
qwen25_15b,997,msc_valid,38,longllmlingua,0.2,46,3.347826086956522,154.0,0.0,0.0,3.347826086956522,154.0
qwen25_15b,997,msc_valid,38,recency,0.2,46,3.3260869565217392,153.0,0.0,0.0,3.3260869565217392,153.0
qwen25_15b,997,msc_valid,38,lexical_tfidf,0.2,46,3.347826086956522,154.0,0.0,0.0,3.347826086956522,154.0
qwen25_15b,997,msc_valid,38,recency_keep_compress_drop,0.2,46,3.260869565217391,150.0,0.0,0.0,3.260869565217391,150.0
qwen25_15b,997,msc_valid,38,uniform,0.35,46,3.260869565217391,150.0,0.0,0.0,3.260869565217391,150.0
qwen25_15b,997,msc_valid,38,longllmlingua,0.35,46,3.3043478260869565,152.0,0.0,0.0,3.3043478260869565,152.0
qwen25_15b,997,msc_valid,38,recency,0.35,46,3.282608695652174,151.0,0.0,0.0,3.282608695652174,151.0
qwen25_15b,997,msc_valid,38,lexical_tfidf,0.35,46,3.260869565217391,150.0,0.0,0.0,3.260869565217391,150.0
qwen25_15b,997,msc_valid,38,recency_keep_compress_drop,0.35,46,3.1956521739130435,147.0,0.0,0.0,3.1956521739130435,147.0
qwen25_15b,997,msc_valid,38,uniform,0.5,46,3.217391304347826,148.0,0.0,0.0,3.217391304347826,148.0
qwen25_15b,997,msc_valid,38,longllmlingua,0.5,46,3.282608695652174,151.0,0.0,0.0,3.282608695652174,151.0
qwen25_15b,997,msc_valid,38,recency,0.5,46,3.152173913043478,145.0,0.0,0.0,3.152173913043478,145.0
qwen25_15b,997,msc_valid,38,lexical_tfidf,0.5,46,3.1956521739130435,147.0,0.0,0.0,3.1956521739130435,147.0
qwen25_15b,997,msc_valid,38,recency_keep_compress_drop,0.5,46,3.1739130434782608,146.0,0.0,0.0,3.1739130434782608,146.0
qwen25_15b,997,msc_valid,42,uniform,0.2,41,1.975609756097561,81.0,0.0,0.0,1.975609756097561,81.0
qwen25_15b,997,msc_valid,42,longllmlingua,0.2,41,1.7439024390243902,71.5,0.0,0.0,1.7439024390243902,71.5
qwen25_15b,997,msc_valid,42,recency,0.2,41,1.829268292682927,75.0,0.0,0.0,1.829268292682927,75.0
qwen25_15b,997,msc_valid,42,lexical_tfidf,0.2,41,1.8902439024390243,77.5,0.0,0.0,1.8902439024390243,77.5
qwen25_15b,997,msc_valid,42,recency_keep_compress_drop,0.2,41,1.7804878048780488,73.0,0.0,0.0,1.7804878048780488,73.0
qwen25_15b,997,msc_valid,42,uniform,0.35,41,1.8048780487804879,74.0,0.0,0.0,1.8048780487804879,74.0
qwen25_15b,997,msc_valid,42,longllmlingua,0.35,41,1.6829268292682926,69.0,0.0,0.0,1.6829268292682926,69.0
qwen25_15b,997,msc_valid,42,recency,0.35,41,1.7926829268292683,73.5,0.0,0.0,1.7926829268292683,73.5
qwen25_15b,997,msc_valid,42,lexical_tfidf,0.35,41,1.853658536585366,76.0,0.0,0.0,1.853658536585366,76.0
qwen25_15b,997,msc_valid,42,recency_keep_compress_drop,0.35,41,1.7682926829268293,72.5,0.0,0.0,1.7682926829268293,72.5
qwen25_15b,997,msc_valid,42,uniform,0.5,41,1.7439024390243902,71.5,0.0,0.0,1.7439024390243902,71.5
qwen25_15b,997,msc_valid,42,longllmlingua,0.5,41,1.7195121951219512,70.5,0.0,0.0,1.7195121951219512,70.5
qwen25_15b,997,msc_valid,42,recency,0.5,41,1.8170731707317074,74.5,0.0,0.0,1.8170731707317074,74.5
qwen25_15b,997,msc_valid,42,lexical_tfidf,0.5,41,1.7804878048780488,73.0,0.0,0.0,1.7804878048780488,73.0
qwen25_15b,997,msc_valid,42,recency_keep_compress_drop,0.5,41,1.7682926829268293,72.5,0.0,0.0,1.7682926829268293,72.5
qwen25_15b,997,msc_valid,46,uniform,0.2,46,2.032608695652174,93.5,0.0,0.0,2.032608695652174,93.5
qwen25_15b,997,msc_valid,46,longllmlingua,0.2,46,1.8804347826086956,86.5,0.0,0.0,1.8804347826086956,86.5
qwen25_15b,997,msc_valid,46,recency,0.2,46,1.826086956521739,84.0,0.0,0.0,1.826086956521739,84.0
qwen25_15b,997,msc_valid,46,lexical_tfidf,0.2,46,1.815217391304348,83.5,0.0,0.0,1.815217391304348,83.5
qwen25_15b,997,msc_valid,46,recency_keep_compress_drop,0.2,46,1.826086956521739,84.0,0.0,0.0,1.826086956521739,84.0
qwen25_15b,997,msc_valid,46,uniform,0.35,46,1.7934782608695652,82.5,0.0,0.0,1.7934782608695652,82.5
qwen25_15b,997,msc_valid,46,longllmlingua,0.35,46,1.826086956521739,84.0,0.0,0.0,1.826086956521739,84.0
qwen25_15b,997,msc_valid,46,recency,0.35,46,1.7826086956521738,82.0,0.0,0.0,1.7826086956521738,82.0
qwen25_15b,997,msc_valid,46,lexical_tfidf,0.35,46,1.7934782608695652,82.5,0.0,0.0,1.7934782608695652,82.5
qwen25_15b,997,msc_valid,46,recency_keep_compress_drop,0.35,46,1.8043478260869565,83.0,0.0,0.0,1.8043478260869565,83.0
qwen25_15b,997,msc_valid,46,uniform,0.5,46,1.858695652173913,85.5,0.0,0.0,1.858695652173913,85.5
qwen25_15b,997,msc_valid,46,longllmlingua,0.5,46,1.815217391304348,83.5,0.0,0.0,1.815217391304348,83.5
qwen25_15b,997,msc_valid,46,recency,0.5,46,1.7934782608695652,82.5,0.0,0.0,1.7934782608695652,82.5
qwen25_15b,997,msc_valid,46,lexical_tfidf,0.5,46,1.826086956521739,84.0,0.0,0.0,1.826086956521739,84.0
qwen25_15b,997,msc_valid,46,recency_keep_compress_drop,0.5,46,1.7826086956521738,82.0,0.0,0.0,1.7826086956521738,82.0
qwen25_15b,997,msc_valid,50,uniform,0.2,38,2.973684210526316,113.0,0.0,0.0,2.973684210526316,113.0
qwen25_15b,997,msc_valid,50,longllmlingua,0.2,38,2.9078947368421053,110.5,0.0,0.0,2.9078947368421053,110.5
qwen25_15b,997,msc_valid,50,recency,0.2,38,2.8026315789473686,106.5,0.0,0.0,2.8026315789473686,106.5
qwen25_15b,997,msc_valid,50,lexical_tfidf,0.2,38,2.8026315789473686,106.5,0.0,0.0,2.8026315789473686,106.5
qwen25_15b,997,msc_valid,50,recency_keep_compress_drop,0.2,38,2.8026315789473686,106.5,0.0,0.0,2.8026315789473686,106.5
qwen25_15b,997,msc_valid,50,uniform,0.35,38,3.013157894736842,114.5,0.0,0.0,3.013157894736842,114.5
qwen25_15b,997,msc_valid,50,longllmlingua,0.35,38,2.776315789473684,105.5,0.0,0.0,2.776315789473684,105.5
qwen25_15b,997,msc_valid,50,recency,0.35,38,2.8157894736842106,107.0,0.0,0.0,2.8157894736842106,107.0
qwen25_15b,997,msc_valid,50,lexical_tfidf,0.35,38,2.8026315789473686,106.5,0.0,0.0,2.8026315789473686,106.5
qwen25_15b,997,msc_valid,50,recency_keep_compress_drop,0.35,38,2.763157894736842,105.0,0.0,0.0,2.763157894736842,105.0
qwen25_15b,997,msc_valid,50,uniform,0.5,38,2.9342105263157894,111.5,0.0,0.0,2.9342105263157894,111.5
qwen25_15b,997,msc_valid,50,longllmlingua,0.5,38,2.723684210526316,103.5,0.0,0.0,2.723684210526316,103.5
qwen25_15b,997,msc_valid,50,recency,0.5,38,2.8026315789473686,106.5,0.0,0.0,2.8026315789473686,106.5
qwen25_15b,997,msc_valid,50,lexical_tfidf,0.5,38,2.789473684210526,106.0,0.0,0.0,2.789473684210526,106.0
qwen25_15b,997,msc_valid,50,recency_keep_compress_drop,0.5,38,2.763157894736842,105.0,0.0,0.0,2.763157894736842,105.0
qwen25_15b,997,msc_valid,54,uniform,0.2,49,3.63265306122449,178.0,0.0,0.0,3.63265306122449,178.0
qwen25_15b,997,msc_valid,54,longllmlingua,0.2,49,3.6122448979591835,177.0,0.0,0.0,3.6122448979591835,177.0
qwen25_15b,997,msc_valid,54,recency,0.2,49,3.6530612244897958,179.0,0.0,0.0,3.6530612244897958,179.0
qwen25_15b,997,msc_valid,54,lexical_tfidf,0.2,49,3.63265306122449,178.0,0.0,0.0,3.63265306122449,178.0
qwen25_15b,997,msc_valid,54,recency_keep_compress_drop,0.2,49,3.673469387755102,180.0,0.0,0.0,3.673469387755102,180.0
qwen25_15b,997,msc_valid,54,uniform,0.35,49,3.673469387755102,180.0,0.0,0.0,3.673469387755102,180.0
qwen25_15b,997,msc_valid,54,longllmlingua,0.35,49,3.693877551020408,181.0,0.0,0.0,3.693877551020408,181.0
qwen25_15b,997,msc_valid,54,recency,0.35,49,3.693877551020408,181.0,0.0,0.0,3.693877551020408,181.0
qwen25_15b,997,msc_valid,54,lexical_tfidf,0.35,49,3.673469387755102,180.0,0.0,0.0,3.673469387755102,180.0
qwen25_15b,997,msc_valid,54,recency_keep_compress_drop,0.35,49,3.6530612244897958,179.0,0.0,0.0,3.6530612244897958,179.0
qwen25_15b,997,msc_valid,54,uniform,0.5,49,3.6530612244897958,179.0,0.0,0.0,3.6530612244897958,179.0
qwen25_15b,997,msc_valid,54,longllmlingua,0.5,49,3.7551020408163267,184.0,0.0,0.0,3.7551020408163267,184.0
qwen25_15b,997,msc_valid,54,recency,0.5,0,0.0,0.0,0.0,0.0,0.0,0.0
qwen25_15b,997,msc_valid,54,lexical_tfidf,0.5,0,0.0,0.0,0.0,0.0,0.0,0.0
qwen25_15b,997,msc_valid,54,recency_keep_compress_drop,0.5,0,0.0,0.0,0.0,0.0,0.0,0.0
qwen25_15b,997,msc_valid,58,uniform,0.2,29,3.4310344827586206,99.5,0.0,0.0,3.4310344827586206,99.5
qwen25_15b,997,msc_valid,58,longllmlingua,0.2,29,3.5344827586206895,102.5,0.0,0.0,3.5344827586206895,102.5
qwen25_15b,997,msc_valid,58,recency,0.2,29,3.413793103448276,99.0,0.0,0.0,3.413793103448276,99.0
qwen25_15b,997,msc_valid,58,lexical_tfidf,0.2,29,3.3620689655172415,97.5,0.0,0.0,3.3620689655172415,97.5
qwen25_15b,997,msc_valid,58,recency_keep_compress_drop,0.2,29,3.4482758620689653,100.0,0.0,0.0,3.4482758620689653,100.0
qwen25_15b,997,msc_valid,58,uniform,0.35,29,3.4310344827586206,99.5,0.0,0.0,3.4310344827586206,99.5
qwen25_15b,997,msc_valid,58,longllmlingua,0.35,29,3.4310344827586206,99.5,0.0,0.0,3.4310344827586206,99.5
qwen25_15b,997,msc_valid,58,recency,0.35,0,0.0,0.0,0.0,0.0,0.0,0.0
qwen25_15b,997,msc_valid,58,lexical_tfidf,0.35,29,3.396551724137931,98.5,0.0,0.0,3.396551724137931,98.5
qwen25_15b,997,msc_valid,58,recency_keep_compress_drop,0.35,0,0.0,0.0,0.0,0.0,0.0,0.0
qwen25_15b,997,msc_valid,58,uniform,0.5,29,3.4310344827586206,99.5,0.0,0.0,3.4310344827586206,99.5
qwen25_15b,997,msc_valid,58,longllmlingua,0.5,29,3.4310344827586206,99.5,0.0,0.0,3.4310344827586206,99.5
qwen25_15b,997,msc_valid,58,recency,0.5,0,0.0,0.0,0.0,0.0,0.0,0.0
qwen25_15b,997,msc_valid,58,lexical_tfidf,0.5,0,0.0,0.0,0.0,0.0,0.0,0.0
qwen25_15b,997,msc_valid,58,recency_keep_compress_drop,0.5,0,0.0,0.0,0.0,0.0,0.0,0.0
qwen25_15b,997,msc_valid,62,uniform,0.2,39,2.8846153846153846,112.5,0.0,0.0,2.8846153846153846,112.5
qwen25_15b,997,msc_valid,62,longllmlingua,0.2,39,2.858974358974359,111.5,0.0,0.0,2.858974358974359,111.5
qwen25_15b,997,msc_valid,62,recency,0.2,0,0.0,0.0,0.0,0.0,0.0,0.0
qwen25_15b,997,msc_valid,62,lexical_tfidf,0.2,0,0.0,0.0,0.0,0.0,0.0,0.0
qwen25_15b,997,msc_valid,62,recency_keep_compress_drop,0.2,0,0.0,0.0,0.0,0.0,0.0,0.0
qwen25_15b,997,msc_valid,62,uniform,0.35,39,2.8846153846153846,112.5,0.0,0.0,2.8846153846153846,112.5
qwen25_15b,997,msc_valid,62,longllmlingua,0.35,39,2.8461538461538463,111.0,0.0,0.0,2.8461538461538463,111.0
qwen25_15b,997,msc_valid,62,recency,0.35,0,0.0,0.0,0.0,0.0,0.0,0.0
qwen25_15b,997,msc_valid,62,lexical_tfidf,0.35,0,0.0,0.0,0.0,0.0,0.0,0.0
qwen25_15b,997,msc_valid,62,recency_keep_compress_drop,0.35,0,0.0,0.0,0.0,0.0,0.0,0.0
qwen25_15b,997,msc_valid,62,uniform,0.5,39,2.871794871794872,112.0,0.0,0.0,2.871794871794872,112.0
qwen25_15b,997,msc_valid,62,longllmlingua,0.5,39,2.8974358974358974,113.0,0.0,0.0,2.8974358974358974,113.0
qwen25_15b,997,msc_valid,62,recency,0.5,0,0.0,0.0,0.0,0.0,0.0,0.0
qwen25_15b,997,msc_valid,62,lexical_tfidf,0.5,0,0.0,0.0,0.0,0.0,0.0,0.0
qwen25_15b,997,msc_valid,62,recency_keep_compress_drop,0.5,0,0.0,0.0,0.0,0.0,0.0,0.0
