conversation_id,family,segment_index,start_turn,end_turn,start_role,end_role,segment_turn_count,raw_mean_curvature,raw_std_curvature,raw_max_curvature,mean_curvature,std_curvature,skew_curvature,max_curvature,mean_turning_angle,mean_step_norm,std_step_norm,max_step_norm,rank95,mean_rank_jump,mean_subspace_shift,mean_boundary_score,role_switch_rate,switch_step_norm,segment_turn_count,regime_id,regime_name,example_excerpt
msc-00000,msc_valid,0,0,1,user,assistant,2,0.0,0.0,0.0,0.0,0.0,0.0,0.0,0.0,1.569744348526001,0.0,1.569744348526001,1,0.0,0.0,0.0,1.0,1.569744348526001,2,1,curvature_spike_transition,"user: Hello what are doing today? || assistant: I am good, I just got off work and tired, I have two jobs."
msc-00000,msc_valid,1,1,3,assistant,assistant,3,1.8102936744689941,0.045216262340545654,1.855509877204895,1.8102936744689941,0.045216262340545654,0.0,1.855509877204895,2.8331141471862793,1.563145399093628,0.0006492137908935547,1.5637946128845215,1,6.471203960245475e-05,0.4731447398662567,4.433836936950684,1.0,1.563145399093628,3,3,curvature_spike_transition,"assistant: I am good, I just got off work and tired, I have two jobs. || user: I just got done watching a horror movie || assistant: I rather read, I've read about 20 books this year."
msc-00000,msc_valid,2,3,5,assistant,assistant,3,1.8694853782653809,0.034948647022247314,1.9044339656829834,1.8694853782653809,0.034948647022247314,0.0,1.9044339656829834,2.921285629272461,1.5625786781311035,0.00022488833928946406,1.5628036260604858,1,3.3530981454532593e-05,0.35180753469467163,4.564845085144043,1.0,1.5625786781311035,3,3,curvature_spike_transition,"assistant: I rather read, I've read about 20 books this year. || user: Wow! I do love a good horror movie. Loving this cooler weather || assistant: But a good movie is always good."
msc-00000,msc_valid,3,5,7,assistant,assistant,3,1.8869521617889404,0.016695499420166016,1.9036476612091064,1.8869521617889404,0.016695499420166016,0.0,1.9036476612091064,2.920522689819336,1.5347809791564941,0.023832261562347412,1.5586133003234863,1,3.162133725709282e-05,0.3422388434410095,4.520538806915283,1.0,1.5347809791564941,3,3,curvature_spike_transition,assistant: But a good movie is always good. || user: Yes! My son is in junior high and I just started letting him watch them too || assistant: I work in the movies as well.
msc-00000,msc_valid,4,7,9,assistant,assistant,3,1.903310775756836,0.05297642946243286,1.9562872648239136,1.903310775756836,0.05297642946243286,0.0,1.9562872648239136,2.888723134994507,1.513426661491394,0.019248247146606445,1.5326749086380005,1,4.3819301936309785e-05,0.4111884832382202,4.38435173034668,1.0,1.513426661491394,3,3,curvature_spike_transition,"assistant: I work in the movies as well. || user: Neat!! I used to work in the human services field || assistant: Yes it is neat, I stunt double, it is so much fun and hard work."
msc-00000,msc_valid,5,9,11,assistant,assistant,3,1.992954969406128,0.024438321590423584,2.0173933506011963,1.992954969406128,0.024438321590423584,0.0,2.0173933506011963,2.879056930541992,1.4065868854522705,0.06268680095672607,1.4692736864089966,1,4.3737090891227126e-05,0.40659022331237793,4.161947727203369,1.0,1.4065868854522705,3,3,curvature_spike_transition,"assistant: Yes it is neat, I stunt double, it is so much fun and hard work. || user: Yes I bet you can get hurt. My wife works and I stay at home || assistant: Nice, I only have one parent so now I help out my mom."
msc-00000,msc_valid,6,11,17,assistant,assistant,7,2.225158452987671,0.0374479703605175,2.2707386016845703,2.225158452987671,0.0374479703605175,-0.06494367122650146,2.2707386016845703,2.9126968383789062,1.3096661567687988,0.02602568455040455,1.3502349853515625,1,2.445689642627258e-05,0.34652116894721985,3.8133127689361572,1.0,1.3096661567687988,7,3,curvature_spike_transition,"assistant: Nice, I only have one parent so now I help out my mom. || user: I bet she appreciates that very much. || user: I've heard they're making a new Stephen King adaptation - I bet I end up going to see it! || assistant: Yeah, I am trying to get in on that one! I want to be in one of his movies because they are bomb!"
msc-00000,msc_valid,7,17,19,assistant,assistant,3,2.097273826599121,0.08823513984680176,2.185508966445923,2.097273826599121,0.08823513984680176,0.0,2.185508966445923,2.888242244720459,1.3888821601867676,0.006421208381652832,1.3953033685684204,1,3.899213334079832e-05,0.4117022156715393,3.9777822494506836,1.0,1.3888821601867676,3,3,curvature_spike_transition,"assistant: Yeah, I am trying to get in on that one! I want to be in one of his movies because they are bomb! || user: So cool. Where I live they filmed the Shawshank Redemption.  I know some people who were doubles in it. I love horror bu || assistant: Oh yeah. I read this one book called The Butterfly Garden by Dot Huchinson. It was very dark and disturbing, but it was "
msc-00000,msc_valid,8,19,21,assistant,assistant,3,2.1035637855529785,0.08483326435089111,2.188397169113159,2.1035637855529785,0.08483326435089111,0.0,2.188397169113159,2.8582205772399902,1.3286077976226807,0.04920506477355957,1.3778128623962402,1,4.981948222848587e-05,0.818172037601471,3.8853747844696045,1.0,1.3286077976226807,3,3,curvature_spike_transition,"assistant: Oh yeah. I read this one book called The Butterfly Garden by Dot Huchinson. It was very dark and disturbing, but it was  || user: Wow. That sounds like something I would really love. I just finished a book myself this morning about a serial killer. D || assistant: I have kindle unlimited and the libby app, but I believe that particular one was on Kindle Unlimited. It was about teena"
msc-00000,msc_valid,9,21,24,assistant,user,4,2.270585298538208,0.07289052754640579,2.3578925132751465,2.270585298538208,0.07289052754640579,-0.07822665572166443,2.3578925132751465,2.8977739810943604,1.276917815208435,0.02661168947815895,1.3062928915023804,1,3.706524512381293e-05,0.4207129180431366,3.698652505874634,1.0,1.276917815208435,4,3,curvature_spike_transition,"assistant: I have kindle unlimited and the libby app, but I believe that particular one was on Kindle Unlimited. It was about teena || user: I have never heard of the Libby app. I'll have to check that out. I use Kindle because I have Amazon Prime and there are || assistant: Billy Straight is about a runaway kid that goes to hollywood and pretends to be in school but lives in a park. He witnes || user: Oh ok. I have used other type of apps where it syncs up with the library number to check books out. I really love that o"
msc-00000,msc_valid,10,24,26,user,user,3,1.4908242225646973,0.5236174464225769,2.014441728591919,1.4908242225646973,0.5236174464225769,0.0,2.014441728591919,2.0698442459106445,1.4762111902236938,0.06636989116668701,1.5425810813903809,2,2.7265175958746113e-05,1.2805250883102417,2.879270076751709,1.0,1.4762111902236938,3,1,curvature_spike_transition,"user: Oh ok. I have used other type of apps where it syncs up with the library number to check books out. I really love that o || assistant: Yeah it does! I am so happy to have someone to talk about books with! Not many people that I know appreciate them as muc || user: You never know, with everything you have done in your past, I might read a book about YOU eventually! I can't even imagi"
msc-00000,msc_valid,11,26,33,user,assistant,8,3812.042724609375,1555.431640625,4447.04541015625,25.441959381103516,9.558328628540039,-2.0412418842315674,29.344131469726562,1.4812486171722412,0.0005980199784971774,0.0,0.0005980199784971774,1,6.075986610544482e-13,0.4938524663448334,0.17297545075416565,1.0,0.0005980199784971774,8,2,curvature_spike_transition,"user: You never know, with everything you have done in your past, I might read a book about YOU eventually! I can't even imagi || assistant: I mean, you said you like Stephen King. And Shawshank. I read that book. It was pretty boring. But it was also amazing.  || user: Well my son is probably too old for it at this point, but I might volunteer to read it for the kids group at the library || assistant: I often take it out when I am having a rough day at work...it is mindless fun.  Almost as much as the stunt double work "
msc-00000,msc_valid,12,33,40,assistant,user,8,4447.04541015625,0.0,4447.04541015625,29.344131469726562,0.0,0.0,29.344131469726562,1.4672067165374756,0.0005980199784971774,0.0,0.0005980199784971774,1,0.0,0.0,0.0004840730980504304,1.0,0.0005980199784971774,8,0,near_stationary_fact_memory,"assistant: I often take it out when I am having a rough day at work...it is mindless fun.  Almost as much as the stunt double work  || user: That sounds like an incredible amount of fun, but anything but mindless! What was your last stunt gig? || assistant: Only the real stars get that treatment.  The stunt doubles get old coffee and donuts in the trailer. || user: Do you have any new stunt double jobs coming  up?"
msc-00000,msc_valid,13,40,47,user,assistant,8,4447.04541015625,0.0,4447.04541015625,29.344131469726562,0.0,0.0,29.344131469726562,1.4672067165374756,0.0005980199784971774,0.0,0.0005980199784971774,1,0.0,0.0,0.0004840730980504304,1.0,0.0005980199784971774,8,0,near_stationary_fact_memory,"user: Do you have any new stunt double jobs coming  up? || assistant: No, I don't have any at this time. || user: Of course, I'll watch or read anything true crime related.  My kindle is just filled with crime books.  What was your ex || assistant: It was so creepy it still enters my dreams.  I see you like Steven King movies, but what about his books?"
msc-00000,msc_valid,14,47,54,assistant,user,8,4447.04541015625,0.0,4447.04541015625,29.344131469726562,0.0,0.0,29.344131469726562,1.4672067165374756,0.0005980199784971774,0.0,0.0005980199784971774,1,0.0,0.0,0.0004840730980504304,1.0,0.0005980199784971774,8,0,near_stationary_fact_memory,"assistant: It was so creepy it still enters my dreams.  I see you like Steven King movies, but what about his books? || user: I love the books more!  I'll never watch a Steven King movie until I've read the book.  I think the IT movies may have r || assistant: I haven't yet. I have been a little busy, but I should be able to finish it by next week! || user: I need to read it so we can talk about it when you are done. Have you read Fatal Charm?"
msc-00000,msc_valid,15,54,61,user,assistant,8,4447.04541015625,0.0,4447.04541015625,29.344131469726562,0.0,0.0,29.344131469726562,1.4672067165374756,0.0005980199784971774,0.0,0.0005980199784971774,1,0.0,0.1428520530462265,0.0004840730980504304,1.0,0.0005980199784971774,8,0,near_stationary_fact_memory,"user: I need to read it so we can talk about it when you are done. Have you read Fatal Charm? || assistant: I haven't! What's is Fatal Charm about? || user: It's good. It's got a better screen than my phone and it's bigger. I mostly got it because it was bigger than my phone a || assistant: Yeah I think I'm going to order one right now. Honestly I think it'll help me read even more, which is always a good thi"
1,msc_valid,0,0,1,user,assistant,2,0.0,0.0,0.0,0.0,0.0,0.0,0.0,0.0,1.57467520236969,0.0,1.57467520236969,1,0.0,0.0,0.0,1.0,1.57467520236969,2,1,curvature_spike_transition,user: Hi! How are you doing tonight? || assistant: I'm doing great. Just relaxing with my two dogs.
1,msc_valid,1,1,3,assistant,assistant,3,1.777430534362793,0.09219413995742798,1.8696246147155762,1.777430534362793,0.09219413995742798,0.0,1.8696246147155762,2.778787136077881,1.5487351417541504,0.029724299907684326,1.57845938205719,1,6.225785909919068e-05,0.8775638341903687,4.344624042510986,1.0,1.5487351417541504,3,3,curvature_spike_transition,assistant: I'm doing great. Just relaxing with my two dogs. || user: Great. In my spare time I do volunteer work. || assistant: That's neat. What kind of volunteer work do you do?
1,msc_valid,2,3,5,assistant,assistant,3,1.830928087234497,0.13054919242858887,1.961477279663086,1.830928087234497,0.13054919242858887,0.0,1.961477279663086,2.72916841506958,1.4487403631210327,0.08599722385406494,1.5347375869750977,1,2.5236261080863187e-07,0.9533058404922485,4.070859432220459,1.0,1.4487403631210327,3,1,curvature_spike_transition,assistant: That's neat. What kind of volunteer work do you do? || user: I work in a homeless shelter in my town. || assistant: Good for you. Do you like vintage cars? I've two older mustangs.
1,msc_valid,3,5,7,assistant,assistant,3,2.1186604499816895,0.10875821113586426,2.2274186611175537,2.1186604499816895,0.10875821113586426,0.0,2.2274186611175537,2.9227519035339355,1.4022247791290283,0.04687154293060303,1.4490963220596313,1,2.877657243516296e-05,0.363594114780426,4.033003807067871,1.0,1.4022247791290283,3,3,curvature_spike_transition,assistant: Good for you. Do you like vintage cars? I've two older mustangs. || user: Cool. Not really into cars. My day job is wrestling. || assistant: Cars are my thing. Vintage cars. I love working on them. Wrestling? Do you enjoy it?
1,msc_valid,4,7,9,assistant,assistant,3,2.0578675270080566,0.040802836418151855,2.098670244216919,2.0578675270080566,0.040802836418151855,0.0,2.098670244216919,2.9275152683258057,1.4047837257385254,0.025554001331329346,1.4303377866744995,1,2.919999315054156e-05,0.3418353796005249,4.165301322937012,1.0,1.4047837257385254,3,3,curvature_spike_transition,"assistant: Cars are my thing. Vintage cars. I love working on them. Wrestling? Do you enjoy it? || user: Yes, I love the crowds, getting to know people. || assistant: I didn't think about the crowd aspect of wrestling. I do not like crowds."
1,msc_valid,5,9,11,assistant,assistant,3,2.093987464904785,0.09200656414031982,2.1859939098358154,2.093987464904785,0.09200656414031982,0.0,2.1859939098358154,2.909815788269043,1.398343801498413,0.014368712902069092,1.412712574005127,1,3.321591066196561e-05,0.3767491579055786,4.043642044067383,1.0,1.398343801498413,3,3,curvature_spike_transition,"assistant: I didn't think about the crowd aspect of wrestling. I do not like crowds. || user: Understood. When I need to be alone, I work out a few times each week. || assistant: I agree. Working out is a great way to burn off steam. Do you like country music?"
1,msc_valid,6,11,13,assistant,assistant,3,2.0328097343444824,0.053563714027404785,2.0863733291625977,2.0328097343444824,0.053563714027404785,0.0,2.0863733291625977,2.9082717895507812,1.4283385276794434,0.02469712495803833,1.4530357122421265,1,3.337045563966967e-05,0.3786777853965759,4.160776615142822,1.0,1.4283385276794434,3,3,curvature_spike_transition,assistant: I agree. Working out is a great way to burn off steam. Do you like country music? || user: A little bit. I can get into taylor swift. || assistant: Lol. She's more pop now. Her old stuff was country. I like classic country.
1,msc_valid,7,13,15,assistant,assistant,3,2.123443365097046,0.014126777648925781,2.1375701427459717,2.123443365097046,0.014126777648925781,0.0,2.1375701427459717,2.8266851902008057,1.2761008739471436,0.09131938219070435,1.3674203157424927,1,5.135835090186447e-05,0.47656723856925964,3.7691831588745117,1.0,1.2761008739471436,3,3,curvature_spike_transition,assistant: Lol. She's more pop now. Her old stuff was country. I like classic country. || user: What kind of dogs do you have? || assistant: One is a terrier and one is a sheep dog.   How long have you been volunteering?
1,msc_valid,8,15,17,assistant,assistant,3,2.286567211151123,0.1356067657470703,2.4221739768981934,2.286567211151123,0.1356067657470703,0.0,2.4221739768981934,2.830566644668579,1.280515432357788,0.06514304876327515,1.3456584215164185,1,3.5975979699287564e-05,0.4472382366657257,3.5076751708984375,1.0,1.280515432357788,3,3,curvature_spike_transition,"assistant: One is a terrier and one is a sheep dog.   How long have you been volunteering? || user: I have been volunteering for last 7 years || assistant: Nice.  I try to, but I've been working on the two Mustangs.  One is a 68 and the other is a 66 Hertz clone."
1,msc_valid,9,17,19,assistant,assistant,3,2.1698341369628906,0.0006723403930664062,2.170506477355957,2.1698341369628906,0.0006723403930664062,0.0,2.170506477355957,2.933915376663208,1.353895664215088,0.001208961009979248,1.3551045656204224,1,1.7477465007686988e-05,0.3061009645462036,3.9670655727386475,1.0,1.353895664215088,3,3,curvature_spike_transition,"assistant: Nice.  I try to, but I've been working on the two Mustangs.  One is a 68 and the other is a 66 Hertz clone. || user: What are doing with those two? || assistant: The 68 is a daily driver, at least during the summer.  The Hertz clone is a trailer queen.  I'm too afraid of paying for"
1,msc_valid,10,19,21,assistant,assistant,3,2.24873685836792,0.009970545768737793,2.2587075233459473,2.24873685836792,0.009970545768737793,0.0,2.2587075233459473,2.9698290824890137,1.295457124710083,0.04405248165130615,1.3395096063613892,1,1.4026507415110245e-05,0.2622734606266022,3.9235923290252686,1.0,1.295457124710083,3,3,curvature_spike_transition,"assistant: The 68 is a daily driver, at least during the summer.  The Hertz clone is a trailer queen.  I'm too afraid of paying for || user: How long have you been doing this? || assistant: Ummmm, off and on, since 1989.  It's a hobby that takes a lot of devotion.  It can be expensive, but it doesn't always h"
1,msc_valid,11,21,23,assistant,assistant,3,2.293623924255371,0.09740090370178223,2.3910248279571533,2.293623924255371,0.09740090370178223,0.0,2.3910248279571533,2.9330925941467285,1.295628547668457,0.020337164402008057,1.3159656524658203,1,2.5780063879210502e-05,0.35160619020462036,3.751443386077881,1.0,1.295628547668457,3,3,curvature_spike_transition,"assistant: Ummmm, off and on, since 1989.  It's a hobby that takes a lot of devotion.  It can be expensive, but it doesn't always h || user: This sounds fun. Do you have any other hobby? || assistant: Well I do like to listen to classic country, and I do have my two dogs, ""Baron Zemo"" and ""Spike.""   What about you, how "
1,msc_valid,12,23,29,assistant,assistant,7,2.427264928817749,0.09566294401884079,2.610264539718628,2.427264928817749,0.09566294401884079,0.8326604962348938,2.610264539718628,2.915820837020874,1.1926305294036865,0.03632510453462601,1.247873306274414,1,2.177059832320083e-05,0.34812629222869873,3.50675892829895,1.0,1.1926305294036865,7,3,curvature_spike_transition,"assistant: Well I do like to listen to classic country, and I do have my two dogs, ""Baron Zemo"" and ""Spike.""   What about you, how  || user: I'm not super into wrestling. || user: I'm so sorry to hear that! How on earth did that happen? || assistant: Just a little rough housing that went a bit too far."
1,msc_valid,13,29,31,assistant,assistant,3,2.43680739402771,0.0719442367553711,2.508751630783081,2.43680739402771,0.0719442367553711,0.0,2.508751630783081,2.9044058322906494,1.1974207162857056,0.020937204360961914,1.2183579206466675,1,2.294712066941429e-05,0.35954272747039795,3.4618020057678223,1.0,1.1974207162857056,3,3,curvature_spike_transition,assistant: Just a little rough housing that went a bit too far. || user: That's unfortunate. I'm hoping you'll make a speedy recovery! What's your day job? || assistant: I'm a dog trainer!  I guess I'm not that good
1,msc_valid,14,31,33,assistant,assistant,3,2.321251630783081,0.13787245750427246,2.4591240882873535,2.321251630783081,0.13787245750427246,0.0,2.4591240882873535,2.9100375175476074,1.2932581901550293,0.07464897632598877,1.367907166481018,1,2.8815475161536597e-05,0.3790569007396698,3.651402473449707,1.0,1.2932581901550293,3,3,curvature_spike_transition,"assistant: I'm a dog trainer!  I guess I'm not that good || user: Haha well I suppose no one is perfect. Given my recent string of lost matches, I can't say I'm doing much better. || assistant: Yeah between the both of us, could probably get a country song written about our distresses...perhaps Taylor Swift could"
1,msc_valid,15,33,35,assistant,assistant,3,2.1633548736572266,0.03610384464263916,2.1994588375091553,2.1633548736572266,0.03610384464263916,0.0,2.1994588375091553,2.995051860809326,1.3870899677276611,0.008787393569946289,1.3958773612976074,1,1.1731613994925283e-05,0.23161543905735016,4.146507263183594,1.0,1.3870899677276611,3,3,curvature_spike_transition,"assistant: Yeah between the both of us, could probably get a country song written about our distresses...perhaps Taylor Swift could || user: That would be a chart-topper, I'm sure. Something to blast while driving with the top down, maybe even in your next rest || assistant: Yes!! Can't wait to get back in the saddle with the restoration.  One of the one's I am working on is a convertible."
1,msc_valid,16,35,37,assistant,assistant,3,2.180455207824707,0.013106703758239746,2.1935620307922363,2.180455207824707,0.013106703758239746,0.0,2.1935620307922363,2.9763574600219727,1.3543730974197388,0.01838982105255127,1.37276291847229,1,1.6546970073250122e-05,0.26749053597450256,4.063021183013916,1.0,1.3543730974197388,3,3,curvature_spike_transition,"assistant: Yes!! Can't wait to get back in the saddle with the restoration.  One of the one's I am working on is a convertible. || user: Sweet! I'm sure that will be an amazing ride once it's finished. How long does a project take to complete, generally spe || assistant: For me, I can usually do a full restoration in 6 months if I put in a few hours a day after work."
1,msc_valid,17,37,39,assistant,assistant,3,2.255772590637207,0.004877924919128418,2.260650634765625,2.255772590637207,0.004877924919128418,0.0,2.260650634765625,2.937796115875244,1.2801527976989746,0.032750070095062256,1.312902808189392,1,1.986660936381668e-05,0.3120163679122925,3.8271327018737793,1.0,1.2801527976989746,3,3,curvature_spike_transition,"assistant: For me, I can usually do a full restoration in 6 months if I put in a few hours a day after work. || user: Did you take your dogs out for a walk today? || assistant: Yes! Thankfully there was enough of a break in the rain to run them around. How's your day been?"
1,msc_valid,18,39,46,assistant,user,8,0.4968002736568451,0.8540523648262024,2.3659589290618896,0.4968002736568451,0.8540523648262024,1.4102777242660522,2.3659589290618896,0.6612776517868042,0.42055779695510864,0.6726382970809937,1.6615445613861084,2,1.0858549330805545e-06,0.8423748016357422,0.8848416209220886,1.0,0.42055779695510864,8,1,curvature_spike_transition,"assistant: Yes! Thankfully there was enough of a break in the rain to run them around. How's your day been? || user: It has been busy! I volunteered at the homeless shelter this morning. Do you do any volunteering? || assistant: I can definitely see how it would be cathartic, although I'm so worried about getting my ass whooped I'm sure I'd be ter || user: Yes, getting beat is not a highlight but makes you want to train even harder! And working up a sweat is no joke! Ha ha."
1,msc_valid,19,46,48,user,user,3,0.0,0.0,0.0,0.0,0.0,0.0,0.0,0.0,0.0,0.0,0.0,3,0.0,0.0,0.0,1.0,0.0,3,0,near_stationary_fact_memory,"user: Yes, getting beat is not a highlight but makes you want to train even harder! And working up a sweat is no joke! Ha ha. || assistant: I definitely respect the mental stamina needed, too. I could learn some more of that, sometimes working on my car gets m || user: I can see that. I have attempted to work on cars, I don't have the patience for it! I need to keep moving!"
1,msc_valid,20,48,54,user,user,7,0.0,0.0,0.0,0.0,0.0,0.0,0.0,0.0,0.0,0.0,0.0,7,0.0,0.0,0.0,1.0,0.0,7,0,near_stationary_fact_memory,"user: I can see that. I have attempted to work on cars, I don't have the patience for it! I need to keep moving! || assistant: It's definitely an acquired thing. The word needs mechanics and wrestlers, ha! || assistant: That's exciting! Was it a close fight or did you dominate haha || user: You had to ask, didn't you?! I jest. But it was very close. I was worried I was going to lose at first, but I just staye"
1,msc_valid,21,54,61,user,assistant,8,0.0,0.0,0.0,0.0,0.0,0.0,0.0,0.0,0.0,0.0,0.0,8,0.0,0.1428571492433548,0.0,1.0,0.0,8,0,near_stationary_fact_memory,"user: You had to ask, didn't you?! I jest. But it was very close. I was worried I was going to lose at first, but I just staye || assistant: That is true.  A win's a win.  I'm glad you didn't get into your own head when it was close... maybe you'll be able to g || user: Hahaha maybe some old Swift and a bubblebath. My muscles will be hurting tomorrow. My opponent was good! || assistant: That sounds really relaxing.  If you were able to beat them then you should be able to beat your next opponents too!"
2,msc_valid,0,0,1,user,assistant,2,0.0,0.0,0.0,0.0,0.0,0.0,0.0,0.0,1.4732509851455688,0.0,1.4732509851455688,1,0.0,0.0,0.0,1.0,1.4732509851455688,2,1,curvature_spike_transition,"user: Hello, how are you doing? || assistant: I love spending time with my family"
2,msc_valid,1,1,3,assistant,assistant,3,1.9138758182525635,0.08353650569915771,1.9974123239517212,1.9138758182525635,0.08353650569915771,0.0,1.9974123239517212,2.758103847503662,1.4160830974578857,0.03874921798706055,1.4548323154449463,1,2.462323891450069e-07,0.8955060839653015,3.9758265018463135,1.0,1.4160830974578857,3,1,curvature_spike_transition,"assistant: I love spending time with my family || user: That is great, me too! I'm married and my husband and I've 2 children. || assistant: So then have you ever been to disneyland?"
2,msc_valid,2,3,5,assistant,assistant,3,2.063091993331909,0.07600736618041992,2.139099359512329,2.063091993331909,0.07600736618041992,0.0,2.139099359512329,2.8966779708862305,1.4088423252105713,0.013008058071136475,1.4218504428863525,1,3.7348941987147555e-05,0.39388102293014526,4.067115783691406,1.0,1.4088423252105713,3,3,curvature_spike_transition,"assistant: So then have you ever been to disneyland? || user: No, we recently purchased a new house, so we cannot afford it. Have you? || assistant: Yes I love mickey mouse such a cute little rat"
2,msc_valid,3,5,7,assistant,assistant,3,1.9826560020446777,0.1740286946296692,2.156684637069702,1.9826560020446777,0.1740286946296692,0.0,2.156684637069702,2.8140835762023926,1.4467239379882812,0.049769699573516846,1.4964936971664429,1,3.090214522671886e-05,0.8709317445755005,3.9954164028167725,1.0,1.4467239379882812,3,3,curvature_spike_transition,"assistant: Yes I love mickey mouse such a cute little rat || user: I enjoy going to concerts, I see the rolling stones every year. || assistant: Man your lucky I am a baby delivery nurse and the pay sucks"
2,msc_valid,4,7,9,assistant,assistant,3,1.9080394506454468,0.12098181247711182,2.0290212631225586,1.9080394506454468,0.12098181247711182,0.0,2.0290212631225586,2.765687942504883,1.402327537536621,0.08324295282363892,1.4855704307556152,1,6.121085220911482e-07,0.926602840423584,4.012580871582031,1.0,1.402327537536621,3,1,curvature_spike_transition,assistant: Man your lucky I am a baby delivery nurse and the pay sucks || user: Maybe you should consider going back to school. I did. I major in economics. || assistant: I have to walk 3 miles to work to save money everyday what do you do?
2,msc_valid,5,9,11,assistant,assistant,3,2.086155891418457,0.19769853353500366,2.2838544845581055,2.086155891418457,0.19769853353500366,0.0,2.2838544845581055,2.8046841621398926,1.378501534461975,0.06508314609527588,1.443584680557251,1,7.399554533549235e-07,0.8947749733924866,3.772696018218994,1.0,1.378501534461975,3,1,curvature_spike_transition,"assistant: I have to walk 3 miles to work to save money everyday what do you do? || user: I mostly eat a fresh and raw diet, so I save on groceries. || assistant: Your economic skills are amazing"
2,msc_valid,6,11,13,assistant,assistant,3,2.0291848182678223,0.048519253730773926,2.0777041912078857,2.0291848182678223,0.048519253730773926,0.0,2.0777041912078857,2.830512523651123,1.3679955005645752,0.029520392417907715,1.397515892982483,1,5.257781594991684e-05,0.4756426215171814,3.949685573577881,1.0,1.3679955005645752,3,3,curvature_spike_transition,assistant: Your economic skills are amazing || user: Thank you very much! I'm sure you are a great nurse. || assistant: I'm a ok nurse I have dripped some babies though but I'm getting better
2,msc_valid,7,13,15,assistant,assistant,3,2.0169594287872314,0.14546674489974976,2.162426233291626,2.0169594287872314,0.14546674489974976,0.0,2.162426233291626,2.8201746940612793,1.4386169910430908,0.05053591728210449,1.4891529083251953,1,6.0945611039642245e-05,0.5172525644302368,3.9461021423339844,1.0,1.4386169910430908,3,3,curvature_spike_transition,assistant: I'm a ok nurse I have dripped some babies though but I'm getting better || user: I got $50 worth of coupons for fresh fruit and vegetables. || assistant: That's awesome! How did you manage to score that?
2,msc_valid,8,15,17,assistant,assistant,3,1.9735782146453857,0.03360944986343384,2.007187604904175,1.9735782146453857,0.03360944986343384,0.0,2.007187604904175,2.898920774459839,1.4442694187164307,0.05185341835021973,1.4961228370666504,1,3.587782703107223e-05,0.3848843574523926,4.259278297424316,1.0,1.4442694187164307,3,3,curvature_spike_transition,"assistant: That's awesome! How did you manage to score that? || user: I joined a couponing group and won a raffle, it will really help out. How has work been lately? || assistant: I should do the same! Work is just as bad as ever. I dropped another baby and received a pay penalty because of it. It's"
2,msc_valid,9,17,19,assistant,assistant,3,2.129408836364746,0.029373884201049805,2.158782720565796,2.129408836364746,0.029373884201049805,0.0,2.158782720565796,2.925870895385742,1.3598008155822754,0.023526012897491455,1.3833268880844116,1,2.4634782676002942e-05,0.3301670551300049,4.020652770996094,1.0,1.3598008155822754,3,3,curvature_spike_transition,assistant: I should do the same! Work is just as bad as ever. I dropped another baby and received a pay penalty because of it. It's || user: Oh no! That must be so scary. Can you switch departments? || assistant: At this point it's not possible without getting an even greater reduction in pay. I'm still toying with the idea of retu
2,msc_valid,10,19,21,assistant,assistant,3,2.185728073120117,0.06710469722747803,2.2528328895568848,2.185728073120117,0.06710469722747803,0.0,2.2528328895568848,2.956244707107544,1.3645455837249756,0.018391907215118408,1.3829374313354492,1,2.089004556182772e-05,0.29809895157814026,3.9986824989318848,1.0,1.3645455837249756,3,3,curvature_spike_transition,"assistant: At this point it's not possible without getting an even greater reduction in pay. I'm still toying with the idea of retu || user: That's not a bad idea, maybe go back to school and find your passion. Maybe you could even hit Disney before school star || assistant: Haha maybe I should go to school in Orlando. Speaking of school, how is your degree coming along?"
2,msc_valid,11,21,23,assistant,assistant,3,2.118373155593872,0.06775403022766113,2.186127185821533,2.118373155593872,0.06775403022766113,0.0,2.186127185821533,2.9355452060699463,1.384990930557251,0.005012631416320801,1.3900035619735718,1,2.8072900022380054e-05,0.346464604139328,4.067945957183838,1.0,1.384990930557251,3,3,curvature_spike_transition,"assistant: Haha maybe I should go to school in Orlando. Speaking of school, how is your degree coming along? || user: Good, I was finally able to find a job that valued it. Who knew economics wouldn't be easily employable. What would you  || assistant: Given your experience, possibly economics! Definitely something that doesn't involve hospitals."
2,msc_valid,12,23,25,assistant,assistant,3,2.1413979530334473,0.0033315420150756836,2.1447293758392334,2.1413979530334473,0.0033315420150756836,0.0,2.1447293758392334,2.9208498001098633,1.3597807884216309,0.0033779144287109375,1.3631587028503418,1,2.291902455908712e-05,0.33492904901504517,3.9840540885925293,1.0,1.3597807884216309,3,3,curvature_spike_transition,"assistant: Given your experience, possibly economics! Definitely something that doesn't involve hospitals. || user: Haha I can only imagine how bad you need a break from hospitals. If you'd like I can show you how to coupon to help save || assistant: I'd really appreciate that! Hopefully I'll qualify for some scholarships, but I'll need to save every dollar I can."
2,msc_valid,13,25,27,assistant,assistant,3,2.1139698028564453,0.0333172082901001,2.147287130355835,2.1139698028564453,0.0333172082901001,0.0,2.147287130355835,2.890437126159668,1.3712458610534668,0.007440507411956787,1.3786863088607788,1,3.0167255317792296e-05,0.3785235285758972,3.952134132385254,1.0,1.3712458610534668,3,3,curvature_spike_transition,"assistant: I'd really appreciate that! Hopefully I'll qualify for some scholarships, but I'll need to save every dollar I can. || user: What happened at work, were you punished or has it blown over? || assistant: Yes thankfully its all blown over, wont be doing that again. Hows your job been going?"
2,msc_valid,14,27,29,assistant,assistant,3,2.148033618927002,0.036453843116760254,2.1844873428344727,2.148033618927002,0.036453843116760254,0.0,2.1844873428344727,2.945890426635742,1.3671326637268066,0.005372405052185059,1.3725050687789917,1,1.9955981770181097e-05,0.3026786148548126,4.0401387214660645,1.0,1.3671326637268066,3,3,curvature_spike_transition,"assistant: Yes thankfully its all blown over, wont be doing that again. Hows your job been going? || user: I'm so glad to hear that it all got sorted for you. My job has just been incredible they have welcomed me to their group || assistant: Thankyou. Oh im so glad to hear that its all going so well for you. You really have worked so hard to get to where you a"
2,msc_valid,15,29,31,assistant,assistant,3,2.16595458984375,0.035247206687927246,2.201201915740967,2.16595458984375,0.035247206687927246,0.0,2.201201915740967,2.9841837882995605,1.3841204643249512,0.0026415586471557617,1.386762022972107,1,1.2505621270975098e-05,0.2459123432636261,4.111598968505859,1.0,1.3841204643249512,3,3,curvature_spike_transition,assistant: Thankyou. Oh im so glad to hear that its all going so well for you. You really have worked so hard to get to where you a || user: Yes they are just happy that I'm now happy in a job doing what I love to do. I know previously you have said you want to || assistant: Thats so good to hear. Omg that would be so amazing of her to do that for me i will message her in the week to see when 
2,msc_valid,16,31,33,assistant,assistant,3,2.0799977779388428,0.1089126467704773,2.188910484313965,2.0799977779388428,0.1089126467704773,0.0,2.188910484313965,2.931222915649414,1.4403878450393677,0.06475400924682617,1.5051418542861938,1,3.1420233426615596e-05,0.3598563075065613,4.132623672485352,1.0,1.4403878450393677,3,3,curvature_spike_transition,assistant: Thats so good to hear. Omg that would be so amazing of her to do that for me i will message her in the week to see when  || user: No worries at all she would love to be able to get with someone to do that. And my kids are doing amazing they are adjus || assistant: That is great to hear that they are settling in well. I know some kids have a hard time adjusting but your kids are just
2,msc_valid,17,33,40,assistant,user,8,0.42765480279922485,0.7337390184402466,2.029736280441284,0.42765480279922485,0.7337390184402466,1.4013928174972534,2.029736280441284,0.6615999341011047,0.4687783420085907,0.7450122833251953,1.7814795970916748,1,5.937995979365951e-07,0.8405937552452087,1.0253050327301025,1.0,0.4687783420085907,8,1,curvature_spike_transition,"assistant: That is great to hear that they are settling in well. I know some kids have a hard time adjusting but your kids are just || user: It is honestly beautiful, our new neighbours have been so welcoming and we are actually have a get together this weekend || assistant: Not really, the job is really demanding and doesn't pay very well.  I would like to go back to school if I could afford  || user: What would you want to study if you went back to school?"
2,msc_valid,18,40,47,user,assistant,8,0.0,0.0,0.0,0.0,0.0,0.0,0.0,0.0,0.0,0.0,0.0,8,0.0,0.0,0.0,1.0,0.0,8,0,near_stationary_fact_memory,"user: What would you want to study if you went back to school? || assistant: I am really interested in business and the economy, so I was thinking economics.  Definitely nothing related to medicine || user: No not at all but I want to furnish it properly. It is just empty space at the moment. || assistant: Well, hopefully you'll make lots of money at your new job and you'll get all the furniture you want!"
2,msc_valid,19,47,54,assistant,user,8,0.0,0.0,0.0,0.0,0.0,0.0,0.0,0.0,0.0,0.0,0.0,8,0.0,0.0,0.0,1.0,0.0,8,0,near_stationary_fact_memory,"assistant: Well, hopefully you'll make lots of money at your new job and you'll get all the furniture you want! || user: I'm hoping so. I'll still have no money though as I will be spending it all on the new house! || assistant: Yeah I can imagine how tough that was for you.  I'll probably need to do the same and find a college nearby since I don' || user: I think so. You say you don't want to study anything to do with medicine, but I would think the economics of healthcare "
2,msc_valid,20,54,61,user,assistant,8,0.0,0.0,0.0,0.0,0.0,0.0,0.0,0.0,0.0,0.0,0.0,8,0.0,0.1428571492433548,0.0,1.0,0.0,8,0,near_stationary_fact_memory,"user: I think so. You say you don't want to study anything to do with medicine, but I would think the economics of healthcare  || assistant: I'll definitely consider it.  Did it take you long to find your new job after graduation? || user: Now that's an idea, thanks! I expect a bonus after my six months on the job too, and that's three months from now.  Shou || assistant: Haha.  That's so cool that you're getting a bonus so soon on the job.  Sounds like a great company to work for."
3,msc_valid,0,0,1,user,assistant,2,0.0,0.0,0.0,0.0,0.0,0.0,0.0,0.0,1.5486418008804321,0.0,1.5486418008804321,1,0.0,0.0,0.0,1.0,1.5486418008804321,2,1,curvature_spike_transition,user: Hi how are you doing? I am okay how about you? || assistant: I am doing good. Just sipping tea. What do you do for work?
3,msc_valid,1,1,3,assistant,assistant,3,1.7896943092346191,0.0723755955696106,1.862069845199585,1.7896943092346191,0.0723755955696106,0.0,1.862069845199585,2.8316829204559326,1.602805495262146,0.024993062019348145,1.6277985572814941,1,6.837557157268748e-05,0.4781983196735382,4.481034278869629,1.0,1.602805495262146,3,3,curvature_spike_transition,assistant: I am doing good. Just sipping tea. What do you do for work? || user: I used to do home health aide but now I am disabled. || assistant: I am sorry to hear that. What happened
3,msc_valid,2,3,5,assistant,assistant,3,1.7753337621688843,0.06082463264465332,1.8361583948135376,1.7753337621688843,0.06082463264465332,0.0,1.8361583948135376,2.869171619415283,1.6048355102539062,0.020721435546875,1.6255569458007812,1,5.9421836340334266e-05,0.4411456882953644,4.6371684074401855,1.0,1.6048355102539062,3,3,curvature_spike_transition,assistant: I am sorry to hear that. What happened || user: I graduated and got my license worked a while and became I'll. || assistant: So what do you do now for fun? I like to read.
3,msc_valid,3,5,7,assistant,assistant,3,1.8784815073013306,0.0240248441696167,1.9025063514709473,1.8784815073013306,0.0240248441696167,0.0,1.9025063514709473,2.9052138328552246,1.5164756774902344,0.05124098062515259,1.5677165985107422,1,4.0936349250841886e-05,0.3784465789794922,4.494791507720947,1.0,1.5164756774902344,3,3,curvature_spike_transition,assistant: So what do you do now for fun? I like to read. || user: I have dogs and I walk them. And a cat. || assistant: What kind of dogs do you have?
3,msc_valid,4,7,9,assistant,assistant,3,1.9664393663406372,0.08158528804779053,2.0480246543884277,1.9664393663406372,0.08158528804779053,0.0,2.0480246543884277,2.937999963760376,1.514231562614441,0.02843308448791504,1.542664647102356,1,2.8950473279110156e-05,0.34672868251800537,4.390316009521484,1.0,1.514231562614441,3,3,curvature_spike_transition,assistant: What kind of dogs do you have? || user: I enjoy reading read about michael jackson and psychology today. || assistant: I love reading. I have a big library at my house.
3,msc_valid,5,9,11,assistant,assistant,3,1.9272903203964233,0.028911828994750977,1.9562021493911743,1.9272903203964233,0.028911828994750977,0.0,1.9562021493911743,2.9245052337646484,1.5043611526489258,0.013152480125427246,1.517513632774353,1,2.89986146526644e-05,0.33430707454681396,4.438015937805176,1.0,1.5043611526489258,3,3,curvature_spike_transition,assistant: I love reading. I have a big library at my house. || user: That's very nice I love to read to and read about journals. || assistant: I've a tough time hearing so reading is my happy place.
3,msc_valid,6,11,13,assistant,assistant,3,1.9852521419525146,0.03347271680831909,2.0187249183654785,1.9852521419525146,0.03347271680831909,0.0,2.0187249183654785,2.953503370285034,1.4754748344421387,0.03244251012802124,1.5079174041748047,1,2.4260722057078965e-05,0.3066358268260956,4.394279479980469,1.0,1.4754748344421387,3,3,curvature_spike_transition,assistant: I've a tough time hearing so reading is my happy place. || user: Cool that is okay. My mom was very tough on me. || assistant: I work as a hearing impaired museum tour guide.
conv-26-qa000,locomo10,0,0,1,user,assistant,2,0.0,0.0,0.0,0.0,0.0,0.0,0.0,0.0,1.5905168056488037,0.0,1.5905168056488037,1,0.0,0.0,0.0,1.0,1.5905168056488037,2,1,curvature_spike_transition,user: Hey Mel! Good to see you! How have you been? || assistant: Hey Caroline! Good to see you! I'm swamped with the kids & work. What's up with you? Anything new?
conv-26-qa000,locomo10,1,1,3,assistant,assistant,3,1.8178530931472778,0.03613781929016113,1.853990912437439,1.8178530931472778,0.03613781929016113,0.0,1.853990912437439,2.8479881286621094,1.542592167854309,0.04653525352478027,1.5891274213790894,1,6.2973027525004e-05,0.45406660437583923,4.462890148162842,1.0,1.542592167854309,3,3,curvature_spike_transition,"assistant: Hey Caroline! Good to see you! I'm swamped with the kids & work. What's up with you? Anything new? || user: I went to a LGBTQ support group yesterday and it was so powerful. || assistant: Wow, that's cool, Caroline! What happened that was so awesome? Did you hear any inspiring stories?"
conv-26-qa000,locomo10,2,3,5,assistant,assistant,3,1.9894720315933228,0.02450716495513916,2.013979196548462,1.9894720315933228,0.02450716495513916,0.0,2.013979196548462,2.929992437362671,1.4572592973709106,0.02240622043609619,1.4796655178070068,1,2.7789339583250694e-05,0.3229530453681946,4.315608501434326,1.0,1.4572592973709106,3,3,curvature_spike_transition,"assistant: Wow, that's cool, Caroline! What happened that was so awesome? Did you hear any inspiring stories? || user: The transgender stories were so inspiring! I was so happy and thankful for all the support. || assistant: Wow, love that painting! So cool you found such a helpful group. What's it done for you?"
conv-26-qa000,locomo10,3,5,7,assistant,assistant,3,2.0593390464782715,0.064666748046875,2.1240057945251465,2.0593390464782715,0.064666748046875,0.0,2.1240057945251465,2.972212791442871,1.4494402408599854,0.009284675121307373,1.458724856376648,1,2.0308421881054528e-05,0.28463274240493774,4.289823055267334,1.0,1.4494402408599854,3,3,curvature_spike_transition,"assistant: Wow, love that painting! So cool you found such a helpful group. What's it done for you? || user: The support group has made me feel accepted and given me courage to embrace myself. || assistant: That's really cool. You've got guts. What now?"
conv-26-qa000,locomo10,4,7,9,assistant,assistant,3,2.0291330814361572,0.05562758445739746,2.0847606658935547,2.0291330814361572,0.05562758445739746,0.0,2.0847606658935547,2.940079689025879,1.4450352191925049,0.0014886260032653809,1.4465237855911255,1,2.570307333371602e-05,0.3251510560512543,4.260010242462158,1.0,1.4450352191925049,3,3,curvature_spike_transition,"assistant: That's really cool. You've got guts. What now? || user: Gonna continue my edu and check out career options, which is pretty exciting! || assistant: Wow, Caroline! What kinda jobs are you thinkin' of? Anything that stands out?"
conv-26-qa000,locomo10,5,9,11,assistant,assistant,3,2.038114547729492,0.0808478593826294,2.118962287902832,2.038114547729492,0.0808478593826294,0.0,2.118962287902832,2.733466386795044,1.2293684482574463,0.21598094701766968,1.4453494548797607,2,2.5432768779865e-06,0.9787208437919617,3.6895875930786133,1.0,1.2293684482574463,3,1,curvature_spike_transition,"assistant: Wow, Caroline! What kinda jobs are you thinkin' of? Anything that stands out? || user: I'm keen on counseling or working in mental health - I'd love to support those with similar issues. || assistant: You'd be a great counselor! Your empathy and understanding will really help the people you work with. By the way, take a"
conv-26-qa000,locomo10,6,11,13,assistant,assistant,3,2.4105355739593506,0.5149328112602234,2.9254684448242188,2.4105355739593506,0.5149328112602234,0.0,2.9254684448242188,2.65336275100708,1.2362191677093506,0.2237122654914856,1.4599313735961914,2,1.151208380179014e-05,1.0365644693374634,2.949321746826172,1.0,1.2362191677093506,3,1,curvature_spike_transition,"assistant: You'd be a great counselor! Your empathy and understanding will really help the people you work with. By the way, take a || user: Thanks, Melanie! That's really sweet. Is this your own painting? || assistant: Yeah, I painted that lake sunrise last year! It's special to me."
conv-26-qa000,locomo10,7,13,15,assistant,assistant,3,2.0379438400268555,0.015205025672912598,2.0531489849090576,2.0379438400268555,0.015205025672912598,0.0,2.0531489849090576,2.9233522415161133,1.426350712776184,0.0013774633407592773,1.4277281761169434,1,2.4457844119751826e-05,0.35734689235687256,4.193568229675293,1.0,1.426350712776184,3,3,curvature_spike_transition,"assistant: Yeah, I painted that lake sunrise last year! It's special to me. || user: Wow, Melanie! The colors really blend nicely. Painting looks like a great outlet for expressing yourself. || assistant: Thanks, Caroline! Painting's a fun way to express my feelings and get creative. It's a great way to relax after a long d"
conv-26-qa000,locomo10,8,15,17,assistant,assistant,3,2.0258305072784424,0.04595637321472168,2.071786880493164,2.0258305072784424,0.04595637321472168,0.0,2.071786880493164,2.908754825592041,1.4470837116241455,0.024648010730743408,1.4717317819595337,1,3.212553201592527e-05,0.3600129783153534,4.176732063293457,1.0,1.4470837116241455,3,3,curvature_spike_transition,"assistant: Thanks, Caroline! Painting's a fun way to express my feelings and get creative. It's a great way to relax after a long d || user: Totally agree, Mel. Relaxing and expressing ourselves is key. Well, I'm off to go do some research. || assistant: Yep, Caroline. Taking care of ourselves is vital. I'm off to go swimming with the kids. Talk to you soon!"
conv-26-qa000,locomo10,9,17,19,assistant,assistant,3,1.9333051443099976,0.03366732597351074,1.9669724702835083,1.9333051443099976,0.03366732597351074,0.0,1.9669724702835083,2.8586480617523193,1.4604052305221558,0.06033527851104736,1.5207405090332031,1,4.358127262094058e-05,0.43766123056411743,4.227510452270508,1.0,1.4604052305221558,3,3,curvature_spike_transition,"assistant: Yep, Caroline. Taking care of ourselves is vital. I'm off to go swimming with the kids. Talk to you soon! || user: Hey Caroline, since we last chatted, I've had a lot of things happening to me. I ran a charity race for mental health la || assistant: That charity race sounds great, Mel! Making a difference & raising awareness for mental health is super rewarding - I'm "
conv-26-qa000,locomo10,10,19,21,assistant,assistant,3,2.149890899658203,0.025608062744140625,2.1754989624023438,2.149890899658203,0.025608062744140625,0.0,2.1754989624023438,2.978715658187866,1.382318139076233,0.005097389221191406,1.3874155282974243,1,1.6134174074977636e-05,0.25949984788894653,4.127089977264404,1.0,1.382318139076233,3,3,curvature_spike_transition,"assistant: That charity race sounds great, Mel! Making a difference & raising awareness for mental health is super rewarding - I'm  || user: Thanks, Caroline! The event was really thought-provoking. I'm starting to realize that self-care is really important. It || assistant: I totally agree, Melanie. Taking care of ourselves is so important - even if it's not always easy. Great that you're pri"
conv-26-qa000,locomo10,11,21,23,assistant,assistant,3,2.165921449661255,0.007227182388305664,2.1731486320495605,2.165921449661255,0.007227182388305664,0.0,2.1731486320495605,2.979572296142578,1.3543014526367188,0.05203801393508911,1.406339406967163,1,1.684183007455431e-05,0.26991331577301025,4.099861145019531,1.0,1.3543014526367188,3,3,curvature_spike_transition,"assistant: I totally agree, Melanie. Taking care of ourselves is so important - even if it's not always easy. Great that you're pri || user: Yeah, it's tough. So I'm carving out some me-time each day - running, reading, or playing my violin - which refreshes me || assistant: That's great, Mel! Taking time for yourself is so important. You're doing an awesome job looking after yourself and your"
conv-26-qa000,locomo10,12,23,25,assistant,assistant,3,2.222959041595459,0.06675660610198975,2.289715528488159,2.222959041595459,0.06675660610198975,0.0,2.289715528488159,2.928908348083496,1.317234992980957,0.016280531883239746,1.3335155248641968,1,2.7844671421917155e-05,0.3593290448188782,3.859048366546631,1.0,1.317234992980957,3,3,curvature_spike_transition,"assistant: That's great, Mel! Taking time for yourself is so important. You're doing an awesome job looking after yourself and your || user: Thanks, Caroline. It's still a work in progress, but I'm doing my best. My kids are so excited about summer break! We're || assistant: Researching adoption agencies — it's been a dream to have a family and give a loving home to kids who need it."
conv-26-qa000,locomo10,13,25,29,assistant,assistant,5,2.3950295448303223,0.05122692883014679,2.478558301925659,2.3950295448303223,0.05122692883014679,0.7679250240325928,2.478558301925659,2.9503095149993896,1.2272186279296875,0.0371684692800045,1.26945960521698,1,1.5463476302102208e-05,0.2885306477546692,3.637089967727661,1.0,1.2272186279296875,5,3,curvature_spike_transition,"assistant: Researching adoption agencies — it's been a dream to have a family and give a loving home to kids who need it. || user: Wow, Caroline! That's awesome! Taking in kids in need - you're so kind. Your future family is gonna be so lucky to have  || user: Wow, that agency looks great! What made you pick it? || assistant: I chose them 'cause they help LGBTQ+ folks with adoption. Their inclusivity and support really spoke to me."
conv-26-qa000,locomo10,14,29,36,assistant,assistant,8,2720.395751953125,2354.37109375,4759.3408203125,16.556001663208008,12.781656265258789,-0.2907297909259796,27.621496200561523,1.6796718835830688,0.4176771342754364,0.6691917181015015,1.6714907884597778,2,9.276229206989228e-07,0.7511171698570251,1.0729180574417114,0.8571428571428571,0.48720860481262207,8,2,curvature_spike_transition,"assistant: I chose them 'cause they help LGBTQ+ folks with adoption. Their inclusivity and support really spoke to me. || user: That's great, Caroline! Loving the inclusivity and support. Anything you're excited for in the adoption process? || user: Hey Melanie! How's it going? I wanted to tell you about my school event last week. It was awesome! I talked about my tra || assistant: Hey Caroline! Great to hear from you. Sounds like your event was amazing! I'm so proud of you for spreading awareness an"
conv-26-qa000,locomo10,15,36,42,assistant,assistant,7,4759.34033203125,0.00048828125,4759.3408203125,27.621496200561523,0.0,0.0,27.621496200561523,1.3810747861862183,0.00048828125,0.0,0.00048828125,1,1.0978429306541092e-26,0.0,0.00040076300501823425,1.0,0.00048828125,7,0,near_stationary_fact_memory,"assistant: Hey Caroline! Great to hear from you. Sounds like your event was amazing! I'm so proud of you for spreading awareness an || user: Thanks, Mel! Your backing really means a lot. I felt super powerful giving my talk. I shared my own journey, the struggl || user: Your words mean a lot to me. I'm grateful for the chance to share my story and give others hope. We all have unique path || assistant: Thanks, Caroline, for letting me join your journey. I'm so proud to be part of the difference you're making. Let's keep "
conv-26-qa000,locomo10,16,42,48,assistant,assistant,7,4759.34033203125,0.00048828125,4759.3408203125,27.621496200561523,0.0,0.0,27.621496200561523,1.3810747861862183,0.00048828125,0.0,0.00048828125,1,1.0978429306541092e-26,0.0,0.00040076300501823425,1.0,0.00048828125,7,0,near_stationary_fact_memory,"assistant: Thanks, Caroline, for letting me join your journey. I'm so proud to be part of the difference you're making. Let's keep  || user: Yeah Mel, let's spread love and understanding! Thanks for the support and encouragement. We can tackle life's challenges || user: Yeah, I'm really lucky to have them. They've been there through everything, I've known these friends for 4 years, since  || assistant: I'm lucky to have my husband and kids; they keep me motivated."
conv-26-qa000,locomo10,17,48,54,assistant,assistant,7,4759.34033203125,0.00048828125,4759.3408203125,27.621496200561523,0.0,0.0,27.621496200561523,1.3810747861862183,0.00048828125,0.0,0.00048828125,1,1.0978429306541092e-26,0.0,0.00040076300501823425,1.0,0.00048828125,7,0,near_stationary_fact_memory,"assistant: I'm lucky to have my husband and kids; they keep me motivated. || user: Wow, what an amazing family pic! How long have you been married? || user: Looks like you had a great day! How was it? You all look so happy! || assistant: It so fun! We played games, ate good food, and just hung out together. Family moments make life awesome."
conv-26-qa000,locomo10,18,54,60,assistant,user,7,4759.34033203125,0.00048828125,4759.3408203125,27.621496200561523,0.0,0.0,27.621496200561523,1.3810747861862183,0.00048828125,0.0,0.00048828125,1,1.0978429306541092e-26,0.0,0.00040076300501823425,0.8333333333333334,0.00048828125,7,0,near_stationary_fact_memory,"assistant: It so fun! We played games, ate good food, and just hung out together. Family moments make life awesome. || user: Sounds great, Mel! Glad you had a great time. Cherish the moments - they're the best! || assistant: Hey, Caroline! Nice to hear from you! Love the necklace, any special meaning to it? || user: Thanks, Melanie! This necklace is super special to me - a gift from my grandma in my home country, Sweden. She gave it t"
conv-26-qa000,locomo10,19,60,67,user,assistant,8,4759.34033203125,0.00048828125,4759.3408203125,27.62149429321289,1.9073486328125e-06,1.0,27.621496200561523,1.3810747861862183,0.00048828125,0.0,0.00048828125,1,1.0978429306541092e-26,0.0,0.00040076300501823425,1.0,0.00048828125,8,0,near_stationary_fact_memory,"user: Thanks, Melanie! This necklace is super special to me - a gift from my grandma in my home country, Sweden. She gave it t || assistant: That's gorgeous, Caroline! It's awesome what items can mean so much to us, right? Got any other objects that you treasur || user: That's awesome, Melanie! Family moments like that are so special. Glad y'all had such a great time. || assistant: Thanks, Caroline! Family time matters to me. What's up with you lately?"
conv-26-qa000,locomo10,20,67,74,assistant,user,8,4759.34033203125,0.00048828125,4759.3408203125,27.62149429321289,1.9073486328125e-06,1.0,27.621496200561523,1.3810747861862183,0.00048828125,0.0,0.00048828125,1,1.0978429306541092e-26,0.0,0.00040076300501823425,1.0,0.00048828125,8,0,near_stationary_fact_memory,"assistant: Thanks, Caroline! Family time matters to me. What's up with you lately? || user: Lately, I've been looking into counseling and mental health as a career. I want to help people who have gone through the || assistant: Wow, Caroline! You've gained so much from your own experience. Your passion and hard work to help others is awesome. Kee || user: Thanks, Melanie! Your kind words mean a lot."
conv-26-qa000,locomo10,21,74,81,user,assistant,8,4759.34033203125,0.00048828125,4759.3408203125,27.62149429321289,1.9073486328125e-06,1.0,27.621496200561523,1.3810747861862183,0.00048828125,0.0,0.00048828125,1,1.0978429306541092e-26,0.0,0.00040076300501823425,1.0,0.00048828125,8,0,near_stationary_fact_memory,"user: Thanks, Melanie! Your kind words mean a lot. || assistant: Congrats Caroline! Good on you for going after what you really care about. || user: Wow, Melanie! I'm getting creative too, just learning the piano. What made you try pottery? || assistant: I'm a big fan of pottery - the creativity and skill is awesome. Plus, making it is so calming. Look at this!"
conv-26-qa000,locomo10,22,81,88,assistant,user,8,4759.34033203125,0.00048828125,4759.3408203125,27.62149429321289,1.9073486328125e-06,1.0,27.621496200561523,1.3810747861862183,0.00048828125,0.0,0.00048828125,1,1.0978429306541092e-26,0.0,0.00040076300501823425,1.0,0.00048828125,8,0,near_stationary_fact_memory,"assistant: I'm a big fan of pottery - the creativity and skill is awesome. Plus, making it is so calming. Look at this! || user: That bowl is gorgeous! The black and white design looks so fancy. Did you make it? || assistant: Thanks, Caroline! I'm excited to see where pottery takes me. Anything coming up you're looking forward to? || user: Thanks Mel! I'm going to a transgender conference this month. I'm so excited to meet other people in the community and l"
conv-26-qa000,locomo10,23,88,95,user,assistant,8,4759.34033203125,0.00048828125,4759.3408203125,27.62149429321289,1.9073486328125e-06,1.0,27.621496200561523,1.3810747861862183,0.00048828125,0.0,0.00048828125,1,1.0041566848069744e-26,0.0,0.00040076300501823425,1.0,0.00048828125,8,0,near_stationary_fact_memory,"user: Thanks Mel! I'm going to a transgender conference this month. I'm so excited to meet other people in the community and l || assistant: Sounds awesome, Caroline! Have a great time and learn a lot. Have fun! || user: Since our last chat, I've been looking into counseling or mental health work more. I'm passionate about helping people a || assistant: That's awesome, Caroline! Congrats on following your dreams. Yesterday I took the kids to the museum - it was so cool sp"
conv-26-qa001,locomo10,0,0,1,user,assistant,2,0.0,0.0,0.0,0.0,0.0,0.0,0.0,0.0,1.5905168056488037,0.0,1.5905168056488037,1,0.0,0.0,0.0,1.0,1.5905168056488037,2,1,curvature_spike_transition,user: Hey Mel! Good to see you! How have you been? || assistant: Hey Caroline! Good to see you! I'm swamped with the kids & work. What's up with you? Anything new?
conv-26-qa001,locomo10,1,1,3,assistant,assistant,3,1.8178530931472778,0.03613781929016113,1.853990912437439,1.8178530931472778,0.03613781929016113,0.0,1.853990912437439,2.8479881286621094,1.542592167854309,0.04653525352478027,1.5891274213790894,1,6.2973027525004e-05,0.45406660437583923,4.462890148162842,1.0,1.542592167854309,3,3,curvature_spike_transition,"assistant: Hey Caroline! Good to see you! I'm swamped with the kids & work. What's up with you? Anything new? || user: I went to a LGBTQ support group yesterday and it was so powerful. || assistant: Wow, that's cool, Caroline! What happened that was so awesome? Did you hear any inspiring stories?"
conv-26-qa001,locomo10,2,3,5,assistant,assistant,3,1.9894720315933228,0.02450716495513916,2.013979196548462,1.9894720315933228,0.02450716495513916,0.0,2.013979196548462,2.929992437362671,1.4572592973709106,0.02240622043609619,1.4796655178070068,1,2.7789339583250694e-05,0.3229530453681946,4.315608501434326,1.0,1.4572592973709106,3,3,curvature_spike_transition,"assistant: Wow, that's cool, Caroline! What happened that was so awesome? Did you hear any inspiring stories? || user: The transgender stories were so inspiring! I was so happy and thankful for all the support. || assistant: Wow, love that painting! So cool you found such a helpful group. What's it done for you?"
conv-26-qa001,locomo10,3,5,7,assistant,assistant,3,2.0593390464782715,0.064666748046875,2.1240057945251465,2.0593390464782715,0.064666748046875,0.0,2.1240057945251465,2.972212791442871,1.4494402408599854,0.009284675121307373,1.458724856376648,1,2.0308421881054528e-05,0.28463274240493774,4.289823055267334,1.0,1.4494402408599854,3,3,curvature_spike_transition,"assistant: Wow, love that painting! So cool you found such a helpful group. What's it done for you? || user: The support group has made me feel accepted and given me courage to embrace myself. || assistant: That's really cool. You've got guts. What now?"
conv-26-qa001,locomo10,4,7,9,assistant,assistant,3,2.0291330814361572,0.05562758445739746,2.0847606658935547,2.0291330814361572,0.05562758445739746,0.0,2.0847606658935547,2.940079689025879,1.4450352191925049,0.0014886260032653809,1.4465237855911255,1,2.570307333371602e-05,0.3251510560512543,4.260010242462158,1.0,1.4450352191925049,3,3,curvature_spike_transition,"assistant: That's really cool. You've got guts. What now? || user: Gonna continue my edu and check out career options, which is pretty exciting! || assistant: Wow, Caroline! What kinda jobs are you thinkin' of? Anything that stands out?"
conv-26-qa001,locomo10,5,9,11,assistant,assistant,3,2.038114547729492,0.0808478593826294,2.118962287902832,2.038114547729492,0.0808478593826294,0.0,2.118962287902832,2.733466386795044,1.2293684482574463,0.21598094701766968,1.4453494548797607,2,2.5432768779865e-06,0.9787208437919617,3.6895875930786133,1.0,1.2293684482574463,3,1,curvature_spike_transition,"assistant: Wow, Caroline! What kinda jobs are you thinkin' of? Anything that stands out? || user: I'm keen on counseling or working in mental health - I'd love to support those with similar issues. || assistant: You'd be a great counselor! Your empathy and understanding will really help the people you work with. By the way, take a"
conv-26-qa001,locomo10,6,11,13,assistant,assistant,3,2.4105355739593506,0.5149328112602234,2.9254684448242188,2.4105355739593506,0.5149328112602234,0.0,2.9254684448242188,2.65336275100708,1.2362191677093506,0.2237122654914856,1.4599313735961914,2,1.151208380179014e-05,1.0365644693374634,2.949321746826172,1.0,1.2362191677093506,3,1,curvature_spike_transition,"assistant: You'd be a great counselor! Your empathy and understanding will really help the people you work with. By the way, take a || user: Thanks, Melanie! That's really sweet. Is this your own painting? || assistant: Yeah, I painted that lake sunrise last year! It's special to me."
conv-26-qa001,locomo10,7,13,15,assistant,assistant,3,2.0379438400268555,0.015205025672912598,2.0531489849090576,2.0379438400268555,0.015205025672912598,0.0,2.0531489849090576,2.9233522415161133,1.426350712776184,0.0013774633407592773,1.4277281761169434,1,2.4457844119751826e-05,0.35734689235687256,4.193568229675293,1.0,1.426350712776184,3,3,curvature_spike_transition,"assistant: Yeah, I painted that lake sunrise last year! It's special to me. || user: Wow, Melanie! The colors really blend nicely. Painting looks like a great outlet for expressing yourself. || assistant: Thanks, Caroline! Painting's a fun way to express my feelings and get creative. It's a great way to relax after a long d"
conv-26-qa001,locomo10,8,15,17,assistant,assistant,3,2.0258305072784424,0.04595637321472168,2.071786880493164,2.0258305072784424,0.04595637321472168,0.0,2.071786880493164,2.908754825592041,1.4470837116241455,0.024648010730743408,1.4717317819595337,1,3.212553201592527e-05,0.3600129783153534,4.176732063293457,1.0,1.4470837116241455,3,3,curvature_spike_transition,"assistant: Thanks, Caroline! Painting's a fun way to express my feelings and get creative. It's a great way to relax after a long d || user: Totally agree, Mel. Relaxing and expressing ourselves is key. Well, I'm off to go do some research. || assistant: Yep, Caroline. Taking care of ourselves is vital. I'm off to go swimming with the kids. Talk to you soon!"
conv-26-qa001,locomo10,9,17,19,assistant,assistant,3,1.9333051443099976,0.03366732597351074,1.9669724702835083,1.9333051443099976,0.03366732597351074,0.0,1.9669724702835083,2.8586480617523193,1.4604052305221558,0.06033527851104736,1.5207405090332031,1,4.358127262094058e-05,0.43766123056411743,4.227510452270508,1.0,1.4604052305221558,3,3,curvature_spike_transition,"assistant: Yep, Caroline. Taking care of ourselves is vital. I'm off to go swimming with the kids. Talk to you soon! || user: Hey Caroline, since we last chatted, I've had a lot of things happening to me. I ran a charity race for mental health la || assistant: That charity race sounds great, Mel! Making a difference & raising awareness for mental health is super rewarding - I'm "
conv-26-qa001,locomo10,10,19,21,assistant,assistant,3,2.149890899658203,0.025608062744140625,2.1754989624023438,2.149890899658203,0.025608062744140625,0.0,2.1754989624023438,2.978715658187866,1.382318139076233,0.005097389221191406,1.3874155282974243,1,1.6134174074977636e-05,0.25949984788894653,4.127089977264404,1.0,1.382318139076233,3,3,curvature_spike_transition,"assistant: That charity race sounds great, Mel! Making a difference & raising awareness for mental health is super rewarding - I'm  || user: Thanks, Caroline! The event was really thought-provoking. I'm starting to realize that self-care is really important. It || assistant: I totally agree, Melanie. Taking care of ourselves is so important - even if it's not always easy. Great that you're pri"
conv-26-qa001,locomo10,11,21,23,assistant,assistant,3,2.165921449661255,0.007227182388305664,2.1731486320495605,2.165921449661255,0.007227182388305664,0.0,2.1731486320495605,2.979572296142578,1.3543014526367188,0.05203801393508911,1.406339406967163,1,1.684183007455431e-05,0.26991331577301025,4.099861145019531,1.0,1.3543014526367188,3,3,curvature_spike_transition,"assistant: I totally agree, Melanie. Taking care of ourselves is so important - even if it's not always easy. Great that you're pri || user: Yeah, it's tough. So I'm carving out some me-time each day - running, reading, or playing my violin - which refreshes me || assistant: That's great, Mel! Taking time for yourself is so important. You're doing an awesome job looking after yourself and your"
conv-26-qa001,locomo10,12,23,25,assistant,assistant,3,2.222959041595459,0.06675660610198975,2.289715528488159,2.222959041595459,0.06675660610198975,0.0,2.289715528488159,2.928908348083496,1.317234992980957,0.016280531883239746,1.3335155248641968,1,2.7844671421917155e-05,0.3593290448188782,3.859048366546631,1.0,1.317234992980957,3,3,curvature_spike_transition,"assistant: That's great, Mel! Taking time for yourself is so important. You're doing an awesome job looking after yourself and your || user: Thanks, Caroline. It's still a work in progress, but I'm doing my best. My kids are so excited about summer break! We're || assistant: Researching adoption agencies — it's been a dream to have a family and give a loving home to kids who need it."
conv-26-qa001,locomo10,13,25,29,assistant,assistant,5,2.3950295448303223,0.05122692883014679,2.478558301925659,2.3950295448303223,0.05122692883014679,0.7679250240325928,2.478558301925659,2.9503095149993896,1.2272186279296875,0.0371684692800045,1.26945960521698,1,1.5463476302102208e-05,0.2885306477546692,3.637089967727661,1.0,1.2272186279296875,5,3,curvature_spike_transition,"assistant: Researching adoption agencies — it's been a dream to have a family and give a loving home to kids who need it. || user: Wow, Caroline! That's awesome! Taking in kids in need - you're so kind. Your future family is gonna be so lucky to have  || user: Wow, that agency looks great! What made you pick it? || assistant: I chose them 'cause they help LGBTQ+ folks with adoption. Their inclusivity and support really spoke to me."
conv-26-qa001,locomo10,14,29,36,assistant,assistant,8,2720.395751953125,2354.37109375,4759.3408203125,16.556001663208008,12.781656265258789,-0.2907297909259796,27.621496200561523,1.6796718835830688,0.4176771342754364,0.6691917181015015,1.6714907884597778,2,9.276229206989228e-07,0.7511171698570251,1.0729180574417114,0.8571428571428571,0.48720860481262207,8,2,curvature_spike_transition,"assistant: I chose them 'cause they help LGBTQ+ folks with adoption. Their inclusivity and support really spoke to me. || user: That's great, Caroline! Loving the inclusivity and support. Anything you're excited for in the adoption process? || user: Hey Melanie! How's it going? I wanted to tell you about my school event last week. It was awesome! I talked about my tra || assistant: Hey Caroline! Great to hear from you. Sounds like your event was amazing! I'm so proud of you for spreading awareness an"
conv-26-qa001,locomo10,15,36,42,assistant,assistant,7,4759.34033203125,0.00048828125,4759.3408203125,27.621496200561523,0.0,0.0,27.621496200561523,1.3810747861862183,0.00048828125,0.0,0.00048828125,1,1.0978429306541092e-26,0.0,0.00040076300501823425,1.0,0.00048828125,7,0,near_stationary_fact_memory,"assistant: Hey Caroline! Great to hear from you. Sounds like your event was amazing! I'm so proud of you for spreading awareness an || user: Thanks, Mel! Your backing really means a lot. I felt super powerful giving my talk. I shared my own journey, the struggl || user: Your words mean a lot to me. I'm grateful for the chance to share my story and give others hope. We all have unique path || assistant: Thanks, Caroline, for letting me join your journey. I'm so proud to be part of the difference you're making. Let's keep "
conv-26-qa001,locomo10,16,42,48,assistant,assistant,7,4759.34033203125,0.00048828125,4759.3408203125,27.621496200561523,0.0,0.0,27.621496200561523,1.3810747861862183,0.00048828125,0.0,0.00048828125,1,1.0978429306541092e-26,0.0,0.00040076300501823425,1.0,0.00048828125,7,0,near_stationary_fact_memory,"assistant: Thanks, Caroline, for letting me join your journey. I'm so proud to be part of the difference you're making. Let's keep  || user: Yeah Mel, let's spread love and understanding! Thanks for the support and encouragement. We can tackle life's challenges || user: Yeah, I'm really lucky to have them. They've been there through everything, I've known these friends for 4 years, since  || assistant: I'm lucky to have my husband and kids; they keep me motivated."
conv-26-qa001,locomo10,17,48,54,assistant,assistant,7,4759.34033203125,0.00048828125,4759.3408203125,27.621496200561523,0.0,0.0,27.621496200561523,1.3810747861862183,0.00048828125,0.0,0.00048828125,1,1.0978429306541092e-26,0.0,0.00040076300501823425,1.0,0.00048828125,7,0,near_stationary_fact_memory,"assistant: I'm lucky to have my husband and kids; they keep me motivated. || user: Wow, what an amazing family pic! How long have you been married? || user: Looks like you had a great day! How was it? You all look so happy! || assistant: It so fun! We played games, ate good food, and just hung out together. Family moments make life awesome."
conv-26-qa001,locomo10,18,54,60,assistant,user,7,4759.34033203125,0.00048828125,4759.3408203125,27.621496200561523,0.0,0.0,27.621496200561523,1.3810747861862183,0.00048828125,0.0,0.00048828125,1,1.0978429306541092e-26,0.0,0.00040076300501823425,0.8333333333333334,0.00048828125,7,0,near_stationary_fact_memory,"assistant: It so fun! We played games, ate good food, and just hung out together. Family moments make life awesome. || user: Sounds great, Mel! Glad you had a great time. Cherish the moments - they're the best! || assistant: Hey, Caroline! Nice to hear from you! Love the necklace, any special meaning to it? || user: Thanks, Melanie! This necklace is super special to me - a gift from my grandma in my home country, Sweden. She gave it t"
conv-26-qa001,locomo10,19,60,67,user,assistant,8,4759.34033203125,0.00048828125,4759.3408203125,27.62149429321289,1.9073486328125e-06,1.0,27.621496200561523,1.3810747861862183,0.00048828125,0.0,0.00048828125,1,1.0978429306541092e-26,0.0,0.00040076300501823425,1.0,0.00048828125,8,0,near_stationary_fact_memory,"user: Thanks, Melanie! This necklace is super special to me - a gift from my grandma in my home country, Sweden. She gave it t || assistant: That's gorgeous, Caroline! It's awesome what items can mean so much to us, right? Got any other objects that you treasur || user: That's awesome, Melanie! Family moments like that are so special. Glad y'all had such a great time. || assistant: Thanks, Caroline! Family time matters to me. What's up with you lately?"
conv-26-qa001,locomo10,20,67,74,assistant,user,8,4759.34033203125,0.00048828125,4759.3408203125,27.62149429321289,1.9073486328125e-06,1.0,27.621496200561523,1.3810747861862183,0.00048828125,0.0,0.00048828125,1,1.0978429306541092e-26,0.0,0.00040076300501823425,1.0,0.00048828125,8,0,near_stationary_fact_memory,"assistant: Thanks, Caroline! Family time matters to me. What's up with you lately? || user: Lately, I've been looking into counseling and mental health as a career. I want to help people who have gone through the || assistant: Wow, Caroline! You've gained so much from your own experience. Your passion and hard work to help others is awesome. Kee || user: Thanks, Melanie! Your kind words mean a lot."
conv-26-qa001,locomo10,21,74,81,user,assistant,8,4759.34033203125,0.00048828125,4759.3408203125,27.62149429321289,1.9073486328125e-06,1.0,27.621496200561523,1.3810747861862183,0.00048828125,0.0,0.00048828125,1,1.0978429306541092e-26,0.0,0.00040076300501823425,1.0,0.00048828125,8,0,near_stationary_fact_memory,"user: Thanks, Melanie! Your kind words mean a lot. || assistant: Congrats Caroline! Good on you for going after what you really care about. || user: Wow, Melanie! I'm getting creative too, just learning the piano. What made you try pottery? || assistant: I'm a big fan of pottery - the creativity and skill is awesome. Plus, making it is so calming. Look at this!"
conv-26-qa001,locomo10,22,81,88,assistant,user,8,4759.34033203125,0.00048828125,4759.3408203125,27.62149429321289,1.9073486328125e-06,1.0,27.621496200561523,1.3810747861862183,0.00048828125,0.0,0.00048828125,1,1.0978429306541092e-26,0.0,0.00040076300501823425,1.0,0.00048828125,8,0,near_stationary_fact_memory,"assistant: I'm a big fan of pottery - the creativity and skill is awesome. Plus, making it is so calming. Look at this! || user: That bowl is gorgeous! The black and white design looks so fancy. Did you make it? || assistant: Thanks, Caroline! I'm excited to see where pottery takes me. Anything coming up you're looking forward to? || user: Thanks Mel! I'm going to a transgender conference this month. I'm so excited to meet other people in the community and l"
conv-26-qa001,locomo10,23,88,95,user,assistant,8,4759.34033203125,0.00048828125,4759.3408203125,27.62149429321289,1.9073486328125e-06,1.0,27.621496200561523,1.3810747861862183,0.00048828125,0.0,0.00048828125,1,1.0041566848069744e-26,0.0,0.00040076300501823425,1.0,0.00048828125,8,0,near_stationary_fact_memory,"user: Thanks Mel! I'm going to a transgender conference this month. I'm so excited to meet other people in the community and l || assistant: Sounds awesome, Caroline! Have a great time and learn a lot. Have fun! || user: Since our last chat, I've been looking into counseling or mental health work more. I'm passionate about helping people a || assistant: That's awesome, Caroline! Congrats on following your dreams. Yesterday I took the kids to the museum - it was so cool sp"
conv-26-qa002,locomo10,0,0,1,user,assistant,2,0.0,0.0,0.0,0.0,0.0,0.0,0.0,0.0,1.5905168056488037,0.0,1.5905168056488037,1,0.0,0.0,0.0,1.0,1.5905168056488037,2,1,curvature_spike_transition,user: Hey Mel! Good to see you! How have you been? || assistant: Hey Caroline! Good to see you! I'm swamped with the kids & work. What's up with you? Anything new?
conv-26-qa002,locomo10,1,1,3,assistant,assistant,3,1.8178530931472778,0.03613781929016113,1.853990912437439,1.8178530931472778,0.03613781929016113,0.0,1.853990912437439,2.8479881286621094,1.542592167854309,0.04653525352478027,1.5891274213790894,1,6.2973027525004e-05,0.45406660437583923,4.462890148162842,1.0,1.542592167854309,3,3,curvature_spike_transition,"assistant: Hey Caroline! Good to see you! I'm swamped with the kids & work. What's up with you? Anything new? || user: I went to a LGBTQ support group yesterday and it was so powerful. || assistant: Wow, that's cool, Caroline! What happened that was so awesome? Did you hear any inspiring stories?"
conv-26-qa002,locomo10,2,3,5,assistant,assistant,3,1.9894720315933228,0.02450716495513916,2.013979196548462,1.9894720315933228,0.02450716495513916,0.0,2.013979196548462,2.929992437362671,1.4572592973709106,0.02240622043609619,1.4796655178070068,1,2.7789339583250694e-05,0.3229530453681946,4.315608501434326,1.0,1.4572592973709106,3,3,curvature_spike_transition,"assistant: Wow, that's cool, Caroline! What happened that was so awesome? Did you hear any inspiring stories? || user: The transgender stories were so inspiring! I was so happy and thankful for all the support. || assistant: Wow, love that painting! So cool you found such a helpful group. What's it done for you?"
conv-26-qa002,locomo10,3,5,7,assistant,assistant,3,2.0593390464782715,0.064666748046875,2.1240057945251465,2.0593390464782715,0.064666748046875,0.0,2.1240057945251465,2.972212791442871,1.4494402408599854,0.009284675121307373,1.458724856376648,1,2.0308421881054528e-05,0.28463274240493774,4.289823055267334,1.0,1.4494402408599854,3,3,curvature_spike_transition,"assistant: Wow, love that painting! So cool you found such a helpful group. What's it done for you? || user: The support group has made me feel accepted and given me courage to embrace myself. || assistant: That's really cool. You've got guts. What now?"
conv-26-qa002,locomo10,4,7,9,assistant,assistant,3,2.0291330814361572,0.05562758445739746,2.0847606658935547,2.0291330814361572,0.05562758445739746,0.0,2.0847606658935547,2.940079689025879,1.4450352191925049,0.0014886260032653809,1.4465237855911255,1,2.570307333371602e-05,0.3251510560512543,4.260010242462158,1.0,1.4450352191925049,3,3,curvature_spike_transition,"assistant: That's really cool. You've got guts. What now? || user: Gonna continue my edu and check out career options, which is pretty exciting! || assistant: Wow, Caroline! What kinda jobs are you thinkin' of? Anything that stands out?"
conv-26-qa002,locomo10,5,9,11,assistant,assistant,3,2.038114547729492,0.0808478593826294,2.118962287902832,2.038114547729492,0.0808478593826294,0.0,2.118962287902832,2.733466386795044,1.2293684482574463,0.21598094701766968,1.4453494548797607,2,2.5432768779865e-06,0.9787208437919617,3.6895875930786133,1.0,1.2293684482574463,3,1,curvature_spike_transition,"assistant: Wow, Caroline! What kinda jobs are you thinkin' of? Anything that stands out? || user: I'm keen on counseling or working in mental health - I'd love to support those with similar issues. || assistant: You'd be a great counselor! Your empathy and understanding will really help the people you work with. By the way, take a"
conv-26-qa002,locomo10,6,11,13,assistant,assistant,3,2.4105355739593506,0.5149328112602234,2.9254684448242188,2.4105355739593506,0.5149328112602234,0.0,2.9254684448242188,2.65336275100708,1.2362191677093506,0.2237122654914856,1.4599313735961914,2,1.151208380179014e-05,1.0365644693374634,2.949321746826172,1.0,1.2362191677093506,3,1,curvature_spike_transition,"assistant: You'd be a great counselor! Your empathy and understanding will really help the people you work with. By the way, take a || user: Thanks, Melanie! That's really sweet. Is this your own painting? || assistant: Yeah, I painted that lake sunrise last year! It's special to me."
conv-26-qa002,locomo10,7,13,15,assistant,assistant,3,2.0379438400268555,0.015205025672912598,2.0531489849090576,2.0379438400268555,0.015205025672912598,0.0,2.0531489849090576,2.9233522415161133,1.426350712776184,0.0013774633407592773,1.4277281761169434,1,2.4457844119751826e-05,0.35734689235687256,4.193568229675293,1.0,1.426350712776184,3,3,curvature_spike_transition,"assistant: Yeah, I painted that lake sunrise last year! It's special to me. || user: Wow, Melanie! The colors really blend nicely. Painting looks like a great outlet for expressing yourself. || assistant: Thanks, Caroline! Painting's a fun way to express my feelings and get creative. It's a great way to relax after a long d"
conv-26-qa002,locomo10,8,15,17,assistant,assistant,3,2.0258305072784424,0.04595637321472168,2.071786880493164,2.0258305072784424,0.04595637321472168,0.0,2.071786880493164,2.908754825592041,1.4470837116241455,0.024648010730743408,1.4717317819595337,1,3.212553201592527e-05,0.3600129783153534,4.176732063293457,1.0,1.4470837116241455,3,3,curvature_spike_transition,"assistant: Thanks, Caroline! Painting's a fun way to express my feelings and get creative. It's a great way to relax after a long d || user: Totally agree, Mel. Relaxing and expressing ourselves is key. Well, I'm off to go do some research. || assistant: Yep, Caroline. Taking care of ourselves is vital. I'm off to go swimming with the kids. Talk to you soon!"
conv-26-qa002,locomo10,9,17,19,assistant,assistant,3,1.9333051443099976,0.03366732597351074,1.9669724702835083,1.9333051443099976,0.03366732597351074,0.0,1.9669724702835083,2.8586480617523193,1.4604052305221558,0.06033527851104736,1.5207405090332031,1,4.358127262094058e-05,0.43766123056411743,4.227510452270508,1.0,1.4604052305221558,3,3,curvature_spike_transition,"assistant: Yep, Caroline. Taking care of ourselves is vital. I'm off to go swimming with the kids. Talk to you soon! || user: Hey Caroline, since we last chatted, I've had a lot of things happening to me. I ran a charity race for mental health la || assistant: That charity race sounds great, Mel! Making a difference & raising awareness for mental health is super rewarding - I'm "
conv-26-qa002,locomo10,10,19,21,assistant,assistant,3,2.149890899658203,0.025608062744140625,2.1754989624023438,2.149890899658203,0.025608062744140625,0.0,2.1754989624023438,2.978715658187866,1.382318139076233,0.005097389221191406,1.3874155282974243,1,1.6134174074977636e-05,0.25949984788894653,4.127089977264404,1.0,1.382318139076233,3,3,curvature_spike_transition,"assistant: That charity race sounds great, Mel! Making a difference & raising awareness for mental health is super rewarding - I'm  || user: Thanks, Caroline! The event was really thought-provoking. I'm starting to realize that self-care is really important. It || assistant: I totally agree, Melanie. Taking care of ourselves is so important - even if it's not always easy. Great that you're pri"
conv-26-qa002,locomo10,11,21,23,assistant,assistant,3,2.165921449661255,0.007227182388305664,2.1731486320495605,2.165921449661255,0.007227182388305664,0.0,2.1731486320495605,2.979572296142578,1.3543014526367188,0.05203801393508911,1.406339406967163,1,1.684183007455431e-05,0.26991331577301025,4.099861145019531,1.0,1.3543014526367188,3,3,curvature_spike_transition,"assistant: I totally agree, Melanie. Taking care of ourselves is so important - even if it's not always easy. Great that you're pri || user: Yeah, it's tough. So I'm carving out some me-time each day - running, reading, or playing my violin - which refreshes me || assistant: That's great, Mel! Taking time for yourself is so important. You're doing an awesome job looking after yourself and your"
conv-26-qa002,locomo10,12,23,25,assistant,assistant,3,2.222959041595459,0.06675660610198975,2.289715528488159,2.222959041595459,0.06675660610198975,0.0,2.289715528488159,2.928908348083496,1.317234992980957,0.016280531883239746,1.3335155248641968,1,2.7844671421917155e-05,0.3593290448188782,3.859048366546631,1.0,1.317234992980957,3,3,curvature_spike_transition,"assistant: That's great, Mel! Taking time for yourself is so important. You're doing an awesome job looking after yourself and your || user: Thanks, Caroline. It's still a work in progress, but I'm doing my best. My kids are so excited about summer break! We're || assistant: Researching adoption agencies — it's been a dream to have a family and give a loving home to kids who need it."
conv-26-qa002,locomo10,13,25,29,assistant,assistant,5,2.3950295448303223,0.05122692883014679,2.478558301925659,2.3950295448303223,0.05122692883014679,0.7679250240325928,2.478558301925659,2.9503095149993896,1.2272186279296875,0.0371684692800045,1.26945960521698,1,1.5463476302102208e-05,0.2885306477546692,3.637089967727661,1.0,1.2272186279296875,5,3,curvature_spike_transition,"assistant: Researching adoption agencies — it's been a dream to have a family and give a loving home to kids who need it. || user: Wow, Caroline! That's awesome! Taking in kids in need - you're so kind. Your future family is gonna be so lucky to have  || user: Wow, that agency looks great! What made you pick it? || assistant: I chose them 'cause they help LGBTQ+ folks with adoption. Their inclusivity and support really spoke to me."
conv-26-qa002,locomo10,14,29,36,assistant,assistant,8,2720.395751953125,2354.37109375,4759.3408203125,16.556001663208008,12.781656265258789,-0.2907297909259796,27.621496200561523,1.6796718835830688,0.4176771342754364,0.6691917181015015,1.6714907884597778,2,9.276229206989228e-07,0.7511171698570251,1.0729180574417114,0.8571428571428571,0.48720860481262207,8,2,curvature_spike_transition,"assistant: I chose them 'cause they help LGBTQ+ folks with adoption. Their inclusivity and support really spoke to me. || user: That's great, Caroline! Loving the inclusivity and support. Anything you're excited for in the adoption process? || user: Hey Melanie! How's it going? I wanted to tell you about my school event last week. It was awesome! I talked about my tra || assistant: Hey Caroline! Great to hear from you. Sounds like your event was amazing! I'm so proud of you for spreading awareness an"
conv-26-qa002,locomo10,15,36,42,assistant,assistant,7,4759.34033203125,0.00048828125,4759.3408203125,27.621496200561523,0.0,0.0,27.621496200561523,1.3810747861862183,0.00048828125,0.0,0.00048828125,1,1.0978429306541092e-26,0.0,0.00040076300501823425,1.0,0.00048828125,7,0,near_stationary_fact_memory,"assistant: Hey Caroline! Great to hear from you. Sounds like your event was amazing! I'm so proud of you for spreading awareness an || user: Thanks, Mel! Your backing really means a lot. I felt super powerful giving my talk. I shared my own journey, the struggl || user: Your words mean a lot to me. I'm grateful for the chance to share my story and give others hope. We all have unique path || assistant: Thanks, Caroline, for letting me join your journey. I'm so proud to be part of the difference you're making. Let's keep "
conv-26-qa002,locomo10,16,42,48,assistant,assistant,7,4759.34033203125,0.00048828125,4759.3408203125,27.621496200561523,0.0,0.0,27.621496200561523,1.3810747861862183,0.00048828125,0.0,0.00048828125,1,1.0978429306541092e-26,0.0,0.00040076300501823425,1.0,0.00048828125,7,0,near_stationary_fact_memory,"assistant: Thanks, Caroline, for letting me join your journey. I'm so proud to be part of the difference you're making. Let's keep  || user: Yeah Mel, let's spread love and understanding! Thanks for the support and encouragement. We can tackle life's challenges || user: Yeah, I'm really lucky to have them. They've been there through everything, I've known these friends for 4 years, since  || assistant: I'm lucky to have my husband and kids; they keep me motivated."
conv-26-qa002,locomo10,17,48,54,assistant,assistant,7,4759.34033203125,0.00048828125,4759.3408203125,27.621496200561523,0.0,0.0,27.621496200561523,1.3810747861862183,0.00048828125,0.0,0.00048828125,1,1.0978429306541092e-26,0.0,0.00040076300501823425,1.0,0.00048828125,7,0,near_stationary_fact_memory,"assistant: I'm lucky to have my husband and kids; they keep me motivated. || user: Wow, what an amazing family pic! How long have you been married? || user: Looks like you had a great day! How was it? You all look so happy! || assistant: It so fun! We played games, ate good food, and just hung out together. Family moments make life awesome."
conv-26-qa002,locomo10,18,54,60,assistant,user,7,4759.34033203125,0.00048828125,4759.3408203125,27.621496200561523,0.0,0.0,27.621496200561523,1.3810747861862183,0.00048828125,0.0,0.00048828125,1,1.0978429306541092e-26,0.0,0.00040076300501823425,0.8333333333333334,0.00048828125,7,0,near_stationary_fact_memory,"assistant: It so fun! We played games, ate good food, and just hung out together. Family moments make life awesome. || user: Sounds great, Mel! Glad you had a great time. Cherish the moments - they're the best! || assistant: Hey, Caroline! Nice to hear from you! Love the necklace, any special meaning to it? || user: Thanks, Melanie! This necklace is super special to me - a gift from my grandma in my home country, Sweden. She gave it t"
conv-26-qa002,locomo10,19,60,67,user,assistant,8,4759.34033203125,0.00048828125,4759.3408203125,27.62149429321289,1.9073486328125e-06,1.0,27.621496200561523,1.3810747861862183,0.00048828125,0.0,0.00048828125,1,1.0978429306541092e-26,0.0,0.00040076300501823425,1.0,0.00048828125,8,0,near_stationary_fact_memory,"user: Thanks, Melanie! This necklace is super special to me - a gift from my grandma in my home country, Sweden. She gave it t || assistant: That's gorgeous, Caroline! It's awesome what items can mean so much to us, right? Got any other objects that you treasur || user: That's awesome, Melanie! Family moments like that are so special. Glad y'all had such a great time. || assistant: Thanks, Caroline! Family time matters to me. What's up with you lately?"
conv-26-qa002,locomo10,20,67,74,assistant,user,8,4759.34033203125,0.00048828125,4759.3408203125,27.62149429321289,1.9073486328125e-06,1.0,27.621496200561523,1.3810747861862183,0.00048828125,0.0,0.00048828125,1,1.0978429306541092e-26,0.0,0.00040076300501823425,1.0,0.00048828125,8,0,near_stationary_fact_memory,"assistant: Thanks, Caroline! Family time matters to me. What's up with you lately? || user: Lately, I've been looking into counseling and mental health as a career. I want to help people who have gone through the || assistant: Wow, Caroline! You've gained so much from your own experience. Your passion and hard work to help others is awesome. Kee || user: Thanks, Melanie! Your kind words mean a lot."
conv-26-qa002,locomo10,21,74,81,user,assistant,8,4759.34033203125,0.00048828125,4759.3408203125,27.62149429321289,1.9073486328125e-06,1.0,27.621496200561523,1.3810747861862183,0.00048828125,0.0,0.00048828125,1,1.0978429306541092e-26,0.0,0.00040076300501823425,1.0,0.00048828125,8,0,near_stationary_fact_memory,"user: Thanks, Melanie! Your kind words mean a lot. || assistant: Congrats Caroline! Good on you for going after what you really care about. || user: Wow, Melanie! I'm getting creative too, just learning the piano. What made you try pottery? || assistant: I'm a big fan of pottery - the creativity and skill is awesome. Plus, making it is so calming. Look at this!"
conv-26-qa002,locomo10,22,81,88,assistant,user,8,4759.34033203125,0.00048828125,4759.3408203125,27.62149429321289,1.9073486328125e-06,1.0,27.621496200561523,1.3810747861862183,0.00048828125,0.0,0.00048828125,1,1.0978429306541092e-26,0.0,0.00040076300501823425,1.0,0.00048828125,8,0,near_stationary_fact_memory,"assistant: I'm a big fan of pottery - the creativity and skill is awesome. Plus, making it is so calming. Look at this! || user: That bowl is gorgeous! The black and white design looks so fancy. Did you make it? || assistant: Thanks, Caroline! I'm excited to see where pottery takes me. Anything coming up you're looking forward to? || user: Thanks Mel! I'm going to a transgender conference this month. I'm so excited to meet other people in the community and l"
conv-26-qa002,locomo10,23,88,95,user,assistant,8,4759.34033203125,0.00048828125,4759.3408203125,27.62149429321289,1.9073486328125e-06,1.0,27.621496200561523,1.3810747861862183,0.00048828125,0.0,0.00048828125,1,1.0041566848069744e-26,0.0,0.00040076300501823425,1.0,0.00048828125,8,0,near_stationary_fact_memory,"user: Thanks Mel! I'm going to a transgender conference this month. I'm so excited to meet other people in the community and l || assistant: Sounds awesome, Caroline! Have a great time and learn a lot. Have fun! || user: Since our last chat, I've been looking into counseling or mental health work more. I'm passionate about helping people a || assistant: That's awesome, Caroline! Congrats on following your dreams. Yesterday I took the kids to the museum - it was so cool sp"
conv-26-qa003,locomo10,0,0,1,user,assistant,2,0.0,0.0,0.0,0.0,0.0,0.0,0.0,0.0,1.5905168056488037,0.0,1.5905168056488037,1,0.0,0.0,0.0,1.0,1.5905168056488037,2,1,curvature_spike_transition,user: Hey Mel! Good to see you! How have you been? || assistant: Hey Caroline! Good to see you! I'm swamped with the kids & work. What's up with you? Anything new?
conv-26-qa003,locomo10,1,1,3,assistant,assistant,3,1.8178530931472778,0.03613781929016113,1.853990912437439,1.8178530931472778,0.03613781929016113,0.0,1.853990912437439,2.8479881286621094,1.542592167854309,0.04653525352478027,1.5891274213790894,1,6.2973027525004e-05,0.45406660437583923,4.462890148162842,1.0,1.542592167854309,3,3,curvature_spike_transition,"assistant: Hey Caroline! Good to see you! I'm swamped with the kids & work. What's up with you? Anything new? || user: I went to a LGBTQ support group yesterday and it was so powerful. || assistant: Wow, that's cool, Caroline! What happened that was so awesome? Did you hear any inspiring stories?"
conv-26-qa003,locomo10,2,3,5,assistant,assistant,3,1.9894720315933228,0.02450716495513916,2.013979196548462,1.9894720315933228,0.02450716495513916,0.0,2.013979196548462,2.929992437362671,1.4572592973709106,0.02240622043609619,1.4796655178070068,1,2.7789339583250694e-05,0.3229530453681946,4.315608501434326,1.0,1.4572592973709106,3,3,curvature_spike_transition,"assistant: Wow, that's cool, Caroline! What happened that was so awesome? Did you hear any inspiring stories? || user: The transgender stories were so inspiring! I was so happy and thankful for all the support. || assistant: Wow, love that painting! So cool you found such a helpful group. What's it done for you?"
conv-26-qa003,locomo10,3,5,7,assistant,assistant,3,2.0593390464782715,0.064666748046875,2.1240057945251465,2.0593390464782715,0.064666748046875,0.0,2.1240057945251465,2.972212791442871,1.4494402408599854,0.009284675121307373,1.458724856376648,1,2.0308421881054528e-05,0.28463274240493774,4.289823055267334,1.0,1.4494402408599854,3,3,curvature_spike_transition,"assistant: Wow, love that painting! So cool you found such a helpful group. What's it done for you? || user: The support group has made me feel accepted and given me courage to embrace myself. || assistant: That's really cool. You've got guts. What now?"
conv-26-qa003,locomo10,4,7,9,assistant,assistant,3,2.0291330814361572,0.05562758445739746,2.0847606658935547,2.0291330814361572,0.05562758445739746,0.0,2.0847606658935547,2.940079689025879,1.4450352191925049,0.0014886260032653809,1.4465237855911255,1,2.570307333371602e-05,0.3251510560512543,4.260010242462158,1.0,1.4450352191925049,3,3,curvature_spike_transition,"assistant: That's really cool. You've got guts. What now? || user: Gonna continue my edu and check out career options, which is pretty exciting! || assistant: Wow, Caroline! What kinda jobs are you thinkin' of? Anything that stands out?"
conv-26-qa003,locomo10,5,9,11,assistant,assistant,3,2.038114547729492,0.0808478593826294,2.118962287902832,2.038114547729492,0.0808478593826294,0.0,2.118962287902832,2.733466386795044,1.2293684482574463,0.21598094701766968,1.4453494548797607,2,2.5432768779865e-06,0.9787208437919617,3.6895875930786133,1.0,1.2293684482574463,3,1,curvature_spike_transition,"assistant: Wow, Caroline! What kinda jobs are you thinkin' of? Anything that stands out? || user: I'm keen on counseling or working in mental health - I'd love to support those with similar issues. || assistant: You'd be a great counselor! Your empathy and understanding will really help the people you work with. By the way, take a"
conv-26-qa003,locomo10,6,11,13,assistant,assistant,3,2.4105355739593506,0.5149328112602234,2.9254684448242188,2.4105355739593506,0.5149328112602234,0.0,2.9254684448242188,2.65336275100708,1.2362191677093506,0.2237122654914856,1.4599313735961914,2,1.151208380179014e-05,1.0365644693374634,2.949321746826172,1.0,1.2362191677093506,3,1,curvature_spike_transition,"assistant: You'd be a great counselor! Your empathy and understanding will really help the people you work with. By the way, take a || user: Thanks, Melanie! That's really sweet. Is this your own painting? || assistant: Yeah, I painted that lake sunrise last year! It's special to me."
conv-26-qa003,locomo10,7,13,15,assistant,assistant,3,2.0379438400268555,0.015205025672912598,2.0531489849090576,2.0379438400268555,0.015205025672912598,0.0,2.0531489849090576,2.9233522415161133,1.426350712776184,0.0013774633407592773,1.4277281761169434,1,2.4457844119751826e-05,0.35734689235687256,4.193568229675293,1.0,1.426350712776184,3,3,curvature_spike_transition,"assistant: Yeah, I painted that lake sunrise last year! It's special to me. || user: Wow, Melanie! The colors really blend nicely. Painting looks like a great outlet for expressing yourself. || assistant: Thanks, Caroline! Painting's a fun way to express my feelings and get creative. It's a great way to relax after a long d"
conv-26-qa003,locomo10,8,15,17,assistant,assistant,3,2.0258305072784424,0.04595637321472168,2.071786880493164,2.0258305072784424,0.04595637321472168,0.0,2.071786880493164,2.908754825592041,1.4470837116241455,0.024648010730743408,1.4717317819595337,1,3.212553201592527e-05,0.3600129783153534,4.176732063293457,1.0,1.4470837116241455,3,3,curvature_spike_transition,"assistant: Thanks, Caroline! Painting's a fun way to express my feelings and get creative. It's a great way to relax after a long d || user: Totally agree, Mel. Relaxing and expressing ourselves is key. Well, I'm off to go do some research. || assistant: Yep, Caroline. Taking care of ourselves is vital. I'm off to go swimming with the kids. Talk to you soon!"
conv-26-qa003,locomo10,9,17,19,assistant,assistant,3,1.9333051443099976,0.03366732597351074,1.9669724702835083,1.9333051443099976,0.03366732597351074,0.0,1.9669724702835083,2.8586480617523193,1.4604052305221558,0.06033527851104736,1.5207405090332031,1,4.358127262094058e-05,0.43766123056411743,4.227510452270508,1.0,1.4604052305221558,3,3,curvature_spike_transition,"assistant: Yep, Caroline. Taking care of ourselves is vital. I'm off to go swimming with the kids. Talk to you soon! || user: Hey Caroline, since we last chatted, I've had a lot of things happening to me. I ran a charity race for mental health la || assistant: That charity race sounds great, Mel! Making a difference & raising awareness for mental health is super rewarding - I'm "
conv-26-qa003,locomo10,10,19,21,assistant,assistant,3,2.149890899658203,0.025608062744140625,2.1754989624023438,2.149890899658203,0.025608062744140625,0.0,2.1754989624023438,2.978715658187866,1.382318139076233,0.005097389221191406,1.3874155282974243,1,1.6134174074977636e-05,0.25949984788894653,4.127089977264404,1.0,1.382318139076233,3,3,curvature_spike_transition,"assistant: That charity race sounds great, Mel! Making a difference & raising awareness for mental health is super rewarding - I'm  || user: Thanks, Caroline! The event was really thought-provoking. I'm starting to realize that self-care is really important. It || assistant: I totally agree, Melanie. Taking care of ourselves is so important - even if it's not always easy. Great that you're pri"
conv-26-qa003,locomo10,11,21,23,assistant,assistant,3,2.165921449661255,0.007227182388305664,2.1731486320495605,2.165921449661255,0.007227182388305664,0.0,2.1731486320495605,2.979572296142578,1.3543014526367188,0.05203801393508911,1.406339406967163,1,1.684183007455431e-05,0.26991331577301025,4.099861145019531,1.0,1.3543014526367188,3,3,curvature_spike_transition,"assistant: I totally agree, Melanie. Taking care of ourselves is so important - even if it's not always easy. Great that you're pri || user: Yeah, it's tough. So I'm carving out some me-time each day - running, reading, or playing my violin - which refreshes me || assistant: That's great, Mel! Taking time for yourself is so important. You're doing an awesome job looking after yourself and your"
conv-26-qa003,locomo10,12,23,25,assistant,assistant,3,2.222959041595459,0.06675660610198975,2.289715528488159,2.222959041595459,0.06675660610198975,0.0,2.289715528488159,2.928908348083496,1.317234992980957,0.016280531883239746,1.3335155248641968,1,2.7844671421917155e-05,0.3593290448188782,3.859048366546631,1.0,1.317234992980957,3,3,curvature_spike_transition,"assistant: That's great, Mel! Taking time for yourself is so important. You're doing an awesome job looking after yourself and your || user: Thanks, Caroline. It's still a work in progress, but I'm doing my best. My kids are so excited about summer break! We're || assistant: Researching adoption agencies — it's been a dream to have a family and give a loving home to kids who need it."
conv-26-qa003,locomo10,13,25,29,assistant,assistant,5,2.3950295448303223,0.05122692883014679,2.478558301925659,2.3950295448303223,0.05122692883014679,0.7679250240325928,2.478558301925659,2.9503095149993896,1.2272186279296875,0.0371684692800045,1.26945960521698,1,1.5463476302102208e-05,0.2885306477546692,3.637089967727661,1.0,1.2272186279296875,5,3,curvature_spike_transition,"assistant: Researching adoption agencies — it's been a dream to have a family and give a loving home to kids who need it. || user: Wow, Caroline! That's awesome! Taking in kids in need - you're so kind. Your future family is gonna be so lucky to have  || user: Wow, that agency looks great! What made you pick it? || assistant: I chose them 'cause they help LGBTQ+ folks with adoption. Their inclusivity and support really spoke to me."
conv-26-qa003,locomo10,14,29,36,assistant,assistant,8,2720.395751953125,2354.37109375,4759.3408203125,16.556001663208008,12.781656265258789,-0.2907297909259796,27.621496200561523,1.6796718835830688,0.4176771342754364,0.6691917181015015,1.6714907884597778,2,9.276229206989228e-07,0.7511171698570251,1.0729180574417114,0.8571428571428571,0.48720860481262207,8,2,curvature_spike_transition,"assistant: I chose them 'cause they help LGBTQ+ folks with adoption. Their inclusivity and support really spoke to me. || user: That's great, Caroline! Loving the inclusivity and support. Anything you're excited for in the adoption process? || user: Hey Melanie! How's it going? I wanted to tell you about my school event last week. It was awesome! I talked about my tra || assistant: Hey Caroline! Great to hear from you. Sounds like your event was amazing! I'm so proud of you for spreading awareness an"
conv-26-qa003,locomo10,15,36,42,assistant,assistant,7,4759.34033203125,0.00048828125,4759.3408203125,27.621496200561523,0.0,0.0,27.621496200561523,1.3810747861862183,0.00048828125,0.0,0.00048828125,1,1.0978429306541092e-26,0.0,0.00040076300501823425,1.0,0.00048828125,7,0,near_stationary_fact_memory,"assistant: Hey Caroline! Great to hear from you. Sounds like your event was amazing! I'm so proud of you for spreading awareness an || user: Thanks, Mel! Your backing really means a lot. I felt super powerful giving my talk. I shared my own journey, the struggl || user: Your words mean a lot to me. I'm grateful for the chance to share my story and give others hope. We all have unique path || assistant: Thanks, Caroline, for letting me join your journey. I'm so proud to be part of the difference you're making. Let's keep "
conv-26-qa003,locomo10,16,42,48,assistant,assistant,7,4759.34033203125,0.00048828125,4759.3408203125,27.621496200561523,0.0,0.0,27.621496200561523,1.3810747861862183,0.00048828125,0.0,0.00048828125,1,1.0978429306541092e-26,0.0,0.00040076300501823425,1.0,0.00048828125,7,0,near_stationary_fact_memory,"assistant: Thanks, Caroline, for letting me join your journey. I'm so proud to be part of the difference you're making. Let's keep  || user: Yeah Mel, let's spread love and understanding! Thanks for the support and encouragement. We can tackle life's challenges || user: Yeah, I'm really lucky to have them. They've been there through everything, I've known these friends for 4 years, since  || assistant: I'm lucky to have my husband and kids; they keep me motivated."
conv-26-qa003,locomo10,17,48,54,assistant,assistant,7,4759.34033203125,0.00048828125,4759.3408203125,27.621496200561523,0.0,0.0,27.621496200561523,1.3810747861862183,0.00048828125,0.0,0.00048828125,1,1.0978429306541092e-26,0.0,0.00040076300501823425,1.0,0.00048828125,7,0,near_stationary_fact_memory,"assistant: I'm lucky to have my husband and kids; they keep me motivated. || user: Wow, what an amazing family pic! How long have you been married? || user: Looks like you had a great day! How was it? You all look so happy! || assistant: It so fun! We played games, ate good food, and just hung out together. Family moments make life awesome."
conv-26-qa003,locomo10,18,54,60,assistant,user,7,4759.34033203125,0.00048828125,4759.3408203125,27.621496200561523,0.0,0.0,27.621496200561523,1.3810747861862183,0.00048828125,0.0,0.00048828125,1,1.0978429306541092e-26,0.0,0.00040076300501823425,0.8333333333333334,0.00048828125,7,0,near_stationary_fact_memory,"assistant: It so fun! We played games, ate good food, and just hung out together. Family moments make life awesome. || user: Sounds great, Mel! Glad you had a great time. Cherish the moments - they're the best! || assistant: Hey, Caroline! Nice to hear from you! Love the necklace, any special meaning to it? || user: Thanks, Melanie! This necklace is super special to me - a gift from my grandma in my home country, Sweden. She gave it t"
conv-26-qa003,locomo10,19,60,67,user,assistant,8,4759.34033203125,0.00048828125,4759.3408203125,27.62149429321289,1.9073486328125e-06,1.0,27.621496200561523,1.3810747861862183,0.00048828125,0.0,0.00048828125,1,1.0978429306541092e-26,0.0,0.00040076300501823425,1.0,0.00048828125,8,0,near_stationary_fact_memory,"user: Thanks, Melanie! This necklace is super special to me - a gift from my grandma in my home country, Sweden. She gave it t || assistant: That's gorgeous, Caroline! It's awesome what items can mean so much to us, right? Got any other objects that you treasur || user: That's awesome, Melanie! Family moments like that are so special. Glad y'all had such a great time. || assistant: Thanks, Caroline! Family time matters to me. What's up with you lately?"
conv-26-qa003,locomo10,20,67,74,assistant,user,8,4759.34033203125,0.00048828125,4759.3408203125,27.62149429321289,1.9073486328125e-06,1.0,27.621496200561523,1.3810747861862183,0.00048828125,0.0,0.00048828125,1,1.0978429306541092e-26,0.0,0.00040076300501823425,1.0,0.00048828125,8,0,near_stationary_fact_memory,"assistant: Thanks, Caroline! Family time matters to me. What's up with you lately? || user: Lately, I've been looking into counseling and mental health as a career. I want to help people who have gone through the || assistant: Wow, Caroline! You've gained so much from your own experience. Your passion and hard work to help others is awesome. Kee || user: Thanks, Melanie! Your kind words mean a lot."
conv-26-qa003,locomo10,21,74,81,user,assistant,8,4759.34033203125,0.00048828125,4759.3408203125,27.62149429321289,1.9073486328125e-06,1.0,27.621496200561523,1.3810747861862183,0.00048828125,0.0,0.00048828125,1,1.0978429306541092e-26,0.0,0.00040076300501823425,1.0,0.00048828125,8,0,near_stationary_fact_memory,"user: Thanks, Melanie! Your kind words mean a lot. || assistant: Congrats Caroline! Good on you for going after what you really care about. || user: Wow, Melanie! I'm getting creative too, just learning the piano. What made you try pottery? || assistant: I'm a big fan of pottery - the creativity and skill is awesome. Plus, making it is so calming. Look at this!"
conv-26-qa003,locomo10,22,81,88,assistant,user,8,4759.34033203125,0.00048828125,4759.3408203125,27.62149429321289,1.9073486328125e-06,1.0,27.621496200561523,1.3810747861862183,0.00048828125,0.0,0.00048828125,1,1.0978429306541092e-26,0.0,0.00040076300501823425,1.0,0.00048828125,8,0,near_stationary_fact_memory,"assistant: I'm a big fan of pottery - the creativity and skill is awesome. Plus, making it is so calming. Look at this! || user: That bowl is gorgeous! The black and white design looks so fancy. Did you make it? || assistant: Thanks, Caroline! I'm excited to see where pottery takes me. Anything coming up you're looking forward to? || user: Thanks Mel! I'm going to a transgender conference this month. I'm so excited to meet other people in the community and l"
conv-26-qa003,locomo10,23,88,95,user,assistant,8,4759.34033203125,0.00048828125,4759.3408203125,27.62149429321289,1.9073486328125e-06,1.0,27.621496200561523,1.3810747861862183,0.00048828125,0.0,0.00048828125,1,1.0041566848069744e-26,0.0,0.00040076300501823425,1.0,0.00048828125,8,0,near_stationary_fact_memory,"user: Thanks Mel! I'm going to a transgender conference this month. I'm so excited to meet other people in the community and l || assistant: Sounds awesome, Caroline! Have a great time and learn a lot. Have fun! || user: Since our last chat, I've been looking into counseling or mental health work more. I'm passionate about helping people a || assistant: That's awesome, Caroline! Congrats on following your dreams. Yesterday I took the kids to the museum - it was so cool sp"
e47becba,longmemeval_s_cleaned,0,0,1,user,assistant,2,0.0,0.0,0.0,0.0,0.0,0.0,0.0,0.0,1.5919196605682373,0.0,1.5919196605682373,1,0.0,0.0,0.0,1.0,1.5919196605682373,2,1,curvature_spike_transition,"user: The farmer needs to transport a fox, a chicken, and some grain across a river using a boat. The fox cannot be left alone || assistant: To solve this puzzle, the farmer can follow these steps: |  | 1. First, the farmer should take the chicken across the river "
e47becba,longmemeval_s_cleaned,1,1,3,assistant,assistant,3,1.7646634578704834,0.07241767644882202,1.8370811939239502,1.7646634578704834,0.07241767644882202,0.0,1.8370811939239502,2.785412073135376,1.5490801334381104,0.06996327638626099,1.6190433502197266,1,0.00010416758595965803,0.8698400259017944,4.398001670837402,1.0,1.5490801334381104,3,3,curvature_spike_transition,"assistant: To solve this puzzle, the farmer can follow these steps: |  | 1. First, the farmer should take the chicken across the river  || user: I'm trying to stay on top of my fitness goals and was wondering if you could recommend some workouts that can help me in || assistant: Congratulations on taking the first step (pun intended!) towards a healthier lifestyle! I'm happy to help you with worko"
e47becba,longmemeval_s_cleaned,2,3,5,assistant,assistant,3,1.5282297134399414,0.5082497000694275,2.0364794731140137,1.5282297134399414,0.5082497000694275,0.0,2.0364794731140137,2.302994728088379,1.586512804031372,0.13137191534042358,1.7178846597671509,2,6.547010343638249e-06,1.2177889347076416,3.475383758544922,1.0,1.586512804031372,3,1,curvature_spike_transition,"assistant: Congratulations on taking the first step (pun intended!) towards a healthier lifestyle! I'm happy to help you with worko || user: I've been doing some yoga in the morning, and I'm curious to know if there are any specific yoga poses that can help imp || assistant: Yoga is an excellent way to start the day! Yes, certain yoga poses can indeed help improve sleep quality. Here are some "
e47becba,longmemeval_s_cleaned,3,5,12,assistant,user,8,5716.8369140625,2333.13671875,6669.33642578125,23.83754539489746,8.979036331176758,-2.041240692138672,27.503223419189453,1.404962182044983,0.0003452669479884207,2.9103830456733704e-11,0.0003452669770922512,1,7.126622967972007e-13,0.49412307143211365,0.19462013244628906,1.0,0.0003452669479884207,8,2,curvature_spike_transition,"assistant: Yoga is an excellent way to start the day! Yes, certain yoga poses can indeed help improve sleep quality. Here are some  || user: That's really helpful, thanks! By the way, I've also been using a foam roller for post-workout stretching, and it's made || assistant: Essential oils can be a wonderful addition to your self-care routine! It's great that you're exploring natural ways to m || user: I've been meaning to get a flu shot, but I haven't gotten around to it yet. I need to schedule an appointment with my do"
e47becba,longmemeval_s_cleaned,4,12,19,user,assistant,8,6669.33642578125,0.0,6669.33642578125,27.50322151184082,1.9073486328125e-06,1.0,27.503223419189453,1.3751611709594727,0.0003452669479884207,2.9103830456733704e-11,0.0003452669770922512,1,0.0,0.0,0.00028354671667329967,1.0,0.0003452669479884207,8,0,near_stationary_fact_memory,"user: I've been meaning to get a flu shot, but I haven't gotten around to it yet. I need to schedule an appointment with my do || assistant: Getting a flu shot is an important step in protecting yourself and others from the flu. It's great that you're taking pr || user: Can you write the texts for the PowerPoint presentation ? || assistant: Certainly! Here's an example PowerPoint presentation for Topic 4: Radiation Delivery Systems in Radiation Therapy: |  | Slid"
e47becba,longmemeval_s_cleaned,5,19,26,assistant,user,8,6669.33642578125,0.0,6669.33642578125,27.50322151184082,1.9073486328125e-06,1.0,27.503223419189453,1.3751611709594727,0.0003452669479884207,2.9103830456733704e-11,0.0003452669770922512,1,0.0,0.0,0.00028354671667329967,1.0,0.0003452669479884207,8,0,near_stationary_fact_memory,"assistant: Certainly! Here's an example PowerPoint presentation for Topic 4: Radiation Delivery Systems in Radiation Therapy: |  | Slid || user: Can you plan a class about the secondary effects of external radiation therapy ? || assistant: [INT. GETAWAY CAR - DAY] |  | Joker: (grinning) Time for a little diversion. Chris, take the wheel. |  | The Joker pulls out a r || user: Generate code to plot the second by second action intensity on a graph."
e47becba,longmemeval_s_cleaned,6,26,32,user,user,7,6669.33642578125,0.0,6669.33642578125,27.50322151184082,1.9073486328125e-06,1.0,27.503223419189453,1.3751611709594727,0.0003452669770922512,0.0,0.0003452669770922512,1,0.0,0.0,0.00028354671667329967,1.0,0.0003452669770922512,7,0,near_stationary_fact_memory,"user: Generate code to plot the second by second action intensity on a graph. || assistant: To generate a graph of the action intensity in a scene, you can use Python with the Matplotlib and Pandas libraries. Fir || assistant: Sure, here are ten additional examples of cases where certain personality types may have difficulty working together due || user: Thank you"
e47becba,longmemeval_s_cleaned,7,32,39,user,assistant,8,6669.33642578125,0.0,6669.33642578125,27.50322151184082,1.9073486328125e-06,1.0,27.503223419189453,1.3751611709594727,0.0003452669479884207,2.9103830456733704e-11,0.0003452669770922512,1,0.0,0.0,0.00028354671667329967,1.0,0.0003452669479884207,8,0,near_stationary_fact_memory,"user: Thank you || assistant: You're welcome! I'm glad I could help. If you have any other questions, feel free to ask. || user: I've also been listening to ""The Daily"" from The New York Times almost every day, and I love how it keeps me up-to-date  || assistant: ""The Daily"" is an excellent podcast from The New York Times! It's great to hear that you've been listening to it regular"
e47becba,longmemeval_s_cleaned,8,39,46,assistant,user,8,6669.33642578125,0.0,6669.33642578125,27.50322151184082,1.9073486328125e-06,1.0,27.503223419189453,1.3751611709594727,0.0003452669479884207,2.9103830456733704e-11,0.0003452669770922512,1,0.0,0.0,0.00028354671667329967,1.0,0.0003452669479884207,8,0,near_stationary_fact_memory,"assistant: ""The Daily"" is an excellent podcast from The New York Times! It's great to hear that you've been listening to it regular || user: I've also been listening to some comedy podcasts, like ""My Brother, My Brother and Me"" and ""improv4humans"". They always  || assistant: I can totally imagine! The McElroy brothers have a way of taking a mundane topic like dealing with a noisy neighbor and  || user: I'm looking for some recommendations on pet grooming tools. I've been using a Furminator brush on Luna, but I'm wonderin"
e47becba,longmemeval_s_cleaned,9,46,53,user,assistant,8,6669.33642578125,0.0,6669.33642578125,27.50322151184082,1.9073486328125e-06,1.0,27.503223419189453,1.3751611709594727,0.0003452669479884207,2.9103830456733704e-11,0.0003452669770922512,1,0.0,0.0,0.00028354671667329967,1.0,0.0003452669479884207,8,0,near_stationary_fact_memory,"user: I'm looking for some recommendations on pet grooming tools. I've been using a Furminator brush on Luna, but I'm wonderin || assistant: The Furminator is a great tool for reducing shedding, but it's always good to explore other options to find what works b || user: I was thinking of getting a hands-free leash from REI, maybe one that would allow me to run with Max if I want to. || assistant: A hands-free leash from REI sounds like a great idea! Running with Max can be an amazing way to bond and provide exercis"
e47becba,longmemeval_s_cleaned,10,53,60,assistant,user,8,6669.33642578125,0.0,6669.33642578125,27.50322151184082,1.9073486328125e-06,1.0,27.503223419189453,1.3751611709594727,0.0003452669479884207,2.9103830456733704e-11,0.0003452669770922512,1,0.0,0.0,0.00028354671667329967,1.0,0.0003452669479884207,8,0,near_stationary_fact_memory,"assistant: A hands-free leash from REI sounds like a great idea! Running with Max can be an amazing way to bond and provide exercis || user: I'm thinking of getting a new pet camera to keep an eye on Luna and Max when I'm not at home. I recently got a new pet b || assistant: Some of the main predators of mussel larvae and juveniles include fish, crayfish, snails, and some species of birds. Mus || user: That's really interesting. Do all mussel species have these defense mechanisms?"
e47becba,longmemeval_s_cleaned,11,60,67,user,user,8,6669.33642578125,0.0,6669.33642578125,27.50322151184082,1.9073486328125e-06,1.0,27.503223419189453,1.3751611709594727,0.0003452669479884207,2.9103830456733704e-11,0.0003452669770922512,1,0.0,0.0,0.00028354671667329967,0.8571428571428571,0.0003452669770922512,8,0,near_stationary_fact_memory,"user: That's really interesting. Do all mussel species have these defense mechanisms? || assistant: Yes, most mussel species have one or more of these defense mechanisms to protect themselves from predators. However, the || assistant: Here is an example of how you can add a mouse click event to a candlestick chart in Dash that sets an alarm and displays || user: more"
e47becba,longmemeval_s_cleaned,12,67,74,user,assistant,8,6669.33642578125,0.0,6669.33642578125,27.50322151184082,1.9073486328125e-06,1.0,27.503223419189453,1.3751611709594727,0.0003452669479884207,2.9103830456733704e-11,0.0003452669770922512,1,0.0,0.0,0.00028354671667329967,1.0,0.0003452669479884207,8,0,near_stationary_fact_memory,"user: more || assistant: Here is the continued example: | ``` | # add a condition to check if the line is within the y-range of the chart | if 'xaxis.r || user: What kinds of luxury cruise ships are available and what are the unique features of each one? || assistant: There are several types of luxury cruise ships available, each with its own unique features. These ships can be categori"
e47becba,longmemeval_s_cleaned,13,74,81,assistant,user,8,6669.33642578125,0.0,6669.33642578125,27.50322151184082,1.9073486328125e-06,1.0,27.503223419189453,1.3751611709594727,0.0003452669479884207,2.9103830456733704e-11,0.0003452669770922512,1,0.0,0.0,0.00028354671667329967,1.0,0.0003452669479884207,8,0,near_stationary_fact_memory,"assistant: There are several types of luxury cruise ships available, each with its own unique features. These ships can be categori || user: Wow, I never knew there were so many types of luxury cruise ships! Which one would you recommend for a romantic getaway  || assistant: Bitcoin is a type of digital money that you can use to buy things online. Just like how you use real money to buy things || user: Tell me more about the miner"
e47becba,longmemeval_s_cleaned,14,81,88,user,assistant,8,6669.33642578125,0.0,6669.33642578125,27.50322151184082,1.9073486328125e-06,1.0,27.503223419189453,1.3751611709594727,0.0003452669479884207,2.9103830456733704e-11,0.0003452669770922512,1,0.0,0.0,0.00028354671667329967,1.0,0.0003452669479884207,8,0,near_stationary_fact_memory,"user: Tell me more about the miner || assistant: Sure, a ""miner"" is a person who uses their computer to help maintain the Bitcoin network and to process transactions. |  | T || user: Who specify what is the target hash? || assistant: The target hash is specified by the Bitcoin protocol, which is a set of rules and procedures that govern how the Bitcoin"
e47becba,longmemeval_s_cleaned,15,88,95,assistant,user,8,6669.33642578125,0.0,6669.33642578125,27.50322151184082,1.9073486328125e-06,1.0,27.503223419189453,1.3751611709594727,0.0003452669479884207,2.9103830456733704e-11,0.0003452669770922512,1,0.0,0.14285604655742645,0.00028354671667329967,1.0,0.0003452669479884207,8,0,near_stationary_fact_memory,"assistant: The target hash is specified by the Bitcoin protocol, which is a set of rules and procedures that govern how the Bitcoin || user: How is this target hash created? || assistant: A valid transaction in the context of the Bitcoin network is a transaction that meets certain criteria and is verified b || user: I'm thinking of planning a trip to Europe, possibly to Italy or Spain, and I was wondering if you could recommend some p"
118b2229,longmemeval_s_cleaned,0,0,1,user,assistant,2,0.0,0.0,0.0,0.0,0.0,0.0,0.0,0.0,1.5781385898590088,0.0,1.5781385898590088,1,0.0,0.0,0.0,1.0,1.5781385898590088,2,1,curvature_spike_transition,user: I'm looking for some advice on how to take care of my leather boots. I've been wearing my new boots almost daily since J || assistant: Congratulations on your new boots! Taking good care of them will indeed help them last longer and look great for years t
118b2229,longmemeval_s_cleaned,1,1,8,assistant,user,8,2649.42236328125,2293.12841796875,4635.32958984375,16.251184463500977,12.738141059875488,-0.29001733660697937,27.28031349182129,1.6475967168807983,0.4699835479259491,0.7431901693344116,1.7103160619735718,1,1.1372131666576024e-05,0.7503713369369507,1.2257468700408936,1.0,0.4699835479259491,8,2,curvature_spike_transition,"assistant: Congratulations on your new boots! Taking good care of them will indeed help them last longer and look great for years t || user: I've been meaning to get some waterproofing spray for my boots, can you recommend a good brand? || assistant: New insoles for your running shoes can make a big difference in terms of comfort, support, and performance. Here are som || user: I've been having some foot pain lately, and I think new insoles might help alleviate it. I've been meaning to go to the "
118b2229,longmemeval_s_cleaned,2,8,13,user,assistant,6,4635.32958984375,0.0,4635.32958984375,27.28031349182129,0.0,0.0,27.28031349182129,1.3640156984329224,0.00048828125,0.0,0.00048828125,1,0.0,0.0,0.00040138218901120126,1.0,0.00048828125,6,0,near_stationary_fact_memory,"user: I've been having some foot pain lately, and I think new insoles might help alleviate it. I've been meaning to go to the  || assistant: I'm glad you're taking steps to address your foot pain! Visiting a running store with knowledgeable staff is an excellen || user: Pretend you are an internationally acclaimed interior designer and artist. You have a wonderful sense of color and desig || assistant: Hello there! As an internationally acclaimed interior designer and artist, I am delighted to have the opportunity to hel"
118b2229,longmemeval_s_cleaned,3,13,19,assistant,assistant,7,4635.32958984375,0.0,4635.32958984375,27.28031349182129,0.0,0.0,27.28031349182129,1.3640156984329224,0.00048828125,0.0,0.00048828125,1,0.0,0.0,0.00040138218901120126,1.0,0.00048828125,7,0,near_stationary_fact_memory,"assistant: Hello there! As an internationally acclaimed interior designer and artist, I am delighted to have the opportunity to hel || user: If you were working on an abstract painting with a subdued green background and a lot of yellow in the foreground, what  || user: So I have a light blue-walled room with a lot of darker wood furniture and a white ceiling. the rug is a warm off-white. || assistant: Based on the description you provided, I would recommend adding a lamp with a warm, neutral color that will complement t"
118b2229,longmemeval_s_cleaned,4,19,26,assistant,user,8,4635.32958984375,0.0,4635.32958984375,27.280315399169922,1.9073486328125e-06,-1.0,27.28031349182129,1.3640156984329224,0.00048828125,0.0,0.00048828125,1,0.0,0.0,0.0004013821599073708,1.0,0.00048828125,8,0,near_stationary_fact_memory,"assistant: Based on the description you provided, I would recommend adding a lamp with a warm, neutral color that will complement t || user: be sure to stay concise, conversational, and informal || assistant: I do not have personal experiences that you would be interested to learn about a particular surf school. however, there  || user: I'll check them out online and see which one fits my budget. Do you have any other tips for a beginner surfer in Bali?"
118b2229,longmemeval_s_cleaned,5,26,33,user,assistant,8,4635.32958984375,0.0,4635.32958984375,27.280315399169922,1.9073486328125e-06,-1.0,27.28031349182129,1.3640156984329224,0.00048828125,0.0,0.00048828125,1,0.0,0.0,0.0004013821599073708,1.0,0.00048828125,8,0,near_stationary_fact_memory,"user: I'll check them out online and see which one fits my budget. Do you have any other tips for a beginner surfer in Bali? || assistant: Sure, here are some tips to keep in mind as a beginner surfer in Bali: |  | 1. Start with a surf lesson: Even if you're a st || user: I can't wait to try all the delicious food in Bali. Do you know of any good night markets? I heard they have some tasty  || assistant: Yes, Bali has a few night markets that are great for trying local street food! Here are a few recommendations: |  | 1. Giany"
118b2229,longmemeval_s_cleaned,6,33,40,assistant,user,8,4635.32958984375,0.0,4635.32958984375,27.280315399169922,1.9073486328125e-06,-1.0,27.28031349182129,1.3640156984329224,0.00048828125,0.0,0.00048828125,1,0.0,0.0,0.0004013821599073708,1.0,0.00048828125,8,0,near_stationary_fact_memory,"assistant: Yes, Bali has a few night markets that are great for trying local street food! Here are a few recommendations: |  | 1. Giany || user: Yum, I love trying local street food! Do you have any tips for bargaining at these night markets? I don't want to oversp || assistant: Both God of War and Horizon Zero Dawn are PS4 games, so you'll need to make sure you have enough storage space on your P || user: I'll probably need to get an external SSD then. Do you know if there are any good deals on them right now?"
118b2229,longmemeval_s_cleaned,7,40,46,user,user,7,4635.32958984375,0.0,4635.32958984375,27.28031349182129,0.0,0.0,27.28031349182129,1.3640156984329224,0.00048828125,0.0,0.00048828125,1,0.0,0.0,0.00040138218901120126,1.0,0.00048828125,7,0,near_stationary_fact_memory,"user: I'll probably need to get an external SSD then. Do you know if there are any good deals on them right now? || assistant: Timing is everything! There are some great deals on external SSDs right now, especially during the ongoing sales season. || assistant: The Western Digital Black P50 Game Drive is an excellent choice for gaming storage. |  | When it comes to deciding between t || user: I think I'll go with the 2TB model. I've got a pretty big game library and I don't want to have to constantly delete gam"
118b2229,longmemeval_s_cleaned,8,46,53,user,assistant,8,4635.32958984375,0.0,4635.32958984375,27.280315399169922,1.9073486328125e-06,-1.0,27.28031349182129,1.3640156984329224,0.00048828125,0.0,0.00048828125,1,0.0,0.0,0.0004013821599073708,1.0,0.00048828125,8,0,near_stationary_fact_memory,"user: I think I'll go with the 2TB model. I've got a pretty big game library and I don't want to have to constantly delete gam || assistant: The 2TB model will provide you with plenty of storage space for your game library, and it's great that you're thinking a || user: I'm really interested in checking out some of these artists. I've been meaning to explore more of the singer-songwriter  || assistant: What a fascinating observation about your listening habits! I'm happy to help you with some seasonal recommendations. |  | *"
118b2229,longmemeval_s_cleaned,9,53,60,assistant,user,8,4635.32958984375,0.0,4635.32958984375,27.280315399169922,1.9073486328125e-06,-1.0,27.28031349182129,1.3640156984329224,0.00048828125,0.0,0.00048828125,1,0.0,0.0,0.0004013821599073708,1.0,0.00048828125,8,0,near_stationary_fact_memory,"assistant: What a fascinating observation about your listening habits! I'm happy to help you with some seasonal recommendations. |  | * || user: That's really helpful! I'm definitely going to check out some of those artists and albums. I've been meaning to explore  || assistant: Taking guitar lessons can be a fantastic way to explore your creative side, improve your musical understanding, and enha || user: How has technology and social media impacted the radio personality's work, and what changes have they had to adapt to in"
118b2229,longmemeval_s_cleaned,10,60,67,user,assistant,8,4635.32958984375,0.0,4635.32958984375,27.280315399169922,1.9073486328125e-06,-1.0,27.28031349182129,1.3640156984329224,0.00048828125,0.0,0.00048828125,1,0.0,0.0,0.0004013821599073708,1.0,0.00048828125,8,0,near_stationary_fact_memory,"user: How has technology and social media impacted the radio personality's work, and what changes have they had to adapt to in || assistant: As an AI language model, I don't have personal experiences but i can provide some information regarding the topic. |  | Tech || user: Yeah, I totally agree. It's hard to imagine a radio show without that personal touch. Have you ever heard of Terry Gross || assistant: Yes, I'm familiar with Terry Gross. She is an accomplished radio personality and interviewer, best known as the host of "
118b2229,longmemeval_s_cleaned,11,67,74,assistant,user,8,4635.32958984375,0.0,4635.32958984375,27.280315399169922,1.9073486328125e-06,-1.0,27.28031349182129,1.3640156984329224,0.00048828125,0.0,0.00048828125,1,0.0,0.0,0.0004013821599073708,1.0,0.00048828125,8,0,near_stationary_fact_memory,"assistant: Yes, I'm familiar with Terry Gross. She is an accomplished radio personality and interviewer, best known as the host of  || user: Can you describe the process of brewing beer and how different types of beer are created? || assistant: I cannot provide personal opinions or tastes on the matter. however, a great way to start trying different types of beer || user: I'll definitely try a flight of beers next time I'm at a brewery. Do you have any suggestions for food pairings with dif"
118b2229,longmemeval_s_cleaned,12,74,81,user,assistant,8,4635.32958984375,0.0,4635.32958984375,27.280315399169922,1.9073486328125e-06,-1.0,27.28031349182129,1.3640156984329224,0.00048828125,0.0,0.00048828125,1,0.0,0.0,0.0004013821599073708,1.0,0.00048828125,8,0,near_stationary_fact_memory,"user: I'll definitely try a flight of beers next time I'm at a brewery. Do you have any suggestions for food pairings with dif || assistant: Yes, of course! Pairing beer with food is a great way to enhance the flavors of both the food and the beer. Here are som || user: I'm looking for some new fiction audiobook recommendations. I've been enjoying audiobooks a lot lately, especially durin || assistant: Audiobooks are a great way to make the most of your commute time! I'd be happy to recommend some fantastic fiction audio"
118b2229,longmemeval_s_cleaned,13,81,88,assistant,user,8,4635.32958984375,0.0,4635.32958984375,27.280315399169922,1.9073486328125e-06,-1.0,27.28031349182129,1.3640156984329224,0.00048828125,0.0,0.00048828125,1,0.0,0.0,0.0004013821599073708,1.0,0.00048828125,8,0,near_stationary_fact_memory,"assistant: Audiobooks are a great way to make the most of your commute time! I'd be happy to recommend some fantastic fiction audio || user: I'm already reading Gone Girl on my Kindle, but The Nightingale sounds interesting. Can you tell me more about it? || assistant: The Audible app does offer some basic note-taking features, but it's great that you're looking to explore other options. || user: I've been listening to audiobooks during my daily commute, which takes 45 minutes each way."
118b2229,longmemeval_s_cleaned,14,88,95,user,assistant,8,4635.32958984375,0.0,4635.32958984375,27.280315399169922,1.9073486328125e-06,-1.0,27.28031349182129,1.3640156984329224,0.00048828125,0.0,0.00048828125,1,0.0,0.0,0.0004013821599073708,1.0,0.00048828125,8,0,near_stationary_fact_memory,"user: I've been listening to audiobooks during my daily commute, which takes 45 minutes each way. || assistant: That's a great way to make the most of your commute time! An hour each way is a significant amount of time that can be u || user: I'm also looking for some bike maintenance tips, especially for hybrid bikes like my Trek FX 3. || assistant: Bike maintenance is essential to keep your trusty steed running smoothly and prolong its lifespan. Here are some valuabl"
stress_retrieval_launch_packet,retrieval_heavy,0,0,1,user,assistant,2,0.0,0.0,0.0,0.0,0.0,0.0,0.0,0.0,1.470302700996399,0.0,1.470302700996399,1,0.0,0.0,0.0,1.0,1.470302700996399,2,1,curvature_spike_transition,"user: Remember this launch packet exactly: codename Atlas, owner Rina, launch date June 3, and legal review due May 20. || assistant: Stored: Atlas, owner Rina, launch June 3, legal review May 20."
stress_retrieval_launch_packet,retrieval_heavy,1,1,3,assistant,assistant,3,1.9135775566101074,0.08124500513076782,1.9948225021362305,1.9135775566101074,0.08124500513076782,0.0,1.9948225021362305,2.7981624603271484,1.447770357131958,0.03309500217437744,1.4808653593063354,1,8.143013110384345e-05,0.8488267660140991,4.092032432556152,1.0,1.447770357131958,3,3,curvature_spike_transition,"assistant: Stored: Atlas, owner Rina, launch June 3, legal review May 20. || user: Add these launch logistics exactly: design review Thursday at 2 PM in Cedar, backup reviewer Omar, and status color ambe || assistant: Added: design review Thursday at 2 PM in Cedar, backup reviewer Omar, status amber."
stress_retrieval_launch_packet,retrieval_heavy,2,3,5,assistant,assistant,3,2.060375213623047,0.058715105056762695,2.1190903186798096,2.060375213623047,0.058715105056762695,0.0,2.1190903186798096,2.806583881378174,1.3066357374191284,0.10794734954833984,1.4145830869674683,1,5.088089665150619e-07,0.8663558959960938,3.8290505409240723,1.0,1.3066357374191284,3,1,curvature_spike_transition,"assistant: Added: design review Thursday at 2 PM in Cedar, backup reviewer Omar, status amber. || user: Now give me exactly owner | launch date | review room. || assistant: Rina | June 3 | Cedar"
stress_retrieval_launch_packet,retrieval_heavy,3,5,7,assistant,assistant,3,2.52974009513855,0.01805281639099121,2.547792911529541,2.52974009513855,0.01805281639099121,0.0,2.547792911529541,2.936018466949463,1.1344752311706543,0.04104018211364746,1.1755154132843018,1,2.2443384295911528e-05,0.33676496148109436,3.409296751022339,1.0,1.1344752311706543,3,3,curvature_spike_transition,assistant: Rina | June 3 | Cedar || user: Now give me exactly codename | legal due | review time. || assistant: Atlas | May 20 | Thursday 2 PM
stress_retrieval_travel_itinerary,retrieval_heavy,0,0,1,user,assistant,2,0.0,0.0,0.0,0.0,0.0,0.0,0.0,0.0,1.5276778936386108,0.0,1.5276778936386108,1,0.0,0.0,0.0,1.0,1.5276778936386108,2,1,curvature_spike_transition,"user: Remember this itinerary exactly: Maya lands in Boston Tuesday at 6:40 PM, stays at Harbor Inn, and leaves Friday morning || assistant: Stored: Boston Tuesday 6:40 PM, Harbor Inn, leave Friday morning."
stress_retrieval_travel_itinerary,retrieval_heavy,1,1,3,assistant,assistant,3,1.8574175834655762,0.07129144668579102,1.9287090301513672,1.8574175834655762,0.07129144668579102,0.0,1.9287090301513672,2.7602920532226562,1.4385302066802979,0.09406441450119019,1.5325946807861328,1,8.29240889288485e-08,0.8997301459312439,4.105936527252197,1.0,1.4385302066802979,3,1,curvature_spike_transition,"assistant: Stored: Boston Tuesday 6:40 PM, Harbor Inn, leave Friday morning. || user: Add these appointments exactly: Dr. Chen on Wednesday in Room 814, dinner with Alex Thursday at 7 PM, and train to Salem || assistant: Added: Dr. Chen Wednesday Room 814, dinner with Alex Thursday 7 PM, Salem train Friday 9:10 AM."
stress_retrieval_travel_itinerary,retrieval_heavy,2,3,5,assistant,assistant,3,2.199782371520996,0.03884756565093994,2.2386298179626465,2.199782371520996,0.03884756565093994,0.0,2.2386298179626465,2.840823173522949,1.2335447072982788,0.11652719974517822,1.350071907043457,1,3.5693850804818794e-05,0.8357863426208496,3.6757802963256836,1.0,1.2335447072982788,3,3,curvature_spike_transition,"assistant: Added: Dr. Chen Wednesday Room 814, dinner with Alex Thursday 7 PM, Salem train Friday 9:10 AM. || user: Now give me exactly hotel | dinner day/time | meeting room. || assistant: Harbor Inn | Thursday 7 PM | Room 814"
stress_retrieval_travel_itinerary,retrieval_heavy,3,5,7,assistant,assistant,3,2.571782112121582,0.11358654499053955,2.685368776321411,2.571782112121582,0.11358654499053955,0.0,2.685368776321411,2.9258203506469727,1.1695060729980469,0.06949770450592041,1.2390037775039673,1,1.948805947904475e-05,0.3283156156539917,3.3309836387634277,1.0,1.1695060729980469,3,3,curvature_spike_transition,assistant: Harbor Inn | Thursday 7 PM | Room 814 || user: Now give me exactly arrival time | departure window | dinner name. || assistant: 6:40 PM | Friday morning | Alex
stress_retrieval_medication_case,retrieval_heavy,0,0,1,user,assistant,2,0.0,0.0,0.0,0.0,0.0,0.0,0.0,0.0,1.4678786993026733,0.0,1.4678786993026733,1,0.0,0.0,0.0,1.0,1.4678786993026733,2,1,curvature_spike_transition,"user: Remember this care plan exactly: Eli takes medicine A at 8 AM with food and medicine B at 9 PM without food. || assistant: Stored: medicine A 8 AM with food, medicine B 9 PM without food."
stress_retrieval_medication_case,retrieval_heavy,1,1,3,assistant,assistant,3,1.9330902099609375,0.08789116144180298,2.0209813117980957,1.9330902099609375,0.08789116144180298,0.0,2.0209813117980957,2.777371883392334,1.3991347551345825,0.07518243789672852,1.474317193031311,1,3.3489584438939346e-07,0.8878297805786133,3.9928932189941406,1.0,1.3991347551345825,3,1,curvature_spike_transition,"assistant: Stored: medicine A 8 AM with food, medicine B 9 PM without food. || user: Add these appointment details exactly: follow-up April 18 at 1:30 PM with Dr. Patel in Suite 500, and lab pickup is Apri || assistant: Added: follow-up April 18 at 1:30 PM with Dr. Patel in Suite 500, lab pickup April 16 noon."
stress_retrieval_medication_case,retrieval_heavy,2,3,5,assistant,assistant,3,2.220581531524658,0.0473705530166626,2.2679522037506104,2.220581531524658,0.0473705530166626,0.0,2.2679522037506104,2.8760156631469727,1.2625095844268799,0.06644338369369507,1.3289530277252197,1,4.620856634574011e-05,0.43757617473602295,3.7271783351898193,1.0,1.2625095844268799,3,3,curvature_spike_transition,"assistant: Added: follow-up April 18 at 1:30 PM with Dr. Patel in Suite 500, lab pickup April 16 noon. || user: Now give me exactly evening medicine | suite number | doctor. || assistant: 9 PM without food | Suite 500 | Dr. Patel"
stress_retrieval_medication_case,retrieval_heavy,3,5,7,assistant,assistant,3,2.5252599716186523,0.02663254737854004,2.5518925189971924,2.5252599716186523,0.02663254737854004,0.0,2.5518925189971924,2.9182558059692383,1.126666784286499,0.04767107963562012,1.1743378639221191,1,2.123993544955738e-05,0.343686044216156,3.374574661254883,1.0,1.126666784286499,3,3,curvature_spike_transition,assistant: 9 PM without food | Suite 500 | Dr. Patel || user: Now give me exactly morning medicine | appointment time | lab pickup. || assistant: 8 AM with food | 1:30 PM | April 16 noon
stress_longdep_two_lines,long_dependency,0,0,1,user,assistant,2,0.0,0.0,0.0,0.0,0.0,0.0,0.0,0.0,0.6908512115478516,0.0,0.6908512115478516,1,0.0,0.0,0.0,1.0,0.6908512115478516,2,1,curvature_spike_transition,"user: For the rest of this chat, answer in exactly two lowercase lines, and each line must have exactly two words. || assistant: rule stored | format locked"
stress_longdep_two_lines,long_dependency,1,1,3,assistant,assistant,3,3.360198497772217,0.5245991945266724,3.8847978115081787,3.360198497772217,0.5245991945266724,0.0,3.8847978115081787,2.714035987854004,0.9278979301452637,0.17881563305854797,1.1067135334014893,1,2.1072469280625228e-07,0.8901146650314331,2.2275643348693848,1.0,0.9278979301452637,3,1,curvature_spike_transition,"assistant: rule stored | format locked || user: Remember these facts exactly: vendor northline, owner rina, due august 9, total 4820 dollars. || assistant: northline vendor | rina owner"
stress_longdep_two_lines,long_dependency,2,3,7,assistant,assistant,5,2.6669185161590576,0.0528237521648407,2.7351996898651123,2.6669185161590576,0.0528237521648407,-0.07864397764205933,2.7351996898651123,2.94064998626709,1.080904483795166,0.08991383016109467,1.1507433652877808,1,1.519713259767741e-05,0.3263033330440521,3.2466745376586914,1.0,1.080904483795166,5,3,curvature_spike_transition,assistant: northline vendor | rina owner || user: Now give me vendor and owner only. || user: Now give me due date and total only. || assistant: due august-9 | total 4820
