model_key,conversation_id,family,target_turn,policy_name,budget_fraction,answer_token_count,answer_avg_neg_logprob,answer_total_neg_logprob,full_answer_avg_neg_logprob,full_answer_total_neg_logprob,answer_avg_neg_logprob_delta,answer_total_neg_logprob_delta
qwen25_15b,71017276,longmemeval_s_full,4,uniform,0.2,179,1.1340782122905029,203.0,1.1173184357541899,200.0,0.016759776536312998,3.0
qwen25_15b,71017276,longmemeval_s_full,4,semantic,0.2,179,1.1340782122905029,203.0,1.1173184357541899,200.0,0.016759776536312998,3.0
qwen25_15b,71017276,longmemeval_s_full,4,geometry,0.2,179,1.1340782122905029,203.0,1.1173184357541899,200.0,0.016759776536312998,3.0
qwen25_15b,71017276,longmemeval_s_full,4,geometry_keep_compress_drop,0.2,179,1.1340782122905029,203.0,1.1173184357541899,200.0,0.016759776536312998,3.0
qwen25_15b,71017276,longmemeval_s_full,4,semantic_query_conditioned_geometry_keep_compress_drop,0.2,179,1.1340782122905029,203.0,1.1173184357541899,200.0,0.016759776536312998,3.0
qwen25_15b,71017276,longmemeval_s_full,4,uniform,0.35,179,1.1396648044692737,204.0,1.1173184357541899,200.0,0.022346368715083775,4.0
qwen25_15b,71017276,longmemeval_s_full,4,semantic,0.35,179,1.1396648044692737,204.0,1.1173184357541899,200.0,0.022346368715083775,4.0
qwen25_15b,71017276,longmemeval_s_full,4,geometry,0.35,179,1.1396648044692737,204.0,1.1173184357541899,200.0,0.022346368715083775,4.0
qwen25_15b,71017276,longmemeval_s_full,4,geometry_keep_compress_drop,0.35,179,1.1340782122905029,203.0,1.1173184357541899,200.0,0.016759776536312998,3.0
qwen25_15b,71017276,longmemeval_s_full,4,semantic_query_conditioned_geometry_keep_compress_drop,0.35,179,1.1396648044692737,204.0,1.1173184357541899,200.0,0.022346368715083775,4.0
qwen25_15b,71017276,longmemeval_s_full,4,uniform,0.5,179,1.1396648044692737,204.0,1.1173184357541899,200.0,0.022346368715083775,4.0
qwen25_15b,71017276,longmemeval_s_full,4,semantic,0.5,179,1.1396648044692737,204.0,1.1173184357541899,200.0,0.022346368715083775,4.0
qwen25_15b,71017276,longmemeval_s_full,4,geometry,0.5,179,1.1396648044692737,204.0,1.1173184357541899,200.0,0.022346368715083775,4.0
qwen25_15b,71017276,longmemeval_s_full,4,geometry_keep_compress_drop,0.5,179,1.1340782122905029,203.0,1.1173184357541899,200.0,0.016759776536312998,3.0
qwen25_15b,71017276,longmemeval_s_full,4,semantic_query_conditioned_geometry_keep_compress_drop,0.5,179,1.1396648044692737,204.0,1.1173184357541899,200.0,0.022346368715083775,4.0
qwen25_15b,71017276,longmemeval_s_full,36,uniform,0.2,0,0.0,0.0,0.0,0.0,0.0,0.0
qwen25_15b,71017276,longmemeval_s_full,36,semantic,0.2,0,0.0,0.0,0.0,0.0,0.0,0.0
qwen25_15b,71017276,longmemeval_s_full,36,geometry,0.2,0,0.0,0.0,0.0,0.0,0.0,0.0
qwen25_15b,71017276,longmemeval_s_full,36,geometry_keep_compress_drop,0.2,0,0.0,0.0,0.0,0.0,0.0,0.0
qwen25_15b,71017276,longmemeval_s_full,36,semantic_query_conditioned_geometry_keep_compress_drop,0.2,0,0.0,0.0,0.0,0.0,0.0,0.0
qwen25_15b,71017276,longmemeval_s_full,36,uniform,0.35,0,0.0,0.0,0.0,0.0,0.0,0.0
qwen25_15b,71017276,longmemeval_s_full,36,semantic,0.35,0,0.0,0.0,0.0,0.0,0.0,0.0
qwen25_15b,71017276,longmemeval_s_full,36,geometry,0.35,0,0.0,0.0,0.0,0.0,0.0,0.0
qwen25_15b,71017276,longmemeval_s_full,36,geometry_keep_compress_drop,0.35,0,0.0,0.0,0.0,0.0,0.0,0.0
qwen25_15b,71017276,longmemeval_s_full,36,semantic_query_conditioned_geometry_keep_compress_drop,0.35,0,0.0,0.0,0.0,0.0,0.0,0.0
qwen25_15b,71017276,longmemeval_s_full,36,uniform,0.5,0,0.0,0.0,0.0,0.0,0.0,0.0
qwen25_15b,71017276,longmemeval_s_full,36,semantic,0.5,0,0.0,0.0,0.0,0.0,0.0,0.0
qwen25_15b,71017276,longmemeval_s_full,36,geometry,0.5,0,0.0,0.0,0.0,0.0,0.0,0.0
qwen25_15b,71017276,longmemeval_s_full,36,geometry_keep_compress_drop,0.5,0,0.0,0.0,0.0,0.0,0.0,0.0
qwen25_15b,71017276,longmemeval_s_full,36,semantic_query_conditioned_geometry_keep_compress_drop,0.5,0,0.0,0.0,0.0,0.0,0.0,0.0
qwen25_15b,71017276,longmemeval_s_full,260,uniform,0.2,0,0.0,0.0,0.0,0.0,0.0,0.0
qwen25_15b,71017276,longmemeval_s_full,260,semantic,0.2,0,0.0,0.0,0.0,0.0,0.0,0.0
qwen25_15b,71017276,longmemeval_s_full,260,geometry,0.2,0,0.0,0.0,0.0,0.0,0.0,0.0
qwen25_15b,71017276,longmemeval_s_full,260,geometry_keep_compress_drop,0.2,0,0.0,0.0,0.0,0.0,0.0,0.0
qwen25_15b,71017276,longmemeval_s_full,260,semantic_query_conditioned_geometry_keep_compress_drop,0.2,0,0.0,0.0,0.0,0.0,0.0,0.0
qwen25_15b,71017276,longmemeval_s_full,260,uniform,0.35,0,0.0,0.0,0.0,0.0,0.0,0.0
qwen25_15b,71017276,longmemeval_s_full,260,semantic,0.35,0,0.0,0.0,0.0,0.0,0.0,0.0
qwen25_15b,71017276,longmemeval_s_full,260,geometry,0.35,0,0.0,0.0,0.0,0.0,0.0,0.0
qwen25_15b,71017276,longmemeval_s_full,260,geometry_keep_compress_drop,0.35,0,0.0,0.0,0.0,0.0,0.0,0.0
qwen25_15b,71017276,longmemeval_s_full,260,semantic_query_conditioned_geometry_keep_compress_drop,0.35,0,0.0,0.0,0.0,0.0,0.0,0.0
qwen25_15b,71017276,longmemeval_s_full,260,uniform,0.5,0,0.0,0.0,0.0,0.0,0.0,0.0
qwen25_15b,71017276,longmemeval_s_full,260,semantic,0.5,0,0.0,0.0,0.0,0.0,0.0,0.0
qwen25_15b,71017276,longmemeval_s_full,260,geometry,0.5,0,0.0,0.0,0.0,0.0,0.0,0.0
qwen25_15b,71017276,longmemeval_s_full,260,geometry_keep_compress_drop,0.5,0,0.0,0.0,0.0,0.0,0.0,0.0
qwen25_15b,71017276,longmemeval_s_full,260,semantic_query_conditioned_geometry_keep_compress_drop,0.5,0,0.0,0.0,0.0,0.0,0.0,0.0
qwen25_15b,71017276,longmemeval_s_full,292,uniform,0.2,0,0.0,0.0,0.0,0.0,0.0,0.0
qwen25_15b,71017276,longmemeval_s_full,292,semantic,0.2,0,0.0,0.0,0.0,0.0,0.0,0.0
qwen25_15b,71017276,longmemeval_s_full,292,geometry,0.2,0,0.0,0.0,0.0,0.0,0.0,0.0
qwen25_15b,71017276,longmemeval_s_full,292,geometry_keep_compress_drop,0.2,0,0.0,0.0,0.0,0.0,0.0,0.0
qwen25_15b,71017276,longmemeval_s_full,292,semantic_query_conditioned_geometry_keep_compress_drop,0.2,0,0.0,0.0,0.0,0.0,0.0,0.0
qwen25_15b,71017276,longmemeval_s_full,292,uniform,0.35,0,0.0,0.0,0.0,0.0,0.0,0.0
qwen25_15b,71017276,longmemeval_s_full,292,semantic,0.35,0,0.0,0.0,0.0,0.0,0.0,0.0
qwen25_15b,71017276,longmemeval_s_full,292,geometry,0.35,0,0.0,0.0,0.0,0.0,0.0,0.0
qwen25_15b,71017276,longmemeval_s_full,292,geometry_keep_compress_drop,0.35,0,0.0,0.0,0.0,0.0,0.0,0.0
qwen25_15b,71017276,longmemeval_s_full,292,semantic_query_conditioned_geometry_keep_compress_drop,0.35,0,0.0,0.0,0.0,0.0,0.0,0.0
qwen25_15b,71017276,longmemeval_s_full,292,uniform,0.5,0,0.0,0.0,0.0,0.0,0.0,0.0
qwen25_15b,71017276,longmemeval_s_full,292,semantic,0.5,0,0.0,0.0,0.0,0.0,0.0,0.0
qwen25_15b,71017276,longmemeval_s_full,292,geometry,0.5,0,0.0,0.0,0.0,0.0,0.0,0.0
qwen25_15b,71017276,longmemeval_s_full,292,geometry_keep_compress_drop,0.5,0,0.0,0.0,0.0,0.0,0.0,0.0
qwen25_15b,71017276,longmemeval_s_full,292,semantic_query_conditioned_geometry_keep_compress_drop,0.5,0,0.0,0.0,0.0,0.0,0.0,0.0
qwen25_15b,71017276,longmemeval_s_full,324,uniform,0.2,0,0.0,0.0,0.0,0.0,0.0,0.0
qwen25_15b,71017276,longmemeval_s_full,324,semantic,0.2,0,0.0,0.0,0.0,0.0,0.0,0.0
qwen25_15b,71017276,longmemeval_s_full,324,geometry,0.2,0,0.0,0.0,0.0,0.0,0.0,0.0
qwen25_15b,71017276,longmemeval_s_full,324,geometry_keep_compress_drop,0.2,0,0.0,0.0,0.0,0.0,0.0,0.0
qwen25_15b,71017276,longmemeval_s_full,324,semantic_query_conditioned_geometry_keep_compress_drop,0.2,0,0.0,0.0,0.0,0.0,0.0,0.0
qwen25_15b,71017276,longmemeval_s_full,324,uniform,0.35,0,0.0,0.0,0.0,0.0,0.0,0.0
qwen25_15b,71017276,longmemeval_s_full,324,semantic,0.35,0,0.0,0.0,0.0,0.0,0.0,0.0
qwen25_15b,71017276,longmemeval_s_full,324,geometry,0.35,0,0.0,0.0,0.0,0.0,0.0,0.0
qwen25_15b,71017276,longmemeval_s_full,324,geometry_keep_compress_drop,0.35,0,0.0,0.0,0.0,0.0,0.0,0.0
qwen25_15b,71017276,longmemeval_s_full,324,semantic_query_conditioned_geometry_keep_compress_drop,0.35,0,0.0,0.0,0.0,0.0,0.0,0.0
qwen25_15b,71017276,longmemeval_s_full,324,uniform,0.5,30,0.36041666666666666,10.8125,0.0,0.0,0.36041666666666666,10.8125
qwen25_15b,71017276,longmemeval_s_full,324,semantic,0.5,0,0.0,0.0,0.0,0.0,0.0,0.0
qwen25_15b,71017276,longmemeval_s_full,324,geometry,0.5,0,0.0,0.0,0.0,0.0,0.0,0.0
qwen25_15b,71017276,longmemeval_s_full,324,geometry_keep_compress_drop,0.5,0,0.0,0.0,0.0,0.0,0.0,0.0
qwen25_15b,71017276,longmemeval_s_full,324,semantic_query_conditioned_geometry_keep_compress_drop,0.5,0,0.0,0.0,0.0,0.0,0.0,0.0
qwen25_15b,71017276,longmemeval_s_full,356,uniform,0.2,0,0.0,0.0,0.0,0.0,0.0,0.0
qwen25_15b,71017276,longmemeval_s_full,356,semantic,0.2,0,0.0,0.0,0.0,0.0,0.0,0.0
qwen25_15b,71017276,longmemeval_s_full,356,geometry,0.2,0,0.0,0.0,0.0,0.0,0.0,0.0
qwen25_15b,71017276,longmemeval_s_full,356,geometry_keep_compress_drop,0.2,0,0.0,0.0,0.0,0.0,0.0,0.0
qwen25_15b,71017276,longmemeval_s_full,356,semantic_query_conditioned_geometry_keep_compress_drop,0.2,0,0.0,0.0,0.0,0.0,0.0,0.0
qwen25_15b,71017276,longmemeval_s_full,356,uniform,0.35,0,0.0,0.0,0.0,0.0,0.0,0.0
qwen25_15b,71017276,longmemeval_s_full,356,semantic,0.35,0,0.0,0.0,0.0,0.0,0.0,0.0
qwen25_15b,71017276,longmemeval_s_full,356,geometry,0.35,0,0.0,0.0,0.0,0.0,0.0,0.0
qwen25_15b,71017276,longmemeval_s_full,356,geometry_keep_compress_drop,0.35,0,0.0,0.0,0.0,0.0,0.0,0.0
qwen25_15b,71017276,longmemeval_s_full,356,semantic_query_conditioned_geometry_keep_compress_drop,0.35,0,0.0,0.0,0.0,0.0,0.0,0.0
qwen25_15b,71017276,longmemeval_s_full,356,uniform,0.5,0,0.0,0.0,0.0,0.0,0.0,0.0
qwen25_15b,71017276,longmemeval_s_full,356,semantic,0.5,0,0.0,0.0,0.0,0.0,0.0,0.0
qwen25_15b,71017276,longmemeval_s_full,356,geometry,0.5,0,0.0,0.0,0.0,0.0,0.0,0.0
qwen25_15b,71017276,longmemeval_s_full,356,geometry_keep_compress_drop,0.5,0,0.0,0.0,0.0,0.0,0.0,0.0
qwen25_15b,71017276,longmemeval_s_full,356,semantic_query_conditioned_geometry_keep_compress_drop,0.5,0,0.0,0.0,0.0,0.0,0.0,0.0
qwen25_15b,71017276,longmemeval_s_full,388,uniform,0.2,309,1.8770226537216828,580.0,0.0,0.0,1.8770226537216828,580.0
qwen25_15b,71017276,longmemeval_s_full,388,semantic,0.2,0,0.0,0.0,0.0,0.0,0.0,0.0
qwen25_15b,71017276,longmemeval_s_full,388,geometry,0.2,0,0.0,0.0,0.0,0.0,0.0,0.0
qwen25_15b,71017276,longmemeval_s_full,388,geometry_keep_compress_drop,0.2,0,0.0,0.0,0.0,0.0,0.0,0.0
qwen25_15b,71017276,longmemeval_s_full,388,semantic_query_conditioned_geometry_keep_compress_drop,0.2,0,0.0,0.0,0.0,0.0,0.0,0.0
qwen25_15b,71017276,longmemeval_s_full,388,uniform,0.35,0,0.0,0.0,0.0,0.0,0.0,0.0
qwen25_15b,71017276,longmemeval_s_full,388,semantic,0.35,0,0.0,0.0,0.0,0.0,0.0,0.0
qwen25_15b,71017276,longmemeval_s_full,388,geometry,0.35,0,0.0,0.0,0.0,0.0,0.0,0.0
qwen25_15b,71017276,longmemeval_s_full,388,geometry_keep_compress_drop,0.35,0,0.0,0.0,0.0,0.0,0.0,0.0
qwen25_15b,71017276,longmemeval_s_full,388,semantic_query_conditioned_geometry_keep_compress_drop,0.35,0,0.0,0.0,0.0,0.0,0.0,0.0
qwen25_15b,71017276,longmemeval_s_full,388,uniform,0.5,0,0.0,0.0,0.0,0.0,0.0,0.0
qwen25_15b,71017276,longmemeval_s_full,388,semantic,0.5,0,0.0,0.0,0.0,0.0,0.0,0.0
qwen25_15b,71017276,longmemeval_s_full,388,geometry,0.5,0,0.0,0.0,0.0,0.0,0.0,0.0
qwen25_15b,71017276,longmemeval_s_full,388,geometry_keep_compress_drop,0.5,0,0.0,0.0,0.0,0.0,0.0,0.0
qwen25_15b,71017276,longmemeval_s_full,388,semantic_query_conditioned_geometry_keep_compress_drop,0.5,0,0.0,0.0,0.0,0.0,0.0,0.0
qwen25_15b,71017276,longmemeval_s_full,452,uniform,0.2,0,0.0,0.0,0.0,0.0,0.0,0.0
qwen25_15b,71017276,longmemeval_s_full,452,semantic,0.2,0,0.0,0.0,0.0,0.0,0.0,0.0
qwen25_15b,71017276,longmemeval_s_full,452,geometry,0.2,0,0.0,0.0,0.0,0.0,0.0,0.0
qwen25_15b,71017276,longmemeval_s_full,452,geometry_keep_compress_drop,0.2,0,0.0,0.0,0.0,0.0,0.0,0.0
qwen25_15b,71017276,longmemeval_s_full,452,semantic_query_conditioned_geometry_keep_compress_drop,0.2,0,0.0,0.0,0.0,0.0,0.0,0.0
qwen25_15b,71017276,longmemeval_s_full,452,uniform,0.35,0,0.0,0.0,0.0,0.0,0.0,0.0
qwen25_15b,71017276,longmemeval_s_full,452,semantic,0.35,0,0.0,0.0,0.0,0.0,0.0,0.0
qwen25_15b,71017276,longmemeval_s_full,452,geometry,0.35,0,0.0,0.0,0.0,0.0,0.0,0.0
qwen25_15b,71017276,longmemeval_s_full,452,geometry_keep_compress_drop,0.35,0,0.0,0.0,0.0,0.0,0.0,0.0
qwen25_15b,71017276,longmemeval_s_full,452,semantic_query_conditioned_geometry_keep_compress_drop,0.35,0,0.0,0.0,0.0,0.0,0.0,0.0
qwen25_15b,71017276,longmemeval_s_full,452,uniform,0.5,0,0.0,0.0,0.0,0.0,0.0,0.0
qwen25_15b,71017276,longmemeval_s_full,452,semantic,0.5,0,0.0,0.0,0.0,0.0,0.0,0.0
qwen25_15b,71017276,longmemeval_s_full,452,geometry,0.5,0,0.0,0.0,0.0,0.0,0.0,0.0
qwen25_15b,71017276,longmemeval_s_full,452,geometry_keep_compress_drop,0.5,0,0.0,0.0,0.0,0.0,0.0,0.0
qwen25_15b,71017276,longmemeval_s_full,452,semantic_query_conditioned_geometry_keep_compress_drop,0.5,0,0.0,0.0,0.0,0.0,0.0,0.0
qwen25_15b,71017276,longmemeval_s_full,484,uniform,0.2,0,0.0,0.0,0.0,0.0,0.0,0.0
qwen25_15b,71017276,longmemeval_s_full,484,semantic,0.2,0,0.0,0.0,0.0,0.0,0.0,0.0
qwen25_15b,71017276,longmemeval_s_full,484,geometry,0.2,0,0.0,0.0,0.0,0.0,0.0,0.0
qwen25_15b,71017276,longmemeval_s_full,484,geometry_keep_compress_drop,0.2,0,0.0,0.0,0.0,0.0,0.0,0.0
qwen25_15b,71017276,longmemeval_s_full,484,semantic_query_conditioned_geometry_keep_compress_drop,0.2,0,0.0,0.0,0.0,0.0,0.0,0.0
qwen25_15b,71017276,longmemeval_s_full,484,uniform,0.35,0,0.0,0.0,0.0,0.0,0.0,0.0
qwen25_15b,71017276,longmemeval_s_full,484,semantic,0.35,0,0.0,0.0,0.0,0.0,0.0,0.0
qwen25_15b,71017276,longmemeval_s_full,484,geometry,0.35,0,0.0,0.0,0.0,0.0,0.0,0.0
qwen25_15b,71017276,longmemeval_s_full,484,geometry_keep_compress_drop,0.35,0,0.0,0.0,0.0,0.0,0.0,0.0
qwen25_15b,71017276,longmemeval_s_full,484,semantic_query_conditioned_geometry_keep_compress_drop,0.35,0,0.0,0.0,0.0,0.0,0.0,0.0
qwen25_15b,71017276,longmemeval_s_full,484,uniform,0.5,0,0.0,0.0,0.0,0.0,0.0,0.0
qwen25_15b,71017276,longmemeval_s_full,484,semantic,0.5,0,0.0,0.0,0.0,0.0,0.0,0.0
qwen25_15b,71017276,longmemeval_s_full,484,geometry,0.5,0,0.0,0.0,0.0,0.0,0.0,0.0
qwen25_15b,71017276,longmemeval_s_full,484,geometry_keep_compress_drop,0.5,0,0.0,0.0,0.0,0.0,0.0,0.0
qwen25_15b,71017276,longmemeval_s_full,484,semantic_query_conditioned_geometry_keep_compress_drop,0.5,0,0.0,0.0,0.0,0.0,0.0,0.0
qwen25_15b,71017276,longmemeval_s_full,516,uniform,0.2,0,0.0,0.0,0.0,0.0,0.0,0.0
qwen25_15b,71017276,longmemeval_s_full,516,semantic,0.2,0,0.0,0.0,0.0,0.0,0.0,0.0
qwen25_15b,71017276,longmemeval_s_full,516,geometry,0.2,0,0.0,0.0,0.0,0.0,0.0,0.0
qwen25_15b,71017276,longmemeval_s_full,516,geometry_keep_compress_drop,0.2,0,0.0,0.0,0.0,0.0,0.0,0.0
qwen25_15b,71017276,longmemeval_s_full,516,semantic_query_conditioned_geometry_keep_compress_drop,0.2,0,0.0,0.0,0.0,0.0,0.0,0.0
qwen25_15b,71017276,longmemeval_s_full,516,uniform,0.35,0,0.0,0.0,0.0,0.0,0.0,0.0
qwen25_15b,71017276,longmemeval_s_full,516,semantic,0.35,0,0.0,0.0,0.0,0.0,0.0,0.0
qwen25_15b,71017276,longmemeval_s_full,516,geometry,0.35,0,0.0,0.0,0.0,0.0,0.0,0.0
qwen25_15b,71017276,longmemeval_s_full,516,geometry_keep_compress_drop,0.35,0,0.0,0.0,0.0,0.0,0.0,0.0
qwen25_15b,71017276,longmemeval_s_full,516,semantic_query_conditioned_geometry_keep_compress_drop,0.35,0,0.0,0.0,0.0,0.0,0.0,0.0
qwen25_15b,71017276,longmemeval_s_full,516,uniform,0.5,0,0.0,0.0,0.0,0.0,0.0,0.0
qwen25_15b,71017276,longmemeval_s_full,516,semantic,0.5,0,0.0,0.0,0.0,0.0,0.0,0.0
qwen25_15b,71017276,longmemeval_s_full,516,geometry,0.5,0,0.0,0.0,0.0,0.0,0.0,0.0
qwen25_15b,71017276,longmemeval_s_full,516,geometry_keep_compress_drop,0.5,0,0.0,0.0,0.0,0.0,0.0,0.0
qwen25_15b,71017276,longmemeval_s_full,516,semantic_query_conditioned_geometry_keep_compress_drop,0.5,0,0.0,0.0,0.0,0.0,0.0,0.0
qwen25_15b,71017276,longmemeval_s_full,548,uniform,0.2,229,1.2838427947598254,294.0,0.0,0.0,1.2838427947598254,294.0
qwen25_15b,71017276,longmemeval_s_full,548,semantic,0.2,0,0.0,0.0,0.0,0.0,0.0,0.0
qwen25_15b,71017276,longmemeval_s_full,548,geometry,0.2,0,0.0,0.0,0.0,0.0,0.0,0.0
qwen25_15b,71017276,longmemeval_s_full,548,geometry_keep_compress_drop,0.2,0,0.0,0.0,0.0,0.0,0.0,0.0
qwen25_15b,71017276,longmemeval_s_full,548,semantic_query_conditioned_geometry_keep_compress_drop,0.2,0,0.0,0.0,0.0,0.0,0.0,0.0
qwen25_15b,71017276,longmemeval_s_full,548,uniform,0.35,0,0.0,0.0,0.0,0.0,0.0,0.0
qwen25_15b,71017276,longmemeval_s_full,548,semantic,0.35,0,0.0,0.0,0.0,0.0,0.0,0.0
qwen25_15b,71017276,longmemeval_s_full,548,geometry,0.35,0,0.0,0.0,0.0,0.0,0.0,0.0
qwen25_15b,71017276,longmemeval_s_full,548,geometry_keep_compress_drop,0.35,0,0.0,0.0,0.0,0.0,0.0,0.0
qwen25_15b,71017276,longmemeval_s_full,548,semantic_query_conditioned_geometry_keep_compress_drop,0.35,0,0.0,0.0,0.0,0.0,0.0,0.0
qwen25_15b,71017276,longmemeval_s_full,548,uniform,0.5,0,0.0,0.0,0.0,0.0,0.0,0.0
qwen25_15b,71017276,longmemeval_s_full,548,semantic,0.5,0,0.0,0.0,0.0,0.0,0.0,0.0
qwen25_15b,71017276,longmemeval_s_full,548,geometry,0.5,0,0.0,0.0,0.0,0.0,0.0,0.0
qwen25_15b,71017276,longmemeval_s_full,548,geometry_keep_compress_drop,0.5,0,0.0,0.0,0.0,0.0,0.0,0.0
qwen25_15b,71017276,longmemeval_s_full,548,semantic_query_conditioned_geometry_keep_compress_drop,0.5,0,0.0,0.0,0.0,0.0,0.0,0.0
qwen25_15b,71017276,longmemeval_s_full,580,uniform,0.2,0,0.0,0.0,0.0,0.0,0.0,0.0
qwen25_15b,71017276,longmemeval_s_full,580,semantic,0.2,0,0.0,0.0,0.0,0.0,0.0,0.0
qwen25_15b,71017276,longmemeval_s_full,580,geometry,0.2,0,0.0,0.0,0.0,0.0,0.0,0.0
qwen25_15b,71017276,longmemeval_s_full,580,geometry_keep_compress_drop,0.2,0,0.0,0.0,0.0,0.0,0.0,0.0
qwen25_15b,71017276,longmemeval_s_full,580,semantic_query_conditioned_geometry_keep_compress_drop,0.2,0,0.0,0.0,0.0,0.0,0.0,0.0
qwen25_15b,71017276,longmemeval_s_full,580,uniform,0.35,0,0.0,0.0,0.0,0.0,0.0,0.0
qwen25_15b,71017276,longmemeval_s_full,580,semantic,0.35,0,0.0,0.0,0.0,0.0,0.0,0.0
qwen25_15b,71017276,longmemeval_s_full,580,geometry,0.35,0,0.0,0.0,0.0,0.0,0.0,0.0
qwen25_15b,71017276,longmemeval_s_full,580,geometry_keep_compress_drop,0.35,0,0.0,0.0,0.0,0.0,0.0,0.0
qwen25_15b,71017276,longmemeval_s_full,580,semantic_query_conditioned_geometry_keep_compress_drop,0.35,0,0.0,0.0,0.0,0.0,0.0,0.0
qwen25_15b,71017276,longmemeval_s_full,580,uniform,0.5,0,0.0,0.0,0.0,0.0,0.0,0.0
qwen25_15b,71017276,longmemeval_s_full,580,semantic,0.5,0,0.0,0.0,0.0,0.0,0.0,0.0
qwen25_15b,71017276,longmemeval_s_full,580,geometry,0.5,0,0.0,0.0,0.0,0.0,0.0,0.0
qwen25_15b,71017276,longmemeval_s_full,580,geometry_keep_compress_drop,0.5,0,0.0,0.0,0.0,0.0,0.0,0.0
qwen25_15b,71017276,longmemeval_s_full,580,semantic_query_conditioned_geometry_keep_compress_drop,0.5,0,0.0,0.0,0.0,0.0,0.0,0.0
qwen25_15b,71017276,longmemeval_s_full,612,uniform,0.2,0,0.0,0.0,0.0,0.0,0.0,0.0
qwen25_15b,71017276,longmemeval_s_full,612,semantic,0.2,0,0.0,0.0,0.0,0.0,0.0,0.0
qwen25_15b,71017276,longmemeval_s_full,612,geometry,0.2,0,0.0,0.0,0.0,0.0,0.0,0.0
qwen25_15b,71017276,longmemeval_s_full,612,geometry_keep_compress_drop,0.2,0,0.0,0.0,0.0,0.0,0.0,0.0
qwen25_15b,71017276,longmemeval_s_full,612,semantic_query_conditioned_geometry_keep_compress_drop,0.2,0,0.0,0.0,0.0,0.0,0.0,0.0
qwen25_15b,71017276,longmemeval_s_full,612,uniform,0.35,0,0.0,0.0,0.0,0.0,0.0,0.0
qwen25_15b,71017276,longmemeval_s_full,612,semantic,0.35,0,0.0,0.0,0.0,0.0,0.0,0.0
qwen25_15b,71017276,longmemeval_s_full,612,geometry,0.35,0,0.0,0.0,0.0,0.0,0.0,0.0
qwen25_15b,71017276,longmemeval_s_full,612,geometry_keep_compress_drop,0.35,0,0.0,0.0,0.0,0.0,0.0,0.0
qwen25_15b,71017276,longmemeval_s_full,612,semantic_query_conditioned_geometry_keep_compress_drop,0.35,0,0.0,0.0,0.0,0.0,0.0,0.0
qwen25_15b,71017276,longmemeval_s_full,612,uniform,0.5,0,0.0,0.0,0.0,0.0,0.0,0.0
qwen25_15b,71017276,longmemeval_s_full,612,semantic,0.5,0,0.0,0.0,0.0,0.0,0.0,0.0
qwen25_15b,71017276,longmemeval_s_full,612,geometry,0.5,0,0.0,0.0,0.0,0.0,0.0,0.0
qwen25_15b,71017276,longmemeval_s_full,612,geometry_keep_compress_drop,0.5,0,0.0,0.0,0.0,0.0,0.0,0.0
qwen25_15b,71017276,longmemeval_s_full,612,semantic_query_conditioned_geometry_keep_compress_drop,0.5,0,0.0,0.0,0.0,0.0,0.0,0.0
qwen25_15b,a06e4cfe,longmemeval_s_full,228,uniform,0.2,0,0.0,0.0,0.0,0.0,0.0,0.0
qwen25_15b,a06e4cfe,longmemeval_s_full,228,semantic,0.2,0,0.0,0.0,0.0,0.0,0.0,0.0
qwen25_15b,a06e4cfe,longmemeval_s_full,228,geometry,0.2,0,0.0,0.0,0.0,0.0,0.0,0.0
qwen25_15b,a06e4cfe,longmemeval_s_full,228,geometry_keep_compress_drop,0.2,0,0.0,0.0,0.0,0.0,0.0,0.0
qwen25_15b,a06e4cfe,longmemeval_s_full,228,semantic_query_conditioned_geometry_keep_compress_drop,0.2,0,0.0,0.0,0.0,0.0,0.0,0.0
qwen25_15b,a06e4cfe,longmemeval_s_full,228,uniform,0.35,0,0.0,0.0,0.0,0.0,0.0,0.0
qwen25_15b,a06e4cfe,longmemeval_s_full,228,semantic,0.35,0,0.0,0.0,0.0,0.0,0.0,0.0
qwen25_15b,a06e4cfe,longmemeval_s_full,228,geometry,0.35,0,0.0,0.0,0.0,0.0,0.0,0.0
qwen25_15b,a06e4cfe,longmemeval_s_full,228,geometry_keep_compress_drop,0.35,0,0.0,0.0,0.0,0.0,0.0,0.0
qwen25_15b,a06e4cfe,longmemeval_s_full,228,semantic_query_conditioned_geometry_keep_compress_drop,0.35,0,0.0,0.0,0.0,0.0,0.0,0.0
qwen25_15b,a06e4cfe,longmemeval_s_full,228,uniform,0.5,0,0.0,0.0,0.0,0.0,0.0,0.0
qwen25_15b,a06e4cfe,longmemeval_s_full,228,semantic,0.5,0,0.0,0.0,0.0,0.0,0.0,0.0
qwen25_15b,a06e4cfe,longmemeval_s_full,228,geometry,0.5,0,0.0,0.0,0.0,0.0,0.0,0.0
qwen25_15b,a06e4cfe,longmemeval_s_full,228,geometry_keep_compress_drop,0.5,0,0.0,0.0,0.0,0.0,0.0,0.0
qwen25_15b,a06e4cfe,longmemeval_s_full,228,semantic_query_conditioned_geometry_keep_compress_drop,0.5,0,0.0,0.0,0.0,0.0,0.0,0.0
qwen25_15b,a06e4cfe,longmemeval_s_full,256,uniform,0.2,0,0.0,0.0,0.0,0.0,0.0,0.0
qwen25_15b,a06e4cfe,longmemeval_s_full,256,semantic,0.2,0,0.0,0.0,0.0,0.0,0.0,0.0
qwen25_15b,a06e4cfe,longmemeval_s_full,256,geometry,0.2,0,0.0,0.0,0.0,0.0,0.0,0.0
qwen25_15b,a06e4cfe,longmemeval_s_full,256,geometry_keep_compress_drop,0.2,0,0.0,0.0,0.0,0.0,0.0,0.0
qwen25_15b,a06e4cfe,longmemeval_s_full,256,semantic_query_conditioned_geometry_keep_compress_drop,0.2,0,0.0,0.0,0.0,0.0,0.0,0.0
qwen25_15b,a06e4cfe,longmemeval_s_full,256,uniform,0.35,0,0.0,0.0,0.0,0.0,0.0,0.0
qwen25_15b,a06e4cfe,longmemeval_s_full,256,semantic,0.35,0,0.0,0.0,0.0,0.0,0.0,0.0
qwen25_15b,a06e4cfe,longmemeval_s_full,256,geometry,0.35,0,0.0,0.0,0.0,0.0,0.0,0.0
qwen25_15b,a06e4cfe,longmemeval_s_full,256,geometry_keep_compress_drop,0.35,0,0.0,0.0,0.0,0.0,0.0,0.0
qwen25_15b,a06e4cfe,longmemeval_s_full,256,semantic_query_conditioned_geometry_keep_compress_drop,0.35,0,0.0,0.0,0.0,0.0,0.0,0.0
qwen25_15b,a06e4cfe,longmemeval_s_full,256,uniform,0.5,0,0.0,0.0,0.0,0.0,0.0,0.0
qwen25_15b,a06e4cfe,longmemeval_s_full,256,semantic,0.5,0,0.0,0.0,0.0,0.0,0.0,0.0
qwen25_15b,a06e4cfe,longmemeval_s_full,256,geometry,0.5,0,0.0,0.0,0.0,0.0,0.0,0.0
qwen25_15b,a06e4cfe,longmemeval_s_full,256,geometry_keep_compress_drop,0.5,0,0.0,0.0,0.0,0.0,0.0,0.0
qwen25_15b,a06e4cfe,longmemeval_s_full,256,semantic_query_conditioned_geometry_keep_compress_drop,0.5,0,0.0,0.0,0.0,0.0,0.0,0.0
qwen25_15b,a06e4cfe,longmemeval_s_full,392,uniform,0.2,0,0.0,0.0,0.0,0.0,0.0,0.0
qwen25_15b,a06e4cfe,longmemeval_s_full,392,semantic,0.2,0,0.0,0.0,0.0,0.0,0.0,0.0
qwen25_15b,a06e4cfe,longmemeval_s_full,392,geometry,0.2,0,0.0,0.0,0.0,0.0,0.0,0.0
qwen25_15b,a06e4cfe,longmemeval_s_full,392,geometry_keep_compress_drop,0.2,0,0.0,0.0,0.0,0.0,0.0,0.0
qwen25_15b,a06e4cfe,longmemeval_s_full,392,semantic_query_conditioned_geometry_keep_compress_drop,0.2,0,0.0,0.0,0.0,0.0,0.0,0.0
qwen25_15b,a06e4cfe,longmemeval_s_full,392,uniform,0.35,0,0.0,0.0,0.0,0.0,0.0,0.0
qwen25_15b,a06e4cfe,longmemeval_s_full,392,semantic,0.35,0,0.0,0.0,0.0,0.0,0.0,0.0
qwen25_15b,a06e4cfe,longmemeval_s_full,392,geometry,0.35,0,0.0,0.0,0.0,0.0,0.0,0.0
qwen25_15b,a06e4cfe,longmemeval_s_full,392,geometry_keep_compress_drop,0.35,0,0.0,0.0,0.0,0.0,0.0,0.0
qwen25_15b,a06e4cfe,longmemeval_s_full,392,semantic_query_conditioned_geometry_keep_compress_drop,0.35,0,0.0,0.0,0.0,0.0,0.0,0.0
qwen25_15b,a06e4cfe,longmemeval_s_full,392,uniform,0.5,0,0.0,0.0,0.0,0.0,0.0,0.0
qwen25_15b,a06e4cfe,longmemeval_s_full,392,semantic,0.5,0,0.0,0.0,0.0,0.0,0.0,0.0
qwen25_15b,a06e4cfe,longmemeval_s_full,392,geometry,0.5,0,0.0,0.0,0.0,0.0,0.0,0.0
qwen25_15b,a06e4cfe,longmemeval_s_full,392,geometry_keep_compress_drop,0.5,0,0.0,0.0,0.0,0.0,0.0,0.0
qwen25_15b,a06e4cfe,longmemeval_s_full,392,semantic_query_conditioned_geometry_keep_compress_drop,0.5,0,0.0,0.0,0.0,0.0,0.0,0.0
qwen25_15b,a06e4cfe,longmemeval_s_full,420,uniform,0.2,0,0.0,0.0,0.0,0.0,0.0,0.0
qwen25_15b,a06e4cfe,longmemeval_s_full,420,semantic,0.2,0,0.0,0.0,0.0,0.0,0.0,0.0
qwen25_15b,a06e4cfe,longmemeval_s_full,420,geometry,0.2,0,0.0,0.0,0.0,0.0,0.0,0.0
qwen25_15b,a06e4cfe,longmemeval_s_full,420,geometry_keep_compress_drop,0.2,0,0.0,0.0,0.0,0.0,0.0,0.0
qwen25_15b,a06e4cfe,longmemeval_s_full,420,semantic_query_conditioned_geometry_keep_compress_drop,0.2,0,0.0,0.0,0.0,0.0,0.0,0.0
qwen25_15b,a06e4cfe,longmemeval_s_full,420,uniform,0.35,0,0.0,0.0,0.0,0.0,0.0,0.0
qwen25_15b,a06e4cfe,longmemeval_s_full,420,semantic,0.35,0,0.0,0.0,0.0,0.0,0.0,0.0
qwen25_15b,a06e4cfe,longmemeval_s_full,420,geometry,0.35,0,0.0,0.0,0.0,0.0,0.0,0.0
qwen25_15b,a06e4cfe,longmemeval_s_full,420,geometry_keep_compress_drop,0.35,0,0.0,0.0,0.0,0.0,0.0,0.0
qwen25_15b,a06e4cfe,longmemeval_s_full,420,semantic_query_conditioned_geometry_keep_compress_drop,0.35,0,0.0,0.0,0.0,0.0,0.0,0.0
qwen25_15b,a06e4cfe,longmemeval_s_full,420,uniform,0.5,0,0.0,0.0,0.0,0.0,0.0,0.0
qwen25_15b,a06e4cfe,longmemeval_s_full,420,semantic,0.5,0,0.0,0.0,0.0,0.0,0.0,0.0
qwen25_15b,a06e4cfe,longmemeval_s_full,420,geometry,0.5,0,0.0,0.0,0.0,0.0,0.0,0.0
qwen25_15b,a06e4cfe,longmemeval_s_full,420,geometry_keep_compress_drop,0.5,0,0.0,0.0,0.0,0.0,0.0,0.0
qwen25_15b,a06e4cfe,longmemeval_s_full,420,semantic_query_conditioned_geometry_keep_compress_drop,0.5,0,0.0,0.0,0.0,0.0,0.0,0.0
qwen25_15b,a06e4cfe,longmemeval_s_full,448,uniform,0.2,0,0.0,0.0,0.0,0.0,0.0,0.0
qwen25_15b,a06e4cfe,longmemeval_s_full,448,semantic,0.2,0,0.0,0.0,0.0,0.0,0.0,0.0
qwen25_15b,a06e4cfe,longmemeval_s_full,448,geometry,0.2,0,0.0,0.0,0.0,0.0,0.0,0.0
qwen25_15b,a06e4cfe,longmemeval_s_full,448,geometry_keep_compress_drop,0.2,0,0.0,0.0,0.0,0.0,0.0,0.0
qwen25_15b,a06e4cfe,longmemeval_s_full,448,semantic_query_conditioned_geometry_keep_compress_drop,0.2,0,0.0,0.0,0.0,0.0,0.0,0.0
qwen25_15b,a06e4cfe,longmemeval_s_full,448,uniform,0.35,0,0.0,0.0,0.0,0.0,0.0,0.0
qwen25_15b,a06e4cfe,longmemeval_s_full,448,semantic,0.35,0,0.0,0.0,0.0,0.0,0.0,0.0
qwen25_15b,a06e4cfe,longmemeval_s_full,448,geometry,0.35,0,0.0,0.0,0.0,0.0,0.0,0.0
qwen25_15b,a06e4cfe,longmemeval_s_full,448,geometry_keep_compress_drop,0.35,0,0.0,0.0,0.0,0.0,0.0,0.0
qwen25_15b,a06e4cfe,longmemeval_s_full,448,semantic_query_conditioned_geometry_keep_compress_drop,0.35,0,0.0,0.0,0.0,0.0,0.0,0.0
qwen25_15b,a06e4cfe,longmemeval_s_full,448,uniform,0.5,0,0.0,0.0,0.0,0.0,0.0,0.0
qwen25_15b,a06e4cfe,longmemeval_s_full,448,semantic,0.5,0,0.0,0.0,0.0,0.0,0.0,0.0
qwen25_15b,a06e4cfe,longmemeval_s_full,448,geometry,0.5,0,0.0,0.0,0.0,0.0,0.0,0.0
qwen25_15b,a06e4cfe,longmemeval_s_full,448,geometry_keep_compress_drop,0.5,0,0.0,0.0,0.0,0.0,0.0,0.0
qwen25_15b,a06e4cfe,longmemeval_s_full,448,semantic_query_conditioned_geometry_keep_compress_drop,0.5,0,0.0,0.0,0.0,0.0,0.0,0.0
qwen25_15b,a06e4cfe,longmemeval_s_full,476,uniform,0.2,203,1.0738916256157636,218.0,0.0,0.0,1.0738916256157636,218.0
qwen25_15b,a06e4cfe,longmemeval_s_full,476,semantic,0.2,0,0.0,0.0,0.0,0.0,0.0,0.0
qwen25_15b,a06e4cfe,longmemeval_s_full,476,geometry,0.2,0,0.0,0.0,0.0,0.0,0.0,0.0
qwen25_15b,a06e4cfe,longmemeval_s_full,476,geometry_keep_compress_drop,0.2,0,0.0,0.0,0.0,0.0,0.0,0.0
qwen25_15b,a06e4cfe,longmemeval_s_full,476,semantic_query_conditioned_geometry_keep_compress_drop,0.2,0,0.0,0.0,0.0,0.0,0.0,0.0
qwen25_15b,a06e4cfe,longmemeval_s_full,476,uniform,0.35,0,0.0,0.0,0.0,0.0,0.0,0.0
qwen25_15b,a06e4cfe,longmemeval_s_full,476,semantic,0.35,0,0.0,0.0,0.0,0.0,0.0,0.0
qwen25_15b,a06e4cfe,longmemeval_s_full,476,geometry,0.35,0,0.0,0.0,0.0,0.0,0.0,0.0
qwen25_15b,a06e4cfe,longmemeval_s_full,476,geometry_keep_compress_drop,0.35,0,0.0,0.0,0.0,0.0,0.0,0.0
qwen25_15b,a06e4cfe,longmemeval_s_full,476,semantic_query_conditioned_geometry_keep_compress_drop,0.35,0,0.0,0.0,0.0,0.0,0.0,0.0
qwen25_15b,a06e4cfe,longmemeval_s_full,476,uniform,0.5,0,0.0,0.0,0.0,0.0,0.0,0.0
qwen25_15b,a06e4cfe,longmemeval_s_full,476,semantic,0.5,0,0.0,0.0,0.0,0.0,0.0,0.0
qwen25_15b,a06e4cfe,longmemeval_s_full,476,geometry,0.5,0,0.0,0.0,0.0,0.0,0.0,0.0
qwen25_15b,a06e4cfe,longmemeval_s_full,476,geometry_keep_compress_drop,0.5,0,0.0,0.0,0.0,0.0,0.0,0.0
qwen25_15b,a06e4cfe,longmemeval_s_full,476,semantic_query_conditioned_geometry_keep_compress_drop,0.5,0,0.0,0.0,0.0,0.0,0.0,0.0
qwen25_15b,a06e4cfe,longmemeval_s_full,504,uniform,0.2,0,0.0,0.0,0.0,0.0,0.0,0.0
qwen25_15b,a06e4cfe,longmemeval_s_full,504,semantic,0.2,0,0.0,0.0,0.0,0.0,0.0,0.0
qwen25_15b,a06e4cfe,longmemeval_s_full,504,geometry,0.2,0,0.0,0.0,0.0,0.0,0.0,0.0
qwen25_15b,a06e4cfe,longmemeval_s_full,504,geometry_keep_compress_drop,0.2,0,0.0,0.0,0.0,0.0,0.0,0.0
qwen25_15b,a06e4cfe,longmemeval_s_full,504,semantic_query_conditioned_geometry_keep_compress_drop,0.2,0,0.0,0.0,0.0,0.0,0.0,0.0
qwen25_15b,a06e4cfe,longmemeval_s_full,504,uniform,0.35,0,0.0,0.0,0.0,0.0,0.0,0.0
qwen25_15b,a06e4cfe,longmemeval_s_full,504,semantic,0.35,0,0.0,0.0,0.0,0.0,0.0,0.0
qwen25_15b,a06e4cfe,longmemeval_s_full,504,geometry,0.35,0,0.0,0.0,0.0,0.0,0.0,0.0
qwen25_15b,a06e4cfe,longmemeval_s_full,504,geometry_keep_compress_drop,0.35,0,0.0,0.0,0.0,0.0,0.0,0.0
qwen25_15b,a06e4cfe,longmemeval_s_full,504,semantic_query_conditioned_geometry_keep_compress_drop,0.35,0,0.0,0.0,0.0,0.0,0.0,0.0
qwen25_15b,a06e4cfe,longmemeval_s_full,504,uniform,0.5,0,0.0,0.0,0.0,0.0,0.0,0.0
qwen25_15b,a06e4cfe,longmemeval_s_full,504,semantic,0.5,0,0.0,0.0,0.0,0.0,0.0,0.0
qwen25_15b,a06e4cfe,longmemeval_s_full,504,geometry,0.5,0,0.0,0.0,0.0,0.0,0.0,0.0
qwen25_15b,a06e4cfe,longmemeval_s_full,504,geometry_keep_compress_drop,0.5,0,0.0,0.0,0.0,0.0,0.0,0.0
qwen25_15b,a06e4cfe,longmemeval_s_full,504,semantic_query_conditioned_geometry_keep_compress_drop,0.5,0,0.0,0.0,0.0,0.0,0.0,0.0
qwen25_15b,a06e4cfe,longmemeval_s_full,532,uniform,0.2,0,0.0,0.0,0.0,0.0,0.0,0.0
qwen25_15b,a06e4cfe,longmemeval_s_full,532,semantic,0.2,0,0.0,0.0,0.0,0.0,0.0,0.0
qwen25_15b,a06e4cfe,longmemeval_s_full,532,geometry,0.2,0,0.0,0.0,0.0,0.0,0.0,0.0
qwen25_15b,a06e4cfe,longmemeval_s_full,532,geometry_keep_compress_drop,0.2,0,0.0,0.0,0.0,0.0,0.0,0.0
qwen25_15b,a06e4cfe,longmemeval_s_full,532,semantic_query_conditioned_geometry_keep_compress_drop,0.2,0,0.0,0.0,0.0,0.0,0.0,0.0
qwen25_15b,a06e4cfe,longmemeval_s_full,532,uniform,0.35,0,0.0,0.0,0.0,0.0,0.0,0.0
qwen25_15b,a06e4cfe,longmemeval_s_full,532,semantic,0.35,0,0.0,0.0,0.0,0.0,0.0,0.0
qwen25_15b,a06e4cfe,longmemeval_s_full,532,geometry,0.35,0,0.0,0.0,0.0,0.0,0.0,0.0
qwen25_15b,a06e4cfe,longmemeval_s_full,532,geometry_keep_compress_drop,0.35,0,0.0,0.0,0.0,0.0,0.0,0.0
qwen25_15b,a06e4cfe,longmemeval_s_full,532,semantic_query_conditioned_geometry_keep_compress_drop,0.35,0,0.0,0.0,0.0,0.0,0.0,0.0
qwen25_15b,a06e4cfe,longmemeval_s_full,532,uniform,0.5,0,0.0,0.0,0.0,0.0,0.0,0.0
qwen25_15b,a06e4cfe,longmemeval_s_full,532,semantic,0.5,0,0.0,0.0,0.0,0.0,0.0,0.0
qwen25_15b,a06e4cfe,longmemeval_s_full,532,geometry,0.5,0,0.0,0.0,0.0,0.0,0.0,0.0
qwen25_15b,a06e4cfe,longmemeval_s_full,532,geometry_keep_compress_drop,0.5,0,0.0,0.0,0.0,0.0,0.0,0.0
qwen25_15b,a06e4cfe,longmemeval_s_full,532,semantic_query_conditioned_geometry_keep_compress_drop,0.5,0,0.0,0.0,0.0,0.0,0.0,0.0
qwen25_15b,ac031881,longmemeval_s_full,4,uniform,0.2,212,1.3962264150943395,296.0,1.4056603773584906,298.0,-0.009433962264151052,-2.0
qwen25_15b,ac031881,longmemeval_s_full,4,semantic,0.2,212,1.3962264150943395,296.0,1.4056603773584906,298.0,-0.009433962264151052,-2.0
qwen25_15b,ac031881,longmemeval_s_full,4,geometry,0.2,212,1.3962264150943395,296.0,1.4056603773584906,298.0,-0.009433962264151052,-2.0
qwen25_15b,ac031881,longmemeval_s_full,4,geometry_keep_compress_drop,0.2,212,1.3962264150943395,296.0,1.4056603773584906,298.0,-0.009433962264151052,-2.0
qwen25_15b,ac031881,longmemeval_s_full,4,semantic_query_conditioned_geometry_keep_compress_drop,0.2,212,1.3962264150943395,296.0,1.4056603773584906,298.0,-0.009433962264151052,-2.0
qwen25_15b,ac031881,longmemeval_s_full,4,uniform,0.35,212,1.3962264150943395,296.0,1.4056603773584906,298.0,-0.009433962264151052,-2.0
qwen25_15b,ac031881,longmemeval_s_full,4,semantic,0.35,212,1.3962264150943395,296.0,1.4056603773584906,298.0,-0.009433962264151052,-2.0
qwen25_15b,ac031881,longmemeval_s_full,4,geometry,0.35,212,1.3962264150943395,296.0,1.4056603773584906,298.0,-0.009433962264151052,-2.0
qwen25_15b,ac031881,longmemeval_s_full,4,geometry_keep_compress_drop,0.35,212,1.3962264150943395,296.0,1.4056603773584906,298.0,-0.009433962264151052,-2.0
qwen25_15b,ac031881,longmemeval_s_full,4,semantic_query_conditioned_geometry_keep_compress_drop,0.35,212,1.3962264150943395,296.0,1.4056603773584906,298.0,-0.009433962264151052,-2.0
qwen25_15b,ac031881,longmemeval_s_full,4,uniform,0.5,212,1.3962264150943395,296.0,1.4056603773584906,298.0,-0.009433962264151052,-2.0
qwen25_15b,ac031881,longmemeval_s_full,4,semantic,0.5,212,1.3962264150943395,296.0,1.4056603773584906,298.0,-0.009433962264151052,-2.0
qwen25_15b,ac031881,longmemeval_s_full,4,geometry,0.5,212,1.3962264150943395,296.0,1.4056603773584906,298.0,-0.009433962264151052,-2.0
qwen25_15b,ac031881,longmemeval_s_full,4,geometry_keep_compress_drop,0.5,212,1.3962264150943395,296.0,1.4056603773584906,298.0,-0.009433962264151052,-2.0
qwen25_15b,ac031881,longmemeval_s_full,4,semantic_query_conditioned_geometry_keep_compress_drop,0.5,212,1.3962264150943395,296.0,1.4056603773584906,298.0,-0.009433962264151052,-2.0
qwen25_15b,ac031881,longmemeval_s_full,32,uniform,0.2,0,0.0,0.0,0.0,0.0,0.0,0.0
qwen25_15b,ac031881,longmemeval_s_full,32,semantic,0.2,0,0.0,0.0,0.0,0.0,0.0,0.0
qwen25_15b,ac031881,longmemeval_s_full,32,geometry,0.2,0,0.0,0.0,0.0,0.0,0.0,0.0
qwen25_15b,ac031881,longmemeval_s_full,32,geometry_keep_compress_drop,0.2,0,0.0,0.0,0.0,0.0,0.0,0.0
qwen25_15b,ac031881,longmemeval_s_full,32,semantic_query_conditioned_geometry_keep_compress_drop,0.2,0,0.0,0.0,0.0,0.0,0.0,0.0
qwen25_15b,ac031881,longmemeval_s_full,32,uniform,0.35,60,0.42083333333333334,25.25,0.0,0.0,0.42083333333333334,25.25
qwen25_15b,ac031881,longmemeval_s_full,32,semantic,0.35,0,0.0,0.0,0.0,0.0,0.0,0.0
qwen25_15b,ac031881,longmemeval_s_full,32,geometry,0.35,0,0.0,0.0,0.0,0.0,0.0,0.0
qwen25_15b,ac031881,longmemeval_s_full,32,geometry_keep_compress_drop,0.35,0,0.0,0.0,0.0,0.0,0.0,0.0
qwen25_15b,ac031881,longmemeval_s_full,32,semantic_query_conditioned_geometry_keep_compress_drop,0.35,0,0.0,0.0,0.0,0.0,0.0,0.0
qwen25_15b,ac031881,longmemeval_s_full,32,uniform,0.5,0,0.0,0.0,0.0,0.0,0.0,0.0
qwen25_15b,ac031881,longmemeval_s_full,32,semantic,0.5,0,0.0,0.0,0.0,0.0,0.0,0.0
qwen25_15b,ac031881,longmemeval_s_full,32,geometry,0.5,0,0.0,0.0,0.0,0.0,0.0,0.0
qwen25_15b,ac031881,longmemeval_s_full,32,geometry_keep_compress_drop,0.5,0,0.0,0.0,0.0,0.0,0.0,0.0
qwen25_15b,ac031881,longmemeval_s_full,32,semantic_query_conditioned_geometry_keep_compress_drop,0.5,0,0.0,0.0,0.0,0.0,0.0,0.0
qwen25_15b,ac031881,longmemeval_s_full,60,uniform,0.2,181,1.138121546961326,206.0,0.0,0.0,1.138121546961326,206.0
qwen25_15b,ac031881,longmemeval_s_full,60,semantic,0.2,0,0.0,0.0,0.0,0.0,0.0,0.0
qwen25_15b,ac031881,longmemeval_s_full,60,geometry,0.2,0,0.0,0.0,0.0,0.0,0.0,0.0
qwen25_15b,ac031881,longmemeval_s_full,60,geometry_keep_compress_drop,0.2,0,0.0,0.0,0.0,0.0,0.0,0.0
qwen25_15b,ac031881,longmemeval_s_full,60,semantic_query_conditioned_geometry_keep_compress_drop,0.2,0,0.0,0.0,0.0,0.0,0.0,0.0
qwen25_15b,ac031881,longmemeval_s_full,60,uniform,0.35,0,0.0,0.0,0.0,0.0,0.0,0.0
qwen25_15b,ac031881,longmemeval_s_full,60,semantic,0.35,0,0.0,0.0,0.0,0.0,0.0,0.0
qwen25_15b,ac031881,longmemeval_s_full,60,geometry,0.35,0,0.0,0.0,0.0,0.0,0.0,0.0
qwen25_15b,ac031881,longmemeval_s_full,60,geometry_keep_compress_drop,0.35,0,0.0,0.0,0.0,0.0,0.0,0.0
qwen25_15b,ac031881,longmemeval_s_full,60,semantic_query_conditioned_geometry_keep_compress_drop,0.35,0,0.0,0.0,0.0,0.0,0.0,0.0
qwen25_15b,ac031881,longmemeval_s_full,60,uniform,0.5,0,0.0,0.0,0.0,0.0,0.0,0.0
qwen25_15b,ac031881,longmemeval_s_full,60,semantic,0.5,0,0.0,0.0,0.0,0.0,0.0,0.0
qwen25_15b,ac031881,longmemeval_s_full,60,geometry,0.5,0,0.0,0.0,0.0,0.0,0.0,0.0
qwen25_15b,ac031881,longmemeval_s_full,60,geometry_keep_compress_drop,0.5,0,0.0,0.0,0.0,0.0,0.0,0.0
qwen25_15b,ac031881,longmemeval_s_full,60,semantic_query_conditioned_geometry_keep_compress_drop,0.5,0,0.0,0.0,0.0,0.0,0.0,0.0
qwen25_15b,ac031881,longmemeval_s_full,88,uniform,0.2,85,1.5,127.5,0.0,0.0,1.5,127.5
qwen25_15b,ac031881,longmemeval_s_full,88,semantic,0.2,0,0.0,0.0,0.0,0.0,0.0,0.0
qwen25_15b,ac031881,longmemeval_s_full,88,geometry,0.2,0,0.0,0.0,0.0,0.0,0.0,0.0
qwen25_15b,ac031881,longmemeval_s_full,88,geometry_keep_compress_drop,0.2,0,0.0,0.0,0.0,0.0,0.0,0.0
qwen25_15b,ac031881,longmemeval_s_full,88,semantic_query_conditioned_geometry_keep_compress_drop,0.2,0,0.0,0.0,0.0,0.0,0.0,0.0
qwen25_15b,ac031881,longmemeval_s_full,88,uniform,0.35,0,0.0,0.0,0.0,0.0,0.0,0.0
qwen25_15b,ac031881,longmemeval_s_full,88,semantic,0.35,0,0.0,0.0,0.0,0.0,0.0,0.0
qwen25_15b,ac031881,longmemeval_s_full,88,geometry,0.35,0,0.0,0.0,0.0,0.0,0.0,0.0
qwen25_15b,ac031881,longmemeval_s_full,88,geometry_keep_compress_drop,0.35,0,0.0,0.0,0.0,0.0,0.0,0.0
qwen25_15b,ac031881,longmemeval_s_full,88,semantic_query_conditioned_geometry_keep_compress_drop,0.35,0,0.0,0.0,0.0,0.0,0.0,0.0
qwen25_15b,ac031881,longmemeval_s_full,88,uniform,0.5,0,0.0,0.0,0.0,0.0,0.0,0.0
qwen25_15b,ac031881,longmemeval_s_full,88,semantic,0.5,0,0.0,0.0,0.0,0.0,0.0,0.0
qwen25_15b,ac031881,longmemeval_s_full,88,geometry,0.5,0,0.0,0.0,0.0,0.0,0.0,0.0
qwen25_15b,ac031881,longmemeval_s_full,88,geometry_keep_compress_drop,0.5,0,0.0,0.0,0.0,0.0,0.0,0.0
qwen25_15b,ac031881,longmemeval_s_full,88,semantic_query_conditioned_geometry_keep_compress_drop,0.5,0,0.0,0.0,0.0,0.0,0.0,0.0
qwen25_15b,ac031881,longmemeval_s_full,116,uniform,0.2,0,0.0,0.0,0.0,0.0,0.0,0.0
qwen25_15b,ac031881,longmemeval_s_full,116,semantic,0.2,0,0.0,0.0,0.0,0.0,0.0,0.0
qwen25_15b,ac031881,longmemeval_s_full,116,geometry,0.2,0,0.0,0.0,0.0,0.0,0.0,0.0
qwen25_15b,ac031881,longmemeval_s_full,116,geometry_keep_compress_drop,0.2,0,0.0,0.0,0.0,0.0,0.0,0.0
qwen25_15b,ac031881,longmemeval_s_full,116,semantic_query_conditioned_geometry_keep_compress_drop,0.2,0,0.0,0.0,0.0,0.0,0.0,0.0
qwen25_15b,ac031881,longmemeval_s_full,116,uniform,0.35,25,0.82,20.5,0.0,0.0,0.82,20.5
qwen25_15b,ac031881,longmemeval_s_full,116,semantic,0.35,0,0.0,0.0,0.0,0.0,0.0,0.0
qwen25_15b,ac031881,longmemeval_s_full,116,geometry,0.35,0,0.0,0.0,0.0,0.0,0.0,0.0
qwen25_15b,ac031881,longmemeval_s_full,116,geometry_keep_compress_drop,0.35,0,0.0,0.0,0.0,0.0,0.0,0.0
qwen25_15b,ac031881,longmemeval_s_full,116,semantic_query_conditioned_geometry_keep_compress_drop,0.35,0,0.0,0.0,0.0,0.0,0.0,0.0
qwen25_15b,ac031881,longmemeval_s_full,116,uniform,0.5,0,0.0,0.0,0.0,0.0,0.0,0.0
qwen25_15b,ac031881,longmemeval_s_full,116,semantic,0.5,0,0.0,0.0,0.0,0.0,0.0,0.0
qwen25_15b,ac031881,longmemeval_s_full,116,geometry,0.5,0,0.0,0.0,0.0,0.0,0.0,0.0
qwen25_15b,ac031881,longmemeval_s_full,116,geometry_keep_compress_drop,0.5,0,0.0,0.0,0.0,0.0,0.0,0.0
qwen25_15b,ac031881,longmemeval_s_full,116,semantic_query_conditioned_geometry_keep_compress_drop,0.5,0,0.0,0.0,0.0,0.0,0.0,0.0
qwen25_15b,ac031881,longmemeval_s_full,140,uniform,0.2,0,0.0,0.0,0.0,0.0,0.0,0.0
qwen25_15b,ac031881,longmemeval_s_full,140,semantic,0.2,0,0.0,0.0,0.0,0.0,0.0,0.0
qwen25_15b,ac031881,longmemeval_s_full,140,geometry,0.2,0,0.0,0.0,0.0,0.0,0.0,0.0
qwen25_15b,ac031881,longmemeval_s_full,140,geometry_keep_compress_drop,0.2,0,0.0,0.0,0.0,0.0,0.0,0.0
qwen25_15b,ac031881,longmemeval_s_full,140,semantic_query_conditioned_geometry_keep_compress_drop,0.2,0,0.0,0.0,0.0,0.0,0.0,0.0
qwen25_15b,ac031881,longmemeval_s_full,140,uniform,0.35,0,0.0,0.0,0.0,0.0,0.0,0.0
qwen25_15b,ac031881,longmemeval_s_full,140,semantic,0.35,0,0.0,0.0,0.0,0.0,0.0,0.0
qwen25_15b,ac031881,longmemeval_s_full,140,geometry,0.35,0,0.0,0.0,0.0,0.0,0.0,0.0
qwen25_15b,ac031881,longmemeval_s_full,140,geometry_keep_compress_drop,0.35,0,0.0,0.0,0.0,0.0,0.0,0.0
qwen25_15b,ac031881,longmemeval_s_full,140,semantic_query_conditioned_geometry_keep_compress_drop,0.35,0,0.0,0.0,0.0,0.0,0.0,0.0
qwen25_15b,ac031881,longmemeval_s_full,140,uniform,0.5,0,0.0,0.0,0.0,0.0,0.0,0.0
qwen25_15b,ac031881,longmemeval_s_full,140,semantic,0.5,0,0.0,0.0,0.0,0.0,0.0,0.0
qwen25_15b,ac031881,longmemeval_s_full,140,geometry,0.5,0,0.0,0.0,0.0,0.0,0.0,0.0
qwen25_15b,ac031881,longmemeval_s_full,140,geometry_keep_compress_drop,0.5,0,0.0,0.0,0.0,0.0,0.0,0.0
qwen25_15b,ac031881,longmemeval_s_full,140,semantic_query_conditioned_geometry_keep_compress_drop,0.5,0,0.0,0.0,0.0,0.0,0.0,0.0
qwen25_15b,ac031881,longmemeval_s_full,168,uniform,0.2,0,0.0,0.0,0.0,0.0,0.0,0.0
qwen25_15b,ac031881,longmemeval_s_full,168,semantic,0.2,0,0.0,0.0,0.0,0.0,0.0,0.0
qwen25_15b,ac031881,longmemeval_s_full,168,geometry,0.2,0,0.0,0.0,0.0,0.0,0.0,0.0
qwen25_15b,ac031881,longmemeval_s_full,168,geometry_keep_compress_drop,0.2,0,0.0,0.0,0.0,0.0,0.0,0.0
qwen25_15b,ac031881,longmemeval_s_full,168,semantic_query_conditioned_geometry_keep_compress_drop,0.2,0,0.0,0.0,0.0,0.0,0.0,0.0
qwen25_15b,ac031881,longmemeval_s_full,168,uniform,0.35,0,0.0,0.0,0.0,0.0,0.0,0.0
qwen25_15b,ac031881,longmemeval_s_full,168,semantic,0.35,0,0.0,0.0,0.0,0.0,0.0,0.0
qwen25_15b,ac031881,longmemeval_s_full,168,geometry,0.35,0,0.0,0.0,0.0,0.0,0.0,0.0
qwen25_15b,ac031881,longmemeval_s_full,168,geometry_keep_compress_drop,0.35,0,0.0,0.0,0.0,0.0,0.0,0.0
qwen25_15b,ac031881,longmemeval_s_full,168,semantic_query_conditioned_geometry_keep_compress_drop,0.35,0,0.0,0.0,0.0,0.0,0.0,0.0
qwen25_15b,ac031881,longmemeval_s_full,168,uniform,0.5,0,0.0,0.0,0.0,0.0,0.0,0.0
qwen25_15b,ac031881,longmemeval_s_full,168,semantic,0.5,0,0.0,0.0,0.0,0.0,0.0,0.0
qwen25_15b,ac031881,longmemeval_s_full,168,geometry,0.5,0,0.0,0.0,0.0,0.0,0.0,0.0
qwen25_15b,ac031881,longmemeval_s_full,168,geometry_keep_compress_drop,0.5,0,0.0,0.0,0.0,0.0,0.0,0.0
qwen25_15b,ac031881,longmemeval_s_full,168,semantic_query_conditioned_geometry_keep_compress_drop,0.5,0,0.0,0.0,0.0,0.0,0.0,0.0
qwen25_15b,ac031881,longmemeval_s_full,196,uniform,0.2,0,0.0,0.0,0.0,0.0,0.0,0.0
qwen25_15b,ac031881,longmemeval_s_full,196,semantic,0.2,0,0.0,0.0,0.0,0.0,0.0,0.0
qwen25_15b,ac031881,longmemeval_s_full,196,geometry,0.2,0,0.0,0.0,0.0,0.0,0.0,0.0
qwen25_15b,ac031881,longmemeval_s_full,196,geometry_keep_compress_drop,0.2,0,0.0,0.0,0.0,0.0,0.0,0.0
qwen25_15b,ac031881,longmemeval_s_full,196,semantic_query_conditioned_geometry_keep_compress_drop,0.2,0,0.0,0.0,0.0,0.0,0.0,0.0
qwen25_15b,ac031881,longmemeval_s_full,196,uniform,0.35,0,0.0,0.0,0.0,0.0,0.0,0.0
qwen25_15b,ac031881,longmemeval_s_full,196,semantic,0.35,0,0.0,0.0,0.0,0.0,0.0,0.0
qwen25_15b,ac031881,longmemeval_s_full,196,geometry,0.35,0,0.0,0.0,0.0,0.0,0.0,0.0
qwen25_15b,ac031881,longmemeval_s_full,196,geometry_keep_compress_drop,0.35,0,0.0,0.0,0.0,0.0,0.0,0.0
qwen25_15b,ac031881,longmemeval_s_full,196,semantic_query_conditioned_geometry_keep_compress_drop,0.35,0,0.0,0.0,0.0,0.0,0.0,0.0
qwen25_15b,ac031881,longmemeval_s_full,196,uniform,0.5,0,0.0,0.0,0.0,0.0,0.0,0.0
qwen25_15b,ac031881,longmemeval_s_full,196,semantic,0.5,0,0.0,0.0,0.0,0.0,0.0,0.0
qwen25_15b,ac031881,longmemeval_s_full,196,geometry,0.5,0,0.0,0.0,0.0,0.0,0.0,0.0
qwen25_15b,ac031881,longmemeval_s_full,196,geometry_keep_compress_drop,0.5,0,0.0,0.0,0.0,0.0,0.0,0.0
qwen25_15b,ac031881,longmemeval_s_full,196,semantic_query_conditioned_geometry_keep_compress_drop,0.5,0,0.0,0.0,0.0,0.0,0.0,0.0
qwen25_15b,ac031881,longmemeval_s_full,224,uniform,0.2,0,0.0,0.0,0.0,0.0,0.0,0.0
qwen25_15b,ac031881,longmemeval_s_full,224,semantic,0.2,0,0.0,0.0,0.0,0.0,0.0,0.0
qwen25_15b,ac031881,longmemeval_s_full,224,geometry,0.2,0,0.0,0.0,0.0,0.0,0.0,0.0
qwen25_15b,ac031881,longmemeval_s_full,224,geometry_keep_compress_drop,0.2,0,0.0,0.0,0.0,0.0,0.0,0.0
qwen25_15b,ac031881,longmemeval_s_full,224,semantic_query_conditioned_geometry_keep_compress_drop,0.2,0,0.0,0.0,0.0,0.0,0.0,0.0
qwen25_15b,ac031881,longmemeval_s_full,224,uniform,0.35,118,0.7754237288135594,91.5,0.0,0.0,0.7754237288135594,91.5
qwen25_15b,ac031881,longmemeval_s_full,224,semantic,0.35,0,0.0,0.0,0.0,0.0,0.0,0.0
qwen25_15b,ac031881,longmemeval_s_full,224,geometry,0.35,0,0.0,0.0,0.0,0.0,0.0,0.0
qwen25_15b,ac031881,longmemeval_s_full,224,geometry_keep_compress_drop,0.35,0,0.0,0.0,0.0,0.0,0.0,0.0
qwen25_15b,ac031881,longmemeval_s_full,224,semantic_query_conditioned_geometry_keep_compress_drop,0.35,0,0.0,0.0,0.0,0.0,0.0,0.0
qwen25_15b,ac031881,longmemeval_s_full,224,uniform,0.5,0,0.0,0.0,0.0,0.0,0.0,0.0
qwen25_15b,ac031881,longmemeval_s_full,224,semantic,0.5,0,0.0,0.0,0.0,0.0,0.0,0.0
qwen25_15b,ac031881,longmemeval_s_full,224,geometry,0.5,0,0.0,0.0,0.0,0.0,0.0,0.0
qwen25_15b,ac031881,longmemeval_s_full,224,geometry_keep_compress_drop,0.5,0,0.0,0.0,0.0,0.0,0.0,0.0
qwen25_15b,ac031881,longmemeval_s_full,224,semantic_query_conditioned_geometry_keep_compress_drop,0.5,0,0.0,0.0,0.0,0.0,0.0,0.0
qwen25_15b,ac031881,longmemeval_s_full,252,uniform,0.2,0,0.0,0.0,0.0,0.0,0.0,0.0
qwen25_15b,ac031881,longmemeval_s_full,252,semantic,0.2,0,0.0,0.0,0.0,0.0,0.0,0.0
qwen25_15b,ac031881,longmemeval_s_full,252,geometry,0.2,0,0.0,0.0,0.0,0.0,0.0,0.0
qwen25_15b,ac031881,longmemeval_s_full,252,geometry_keep_compress_drop,0.2,0,0.0,0.0,0.0,0.0,0.0,0.0
qwen25_15b,ac031881,longmemeval_s_full,252,semantic_query_conditioned_geometry_keep_compress_drop,0.2,0,0.0,0.0,0.0,0.0,0.0,0.0
qwen25_15b,ac031881,longmemeval_s_full,252,uniform,0.35,0,0.0,0.0,0.0,0.0,0.0,0.0
qwen25_15b,ac031881,longmemeval_s_full,252,semantic,0.35,0,0.0,0.0,0.0,0.0,0.0,0.0
qwen25_15b,ac031881,longmemeval_s_full,252,geometry,0.35,0,0.0,0.0,0.0,0.0,0.0,0.0
qwen25_15b,ac031881,longmemeval_s_full,252,geometry_keep_compress_drop,0.35,0,0.0,0.0,0.0,0.0,0.0,0.0
qwen25_15b,ac031881,longmemeval_s_full,252,semantic_query_conditioned_geometry_keep_compress_drop,0.35,0,0.0,0.0,0.0,0.0,0.0,0.0
qwen25_15b,ac031881,longmemeval_s_full,252,uniform,0.5,0,0.0,0.0,0.0,0.0,0.0,0.0
qwen25_15b,ac031881,longmemeval_s_full,252,semantic,0.5,0,0.0,0.0,0.0,0.0,0.0,0.0
qwen25_15b,ac031881,longmemeval_s_full,252,geometry,0.5,0,0.0,0.0,0.0,0.0,0.0,0.0
qwen25_15b,ac031881,longmemeval_s_full,252,geometry_keep_compress_drop,0.5,0,0.0,0.0,0.0,0.0,0.0,0.0
qwen25_15b,ac031881,longmemeval_s_full,252,semantic_query_conditioned_geometry_keep_compress_drop,0.5,0,0.0,0.0,0.0,0.0,0.0,0.0
qwen25_15b,ac031881,longmemeval_s_full,280,uniform,0.2,0,0.0,0.0,0.0,0.0,0.0,0.0
qwen25_15b,ac031881,longmemeval_s_full,280,semantic,0.2,0,0.0,0.0,0.0,0.0,0.0,0.0
qwen25_15b,ac031881,longmemeval_s_full,280,geometry,0.2,0,0.0,0.0,0.0,0.0,0.0,0.0
qwen25_15b,ac031881,longmemeval_s_full,280,geometry_keep_compress_drop,0.2,0,0.0,0.0,0.0,0.0,0.0,0.0
qwen25_15b,ac031881,longmemeval_s_full,280,semantic_query_conditioned_geometry_keep_compress_drop,0.2,0,0.0,0.0,0.0,0.0,0.0,0.0
qwen25_15b,ac031881,longmemeval_s_full,280,uniform,0.35,0,0.0,0.0,0.0,0.0,0.0,0.0
qwen25_15b,ac031881,longmemeval_s_full,280,semantic,0.35,0,0.0,0.0,0.0,0.0,0.0,0.0
qwen25_15b,ac031881,longmemeval_s_full,280,geometry,0.35,0,0.0,0.0,0.0,0.0,0.0,0.0
qwen25_15b,ac031881,longmemeval_s_full,280,geometry_keep_compress_drop,0.35,0,0.0,0.0,0.0,0.0,0.0,0.0
qwen25_15b,ac031881,longmemeval_s_full,280,semantic_query_conditioned_geometry_keep_compress_drop,0.35,0,0.0,0.0,0.0,0.0,0.0,0.0
qwen25_15b,ac031881,longmemeval_s_full,280,uniform,0.5,0,0.0,0.0,0.0,0.0,0.0,0.0
qwen25_15b,ac031881,longmemeval_s_full,280,semantic,0.5,0,0.0,0.0,0.0,0.0,0.0,0.0
qwen25_15b,ac031881,longmemeval_s_full,280,geometry,0.5,0,0.0,0.0,0.0,0.0,0.0,0.0
qwen25_15b,ac031881,longmemeval_s_full,280,geometry_keep_compress_drop,0.5,0,0.0,0.0,0.0,0.0,0.0,0.0
qwen25_15b,ac031881,longmemeval_s_full,280,semantic_query_conditioned_geometry_keep_compress_drop,0.5,0,0.0,0.0,0.0,0.0,0.0,0.0
qwen25_15b,ac031881,longmemeval_s_full,308,uniform,0.2,0,0.0,0.0,0.0,0.0,0.0,0.0
qwen25_15b,ac031881,longmemeval_s_full,308,semantic,0.2,0,0.0,0.0,0.0,0.0,0.0,0.0
qwen25_15b,ac031881,longmemeval_s_full,308,geometry,0.2,0,0.0,0.0,0.0,0.0,0.0,0.0
qwen25_15b,ac031881,longmemeval_s_full,308,geometry_keep_compress_drop,0.2,0,0.0,0.0,0.0,0.0,0.0,0.0
qwen25_15b,ac031881,longmemeval_s_full,308,semantic_query_conditioned_geometry_keep_compress_drop,0.2,0,0.0,0.0,0.0,0.0,0.0,0.0
qwen25_15b,ac031881,longmemeval_s_full,308,uniform,0.35,0,0.0,0.0,0.0,0.0,0.0,0.0
qwen25_15b,ac031881,longmemeval_s_full,308,semantic,0.35,0,0.0,0.0,0.0,0.0,0.0,0.0
qwen25_15b,ac031881,longmemeval_s_full,308,geometry,0.35,0,0.0,0.0,0.0,0.0,0.0,0.0
qwen25_15b,ac031881,longmemeval_s_full,308,geometry_keep_compress_drop,0.35,0,0.0,0.0,0.0,0.0,0.0,0.0
qwen25_15b,ac031881,longmemeval_s_full,308,semantic_query_conditioned_geometry_keep_compress_drop,0.35,0,0.0,0.0,0.0,0.0,0.0,0.0
qwen25_15b,ac031881,longmemeval_s_full,308,uniform,0.5,0,0.0,0.0,0.0,0.0,0.0,0.0
qwen25_15b,ac031881,longmemeval_s_full,308,semantic,0.5,0,0.0,0.0,0.0,0.0,0.0,0.0
qwen25_15b,ac031881,longmemeval_s_full,308,geometry,0.5,0,0.0,0.0,0.0,0.0,0.0,0.0
qwen25_15b,ac031881,longmemeval_s_full,308,geometry_keep_compress_drop,0.5,0,0.0,0.0,0.0,0.0,0.0,0.0
qwen25_15b,ac031881,longmemeval_s_full,308,semantic_query_conditioned_geometry_keep_compress_drop,0.5,0,0.0,0.0,0.0,0.0,0.0,0.0
qwen25_15b,ac031881,longmemeval_s_full,336,uniform,0.2,0,0.0,0.0,0.0,0.0,0.0,0.0
qwen25_15b,ac031881,longmemeval_s_full,336,semantic,0.2,0,0.0,0.0,0.0,0.0,0.0,0.0
qwen25_15b,ac031881,longmemeval_s_full,336,geometry,0.2,0,0.0,0.0,0.0,0.0,0.0,0.0
qwen25_15b,ac031881,longmemeval_s_full,336,geometry_keep_compress_drop,0.2,0,0.0,0.0,0.0,0.0,0.0,0.0
qwen25_15b,ac031881,longmemeval_s_full,336,semantic_query_conditioned_geometry_keep_compress_drop,0.2,0,0.0,0.0,0.0,0.0,0.0,0.0
qwen25_15b,ac031881,longmemeval_s_full,336,uniform,0.35,0,0.0,0.0,0.0,0.0,0.0,0.0
qwen25_15b,ac031881,longmemeval_s_full,336,semantic,0.35,0,0.0,0.0,0.0,0.0,0.0,0.0
qwen25_15b,ac031881,longmemeval_s_full,336,geometry,0.35,0,0.0,0.0,0.0,0.0,0.0,0.0
qwen25_15b,ac031881,longmemeval_s_full,336,geometry_keep_compress_drop,0.35,0,0.0,0.0,0.0,0.0,0.0,0.0
qwen25_15b,ac031881,longmemeval_s_full,336,semantic_query_conditioned_geometry_keep_compress_drop,0.35,0,0.0,0.0,0.0,0.0,0.0,0.0
qwen25_15b,ac031881,longmemeval_s_full,336,uniform,0.5,0,0.0,0.0,0.0,0.0,0.0,0.0
qwen25_15b,ac031881,longmemeval_s_full,336,semantic,0.5,0,0.0,0.0,0.0,0.0,0.0,0.0
qwen25_15b,ac031881,longmemeval_s_full,336,geometry,0.5,0,0.0,0.0,0.0,0.0,0.0,0.0
qwen25_15b,ac031881,longmemeval_s_full,336,geometry_keep_compress_drop,0.5,0,0.0,0.0,0.0,0.0,0.0,0.0
qwen25_15b,ac031881,longmemeval_s_full,336,semantic_query_conditioned_geometry_keep_compress_drop,0.5,0,0.0,0.0,0.0,0.0,0.0,0.0
qwen25_15b,ac031881,longmemeval_s_full,364,uniform,0.2,0,0.0,0.0,0.0,0.0,0.0,0.0
qwen25_15b,ac031881,longmemeval_s_full,364,semantic,0.2,0,0.0,0.0,0.0,0.0,0.0,0.0
qwen25_15b,ac031881,longmemeval_s_full,364,geometry,0.2,0,0.0,0.0,0.0,0.0,0.0,0.0
qwen25_15b,ac031881,longmemeval_s_full,364,geometry_keep_compress_drop,0.2,0,0.0,0.0,0.0,0.0,0.0,0.0
qwen25_15b,ac031881,longmemeval_s_full,364,semantic_query_conditioned_geometry_keep_compress_drop,0.2,0,0.0,0.0,0.0,0.0,0.0,0.0
qwen25_15b,ac031881,longmemeval_s_full,364,uniform,0.35,0,0.0,0.0,0.0,0.0,0.0,0.0
qwen25_15b,ac031881,longmemeval_s_full,364,semantic,0.35,0,0.0,0.0,0.0,0.0,0.0,0.0
qwen25_15b,ac031881,longmemeval_s_full,364,geometry,0.35,0,0.0,0.0,0.0,0.0,0.0,0.0
qwen25_15b,ac031881,longmemeval_s_full,364,geometry_keep_compress_drop,0.35,0,0.0,0.0,0.0,0.0,0.0,0.0
qwen25_15b,ac031881,longmemeval_s_full,364,semantic_query_conditioned_geometry_keep_compress_drop,0.35,0,0.0,0.0,0.0,0.0,0.0,0.0
qwen25_15b,ac031881,longmemeval_s_full,364,uniform,0.5,0,0.0,0.0,0.0,0.0,0.0,0.0
qwen25_15b,ac031881,longmemeval_s_full,364,semantic,0.5,0,0.0,0.0,0.0,0.0,0.0,0.0
qwen25_15b,ac031881,longmemeval_s_full,364,geometry,0.5,0,0.0,0.0,0.0,0.0,0.0,0.0
qwen25_15b,ac031881,longmemeval_s_full,364,geometry_keep_compress_drop,0.5,0,0.0,0.0,0.0,0.0,0.0,0.0
qwen25_15b,ac031881,longmemeval_s_full,364,semantic_query_conditioned_geometry_keep_compress_drop,0.5,0,0.0,0.0,0.0,0.0,0.0,0.0
qwen25_15b,ac031881,longmemeval_s_full,392,uniform,0.2,0,0.0,0.0,0.0,0.0,0.0,0.0
qwen25_15b,ac031881,longmemeval_s_full,392,semantic,0.2,0,0.0,0.0,0.0,0.0,0.0,0.0
qwen25_15b,ac031881,longmemeval_s_full,392,geometry,0.2,0,0.0,0.0,0.0,0.0,0.0,0.0
qwen25_15b,ac031881,longmemeval_s_full,392,geometry_keep_compress_drop,0.2,0,0.0,0.0,0.0,0.0,0.0,0.0
qwen25_15b,ac031881,longmemeval_s_full,392,semantic_query_conditioned_geometry_keep_compress_drop,0.2,0,0.0,0.0,0.0,0.0,0.0,0.0
qwen25_15b,ac031881,longmemeval_s_full,392,uniform,0.35,0,0.0,0.0,0.0,0.0,0.0,0.0
qwen25_15b,ac031881,longmemeval_s_full,392,semantic,0.35,0,0.0,0.0,0.0,0.0,0.0,0.0
qwen25_15b,ac031881,longmemeval_s_full,392,geometry,0.35,0,0.0,0.0,0.0,0.0,0.0,0.0
qwen25_15b,ac031881,longmemeval_s_full,392,geometry_keep_compress_drop,0.35,0,0.0,0.0,0.0,0.0,0.0,0.0
qwen25_15b,ac031881,longmemeval_s_full,392,semantic_query_conditioned_geometry_keep_compress_drop,0.35,0,0.0,0.0,0.0,0.0,0.0,0.0
qwen25_15b,ac031881,longmemeval_s_full,392,uniform,0.5,0,0.0,0.0,0.0,0.0,0.0,0.0
qwen25_15b,ac031881,longmemeval_s_full,392,semantic,0.5,0,0.0,0.0,0.0,0.0,0.0,0.0
qwen25_15b,ac031881,longmemeval_s_full,392,geometry,0.5,0,0.0,0.0,0.0,0.0,0.0,0.0
qwen25_15b,ac031881,longmemeval_s_full,392,geometry_keep_compress_drop,0.5,0,0.0,0.0,0.0,0.0,0.0,0.0
qwen25_15b,ac031881,longmemeval_s_full,392,semantic_query_conditioned_geometry_keep_compress_drop,0.5,0,0.0,0.0,0.0,0.0,0.0,0.0
qwen25_15b,ac031881,longmemeval_s_full,416,uniform,0.2,0,0.0,0.0,0.0,0.0,0.0,0.0
qwen25_15b,ac031881,longmemeval_s_full,416,semantic,0.2,0,0.0,0.0,0.0,0.0,0.0,0.0
qwen25_15b,ac031881,longmemeval_s_full,416,geometry,0.2,0,0.0,0.0,0.0,0.0,0.0,0.0
qwen25_15b,ac031881,longmemeval_s_full,416,geometry_keep_compress_drop,0.2,0,0.0,0.0,0.0,0.0,0.0,0.0
qwen25_15b,ac031881,longmemeval_s_full,416,semantic_query_conditioned_geometry_keep_compress_drop,0.2,0,0.0,0.0,0.0,0.0,0.0,0.0
qwen25_15b,ac031881,longmemeval_s_full,416,uniform,0.35,0,0.0,0.0,0.0,0.0,0.0,0.0
qwen25_15b,ac031881,longmemeval_s_full,416,semantic,0.35,0,0.0,0.0,0.0,0.0,0.0,0.0
qwen25_15b,ac031881,longmemeval_s_full,416,geometry,0.35,0,0.0,0.0,0.0,0.0,0.0,0.0
qwen25_15b,ac031881,longmemeval_s_full,416,geometry_keep_compress_drop,0.35,0,0.0,0.0,0.0,0.0,0.0,0.0
qwen25_15b,ac031881,longmemeval_s_full,416,semantic_query_conditioned_geometry_keep_compress_drop,0.35,0,0.0,0.0,0.0,0.0,0.0,0.0
qwen25_15b,ac031881,longmemeval_s_full,416,uniform,0.5,0,0.0,0.0,0.0,0.0,0.0,0.0
qwen25_15b,ac031881,longmemeval_s_full,416,semantic,0.5,0,0.0,0.0,0.0,0.0,0.0,0.0
qwen25_15b,ac031881,longmemeval_s_full,416,geometry,0.5,0,0.0,0.0,0.0,0.0,0.0,0.0
qwen25_15b,ac031881,longmemeval_s_full,416,geometry_keep_compress_drop,0.5,0,0.0,0.0,0.0,0.0,0.0,0.0
qwen25_15b,ac031881,longmemeval_s_full,416,semantic_query_conditioned_geometry_keep_compress_drop,0.5,0,0.0,0.0,0.0,0.0,0.0,0.0
qwen25_15b,ef9cf60a,longmemeval_s_full,4,uniform,0.2,326,1.1226993865030674,366.0,1.1104294478527608,362.0,0.012269938650306678,4.0
qwen25_15b,ef9cf60a,longmemeval_s_full,4,semantic,0.2,326,1.1226993865030674,366.0,1.1104294478527608,362.0,0.012269938650306678,4.0
qwen25_15b,ef9cf60a,longmemeval_s_full,4,geometry,0.2,326,1.1226993865030674,366.0,1.1104294478527608,362.0,0.012269938650306678,4.0
qwen25_15b,ef9cf60a,longmemeval_s_full,4,geometry_keep_compress_drop,0.2,326,1.1288343558282208,368.0,1.1104294478527608,362.0,0.018404907975460016,6.0
qwen25_15b,ef9cf60a,longmemeval_s_full,4,semantic_query_conditioned_geometry_keep_compress_drop,0.2,326,1.1226993865030674,366.0,1.1104294478527608,362.0,0.012269938650306678,4.0
qwen25_15b,ef9cf60a,longmemeval_s_full,4,uniform,0.35,326,1.1226993865030674,366.0,1.1104294478527608,362.0,0.012269938650306678,4.0
qwen25_15b,ef9cf60a,longmemeval_s_full,4,semantic,0.35,326,1.1226993865030674,366.0,1.1104294478527608,362.0,0.012269938650306678,4.0
qwen25_15b,ef9cf60a,longmemeval_s_full,4,geometry,0.35,326,1.1226993865030674,366.0,1.1104294478527608,362.0,0.012269938650306678,4.0
qwen25_15b,ef9cf60a,longmemeval_s_full,4,geometry_keep_compress_drop,0.35,326,1.1288343558282208,368.0,1.1104294478527608,362.0,0.018404907975460016,6.0
qwen25_15b,ef9cf60a,longmemeval_s_full,4,semantic_query_conditioned_geometry_keep_compress_drop,0.35,326,1.1226993865030674,366.0,1.1104294478527608,362.0,0.012269938650306678,4.0
qwen25_15b,ef9cf60a,longmemeval_s_full,4,uniform,0.5,326,1.1226993865030674,366.0,1.1104294478527608,362.0,0.012269938650306678,4.0
qwen25_15b,ef9cf60a,longmemeval_s_full,4,semantic,0.5,326,1.1226993865030674,366.0,1.1104294478527608,362.0,0.012269938650306678,4.0
qwen25_15b,ef9cf60a,longmemeval_s_full,4,geometry,0.5,326,1.1226993865030674,366.0,1.1104294478527608,362.0,0.012269938650306678,4.0
qwen25_15b,ef9cf60a,longmemeval_s_full,4,geometry_keep_compress_drop,0.5,326,1.1288343558282208,368.0,1.1104294478527608,362.0,0.018404907975460016,6.0
qwen25_15b,ef9cf60a,longmemeval_s_full,4,semantic_query_conditioned_geometry_keep_compress_drop,0.5,326,1.1226993865030674,366.0,1.1104294478527608,362.0,0.012269938650306678,4.0
qwen25_15b,ef9cf60a,longmemeval_s_full,32,uniform,0.2,0,0.0,0.0,0.0,0.0,0.0,0.0
qwen25_15b,ef9cf60a,longmemeval_s_full,32,semantic,0.2,0,0.0,0.0,0.0,0.0,0.0,0.0
qwen25_15b,ef9cf60a,longmemeval_s_full,32,geometry,0.2,0,0.0,0.0,0.0,0.0,0.0,0.0
qwen25_15b,ef9cf60a,longmemeval_s_full,32,geometry_keep_compress_drop,0.2,0,0.0,0.0,0.0,0.0,0.0,0.0
qwen25_15b,ef9cf60a,longmemeval_s_full,32,semantic_query_conditioned_geometry_keep_compress_drop,0.2,0,0.0,0.0,0.0,0.0,0.0,0.0
qwen25_15b,ef9cf60a,longmemeval_s_full,32,uniform,0.35,0,0.0,0.0,0.0,0.0,0.0,0.0
qwen25_15b,ef9cf60a,longmemeval_s_full,32,semantic,0.35,0,0.0,0.0,0.0,0.0,0.0,0.0
qwen25_15b,ef9cf60a,longmemeval_s_full,32,geometry,0.35,0,0.0,0.0,0.0,0.0,0.0,0.0
qwen25_15b,ef9cf60a,longmemeval_s_full,32,geometry_keep_compress_drop,0.35,0,0.0,0.0,0.0,0.0,0.0,0.0
qwen25_15b,ef9cf60a,longmemeval_s_full,32,semantic_query_conditioned_geometry_keep_compress_drop,0.35,0,0.0,0.0,0.0,0.0,0.0,0.0
qwen25_15b,ef9cf60a,longmemeval_s_full,32,uniform,0.5,0,0.0,0.0,0.0,0.0,0.0,0.0
qwen25_15b,ef9cf60a,longmemeval_s_full,32,semantic,0.5,0,0.0,0.0,0.0,0.0,0.0,0.0
qwen25_15b,ef9cf60a,longmemeval_s_full,32,geometry,0.5,0,0.0,0.0,0.0,0.0,0.0,0.0
qwen25_15b,ef9cf60a,longmemeval_s_full,32,geometry_keep_compress_drop,0.5,0,0.0,0.0,0.0,0.0,0.0,0.0
qwen25_15b,ef9cf60a,longmemeval_s_full,32,semantic_query_conditioned_geometry_keep_compress_drop,0.5,0,0.0,0.0,0.0,0.0,0.0,0.0
qwen25_15b,ef9cf60a,longmemeval_s_full,60,uniform,0.2,0,0.0,0.0,0.0,0.0,0.0,0.0
qwen25_15b,ef9cf60a,longmemeval_s_full,60,semantic,0.2,0,0.0,0.0,0.0,0.0,0.0,0.0
qwen25_15b,ef9cf60a,longmemeval_s_full,60,geometry,0.2,0,0.0,0.0,0.0,0.0,0.0,0.0
qwen25_15b,ef9cf60a,longmemeval_s_full,60,geometry_keep_compress_drop,0.2,0,0.0,0.0,0.0,0.0,0.0,0.0
qwen25_15b,ef9cf60a,longmemeval_s_full,60,semantic_query_conditioned_geometry_keep_compress_drop,0.2,0,0.0,0.0,0.0,0.0,0.0,0.0
qwen25_15b,ef9cf60a,longmemeval_s_full,60,uniform,0.35,0,0.0,0.0,0.0,0.0,0.0,0.0
qwen25_15b,ef9cf60a,longmemeval_s_full,60,semantic,0.35,0,0.0,0.0,0.0,0.0,0.0,0.0
qwen25_15b,ef9cf60a,longmemeval_s_full,60,geometry,0.35,0,0.0,0.0,0.0,0.0,0.0,0.0
qwen25_15b,ef9cf60a,longmemeval_s_full,60,geometry_keep_compress_drop,0.35,0,0.0,0.0,0.0,0.0,0.0,0.0
qwen25_15b,ef9cf60a,longmemeval_s_full,60,semantic_query_conditioned_geometry_keep_compress_drop,0.35,0,0.0,0.0,0.0,0.0,0.0,0.0
qwen25_15b,ef9cf60a,longmemeval_s_full,60,uniform,0.5,0,0.0,0.0,0.0,0.0,0.0,0.0
qwen25_15b,ef9cf60a,longmemeval_s_full,60,semantic,0.5,0,0.0,0.0,0.0,0.0,0.0,0.0
qwen25_15b,ef9cf60a,longmemeval_s_full,60,geometry,0.5,0,0.0,0.0,0.0,0.0,0.0,0.0
qwen25_15b,ef9cf60a,longmemeval_s_full,60,geometry_keep_compress_drop,0.5,0,0.0,0.0,0.0,0.0,0.0,0.0
qwen25_15b,ef9cf60a,longmemeval_s_full,60,semantic_query_conditioned_geometry_keep_compress_drop,0.5,0,0.0,0.0,0.0,0.0,0.0,0.0
qwen25_15b,ef9cf60a,longmemeval_s_full,464,uniform,0.2,0,0.0,0.0,0.0,0.0,0.0,0.0
qwen25_15b,ef9cf60a,longmemeval_s_full,464,semantic,0.2,0,0.0,0.0,0.0,0.0,0.0,0.0
qwen25_15b,ef9cf60a,longmemeval_s_full,464,geometry,0.2,0,0.0,0.0,0.0,0.0,0.0,0.0
qwen25_15b,ef9cf60a,longmemeval_s_full,464,geometry_keep_compress_drop,0.2,42,0.9642857142857143,40.5,0.0,0.0,0.9642857142857143,40.5
qwen25_15b,ef9cf60a,longmemeval_s_full,464,semantic_query_conditioned_geometry_keep_compress_drop,0.2,0,0.0,0.0,0.0,0.0,0.0,0.0
qwen25_15b,ef9cf60a,longmemeval_s_full,464,uniform,0.35,0,0.0,0.0,0.0,0.0,0.0,0.0
qwen25_15b,ef9cf60a,longmemeval_s_full,464,semantic,0.35,0,0.0,0.0,0.0,0.0,0.0,0.0
qwen25_15b,ef9cf60a,longmemeval_s_full,464,geometry,0.35,0,0.0,0.0,0.0,0.0,0.0,0.0
qwen25_15b,ef9cf60a,longmemeval_s_full,464,geometry_keep_compress_drop,0.35,0,0.0,0.0,0.0,0.0,0.0,0.0
qwen25_15b,ef9cf60a,longmemeval_s_full,464,semantic_query_conditioned_geometry_keep_compress_drop,0.35,0,0.0,0.0,0.0,0.0,0.0,0.0
qwen25_15b,ef9cf60a,longmemeval_s_full,464,uniform,0.5,0,0.0,0.0,0.0,0.0,0.0,0.0
qwen25_15b,ef9cf60a,longmemeval_s_full,464,semantic,0.5,0,0.0,0.0,0.0,0.0,0.0,0.0
qwen25_15b,ef9cf60a,longmemeval_s_full,464,geometry,0.5,0,0.0,0.0,0.0,0.0,0.0,0.0
qwen25_15b,ef9cf60a,longmemeval_s_full,464,geometry_keep_compress_drop,0.5,0,0.0,0.0,0.0,0.0,0.0,0.0
qwen25_15b,ef9cf60a,longmemeval_s_full,464,semantic_query_conditioned_geometry_keep_compress_drop,0.5,0,0.0,0.0,0.0,0.0,0.0,0.0
qwen25_15b,ef9cf60a,longmemeval_s_full,492,uniform,0.2,0,0.0,0.0,0.0,0.0,0.0,0.0
qwen25_15b,ef9cf60a,longmemeval_s_full,492,semantic,0.2,0,0.0,0.0,0.0,0.0,0.0,0.0
qwen25_15b,ef9cf60a,longmemeval_s_full,492,geometry,0.2,0,0.0,0.0,0.0,0.0,0.0,0.0
qwen25_15b,ef9cf60a,longmemeval_s_full,492,geometry_keep_compress_drop,0.2,0,0.0,0.0,0.0,0.0,0.0,0.0
qwen25_15b,ef9cf60a,longmemeval_s_full,492,semantic_query_conditioned_geometry_keep_compress_drop,0.2,0,0.0,0.0,0.0,0.0,0.0,0.0
qwen25_15b,ef9cf60a,longmemeval_s_full,492,uniform,0.35,0,0.0,0.0,0.0,0.0,0.0,0.0
qwen25_15b,ef9cf60a,longmemeval_s_full,492,semantic,0.35,0,0.0,0.0,0.0,0.0,0.0,0.0
qwen25_15b,ef9cf60a,longmemeval_s_full,492,geometry,0.35,0,0.0,0.0,0.0,0.0,0.0,0.0
qwen25_15b,ef9cf60a,longmemeval_s_full,492,geometry_keep_compress_drop,0.35,0,0.0,0.0,0.0,0.0,0.0,0.0
qwen25_15b,ef9cf60a,longmemeval_s_full,492,semantic_query_conditioned_geometry_keep_compress_drop,0.35,0,0.0,0.0,0.0,0.0,0.0,0.0
qwen25_15b,ef9cf60a,longmemeval_s_full,492,uniform,0.5,0,0.0,0.0,0.0,0.0,0.0,0.0
qwen25_15b,ef9cf60a,longmemeval_s_full,492,semantic,0.5,0,0.0,0.0,0.0,0.0,0.0,0.0
qwen25_15b,ef9cf60a,longmemeval_s_full,492,geometry,0.5,0,0.0,0.0,0.0,0.0,0.0,0.0
qwen25_15b,ef9cf60a,longmemeval_s_full,492,geometry_keep_compress_drop,0.5,0,0.0,0.0,0.0,0.0,0.0,0.0
qwen25_15b,ef9cf60a,longmemeval_s_full,492,semantic_query_conditioned_geometry_keep_compress_drop,0.5,0,0.0,0.0,0.0,0.0,0.0,0.0
qwen25_15b,ef9cf60a,longmemeval_s_full,520,uniform,0.2,0,0.0,0.0,0.0,0.0,0.0,0.0
qwen25_15b,ef9cf60a,longmemeval_s_full,520,semantic,0.2,0,0.0,0.0,0.0,0.0,0.0,0.0
qwen25_15b,ef9cf60a,longmemeval_s_full,520,geometry,0.2,0,0.0,0.0,0.0,0.0,0.0,0.0
qwen25_15b,ef9cf60a,longmemeval_s_full,520,geometry_keep_compress_drop,0.2,0,0.0,0.0,0.0,0.0,0.0,0.0
qwen25_15b,ef9cf60a,longmemeval_s_full,520,semantic_query_conditioned_geometry_keep_compress_drop,0.2,0,0.0,0.0,0.0,0.0,0.0,0.0
qwen25_15b,ef9cf60a,longmemeval_s_full,520,uniform,0.35,0,0.0,0.0,0.0,0.0,0.0,0.0
qwen25_15b,ef9cf60a,longmemeval_s_full,520,semantic,0.35,0,0.0,0.0,0.0,0.0,0.0,0.0
qwen25_15b,ef9cf60a,longmemeval_s_full,520,geometry,0.35,0,0.0,0.0,0.0,0.0,0.0,0.0
qwen25_15b,ef9cf60a,longmemeval_s_full,520,geometry_keep_compress_drop,0.35,0,0.0,0.0,0.0,0.0,0.0,0.0
qwen25_15b,ef9cf60a,longmemeval_s_full,520,semantic_query_conditioned_geometry_keep_compress_drop,0.35,0,0.0,0.0,0.0,0.0,0.0,0.0
qwen25_15b,ef9cf60a,longmemeval_s_full,520,uniform,0.5,0,0.0,0.0,0.0,0.0,0.0,0.0
qwen25_15b,ef9cf60a,longmemeval_s_full,520,semantic,0.5,0,0.0,0.0,0.0,0.0,0.0,0.0
qwen25_15b,ef9cf60a,longmemeval_s_full,520,geometry,0.5,0,0.0,0.0,0.0,0.0,0.0,0.0
qwen25_15b,ef9cf60a,longmemeval_s_full,520,geometry_keep_compress_drop,0.5,0,0.0,0.0,0.0,0.0,0.0,0.0
qwen25_15b,ef9cf60a,longmemeval_s_full,520,semantic_query_conditioned_geometry_keep_compress_drop,0.5,0,0.0,0.0,0.0,0.0,0.0,0.0
qwen25_15b,gpt4_5501fe77,longmemeval_s_full,4,uniform,0.2,199,0.7185929648241206,143.0,0.7236180904522613,144.0,-0.005025125628140725,-1.0
qwen25_15b,gpt4_5501fe77,longmemeval_s_full,4,semantic,0.2,199,0.7185929648241206,143.0,0.7236180904522613,144.0,-0.005025125628140725,-1.0
qwen25_15b,gpt4_5501fe77,longmemeval_s_full,4,geometry,0.2,199,0.7185929648241206,143.0,0.7236180904522613,144.0,-0.005025125628140725,-1.0
qwen25_15b,gpt4_5501fe77,longmemeval_s_full,4,geometry_keep_compress_drop,0.2,199,0.7236180904522613,144.0,0.7236180904522613,144.0,0.0,0.0
qwen25_15b,gpt4_5501fe77,longmemeval_s_full,4,semantic_query_conditioned_geometry_keep_compress_drop,0.2,199,0.7185929648241206,143.0,0.7236180904522613,144.0,-0.005025125628140725,-1.0
qwen25_15b,gpt4_5501fe77,longmemeval_s_full,4,uniform,0.35,199,0.7185929648241206,143.0,0.7236180904522613,144.0,-0.005025125628140725,-1.0
qwen25_15b,gpt4_5501fe77,longmemeval_s_full,4,semantic,0.35,199,0.7185929648241206,143.0,0.7236180904522613,144.0,-0.005025125628140725,-1.0
qwen25_15b,gpt4_5501fe77,longmemeval_s_full,4,geometry,0.35,199,0.7185929648241206,143.0,0.7236180904522613,144.0,-0.005025125628140725,-1.0
qwen25_15b,gpt4_5501fe77,longmemeval_s_full,4,geometry_keep_compress_drop,0.35,199,0.7236180904522613,144.0,0.7236180904522613,144.0,0.0,0.0
qwen25_15b,gpt4_5501fe77,longmemeval_s_full,4,semantic_query_conditioned_geometry_keep_compress_drop,0.35,199,0.7185929648241206,143.0,0.7236180904522613,144.0,-0.005025125628140725,-1.0
qwen25_15b,gpt4_5501fe77,longmemeval_s_full,4,uniform,0.5,199,0.7185929648241206,143.0,0.7236180904522613,144.0,-0.005025125628140725,-1.0
qwen25_15b,gpt4_5501fe77,longmemeval_s_full,4,semantic,0.5,199,0.7185929648241206,143.0,0.7236180904522613,144.0,-0.005025125628140725,-1.0
qwen25_15b,gpt4_5501fe77,longmemeval_s_full,4,geometry,0.5,199,0.7185929648241206,143.0,0.7236180904522613,144.0,-0.005025125628140725,-1.0
qwen25_15b,gpt4_5501fe77,longmemeval_s_full,4,geometry_keep_compress_drop,0.5,199,0.7236180904522613,144.0,0.7236180904522613,144.0,0.0,0.0
qwen25_15b,gpt4_5501fe77,longmemeval_s_full,4,semantic_query_conditioned_geometry_keep_compress_drop,0.5,199,0.7185929648241206,143.0,0.7236180904522613,144.0,-0.005025125628140725,-1.0
qwen25_15b,gpt4_5501fe77,longmemeval_s_full,32,uniform,0.2,0,0.0,0.0,0.0,0.0,0.0,0.0
qwen25_15b,gpt4_5501fe77,longmemeval_s_full,32,semantic,0.2,0,0.0,0.0,0.0,0.0,0.0,0.0
qwen25_15b,gpt4_5501fe77,longmemeval_s_full,32,geometry,0.2,0,0.0,0.0,0.0,0.0,0.0,0.0
qwen25_15b,gpt4_5501fe77,longmemeval_s_full,32,geometry_keep_compress_drop,0.2,0,0.0,0.0,0.0,0.0,0.0,0.0
qwen25_15b,gpt4_5501fe77,longmemeval_s_full,32,semantic_query_conditioned_geometry_keep_compress_drop,0.2,0,0.0,0.0,0.0,0.0,0.0,0.0
qwen25_15b,gpt4_5501fe77,longmemeval_s_full,32,uniform,0.35,0,0.0,0.0,0.0,0.0,0.0,0.0
qwen25_15b,gpt4_5501fe77,longmemeval_s_full,32,semantic,0.35,0,0.0,0.0,0.0,0.0,0.0,0.0
qwen25_15b,gpt4_5501fe77,longmemeval_s_full,32,geometry,0.35,0,0.0,0.0,0.0,0.0,0.0,0.0
qwen25_15b,gpt4_5501fe77,longmemeval_s_full,32,geometry_keep_compress_drop,0.35,0,0.0,0.0,0.0,0.0,0.0,0.0
qwen25_15b,gpt4_5501fe77,longmemeval_s_full,32,semantic_query_conditioned_geometry_keep_compress_drop,0.35,0,0.0,0.0,0.0,0.0,0.0,0.0
qwen25_15b,gpt4_5501fe77,longmemeval_s_full,32,uniform,0.5,0,0.0,0.0,0.0,0.0,0.0,0.0
qwen25_15b,gpt4_5501fe77,longmemeval_s_full,32,semantic,0.5,0,0.0,0.0,0.0,0.0,0.0,0.0
qwen25_15b,gpt4_5501fe77,longmemeval_s_full,32,geometry,0.5,0,0.0,0.0,0.0,0.0,0.0,0.0
qwen25_15b,gpt4_5501fe77,longmemeval_s_full,32,geometry_keep_compress_drop,0.5,0,0.0,0.0,0.0,0.0,0.0,0.0
qwen25_15b,gpt4_5501fe77,longmemeval_s_full,32,semantic_query_conditioned_geometry_keep_compress_drop,0.5,0,0.0,0.0,0.0,0.0,0.0,0.0
qwen25_15b,gpt4_5501fe77,longmemeval_s_full,56,uniform,0.2,0,0.0,0.0,0.0,0.0,0.0,0.0
qwen25_15b,gpt4_5501fe77,longmemeval_s_full,56,semantic,0.2,0,0.0,0.0,0.0,0.0,0.0,0.0
qwen25_15b,gpt4_5501fe77,longmemeval_s_full,56,geometry,0.2,0,0.0,0.0,0.0,0.0,0.0,0.0
qwen25_15b,gpt4_5501fe77,longmemeval_s_full,56,geometry_keep_compress_drop,0.2,0,0.0,0.0,0.0,0.0,0.0,0.0
qwen25_15b,gpt4_5501fe77,longmemeval_s_full,56,semantic_query_conditioned_geometry_keep_compress_drop,0.2,0,0.0,0.0,0.0,0.0,0.0,0.0
qwen25_15b,gpt4_5501fe77,longmemeval_s_full,56,uniform,0.35,0,0.0,0.0,0.0,0.0,0.0,0.0
qwen25_15b,gpt4_5501fe77,longmemeval_s_full,56,semantic,0.35,0,0.0,0.0,0.0,0.0,0.0,0.0
qwen25_15b,gpt4_5501fe77,longmemeval_s_full,56,geometry,0.35,0,0.0,0.0,0.0,0.0,0.0,0.0
qwen25_15b,gpt4_5501fe77,longmemeval_s_full,56,geometry_keep_compress_drop,0.35,0,0.0,0.0,0.0,0.0,0.0,0.0
qwen25_15b,gpt4_5501fe77,longmemeval_s_full,56,semantic_query_conditioned_geometry_keep_compress_drop,0.35,0,0.0,0.0,0.0,0.0,0.0,0.0
qwen25_15b,gpt4_5501fe77,longmemeval_s_full,56,uniform,0.5,0,0.0,0.0,0.0,0.0,0.0,0.0
qwen25_15b,gpt4_5501fe77,longmemeval_s_full,56,semantic,0.5,0,0.0,0.0,0.0,0.0,0.0,0.0
qwen25_15b,gpt4_5501fe77,longmemeval_s_full,56,geometry,0.5,0,0.0,0.0,0.0,0.0,0.0,0.0
qwen25_15b,gpt4_5501fe77,longmemeval_s_full,56,geometry_keep_compress_drop,0.5,0,0.0,0.0,0.0,0.0,0.0,0.0
qwen25_15b,gpt4_5501fe77,longmemeval_s_full,56,semantic_query_conditioned_geometry_keep_compress_drop,0.5,0,0.0,0.0,0.0,0.0,0.0,0.0
qwen25_15b,gpt4_5501fe77,longmemeval_s_full,84,uniform,0.2,0,0.0,0.0,0.0,0.0,0.0,0.0
qwen25_15b,gpt4_5501fe77,longmemeval_s_full,84,semantic,0.2,0,0.0,0.0,0.0,0.0,0.0,0.0
qwen25_15b,gpt4_5501fe77,longmemeval_s_full,84,geometry,0.2,0,0.0,0.0,0.0,0.0,0.0,0.0
qwen25_15b,gpt4_5501fe77,longmemeval_s_full,84,geometry_keep_compress_drop,0.2,0,0.0,0.0,0.0,0.0,0.0,0.0
qwen25_15b,gpt4_5501fe77,longmemeval_s_full,84,semantic_query_conditioned_geometry_keep_compress_drop,0.2,0,0.0,0.0,0.0,0.0,0.0,0.0
qwen25_15b,gpt4_5501fe77,longmemeval_s_full,84,uniform,0.35,0,0.0,0.0,0.0,0.0,0.0,0.0
qwen25_15b,gpt4_5501fe77,longmemeval_s_full,84,semantic,0.35,0,0.0,0.0,0.0,0.0,0.0,0.0
qwen25_15b,gpt4_5501fe77,longmemeval_s_full,84,geometry,0.35,0,0.0,0.0,0.0,0.0,0.0,0.0
qwen25_15b,gpt4_5501fe77,longmemeval_s_full,84,geometry_keep_compress_drop,0.35,0,0.0,0.0,0.0,0.0,0.0,0.0
qwen25_15b,gpt4_5501fe77,longmemeval_s_full,84,semantic_query_conditioned_geometry_keep_compress_drop,0.35,0,0.0,0.0,0.0,0.0,0.0,0.0
qwen25_15b,gpt4_5501fe77,longmemeval_s_full,84,uniform,0.5,0,0.0,0.0,0.0,0.0,0.0,0.0
qwen25_15b,gpt4_5501fe77,longmemeval_s_full,84,semantic,0.5,0,0.0,0.0,0.0,0.0,0.0,0.0
qwen25_15b,gpt4_5501fe77,longmemeval_s_full,84,geometry,0.5,0,0.0,0.0,0.0,0.0,0.0,0.0
qwen25_15b,gpt4_5501fe77,longmemeval_s_full,84,geometry_keep_compress_drop,0.5,0,0.0,0.0,0.0,0.0,0.0,0.0
qwen25_15b,gpt4_5501fe77,longmemeval_s_full,84,semantic_query_conditioned_geometry_keep_compress_drop,0.5,0,0.0,0.0,0.0,0.0,0.0,0.0
qwen25_15b,gpt4_5501fe77,longmemeval_s_full,112,uniform,0.2,0,0.0,0.0,0.0,0.0,0.0,0.0
qwen25_15b,gpt4_5501fe77,longmemeval_s_full,112,semantic,0.2,0,0.0,0.0,0.0,0.0,0.0,0.0
qwen25_15b,gpt4_5501fe77,longmemeval_s_full,112,geometry,0.2,0,0.0,0.0,0.0,0.0,0.0,0.0
qwen25_15b,gpt4_5501fe77,longmemeval_s_full,112,geometry_keep_compress_drop,0.2,0,0.0,0.0,0.0,0.0,0.0,0.0
qwen25_15b,gpt4_5501fe77,longmemeval_s_full,112,semantic_query_conditioned_geometry_keep_compress_drop,0.2,0,0.0,0.0,0.0,0.0,0.0,0.0
qwen25_15b,gpt4_5501fe77,longmemeval_s_full,112,uniform,0.35,0,0.0,0.0,0.0,0.0,0.0,0.0
qwen25_15b,gpt4_5501fe77,longmemeval_s_full,112,semantic,0.35,0,0.0,0.0,0.0,0.0,0.0,0.0
qwen25_15b,gpt4_5501fe77,longmemeval_s_full,112,geometry,0.35,0,0.0,0.0,0.0,0.0,0.0,0.0
qwen25_15b,gpt4_5501fe77,longmemeval_s_full,112,geometry_keep_compress_drop,0.35,0,0.0,0.0,0.0,0.0,0.0,0.0
qwen25_15b,gpt4_5501fe77,longmemeval_s_full,112,semantic_query_conditioned_geometry_keep_compress_drop,0.35,0,0.0,0.0,0.0,0.0,0.0,0.0
qwen25_15b,gpt4_5501fe77,longmemeval_s_full,112,uniform,0.5,0,0.0,0.0,0.0,0.0,0.0,0.0
qwen25_15b,gpt4_5501fe77,longmemeval_s_full,112,semantic,0.5,0,0.0,0.0,0.0,0.0,0.0,0.0
qwen25_15b,gpt4_5501fe77,longmemeval_s_full,112,geometry,0.5,0,0.0,0.0,0.0,0.0,0.0,0.0
qwen25_15b,gpt4_5501fe77,longmemeval_s_full,112,geometry_keep_compress_drop,0.5,0,0.0,0.0,0.0,0.0,0.0,0.0
qwen25_15b,gpt4_5501fe77,longmemeval_s_full,112,semantic_query_conditioned_geometry_keep_compress_drop,0.5,0,0.0,0.0,0.0,0.0,0.0,0.0
qwen25_15b,gpt4_5501fe77,longmemeval_s_full,140,uniform,0.2,0,0.0,0.0,0.0,0.0,0.0,0.0
qwen25_15b,gpt4_5501fe77,longmemeval_s_full,140,semantic,0.2,0,0.0,0.0,0.0,0.0,0.0,0.0
qwen25_15b,gpt4_5501fe77,longmemeval_s_full,140,geometry,0.2,0,0.0,0.0,0.0,0.0,0.0,0.0
qwen25_15b,gpt4_5501fe77,longmemeval_s_full,140,geometry_keep_compress_drop,0.2,0,0.0,0.0,0.0,0.0,0.0,0.0
qwen25_15b,gpt4_5501fe77,longmemeval_s_full,140,semantic_query_conditioned_geometry_keep_compress_drop,0.2,0,0.0,0.0,0.0,0.0,0.0,0.0
qwen25_15b,gpt4_5501fe77,longmemeval_s_full,140,uniform,0.35,0,0.0,0.0,0.0,0.0,0.0,0.0
qwen25_15b,gpt4_5501fe77,longmemeval_s_full,140,semantic,0.35,0,0.0,0.0,0.0,0.0,0.0,0.0
qwen25_15b,gpt4_5501fe77,longmemeval_s_full,140,geometry,0.35,0,0.0,0.0,0.0,0.0,0.0,0.0
qwen25_15b,gpt4_5501fe77,longmemeval_s_full,140,geometry_keep_compress_drop,0.35,0,0.0,0.0,0.0,0.0,0.0,0.0
qwen25_15b,gpt4_5501fe77,longmemeval_s_full,140,semantic_query_conditioned_geometry_keep_compress_drop,0.35,0,0.0,0.0,0.0,0.0,0.0,0.0
qwen25_15b,gpt4_5501fe77,longmemeval_s_full,140,uniform,0.5,0,0.0,0.0,0.0,0.0,0.0,0.0
qwen25_15b,gpt4_5501fe77,longmemeval_s_full,140,semantic,0.5,0,0.0,0.0,0.0,0.0,0.0,0.0
qwen25_15b,gpt4_5501fe77,longmemeval_s_full,140,geometry,0.5,0,0.0,0.0,0.0,0.0,0.0,0.0
qwen25_15b,gpt4_5501fe77,longmemeval_s_full,140,geometry_keep_compress_drop,0.5,0,0.0,0.0,0.0,0.0,0.0,0.0
qwen25_15b,gpt4_5501fe77,longmemeval_s_full,140,semantic_query_conditioned_geometry_keep_compress_drop,0.5,0,0.0,0.0,0.0,0.0,0.0,0.0
qwen25_15b,gpt4_5501fe77,longmemeval_s_full,164,uniform,0.2,0,0.0,0.0,0.0,0.0,0.0,0.0
qwen25_15b,gpt4_5501fe77,longmemeval_s_full,164,semantic,0.2,0,0.0,0.0,0.0,0.0,0.0,0.0
qwen25_15b,gpt4_5501fe77,longmemeval_s_full,164,geometry,0.2,0,0.0,0.0,0.0,0.0,0.0,0.0
qwen25_15b,gpt4_5501fe77,longmemeval_s_full,164,geometry_keep_compress_drop,0.2,0,0.0,0.0,0.0,0.0,0.0,0.0
qwen25_15b,gpt4_5501fe77,longmemeval_s_full,164,semantic_query_conditioned_geometry_keep_compress_drop,0.2,0,0.0,0.0,0.0,0.0,0.0,0.0
qwen25_15b,gpt4_5501fe77,longmemeval_s_full,164,uniform,0.35,0,0.0,0.0,0.0,0.0,0.0,0.0
qwen25_15b,gpt4_5501fe77,longmemeval_s_full,164,semantic,0.35,0,0.0,0.0,0.0,0.0,0.0,0.0
qwen25_15b,gpt4_5501fe77,longmemeval_s_full,164,geometry,0.35,0,0.0,0.0,0.0,0.0,0.0,0.0
qwen25_15b,gpt4_5501fe77,longmemeval_s_full,164,geometry_keep_compress_drop,0.35,0,0.0,0.0,0.0,0.0,0.0,0.0
qwen25_15b,gpt4_5501fe77,longmemeval_s_full,164,semantic_query_conditioned_geometry_keep_compress_drop,0.35,0,0.0,0.0,0.0,0.0,0.0,0.0
qwen25_15b,gpt4_5501fe77,longmemeval_s_full,164,uniform,0.5,0,0.0,0.0,0.0,0.0,0.0,0.0
qwen25_15b,gpt4_5501fe77,longmemeval_s_full,164,semantic,0.5,0,0.0,0.0,0.0,0.0,0.0,0.0
qwen25_15b,gpt4_5501fe77,longmemeval_s_full,164,geometry,0.5,0,0.0,0.0,0.0,0.0,0.0,0.0
qwen25_15b,gpt4_5501fe77,longmemeval_s_full,164,geometry_keep_compress_drop,0.5,0,0.0,0.0,0.0,0.0,0.0,0.0
qwen25_15b,gpt4_5501fe77,longmemeval_s_full,164,semantic_query_conditioned_geometry_keep_compress_drop,0.5,0,0.0,0.0,0.0,0.0,0.0,0.0
qwen25_15b,gpt4_5501fe77,longmemeval_s_full,192,uniform,0.2,0,0.0,0.0,0.0,0.0,0.0,0.0
qwen25_15b,gpt4_5501fe77,longmemeval_s_full,192,semantic,0.2,0,0.0,0.0,0.0,0.0,0.0,0.0
qwen25_15b,gpt4_5501fe77,longmemeval_s_full,192,geometry,0.2,0,0.0,0.0,0.0,0.0,0.0,0.0
qwen25_15b,gpt4_5501fe77,longmemeval_s_full,192,geometry_keep_compress_drop,0.2,0,0.0,0.0,0.0,0.0,0.0,0.0
qwen25_15b,gpt4_5501fe77,longmemeval_s_full,192,semantic_query_conditioned_geometry_keep_compress_drop,0.2,0,0.0,0.0,0.0,0.0,0.0,0.0
qwen25_15b,gpt4_5501fe77,longmemeval_s_full,192,uniform,0.35,0,0.0,0.0,0.0,0.0,0.0,0.0
qwen25_15b,gpt4_5501fe77,longmemeval_s_full,192,semantic,0.35,0,0.0,0.0,0.0,0.0,0.0,0.0
qwen25_15b,gpt4_5501fe77,longmemeval_s_full,192,geometry,0.35,0,0.0,0.0,0.0,0.0,0.0,0.0
qwen25_15b,gpt4_5501fe77,longmemeval_s_full,192,geometry_keep_compress_drop,0.35,0,0.0,0.0,0.0,0.0,0.0,0.0
qwen25_15b,gpt4_5501fe77,longmemeval_s_full,192,semantic_query_conditioned_geometry_keep_compress_drop,0.35,0,0.0,0.0,0.0,0.0,0.0,0.0
qwen25_15b,gpt4_5501fe77,longmemeval_s_full,192,uniform,0.5,0,0.0,0.0,0.0,0.0,0.0,0.0
qwen25_15b,gpt4_5501fe77,longmemeval_s_full,192,semantic,0.5,0,0.0,0.0,0.0,0.0,0.0,0.0
qwen25_15b,gpt4_5501fe77,longmemeval_s_full,192,geometry,0.5,0,0.0,0.0,0.0,0.0,0.0,0.0
qwen25_15b,gpt4_5501fe77,longmemeval_s_full,192,geometry_keep_compress_drop,0.5,0,0.0,0.0,0.0,0.0,0.0,0.0
qwen25_15b,gpt4_5501fe77,longmemeval_s_full,192,semantic_query_conditioned_geometry_keep_compress_drop,0.5,0,0.0,0.0,0.0,0.0,0.0,0.0
qwen25_15b,gpt4_5501fe77,longmemeval_s_full,220,uniform,0.2,0,0.0,0.0,0.0,0.0,0.0,0.0
qwen25_15b,gpt4_5501fe77,longmemeval_s_full,220,semantic,0.2,0,0.0,0.0,0.0,0.0,0.0,0.0
qwen25_15b,gpt4_5501fe77,longmemeval_s_full,220,geometry,0.2,0,0.0,0.0,0.0,0.0,0.0,0.0
qwen25_15b,gpt4_5501fe77,longmemeval_s_full,220,geometry_keep_compress_drop,0.2,0,0.0,0.0,0.0,0.0,0.0,0.0
qwen25_15b,gpt4_5501fe77,longmemeval_s_full,220,semantic_query_conditioned_geometry_keep_compress_drop,0.2,0,0.0,0.0,0.0,0.0,0.0,0.0
qwen25_15b,gpt4_5501fe77,longmemeval_s_full,220,uniform,0.35,0,0.0,0.0,0.0,0.0,0.0,0.0
qwen25_15b,gpt4_5501fe77,longmemeval_s_full,220,semantic,0.35,0,0.0,0.0,0.0,0.0,0.0,0.0
qwen25_15b,gpt4_5501fe77,longmemeval_s_full,220,geometry,0.35,0,0.0,0.0,0.0,0.0,0.0,0.0
qwen25_15b,gpt4_5501fe77,longmemeval_s_full,220,geometry_keep_compress_drop,0.35,0,0.0,0.0,0.0,0.0,0.0,0.0
qwen25_15b,gpt4_5501fe77,longmemeval_s_full,220,semantic_query_conditioned_geometry_keep_compress_drop,0.35,0,0.0,0.0,0.0,0.0,0.0,0.0
qwen25_15b,gpt4_5501fe77,longmemeval_s_full,220,uniform,0.5,0,0.0,0.0,0.0,0.0,0.0,0.0
qwen25_15b,gpt4_5501fe77,longmemeval_s_full,220,semantic,0.5,0,0.0,0.0,0.0,0.0,0.0,0.0
qwen25_15b,gpt4_5501fe77,longmemeval_s_full,220,geometry,0.5,0,0.0,0.0,0.0,0.0,0.0,0.0
qwen25_15b,gpt4_5501fe77,longmemeval_s_full,220,geometry_keep_compress_drop,0.5,0,0.0,0.0,0.0,0.0,0.0,0.0
qwen25_15b,gpt4_5501fe77,longmemeval_s_full,220,semantic_query_conditioned_geometry_keep_compress_drop,0.5,0,0.0,0.0,0.0,0.0,0.0,0.0
qwen25_15b,gpt4_5501fe77,longmemeval_s_full,248,uniform,0.2,0,0.0,0.0,0.0,0.0,0.0,0.0
qwen25_15b,gpt4_5501fe77,longmemeval_s_full,248,semantic,0.2,0,0.0,0.0,0.0,0.0,0.0,0.0
qwen25_15b,gpt4_5501fe77,longmemeval_s_full,248,geometry,0.2,0,0.0,0.0,0.0,0.0,0.0,0.0
qwen25_15b,gpt4_5501fe77,longmemeval_s_full,248,geometry_keep_compress_drop,0.2,0,0.0,0.0,0.0,0.0,0.0,0.0
qwen25_15b,gpt4_5501fe77,longmemeval_s_full,248,semantic_query_conditioned_geometry_keep_compress_drop,0.2,0,0.0,0.0,0.0,0.0,0.0,0.0
qwen25_15b,gpt4_5501fe77,longmemeval_s_full,248,uniform,0.35,0,0.0,0.0,0.0,0.0,0.0,0.0
qwen25_15b,gpt4_5501fe77,longmemeval_s_full,248,semantic,0.35,0,0.0,0.0,0.0,0.0,0.0,0.0
qwen25_15b,gpt4_5501fe77,longmemeval_s_full,248,geometry,0.35,0,0.0,0.0,0.0,0.0,0.0,0.0
qwen25_15b,gpt4_5501fe77,longmemeval_s_full,248,geometry_keep_compress_drop,0.35,0,0.0,0.0,0.0,0.0,0.0,0.0
qwen25_15b,gpt4_5501fe77,longmemeval_s_full,248,semantic_query_conditioned_geometry_keep_compress_drop,0.35,0,0.0,0.0,0.0,0.0,0.0,0.0
qwen25_15b,gpt4_5501fe77,longmemeval_s_full,248,uniform,0.5,0,0.0,0.0,0.0,0.0,0.0,0.0
qwen25_15b,gpt4_5501fe77,longmemeval_s_full,248,semantic,0.5,0,0.0,0.0,0.0,0.0,0.0,0.0
qwen25_15b,gpt4_5501fe77,longmemeval_s_full,248,geometry,0.5,0,0.0,0.0,0.0,0.0,0.0,0.0
qwen25_15b,gpt4_5501fe77,longmemeval_s_full,248,geometry_keep_compress_drop,0.5,0,0.0,0.0,0.0,0.0,0.0,0.0
qwen25_15b,gpt4_5501fe77,longmemeval_s_full,248,semantic_query_conditioned_geometry_keep_compress_drop,0.5,0,0.0,0.0,0.0,0.0,0.0,0.0
qwen25_15b,gpt4_5501fe77,longmemeval_s_full,272,uniform,0.2,0,0.0,0.0,0.0,0.0,0.0,0.0
qwen25_15b,gpt4_5501fe77,longmemeval_s_full,272,semantic,0.2,0,0.0,0.0,0.0,0.0,0.0,0.0
qwen25_15b,gpt4_5501fe77,longmemeval_s_full,272,geometry,0.2,0,0.0,0.0,0.0,0.0,0.0,0.0
qwen25_15b,gpt4_5501fe77,longmemeval_s_full,272,geometry_keep_compress_drop,0.2,0,0.0,0.0,0.0,0.0,0.0,0.0
qwen25_15b,gpt4_5501fe77,longmemeval_s_full,272,semantic_query_conditioned_geometry_keep_compress_drop,0.2,0,0.0,0.0,0.0,0.0,0.0,0.0
qwen25_15b,gpt4_5501fe77,longmemeval_s_full,272,uniform,0.35,0,0.0,0.0,0.0,0.0,0.0,0.0
qwen25_15b,gpt4_5501fe77,longmemeval_s_full,272,semantic,0.35,0,0.0,0.0,0.0,0.0,0.0,0.0
qwen25_15b,gpt4_5501fe77,longmemeval_s_full,272,geometry,0.35,0,0.0,0.0,0.0,0.0,0.0,0.0
qwen25_15b,gpt4_5501fe77,longmemeval_s_full,272,geometry_keep_compress_drop,0.35,0,0.0,0.0,0.0,0.0,0.0,0.0
qwen25_15b,gpt4_5501fe77,longmemeval_s_full,272,semantic_query_conditioned_geometry_keep_compress_drop,0.35,0,0.0,0.0,0.0,0.0,0.0,0.0
qwen25_15b,gpt4_5501fe77,longmemeval_s_full,272,uniform,0.5,0,0.0,0.0,0.0,0.0,0.0,0.0
qwen25_15b,gpt4_5501fe77,longmemeval_s_full,272,semantic,0.5,0,0.0,0.0,0.0,0.0,0.0,0.0
qwen25_15b,gpt4_5501fe77,longmemeval_s_full,272,geometry,0.5,0,0.0,0.0,0.0,0.0,0.0,0.0
qwen25_15b,gpt4_5501fe77,longmemeval_s_full,272,geometry_keep_compress_drop,0.5,0,0.0,0.0,0.0,0.0,0.0,0.0
qwen25_15b,gpt4_5501fe77,longmemeval_s_full,272,semantic_query_conditioned_geometry_keep_compress_drop,0.5,0,0.0,0.0,0.0,0.0,0.0,0.0
qwen25_15b,gpt4_5501fe77,longmemeval_s_full,300,uniform,0.2,0,0.0,0.0,0.0,0.0,0.0,0.0
qwen25_15b,gpt4_5501fe77,longmemeval_s_full,300,semantic,0.2,0,0.0,0.0,0.0,0.0,0.0,0.0
qwen25_15b,gpt4_5501fe77,longmemeval_s_full,300,geometry,0.2,0,0.0,0.0,0.0,0.0,0.0,0.0
qwen25_15b,gpt4_5501fe77,longmemeval_s_full,300,geometry_keep_compress_drop,0.2,279,0.7956989247311828,222.0,0.0,0.0,0.7956989247311828,222.0
qwen25_15b,gpt4_5501fe77,longmemeval_s_full,300,semantic_query_conditioned_geometry_keep_compress_drop,0.2,0,0.0,0.0,0.0,0.0,0.0,0.0
qwen25_15b,gpt4_5501fe77,longmemeval_s_full,300,uniform,0.35,0,0.0,0.0,0.0,0.0,0.0,0.0
qwen25_15b,gpt4_5501fe77,longmemeval_s_full,300,semantic,0.35,0,0.0,0.0,0.0,0.0,0.0,0.0
qwen25_15b,gpt4_5501fe77,longmemeval_s_full,300,geometry,0.35,0,0.0,0.0,0.0,0.0,0.0,0.0
qwen25_15b,gpt4_5501fe77,longmemeval_s_full,300,geometry_keep_compress_drop,0.35,0,0.0,0.0,0.0,0.0,0.0,0.0
qwen25_15b,gpt4_5501fe77,longmemeval_s_full,300,semantic_query_conditioned_geometry_keep_compress_drop,0.35,0,0.0,0.0,0.0,0.0,0.0,0.0
qwen25_15b,gpt4_5501fe77,longmemeval_s_full,300,uniform,0.5,0,0.0,0.0,0.0,0.0,0.0,0.0
qwen25_15b,gpt4_5501fe77,longmemeval_s_full,300,semantic,0.5,0,0.0,0.0,0.0,0.0,0.0,0.0
qwen25_15b,gpt4_5501fe77,longmemeval_s_full,300,geometry,0.5,0,0.0,0.0,0.0,0.0,0.0,0.0
qwen25_15b,gpt4_5501fe77,longmemeval_s_full,300,geometry_keep_compress_drop,0.5,0,0.0,0.0,0.0,0.0,0.0,0.0
qwen25_15b,gpt4_5501fe77,longmemeval_s_full,300,semantic_query_conditioned_geometry_keep_compress_drop,0.5,0,0.0,0.0,0.0,0.0,0.0,0.0
qwen25_15b,gpt4_5501fe77,longmemeval_s_full,328,uniform,0.2,0,0.0,0.0,0.0,0.0,0.0,0.0
qwen25_15b,gpt4_5501fe77,longmemeval_s_full,328,semantic,0.2,0,0.0,0.0,0.0,0.0,0.0,0.0
qwen25_15b,gpt4_5501fe77,longmemeval_s_full,328,geometry,0.2,0,0.0,0.0,0.0,0.0,0.0,0.0
qwen25_15b,gpt4_5501fe77,longmemeval_s_full,328,geometry_keep_compress_drop,0.2,151,0.6854304635761589,103.5,0.0,0.0,0.6854304635761589,103.5
qwen25_15b,gpt4_5501fe77,longmemeval_s_full,328,semantic_query_conditioned_geometry_keep_compress_drop,0.2,0,0.0,0.0,0.0,0.0,0.0,0.0
qwen25_15b,gpt4_5501fe77,longmemeval_s_full,328,uniform,0.35,0,0.0,0.0,0.0,0.0,0.0,0.0
qwen25_15b,gpt4_5501fe77,longmemeval_s_full,328,semantic,0.35,0,0.0,0.0,0.0,0.0,0.0,0.0
qwen25_15b,gpt4_5501fe77,longmemeval_s_full,328,geometry,0.35,0,0.0,0.0,0.0,0.0,0.0,0.0
qwen25_15b,gpt4_5501fe77,longmemeval_s_full,328,geometry_keep_compress_drop,0.35,0,0.0,0.0,0.0,0.0,0.0,0.0
qwen25_15b,gpt4_5501fe77,longmemeval_s_full,328,semantic_query_conditioned_geometry_keep_compress_drop,0.35,0,0.0,0.0,0.0,0.0,0.0,0.0
qwen25_15b,gpt4_5501fe77,longmemeval_s_full,328,uniform,0.5,0,0.0,0.0,0.0,0.0,0.0,0.0
qwen25_15b,gpt4_5501fe77,longmemeval_s_full,328,semantic,0.5,0,0.0,0.0,0.0,0.0,0.0,0.0
qwen25_15b,gpt4_5501fe77,longmemeval_s_full,328,geometry,0.5,0,0.0,0.0,0.0,0.0,0.0,0.0
qwen25_15b,gpt4_5501fe77,longmemeval_s_full,328,geometry_keep_compress_drop,0.5,0,0.0,0.0,0.0,0.0,0.0,0.0
qwen25_15b,gpt4_5501fe77,longmemeval_s_full,328,semantic_query_conditioned_geometry_keep_compress_drop,0.5,0,0.0,0.0,0.0,0.0,0.0,0.0
qwen25_15b,gpt4_5501fe77,longmemeval_s_full,356,uniform,0.2,0,0.0,0.0,0.0,0.0,0.0,0.0
qwen25_15b,gpt4_5501fe77,longmemeval_s_full,356,semantic,0.2,0,0.0,0.0,0.0,0.0,0.0,0.0
qwen25_15b,gpt4_5501fe77,longmemeval_s_full,356,geometry,0.2,0,0.0,0.0,0.0,0.0,0.0,0.0
qwen25_15b,gpt4_5501fe77,longmemeval_s_full,356,geometry_keep_compress_drop,0.2,0,0.0,0.0,0.0,0.0,0.0,0.0
qwen25_15b,gpt4_5501fe77,longmemeval_s_full,356,semantic_query_conditioned_geometry_keep_compress_drop,0.2,0,0.0,0.0,0.0,0.0,0.0,0.0
qwen25_15b,gpt4_5501fe77,longmemeval_s_full,356,uniform,0.35,0,0.0,0.0,0.0,0.0,0.0,0.0
qwen25_15b,gpt4_5501fe77,longmemeval_s_full,356,semantic,0.35,0,0.0,0.0,0.0,0.0,0.0,0.0
qwen25_15b,gpt4_5501fe77,longmemeval_s_full,356,geometry,0.35,0,0.0,0.0,0.0,0.0,0.0,0.0
qwen25_15b,gpt4_5501fe77,longmemeval_s_full,356,geometry_keep_compress_drop,0.35,0,0.0,0.0,0.0,0.0,0.0,0.0
qwen25_15b,gpt4_5501fe77,longmemeval_s_full,356,semantic_query_conditioned_geometry_keep_compress_drop,0.35,0,0.0,0.0,0.0,0.0,0.0,0.0
qwen25_15b,gpt4_5501fe77,longmemeval_s_full,356,uniform,0.5,0,0.0,0.0,0.0,0.0,0.0,0.0
qwen25_15b,gpt4_5501fe77,longmemeval_s_full,356,semantic,0.5,0,0.0,0.0,0.0,0.0,0.0,0.0
qwen25_15b,gpt4_5501fe77,longmemeval_s_full,356,geometry,0.5,0,0.0,0.0,0.0,0.0,0.0,0.0
qwen25_15b,gpt4_5501fe77,longmemeval_s_full,356,geometry_keep_compress_drop,0.5,0,0.0,0.0,0.0,0.0,0.0,0.0
qwen25_15b,gpt4_5501fe77,longmemeval_s_full,356,semantic_query_conditioned_geometry_keep_compress_drop,0.5,0,0.0,0.0,0.0,0.0,0.0,0.0
qwen25_15b,gpt4_5501fe77,longmemeval_s_full,380,uniform,0.2,0,0.0,0.0,0.0,0.0,0.0,0.0
qwen25_15b,gpt4_5501fe77,longmemeval_s_full,380,semantic,0.2,0,0.0,0.0,0.0,0.0,0.0,0.0
qwen25_15b,gpt4_5501fe77,longmemeval_s_full,380,geometry,0.2,0,0.0,0.0,0.0,0.0,0.0,0.0
qwen25_15b,gpt4_5501fe77,longmemeval_s_full,380,geometry_keep_compress_drop,0.2,0,0.0,0.0,0.0,0.0,0.0,0.0
qwen25_15b,gpt4_5501fe77,longmemeval_s_full,380,semantic_query_conditioned_geometry_keep_compress_drop,0.2,0,0.0,0.0,0.0,0.0,0.0,0.0
qwen25_15b,gpt4_5501fe77,longmemeval_s_full,380,uniform,0.35,0,0.0,0.0,0.0,0.0,0.0,0.0
qwen25_15b,gpt4_5501fe77,longmemeval_s_full,380,semantic,0.35,0,0.0,0.0,0.0,0.0,0.0,0.0
qwen25_15b,gpt4_5501fe77,longmemeval_s_full,380,geometry,0.35,0,0.0,0.0,0.0,0.0,0.0,0.0
qwen25_15b,gpt4_5501fe77,longmemeval_s_full,380,geometry_keep_compress_drop,0.35,0,0.0,0.0,0.0,0.0,0.0,0.0
qwen25_15b,gpt4_5501fe77,longmemeval_s_full,380,semantic_query_conditioned_geometry_keep_compress_drop,0.35,0,0.0,0.0,0.0,0.0,0.0,0.0
qwen25_15b,gpt4_5501fe77,longmemeval_s_full,380,uniform,0.5,0,0.0,0.0,0.0,0.0,0.0,0.0
qwen25_15b,gpt4_5501fe77,longmemeval_s_full,380,semantic,0.5,0,0.0,0.0,0.0,0.0,0.0,0.0
qwen25_15b,gpt4_5501fe77,longmemeval_s_full,380,geometry,0.5,0,0.0,0.0,0.0,0.0,0.0,0.0
qwen25_15b,gpt4_5501fe77,longmemeval_s_full,380,geometry_keep_compress_drop,0.5,0,0.0,0.0,0.0,0.0,0.0,0.0
qwen25_15b,gpt4_5501fe77,longmemeval_s_full,380,semantic_query_conditioned_geometry_keep_compress_drop,0.5,0,0.0,0.0,0.0,0.0,0.0,0.0
qwen25_15b,gpt4_5501fe77,longmemeval_s_full,408,uniform,0.2,242,1.0743801652892562,260.0,0.0,0.0,1.0743801652892562,260.0
qwen25_15b,gpt4_5501fe77,longmemeval_s_full,408,semantic,0.2,0,0.0,0.0,0.0,0.0,0.0,0.0
qwen25_15b,gpt4_5501fe77,longmemeval_s_full,408,geometry,0.2,0,0.0,0.0,0.0,0.0,0.0,0.0
qwen25_15b,gpt4_5501fe77,longmemeval_s_full,408,geometry_keep_compress_drop,0.2,0,0.0,0.0,0.0,0.0,0.0,0.0
qwen25_15b,gpt4_5501fe77,longmemeval_s_full,408,semantic_query_conditioned_geometry_keep_compress_drop,0.2,0,0.0,0.0,0.0,0.0,0.0,0.0
qwen25_15b,gpt4_5501fe77,longmemeval_s_full,408,uniform,0.35,0,0.0,0.0,0.0,0.0,0.0,0.0
qwen25_15b,gpt4_5501fe77,longmemeval_s_full,408,semantic,0.35,0,0.0,0.0,0.0,0.0,0.0,0.0
qwen25_15b,gpt4_5501fe77,longmemeval_s_full,408,geometry,0.35,0,0.0,0.0,0.0,0.0,0.0,0.0
qwen25_15b,gpt4_5501fe77,longmemeval_s_full,408,geometry_keep_compress_drop,0.35,0,0.0,0.0,0.0,0.0,0.0,0.0
qwen25_15b,gpt4_5501fe77,longmemeval_s_full,408,semantic_query_conditioned_geometry_keep_compress_drop,0.35,0,0.0,0.0,0.0,0.0,0.0,0.0
qwen25_15b,gpt4_5501fe77,longmemeval_s_full,408,uniform,0.5,0,0.0,0.0,0.0,0.0,0.0,0.0
qwen25_15b,gpt4_5501fe77,longmemeval_s_full,408,semantic,0.5,0,0.0,0.0,0.0,0.0,0.0,0.0
qwen25_15b,gpt4_5501fe77,longmemeval_s_full,408,geometry,0.5,0,0.0,0.0,0.0,0.0,0.0,0.0
qwen25_15b,gpt4_5501fe77,longmemeval_s_full,408,geometry_keep_compress_drop,0.5,0,0.0,0.0,0.0,0.0,0.0,0.0
qwen25_15b,gpt4_5501fe77,longmemeval_s_full,408,semantic_query_conditioned_geometry_keep_compress_drop,0.5,0,0.0,0.0,0.0,0.0,0.0,0.0
qwen25_15b,gpt4_5501fe77,longmemeval_s_full,436,uniform,0.2,0,0.0,0.0,0.0,0.0,0.0,0.0
qwen25_15b,gpt4_5501fe77,longmemeval_s_full,436,semantic,0.2,0,0.0,0.0,0.0,0.0,0.0,0.0
qwen25_15b,gpt4_5501fe77,longmemeval_s_full,436,geometry,0.2,0,0.0,0.0,0.0,0.0,0.0,0.0
qwen25_15b,gpt4_5501fe77,longmemeval_s_full,436,geometry_keep_compress_drop,0.2,0,0.0,0.0,0.0,0.0,0.0,0.0
qwen25_15b,gpt4_5501fe77,longmemeval_s_full,436,semantic_query_conditioned_geometry_keep_compress_drop,0.2,0,0.0,0.0,0.0,0.0,0.0,0.0
qwen25_15b,gpt4_5501fe77,longmemeval_s_full,436,uniform,0.35,116,1.2241379310344827,142.0,0.0,0.0,1.2241379310344827,142.0
qwen25_15b,gpt4_5501fe77,longmemeval_s_full,436,semantic,0.35,0,0.0,0.0,0.0,0.0,0.0,0.0
qwen25_15b,gpt4_5501fe77,longmemeval_s_full,436,geometry,0.35,0,0.0,0.0,0.0,0.0,0.0,0.0
qwen25_15b,gpt4_5501fe77,longmemeval_s_full,436,geometry_keep_compress_drop,0.35,0,0.0,0.0,0.0,0.0,0.0,0.0
qwen25_15b,gpt4_5501fe77,longmemeval_s_full,436,semantic_query_conditioned_geometry_keep_compress_drop,0.35,0,0.0,0.0,0.0,0.0,0.0,0.0
qwen25_15b,gpt4_5501fe77,longmemeval_s_full,436,uniform,0.5,0,0.0,0.0,0.0,0.0,0.0,0.0
qwen25_15b,gpt4_5501fe77,longmemeval_s_full,436,semantic,0.5,0,0.0,0.0,0.0,0.0,0.0,0.0
qwen25_15b,gpt4_5501fe77,longmemeval_s_full,436,geometry,0.5,0,0.0,0.0,0.0,0.0,0.0,0.0
qwen25_15b,gpt4_5501fe77,longmemeval_s_full,436,geometry_keep_compress_drop,0.5,0,0.0,0.0,0.0,0.0,0.0,0.0
qwen25_15b,gpt4_5501fe77,longmemeval_s_full,436,semantic_query_conditioned_geometry_keep_compress_drop,0.5,0,0.0,0.0,0.0,0.0,0.0,0.0
qwen25_15b,gpt4_5501fe77,longmemeval_s_full,464,uniform,0.2,0,0.0,0.0,0.0,0.0,0.0,0.0
qwen25_15b,gpt4_5501fe77,longmemeval_s_full,464,semantic,0.2,0,0.0,0.0,0.0,0.0,0.0,0.0
qwen25_15b,gpt4_5501fe77,longmemeval_s_full,464,geometry,0.2,0,0.0,0.0,0.0,0.0,0.0,0.0
qwen25_15b,gpt4_5501fe77,longmemeval_s_full,464,geometry_keep_compress_drop,0.2,0,0.0,0.0,0.0,0.0,0.0,0.0
qwen25_15b,gpt4_5501fe77,longmemeval_s_full,464,semantic_query_conditioned_geometry_keep_compress_drop,0.2,0,0.0,0.0,0.0,0.0,0.0,0.0
qwen25_15b,gpt4_5501fe77,longmemeval_s_full,464,uniform,0.35,0,0.0,0.0,0.0,0.0,0.0,0.0
qwen25_15b,gpt4_5501fe77,longmemeval_s_full,464,semantic,0.35,0,0.0,0.0,0.0,0.0,0.0,0.0
qwen25_15b,gpt4_5501fe77,longmemeval_s_full,464,geometry,0.35,0,0.0,0.0,0.0,0.0,0.0,0.0
qwen25_15b,gpt4_5501fe77,longmemeval_s_full,464,geometry_keep_compress_drop,0.35,0,0.0,0.0,0.0,0.0,0.0,0.0
qwen25_15b,gpt4_5501fe77,longmemeval_s_full,464,semantic_query_conditioned_geometry_keep_compress_drop,0.35,0,0.0,0.0,0.0,0.0,0.0,0.0
qwen25_15b,gpt4_5501fe77,longmemeval_s_full,464,uniform,0.5,0,0.0,0.0,0.0,0.0,0.0,0.0
qwen25_15b,gpt4_5501fe77,longmemeval_s_full,464,semantic,0.5,0,0.0,0.0,0.0,0.0,0.0,0.0
qwen25_15b,gpt4_5501fe77,longmemeval_s_full,464,geometry,0.5,0,0.0,0.0,0.0,0.0,0.0,0.0
qwen25_15b,gpt4_5501fe77,longmemeval_s_full,464,geometry_keep_compress_drop,0.5,0,0.0,0.0,0.0,0.0,0.0,0.0
qwen25_15b,gpt4_5501fe77,longmemeval_s_full,464,semantic_query_conditioned_geometry_keep_compress_drop,0.5,0,0.0,0.0,0.0,0.0,0.0,0.0
qwen25_15b,gpt4_5501fe77,longmemeval_s_full,488,uniform,0.2,0,0.0,0.0,0.0,0.0,0.0,0.0
qwen25_15b,gpt4_5501fe77,longmemeval_s_full,488,semantic,0.2,0,0.0,0.0,0.0,0.0,0.0,0.0
qwen25_15b,gpt4_5501fe77,longmemeval_s_full,488,geometry,0.2,0,0.0,0.0,0.0,0.0,0.0,0.0
qwen25_15b,gpt4_5501fe77,longmemeval_s_full,488,geometry_keep_compress_drop,0.2,0,0.0,0.0,0.0,0.0,0.0,0.0
qwen25_15b,gpt4_5501fe77,longmemeval_s_full,488,semantic_query_conditioned_geometry_keep_compress_drop,0.2,0,0.0,0.0,0.0,0.0,0.0,0.0
qwen25_15b,gpt4_5501fe77,longmemeval_s_full,488,uniform,0.35,0,0.0,0.0,0.0,0.0,0.0,0.0
qwen25_15b,gpt4_5501fe77,longmemeval_s_full,488,semantic,0.35,0,0.0,0.0,0.0,0.0,0.0,0.0
qwen25_15b,gpt4_5501fe77,longmemeval_s_full,488,geometry,0.35,0,0.0,0.0,0.0,0.0,0.0,0.0
qwen25_15b,gpt4_5501fe77,longmemeval_s_full,488,geometry_keep_compress_drop,0.35,0,0.0,0.0,0.0,0.0,0.0,0.0
qwen25_15b,gpt4_5501fe77,longmemeval_s_full,488,semantic_query_conditioned_geometry_keep_compress_drop,0.35,0,0.0,0.0,0.0,0.0,0.0,0.0
qwen25_15b,gpt4_5501fe77,longmemeval_s_full,488,uniform,0.5,0,0.0,0.0,0.0,0.0,0.0,0.0
qwen25_15b,gpt4_5501fe77,longmemeval_s_full,488,semantic,0.5,0,0.0,0.0,0.0,0.0,0.0,0.0
qwen25_15b,gpt4_5501fe77,longmemeval_s_full,488,geometry,0.5,0,0.0,0.0,0.0,0.0,0.0,0.0
qwen25_15b,gpt4_5501fe77,longmemeval_s_full,488,geometry_keep_compress_drop,0.5,0,0.0,0.0,0.0,0.0,0.0,0.0
qwen25_15b,gpt4_5501fe77,longmemeval_s_full,488,semantic_query_conditioned_geometry_keep_compress_drop,0.5,0,0.0,0.0,0.0,0.0,0.0,0.0
qwen25_15b,gpt4_5501fe77,longmemeval_s_full,516,uniform,0.2,5,3.625,18.125,0.0,0.0,3.625,18.125
qwen25_15b,gpt4_5501fe77,longmemeval_s_full,516,semantic,0.2,0,0.0,0.0,0.0,0.0,0.0,0.0
qwen25_15b,gpt4_5501fe77,longmemeval_s_full,516,geometry,0.2,0,0.0,0.0,0.0,0.0,0.0,0.0
qwen25_15b,gpt4_5501fe77,longmemeval_s_full,516,geometry_keep_compress_drop,0.2,0,0.0,0.0,0.0,0.0,0.0,0.0
qwen25_15b,gpt4_5501fe77,longmemeval_s_full,516,semantic_query_conditioned_geometry_keep_compress_drop,0.2,0,0.0,0.0,0.0,0.0,0.0,0.0
qwen25_15b,gpt4_5501fe77,longmemeval_s_full,516,uniform,0.35,0,0.0,0.0,0.0,0.0,0.0,0.0
qwen25_15b,gpt4_5501fe77,longmemeval_s_full,516,semantic,0.35,0,0.0,0.0,0.0,0.0,0.0,0.0
qwen25_15b,gpt4_5501fe77,longmemeval_s_full,516,geometry,0.35,0,0.0,0.0,0.0,0.0,0.0,0.0
qwen25_15b,gpt4_5501fe77,longmemeval_s_full,516,geometry_keep_compress_drop,0.35,0,0.0,0.0,0.0,0.0,0.0,0.0
qwen25_15b,gpt4_5501fe77,longmemeval_s_full,516,semantic_query_conditioned_geometry_keep_compress_drop,0.35,0,0.0,0.0,0.0,0.0,0.0,0.0
qwen25_15b,gpt4_5501fe77,longmemeval_s_full,516,uniform,0.5,0,0.0,0.0,0.0,0.0,0.0,0.0
qwen25_15b,gpt4_5501fe77,longmemeval_s_full,516,semantic,0.5,0,0.0,0.0,0.0,0.0,0.0,0.0
qwen25_15b,gpt4_5501fe77,longmemeval_s_full,516,geometry,0.5,0,0.0,0.0,0.0,0.0,0.0,0.0
qwen25_15b,gpt4_5501fe77,longmemeval_s_full,516,geometry_keep_compress_drop,0.5,0,0.0,0.0,0.0,0.0,0.0,0.0
qwen25_15b,gpt4_5501fe77,longmemeval_s_full,516,semantic_query_conditioned_geometry_keep_compress_drop,0.5,0,0.0,0.0,0.0,0.0,0.0,0.0
qwen25_15b,853b0a1d,longmemeval_s_full,84,uniform,0.2,0,0.0,0.0,0.0,0.0,0.0,0.0
qwen25_15b,853b0a1d,longmemeval_s_full,84,semantic,0.2,0,0.0,0.0,0.0,0.0,0.0,0.0
qwen25_15b,853b0a1d,longmemeval_s_full,84,geometry,0.2,0,0.0,0.0,0.0,0.0,0.0,0.0
qwen25_15b,853b0a1d,longmemeval_s_full,84,geometry_keep_compress_drop,0.2,0,0.0,0.0,0.0,0.0,0.0,0.0
qwen25_15b,853b0a1d,longmemeval_s_full,84,semantic_query_conditioned_geometry_keep_compress_drop,0.2,0,0.0,0.0,0.0,0.0,0.0,0.0
qwen25_15b,853b0a1d,longmemeval_s_full,84,uniform,0.35,0,0.0,0.0,0.0,0.0,0.0,0.0
qwen25_15b,853b0a1d,longmemeval_s_full,84,semantic,0.35,0,0.0,0.0,0.0,0.0,0.0,0.0
qwen25_15b,853b0a1d,longmemeval_s_full,84,geometry,0.35,0,0.0,0.0,0.0,0.0,0.0,0.0
qwen25_15b,853b0a1d,longmemeval_s_full,84,geometry_keep_compress_drop,0.35,0,0.0,0.0,0.0,0.0,0.0,0.0
qwen25_15b,853b0a1d,longmemeval_s_full,84,semantic_query_conditioned_geometry_keep_compress_drop,0.35,0,0.0,0.0,0.0,0.0,0.0,0.0
qwen25_15b,853b0a1d,longmemeval_s_full,84,uniform,0.5,0,0.0,0.0,0.0,0.0,0.0,0.0
qwen25_15b,853b0a1d,longmemeval_s_full,84,semantic,0.5,0,0.0,0.0,0.0,0.0,0.0,0.0
qwen25_15b,853b0a1d,longmemeval_s_full,84,geometry,0.5,0,0.0,0.0,0.0,0.0,0.0,0.0
qwen25_15b,853b0a1d,longmemeval_s_full,84,geometry_keep_compress_drop,0.5,0,0.0,0.0,0.0,0.0,0.0,0.0
qwen25_15b,853b0a1d,longmemeval_s_full,84,semantic_query_conditioned_geometry_keep_compress_drop,0.5,0,0.0,0.0,0.0,0.0,0.0,0.0
qwen25_15b,853b0a1d,longmemeval_s_full,112,uniform,0.2,0,0.0,0.0,0.0,0.0,0.0,0.0
qwen25_15b,853b0a1d,longmemeval_s_full,112,semantic,0.2,0,0.0,0.0,0.0,0.0,0.0,0.0
qwen25_15b,853b0a1d,longmemeval_s_full,112,geometry,0.2,0,0.0,0.0,0.0,0.0,0.0,0.0
qwen25_15b,853b0a1d,longmemeval_s_full,112,geometry_keep_compress_drop,0.2,0,0.0,0.0,0.0,0.0,0.0,0.0
qwen25_15b,853b0a1d,longmemeval_s_full,112,semantic_query_conditioned_geometry_keep_compress_drop,0.2,0,0.0,0.0,0.0,0.0,0.0,0.0
qwen25_15b,853b0a1d,longmemeval_s_full,112,uniform,0.35,0,0.0,0.0,0.0,0.0,0.0,0.0
qwen25_15b,853b0a1d,longmemeval_s_full,112,semantic,0.35,0,0.0,0.0,0.0,0.0,0.0,0.0
qwen25_15b,853b0a1d,longmemeval_s_full,112,geometry,0.35,0,0.0,0.0,0.0,0.0,0.0,0.0
qwen25_15b,853b0a1d,longmemeval_s_full,112,geometry_keep_compress_drop,0.35,0,0.0,0.0,0.0,0.0,0.0,0.0
qwen25_15b,853b0a1d,longmemeval_s_full,112,semantic_query_conditioned_geometry_keep_compress_drop,0.35,0,0.0,0.0,0.0,0.0,0.0,0.0
qwen25_15b,853b0a1d,longmemeval_s_full,112,uniform,0.5,0,0.0,0.0,0.0,0.0,0.0,0.0
qwen25_15b,853b0a1d,longmemeval_s_full,112,semantic,0.5,0,0.0,0.0,0.0,0.0,0.0,0.0
qwen25_15b,853b0a1d,longmemeval_s_full,112,geometry,0.5,0,0.0,0.0,0.0,0.0,0.0,0.0
qwen25_15b,853b0a1d,longmemeval_s_full,112,geometry_keep_compress_drop,0.5,0,0.0,0.0,0.0,0.0,0.0,0.0
qwen25_15b,853b0a1d,longmemeval_s_full,112,semantic_query_conditioned_geometry_keep_compress_drop,0.5,0,0.0,0.0,0.0,0.0,0.0,0.0
qwen25_15b,853b0a1d,longmemeval_s_full,216,uniform,0.2,0,0.0,0.0,0.0,0.0,0.0,0.0
qwen25_15b,853b0a1d,longmemeval_s_full,216,semantic,0.2,0,0.0,0.0,0.0,0.0,0.0,0.0
qwen25_15b,853b0a1d,longmemeval_s_full,216,geometry,0.2,0,0.0,0.0,0.0,0.0,0.0,0.0
qwen25_15b,853b0a1d,longmemeval_s_full,216,geometry_keep_compress_drop,0.2,0,0.0,0.0,0.0,0.0,0.0,0.0
qwen25_15b,853b0a1d,longmemeval_s_full,216,semantic_query_conditioned_geometry_keep_compress_drop,0.2,0,0.0,0.0,0.0,0.0,0.0,0.0
qwen25_15b,853b0a1d,longmemeval_s_full,216,uniform,0.35,0,0.0,0.0,0.0,0.0,0.0,0.0
qwen25_15b,853b0a1d,longmemeval_s_full,216,semantic,0.35,0,0.0,0.0,0.0,0.0,0.0,0.0
qwen25_15b,853b0a1d,longmemeval_s_full,216,geometry,0.35,0,0.0,0.0,0.0,0.0,0.0,0.0
qwen25_15b,853b0a1d,longmemeval_s_full,216,geometry_keep_compress_drop,0.35,0,0.0,0.0,0.0,0.0,0.0,0.0
qwen25_15b,853b0a1d,longmemeval_s_full,216,semantic_query_conditioned_geometry_keep_compress_drop,0.35,0,0.0,0.0,0.0,0.0,0.0,0.0
qwen25_15b,853b0a1d,longmemeval_s_full,216,uniform,0.5,0,0.0,0.0,0.0,0.0,0.0,0.0
qwen25_15b,853b0a1d,longmemeval_s_full,216,semantic,0.5,0,0.0,0.0,0.0,0.0,0.0,0.0
qwen25_15b,853b0a1d,longmemeval_s_full,216,geometry,0.5,0,0.0,0.0,0.0,0.0,0.0,0.0
qwen25_15b,853b0a1d,longmemeval_s_full,216,geometry_keep_compress_drop,0.5,0,0.0,0.0,0.0,0.0,0.0,0.0
qwen25_15b,853b0a1d,longmemeval_s_full,216,semantic_query_conditioned_geometry_keep_compress_drop,0.5,0,0.0,0.0,0.0,0.0,0.0,0.0
qwen25_15b,853b0a1d,longmemeval_s_full,244,uniform,0.2,0,0.0,0.0,0.0,0.0,0.0,0.0
qwen25_15b,853b0a1d,longmemeval_s_full,244,semantic,0.2,0,0.0,0.0,0.0,0.0,0.0,0.0
qwen25_15b,853b0a1d,longmemeval_s_full,244,geometry,0.2,0,0.0,0.0,0.0,0.0,0.0,0.0
qwen25_15b,853b0a1d,longmemeval_s_full,244,geometry_keep_compress_drop,0.2,0,0.0,0.0,0.0,0.0,0.0,0.0
qwen25_15b,853b0a1d,longmemeval_s_full,244,semantic_query_conditioned_geometry_keep_compress_drop,0.2,0,0.0,0.0,0.0,0.0,0.0,0.0
qwen25_15b,853b0a1d,longmemeval_s_full,244,uniform,0.35,0,0.0,0.0,0.0,0.0,0.0,0.0
qwen25_15b,853b0a1d,longmemeval_s_full,244,semantic,0.35,0,0.0,0.0,0.0,0.0,0.0,0.0
qwen25_15b,853b0a1d,longmemeval_s_full,244,geometry,0.35,0,0.0,0.0,0.0,0.0,0.0,0.0
qwen25_15b,853b0a1d,longmemeval_s_full,244,geometry_keep_compress_drop,0.35,0,0.0,0.0,0.0,0.0,0.0,0.0
qwen25_15b,853b0a1d,longmemeval_s_full,244,semantic_query_conditioned_geometry_keep_compress_drop,0.35,0,0.0,0.0,0.0,0.0,0.0,0.0
qwen25_15b,853b0a1d,longmemeval_s_full,244,uniform,0.5,0,0.0,0.0,0.0,0.0,0.0,0.0
qwen25_15b,853b0a1d,longmemeval_s_full,244,semantic,0.5,0,0.0,0.0,0.0,0.0,0.0,0.0
qwen25_15b,853b0a1d,longmemeval_s_full,244,geometry,0.5,0,0.0,0.0,0.0,0.0,0.0,0.0
qwen25_15b,853b0a1d,longmemeval_s_full,244,geometry_keep_compress_drop,0.5,0,0.0,0.0,0.0,0.0,0.0,0.0
qwen25_15b,853b0a1d,longmemeval_s_full,244,semantic_query_conditioned_geometry_keep_compress_drop,0.5,0,0.0,0.0,0.0,0.0,0.0,0.0
qwen25_15b,853b0a1d,longmemeval_s_full,380,uniform,0.2,0,0.0,0.0,0.0,0.0,0.0,0.0
qwen25_15b,853b0a1d,longmemeval_s_full,380,semantic,0.2,0,0.0,0.0,0.0,0.0,0.0,0.0
qwen25_15b,853b0a1d,longmemeval_s_full,380,geometry,0.2,0,0.0,0.0,0.0,0.0,0.0,0.0
qwen25_15b,853b0a1d,longmemeval_s_full,380,geometry_keep_compress_drop,0.2,0,0.0,0.0,0.0,0.0,0.0,0.0
qwen25_15b,853b0a1d,longmemeval_s_full,380,semantic_query_conditioned_geometry_keep_compress_drop,0.2,0,0.0,0.0,0.0,0.0,0.0,0.0
qwen25_15b,853b0a1d,longmemeval_s_full,380,uniform,0.35,0,0.0,0.0,0.0,0.0,0.0,0.0
qwen25_15b,853b0a1d,longmemeval_s_full,380,semantic,0.35,0,0.0,0.0,0.0,0.0,0.0,0.0
qwen25_15b,853b0a1d,longmemeval_s_full,380,geometry,0.35,0,0.0,0.0,0.0,0.0,0.0,0.0
qwen25_15b,853b0a1d,longmemeval_s_full,380,geometry_keep_compress_drop,0.35,0,0.0,0.0,0.0,0.0,0.0,0.0
qwen25_15b,853b0a1d,longmemeval_s_full,380,semantic_query_conditioned_geometry_keep_compress_drop,0.35,0,0.0,0.0,0.0,0.0,0.0,0.0
qwen25_15b,853b0a1d,longmemeval_s_full,380,uniform,0.5,0,0.0,0.0,0.0,0.0,0.0,0.0
qwen25_15b,853b0a1d,longmemeval_s_full,380,semantic,0.5,0,0.0,0.0,0.0,0.0,0.0,0.0
qwen25_15b,853b0a1d,longmemeval_s_full,380,geometry,0.5,0,0.0,0.0,0.0,0.0,0.0,0.0
qwen25_15b,853b0a1d,longmemeval_s_full,380,geometry_keep_compress_drop,0.5,0,0.0,0.0,0.0,0.0,0.0,0.0
qwen25_15b,853b0a1d,longmemeval_s_full,380,semantic_query_conditioned_geometry_keep_compress_drop,0.5,0,0.0,0.0,0.0,0.0,0.0,0.0
qwen25_15b,853b0a1d,longmemeval_s_full,512,uniform,0.2,0,0.0,0.0,0.0,0.0,0.0,0.0
qwen25_15b,853b0a1d,longmemeval_s_full,512,semantic,0.2,0,0.0,0.0,0.0,0.0,0.0,0.0
qwen25_15b,853b0a1d,longmemeval_s_full,512,geometry,0.2,0,0.0,0.0,0.0,0.0,0.0,0.0
qwen25_15b,853b0a1d,longmemeval_s_full,512,geometry_keep_compress_drop,0.2,0,0.0,0.0,0.0,0.0,0.0,0.0
qwen25_15b,853b0a1d,longmemeval_s_full,512,semantic_query_conditioned_geometry_keep_compress_drop,0.2,0,0.0,0.0,0.0,0.0,0.0,0.0
qwen25_15b,853b0a1d,longmemeval_s_full,512,uniform,0.35,0,0.0,0.0,0.0,0.0,0.0,0.0
qwen25_15b,853b0a1d,longmemeval_s_full,512,semantic,0.35,0,0.0,0.0,0.0,0.0,0.0,0.0
qwen25_15b,853b0a1d,longmemeval_s_full,512,geometry,0.35,0,0.0,0.0,0.0,0.0,0.0,0.0
qwen25_15b,853b0a1d,longmemeval_s_full,512,geometry_keep_compress_drop,0.35,0,0.0,0.0,0.0,0.0,0.0,0.0
qwen25_15b,853b0a1d,longmemeval_s_full,512,semantic_query_conditioned_geometry_keep_compress_drop,0.35,0,0.0,0.0,0.0,0.0,0.0,0.0
qwen25_15b,853b0a1d,longmemeval_s_full,512,uniform,0.5,0,0.0,0.0,0.0,0.0,0.0,0.0
qwen25_15b,853b0a1d,longmemeval_s_full,512,semantic,0.5,0,0.0,0.0,0.0,0.0,0.0,0.0
qwen25_15b,853b0a1d,longmemeval_s_full,512,geometry,0.5,0,0.0,0.0,0.0,0.0,0.0,0.0
qwen25_15b,853b0a1d,longmemeval_s_full,512,geometry_keep_compress_drop,0.5,0,0.0,0.0,0.0,0.0,0.0,0.0
qwen25_15b,853b0a1d,longmemeval_s_full,512,semantic_query_conditioned_geometry_keep_compress_drop,0.5,0,0.0,0.0,0.0,0.0,0.0,0.0
