[2026-06-20 02:50:05] [reviewer_fixes] Run prefix: reviewer_fixes
[2026-06-20 02:50:05] [reviewer_fixes] Model: qwen25_15b  Budgets: 0.20,0.35,0.50
[2026-06-20 02:50:05] [reviewer_fixes] Log: results/reviewer_fixes/logs/reviewer_fixes/main_20260620_025005.log
[2026-06-20 02:50:05] [reviewer_fixes] GPUs: 0 1 2 3 4 5 6 | using 7 | shards/workload=21
[2026-06-20 02:50:05] [reviewer_fixes] === STEP 1: Download benchmarks ===
[2026-06-20 02:50:05] [reviewer_fixes] SKIP_DOWNLOAD=1, skipping downloads
[2026-06-20 02:50:05] [reviewer_fixes] === STEP 2: Planning jobs ===
[2026-06-20 02:50:05] [reviewer_fixes] Planning: longllmlingua baseline on hard stress set
{
  "created_at": "2026-06-20T02:50:06",
  "num_conversations": 9,
  "shard_count": 21,
  "families": null,
  "limit_conversations": null,
  "skip_conversations": 0,
  "target_turn_stride": 1,
  "max_target_turns": 16,
  "max_turns_per_conversation": null,
  "shards": [
    {
      "shard_index": 0,
      "estimated_cost": 32,
      "conversation_count": 1,
      "conversation_ids": [
        "stress_code_js_fetch_helper"
      ],
      "items": [
        {
          "conversation_id": "stress_code_js_fetch_helper",
          "family": "code_conversation",
          "turn_count": 8,
          "truncated_turn_count": 8,
          "target_turn_count": 4,
          "estimated_cost": 32
        }
      ]
    },
    {
      "shard_index": 1,
      "estimated_cost": 32,
      "conversation_count": 1,
      "conversation_ids": [
        "stress_code_python_function"
      ],
      "items": [
        {
          "conversation_id": "stress_code_python_function",
          "family": "code_conversation",
          "turn_count": 8,
          "truncated_turn_count": 8,
          "target_turn_count": 4,
          "estimated_cost": 32
        }
      ]
    },
    {
      "shard_index": 2,
      "estimated_cost": 32,
      "conversation_count": 1,
      "conversation_ids": [
        "stress_code_sql_query"
      ],
      "items": [
        {
          "conversation_id": "stress_code_sql_query",
          "family": "code_conversation",
          "turn_count": 8,
          "truncated_turn_count": 8,
          "target_turn_count": 4,
          "estimated_cost": 32
        }
      ]
    },
    {
      "shard_index": 3,
      "estimated_cost": 32,
      "conversation_count": 1,
      "conversation_ids": [
        "stress_longdep_csv_items"
      ],
      "items": [
        {
          "conversation_id": "stress_longdep_csv_items",
          "family": "long_dependency",
          "turn_count": 8,
          "truncated_turn_count": 8,
          "target_turn_count": 4,
          "estimated_cost": 32
        }
      ]
    },
    {
      "shard_index": 4,
      "estimated_cost": 32,
      "conversation_count": 1,
      "conversation_ids": [
        "stress_longdep_one_sentence"
      ],
      "items": [
        {
          "conversation_id": "stress_longdep_one_sentence",
          "family": "long_dependency",
          "turn_count": 8,
          "truncated_turn_count": 8,
          "target_turn_count": 4,
          "estimated_cost": 32
        }
      ]
    },
    {
      "shard_index": 5,
      "estimated_cost": 32,
      "conversation_count": 1,
      "conversation_ids": [
        "stress_longdep_two_lines"
      ],
      "items": [
        {
          "conversation_id": "stress_longdep_two_lines",
          "family": "long_dependency",
          "turn_count": 8,
          "truncated_turn_count": 8,
          "target_turn_count": 4,
          "estimated_cost": 32
        }
      ]
    },
    {
      "shard_index": 6,
      "estimated_cost": 32,
      "conversation_count": 1,
      "conversation_ids": [
        "stress_retrieval_launch_packet"
      ],
      "items": [
        {
          "conversation_id": "stress_retrieval_launch_packet",
          "family": "retrieval_heavy",
          "turn_count": 8,
          "truncated_turn_count": 8,
          "target_turn_count": 4,
          "estimated_cost": 32
        }
      ]
    },
    {
      "shard_index": 7,
      "estimated_cost": 32,
      "conversation_count": 1,
      "conversation_ids": [
        "stress_retrieval_medication_case"
      ],
      "items": [
        {
          "conversation_id": "stress_retrieval_medication_case",
          "family": "retrieval_heavy",
          "turn_count": 8,
          "truncated_turn_count": 8,
          "target_turn_count": 4,
          "estimated_cost": 32
        }
      ]
    },
    {
      "shard_index": 8,
      "estimated_cost": 32,
      "conversation_count": 1,
      "conversation_ids": [
        "stress_retrieval_travel_itinerary"
      ],
      "items": [
        {
          "conversation_id": "stress_retrieval_travel_itinerary",
          "family": "retrieval_heavy",
          "turn_count": 8,
          "truncated_turn_count": 8,
          "target_turn_count": 4,
          "estimated_cost": 32
        }
      ]
    },
    {
      "shard_index": 9,
      "estimated_cost": 0,
      "conversation_count": 0,
      "conversation_ids": [],
      "items": []
    },
    {
      "shard_index": 10,
      "estimated_cost": 0,
      "conversation_count": 0,
      "conversation_ids": [],
      "items": []
    },
    {
      "shard_index": 11,
      "estimated_cost": 0,
      "conversation_count": 0,
      "conversation_ids": [],
      "items": []
    },
    {
      "shard_index": 12,
      "estimated_cost": 0,
      "conversation_count": 0,
      "conversation_ids": [],
      "items": []
    },
    {
      "shard_index": 13,
      "estimated_cost": 0,
      "conversation_count": 0,
      "conversation_ids": [],
      "items": []
    },
    {
      "shard_index": 14,
      "estimated_cost": 0,
      "conversation_count": 0,
      "conversation_ids": [],
      "items": []
    },
    {
      "shard_index": 15,
      "estimated_cost": 0,
      "conversation_count": 0,
      "conversation_ids": [],
      "items": []
    },
    {
      "shard_index": 16,
      "estimated_cost": 0,
      "conversation_count": 0,
      "conversation_ids": [],
      "items": []
    },
    {
      "shard_index": 17,
      "estimated_cost": 0,
      "conversation_count": 0,
      "conversation_ids": [],
      "items": []
    },
    {
      "shard_index": 18,
      "estimated_cost": 0,
      "conversation_count": 0,
      "conversation_ids": [],
      "items": []
    },
    {
      "shard_index": 19,
      "estimated_cost": 0,
      "conversation_count": 0,
      "conversation_ids": [],
      "items": []
    },
    {
      "shard_index": 20,
      "estimated_cost": 0,
      "conversation_count": 0,
      "conversation_ids": [],
      "items": []
    }
  ]
}
[2026-06-20 02:50:06] [reviewer_fixes] WARNING: benchmarks/longmemeval_s_full_normalized.jsonl not found, skipping full LME study
[2026-06-20 02:50:06] [reviewer_fixes] Planning: Llama-3.2-3B scale validation (second 3B model)
[2026-06-20 02:50:06] [reviewer_fixes] Planning: longllmlingua baseline on MSC
{
  "created_at": "2026-06-20T02:50:07",
  "num_conversations": 1000,
  "shard_count": 21,
  "families": null,
  "limit_conversations": null,
  "skip_conversations": 0,
  "target_turn_stride": 1,
  "max_target_turns": 16,
  "max_turns_per_conversation": null,
  "shards": [
    {
      "shard_index": 0,
      "estimated_cost": 28284,
      "conversation_count": 47,
      "conversation_ids": [
        "309",
        "17",
        "227",
        "294",
        "367",
        "44",
        "50",
        "6",
        "695",
        "79",
        "865",
        "926",
        "991",
        "11",
        "212",
        "408",
        "647",
        "805",
        "923",
        "236",
        "758",
        "486",
        "175",
        "872",
        "199",
        "26",
        "302",
        "342",
        "406",
        "444",
        "491",
        "530",
        "569",
        "603",
        "635",
        "683",
        "734",
        "772",
        "811",
        "848",
        "904",
        "952",
        "151",
        "262",
        "400",
        "588",
        "784"
      ],
      "items": [
        {
          "conversation_id": "309",
          "family": "msc_valid",
          "turn_count": 69,
          "truncated_turn_count": 69,
          "target_turn_count": 16,
          "estimated_cost": 1104
        },
        {
          "conversation_id": "17",
          "family": "msc_valid",
          "turn_count": 64,
          "truncated_turn_count": 64,
          "target_turn_count": 16,
          "estimated_cost": 1024
        },
        {
          "conversation_id": "227",
          "family": "msc_valid",
          "turn_count": 64,
          "truncated_turn_count": 64,
          "target_turn_count": 16,
          "estimated_cost": 1024
        },
        {
          "conversation_id": "294",
          "family": "msc_valid",
          "turn_count": 64,
          "truncated_turn_count": 64,
          "target_turn_count": 16,
          "estimated_cost": 1024
        },
        {
          "conversation_id": "367",
          "family": "msc_valid",
          "turn_count": 64,
          "truncated_turn_count": 64,
          "target_turn_count": 16,
          "estimated_cost": 1024
        },
        {
          "conversation_id": "44",
          "family": "msc_valid",
          "turn_count": 64,
          "truncated_turn_count": 64,
          "target_turn_count": 16,
          "estimated_cost": 1024
        },
        {
          "conversation_id": "50",
          "family": "msc_valid",
          "turn_count": 64,
          "truncated_turn_count": 64,
          "target_turn_count": 16,
          "estimated_cost": 1024
        },
        {
          "conversation_id": "6",
          "family": "msc_valid",
          "turn_count": 64,
          "truncated_turn_count": 64,
          "target_turn_count": 16,
          "estimated_cost": 1024
        },
        {
          "conversation_id": "695",
          "family": "msc_valid",
          "turn_count": 64,
          "truncated_turn_count": 64,
          "target_turn_count": 16,
          "estimated_cost": 1024
        },
        {
          "conversation_id": "79",
          "family": "msc_valid",
          "turn_count": 64,
          "truncated_turn_count": 64,
          "target_turn_count": 16,
          "estimated_cost": 1024
        },
        {
          "conversation_id": "865",
          "family": "msc_valid",
          "turn_count": 64,
          "truncated_turn_count": 64,
          "target_turn_count": 16,
          "estimated_cost": 1024
        },
        {
          "conversation_id": "926",
          "family": "msc_valid",
          "turn_count": 64,
          "truncated_turn_count": 64,
          "target_turn_count": 16,
          "estimated_cost": 1024
        },
        {
          "conversation_id": "991",
          "family": "msc_valid",
          "turn_count": 64,
          "truncated_turn_count": 64,
          "target_turn_count": 16,
          "estimated_cost": 1024
        },
        {
          "conversation_id": "11",
          "family": "msc_valid",
          "turn_count": 62,
          "truncated_turn_count": 62,
          "target_turn_count": 16,
          "estimated_cost": 992
        },
        {
          "conversation_id": "212",
          "family": "msc_valid",
          "turn_count": 62,
          "truncated_turn_count": 62,
          "target_turn_count": 16,
          "estimated_cost": 992
        },
        {
          "conversation_id": "408",
          "family": "msc_valid",
          "turn_count": 62,
          "truncated_turn_count": 62,
          "target_turn_count": 16,
          "estimated_cost": 992
        },
        {
          "conversation_id": "647",
          "family": "msc_valid",
          "turn_count": 62,
          "truncated_turn_count": 62,
          "target_turn_count": 16,
          "estimated_cost": 992
        },
        {
          "conversation_id": "805",
          "family": "msc_valid",
          "turn_count": 62,
          "truncated_turn_count": 62,
          "target_turn_count": 16,
          "estimated_cost": 992
        },
        {
          "conversation_id": "923",
          "family": "msc_valid",
          "turn_count": 62,
          "truncated_turn_count": 62,
          "target_turn_count": 16,
          "estimated_cost": 992
        },
        {
          "conversation_id": "236",
          "family": "msc_valid",
          "turn_count": 61,
          "truncated_turn_count": 61,
          "target_turn_count": 16,
          "estimated_cost": 976
        },
        {
          "conversation_id": "758",
          "family": "msc_valid",
          "turn_count": 61,
          "truncated_turn_count": 61,
          "target_turn_count": 16,
          "estimated_cost": 976
        },
        {
          "conversation_id": "486",
          "family": "msc_valid",
          "turn_count": 60,
          "truncated_turn_count": 60,
          "target_turn_count": 16,
          "estimated_cost": 960
        },
        {
          "conversation_id": "175",
          "family": "msc_valid",
          "turn_count": 59,
          "truncated_turn_count": 59,
          "target_turn_count": 16,
          "estimated_cost": 944
        },
        {
          "conversation_id": "872",
          "family": "msc_valid",
          "turn_count": 58,
          "truncated_turn_count": 58,
          "target_turn_count": 16,
          "estimated_cost": 928
        },
        {
          "conversation_id": "199",
          "family": "msc_valid",
          "turn_count": 16,
          "truncated_turn_count": 16,
          "target_turn_count": 12,
          "estimated_cost": 192
        },
        {
          "conversation_id": "26",
          "family": "msc_valid",
          "turn_count": 16,
          "truncated_turn_count": 16,
          "target_turn_count": 12,
          "estimated_cost": 192
        },
        {
          "conversation_id": "302",
          "family": "msc_valid",
          "turn_count": 16,
          "truncated_turn_count": 16,
          "target_turn_count": 12,
          "estimated_cost": 192
        },
        {
          "conversation_id": "342",
          "family": "msc_valid",
          "turn_count": 16,
          "truncated_turn_count": 16,
          "target_turn_count": 12,
          "estimated_cost": 192
        },
        {
          "conversation_id": "406",
          "family": "msc_valid",
          "turn_count": 16,
          "truncated_turn_count": 16,
          "target_turn_count": 12,
          "estimated_cost": 192
        },
        {
          "conversation_id": "444",
          "family": "msc_valid",
          "turn_count": 16,
          "truncated_turn_count": 16,
          "target_turn_count": 12,
          "estimated_cost": 192
        },
        {
          "conversation_id": "491",
          "family": "msc_valid",
          "turn_count": 16,
          "truncated_turn_count": 16,
          "target_turn_count": 12,
          "estimated_cost": 192
        },
        {
          "conversation_id": "530",
          "family": "msc_valid",
          "turn_count": 16,
          "truncated_turn_count": 16,
          "target_turn_count": 12,
          "estimated_cost": 192
        },
        {
          "conversation_id": "569",
          "family": "msc_valid",
          "turn_count": 16,
          "truncated_turn_count": 16,
          "target_turn_count": 12,
          "estimated_cost": 192
        },
        {
          "conversation_id": "603",
          "family": "msc_valid",
          "turn_count": 16,
          "truncated_turn_count": 16,
          "target_turn_count": 12,
          "estimated_cost": 192
        },
        {
          "conversation_id": "635",
          "family": "msc_valid",
          "turn_count": 16,
          "truncated_turn_count": 16,
          "target_turn_count": 12,
          "estimated_cost": 192
        },
        {
          "conversation_id": "683",
          "family": "msc_valid",
          "turn_count": 16,
          "truncated_turn_count": 16,
          "target_turn_count": 12,
          "estimated_cost": 192
        },
        {
          "conversation_id": "734",
          "family": "msc_valid",
          "turn_count": 16,
          "truncated_turn_count": 16,
          "target_turn_count": 12,
          "estimated_cost": 192
        },
        {
          "conversation_id": "772",
          "family": "msc_valid",
          "turn_count": 16,
          "truncated_turn_count": 16,
          "target_turn_count": 12,
          "estimated_cost": 192
        },
        {
          "conversation_id": "811",
          "family": "msc_valid",
          "turn_count": 16,
          "truncated_turn_count": 16,
          "target_turn_count": 12,
          "estimated_cost": 192
        },
        {
          "conversation_id": "848",
          "family": "msc_valid",
          "turn_count": 16,
          "truncated_turn_count": 16,
          "target_turn_count": 12,
          "estimated_cost": 192
        },
        {
          "conversation_id": "904",
          "family": "msc_valid",
          "turn_count": 16,
          "truncated_turn_count": 16,
          "target_turn_count": 12,
          "estimated_cost": 192
        },
        {
          "conversation_id": "952",
          "family": "msc_valid",
          "turn_count": 16,
          "truncated_turn_count": 16,
          "target_turn_count": 12,
          "estimated_cost": 192
        },
        {
          "conversation_id": "151",
          "family": "msc_valid",
          "turn_count": 14,
          "truncated_turn_count": 14,
          "target_turn_count": 10,
          "estimated_cost": 140
        },
        {
          "conversation_id": "262",
          "family": "msc_valid",
          "turn_count": 14,
          "truncated_turn_count": 14,
          "target_turn_count": 10,
          "estimated_cost": 140
        },
        {
          "conversation_id": "400",
          "family": "msc_valid",
          "turn_count": 14,
          "truncated_turn_count": 14,
          "target_turn_count": 10,
          "estimated_cost": 140
        },
        {
          "conversation_id": "588",
          "family": "msc_valid",
          "turn_count": 14,
          "truncated_turn_count": 14,
          "target_turn_count": 10,
          "estimated_cost": 140
        },
        {
          "conversation_id": "784",
          "family": "msc_valid",
          "turn_count": 14,
          "truncated_turn_count": 14,
          "target_turn_count": 10,
          "estimated_cost": 140
        }
      ]
    },
    {
      "shard_index": 1,
      "estimated_cost": 28284,
      "conversation_count": 47,
      "conversation_ids": [
        "266",
        "160",
        "217",
        "280",
        "361",
        "42",
        "49",
        "587",
        "678",
        "778",
        "855",
        "920",
        "981",
        "101",
        "19",
        "371",
        "633",
        "775",
        "899",
        "msc-00000",
        "781",
        "502",
        "640",
        "969",
        "200",
        "260",
        "305",
        "345",
        "407",
        "450",
        "492",
        "534",
        "57",
        "606",
        "638",
        "684",
        "737",
        "774",
        "814",
        "851",
        "906",
        "954",
        "167",
        "278",
        "414",
        "631",
        "800"
      ],
      "items": [
        {
          "conversation_id": "266",
          "family": "msc_valid",
          "turn_count": 68,
          "truncated_turn_count": 68,
          "target_turn_count": 16,
          "estimated_cost": 1088
        },
        {
          "conversation_id": "160",
          "family": "msc_valid",
          "turn_count": 64,
          "truncated_turn_count": 64,
          "target_turn_count": 16,
          "estimated_cost": 1024
        },
        {
          "conversation_id": "217",
          "family": "msc_valid",
          "turn_count": 64,
          "truncated_turn_count": 64,
          "target_turn_count": 16,
          "estimated_cost": 1024
        },
        {
          "conversation_id": "280",
          "family": "msc_valid",
          "turn_count": 64,
          "truncated_turn_count": 64,
          "target_turn_count": 16,
          "estimated_cost": 1024
        },
        {
          "conversation_id": "361",
          "family": "msc_valid",
          "turn_count": 64,
          "truncated_turn_count": 64,
          "target_turn_count": 16,
          "estimated_cost": 1024
        },
        {
          "conversation_id": "42",
          "family": "msc_valid",
          "turn_count": 64,
          "truncated_turn_count": 64,
          "target_turn_count": 16,
          "estimated_cost": 1024
        },
        {
          "conversation_id": "49",
          "family": "msc_valid",
          "turn_count": 64,
          "truncated_turn_count": 64,
          "target_turn_count": 16,
          "estimated_cost": 1024
        },
        {
          "conversation_id": "587",
          "family": "msc_valid",
          "turn_count": 64,
          "truncated_turn_count": 64,
          "target_turn_count": 16,
          "estimated_cost": 1024
        },
        {
          "conversation_id": "678",
          "family": "msc_valid",
          "turn_count": 64,
          "truncated_turn_count": 64,
          "target_turn_count": 16,
          "estimated_cost": 1024
        },
        {
          "conversation_id": "778",
          "family": "msc_valid",
          "turn_count": 64,
          "truncated_turn_count": 64,
          "target_turn_count": 16,
          "estimated_cost": 1024
        },
        {
          "conversation_id": "855",
          "family": "msc_valid",
          "turn_count": 64,
          "truncated_turn_count": 64,
          "target_turn_count": 16,
          "estimated_cost": 1024
        },
        {
          "conversation_id": "920",
          "family": "msc_valid",
          "turn_count": 64,
          "truncated_turn_count": 64,
          "target_turn_count": 16,
          "estimated_cost": 1024
        },
        {
          "conversation_id": "981",
          "family": "msc_valid",
          "turn_count": 64,
          "truncated_turn_count": 64,
          "target_turn_count": 16,
          "estimated_cost": 1024
        },
        {
          "conversation_id": "101",
          "family": "msc_valid",
          "turn_count": 62,
          "truncated_turn_count": 62,
          "target_turn_count": 16,
          "estimated_cost": 992
        },
        {
          "conversation_id": "19",
          "family": "msc_valid",
          "turn_count": 62,
          "truncated_turn_count": 62,
          "target_turn_count": 16,
          "estimated_cost": 992
        },
        {
          "conversation_id": "371",
          "family": "msc_valid",
          "turn_count": 62,
          "truncated_turn_count": 62,
          "target_turn_count": 16,
          "estimated_cost": 992
        },
        {
          "conversation_id": "633",
          "family": "msc_valid",
          "turn_count": 62,
          "truncated_turn_count": 62,
          "target_turn_count": 16,
          "estimated_cost": 992
        },
        {
          "conversation_id": "775",
          "family": "msc_valid",
          "turn_count": 62,
          "truncated_turn_count": 62,
          "target_turn_count": 16,
          "estimated_cost": 992
        },
        {
          "conversation_id": "899",
          "family": "msc_valid",
          "turn_count": 62,
          "truncated_turn_count": 62,
          "target_turn_count": 16,
          "estimated_cost": 992
        },
        {
          "conversation_id": "msc-00000",
          "family": "msc_valid",
          "turn_count": 62,
          "truncated_turn_count": 62,
          "target_turn_count": 16,
          "estimated_cost": 992
        },
        {
          "conversation_id": "781",
          "family": "msc_valid",
          "turn_count": 61,
          "truncated_turn_count": 61,
          "target_turn_count": 16,
          "estimated_cost": 976
        },
        {
          "conversation_id": "502",
          "family": "msc_valid",
          "turn_count": 60,
          "truncated_turn_count": 60,
          "target_turn_count": 16,
          "estimated_cost": 960
        },
        {
          "conversation_id": "640",
          "family": "msc_valid",
          "turn_count": 59,
          "truncated_turn_count": 59,
          "target_turn_count": 16,
          "estimated_cost": 944
        },
        {
          "conversation_id": "969",
          "family": "msc_valid",
          "turn_count": 58,
          "truncated_turn_count": 58,
          "target_turn_count": 16,
          "estimated_cost": 928
        },
        {
          "conversation_id": "200",
          "family": "msc_valid",
          "turn_count": 16,
          "truncated_turn_count": 16,
          "target_turn_count": 12,
          "estimated_cost": 192
        },
        {
          "conversation_id": "260",
          "family": "msc_valid",
          "turn_count": 16,
          "truncated_turn_count": 16,
          "target_turn_count": 12,
          "estimated_cost": 192
        },
        {
          "conversation_id": "305",
          "family": "msc_valid",
          "turn_count": 16,
          "truncated_turn_count": 16,
          "target_turn_count": 12,
          "estimated_cost": 192
        },
        {
          "conversation_id": "345",
          "family": "msc_valid",
          "turn_count": 16,
          "truncated_turn_count": 16,
          "target_turn_count": 12,
          "estimated_cost": 192
        },
        {
          "conversation_id": "407",
          "family": "msc_valid",
          "turn_count": 16,
          "truncated_turn_count": 16,
          "target_turn_count": 12,
          "estimated_cost": 192
        },
        {
          "conversation_id": "450",
          "family": "msc_valid",
          "turn_count": 16,
          "truncated_turn_count": 16,
          "target_turn_count": 12,
          "estimated_cost": 192
        },
        {
          "conversation_id": "492",
          "family": "msc_valid",
          "turn_count": 16,
          "truncated_turn_count": 16,
          "target_turn_count": 12,
          "estimated_cost": 192
        },
        {
          "conversation_id": "534",
          "family": "msc_valid",
          "turn_count": 16,
          "truncated_turn_count": 16,
          "target_turn_count": 12,
          "estimated_cost": 192
        },
        {
          "conversation_id": "57",
          "family": "msc_valid",
          "turn_count": 16,
          "truncated_turn_count": 16,
          "target_turn_count": 12,
          "estimated_cost": 192
        },
        {
          "conversation_id": "606",
          "family": "msc_valid",
          "turn_count": 16,
          "truncated_turn_count": 16,
          "target_turn_count": 12,
          "estimated_cost": 192
        },
        {
          "conversation_id": "638",
          "family": "msc_valid",
          "turn_count": 16,
          "truncated_turn_count": 16,
          "target_turn_count": 12,
          "estimated_cost": 192
        },
        {
          "conversation_id": "684",
          "family": "msc_valid",
          "turn_count": 16,
          "truncated_turn_count": 16,
          "target_turn_count": 12,
          "estimated_cost": 192
        },
        {
          "conversation_id": "737",
          "family": "msc_valid",
          "turn_count": 16,
          "truncated_turn_count": 16,
          "target_turn_count": 12,
          "estimated_cost": 192
        },
        {
          "conversation_id": "774",
          "family": "msc_valid",
          "turn_count": 16,
          "truncated_turn_count": 16,
          "target_turn_count": 12,
          "estimated_cost": 192
        },
        {
          "conversation_id": "814",
          "family": "msc_valid",
          "turn_count": 16,
          "truncated_turn_count": 16,
          "target_turn_count": 12,
          "estimated_cost": 192
        },
        {
          "conversation_id": "851",
          "family": "msc_valid",
          "turn_count": 16,
          "truncated_turn_count": 16,
          "target_turn_count": 12,
          "estimated_cost": 192
        },
        {
          "conversation_id": "906",
          "family": "msc_valid",
          "turn_count": 16,
          "truncated_turn_count": 16,
          "target_turn_count": 12,
          "estimated_cost": 192
        },
        {
          "conversation_id": "954",
          "family": "msc_valid",
          "turn_count": 16,
          "truncated_turn_count": 16,
          "target_turn_count": 12,
          "estimated_cost": 192
        },
        {
          "conversation_id": "167",
          "family": "msc_valid",
          "turn_count": 14,
          "truncated_turn_count": 14,
          "target_turn_count": 10,
          "estimated_cost": 140
        },
        {
          "conversation_id": "278",
          "family": "msc_valid",
          "turn_count": 14,
          "truncated_turn_count": 14,
          "target_turn_count": 10,
          "estimated_cost": 140
        },
        {
          "conversation_id": "414",
          "family": "msc_valid",
          "turn_count": 14,
          "truncated_turn_count": 14,
          "target_turn_count": 10,
          "estimated_cost": 140
        },
        {
          "conversation_id": "631",
          "family": "msc_valid",
          "turn_count": 14,
          "truncated_turn_count": 14,
          "target_turn_count": 10,
          "estimated_cost": 140
        },
        {
          "conversation_id": "800",
          "family": "msc_valid",
          "turn_count": 14,
          "truncated_turn_count": 14,
          "target_turn_count": 10,
          "estimated_cost": 140
        }
      ]
    },
    {
      "shard_index": 2,
      "estimated_cost": 28320,
      "conversation_count": 47,
      "conversation_ids": [
        "446",
        "162",
        "219",
        "282",
        "363",
        "428",
        "490",
        "59",
        "685",
        "783",
        "857",
        "921",
        "984",
        "102",
        "2",
        "380",
        "641",
        "790",
        "908",
        "202",
        "525",
        "208",
        "679",
        "816",
        "168",
        "238",
        "289",
        "320",
        "383",
        "424",
        "466",
        "508",
        "551",
        "586",
        "619",
        "660",
        "715",
        "751",
        "792",
        "830",
        "887",
        "929",
        "986",
        "344",
        "506",
        "694",
        "913"
      ],
      "items": [
        {
          "conversation_id": "446",
          "family": "msc_valid",
          "turn_count": 68,
          "truncated_turn_count": 68,
          "target_turn_count": 16,
          "estimated_cost": 1088
        },
        {
          "conversation_id": "162",
          "family": "msc_valid",
          "turn_count": 64,
          "truncated_turn_count": 64,
          "target_turn_count": 16,
          "estimated_cost": 1024
        },
        {
          "conversation_id": "219",
          "family": "msc_valid",
          "turn_count": 64,
          "truncated_turn_count": 64,
          "target_turn_count": 16,
          "estimated_cost": 1024
        },
        {
          "conversation_id": "282",
          "family": "msc_valid",
          "turn_count": 64,
          "truncated_turn_count": 64,
          "target_turn_count": 16,
          "estimated_cost": 1024
        },
        {
          "conversation_id": "363",
          "family": "msc_valid",
          "turn_count": 64,
          "truncated_turn_count": 64,
          "target_turn_count": 16,
          "estimated_cost": 1024
        },
        {
          "conversation_id": "428",
          "family": "msc_valid",
          "turn_count": 64,
          "truncated_turn_count": 64,
          "target_turn_count": 16,
          "estimated_cost": 1024
        },
        {
          "conversation_id": "490",
          "family": "msc_valid",
          "turn_count": 64,
          "truncated_turn_count": 64,
          "target_turn_count": 16,
          "estimated_cost": 1024
        },
        {
          "conversation_id": "59",
          "family": "msc_valid",
          "turn_count": 64,
          "truncated_turn_count": 64,
          "target_turn_count": 16,
          "estimated_cost": 1024
        },
        {
          "conversation_id": "685",
          "family": "msc_valid",
          "turn_count": 64,
          "truncated_turn_count": 64,
          "target_turn_count": 16,
          "estimated_cost": 1024
        },
        {
          "conversation_id": "783",
          "family": "msc_valid",
          "turn_count": 64,
          "truncated_turn_count": 64,
          "target_turn_count": 16,
          "estimated_cost": 1024
        },
        {
          "conversation_id": "857",
          "family": "msc_valid",
          "turn_count": 64,
          "truncated_turn_count": 64,
          "target_turn_count": 16,
          "estimated_cost": 1024
        },
        {
          "conversation_id": "921",
          "family": "msc_valid",
          "turn_count": 64,
          "truncated_turn_count": 64,
          "target_turn_count": 16,
          "estimated_cost": 1024
        },
        {
          "conversation_id": "984",
          "family": "msc_valid",
          "turn_count": 64,
          "truncated_turn_count": 64,
          "target_turn_count": 16,
          "estimated_cost": 1024
        },
        {
          "conversation_id": "102",
          "family": "msc_valid",
          "turn_count": 62,
          "truncated_turn_count": 62,
          "target_turn_count": 16,
          "estimated_cost": 992
        },
        {
          "conversation_id": "2",
          "family": "msc_valid",
          "turn_count": 62,
          "truncated_turn_count": 62,
          "target_turn_count": 16,
          "estimated_cost": 992
        },
        {
          "conversation_id": "380",
          "family": "msc_valid",
          "turn_count": 62,
          "truncated_turn_count": 62,
          "target_turn_count": 16,
          "estimated_cost": 992
        },
        {
          "conversation_id": "641",
          "family": "msc_valid",
          "turn_count": 62,
          "truncated_turn_count": 62,
          "target_turn_count": 16,
          "estimated_cost": 992
        },
        {
          "conversation_id": "790",
          "family": "msc_valid",
          "turn_count": 62,
          "truncated_turn_count": 62,
          "target_turn_count": 16,
          "estimated_cost": 992
        },
        {
          "conversation_id": "908",
          "family": "msc_valid",
          "turn_count": 62,
          "truncated_turn_count": 62,
          "target_turn_count": 16,
          "estimated_cost": 992
        },
        {
          "conversation_id": "202",
          "family": "msc_valid",
          "turn_count": 61,
          "truncated_turn_count": 61,
          "target_turn_count": 16,
          "estimated_cost": 976
        },
        {
          "conversation_id": "525",
          "family": "msc_valid",
          "turn_count": 61,
          "truncated_turn_count": 61,
          "target_turn_count": 16,
          "estimated_cost": 976
        },
        {
          "conversation_id": "208",
          "family": "msc_valid",
          "turn_count": 60,
          "truncated_turn_count": 60,
          "target_turn_count": 16,
          "estimated_cost": 960
        },
        {
          "conversation_id": "679",
          "family": "msc_valid",
          "turn_count": 60,
          "truncated_turn_count": 60,
          "target_turn_count": 16,
          "estimated_cost": 960
        },
        {
          "conversation_id": "816",
          "family": "msc_valid",
          "turn_count": 57,
          "truncated_turn_count": 57,
          "target_turn_count": 16,
          "estimated_cost": 912
        },
        {
          "conversation_id": "168",
          "family": "msc_valid",
          "turn_count": 16,
          "truncated_turn_count": 16,
          "target_turn_count": 12,
          "estimated_cost": 192
        },
        {
          "conversation_id": "238",
          "family": "msc_valid",
          "turn_count": 16,
          "truncated_turn_count": 16,
          "target_turn_count": 12,
          "estimated_cost": 192
        },
        {
          "conversation_id": "289",
          "family": "msc_valid",
          "turn_count": 16,
          "truncated_turn_count": 16,
          "target_turn_count": 12,
          "estimated_cost": 192
        },
        {
          "conversation_id": "320",
          "family": "msc_valid",
          "turn_count": 16,
          "truncated_turn_count": 16,
          "target_turn_count": 12,
          "estimated_cost": 192
        },
        {
          "conversation_id": "383",
          "family": "msc_valid",
          "turn_count": 16,
          "truncated_turn_count": 16,
          "target_turn_count": 12,
          "estimated_cost": 192
        },
        {
          "conversation_id": "424",
          "family": "msc_valid",
          "turn_count": 16,
          "truncated_turn_count": 16,
          "target_turn_count": 12,
          "estimated_cost": 192
        },
        {
          "conversation_id": "466",
          "family": "msc_valid",
          "turn_count": 16,
          "truncated_turn_count": 16,
          "target_turn_count": 12,
          "estimated_cost": 192
        },
        {
          "conversation_id": "508",
          "family": "msc_valid",
          "turn_count": 16,
          "truncated_turn_count": 16,
          "target_turn_count": 12,
          "estimated_cost": 192
        },
        {
          "conversation_id": "551",
          "family": "msc_valid",
          "turn_count": 16,
          "truncated_turn_count": 16,
          "target_turn_count": 12,
          "estimated_cost": 192
        },
        {
          "conversation_id": "586",
          "family": "msc_valid",
          "turn_count": 16,
          "truncated_turn_count": 16,
          "target_turn_count": 12,
          "estimated_cost": 192
        },
        {
          "conversation_id": "619",
          "family": "msc_valid",
          "turn_count": 16,
          "truncated_turn_count": 16,
          "target_turn_count": 12,
          "estimated_cost": 192
        },
        {
          "conversation_id": "660",
          "family": "msc_valid",
          "turn_count": 16,
          "truncated_turn_count": 16,
          "target_turn_count": 12,
          "estimated_cost": 192
        },
        {
          "conversation_id": "715",
          "family": "msc_valid",
          "turn_count": 16,
          "truncated_turn_count": 16,
          "target_turn_count": 12,
          "estimated_cost": 192
        },
        {
          "conversation_id": "751",
          "family": "msc_valid",
          "turn_count": 16,
          "truncated_turn_count": 16,
          "target_turn_count": 12,
          "estimated_cost": 192
        },
        {
          "conversation_id": "792",
          "family": "msc_valid",
          "turn_count": 16,
          "truncated_turn_count": 16,
          "target_turn_count": 12,
          "estimated_cost": 192
        },
        {
          "conversation_id": "830",
          "family": "msc_valid",
          "turn_count": 16,
          "truncated_turn_count": 16,
          "target_turn_count": 12,
          "estimated_cost": 192
        },
        {
          "conversation_id": "887",
          "family": "msc_valid",
          "turn_count": 16,
          "truncated_turn_count": 16,
          "target_turn_count": 12,
          "estimated_cost": 192
        },
        {
          "conversation_id": "929",
          "family": "msc_valid",
          "turn_count": 16,
          "truncated_turn_count": 16,
          "target_turn_count": 12,
          "estimated_cost": 192
        },
        {
          "conversation_id": "986",
          "family": "msc_valid",
          "turn_count": 16,
          "truncated_turn_count": 16,
          "target_turn_count": 12,
          "estimated_cost": 192
        },
        {
          "conversation_id": "344",
          "family": "msc_valid",
          "turn_count": 14,
          "truncated_turn_count": 14,
          "target_turn_count": 10,
          "estimated_cost": 140
        },
        {
          "conversation_id": "506",
          "family": "msc_valid",
          "turn_count": 14,
          "truncated_turn_count": 14,
          "target_turn_count": 10,
          "estimated_cost": 140
        },
        {
          "conversation_id": "694",
          "family": "msc_valid",
          "turn_count": 14,
          "truncated_turn_count": 14,
          "target_turn_count": 10,
          "estimated_cost": 140
        },
        {
          "conversation_id": "913",
          "family": "msc_valid",
          "turn_count": 14,
          "truncated_turn_count": 14,
          "target_turn_count": 10,
          "estimated_cost": 140
        }
      ]
    },
    {
      "shard_index": 3,
      "estimated_cost": 28304,
      "conversation_count": 47,
      "conversation_ids": [
        "807",
        "169",
        "223",
        "29",
        "365",
        "432",
        "498",
        "592",
        "693",
        "789",
        "864",
        "925",
        "99",
        "103",
        "206",
        "389",
        "645",
        "798",
        "914",
        "233",
        "589",
        "214",
        "700",
        "194",
        "161",
        "222",
        "281",
        "317",
        "372",
        "421",
        "461",
        "501",
        "546",
        "579",
        "616",
        "652",
        "702",
        "748",
        "786",
        "826",
        "882",
        "919",
        "982",
        "304",
        "485",
        "67",
        "850"
      ],
      "items": [
        {
          "conversation_id": "807",
          "family": "msc_valid",
          "turn_count": 68,
          "truncated_turn_count": 68,
          "target_turn_count": 16,
          "estimated_cost": 1088
        },
        {
          "conversation_id": "169",
          "family": "msc_valid",
          "turn_count": 64,
          "truncated_turn_count": 64,
          "target_turn_count": 16,
          "estimated_cost": 1024
        },
        {
          "conversation_id": "223",
          "family": "msc_valid",
          "turn_count": 64,
          "truncated_turn_count": 64,
          "target_turn_count": 16,
          "estimated_cost": 1024
        },
        {
          "conversation_id": "29",
          "family": "msc_valid",
          "turn_count": 64,
          "truncated_turn_count": 64,
          "target_turn_count": 16,
          "estimated_cost": 1024
        },
        {
          "conversation_id": "365",
          "family": "msc_valid",
          "turn_count": 64,
          "truncated_turn_count": 64,
          "target_turn_count": 16,
          "estimated_cost": 1024
        },
        {
          "conversation_id": "432",
          "family": "msc_valid",
          "turn_count": 64,
          "truncated_turn_count": 64,
          "target_turn_count": 16,
          "estimated_cost": 1024
        },
        {
          "conversation_id": "498",
          "family": "msc_valid",
          "turn_count": 64,
          "truncated_turn_count": 64,
          "target_turn_count": 16,
          "estimated_cost": 1024
        },
        {
          "conversation_id": "592",
          "family": "msc_valid",
          "turn_count": 64,
          "truncated_turn_count": 64,
          "target_turn_count": 16,
          "estimated_cost": 1024
        },
        {
          "conversation_id": "693",
          "family": "msc_valid",
          "turn_count": 64,
          "truncated_turn_count": 64,
          "target_turn_count": 16,
          "estimated_cost": 1024
        },
        {
          "conversation_id": "789",
          "family": "msc_valid",
          "turn_count": 64,
          "truncated_turn_count": 64,
          "target_turn_count": 16,
          "estimated_cost": 1024
        },
        {
          "conversation_id": "864",
          "family": "msc_valid",
          "turn_count": 64,
          "truncated_turn_count": 64,
          "target_turn_count": 16,
          "estimated_cost": 1024
        },
        {
          "conversation_id": "925",
          "family": "msc_valid",
          "turn_count": 64,
          "truncated_turn_count": 64,
          "target_turn_count": 16,
          "estimated_cost": 1024
        },
        {
          "conversation_id": "99",
          "family": "msc_valid",
          "turn_count": 64,
          "truncated_turn_count": 64,
          "target_turn_count": 16,
          "estimated_cost": 1024
        },
        {
          "conversation_id": "103",
          "family": "msc_valid",
          "turn_count": 62,
          "truncated_turn_count": 62,
          "target_turn_count": 16,
          "estimated_cost": 992
        },
        {
          "conversation_id": "206",
          "family": "msc_valid",
          "turn_count": 62,
          "truncated_turn_count": 62,
          "target_turn_count": 16,
          "estimated_cost": 992
        },
        {
          "conversation_id": "389",
          "family": "msc_valid",
          "turn_count": 62,
          "truncated_turn_count": 62,
          "target_turn_count": 16,
          "estimated_cost": 992
        },
        {
          "conversation_id": "645",
          "family": "msc_valid",
          "turn_count": 62,
          "truncated_turn_count": 62,
          "target_turn_count": 16,
          "estimated_cost": 992
        },
        {
          "conversation_id": "798",
          "family": "msc_valid",
          "turn_count": 62,
          "truncated_turn_count": 62,
          "target_turn_count": 16,
          "estimated_cost": 992
        },
        {
          "conversation_id": "914",
          "family": "msc_valid",
          "turn_count": 62,
          "truncated_turn_count": 62,
          "target_turn_count": 16,
          "estimated_cost": 992
        },
        {
          "conversation_id": "233",
          "family": "msc_valid",
          "turn_count": 61,
          "truncated_turn_count": 61,
          "target_turn_count": 16,
          "estimated_cost": 976
        },
        {
          "conversation_id": "589",
          "family": "msc_valid",
          "turn_count": 61,
          "truncated_turn_count": 61,
          "target_turn_count": 16,
          "estimated_cost": 976
        },
        {
          "conversation_id": "214",
          "family": "msc_valid",
          "turn_count": 60,
          "truncated_turn_count": 60,
          "target_turn_count": 16,
          "estimated_cost": 960
        },
        {
          "conversation_id": "700",
          "family": "msc_valid",
          "turn_count": 60,
          "truncated_turn_count": 60,
          "target_turn_count": 16,
          "estimated_cost": 960
        },
        {
          "conversation_id": "194",
          "family": "msc_valid",
          "turn_count": 56,
          "truncated_turn_count": 56,
          "target_turn_count": 16,
          "estimated_cost": 896
        },
        {
          "conversation_id": "161",
          "family": "msc_valid",
          "turn_count": 16,
          "truncated_turn_count": 16,
          "target_turn_count": 12,
          "estimated_cost": 192
        },
        {
          "conversation_id": "222",
          "family": "msc_valid",
          "turn_count": 16,
          "truncated_turn_count": 16,
          "target_turn_count": 12,
          "estimated_cost": 192
        },
        {
          "conversation_id": "281",
          "family": "msc_valid",
          "turn_count": 16,
          "truncated_turn_count": 16,
          "target_turn_count": 12,
          "estimated_cost": 192
        },
        {
          "conversation_id": "317",
          "family": "msc_valid",
          "turn_count": 16,
          "truncated_turn_count": 16,
          "target_turn_count": 12,
          "estimated_cost": 192
        },
        {
          "conversation_id": "372",
          "family": "msc_valid",
          "turn_count": 16,
          "truncated_turn_count": 16,
          "target_turn_count": 12,
          "estimated_cost": 192
        },
        {
          "conversation_id": "421",
          "family": "msc_valid",
          "turn_count": 16,
          "truncated_turn_count": 16,
          "target_turn_count": 12,
          "estimated_cost": 192
        },
        {
          "conversation_id": "461",
          "family": "msc_valid",
          "turn_count": 16,
          "truncated_turn_count": 16,
          "target_turn_count": 12,
          "estimated_cost": 192
        },
        {
          "conversation_id": "501",
          "family": "msc_valid",
          "turn_count": 16,
          "truncated_turn_count": 16,
          "target_turn_count": 12,
          "estimated_cost": 192
        },
        {
          "conversation_id": "546",
          "family": "msc_valid",
          "turn_count": 16,
          "truncated_turn_count": 16,
          "target_turn_count": 12,
          "estimated_cost": 192
        },
        {
          "conversation_id": "579",
          "family": "msc_valid",
          "turn_count": 16,
          "truncated_turn_count": 16,
          "target_turn_count": 12,
          "estimated_cost": 192
        },
        {
          "conversation_id": "616",
          "family": "msc_valid",
          "turn_count": 16,
          "truncated_turn_count": 16,
          "target_turn_count": 12,
          "estimated_cost": 192
        },
        {
          "conversation_id": "652",
          "family": "msc_valid",
          "turn_count": 16,
          "truncated_turn_count": 16,
          "target_turn_count": 12,
          "estimated_cost": 192
        },
        {
          "conversation_id": "702",
          "family": "msc_valid",
          "turn_count": 16,
          "truncated_turn_count": 16,
          "target_turn_count": 12,
          "estimated_cost": 192
        },
        {
          "conversation_id": "748",
          "family": "msc_valid",
          "turn_count": 16,
          "truncated_turn_count": 16,
          "target_turn_count": 12,
          "estimated_cost": 192
        },
        {
          "conversation_id": "786",
          "family": "msc_valid",
          "turn_count": 16,
          "truncated_turn_count": 16,
          "target_turn_count": 12,
          "estimated_cost": 192
        },
        {
          "conversation_id": "826",
          "family": "msc_valid",
          "turn_count": 16,
          "truncated_turn_count": 16,
          "target_turn_count": 12,
          "estimated_cost": 192
        },
        {
          "conversation_id": "882",
          "family": "msc_valid",
          "turn_count": 16,
          "truncated_turn_count": 16,
          "target_turn_count": 12,
          "estimated_cost": 192
        },
        {
          "conversation_id": "919",
          "family": "msc_valid",
          "turn_count": 16,
          "truncated_turn_count": 16,
          "target_turn_count": 12,
          "estimated_cost": 192
        },
        {
          "conversation_id": "982",
          "family": "msc_valid",
          "turn_count": 16,
          "truncated_turn_count": 16,
          "target_turn_count": 12,
          "estimated_cost": 192
        },
        {
          "conversation_id": "304",
          "family": "msc_valid",
          "turn_count": 14,
          "truncated_turn_count": 14,
          "target_turn_count": 10,
          "estimated_cost": 140
        },
        {
          "conversation_id": "485",
          "family": "msc_valid",
          "turn_count": 14,
          "truncated_turn_count": 14,
          "target_turn_count": 10,
          "estimated_cost": 140
        },
        {
          "conversation_id": "67",
          "family": "msc_valid",
          "turn_count": 14,
          "truncated_turn_count": 14,
          "target_turn_count": 10,
          "estimated_cost": 140
        },
        {
          "conversation_id": "850",
          "family": "msc_valid",
          "turn_count": 14,
          "truncated_turn_count": 14,
          "target_turn_count": 10,
          "estimated_cost": 140
        }
      ]
    },
    {
      "shard_index": 4,
      "estimated_cost": 28304,
      "conversation_count": 47,
      "conversation_ids": [
        "10",
        "136",
        "187",
        "259",
        "338",
        "38",
        "468",
        "548",
        "649",
        "729",
        "824",
        "886",
        "958",
        "359",
        "143",
        "322",
        "467",
        "716",
        "86",
        "960",
        "602",
        "261",
        "731",
        "909",
        "164",
        "224",
        "283",
        "319",
        "381",
        "422",
        "462",
        "504",
        "549",
        "580",
        "617",
        "656",
        "703",
        "75",
        "787",
        "828",
        "884",
        "922",
        "983",
        "327",
        "495",
        "681",
        "860"
      ],
      "items": [
        {
          "conversation_id": "10",
          "family": "msc_valid",
          "turn_count": 66,
          "truncated_turn_count": 66,
          "target_turn_count": 16,
          "estimated_cost": 1056
        },
        {
          "conversation_id": "136",
          "family": "msc_valid",
          "turn_count": 64,
          "truncated_turn_count": 64,
          "target_turn_count": 16,
          "estimated_cost": 1024
        },
        {
          "conversation_id": "187",
          "family": "msc_valid",
          "turn_count": 64,
          "truncated_turn_count": 64,
          "target_turn_count": 16,
          "estimated_cost": 1024
        },
        {
          "conversation_id": "259",
          "family": "msc_valid",
          "turn_count": 64,
          "truncated_turn_count": 64,
          "target_turn_count": 16,
          "estimated_cost": 1024
        },
        {
          "conversation_id": "338",
          "family": "msc_valid",
          "turn_count": 64,
          "truncated_turn_count": 64,
          "target_turn_count": 16,
          "estimated_cost": 1024
        },
        {
          "conversation_id": "38",
          "family": "msc_valid",
          "turn_count": 64,
          "truncated_turn_count": 64,
          "target_turn_count": 16,
          "estimated_cost": 1024
        },
        {
          "conversation_id": "468",
          "family": "msc_valid",
          "turn_count": 64,
          "truncated_turn_count": 64,
          "target_turn_count": 16,
          "estimated_cost": 1024
        },
        {
          "conversation_id": "548",
          "family": "msc_valid",
          "turn_count": 64,
          "truncated_turn_count": 64,
          "target_turn_count": 16,
          "estimated_cost": 1024
        },
        {
          "conversation_id": "649",
          "family": "msc_valid",
          "turn_count": 64,
          "truncated_turn_count": 64,
          "target_turn_count": 16,
          "estimated_cost": 1024
        },
        {
          "conversation_id": "729",
          "family": "msc_valid",
          "turn_count": 64,
          "truncated_turn_count": 64,
          "target_turn_count": 16,
          "estimated_cost": 1024
        },
        {
          "conversation_id": "824",
          "family": "msc_valid",
          "turn_count": 64,
          "truncated_turn_count": 64,
          "target_turn_count": 16,
          "estimated_cost": 1024
        },
        {
          "conversation_id": "886",
          "family": "msc_valid",
          "turn_count": 64,
          "truncated_turn_count": 64,
          "target_turn_count": 16,
          "estimated_cost": 1024
        },
        {
          "conversation_id": "958",
          "family": "msc_valid",
          "turn_count": 64,
          "truncated_turn_count": 64,
          "target_turn_count": 16,
          "estimated_cost": 1024
        },
        {
          "conversation_id": "359",
          "family": "msc_valid",
          "turn_count": 63,
          "truncated_turn_count": 63,
          "target_turn_count": 16,
          "estimated_cost": 1008
        },
        {
          "conversation_id": "143",
          "family": "msc_valid",
          "turn_count": 62,
          "truncated_turn_count": 62,
          "target_turn_count": 16,
          "estimated_cost": 992
        },
        {
          "conversation_id": "322",
          "family": "msc_valid",
          "turn_count": 62,
          "truncated_turn_count": 62,
          "target_turn_count": 16,
          "estimated_cost": 992
        },
        {
          "conversation_id": "467",
          "family": "msc_valid",
          "turn_count": 62,
          "truncated_turn_count": 62,
          "target_turn_count": 16,
          "estimated_cost": 992
        },
        {
          "conversation_id": "716",
          "family": "msc_valid",
          "turn_count": 62,
          "truncated_turn_count": 62,
          "target_turn_count": 16,
          "estimated_cost": 992
        },
        {
          "conversation_id": "86",
          "family": "msc_valid",
          "turn_count": 62,
          "truncated_turn_count": 62,
          "target_turn_count": 16,
          "estimated_cost": 992
        },
        {
          "conversation_id": "960",
          "family": "msc_valid",
          "turn_count": 62,
          "truncated_turn_count": 62,
          "target_turn_count": 16,
          "estimated_cost": 992
        },
        {
          "conversation_id": "602",
          "family": "msc_valid",
          "turn_count": 61,
          "truncated_turn_count": 61,
          "target_turn_count": 16,
          "estimated_cost": 976
        },
        {
          "conversation_id": "261",
          "family": "msc_valid",
          "turn_count": 60,
          "truncated_turn_count": 60,
          "target_turn_count": 16,
          "estimated_cost": 960
        },
        {
          "conversation_id": "731",
          "family": "msc_valid",
          "turn_count": 60,
          "truncated_turn_count": 60,
          "target_turn_count": 16,
          "estimated_cost": 960
        },
        {
          "conversation_id": "909",
          "family": "msc_valid",
          "turn_count": 56,
          "truncated_turn_count": 56,
          "target_turn_count": 16,
          "estimated_cost": 896
        },
        {
          "conversation_id": "164",
          "family": "msc_valid",
          "turn_count": 16,
          "truncated_turn_count": 16,
          "target_turn_count": 12,
          "estimated_cost": 192
        },
        {
          "conversation_id": "224",
          "family": "msc_valid",
          "turn_count": 16,
          "truncated_turn_count": 16,
          "target_turn_count": 12,
          "estimated_cost": 192
        },
        {
          "conversation_id": "283",
          "family": "msc_valid",
          "turn_count": 16,
          "truncated_turn_count": 16,
          "target_turn_count": 12,
          "estimated_cost": 192
        },
        {
          "conversation_id": "319",
          "family": "msc_valid",
          "turn_count": 16,
          "truncated_turn_count": 16,
          "target_turn_count": 12,
          "estimated_cost": 192
        },
        {
          "conversation_id": "381",
          "family": "msc_valid",
          "turn_count": 16,
          "truncated_turn_count": 16,
          "target_turn_count": 12,
          "estimated_cost": 192
        },
        {
          "conversation_id": "422",
          "family": "msc_valid",
          "turn_count": 16,
          "truncated_turn_count": 16,
          "target_turn_count": 12,
          "estimated_cost": 192
        },
        {
          "conversation_id": "462",
          "family": "msc_valid",
          "turn_count": 16,
          "truncated_turn_count": 16,
          "target_turn_count": 12,
          "estimated_cost": 192
        },
        {
          "conversation_id": "504",
          "family": "msc_valid",
          "turn_count": 16,
          "truncated_turn_count": 16,
          "target_turn_count": 12,
          "estimated_cost": 192
        },
        {
          "conversation_id": "549",
          "family": "msc_valid",
          "turn_count": 16,
          "truncated_turn_count": 16,
          "target_turn_count": 12,
          "estimated_cost": 192
        },
        {
          "conversation_id": "580",
          "family": "msc_valid",
          "turn_count": 16,
          "truncated_turn_count": 16,
          "target_turn_count": 12,
          "estimated_cost": 192
        },
        {
          "conversation_id": "617",
          "family": "msc_valid",
          "turn_count": 16,
          "truncated_turn_count": 16,
          "target_turn_count": 12,
          "estimated_cost": 192
        },
        {
          "conversation_id": "656",
          "family": "msc_valid",
          "turn_count": 16,
          "truncated_turn_count": 16,
          "target_turn_count": 12,
          "estimated_cost": 192
        },
        {
          "conversation_id": "703",
          "family": "msc_valid",
          "turn_count": 16,
          "truncated_turn_count": 16,
          "target_turn_count": 12,
          "estimated_cost": 192
        },
        {
          "conversation_id": "75",
          "family": "msc_valid",
          "turn_count": 16,
          "truncated_turn_count": 16,
          "target_turn_count": 12,
          "estimated_cost": 192
        },
        {
          "conversation_id": "787",
          "family": "msc_valid",
          "turn_count": 16,
          "truncated_turn_count": 16,
          "target_turn_count": 12,
          "estimated_cost": 192
        },
        {
          "conversation_id": "828",
          "family": "msc_valid",
          "turn_count": 16,
          "truncated_turn_count": 16,
          "target_turn_count": 12,
          "estimated_cost": 192
        },
        {
          "conversation_id": "884",
          "family": "msc_valid",
          "turn_count": 16,
          "truncated_turn_count": 16,
          "target_turn_count": 12,
          "estimated_cost": 192
        },
        {
          "conversation_id": "922",
          "family": "msc_valid",
          "turn_count": 16,
          "truncated_turn_count": 16,
          "target_turn_count": 12,
          "estimated_cost": 192
        },
        {
          "conversation_id": "983",
          "family": "msc_valid",
          "turn_count": 16,
          "truncated_turn_count": 16,
          "target_turn_count": 12,
          "estimated_cost": 192
        },
        {
          "conversation_id": "327",
          "family": "msc_valid",
          "turn_count": 14,
          "truncated_turn_count": 14,
          "target_turn_count": 10,
          "estimated_cost": 140
        },
        {
          "conversation_id": "495",
          "family": "msc_valid",
          "turn_count": 14,
          "truncated_turn_count": 14,
          "target_turn_count": 10,
          "estimated_cost": 140
        },
        {
          "conversation_id": "681",
          "family": "msc_valid",
          "turn_count": 14,
          "truncated_turn_count": 14,
          "target_turn_count": 10,
          "estimated_cost": 140
        },
        {
          "conversation_id": "860",
          "family": "msc_valid",
          "turn_count": 14,
          "truncated_turn_count": 14,
          "target_turn_count": 10,
          "estimated_cost": 140
        }
      ]
    },
    {
      "shard_index": 5,
      "estimated_cost": 28288,
      "conversation_count": 47,
      "conversation_ids": [
        "205",
        "138",
        "190",
        "263",
        "34",
        "39",
        "469",
        "55",
        "653",
        "730",
        "827",
        "891",
        "962",
        "445",
        "144",
        "325",
        "489",
        "725",
        "861",
        "961",
        "625",
        "299",
        "738",
        "942",
        "159",
        "22",
        "277",
        "313",
        "357",
        "419",
        "457",
        "499",
        "543",
        "576",
        "612",
        "650",
        "696",
        "743",
        "782",
        "822",
        "88",
        "915",
        "971",
        "3",
        "480",
        "654",
        "815"
      ],
      "items": [
        {
          "conversation_id": "205",
          "family": "msc_valid",
          "turn_count": 66,
          "truncated_turn_count": 66,
          "target_turn_count": 16,
          "estimated_cost": 1056
        },
        {
          "conversation_id": "138",
          "family": "msc_valid",
          "turn_count": 64,
          "truncated_turn_count": 64,
          "target_turn_count": 16,
          "estimated_cost": 1024
        },
        {
          "conversation_id": "190",
          "family": "msc_valid",
          "turn_count": 64,
          "truncated_turn_count": 64,
          "target_turn_count": 16,
          "estimated_cost": 1024
        },
        {
          "conversation_id": "263",
          "family": "msc_valid",
          "turn_count": 64,
          "truncated_turn_count": 64,
          "target_turn_count": 16,
          "estimated_cost": 1024
        },
        {
          "conversation_id": "34",
          "family": "msc_valid",
          "turn_count": 64,
          "truncated_turn_count": 64,
          "target_turn_count": 16,
          "estimated_cost": 1024
        },
        {
          "conversation_id": "39",
          "family": "msc_valid",
          "turn_count": 64,
          "truncated_turn_count": 64,
          "target_turn_count": 16,
          "estimated_cost": 1024
        },
        {
          "conversation_id": "469",
          "family": "msc_valid",
          "turn_count": 64,
          "truncated_turn_count": 64,
          "target_turn_count": 16,
          "estimated_cost": 1024
        },
        {
          "conversation_id": "55",
          "family": "msc_valid",
          "turn_count": 64,
          "truncated_turn_count": 64,
          "target_turn_count": 16,
          "estimated_cost": 1024
        },
        {
          "conversation_id": "653",
          "family": "msc_valid",
          "turn_count": 64,
          "truncated_turn_count": 64,
          "target_turn_count": 16,
          "estimated_cost": 1024
        },
        {
          "conversation_id": "730",
          "family": "msc_valid",
          "turn_count": 64,
          "truncated_turn_count": 64,
          "target_turn_count": 16,
          "estimated_cost": 1024
        },
        {
          "conversation_id": "827",
          "family": "msc_valid",
          "turn_count": 64,
          "truncated_turn_count": 64,
          "target_turn_count": 16,
          "estimated_cost": 1024
        },
        {
          "conversation_id": "891",
          "family": "msc_valid",
          "turn_count": 64,
          "truncated_turn_count": 64,
          "target_turn_count": 16,
          "estimated_cost": 1024
        },
        {
          "conversation_id": "962",
          "family": "msc_valid",
          "turn_count": 64,
          "truncated_turn_count": 64,
          "target_turn_count": 16,
          "estimated_cost": 1024
        },
        {
          "conversation_id": "445",
          "family": "msc_valid",
          "turn_count": 63,
          "truncated_turn_count": 63,
          "target_turn_count": 16,
          "estimated_cost": 1008
        },
        {
          "conversation_id": "144",
          "family": "msc_valid",
          "turn_count": 62,
          "truncated_turn_count": 62,
          "target_turn_count": 16,
          "estimated_cost": 992
        },
        {
          "conversation_id": "325",
          "family": "msc_valid",
          "turn_count": 62,
          "truncated_turn_count": 62,
          "target_turn_count": 16,
          "estimated_cost": 992
        },
        {
          "conversation_id": "489",
          "family": "msc_valid",
          "turn_count": 62,
          "truncated_turn_count": 62,
          "target_turn_count": 16,
          "estimated_cost": 992
        },
        {
          "conversation_id": "725",
          "family": "msc_valid",
          "turn_count": 62,
          "truncated_turn_count": 62,
          "target_turn_count": 16,
          "estimated_cost": 992
        },
        {
          "conversation_id": "861",
          "family": "msc_valid",
          "turn_count": 62,
          "truncated_turn_count": 62,
          "target_turn_count": 16,
          "estimated_cost": 992
        },
        {
          "conversation_id": "961",
          "family": "msc_valid",
          "turn_count": 62,
          "truncated_turn_count": 62,
          "target_turn_count": 16,
          "estimated_cost": 992
        },
        {
          "conversation_id": "625",
          "family": "msc_valid",
          "turn_count": 61,
          "truncated_turn_count": 61,
          "target_turn_count": 16,
          "estimated_cost": 976
        },
        {
          "conversation_id": "299",
          "family": "msc_valid",
          "turn_count": 60,
          "truncated_turn_count": 60,
          "target_turn_count": 16,
          "estimated_cost": 960
        },
        {
          "conversation_id": "738",
          "family": "msc_valid",
          "turn_count": 60,
          "truncated_turn_count": 60,
          "target_turn_count": 16,
          "estimated_cost": 960
        },
        {
          "conversation_id": "942",
          "family": "msc_valid",
          "turn_count": 55,
          "truncated_turn_count": 55,
          "target_turn_count": 16,
          "estimated_cost": 880
        },
        {
          "conversation_id": "159",
          "family": "msc_valid",
          "turn_count": 16,
          "truncated_turn_count": 16,
          "target_turn_count": 12,
          "estimated_cost": 192
        },
        {
          "conversation_id": "22",
          "family": "msc_valid",
          "turn_count": 16,
          "truncated_turn_count": 16,
          "target_turn_count": 12,
          "estimated_cost": 192
        },
        {
          "conversation_id": "277",
          "family": "msc_valid",
          "turn_count": 16,
          "truncated_turn_count": 16,
          "target_turn_count": 12,
          "estimated_cost": 192
        },
        {
          "conversation_id": "313",
          "family": "msc_valid",
          "turn_count": 16,
          "truncated_turn_count": 16,
          "target_turn_count": 12,
          "estimated_cost": 192
        },
        {
          "conversation_id": "357",
          "family": "msc_valid",
          "turn_count": 16,
          "truncated_turn_count": 16,
          "target_turn_count": 12,
          "estimated_cost": 192
        },
        {
          "conversation_id": "419",
          "family": "msc_valid",
          "turn_count": 16,
          "truncated_turn_count": 16,
          "target_turn_count": 12,
          "estimated_cost": 192
        },
        {
          "conversation_id": "457",
          "family": "msc_valid",
          "turn_count": 16,
          "truncated_turn_count": 16,
          "target_turn_count": 12,
          "estimated_cost": 192
        },
        {
          "conversation_id": "499",
          "family": "msc_valid",
          "turn_count": 16,
          "truncated_turn_count": 16,
          "target_turn_count": 12,
          "estimated_cost": 192
        },
        {
          "conversation_id": "543",
          "family": "msc_valid",
          "turn_count": 16,
          "truncated_turn_count": 16,
          "target_turn_count": 12,
          "estimated_cost": 192
        },
        {
          "conversation_id": "576",
          "family": "msc_valid",
          "turn_count": 16,
          "truncated_turn_count": 16,
          "target_turn_count": 12,
          "estimated_cost": 192
        },
        {
          "conversation_id": "612",
          "family": "msc_valid",
          "turn_count": 16,
          "truncated_turn_count": 16,
          "target_turn_count": 12,
          "estimated_cost": 192
        },
        {
          "conversation_id": "650",
          "family": "msc_valid",
          "turn_count": 16,
          "truncated_turn_count": 16,
          "target_turn_count": 12,
          "estimated_cost": 192
        },
        {
          "conversation_id": "696",
          "family": "msc_valid",
          "turn_count": 16,
          "truncated_turn_count": 16,
          "target_turn_count": 12,
          "estimated_cost": 192
        },
        {
          "conversation_id": "743",
          "family": "msc_valid",
          "turn_count": 16,
          "truncated_turn_count": 16,
          "target_turn_count": 12,
          "estimated_cost": 192
        },
        {
          "conversation_id": "782",
          "family": "msc_valid",
          "turn_count": 16,
          "truncated_turn_count": 16,
          "target_turn_count": 12,
          "estimated_cost": 192
        },
        {
          "conversation_id": "822",
          "family": "msc_valid",
          "turn_count": 16,
          "truncated_turn_count": 16,
          "target_turn_count": 12,
          "estimated_cost": 192
        },
        {
          "conversation_id": "88",
          "family": "msc_valid",
          "turn_count": 16,
          "truncated_turn_count": 16,
          "target_turn_count": 12,
          "estimated_cost": 192
        },
        {
          "conversation_id": "915",
          "family": "msc_valid",
          "turn_count": 16,
          "truncated_turn_count": 16,
          "target_turn_count": 12,
          "estimated_cost": 192
        },
        {
          "conversation_id": "971",
          "family": "msc_valid",
          "turn_count": 16,
          "truncated_turn_count": 16,
          "target_turn_count": 12,
          "estimated_cost": 192
        },
        {
          "conversation_id": "3",
          "family": "msc_valid",
          "turn_count": 14,
          "truncated_turn_count": 14,
          "target_turn_count": 10,
          "estimated_cost": 140
        },
        {
          "conversation_id": "480",
          "family": "msc_valid",
          "turn_count": 14,
          "truncated_turn_count": 14,
          "target_turn_count": 10,
          "estimated_cost": 140
        },
        {
          "conversation_id": "654",
          "family": "msc_valid",
          "turn_count": 14,
          "truncated_turn_count": 14,
          "target_turn_count": 10,
          "estimated_cost": 140
        },
        {
          "conversation_id": "815",
          "family": "msc_valid",
          "turn_count": 14,
          "truncated_turn_count": 14,
          "target_turn_count": 10,
          "estimated_cost": 140
        }
      ]
    },
    {
      "shard_index": 6,
      "estimated_cost": 28272,
      "conversation_count": 47,
      "conversation_ids": [
        "241",
        "14",
        "191",
        "265",
        "340",
        "392",
        "47",
        "554",
        "655",
        "740",
        "83",
        "892",
        "965",
        "475",
        "148",
        "328",
        "528",
        "733",
        "862",
        "963",
        "637",
        "362",
        "763",
        "896",
        "157",
        "218",
        "274",
        "311",
        "355",
        "418",
        "456",
        "497",
        "541",
        "575",
        "610",
        "644",
        "692",
        "742",
        "780",
        "821",
        "878",
        "912",
        "970",
        "244",
        "4",
        "583",
        "78"
      ],
      "items": [
        {
          "conversation_id": "241",
          "family": "msc_valid",
          "turn_count": 66,
          "truncated_turn_count": 66,
          "target_turn_count": 16,
          "estimated_cost": 1056
        },
        {
          "conversation_id": "14",
          "family": "msc_valid",
          "turn_count": 64,
          "truncated_turn_count": 64,
          "target_turn_count": 16,
          "estimated_cost": 1024
        },
        {
          "conversation_id": "191",
          "family": "msc_valid",
          "turn_count": 64,
          "truncated_turn_count": 64,
          "target_turn_count": 16,
          "estimated_cost": 1024
        },
        {
          "conversation_id": "265",
          "family": "msc_valid",
          "turn_count": 64,
          "truncated_turn_count": 64,
          "target_turn_count": 16,
          "estimated_cost": 1024
        },
        {
          "conversation_id": "340",
          "family": "msc_valid",
          "turn_count": 64,
          "truncated_turn_count": 64,
          "target_turn_count": 16,
          "estimated_cost": 1024
        },
        {
          "conversation_id": "392",
          "family": "msc_valid",
          "turn_count": 64,
          "truncated_turn_count": 64,
          "target_turn_count": 16,
          "estimated_cost": 1024
        },
        {
          "conversation_id": "47",
          "family": "msc_valid",
          "turn_count": 64,
          "truncated_turn_count": 64,
          "target_turn_count": 16,
          "estimated_cost": 1024
        },
        {
          "conversation_id": "554",
          "family": "msc_valid",
          "turn_count": 64,
          "truncated_turn_count": 64,
          "target_turn_count": 16,
          "estimated_cost": 1024
        },
        {
          "conversation_id": "655",
          "family": "msc_valid",
          "turn_count": 64,
          "truncated_turn_count": 64,
          "target_turn_count": 16,
          "estimated_cost": 1024
        },
        {
          "conversation_id": "740",
          "family": "msc_valid",
          "turn_count": 64,
          "truncated_turn_count": 64,
          "target_turn_count": 16,
          "estimated_cost": 1024
        },
        {
          "conversation_id": "83",
          "family": "msc_valid",
          "turn_count": 64,
          "truncated_turn_count": 64,
          "target_turn_count": 16,
          "estimated_cost": 1024
        },
        {
          "conversation_id": "892",
          "family": "msc_valid",
          "turn_count": 64,
          "truncated_turn_count": 64,
          "target_turn_count": 16,
          "estimated_cost": 1024
        },
        {
          "conversation_id": "965",
          "family": "msc_valid",
          "turn_count": 64,
          "truncated_turn_count": 64,
          "target_turn_count": 16,
          "estimated_cost": 1024
        },
        {
          "conversation_id": "475",
          "family": "msc_valid",
          "turn_count": 63,
          "truncated_turn_count": 63,
          "target_turn_count": 16,
          "estimated_cost": 1008
        },
        {
          "conversation_id": "148",
          "family": "msc_valid",
          "turn_count": 62,
          "truncated_turn_count": 62,
          "target_turn_count": 16,
          "estimated_cost": 992
        },
        {
          "conversation_id": "328",
          "family": "msc_valid",
          "turn_count": 62,
          "truncated_turn_count": 62,
          "target_turn_count": 16,
          "estimated_cost": 992
        },
        {
          "conversation_id": "528",
          "family": "msc_valid",
          "turn_count": 62,
          "truncated_turn_count": 62,
          "target_turn_count": 16,
          "estimated_cost": 992
        },
        {
          "conversation_id": "733",
          "family": "msc_valid",
          "turn_count": 62,
          "truncated_turn_count": 62,
          "target_turn_count": 16,
          "estimated_cost": 992
        },
        {
          "conversation_id": "862",
          "family": "msc_valid",
          "turn_count": 62,
          "truncated_turn_count": 62,
          "target_turn_count": 16,
          "estimated_cost": 992
        },
        {
          "conversation_id": "963",
          "family": "msc_valid",
          "turn_count": 62,
          "truncated_turn_count": 62,
          "target_turn_count": 16,
          "estimated_cost": 992
        },
        {
          "conversation_id": "637",
          "family": "msc_valid",
          "turn_count": 61,
          "truncated_turn_count": 61,
          "target_turn_count": 16,
          "estimated_cost": 976
        },
        {
          "conversation_id": "362",
          "family": "msc_valid",
          "turn_count": 60,
          "truncated_turn_count": 60,
          "target_turn_count": 16,
          "estimated_cost": 960
        },
        {
          "conversation_id": "763",
          "family": "msc_valid",
          "turn_count": 60,
          "truncated_turn_count": 60,
          "target_turn_count": 16,
          "estimated_cost": 960
        },
        {
          "conversation_id": "896",
          "family": "msc_valid",
          "turn_count": 54,
          "truncated_turn_count": 54,
          "target_turn_count": 16,
          "estimated_cost": 864
        },
        {
          "conversation_id": "157",
          "family": "msc_valid",
          "turn_count": 16,
          "truncated_turn_count": 16,
          "target_turn_count": 12,
          "estimated_cost": 192
        },
        {
          "conversation_id": "218",
          "family": "msc_valid",
          "turn_count": 16,
          "truncated_turn_count": 16,
          "target_turn_count": 12,
          "estimated_cost": 192
        },
        {
          "conversation_id": "274",
          "family": "msc_valid",
          "turn_count": 16,
          "truncated_turn_count": 16,
          "target_turn_count": 12,
          "estimated_cost": 192
        },
        {
          "conversation_id": "311",
          "family": "msc_valid",
          "turn_count": 16,
          "truncated_turn_count": 16,
          "target_turn_count": 12,
          "estimated_cost": 192
        },
        {
          "conversation_id": "355",
          "family": "msc_valid",
          "turn_count": 16,
          "truncated_turn_count": 16,
          "target_turn_count": 12,
          "estimated_cost": 192
        },
        {
          "conversation_id": "418",
          "family": "msc_valid",
          "turn_count": 16,
          "truncated_turn_count": 16,
          "target_turn_count": 12,
          "estimated_cost": 192
        },
        {
          "conversation_id": "456",
          "family": "msc_valid",
          "turn_count": 16,
          "truncated_turn_count": 16,
          "target_turn_count": 12,
          "estimated_cost": 192
        },
        {
          "conversation_id": "497",
          "family": "msc_valid",
          "turn_count": 16,
          "truncated_turn_count": 16,
          "target_turn_count": 12,
          "estimated_cost": 192
        },
        {
          "conversation_id": "541",
          "family": "msc_valid",
          "turn_count": 16,
          "truncated_turn_count": 16,
          "target_turn_count": 12,
          "estimated_cost": 192
        },
        {
          "conversation_id": "575",
          "family": "msc_valid",
          "turn_count": 16,
          "truncated_turn_count": 16,
          "target_turn_count": 12,
          "estimated_cost": 192
        },
        {
          "conversation_id": "610",
          "family": "msc_valid",
          "turn_count": 16,
          "truncated_turn_count": 16,
          "target_turn_count": 12,
          "estimated_cost": 192
        },
        {
          "conversation_id": "644",
          "family": "msc_valid",
          "turn_count": 16,
          "truncated_turn_count": 16,
          "target_turn_count": 12,
          "estimated_cost": 192
        },
        {
          "conversation_id": "692",
          "family": "msc_valid",
          "turn_count": 16,
          "truncated_turn_count": 16,
          "target_turn_count": 12,
          "estimated_cost": 192
        },
        {
          "conversation_id": "742",
          "family": "msc_valid",
          "turn_count": 16,
          "truncated_turn_count": 16,
          "target_turn_count": 12,
          "estimated_cost": 192
        },
        {
          "conversation_id": "780",
          "family": "msc_valid",
          "turn_count": 16,
          "truncated_turn_count": 16,
          "target_turn_count": 12,
          "estimated_cost": 192
        },
        {
          "conversation_id": "821",
          "family": "msc_valid",
          "turn_count": 16,
          "truncated_turn_count": 16,
          "target_turn_count": 12,
          "estimated_cost": 192
        },
        {
          "conversation_id": "878",
          "family": "msc_valid",
          "turn_count": 16,
          "truncated_turn_count": 16,
          "target_turn_count": 12,
          "estimated_cost": 192
        },
        {
          "conversation_id": "912",
          "family": "msc_valid",
          "turn_count": 16,
          "truncated_turn_count": 16,
          "target_turn_count": 12,
          "estimated_cost": 192
        },
        {
          "conversation_id": "970",
          "family": "msc_valid",
          "turn_count": 16,
          "truncated_turn_count": 16,
          "target_turn_count": 12,
          "estimated_cost": 192
        },
        {
          "conversation_id": "244",
          "family": "msc_valid",
          "turn_count": 14,
          "truncated_turn_count": 14,
          "target_turn_count": 10,
          "estimated_cost": 140
        },
        {
          "conversation_id": "4",
          "family": "msc_valid",
          "turn_count": 14,
          "truncated_turn_count": 14,
          "target_turn_count": 10,
          "estimated_cost": 140
        },
        {
          "conversation_id": "583",
          "family": "msc_valid",
          "turn_count": 14,
          "truncated_turn_count": 14,
          "target_turn_count": 10,
          "estimated_cost": 140
        },
        {
          "conversation_id": "78",
          "family": "msc_valid",
          "turn_count": 14,
          "truncated_turn_count": 14,
          "target_turn_count": 10,
          "estimated_cost": 140
        }
      ]
    },
    {
      "shard_index": 7,
      "estimated_cost": 28348,
      "conversation_count": 50,
      "conversation_ids": [
        "258",
        "140",
        "193",
        "268",
        "343",
        "395",
        "473",
        "558",
        "66",
        "747",
        "84",
        "898",
        "966",
        "615",
        "152",
        "337",
        "539",
        "735",
        "863",
        "97",
        "646",
        "378",
        "80",
        "226",
        "114",
        "128",
        "150",
        "211",
        "271",
        "308",
        "350",
        "416",
        "455",
        "496",
        "54",
        "573",
        "609",
        "643",
        "690",
        "741",
        "779",
        "820",
        "868",
        "911",
        "968",
        "195",
        "384",
        "529",
        "712",
        "980"
      ],
      "items": [
        {
          "conversation_id": "258",
          "family": "msc_valid",
          "turn_count": 66,
          "truncated_turn_count": 66,
          "target_turn_count": 16,
          "estimated_cost": 1056
        },
        {
          "conversation_id": "140",
          "family": "msc_valid",
          "turn_count": 64,
          "truncated_turn_count": 64,
          "target_turn_count": 16,
          "estimated_cost": 1024
        },
        {
          "conversation_id": "193",
          "family": "msc_valid",
          "turn_count": 64,
          "truncated_turn_count": 64,
          "target_turn_count": 16,
          "estimated_cost": 1024
        },
        {
          "conversation_id": "268",
          "family": "msc_valid",
          "turn_count": 64,
          "truncated_turn_count": 64,
          "target_turn_count": 16,
          "estimated_cost": 1024
        },
        {
          "conversation_id": "343",
          "family": "msc_valid",
          "turn_count": 64,
          "truncated_turn_count": 64,
          "target_turn_count": 16,
          "estimated_cost": 1024
        },
        {
          "conversation_id": "395",
          "family": "msc_valid",
          "turn_count": 64,
          "truncated_turn_count": 64,
          "target_turn_count": 16,
          "estimated_cost": 1024
        },
        {
          "conversation_id": "473",
          "family": "msc_valid",
          "turn_count": 64,
          "truncated_turn_count": 64,
          "target_turn_count": 16,
          "estimated_cost": 1024
        },
        {
          "conversation_id": "558",
          "family": "msc_valid",
          "turn_count": 64,
          "truncated_turn_count": 64,
          "target_turn_count": 16,
          "estimated_cost": 1024
        },
        {
          "conversation_id": "66",
          "family": "msc_valid",
          "turn_count": 64,
          "truncated_turn_count": 64,
          "target_turn_count": 16,
          "estimated_cost": 1024
        },
        {
          "conversation_id": "747",
          "family": "msc_valid",
          "turn_count": 64,
          "truncated_turn_count": 64,
          "target_turn_count": 16,
          "estimated_cost": 1024
        },
        {
          "conversation_id": "84",
          "family": "msc_valid",
          "turn_count": 64,
          "truncated_turn_count": 64,
          "target_turn_count": 16,
          "estimated_cost": 1024
        },
        {
          "conversation_id": "898",
          "family": "msc_valid",
          "turn_count": 64,
          "truncated_turn_count": 64,
          "target_turn_count": 16,
          "estimated_cost": 1024
        },
        {
          "conversation_id": "966",
          "family": "msc_valid",
          "turn_count": 64,
          "truncated_turn_count": 64,
          "target_turn_count": 16,
          "estimated_cost": 1024
        },
        {
          "conversation_id": "615",
          "family": "msc_valid",
          "turn_count": 63,
          "truncated_turn_count": 63,
          "target_turn_count": 16,
          "estimated_cost": 1008
        },
        {
          "conversation_id": "152",
          "family": "msc_valid",
          "turn_count": 62,
          "truncated_turn_count": 62,
          "target_turn_count": 16,
          "estimated_cost": 992
        },
        {
          "conversation_id": "337",
          "family": "msc_valid",
          "turn_count": 62,
          "truncated_turn_count": 62,
          "target_turn_count": 16,
          "estimated_cost": 992
        },
        {
          "conversation_id": "539",
          "family": "msc_valid",
          "turn_count": 62,
          "truncated_turn_count": 62,
          "target_turn_count": 16,
          "estimated_cost": 992
        },
        {
          "conversation_id": "735",
          "family": "msc_valid",
          "turn_count": 62,
          "truncated_turn_count": 62,
          "target_turn_count": 16,
          "estimated_cost": 992
        },
        {
          "conversation_id": "863",
          "family": "msc_valid",
          "turn_count": 62,
          "truncated_turn_count": 62,
          "target_turn_count": 16,
          "estimated_cost": 992
        },
        {
          "conversation_id": "97",
          "family": "msc_valid",
          "turn_count": 62,
          "truncated_turn_count": 62,
          "target_turn_count": 16,
          "estimated_cost": 992
        },
        {
          "conversation_id": "646",
          "family": "msc_valid",
          "turn_count": 61,
          "truncated_turn_count": 61,
          "target_turn_count": 16,
          "estimated_cost": 976
        },
        {
          "conversation_id": "378",
          "family": "msc_valid",
          "turn_count": 60,
          "truncated_turn_count": 60,
          "target_turn_count": 16,
          "estimated_cost": 960
        },
        {
          "conversation_id": "80",
          "family": "msc_valid",
          "turn_count": 60,
          "truncated_turn_count": 60,
          "target_turn_count": 16,
          "estimated_cost": 960
        },
        {
          "conversation_id": "226",
          "family": "msc_valid",
          "turn_count": 26,
          "truncated_turn_count": 26,
          "target_turn_count": 16,
          "estimated_cost": 416
        },
        {
          "conversation_id": "114",
          "family": "msc_valid",
          "turn_count": 16,
          "truncated_turn_count": 16,
          "target_turn_count": 12,
          "estimated_cost": 192
        },
        {
          "conversation_id": "128",
          "family": "msc_valid",
          "turn_count": 16,
          "truncated_turn_count": 16,
          "target_turn_count": 12,
          "estimated_cost": 192
        },
        {
          "conversation_id": "150",
          "family": "msc_valid",
          "turn_count": 16,
          "truncated_turn_count": 16,
          "target_turn_count": 12,
          "estimated_cost": 192
        },
        {
          "conversation_id": "211",
          "family": "msc_valid",
          "turn_count": 16,
          "truncated_turn_count": 16,
          "target_turn_count": 12,
          "estimated_cost": 192
        },
        {
          "conversation_id": "271",
          "family": "msc_valid",
          "turn_count": 16,
          "truncated_turn_count": 16,
          "target_turn_count": 12,
          "estimated_cost": 192
        },
        {
          "conversation_id": "308",
          "family": "msc_valid",
          "turn_count": 16,
          "truncated_turn_count": 16,
          "target_turn_count": 12,
          "estimated_cost": 192
        },
        {
          "conversation_id": "350",
          "family": "msc_valid",
          "turn_count": 16,
          "truncated_turn_count": 16,
          "target_turn_count": 12,
          "estimated_cost": 192
        },
        {
          "conversation_id": "416",
          "family": "msc_valid",
          "turn_count": 16,
          "truncated_turn_count": 16,
          "target_turn_count": 12,
          "estimated_cost": 192
        },
        {
          "conversation_id": "455",
          "family": "msc_valid",
          "turn_count": 16,
          "truncated_turn_count": 16,
          "target_turn_count": 12,
          "estimated_cost": 192
        },
        {
          "conversation_id": "496",
          "family": "msc_valid",
          "turn_count": 16,
          "truncated_turn_count": 16,
          "target_turn_count": 12,
          "estimated_cost": 192
        },
        {
          "conversation_id": "54",
          "family": "msc_valid",
          "turn_count": 16,
          "truncated_turn_count": 16,
          "target_turn_count": 12,
          "estimated_cost": 192
        },
        {
          "conversation_id": "573",
          "family": "msc_valid",
          "turn_count": 16,
          "truncated_turn_count": 16,
          "target_turn_count": 12,
          "estimated_cost": 192
        },
        {
          "conversation_id": "609",
          "family": "msc_valid",
          "turn_count": 16,
          "truncated_turn_count": 16,
          "target_turn_count": 12,
          "estimated_cost": 192
        },
        {
          "conversation_id": "643",
          "family": "msc_valid",
          "turn_count": 16,
          "truncated_turn_count": 16,
          "target_turn_count": 12,
          "estimated_cost": 192
        },
        {
          "conversation_id": "690",
          "family": "msc_valid",
          "turn_count": 16,
          "truncated_turn_count": 16,
          "target_turn_count": 12,
          "estimated_cost": 192
        },
        {
          "conversation_id": "741",
          "family": "msc_valid",
          "turn_count": 16,
          "truncated_turn_count": 16,
          "target_turn_count": 12,
          "estimated_cost": 192
        },
        {
          "conversation_id": "779",
          "family": "msc_valid",
          "turn_count": 16,
          "truncated_turn_count": 16,
          "target_turn_count": 12,
          "estimated_cost": 192
        },
        {
          "conversation_id": "820",
          "family": "msc_valid",
          "turn_count": 16,
          "truncated_turn_count": 16,
          "target_turn_count": 12,
          "estimated_cost": 192
        },
        {
          "conversation_id": "868",
          "family": "msc_valid",
          "turn_count": 16,
          "truncated_turn_count": 16,
          "target_turn_count": 12,
          "estimated_cost": 192
        },
        {
          "conversation_id": "911",
          "family": "msc_valid",
          "turn_count": 16,
          "truncated_turn_count": 16,
          "target_turn_count": 12,
          "estimated_cost": 192
        },
        {
          "conversation_id": "968",
          "family": "msc_valid",
          "turn_count": 16,
          "truncated_turn_count": 16,
          "target_turn_count": 12,
          "estimated_cost": 192
        },
        {
          "conversation_id": "195",
          "family": "msc_valid",
          "turn_count": 14,
          "truncated_turn_count": 14,
          "target_turn_count": 10,
          "estimated_cost": 140
        },
        {
          "conversation_id": "384",
          "family": "msc_valid",
          "turn_count": 14,
          "truncated_turn_count": 14,
          "target_turn_count": 10,
          "estimated_cost": 140
        },
        {
          "conversation_id": "529",
          "family": "msc_valid",
          "turn_count": 14,
          "truncated_turn_count": 14,
          "target_turn_count": 10,
          "estimated_cost": 140
        },
        {
          "conversation_id": "712",
          "family": "msc_valid",
          "turn_count": 14,
          "truncated_turn_count": 14,
          "target_turn_count": 10,
          "estimated_cost": 140
        },
        {
          "conversation_id": "980",
          "family": "msc_valid",
          "turn_count": 14,
          "truncated_turn_count": 14,
          "target_turn_count": 10,
          "estimated_cost": 140
        }
      ]
    },
    {
      "shard_index": 8,
      "estimated_cost": 28312,
      "conversation_count": 50,
      "conversation_ids": [
        "531",
        "145",
        "20",
        "269",
        "348",
        "401",
        "474",
        "56",
        "664",
        "753",
        "840",
        "90",
        "973",
        "73",
        "156",
        "341",
        "557",
        "759",
        "866",
        "976",
        "665",
        "398",
        "875",
        "210",
        "765",
        "127",
        "142",
        "209",
        "27",
        "307",
        "35",
        "412",
        "453",
        "494",
        "537",
        "572",
        "608",
        "64",
        "689",
        "74",
        "777",
        "82",
        "867",
        "910",
        "967",
        "188",
        "339",
        "503",
        "691",
        "905"
      ],
      "items": [
        {
          "conversation_id": "531",
          "family": "msc_valid",
          "turn_count": 66,
          "truncated_turn_count": 66,
          "target_turn_count": 16,
          "estimated_cost": 1056
        },
        {
          "conversation_id": "145",
          "family": "msc_valid",
          "turn_count": 64,
          "truncated_turn_count": 64,
          "target_turn_count": 16,
          "estimated_cost": 1024
        },
        {
          "conversation_id": "20",
          "family": "msc_valid",
          "turn_count": 64,
          "truncated_turn_count": 64,
          "target_turn_count": 16,
          "estimated_cost": 1024
        },
        {
          "conversation_id": "269",
          "family": "msc_valid",
          "turn_count": 64,
          "truncated_turn_count": 64,
          "target_turn_count": 16,
          "estimated_cost": 1024
        },
        {
          "conversation_id": "348",
          "family": "msc_valid",
          "turn_count": 64,
          "truncated_turn_count": 64,
          "target_turn_count": 16,
          "estimated_cost": 1024
        },
        {
          "conversation_id": "401",
          "family": "msc_valid",
          "turn_count": 64,
          "truncated_turn_count": 64,
          "target_turn_count": 16,
          "estimated_cost": 1024
        },
        {
          "conversation_id": "474",
          "family": "msc_valid",
          "turn_count": 64,
          "truncated_turn_count": 64,
          "target_turn_count": 16,
          "estimated_cost": 1024
        },
        {
          "conversation_id": "56",
          "family": "msc_valid",
          "turn_count": 64,
          "truncated_turn_count": 64,
          "target_turn_count": 16,
          "estimated_cost": 1024
        },
        {
          "conversation_id": "664",
          "family": "msc_valid",
          "turn_count": 64,
          "truncated_turn_count": 64,
          "target_turn_count": 16,
          "estimated_cost": 1024
        },
        {
          "conversation_id": "753",
          "family": "msc_valid",
          "turn_count": 64,
          "truncated_turn_count": 64,
          "target_turn_count": 16,
          "estimated_cost": 1024
        },
        {
          "conversation_id": "840",
          "family": "msc_valid",
          "turn_count": 64,
          "truncated_turn_count": 64,
          "target_turn_count": 16,
          "estimated_cost": 1024
        },
        {
          "conversation_id": "90",
          "family": "msc_valid",
          "turn_count": 64,
          "truncated_turn_count": 64,
          "target_turn_count": 16,
          "estimated_cost": 1024
        },
        {
          "conversation_id": "973",
          "family": "msc_valid",
          "turn_count": 64,
          "truncated_turn_count": 64,
          "target_turn_count": 16,
          "estimated_cost": 1024
        },
        {
          "conversation_id": "73",
          "family": "msc_valid",
          "turn_count": 63,
          "truncated_turn_count": 63,
          "target_turn_count": 16,
          "estimated_cost": 1008
        },
        {
          "conversation_id": "156",
          "family": "msc_valid",
          "turn_count": 62,
          "truncated_turn_count": 62,
          "target_turn_count": 16,
          "estimated_cost": 992
        },
        {
          "conversation_id": "341",
          "family": "msc_valid",
          "turn_count": 62,
          "truncated_turn_count": 62,
          "target_turn_count": 16,
          "estimated_cost": 992
        },
        {
          "conversation_id": "557",
          "family": "msc_valid",
          "turn_count": 62,
          "truncated_turn_count": 62,
          "target_turn_count": 16,
          "estimated_cost": 992
        },
        {
          "conversation_id": "759",
          "family": "msc_valid",
          "turn_count": 62,
          "truncated_turn_count": 62,
          "target_turn_count": 16,
          "estimated_cost": 992
        },
        {
          "conversation_id": "866",
          "family": "msc_valid",
          "turn_count": 62,
          "truncated_turn_count": 62,
          "target_turn_count": 16,
          "estimated_cost": 992
        },
        {
          "conversation_id": "976",
          "family": "msc_valid",
          "turn_count": 62,
          "truncated_turn_count": 62,
          "target_turn_count": 16,
          "estimated_cost": 992
        },
        {
          "conversation_id": "665",
          "family": "msc_valid",
          "turn_count": 61,
          "truncated_turn_count": 61,
          "target_turn_count": 16,
          "estimated_cost": 976
        },
        {
          "conversation_id": "398",
          "family": "msc_valid",
          "turn_count": 60,
          "truncated_turn_count": 60,
          "target_turn_count": 16,
          "estimated_cost": 960
        },
        {
          "conversation_id": "875",
          "family": "msc_valid",
          "turn_count": 60,
          "truncated_turn_count": 60,
          "target_turn_count": 16,
          "estimated_cost": 960
        },
        {
          "conversation_id": "210",
          "family": "msc_valid",
          "turn_count": 20,
          "truncated_turn_count": 20,
          "target_turn_count": 16,
          "estimated_cost": 320
        },
        {
          "conversation_id": "765",
          "family": "msc_valid",
          "turn_count": 18,
          "truncated_turn_count": 18,
          "target_turn_count": 14,
          "estimated_cost": 252
        },
        {
          "conversation_id": "127",
          "family": "msc_valid",
          "turn_count": 16,
          "truncated_turn_count": 16,
          "target_turn_count": 12,
          "estimated_cost": 192
        },
        {
          "conversation_id": "142",
          "family": "msc_valid",
          "turn_count": 16,
          "truncated_turn_count": 16,
          "target_turn_count": 12,
          "estimated_cost": 192
        },
        {
          "conversation_id": "209",
          "family": "msc_valid",
          "turn_count": 16,
          "truncated_turn_count": 16,
          "target_turn_count": 12,
          "estimated_cost": 192
        },
        {
          "conversation_id": "27",
          "family": "msc_valid",
          "turn_count": 16,
          "truncated_turn_count": 16,
          "target_turn_count": 12,
          "estimated_cost": 192
        },
        {
          "conversation_id": "307",
          "family": "msc_valid",
          "turn_count": 16,
          "truncated_turn_count": 16,
          "target_turn_count": 12,
          "estimated_cost": 192
        },
        {
          "conversation_id": "35",
          "family": "msc_valid",
          "turn_count": 16,
          "truncated_turn_count": 16,
          "target_turn_count": 12,
          "estimated_cost": 192
        },
        {
          "conversation_id": "412",
          "family": "msc_valid",
          "turn_count": 16,
          "truncated_turn_count": 16,
          "target_turn_count": 12,
          "estimated_cost": 192
        },
        {
          "conversation_id": "453",
          "family": "msc_valid",
          "turn_count": 16,
          "truncated_turn_count": 16,
          "target_turn_count": 12,
          "estimated_cost": 192
        },
        {
          "conversation_id": "494",
          "family": "msc_valid",
          "turn_count": 16,
          "truncated_turn_count": 16,
          "target_turn_count": 12,
          "estimated_cost": 192
        },
        {
          "conversation_id": "537",
          "family": "msc_valid",
          "turn_count": 16,
          "truncated_turn_count": 16,
          "target_turn_count": 12,
          "estimated_cost": 192
        },
        {
          "conversation_id": "572",
          "family": "msc_valid",
          "turn_count": 16,
          "truncated_turn_count": 16,
          "target_turn_count": 12,
          "estimated_cost": 192
        },
        {
          "conversation_id": "608",
          "family": "msc_valid",
          "turn_count": 16,
          "truncated_turn_count": 16,
          "target_turn_count": 12,
          "estimated_cost": 192
        },
        {
          "conversation_id": "64",
          "family": "msc_valid",
          "turn_count": 16,
          "truncated_turn_count": 16,
          "target_turn_count": 12,
          "estimated_cost": 192
        },
        {
          "conversation_id": "689",
          "family": "msc_valid",
          "turn_count": 16,
          "truncated_turn_count": 16,
          "target_turn_count": 12,
          "estimated_cost": 192
        },
        {
          "conversation_id": "74",
          "family": "msc_valid",
          "turn_count": 16,
          "truncated_turn_count": 16,
          "target_turn_count": 12,
          "estimated_cost": 192
        },
        {
          "conversation_id": "777",
          "family": "msc_valid",
          "turn_count": 16,
          "truncated_turn_count": 16,
          "target_turn_count": 12,
          "estimated_cost": 192
        },
        {
          "conversation_id": "82",
          "family": "msc_valid",
          "turn_count": 16,
          "truncated_turn_count": 16,
          "target_turn_count": 12,
          "estimated_cost": 192
        },
        {
          "conversation_id": "867",
          "family": "msc_valid",
          "turn_count": 16,
          "truncated_turn_count": 16,
          "target_turn_count": 12,
          "estimated_cost": 192
        },
        {
          "conversation_id": "910",
          "family": "msc_valid",
          "turn_count": 16,
          "truncated_turn_count": 16,
          "target_turn_count": 12,
          "estimated_cost": 192
        },
        {
          "conversation_id": "967",
          "family": "msc_valid",
          "turn_count": 16,
          "truncated_turn_count": 16,
          "target_turn_count": 12,
          "estimated_cost": 192
        },
        {
          "conversation_id": "188",
          "family": "msc_valid",
          "turn_count": 14,
          "truncated_turn_count": 14,
          "target_turn_count": 10,
          "estimated_cost": 140
        },
        {
          "conversation_id": "339",
          "family": "msc_valid",
          "turn_count": 14,
          "truncated_turn_count": 14,
          "target_turn_count": 10,
          "estimated_cost": 140
        },
        {
          "conversation_id": "503",
          "family": "msc_valid",
          "turn_count": 14,
          "truncated_turn_count": 14,
          "target_turn_count": 10,
          "estimated_cost": 140
        },
        {
          "conversation_id": "691",
          "family": "msc_valid",
          "turn_count": 14,
          "truncated_turn_count": 14,
          "target_turn_count": 10,
          "estimated_cost": 140
        },
        {
          "conversation_id": "905",
          "family": "msc_valid",
          "turn_count": 14,
          "truncated_turn_count": 14,
          "target_turn_count": 10,
          "estimated_cost": 140
        }
      ]
    },
    {
      "shard_index": 9,
      "estimated_cost": 28304,
      "conversation_count": 50,
      "conversation_ids": [
        "556",
        "147",
        "203",
        "270",
        "352",
        "402",
        "476",
        "560",
        "666",
        "764",
        "847",
        "91",
        "974",
        "890",
        "163",
        "346",
        "570",
        "762",
        "869",
        "987",
        "682",
        "413",
        "932",
        "542",
        "104",
        "126",
        "137",
        "165",
        "229",
        "287",
        "32",
        "382",
        "423",
        "463",
        "507",
        "550",
        "585",
        "618",
        "657",
        "710",
        "750",
        "788",
        "829",
        "885",
        "927",
        "985",
        "333",
        "5",
        "688",
        "870"
      ],
      "items": [
        {
          "conversation_id": "556",
          "family": "msc_valid",
          "turn_count": 66,
          "truncated_turn_count": 66,
          "target_turn_count": 16,
          "estimated_cost": 1056
        },
        {
          "conversation_id": "147",
          "family": "msc_valid",
          "turn_count": 64,
          "truncated_turn_count": 64,
          "target_turn_count": 16,
          "estimated_cost": 1024
        },
        {
          "conversation_id": "203",
          "family": "msc_valid",
          "turn_count": 64,
          "truncated_turn_count": 64,
          "target_turn_count": 16,
          "estimated_cost": 1024
        },
        {
          "conversation_id": "270",
          "family": "msc_valid",
          "turn_count": 64,
          "truncated_turn_count": 64,
          "target_turn_count": 16,
          "estimated_cost": 1024
        },
        {
          "conversation_id": "352",
          "family": "msc_valid",
          "turn_count": 64,
          "truncated_turn_count": 64,
          "target_turn_count": 16,
          "estimated_cost": 1024
        },
        {
          "conversation_id": "402",
          "family": "msc_valid",
          "turn_count": 64,
          "truncated_turn_count": 64,
          "target_turn_count": 16,
          "estimated_cost": 1024
        },
        {
          "conversation_id": "476",
          "family": "msc_valid",
          "turn_count": 64,
          "truncated_turn_count": 64,
          "target_turn_count": 16,
          "estimated_cost": 1024
        },
        {
          "conversation_id": "560",
          "family": "msc_valid",
          "turn_count": 64,
          "truncated_turn_count": 64,
          "target_turn_count": 16,
          "estimated_cost": 1024
        },
        {
          "conversation_id": "666",
          "family": "msc_valid",
          "turn_count": 64,
          "truncated_turn_count": 64,
          "target_turn_count": 16,
          "estimated_cost": 1024
        },
        {
          "conversation_id": "764",
          "family": "msc_valid",
          "turn_count": 64,
          "truncated_turn_count": 64,
          "target_turn_count": 16,
          "estimated_cost": 1024
        },
        {
          "conversation_id": "847",
          "family": "msc_valid",
          "turn_count": 64,
          "truncated_turn_count": 64,
          "target_turn_count": 16,
          "estimated_cost": 1024
        },
        {
          "conversation_id": "91",
          "family": "msc_valid",
          "turn_count": 64,
          "truncated_turn_count": 64,
          "target_turn_count": 16,
          "estimated_cost": 1024
        },
        {
          "conversation_id": "974",
          "family": "msc_valid",
          "turn_count": 64,
          "truncated_turn_count": 64,
          "target_turn_count": 16,
          "estimated_cost": 1024
        },
        {
          "conversation_id": "890",
          "family": "msc_valid",
          "turn_count": 63,
          "truncated_turn_count": 63,
          "target_turn_count": 16,
          "estimated_cost": 1008
        },
        {
          "conversation_id": "163",
          "family": "msc_valid",
          "turn_count": 62,
          "truncated_turn_count": 62,
          "target_turn_count": 16,
          "estimated_cost": 992
        },
        {
          "conversation_id": "346",
          "family": "msc_valid",
          "turn_count": 62,
          "truncated_turn_count": 62,
          "target_turn_count": 16,
          "estimated_cost": 992
        },
        {
          "conversation_id": "570",
          "family": "msc_valid",
          "turn_count": 62,
          "truncated_turn_count": 62,
          "target_turn_count": 16,
          "estimated_cost": 992
        },
        {
          "conversation_id": "762",
          "family": "msc_valid",
          "turn_count": 62,
          "truncated_turn_count": 62,
          "target_turn_count": 16,
          "estimated_cost": 992
        },
        {
          "conversation_id": "869",
          "family": "msc_valid",
          "turn_count": 62,
          "truncated_turn_count": 62,
          "target_turn_count": 16,
          "estimated_cost": 992
        },
        {
          "conversation_id": "987",
          "family": "msc_valid",
          "turn_count": 62,
          "truncated_turn_count": 62,
          "target_turn_count": 16,
          "estimated_cost": 992
        },
        {
          "conversation_id": "682",
          "family": "msc_valid",
          "turn_count": 61,
          "truncated_turn_count": 61,
          "target_turn_count": 16,
          "estimated_cost": 976
        },
        {
          "conversation_id": "413",
          "family": "msc_valid",
          "turn_count": 60,
          "truncated_turn_count": 60,
          "target_turn_count": 16,
          "estimated_cost": 960
        },
        {
          "conversation_id": "932",
          "family": "msc_valid",
          "turn_count": 60,
          "truncated_turn_count": 60,
          "target_turn_count": 16,
          "estimated_cost": 960
        },
        {
          "conversation_id": "542",
          "family": "msc_valid",
          "turn_count": 20,
          "truncated_turn_count": 20,
          "target_turn_count": 16,
          "estimated_cost": 320
        },
        {
          "conversation_id": "104",
          "family": "msc_valid",
          "turn_count": 16,
          "truncated_turn_count": 16,
          "target_turn_count": 12,
          "estimated_cost": 192
        },
        {
          "conversation_id": "126",
          "family": "msc_valid",
          "turn_count": 16,
          "truncated_turn_count": 16,
          "target_turn_count": 12,
          "estimated_cost": 192
        },
        {
          "conversation_id": "137",
          "family": "msc_valid",
          "turn_count": 16,
          "truncated_turn_count": 16,
          "target_turn_count": 12,
          "estimated_cost": 192
        },
        {
          "conversation_id": "165",
          "family": "msc_valid",
          "turn_count": 16,
          "truncated_turn_count": 16,
          "target_turn_count": 12,
          "estimated_cost": 192
        },
        {
          "conversation_id": "229",
          "family": "msc_valid",
          "turn_count": 16,
          "truncated_turn_count": 16,
          "target_turn_count": 12,
          "estimated_cost": 192
        },
        {
          "conversation_id": "287",
          "family": "msc_valid",
          "turn_count": 16,
          "truncated_turn_count": 16,
          "target_turn_count": 12,
          "estimated_cost": 192
        },
        {
          "conversation_id": "32",
          "family": "msc_valid",
          "turn_count": 16,
          "truncated_turn_count": 16,
          "target_turn_count": 12,
          "estimated_cost": 192
        },
        {
          "conversation_id": "382",
          "family": "msc_valid",
          "turn_count": 16,
          "truncated_turn_count": 16,
          "target_turn_count": 12,
          "estimated_cost": 192
        },
        {
          "conversation_id": "423",
          "family": "msc_valid",
          "turn_count": 16,
          "truncated_turn_count": 16,
          "target_turn_count": 12,
          "estimated_cost": 192
        },
        {
          "conversation_id": "463",
          "family": "msc_valid",
          "turn_count": 16,
          "truncated_turn_count": 16,
          "target_turn_count": 12,
          "estimated_cost": 192
        },
        {
          "conversation_id": "507",
          "family": "msc_valid",
          "turn_count": 16,
          "truncated_turn_count": 16,
          "target_turn_count": 12,
          "estimated_cost": 192
        },
        {
          "conversation_id": "550",
          "family": "msc_valid",
          "turn_count": 16,
          "truncated_turn_count": 16,
          "target_turn_count": 12,
          "estimated_cost": 192
        },
        {
          "conversation_id": "585",
          "family": "msc_valid",
          "turn_count": 16,
          "truncated_turn_count": 16,
          "target_turn_count": 12,
          "estimated_cost": 192
        },
        {
          "conversation_id": "618",
          "family": "msc_valid",
          "turn_count": 16,
          "truncated_turn_count": 16,
          "target_turn_count": 12,
          "estimated_cost": 192
        },
        {
          "conversation_id": "657",
          "family": "msc_valid",
          "turn_count": 16,
          "truncated_turn_count": 16,
          "target_turn_count": 12,
          "estimated_cost": 192
        },
        {
          "conversation_id": "710",
          "family": "msc_valid",
          "turn_count": 16,
          "truncated_turn_count": 16,
          "target_turn_count": 12,
          "estimated_cost": 192
        },
        {
          "conversation_id": "750",
          "family": "msc_valid",
          "turn_count": 16,
          "truncated_turn_count": 16,
          "target_turn_count": 12,
          "estimated_cost": 192
        },
        {
          "conversation_id": "788",
          "family": "msc_valid",
          "turn_count": 16,
          "truncated_turn_count": 16,
          "target_turn_count": 12,
          "estimated_cost": 192
        },
        {
          "conversation_id": "829",
          "family": "msc_valid",
          "turn_count": 16,
          "truncated_turn_count": 16,
          "target_turn_count": 12,
          "estimated_cost": 192
        },
        {
          "conversation_id": "885",
          "family": "msc_valid",
          "turn_count": 16,
          "truncated_turn_count": 16,
          "target_turn_count": 12,
          "estimated_cost": 192
        },
        {
          "conversation_id": "927",
          "family": "msc_valid",
          "turn_count": 16,
          "truncated_turn_count": 16,
          "target_turn_count": 12,
          "estimated_cost": 192
        },
        {
          "conversation_id": "985",
          "family": "msc_valid",
          "turn_count": 16,
          "truncated_turn_count": 16,
          "target_turn_count": 12,
          "estimated_cost": 192
        },
        {
          "conversation_id": "333",
          "family": "msc_valid",
          "turn_count": 14,
          "truncated_turn_count": 14,
          "target_turn_count": 10,
          "estimated_cost": 140
        },
        {
          "conversation_id": "5",
          "family": "msc_valid",
          "turn_count": 14,
          "truncated_turn_count": 14,
          "target_turn_count": 10,
          "estimated_cost": 140
        },
        {
          "conversation_id": "688",
          "family": "msc_valid",
          "turn_count": 14,
          "truncated_turn_count": 14,
          "target_turn_count": 10,
          "estimated_cost": 140
        },
        {
          "conversation_id": "870",
          "family": "msc_valid",
          "turn_count": 14,
          "truncated_turn_count": 14,
          "target_turn_count": 10,
          "estimated_cost": 140
        }
      ]
    },
    {
      "shard_index": 10,
      "estimated_cost": 28296,
      "conversation_count": 50,
      "conversation_ids": [
        "613",
        "154",
        "207",
        "272",
        "353",
        "403",
        "479",
        "567",
        "667",
        "768",
        "85",
        "917",
        "977",
        "972",
        "166",
        "360",
        "600",
        "766",
        "89",
        "989",
        "69",
        "433",
        "988",
        "220",
        "514",
        "118",
        "129",
        "16",
        "221",
        "279",
        "315",
        "366",
        "420",
        "458",
        "500",
        "545",
        "577",
        "614",
        "651",
        "701",
        "746",
        "785",
        "825",
        "880",
        "916",
        "975",
        "303",
        "483",
        "659",
        "834"
      ],
      "items": [
        {
          "conversation_id": "613",
          "family": "msc_valid",
          "turn_count": 66,
          "truncated_turn_count": 66,
          "target_turn_count": 16,
          "estimated_cost": 1056
        },
        {
          "conversation_id": "154",
          "family": "msc_valid",
          "turn_count": 64,
          "truncated_turn_count": 64,
          "target_turn_count": 16,
          "estimated_cost": 1024
        },
        {
          "conversation_id": "207",
          "family": "msc_valid",
          "turn_count": 64,
          "truncated_turn_count": 64,
          "target_turn_count": 16,
          "estimated_cost": 1024
        },
        {
          "conversation_id": "272",
          "family": "msc_valid",
          "turn_count": 64,
          "truncated_turn_count": 64,
          "target_turn_count": 16,
          "estimated_cost": 1024
        },
        {
          "conversation_id": "353",
          "family": "msc_valid",
          "turn_count": 64,
          "truncated_turn_count": 64,
          "target_turn_count": 16,
          "estimated_cost": 1024
        },
        {
          "conversation_id": "403",
          "family": "msc_valid",
          "turn_count": 64,
          "truncated_turn_count": 64,
          "target_turn_count": 16,
          "estimated_cost": 1024
        },
        {
          "conversation_id": "479",
          "family": "msc_valid",
          "turn_count": 64,
          "truncated_turn_count": 64,
          "target_turn_count": 16,
          "estimated_cost": 1024
        },
        {
          "conversation_id": "567",
          "family": "msc_valid",
          "turn_count": 64,
          "truncated_turn_count": 64,
          "target_turn_count": 16,
          "estimated_cost": 1024
        },
        {
          "conversation_id": "667",
          "family": "msc_valid",
          "turn_count": 64,
          "truncated_turn_count": 64,
          "target_turn_count": 16,
          "estimated_cost": 1024
        },
        {
          "conversation_id": "768",
          "family": "msc_valid",
          "turn_count": 64,
          "truncated_turn_count": 64,
          "target_turn_count": 16,
          "estimated_cost": 1024
        },
        {
          "conversation_id": "85",
          "family": "msc_valid",
          "turn_count": 64,
          "truncated_turn_count": 64,
          "target_turn_count": 16,
          "estimated_cost": 1024
        },
        {
          "conversation_id": "917",
          "family": "msc_valid",
          "turn_count": 64,
          "truncated_turn_count": 64,
          "target_turn_count": 16,
          "estimated_cost": 1024
        },
        {
          "conversation_id": "977",
          "family": "msc_valid",
          "turn_count": 64,
          "truncated_turn_count": 64,
          "target_turn_count": 16,
          "estimated_cost": 1024
        },
        {
          "conversation_id": "972",
          "family": "msc_valid",
          "turn_count": 63,
          "truncated_turn_count": 63,
          "target_turn_count": 16,
          "estimated_cost": 1008
        },
        {
          "conversation_id": "166",
          "family": "msc_valid",
          "turn_count": 62,
          "truncated_turn_count": 62,
          "target_turn_count": 16,
          "estimated_cost": 992
        },
        {
          "conversation_id": "360",
          "family": "msc_valid",
          "turn_count": 62,
          "truncated_turn_count": 62,
          "target_turn_count": 16,
          "estimated_cost": 992
        },
        {
          "conversation_id": "600",
          "family": "msc_valid",
          "turn_count": 62,
          "truncated_turn_count": 62,
          "target_turn_count": 16,
          "estimated_cost": 992
        },
        {
          "conversation_id": "766",
          "family": "msc_valid",
          "turn_count": 62,
          "truncated_turn_count": 62,
          "target_turn_count": 16,
          "estimated_cost": 992
        },
        {
          "conversation_id": "89",
          "family": "msc_valid",
          "turn_count": 62,
          "truncated_turn_count": 62,
          "target_turn_count": 16,
          "estimated_cost": 992
        },
        {
          "conversation_id": "989",
          "family": "msc_valid",
          "turn_count": 62,
          "truncated_turn_count": 62,
          "target_turn_count": 16,
          "estimated_cost": 992
        },
        {
          "conversation_id": "69",
          "family": "msc_valid",
          "turn_count": 61,
          "truncated_turn_count": 61,
          "target_turn_count": 16,
          "estimated_cost": 976
        },
        {
          "conversation_id": "433",
          "family": "msc_valid",
          "turn_count": 60,
          "truncated_turn_count": 60,
          "target_turn_count": 16,
          "estimated_cost": 960
        },
        {
          "conversation_id": "988",
          "family": "msc_valid",
          "turn_count": 60,
          "truncated_turn_count": 60,
          "target_turn_count": 16,
          "estimated_cost": 960
        },
        {
          "conversation_id": "220",
          "family": "msc_valid",
          "turn_count": 18,
          "truncated_turn_count": 18,
          "target_turn_count": 14,
          "estimated_cost": 252
        },
        {
          "conversation_id": "514",
          "family": "msc_valid",
          "turn_count": 18,
          "truncated_turn_count": 18,
          "target_turn_count": 14,
          "estimated_cost": 252
        },
        {
          "conversation_id": "118",
          "family": "msc_valid",
          "turn_count": 16,
          "truncated_turn_count": 16,
          "target_turn_count": 12,
          "estimated_cost": 192
        },
        {
          "conversation_id": "129",
          "family": "msc_valid",
          "turn_count": 16,
          "truncated_turn_count": 16,
          "target_turn_count": 12,
          "estimated_cost": 192
        },
        {
          "conversation_id": "16",
          "family": "msc_valid",
          "turn_count": 16,
          "truncated_turn_count": 16,
          "target_turn_count": 12,
          "estimated_cost": 192
        },
        {
          "conversation_id": "221",
          "family": "msc_valid",
          "turn_count": 16,
          "truncated_turn_count": 16,
          "target_turn_count": 12,
          "estimated_cost": 192
        },
        {
          "conversation_id": "279",
          "family": "msc_valid",
          "turn_count": 16,
          "truncated_turn_count": 16,
          "target_turn_count": 12,
          "estimated_cost": 192
        },
        {
          "conversation_id": "315",
          "family": "msc_valid",
          "turn_count": 16,
          "truncated_turn_count": 16,
          "target_turn_count": 12,
          "estimated_cost": 192
        },
        {
          "conversation_id": "366",
          "family": "msc_valid",
          "turn_count": 16,
          "truncated_turn_count": 16,
          "target_turn_count": 12,
          "estimated_cost": 192
        },
        {
          "conversation_id": "420",
          "family": "msc_valid",
          "turn_count": 16,
          "truncated_turn_count": 16,
          "target_turn_count": 12,
          "estimated_cost": 192
        },
        {
          "conversation_id": "458",
          "family": "msc_valid",
          "turn_count": 16,
          "truncated_turn_count": 16,
          "target_turn_count": 12,
          "estimated_cost": 192
        },
        {
          "conversation_id": "500",
          "family": "msc_valid",
          "turn_count": 16,
          "truncated_turn_count": 16,
          "target_turn_count": 12,
          "estimated_cost": 192
        },
        {
          "conversation_id": "545",
          "family": "msc_valid",
          "turn_count": 16,
          "truncated_turn_count": 16,
          "target_turn_count": 12,
          "estimated_cost": 192
        },
        {
          "conversation_id": "577",
          "family": "msc_valid",
          "turn_count": 16,
          "truncated_turn_count": 16,
          "target_turn_count": 12,
          "estimated_cost": 192
        },
        {
          "conversation_id": "614",
          "family": "msc_valid",
          "turn_count": 16,
          "truncated_turn_count": 16,
          "target_turn_count": 12,
          "estimated_cost": 192
        },
        {
          "conversation_id": "651",
          "family": "msc_valid",
          "turn_count": 16,
          "truncated_turn_count": 16,
          "target_turn_count": 12,
          "estimated_cost": 192
        },
        {
          "conversation_id": "701",
          "family": "msc_valid",
          "turn_count": 16,
          "truncated_turn_count": 16,
          "target_turn_count": 12,
          "estimated_cost": 192
        },
        {
          "conversation_id": "746",
          "family": "msc_valid",
          "turn_count": 16,
          "truncated_turn_count": 16,
          "target_turn_count": 12,
          "estimated_cost": 192
        },
        {
          "conversation_id": "785",
          "family": "msc_valid",
          "turn_count": 16,
          "truncated_turn_count": 16,
          "target_turn_count": 12,
          "estimated_cost": 192
        },
        {
          "conversation_id": "825",
          "family": "msc_valid",
          "turn_count": 16,
          "truncated_turn_count": 16,
          "target_turn_count": 12,
          "estimated_cost": 192
        },
        {
          "conversation_id": "880",
          "family": "msc_valid",
          "turn_count": 16,
          "truncated_turn_count": 16,
          "target_turn_count": 12,
          "estimated_cost": 192
        },
        {
          "conversation_id": "916",
          "family": "msc_valid",
          "turn_count": 16,
          "truncated_turn_count": 16,
          "target_turn_count": 12,
          "estimated_cost": 192
        },
        {
          "conversation_id": "975",
          "family": "msc_valid",
          "turn_count": 16,
          "truncated_turn_count": 16,
          "target_turn_count": 12,
          "estimated_cost": 192
        },
        {
          "conversation_id": "303",
          "family": "msc_valid",
          "turn_count": 14,
          "truncated_turn_count": 14,
          "target_turn_count": 10,
          "estimated_cost": 140
        },
        {
          "conversation_id": "483",
          "family": "msc_valid",
          "turn_count": 14,
          "truncated_turn_count": 14,
          "target_turn_count": 10,
          "estimated_cost": 140
        },
        {
          "conversation_id": "659",
          "family": "msc_valid",
          "turn_count": 14,
          "truncated_turn_count": 14,
          "target_turn_count": 10,
          "estimated_cost": 140
        },
        {
          "conversation_id": "834",
          "family": "msc_valid",
          "turn_count": 14,
          "truncated_turn_count": 14,
          "target_turn_count": 10,
          "estimated_cost": 140
        }
      ]
    },
    {
      "shard_index": 11,
      "estimated_cost": 28284,
      "conversation_count": 47,
      "conversation_ids": [
        "902",
        "155",
        "215",
        "273",
        "354",
        "410",
        "482",
        "568",
        "672",
        "770",
        "852",
        "918",
        "978",
        "999",
        "182",
        "369",
        "63",
        "77",
        "895",
        "993",
        "724",
        "439",
        "105",
        "995",
        "201",
        "267",
        "306",
        "349",
        "41",
        "451",
        "493",
        "536",
        "571",
        "607",
        "639",
        "686",
        "739",
        "776",
        "819",
        "859",
        "907",
        "96",
        "179",
        "288",
        "436",
        "636",
        "804"
      ],
      "items": [
        {
          "conversation_id": "902",
          "family": "msc_valid",
          "turn_count": 66,
          "truncated_turn_count": 66,
          "target_turn_count": 16,
          "estimated_cost": 1056
        },
        {
          "conversation_id": "155",
          "family": "msc_valid",
          "turn_count": 64,
          "truncated_turn_count": 64,
          "target_turn_count": 16,
          "estimated_cost": 1024
        },
        {
          "conversation_id": "215",
          "family": "msc_valid",
          "turn_count": 64,
          "truncated_turn_count": 64,
          "target_turn_count": 16,
          "estimated_cost": 1024
        },
        {
          "conversation_id": "273",
          "family": "msc_valid",
          "turn_count": 64,
          "truncated_turn_count": 64,
          "target_turn_count": 16,
          "estimated_cost": 1024
        },
        {
          "conversation_id": "354",
          "family": "msc_valid",
          "turn_count": 64,
          "truncated_turn_count": 64,
          "target_turn_count": 16,
          "estimated_cost": 1024
        },
        {
          "conversation_id": "410",
          "family": "msc_valid",
          "turn_count": 64,
          "truncated_turn_count": 64,
          "target_turn_count": 16,
          "estimated_cost": 1024
        },
        {
          "conversation_id": "482",
          "family": "msc_valid",
          "turn_count": 64,
          "truncated_turn_count": 64,
          "target_turn_count": 16,
          "estimated_cost": 1024
        },
        {
          "conversation_id": "568",
          "family": "msc_valid",
          "turn_count": 64,
          "truncated_turn_count": 64,
          "target_turn_count": 16,
          "estimated_cost": 1024
        },
        {
          "conversation_id": "672",
          "family": "msc_valid",
          "turn_count": 64,
          "truncated_turn_count": 64,
          "target_turn_count": 16,
          "estimated_cost": 1024
        },
        {
          "conversation_id": "770",
          "family": "msc_valid",
          "turn_count": 64,
          "truncated_turn_count": 64,
          "target_turn_count": 16,
          "estimated_cost": 1024
        },
        {
          "conversation_id": "852",
          "family": "msc_valid",
          "turn_count": 64,
          "truncated_turn_count": 64,
          "target_turn_count": 16,
          "estimated_cost": 1024
        },
        {
          "conversation_id": "918",
          "family": "msc_valid",
          "turn_count": 64,
          "truncated_turn_count": 64,
          "target_turn_count": 16,
          "estimated_cost": 1024
        },
        {
          "conversation_id": "978",
          "family": "msc_valid",
          "turn_count": 64,
          "truncated_turn_count": 64,
          "target_turn_count": 16,
          "estimated_cost": 1024
        },
        {
          "conversation_id": "999",
          "family": "msc_valid",
          "turn_count": 63,
          "truncated_turn_count": 63,
          "target_turn_count": 16,
          "estimated_cost": 1008
        },
        {
          "conversation_id": "182",
          "family": "msc_valid",
          "turn_count": 62,
          "truncated_turn_count": 62,
          "target_turn_count": 16,
          "estimated_cost": 992
        },
        {
          "conversation_id": "369",
          "family": "msc_valid",
          "turn_count": 62,
          "truncated_turn_count": 62,
          "target_turn_count": 16,
          "estimated_cost": 992
        },
        {
          "conversation_id": "63",
          "family": "msc_valid",
          "turn_count": 62,
          "truncated_turn_count": 62,
          "target_turn_count": 16,
          "estimated_cost": 992
        },
        {
          "conversation_id": "77",
          "family": "msc_valid",
          "turn_count": 62,
          "truncated_turn_count": 62,
          "target_turn_count": 16,
          "estimated_cost": 992
        },
        {
          "conversation_id": "895",
          "family": "msc_valid",
          "turn_count": 62,
          "truncated_turn_count": 62,
          "target_turn_count": 16,
          "estimated_cost": 992
        },
        {
          "conversation_id": "993",
          "family": "msc_valid",
          "turn_count": 62,
          "truncated_turn_count": 62,
          "target_turn_count": 16,
          "estimated_cost": 992
        },
        {
          "conversation_id": "724",
          "family": "msc_valid",
          "turn_count": 61,
          "truncated_turn_count": 61,
          "target_turn_count": 16,
          "estimated_cost": 976
        },
        {
          "conversation_id": "439",
          "family": "msc_valid",
          "turn_count": 60,
          "truncated_turn_count": 60,
          "target_turn_count": 16,
          "estimated_cost": 960
        },
        {
          "conversation_id": "105",
          "family": "msc_valid",
          "turn_count": 59,
          "truncated_turn_count": 59,
          "target_turn_count": 16,
          "estimated_cost": 944
        },
        {
          "conversation_id": "995",
          "family": "msc_valid",
          "turn_count": 59,
          "truncated_turn_count": 59,
          "target_turn_count": 16,
          "estimated_cost": 944
        },
        {
          "conversation_id": "201",
          "family": "msc_valid",
          "turn_count": 16,
          "truncated_turn_count": 16,
          "target_turn_count": 12,
          "estimated_cost": 192
        },
        {
          "conversation_id": "267",
          "family": "msc_valid",
          "turn_count": 16,
          "truncated_turn_count": 16,
          "target_turn_count": 12,
          "estimated_cost": 192
        },
        {
          "conversation_id": "306",
          "family": "msc_valid",
          "turn_count": 16,
          "truncated_turn_count": 16,
          "target_turn_count": 12,
          "estimated_cost": 192
        },
        {
          "conversation_id": "349",
          "family": "msc_valid",
          "turn_count": 16,
          "truncated_turn_count": 16,
          "target_turn_count": 12,
          "estimated_cost": 192
        },
        {
          "conversation_id": "41",
          "family": "msc_valid",
          "turn_count": 16,
          "truncated_turn_count": 16,
          "target_turn_count": 12,
          "estimated_cost": 192
        },
        {
          "conversation_id": "451",
          "family": "msc_valid",
          "turn_count": 16,
          "truncated_turn_count": 16,
          "target_turn_count": 12,
          "estimated_cost": 192
        },
        {
          "conversation_id": "493",
          "family": "msc_valid",
          "turn_count": 16,
          "truncated_turn_count": 16,
          "target_turn_count": 12,
          "estimated_cost": 192
        },
        {
          "conversation_id": "536",
          "family": "msc_valid",
          "turn_count": 16,
          "truncated_turn_count": 16,
          "target_turn_count": 12,
          "estimated_cost": 192
        },
        {
          "conversation_id": "571",
          "family": "msc_valid",
          "turn_count": 16,
          "truncated_turn_count": 16,
          "target_turn_count": 12,
          "estimated_cost": 192
        },
        {
          "conversation_id": "607",
          "family": "msc_valid",
          "turn_count": 16,
          "truncated_turn_count": 16,
          "target_turn_count": 12,
          "estimated_cost": 192
        },
        {
          "conversation_id": "639",
          "family": "msc_valid",
          "turn_count": 16,
          "truncated_turn_count": 16,
          "target_turn_count": 12,
          "estimated_cost": 192
        },
        {
          "conversation_id": "686",
          "family": "msc_valid",
          "turn_count": 16,
          "truncated_turn_count": 16,
          "target_turn_count": 12,
          "estimated_cost": 192
        },
        {
          "conversation_id": "739",
          "family": "msc_valid",
          "turn_count": 16,
          "truncated_turn_count": 16,
          "target_turn_count": 12,
          "estimated_cost": 192
        },
        {
          "conversation_id": "776",
          "family": "msc_valid",
          "turn_count": 16,
          "truncated_turn_count": 16,
          "target_turn_count": 12,
          "estimated_cost": 192
        },
        {
          "conversation_id": "819",
          "family": "msc_valid",
          "turn_count": 16,
          "truncated_turn_count": 16,
          "target_turn_count": 12,
          "estimated_cost": 192
        },
        {
          "conversation_id": "859",
          "family": "msc_valid",
          "turn_count": 16,
          "truncated_turn_count": 16,
          "target_turn_count": 12,
          "estimated_cost": 192
        },
        {
          "conversation_id": "907",
          "family": "msc_valid",
          "turn_count": 16,
          "truncated_turn_count": 16,
          "target_turn_count": 12,
          "estimated_cost": 192
        },
        {
          "conversation_id": "96",
          "family": "msc_valid",
          "turn_count": 16,
          "truncated_turn_count": 16,
          "target_turn_count": 12,
          "estimated_cost": 192
        },
        {
          "conversation_id": "179",
          "family": "msc_valid",
          "turn_count": 14,
          "truncated_turn_count": 14,
          "target_turn_count": 10,
          "estimated_cost": 140
        },
        {
          "conversation_id": "288",
          "family": "msc_valid",
          "turn_count": 14,
          "truncated_turn_count": 14,
          "target_turn_count": 10,
          "estimated_cost": 140
        },
        {
          "conversation_id": "436",
          "family": "msc_valid",
          "turn_count": 14,
          "truncated_turn_count": 14,
          "target_turn_count": 10,
          "estimated_cost": 140
        },
        {
          "conversation_id": "636",
          "family": "msc_valid",
          "turn_count": 14,
          "truncated_turn_count": 14,
          "target_turn_count": 10,
          "estimated_cost": 140
        },
        {
          "conversation_id": "804",
          "family": "msc_valid",
          "turn_count": 14,
          "truncated_turn_count": 14,
          "target_turn_count": 10,
          "estimated_cost": 140
        }
      ]
    },
    {
      "shard_index": 12,
      "estimated_cost": 28320,
      "conversation_count": 47,
      "conversation_ids": [
        "947",
        "158",
        "216",
        "275",
        "356",
        "417",
        "487",
        "58",
        "675",
        "771",
        "854",
        "92",
        "979",
        "1",
        "139",
        "284",
        "46",
        "711",
        "856",
        "95",
        "518",
        "153",
        "574",
        "253",
        "170",
        "242",
        "290",
        "321",
        "385",
        "427",
        "470",
        "509",
        "553",
        "591",
        "620",
        "661",
        "717",
        "752",
        "794",
        "832",
        "888",
        "931",
        "990",
        "351",
        "513",
        "698",
        "953"
      ],
      "items": [
        {
          "conversation_id": "947",
          "family": "msc_valid",
          "turn_count": 66,
          "truncated_turn_count": 66,
          "target_turn_count": 16,
          "estimated_cost": 1056
        },
        {
          "conversation_id": "158",
          "family": "msc_valid",
          "turn_count": 64,
          "truncated_turn_count": 64,
          "target_turn_count": 16,
          "estimated_cost": 1024
        },
        {
          "conversation_id": "216",
          "family": "msc_valid",
          "turn_count": 64,
          "truncated_turn_count": 64,
          "target_turn_count": 16,
          "estimated_cost": 1024
        },
        {
          "conversation_id": "275",
          "family": "msc_valid",
          "turn_count": 64,
          "truncated_turn_count": 64,
          "target_turn_count": 16,
          "estimated_cost": 1024
        },
        {
          "conversation_id": "356",
          "family": "msc_valid",
          "turn_count": 64,
          "truncated_turn_count": 64,
          "target_turn_count": 16,
          "estimated_cost": 1024
        },
        {
          "conversation_id": "417",
          "family": "msc_valid",
          "turn_count": 64,
          "truncated_turn_count": 64,
          "target_turn_count": 16,
          "estimated_cost": 1024
        },
        {
          "conversation_id": "487",
          "family": "msc_valid",
          "turn_count": 64,
          "truncated_turn_count": 64,
          "target_turn_count": 16,
          "estimated_cost": 1024
        },
        {
          "conversation_id": "58",
          "family": "msc_valid",
          "turn_count": 64,
          "truncated_turn_count": 64,
          "target_turn_count": 16,
          "estimated_cost": 1024
        },
        {
          "conversation_id": "675",
          "family": "msc_valid",
          "turn_count": 64,
          "truncated_turn_count": 64,
          "target_turn_count": 16,
          "estimated_cost": 1024
        },
        {
          "conversation_id": "771",
          "family": "msc_valid",
          "turn_count": 64,
          "truncated_turn_count": 64,
          "target_turn_count": 16,
          "estimated_cost": 1024
        },
        {
          "conversation_id": "854",
          "family": "msc_valid",
          "turn_count": 64,
          "truncated_turn_count": 64,
          "target_turn_count": 16,
          "estimated_cost": 1024
        },
        {
          "conversation_id": "92",
          "family": "msc_valid",
          "turn_count": 64,
          "truncated_turn_count": 64,
          "target_turn_count": 16,
          "estimated_cost": 1024
        },
        {
          "conversation_id": "979",
          "family": "msc_valid",
          "turn_count": 64,
          "truncated_turn_count": 64,
          "target_turn_count": 16,
          "estimated_cost": 1024
        },
        {
          "conversation_id": "1",
          "family": "msc_valid",
          "turn_count": 62,
          "truncated_turn_count": 62,
          "target_turn_count": 16,
          "estimated_cost": 992
        },
        {
          "conversation_id": "139",
          "family": "msc_valid",
          "turn_count": 62,
          "truncated_turn_count": 62,
          "target_turn_count": 16,
          "estimated_cost": 992
        },
        {
          "conversation_id": "284",
          "family": "msc_valid",
          "turn_count": 62,
          "truncated_turn_count": 62,
          "target_turn_count": 16,
          "estimated_cost": 992
        },
        {
          "conversation_id": "46",
          "family": "msc_valid",
          "turn_count": 62,
          "truncated_turn_count": 62,
          "target_turn_count": 16,
          "estimated_cost": 992
        },
        {
          "conversation_id": "711",
          "family": "msc_valid",
          "turn_count": 62,
          "truncated_turn_count": 62,
          "target_turn_count": 16,
          "estimated_cost": 992
        },
        {
          "conversation_id": "856",
          "family": "msc_valid",
          "turn_count": 62,
          "truncated_turn_count": 62,
          "target_turn_count": 16,
          "estimated_cost": 992
        },
        {
          "conversation_id": "95",
          "family": "msc_valid",
          "turn_count": 62,
          "truncated_turn_count": 62,
          "target_turn_count": 16,
          "estimated_cost": 992
        },
        {
          "conversation_id": "518",
          "family": "msc_valid",
          "turn_count": 61,
          "truncated_turn_count": 61,
          "target_turn_count": 16,
          "estimated_cost": 976
        },
        {
          "conversation_id": "153",
          "family": "msc_valid",
          "turn_count": 60,
          "truncated_turn_count": 60,
          "target_turn_count": 16,
          "estimated_cost": 960
        },
        {
          "conversation_id": "574",
          "family": "msc_valid",
          "turn_count": 60,
          "truncated_turn_count": 60,
          "target_turn_count": 16,
          "estimated_cost": 960
        },
        {
          "conversation_id": "253",
          "family": "msc_valid",
          "turn_count": 58,
          "truncated_turn_count": 58,
          "target_turn_count": 16,
          "estimated_cost": 928
        },
        {
          "conversation_id": "170",
          "family": "msc_valid",
          "turn_count": 16,
          "truncated_turn_count": 16,
          "target_turn_count": 12,
          "estimated_cost": 192
        },
        {
          "conversation_id": "242",
          "family": "msc_valid",
          "turn_count": 16,
          "truncated_turn_count": 16,
          "target_turn_count": 12,
          "estimated_cost": 192
        },
        {
          "conversation_id": "290",
          "family": "msc_valid",
          "turn_count": 16,
          "truncated_turn_count": 16,
          "target_turn_count": 12,
          "estimated_cost": 192
        },
        {
          "conversation_id": "321",
          "family": "msc_valid",
          "turn_count": 16,
          "truncated_turn_count": 16,
          "target_turn_count": 12,
          "estimated_cost": 192
        },
        {
          "conversation_id": "385",
          "family": "msc_valid",
          "turn_count": 16,
          "truncated_turn_count": 16,
          "target_turn_count": 12,
          "estimated_cost": 192
        },
        {
          "conversation_id": "427",
          "family": "msc_valid",
          "turn_count": 16,
          "truncated_turn_count": 16,
          "target_turn_count": 12,
          "estimated_cost": 192
        },
        {
          "conversation_id": "470",
          "family": "msc_valid",
          "turn_count": 16,
          "truncated_turn_count": 16,
          "target_turn_count": 12,
          "estimated_cost": 192
        },
        {
          "conversation_id": "509",
          "family": "msc_valid",
          "turn_count": 16,
          "truncated_turn_count": 16,
          "target_turn_count": 12,
          "estimated_cost": 192
        },
        {
          "conversation_id": "553",
          "family": "msc_valid",
          "turn_count": 16,
          "truncated_turn_count": 16,
          "target_turn_count": 12,
          "estimated_cost": 192
        },
        {
          "conversation_id": "591",
          "family": "msc_valid",
          "turn_count": 16,
          "truncated_turn_count": 16,
          "target_turn_count": 12,
          "estimated_cost": 192
        },
        {
          "conversation_id": "620",
          "family": "msc_valid",
          "turn_count": 16,
          "truncated_turn_count": 16,
          "target_turn_count": 12,
          "estimated_cost": 192
        },
        {
          "conversation_id": "661",
          "family": "msc_valid",
          "turn_count": 16,
          "truncated_turn_count": 16,
          "target_turn_count": 12,
          "estimated_cost": 192
        },
        {
          "conversation_id": "717",
          "family": "msc_valid",
          "turn_count": 16,
          "truncated_turn_count": 16,
          "target_turn_count": 12,
          "estimated_cost": 192
        },
        {
          "conversation_id": "752",
          "family": "msc_valid",
          "turn_count": 16,
          "truncated_turn_count": 16,
          "target_turn_count": 12,
          "estimated_cost": 192
        },
        {
          "conversation_id": "794",
          "family": "msc_valid",
          "turn_count": 16,
          "truncated_turn_count": 16,
          "target_turn_count": 12,
          "estimated_cost": 192
        },
        {
          "conversation_id": "832",
          "family": "msc_valid",
          "turn_count": 16,
          "truncated_turn_count": 16,
          "target_turn_count": 12,
          "estimated_cost": 192
        },
        {
          "conversation_id": "888",
          "family": "msc_valid",
          "turn_count": 16,
          "truncated_turn_count": 16,
          "target_turn_count": 12,
          "estimated_cost": 192
        },
        {
          "conversation_id": "931",
          "family": "msc_valid",
          "turn_count": 16,
          "truncated_turn_count": 16,
          "target_turn_count": 12,
          "estimated_cost": 192
        },
        {
          "conversation_id": "990",
          "family": "msc_valid",
          "turn_count": 16,
          "truncated_turn_count": 16,
          "target_turn_count": 12,
          "estimated_cost": 192
        },
        {
          "conversation_id": "351",
          "family": "msc_valid",
          "turn_count": 14,
          "truncated_turn_count": 14,
          "target_turn_count": 10,
          "estimated_cost": 140
        },
        {
          "conversation_id": "513",
          "family": "msc_valid",
          "turn_count": 14,
          "truncated_turn_count": 14,
          "target_turn_count": 10,
          "estimated_cost": 140
        },
        {
          "conversation_id": "698",
          "family": "msc_valid",
          "turn_count": 14,
          "truncated_turn_count": 14,
          "target_turn_count": 10,
          "estimated_cost": 140
        },
        {
          "conversation_id": "953",
          "family": "msc_valid",
          "turn_count": 14,
          "truncated_turn_count": 14,
          "target_turn_count": 10,
          "estimated_cost": 140
        }
      ]
    },
    {
      "shard_index": 13,
      "estimated_cost": 28320,
      "conversation_count": 47,
      "conversation_ids": [
        "100",
        "121",
        "171",
        "228",
        "31",
        "368",
        "440",
        "505",
        "60",
        "70",
        "791",
        "87",
        "937",
        "997",
        "141",
        "285",
        "464",
        "714",
        "858",
        "951",
        "524",
        "196",
        "581",
        "347",
        "173",
        "243",
        "292",
        "323",
        "386",
        "430",
        "471",
        "511",
        "555",
        "593",
        "621",
        "668",
        "718",
        "754",
        "796",
        "835",
        "889",
        "933",
        "992",
        "36",
        "516",
        "704",
        "959"
      ],
      "items": [
        {
          "conversation_id": "100",
          "family": "msc_valid",
          "turn_count": 64,
          "truncated_turn_count": 64,
          "target_turn_count": 16,
          "estimated_cost": 1024
        },
        {
          "conversation_id": "121",
          "family": "msc_valid",
          "turn_count": 64,
          "truncated_turn_count": 64,
          "target_turn_count": 16,
          "estimated_cost": 1024
        },
        {
          "conversation_id": "171",
          "family": "msc_valid",
          "turn_count": 64,
          "truncated_turn_count": 64,
          "target_turn_count": 16,
          "estimated_cost": 1024
        },
        {
          "conversation_id": "228",
          "family": "msc_valid",
          "turn_count": 64,
          "truncated_turn_count": 64,
          "target_turn_count": 16,
          "estimated_cost": 1024
        },
        {
          "conversation_id": "31",
          "family": "msc_valid",
          "turn_count": 64,
          "truncated_turn_count": 64,
          "target_turn_count": 16,
          "estimated_cost": 1024
        },
        {
          "conversation_id": "368",
          "family": "msc_valid",
          "turn_count": 64,
          "truncated_turn_count": 64,
          "target_turn_count": 16,
          "estimated_cost": 1024
        },
        {
          "conversation_id": "440",
          "family": "msc_valid",
          "turn_count": 64,
          "truncated_turn_count": 64,
          "target_turn_count": 16,
          "estimated_cost": 1024
        },
        {
          "conversation_id": "505",
          "family": "msc_valid",
          "turn_count": 64,
          "truncated_turn_count": 64,
          "target_turn_count": 16,
          "estimated_cost": 1024
        },
        {
          "conversation_id": "60",
          "family": "msc_valid",
          "turn_count": 64,
          "truncated_turn_count": 64,
          "target_turn_count": 16,
          "estimated_cost": 1024
        },
        {
          "conversation_id": "70",
          "family": "msc_valid",
          "turn_count": 64,
          "truncated_turn_count": 64,
          "target_turn_count": 16,
          "estimated_cost": 1024
        },
        {
          "conversation_id": "791",
          "family": "msc_valid",
          "turn_count": 64,
          "truncated_turn_count": 64,
          "target_turn_count": 16,
          "estimated_cost": 1024
        },
        {
          "conversation_id": "87",
          "family": "msc_valid",
          "turn_count": 64,
          "truncated_turn_count": 64,
          "target_turn_count": 16,
          "estimated_cost": 1024
        },
        {
          "conversation_id": "937",
          "family": "msc_valid",
          "turn_count": 64,
          "truncated_turn_count": 64,
          "target_turn_count": 16,
          "estimated_cost": 1024
        },
        {
          "conversation_id": "997",
          "family": "msc_valid",
          "turn_count": 64,
          "truncated_turn_count": 64,
          "target_turn_count": 16,
          "estimated_cost": 1024
        },
        {
          "conversation_id": "141",
          "family": "msc_valid",
          "turn_count": 62,
          "truncated_turn_count": 62,
          "target_turn_count": 16,
          "estimated_cost": 992
        },
        {
          "conversation_id": "285",
          "family": "msc_valid",
          "turn_count": 62,
          "truncated_turn_count": 62,
          "target_turn_count": 16,
          "estimated_cost": 992
        },
        {
          "conversation_id": "464",
          "family": "msc_valid",
          "turn_count": 62,
          "truncated_turn_count": 62,
          "target_turn_count": 16,
          "estimated_cost": 992
        },
        {
          "conversation_id": "714",
          "family": "msc_valid",
          "turn_count": 62,
          "truncated_turn_count": 62,
          "target_turn_count": 16,
          "estimated_cost": 992
        },
        {
          "conversation_id": "858",
          "family": "msc_valid",
          "turn_count": 62,
          "truncated_turn_count": 62,
          "target_turn_count": 16,
          "estimated_cost": 992
        },
        {
          "conversation_id": "951",
          "family": "msc_valid",
          "turn_count": 62,
          "truncated_turn_count": 62,
          "target_turn_count": 16,
          "estimated_cost": 992
        },
        {
          "conversation_id": "524",
          "family": "msc_valid",
          "turn_count": 61,
          "truncated_turn_count": 61,
          "target_turn_count": 16,
          "estimated_cost": 976
        },
        {
          "conversation_id": "196",
          "family": "msc_valid",
          "turn_count": 60,
          "truncated_turn_count": 60,
          "target_turn_count": 16,
          "estimated_cost": 960
        },
        {
          "conversation_id": "581",
          "family": "msc_valid",
          "turn_count": 60,
          "truncated_turn_count": 60,
          "target_turn_count": 16,
          "estimated_cost": 960
        },
        {
          "conversation_id": "347",
          "family": "msc_valid",
          "turn_count": 58,
          "truncated_turn_count": 58,
          "target_turn_count": 16,
          "estimated_cost": 928
        },
        {
          "conversation_id": "173",
          "family": "msc_valid",
          "turn_count": 16,
          "truncated_turn_count": 16,
          "target_turn_count": 12,
          "estimated_cost": 192
        },
        {
          "conversation_id": "243",
          "family": "msc_valid",
          "turn_count": 16,
          "truncated_turn_count": 16,
          "target_turn_count": 12,
          "estimated_cost": 192
        },
        {
          "conversation_id": "292",
          "family": "msc_valid",
          "turn_count": 16,
          "truncated_turn_count": 16,
          "target_turn_count": 12,
          "estimated_cost": 192
        },
        {
          "conversation_id": "323",
          "family": "msc_valid",
          "turn_count": 16,
          "truncated_turn_count": 16,
          "target_turn_count": 12,
          "estimated_cost": 192
        },
        {
          "conversation_id": "386",
          "family": "msc_valid",
          "turn_count": 16,
          "truncated_turn_count": 16,
          "target_turn_count": 12,
          "estimated_cost": 192
        },
        {
          "conversation_id": "430",
          "family": "msc_valid",
          "turn_count": 16,
          "truncated_turn_count": 16,
          "target_turn_count": 12,
          "estimated_cost": 192
        },
        {
          "conversation_id": "471",
          "family": "msc_valid",
          "turn_count": 16,
          "truncated_turn_count": 16,
          "target_turn_count": 12,
          "estimated_cost": 192
        },
        {
          "conversation_id": "511",
          "family": "msc_valid",
          "turn_count": 16,
          "truncated_turn_count": 16,
          "target_turn_count": 12,
          "estimated_cost": 192
        },
        {
          "conversation_id": "555",
          "family": "msc_valid",
          "turn_count": 16,
          "truncated_turn_count": 16,
          "target_turn_count": 12,
          "estimated_cost": 192
        },
        {
          "conversation_id": "593",
          "family": "msc_valid",
          "turn_count": 16,
          "truncated_turn_count": 16,
          "target_turn_count": 12,
          "estimated_cost": 192
        },
        {
          "conversation_id": "621",
          "family": "msc_valid",
          "turn_count": 16,
          "truncated_turn_count": 16,
          "target_turn_count": 12,
          "estimated_cost": 192
        },
        {
          "conversation_id": "668",
          "family": "msc_valid",
          "turn_count": 16,
          "truncated_turn_count": 16,
          "target_turn_count": 12,
          "estimated_cost": 192
        },
        {
          "conversation_id": "718",
          "family": "msc_valid",
          "turn_count": 16,
          "truncated_turn_count": 16,
          "target_turn_count": 12,
          "estimated_cost": 192
        },
        {
          "conversation_id": "754",
          "family": "msc_valid",
          "turn_count": 16,
          "truncated_turn_count": 16,
          "target_turn_count": 12,
          "estimated_cost": 192
        },
        {
          "conversation_id": "796",
          "family": "msc_valid",
          "turn_count": 16,
          "truncated_turn_count": 16,
          "target_turn_count": 12,
          "estimated_cost": 192
        },
        {
          "conversation_id": "835",
          "family": "msc_valid",
          "turn_count": 16,
          "truncated_turn_count": 16,
          "target_turn_count": 12,
          "estimated_cost": 192
        },
        {
          "conversation_id": "889",
          "family": "msc_valid",
          "turn_count": 16,
          "truncated_turn_count": 16,
          "target_turn_count": 12,
          "estimated_cost": 192
        },
        {
          "conversation_id": "933",
          "family": "msc_valid",
          "turn_count": 16,
          "truncated_turn_count": 16,
          "target_turn_count": 12,
          "estimated_cost": 192
        },
        {
          "conversation_id": "992",
          "family": "msc_valid",
          "turn_count": 16,
          "truncated_turn_count": 16,
          "target_turn_count": 12,
          "estimated_cost": 192
        },
        {
          "conversation_id": "36",
          "family": "msc_valid",
          "turn_count": 14,
          "truncated_turn_count": 14,
          "target_turn_count": 10,
          "estimated_cost": 140
        },
        {
          "conversation_id": "516",
          "family": "msc_valid",
          "turn_count": 14,
          "truncated_turn_count": 14,
          "target_turn_count": 10,
          "estimated_cost": 140
        },
        {
          "conversation_id": "704",
          "family": "msc_valid",
          "turn_count": 14,
          "truncated_turn_count": 14,
          "target_turn_count": 10,
          "estimated_cost": 140
        },
        {
          "conversation_id": "959",
          "family": "msc_valid",
          "turn_count": 14,
          "truncated_turn_count": 14,
          "target_turn_count": 10,
          "estimated_cost": 140
        }
      ]
    },
    {
      "shard_index": 14,
      "estimated_cost": 28320,
      "conversation_count": 47,
      "conversation_ids": [
        "106",
        "122",
        "172",
        "23",
        "310",
        "37",
        "448",
        "510",
        "604",
        "705",
        "793",
        "871",
        "938",
        "177",
        "112",
        "225",
        "409",
        "648",
        "809",
        "924",
        "237",
        "795",
        "590",
        "51",
        "180",
        "246",
        "293",
        "326",
        "387",
        "431",
        "472",
        "512",
        "559",
        "594",
        "622",
        "669",
        "72",
        "756",
        "799",
        "836",
        "893",
        "935",
        "996",
        "364",
        "521",
        "708",
        "964"
      ],
      "items": [
        {
          "conversation_id": "106",
          "family": "msc_valid",
          "turn_count": 64,
          "truncated_turn_count": 64,
          "target_turn_count": 16,
          "estimated_cost": 1024
        },
        {
          "conversation_id": "122",
          "family": "msc_valid",
          "turn_count": 64,
          "truncated_turn_count": 64,
          "target_turn_count": 16,
          "estimated_cost": 1024
        },
        {
          "conversation_id": "172",
          "family": "msc_valid",
          "turn_count": 64,
          "truncated_turn_count": 64,
          "target_turn_count": 16,
          "estimated_cost": 1024
        },
        {
          "conversation_id": "23",
          "family": "msc_valid",
          "turn_count": 64,
          "truncated_turn_count": 64,
          "target_turn_count": 16,
          "estimated_cost": 1024
        },
        {
          "conversation_id": "310",
          "family": "msc_valid",
          "turn_count": 64,
          "truncated_turn_count": 64,
          "target_turn_count": 16,
          "estimated_cost": 1024
        },
        {
          "conversation_id": "37",
          "family": "msc_valid",
          "turn_count": 64,
          "truncated_turn_count": 64,
          "target_turn_count": 16,
          "estimated_cost": 1024
        },
        {
          "conversation_id": "448",
          "family": "msc_valid",
          "turn_count": 64,
          "truncated_turn_count": 64,
          "target_turn_count": 16,
          "estimated_cost": 1024
        },
        {
          "conversation_id": "510",
          "family": "msc_valid",
          "turn_count": 64,
          "truncated_turn_count": 64,
          "target_turn_count": 16,
          "estimated_cost": 1024
        },
        {
          "conversation_id": "604",
          "family": "msc_valid",
          "turn_count": 64,
          "truncated_turn_count": 64,
          "target_turn_count": 16,
          "estimated_cost": 1024
        },
        {
          "conversation_id": "705",
          "family": "msc_valid",
          "turn_count": 64,
          "truncated_turn_count": 64,
          "target_turn_count": 16,
          "estimated_cost": 1024
        },
        {
          "conversation_id": "793",
          "family": "msc_valid",
          "turn_count": 64,
          "truncated_turn_count": 64,
          "target_turn_count": 16,
          "estimated_cost": 1024
        },
        {
          "conversation_id": "871",
          "family": "msc_valid",
          "turn_count": 64,
          "truncated_turn_count": 64,
          "target_turn_count": 16,
          "estimated_cost": 1024
        },
        {
          "conversation_id": "938",
          "family": "msc_valid",
          "turn_count": 64,
          "truncated_turn_count": 64,
          "target_turn_count": 16,
          "estimated_cost": 1024
        },
        {
          "conversation_id": "177",
          "family": "msc_valid",
          "turn_count": 63,
          "truncated_turn_count": 63,
          "target_turn_count": 16,
          "estimated_cost": 1008
        },
        {
          "conversation_id": "112",
          "family": "msc_valid",
          "turn_count": 62,
          "truncated_turn_count": 62,
          "target_turn_count": 16,
          "estimated_cost": 992
        },
        {
          "conversation_id": "225",
          "family": "msc_valid",
          "turn_count": 62,
          "truncated_turn_count": 62,
          "target_turn_count": 16,
          "estimated_cost": 992
        },
        {
          "conversation_id": "409",
          "family": "msc_valid",
          "turn_count": 62,
          "truncated_turn_count": 62,
          "target_turn_count": 16,
          "estimated_cost": 992
        },
        {
          "conversation_id": "648",
          "family": "msc_valid",
          "turn_count": 62,
          "truncated_turn_count": 62,
          "target_turn_count": 16,
          "estimated_cost": 992
        },
        {
          "conversation_id": "809",
          "family": "msc_valid",
          "turn_count": 62,
          "truncated_turn_count": 62,
          "target_turn_count": 16,
          "estimated_cost": 992
        },
        {
          "conversation_id": "924",
          "family": "msc_valid",
          "turn_count": 62,
          "truncated_turn_count": 62,
          "target_turn_count": 16,
          "estimated_cost": 992
        },
        {
          "conversation_id": "237",
          "family": "msc_valid",
          "turn_count": 61,
          "truncated_turn_count": 61,
          "target_turn_count": 16,
          "estimated_cost": 976
        },
        {
          "conversation_id": "795",
          "family": "msc_valid",
          "turn_count": 61,
          "truncated_turn_count": 61,
          "target_turn_count": 16,
          "estimated_cost": 976
        },
        {
          "conversation_id": "590",
          "family": "msc_valid",
          "turn_count": 60,
          "truncated_turn_count": 60,
          "target_turn_count": 16,
          "estimated_cost": 960
        },
        {
          "conversation_id": "51",
          "family": "msc_valid",
          "turn_count": 58,
          "truncated_turn_count": 58,
          "target_turn_count": 16,
          "estimated_cost": 928
        },
        {
          "conversation_id": "180",
          "family": "msc_valid",
          "turn_count": 16,
          "truncated_turn_count": 16,
          "target_turn_count": 12,
          "estimated_cost": 192
        },
        {
          "conversation_id": "246",
          "family": "msc_valid",
          "turn_count": 16,
          "truncated_turn_count": 16,
          "target_turn_count": 12,
          "estimated_cost": 192
        },
        {
          "conversation_id": "293",
          "family": "msc_valid",
          "turn_count": 16,
          "truncated_turn_count": 16,
          "target_turn_count": 12,
          "estimated_cost": 192
        },
        {
          "conversation_id": "326",
          "family": "msc_valid",
          "turn_count": 16,
          "truncated_turn_count": 16,
          "target_turn_count": 12,
          "estimated_cost": 192
        },
        {
          "conversation_id": "387",
          "family": "msc_valid",
          "turn_count": 16,
          "truncated_turn_count": 16,
          "target_turn_count": 12,
          "estimated_cost": 192
        },
        {
          "conversation_id": "431",
          "family": "msc_valid",
          "turn_count": 16,
          "truncated_turn_count": 16,
          "target_turn_count": 12,
          "estimated_cost": 192
        },
        {
          "conversation_id": "472",
          "family": "msc_valid",
          "turn_count": 16,
          "truncated_turn_count": 16,
          "target_turn_count": 12,
          "estimated_cost": 192
        },
        {
          "conversation_id": "512",
          "family": "msc_valid",
          "turn_count": 16,
          "truncated_turn_count": 16,
          "target_turn_count": 12,
          "estimated_cost": 192
        },
        {
          "conversation_id": "559",
          "family": "msc_valid",
          "turn_count": 16,
          "truncated_turn_count": 16,
          "target_turn_count": 12,
          "estimated_cost": 192
        },
        {
          "conversation_id": "594",
          "family": "msc_valid",
          "turn_count": 16,
          "truncated_turn_count": 16,
          "target_turn_count": 12,
          "estimated_cost": 192
        },
        {
          "conversation_id": "622",
          "family": "msc_valid",
          "turn_count": 16,
          "truncated_turn_count": 16,
          "target_turn_count": 12,
          "estimated_cost": 192
        },
        {
          "conversation_id": "669",
          "family": "msc_valid",
          "turn_count": 16,
          "truncated_turn_count": 16,
          "target_turn_count": 12,
          "estimated_cost": 192
        },
        {
          "conversation_id": "72",
          "family": "msc_valid",
          "turn_count": 16,
          "truncated_turn_count": 16,
          "target_turn_count": 12,
          "estimated_cost": 192
        },
        {
          "conversation_id": "756",
          "family": "msc_valid",
          "turn_count": 16,
          "truncated_turn_count": 16,
          "target_turn_count": 12,
          "estimated_cost": 192
        },
        {
          "conversation_id": "799",
          "family": "msc_valid",
          "turn_count": 16,
          "truncated_turn_count": 16,
          "target_turn_count": 12,
          "estimated_cost": 192
        },
        {
          "conversation_id": "836",
          "family": "msc_valid",
          "turn_count": 16,
          "truncated_turn_count": 16,
          "target_turn_count": 12,
          "estimated_cost": 192
        },
        {
          "conversation_id": "893",
          "family": "msc_valid",
          "turn_count": 16,
          "truncated_turn_count": 16,
          "target_turn_count": 12,
          "estimated_cost": 192
        },
        {
          "conversation_id": "935",
          "family": "msc_valid",
          "turn_count": 16,
          "truncated_turn_count": 16,
          "target_turn_count": 12,
          "estimated_cost": 192
        },
        {
          "conversation_id": "996",
          "family": "msc_valid",
          "turn_count": 16,
          "truncated_turn_count": 16,
          "target_turn_count": 12,
          "estimated_cost": 192
        },
        {
          "conversation_id": "364",
          "family": "msc_valid",
          "turn_count": 14,
          "truncated_turn_count": 14,
          "target_turn_count": 10,
          "estimated_cost": 140
        },
        {
          "conversation_id": "521",
          "family": "msc_valid",
          "turn_count": 14,
          "truncated_turn_count": 14,
          "target_turn_count": 10,
          "estimated_cost": 140
        },
        {
          "conversation_id": "708",
          "family": "msc_valid",
          "turn_count": 14,
          "truncated_turn_count": 14,
          "target_turn_count": 10,
          "estimated_cost": 140
        },
        {
          "conversation_id": "964",
          "family": "msc_valid",
          "turn_count": 14,
          "truncated_turn_count": 14,
          "target_turn_count": 10,
          "estimated_cost": 140
        }
      ]
    },
    {
      "shard_index": 15,
      "estimated_cost": 28320,
      "conversation_count": 47,
      "conversation_ids": [
        "107",
        "124",
        "174",
        "231",
        "312",
        "370",
        "449",
        "515",
        "61",
        "706",
        "797",
        "874",
        "943",
        "192",
        "115",
        "230",
        "411",
        "65",
        "812",
        "928",
        "28",
        "801",
        "605",
        "584",
        "183",
        "248",
        "295",
        "329",
        "388",
        "434",
        "477",
        "519",
        "561",
        "595",
        "624",
        "670",
        "720",
        "757",
        "8",
        "837",
        "894",
        "939",
        "998",
        "377",
        "526",
        "71",
        "98"
      ],
      "items": [
        {
          "conversation_id": "107",
          "family": "msc_valid",
          "turn_count": 64,
          "truncated_turn_count": 64,
          "target_turn_count": 16,
          "estimated_cost": 1024
        },
        {
          "conversation_id": "124",
          "family": "msc_valid",
          "turn_count": 64,
          "truncated_turn_count": 64,
          "target_turn_count": 16,
          "estimated_cost": 1024
        },
        {
          "conversation_id": "174",
          "family": "msc_valid",
          "turn_count": 64,
          "truncated_turn_count": 64,
          "target_turn_count": 16,
          "estimated_cost": 1024
        },
        {
          "conversation_id": "231",
          "family": "msc_valid",
          "turn_count": 64,
          "truncated_turn_count": 64,
          "target_turn_count": 16,
          "estimated_cost": 1024
        },
        {
          "conversation_id": "312",
          "family": "msc_valid",
          "turn_count": 64,
          "truncated_turn_count": 64,
          "target_turn_count": 16,
          "estimated_cost": 1024
        },
        {
          "conversation_id": "370",
          "family": "msc_valid",
          "turn_count": 64,
          "truncated_turn_count": 64,
          "target_turn_count": 16,
          "estimated_cost": 1024
        },
        {
          "conversation_id": "449",
          "family": "msc_valid",
          "turn_count": 64,
          "truncated_turn_count": 64,
          "target_turn_count": 16,
          "estimated_cost": 1024
        },
        {
          "conversation_id": "515",
          "family": "msc_valid",
          "turn_count": 64,
          "truncated_turn_count": 64,
          "target_turn_count": 16,
          "estimated_cost": 1024
        },
        {
          "conversation_id": "61",
          "family": "msc_valid",
          "turn_count": 64,
          "truncated_turn_count": 64,
          "target_turn_count": 16,
          "estimated_cost": 1024
        },
        {
          "conversation_id": "706",
          "family": "msc_valid",
          "turn_count": 64,
          "truncated_turn_count": 64,
          "target_turn_count": 16,
          "estimated_cost": 1024
        },
        {
          "conversation_id": "797",
          "family": "msc_valid",
          "turn_count": 64,
          "truncated_turn_count": 64,
          "target_turn_count": 16,
          "estimated_cost": 1024
        },
        {
          "conversation_id": "874",
          "family": "msc_valid",
          "turn_count": 64,
          "truncated_turn_count": 64,
          "target_turn_count": 16,
          "estimated_cost": 1024
        },
        {
          "conversation_id": "943",
          "family": "msc_valid",
          "turn_count": 64,
          "truncated_turn_count": 64,
          "target_turn_count": 16,
          "estimated_cost": 1024
        },
        {
          "conversation_id": "192",
          "family": "msc_valid",
          "turn_count": 63,
          "truncated_turn_count": 63,
          "target_turn_count": 16,
          "estimated_cost": 1008
        },
        {
          "conversation_id": "115",
          "family": "msc_valid",
          "turn_count": 62,
          "truncated_turn_count": 62,
          "target_turn_count": 16,
          "estimated_cost": 992
        },
        {
          "conversation_id": "230",
          "family": "msc_valid",
          "turn_count": 62,
          "truncated_turn_count": 62,
          "target_turn_count": 16,
          "estimated_cost": 992
        },
        {
          "conversation_id": "411",
          "family": "msc_valid",
          "turn_count": 62,
          "truncated_turn_count": 62,
          "target_turn_count": 16,
          "estimated_cost": 992
        },
        {
          "conversation_id": "65",
          "family": "msc_valid",
          "turn_count": 62,
          "truncated_turn_count": 62,
          "target_turn_count": 16,
          "estimated_cost": 992
        },
        {
          "conversation_id": "812",
          "family": "msc_valid",
          "turn_count": 62,
          "truncated_turn_count": 62,
          "target_turn_count": 16,
          "estimated_cost": 992
        },
        {
          "conversation_id": "928",
          "family": "msc_valid",
          "turn_count": 62,
          "truncated_turn_count": 62,
          "target_turn_count": 16,
          "estimated_cost": 992
        },
        {
          "conversation_id": "28",
          "family": "msc_valid",
          "turn_count": 61,
          "truncated_turn_count": 61,
          "target_turn_count": 16,
          "estimated_cost": 976
        },
        {
          "conversation_id": "801",
          "family": "msc_valid",
          "turn_count": 61,
          "truncated_turn_count": 61,
          "target_turn_count": 16,
          "estimated_cost": 976
        },
        {
          "conversation_id": "605",
          "family": "msc_valid",
          "turn_count": 60,
          "truncated_turn_count": 60,
          "target_turn_count": 16,
          "estimated_cost": 960
        },
        {
          "conversation_id": "584",
          "family": "msc_valid",
          "turn_count": 58,
          "truncated_turn_count": 58,
          "target_turn_count": 16,
          "estimated_cost": 928
        },
        {
          "conversation_id": "183",
          "family": "msc_valid",
          "turn_count": 16,
          "truncated_turn_count": 16,
          "target_turn_count": 12,
          "estimated_cost": 192
        },
        {
          "conversation_id": "248",
          "family": "msc_valid",
          "turn_count": 16,
          "truncated_turn_count": 16,
          "target_turn_count": 12,
          "estimated_cost": 192
        },
        {
          "conversation_id": "295",
          "family": "msc_valid",
          "turn_count": 16,
          "truncated_turn_count": 16,
          "target_turn_count": 12,
          "estimated_cost": 192
        },
        {
          "conversation_id": "329",
          "family": "msc_valid",
          "turn_count": 16,
          "truncated_turn_count": 16,
          "target_turn_count": 12,
          "estimated_cost": 192
        },
        {
          "conversation_id": "388",
          "family": "msc_valid",
          "turn_count": 16,
          "truncated_turn_count": 16,
          "target_turn_count": 12,
          "estimated_cost": 192
        },
        {
          "conversation_id": "434",
          "family": "msc_valid",
          "turn_count": 16,
          "truncated_turn_count": 16,
          "target_turn_count": 12,
          "estimated_cost": 192
        },
        {
          "conversation_id": "477",
          "family": "msc_valid",
          "turn_count": 16,
          "truncated_turn_count": 16,
          "target_turn_count": 12,
          "estimated_cost": 192
        },
        {
          "conversation_id": "519",
          "family": "msc_valid",
          "turn_count": 16,
          "truncated_turn_count": 16,
          "target_turn_count": 12,
          "estimated_cost": 192
        },
        {
          "conversation_id": "561",
          "family": "msc_valid",
          "turn_count": 16,
          "truncated_turn_count": 16,
          "target_turn_count": 12,
          "estimated_cost": 192
        },
        {
          "conversation_id": "595",
          "family": "msc_valid",
          "turn_count": 16,
          "truncated_turn_count": 16,
          "target_turn_count": 12,
          "estimated_cost": 192
        },
        {
          "conversation_id": "624",
          "family": "msc_valid",
          "turn_count": 16,
          "truncated_turn_count": 16,
          "target_turn_count": 12,
          "estimated_cost": 192
        },
        {
          "conversation_id": "670",
          "family": "msc_valid",
          "turn_count": 16,
          "truncated_turn_count": 16,
          "target_turn_count": 12,
          "estimated_cost": 192
        },
        {
          "conversation_id": "720",
          "family": "msc_valid",
          "turn_count": 16,
          "truncated_turn_count": 16,
          "target_turn_count": 12,
          "estimated_cost": 192
        },
        {
          "conversation_id": "757",
          "family": "msc_valid",
          "turn_count": 16,
          "truncated_turn_count": 16,
          "target_turn_count": 12,
          "estimated_cost": 192
        },
        {
          "conversation_id": "8",
          "family": "msc_valid",
          "turn_count": 16,
          "truncated_turn_count": 16,
          "target_turn_count": 12,
          "estimated_cost": 192
        },
        {
          "conversation_id": "837",
          "family": "msc_valid",
          "turn_count": 16,
          "truncated_turn_count": 16,
          "target_turn_count": 12,
          "estimated_cost": 192
        },
        {
          "conversation_id": "894",
          "family": "msc_valid",
          "turn_count": 16,
          "truncated_turn_count": 16,
          "target_turn_count": 12,
          "estimated_cost": 192
        },
        {
          "conversation_id": "939",
          "family": "msc_valid",
          "turn_count": 16,
          "truncated_turn_count": 16,
          "target_turn_count": 12,
          "estimated_cost": 192
        },
        {
          "conversation_id": "998",
          "family": "msc_valid",
          "turn_count": 16,
          "truncated_turn_count": 16,
          "target_turn_count": 12,
          "estimated_cost": 192
        },
        {
          "conversation_id": "377",
          "family": "msc_valid",
          "turn_count": 14,
          "truncated_turn_count": 14,
          "target_turn_count": 10,
          "estimated_cost": 140
        },
        {
          "conversation_id": "526",
          "family": "msc_valid",
          "turn_count": 14,
          "truncated_turn_count": 14,
          "target_turn_count": 10,
          "estimated_cost": 140
        },
        {
          "conversation_id": "71",
          "family": "msc_valid",
          "turn_count": 14,
          "truncated_turn_count": 14,
          "target_turn_count": 10,
          "estimated_cost": 140
        },
        {
          "conversation_id": "98",
          "family": "msc_valid",
          "turn_count": 14,
          "truncated_turn_count": 14,
          "target_turn_count": 10,
          "estimated_cost": 140
        }
      ]
    },
    {
      "shard_index": 16,
      "estimated_cost": 28408,
      "conversation_count": 48,
      "conversation_ids": [
        "108",
        "125",
        "176",
        "232",
        "314",
        "373",
        "452",
        "517",
        "611",
        "707",
        "810",
        "876",
        "949",
        "239",
        "116",
        "234",
        "415",
        "662",
        "831",
        "93",
        "286",
        "842",
        "630",
        "687",
        "185",
        "249",
        "296",
        "33",
        "393",
        "435",
        "478",
        "52",
        "562",
        "596",
        "627",
        "671",
        "721",
        "76",
        "802",
        "839",
        "897",
        "94",
        "113",
        "204",
        "390",
        "535",
        "719",
        "994"
      ],
      "items": [
        {
          "conversation_id": "108",
          "family": "msc_valid",
          "turn_count": 64,
          "truncated_turn_count": 64,
          "target_turn_count": 16,
          "estimated_cost": 1024
        },
        {
          "conversation_id": "125",
          "family": "msc_valid",
          "turn_count": 64,
          "truncated_turn_count": 64,
          "target_turn_count": 16,
          "estimated_cost": 1024
        },
        {
          "conversation_id": "176",
          "family": "msc_valid",
          "turn_count": 64,
          "truncated_turn_count": 64,
          "target_turn_count": 16,
          "estimated_cost": 1024
        },
        {
          "conversation_id": "232",
          "family": "msc_valid",
          "turn_count": 64,
          "truncated_turn_count": 64,
          "target_turn_count": 16,
          "estimated_cost": 1024
        },
        {
          "conversation_id": "314",
          "family": "msc_valid",
          "turn_count": 64,
          "truncated_turn_count": 64,
          "target_turn_count": 16,
          "estimated_cost": 1024
        },
        {
          "conversation_id": "373",
          "family": "msc_valid",
          "turn_count": 64,
          "truncated_turn_count": 64,
          "target_turn_count": 16,
          "estimated_cost": 1024
        },
        {
          "conversation_id": "452",
          "family": "msc_valid",
          "turn_count": 64,
          "truncated_turn_count": 64,
          "target_turn_count": 16,
          "estimated_cost": 1024
        },
        {
          "conversation_id": "517",
          "family": "msc_valid",
          "turn_count": 64,
          "truncated_turn_count": 64,
          "target_turn_count": 16,
          "estimated_cost": 1024
        },
        {
          "conversation_id": "611",
          "family": "msc_valid",
          "turn_count": 64,
          "truncated_turn_count": 64,
          "target_turn_count": 16,
          "estimated_cost": 1024
        },
        {
          "conversation_id": "707",
          "family": "msc_valid",
          "turn_count": 64,
          "truncated_turn_count": 64,
          "target_turn_count": 16,
          "estimated_cost": 1024
        },
        {
          "conversation_id": "810",
          "family": "msc_valid",
          "turn_count": 64,
          "truncated_turn_count": 64,
          "target_turn_count": 16,
          "estimated_cost": 1024
        },
        {
          "conversation_id": "876",
          "family": "msc_valid",
          "turn_count": 64,
          "truncated_turn_count": 64,
          "target_turn_count": 16,
          "estimated_cost": 1024
        },
        {
          "conversation_id": "949",
          "family": "msc_valid",
          "turn_count": 64,
          "truncated_turn_count": 64,
          "target_turn_count": 16,
          "estimated_cost": 1024
        },
        {
          "conversation_id": "239",
          "family": "msc_valid",
          "turn_count": 63,
          "truncated_turn_count": 63,
          "target_turn_count": 16,
          "estimated_cost": 1008
        },
        {
          "conversation_id": "116",
          "family": "msc_valid",
          "turn_count": 62,
          "truncated_turn_count": 62,
          "target_turn_count": 16,
          "estimated_cost": 992
        },
        {
          "conversation_id": "234",
          "family": "msc_valid",
          "turn_count": 62,
          "truncated_turn_count": 62,
          "target_turn_count": 16,
          "estimated_cost": 992
        },
        {
          "conversation_id": "415",
          "family": "msc_valid",
          "turn_count": 62,
          "truncated_turn_count": 62,
          "target_turn_count": 16,
          "estimated_cost": 992
        },
        {
          "conversation_id": "662",
          "family": "msc_valid",
          "turn_count": 62,
          "truncated_turn_count": 62,
          "target_turn_count": 16,
          "estimated_cost": 992
        },
        {
          "conversation_id": "831",
          "family": "msc_valid",
          "turn_count": 62,
          "truncated_turn_count": 62,
          "target_turn_count": 16,
          "estimated_cost": 992
        },
        {
          "conversation_id": "93",
          "family": "msc_valid",
          "turn_count": 62,
          "truncated_turn_count": 62,
          "target_turn_count": 16,
          "estimated_cost": 992
        },
        {
          "conversation_id": "286",
          "family": "msc_valid",
          "turn_count": 61,
          "truncated_turn_count": 61,
          "target_turn_count": 16,
          "estimated_cost": 976
        },
        {
          "conversation_id": "842",
          "family": "msc_valid",
          "turn_count": 61,
          "truncated_turn_count": 61,
          "target_turn_count": 16,
          "estimated_cost": 976
        },
        {
          "conversation_id": "630",
          "family": "msc_valid",
          "turn_count": 60,
          "truncated_turn_count": 60,
          "target_turn_count": 16,
          "estimated_cost": 960
        },
        {
          "conversation_id": "687",
          "family": "msc_valid",
          "turn_count": 58,
          "truncated_turn_count": 58,
          "target_turn_count": 16,
          "estimated_cost": 928
        },
        {
          "conversation_id": "185",
          "family": "msc_valid",
          "turn_count": 16,
          "truncated_turn_count": 16,
          "target_turn_count": 12,
          "estimated_cost": 192
        },
        {
          "conversation_id": "249",
          "family": "msc_valid",
          "turn_count": 16,
          "truncated_turn_count": 16,
          "target_turn_count": 12,
          "estimated_cost": 192
        },
        {
          "conversation_id": "296",
          "family": "msc_valid",
          "turn_count": 16,
          "truncated_turn_count": 16,
          "target_turn_count": 12,
          "estimated_cost": 192
        },
        {
          "conversation_id": "33",
          "family": "msc_valid",
          "turn_count": 16,
          "truncated_turn_count": 16,
          "target_turn_count": 12,
          "estimated_cost": 192
        },
        {
          "conversation_id": "393",
          "family": "msc_valid",
          "turn_count": 16,
          "truncated_turn_count": 16,
          "target_turn_count": 12,
          "estimated_cost": 192
        },
        {
          "conversation_id": "435",
          "family": "msc_valid",
          "turn_count": 16,
          "truncated_turn_count": 16,
          "target_turn_count": 12,
          "estimated_cost": 192
        },
        {
          "conversation_id": "478",
          "family": "msc_valid",
          "turn_count": 16,
          "truncated_turn_count": 16,
          "target_turn_count": 12,
          "estimated_cost": 192
        },
        {
          "conversation_id": "52",
          "family": "msc_valid",
          "turn_count": 16,
          "truncated_turn_count": 16,
          "target_turn_count": 12,
          "estimated_cost": 192
        },
        {
          "conversation_id": "562",
          "family": "msc_valid",
          "turn_count": 16,
          "truncated_turn_count": 16,
          "target_turn_count": 12,
          "estimated_cost": 192
        },
        {
          "conversation_id": "596",
          "family": "msc_valid",
          "turn_count": 16,
          "truncated_turn_count": 16,
          "target_turn_count": 12,
          "estimated_cost": 192
        },
        {
          "conversation_id": "627",
          "family": "msc_valid",
          "turn_count": 16,
          "truncated_turn_count": 16,
          "target_turn_count": 12,
          "estimated_cost": 192
        },
        {
          "conversation_id": "671",
          "family": "msc_valid",
          "turn_count": 16,
          "truncated_turn_count": 16,
          "target_turn_count": 12,
          "estimated_cost": 192
        },
        {
          "conversation_id": "721",
          "family": "msc_valid",
          "turn_count": 16,
          "truncated_turn_count": 16,
          "target_turn_count": 12,
          "estimated_cost": 192
        },
        {
          "conversation_id": "76",
          "family": "msc_valid",
          "turn_count": 16,
          "truncated_turn_count": 16,
          "target_turn_count": 12,
          "estimated_cost": 192
        },
        {
          "conversation_id": "802",
          "family": "msc_valid",
          "turn_count": 16,
          "truncated_turn_count": 16,
          "target_turn_count": 12,
          "estimated_cost": 192
        },
        {
          "conversation_id": "839",
          "family": "msc_valid",
          "turn_count": 16,
          "truncated_turn_count": 16,
          "target_turn_count": 12,
          "estimated_cost": 192
        },
        {
          "conversation_id": "897",
          "family": "msc_valid",
          "turn_count": 16,
          "truncated_turn_count": 16,
          "target_turn_count": 12,
          "estimated_cost": 192
        },
        {
          "conversation_id": "94",
          "family": "msc_valid",
          "turn_count": 16,
          "truncated_turn_count": 16,
          "target_turn_count": 12,
          "estimated_cost": 192
        },
        {
          "conversation_id": "113",
          "family": "msc_valid",
          "turn_count": 14,
          "truncated_turn_count": 14,
          "target_turn_count": 10,
          "estimated_cost": 140
        },
        {
          "conversation_id": "204",
          "family": "msc_valid",
          "turn_count": 14,
          "truncated_turn_count": 14,
          "target_turn_count": 10,
          "estimated_cost": 140
        },
        {
          "conversation_id": "390",
          "family": "msc_valid",
          "turn_count": 14,
          "truncated_turn_count": 14,
          "target_turn_count": 10,
          "estimated_cost": 140
        },
        {
          "conversation_id": "535",
          "family": "msc_valid",
          "turn_count": 14,
          "truncated_turn_count": 14,
          "target_turn_count": 10,
          "estimated_cost": 140
        },
        {
          "conversation_id": "719",
          "family": "msc_valid",
          "turn_count": 14,
          "truncated_turn_count": 14,
          "target_turn_count": 10,
          "estimated_cost": 140
        },
        {
          "conversation_id": "994",
          "family": "msc_valid",
          "turn_count": 14,
          "truncated_turn_count": 14,
          "target_turn_count": 10,
          "estimated_cost": 140
        }
      ]
    },
    {
      "shard_index": 17,
      "estimated_cost": 28268,
      "conversation_count": 47,
      "conversation_ids": [
        "109",
        "13",
        "178",
        "245",
        "316",
        "374",
        "454",
        "522",
        "62",
        "709",
        "813",
        "877",
        "950",
        "247",
        "117",
        "24",
        "425",
        "68",
        "833",
        "934",
        "331",
        "845",
        "658",
        "736",
        "186",
        "25",
        "297",
        "330",
        "399",
        "438",
        "48",
        "520",
        "563",
        "597",
        "628",
        "673",
        "722",
        "760",
        "803",
        "841",
        "9",
        "940",
        "132",
        "21",
        "391",
        "540",
        "744"
      ],
      "items": [
        {
          "conversation_id": "109",
          "family": "msc_valid",
          "turn_count": 64,
          "truncated_turn_count": 64,
          "target_turn_count": 16,
          "estimated_cost": 1024
        },
        {
          "conversation_id": "13",
          "family": "msc_valid",
          "turn_count": 64,
          "truncated_turn_count": 64,
          "target_turn_count": 16,
          "estimated_cost": 1024
        },
        {
          "conversation_id": "178",
          "family": "msc_valid",
          "turn_count": 64,
          "truncated_turn_count": 64,
          "target_turn_count": 16,
          "estimated_cost": 1024
        },
        {
          "conversation_id": "245",
          "family": "msc_valid",
          "turn_count": 64,
          "truncated_turn_count": 64,
          "target_turn_count": 16,
          "estimated_cost": 1024
        },
        {
          "conversation_id": "316",
          "family": "msc_valid",
          "turn_count": 64,
          "truncated_turn_count": 64,
          "target_turn_count": 16,
          "estimated_cost": 1024
        },
        {
          "conversation_id": "374",
          "family": "msc_valid",
          "turn_count": 64,
          "truncated_turn_count": 64,
          "target_turn_count": 16,
          "estimated_cost": 1024
        },
        {
          "conversation_id": "454",
          "family": "msc_valid",
          "turn_count": 64,
          "truncated_turn_count": 64,
          "target_turn_count": 16,
          "estimated_cost": 1024
        },
        {
          "conversation_id": "522",
          "family": "msc_valid",
          "turn_count": 64,
          "truncated_turn_count": 64,
          "target_turn_count": 16,
          "estimated_cost": 1024
        },
        {
          "conversation_id": "62",
          "family": "msc_valid",
          "turn_count": 64,
          "truncated_turn_count": 64,
          "target_turn_count": 16,
          "estimated_cost": 1024
        },
        {
          "conversation_id": "709",
          "family": "msc_valid",
          "turn_count": 64,
          "truncated_turn_count": 64,
          "target_turn_count": 16,
          "estimated_cost": 1024
        },
        {
          "conversation_id": "813",
          "family": "msc_valid",
          "turn_count": 64,
          "truncated_turn_count": 64,
          "target_turn_count": 16,
          "estimated_cost": 1024
        },
        {
          "conversation_id": "877",
          "family": "msc_valid",
          "turn_count": 64,
          "truncated_turn_count": 64,
          "target_turn_count": 16,
          "estimated_cost": 1024
        },
        {
          "conversation_id": "950",
          "family": "msc_valid",
          "turn_count": 64,
          "truncated_turn_count": 64,
          "target_turn_count": 16,
          "estimated_cost": 1024
        },
        {
          "conversation_id": "247",
          "family": "msc_valid",
          "turn_count": 63,
          "truncated_turn_count": 63,
          "target_turn_count": 16,
          "estimated_cost": 1008
        },
        {
          "conversation_id": "117",
          "family": "msc_valid",
          "turn_count": 62,
          "truncated_turn_count": 62,
          "target_turn_count": 16,
          "estimated_cost": 992
        },
        {
          "conversation_id": "24",
          "family": "msc_valid",
          "turn_count": 62,
          "truncated_turn_count": 62,
          "target_turn_count": 16,
          "estimated_cost": 992
        },
        {
          "conversation_id": "425",
          "family": "msc_valid",
          "turn_count": 62,
          "truncated_turn_count": 62,
          "target_turn_count": 16,
          "estimated_cost": 992
        },
        {
          "conversation_id": "68",
          "family": "msc_valid",
          "turn_count": 62,
          "truncated_turn_count": 62,
          "target_turn_count": 16,
          "estimated_cost": 992
        },
        {
          "conversation_id": "833",
          "family": "msc_valid",
          "turn_count": 62,
          "truncated_turn_count": 62,
          "target_turn_count": 16,
          "estimated_cost": 992
        },
        {
          "conversation_id": "934",
          "family": "msc_valid",
          "turn_count": 62,
          "truncated_turn_count": 62,
          "target_turn_count": 16,
          "estimated_cost": 992
        },
        {
          "conversation_id": "331",
          "family": "msc_valid",
          "turn_count": 61,
          "truncated_turn_count": 61,
          "target_turn_count": 16,
          "estimated_cost": 976
        },
        {
          "conversation_id": "845",
          "family": "msc_valid",
          "turn_count": 61,
          "truncated_turn_count": 61,
          "target_turn_count": 16,
          "estimated_cost": 976
        },
        {
          "conversation_id": "658",
          "family": "msc_valid",
          "turn_count": 60,
          "truncated_turn_count": 60,
          "target_turn_count": 16,
          "estimated_cost": 960
        },
        {
          "conversation_id": "736",
          "family": "msc_valid",
          "turn_count": 58,
          "truncated_turn_count": 58,
          "target_turn_count": 16,
          "estimated_cost": 928
        },
        {
          "conversation_id": "186",
          "family": "msc_valid",
          "turn_count": 16,
          "truncated_turn_count": 16,
          "target_turn_count": 12,
          "estimated_cost": 192
        },
        {
          "conversation_id": "25",
          "family": "msc_valid",
          "turn_count": 16,
          "truncated_turn_count": 16,
          "target_turn_count": 12,
          "estimated_cost": 192
        },
        {
          "conversation_id": "297",
          "family": "msc_valid",
          "turn_count": 16,
          "truncated_turn_count": 16,
          "target_turn_count": 12,
          "estimated_cost": 192
        },
        {
          "conversation_id": "330",
          "family": "msc_valid",
          "turn_count": 16,
          "truncated_turn_count": 16,
          "target_turn_count": 12,
          "estimated_cost": 192
        },
        {
          "conversation_id": "399",
          "family": "msc_valid",
          "turn_count": 16,
          "truncated_turn_count": 16,
          "target_turn_count": 12,
          "estimated_cost": 192
        },
        {
          "conversation_id": "438",
          "family": "msc_valid",
          "turn_count": 16,
          "truncated_turn_count": 16,
          "target_turn_count": 12,
          "estimated_cost": 192
        },
        {
          "conversation_id": "48",
          "family": "msc_valid",
          "turn_count": 16,
          "truncated_turn_count": 16,
          "target_turn_count": 12,
          "estimated_cost": 192
        },
        {
          "conversation_id": "520",
          "family": "msc_valid",
          "turn_count": 16,
          "truncated_turn_count": 16,
          "target_turn_count": 12,
          "estimated_cost": 192
        },
        {
          "conversation_id": "563",
          "family": "msc_valid",
          "turn_count": 16,
          "truncated_turn_count": 16,
          "target_turn_count": 12,
          "estimated_cost": 192
        },
        {
          "conversation_id": "597",
          "family": "msc_valid",
          "turn_count": 16,
          "truncated_turn_count": 16,
          "target_turn_count": 12,
          "estimated_cost": 192
        },
        {
          "conversation_id": "628",
          "family": "msc_valid",
          "turn_count": 16,
          "truncated_turn_count": 16,
          "target_turn_count": 12,
          "estimated_cost": 192
        },
        {
          "conversation_id": "673",
          "family": "msc_valid",
          "turn_count": 16,
          "truncated_turn_count": 16,
          "target_turn_count": 12,
          "estimated_cost": 192
        },
        {
          "conversation_id": "722",
          "family": "msc_valid",
          "turn_count": 16,
          "truncated_turn_count": 16,
          "target_turn_count": 12,
          "estimated_cost": 192
        },
        {
          "conversation_id": "760",
          "family": "msc_valid",
          "turn_count": 16,
          "truncated_turn_count": 16,
          "target_turn_count": 12,
          "estimated_cost": 192
        },
        {
          "conversation_id": "803",
          "family": "msc_valid",
          "turn_count": 16,
          "truncated_turn_count": 16,
          "target_turn_count": 12,
          "estimated_cost": 192
        },
        {
          "conversation_id": "841",
          "family": "msc_valid",
          "turn_count": 16,
          "truncated_turn_count": 16,
          "target_turn_count": 12,
          "estimated_cost": 192
        },
        {
          "conversation_id": "9",
          "family": "msc_valid",
          "turn_count": 16,
          "truncated_turn_count": 16,
          "target_turn_count": 12,
          "estimated_cost": 192
        },
        {
          "conversation_id": "940",
          "family": "msc_valid",
          "turn_count": 16,
          "truncated_turn_count": 16,
          "target_turn_count": 12,
          "estimated_cost": 192
        },
        {
          "conversation_id": "132",
          "family": "msc_valid",
          "turn_count": 14,
          "truncated_turn_count": 14,
          "target_turn_count": 10,
          "estimated_cost": 140
        },
        {
          "conversation_id": "21",
          "family": "msc_valid",
          "turn_count": 14,
          "truncated_turn_count": 14,
          "target_turn_count": 10,
          "estimated_cost": 140
        },
        {
          "conversation_id": "391",
          "family": "msc_valid",
          "turn_count": 14,
          "truncated_turn_count": 14,
          "target_turn_count": 10,
          "estimated_cost": 140
        },
        {
          "conversation_id": "540",
          "family": "msc_valid",
          "turn_count": 14,
          "truncated_turn_count": 14,
          "target_turn_count": 10,
          "estimated_cost": 140
        },
        {
          "conversation_id": "744",
          "family": "msc_valid",
          "turn_count": 14,
          "truncated_turn_count": 14,
          "target_turn_count": 10,
          "estimated_cost": 140
        }
      ]
    },
    {
      "shard_index": 18,
      "estimated_cost": 28268,
      "conversation_count": 47,
      "conversation_ids": [
        "110",
        "130",
        "18",
        "252",
        "318",
        "375",
        "459",
        "538",
        "623",
        "713",
        "817",
        "879",
        "955",
        "291",
        "12",
        "251",
        "437",
        "697",
        "838",
        "936",
        "426",
        "873",
        "663",
        "773",
        "189",
        "250",
        "298",
        "332",
        "40",
        "441",
        "481",
        "523",
        "564",
        "598",
        "629",
        "676",
        "726",
        "761",
        "806",
        "843",
        "900",
        "944",
        "134",
        "213",
        "394",
        "552",
        "745"
      ],
      "items": [
        {
          "conversation_id": "110",
          "family": "msc_valid",
          "turn_count": 64,
          "truncated_turn_count": 64,
          "target_turn_count": 16,
          "estimated_cost": 1024
        },
        {
          "conversation_id": "130",
          "family": "msc_valid",
          "turn_count": 64,
          "truncated_turn_count": 64,
          "target_turn_count": 16,
          "estimated_cost": 1024
        },
        {
          "conversation_id": "18",
          "family": "msc_valid",
          "turn_count": 64,
          "truncated_turn_count": 64,
          "target_turn_count": 16,
          "estimated_cost": 1024
        },
        {
          "conversation_id": "252",
          "family": "msc_valid",
          "turn_count": 64,
          "truncated_turn_count": 64,
          "target_turn_count": 16,
          "estimated_cost": 1024
        },
        {
          "conversation_id": "318",
          "family": "msc_valid",
          "turn_count": 64,
          "truncated_turn_count": 64,
          "target_turn_count": 16,
          "estimated_cost": 1024
        },
        {
          "conversation_id": "375",
          "family": "msc_valid",
          "turn_count": 64,
          "truncated_turn_count": 64,
          "target_turn_count": 16,
          "estimated_cost": 1024
        },
        {
          "conversation_id": "459",
          "family": "msc_valid",
          "turn_count": 64,
          "truncated_turn_count": 64,
          "target_turn_count": 16,
          "estimated_cost": 1024
        },
        {
          "conversation_id": "538",
          "family": "msc_valid",
          "turn_count": 64,
          "truncated_turn_count": 64,
          "target_turn_count": 16,
          "estimated_cost": 1024
        },
        {
          "conversation_id": "623",
          "family": "msc_valid",
          "turn_count": 64,
          "truncated_turn_count": 64,
          "target_turn_count": 16,
          "estimated_cost": 1024
        },
        {
          "conversation_id": "713",
          "family": "msc_valid",
          "turn_count": 64,
          "truncated_turn_count": 64,
          "target_turn_count": 16,
          "estimated_cost": 1024
        },
        {
          "conversation_id": "817",
          "family": "msc_valid",
          "turn_count": 64,
          "truncated_turn_count": 64,
          "target_turn_count": 16,
          "estimated_cost": 1024
        },
        {
          "conversation_id": "879",
          "family": "msc_valid",
          "turn_count": 64,
          "truncated_turn_count": 64,
          "target_turn_count": 16,
          "estimated_cost": 1024
        },
        {
          "conversation_id": "955",
          "family": "msc_valid",
          "turn_count": 64,
          "truncated_turn_count": 64,
          "target_turn_count": 16,
          "estimated_cost": 1024
        },
        {
          "conversation_id": "291",
          "family": "msc_valid",
          "turn_count": 63,
          "truncated_turn_count": 63,
          "target_turn_count": 16,
          "estimated_cost": 1008
        },
        {
          "conversation_id": "12",
          "family": "msc_valid",
          "turn_count": 62,
          "truncated_turn_count": 62,
          "target_turn_count": 16,
          "estimated_cost": 992
        },
        {
          "conversation_id": "251",
          "family": "msc_valid",
          "turn_count": 62,
          "truncated_turn_count": 62,
          "target_turn_count": 16,
          "estimated_cost": 992
        },
        {
          "conversation_id": "437",
          "family": "msc_valid",
          "turn_count": 62,
          "truncated_turn_count": 62,
          "target_turn_count": 16,
          "estimated_cost": 992
        },
        {
          "conversation_id": "697",
          "family": "msc_valid",
          "turn_count": 62,
          "truncated_turn_count": 62,
          "target_turn_count": 16,
          "estimated_cost": 992
        },
        {
          "conversation_id": "838",
          "family": "msc_valid",
          "turn_count": 62,
          "truncated_turn_count": 62,
          "target_turn_count": 16,
          "estimated_cost": 992
        },
        {
          "conversation_id": "936",
          "family": "msc_valid",
          "turn_count": 62,
          "truncated_turn_count": 62,
          "target_turn_count": 16,
          "estimated_cost": 992
        },
        {
          "conversation_id": "426",
          "family": "msc_valid",
          "turn_count": 61,
          "truncated_turn_count": 61,
          "target_turn_count": 16,
          "estimated_cost": 976
        },
        {
          "conversation_id": "873",
          "family": "msc_valid",
          "turn_count": 61,
          "truncated_turn_count": 61,
          "target_turn_count": 16,
          "estimated_cost": 976
        },
        {
          "conversation_id": "663",
          "family": "msc_valid",
          "turn_count": 60,
          "truncated_turn_count": 60,
          "target_turn_count": 16,
          "estimated_cost": 960
        },
        {
          "conversation_id": "773",
          "family": "msc_valid",
          "turn_count": 58,
          "truncated_turn_count": 58,
          "target_turn_count": 16,
          "estimated_cost": 928
        },
        {
          "conversation_id": "189",
          "family": "msc_valid",
          "turn_count": 16,
          "truncated_turn_count": 16,
          "target_turn_count": 12,
          "estimated_cost": 192
        },
        {
          "conversation_id": "250",
          "family": "msc_valid",
          "turn_count": 16,
          "truncated_turn_count": 16,
          "target_turn_count": 12,
          "estimated_cost": 192
        },
        {
          "conversation_id": "298",
          "family": "msc_valid",
          "turn_count": 16,
          "truncated_turn_count": 16,
          "target_turn_count": 12,
          "estimated_cost": 192
        },
        {
          "conversation_id": "332",
          "family": "msc_valid",
          "turn_count": 16,
          "truncated_turn_count": 16,
          "target_turn_count": 12,
          "estimated_cost": 192
        },
        {
          "conversation_id": "40",
          "family": "msc_valid",
          "turn_count": 16,
          "truncated_turn_count": 16,
          "target_turn_count": 12,
          "estimated_cost": 192
        },
        {
          "conversation_id": "441",
          "family": "msc_valid",
          "turn_count": 16,
          "truncated_turn_count": 16,
          "target_turn_count": 12,
          "estimated_cost": 192
        },
        {
          "conversation_id": "481",
          "family": "msc_valid",
          "turn_count": 16,
          "truncated_turn_count": 16,
          "target_turn_count": 12,
          "estimated_cost": 192
        },
        {
          "conversation_id": "523",
          "family": "msc_valid",
          "turn_count": 16,
          "truncated_turn_count": 16,
          "target_turn_count": 12,
          "estimated_cost": 192
        },
        {
          "conversation_id": "564",
          "family": "msc_valid",
          "turn_count": 16,
          "truncated_turn_count": 16,
          "target_turn_count": 12,
          "estimated_cost": 192
        },
        {
          "conversation_id": "598",
          "family": "msc_valid",
          "turn_count": 16,
          "truncated_turn_count": 16,
          "target_turn_count": 12,
          "estimated_cost": 192
        },
        {
          "conversation_id": "629",
          "family": "msc_valid",
          "turn_count": 16,
          "truncated_turn_count": 16,
          "target_turn_count": 12,
          "estimated_cost": 192
        },
        {
          "conversation_id": "676",
          "family": "msc_valid",
          "turn_count": 16,
          "truncated_turn_count": 16,
          "target_turn_count": 12,
          "estimated_cost": 192
        },
        {
          "conversation_id": "726",
          "family": "msc_valid",
          "turn_count": 16,
          "truncated_turn_count": 16,
          "target_turn_count": 12,
          "estimated_cost": 192
        },
        {
          "conversation_id": "761",
          "family": "msc_valid",
          "turn_count": 16,
          "truncated_turn_count": 16,
          "target_turn_count": 12,
          "estimated_cost": 192
        },
        {
          "conversation_id": "806",
          "family": "msc_valid",
          "turn_count": 16,
          "truncated_turn_count": 16,
          "target_turn_count": 12,
          "estimated_cost": 192
        },
        {
          "conversation_id": "843",
          "family": "msc_valid",
          "turn_count": 16,
          "truncated_turn_count": 16,
          "target_turn_count": 12,
          "estimated_cost": 192
        },
        {
          "conversation_id": "900",
          "family": "msc_valid",
          "turn_count": 16,
          "truncated_turn_count": 16,
          "target_turn_count": 12,
          "estimated_cost": 192
        },
        {
          "conversation_id": "944",
          "family": "msc_valid",
          "turn_count": 16,
          "truncated_turn_count": 16,
          "target_turn_count": 12,
          "estimated_cost": 192
        },
        {
          "conversation_id": "134",
          "family": "msc_valid",
          "turn_count": 14,
          "truncated_turn_count": 14,
          "target_turn_count": 10,
          "estimated_cost": 140
        },
        {
          "conversation_id": "213",
          "family": "msc_valid",
          "turn_count": 14,
          "truncated_turn_count": 14,
          "target_turn_count": 10,
          "estimated_cost": 140
        },
        {
          "conversation_id": "394",
          "family": "msc_valid",
          "turn_count": 14,
          "truncated_turn_count": 14,
          "target_turn_count": 10,
          "estimated_cost": 140
        },
        {
          "conversation_id": "552",
          "family": "msc_valid",
          "turn_count": 14,
          "truncated_turn_count": 14,
          "target_turn_count": 10,
          "estimated_cost": 140
        },
        {
          "conversation_id": "745",
          "family": "msc_valid",
          "turn_count": 14,
          "truncated_turn_count": 14,
          "target_turn_count": 10,
          "estimated_cost": 140
        }
      ]
    },
    {
      "shard_index": 19,
      "estimated_cost": 28268,
      "conversation_count": 47,
      "conversation_ids": [
        "111",
        "131",
        "181",
        "254",
        "324",
        "376",
        "460",
        "544",
        "626",
        "723",
        "818",
        "881",
        "956",
        "301",
        "120",
        "264",
        "447",
        "699",
        "849",
        "941",
        "429",
        "146",
        "532",
        "674",
        "197",
        "256",
        "30",
        "334",
        "404",
        "442",
        "484",
        "527",
        "565",
        "599",
        "632",
        "677",
        "728",
        "767",
        "808",
        "844",
        "901",
        "946",
        "135",
        "235",
        "396",
        "578",
        "749"
      ],
      "items": [
        {
          "conversation_id": "111",
          "family": "msc_valid",
          "turn_count": 64,
          "truncated_turn_count": 64,
          "target_turn_count": 16,
          "estimated_cost": 1024
        },
        {
          "conversation_id": "131",
          "family": "msc_valid",
          "turn_count": 64,
          "truncated_turn_count": 64,
          "target_turn_count": 16,
          "estimated_cost": 1024
        },
        {
          "conversation_id": "181",
          "family": "msc_valid",
          "turn_count": 64,
          "truncated_turn_count": 64,
          "target_turn_count": 16,
          "estimated_cost": 1024
        },
        {
          "conversation_id": "254",
          "family": "msc_valid",
          "turn_count": 64,
          "truncated_turn_count": 64,
          "target_turn_count": 16,
          "estimated_cost": 1024
        },
        {
          "conversation_id": "324",
          "family": "msc_valid",
          "turn_count": 64,
          "truncated_turn_count": 64,
          "target_turn_count": 16,
          "estimated_cost": 1024
        },
        {
          "conversation_id": "376",
          "family": "msc_valid",
          "turn_count": 64,
          "truncated_turn_count": 64,
          "target_turn_count": 16,
          "estimated_cost": 1024
        },
        {
          "conversation_id": "460",
          "family": "msc_valid",
          "turn_count": 64,
          "truncated_turn_count": 64,
          "target_turn_count": 16,
          "estimated_cost": 1024
        },
        {
          "conversation_id": "544",
          "family": "msc_valid",
          "turn_count": 64,
          "truncated_turn_count": 64,
          "target_turn_count": 16,
          "estimated_cost": 1024
        },
        {
          "conversation_id": "626",
          "family": "msc_valid",
          "turn_count": 64,
          "truncated_turn_count": 64,
          "target_turn_count": 16,
          "estimated_cost": 1024
        },
        {
          "conversation_id": "723",
          "family": "msc_valid",
          "turn_count": 64,
          "truncated_turn_count": 64,
          "target_turn_count": 16,
          "estimated_cost": 1024
        },
        {
          "conversation_id": "818",
          "family": "msc_valid",
          "turn_count": 64,
          "truncated_turn_count": 64,
          "target_turn_count": 16,
          "estimated_cost": 1024
        },
        {
          "conversation_id": "881",
          "family": "msc_valid",
          "turn_count": 64,
          "truncated_turn_count": 64,
          "target_turn_count": 16,
          "estimated_cost": 1024
        },
        {
          "conversation_id": "956",
          "family": "msc_valid",
          "turn_count": 64,
          "truncated_turn_count": 64,
          "target_turn_count": 16,
          "estimated_cost": 1024
        },
        {
          "conversation_id": "301",
          "family": "msc_valid",
          "turn_count": 63,
          "truncated_turn_count": 63,
          "target_turn_count": 16,
          "estimated_cost": 1008
        },
        {
          "conversation_id": "120",
          "family": "msc_valid",
          "turn_count": 62,
          "truncated_turn_count": 62,
          "target_turn_count": 16,
          "estimated_cost": 992
        },
        {
          "conversation_id": "264",
          "family": "msc_valid",
          "turn_count": 62,
          "truncated_turn_count": 62,
          "target_turn_count": 16,
          "estimated_cost": 992
        },
        {
          "conversation_id": "447",
          "family": "msc_valid",
          "turn_count": 62,
          "truncated_turn_count": 62,
          "target_turn_count": 16,
          "estimated_cost": 992
        },
        {
          "conversation_id": "699",
          "family": "msc_valid",
          "turn_count": 62,
          "truncated_turn_count": 62,
          "target_turn_count": 16,
          "estimated_cost": 992
        },
        {
          "conversation_id": "849",
          "family": "msc_valid",
          "turn_count": 62,
          "truncated_turn_count": 62,
          "target_turn_count": 16,
          "estimated_cost": 992
        },
        {
          "conversation_id": "941",
          "family": "msc_valid",
          "turn_count": 62,
          "truncated_turn_count": 62,
          "target_turn_count": 16,
          "estimated_cost": 992
        },
        {
          "conversation_id": "429",
          "family": "msc_valid",
          "turn_count": 61,
          "truncated_turn_count": 61,
          "target_turn_count": 16,
          "estimated_cost": 976
        },
        {
          "conversation_id": "146",
          "family": "msc_valid",
          "turn_count": 60,
          "truncated_turn_count": 60,
          "target_turn_count": 16,
          "estimated_cost": 960
        },
        {
          "conversation_id": "532",
          "family": "msc_valid",
          "turn_count": 60,
          "truncated_turn_count": 60,
          "target_turn_count": 16,
          "estimated_cost": 960
        },
        {
          "conversation_id": "674",
          "family": "msc_valid",
          "turn_count": 59,
          "truncated_turn_count": 59,
          "target_turn_count": 16,
          "estimated_cost": 944
        },
        {
          "conversation_id": "197",
          "family": "msc_valid",
          "turn_count": 16,
          "truncated_turn_count": 16,
          "target_turn_count": 12,
          "estimated_cost": 192
        },
        {
          "conversation_id": "256",
          "family": "msc_valid",
          "turn_count": 16,
          "truncated_turn_count": 16,
          "target_turn_count": 12,
          "estimated_cost": 192
        },
        {
          "conversation_id": "30",
          "family": "msc_valid",
          "turn_count": 16,
          "truncated_turn_count": 16,
          "target_turn_count": 12,
          "estimated_cost": 192
        },
        {
          "conversation_id": "334",
          "family": "msc_valid",
          "turn_count": 16,
          "truncated_turn_count": 16,
          "target_turn_count": 12,
          "estimated_cost": 192
        },
        {
          "conversation_id": "404",
          "family": "msc_valid",
          "turn_count": 16,
          "truncated_turn_count": 16,
          "target_turn_count": 12,
          "estimated_cost": 192
        },
        {
          "conversation_id": "442",
          "family": "msc_valid",
          "turn_count": 16,
          "truncated_turn_count": 16,
          "target_turn_count": 12,
          "estimated_cost": 192
        },
        {
          "conversation_id": "484",
          "family": "msc_valid",
          "turn_count": 16,
          "truncated_turn_count": 16,
          "target_turn_count": 12,
          "estimated_cost": 192
        },
        {
          "conversation_id": "527",
          "family": "msc_valid",
          "turn_count": 16,
          "truncated_turn_count": 16,
          "target_turn_count": 12,
          "estimated_cost": 192
        },
        {
          "conversation_id": "565",
          "family": "msc_valid",
          "turn_count": 16,
          "truncated_turn_count": 16,
          "target_turn_count": 12,
          "estimated_cost": 192
        },
        {
          "conversation_id": "599",
          "family": "msc_valid",
          "turn_count": 16,
          "truncated_turn_count": 16,
          "target_turn_count": 12,
          "estimated_cost": 192
        },
        {
          "conversation_id": "632",
          "family": "msc_valid",
          "turn_count": 16,
          "truncated_turn_count": 16,
          "target_turn_count": 12,
          "estimated_cost": 192
        },
        {
          "conversation_id": "677",
          "family": "msc_valid",
          "turn_count": 16,
          "truncated_turn_count": 16,
          "target_turn_count": 12,
          "estimated_cost": 192
        },
        {
          "conversation_id": "728",
          "family": "msc_valid",
          "turn_count": 16,
          "truncated_turn_count": 16,
          "target_turn_count": 12,
          "estimated_cost": 192
        },
        {
          "conversation_id": "767",
          "family": "msc_valid",
          "turn_count": 16,
          "truncated_turn_count": 16,
          "target_turn_count": 12,
          "estimated_cost": 192
        },
        {
          "conversation_id": "808",
          "family": "msc_valid",
          "turn_count": 16,
          "truncated_turn_count": 16,
          "target_turn_count": 12,
          "estimated_cost": 192
        },
        {
          "conversation_id": "844",
          "family": "msc_valid",
          "turn_count": 16,
          "truncated_turn_count": 16,
          "target_turn_count": 12,
          "estimated_cost": 192
        },
        {
          "conversation_id": "901",
          "family": "msc_valid",
          "turn_count": 16,
          "truncated_turn_count": 16,
          "target_turn_count": 12,
          "estimated_cost": 192
        },
        {
          "conversation_id": "946",
          "family": "msc_valid",
          "turn_count": 16,
          "truncated_turn_count": 16,
          "target_turn_count": 12,
          "estimated_cost": 192
        },
        {
          "conversation_id": "135",
          "family": "msc_valid",
          "turn_count": 14,
          "truncated_turn_count": 14,
          "target_turn_count": 10,
          "estimated_cost": 140
        },
        {
          "conversation_id": "235",
          "family": "msc_valid",
          "turn_count": 14,
          "truncated_turn_count": 14,
          "target_turn_count": 10,
          "estimated_cost": 140
        },
        {
          "conversation_id": "396",
          "family": "msc_valid",
          "turn_count": 14,
          "truncated_turn_count": 14,
          "target_turn_count": 10,
          "estimated_cost": 140
        },
        {
          "conversation_id": "578",
          "family": "msc_valid",
          "turn_count": 14,
          "truncated_turn_count": 14,
          "target_turn_count": 10,
          "estimated_cost": 140
        },
        {
          "conversation_id": "749",
          "family": "msc_valid",
          "turn_count": 14,
          "truncated_turn_count": 14,
          "target_turn_count": 10,
          "estimated_cost": 140
        }
      ]
    },
    {
      "shard_index": 20,
      "estimated_cost": 28268,
      "conversation_count": 47,
      "conversation_ids": [
        "119",
        "133",
        "184",
        "255",
        "335",
        "379",
        "465",
        "547",
        "642",
        "727",
        "823",
        "883",
        "957",
        "358",
        "123",
        "276",
        "45",
        "7",
        "853",
        "945",
        "43",
        "15",
        "533",
        "930",
        "198",
        "257",
        "300",
        "336",
        "405",
        "443",
        "488",
        "53",
        "566",
        "601",
        "634",
        "680",
        "732",
        "769",
        "81",
        "846",
        "903",
        "948",
        "149",
        "240",
        "397",
        "582",
        "755"
      ],
      "items": [
        {
          "conversation_id": "119",
          "family": "msc_valid",
          "turn_count": 64,
          "truncated_turn_count": 64,
          "target_turn_count": 16,
          "estimated_cost": 1024
        },
        {
          "conversation_id": "133",
          "family": "msc_valid",
          "turn_count": 64,
          "truncated_turn_count": 64,
          "target_turn_count": 16,
          "estimated_cost": 1024
        },
        {
          "conversation_id": "184",
          "family": "msc_valid",
          "turn_count": 64,
          "truncated_turn_count": 64,
          "target_turn_count": 16,
          "estimated_cost": 1024
        },
        {
          "conversation_id": "255",
          "family": "msc_valid",
          "turn_count": 64,
          "truncated_turn_count": 64,
          "target_turn_count": 16,
          "estimated_cost": 1024
        },
        {
          "conversation_id": "335",
          "family": "msc_valid",
          "turn_count": 64,
          "truncated_turn_count": 64,
          "target_turn_count": 16,
          "estimated_cost": 1024
        },
        {
          "conversation_id": "379",
          "family": "msc_valid",
          "turn_count": 64,
          "truncated_turn_count": 64,
          "target_turn_count": 16,
          "estimated_cost": 1024
        },
        {
          "conversation_id": "465",
          "family": "msc_valid",
          "turn_count": 64,
          "truncated_turn_count": 64,
          "target_turn_count": 16,
          "estimated_cost": 1024
        },
        {
          "conversation_id": "547",
          "family": "msc_valid",
          "turn_count": 64,
          "truncated_turn_count": 64,
          "target_turn_count": 16,
          "estimated_cost": 1024
        },
        {
          "conversation_id": "642",
          "family": "msc_valid",
          "turn_count": 64,
          "truncated_turn_count": 64,
          "target_turn_count": 16,
          "estimated_cost": 1024
        },
        {
          "conversation_id": "727",
          "family": "msc_valid",
          "turn_count": 64,
          "truncated_turn_count": 64,
          "target_turn_count": 16,
          "estimated_cost": 1024
        },
        {
          "conversation_id": "823",
          "family": "msc_valid",
          "turn_count": 64,
          "truncated_turn_count": 64,
          "target_turn_count": 16,
          "estimated_cost": 1024
        },
        {
          "conversation_id": "883",
          "family": "msc_valid",
          "turn_count": 64,
          "truncated_turn_count": 64,
          "target_turn_count": 16,
          "estimated_cost": 1024
        },
        {
          "conversation_id": "957",
          "family": "msc_valid",
          "turn_count": 64,
          "truncated_turn_count": 64,
          "target_turn_count": 16,
          "estimated_cost": 1024
        },
        {
          "conversation_id": "358",
          "family": "msc_valid",
          "turn_count": 63,
          "truncated_turn_count": 63,
          "target_turn_count": 16,
          "estimated_cost": 1008
        },
        {
          "conversation_id": "123",
          "family": "msc_valid",
          "turn_count": 62,
          "truncated_turn_count": 62,
          "target_turn_count": 16,
          "estimated_cost": 992
        },
        {
          "conversation_id": "276",
          "family": "msc_valid",
          "turn_count": 62,
          "truncated_turn_count": 62,
          "target_turn_count": 16,
          "estimated_cost": 992
        },
        {
          "conversation_id": "45",
          "family": "msc_valid",
          "turn_count": 62,
          "truncated_turn_count": 62,
          "target_turn_count": 16,
          "estimated_cost": 992
        },
        {
          "conversation_id": "7",
          "family": "msc_valid",
          "turn_count": 62,
          "truncated_turn_count": 62,
          "target_turn_count": 16,
          "estimated_cost": 992
        },
        {
          "conversation_id": "853",
          "family": "msc_valid",
          "turn_count": 62,
          "truncated_turn_count": 62,
          "target_turn_count": 16,
          "estimated_cost": 992
        },
        {
          "conversation_id": "945",
          "family": "msc_valid",
          "turn_count": 62,
          "truncated_turn_count": 62,
          "target_turn_count": 16,
          "estimated_cost": 992
        },
        {
          "conversation_id": "43",
          "family": "msc_valid",
          "turn_count": 61,
          "truncated_turn_count": 61,
          "target_turn_count": 16,
          "estimated_cost": 976
        },
        {
          "conversation_id": "15",
          "family": "msc_valid",
          "turn_count": 60,
          "truncated_turn_count": 60,
          "target_turn_count": 16,
          "estimated_cost": 960
        },
        {
          "conversation_id": "533",
          "family": "msc_valid",
          "turn_count": 60,
          "truncated_turn_count": 60,
          "target_turn_count": 16,
          "estimated_cost": 960
        },
        {
          "conversation_id": "930",
          "family": "msc_valid",
          "turn_count": 59,
          "truncated_turn_count": 59,
          "target_turn_count": 16,
          "estimated_cost": 944
        },
        {
          "conversation_id": "198",
          "family": "msc_valid",
          "turn_count": 16,
          "truncated_turn_count": 16,
          "target_turn_count": 12,
          "estimated_cost": 192
        },
        {
          "conversation_id": "257",
          "family": "msc_valid",
          "turn_count": 16,
          "truncated_turn_count": 16,
          "target_turn_count": 12,
          "estimated_cost": 192
        },
        {
          "conversation_id": "300",
          "family": "msc_valid",
          "turn_count": 16,
          "truncated_turn_count": 16,
          "target_turn_count": 12,
          "estimated_cost": 192
        },
        {
          "conversation_id": "336",
          "family": "msc_valid",
          "turn_count": 16,
          "truncated_turn_count": 16,
          "target_turn_count": 12,
          "estimated_cost": 192
        },
        {
          "conversation_id": "405",
          "family": "msc_valid",
          "turn_count": 16,
          "truncated_turn_count": 16,
          "target_turn_count": 12,
          "estimated_cost": 192
        },
        {
          "conversation_id": "443",
          "family": "msc_valid",
          "turn_count": 16,
          "truncated_turn_count": 16,
          "target_turn_count": 12,
          "estimated_cost": 192
        },
        {
          "conversation_id": "488",
          "family": "msc_valid",
          "turn_count": 16,
          "truncated_turn_count": 16,
          "target_turn_count": 12,
          "estimated_cost": 192
        },
        {
          "conversation_id": "53",
          "family": "msc_valid",
          "turn_count": 16,
          "truncated_turn_count": 16,
          "target_turn_count": 12,
          "estimated_cost": 192
        },
        {
          "conversation_id": "566",
          "family": "msc_valid",
          "turn_count": 16,
          "truncated_turn_count": 16,
          "target_turn_count": 12,
          "estimated_cost": 192
        },
        {
          "conversation_id": "601",
          "family": "msc_valid",
          "turn_count": 16,
          "truncated_turn_count": 16,
          "target_turn_count": 12,
          "estimated_cost": 192
        },
        {
          "conversation_id": "634",
          "family": "msc_valid",
          "turn_count": 16,
          "truncated_turn_count": 16,
          "target_turn_count": 12,
          "estimated_cost": 192
        },
        {
          "conversation_id": "680",
          "family": "msc_valid",
          "turn_count": 16,
          "truncated_turn_count": 16,
          "target_turn_count": 12,
          "estimated_cost": 192
        },
        {
          "conversation_id": "732",
          "family": "msc_valid",
          "turn_count": 16,
          "truncated_turn_count": 16,
          "target_turn_count": 12,
          "estimated_cost": 192
        },
        {
          "conversation_id": "769",
          "family": "msc_valid",
          "turn_count": 16,
          "truncated_turn_count": 16,
          "target_turn_count": 12,
          "estimated_cost": 192
        },
        {
          "conversation_id": "81",
          "family": "msc_valid",
          "turn_count": 16,
          "truncated_turn_count": 16,
          "target_turn_count": 12,
          "estimated_cost": 192
        },
        {
          "conversation_id": "846",
          "family": "msc_valid",
          "turn_count": 16,
          "truncated_turn_count": 16,
          "target_turn_count": 12,
          "estimated_cost": 192
        },
        {
          "conversation_id": "903",
          "family": "msc_valid",
          "turn_count": 16,
          "truncated_turn_count": 16,
          "target_turn_count": 12,
          "estimated_cost": 192
        },
        {
          "conversation_id": "948",
          "family": "msc_valid",
          "turn_count": 16,
          "truncated_turn_count": 16,
          "target_turn_count": 12,
          "estimated_cost": 192
        },
        {
          "conversation_id": "149",
          "family": "msc_valid",
          "turn_count": 14,
          "truncated_turn_count": 14,
          "target_turn_count": 10,
          "estimated_cost": 140
        },
        {
          "conversation_id": "240",
          "family": "msc_valid",
          "turn_count": 14,
          "truncated_turn_count": 14,
          "target_turn_count": 10,
          "estimated_cost": 140
        },
        {
          "conversation_id": "397",
          "family": "msc_valid",
          "turn_count": 14,
          "truncated_turn_count": 14,
          "target_turn_count": 10,
          "estimated_cost": 140
        },
        {
          "conversation_id": "582",
          "family": "msc_valid",
          "turn_count": 14,
          "truncated_turn_count": 14,
          "target_turn_count": 10,
          "estimated_cost": 140
        },
        {
          "conversation_id": "755",
          "family": "msc_valid",
          "turn_count": 14,
          "truncated_turn_count": 14,
          "target_turn_count": 10,
          "estimated_cost": 140
        }
      ]
    }
  ]
}
[2026-06-20 02:50:07] [reviewer_fixes] Enqueued 31 jobs across 7 GPUs
[2026-06-20 02:50:07] [reviewer_fixes] === STEP 3: Running GPU workers ===
gpu NVIDIA L40S ok
gpu NVIDIA L40S ok
gpu NVIDIA L40S ok
gpu NVIDIA L40S ok
gpu NVIDIA L40S ok
gpu NVIDIA L40S ok
[2026-06-20 02:50:10] [reviewer_fixes] GPU=1 starting baselines_hardset_s0.gpu1
gpu NVIDIA L40S ok
[2026-06-20 02:50:10] [reviewer_fixes] GPU=5 starting baselines_hardset_s1.gpu5
[2026-06-20 02:50:11] [reviewer_fixes] GPU=2 starting baselines_hardset_s2.gpu2
[2026-06-20 02:50:11] [reviewer_fixes] GPU=3 starting baselines_hardset_s3.gpu3
[2026-06-20 02:50:11] [reviewer_fixes] GPU=6 starting baselines_hardset_s4.gpu6
[2026-06-20 02:50:11] [reviewer_fixes] GPU=0 starting baselines_hardset_s5.gpu0
[2026-06-20 02:50:11] [reviewer_fixes] GPU=4 starting baselines_hardset_s6.gpu4
[2026-06-20 02:50:23] [reviewer_fixes] GPU=0 DONE baselines_hardset_s5.gpu0 (12s)
[2026-06-20 02:50:23] [reviewer_fixes] GPU=0 starting baselines_hardset_s7.gpu0
[2026-06-20 02:50:23] [reviewer_fixes] GPU=1 DONE baselines_hardset_s0.gpu1 (13s)
[2026-06-20 02:50:23] [reviewer_fixes] GPU=1 starting baselines_hardset_s8.gpu1
[2026-06-20 02:50:23] [reviewer_fixes] GPU=5 DONE baselines_hardset_s1.gpu5 (13s)
[2026-06-20 02:50:23] [reviewer_fixes] GPU=5 starting baselines_msc_s0.gpu5
[2026-06-20 02:50:24] [reviewer_fixes] GPU=2 DONE baselines_hardset_s2.gpu2 (13s)
[2026-06-20 02:50:24] [reviewer_fixes] GPU=2 starting baselines_msc_s1.gpu2
[2026-06-20 02:50:24] [reviewer_fixes] GPU=3 DONE baselines_hardset_s3.gpu3 (13s)
[2026-06-20 02:50:24] [reviewer_fixes] GPU=3 starting baselines_msc_s10.gpu3
[2026-06-20 02:50:24] [reviewer_fixes] GPU=4 DONE baselines_hardset_s6.gpu4 (13s)
[2026-06-20 02:50:24] [reviewer_fixes] GPU=4 starting baselines_msc_s11.gpu4
[2026-06-20 02:50:24] [reviewer_fixes] GPU=6 DONE baselines_hardset_s4.gpu6 (13s)
[2026-06-20 02:50:24] [reviewer_fixes] GPU=6 starting baselines_msc_s12.gpu6
[2026-06-20 02:50:35] [reviewer_fixes] GPU=1 DONE baselines_hardset_s8.gpu1 (12s)
[2026-06-20 02:50:35] [reviewer_fixes] GPU=1 starting baselines_msc_s13.gpu1
[2026-06-20 02:50:36] [reviewer_fixes] GPU=0 DONE baselines_hardset_s7.gpu0 (13s)
[2026-06-20 02:50:36] [reviewer_fixes] GPU=0 starting baselines_msc_s14.gpu0
