model_key,conversation_id,family,target_turn,policy_name,budget_fraction,answer_token_count,answer_avg_neg_logprob,answer_total_neg_logprob,full_answer_avg_neg_logprob,full_answer_total_neg_logprob,answer_avg_neg_logprob_delta,answer_total_neg_logprob_delta
qwen25_15b,7,msc_valid,4,uniform,0.2,14,5.214285714285714,73.0,4.517857142857143,63.25,0.6964285714285712,9.75
qwen25_15b,7,msc_valid,4,longllmlingua,0.2,14,4.410714285714286,61.75,4.517857142857143,63.25,-0.10714285714285765,-1.5
qwen25_15b,7,msc_valid,4,recency,0.2,14,5.214285714285714,73.0,4.517857142857143,63.25,0.6964285714285712,9.75
qwen25_15b,7,msc_valid,4,lexical_tfidf,0.2,14,5.214285714285714,73.0,4.517857142857143,63.25,0.6964285714285712,9.75
qwen25_15b,7,msc_valid,4,recency_keep_compress_drop,0.2,14,5.214285714285714,73.0,4.517857142857143,63.25,0.6964285714285712,9.75
qwen25_15b,7,msc_valid,4,uniform,0.35,14,4.75,66.5,4.517857142857143,63.25,0.23214285714285676,3.25
qwen25_15b,7,msc_valid,4,longllmlingua,0.35,14,4.392857142857143,61.5,4.517857142857143,63.25,-0.125,-1.75
qwen25_15b,7,msc_valid,4,recency,0.35,14,4.75,66.5,4.517857142857143,63.25,0.23214285714285676,3.25
qwen25_15b,7,msc_valid,4,lexical_tfidf,0.35,14,4.75,66.5,4.517857142857143,63.25,0.23214285714285676,3.25
qwen25_15b,7,msc_valid,4,recency_keep_compress_drop,0.35,14,4.75,66.5,4.517857142857143,63.25,0.23214285714285676,3.25
qwen25_15b,7,msc_valid,4,uniform,0.5,14,4.75,66.5,4.517857142857143,63.25,0.23214285714285676,3.25
qwen25_15b,7,msc_valid,4,longllmlingua,0.5,14,4.339285714285714,60.75,4.517857142857143,63.25,-0.17857142857142883,-2.5
qwen25_15b,7,msc_valid,4,recency,0.5,14,4.75,66.5,4.517857142857143,63.25,0.23214285714285676,3.25
qwen25_15b,7,msc_valid,4,lexical_tfidf,0.5,14,4.75,66.5,4.517857142857143,63.25,0.23214285714285676,3.25
qwen25_15b,7,msc_valid,4,recency_keep_compress_drop,0.5,14,4.75,66.5,4.517857142857143,63.25,0.23214285714285676,3.25
qwen25_15b,7,msc_valid,8,uniform,0.2,20,3.7,74.0,3.475,69.5,0.2250000000000001,4.5
qwen25_15b,7,msc_valid,8,longllmlingua,0.2,20,3.6,72.0,3.475,69.5,0.125,2.5
qwen25_15b,7,msc_valid,8,recency,0.2,20,3.675,73.5,3.475,69.5,0.19999999999999973,4.0
qwen25_15b,7,msc_valid,8,lexical_tfidf,0.2,20,3.7,74.0,3.475,69.5,0.2250000000000001,4.5
qwen25_15b,7,msc_valid,8,recency_keep_compress_drop,0.2,20,3.675,73.5,3.475,69.5,0.19999999999999973,4.0
qwen25_15b,7,msc_valid,8,uniform,0.35,20,3.875,77.5,3.475,69.5,0.3999999999999999,8.0
qwen25_15b,7,msc_valid,8,longllmlingua,0.35,20,3.55,71.0,3.475,69.5,0.07499999999999973,1.5
qwen25_15b,7,msc_valid,8,recency,0.35,20,3.675,73.5,3.475,69.5,0.19999999999999973,4.0
qwen25_15b,7,msc_valid,8,lexical_tfidf,0.35,20,3.575,71.5,3.475,69.5,0.10000000000000009,2.0
qwen25_15b,7,msc_valid,8,recency_keep_compress_drop,0.35,20,3.675,73.5,3.475,69.5,0.19999999999999973,4.0
qwen25_15b,7,msc_valid,8,uniform,0.5,20,3.65,73.0,3.475,69.5,0.17499999999999982,3.5
qwen25_15b,7,msc_valid,8,longllmlingua,0.5,20,3.45,69.0,3.475,69.5,-0.02499999999999991,-0.5
qwen25_15b,7,msc_valid,8,recency,0.5,20,3.625,72.5,3.475,69.5,0.1499999999999999,3.0
qwen25_15b,7,msc_valid,8,lexical_tfidf,0.5,20,3.5,70.0,3.475,69.5,0.02499999999999991,0.5
qwen25_15b,7,msc_valid,8,recency_keep_compress_drop,0.5,20,3.575,71.5,3.475,69.5,0.10000000000000009,2.0
qwen25_15b,7,msc_valid,12,uniform,0.2,16,4.84375,77.5,3.09375,49.5,1.75,28.0
qwen25_15b,7,msc_valid,12,longllmlingua,0.2,16,3.890625,62.25,3.09375,49.5,0.796875,12.75
qwen25_15b,7,msc_valid,12,recency,0.2,16,4.8125,77.0,3.09375,49.5,1.71875,27.5
qwen25_15b,7,msc_valid,12,lexical_tfidf,0.2,16,4.71875,75.5,3.09375,49.5,1.625,26.0
qwen25_15b,7,msc_valid,12,recency_keep_compress_drop,0.2,16,4.75,76.0,3.09375,49.5,1.65625,26.5
qwen25_15b,7,msc_valid,12,uniform,0.35,16,3.859375,61.75,3.09375,49.5,0.765625,12.25
qwen25_15b,7,msc_valid,12,longllmlingua,0.35,16,3.96875,63.5,3.09375,49.5,0.875,14.0
qwen25_15b,7,msc_valid,12,recency,0.35,16,4.25,68.0,3.09375,49.5,1.15625,18.5
qwen25_15b,7,msc_valid,12,lexical_tfidf,0.35,16,4.625,74.0,3.09375,49.5,1.53125,24.5
qwen25_15b,7,msc_valid,12,recency_keep_compress_drop,0.35,16,4.25,68.0,3.09375,49.5,1.15625,18.5
qwen25_15b,7,msc_valid,12,uniform,0.5,16,3.78125,60.5,3.09375,49.5,0.6875,11.0
qwen25_15b,7,msc_valid,12,longllmlingua,0.5,16,3.75,60.0,3.09375,49.5,0.65625,10.5
qwen25_15b,7,msc_valid,12,recency,0.5,16,4.0625,65.0,3.09375,49.5,0.96875,15.5
qwen25_15b,7,msc_valid,12,lexical_tfidf,0.5,16,3.59375,57.5,3.09375,49.5,0.5,8.0
qwen25_15b,7,msc_valid,12,recency_keep_compress_drop,0.5,16,4.03125,64.5,3.09375,49.5,0.9375,15.0
qwen25_15b,7,msc_valid,16,uniform,0.2,24,3.2083333333333335,77.0,2.875,69.0,0.3333333333333335,8.0
qwen25_15b,7,msc_valid,16,longllmlingua,0.2,24,2.9375,70.5,2.875,69.0,0.0625,1.5
qwen25_15b,7,msc_valid,16,recency,0.2,24,3.0625,73.5,2.875,69.0,0.1875,4.5
qwen25_15b,7,msc_valid,16,lexical_tfidf,0.2,24,2.9166666666666665,70.0,2.875,69.0,0.04166666666666652,1.0
qwen25_15b,7,msc_valid,16,recency_keep_compress_drop,0.2,24,2.9583333333333335,71.0,2.875,69.0,0.08333333333333348,2.0
qwen25_15b,7,msc_valid,16,uniform,0.35,24,3.0,72.0,2.875,69.0,0.125,3.0
qwen25_15b,7,msc_valid,16,longllmlingua,0.35,24,2.7916666666666665,67.0,2.875,69.0,-0.08333333333333348,-2.0
qwen25_15b,7,msc_valid,16,recency,0.35,24,2.9166666666666665,70.0,2.875,69.0,0.04166666666666652,1.0
qwen25_15b,7,msc_valid,16,lexical_tfidf,0.35,24,2.9166666666666665,70.0,2.875,69.0,0.04166666666666652,1.0
qwen25_15b,7,msc_valid,16,recency_keep_compress_drop,0.35,24,2.9166666666666665,70.0,2.875,69.0,0.04166666666666652,1.0
qwen25_15b,7,msc_valid,16,uniform,0.5,24,2.9166666666666665,70.0,2.875,69.0,0.04166666666666652,1.0
qwen25_15b,7,msc_valid,16,longllmlingua,0.5,24,2.8333333333333335,68.0,2.875,69.0,-0.04166666666666652,-1.0
qwen25_15b,7,msc_valid,16,recency,0.5,24,2.8333333333333335,68.0,2.875,69.0,-0.04166666666666652,-1.0
qwen25_15b,7,msc_valid,16,lexical_tfidf,0.5,24,2.875,69.0,2.875,69.0,0.0,0.0
qwen25_15b,7,msc_valid,16,recency_keep_compress_drop,0.5,24,2.875,69.0,2.875,69.0,0.0,0.0
qwen25_15b,7,msc_valid,18,uniform,0.2,45,2.7666666666666666,124.5,2.533333333333333,114.0,0.2333333333333334,10.5
qwen25_15b,7,msc_valid,18,longllmlingua,0.2,45,2.7111111111111112,122.0,2.533333333333333,114.0,0.17777777777777803,8.0
qwen25_15b,7,msc_valid,18,recency,0.2,45,2.7333333333333334,123.0,2.533333333333333,114.0,0.20000000000000018,9.0
qwen25_15b,7,msc_valid,18,lexical_tfidf,0.2,45,2.888888888888889,130.0,2.533333333333333,114.0,0.3555555555555556,16.0
qwen25_15b,7,msc_valid,18,recency_keep_compress_drop,0.2,45,2.7888888888888888,125.5,2.533333333333333,114.0,0.25555555555555554,11.5
qwen25_15b,7,msc_valid,18,uniform,0.35,45,2.7333333333333334,123.0,2.533333333333333,114.0,0.20000000000000018,9.0
qwen25_15b,7,msc_valid,18,longllmlingua,0.35,45,2.7555555555555555,124.0,2.533333333333333,114.0,0.22222222222222232,10.0
qwen25_15b,7,msc_valid,18,recency,0.35,45,2.7555555555555555,124.0,2.533333333333333,114.0,0.22222222222222232,10.0
qwen25_15b,7,msc_valid,18,lexical_tfidf,0.35,45,2.888888888888889,130.0,2.533333333333333,114.0,0.3555555555555556,16.0
qwen25_15b,7,msc_valid,18,recency_keep_compress_drop,0.35,45,2.588888888888889,116.5,2.533333333333333,114.0,0.0555555555555558,2.5
qwen25_15b,7,msc_valid,18,uniform,0.5,45,2.6666666666666665,120.0,2.533333333333333,114.0,0.1333333333333333,6.0
qwen25_15b,7,msc_valid,18,longllmlingua,0.5,45,2.6666666666666665,120.0,2.533333333333333,114.0,0.1333333333333333,6.0
qwen25_15b,7,msc_valid,18,recency,0.5,45,2.5444444444444443,114.5,2.533333333333333,114.0,0.011111111111111072,0.5
qwen25_15b,7,msc_valid,18,lexical_tfidf,0.5,45,2.6777777777777776,120.5,2.533333333333333,114.0,0.14444444444444438,6.5
qwen25_15b,7,msc_valid,18,recency_keep_compress_drop,0.5,45,2.5555555555555554,115.0,2.533333333333333,114.0,0.022222222222222143,1.0
qwen25_15b,7,msc_valid,22,uniform,0.2,26,2.9615384615384617,77.0,2.5961538461538463,67.5,0.3653846153846154,9.5
qwen25_15b,7,msc_valid,22,longllmlingua,0.2,26,2.9038461538461537,75.5,2.5961538461538463,67.5,0.3076923076923075,8.0
qwen25_15b,7,msc_valid,22,recency,0.2,26,2.9038461538461537,75.5,2.5961538461538463,67.5,0.3076923076923075,8.0
qwen25_15b,7,msc_valid,22,lexical_tfidf,0.2,26,2.8846153846153846,75.0,2.5961538461538463,67.5,0.2884615384615383,7.5
qwen25_15b,7,msc_valid,22,recency_keep_compress_drop,0.2,26,2.9615384615384617,77.0,2.5961538461538463,67.5,0.3653846153846154,9.5
qwen25_15b,7,msc_valid,22,uniform,0.35,26,2.8076923076923075,73.0,2.5961538461538463,67.5,0.21153846153846123,5.5
qwen25_15b,7,msc_valid,22,longllmlingua,0.35,26,2.8653846153846154,74.5,2.5961538461538463,67.5,0.26923076923076916,7.0
qwen25_15b,7,msc_valid,22,recency,0.35,26,2.9423076923076925,76.5,2.5961538461538463,67.5,0.34615384615384626,9.0
qwen25_15b,7,msc_valid,22,lexical_tfidf,0.35,26,2.75,71.5,2.5961538461538463,67.5,0.15384615384615374,4.0
qwen25_15b,7,msc_valid,22,recency_keep_compress_drop,0.35,26,2.7115384615384617,70.5,2.5961538461538463,67.5,0.11538461538461542,3.0
qwen25_15b,7,msc_valid,22,uniform,0.5,26,2.730769230769231,71.0,2.5961538461538463,67.5,0.13461538461538458,3.5
qwen25_15b,7,msc_valid,22,longllmlingua,0.5,26,2.7884615384615383,72.5,2.5961538461538463,67.5,0.19230769230769207,5.0
qwen25_15b,7,msc_valid,22,recency,0.5,26,2.8461538461538463,74.0,2.5961538461538463,67.5,0.25,6.5
qwen25_15b,7,msc_valid,22,lexical_tfidf,0.5,26,2.7884615384615383,72.5,2.5961538461538463,67.5,0.19230769230769207,5.0
qwen25_15b,7,msc_valid,22,recency_keep_compress_drop,0.5,26,2.673076923076923,69.5,2.5961538461538463,67.5,0.07692307692307665,2.0
qwen25_15b,7,msc_valid,26,uniform,0.2,27,3.2962962962962963,89.0,3.2962962962962963,89.0,0.0,0.0
qwen25_15b,7,msc_valid,26,longllmlingua,0.2,27,3.388888888888889,91.5,3.2962962962962963,89.0,0.09259259259259256,2.5
qwen25_15b,7,msc_valid,26,recency,0.2,27,3.240740740740741,87.5,3.2962962962962963,89.0,-0.05555555555555536,-1.5
qwen25_15b,7,msc_valid,26,lexical_tfidf,0.2,27,3.2777777777777777,88.5,3.2962962962962963,89.0,-0.0185185185185186,-0.5
qwen25_15b,7,msc_valid,26,recency_keep_compress_drop,0.2,27,3.259259259259259,88.0,3.2962962962962963,89.0,-0.0370370370370372,-1.0
qwen25_15b,7,msc_valid,26,uniform,0.35,27,3.111111111111111,84.0,3.2962962962962963,89.0,-0.18518518518518512,-5.0
qwen25_15b,7,msc_valid,26,longllmlingua,0.35,27,3.4074074074074074,92.0,3.2962962962962963,89.0,0.11111111111111116,3.0
qwen25_15b,7,msc_valid,26,recency,0.35,27,3.2222222222222223,87.0,3.2962962962962963,89.0,-0.07407407407407396,-2.0
qwen25_15b,7,msc_valid,26,lexical_tfidf,0.35,27,3.240740740740741,87.5,3.2962962962962963,89.0,-0.05555555555555536,-1.5
qwen25_15b,7,msc_valid,26,recency_keep_compress_drop,0.35,27,3.185185185185185,86.0,3.2962962962962963,89.0,-0.11111111111111116,-3.0
qwen25_15b,7,msc_valid,26,uniform,0.5,27,3.1481481481481484,85.0,3.2962962962962963,89.0,-0.14814814814814792,-4.0
qwen25_15b,7,msc_valid,26,longllmlingua,0.5,27,3.388888888888889,91.5,3.2962962962962963,89.0,0.09259259259259256,2.5
qwen25_15b,7,msc_valid,26,recency,0.5,27,3.185185185185185,86.0,3.2962962962962963,89.0,-0.11111111111111116,-3.0
qwen25_15b,7,msc_valid,26,lexical_tfidf,0.5,27,3.185185185185185,86.0,3.2962962962962963,89.0,-0.11111111111111116,-3.0
qwen25_15b,7,msc_valid,26,recency_keep_compress_drop,0.5,27,3.185185185185185,86.0,3.2962962962962963,89.0,-0.11111111111111116,-3.0
qwen25_15b,7,msc_valid,30,uniform,0.2,26,2.576923076923077,67.0,2.451923076923077,63.75,0.125,3.25
qwen25_15b,7,msc_valid,30,longllmlingua,0.2,26,2.75,71.5,2.451923076923077,63.75,0.2980769230769229,7.75
qwen25_15b,7,msc_valid,30,recency,0.2,26,2.3653846153846154,61.5,2.451923076923077,63.75,-0.08653846153846168,-2.25
qwen25_15b,7,msc_valid,30,lexical_tfidf,0.2,26,2.576923076923077,67.0,2.451923076923077,63.75,0.125,3.25
qwen25_15b,7,msc_valid,30,recency_keep_compress_drop,0.2,26,2.423076923076923,63.0,2.451923076923077,63.75,-0.028846153846154188,-0.75
qwen25_15b,7,msc_valid,30,uniform,0.35,26,2.576923076923077,67.0,2.451923076923077,63.75,0.125,3.25
qwen25_15b,7,msc_valid,30,longllmlingua,0.35,26,2.730769230769231,71.0,2.451923076923077,63.75,0.27884615384615374,7.25
qwen25_15b,7,msc_valid,30,recency,0.35,26,2.3846153846153846,62.0,2.451923076923077,63.75,-0.06730769230769251,-1.75
qwen25_15b,7,msc_valid,30,lexical_tfidf,0.35,26,2.451923076923077,63.75,2.451923076923077,63.75,0.0,0.0
qwen25_15b,7,msc_valid,30,recency_keep_compress_drop,0.35,26,2.4615384615384617,64.0,2.451923076923077,63.75,0.009615384615384581,0.25
qwen25_15b,7,msc_valid,30,uniform,0.5,26,2.519230769230769,65.5,2.451923076923077,63.75,0.06730769230769207,1.75
qwen25_15b,7,msc_valid,30,longllmlingua,0.5,26,2.5961538461538463,67.5,2.451923076923077,63.75,0.14423076923076916,3.75
qwen25_15b,7,msc_valid,30,recency,0.5,26,2.3846153846153846,62.0,2.451923076923077,63.75,-0.06730769230769251,-1.75
qwen25_15b,7,msc_valid,30,lexical_tfidf,0.5,26,2.576923076923077,67.0,2.451923076923077,63.75,0.125,3.25
qwen25_15b,7,msc_valid,30,recency_keep_compress_drop,0.5,26,2.5,65.0,2.451923076923077,63.75,0.048076923076922906,1.25
qwen25_15b,7,msc_valid,34,uniform,0.2,20,1.85,37.0,1.675,33.5,0.17500000000000004,3.5
qwen25_15b,7,msc_valid,34,longllmlingua,0.2,20,1.8125,36.25,1.675,33.5,0.13749999999999996,2.75
qwen25_15b,7,msc_valid,34,recency,0.2,20,1.8625,37.25,1.675,33.5,0.1875,3.75
qwen25_15b,7,msc_valid,34,lexical_tfidf,0.2,20,1.8875,37.75,1.675,33.5,0.2124999999999999,4.25
qwen25_15b,7,msc_valid,34,recency_keep_compress_drop,0.2,20,1.8,36.0,1.675,33.5,0.125,2.5
qwen25_15b,7,msc_valid,34,uniform,0.35,20,1.75,35.0,1.675,33.5,0.07499999999999996,1.5
qwen25_15b,7,msc_valid,34,longllmlingua,0.35,20,1.9,38.0,1.675,33.5,0.22499999999999987,4.5
qwen25_15b,7,msc_valid,34,recency,0.35,20,1.725,34.5,1.675,33.5,0.050000000000000044,1.0
qwen25_15b,7,msc_valid,34,lexical_tfidf,0.35,20,1.7625,35.25,1.675,33.5,0.08749999999999991,1.75
qwen25_15b,7,msc_valid,34,recency_keep_compress_drop,0.35,20,1.7125,34.25,1.675,33.5,0.03749999999999987,0.75
qwen25_15b,7,msc_valid,34,uniform,0.5,20,1.65,33.0,1.675,33.5,-0.025000000000000133,-0.5
qwen25_15b,7,msc_valid,34,longllmlingua,0.5,20,1.7375,34.75,1.675,33.5,0.0625,1.25
qwen25_15b,7,msc_valid,34,recency,0.5,20,1.6875,33.75,1.675,33.5,0.012499999999999956,0.25
qwen25_15b,7,msc_valid,34,lexical_tfidf,0.5,20,1.6375,32.75,1.675,33.5,-0.03750000000000009,-0.75
qwen25_15b,7,msc_valid,34,recency_keep_compress_drop,0.5,20,1.6625,33.25,1.675,33.5,-0.012499999999999956,-0.25
qwen25_15b,7,msc_valid,38,uniform,0.2,31,2.2903225806451615,71.0,2.0,62.0,0.2903225806451615,9.0
qwen25_15b,7,msc_valid,38,longllmlingua,0.2,31,2.161290322580645,67.0,2.0,62.0,0.16129032258064502,5.0
qwen25_15b,7,msc_valid,38,recency,0.2,31,2.6129032258064515,81.0,2.0,62.0,0.6129032258064515,19.0
qwen25_15b,7,msc_valid,38,lexical_tfidf,0.2,31,2.467741935483871,76.5,2.0,62.0,0.467741935483871,14.5
qwen25_15b,7,msc_valid,38,recency_keep_compress_drop,0.2,31,2.056451612903226,63.75,2.0,62.0,0.05645161290322598,1.75
qwen25_15b,7,msc_valid,38,uniform,0.35,31,2.193548387096774,68.0,2.0,62.0,0.19354838709677402,6.0
qwen25_15b,7,msc_valid,38,longllmlingua,0.35,31,2.225806451612903,69.0,2.0,62.0,0.22580645161290303,7.0
qwen25_15b,7,msc_valid,38,recency,0.35,31,2.064516129032258,64.0,2.0,62.0,0.06451612903225801,2.0
qwen25_15b,7,msc_valid,38,lexical_tfidf,0.35,31,2.161290322580645,67.0,2.0,62.0,0.16129032258064502,5.0
qwen25_15b,7,msc_valid,38,recency_keep_compress_drop,0.35,31,2.056451612903226,63.75,2.0,62.0,0.05645161290322598,1.75
qwen25_15b,7,msc_valid,38,uniform,0.5,31,2.0806451612903225,64.5,2.0,62.0,0.08064516129032251,2.5
qwen25_15b,7,msc_valid,38,longllmlingua,0.5,31,2.161290322580645,67.0,2.0,62.0,0.16129032258064502,5.0
qwen25_15b,7,msc_valid,38,recency,0.5,31,2.0806451612903225,64.5,2.0,62.0,0.08064516129032251,2.5
qwen25_15b,7,msc_valid,38,lexical_tfidf,0.5,31,2.129032258064516,66.0,2.0,62.0,0.12903225806451601,4.0
qwen25_15b,7,msc_valid,38,recency_keep_compress_drop,0.5,31,2.0161290322580645,62.5,2.0,62.0,0.016129032258064502,0.5
qwen25_15b,7,msc_valid,42,uniform,0.2,32,2.5625,82.0,0.0,0.0,2.5625,82.0
qwen25_15b,7,msc_valid,42,longllmlingua,0.2,32,2.5,80.0,0.0,0.0,2.5,80.0
qwen25_15b,7,msc_valid,42,recency,0.2,32,2.65625,85.0,0.0,0.0,2.65625,85.0
qwen25_15b,7,msc_valid,42,lexical_tfidf,0.2,32,2.6875,86.0,0.0,0.0,2.6875,86.0
qwen25_15b,7,msc_valid,42,recency_keep_compress_drop,0.2,32,2.5,80.0,0.0,0.0,2.5,80.0
qwen25_15b,7,msc_valid,42,uniform,0.35,32,2.59375,83.0,0.0,0.0,2.59375,83.0
qwen25_15b,7,msc_valid,42,longllmlingua,0.35,32,2.515625,80.5,0.0,0.0,2.515625,80.5
qwen25_15b,7,msc_valid,42,recency,0.35,32,2.484375,79.5,0.0,0.0,2.484375,79.5
qwen25_15b,7,msc_valid,42,lexical_tfidf,0.35,32,2.625,84.0,0.0,0.0,2.625,84.0
qwen25_15b,7,msc_valid,42,recency_keep_compress_drop,0.35,32,2.515625,80.5,0.0,0.0,2.515625,80.5
qwen25_15b,7,msc_valid,42,uniform,0.5,32,2.515625,80.5,0.0,0.0,2.515625,80.5
qwen25_15b,7,msc_valid,42,longllmlingua,0.5,32,2.453125,78.5,0.0,0.0,2.453125,78.5
qwen25_15b,7,msc_valid,42,recency,0.5,32,2.5625,82.0,0.0,0.0,2.5625,82.0
qwen25_15b,7,msc_valid,42,lexical_tfidf,0.5,32,2.640625,84.5,0.0,0.0,2.640625,84.5
qwen25_15b,7,msc_valid,42,recency_keep_compress_drop,0.5,32,2.59375,83.0,0.0,0.0,2.59375,83.0
qwen25_15b,7,msc_valid,46,uniform,0.2,39,2.8846153846153846,112.5,0.0,0.0,2.8846153846153846,112.5
qwen25_15b,7,msc_valid,46,longllmlingua,0.2,39,2.8974358974358974,113.0,0.0,0.0,2.8974358974358974,113.0
qwen25_15b,7,msc_valid,46,recency,0.2,39,2.923076923076923,114.0,0.0,0.0,2.923076923076923,114.0
qwen25_15b,7,msc_valid,46,lexical_tfidf,0.2,39,3.0,117.0,0.0,0.0,3.0,117.0
qwen25_15b,7,msc_valid,46,recency_keep_compress_drop,0.2,39,2.858974358974359,111.5,0.0,0.0,2.858974358974359,111.5
qwen25_15b,7,msc_valid,46,uniform,0.35,39,2.9358974358974357,114.5,0.0,0.0,2.9358974358974357,114.5
qwen25_15b,7,msc_valid,46,longllmlingua,0.35,39,2.858974358974359,111.5,0.0,0.0,2.858974358974359,111.5
qwen25_15b,7,msc_valid,46,recency,0.35,39,2.8461538461538463,111.0,0.0,0.0,2.8461538461538463,111.0
qwen25_15b,7,msc_valid,46,lexical_tfidf,0.35,39,2.9358974358974357,114.5,0.0,0.0,2.9358974358974357,114.5
qwen25_15b,7,msc_valid,46,recency_keep_compress_drop,0.35,39,2.730769230769231,106.5,0.0,0.0,2.730769230769231,106.5
qwen25_15b,7,msc_valid,46,uniform,0.5,39,2.8461538461538463,111.0,0.0,0.0,2.8461538461538463,111.0
qwen25_15b,7,msc_valid,46,longllmlingua,0.5,39,2.8333333333333335,110.5,0.0,0.0,2.8333333333333335,110.5
qwen25_15b,7,msc_valid,46,recency,0.5,39,2.6923076923076925,105.0,0.0,0.0,2.6923076923076925,105.0
qwen25_15b,7,msc_valid,46,lexical_tfidf,0.5,39,2.8974358974358974,113.0,0.0,0.0,2.8974358974358974,113.0
qwen25_15b,7,msc_valid,46,recency_keep_compress_drop,0.5,39,2.717948717948718,106.0,0.0,0.0,2.717948717948718,106.0
qwen25_15b,7,msc_valid,48,uniform,0.2,31,3.3870967741935485,105.0,0.0,0.0,3.3870967741935485,105.0
qwen25_15b,7,msc_valid,48,longllmlingua,0.2,31,3.661290322580645,113.5,0.0,0.0,3.661290322580645,113.5
qwen25_15b,7,msc_valid,48,recency,0.2,31,3.4838709677419355,108.0,0.0,0.0,3.4838709677419355,108.0
qwen25_15b,7,msc_valid,48,lexical_tfidf,0.2,31,3.3548387096774195,104.0,0.0,0.0,3.3548387096774195,104.0
qwen25_15b,7,msc_valid,48,recency_keep_compress_drop,0.2,31,3.3870967741935485,105.0,0.0,0.0,3.3870967741935485,105.0
qwen25_15b,7,msc_valid,48,uniform,0.35,31,3.403225806451613,105.5,0.0,0.0,3.403225806451613,105.5
qwen25_15b,7,msc_valid,48,longllmlingua,0.35,31,3.6129032258064515,112.0,0.0,0.0,3.6129032258064515,112.0
qwen25_15b,7,msc_valid,48,recency,0.35,31,3.3225806451612905,103.0,0.0,0.0,3.3225806451612905,103.0
qwen25_15b,7,msc_valid,48,lexical_tfidf,0.35,31,3.3225806451612905,103.0,0.0,0.0,3.3225806451612905,103.0
qwen25_15b,7,msc_valid,48,recency_keep_compress_drop,0.35,31,3.306451612903226,102.5,0.0,0.0,3.306451612903226,102.5
qwen25_15b,7,msc_valid,48,uniform,0.5,31,3.306451612903226,102.5,0.0,0.0,3.306451612903226,102.5
qwen25_15b,7,msc_valid,48,longllmlingua,0.5,31,3.5,108.5,0.0,0.0,3.5,108.5
qwen25_15b,7,msc_valid,48,recency,0.5,31,3.3870967741935485,105.0,0.0,0.0,3.3870967741935485,105.0
qwen25_15b,7,msc_valid,48,lexical_tfidf,0.5,31,3.274193548387097,101.5,0.0,0.0,3.274193548387097,101.5
qwen25_15b,7,msc_valid,48,recency_keep_compress_drop,0.5,31,3.306451612903226,102.5,0.0,0.0,3.306451612903226,102.5
qwen25_15b,7,msc_valid,52,uniform,0.2,37,2.7972972972972974,103.5,0.0,0.0,2.7972972972972974,103.5
qwen25_15b,7,msc_valid,52,longllmlingua,0.2,37,2.72972972972973,101.0,0.0,0.0,2.72972972972973,101.0
qwen25_15b,7,msc_valid,52,recency,0.2,37,2.7162162162162162,100.5,0.0,0.0,2.7162162162162162,100.5
qwen25_15b,7,msc_valid,52,lexical_tfidf,0.2,37,2.635135135135135,97.5,0.0,0.0,2.635135135135135,97.5
qwen25_15b,7,msc_valid,52,recency_keep_compress_drop,0.2,37,2.6621621621621623,98.5,0.0,0.0,2.6621621621621623,98.5
qwen25_15b,7,msc_valid,52,uniform,0.35,37,2.689189189189189,99.5,0.0,0.0,2.689189189189189,99.5
qwen25_15b,7,msc_valid,52,longllmlingua,0.35,37,2.7027027027027026,100.0,0.0,0.0,2.7027027027027026,100.0
qwen25_15b,7,msc_valid,52,recency,0.35,37,2.6486486486486487,98.0,0.0,0.0,2.6486486486486487,98.0
qwen25_15b,7,msc_valid,52,lexical_tfidf,0.35,37,2.581081081081081,95.5,0.0,0.0,2.581081081081081,95.5
qwen25_15b,7,msc_valid,52,recency_keep_compress_drop,0.35,37,2.5405405405405403,94.0,0.0,0.0,2.5405405405405403,94.0
qwen25_15b,7,msc_valid,52,uniform,0.5,37,2.5945945945945947,96.0,0.0,0.0,2.5945945945945947,96.0
qwen25_15b,7,msc_valid,52,longllmlingua,0.5,37,2.689189189189189,99.5,0.0,0.0,2.689189189189189,99.5
qwen25_15b,7,msc_valid,52,recency,0.5,24,3.125,75.0,0.0,0.0,3.125,75.0
qwen25_15b,7,msc_valid,52,lexical_tfidf,0.5,28,2.9285714285714284,82.0,0.0,0.0,2.9285714285714284,82.0
qwen25_15b,7,msc_valid,52,recency_keep_compress_drop,0.5,21,3.0476190476190474,64.0,0.0,0.0,3.0476190476190474,64.0
qwen25_15b,7,msc_valid,56,uniform,0.2,43,3.2790697674418605,141.0,0.0,0.0,3.2790697674418605,141.0
qwen25_15b,7,msc_valid,56,longllmlingua,0.2,43,3.4186046511627906,147.0,0.0,0.0,3.4186046511627906,147.0
qwen25_15b,7,msc_valid,56,recency,0.2,43,3.0697674418604652,132.0,0.0,0.0,3.0697674418604652,132.0
qwen25_15b,7,msc_valid,56,lexical_tfidf,0.2,43,3.0930232558139537,133.0,0.0,0.0,3.0930232558139537,133.0
qwen25_15b,7,msc_valid,56,recency_keep_compress_drop,0.2,43,3.116279069767442,134.0,0.0,0.0,3.116279069767442,134.0
qwen25_15b,7,msc_valid,56,uniform,0.35,43,3.2093023255813953,138.0,0.0,0.0,3.2093023255813953,138.0
qwen25_15b,7,msc_valid,56,longllmlingua,0.35,43,3.4186046511627906,147.0,0.0,0.0,3.4186046511627906,147.0
qwen25_15b,7,msc_valid,56,recency,0.35,43,3.0697674418604652,132.0,0.0,0.0,3.0697674418604652,132.0
qwen25_15b,7,msc_valid,56,lexical_tfidf,0.35,43,3.0930232558139537,133.0,0.0,0.0,3.0930232558139537,133.0
qwen25_15b,7,msc_valid,56,recency_keep_compress_drop,0.35,43,3.0697674418604652,132.0,0.0,0.0,3.0697674418604652,132.0
qwen25_15b,7,msc_valid,56,uniform,0.5,43,3.1627906976744184,136.0,0.0,0.0,3.1627906976744184,136.0
qwen25_15b,7,msc_valid,56,longllmlingua,0.5,43,3.4186046511627906,147.0,0.0,0.0,3.4186046511627906,147.0
qwen25_15b,7,msc_valid,56,recency,0.5,0,0.0,0.0,0.0,0.0,0.0,0.0
qwen25_15b,7,msc_valid,56,lexical_tfidf,0.5,0,0.0,0.0,0.0,0.0,0.0,0.0
qwen25_15b,7,msc_valid,56,recency_keep_compress_drop,0.5,0,0.0,0.0,0.0,0.0,0.0,0.0
qwen25_15b,7,msc_valid,60,uniform,0.2,24,2.6666666666666665,64.0,0.0,0.0,2.6666666666666665,64.0
qwen25_15b,7,msc_valid,60,longllmlingua,0.2,24,2.9166666666666665,70.0,0.0,0.0,2.9166666666666665,70.0
qwen25_15b,7,msc_valid,60,recency,0.2,24,2.4375,58.5,0.0,0.0,2.4375,58.5
qwen25_15b,7,msc_valid,60,lexical_tfidf,0.2,24,2.40625,57.75,0.0,0.0,2.40625,57.75
qwen25_15b,7,msc_valid,60,recency_keep_compress_drop,0.2,24,2.4375,58.5,0.0,0.0,2.4375,58.5
qwen25_15b,7,msc_valid,60,uniform,0.35,24,2.5625,61.5,0.0,0.0,2.5625,61.5
qwen25_15b,7,msc_valid,60,longllmlingua,0.35,24,2.875,69.0,0.0,0.0,2.875,69.0
qwen25_15b,7,msc_valid,60,recency,0.35,0,0.0,0.0,0.0,0.0,0.0,0.0
qwen25_15b,7,msc_valid,60,lexical_tfidf,0.35,0,0.0,0.0,0.0,0.0,0.0,0.0
qwen25_15b,7,msc_valid,60,recency_keep_compress_drop,0.35,0,0.0,0.0,0.0,0.0,0.0,0.0
qwen25_15b,7,msc_valid,60,uniform,0.5,24,2.625,63.0,0.0,0.0,2.625,63.0
qwen25_15b,7,msc_valid,60,longllmlingua,0.5,24,2.7916666666666665,67.0,0.0,0.0,2.7916666666666665,67.0
qwen25_15b,7,msc_valid,60,recency,0.5,0,0.0,0.0,0.0,0.0,0.0,0.0
qwen25_15b,7,msc_valid,60,lexical_tfidf,0.5,0,0.0,0.0,0.0,0.0,0.0,0.0
qwen25_15b,7,msc_valid,60,recency_keep_compress_drop,0.5,0,0.0,0.0,0.0,0.0,0.0,0.0
qwen25_15b,15,msc_valid,4,uniform,0.2,15,3.6666666666666665,55.0,3.4,51.0,0.2666666666666666,4.0
qwen25_15b,15,msc_valid,4,longllmlingua,0.2,15,3.3,49.5,3.4,51.0,-0.10000000000000009,-1.5
qwen25_15b,15,msc_valid,4,recency,0.2,15,3.6666666666666665,55.0,3.4,51.0,0.2666666666666666,4.0
qwen25_15b,15,msc_valid,4,lexical_tfidf,0.2,15,3.6666666666666665,55.0,3.4,51.0,0.2666666666666666,4.0
qwen25_15b,15,msc_valid,4,recency_keep_compress_drop,0.2,15,3.6666666666666665,55.0,3.4,51.0,0.2666666666666666,4.0
qwen25_15b,15,msc_valid,4,uniform,0.35,15,3.6333333333333333,54.5,3.4,51.0,0.2333333333333334,3.5
qwen25_15b,15,msc_valid,4,longllmlingua,0.35,15,3.25,48.75,3.4,51.0,-0.1499999999999999,-2.25
qwen25_15b,15,msc_valid,4,recency,0.35,15,3.6333333333333333,54.5,3.4,51.0,0.2333333333333334,3.5
qwen25_15b,15,msc_valid,4,lexical_tfidf,0.35,15,3.6333333333333333,54.5,3.4,51.0,0.2333333333333334,3.5
qwen25_15b,15,msc_valid,4,recency_keep_compress_drop,0.35,15,3.6333333333333333,54.5,3.4,51.0,0.2333333333333334,3.5
qwen25_15b,15,msc_valid,4,uniform,0.5,15,3.6333333333333333,54.5,3.4,51.0,0.2333333333333334,3.5
qwen25_15b,15,msc_valid,4,longllmlingua,0.5,15,3.2666666666666666,49.0,3.4,51.0,-0.1333333333333333,-2.0
qwen25_15b,15,msc_valid,4,recency,0.5,15,3.6333333333333333,54.5,3.4,51.0,0.2333333333333334,3.5
qwen25_15b,15,msc_valid,4,lexical_tfidf,0.5,15,3.6333333333333333,54.5,3.4,51.0,0.2333333333333334,3.5
qwen25_15b,15,msc_valid,4,recency_keep_compress_drop,0.5,15,3.6333333333333333,54.5,3.4,51.0,0.2333333333333334,3.5
qwen25_15b,15,msc_valid,8,uniform,0.2,11,2.5454545454545454,28.0,2.0795454545454546,22.875,0.46590909090909083,5.125
qwen25_15b,15,msc_valid,8,longllmlingua,0.2,11,2.375,26.125,2.0795454545454546,22.875,0.2954545454545454,3.25
qwen25_15b,15,msc_valid,8,recency,0.2,11,2.534090909090909,27.875,2.0795454545454546,22.875,0.4545454545454546,5.0
qwen25_15b,15,msc_valid,8,lexical_tfidf,0.2,11,2.7954545454545454,30.75,2.0795454545454546,22.875,0.7159090909090908,7.875
qwen25_15b,15,msc_valid,8,recency_keep_compress_drop,0.2,11,2.534090909090909,27.875,2.0795454545454546,22.875,0.4545454545454546,5.0
qwen25_15b,15,msc_valid,8,uniform,0.35,11,2.75,30.25,2.0795454545454546,22.875,0.6704545454545454,7.375
qwen25_15b,15,msc_valid,8,longllmlingua,0.35,11,2.3068181818181817,25.375,2.0795454545454546,22.875,0.22727272727272707,2.5
qwen25_15b,15,msc_valid,8,recency,0.35,11,2.477272727272727,27.25,2.0795454545454546,22.875,0.3977272727272725,4.375
qwen25_15b,15,msc_valid,8,lexical_tfidf,0.35,11,2.6363636363636362,29.0,2.0795454545454546,22.875,0.5568181818181817,6.125
qwen25_15b,15,msc_valid,8,recency_keep_compress_drop,0.35,11,2.4545454545454546,27.0,2.0795454545454546,22.875,0.375,4.125
qwen25_15b,15,msc_valid,8,uniform,0.5,11,2.4204545454545454,26.625,2.0795454545454546,22.875,0.34090909090909083,3.75
qwen25_15b,15,msc_valid,8,longllmlingua,0.5,11,2.25,24.75,2.0795454545454546,22.875,0.17045454545454541,1.875
qwen25_15b,15,msc_valid,8,recency,0.5,11,2.3181818181818183,25.5,2.0795454545454546,22.875,0.23863636363636376,2.625
qwen25_15b,15,msc_valid,8,lexical_tfidf,0.5,11,2.477272727272727,27.25,2.0795454545454546,22.875,0.3977272727272725,4.375
qwen25_15b,15,msc_valid,8,recency_keep_compress_drop,0.5,11,2.227272727272727,24.5,2.0795454545454546,22.875,0.14772727272727249,1.625
qwen25_15b,15,msc_valid,12,uniform,0.2,16,3.28125,52.5,2.5625,41.0,0.71875,11.5
qwen25_15b,15,msc_valid,12,longllmlingua,0.2,16,2.703125,43.25,2.5625,41.0,0.140625,2.25
qwen25_15b,15,msc_valid,12,recency,0.2,16,2.890625,46.25,2.5625,41.0,0.328125,5.25
qwen25_15b,15,msc_valid,12,lexical_tfidf,0.2,16,3.109375,49.75,2.5625,41.0,0.546875,8.75
qwen25_15b,15,msc_valid,12,recency_keep_compress_drop,0.2,16,2.890625,46.25,2.5625,41.0,0.328125,5.25
qwen25_15b,15,msc_valid,12,uniform,0.35,16,3.0625,49.0,2.5625,41.0,0.5,8.0
qwen25_15b,15,msc_valid,12,longllmlingua,0.35,16,2.5625,41.0,2.5625,41.0,0.0,0.0
qwen25_15b,15,msc_valid,12,recency,0.35,16,2.578125,41.25,2.5625,41.0,0.015625,0.25
qwen25_15b,15,msc_valid,12,lexical_tfidf,0.35,16,3.140625,50.25,2.5625,41.0,0.578125,9.25
qwen25_15b,15,msc_valid,12,recency_keep_compress_drop,0.35,16,2.6875,43.0,2.5625,41.0,0.125,2.0
qwen25_15b,15,msc_valid,12,uniform,0.5,16,2.921875,46.75,2.5625,41.0,0.359375,5.75
qwen25_15b,15,msc_valid,12,longllmlingua,0.5,16,2.59375,41.5,2.5625,41.0,0.03125,0.5
qwen25_15b,15,msc_valid,12,recency,0.5,16,2.546875,40.75,2.5625,41.0,-0.015625,-0.25
qwen25_15b,15,msc_valid,12,lexical_tfidf,0.5,16,2.65625,42.5,2.5625,41.0,0.09375,1.5
qwen25_15b,15,msc_valid,12,recency_keep_compress_drop,0.5,16,2.65625,42.5,2.5625,41.0,0.09375,1.5
qwen25_15b,15,msc_valid,14,uniform,0.2,13,4.346153846153846,56.5,3.5961538461538463,46.75,0.7499999999999996,9.75
qwen25_15b,15,msc_valid,14,longllmlingua,0.2,13,3.673076923076923,47.75,3.5961538461538463,46.75,0.07692307692307665,1.0
qwen25_15b,15,msc_valid,14,recency,0.2,13,4.3076923076923075,56.0,3.5961538461538463,46.75,0.7115384615384612,9.25
qwen25_15b,15,msc_valid,14,lexical_tfidf,0.2,13,4.3076923076923075,56.0,3.5961538461538463,46.75,0.7115384615384612,9.25
qwen25_15b,15,msc_valid,14,recency_keep_compress_drop,0.2,13,4.3076923076923075,56.0,3.5961538461538463,46.75,0.7115384615384612,9.25
qwen25_15b,15,msc_valid,14,uniform,0.35,13,4.038461538461538,52.5,3.5961538461538463,46.75,0.44230769230769207,5.75
qwen25_15b,15,msc_valid,14,longllmlingua,0.35,13,3.7115384615384617,48.25,3.5961538461538463,46.75,0.11538461538461542,1.5
qwen25_15b,15,msc_valid,14,recency,0.35,13,4.134615384615385,53.75,3.5961538461538463,46.75,0.5384615384615388,7.0
qwen25_15b,15,msc_valid,14,lexical_tfidf,0.35,13,4.019230769230769,52.25,3.5961538461538463,46.75,0.4230769230769229,5.5
qwen25_15b,15,msc_valid,14,recency_keep_compress_drop,0.35,13,4.326923076923077,56.25,3.5961538461538463,46.75,0.7307692307692304,9.5
qwen25_15b,15,msc_valid,14,uniform,0.5,13,3.576923076923077,46.5,3.5961538461538463,46.75,-0.019230769230769162,-0.25
qwen25_15b,15,msc_valid,14,longllmlingua,0.5,13,3.8076923076923075,49.5,3.5961538461538463,46.75,0.21153846153846123,2.75
qwen25_15b,15,msc_valid,14,recency,0.5,13,4.346153846153846,56.5,3.5961538461538463,46.75,0.7499999999999996,9.75
qwen25_15b,15,msc_valid,14,lexical_tfidf,0.5,13,3.9423076923076925,51.25,3.5961538461538463,46.75,0.34615384615384626,4.5
qwen25_15b,15,msc_valid,14,recency_keep_compress_drop,0.5,13,3.7115384615384617,48.25,3.5961538461538463,46.75,0.11538461538461542,1.5
qwen25_15b,15,msc_valid,18,uniform,0.2,14,2.9285714285714284,41.0,2.767857142857143,38.75,0.1607142857142856,2.25
qwen25_15b,15,msc_valid,18,longllmlingua,0.2,14,2.517857142857143,35.25,2.767857142857143,38.75,-0.25,-3.5
qwen25_15b,15,msc_valid,18,recency,0.2,14,2.8214285714285716,39.5,2.767857142857143,38.75,0.053571428571428825,0.75
qwen25_15b,15,msc_valid,18,lexical_tfidf,0.2,14,3.0535714285714284,42.75,2.767857142857143,38.75,0.2857142857142856,4.0
qwen25_15b,15,msc_valid,18,recency_keep_compress_drop,0.2,14,2.767857142857143,38.75,2.767857142857143,38.75,0.0,0.0
qwen25_15b,15,msc_valid,18,uniform,0.35,14,2.7857142857142856,39.0,2.767857142857143,38.75,0.017857142857142794,0.25
qwen25_15b,15,msc_valid,18,longllmlingua,0.35,14,2.5892857142857144,36.25,2.767857142857143,38.75,-0.17857142857142838,-2.5
qwen25_15b,15,msc_valid,18,recency,0.35,14,2.732142857142857,38.25,2.767857142857143,38.75,-0.03571428571428559,-0.5
qwen25_15b,15,msc_valid,18,lexical_tfidf,0.35,14,2.892857142857143,40.5,2.767857142857143,38.75,0.125,1.75
qwen25_15b,15,msc_valid,18,recency_keep_compress_drop,0.35,14,2.6785714285714284,37.5,2.767857142857143,38.75,-0.08928571428571441,-1.25
qwen25_15b,15,msc_valid,18,uniform,0.5,14,2.8392857142857144,39.75,2.767857142857143,38.75,0.07142857142857162,1.0
qwen25_15b,15,msc_valid,18,longllmlingua,0.5,14,2.732142857142857,38.25,2.767857142857143,38.75,-0.03571428571428559,-0.5
qwen25_15b,15,msc_valid,18,recency,0.5,14,2.6964285714285716,37.75,2.767857142857143,38.75,-0.07142857142857117,-1.0
qwen25_15b,15,msc_valid,18,lexical_tfidf,0.5,14,2.7857142857142856,39.0,2.767857142857143,38.75,0.017857142857142794,0.25
qwen25_15b,15,msc_valid,18,recency_keep_compress_drop,0.5,14,2.6607142857142856,37.25,2.767857142857143,38.75,-0.1071428571428572,-1.5
qwen25_15b,15,msc_valid,22,uniform,0.2,19,3.0789473684210527,58.5,3.0526315789473686,58.0,0.02631578947368407,0.5
qwen25_15b,15,msc_valid,22,longllmlingua,0.2,19,3.1184210526315788,59.25,3.0526315789473686,58.0,0.06578947368421018,1.25
qwen25_15b,15,msc_valid,22,recency,0.2,19,3.1842105263157894,60.5,3.0526315789473686,58.0,0.1315789473684208,2.5
qwen25_15b,15,msc_valid,22,lexical_tfidf,0.2,19,3.1710526315789473,60.25,3.0526315789473686,58.0,0.11842105263157876,2.25
qwen25_15b,15,msc_valid,22,recency_keep_compress_drop,0.2,19,3.1710526315789473,60.25,3.0526315789473686,58.0,0.11842105263157876,2.25
qwen25_15b,15,msc_valid,22,uniform,0.35,19,2.9473684210526314,56.0,3.0526315789473686,58.0,-0.10526315789473717,-2.0
qwen25_15b,15,msc_valid,22,longllmlingua,0.35,19,3.1315789473684212,59.5,3.0526315789473686,58.0,0.07894736842105265,1.5
qwen25_15b,15,msc_valid,22,recency,0.35,19,3.039473684210526,57.75,3.0526315789473686,58.0,-0.01315789473684248,-0.25
qwen25_15b,15,msc_valid,22,lexical_tfidf,0.35,19,3.1578947368421053,60.0,3.0526315789473686,58.0,0.10526315789473673,2.0
qwen25_15b,15,msc_valid,22,recency_keep_compress_drop,0.35,19,2.9473684210526314,56.0,3.0526315789473686,58.0,-0.10526315789473717,-2.0
qwen25_15b,15,msc_valid,22,uniform,0.5,19,3.013157894736842,57.25,3.0526315789473686,58.0,-0.03947368421052655,-0.75
qwen25_15b,15,msc_valid,22,longllmlingua,0.5,19,3.026315789473684,57.5,3.0526315789473686,58.0,-0.026315789473684514,-0.5
qwen25_15b,15,msc_valid,22,recency,0.5,19,3.1710526315789473,60.25,3.0526315789473686,58.0,0.11842105263157876,2.25
qwen25_15b,15,msc_valid,22,lexical_tfidf,0.5,19,3.25,61.75,3.0526315789473686,58.0,0.19736842105263142,3.75
qwen25_15b,15,msc_valid,22,recency_keep_compress_drop,0.5,19,2.9342105263157894,55.75,3.0526315789473686,58.0,-0.1184210526315792,-2.25
qwen25_15b,15,msc_valid,26,uniform,0.2,34,2.1323529411764706,72.5,1.8676470588235294,63.5,0.2647058823529411,9.0
qwen25_15b,15,msc_valid,26,longllmlingua,0.2,34,2.2941176470588234,78.0,1.8676470588235294,63.5,0.42647058823529393,14.5
qwen25_15b,15,msc_valid,26,recency,0.2,34,2.014705882352941,68.5,1.8676470588235294,63.5,0.1470588235294117,5.0
qwen25_15b,15,msc_valid,26,lexical_tfidf,0.2,34,2.161764705882353,73.5,1.8676470588235294,63.5,0.2941176470588234,10.0
qwen25_15b,15,msc_valid,26,recency_keep_compress_drop,0.2,34,2.014705882352941,68.5,1.8676470588235294,63.5,0.1470588235294117,5.0
qwen25_15b,15,msc_valid,26,uniform,0.35,34,2.073529411764706,70.5,1.8676470588235294,63.5,0.20588235294117663,7.0
qwen25_15b,15,msc_valid,26,longllmlingua,0.35,34,2.264705882352941,77.0,1.8676470588235294,63.5,0.3970588235294117,13.5
qwen25_15b,15,msc_valid,26,recency,0.35,34,1.9852941176470589,67.5,1.8676470588235294,63.5,0.11764705882352944,4.0
qwen25_15b,15,msc_valid,26,lexical_tfidf,0.35,34,2.088235294117647,71.0,1.8676470588235294,63.5,0.22058823529411775,7.5
qwen25_15b,15,msc_valid,26,recency_keep_compress_drop,0.35,34,1.9264705882352942,65.5,1.8676470588235294,63.5,0.05882352941176472,2.0
qwen25_15b,15,msc_valid,26,uniform,0.5,34,2.0294117647058822,69.0,1.8676470588235294,63.5,0.1617647058823528,5.5
qwen25_15b,15,msc_valid,26,longllmlingua,0.5,34,2.2058823529411766,75.0,1.8676470588235294,63.5,0.3382352941176472,11.5
qwen25_15b,15,msc_valid,26,recency,0.5,34,1.9264705882352942,65.5,1.8676470588235294,63.5,0.05882352941176472,2.0
qwen25_15b,15,msc_valid,26,lexical_tfidf,0.5,34,2.0441176470588234,69.5,1.8676470588235294,63.5,0.17647058823529393,6.0
qwen25_15b,15,msc_valid,26,recency_keep_compress_drop,0.5,34,1.911764705882353,65.0,1.8676470588235294,63.5,0.044117647058823595,1.5
qwen25_15b,15,msc_valid,30,uniform,0.2,20,2.8625,57.25,2.8,56.0,0.0625,1.25
qwen25_15b,15,msc_valid,30,longllmlingua,0.2,20,2.875,57.5,2.8,56.0,0.07500000000000018,1.5
qwen25_15b,15,msc_valid,30,recency,0.2,20,2.8625,57.25,2.8,56.0,0.0625,1.25
qwen25_15b,15,msc_valid,30,lexical_tfidf,0.2,20,2.9125,58.25,2.8,56.0,0.11250000000000027,2.25
qwen25_15b,15,msc_valid,30,recency_keep_compress_drop,0.2,20,2.8375,56.75,2.8,56.0,0.03750000000000009,0.75
qwen25_15b,15,msc_valid,30,uniform,0.35,20,2.8375,56.75,2.8,56.0,0.03750000000000009,0.75
qwen25_15b,15,msc_valid,30,longllmlingua,0.35,20,2.75,55.0,2.8,56.0,-0.04999999999999982,-1.0
qwen25_15b,15,msc_valid,30,recency,0.35,20,2.8,56.0,2.8,56.0,0.0,0.0
qwen25_15b,15,msc_valid,30,lexical_tfidf,0.35,20,2.8625,57.25,2.8,56.0,0.0625,1.25
qwen25_15b,15,msc_valid,30,recency_keep_compress_drop,0.35,20,2.8375,56.75,2.8,56.0,0.03750000000000009,0.75
qwen25_15b,15,msc_valid,30,uniform,0.5,20,2.8875,57.75,2.8,56.0,0.08750000000000036,1.75
qwen25_15b,15,msc_valid,30,longllmlingua,0.5,20,2.7875,55.75,2.8,56.0,-0.012499999999999734,-0.25
qwen25_15b,15,msc_valid,30,recency,0.5,20,2.825,56.5,2.8,56.0,0.025000000000000355,0.5
qwen25_15b,15,msc_valid,30,lexical_tfidf,0.5,20,2.8375,56.75,2.8,56.0,0.03750000000000009,0.75
qwen25_15b,15,msc_valid,30,recency_keep_compress_drop,0.5,20,2.7625,55.25,2.8,56.0,-0.037499999999999645,-0.75
qwen25_15b,15,msc_valid,32,uniform,0.2,17,2.985294117647059,50.75,2.676470588235294,45.5,0.30882352941176494,5.25
qwen25_15b,15,msc_valid,32,longllmlingua,0.2,17,2.9411764705882355,50.0,2.676470588235294,45.5,0.26470588235294157,4.5
qwen25_15b,15,msc_valid,32,recency,0.2,17,2.8088235294117645,47.75,2.676470588235294,45.5,0.13235294117647056,2.25
qwen25_15b,15,msc_valid,32,lexical_tfidf,0.2,17,2.823529411764706,48.0,2.676470588235294,45.5,0.14705882352941213,2.5
qwen25_15b,15,msc_valid,32,recency_keep_compress_drop,0.2,17,3.0294117647058822,51.5,2.676470588235294,45.5,0.3529411764705883,6.0
qwen25_15b,15,msc_valid,32,uniform,0.35,17,3.0,51.0,2.676470588235294,45.5,0.32352941176470607,5.5
qwen25_15b,15,msc_valid,32,longllmlingua,0.35,17,3.014705882352941,51.25,2.676470588235294,45.5,0.3382352941176472,5.75
qwen25_15b,15,msc_valid,32,recency,0.35,17,2.838235294117647,48.25,2.676470588235294,45.5,0.16176470588235325,2.75
qwen25_15b,15,msc_valid,32,lexical_tfidf,0.35,17,2.7205882352941178,46.25,2.676470588235294,45.5,0.04411764705882382,0.75
qwen25_15b,15,msc_valid,32,recency_keep_compress_drop,0.35,17,2.8529411764705883,48.5,2.676470588235294,45.5,0.17647058823529438,3.0
qwen25_15b,15,msc_valid,32,uniform,0.5,17,3.161764705882353,53.75,2.676470588235294,45.5,0.4852941176470589,8.25
qwen25_15b,15,msc_valid,32,longllmlingua,0.5,17,3.1029411764705883,52.75,2.676470588235294,45.5,0.4264705882352944,7.25
qwen25_15b,15,msc_valid,32,recency,0.5,17,2.838235294117647,48.25,2.676470588235294,45.5,0.16176470588235325,2.75
qwen25_15b,15,msc_valid,32,lexical_tfidf,0.5,17,2.676470588235294,45.5,2.676470588235294,45.5,0.0,0.0
qwen25_15b,15,msc_valid,32,recency_keep_compress_drop,0.5,17,2.764705882352941,47.0,2.676470588235294,45.5,0.08823529411764719,1.5
qwen25_15b,15,msc_valid,36,uniform,0.2,16,3.078125,49.25,2.953125,47.25,0.125,2.0
qwen25_15b,15,msc_valid,36,longllmlingua,0.2,16,3.09375,49.5,2.953125,47.25,0.140625,2.25
qwen25_15b,15,msc_valid,36,recency,0.2,16,3.21875,51.5,2.953125,47.25,0.265625,4.25
qwen25_15b,15,msc_valid,36,lexical_tfidf,0.2,16,3.234375,51.75,2.953125,47.25,0.28125,4.5
qwen25_15b,15,msc_valid,36,recency_keep_compress_drop,0.2,16,3.203125,51.25,2.953125,47.25,0.25,4.0
qwen25_15b,15,msc_valid,36,uniform,0.35,16,3.15625,50.5,2.953125,47.25,0.203125,3.25
qwen25_15b,15,msc_valid,36,longllmlingua,0.35,16,3.109375,49.75,2.953125,47.25,0.15625,2.5
qwen25_15b,15,msc_valid,36,recency,0.35,16,3.15625,50.5,2.953125,47.25,0.203125,3.25
qwen25_15b,15,msc_valid,36,lexical_tfidf,0.35,16,3.140625,50.25,2.953125,47.25,0.1875,3.0
qwen25_15b,15,msc_valid,36,recency_keep_compress_drop,0.35,16,3.203125,51.25,2.953125,47.25,0.25,4.0
qwen25_15b,15,msc_valid,36,uniform,0.5,16,2.671875,42.75,2.953125,47.25,-0.28125,-4.5
qwen25_15b,15,msc_valid,36,longllmlingua,0.5,16,2.953125,47.25,2.953125,47.25,0.0,0.0
qwen25_15b,15,msc_valid,36,recency,0.5,16,3.15625,50.5,2.953125,47.25,0.203125,3.25
qwen25_15b,15,msc_valid,36,lexical_tfidf,0.5,16,3.078125,49.25,2.953125,47.25,0.125,2.0
qwen25_15b,15,msc_valid,36,recency_keep_compress_drop,0.5,16,3.078125,49.25,2.953125,47.25,0.125,2.0
qwen25_15b,15,msc_valid,40,uniform,0.2,23,1.858695652173913,42.75,1.434782608695652,33.0,0.423913043478261,9.75
qwen25_15b,15,msc_valid,40,longllmlingua,0.2,23,1.6195652173913044,37.25,1.434782608695652,33.0,0.18478260869565233,4.25
qwen25_15b,15,msc_valid,40,recency,0.2,23,1.5869565217391304,36.5,1.434782608695652,33.0,0.15217391304347827,3.5
qwen25_15b,15,msc_valid,40,lexical_tfidf,0.2,23,1.684782608695652,38.75,1.434782608695652,33.0,0.25,5.75
qwen25_15b,15,msc_valid,40,recency_keep_compress_drop,0.2,23,1.5434782608695652,35.5,1.434782608695652,33.0,0.10869565217391308,2.5
qwen25_15b,15,msc_valid,40,uniform,0.35,23,1.891304347826087,43.5,1.434782608695652,33.0,0.4565217391304348,10.5
qwen25_15b,15,msc_valid,40,longllmlingua,0.35,23,1.6195652173913044,37.25,1.434782608695652,33.0,0.18478260869565233,4.25
qwen25_15b,15,msc_valid,40,recency,0.35,23,1.4782608695652173,34.0,1.434782608695652,33.0,0.04347826086956519,1.0
qwen25_15b,15,msc_valid,40,lexical_tfidf,0.35,23,1.673913043478261,38.5,1.434782608695652,33.0,0.23913043478260887,5.5
qwen25_15b,15,msc_valid,40,recency_keep_compress_drop,0.35,23,1.4782608695652173,34.0,1.434782608695652,33.0,0.04347826086956519,1.0
qwen25_15b,15,msc_valid,40,uniform,0.5,23,1.6956521739130435,39.0,1.434782608695652,33.0,0.26086956521739135,6.0
qwen25_15b,15,msc_valid,40,longllmlingua,0.5,23,1.6630434782608696,38.25,1.434782608695652,33.0,0.22826086956521752,5.25
qwen25_15b,15,msc_valid,40,recency,0.5,23,1.4021739130434783,32.25,1.434782608695652,33.0,-0.032608695652173836,-0.75
qwen25_15b,15,msc_valid,40,lexical_tfidf,0.5,23,1.6521739130434783,38.0,1.434782608695652,33.0,0.21739130434782616,5.0
qwen25_15b,15,msc_valid,40,recency_keep_compress_drop,0.5,23,1.4891304347826086,34.25,1.434782608695652,33.0,0.05434782608695654,1.25
qwen25_15b,15,msc_valid,44,uniform,0.2,34,3.338235294117647,113.5,0.0,0.0,3.338235294117647,113.5
qwen25_15b,15,msc_valid,44,longllmlingua,0.2,34,3.264705882352941,111.0,0.0,0.0,3.264705882352941,111.0
qwen25_15b,15,msc_valid,44,recency,0.2,34,3.2941176470588234,112.0,0.0,0.0,3.2941176470588234,112.0
qwen25_15b,15,msc_valid,44,lexical_tfidf,0.2,34,3.25,110.5,0.0,0.0,3.25,110.5
qwen25_15b,15,msc_valid,44,recency_keep_compress_drop,0.2,34,3.3676470588235294,114.5,0.0,0.0,3.3676470588235294,114.5
qwen25_15b,15,msc_valid,44,uniform,0.35,34,3.3529411764705883,114.0,0.0,0.0,3.3529411764705883,114.0
qwen25_15b,15,msc_valid,44,longllmlingua,0.35,34,3.2205882352941178,109.5,0.0,0.0,3.2205882352941178,109.5
qwen25_15b,15,msc_valid,44,recency,0.35,34,3.25,110.5,0.0,0.0,3.25,110.5
qwen25_15b,15,msc_valid,44,lexical_tfidf,0.35,34,3.2205882352941178,109.5,0.0,0.0,3.2205882352941178,109.5
qwen25_15b,15,msc_valid,44,recency_keep_compress_drop,0.35,34,3.2058823529411766,109.0,0.0,0.0,3.2058823529411766,109.0
qwen25_15b,15,msc_valid,44,uniform,0.5,34,3.338235294117647,113.5,0.0,0.0,3.338235294117647,113.5
qwen25_15b,15,msc_valid,44,longllmlingua,0.5,34,3.1029411764705883,105.5,0.0,0.0,3.1029411764705883,105.5
qwen25_15b,15,msc_valid,44,recency,0.5,34,3.176470588235294,108.0,0.0,0.0,3.176470588235294,108.0
qwen25_15b,15,msc_valid,44,lexical_tfidf,0.5,34,3.1911764705882355,108.5,0.0,0.0,3.1911764705882355,108.5
qwen25_15b,15,msc_valid,44,recency_keep_compress_drop,0.5,34,3.2058823529411766,109.0,0.0,0.0,3.2058823529411766,109.0
qwen25_15b,15,msc_valid,48,uniform,0.2,30,2.183333333333333,65.5,0.0,0.0,2.183333333333333,65.5
qwen25_15b,15,msc_valid,48,longllmlingua,0.2,30,2.283333333333333,68.5,0.0,0.0,2.283333333333333,68.5
qwen25_15b,15,msc_valid,48,recency,0.2,30,2.1166666666666667,63.5,0.0,0.0,2.1166666666666667,63.5
qwen25_15b,15,msc_valid,48,lexical_tfidf,0.2,30,2.1083333333333334,63.25,0.0,0.0,2.1083333333333334,63.25
qwen25_15b,15,msc_valid,48,recency_keep_compress_drop,0.2,30,2.1,63.0,0.0,0.0,2.1,63.0
qwen25_15b,15,msc_valid,48,uniform,0.35,30,2.0416666666666665,61.25,0.0,0.0,2.0416666666666665,61.25
qwen25_15b,15,msc_valid,48,longllmlingua,0.35,30,2.216666666666667,66.5,0.0,0.0,2.216666666666667,66.5
qwen25_15b,15,msc_valid,48,recency,0.35,30,2.0833333333333335,62.5,0.0,0.0,2.0833333333333335,62.5
qwen25_15b,15,msc_valid,48,lexical_tfidf,0.35,30,2.05,61.5,0.0,0.0,2.05,61.5
qwen25_15b,15,msc_valid,48,recency_keep_compress_drop,0.35,30,1.9416666666666667,58.25,0.0,0.0,1.9416666666666667,58.25
qwen25_15b,15,msc_valid,48,uniform,0.5,30,2.0833333333333335,62.5,0.0,0.0,2.0833333333333335,62.5
qwen25_15b,15,msc_valid,48,longllmlingua,0.5,30,2.2,66.0,0.0,0.0,2.2,66.0
qwen25_15b,15,msc_valid,48,recency,0.5,30,2.033333333333333,61.0,0.0,0.0,2.033333333333333,61.0
qwen25_15b,15,msc_valid,48,lexical_tfidf,0.5,30,2.0083333333333333,60.25,0.0,0.0,2.0083333333333333,60.25
qwen25_15b,15,msc_valid,48,recency_keep_compress_drop,0.5,30,1.9666666666666666,59.0,0.0,0.0,1.9666666666666666,59.0
qwen25_15b,15,msc_valid,50,uniform,0.2,60,2.6333333333333333,158.0,0.0,0.0,2.6333333333333333,158.0
qwen25_15b,15,msc_valid,50,longllmlingua,0.2,60,2.5833333333333335,155.0,0.0,0.0,2.5833333333333335,155.0
qwen25_15b,15,msc_valid,50,recency,0.2,60,2.566666666666667,154.0,0.0,0.0,2.566666666666667,154.0
qwen25_15b,15,msc_valid,50,lexical_tfidf,0.2,60,2.5166666666666666,151.0,0.0,0.0,2.5166666666666666,151.0
qwen25_15b,15,msc_valid,50,recency_keep_compress_drop,0.2,60,2.533333333333333,152.0,0.0,0.0,2.533333333333333,152.0
qwen25_15b,15,msc_valid,50,uniform,0.35,60,2.566666666666667,154.0,0.0,0.0,2.566666666666667,154.0
qwen25_15b,15,msc_valid,50,longllmlingua,0.35,60,2.566666666666667,154.0,0.0,0.0,2.566666666666667,154.0
qwen25_15b,15,msc_valid,50,recency,0.35,60,2.566666666666667,154.0,0.0,0.0,2.566666666666667,154.0
qwen25_15b,15,msc_valid,50,lexical_tfidf,0.35,60,2.55,153.0,0.0,0.0,2.55,153.0
qwen25_15b,15,msc_valid,50,recency_keep_compress_drop,0.35,60,2.5166666666666666,151.0,0.0,0.0,2.5166666666666666,151.0
qwen25_15b,15,msc_valid,50,uniform,0.5,60,2.55,153.0,0.0,0.0,2.55,153.0
qwen25_15b,15,msc_valid,50,longllmlingua,0.5,60,2.566666666666667,154.0,0.0,0.0,2.566666666666667,154.0
qwen25_15b,15,msc_valid,50,recency,0.5,60,2.533333333333333,152.0,0.0,0.0,2.533333333333333,152.0
qwen25_15b,15,msc_valid,50,lexical_tfidf,0.5,60,2.533333333333333,152.0,0.0,0.0,2.533333333333333,152.0
qwen25_15b,15,msc_valid,50,recency_keep_compress_drop,0.5,60,2.533333333333333,152.0,0.0,0.0,2.533333333333333,152.0
qwen25_15b,15,msc_valid,54,uniform,0.2,27,2.4814814814814814,67.0,0.0,0.0,2.4814814814814814,67.0
qwen25_15b,15,msc_valid,54,longllmlingua,0.2,27,2.888888888888889,78.0,0.0,0.0,2.888888888888889,78.0
qwen25_15b,15,msc_valid,54,recency,0.2,27,2.4814814814814814,67.0,0.0,0.0,2.4814814814814814,67.0
qwen25_15b,15,msc_valid,54,lexical_tfidf,0.2,27,2.388888888888889,64.5,0.0,0.0,2.388888888888889,64.5
qwen25_15b,15,msc_valid,54,recency_keep_compress_drop,0.2,27,2.388888888888889,64.5,0.0,0.0,2.388888888888889,64.5
qwen25_15b,15,msc_valid,54,uniform,0.35,27,2.5555555555555554,69.0,0.0,0.0,2.5555555555555554,69.0
qwen25_15b,15,msc_valid,54,longllmlingua,0.35,27,2.8333333333333335,76.5,0.0,0.0,2.8333333333333335,76.5
qwen25_15b,15,msc_valid,54,recency,0.35,27,2.425925925925926,65.5,0.0,0.0,2.425925925925926,65.5
qwen25_15b,15,msc_valid,54,lexical_tfidf,0.35,27,2.4074074074074074,65.0,0.0,0.0,2.4074074074074074,65.0
qwen25_15b,15,msc_valid,54,recency_keep_compress_drop,0.35,27,2.4444444444444446,66.0,0.0,0.0,2.4444444444444446,66.0
qwen25_15b,15,msc_valid,54,uniform,0.5,27,2.462962962962963,66.5,0.0,0.0,2.462962962962963,66.5
qwen25_15b,15,msc_valid,54,longllmlingua,0.5,27,2.740740740740741,74.0,0.0,0.0,2.740740740740741,74.0
qwen25_15b,15,msc_valid,54,recency,0.5,27,2.425925925925926,65.5,0.0,0.0,2.425925925925926,65.5
qwen25_15b,15,msc_valid,54,lexical_tfidf,0.5,27,2.462962962962963,66.5,0.0,0.0,2.462962962962963,66.5
qwen25_15b,15,msc_valid,54,recency_keep_compress_drop,0.5,27,2.425925925925926,65.5,0.0,0.0,2.425925925925926,65.5
qwen25_15b,15,msc_valid,58,uniform,0.2,25,3.04,76.0,0.0,0.0,3.04,76.0
qwen25_15b,15,msc_valid,58,longllmlingua,0.2,25,3.08,77.0,0.0,0.0,3.08,77.0
qwen25_15b,15,msc_valid,58,recency,0.2,25,2.84,71.0,0.0,0.0,2.84,71.0
qwen25_15b,15,msc_valid,58,lexical_tfidf,0.2,25,2.84,71.0,0.0,0.0,2.84,71.0
qwen25_15b,15,msc_valid,58,recency_keep_compress_drop,0.2,25,2.78,69.5,0.0,0.0,2.78,69.5
qwen25_15b,15,msc_valid,58,uniform,0.35,25,2.82,70.5,0.0,0.0,2.82,70.5
qwen25_15b,15,msc_valid,58,longllmlingua,0.35,25,3.1,77.5,0.0,0.0,3.1,77.5
qwen25_15b,15,msc_valid,58,recency,0.35,25,2.76,69.0,0.0,0.0,2.76,69.0
qwen25_15b,15,msc_valid,58,lexical_tfidf,0.35,25,2.84,71.0,0.0,0.0,2.84,71.0
qwen25_15b,15,msc_valid,58,recency_keep_compress_drop,0.35,25,2.68,67.0,0.0,0.0,2.68,67.0
qwen25_15b,15,msc_valid,58,uniform,0.5,25,2.74,68.5,0.0,0.0,2.74,68.5
qwen25_15b,15,msc_valid,58,longllmlingua,0.5,25,3.02,75.5,0.0,0.0,3.02,75.5
qwen25_15b,15,msc_valid,58,recency,0.5,0,0.0,0.0,0.0,0.0,0.0,0.0
qwen25_15b,15,msc_valid,58,lexical_tfidf,0.5,0,0.0,0.0,0.0,0.0,0.0,0.0
qwen25_15b,15,msc_valid,58,recency_keep_compress_drop,0.5,0,0.0,0.0,0.0,0.0,0.0,0.0
qwen25_15b,43,msc_valid,4,uniform,0.2,11,5.340909090909091,58.75,4.75,52.25,0.5909090909090908,6.5
qwen25_15b,43,msc_valid,4,longllmlingua,0.2,11,4.113636363636363,45.25,4.75,52.25,-0.6363636363636367,-7.0
qwen25_15b,43,msc_valid,4,recency,0.2,11,5.340909090909091,58.75,4.75,52.25,0.5909090909090908,6.5
qwen25_15b,43,msc_valid,4,lexical_tfidf,0.2,11,5.340909090909091,58.75,4.75,52.25,0.5909090909090908,6.5
qwen25_15b,43,msc_valid,4,recency_keep_compress_drop,0.2,11,5.340909090909091,58.75,4.75,52.25,0.5909090909090908,6.5
qwen25_15b,43,msc_valid,4,uniform,0.35,11,4.7727272727272725,52.5,4.75,52.25,0.022727272727272485,0.25
qwen25_15b,43,msc_valid,4,longllmlingua,0.35,11,4.409090909090909,48.5,4.75,52.25,-0.34090909090909083,-3.75
qwen25_15b,43,msc_valid,4,recency,0.35,11,4.7727272727272725,52.5,4.75,52.25,0.022727272727272485,0.25
qwen25_15b,43,msc_valid,4,lexical_tfidf,0.35,11,4.7727272727272725,52.5,4.75,52.25,0.022727272727272485,0.25
qwen25_15b,43,msc_valid,4,recency_keep_compress_drop,0.35,11,4.7727272727272725,52.5,4.75,52.25,0.022727272727272485,0.25
qwen25_15b,43,msc_valid,4,uniform,0.5,11,4.7727272727272725,52.5,4.75,52.25,0.022727272727272485,0.25
qwen25_15b,43,msc_valid,4,longllmlingua,0.5,11,4.613636363636363,50.75,4.75,52.25,-0.1363636363636367,-1.5
qwen25_15b,43,msc_valid,4,recency,0.5,11,4.7727272727272725,52.5,4.75,52.25,0.022727272727272485,0.25
qwen25_15b,43,msc_valid,4,lexical_tfidf,0.5,11,4.7727272727272725,52.5,4.75,52.25,0.022727272727272485,0.25
qwen25_15b,43,msc_valid,4,recency_keep_compress_drop,0.5,11,4.7727272727272725,52.5,4.75,52.25,0.022727272727272485,0.25
qwen25_15b,43,msc_valid,8,uniform,0.2,10,5.425,54.25,4.75,47.5,0.6749999999999998,6.75
qwen25_15b,43,msc_valid,8,longllmlingua,0.2,10,5.075,50.75,4.75,47.5,0.3250000000000002,3.25
qwen25_15b,43,msc_valid,8,recency,0.2,10,5.35,53.5,4.75,47.5,0.5999999999999996,6.0
qwen25_15b,43,msc_valid,8,lexical_tfidf,0.2,10,5.575,55.75,4.75,47.5,0.8250000000000002,8.25
qwen25_15b,43,msc_valid,8,recency_keep_compress_drop,0.2,10,5.35,53.5,4.75,47.5,0.5999999999999996,6.0
qwen25_15b,43,msc_valid,8,uniform,0.35,10,5.475,54.75,4.75,47.5,0.7249999999999996,7.25
qwen25_15b,43,msc_valid,8,longllmlingua,0.35,10,4.975,49.75,4.75,47.5,0.22499999999999964,2.25
qwen25_15b,43,msc_valid,8,recency,0.35,10,4.775,47.75,4.75,47.5,0.025000000000000355,0.25
qwen25_15b,43,msc_valid,8,lexical_tfidf,0.35,10,5.35,53.5,4.75,47.5,0.5999999999999996,6.0
qwen25_15b,43,msc_valid,8,recency_keep_compress_drop,0.35,10,4.775,47.75,4.75,47.5,0.025000000000000355,0.25
qwen25_15b,43,msc_valid,8,uniform,0.5,10,5.2,52.0,4.75,47.5,0.4500000000000002,4.5
qwen25_15b,43,msc_valid,8,longllmlingua,0.5,10,5.075,50.75,4.75,47.5,0.3250000000000002,3.25
qwen25_15b,43,msc_valid,8,recency,0.5,10,4.975,49.75,4.75,47.5,0.22499999999999964,2.25
qwen25_15b,43,msc_valid,8,lexical_tfidf,0.5,10,5.4,54.0,4.75,47.5,0.6500000000000004,6.5
qwen25_15b,43,msc_valid,8,recency_keep_compress_drop,0.5,10,4.875,48.75,4.75,47.5,0.125,1.25
qwen25_15b,43,msc_valid,12,uniform,0.2,14,4.571428571428571,64.0,4.321428571428571,60.5,0.25,3.5
qwen25_15b,43,msc_valid,12,longllmlingua,0.2,14,4.482142857142857,62.75,4.321428571428571,60.5,0.1607142857142856,2.25
qwen25_15b,43,msc_valid,12,recency,0.2,14,4.75,66.5,4.321428571428571,60.5,0.4285714285714288,6.0
qwen25_15b,43,msc_valid,12,lexical_tfidf,0.2,14,4.857142857142857,68.0,4.321428571428571,60.5,0.5357142857142856,7.5
qwen25_15b,43,msc_valid,12,recency_keep_compress_drop,0.2,14,4.75,66.5,4.321428571428571,60.5,0.4285714285714288,6.0
qwen25_15b,43,msc_valid,12,uniform,0.35,14,4.642857142857143,65.0,4.321428571428571,60.5,0.32142857142857206,4.5
qwen25_15b,43,msc_valid,12,longllmlingua,0.35,14,4.482142857142857,62.75,4.321428571428571,60.5,0.1607142857142856,2.25
qwen25_15b,43,msc_valid,12,recency,0.35,14,4.642857142857143,65.0,4.321428571428571,60.5,0.32142857142857206,4.5
qwen25_15b,43,msc_valid,12,lexical_tfidf,0.35,14,4.482142857142857,62.75,4.321428571428571,60.5,0.1607142857142856,2.25
qwen25_15b,43,msc_valid,12,recency_keep_compress_drop,0.35,14,4.553571428571429,63.75,4.321428571428571,60.5,0.23214285714285765,3.25
qwen25_15b,43,msc_valid,12,uniform,0.5,14,4.517857142857143,63.25,4.321428571428571,60.5,0.19642857142857206,2.75
qwen25_15b,43,msc_valid,12,longllmlingua,0.5,14,4.5,63.0,4.321428571428571,60.5,0.17857142857142883,2.5
qwen25_15b,43,msc_valid,12,recency,0.5,14,4.428571428571429,62.0,4.321428571428571,60.5,0.10714285714285765,1.5
qwen25_15b,43,msc_valid,12,lexical_tfidf,0.5,14,4.571428571428571,64.0,4.321428571428571,60.5,0.25,3.5
qwen25_15b,43,msc_valid,12,recency_keep_compress_drop,0.5,14,4.410714285714286,61.75,4.321428571428571,60.5,0.08928571428571441,1.25
qwen25_15b,43,msc_valid,16,uniform,0.2,22,1.5681818181818181,34.5,1.4886363636363635,32.75,0.07954545454545459,1.75
qwen25_15b,43,msc_valid,16,longllmlingua,0.2,22,1.4431818181818181,31.75,1.4886363636363635,32.75,-0.045454545454545414,-1.0
qwen25_15b,43,msc_valid,16,recency,0.2,22,1.6136363636363635,35.5,1.4886363636363635,32.75,0.125,2.75
qwen25_15b,43,msc_valid,16,lexical_tfidf,0.2,22,1.6136363636363635,35.5,1.4886363636363635,32.75,0.125,2.75
qwen25_15b,43,msc_valid,16,recency_keep_compress_drop,0.2,22,1.6136363636363635,35.5,1.4886363636363635,32.75,0.125,2.75
qwen25_15b,43,msc_valid,16,uniform,0.35,22,1.5113636363636365,33.25,1.4886363636363635,32.75,0.02272727272727293,0.5
qwen25_15b,43,msc_valid,16,longllmlingua,0.35,22,1.4431818181818181,31.75,1.4886363636363635,32.75,-0.045454545454545414,-1.0
qwen25_15b,43,msc_valid,16,recency,0.35,22,1.5113636363636365,33.25,1.4886363636363635,32.75,0.02272727272727293,0.5
qwen25_15b,43,msc_valid,16,lexical_tfidf,0.35,22,1.6136363636363635,35.5,1.4886363636363635,32.75,0.125,2.75
qwen25_15b,43,msc_valid,16,recency_keep_compress_drop,0.35,22,1.5113636363636365,33.25,1.4886363636363635,32.75,0.02272727272727293,0.5
qwen25_15b,43,msc_valid,16,uniform,0.5,22,1.5113636363636365,33.25,1.4886363636363635,32.75,0.02272727272727293,0.5
qwen25_15b,43,msc_valid,16,longllmlingua,0.5,22,1.4772727272727273,32.5,1.4886363636363635,32.75,-0.011363636363636243,-0.25
qwen25_15b,43,msc_valid,16,recency,0.5,22,1.4659090909090908,32.25,1.4886363636363635,32.75,-0.022727272727272707,-0.5
qwen25_15b,43,msc_valid,16,lexical_tfidf,0.5,22,1.5,33.0,1.4886363636363635,32.75,0.011363636363636465,0.25
qwen25_15b,43,msc_valid,16,recency_keep_compress_drop,0.5,22,1.4886363636363635,32.75,1.4886363636363635,32.75,0.0,0.0
qwen25_15b,43,msc_valid,18,uniform,0.2,34,2.6176470588235294,89.0,2.7205882352941178,92.5,-0.10294117647058831,-3.5
qwen25_15b,43,msc_valid,18,longllmlingua,0.2,34,2.485294117647059,84.5,2.7205882352941178,92.5,-0.23529411764705888,-8.0
qwen25_15b,43,msc_valid,18,recency,0.2,34,2.6323529411764706,89.5,2.7205882352941178,92.5,-0.08823529411764719,-3.0
qwen25_15b,43,msc_valid,18,lexical_tfidf,0.2,34,2.6323529411764706,89.5,2.7205882352941178,92.5,-0.08823529411764719,-3.0
qwen25_15b,43,msc_valid,18,recency_keep_compress_drop,0.2,34,2.661764705882353,90.5,2.7205882352941178,92.5,-0.05882352941176494,-2.0
qwen25_15b,43,msc_valid,18,uniform,0.35,34,2.6323529411764706,89.5,2.7205882352941178,92.5,-0.08823529411764719,-3.0
qwen25_15b,43,msc_valid,18,longllmlingua,0.35,34,2.5294117647058822,86.0,2.7205882352941178,92.5,-0.1911764705882355,-6.5
qwen25_15b,43,msc_valid,18,recency,0.35,34,2.661764705882353,90.5,2.7205882352941178,92.5,-0.05882352941176494,-2.0
qwen25_15b,43,msc_valid,18,lexical_tfidf,0.35,34,2.661764705882353,90.5,2.7205882352941178,92.5,-0.05882352941176494,-2.0
qwen25_15b,43,msc_valid,18,recency_keep_compress_drop,0.35,34,2.573529411764706,87.5,2.7205882352941178,92.5,-0.1470588235294117,-5.0
qwen25_15b,43,msc_valid,18,uniform,0.5,34,2.661764705882353,90.5,2.7205882352941178,92.5,-0.05882352941176494,-2.0
qwen25_15b,43,msc_valid,18,longllmlingua,0.5,34,2.5,85.0,2.7205882352941178,92.5,-0.22058823529411775,-7.5
qwen25_15b,43,msc_valid,18,recency,0.5,34,2.6323529411764706,89.5,2.7205882352941178,92.5,-0.08823529411764719,-3.0
qwen25_15b,43,msc_valid,18,lexical_tfidf,0.5,34,2.6029411764705883,88.5,2.7205882352941178,92.5,-0.11764705882352944,-4.0
qwen25_15b,43,msc_valid,18,recency_keep_compress_drop,0.5,34,2.6029411764705883,88.5,2.7205882352941178,92.5,-0.11764705882352944,-4.0
qwen25_15b,43,msc_valid,22,uniform,0.2,12,3.2916666666666665,39.5,3.4375,41.25,-0.14583333333333348,-1.75
qwen25_15b,43,msc_valid,22,longllmlingua,0.2,12,3.7083333333333335,44.5,3.4375,41.25,0.2708333333333335,3.25
qwen25_15b,43,msc_valid,22,recency,0.2,12,3.875,46.5,3.4375,41.25,0.4375,5.25
qwen25_15b,43,msc_valid,22,lexical_tfidf,0.2,12,3.7708333333333335,45.25,3.4375,41.25,0.3333333333333335,4.0
qwen25_15b,43,msc_valid,22,recency_keep_compress_drop,0.2,12,3.8541666666666665,46.25,3.4375,41.25,0.4166666666666665,5.0
qwen25_15b,43,msc_valid,22,uniform,0.35,12,3.4583333333333335,41.5,3.4375,41.25,0.02083333333333348,0.25
qwen25_15b,43,msc_valid,22,longllmlingua,0.35,12,3.4166666666666665,41.0,3.4375,41.25,-0.02083333333333348,-0.25
qwen25_15b,43,msc_valid,22,recency,0.35,12,3.8333333333333335,46.0,3.4375,41.25,0.3958333333333335,4.75
qwen25_15b,43,msc_valid,22,lexical_tfidf,0.35,12,3.7916666666666665,45.5,3.4375,41.25,0.3541666666666665,4.25
qwen25_15b,43,msc_valid,22,recency_keep_compress_drop,0.35,12,4.0,48.0,3.4375,41.25,0.5625,6.75
qwen25_15b,43,msc_valid,22,uniform,0.5,12,3.2708333333333335,39.25,3.4375,41.25,-0.16666666666666652,-2.0
qwen25_15b,43,msc_valid,22,longllmlingua,0.5,12,3.5625,42.75,3.4375,41.25,0.125,1.5
qwen25_15b,43,msc_valid,22,recency,0.5,12,3.8541666666666665,46.25,3.4375,41.25,0.4166666666666665,5.0
qwen25_15b,43,msc_valid,22,lexical_tfidf,0.5,12,3.7916666666666665,45.5,3.4375,41.25,0.3541666666666665,4.25
qwen25_15b,43,msc_valid,22,recency_keep_compress_drop,0.5,12,3.9375,47.25,3.4375,41.25,0.5,6.0
qwen25_15b,43,msc_valid,26,uniform,0.2,23,3.0652173913043477,70.5,2.739130434782609,63.0,0.3260869565217388,7.5
qwen25_15b,43,msc_valid,26,longllmlingua,0.2,23,2.9347826086956523,67.5,2.739130434782609,63.0,0.19565217391304346,4.5
qwen25_15b,43,msc_valid,26,recency,0.2,23,2.891304347826087,66.5,2.739130434782609,63.0,0.15217391304347805,3.5
qwen25_15b,43,msc_valid,26,lexical_tfidf,0.2,23,3.0,69.0,2.739130434782609,63.0,0.26086956521739113,6.0
qwen25_15b,43,msc_valid,26,recency_keep_compress_drop,0.2,23,3.0,69.0,2.739130434782609,63.0,0.26086956521739113,6.0
qwen25_15b,43,msc_valid,26,uniform,0.35,23,2.9565217391304346,68.0,2.739130434782609,63.0,0.21739130434782572,5.0
qwen25_15b,43,msc_valid,26,longllmlingua,0.35,23,2.9130434782608696,67.0,2.739130434782609,63.0,0.17391304347826075,4.0
qwen25_15b,43,msc_valid,26,recency,0.35,23,2.9347826086956523,67.5,2.739130434782609,63.0,0.19565217391304346,4.5
qwen25_15b,43,msc_valid,26,lexical_tfidf,0.35,23,2.9565217391304346,68.0,2.739130434782609,63.0,0.21739130434782572,5.0
qwen25_15b,43,msc_valid,26,recency_keep_compress_drop,0.35,23,2.9347826086956523,67.5,2.739130434782609,63.0,0.19565217391304346,4.5
qwen25_15b,43,msc_valid,26,uniform,0.5,23,2.9130434782608696,67.0,2.739130434782609,63.0,0.17391304347826075,4.0
qwen25_15b,43,msc_valid,26,longllmlingua,0.5,23,2.75,63.25,2.739130434782609,63.0,0.01086956521739113,0.25
qwen25_15b,43,msc_valid,26,recency,0.5,23,2.847826086956522,65.5,2.739130434782609,63.0,0.10869565217391308,2.5
qwen25_15b,43,msc_valid,26,lexical_tfidf,0.5,23,2.9565217391304346,68.0,2.739130434782609,63.0,0.21739130434782572,5.0
qwen25_15b,43,msc_valid,26,recency_keep_compress_drop,0.5,23,2.6956521739130435,62.0,2.739130434782609,63.0,-0.04347826086956541,-1.0
qwen25_15b,43,msc_valid,30,uniform,0.2,31,3.2580645161290325,101.0,3.0,93.0,0.2580645161290325,8.0
qwen25_15b,43,msc_valid,30,longllmlingua,0.2,31,3.1129032258064515,96.5,3.0,93.0,0.11290322580645151,3.5
qwen25_15b,43,msc_valid,30,recency,0.2,31,3.0161290322580645,93.5,3.0,93.0,0.016129032258064502,0.5
qwen25_15b,43,msc_valid,30,lexical_tfidf,0.2,31,3.225806451612903,100.0,3.0,93.0,0.22580645161290303,7.0
qwen25_15b,43,msc_valid,30,recency_keep_compress_drop,0.2,31,3.1129032258064515,96.5,3.0,93.0,0.11290322580645151,3.5
qwen25_15b,43,msc_valid,30,uniform,0.35,31,3.274193548387097,101.5,3.0,93.0,0.274193548387097,8.5
qwen25_15b,43,msc_valid,30,longllmlingua,0.35,31,3.032258064516129,94.0,3.0,93.0,0.032258064516129004,1.0
qwen25_15b,43,msc_valid,30,recency,0.35,31,3.0483870967741935,94.5,3.0,93.0,0.048387096774193505,1.5
qwen25_15b,43,msc_valid,30,lexical_tfidf,0.35,31,3.2096774193548385,99.5,3.0,93.0,0.20967741935483852,6.5
qwen25_15b,43,msc_valid,30,recency_keep_compress_drop,0.35,31,3.064516129032258,95.0,3.0,93.0,0.06451612903225801,2.0
qwen25_15b,43,msc_valid,30,uniform,0.5,31,3.096774193548387,96.0,3.0,93.0,0.09677419354838701,3.0
qwen25_15b,43,msc_valid,30,longllmlingua,0.5,31,3.0806451612903225,95.5,3.0,93.0,0.08064516129032251,2.5
qwen25_15b,43,msc_valid,30,recency,0.5,31,3.032258064516129,94.0,3.0,93.0,0.032258064516129004,1.0
qwen25_15b,43,msc_valid,30,lexical_tfidf,0.5,31,2.9838709677419355,92.5,3.0,93.0,-0.016129032258064502,-0.5
qwen25_15b,43,msc_valid,30,recency_keep_compress_drop,0.5,31,2.935483870967742,91.0,3.0,93.0,-0.06451612903225801,-2.0
qwen25_15b,43,msc_valid,34,uniform,0.2,36,2.111111111111111,76.0,2.0972222222222223,75.5,0.01388888888888884,0.5
qwen25_15b,43,msc_valid,34,longllmlingua,0.2,36,2.0694444444444446,74.5,2.0972222222222223,75.5,-0.02777777777777768,-1.0
qwen25_15b,43,msc_valid,34,recency,0.2,36,2.125,76.5,2.0972222222222223,75.5,0.02777777777777768,1.0
qwen25_15b,43,msc_valid,34,lexical_tfidf,0.2,36,2.0694444444444446,74.5,2.0972222222222223,75.5,-0.02777777777777768,-1.0
qwen25_15b,43,msc_valid,34,recency_keep_compress_drop,0.2,36,2.0555555555555554,74.0,2.0972222222222223,75.5,-0.04166666666666696,-1.5
qwen25_15b,43,msc_valid,34,uniform,0.35,36,2.1805555555555554,78.5,2.0972222222222223,75.5,0.08333333333333304,3.0
qwen25_15b,43,msc_valid,34,longllmlingua,0.35,36,2.138888888888889,77.0,2.0972222222222223,75.5,0.04166666666666652,1.5
qwen25_15b,43,msc_valid,34,recency,0.35,36,2.0555555555555554,74.0,2.0972222222222223,75.5,-0.04166666666666696,-1.5
qwen25_15b,43,msc_valid,34,lexical_tfidf,0.35,36,2.0555555555555554,74.0,2.0972222222222223,75.5,-0.04166666666666696,-1.5
qwen25_15b,43,msc_valid,34,recency_keep_compress_drop,0.35,36,2.0555555555555554,74.0,2.0972222222222223,75.5,-0.04166666666666696,-1.5
qwen25_15b,43,msc_valid,34,uniform,0.5,36,2.1944444444444446,79.0,2.0972222222222223,75.5,0.09722222222222232,3.5
qwen25_15b,43,msc_valid,34,longllmlingua,0.5,36,2.138888888888889,77.0,2.0972222222222223,75.5,0.04166666666666652,1.5
qwen25_15b,43,msc_valid,34,recency,0.5,36,2.0972222222222223,75.5,2.0972222222222223,75.5,0.0,0.0
qwen25_15b,43,msc_valid,34,lexical_tfidf,0.5,36,2.0972222222222223,75.5,2.0972222222222223,75.5,0.0,0.0
qwen25_15b,43,msc_valid,34,recency_keep_compress_drop,0.5,36,2.0972222222222223,75.5,2.0972222222222223,75.5,0.0,0.0
qwen25_15b,45,msc_valid,4,uniform,0.2,15,3.6333333333333333,54.5,3.1333333333333333,47.0,0.5,7.5
qwen25_15b,45,msc_valid,4,longllmlingua,0.2,15,3.3,49.5,3.1333333333333333,47.0,0.16666666666666652,2.5
qwen25_15b,45,msc_valid,4,recency,0.2,15,3.6333333333333333,54.5,3.1333333333333333,47.0,0.5,7.5
qwen25_15b,45,msc_valid,4,lexical_tfidf,0.2,15,3.6333333333333333,54.5,3.1333333333333333,47.0,0.5,7.5
qwen25_15b,45,msc_valid,4,recency_keep_compress_drop,0.2,15,3.6333333333333333,54.5,3.1333333333333333,47.0,0.5,7.5
qwen25_15b,45,msc_valid,4,uniform,0.35,15,3.6333333333333333,54.5,3.1333333333333333,47.0,0.5,7.5
qwen25_15b,45,msc_valid,4,longllmlingua,0.35,15,3.2,48.0,3.1333333333333333,47.0,0.06666666666666687,1.0
qwen25_15b,45,msc_valid,4,recency,0.35,15,3.6333333333333333,54.5,3.1333333333333333,47.0,0.5,7.5
qwen25_15b,45,msc_valid,4,lexical_tfidf,0.35,15,3.6333333333333333,54.5,3.1333333333333333,47.0,0.5,7.5
qwen25_15b,45,msc_valid,4,recency_keep_compress_drop,0.35,15,3.6333333333333333,54.5,3.1333333333333333,47.0,0.5,7.5
qwen25_15b,45,msc_valid,4,uniform,0.5,15,3.066666666666667,46.0,3.1333333333333333,47.0,-0.06666666666666643,-1.0
qwen25_15b,45,msc_valid,4,longllmlingua,0.5,15,3.183333333333333,47.75,3.1333333333333333,47.0,0.04999999999999982,0.75
qwen25_15b,45,msc_valid,4,recency,0.5,15,3.066666666666667,46.0,3.1333333333333333,47.0,-0.06666666666666643,-1.0
qwen25_15b,45,msc_valid,4,lexical_tfidf,0.5,15,3.066666666666667,46.0,3.1333333333333333,47.0,-0.06666666666666643,-1.0
qwen25_15b,45,msc_valid,4,recency_keep_compress_drop,0.5,15,3.066666666666667,46.0,3.1333333333333333,47.0,-0.06666666666666643,-1.0
qwen25_15b,45,msc_valid,8,uniform,0.2,16,4.0,64.0,3.625,58.0,0.375,6.0
qwen25_15b,45,msc_valid,8,longllmlingua,0.2,16,3.71875,59.5,3.625,58.0,0.09375,1.5
qwen25_15b,45,msc_valid,8,recency,0.2,16,4.0,64.0,3.625,58.0,0.375,6.0
qwen25_15b,45,msc_valid,8,lexical_tfidf,0.2,16,3.96875,63.5,3.625,58.0,0.34375,5.5
qwen25_15b,45,msc_valid,8,recency_keep_compress_drop,0.2,16,4.0,64.0,3.625,58.0,0.375,6.0
qwen25_15b,45,msc_valid,8,uniform,0.35,16,4.34375,69.5,3.625,58.0,0.71875,11.5
qwen25_15b,45,msc_valid,8,longllmlingua,0.35,16,3.8125,61.0,3.625,58.0,0.1875,3.0
qwen25_15b,45,msc_valid,8,recency,0.35,16,3.984375,63.75,3.625,58.0,0.359375,5.75
qwen25_15b,45,msc_valid,8,lexical_tfidf,0.35,16,4.25,68.0,3.625,58.0,0.625,10.0
qwen25_15b,45,msc_valid,8,recency_keep_compress_drop,0.35,16,3.796875,60.75,3.625,58.0,0.171875,2.75
qwen25_15b,45,msc_valid,8,uniform,0.5,16,4.3125,69.0,3.625,58.0,0.6875,11.0
qwen25_15b,45,msc_valid,8,longllmlingua,0.5,16,3.640625,58.25,3.625,58.0,0.015625,0.25
qwen25_15b,45,msc_valid,8,recency,0.5,16,3.96875,63.5,3.625,58.0,0.34375,5.5
qwen25_15b,45,msc_valid,8,lexical_tfidf,0.5,16,3.890625,62.25,3.625,58.0,0.265625,4.25
qwen25_15b,45,msc_valid,8,recency_keep_compress_drop,0.5,16,3.5625,57.0,3.625,58.0,-0.0625,-1.0
qwen25_15b,45,msc_valid,12,uniform,0.2,19,3.710526315789474,70.5,2.973684210526316,56.5,0.736842105263158,14.0
qwen25_15b,45,msc_valid,12,longllmlingua,0.2,19,3.3421052631578947,63.5,2.973684210526316,56.5,0.36842105263157876,7.0
qwen25_15b,45,msc_valid,12,recency,0.2,19,3.3421052631578947,63.5,2.973684210526316,56.5,0.36842105263157876,7.0
qwen25_15b,45,msc_valid,12,lexical_tfidf,0.2,19,3.4473684210526314,65.5,2.973684210526316,56.5,0.4736842105263155,9.0
qwen25_15b,45,msc_valid,12,recency_keep_compress_drop,0.2,19,3.1973684210526314,60.75,2.973684210526316,56.5,0.22368421052631549,4.25
qwen25_15b,45,msc_valid,12,uniform,0.35,19,3.526315789473684,67.0,2.973684210526316,56.5,0.5526315789473681,10.5
qwen25_15b,45,msc_valid,12,longllmlingua,0.35,19,3.3947368421052633,64.5,2.973684210526316,56.5,0.42105263157894735,8.0
qwen25_15b,45,msc_valid,12,recency,0.35,19,3.1973684210526314,60.75,2.973684210526316,56.5,0.22368421052631549,4.25
qwen25_15b,45,msc_valid,12,lexical_tfidf,0.35,19,3.3947368421052633,64.5,2.973684210526316,56.5,0.42105263157894735,8.0
qwen25_15b,45,msc_valid,12,recency_keep_compress_drop,0.35,19,3.0,57.0,2.973684210526316,56.5,0.02631578947368407,0.5
qwen25_15b,45,msc_valid,12,uniform,0.5,19,3.3947368421052633,64.5,2.973684210526316,56.5,0.42105263157894735,8.0
qwen25_15b,45,msc_valid,12,longllmlingua,0.5,19,3.3684210526315788,64.0,2.973684210526316,56.5,0.39473684210526283,7.5
qwen25_15b,45,msc_valid,12,recency,0.5,19,3.1710526315789473,60.25,2.973684210526316,56.5,0.19736842105263142,3.75
qwen25_15b,45,msc_valid,12,lexical_tfidf,0.5,19,3.526315789473684,67.0,2.973684210526316,56.5,0.5526315789473681,10.5
qwen25_15b,45,msc_valid,12,recency_keep_compress_drop,0.5,19,3.013157894736842,57.25,2.973684210526316,56.5,0.039473684210526105,0.75
qwen25_15b,45,msc_valid,16,uniform,0.2,72,2.486111111111111,179.0,2.4583333333333335,177.0,0.02777777777777768,2.0
qwen25_15b,45,msc_valid,16,longllmlingua,0.2,72,2.4444444444444446,176.0,2.4583333333333335,177.0,-0.01388888888888884,-1.0
qwen25_15b,45,msc_valid,16,recency,0.2,72,2.4583333333333335,177.0,2.4583333333333335,177.0,0.0,0.0
qwen25_15b,45,msc_valid,16,lexical_tfidf,0.2,72,2.4722222222222223,178.0,2.4583333333333335,177.0,0.01388888888888884,1.0
qwen25_15b,45,msc_valid,16,recency_keep_compress_drop,0.2,72,2.4722222222222223,178.0,2.4583333333333335,177.0,0.01388888888888884,1.0
qwen25_15b,45,msc_valid,16,uniform,0.35,72,2.5,180.0,2.4583333333333335,177.0,0.04166666666666652,3.0
qwen25_15b,45,msc_valid,16,longllmlingua,0.35,72,2.4444444444444446,176.0,2.4583333333333335,177.0,-0.01388888888888884,-1.0
qwen25_15b,45,msc_valid,16,recency,0.35,72,2.4722222222222223,178.0,2.4583333333333335,177.0,0.01388888888888884,1.0
qwen25_15b,45,msc_valid,16,lexical_tfidf,0.35,72,2.4583333333333335,177.0,2.4583333333333335,177.0,0.0,0.0
qwen25_15b,45,msc_valid,16,recency_keep_compress_drop,0.35,72,2.4583333333333335,177.0,2.4583333333333335,177.0,0.0,0.0
qwen25_15b,45,msc_valid,16,uniform,0.5,72,2.4722222222222223,178.0,2.4583333333333335,177.0,0.01388888888888884,1.0
qwen25_15b,45,msc_valid,16,longllmlingua,0.5,72,2.4305555555555554,175.0,2.4583333333333335,177.0,-0.027777777777778123,-2.0
qwen25_15b,45,msc_valid,16,recency,0.5,72,2.4722222222222223,178.0,2.4583333333333335,177.0,0.01388888888888884,1.0
qwen25_15b,45,msc_valid,16,lexical_tfidf,0.5,72,2.4722222222222223,178.0,2.4583333333333335,177.0,0.01388888888888884,1.0
qwen25_15b,45,msc_valid,16,recency_keep_compress_drop,0.5,72,2.486111111111111,179.0,2.4583333333333335,177.0,0.02777777777777768,2.0
qwen25_15b,45,msc_valid,18,uniform,0.2,39,1.858974358974359,72.5,1.7179487179487178,67.0,0.1410256410256412,5.5
qwen25_15b,45,msc_valid,18,longllmlingua,0.2,39,1.8974358974358974,74.0,1.7179487179487178,67.0,0.17948717948717952,7.0
qwen25_15b,45,msc_valid,18,recency,0.2,39,1.8461538461538463,72.0,1.7179487179487178,67.0,0.12820512820512842,5.0
qwen25_15b,45,msc_valid,18,lexical_tfidf,0.2,39,1.8717948717948718,73.0,1.7179487179487178,67.0,0.15384615384615397,6.0
qwen25_15b,45,msc_valid,18,recency_keep_compress_drop,0.2,39,1.9102564102564104,74.5,1.7179487179487178,67.0,0.1923076923076925,7.5
qwen25_15b,45,msc_valid,18,uniform,0.35,39,1.858974358974359,72.5,1.7179487179487178,67.0,0.1410256410256412,5.5
qwen25_15b,45,msc_valid,18,longllmlingua,0.35,39,1.8205128205128205,71.0,1.7179487179487178,67.0,0.10256410256410264,4.0
qwen25_15b,45,msc_valid,18,recency,0.35,39,1.8205128205128205,71.0,1.7179487179487178,67.0,0.10256410256410264,4.0
qwen25_15b,45,msc_valid,18,lexical_tfidf,0.35,39,1.7692307692307692,69.0,1.7179487179487178,67.0,0.05128205128205132,2.0
qwen25_15b,45,msc_valid,18,recency_keep_compress_drop,0.35,39,1.8333333333333333,71.5,1.7179487179487178,67.0,0.11538461538461542,4.5
qwen25_15b,45,msc_valid,18,uniform,0.5,39,1.8205128205128205,71.0,1.7179487179487178,67.0,0.10256410256410264,4.0
qwen25_15b,45,msc_valid,18,longllmlingua,0.5,39,1.7820512820512822,69.5,1.7179487179487178,67.0,0.06410256410256432,2.5
qwen25_15b,45,msc_valid,18,recency,0.5,39,1.7692307692307692,69.0,1.7179487179487178,67.0,0.05128205128205132,2.0
qwen25_15b,45,msc_valid,18,lexical_tfidf,0.5,39,1.7564102564102564,68.5,1.7179487179487178,67.0,0.03846153846153855,1.5
qwen25_15b,45,msc_valid,18,recency_keep_compress_drop,0.5,39,1.7564102564102564,68.5,1.7179487179487178,67.0,0.03846153846153855,1.5
qwen25_15b,45,msc_valid,22,uniform,0.2,64,3.03125,194.0,2.859375,183.0,0.171875,11.0
qwen25_15b,45,msc_valid,22,longllmlingua,0.2,64,3.3125,212.0,2.859375,183.0,0.453125,29.0
qwen25_15b,45,msc_valid,22,recency,0.2,64,3.0,192.0,2.859375,183.0,0.140625,9.0
qwen25_15b,45,msc_valid,22,lexical_tfidf,0.2,64,3.09375,198.0,2.859375,183.0,0.234375,15.0
qwen25_15b,45,msc_valid,22,recency_keep_compress_drop,0.2,64,3.09375,198.0,2.859375,183.0,0.234375,15.0
qwen25_15b,45,msc_valid,22,uniform,0.35,64,3.015625,193.0,2.859375,183.0,0.15625,10.0
qwen25_15b,45,msc_valid,22,longllmlingua,0.35,64,3.265625,209.0,2.859375,183.0,0.40625,26.0
qwen25_15b,45,msc_valid,22,recency,0.35,64,3.015625,193.0,2.859375,183.0,0.15625,10.0
qwen25_15b,45,msc_valid,22,lexical_tfidf,0.35,64,2.9375,188.0,2.859375,183.0,0.078125,5.0
qwen25_15b,45,msc_valid,22,recency_keep_compress_drop,0.35,64,3.109375,199.0,2.859375,183.0,0.25,16.0
qwen25_15b,45,msc_valid,22,uniform,0.5,64,2.96875,190.0,2.859375,183.0,0.109375,7.0
qwen25_15b,45,msc_valid,22,longllmlingua,0.5,64,3.078125,197.0,2.859375,183.0,0.21875,14.0
qwen25_15b,45,msc_valid,22,recency,0.5,64,3.0,192.0,2.859375,183.0,0.140625,9.0
qwen25_15b,45,msc_valid,22,lexical_tfidf,0.5,64,2.90625,186.0,2.859375,183.0,0.046875,3.0
qwen25_15b,45,msc_valid,22,recency_keep_compress_drop,0.5,64,3.09375,198.0,2.859375,183.0,0.234375,15.0
qwen25_15b,45,msc_valid,26,uniform,0.2,12,2.34375,28.125,2.1770833333333335,26.125,0.16666666666666652,2.0
qwen25_15b,45,msc_valid,26,longllmlingua,0.2,12,2.5625,30.75,2.1770833333333335,26.125,0.3854166666666665,4.625
qwen25_15b,45,msc_valid,26,recency,0.2,12,2.3541666666666665,28.25,2.1770833333333335,26.125,0.17708333333333304,2.125
qwen25_15b,45,msc_valid,26,lexical_tfidf,0.2,12,2.0729166666666665,24.875,2.1770833333333335,26.125,-0.10416666666666696,-1.25
qwen25_15b,45,msc_valid,26,recency_keep_compress_drop,0.2,12,2.25,27.0,2.1770833333333335,26.125,0.07291666666666652,0.875
qwen25_15b,45,msc_valid,26,uniform,0.35,12,2.125,25.5,2.1770833333333335,26.125,-0.05208333333333348,-0.625
qwen25_15b,45,msc_valid,26,longllmlingua,0.35,12,2.46875,29.625,2.1770833333333335,26.125,0.2916666666666665,3.5
qwen25_15b,45,msc_valid,26,recency,0.35,12,2.1354166666666665,25.625,2.1770833333333335,26.125,-0.04166666666666696,-0.5
qwen25_15b,45,msc_valid,26,lexical_tfidf,0.35,12,2.1875,26.25,2.1770833333333335,26.125,0.010416666666666519,0.125
qwen25_15b,45,msc_valid,26,recency_keep_compress_drop,0.35,12,2.2395833333333335,26.875,2.1770833333333335,26.125,0.0625,0.75
qwen25_15b,45,msc_valid,26,uniform,0.5,12,2.0416666666666665,24.5,2.1770833333333335,26.125,-0.13541666666666696,-1.625
qwen25_15b,45,msc_valid,26,longllmlingua,0.5,12,2.3541666666666665,28.25,2.1770833333333335,26.125,0.17708333333333304,2.125
qwen25_15b,45,msc_valid,26,recency,0.5,12,2.2083333333333335,26.5,2.1770833333333335,26.125,0.03125,0.375
qwen25_15b,45,msc_valid,26,lexical_tfidf,0.5,12,2.09375,25.125,2.1770833333333335,26.125,-0.08333333333333348,-1.0
qwen25_15b,45,msc_valid,26,recency_keep_compress_drop,0.5,12,2.21875,26.625,2.1770833333333335,26.125,0.04166666666666652,0.5
qwen25_15b,45,msc_valid,30,uniform,0.2,40,2.425,97.0,2.25,90.0,0.17499999999999982,7.0
qwen25_15b,45,msc_valid,30,longllmlingua,0.2,40,2.3125,92.5,2.25,90.0,0.0625,2.5
qwen25_15b,45,msc_valid,30,recency,0.2,40,2.35,94.0,2.25,90.0,0.10000000000000009,4.0
qwen25_15b,45,msc_valid,30,lexical_tfidf,0.2,40,2.35,94.0,2.25,90.0,0.10000000000000009,4.0
qwen25_15b,45,msc_valid,30,recency_keep_compress_drop,0.2,40,2.325,93.0,2.25,90.0,0.07500000000000018,3.0
qwen25_15b,45,msc_valid,30,uniform,0.35,40,2.4625,98.5,2.25,90.0,0.2124999999999999,8.5
qwen25_15b,45,msc_valid,30,longllmlingua,0.35,40,2.3375,93.5,2.25,90.0,0.08749999999999991,3.5
qwen25_15b,45,msc_valid,30,recency,0.35,40,2.35,94.0,2.25,90.0,0.10000000000000009,4.0
qwen25_15b,45,msc_valid,30,lexical_tfidf,0.35,40,2.3125,92.5,2.25,90.0,0.0625,2.5
qwen25_15b,45,msc_valid,30,recency_keep_compress_drop,0.35,40,2.275,91.0,2.25,90.0,0.02499999999999991,1.0
qwen25_15b,45,msc_valid,30,uniform,0.5,40,2.4625,98.5,2.25,90.0,0.2124999999999999,8.5
qwen25_15b,45,msc_valid,30,longllmlingua,0.5,40,2.35,94.0,2.25,90.0,0.10000000000000009,4.0
qwen25_15b,45,msc_valid,30,recency,0.5,40,2.3,92.0,2.25,90.0,0.04999999999999982,2.0
qwen25_15b,45,msc_valid,30,lexical_tfidf,0.5,40,2.2875,91.5,2.25,90.0,0.03750000000000009,1.5
qwen25_15b,45,msc_valid,30,recency_keep_compress_drop,0.5,40,2.25,90.0,2.25,90.0,0.0,0.0
qwen25_15b,45,msc_valid,34,uniform,0.2,21,2.6666666666666665,56.0,0.0,0.0,2.6666666666666665,56.0
qwen25_15b,45,msc_valid,34,longllmlingua,0.2,21,2.7976190476190474,58.75,0.0,0.0,2.7976190476190474,58.75
qwen25_15b,45,msc_valid,34,recency,0.2,21,2.75,57.75,0.0,0.0,2.75,57.75
qwen25_15b,45,msc_valid,34,lexical_tfidf,0.2,21,2.607142857142857,54.75,0.0,0.0,2.607142857142857,54.75
qwen25_15b,45,msc_valid,34,recency_keep_compress_drop,0.2,21,2.630952380952381,55.25,0.0,0.0,2.630952380952381,55.25
qwen25_15b,45,msc_valid,34,uniform,0.35,21,2.630952380952381,55.25,0.0,0.0,2.630952380952381,55.25
qwen25_15b,45,msc_valid,34,longllmlingua,0.35,21,2.6785714285714284,56.25,0.0,0.0,2.6785714285714284,56.25
qwen25_15b,45,msc_valid,34,recency,0.35,21,2.6904761904761907,56.5,0.0,0.0,2.6904761904761907,56.5
qwen25_15b,45,msc_valid,34,lexical_tfidf,0.35,21,2.619047619047619,55.0,0.0,0.0,2.619047619047619,55.0
qwen25_15b,45,msc_valid,34,recency_keep_compress_drop,0.35,21,2.5952380952380953,54.5,0.0,0.0,2.5952380952380953,54.5
qwen25_15b,45,msc_valid,34,uniform,0.5,21,2.5595238095238093,53.75,0.0,0.0,2.5595238095238093,53.75
qwen25_15b,45,msc_valid,34,longllmlingua,0.5,21,2.4285714285714284,51.0,0.0,0.0,2.4285714285714284,51.0
qwen25_15b,45,msc_valid,34,recency,0.5,21,2.2857142857142856,48.0,0.0,0.0,2.2857142857142856,48.0
qwen25_15b,45,msc_valid,34,lexical_tfidf,0.5,21,2.2023809523809526,46.25,0.0,0.0,2.2023809523809526,46.25
qwen25_15b,45,msc_valid,34,recency_keep_compress_drop,0.5,21,2.5357142857142856,53.25,0.0,0.0,2.5357142857142856,53.25
qwen25_15b,45,msc_valid,38,uniform,0.2,16,1.484375,23.75,0.0,0.0,1.484375,23.75
qwen25_15b,45,msc_valid,38,longllmlingua,0.2,16,1.4296875,22.875,0.0,0.0,1.4296875,22.875
qwen25_15b,45,msc_valid,38,recency,0.2,16,1.4453125,23.125,0.0,0.0,1.4453125,23.125
qwen25_15b,45,msc_valid,38,lexical_tfidf,0.2,16,1.4296875,22.875,0.0,0.0,1.4296875,22.875
qwen25_15b,45,msc_valid,38,recency_keep_compress_drop,0.2,16,1.421875,22.75,0.0,0.0,1.421875,22.75
qwen25_15b,45,msc_valid,38,uniform,0.35,16,1.484375,23.75,0.0,0.0,1.484375,23.75
qwen25_15b,45,msc_valid,38,longllmlingua,0.35,16,1.4375,23.0,0.0,0.0,1.4375,23.0
qwen25_15b,45,msc_valid,38,recency,0.35,16,1.4140625,22.625,0.0,0.0,1.4140625,22.625
qwen25_15b,45,msc_valid,38,lexical_tfidf,0.35,16,1.3671875,21.875,0.0,0.0,1.3671875,21.875
qwen25_15b,45,msc_valid,38,recency_keep_compress_drop,0.35,16,1.4296875,22.875,0.0,0.0,1.4296875,22.875
qwen25_15b,45,msc_valid,38,uniform,0.5,16,1.4921875,23.875,0.0,0.0,1.4921875,23.875
qwen25_15b,45,msc_valid,38,longllmlingua,0.5,16,1.3671875,21.875,0.0,0.0,1.3671875,21.875
qwen25_15b,45,msc_valid,38,recency,0.5,16,1.5078125,24.125,0.0,0.0,1.5078125,24.125
qwen25_15b,45,msc_valid,38,lexical_tfidf,0.5,16,1.3984375,22.375,0.0,0.0,1.3984375,22.375
qwen25_15b,45,msc_valid,38,recency_keep_compress_drop,0.5,16,1.4140625,22.625,0.0,0.0,1.4140625,22.625
qwen25_15b,45,msc_valid,42,uniform,0.2,14,3.4464285714285716,48.25,0.0,0.0,3.4464285714285716,48.25
qwen25_15b,45,msc_valid,42,longllmlingua,0.2,14,3.1964285714285716,44.75,0.0,0.0,3.1964285714285716,44.75
qwen25_15b,45,msc_valid,42,recency,0.2,14,2.625,36.75,0.0,0.0,2.625,36.75
qwen25_15b,45,msc_valid,42,lexical_tfidf,0.2,14,2.5892857142857144,36.25,0.0,0.0,2.5892857142857144,36.25
qwen25_15b,45,msc_valid,42,recency_keep_compress_drop,0.2,14,2.732142857142857,38.25,0.0,0.0,2.732142857142857,38.25
qwen25_15b,45,msc_valid,42,uniform,0.35,14,2.857142857142857,40.0,0.0,0.0,2.857142857142857,40.0
qwen25_15b,45,msc_valid,42,longllmlingua,0.35,14,3.1964285714285716,44.75,0.0,0.0,3.1964285714285716,44.75
qwen25_15b,45,msc_valid,42,recency,0.35,14,2.517857142857143,35.25,0.0,0.0,2.517857142857143,35.25
qwen25_15b,45,msc_valid,42,lexical_tfidf,0.35,14,2.607142857142857,36.5,0.0,0.0,2.607142857142857,36.5
qwen25_15b,45,msc_valid,42,recency_keep_compress_drop,0.35,14,2.75,38.5,0.0,0.0,2.75,38.5
qwen25_15b,45,msc_valid,42,uniform,0.5,14,2.875,40.25,0.0,0.0,2.875,40.25
qwen25_15b,45,msc_valid,42,longllmlingua,0.5,14,2.982142857142857,41.75,0.0,0.0,2.982142857142857,41.75
qwen25_15b,45,msc_valid,42,recency,0.5,14,2.5535714285714284,35.75,0.0,0.0,2.5535714285714284,35.75
qwen25_15b,45,msc_valid,42,lexical_tfidf,0.5,14,2.5892857142857144,36.25,0.0,0.0,2.5892857142857144,36.25
qwen25_15b,45,msc_valid,42,recency_keep_compress_drop,0.5,14,2.6964285714285716,37.75,0.0,0.0,2.6964285714285716,37.75
qwen25_15b,45,msc_valid,46,uniform,0.2,38,1.9342105263157894,73.5,0.0,0.0,1.9342105263157894,73.5
qwen25_15b,45,msc_valid,46,longllmlingua,0.2,38,1.855263157894737,70.5,0.0,0.0,1.855263157894737,70.5
qwen25_15b,45,msc_valid,46,recency,0.2,38,1.894736842105263,72.0,0.0,0.0,1.894736842105263,72.0
qwen25_15b,45,msc_valid,46,lexical_tfidf,0.2,38,1.9342105263157894,73.5,0.0,0.0,1.9342105263157894,73.5
qwen25_15b,45,msc_valid,46,recency_keep_compress_drop,0.2,38,1.9605263157894737,74.5,0.0,0.0,1.9605263157894737,74.5
qwen25_15b,45,msc_valid,46,uniform,0.35,38,1.9210526315789473,73.0,0.0,0.0,1.9210526315789473,73.0
qwen25_15b,45,msc_valid,46,longllmlingua,0.35,38,1.8289473684210527,69.5,0.0,0.0,1.8289473684210527,69.5
qwen25_15b,45,msc_valid,46,recency,0.35,38,1.894736842105263,72.0,0.0,0.0,1.894736842105263,72.0
qwen25_15b,45,msc_valid,46,lexical_tfidf,0.35,38,1.9210526315789473,73.0,0.0,0.0,1.9210526315789473,73.0
qwen25_15b,45,msc_valid,46,recency_keep_compress_drop,0.35,38,1.9210526315789473,73.0,0.0,0.0,1.9210526315789473,73.0
qwen25_15b,45,msc_valid,46,uniform,0.5,38,1.9078947368421053,72.5,0.0,0.0,1.9078947368421053,72.5
qwen25_15b,45,msc_valid,46,longllmlingua,0.5,38,1.8026315789473684,68.5,0.0,0.0,1.8026315789473684,68.5
qwen25_15b,45,msc_valid,46,recency,0.5,38,1.881578947368421,71.5,0.0,0.0,1.881578947368421,71.5
qwen25_15b,45,msc_valid,46,lexical_tfidf,0.5,38,1.868421052631579,71.0,0.0,0.0,1.868421052631579,71.0
qwen25_15b,45,msc_valid,46,recency_keep_compress_drop,0.5,38,1.9078947368421053,72.5,0.0,0.0,1.9078947368421053,72.5
qwen25_15b,45,msc_valid,48,uniform,0.2,24,1.9166666666666667,46.0,0.0,0.0,1.9166666666666667,46.0
qwen25_15b,45,msc_valid,48,longllmlingua,0.2,24,1.5625,37.5,0.0,0.0,1.5625,37.5
qwen25_15b,45,msc_valid,48,recency,0.2,24,1.65625,39.75,0.0,0.0,1.65625,39.75
qwen25_15b,45,msc_valid,48,lexical_tfidf,0.2,24,1.71875,41.25,0.0,0.0,1.71875,41.25
qwen25_15b,45,msc_valid,48,recency_keep_compress_drop,0.2,24,1.65625,39.75,0.0,0.0,1.65625,39.75
qwen25_15b,45,msc_valid,48,uniform,0.35,24,1.6666666666666667,40.0,0.0,0.0,1.6666666666666667,40.0
qwen25_15b,45,msc_valid,48,longllmlingua,0.35,24,1.5625,37.5,0.0,0.0,1.5625,37.5
qwen25_15b,45,msc_valid,48,recency,0.35,24,1.65625,39.75,0.0,0.0,1.65625,39.75
qwen25_15b,45,msc_valid,48,lexical_tfidf,0.35,24,1.7291666666666667,41.5,0.0,0.0,1.7291666666666667,41.5
qwen25_15b,45,msc_valid,48,recency_keep_compress_drop,0.35,24,1.625,39.0,0.0,0.0,1.625,39.0
qwen25_15b,45,msc_valid,48,uniform,0.5,24,1.8125,43.5,0.0,0.0,1.8125,43.5
qwen25_15b,45,msc_valid,48,longllmlingua,0.5,24,1.53125,36.75,0.0,0.0,1.53125,36.75
qwen25_15b,45,msc_valid,48,recency,0.5,24,1.6770833333333333,40.25,0.0,0.0,1.6770833333333333,40.25
qwen25_15b,45,msc_valid,48,lexical_tfidf,0.5,24,1.6354166666666667,39.25,0.0,0.0,1.6354166666666667,39.25
qwen25_15b,45,msc_valid,48,recency_keep_compress_drop,0.5,24,1.6145833333333333,38.75,0.0,0.0,1.6145833333333333,38.75
qwen25_15b,45,msc_valid,52,uniform,0.2,42,3.0952380952380953,130.0,0.0,0.0,3.0952380952380953,130.0
qwen25_15b,45,msc_valid,52,longllmlingua,0.2,42,3.0476190476190474,128.0,0.0,0.0,3.0476190476190474,128.0
qwen25_15b,45,msc_valid,52,recency,0.2,42,3.142857142857143,132.0,0.0,0.0,3.142857142857143,132.0
qwen25_15b,45,msc_valid,52,lexical_tfidf,0.2,42,3.1666666666666665,133.0,0.0,0.0,3.1666666666666665,133.0
qwen25_15b,45,msc_valid,52,recency_keep_compress_drop,0.2,42,3.1666666666666665,133.0,0.0,0.0,3.1666666666666665,133.0
qwen25_15b,45,msc_valid,52,uniform,0.35,42,3.0952380952380953,130.0,0.0,0.0,3.0952380952380953,130.0
qwen25_15b,45,msc_valid,52,longllmlingua,0.35,42,3.0952380952380953,130.0,0.0,0.0,3.0952380952380953,130.0
qwen25_15b,45,msc_valid,52,recency,0.35,42,3.119047619047619,131.0,0.0,0.0,3.119047619047619,131.0
qwen25_15b,45,msc_valid,52,lexical_tfidf,0.35,42,3.119047619047619,131.0,0.0,0.0,3.119047619047619,131.0
qwen25_15b,45,msc_valid,52,recency_keep_compress_drop,0.35,42,3.142857142857143,132.0,0.0,0.0,3.142857142857143,132.0
qwen25_15b,45,msc_valid,52,uniform,0.5,42,3.0952380952380953,130.0,0.0,0.0,3.0952380952380953,130.0
qwen25_15b,45,msc_valid,52,longllmlingua,0.5,42,3.0714285714285716,129.0,0.0,0.0,3.0714285714285716,129.0
qwen25_15b,45,msc_valid,52,recency,0.5,0,0.0,0.0,0.0,0.0,0.0,0.0
qwen25_15b,45,msc_valid,52,lexical_tfidf,0.5,0,0.0,0.0,0.0,0.0,0.0,0.0
qwen25_15b,45,msc_valid,52,recency_keep_compress_drop,0.5,0,0.0,0.0,0.0,0.0,0.0,0.0
qwen25_15b,45,msc_valid,56,uniform,0.2,34,2.676470588235294,91.0,0.0,0.0,2.676470588235294,91.0
qwen25_15b,45,msc_valid,56,longllmlingua,0.2,34,2.573529411764706,87.5,0.0,0.0,2.573529411764706,87.5
qwen25_15b,45,msc_valid,56,recency,0.2,34,2.7941176470588234,95.0,0.0,0.0,2.7941176470588234,95.0
qwen25_15b,45,msc_valid,56,lexical_tfidf,0.2,34,2.764705882352941,94.0,0.0,0.0,2.764705882352941,94.0
qwen25_15b,45,msc_valid,56,recency_keep_compress_drop,0.2,34,2.7794117647058822,94.5,0.0,0.0,2.7794117647058822,94.5
qwen25_15b,45,msc_valid,56,uniform,0.35,34,2.6911764705882355,91.5,0.0,0.0,2.6911764705882355,91.5
qwen25_15b,45,msc_valid,56,longllmlingua,0.35,34,2.573529411764706,87.5,0.0,0.0,2.573529411764706,87.5
qwen25_15b,45,msc_valid,56,recency,0.35,0,0.0,0.0,0.0,0.0,0.0,0.0
qwen25_15b,45,msc_valid,56,lexical_tfidf,0.35,0,0.0,0.0,0.0,0.0,0.0,0.0
qwen25_15b,45,msc_valid,56,recency_keep_compress_drop,0.35,0,0.0,0.0,0.0,0.0,0.0,0.0
qwen25_15b,45,msc_valid,56,uniform,0.5,34,2.7205882352941178,92.5,0.0,0.0,2.7205882352941178,92.5
qwen25_15b,45,msc_valid,56,longllmlingua,0.5,34,2.661764705882353,90.5,0.0,0.0,2.661764705882353,90.5
qwen25_15b,45,msc_valid,56,recency,0.5,0,0.0,0.0,0.0,0.0,0.0,0.0
qwen25_15b,45,msc_valid,56,lexical_tfidf,0.5,0,0.0,0.0,0.0,0.0,0.0,0.0
qwen25_15b,45,msc_valid,56,recency_keep_compress_drop,0.5,0,0.0,0.0,0.0,0.0,0.0,0.0
qwen25_15b,45,msc_valid,60,uniform,0.2,35,2.742857142857143,96.0,0.0,0.0,2.742857142857143,96.0
qwen25_15b,45,msc_valid,60,longllmlingua,0.2,35,2.7714285714285714,97.0,0.0,0.0,2.7714285714285714,97.0
qwen25_15b,45,msc_valid,60,recency,0.2,4,3.65625,14.625,0.0,0.0,3.65625,14.625
qwen25_15b,45,msc_valid,60,lexical_tfidf,0.2,7,2.517857142857143,17.625,0.0,0.0,2.517857142857143,17.625
qwen25_15b,45,msc_valid,60,recency_keep_compress_drop,0.2,0,0.0,0.0,0.0,0.0,0.0,0.0
qwen25_15b,45,msc_valid,60,uniform,0.35,35,2.7285714285714286,95.5,0.0,0.0,2.7285714285714286,95.5
qwen25_15b,45,msc_valid,60,longllmlingua,0.35,35,2.7857142857142856,97.5,0.0,0.0,2.7857142857142856,97.5
qwen25_15b,45,msc_valid,60,recency,0.35,0,0.0,0.0,0.0,0.0,0.0,0.0
qwen25_15b,45,msc_valid,60,lexical_tfidf,0.35,0,0.0,0.0,0.0,0.0,0.0,0.0
qwen25_15b,45,msc_valid,60,recency_keep_compress_drop,0.35,0,0.0,0.0,0.0,0.0,0.0,0.0
qwen25_15b,45,msc_valid,60,uniform,0.5,35,2.7142857142857144,95.0,0.0,0.0,2.7142857142857144,95.0
qwen25_15b,45,msc_valid,60,longllmlingua,0.5,35,2.8285714285714287,99.0,0.0,0.0,2.8285714285714287,99.0
qwen25_15b,45,msc_valid,60,recency,0.5,0,0.0,0.0,0.0,0.0,0.0,0.0
qwen25_15b,45,msc_valid,60,lexical_tfidf,0.5,0,0.0,0.0,0.0,0.0,0.0,0.0
qwen25_15b,45,msc_valid,60,recency_keep_compress_drop,0.5,0,0.0,0.0,0.0,0.0,0.0,0.0
qwen25_15b,53,msc_valid,4,uniform,0.2,18,3.486111111111111,62.75,3.263888888888889,58.75,0.22222222222222232,4.0
qwen25_15b,53,msc_valid,4,longllmlingua,0.2,18,3.2777777777777777,59.0,3.263888888888889,58.75,0.01388888888888884,0.25
qwen25_15b,53,msc_valid,4,recency,0.2,18,3.486111111111111,62.75,3.263888888888889,58.75,0.22222222222222232,4.0
qwen25_15b,53,msc_valid,4,lexical_tfidf,0.2,18,3.486111111111111,62.75,3.263888888888889,58.75,0.22222222222222232,4.0
qwen25_15b,53,msc_valid,4,recency_keep_compress_drop,0.2,18,3.486111111111111,62.75,3.263888888888889,58.75,0.22222222222222232,4.0
qwen25_15b,53,msc_valid,4,uniform,0.35,18,3.361111111111111,60.5,3.263888888888889,58.75,0.09722222222222232,1.75
qwen25_15b,53,msc_valid,4,longllmlingua,0.35,18,3.138888888888889,56.5,3.263888888888889,58.75,-0.125,-2.25
qwen25_15b,53,msc_valid,4,recency,0.35,18,3.361111111111111,60.5,3.263888888888889,58.75,0.09722222222222232,1.75
qwen25_15b,53,msc_valid,4,lexical_tfidf,0.35,18,3.361111111111111,60.5,3.263888888888889,58.75,0.09722222222222232,1.75
qwen25_15b,53,msc_valid,4,recency_keep_compress_drop,0.35,18,3.361111111111111,60.5,3.263888888888889,58.75,0.09722222222222232,1.75
qwen25_15b,53,msc_valid,4,uniform,0.5,18,3.361111111111111,60.5,3.263888888888889,58.75,0.09722222222222232,1.75
qwen25_15b,53,msc_valid,4,longllmlingua,0.5,18,3.138888888888889,56.5,3.263888888888889,58.75,-0.125,-2.25
qwen25_15b,53,msc_valid,4,recency,0.5,18,3.361111111111111,60.5,3.263888888888889,58.75,0.09722222222222232,1.75
qwen25_15b,53,msc_valid,4,lexical_tfidf,0.5,18,3.361111111111111,60.5,3.263888888888889,58.75,0.09722222222222232,1.75
qwen25_15b,53,msc_valid,4,recency_keep_compress_drop,0.5,18,3.361111111111111,60.5,3.263888888888889,58.75,0.09722222222222232,1.75
qwen25_15b,53,msc_valid,6,uniform,0.2,21,4.142857142857143,87.0,4.0,84.0,0.14285714285714324,3.0
qwen25_15b,53,msc_valid,6,longllmlingua,0.2,21,4.095238095238095,86.0,4.0,84.0,0.0952380952380949,2.0
qwen25_15b,53,msc_valid,6,recency,0.2,21,4.309523809523809,90.5,4.0,84.0,0.3095238095238093,6.5
qwen25_15b,53,msc_valid,6,lexical_tfidf,0.2,21,4.142857142857143,87.0,4.0,84.0,0.14285714285714324,3.0
qwen25_15b,53,msc_valid,6,recency_keep_compress_drop,0.2,21,4.142857142857143,87.0,4.0,84.0,0.14285714285714324,3.0
qwen25_15b,53,msc_valid,6,uniform,0.35,21,4.095238095238095,86.0,4.0,84.0,0.0952380952380949,2.0
qwen25_15b,53,msc_valid,6,longllmlingua,0.35,21,4.0476190476190474,85.0,4.0,84.0,0.04761904761904745,1.0
qwen25_15b,53,msc_valid,6,recency,0.35,21,4.095238095238095,86.0,4.0,84.0,0.0952380952380949,2.0
qwen25_15b,53,msc_valid,6,lexical_tfidf,0.35,21,4.095238095238095,86.0,4.0,84.0,0.0952380952380949,2.0
qwen25_15b,53,msc_valid,6,recency_keep_compress_drop,0.35,21,4.238095238095238,89.0,4.0,84.0,0.23809523809523814,5.0
qwen25_15b,53,msc_valid,6,uniform,0.5,21,4.333333333333333,91.0,4.0,84.0,0.33333333333333304,7.0
qwen25_15b,53,msc_valid,6,longllmlingua,0.5,21,4.023809523809524,84.5,4.0,84.0,0.023809523809523725,0.5
qwen25_15b,53,msc_valid,6,recency,0.5,21,4.166666666666667,87.5,4.0,84.0,0.16666666666666696,3.5
qwen25_15b,53,msc_valid,6,lexical_tfidf,0.5,21,4.333333333333333,91.0,4.0,84.0,0.33333333333333304,7.0
qwen25_15b,53,msc_valid,6,recency_keep_compress_drop,0.5,21,3.9047619047619047,82.0,4.0,84.0,-0.09523809523809534,-2.0
qwen25_15b,53,msc_valid,8,uniform,0.2,22,2.590909090909091,57.0,2.3863636363636362,52.5,0.20454545454545459,4.5
qwen25_15b,53,msc_valid,8,longllmlingua,0.2,22,2.2954545454545454,50.5,2.3863636363636362,52.5,-0.09090909090909083,-2.0
qwen25_15b,53,msc_valid,8,recency,0.2,22,2.6818181818181817,59.0,2.3863636363636362,52.5,0.2954545454545454,6.5
qwen25_15b,53,msc_valid,8,lexical_tfidf,0.2,22,2.590909090909091,57.0,2.3863636363636362,52.5,0.20454545454545459,4.5
qwen25_15b,53,msc_valid,8,recency_keep_compress_drop,0.2,22,2.4204545454545454,53.25,2.3863636363636362,52.5,0.03409090909090917,0.75
qwen25_15b,53,msc_valid,8,uniform,0.35,22,2.6818181818181817,59.0,2.3863636363636362,52.5,0.2954545454545454,6.5
qwen25_15b,53,msc_valid,8,longllmlingua,0.35,22,2.2386363636363638,49.25,2.3863636363636362,52.5,-0.14772727272727249,-3.25
qwen25_15b,53,msc_valid,8,recency,0.35,22,2.4431818181818183,53.75,2.3863636363636362,52.5,0.0568181818181821,1.25
qwen25_15b,53,msc_valid,8,lexical_tfidf,0.35,22,2.6363636363636362,58.0,2.3863636363636362,52.5,0.25,5.5
qwen25_15b,53,msc_valid,8,recency_keep_compress_drop,0.35,22,2.3181818181818183,51.0,2.3863636363636362,52.5,-0.0681818181818179,-1.5
qwen25_15b,53,msc_valid,8,uniform,0.5,22,2.7613636363636362,60.75,2.3863636363636362,52.5,0.375,8.25
qwen25_15b,53,msc_valid,8,longllmlingua,0.5,22,2.2613636363636362,49.75,2.3863636363636362,52.5,-0.125,-2.75
qwen25_15b,53,msc_valid,8,recency,0.5,22,2.4318181818181817,53.5,2.3863636363636362,52.5,0.045454545454545414,1.0
qwen25_15b,53,msc_valid,8,lexical_tfidf,0.5,22,2.7613636363636362,60.75,2.3863636363636362,52.5,0.375,8.25
qwen25_15b,53,msc_valid,8,recency_keep_compress_drop,0.5,22,2.3068181818181817,50.75,2.3863636363636362,52.5,-0.07954545454545459,-1.75
qwen25_15b,53,msc_valid,10,uniform,0.2,13,2.7115384615384617,35.25,2.269230769230769,29.5,0.4423076923076925,5.75
qwen25_15b,53,msc_valid,10,longllmlingua,0.2,13,2.4038461538461537,31.25,2.269230769230769,29.5,0.13461538461538458,1.75
qwen25_15b,53,msc_valid,10,recency,0.2,13,2.8461538461538463,37.0,2.269230769230769,29.5,0.5769230769230771,7.5
qwen25_15b,53,msc_valid,10,lexical_tfidf,0.2,13,2.8846153846153846,37.5,2.269230769230769,29.5,0.6153846153846154,8.0
qwen25_15b,53,msc_valid,10,recency_keep_compress_drop,0.2,13,2.9038461538461537,37.75,2.269230769230769,29.5,0.6346153846153846,8.25
qwen25_15b,53,msc_valid,10,uniform,0.35,13,2.826923076923077,36.75,2.269230769230769,29.5,0.5576923076923079,7.25
qwen25_15b,53,msc_valid,10,longllmlingua,0.35,13,2.2403846153846154,29.125,2.269230769230769,29.5,-0.028846153846153744,-0.375
qwen25_15b,53,msc_valid,10,recency,0.35,13,2.769230769230769,36.0,2.269230769230769,29.5,0.5,6.5
qwen25_15b,53,msc_valid,10,lexical_tfidf,0.35,13,2.7115384615384617,35.25,2.269230769230769,29.5,0.4423076923076925,5.75
qwen25_15b,53,msc_valid,10,recency_keep_compress_drop,0.35,13,2.7884615384615383,36.25,2.269230769230769,29.5,0.5192307692307692,6.75
qwen25_15b,53,msc_valid,10,uniform,0.5,13,2.826923076923077,36.75,2.269230769230769,29.5,0.5576923076923079,7.25
qwen25_15b,53,msc_valid,10,longllmlingua,0.5,13,2.394230769230769,31.125,2.269230769230769,29.5,0.125,1.625
qwen25_15b,53,msc_valid,10,recency,0.5,13,2.6923076923076925,35.0,2.269230769230769,29.5,0.42307692307692335,5.5
qwen25_15b,53,msc_valid,10,lexical_tfidf,0.5,13,2.6538461538461537,34.5,2.269230769230769,29.5,0.3846153846153846,5.0
qwen25_15b,53,msc_valid,10,recency_keep_compress_drop,0.5,13,2.4038461538461537,31.25,2.269230769230769,29.5,0.13461538461538458,1.75
qwen25_15b,53,msc_valid,12,uniform,0.2,15,3.2333333333333334,48.5,2.4833333333333334,37.25,0.75,11.25
qwen25_15b,53,msc_valid,12,longllmlingua,0.2,15,2.466666666666667,37.0,2.4833333333333334,37.25,-0.016666666666666607,-0.25
qwen25_15b,53,msc_valid,12,recency,0.2,15,2.85,42.75,2.4833333333333334,37.25,0.3666666666666667,5.5
qwen25_15b,53,msc_valid,12,lexical_tfidf,0.2,15,2.966666666666667,44.5,2.4833333333333334,37.25,0.4833333333333334,7.25
qwen25_15b,53,msc_valid,12,recency_keep_compress_drop,0.2,15,2.783333333333333,41.75,2.4833333333333334,37.25,0.2999999999999998,4.5
qwen25_15b,53,msc_valid,12,uniform,0.35,15,3.1333333333333333,47.0,2.4833333333333334,37.25,0.6499999999999999,9.75
qwen25_15b,53,msc_valid,12,longllmlingua,0.35,15,2.55,38.25,2.4833333333333334,37.25,0.06666666666666643,1.0
qwen25_15b,53,msc_valid,12,recency,0.35,15,2.65,39.75,2.4833333333333334,37.25,0.16666666666666652,2.5
qwen25_15b,53,msc_valid,12,lexical_tfidf,0.35,15,2.85,42.75,2.4833333333333334,37.25,0.3666666666666667,5.5
qwen25_15b,53,msc_valid,12,recency_keep_compress_drop,0.35,15,2.75,41.25,2.4833333333333334,37.25,0.2666666666666666,4.0
qwen25_15b,53,msc_valid,12,uniform,0.5,15,2.933333333333333,44.0,2.4833333333333334,37.25,0.44999999999999973,6.75
qwen25_15b,53,msc_valid,12,longllmlingua,0.5,15,2.7666666666666666,41.5,2.4833333333333334,37.25,0.2833333333333332,4.25
qwen25_15b,53,msc_valid,12,recency,0.5,15,2.683333333333333,40.25,2.4833333333333334,37.25,0.19999999999999973,3.0
qwen25_15b,53,msc_valid,12,lexical_tfidf,0.5,15,2.783333333333333,41.75,2.4833333333333334,37.25,0.2999999999999998,4.5
qwen25_15b,53,msc_valid,12,recency_keep_compress_drop,0.5,15,2.4833333333333334,37.25,2.4833333333333334,37.25,0.0,0.0
qwen25_15b,53,msc_valid,14,uniform,0.2,13,3.076923076923077,40.0,2.923076923076923,38.0,0.1538461538461542,2.0
qwen25_15b,53,msc_valid,14,longllmlingua,0.2,13,2.980769230769231,38.75,2.923076923076923,38.0,0.05769230769230793,0.75
qwen25_15b,53,msc_valid,14,recency,0.2,13,3.173076923076923,41.25,2.923076923076923,38.0,0.25,3.25
qwen25_15b,53,msc_valid,14,lexical_tfidf,0.2,13,3.1153846153846154,40.5,2.923076923076923,38.0,0.1923076923076925,2.5
qwen25_15b,53,msc_valid,14,recency_keep_compress_drop,0.2,13,3.1153846153846154,40.5,2.923076923076923,38.0,0.1923076923076925,2.5
qwen25_15b,53,msc_valid,14,uniform,0.35,13,3.1153846153846154,40.5,2.923076923076923,38.0,0.1923076923076925,2.5
qwen25_15b,53,msc_valid,14,longllmlingua,0.35,13,2.8461538461538463,37.0,2.923076923076923,38.0,-0.07692307692307665,-1.0
qwen25_15b,53,msc_valid,14,recency,0.35,13,3.1346153846153846,40.75,2.923076923076923,38.0,0.21153846153846168,2.75
qwen25_15b,53,msc_valid,14,lexical_tfidf,0.35,13,2.826923076923077,36.75,2.923076923076923,38.0,-0.09615384615384581,-1.25
qwen25_15b,53,msc_valid,14,recency_keep_compress_drop,0.35,13,2.980769230769231,38.75,2.923076923076923,38.0,0.05769230769230793,0.75
qwen25_15b,53,msc_valid,14,uniform,0.5,13,2.923076923076923,38.0,2.923076923076923,38.0,0.0,0.0
qwen25_15b,53,msc_valid,14,longllmlingua,0.5,13,3.1153846153846154,40.5,2.923076923076923,38.0,0.1923076923076925,2.5
qwen25_15b,53,msc_valid,14,recency,0.5,13,3.0,39.0,2.923076923076923,38.0,0.0769230769230771,1.0
qwen25_15b,53,msc_valid,14,lexical_tfidf,0.5,13,3.0961538461538463,40.25,2.923076923076923,38.0,0.17307692307692335,2.25
qwen25_15b,53,msc_valid,14,recency_keep_compress_drop,0.5,13,2.8461538461538463,37.0,2.923076923076923,38.0,-0.07692307692307665,-1.0
qwen25_15b,81,msc_valid,4,uniform,0.2,17,3.911764705882353,66.5,2.8970588235294117,49.25,1.0147058823529411,17.25
qwen25_15b,81,msc_valid,4,longllmlingua,0.2,17,3.4558823529411766,58.75,2.8970588235294117,49.25,0.5588235294117649,9.5
qwen25_15b,81,msc_valid,4,recency,0.2,17,3.911764705882353,66.5,2.8970588235294117,49.25,1.0147058823529411,17.25
qwen25_15b,81,msc_valid,4,lexical_tfidf,0.2,17,3.911764705882353,66.5,2.8970588235294117,49.25,1.0147058823529411,17.25
qwen25_15b,81,msc_valid,4,recency_keep_compress_drop,0.2,17,3.911764705882353,66.5,2.8970588235294117,49.25,1.0147058823529411,17.25
qwen25_15b,81,msc_valid,4,uniform,0.35,17,3.911764705882353,66.5,2.8970588235294117,49.25,1.0147058823529411,17.25
qwen25_15b,81,msc_valid,4,longllmlingua,0.35,17,3.264705882352941,55.5,2.8970588235294117,49.25,0.36764705882352944,6.25
qwen25_15b,81,msc_valid,4,recency,0.35,17,3.911764705882353,66.5,2.8970588235294117,49.25,1.0147058823529411,17.25
qwen25_15b,81,msc_valid,4,lexical_tfidf,0.35,17,3.911764705882353,66.5,2.8970588235294117,49.25,1.0147058823529411,17.25
qwen25_15b,81,msc_valid,4,recency_keep_compress_drop,0.35,17,3.911764705882353,66.5,2.8970588235294117,49.25,1.0147058823529411,17.25
qwen25_15b,81,msc_valid,4,uniform,0.5,17,3.161764705882353,53.75,2.8970588235294117,49.25,0.2647058823529411,4.5
qwen25_15b,81,msc_valid,4,longllmlingua,0.5,17,3.088235294117647,52.5,2.8970588235294117,49.25,0.1911764705882355,3.25
qwen25_15b,81,msc_valid,4,recency,0.5,17,3.161764705882353,53.75,2.8970588235294117,49.25,0.2647058823529411,4.5
qwen25_15b,81,msc_valid,4,lexical_tfidf,0.5,17,3.161764705882353,53.75,2.8970588235294117,49.25,0.2647058823529411,4.5
qwen25_15b,81,msc_valid,4,recency_keep_compress_drop,0.5,17,3.161764705882353,53.75,2.8970588235294117,49.25,0.2647058823529411,4.5
qwen25_15b,81,msc_valid,6,uniform,0.2,20,3.4,68.0,3.175,63.5,0.2250000000000001,4.5
qwen25_15b,81,msc_valid,6,longllmlingua,0.2,20,3.5,70.0,3.175,63.5,0.3250000000000002,6.5
qwen25_15b,81,msc_valid,6,recency,0.2,20,3.4,68.0,3.175,63.5,0.2250000000000001,4.5
qwen25_15b,81,msc_valid,6,lexical_tfidf,0.2,20,3.4,68.0,3.175,63.5,0.2250000000000001,4.5
qwen25_15b,81,msc_valid,6,recency_keep_compress_drop,0.2,20,3.475,69.5,3.175,63.5,0.30000000000000027,6.0
qwen25_15b,81,msc_valid,6,uniform,0.35,20,3.6,72.0,3.175,63.5,0.42500000000000027,8.5
qwen25_15b,81,msc_valid,6,longllmlingua,0.35,20,3.425,68.5,3.175,63.5,0.25,5.0
qwen25_15b,81,msc_valid,6,recency,0.35,20,3.325,66.5,3.175,63.5,0.15000000000000036,3.0
qwen25_15b,81,msc_valid,6,lexical_tfidf,0.35,20,3.6,72.0,3.175,63.5,0.42500000000000027,8.5
qwen25_15b,81,msc_valid,6,recency_keep_compress_drop,0.35,20,3.325,66.5,3.175,63.5,0.15000000000000036,3.0
qwen25_15b,81,msc_valid,6,uniform,0.5,20,3.325,66.5,3.175,63.5,0.15000000000000036,3.0
qwen25_15b,81,msc_valid,6,longllmlingua,0.5,20,3.35,67.0,3.175,63.5,0.17500000000000027,3.5
qwen25_15b,81,msc_valid,6,recency,0.5,20,3.275,65.5,3.175,63.5,0.10000000000000009,2.0
qwen25_15b,81,msc_valid,6,lexical_tfidf,0.5,20,3.525,70.5,3.175,63.5,0.3500000000000001,7.0
qwen25_15b,81,msc_valid,6,recency_keep_compress_drop,0.5,20,3.325,66.5,3.175,63.5,0.15000000000000036,3.0
qwen25_15b,81,msc_valid,8,uniform,0.2,10,3.55,35.5,3.6,36.0,-0.050000000000000266,-0.5
qwen25_15b,81,msc_valid,8,longllmlingua,0.2,10,3.225,32.25,3.6,36.0,-0.375,-3.75
qwen25_15b,81,msc_valid,8,recency,0.2,10,3.5,35.0,3.6,36.0,-0.10000000000000009,-1.0
qwen25_15b,81,msc_valid,8,lexical_tfidf,0.2,10,4.075,40.75,3.6,36.0,0.4750000000000001,4.75
qwen25_15b,81,msc_valid,8,recency_keep_compress_drop,0.2,10,3.325,33.25,3.6,36.0,-0.2749999999999999,-2.75
qwen25_15b,81,msc_valid,8,uniform,0.35,10,4.05,40.5,3.6,36.0,0.44999999999999973,4.5
qwen25_15b,81,msc_valid,8,longllmlingua,0.35,10,3.1875,31.875,3.6,36.0,-0.4125000000000001,-4.125
qwen25_15b,81,msc_valid,8,recency,0.35,10,3.2,32.0,3.6,36.0,-0.3999999999999999,-4.0
qwen25_15b,81,msc_valid,8,lexical_tfidf,0.35,10,4.05,40.5,3.6,36.0,0.44999999999999973,4.5
qwen25_15b,81,msc_valid,8,recency_keep_compress_drop,0.35,10,2.825,28.25,3.6,36.0,-0.7749999999999999,-7.75
qwen25_15b,81,msc_valid,8,uniform,0.5,10,3.825,38.25,3.6,36.0,0.2250000000000001,2.25
qwen25_15b,81,msc_valid,8,longllmlingua,0.5,10,2.975,29.75,3.6,36.0,-0.625,-6.25
qwen25_15b,81,msc_valid,8,recency,0.5,10,2.65,26.5,3.6,36.0,-0.9500000000000002,-9.5
qwen25_15b,81,msc_valid,8,lexical_tfidf,0.5,10,3.725,37.25,3.6,36.0,0.125,1.25
qwen25_15b,81,msc_valid,8,recency_keep_compress_drop,0.5,10,2.65,26.5,3.6,36.0,-0.9500000000000002,-9.5
qwen25_15b,81,msc_valid,10,uniform,0.2,18,3.0416666666666665,54.75,2.6527777777777777,47.75,0.38888888888888884,7.0
qwen25_15b,81,msc_valid,10,longllmlingua,0.2,18,3.138888888888889,56.5,2.6527777777777777,47.75,0.48611111111111116,8.75
qwen25_15b,81,msc_valid,10,recency,0.2,18,3.236111111111111,58.25,2.6527777777777777,47.75,0.5833333333333335,10.5
qwen25_15b,81,msc_valid,10,lexical_tfidf,0.2,18,3.125,56.25,2.6527777777777777,47.75,0.4722222222222223,8.5
qwen25_15b,81,msc_valid,10,recency_keep_compress_drop,0.2,18,3.2222222222222223,58.0,2.6527777777777777,47.75,0.5694444444444446,10.25
qwen25_15b,81,msc_valid,10,uniform,0.35,18,2.875,51.75,2.6527777777777777,47.75,0.22222222222222232,4.0
qwen25_15b,81,msc_valid,10,longllmlingua,0.35,18,2.888888888888889,52.0,2.6527777777777777,47.75,0.23611111111111116,4.25
qwen25_15b,81,msc_valid,10,recency,0.35,18,3.0555555555555554,55.0,2.6527777777777777,47.75,0.4027777777777777,7.25
qwen25_15b,81,msc_valid,10,lexical_tfidf,0.35,18,3.0833333333333335,55.5,2.6527777777777777,47.75,0.4305555555555558,7.75
qwen25_15b,81,msc_valid,10,recency_keep_compress_drop,0.35,18,3.0555555555555554,55.0,2.6527777777777777,47.75,0.4027777777777777,7.25
qwen25_15b,81,msc_valid,10,uniform,0.5,18,2.9305555555555554,52.75,2.6527777777777777,47.75,0.2777777777777777,5.0
qwen25_15b,81,msc_valid,10,longllmlingua,0.5,18,3.0833333333333335,55.5,2.6527777777777777,47.75,0.4305555555555558,7.75
qwen25_15b,81,msc_valid,10,recency,0.5,18,3.013888888888889,54.25,2.6527777777777777,47.75,0.36111111111111116,6.5
qwen25_15b,81,msc_valid,10,lexical_tfidf,0.5,18,2.861111111111111,51.5,2.6527777777777777,47.75,0.20833333333333348,3.75
qwen25_15b,81,msc_valid,10,recency_keep_compress_drop,0.5,18,2.875,51.75,2.6527777777777777,47.75,0.22222222222222232,4.0
qwen25_15b,81,msc_valid,12,uniform,0.2,16,3.65625,58.5,2.96875,47.5,0.6875,11.0
qwen25_15b,81,msc_valid,12,longllmlingua,0.2,16,3.34375,53.5,2.96875,47.5,0.375,6.0
qwen25_15b,81,msc_valid,12,recency,0.2,16,3.453125,55.25,2.96875,47.5,0.484375,7.75
qwen25_15b,81,msc_valid,12,lexical_tfidf,0.2,16,3.65625,58.5,2.96875,47.5,0.6875,11.0
qwen25_15b,81,msc_valid,12,recency_keep_compress_drop,0.2,16,2.9375,47.0,2.96875,47.5,-0.03125,-0.5
qwen25_15b,81,msc_valid,12,uniform,0.35,16,3.4375,55.0,2.96875,47.5,0.46875,7.5
qwen25_15b,81,msc_valid,12,longllmlingua,0.35,16,3.359375,53.75,2.96875,47.5,0.390625,6.25
qwen25_15b,81,msc_valid,12,recency,0.35,16,3.453125,55.25,2.96875,47.5,0.484375,7.75
qwen25_15b,81,msc_valid,12,lexical_tfidf,0.35,16,3.4375,55.0,2.96875,47.5,0.46875,7.5
qwen25_15b,81,msc_valid,12,recency_keep_compress_drop,0.35,16,2.796875,44.75,2.96875,47.5,-0.171875,-2.75
qwen25_15b,81,msc_valid,12,uniform,0.5,16,3.515625,56.25,2.96875,47.5,0.546875,8.75
qwen25_15b,81,msc_valid,12,longllmlingua,0.5,16,3.3125,53.0,2.96875,47.5,0.34375,5.5
qwen25_15b,81,msc_valid,12,recency,0.5,16,2.875,46.0,2.96875,47.5,-0.09375,-1.5
qwen25_15b,81,msc_valid,12,lexical_tfidf,0.5,16,3.515625,56.25,2.96875,47.5,0.546875,8.75
qwen25_15b,81,msc_valid,12,recency_keep_compress_drop,0.5,16,2.96875,47.5,2.96875,47.5,0.0,0.0
qwen25_15b,81,msc_valid,14,uniform,0.2,17,4.470588235294118,76.0,3.014705882352941,51.25,1.4558823529411766,24.75
qwen25_15b,81,msc_valid,14,longllmlingua,0.2,17,4.235294117647059,72.0,3.014705882352941,51.25,1.2205882352941178,20.75
qwen25_15b,81,msc_valid,14,recency,0.2,17,3.9705882352941178,67.5,3.014705882352941,51.25,0.9558823529411766,16.25
qwen25_15b,81,msc_valid,14,lexical_tfidf,0.2,17,4.411764705882353,75.0,3.014705882352941,51.25,1.3970588235294121,23.75
qwen25_15b,81,msc_valid,14,recency_keep_compress_drop,0.2,17,4.176470588235294,71.0,3.014705882352941,51.25,1.1617647058823533,19.75
qwen25_15b,81,msc_valid,14,uniform,0.35,17,4.0,68.0,3.014705882352941,51.25,0.9852941176470589,16.75
qwen25_15b,81,msc_valid,14,longllmlingua,0.35,17,3.9705882352941178,67.5,3.014705882352941,51.25,0.9558823529411766,16.25
qwen25_15b,81,msc_valid,14,recency,0.35,17,3.6176470588235294,61.5,3.014705882352941,51.25,0.6029411764705883,10.25
qwen25_15b,81,msc_valid,14,lexical_tfidf,0.35,17,4.205882352941177,71.5,3.014705882352941,51.25,1.1911764705882355,20.25
qwen25_15b,81,msc_valid,14,recency_keep_compress_drop,0.35,17,3.6911764705882355,62.75,3.014705882352941,51.25,0.6764705882352944,11.5
qwen25_15b,81,msc_valid,14,uniform,0.5,17,3.9705882352941178,67.5,3.014705882352941,51.25,0.9558823529411766,16.25
qwen25_15b,81,msc_valid,14,longllmlingua,0.5,17,3.7941176470588234,64.5,3.014705882352941,51.25,0.7794117647058822,13.25
qwen25_15b,81,msc_valid,14,recency,0.5,17,3.2205882352941178,54.75,3.014705882352941,51.25,0.20588235294117663,3.5
qwen25_15b,81,msc_valid,14,lexical_tfidf,0.5,17,3.735294117647059,63.5,3.014705882352941,51.25,0.7205882352941178,12.25
qwen25_15b,81,msc_valid,14,recency_keep_compress_drop,0.5,17,3.3529411764705883,57.0,3.014705882352941,51.25,0.3382352941176472,5.75
qwen25_15b,119,msc_valid,4,uniform,0.2,16,3.65625,58.5,3.359375,53.75,0.296875,4.75
qwen25_15b,119,msc_valid,4,longllmlingua,0.2,16,3.359375,53.75,3.359375,53.75,0.0,0.0
qwen25_15b,119,msc_valid,4,recency,0.2,16,3.65625,58.5,3.359375,53.75,0.296875,4.75
qwen25_15b,119,msc_valid,4,lexical_tfidf,0.2,16,3.65625,58.5,3.359375,53.75,0.296875,4.75
qwen25_15b,119,msc_valid,4,recency_keep_compress_drop,0.2,16,3.65625,58.5,3.359375,53.75,0.296875,4.75
qwen25_15b,119,msc_valid,4,uniform,0.35,16,3.484375,55.75,3.359375,53.75,0.125,2.0
qwen25_15b,119,msc_valid,4,longllmlingua,0.35,16,3.390625,54.25,3.359375,53.75,0.03125,0.5
qwen25_15b,119,msc_valid,4,recency,0.35,16,3.484375,55.75,3.359375,53.75,0.125,2.0
qwen25_15b,119,msc_valid,4,lexical_tfidf,0.35,16,3.484375,55.75,3.359375,53.75,0.125,2.0
qwen25_15b,119,msc_valid,4,recency_keep_compress_drop,0.35,16,3.484375,55.75,3.359375,53.75,0.125,2.0
qwen25_15b,119,msc_valid,4,uniform,0.5,16,3.484375,55.75,3.359375,53.75,0.125,2.0
qwen25_15b,119,msc_valid,4,longllmlingua,0.5,16,3.421875,54.75,3.359375,53.75,0.0625,1.0
qwen25_15b,119,msc_valid,4,recency,0.5,16,3.484375,55.75,3.359375,53.75,0.125,2.0
qwen25_15b,119,msc_valid,4,lexical_tfidf,0.5,16,3.484375,55.75,3.359375,53.75,0.125,2.0
qwen25_15b,119,msc_valid,4,recency_keep_compress_drop,0.5,16,3.484375,55.75,3.359375,53.75,0.125,2.0
qwen25_15b,119,msc_valid,8,uniform,0.2,16,4.71875,75.5,4.25,68.0,0.46875,7.5
qwen25_15b,119,msc_valid,8,longllmlingua,0.2,16,4.5625,73.0,4.25,68.0,0.3125,5.0
qwen25_15b,119,msc_valid,8,recency,0.2,16,4.75,76.0,4.25,68.0,0.5,8.0
qwen25_15b,119,msc_valid,8,lexical_tfidf,0.2,16,4.71875,75.5,4.25,68.0,0.46875,7.5
qwen25_15b,119,msc_valid,8,recency_keep_compress_drop,0.2,16,4.75,76.0,4.25,68.0,0.5,8.0
qwen25_15b,119,msc_valid,8,uniform,0.35,16,4.84375,77.5,4.25,68.0,0.59375,9.5
qwen25_15b,119,msc_valid,8,longllmlingua,0.35,16,4.5,72.0,4.25,68.0,0.25,4.0
qwen25_15b,119,msc_valid,8,recency,0.35,16,4.59375,73.5,4.25,68.0,0.34375,5.5
qwen25_15b,119,msc_valid,8,lexical_tfidf,0.35,16,4.6875,75.0,4.25,68.0,0.4375,7.0
qwen25_15b,119,msc_valid,8,recency_keep_compress_drop,0.35,16,4.59375,73.5,4.25,68.0,0.34375,5.5
qwen25_15b,119,msc_valid,8,uniform,0.5,16,4.59375,73.5,4.25,68.0,0.34375,5.5
qwen25_15b,119,msc_valid,8,longllmlingua,0.5,16,4.5625,73.0,4.25,68.0,0.3125,5.0
qwen25_15b,119,msc_valid,8,recency,0.5,16,4.46875,71.5,4.25,68.0,0.21875,3.5
qwen25_15b,119,msc_valid,8,lexical_tfidf,0.5,16,4.59375,73.5,4.25,68.0,0.34375,5.5
qwen25_15b,119,msc_valid,8,recency_keep_compress_drop,0.5,16,4.59375,73.5,4.25,68.0,0.34375,5.5
qwen25_15b,119,msc_valid,12,uniform,0.2,8,4.21875,33.75,3.90625,31.25,0.3125,2.5
qwen25_15b,119,msc_valid,12,longllmlingua,0.2,8,4.15625,33.25,3.90625,31.25,0.25,2.0
qwen25_15b,119,msc_valid,12,recency,0.2,8,4.53125,36.25,3.90625,31.25,0.625,5.0
qwen25_15b,119,msc_valid,12,lexical_tfidf,0.2,8,4.09375,32.75,3.90625,31.25,0.1875,1.5
qwen25_15b,119,msc_valid,12,recency_keep_compress_drop,0.2,8,4.21875,33.75,3.90625,31.25,0.3125,2.5
qwen25_15b,119,msc_valid,12,uniform,0.35,8,4.3125,34.5,3.90625,31.25,0.40625,3.25
qwen25_15b,119,msc_valid,12,longllmlingua,0.35,8,4.1875,33.5,3.90625,31.25,0.28125,2.25
qwen25_15b,119,msc_valid,12,recency,0.35,8,4.15625,33.25,3.90625,31.25,0.25,2.0
qwen25_15b,119,msc_valid,12,lexical_tfidf,0.35,8,3.921875,31.375,3.90625,31.25,0.015625,0.125
qwen25_15b,119,msc_valid,12,recency_keep_compress_drop,0.35,8,4.4375,35.5,3.90625,31.25,0.53125,4.25
qwen25_15b,119,msc_valid,12,uniform,0.5,8,4.1875,33.5,3.90625,31.25,0.28125,2.25
qwen25_15b,119,msc_valid,12,longllmlingua,0.5,8,3.984375,31.875,3.90625,31.25,0.078125,0.625
qwen25_15b,119,msc_valid,12,recency,0.5,8,4.1875,33.5,3.90625,31.25,0.28125,2.25
qwen25_15b,119,msc_valid,12,lexical_tfidf,0.5,8,4.0625,32.5,3.90625,31.25,0.15625,1.25
qwen25_15b,119,msc_valid,12,recency_keep_compress_drop,0.5,8,4.3125,34.5,3.90625,31.25,0.40625,3.25
qwen25_15b,119,msc_valid,16,uniform,0.2,12,2.8333333333333335,34.0,2.1354166666666665,25.625,0.697916666666667,8.375
qwen25_15b,119,msc_valid,16,longllmlingua,0.2,12,2.46875,29.625,2.1354166666666665,25.625,0.3333333333333335,4.0
qwen25_15b,119,msc_valid,16,recency,0.2,12,2.6041666666666665,31.25,2.1354166666666665,25.625,0.46875,5.625
qwen25_15b,119,msc_valid,16,lexical_tfidf,0.2,12,2.6145833333333335,31.375,2.1354166666666665,25.625,0.47916666666666696,5.75
qwen25_15b,119,msc_valid,16,recency_keep_compress_drop,0.2,12,2.3645833333333335,28.375,2.1354166666666665,25.625,0.22916666666666696,2.75
qwen25_15b,119,msc_valid,16,uniform,0.35,12,2.6041666666666665,31.25,2.1354166666666665,25.625,0.46875,5.625
qwen25_15b,119,msc_valid,16,longllmlingua,0.35,12,2.3854166666666665,28.625,2.1354166666666665,25.625,0.25,3.0
qwen25_15b,119,msc_valid,16,recency,0.35,12,2.3541666666666665,28.25,2.1354166666666665,25.625,0.21875,2.625
qwen25_15b,119,msc_valid,16,lexical_tfidf,0.35,12,2.3125,27.75,2.1354166666666665,25.625,0.17708333333333348,2.125
qwen25_15b,119,msc_valid,16,recency_keep_compress_drop,0.35,12,2.2083333333333335,26.5,2.1354166666666665,25.625,0.07291666666666696,0.875
qwen25_15b,119,msc_valid,16,uniform,0.5,12,2.34375,28.125,2.1354166666666665,25.625,0.20833333333333348,2.5
qwen25_15b,119,msc_valid,16,longllmlingua,0.5,12,2.34375,28.125,2.1354166666666665,25.625,0.20833333333333348,2.5
qwen25_15b,119,msc_valid,16,recency,0.5,12,2.1458333333333335,25.75,2.1354166666666665,25.625,0.010416666666666963,0.125
qwen25_15b,119,msc_valid,16,lexical_tfidf,0.5,12,2.1875,26.25,2.1354166666666665,25.625,0.05208333333333348,0.625
qwen25_15b,119,msc_valid,16,recency_keep_compress_drop,0.5,12,2.1354166666666665,25.625,2.1354166666666665,25.625,0.0,0.0
qwen25_15b,119,msc_valid,20,uniform,0.2,23,2.3043478260869565,53.0,2.130434782608696,49.0,0.17391304347826075,4.0
qwen25_15b,119,msc_valid,20,longllmlingua,0.2,23,2.25,51.75,2.130434782608696,49.0,0.11956521739130421,2.75
qwen25_15b,119,msc_valid,20,recency,0.2,23,2.2934782608695654,52.75,2.130434782608696,49.0,0.16304347826086962,3.75
qwen25_15b,119,msc_valid,20,lexical_tfidf,0.2,23,2.2717391304347827,52.25,2.130434782608696,49.0,0.14130434782608692,3.25
qwen25_15b,119,msc_valid,20,recency_keep_compress_drop,0.2,23,2.2934782608695654,52.75,2.130434782608696,49.0,0.16304347826086962,3.75
qwen25_15b,119,msc_valid,20,uniform,0.35,23,2.1956521739130435,50.5,2.130434782608696,49.0,0.06521739130434767,1.5
qwen25_15b,119,msc_valid,20,longllmlingua,0.35,23,2.1739130434782608,50.0,2.130434782608696,49.0,0.043478260869564966,1.0
qwen25_15b,119,msc_valid,20,recency,0.35,23,2.3043478260869565,53.0,2.130434782608696,49.0,0.17391304347826075,4.0
qwen25_15b,119,msc_valid,20,lexical_tfidf,0.35,23,2.1956521739130435,50.5,2.130434782608696,49.0,0.06521739130434767,1.5
qwen25_15b,119,msc_valid,20,recency_keep_compress_drop,0.35,23,2.25,51.75,2.130434782608696,49.0,0.11956521739130421,2.75
qwen25_15b,119,msc_valid,20,uniform,0.5,23,2.141304347826087,49.25,2.130434782608696,49.0,0.01086956521739113,0.25
qwen25_15b,119,msc_valid,20,longllmlingua,0.5,23,2.130434782608696,49.0,2.130434782608696,49.0,0.0,0.0
qwen25_15b,119,msc_valid,20,recency,0.5,23,2.239130434782609,51.5,2.130434782608696,49.0,0.10869565217391308,2.5
qwen25_15b,119,msc_valid,20,lexical_tfidf,0.5,23,2.1847826086956523,50.25,2.130434782608696,49.0,0.05434782608695654,1.25
qwen25_15b,119,msc_valid,20,recency_keep_compress_drop,0.5,23,2.2282608695652173,51.25,2.130434782608696,49.0,0.09782608695652151,2.25
qwen25_15b,119,msc_valid,24,uniform,0.2,28,2.767857142857143,77.5,2.392857142857143,67.0,0.375,10.5
qwen25_15b,119,msc_valid,24,longllmlingua,0.2,28,2.4464285714285716,68.5,2.392857142857143,67.0,0.053571428571428825,1.5
qwen25_15b,119,msc_valid,24,recency,0.2,28,2.607142857142857,73.0,2.392857142857143,67.0,0.2142857142857144,6.0
qwen25_15b,119,msc_valid,24,lexical_tfidf,0.2,28,2.357142857142857,66.0,2.392857142857143,67.0,-0.03571428571428559,-1.0
qwen25_15b,119,msc_valid,24,recency_keep_compress_drop,0.2,28,2.607142857142857,73.0,2.392857142857143,67.0,0.2142857142857144,6.0
qwen25_15b,119,msc_valid,24,uniform,0.35,28,2.6964285714285716,75.5,2.392857142857143,67.0,0.3035714285714288,8.5
qwen25_15b,119,msc_valid,24,longllmlingua,0.35,28,2.4285714285714284,68.0,2.392857142857143,67.0,0.03571428571428559,1.0
qwen25_15b,119,msc_valid,24,recency,0.35,28,2.4642857142857144,69.0,2.392857142857143,67.0,0.07142857142857162,2.0
qwen25_15b,119,msc_valid,24,lexical_tfidf,0.35,28,2.392857142857143,67.0,2.392857142857143,67.0,0.0,0.0
qwen25_15b,119,msc_valid,24,recency_keep_compress_drop,0.35,28,2.375,66.5,2.392857142857143,67.0,-0.017857142857142794,-0.5
qwen25_15b,119,msc_valid,24,uniform,0.5,28,2.6607142857142856,74.5,2.392857142857143,67.0,0.2678571428571428,7.5
qwen25_15b,119,msc_valid,24,longllmlingua,0.5,28,2.3392857142857144,65.5,2.392857142857143,67.0,-0.05357142857142838,-1.5
qwen25_15b,119,msc_valid,24,recency,0.5,28,2.5,70.0,2.392857142857143,67.0,0.1071428571428572,3.0
qwen25_15b,119,msc_valid,24,lexical_tfidf,0.5,28,2.375,66.5,2.392857142857143,67.0,-0.017857142857142794,-0.5
qwen25_15b,119,msc_valid,24,recency_keep_compress_drop,0.5,28,2.3214285714285716,65.0,2.392857142857143,67.0,-0.07142857142857117,-2.0
qwen25_15b,119,msc_valid,28,uniform,0.2,16,2.25,36.0,1.8515625,29.625,0.3984375,6.375
qwen25_15b,119,msc_valid,28,longllmlingua,0.2,16,2.234375,35.75,1.8515625,29.625,0.3828125,6.125
qwen25_15b,119,msc_valid,28,recency,0.2,16,2.15625,34.5,1.8515625,29.625,0.3046875,4.875
qwen25_15b,119,msc_valid,28,lexical_tfidf,0.2,16,1.96875,31.5,1.8515625,29.625,0.1171875,1.875
qwen25_15b,119,msc_valid,28,recency_keep_compress_drop,0.2,16,2.03125,32.5,1.8515625,29.625,0.1796875,2.875
qwen25_15b,119,msc_valid,28,uniform,0.35,16,1.9375,31.0,1.8515625,29.625,0.0859375,1.375
qwen25_15b,119,msc_valid,28,longllmlingua,0.35,16,2.1875,35.0,1.8515625,29.625,0.3359375,5.375
qwen25_15b,119,msc_valid,28,recency,0.35,16,1.96875,31.5,1.8515625,29.625,0.1171875,1.875
qwen25_15b,119,msc_valid,28,lexical_tfidf,0.35,16,2.0625,33.0,1.8515625,29.625,0.2109375,3.375
qwen25_15b,119,msc_valid,28,recency_keep_compress_drop,0.35,16,1.921875,30.75,1.8515625,29.625,0.0703125,1.125
qwen25_15b,119,msc_valid,28,uniform,0.5,16,1.8046875,28.875,1.8515625,29.625,-0.046875,-0.75
qwen25_15b,119,msc_valid,28,longllmlingua,0.5,16,2.109375,33.75,1.8515625,29.625,0.2578125,4.125
qwen25_15b,119,msc_valid,28,recency,0.5,16,1.90625,30.5,1.8515625,29.625,0.0546875,0.875
qwen25_15b,119,msc_valid,28,lexical_tfidf,0.5,16,1.9453125,31.125,1.8515625,29.625,0.09375,1.5
qwen25_15b,119,msc_valid,28,recency_keep_compress_drop,0.5,16,1.8671875,29.875,1.8515625,29.625,0.015625,0.25
qwen25_15b,119,msc_valid,32,uniform,0.2,26,2.769230769230769,72.0,2.673076923076923,69.5,0.09615384615384626,2.5
qwen25_15b,119,msc_valid,32,longllmlingua,0.2,26,2.9038461538461537,75.5,2.673076923076923,69.5,0.23076923076923084,6.0
qwen25_15b,119,msc_valid,32,recency,0.2,26,2.7884615384615383,72.5,2.673076923076923,69.5,0.11538461538461542,3.0
qwen25_15b,119,msc_valid,32,lexical_tfidf,0.2,26,2.826923076923077,73.5,2.673076923076923,69.5,0.1538461538461542,4.0
qwen25_15b,119,msc_valid,32,recency_keep_compress_drop,0.2,26,2.8076923076923075,73.0,2.673076923076923,69.5,0.13461538461538458,3.5
qwen25_15b,119,msc_valid,32,uniform,0.35,26,2.75,71.5,2.673076923076923,69.5,0.0769230769230771,2.0
qwen25_15b,119,msc_valid,32,longllmlingua,0.35,26,2.8846153846153846,75.0,2.673076923076923,69.5,0.21153846153846168,5.5
qwen25_15b,119,msc_valid,32,recency,0.35,26,2.769230769230769,72.0,2.673076923076923,69.5,0.09615384615384626,2.5
qwen25_15b,119,msc_valid,32,lexical_tfidf,0.35,26,2.7884615384615383,72.5,2.673076923076923,69.5,0.11538461538461542,3.0
qwen25_15b,119,msc_valid,32,recency_keep_compress_drop,0.35,26,2.8653846153846154,74.5,2.673076923076923,69.5,0.1923076923076925,5.0
qwen25_15b,119,msc_valid,32,uniform,0.5,26,2.7115384615384617,70.5,2.673076923076923,69.5,0.03846153846153877,1.0
qwen25_15b,119,msc_valid,32,longllmlingua,0.5,26,2.8846153846153846,75.0,2.673076923076923,69.5,0.21153846153846168,5.5
qwen25_15b,119,msc_valid,32,recency,0.5,26,2.8076923076923075,73.0,2.673076923076923,69.5,0.13461538461538458,3.5
qwen25_15b,119,msc_valid,32,lexical_tfidf,0.5,26,2.8653846153846154,74.5,2.673076923076923,69.5,0.1923076923076925,5.0
qwen25_15b,119,msc_valid,32,recency_keep_compress_drop,0.5,26,2.8461538461538463,74.0,2.673076923076923,69.5,0.17307692307692335,4.5
qwen25_15b,119,msc_valid,34,uniform,0.2,27,3.111111111111111,84.0,2.8703703703703702,77.5,0.24074074074074092,6.5
qwen25_15b,119,msc_valid,34,longllmlingua,0.2,27,2.685185185185185,72.5,2.8703703703703702,77.5,-0.18518518518518512,-5.0
qwen25_15b,119,msc_valid,34,recency,0.2,27,2.925925925925926,79.0,2.8703703703703702,77.5,0.0555555555555558,1.5
qwen25_15b,119,msc_valid,34,lexical_tfidf,0.2,27,2.9074074074074074,78.5,2.8703703703703702,77.5,0.0370370370370372,1.0
qwen25_15b,119,msc_valid,34,recency_keep_compress_drop,0.2,27,2.8518518518518516,77.0,2.8703703703703702,77.5,-0.0185185185185186,-0.5
qwen25_15b,119,msc_valid,34,uniform,0.35,27,2.8518518518518516,77.0,2.8703703703703702,77.5,-0.0185185185185186,-0.5
qwen25_15b,119,msc_valid,34,longllmlingua,0.35,27,2.7222222222222223,73.5,2.8703703703703702,77.5,-0.14814814814814792,-4.0
qwen25_15b,119,msc_valid,34,recency,0.35,27,2.888888888888889,78.0,2.8703703703703702,77.5,0.0185185185185186,0.5
qwen25_15b,119,msc_valid,34,lexical_tfidf,0.35,27,3.0,81.0,2.8703703703703702,77.5,0.12962962962962976,3.5
qwen25_15b,119,msc_valid,34,recency_keep_compress_drop,0.35,27,2.888888888888889,78.0,2.8703703703703702,77.5,0.0185185185185186,0.5
qwen25_15b,119,msc_valid,34,uniform,0.5,27,2.8703703703703702,77.5,2.8703703703703702,77.5,0.0,0.0
qwen25_15b,119,msc_valid,34,longllmlingua,0.5,27,2.8518518518518516,77.0,2.8703703703703702,77.5,-0.0185185185185186,-0.5
qwen25_15b,119,msc_valid,34,recency,0.5,27,2.6666666666666665,72.0,2.8703703703703702,77.5,-0.20370370370370372,-5.5
qwen25_15b,119,msc_valid,34,lexical_tfidf,0.5,27,2.9814814814814814,80.5,2.8703703703703702,77.5,0.11111111111111116,3.0
qwen25_15b,119,msc_valid,34,recency_keep_compress_drop,0.5,27,2.925925925925926,79.0,2.8703703703703702,77.5,0.0555555555555558,1.5
qwen25_15b,119,msc_valid,38,uniform,0.2,26,3.730769230769231,97.0,3.857142857142857,81.0,-0.12637362637362637,16.0
qwen25_15b,119,msc_valid,38,longllmlingua,0.2,26,3.8076923076923075,99.0,3.857142857142857,81.0,-0.04945054945054972,18.0
qwen25_15b,119,msc_valid,38,recency,0.2,26,3.6538461538461537,95.0,3.857142857142857,81.0,-0.20329670329670346,14.0
qwen25_15b,119,msc_valid,38,lexical_tfidf,0.2,26,3.5,91.0,3.857142857142857,81.0,-0.3571428571428572,10.0
qwen25_15b,119,msc_valid,38,recency_keep_compress_drop,0.2,26,3.6923076923076925,96.0,3.857142857142857,81.0,-0.1648351648351647,15.0
qwen25_15b,119,msc_valid,38,uniform,0.35,26,3.673076923076923,95.5,3.857142857142857,81.0,-0.1840659340659343,14.5
qwen25_15b,119,msc_valid,38,longllmlingua,0.35,26,3.7115384615384617,96.5,3.857142857142857,81.0,-0.14560439560439553,15.5
qwen25_15b,119,msc_valid,38,recency,0.35,26,3.6153846153846154,94.0,3.857142857142857,81.0,-0.2417582417582418,13.0
qwen25_15b,119,msc_valid,38,lexical_tfidf,0.35,26,3.480769230769231,90.5,3.857142857142857,81.0,-0.37637362637362637,9.5
qwen25_15b,119,msc_valid,38,recency_keep_compress_drop,0.35,26,3.5576923076923075,92.5,3.857142857142857,81.0,-0.2994505494505497,11.5
qwen25_15b,119,msc_valid,38,uniform,0.5,26,3.5961538461538463,93.5,3.857142857142857,81.0,-0.26098901098901095,12.5
qwen25_15b,119,msc_valid,38,longllmlingua,0.5,26,3.7115384615384617,96.5,3.857142857142857,81.0,-0.14560439560439553,15.5
qwen25_15b,119,msc_valid,38,recency,0.5,26,3.519230769230769,91.5,3.857142857142857,81.0,-0.33791208791208804,10.5
qwen25_15b,119,msc_valid,38,lexical_tfidf,0.5,26,3.5384615384615383,92.0,3.857142857142857,81.0,-0.3186813186813189,11.0
qwen25_15b,119,msc_valid,38,recency_keep_compress_drop,0.5,26,3.5384615384615383,92.0,3.857142857142857,81.0,-0.3186813186813189,11.0
qwen25_15b,119,msc_valid,42,uniform,0.2,33,3.3484848484848486,110.5,0.0,0.0,3.3484848484848486,110.5
qwen25_15b,119,msc_valid,42,longllmlingua,0.2,33,3.106060606060606,102.5,0.0,0.0,3.106060606060606,102.5
qwen25_15b,119,msc_valid,42,recency,0.2,33,3.242424242424242,107.0,0.0,0.0,3.242424242424242,107.0
qwen25_15b,119,msc_valid,42,lexical_tfidf,0.2,33,3.3333333333333335,110.0,0.0,0.0,3.3333333333333335,110.0
qwen25_15b,119,msc_valid,42,recency_keep_compress_drop,0.2,33,3.242424242424242,107.0,0.0,0.0,3.242424242424242,107.0
qwen25_15b,119,msc_valid,42,uniform,0.35,33,3.0303030303030303,100.0,0.0,0.0,3.0303030303030303,100.0
qwen25_15b,119,msc_valid,42,longllmlingua,0.35,33,3.090909090909091,102.0,0.0,0.0,3.090909090909091,102.0
qwen25_15b,119,msc_valid,42,recency,0.35,33,3.1666666666666665,104.5,0.0,0.0,3.1666666666666665,104.5
qwen25_15b,119,msc_valid,42,lexical_tfidf,0.35,33,3.106060606060606,102.5,0.0,0.0,3.106060606060606,102.5
qwen25_15b,119,msc_valid,42,recency_keep_compress_drop,0.35,33,3.1363636363636362,103.5,0.0,0.0,3.1363636363636362,103.5
qwen25_15b,119,msc_valid,42,uniform,0.5,33,3.0,99.0,0.0,0.0,3.0,99.0
qwen25_15b,119,msc_valid,42,longllmlingua,0.5,33,2.984848484848485,98.5,0.0,0.0,2.984848484848485,98.5
qwen25_15b,119,msc_valid,42,recency,0.5,33,3.242424242424242,107.0,0.0,0.0,3.242424242424242,107.0
qwen25_15b,119,msc_valid,42,lexical_tfidf,0.5,33,2.984848484848485,98.5,0.0,0.0,2.984848484848485,98.5
qwen25_15b,119,msc_valid,42,recency_keep_compress_drop,0.5,33,2.9242424242424243,96.5,0.0,0.0,2.9242424242424243,96.5
qwen25_15b,119,msc_valid,46,uniform,0.2,42,3.9523809523809526,166.0,0.0,0.0,3.9523809523809526,166.0
qwen25_15b,119,msc_valid,46,longllmlingua,0.2,42,3.619047619047619,152.0,0.0,0.0,3.619047619047619,152.0
qwen25_15b,119,msc_valid,46,recency,0.2,42,3.8333333333333335,161.0,0.0,0.0,3.8333333333333335,161.0
qwen25_15b,119,msc_valid,46,lexical_tfidf,0.2,42,3.9523809523809526,166.0,0.0,0.0,3.9523809523809526,166.0
qwen25_15b,119,msc_valid,46,recency_keep_compress_drop,0.2,42,3.857142857142857,162.0,0.0,0.0,3.857142857142857,162.0
qwen25_15b,119,msc_valid,46,uniform,0.35,42,4.0,168.0,0.0,0.0,4.0,168.0
qwen25_15b,119,msc_valid,46,longllmlingua,0.35,42,3.5952380952380953,151.0,0.0,0.0,3.5952380952380953,151.0
qwen25_15b,119,msc_valid,46,recency,0.35,42,3.7857142857142856,159.0,0.0,0.0,3.7857142857142856,159.0
qwen25_15b,119,msc_valid,46,lexical_tfidf,0.35,42,3.857142857142857,162.0,0.0,0.0,3.857142857142857,162.0
qwen25_15b,119,msc_valid,46,recency_keep_compress_drop,0.35,42,3.761904761904762,158.0,0.0,0.0,3.761904761904762,158.0
qwen25_15b,119,msc_valid,46,uniform,0.5,42,3.9761904761904763,167.0,0.0,0.0,3.9761904761904763,167.0
qwen25_15b,119,msc_valid,46,longllmlingua,0.5,42,3.4761904761904763,146.0,0.0,0.0,3.4761904761904763,146.0
qwen25_15b,119,msc_valid,46,recency,0.5,42,3.761904761904762,158.0,0.0,0.0,3.761904761904762,158.0
qwen25_15b,119,msc_valid,46,lexical_tfidf,0.5,42,3.880952380952381,163.0,0.0,0.0,3.880952380952381,163.0
qwen25_15b,119,msc_valid,46,recency_keep_compress_drop,0.5,42,3.738095238095238,157.0,0.0,0.0,3.738095238095238,157.0
qwen25_15b,119,msc_valid,50,uniform,0.2,35,3.0428571428571427,106.5,0.0,0.0,3.0428571428571427,106.5
qwen25_15b,119,msc_valid,50,longllmlingua,0.2,35,3.1,108.5,0.0,0.0,3.1,108.5
qwen25_15b,119,msc_valid,50,recency,0.2,35,2.8857142857142857,101.0,0.0,0.0,2.8857142857142857,101.0
qwen25_15b,119,msc_valid,50,lexical_tfidf,0.2,35,2.9,101.5,0.0,0.0,2.9,101.5
qwen25_15b,119,msc_valid,50,recency_keep_compress_drop,0.2,35,2.857142857142857,100.0,0.0,0.0,2.857142857142857,100.0
qwen25_15b,119,msc_valid,50,uniform,0.35,35,3.0142857142857142,105.5,0.0,0.0,3.0142857142857142,105.5
qwen25_15b,119,msc_valid,50,longllmlingua,0.35,35,3.085714285714286,108.0,0.0,0.0,3.085714285714286,108.0
qwen25_15b,119,msc_valid,50,recency,0.35,35,2.8857142857142857,101.0,0.0,0.0,2.8857142857142857,101.0
qwen25_15b,119,msc_valid,50,lexical_tfidf,0.35,35,2.8857142857142857,101.0,0.0,0.0,2.8857142857142857,101.0
qwen25_15b,119,msc_valid,50,recency_keep_compress_drop,0.35,35,2.7714285714285714,97.0,0.0,0.0,2.7714285714285714,97.0
qwen25_15b,119,msc_valid,50,uniform,0.5,35,2.9857142857142858,104.5,0.0,0.0,2.9857142857142858,104.5
qwen25_15b,119,msc_valid,50,longllmlingua,0.5,35,3.0714285714285716,107.5,0.0,0.0,3.0714285714285716,107.5
qwen25_15b,119,msc_valid,50,recency,0.5,35,2.8857142857142857,101.0,0.0,0.0,2.8857142857142857,101.0
qwen25_15b,119,msc_valid,50,lexical_tfidf,0.5,35,2.914285714285714,102.0,0.0,0.0,2.914285714285714,102.0
qwen25_15b,119,msc_valid,50,recency_keep_compress_drop,0.5,35,2.8285714285714287,99.0,0.0,0.0,2.8285714285714287,99.0
qwen25_15b,119,msc_valid,54,uniform,0.2,25,2.98,74.5,0.0,0.0,2.98,74.5
qwen25_15b,119,msc_valid,54,longllmlingua,0.2,25,3.28,82.0,0.0,0.0,3.28,82.0
qwen25_15b,119,msc_valid,54,recency,0.2,25,2.86,71.5,0.0,0.0,2.86,71.5
qwen25_15b,119,msc_valid,54,lexical_tfidf,0.2,25,2.74,68.5,0.0,0.0,2.74,68.5
qwen25_15b,119,msc_valid,54,recency_keep_compress_drop,0.2,25,2.8,70.0,0.0,0.0,2.8,70.0
qwen25_15b,119,msc_valid,54,uniform,0.35,25,3.0,75.0,0.0,0.0,3.0,75.0
qwen25_15b,119,msc_valid,54,longllmlingua,0.35,25,3.28,82.0,0.0,0.0,3.28,82.0
qwen25_15b,119,msc_valid,54,recency,0.35,25,2.86,71.5,0.0,0.0,2.86,71.5
qwen25_15b,119,msc_valid,54,lexical_tfidf,0.35,25,2.86,71.5,0.0,0.0,2.86,71.5
qwen25_15b,119,msc_valid,54,recency_keep_compress_drop,0.35,25,2.8,70.0,0.0,0.0,2.8,70.0
qwen25_15b,119,msc_valid,54,uniform,0.5,25,2.92,73.0,0.0,0.0,2.92,73.0
qwen25_15b,119,msc_valid,54,longllmlingua,0.5,25,3.46,86.5,0.0,0.0,3.46,86.5
qwen25_15b,119,msc_valid,54,recency,0.5,25,2.84,71.0,0.0,0.0,2.84,71.0
qwen25_15b,119,msc_valid,54,lexical_tfidf,0.5,25,2.8,70.0,0.0,0.0,2.8,70.0
qwen25_15b,119,msc_valid,54,recency_keep_compress_drop,0.5,25,2.86,71.5,0.0,0.0,2.86,71.5
qwen25_15b,119,msc_valid,58,uniform,0.2,24,2.7708333333333335,66.5,0.0,0.0,2.7708333333333335,66.5
qwen25_15b,119,msc_valid,58,longllmlingua,0.2,24,2.8125,67.5,0.0,0.0,2.8125,67.5
qwen25_15b,119,msc_valid,58,recency,0.2,24,2.625,63.0,0.0,0.0,2.625,63.0
qwen25_15b,119,msc_valid,58,lexical_tfidf,0.2,24,2.5729166666666665,61.75,0.0,0.0,2.5729166666666665,61.75
qwen25_15b,119,msc_valid,58,recency_keep_compress_drop,0.2,24,2.6041666666666665,62.5,0.0,0.0,2.6041666666666665,62.5
qwen25_15b,119,msc_valid,58,uniform,0.35,24,2.7083333333333335,65.0,0.0,0.0,2.7083333333333335,65.0
qwen25_15b,119,msc_valid,58,longllmlingua,0.35,24,2.75,66.0,0.0,0.0,2.75,66.0
qwen25_15b,119,msc_valid,58,recency,0.35,24,2.6041666666666665,62.5,0.0,0.0,2.6041666666666665,62.5
qwen25_15b,119,msc_valid,58,lexical_tfidf,0.35,24,2.5625,61.5,0.0,0.0,2.5625,61.5
qwen25_15b,119,msc_valid,58,recency_keep_compress_drop,0.35,24,2.5833333333333335,62.0,0.0,0.0,2.5833333333333335,62.0
qwen25_15b,119,msc_valid,58,uniform,0.5,24,2.8125,67.5,0.0,0.0,2.8125,67.5
qwen25_15b,119,msc_valid,58,longllmlingua,0.5,24,2.59375,62.25,0.0,0.0,2.59375,62.25
qwen25_15b,119,msc_valid,58,recency,0.5,0,0.0,0.0,0.0,0.0,0.0,0.0
qwen25_15b,119,msc_valid,58,lexical_tfidf,0.5,0,0.0,0.0,0.0,0.0,0.0,0.0
qwen25_15b,119,msc_valid,58,recency_keep_compress_drop,0.5,0,0.0,0.0,0.0,0.0,0.0,0.0
qwen25_15b,119,msc_valid,62,uniform,0.2,33,3.242424242424242,107.0,0.0,0.0,3.242424242424242,107.0
qwen25_15b,119,msc_valid,62,longllmlingua,0.2,33,3.272727272727273,108.0,0.0,0.0,3.272727272727273,108.0
qwen25_15b,119,msc_valid,62,recency,0.2,29,3.4482758620689653,100.0,0.0,0.0,3.4482758620689653,100.0
qwen25_15b,119,msc_valid,62,lexical_tfidf,0.2,33,3.0303030303030303,100.0,0.0,0.0,3.0303030303030303,100.0
qwen25_15b,119,msc_valid,62,recency_keep_compress_drop,0.2,31,3.2419354838709675,100.5,0.0,0.0,3.2419354838709675,100.5
qwen25_15b,119,msc_valid,62,uniform,0.35,33,3.227272727272727,106.5,0.0,0.0,3.227272727272727,106.5
qwen25_15b,119,msc_valid,62,longllmlingua,0.35,33,3.227272727272727,106.5,0.0,0.0,3.227272727272727,106.5
qwen25_15b,119,msc_valid,62,recency,0.35,0,0.0,0.0,0.0,0.0,0.0,0.0
qwen25_15b,119,msc_valid,62,lexical_tfidf,0.35,0,0.0,0.0,0.0,0.0,0.0,0.0
qwen25_15b,119,msc_valid,62,recency_keep_compress_drop,0.35,0,0.0,0.0,0.0,0.0,0.0,0.0
qwen25_15b,119,msc_valid,62,uniform,0.5,33,3.1515151515151514,104.0,0.0,0.0,3.1515151515151514,104.0
qwen25_15b,119,msc_valid,62,longllmlingua,0.5,33,3.1363636363636362,103.5,0.0,0.0,3.1363636363636362,103.5
qwen25_15b,119,msc_valid,62,recency,0.5,0,0.0,0.0,0.0,0.0,0.0,0.0
qwen25_15b,119,msc_valid,62,lexical_tfidf,0.5,0,0.0,0.0,0.0,0.0,0.0,0.0
qwen25_15b,119,msc_valid,62,recency_keep_compress_drop,0.5,0,0.0,0.0,0.0,0.0,0.0,0.0
qwen25_15b,123,msc_valid,4,uniform,0.2,13,5.230769230769231,68.0,4.8076923076923075,62.5,0.42307692307692335,5.5
qwen25_15b,123,msc_valid,4,longllmlingua,0.2,13,4.230769230769231,55.0,4.8076923076923075,62.5,-0.5769230769230766,-7.5
qwen25_15b,123,msc_valid,4,recency,0.2,13,5.230769230769231,68.0,4.8076923076923075,62.5,0.42307692307692335,5.5
qwen25_15b,123,msc_valid,4,lexical_tfidf,0.2,13,5.230769230769231,68.0,4.8076923076923075,62.5,0.42307692307692335,5.5
qwen25_15b,123,msc_valid,4,recency_keep_compress_drop,0.2,13,5.230769230769231,68.0,4.8076923076923075,62.5,0.42307692307692335,5.5
qwen25_15b,123,msc_valid,4,uniform,0.35,13,5.115384615384615,66.5,4.8076923076923075,62.5,0.3076923076923075,4.0
qwen25_15b,123,msc_valid,4,longllmlingua,0.35,13,4.115384615384615,53.5,4.8076923076923075,62.5,-0.6923076923076925,-9.0
qwen25_15b,123,msc_valid,4,recency,0.35,13,5.115384615384615,66.5,4.8076923076923075,62.5,0.3076923076923075,4.0
qwen25_15b,123,msc_valid,4,lexical_tfidf,0.35,13,5.115384615384615,66.5,4.8076923076923075,62.5,0.3076923076923075,4.0
qwen25_15b,123,msc_valid,4,recency_keep_compress_drop,0.35,13,5.115384615384615,66.5,4.8076923076923075,62.5,0.3076923076923075,4.0
qwen25_15b,123,msc_valid,4,uniform,0.5,13,5.115384615384615,66.5,4.8076923076923075,62.5,0.3076923076923075,4.0
qwen25_15b,123,msc_valid,4,longllmlingua,0.5,13,4.076923076923077,53.0,4.8076923076923075,62.5,-0.7307692307692308,-9.5
qwen25_15b,123,msc_valid,4,recency,0.5,13,5.115384615384615,66.5,4.8076923076923075,62.5,0.3076923076923075,4.0
qwen25_15b,123,msc_valid,4,lexical_tfidf,0.5,13,5.115384615384615,66.5,4.8076923076923075,62.5,0.3076923076923075,4.0
qwen25_15b,123,msc_valid,4,recency_keep_compress_drop,0.5,13,5.115384615384615,66.5,4.8076923076923075,62.5,0.3076923076923075,4.0
qwen25_15b,123,msc_valid,8,uniform,0.2,16,4.21875,67.5,4.28125,68.5,-0.0625,-1.0
qwen25_15b,123,msc_valid,8,longllmlingua,0.2,16,4.09375,65.5,4.28125,68.5,-0.1875,-3.0
qwen25_15b,123,msc_valid,8,recency,0.2,16,4.0625,65.0,4.28125,68.5,-0.21875,-3.5
qwen25_15b,123,msc_valid,8,lexical_tfidf,0.2,16,4.1875,67.0,4.28125,68.5,-0.09375,-1.5
qwen25_15b,123,msc_valid,8,recency_keep_compress_drop,0.2,16,4.0625,65.0,4.28125,68.5,-0.21875,-3.5
qwen25_15b,123,msc_valid,8,uniform,0.35,16,4.0625,65.0,4.28125,68.5,-0.21875,-3.5
qwen25_15b,123,msc_valid,8,longllmlingua,0.35,16,4.09375,65.5,4.28125,68.5,-0.1875,-3.0
qwen25_15b,123,msc_valid,8,recency,0.35,16,4.09375,65.5,4.28125,68.5,-0.1875,-3.0
qwen25_15b,123,msc_valid,8,lexical_tfidf,0.35,16,4.1875,67.0,4.28125,68.5,-0.09375,-1.5
qwen25_15b,123,msc_valid,8,recency_keep_compress_drop,0.35,16,4.25,68.0,4.28125,68.5,-0.03125,-0.5
qwen25_15b,123,msc_valid,8,uniform,0.5,16,4.1875,67.0,4.28125,68.5,-0.09375,-1.5
qwen25_15b,123,msc_valid,8,longllmlingua,0.5,16,4.03125,64.5,4.28125,68.5,-0.25,-4.0
qwen25_15b,123,msc_valid,8,recency,0.5,16,4.1875,67.0,4.28125,68.5,-0.09375,-1.5
qwen25_15b,123,msc_valid,8,lexical_tfidf,0.5,16,4.1875,67.0,4.28125,68.5,-0.09375,-1.5
qwen25_15b,123,msc_valid,8,recency_keep_compress_drop,0.5,16,4.25,68.0,4.28125,68.5,-0.03125,-0.5
qwen25_15b,123,msc_valid,12,uniform,0.2,9,2.263888888888889,20.375,1.0,9.0,1.2638888888888888,11.375
qwen25_15b,123,msc_valid,12,longllmlingua,0.2,9,1.4027777777777777,12.625,1.0,9.0,0.4027777777777777,3.625
qwen25_15b,123,msc_valid,12,recency,0.2,9,1.75,15.75,1.0,9.0,0.75,6.75
qwen25_15b,123,msc_valid,12,lexical_tfidf,0.2,9,2.1527777777777777,19.375,1.0,9.0,1.1527777777777777,10.375
qwen25_15b,123,msc_valid,12,recency_keep_compress_drop,0.2,9,1.7361111111111112,15.625,1.0,9.0,0.7361111111111112,6.625
qwen25_15b,123,msc_valid,12,uniform,0.35,9,1.5694444444444444,14.125,1.0,9.0,0.5694444444444444,5.125
qwen25_15b,123,msc_valid,12,longllmlingua,0.35,9,1.2847222222222223,11.5625,1.0,9.0,0.2847222222222223,2.5625
qwen25_15b,123,msc_valid,12,recency,0.35,9,1.3680555555555556,12.3125,1.0,9.0,0.3680555555555556,3.3125
qwen25_15b,123,msc_valid,12,lexical_tfidf,0.35,9,1.5,13.5,1.0,9.0,0.5,4.5
qwen25_15b,123,msc_valid,12,recency_keep_compress_drop,0.35,9,1.3680555555555556,12.3125,1.0,9.0,0.3680555555555556,3.3125
qwen25_15b,123,msc_valid,12,uniform,0.5,9,1.375,12.375,1.0,9.0,0.375,3.375
qwen25_15b,123,msc_valid,12,longllmlingua,0.5,9,0.9791666666666666,8.8125,1.0,9.0,-0.02083333333333337,-0.1875
qwen25_15b,123,msc_valid,12,recency,0.5,9,1.3680555555555556,12.3125,1.0,9.0,0.3680555555555556,3.3125
qwen25_15b,123,msc_valid,12,lexical_tfidf,0.5,9,1.5902777777777777,14.3125,1.0,9.0,0.5902777777777777,5.3125
qwen25_15b,123,msc_valid,12,recency_keep_compress_drop,0.5,9,1.3055555555555556,11.75,1.0,9.0,0.3055555555555556,2.75
qwen25_15b,123,msc_valid,16,uniform,0.2,27,3.037037037037037,82.0,2.611111111111111,70.5,0.42592592592592604,11.5
qwen25_15b,123,msc_valid,16,longllmlingua,0.2,27,2.759259259259259,74.5,2.611111111111111,70.5,0.14814814814814792,4.0
qwen25_15b,123,msc_valid,16,recency,0.2,27,2.8703703703703702,77.5,2.611111111111111,70.5,0.2592592592592591,7.0
qwen25_15b,123,msc_valid,16,lexical_tfidf,0.2,27,2.814814814814815,76.0,2.611111111111111,70.5,0.20370370370370372,5.5
qwen25_15b,123,msc_valid,16,recency_keep_compress_drop,0.2,27,2.9074074074074074,78.5,2.611111111111111,70.5,0.2962962962962963,8.0
qwen25_15b,123,msc_valid,16,uniform,0.35,27,2.8333333333333335,76.5,2.611111111111111,70.5,0.22222222222222232,6.0
qwen25_15b,123,msc_valid,16,longllmlingua,0.35,27,2.574074074074074,69.5,2.611111111111111,70.5,-0.0370370370370372,-1.0
qwen25_15b,123,msc_valid,16,recency,0.35,27,2.740740740740741,74.0,2.611111111111111,70.5,0.12962962962962976,3.5
qwen25_15b,123,msc_valid,16,lexical_tfidf,0.35,27,2.7777777777777777,75.0,2.611111111111111,70.5,0.16666666666666652,4.5
qwen25_15b,123,msc_valid,16,recency_keep_compress_drop,0.35,27,2.685185185185185,72.5,2.611111111111111,70.5,0.07407407407407396,2.0
qwen25_15b,123,msc_valid,16,uniform,0.5,27,2.814814814814815,76.0,2.611111111111111,70.5,0.20370370370370372,5.5
qwen25_15b,123,msc_valid,16,longllmlingua,0.5,27,2.5925925925925926,70.0,2.611111111111111,70.5,-0.0185185185185186,-0.5
qwen25_15b,123,msc_valid,16,recency,0.5,27,2.6481481481481484,71.5,2.611111111111111,70.5,0.0370370370370372,1.0
qwen25_15b,123,msc_valid,16,lexical_tfidf,0.5,27,2.7777777777777777,75.0,2.611111111111111,70.5,0.16666666666666652,4.5
qwen25_15b,123,msc_valid,16,recency_keep_compress_drop,0.5,27,2.685185185185185,72.5,2.611111111111111,70.5,0.07407407407407396,2.0
qwen25_15b,123,msc_valid,18,uniform,0.2,43,2.372093023255814,102.0,2.2209302325581395,95.5,0.1511627906976747,6.5
qwen25_15b,123,msc_valid,18,longllmlingua,0.2,43,2.186046511627907,94.0,2.2209302325581395,95.5,-0.03488372093023262,-1.5
qwen25_15b,123,msc_valid,18,recency,0.2,43,2.244186046511628,96.5,2.2209302325581395,95.5,0.023255813953488413,1.0
qwen25_15b,123,msc_valid,18,lexical_tfidf,0.2,43,2.2674418604651163,97.5,2.2209302325581395,95.5,0.04651162790697683,2.0
qwen25_15b,123,msc_valid,18,recency_keep_compress_drop,0.2,43,2.255813953488372,97.0,2.2209302325581395,95.5,0.03488372093023262,1.5
qwen25_15b,123,msc_valid,18,uniform,0.35,43,2.36046511627907,101.5,2.2209302325581395,95.5,0.13953488372093048,6.0
qwen25_15b,123,msc_valid,18,longllmlingua,0.35,43,2.2093023255813953,95.0,2.2209302325581395,95.5,-0.011627906976744207,-0.5
qwen25_15b,123,msc_valid,18,recency,0.35,43,2.244186046511628,96.5,2.2209302325581395,95.5,0.023255813953488413,1.0
qwen25_15b,123,msc_valid,18,lexical_tfidf,0.35,43,2.313953488372093,99.5,2.2209302325581395,95.5,0.09302325581395365,4.0
qwen25_15b,123,msc_valid,18,recency_keep_compress_drop,0.35,43,2.2209302325581395,95.5,2.2209302325581395,95.5,0.0,0.0
qwen25_15b,123,msc_valid,18,uniform,0.5,43,2.313953488372093,99.5,2.2209302325581395,95.5,0.09302325581395365,4.0
qwen25_15b,123,msc_valid,18,longllmlingua,0.5,43,2.1744186046511627,93.5,2.2209302325581395,95.5,-0.04651162790697683,-2.0
qwen25_15b,123,msc_valid,18,recency,0.5,43,2.2093023255813953,95.0,2.2209302325581395,95.5,-0.011627906976744207,-0.5
qwen25_15b,123,msc_valid,18,lexical_tfidf,0.5,43,2.2906976744186047,98.5,2.2209302325581395,95.5,0.06976744186046524,3.0
qwen25_15b,123,msc_valid,18,recency_keep_compress_drop,0.5,43,2.2209302325581395,95.5,2.2209302325581395,95.5,0.0,0.0
qwen25_15b,123,msc_valid,22,uniform,0.2,43,2.3372093023255816,100.5,2.1744186046511627,93.5,0.1627906976744189,7.0
qwen25_15b,123,msc_valid,22,longllmlingua,0.2,43,2.2093023255813953,95.0,2.1744186046511627,93.5,0.03488372093023262,1.5
qwen25_15b,123,msc_valid,22,recency,0.2,43,2.2906976744186047,98.5,2.1744186046511627,93.5,0.11627906976744207,5.0
qwen25_15b,123,msc_valid,22,lexical_tfidf,0.2,43,2.302325581395349,99.0,2.1744186046511627,93.5,0.12790697674418627,5.5
qwen25_15b,123,msc_valid,22,recency_keep_compress_drop,0.2,43,2.244186046511628,96.5,2.1744186046511627,93.5,0.06976744186046524,3.0
qwen25_15b,123,msc_valid,22,uniform,0.35,43,2.255813953488372,97.0,2.1744186046511627,93.5,0.08139534883720945,3.5
qwen25_15b,123,msc_valid,22,longllmlingua,0.35,43,2.2093023255813953,95.0,2.1744186046511627,93.5,0.03488372093023262,1.5
qwen25_15b,123,msc_valid,22,recency,0.35,43,2.2325581395348837,96.0,2.1744186046511627,93.5,0.058139534883721034,2.5
qwen25_15b,123,msc_valid,22,lexical_tfidf,0.35,43,2.2209302325581395,95.5,2.1744186046511627,93.5,0.04651162790697683,2.0
qwen25_15b,123,msc_valid,22,recency_keep_compress_drop,0.35,43,2.255813953488372,97.0,2.1744186046511627,93.5,0.08139534883720945,3.5
qwen25_15b,123,msc_valid,22,uniform,0.5,43,2.2093023255813953,95.0,2.1744186046511627,93.5,0.03488372093023262,1.5
qwen25_15b,123,msc_valid,22,longllmlingua,0.5,43,2.1744186046511627,93.5,2.1744186046511627,93.5,0.0,0.0
qwen25_15b,123,msc_valid,22,recency,0.5,43,2.197674418604651,94.5,2.1744186046511627,93.5,0.023255813953488413,1.0
qwen25_15b,123,msc_valid,22,lexical_tfidf,0.5,43,2.2209302325581395,95.5,2.1744186046511627,93.5,0.04651162790697683,2.0
qwen25_15b,123,msc_valid,22,recency_keep_compress_drop,0.5,43,2.2209302325581395,95.5,2.1744186046511627,93.5,0.04651162790697683,2.0
qwen25_15b,123,msc_valid,26,uniform,0.2,18,1.8611111111111112,33.5,1.8333333333333333,33.0,0.0277777777777779,0.5
qwen25_15b,123,msc_valid,26,longllmlingua,0.2,18,1.9444444444444444,35.0,1.8333333333333333,33.0,0.11111111111111116,2.0
qwen25_15b,123,msc_valid,26,recency,0.2,18,1.9444444444444444,35.0,1.8333333333333333,33.0,0.11111111111111116,2.0
qwen25_15b,123,msc_valid,26,lexical_tfidf,0.2,18,1.7430555555555556,31.375,1.8333333333333333,33.0,-0.09027777777777768,-1.625
qwen25_15b,123,msc_valid,26,recency_keep_compress_drop,0.2,18,1.8333333333333333,33.0,1.8333333333333333,33.0,0.0,0.0
qwen25_15b,123,msc_valid,26,uniform,0.35,18,1.8472222222222223,33.25,1.8333333333333333,33.0,0.013888888888889062,0.25
qwen25_15b,123,msc_valid,26,longllmlingua,0.35,18,1.875,33.75,1.8333333333333333,33.0,0.04166666666666674,0.75
qwen25_15b,123,msc_valid,26,recency,0.35,18,1.7777777777777777,32.0,1.8333333333333333,33.0,-0.05555555555555558,-1.0
qwen25_15b,123,msc_valid,26,lexical_tfidf,0.35,18,1.6944444444444444,30.5,1.8333333333333333,33.0,-0.13888888888888884,-2.5
qwen25_15b,123,msc_valid,26,recency_keep_compress_drop,0.35,18,1.9444444444444444,35.0,1.8333333333333333,33.0,0.11111111111111116,2.0
qwen25_15b,123,msc_valid,26,uniform,0.5,18,1.9027777777777777,34.25,1.8333333333333333,33.0,0.06944444444444442,1.25
qwen25_15b,123,msc_valid,26,longllmlingua,0.5,18,1.9027777777777777,34.25,1.8333333333333333,33.0,0.06944444444444442,1.25
qwen25_15b,123,msc_valid,26,recency,0.5,18,1.7708333333333333,31.875,1.8333333333333333,33.0,-0.0625,-1.125
qwen25_15b,123,msc_valid,26,lexical_tfidf,0.5,18,1.6805555555555556,30.25,1.8333333333333333,33.0,-0.15277777777777768,-2.75
qwen25_15b,123,msc_valid,26,recency_keep_compress_drop,0.5,18,1.8472222222222223,33.25,1.8333333333333333,33.0,0.013888888888889062,0.25
qwen25_15b,123,msc_valid,30,uniform,0.2,39,2.6666666666666665,104.0,2.6538461538461537,103.5,0.012820512820512775,0.5
qwen25_15b,123,msc_valid,30,longllmlingua,0.2,39,2.8076923076923075,109.5,2.6538461538461537,103.5,0.15384615384615374,6.0
qwen25_15b,123,msc_valid,30,recency,0.2,39,2.717948717948718,106.0,2.6538461538461537,103.5,0.06410256410256432,2.5
qwen25_15b,123,msc_valid,30,lexical_tfidf,0.2,39,2.7564102564102564,107.5,2.6538461538461537,103.5,0.10256410256410264,4.0
qwen25_15b,123,msc_valid,30,recency_keep_compress_drop,0.2,39,2.7435897435897436,107.0,2.6538461538461537,103.5,0.08974358974358987,3.5
qwen25_15b,123,msc_valid,30,uniform,0.35,39,2.58974358974359,101.0,2.6538461538461537,103.5,-0.06410256410256387,-2.5
qwen25_15b,123,msc_valid,30,longllmlingua,0.35,39,2.7564102564102564,107.5,2.6538461538461537,103.5,0.10256410256410264,4.0
qwen25_15b,123,msc_valid,30,recency,0.35,39,2.7564102564102564,107.5,2.6538461538461537,103.5,0.10256410256410264,4.0
qwen25_15b,123,msc_valid,30,lexical_tfidf,0.35,39,2.7051282051282053,105.5,2.6538461538461537,103.5,0.051282051282051544,2.0
qwen25_15b,123,msc_valid,30,recency_keep_compress_drop,0.35,39,2.7435897435897436,107.0,2.6538461538461537,103.5,0.08974358974358987,3.5
qwen25_15b,123,msc_valid,30,uniform,0.5,39,2.576923076923077,100.5,2.6538461538461537,103.5,-0.07692307692307665,-3.0
qwen25_15b,123,msc_valid,30,longllmlingua,0.5,39,2.7435897435897436,107.0,2.6538461538461537,103.5,0.08974358974358987,3.5
qwen25_15b,123,msc_valid,30,recency,0.5,39,2.7051282051282053,105.5,2.6538461538461537,103.5,0.051282051282051544,2.0
qwen25_15b,123,msc_valid,30,lexical_tfidf,0.5,39,2.717948717948718,106.0,2.6538461538461537,103.5,0.06410256410256432,2.5
qwen25_15b,123,msc_valid,30,recency_keep_compress_drop,0.5,39,2.7564102564102564,107.5,2.6538461538461537,103.5,0.10256410256410264,4.0
qwen25_15b,123,msc_valid,34,uniform,0.2,25,2.53,63.25,5.40625,5.40625,-2.87625,57.84375
qwen25_15b,123,msc_valid,34,longllmlingua,0.2,25,2.96,74.0,5.40625,5.40625,-2.44625,68.59375
qwen25_15b,123,msc_valid,34,recency,0.2,25,2.6,65.0,5.40625,5.40625,-2.80625,59.59375
qwen25_15b,123,msc_valid,34,lexical_tfidf,0.2,25,2.62,65.5,5.40625,5.40625,-2.78625,60.09375
qwen25_15b,123,msc_valid,34,recency_keep_compress_drop,0.2,25,2.58,64.5,5.40625,5.40625,-2.82625,59.09375
qwen25_15b,123,msc_valid,34,uniform,0.35,25,2.6,65.0,5.40625,5.40625,-2.80625,59.59375
qwen25_15b,123,msc_valid,34,longllmlingua,0.35,25,2.86,71.5,5.40625,5.40625,-2.54625,66.09375
qwen25_15b,123,msc_valid,34,recency,0.35,25,2.55,63.75,5.40625,5.40625,-2.85625,58.34375
qwen25_15b,123,msc_valid,34,lexical_tfidf,0.35,25,2.51,62.75,5.40625,5.40625,-2.89625,57.34375
qwen25_15b,123,msc_valid,34,recency_keep_compress_drop,0.35,25,2.46,61.5,5.40625,5.40625,-2.94625,56.09375
qwen25_15b,123,msc_valid,34,uniform,0.5,25,2.45,61.25,5.40625,5.40625,-2.95625,55.84375
qwen25_15b,123,msc_valid,34,longllmlingua,0.5,25,2.74,68.5,5.40625,5.40625,-2.66625,63.09375
qwen25_15b,123,msc_valid,34,recency,0.5,25,2.58,64.5,5.40625,5.40625,-2.82625,59.09375
qwen25_15b,123,msc_valid,34,lexical_tfidf,0.5,25,2.51,62.75,5.40625,5.40625,-2.89625,57.34375
qwen25_15b,123,msc_valid,34,recency_keep_compress_drop,0.5,25,2.46,61.5,5.40625,5.40625,-2.94625,56.09375
qwen25_15b,123,msc_valid,38,uniform,0.2,30,2.716666666666667,81.5,0.0,0.0,2.716666666666667,81.5
qwen25_15b,123,msc_valid,38,longllmlingua,0.2,30,2.816666666666667,84.5,0.0,0.0,2.816666666666667,84.5
qwen25_15b,123,msc_valid,38,recency,0.2,30,2.716666666666667,81.5,0.0,0.0,2.716666666666667,81.5
qwen25_15b,123,msc_valid,38,lexical_tfidf,0.2,30,2.816666666666667,84.5,0.0,0.0,2.816666666666667,84.5
qwen25_15b,123,msc_valid,38,recency_keep_compress_drop,0.2,30,2.95,88.5,0.0,0.0,2.95,88.5
qwen25_15b,123,msc_valid,38,uniform,0.35,30,2.8,84.0,0.0,0.0,2.8,84.0
qwen25_15b,123,msc_valid,38,longllmlingua,0.35,30,2.8333333333333335,85.0,0.0,0.0,2.8333333333333335,85.0
qwen25_15b,123,msc_valid,38,recency,0.35,30,2.7333333333333334,82.0,0.0,0.0,2.7333333333333334,82.0
qwen25_15b,123,msc_valid,38,lexical_tfidf,0.35,30,2.85,85.5,0.0,0.0,2.85,85.5
qwen25_15b,123,msc_valid,38,recency_keep_compress_drop,0.35,30,2.8833333333333333,86.5,0.0,0.0,2.8833333333333333,86.5
qwen25_15b,123,msc_valid,38,uniform,0.5,30,2.7333333333333334,82.0,0.0,0.0,2.7333333333333334,82.0
qwen25_15b,123,msc_valid,38,longllmlingua,0.5,30,2.7666666666666666,83.0,0.0,0.0,2.7666666666666666,83.0
qwen25_15b,123,msc_valid,38,recency,0.5,30,2.7,81.0,0.0,0.0,2.7,81.0
qwen25_15b,123,msc_valid,38,lexical_tfidf,0.5,30,2.7333333333333334,82.0,0.0,0.0,2.7333333333333334,82.0
qwen25_15b,123,msc_valid,38,recency_keep_compress_drop,0.5,30,2.9,87.0,0.0,0.0,2.9,87.0
qwen25_15b,123,msc_valid,42,uniform,0.2,15,1.5416666666666667,23.125,0.0,0.0,1.5416666666666667,23.125
qwen25_15b,123,msc_valid,42,longllmlingua,0.2,15,1.8,27.0,0.0,0.0,1.8,27.0
qwen25_15b,123,msc_valid,42,recency,0.2,15,1.3583333333333334,20.375,0.0,0.0,1.3583333333333334,20.375
qwen25_15b,123,msc_valid,42,lexical_tfidf,0.2,15,1.4666666666666666,22.0,0.0,0.0,1.4666666666666666,22.0
qwen25_15b,123,msc_valid,42,recency_keep_compress_drop,0.2,15,1.4583333333333333,21.875,0.0,0.0,1.4583333333333333,21.875
qwen25_15b,123,msc_valid,42,uniform,0.35,15,1.5083333333333333,22.625,0.0,0.0,1.5083333333333333,22.625
qwen25_15b,123,msc_valid,42,longllmlingua,0.35,15,1.7333333333333334,26.0,0.0,0.0,1.7333333333333334,26.0
qwen25_15b,123,msc_valid,42,recency,0.35,15,1.4166666666666667,21.25,0.0,0.0,1.4166666666666667,21.25
qwen25_15b,123,msc_valid,42,lexical_tfidf,0.35,15,1.4083333333333334,21.125,0.0,0.0,1.4083333333333334,21.125
qwen25_15b,123,msc_valid,42,recency_keep_compress_drop,0.35,15,1.4333333333333333,21.5,0.0,0.0,1.4333333333333333,21.5
qwen25_15b,123,msc_valid,42,uniform,0.5,15,1.55,23.25,0.0,0.0,1.55,23.25
qwen25_15b,123,msc_valid,42,longllmlingua,0.5,15,1.6333333333333333,24.5,0.0,0.0,1.6333333333333333,24.5
qwen25_15b,123,msc_valid,42,recency,0.5,15,1.4666666666666666,22.0,0.0,0.0,1.4666666666666666,22.0
qwen25_15b,123,msc_valid,42,lexical_tfidf,0.5,15,1.3916666666666666,20.875,0.0,0.0,1.3916666666666666,20.875
qwen25_15b,123,msc_valid,42,recency_keep_compress_drop,0.5,15,1.4333333333333333,21.5,0.0,0.0,1.4333333333333333,21.5
qwen25_15b,123,msc_valid,46,uniform,0.2,27,2.5555555555555554,69.0,0.0,0.0,2.5555555555555554,69.0
qwen25_15b,123,msc_valid,46,longllmlingua,0.2,27,2.5555555555555554,69.0,0.0,0.0,2.5555555555555554,69.0
qwen25_15b,123,msc_valid,46,recency,0.2,27,2.111111111111111,57.0,0.0,0.0,2.111111111111111,57.0
qwen25_15b,123,msc_valid,46,lexical_tfidf,0.2,27,2.037037037037037,55.0,0.0,0.0,2.037037037037037,55.0
qwen25_15b,123,msc_valid,46,recency_keep_compress_drop,0.2,27,2.1203703703703702,57.25,0.0,0.0,2.1203703703703702,57.25
qwen25_15b,123,msc_valid,46,uniform,0.35,27,2.4444444444444446,66.0,0.0,0.0,2.4444444444444446,66.0
qwen25_15b,123,msc_valid,46,longllmlingua,0.35,27,2.3333333333333335,63.0,0.0,0.0,2.3333333333333335,63.0
qwen25_15b,123,msc_valid,46,recency,0.35,27,2.1296296296296298,57.5,0.0,0.0,2.1296296296296298,57.5
qwen25_15b,123,msc_valid,46,lexical_tfidf,0.35,27,2.064814814814815,55.75,0.0,0.0,2.064814814814815,55.75
qwen25_15b,123,msc_valid,46,recency_keep_compress_drop,0.35,27,2.064814814814815,55.75,0.0,0.0,2.064814814814815,55.75
qwen25_15b,123,msc_valid,46,uniform,0.5,27,2.537037037037037,68.5,0.0,0.0,2.537037037037037,68.5
qwen25_15b,123,msc_valid,46,longllmlingua,0.5,27,2.064814814814815,55.75,0.0,0.0,2.064814814814815,55.75
qwen25_15b,123,msc_valid,46,recency,0.5,27,2.138888888888889,57.75,0.0,0.0,2.138888888888889,57.75
qwen25_15b,123,msc_valid,46,lexical_tfidf,0.5,27,2.0833333333333335,56.25,0.0,0.0,2.0833333333333335,56.25
qwen25_15b,123,msc_valid,46,recency_keep_compress_drop,0.5,27,2.111111111111111,57.0,0.0,0.0,2.111111111111111,57.0
qwen25_15b,123,msc_valid,48,uniform,0.2,10,1.4375,14.375,0.0,0.0,1.4375,14.375
qwen25_15b,123,msc_valid,48,longllmlingua,0.2,10,1.3875,13.875,0.0,0.0,1.3875,13.875
qwen25_15b,123,msc_valid,48,recency,0.2,10,1.375,13.75,0.0,0.0,1.375,13.75
qwen25_15b,123,msc_valid,48,lexical_tfidf,0.2,10,1.4,14.0,0.0,0.0,1.4,14.0
qwen25_15b,123,msc_valid,48,recency_keep_compress_drop,0.2,10,1.4125,14.125,0.0,0.0,1.4125,14.125
qwen25_15b,123,msc_valid,48,uniform,0.35,10,1.46875,14.6875,0.0,0.0,1.46875,14.6875
qwen25_15b,123,msc_valid,48,longllmlingua,0.35,10,1.44375,14.4375,0.0,0.0,1.44375,14.4375
qwen25_15b,123,msc_valid,48,recency,0.35,10,1.425,14.25,0.0,0.0,1.425,14.25
qwen25_15b,123,msc_valid,48,lexical_tfidf,0.35,10,1.55,15.5,0.0,0.0,1.55,15.5
qwen25_15b,123,msc_valid,48,recency_keep_compress_drop,0.35,10,1.4875,14.875,0.0,0.0,1.4875,14.875
qwen25_15b,123,msc_valid,48,uniform,0.5,10,1.56875,15.6875,0.0,0.0,1.56875,15.6875
qwen25_15b,123,msc_valid,48,longllmlingua,0.5,10,1.45,14.5,0.0,0.0,1.45,14.5
qwen25_15b,123,msc_valid,48,recency,0.5,10,1.5375,15.375,0.0,0.0,1.5375,15.375
qwen25_15b,123,msc_valid,48,lexical_tfidf,0.5,10,1.5,15.0,0.0,0.0,1.5,15.0
qwen25_15b,123,msc_valid,48,recency_keep_compress_drop,0.5,10,1.48125,14.8125,0.0,0.0,1.48125,14.8125
qwen25_15b,123,msc_valid,52,uniform,0.2,30,3.1166666666666667,93.5,0.0,0.0,3.1166666666666667,93.5
qwen25_15b,123,msc_valid,52,longllmlingua,0.2,30,3.3,99.0,0.0,0.0,3.3,99.0
qwen25_15b,123,msc_valid,52,recency,0.2,30,3.066666666666667,92.0,0.0,0.0,3.066666666666667,92.0
qwen25_15b,123,msc_valid,52,lexical_tfidf,0.2,30,3.0,90.0,0.0,0.0,3.0,90.0
qwen25_15b,123,msc_valid,52,recency_keep_compress_drop,0.2,30,2.9833333333333334,89.5,0.0,0.0,2.9833333333333334,89.5
qwen25_15b,123,msc_valid,52,uniform,0.35,30,3.15,94.5,0.0,0.0,3.15,94.5
qwen25_15b,123,msc_valid,52,longllmlingua,0.35,30,3.283333333333333,98.5,0.0,0.0,3.283333333333333,98.5
qwen25_15b,123,msc_valid,52,recency,0.35,30,3.0833333333333335,92.5,0.0,0.0,3.0833333333333335,92.5
qwen25_15b,123,msc_valid,52,lexical_tfidf,0.35,30,2.9166666666666665,87.5,0.0,0.0,2.9166666666666665,87.5
qwen25_15b,123,msc_valid,52,recency_keep_compress_drop,0.35,30,3.0,90.0,0.0,0.0,3.0,90.0
qwen25_15b,123,msc_valid,52,uniform,0.5,30,3.1,93.0,0.0,0.0,3.1,93.0
qwen25_15b,123,msc_valid,52,longllmlingua,0.5,30,3.183333333333333,95.5,0.0,0.0,3.183333333333333,95.5
qwen25_15b,123,msc_valid,52,recency,0.5,10,3.8,38.0,0.0,0.0,3.8,38.0
qwen25_15b,123,msc_valid,52,lexical_tfidf,0.5,19,3.8157894736842106,72.5,0.0,0.0,3.8157894736842106,72.5
qwen25_15b,123,msc_valid,52,recency_keep_compress_drop,0.5,17,3.764705882352941,64.0,0.0,0.0,3.764705882352941,64.0
qwen25_15b,123,msc_valid,56,uniform,0.2,40,2.325,93.0,0.0,0.0,2.325,93.0
qwen25_15b,123,msc_valid,56,longllmlingua,0.2,40,2.4625,98.5,0.0,0.0,2.4625,98.5
qwen25_15b,123,msc_valid,56,recency,0.2,40,2.4,96.0,0.0,0.0,2.4,96.0
qwen25_15b,123,msc_valid,56,lexical_tfidf,0.2,40,2.4,96.0,0.0,0.0,2.4,96.0
qwen25_15b,123,msc_valid,56,recency_keep_compress_drop,0.2,40,2.375,95.0,0.0,0.0,2.375,95.0
qwen25_15b,123,msc_valid,56,uniform,0.35,40,2.3375,93.5,0.0,0.0,2.3375,93.5
qwen25_15b,123,msc_valid,56,longllmlingua,0.35,40,2.4125,96.5,0.0,0.0,2.4125,96.5
qwen25_15b,123,msc_valid,56,recency,0.35,0,0.0,0.0,0.0,0.0,0.0,0.0
qwen25_15b,123,msc_valid,56,lexical_tfidf,0.35,0,0.0,0.0,0.0,0.0,0.0,0.0
qwen25_15b,123,msc_valid,56,recency_keep_compress_drop,0.35,0,0.0,0.0,0.0,0.0,0.0,0.0
qwen25_15b,123,msc_valid,56,uniform,0.5,40,2.325,93.0,0.0,0.0,2.325,93.0
qwen25_15b,123,msc_valid,56,longllmlingua,0.5,40,2.375,95.0,0.0,0.0,2.375,95.0
qwen25_15b,123,msc_valid,56,recency,0.5,0,0.0,0.0,0.0,0.0,0.0,0.0
qwen25_15b,123,msc_valid,56,lexical_tfidf,0.5,0,0.0,0.0,0.0,0.0,0.0,0.0
qwen25_15b,123,msc_valid,56,recency_keep_compress_drop,0.5,0,0.0,0.0,0.0,0.0,0.0,0.0
qwen25_15b,123,msc_valid,60,uniform,0.2,46,3.0869565217391304,142.0,0.0,0.0,3.0869565217391304,142.0
qwen25_15b,123,msc_valid,60,longllmlingua,0.2,46,3.3043478260869565,152.0,0.0,0.0,3.3043478260869565,152.0
qwen25_15b,123,msc_valid,60,recency,0.2,0,0.0,0.0,0.0,0.0,0.0,0.0
qwen25_15b,123,msc_valid,60,lexical_tfidf,0.2,0,0.0,0.0,0.0,0.0,0.0,0.0
qwen25_15b,123,msc_valid,60,recency_keep_compress_drop,0.2,0,0.0,0.0,0.0,0.0,0.0,0.0
qwen25_15b,123,msc_valid,60,uniform,0.35,46,3.0434782608695654,140.0,0.0,0.0,3.0434782608695654,140.0
qwen25_15b,123,msc_valid,60,longllmlingua,0.35,46,3.239130434782609,149.0,0.0,0.0,3.239130434782609,149.0
qwen25_15b,123,msc_valid,60,recency,0.35,0,0.0,0.0,0.0,0.0,0.0,0.0
qwen25_15b,123,msc_valid,60,lexical_tfidf,0.35,0,0.0,0.0,0.0,0.0,0.0,0.0
qwen25_15b,123,msc_valid,60,recency_keep_compress_drop,0.35,0,0.0,0.0,0.0,0.0,0.0,0.0
qwen25_15b,123,msc_valid,60,uniform,0.5,46,3.0217391304347827,139.0,0.0,0.0,3.0217391304347827,139.0
qwen25_15b,123,msc_valid,60,longllmlingua,0.5,46,3.1956521739130435,147.0,0.0,0.0,3.1956521739130435,147.0
qwen25_15b,123,msc_valid,60,recency,0.5,0,0.0,0.0,0.0,0.0,0.0,0.0
qwen25_15b,123,msc_valid,60,lexical_tfidf,0.5,0,0.0,0.0,0.0,0.0,0.0,0.0
qwen25_15b,123,msc_valid,60,recency_keep_compress_drop,0.5,0,0.0,0.0,0.0,0.0,0.0,0.0
qwen25_15b,133,msc_valid,4,uniform,0.2,19,3.210526315789474,61.0,3.0657894736842106,58.25,0.14473684210526327,2.75
qwen25_15b,133,msc_valid,4,longllmlingua,0.2,19,2.8289473684210527,53.75,3.0657894736842106,58.25,-0.23684210526315796,-4.5
qwen25_15b,133,msc_valid,4,recency,0.2,19,3.210526315789474,61.0,3.0657894736842106,58.25,0.14473684210526327,2.75
qwen25_15b,133,msc_valid,4,lexical_tfidf,0.2,19,3.210526315789474,61.0,3.0657894736842106,58.25,0.14473684210526327,2.75
qwen25_15b,133,msc_valid,4,recency_keep_compress_drop,0.2,19,3.210526315789474,61.0,3.0657894736842106,58.25,0.14473684210526327,2.75
qwen25_15b,133,msc_valid,4,uniform,0.35,19,3.210526315789474,61.0,3.0657894736842106,58.25,0.14473684210526327,2.75
qwen25_15b,133,msc_valid,4,longllmlingua,0.35,19,2.710526315789474,51.5,3.0657894736842106,58.25,-0.3552631578947367,-6.75
qwen25_15b,133,msc_valid,4,recency,0.35,19,3.210526315789474,61.0,3.0657894736842106,58.25,0.14473684210526327,2.75
qwen25_15b,133,msc_valid,4,lexical_tfidf,0.35,19,3.210526315789474,61.0,3.0657894736842106,58.25,0.14473684210526327,2.75
qwen25_15b,133,msc_valid,4,recency_keep_compress_drop,0.35,19,3.210526315789474,61.0,3.0657894736842106,58.25,0.14473684210526327,2.75
qwen25_15b,133,msc_valid,4,uniform,0.5,19,2.973684210526316,56.5,3.0657894736842106,58.25,-0.09210526315789469,-1.75
qwen25_15b,133,msc_valid,4,longllmlingua,0.5,19,2.6447368421052633,50.25,3.0657894736842106,58.25,-0.42105263157894735,-8.0
qwen25_15b,133,msc_valid,4,recency,0.5,19,2.973684210526316,56.5,3.0657894736842106,58.25,-0.09210526315789469,-1.75
qwen25_15b,133,msc_valid,4,lexical_tfidf,0.5,19,2.973684210526316,56.5,3.0657894736842106,58.25,-0.09210526315789469,-1.75
qwen25_15b,133,msc_valid,4,recency_keep_compress_drop,0.5,19,2.973684210526316,56.5,3.0657894736842106,58.25,-0.09210526315789469,-1.75
qwen25_15b,133,msc_valid,8,uniform,0.2,20,4.375,87.5,4.225,84.5,0.15000000000000036,3.0
qwen25_15b,133,msc_valid,8,longllmlingua,0.2,20,4.15,83.0,4.225,84.5,-0.07499999999999929,-1.5
qwen25_15b,133,msc_valid,8,recency,0.2,20,4.325,86.5,4.225,84.5,0.10000000000000053,2.0
qwen25_15b,133,msc_valid,8,lexical_tfidf,0.2,20,4.275,85.5,4.225,84.5,0.05000000000000071,1.0
qwen25_15b,133,msc_valid,8,recency_keep_compress_drop,0.2,20,4.325,86.5,4.225,84.5,0.10000000000000053,2.0
qwen25_15b,133,msc_valid,8,uniform,0.35,20,4.4,88.0,4.225,84.5,0.1750000000000007,3.5
qwen25_15b,133,msc_valid,8,longllmlingua,0.35,20,4.125,82.5,4.225,84.5,-0.09999999999999964,-2.0
qwen25_15b,133,msc_valid,8,recency,0.35,20,4.3,86.0,4.225,84.5,0.07500000000000018,1.5
qwen25_15b,133,msc_valid,8,lexical_tfidf,0.35,20,4.3,86.0,4.225,84.5,0.07500000000000018,1.5
qwen25_15b,133,msc_valid,8,recency_keep_compress_drop,0.35,20,4.3,86.0,4.225,84.5,0.07500000000000018,1.5
qwen25_15b,133,msc_valid,8,uniform,0.5,20,4.425,88.5,4.225,84.5,0.20000000000000018,4.0
qwen25_15b,133,msc_valid,8,longllmlingua,0.5,20,4.075,81.5,4.225,84.5,-0.14999999999999947,-3.0
qwen25_15b,133,msc_valid,8,recency,0.5,20,4.225,84.5,4.225,84.5,0.0,0.0
qwen25_15b,133,msc_valid,8,lexical_tfidf,0.5,20,4.35,87.0,4.225,84.5,0.125,2.5
qwen25_15b,133,msc_valid,8,recency_keep_compress_drop,0.5,20,4.275,85.5,4.225,84.5,0.05000000000000071,1.0
qwen25_15b,133,msc_valid,12,uniform,0.2,7,5.285714285714286,37.0,4.232142857142857,29.625,1.0535714285714288,7.375
qwen25_15b,133,msc_valid,12,longllmlingua,0.2,7,4.964285714285714,34.75,4.232142857142857,29.625,0.7321428571428577,5.125
qwen25_15b,133,msc_valid,12,recency,0.2,7,5.035714285714286,35.25,4.232142857142857,29.625,0.8035714285714288,5.625
qwen25_15b,133,msc_valid,12,lexical_tfidf,0.2,7,4.714285714285714,33.0,4.232142857142857,29.625,0.48214285714285765,3.375
qwen25_15b,133,msc_valid,12,recency_keep_compress_drop,0.2,7,5.035714285714286,35.25,4.232142857142857,29.625,0.8035714285714288,5.625
qwen25_15b,133,msc_valid,12,uniform,0.35,7,5.035714285714286,35.25,4.232142857142857,29.625,0.8035714285714288,5.625
qwen25_15b,133,msc_valid,12,longllmlingua,0.35,7,4.857142857142857,34.0,4.232142857142857,29.625,0.625,4.375
qwen25_15b,133,msc_valid,12,recency,0.35,7,5.071428571428571,35.5,4.232142857142857,29.625,0.8392857142857144,5.875
qwen25_15b,133,msc_valid,12,lexical_tfidf,0.35,7,5.142857142857143,36.0,4.232142857142857,29.625,0.9107142857142865,6.375
qwen25_15b,133,msc_valid,12,recency_keep_compress_drop,0.35,7,4.857142857142857,34.0,4.232142857142857,29.625,0.625,4.375
qwen25_15b,133,msc_valid,12,uniform,0.5,7,4.928571428571429,34.5,4.232142857142857,29.625,0.6964285714285721,4.875
qwen25_15b,133,msc_valid,12,longllmlingua,0.5,7,4.714285714285714,33.0,4.232142857142857,29.625,0.48214285714285765,3.375
qwen25_15b,133,msc_valid,12,recency,0.5,7,4.678571428571429,32.75,4.232142857142857,29.625,0.44642857142857206,3.125
qwen25_15b,133,msc_valid,12,lexical_tfidf,0.5,7,4.5,31.5,4.232142857142857,29.625,0.26785714285714324,1.875
qwen25_15b,133,msc_valid,12,recency_keep_compress_drop,0.5,7,4.357142857142857,30.5,4.232142857142857,29.625,0.125,0.875
qwen25_15b,133,msc_valid,16,uniform,0.2,16,3.671875,58.75,3.15625,50.5,0.515625,8.25
qwen25_15b,133,msc_valid,16,longllmlingua,0.2,16,3.203125,51.25,3.15625,50.5,0.046875,0.75
qwen25_15b,133,msc_valid,16,recency,0.2,16,3.71875,59.5,3.15625,50.5,0.5625,9.0
qwen25_15b,133,msc_valid,16,lexical_tfidf,0.2,16,3.671875,58.75,3.15625,50.5,0.515625,8.25
qwen25_15b,133,msc_valid,16,recency_keep_compress_drop,0.2,16,3.75,60.0,3.15625,50.5,0.59375,9.5
qwen25_15b,133,msc_valid,16,uniform,0.35,16,3.671875,58.75,3.15625,50.5,0.515625,8.25
qwen25_15b,133,msc_valid,16,longllmlingua,0.35,16,3.0,48.0,3.15625,50.5,-0.15625,-2.5
qwen25_15b,133,msc_valid,16,recency,0.35,16,3.734375,59.75,3.15625,50.5,0.578125,9.25
qwen25_15b,133,msc_valid,16,lexical_tfidf,0.35,16,3.4375,55.0,3.15625,50.5,0.28125,4.5
qwen25_15b,133,msc_valid,16,recency_keep_compress_drop,0.35,16,3.046875,48.75,3.15625,50.5,-0.109375,-1.75
qwen25_15b,133,msc_valid,16,uniform,0.5,16,3.53125,56.5,3.15625,50.5,0.375,6.0
qwen25_15b,133,msc_valid,16,longllmlingua,0.5,16,3.296875,52.75,3.15625,50.5,0.140625,2.25
qwen25_15b,133,msc_valid,16,recency,0.5,16,3.015625,48.25,3.15625,50.5,-0.140625,-2.25
qwen25_15b,133,msc_valid,16,lexical_tfidf,0.5,16,3.359375,53.75,3.15625,50.5,0.203125,3.25
qwen25_15b,133,msc_valid,16,recency_keep_compress_drop,0.5,16,3.140625,50.25,3.15625,50.5,-0.015625,-0.25
qwen25_15b,133,msc_valid,20,uniform,0.2,24,2.6666666666666665,64.0,2.53125,60.75,0.13541666666666652,3.25
qwen25_15b,133,msc_valid,20,longllmlingua,0.2,24,2.75,66.0,2.53125,60.75,0.21875,5.25
qwen25_15b,133,msc_valid,20,recency,0.2,24,2.5833333333333335,62.0,2.53125,60.75,0.05208333333333348,1.25
qwen25_15b,133,msc_valid,20,lexical_tfidf,0.2,24,2.8125,67.5,2.53125,60.75,0.28125,6.75
qwen25_15b,133,msc_valid,20,recency_keep_compress_drop,0.2,24,2.5104166666666665,60.25,2.53125,60.75,-0.02083333333333348,-0.5
qwen25_15b,133,msc_valid,20,uniform,0.35,24,2.75,66.0,2.53125,60.75,0.21875,5.25
qwen25_15b,133,msc_valid,20,longllmlingua,0.35,24,2.6666666666666665,64.0,2.53125,60.75,0.13541666666666652,3.25
qwen25_15b,133,msc_valid,20,recency,0.35,24,2.4791666666666665,59.5,2.53125,60.75,-0.05208333333333348,-1.25
qwen25_15b,133,msc_valid,20,lexical_tfidf,0.35,24,2.5625,61.5,2.53125,60.75,0.03125,0.75
qwen25_15b,133,msc_valid,20,recency_keep_compress_drop,0.35,24,2.4791666666666665,59.5,2.53125,60.75,-0.05208333333333348,-1.25
qwen25_15b,133,msc_valid,20,uniform,0.5,24,2.7291666666666665,65.5,2.53125,60.75,0.19791666666666652,4.75
qwen25_15b,133,msc_valid,20,longllmlingua,0.5,24,2.5833333333333335,62.0,2.53125,60.75,0.05208333333333348,1.25
qwen25_15b,133,msc_valid,20,recency,0.5,24,2.5416666666666665,61.0,2.53125,60.75,0.010416666666666519,0.25
qwen25_15b,133,msc_valid,20,lexical_tfidf,0.5,24,2.53125,60.75,2.53125,60.75,0.0,0.0
qwen25_15b,133,msc_valid,20,recency_keep_compress_drop,0.5,24,2.3958333333333335,57.5,2.53125,60.75,-0.13541666666666652,-3.25
qwen25_15b,133,msc_valid,24,uniform,0.2,23,2.3152173913043477,53.25,1.5978260869565217,36.75,0.7173913043478259,16.5
qwen25_15b,133,msc_valid,24,longllmlingua,0.2,23,2.3043478260869565,53.0,1.5978260869565217,36.75,0.7065217391304348,16.25
qwen25_15b,133,msc_valid,24,recency,0.2,23,2.0652173913043477,47.5,1.5978260869565217,36.75,0.46739130434782594,10.75
qwen25_15b,133,msc_valid,24,lexical_tfidf,0.2,23,2.282608695652174,52.5,1.5978260869565217,36.75,0.6847826086956521,15.75
qwen25_15b,133,msc_valid,24,recency_keep_compress_drop,0.2,23,1.934782608695652,44.5,1.5978260869565217,36.75,0.3369565217391304,7.75
qwen25_15b,133,msc_valid,24,uniform,0.35,23,2.097826086956522,48.25,1.5978260869565217,36.75,0.5000000000000002,11.5
qwen25_15b,133,msc_valid,24,longllmlingua,0.35,23,2.1847826086956523,50.25,1.5978260869565217,36.75,0.5869565217391306,13.5
qwen25_15b,133,msc_valid,24,recency,0.35,23,1.8804347826086956,43.25,1.5978260869565217,36.75,0.28260869565217384,6.5
qwen25_15b,133,msc_valid,24,lexical_tfidf,0.35,23,1.9565217391304348,45.0,1.5978260869565217,36.75,0.3586956521739131,8.25
qwen25_15b,133,msc_valid,24,recency_keep_compress_drop,0.35,23,1.9891304347826086,45.75,1.5978260869565217,36.75,0.3913043478260869,9.0
qwen25_15b,133,msc_valid,24,uniform,0.5,23,2.0217391304347827,46.5,1.5978260869565217,36.75,0.423913043478261,9.75
qwen25_15b,133,msc_valid,24,longllmlingua,0.5,23,2.0,46.0,1.5978260869565217,36.75,0.40217391304347827,9.25
qwen25_15b,133,msc_valid,24,recency,0.5,23,1.7173913043478262,39.5,1.5978260869565217,36.75,0.11956521739130443,2.75
qwen25_15b,133,msc_valid,24,lexical_tfidf,0.5,23,1.826086956521739,42.0,1.5978260869565217,36.75,0.2282608695652173,5.25
qwen25_15b,133,msc_valid,24,recency_keep_compress_drop,0.5,23,1.7391304347826086,40.0,1.5978260869565217,36.75,0.14130434782608692,3.25
qwen25_15b,133,msc_valid,28,uniform,0.2,36,2.263888888888889,81.5,2.2222222222222223,80.0,0.04166666666666652,1.5
qwen25_15b,133,msc_valid,28,longllmlingua,0.2,36,2.236111111111111,80.5,2.2222222222222223,80.0,0.01388888888888884,0.5
qwen25_15b,133,msc_valid,28,recency,0.2,36,2.263888888888889,81.5,2.2222222222222223,80.0,0.04166666666666652,1.5
qwen25_15b,133,msc_valid,28,lexical_tfidf,0.2,36,2.263888888888889,81.5,2.2222222222222223,80.0,0.04166666666666652,1.5
qwen25_15b,133,msc_valid,28,recency_keep_compress_drop,0.2,36,2.2777777777777777,82.0,2.2222222222222223,80.0,0.05555555555555536,2.0
qwen25_15b,133,msc_valid,28,uniform,0.35,36,2.0972222222222223,75.5,2.2222222222222223,80.0,-0.125,-4.5
qwen25_15b,133,msc_valid,28,longllmlingua,0.35,36,2.25,81.0,2.2222222222222223,80.0,0.02777777777777768,1.0
qwen25_15b,133,msc_valid,28,recency,0.35,36,2.236111111111111,80.5,2.2222222222222223,80.0,0.01388888888888884,0.5
qwen25_15b,133,msc_valid,28,lexical_tfidf,0.35,36,2.25,81.0,2.2222222222222223,80.0,0.02777777777777768,1.0
qwen25_15b,133,msc_valid,28,recency_keep_compress_drop,0.35,36,2.1944444444444446,79.0,2.2222222222222223,80.0,-0.02777777777777768,-1.0
qwen25_15b,133,msc_valid,28,uniform,0.5,36,2.1527777777777777,77.5,2.2222222222222223,80.0,-0.06944444444444464,-2.5
qwen25_15b,133,msc_valid,28,longllmlingua,0.5,36,2.2222222222222223,80.0,2.2222222222222223,80.0,0.0,0.0
qwen25_15b,133,msc_valid,28,recency,0.5,36,2.2222222222222223,80.0,2.2222222222222223,80.0,0.0,0.0
qwen25_15b,133,msc_valid,28,lexical_tfidf,0.5,36,2.2083333333333335,79.5,2.2222222222222223,80.0,-0.01388888888888884,-0.5
qwen25_15b,133,msc_valid,28,recency_keep_compress_drop,0.5,36,2.1666666666666665,78.0,2.2222222222222223,80.0,-0.0555555555555558,-2.0
qwen25_15b,133,msc_valid,32,uniform,0.2,22,3.477272727272727,76.5,3.1136363636363638,68.5,0.3636363636363633,8.0
qwen25_15b,133,msc_valid,32,longllmlingua,0.2,22,3.1136363636363638,68.5,3.1136363636363638,68.5,0.0,0.0
qwen25_15b,133,msc_valid,32,recency,0.2,22,3.340909090909091,73.5,3.1136363636363638,68.5,0.22727272727272707,5.0
qwen25_15b,133,msc_valid,32,lexical_tfidf,0.2,22,3.272727272727273,72.0,3.1136363636363638,68.5,0.15909090909090917,3.5
qwen25_15b,133,msc_valid,32,recency_keep_compress_drop,0.2,22,3.3181818181818183,73.0,3.1136363636363638,68.5,0.20454545454545459,4.5
qwen25_15b,133,msc_valid,32,uniform,0.35,22,3.159090909090909,69.5,3.1136363636363638,68.5,0.045454545454545414,1.0
qwen25_15b,133,msc_valid,32,longllmlingua,0.35,22,2.909090909090909,64.0,3.1136363636363638,68.5,-0.20454545454545459,-4.5
qwen25_15b,133,msc_valid,32,recency,0.35,22,3.1818181818181817,70.0,3.1136363636363638,68.5,0.0681818181818179,1.5
qwen25_15b,133,msc_valid,32,lexical_tfidf,0.35,22,3.272727272727273,72.0,3.1136363636363638,68.5,0.15909090909090917,3.5
qwen25_15b,133,msc_valid,32,recency_keep_compress_drop,0.35,22,3.2954545454545454,72.5,3.1136363636363638,68.5,0.18181818181818166,4.0
qwen25_15b,133,msc_valid,32,uniform,0.5,22,3.0454545454545454,67.0,3.1136363636363638,68.5,-0.06818181818181834,-1.5
qwen25_15b,133,msc_valid,32,longllmlingua,0.5,22,3.022727272727273,66.5,3.1136363636363638,68.5,-0.09090909090909083,-2.0
qwen25_15b,133,msc_valid,32,recency,0.5,22,3.2045454545454546,70.5,3.1136363636363638,68.5,0.09090909090909083,2.0
qwen25_15b,133,msc_valid,32,lexical_tfidf,0.5,22,3.1363636363636362,69.0,3.1136363636363638,68.5,0.022727272727272485,0.5
qwen25_15b,133,msc_valid,32,recency_keep_compress_drop,0.5,22,3.2045454545454546,70.5,3.1136363636363638,68.5,0.09090909090909083,2.0
qwen25_15b,133,msc_valid,34,uniform,0.2,50,2.43,121.5,2.43,121.5,0.0,0.0
qwen25_15b,133,msc_valid,34,longllmlingua,0.2,50,2.42,121.0,2.43,121.5,-0.010000000000000231,-0.5
qwen25_15b,133,msc_valid,34,recency,0.2,50,2.45,122.5,2.43,121.5,0.020000000000000018,1.0
qwen25_15b,133,msc_valid,34,lexical_tfidf,0.2,50,2.4,120.0,2.43,121.5,-0.03000000000000025,-1.5
qwen25_15b,133,msc_valid,34,recency_keep_compress_drop,0.2,50,2.47,123.5,2.43,121.5,0.040000000000000036,2.0
qwen25_15b,133,msc_valid,34,uniform,0.35,50,2.42,121.0,2.43,121.5,-0.010000000000000231,-0.5
qwen25_15b,133,msc_valid,34,longllmlingua,0.35,50,2.44,122.0,2.43,121.5,0.009999999999999787,0.5
qwen25_15b,133,msc_valid,34,recency,0.35,50,2.46,123.0,2.43,121.5,0.029999999999999805,1.5
qwen25_15b,133,msc_valid,34,lexical_tfidf,0.35,50,2.43,121.5,2.43,121.5,0.0,0.0
qwen25_15b,133,msc_valid,34,recency_keep_compress_drop,0.35,50,2.38,119.0,2.43,121.5,-0.050000000000000266,-2.5
qwen25_15b,133,msc_valid,34,uniform,0.5,50,2.41,120.5,2.43,121.5,-0.020000000000000018,-1.0
qwen25_15b,133,msc_valid,34,longllmlingua,0.5,50,2.42,121.0,2.43,121.5,-0.010000000000000231,-0.5
qwen25_15b,133,msc_valid,34,recency,0.5,50,2.45,122.5,2.43,121.5,0.020000000000000018,1.0
qwen25_15b,133,msc_valid,34,lexical_tfidf,0.5,50,2.44,122.0,2.43,121.5,0.009999999999999787,0.5
qwen25_15b,133,msc_valid,34,recency_keep_compress_drop,0.5,50,2.39,119.5,2.43,121.5,-0.040000000000000036,-2.0
qwen25_15b,133,msc_valid,38,uniform,0.2,44,2.227272727272727,98.0,2.566666666666667,77.0,-0.3393939393939398,21.0
qwen25_15b,133,msc_valid,38,longllmlingua,0.2,44,2.227272727272727,98.0,2.566666666666667,77.0,-0.3393939393939398,21.0
qwen25_15b,133,msc_valid,38,recency,0.2,44,2.3295454545454546,102.5,2.566666666666667,77.0,-0.2371212121212123,25.5
qwen25_15b,133,msc_valid,38,lexical_tfidf,0.2,44,2.25,99.0,2.566666666666667,77.0,-0.3166666666666669,22.0
qwen25_15b,133,msc_valid,38,recency_keep_compress_drop,0.2,44,2.352272727272727,103.5,2.566666666666667,77.0,-0.2143939393939398,26.5
qwen25_15b,133,msc_valid,38,uniform,0.35,44,2.2045454545454546,97.0,2.566666666666667,77.0,-0.3621212121212123,20.0
qwen25_15b,133,msc_valid,38,longllmlingua,0.35,44,2.1363636363636362,94.0,2.566666666666667,77.0,-0.43030303030303063,17.0
qwen25_15b,133,msc_valid,38,recency,0.35,44,2.284090909090909,100.5,2.566666666666667,77.0,-0.2825757575757577,23.5
qwen25_15b,133,msc_valid,38,lexical_tfidf,0.35,44,2.2386363636363638,98.5,2.566666666666667,77.0,-0.3280303030303031,21.5
qwen25_15b,133,msc_valid,38,recency_keep_compress_drop,0.35,44,2.4431818181818183,107.5,2.566666666666667,77.0,-0.12348484848484853,30.5
qwen25_15b,133,msc_valid,38,uniform,0.5,44,2.1704545454545454,95.5,2.566666666666667,77.0,-0.39621212121212146,18.5
qwen25_15b,133,msc_valid,38,longllmlingua,0.5,44,2.102272727272727,92.5,2.566666666666667,77.0,-0.4643939393939398,15.5
qwen25_15b,133,msc_valid,38,recency,0.5,44,2.227272727272727,98.0,2.566666666666667,77.0,-0.3393939393939398,21.0
qwen25_15b,133,msc_valid,38,lexical_tfidf,0.5,44,2.227272727272727,98.0,2.566666666666667,77.0,-0.3393939393939398,21.0
qwen25_15b,133,msc_valid,38,recency_keep_compress_drop,0.5,44,2.3636363636363638,104.0,2.566666666666667,77.0,-0.20303030303030312,27.0
qwen25_15b,133,msc_valid,42,uniform,0.2,52,2.0288461538461537,105.5,0.0,0.0,2.0288461538461537,105.5
qwen25_15b,133,msc_valid,42,longllmlingua,0.2,52,2.0096153846153846,104.5,0.0,0.0,2.0096153846153846,104.5
qwen25_15b,133,msc_valid,42,recency,0.2,52,2.019230769230769,105.0,0.0,0.0,2.019230769230769,105.0
qwen25_15b,133,msc_valid,42,lexical_tfidf,0.2,52,1.9711538461538463,102.5,0.0,0.0,1.9711538461538463,102.5
qwen25_15b,133,msc_valid,42,recency_keep_compress_drop,0.2,52,1.9903846153846154,103.5,0.0,0.0,1.9903846153846154,103.5
qwen25_15b,133,msc_valid,42,uniform,0.35,52,1.9903846153846154,103.5,0.0,0.0,1.9903846153846154,103.5
qwen25_15b,133,msc_valid,42,longllmlingua,0.35,52,1.9807692307692308,103.0,0.0,0.0,1.9807692307692308,103.0
qwen25_15b,133,msc_valid,42,recency,0.35,52,1.9615384615384615,102.0,0.0,0.0,1.9615384615384615,102.0
qwen25_15b,133,msc_valid,42,lexical_tfidf,0.35,52,1.8846153846153846,98.0,0.0,0.0,1.8846153846153846,98.0
qwen25_15b,133,msc_valid,42,recency_keep_compress_drop,0.35,52,1.9711538461538463,102.5,0.0,0.0,1.9711538461538463,102.5
qwen25_15b,133,msc_valid,42,uniform,0.5,52,1.9230769230769231,100.0,0.0,0.0,1.9230769230769231,100.0
qwen25_15b,133,msc_valid,42,longllmlingua,0.5,52,1.9326923076923077,100.5,0.0,0.0,1.9326923076923077,100.5
qwen25_15b,133,msc_valid,42,recency,0.5,52,1.9134615384615385,99.5,0.0,0.0,1.9134615384615385,99.5
qwen25_15b,133,msc_valid,42,lexical_tfidf,0.5,52,1.8942307692307692,98.5,0.0,0.0,1.8942307692307692,98.5
qwen25_15b,133,msc_valid,42,recency_keep_compress_drop,0.5,52,1.9230769230769231,100.0,0.0,0.0,1.9230769230769231,100.0
qwen25_15b,133,msc_valid,46,uniform,0.2,50,2.27,113.5,0.0,0.0,2.27,113.5
qwen25_15b,133,msc_valid,46,longllmlingua,0.2,50,2.17,108.5,0.0,0.0,2.17,108.5
qwen25_15b,133,msc_valid,46,recency,0.2,50,2.21,110.5,0.0,0.0,2.21,110.5
qwen25_15b,133,msc_valid,46,lexical_tfidf,0.2,50,2.24,112.0,0.0,0.0,2.24,112.0
qwen25_15b,133,msc_valid,46,recency_keep_compress_drop,0.2,50,2.25,112.5,0.0,0.0,2.25,112.5
qwen25_15b,133,msc_valid,46,uniform,0.35,50,2.2,110.0,0.0,0.0,2.2,110.0
qwen25_15b,133,msc_valid,46,longllmlingua,0.35,50,2.15,107.5,0.0,0.0,2.15,107.5
qwen25_15b,133,msc_valid,46,recency,0.35,50,2.19,109.5,0.0,0.0,2.19,109.5
qwen25_15b,133,msc_valid,46,lexical_tfidf,0.35,50,2.13,106.5,0.0,0.0,2.13,106.5
qwen25_15b,133,msc_valid,46,recency_keep_compress_drop,0.35,50,2.24,112.0,0.0,0.0,2.24,112.0
qwen25_15b,133,msc_valid,46,uniform,0.5,50,2.14,107.0,0.0,0.0,2.14,107.0
qwen25_15b,133,msc_valid,46,longllmlingua,0.5,50,2.16,108.0,0.0,0.0,2.16,108.0
qwen25_15b,133,msc_valid,46,recency,0.5,50,2.17,108.5,0.0,0.0,2.17,108.5
qwen25_15b,133,msc_valid,46,lexical_tfidf,0.5,50,2.16,108.0,0.0,0.0,2.16,108.0
qwen25_15b,133,msc_valid,46,recency_keep_compress_drop,0.5,50,2.24,112.0,0.0,0.0,2.24,112.0
qwen25_15b,133,msc_valid,50,uniform,0.2,24,3.3958333333333335,81.5,0.0,0.0,3.3958333333333335,81.5
qwen25_15b,133,msc_valid,50,longllmlingua,0.2,24,3.5625,85.5,0.0,0.0,3.5625,85.5
qwen25_15b,133,msc_valid,50,recency,0.2,24,3.0416666666666665,73.0,0.0,0.0,3.0416666666666665,73.0
qwen25_15b,133,msc_valid,50,lexical_tfidf,0.2,24,3.1666666666666665,76.0,0.0,0.0,3.1666666666666665,76.0
qwen25_15b,133,msc_valid,50,recency_keep_compress_drop,0.2,24,3.0208333333333335,72.5,0.0,0.0,3.0208333333333335,72.5
qwen25_15b,133,msc_valid,50,uniform,0.35,24,3.3125,79.5,0.0,0.0,3.3125,79.5
qwen25_15b,133,msc_valid,50,longllmlingua,0.35,24,3.375,81.0,0.0,0.0,3.375,81.0
qwen25_15b,133,msc_valid,50,recency,0.35,24,2.9791666666666665,71.5,0.0,0.0,2.9791666666666665,71.5
qwen25_15b,133,msc_valid,50,lexical_tfidf,0.35,24,3.1458333333333335,75.5,0.0,0.0,3.1458333333333335,75.5
qwen25_15b,133,msc_valid,50,recency_keep_compress_drop,0.35,24,3.1041666666666665,74.5,0.0,0.0,3.1041666666666665,74.5
qwen25_15b,133,msc_valid,50,uniform,0.5,24,3.1041666666666665,74.5,0.0,0.0,3.1041666666666665,74.5
qwen25_15b,133,msc_valid,50,longllmlingua,0.5,24,3.4791666666666665,83.5,0.0,0.0,3.4791666666666665,83.5
qwen25_15b,133,msc_valid,50,recency,0.5,24,2.9583333333333335,71.0,0.0,0.0,2.9583333333333335,71.0
qwen25_15b,133,msc_valid,50,lexical_tfidf,0.5,24,3.0833333333333335,74.0,0.0,0.0,3.0833333333333335,74.0
qwen25_15b,133,msc_valid,50,recency_keep_compress_drop,0.5,24,3.1041666666666665,74.5,0.0,0.0,3.1041666666666665,74.5
qwen25_15b,133,msc_valid,54,uniform,0.2,36,2.6944444444444446,97.0,0.0,0.0,2.6944444444444446,97.0
qwen25_15b,133,msc_valid,54,longllmlingua,0.2,36,2.5555555555555554,92.0,0.0,0.0,2.5555555555555554,92.0
qwen25_15b,133,msc_valid,54,recency,0.2,36,2.6944444444444446,97.0,0.0,0.0,2.6944444444444446,97.0
qwen25_15b,133,msc_valid,54,lexical_tfidf,0.2,36,2.6805555555555554,96.5,0.0,0.0,2.6805555555555554,96.5
qwen25_15b,133,msc_valid,54,recency_keep_compress_drop,0.2,36,2.6944444444444446,97.0,0.0,0.0,2.6944444444444446,97.0
qwen25_15b,133,msc_valid,54,uniform,0.35,36,2.611111111111111,94.0,0.0,0.0,2.611111111111111,94.0
qwen25_15b,133,msc_valid,54,longllmlingua,0.35,36,2.611111111111111,94.0,0.0,0.0,2.611111111111111,94.0
qwen25_15b,133,msc_valid,54,recency,0.35,36,2.6944444444444446,97.0,0.0,0.0,2.6944444444444446,97.0
qwen25_15b,133,msc_valid,54,lexical_tfidf,0.35,36,2.6944444444444446,97.0,0.0,0.0,2.6944444444444446,97.0
qwen25_15b,133,msc_valid,54,recency_keep_compress_drop,0.35,36,2.6666666666666665,96.0,0.0,0.0,2.6666666666666665,96.0
qwen25_15b,133,msc_valid,54,uniform,0.5,0,0.0,0.0,0.0,0.0,0.0,0.0
qwen25_15b,133,msc_valid,54,longllmlingua,0.5,36,2.5694444444444446,92.5,0.0,0.0,2.5694444444444446,92.5
qwen25_15b,133,msc_valid,54,recency,0.5,0,0.0,0.0,0.0,0.0,0.0,0.0
qwen25_15b,133,msc_valid,54,lexical_tfidf,0.5,0,0.0,0.0,0.0,0.0,0.0,0.0
qwen25_15b,133,msc_valid,54,recency_keep_compress_drop,0.5,0,0.0,0.0,0.0,0.0,0.0,0.0
qwen25_15b,133,msc_valid,58,uniform,0.2,28,2.607142857142857,73.0,0.0,0.0,2.607142857142857,73.0
qwen25_15b,133,msc_valid,58,longllmlingua,0.2,28,2.5357142857142856,71.0,0.0,0.0,2.5357142857142856,71.0
qwen25_15b,133,msc_valid,58,recency,0.2,28,2.392857142857143,67.0,0.0,0.0,2.392857142857143,67.0
qwen25_15b,133,msc_valid,58,lexical_tfidf,0.2,28,2.392857142857143,67.0,0.0,0.0,2.392857142857143,67.0
qwen25_15b,133,msc_valid,58,recency_keep_compress_drop,0.2,28,2.392857142857143,67.0,0.0,0.0,2.392857142857143,67.0
qwen25_15b,133,msc_valid,58,uniform,0.35,28,2.625,73.5,0.0,0.0,2.625,73.5
qwen25_15b,133,msc_valid,58,longllmlingua,0.35,28,2.517857142857143,70.5,0.0,0.0,2.517857142857143,70.5
qwen25_15b,133,msc_valid,58,recency,0.35,0,0.0,0.0,0.0,0.0,0.0,0.0
qwen25_15b,133,msc_valid,58,lexical_tfidf,0.35,0,0.0,0.0,0.0,0.0,0.0,0.0
qwen25_15b,133,msc_valid,58,recency_keep_compress_drop,0.35,0,0.0,0.0,0.0,0.0,0.0,0.0
qwen25_15b,133,msc_valid,58,uniform,0.5,0,0.0,0.0,0.0,0.0,0.0,0.0
qwen25_15b,133,msc_valid,58,longllmlingua,0.5,28,2.517857142857143,70.5,0.0,0.0,2.517857142857143,70.5
qwen25_15b,133,msc_valid,58,recency,0.5,0,0.0,0.0,0.0,0.0,0.0,0.0
qwen25_15b,133,msc_valid,58,lexical_tfidf,0.5,0,0.0,0.0,0.0,0.0,0.0,0.0
qwen25_15b,133,msc_valid,58,recency_keep_compress_drop,0.5,0,0.0,0.0,0.0,0.0,0.0,0.0
qwen25_15b,133,msc_valid,62,uniform,0.2,13,3.9423076923076925,51.25,0.0,0.0,3.9423076923076925,51.25
qwen25_15b,133,msc_valid,62,longllmlingua,0.2,13,3.75,48.75,0.0,0.0,3.75,48.75
qwen25_15b,133,msc_valid,62,recency,0.2,0,0.0,0.0,0.0,0.0,0.0,0.0
qwen25_15b,133,msc_valid,62,lexical_tfidf,0.2,0,0.0,0.0,0.0,0.0,0.0,0.0
qwen25_15b,133,msc_valid,62,recency_keep_compress_drop,0.2,0,0.0,0.0,0.0,0.0,0.0,0.0
qwen25_15b,133,msc_valid,62,uniform,0.35,13,3.6923076923076925,48.0,0.0,0.0,3.6923076923076925,48.0
qwen25_15b,133,msc_valid,62,longllmlingua,0.35,13,3.769230769230769,49.0,0.0,0.0,3.769230769230769,49.0
qwen25_15b,133,msc_valid,62,recency,0.35,0,0.0,0.0,0.0,0.0,0.0,0.0
qwen25_15b,133,msc_valid,62,lexical_tfidf,0.35,0,0.0,0.0,0.0,0.0,0.0,0.0
qwen25_15b,133,msc_valid,62,recency_keep_compress_drop,0.35,0,0.0,0.0,0.0,0.0,0.0,0.0
qwen25_15b,133,msc_valid,62,uniform,0.5,0,0.0,0.0,0.0,0.0,0.0,0.0
qwen25_15b,133,msc_valid,62,longllmlingua,0.5,13,3.673076923076923,47.75,0.0,0.0,3.673076923076923,47.75
qwen25_15b,133,msc_valid,62,recency,0.5,0,0.0,0.0,0.0,0.0,0.0,0.0
qwen25_15b,133,msc_valid,62,lexical_tfidf,0.5,0,0.0,0.0,0.0,0.0,0.0,0.0
qwen25_15b,133,msc_valid,62,recency_keep_compress_drop,0.5,0,0.0,0.0,0.0,0.0,0.0,0.0
qwen25_15b,149,msc_valid,4,uniform,0.2,11,3.0,33.0,2.8068181818181817,30.875,0.19318181818181834,2.125
qwen25_15b,149,msc_valid,4,longllmlingua,0.2,11,2.5454545454545454,28.0,2.8068181818181817,30.875,-0.26136363636363624,-2.875
qwen25_15b,149,msc_valid,4,recency,0.2,11,3.0,33.0,2.8068181818181817,30.875,0.19318181818181834,2.125
qwen25_15b,149,msc_valid,4,lexical_tfidf,0.2,11,3.0,33.0,2.8068181818181817,30.875,0.19318181818181834,2.125
qwen25_15b,149,msc_valid,4,recency_keep_compress_drop,0.2,11,3.0,33.0,2.8068181818181817,30.875,0.19318181818181834,2.125
qwen25_15b,149,msc_valid,4,uniform,0.35,11,2.897727272727273,31.875,2.8068181818181817,30.875,0.09090909090909127,1.0
qwen25_15b,149,msc_valid,4,longllmlingua,0.35,11,2.375,26.125,2.8068181818181817,30.875,-0.43181818181818166,-4.75
qwen25_15b,149,msc_valid,4,recency,0.35,11,2.897727272727273,31.875,2.8068181818181817,30.875,0.09090909090909127,1.0
qwen25_15b,149,msc_valid,4,lexical_tfidf,0.35,11,2.897727272727273,31.875,2.8068181818181817,30.875,0.09090909090909127,1.0
qwen25_15b,149,msc_valid,4,recency_keep_compress_drop,0.35,11,2.897727272727273,31.875,2.8068181818181817,30.875,0.09090909090909127,1.0
qwen25_15b,149,msc_valid,4,uniform,0.5,11,2.897727272727273,31.875,2.8068181818181817,30.875,0.09090909090909127,1.0
qwen25_15b,149,msc_valid,4,longllmlingua,0.5,11,2.25,24.75,2.8068181818181817,30.875,-0.5568181818181817,-6.125
qwen25_15b,149,msc_valid,4,recency,0.5,11,2.897727272727273,31.875,2.8068181818181817,30.875,0.09090909090909127,1.0
qwen25_15b,149,msc_valid,4,lexical_tfidf,0.5,11,2.897727272727273,31.875,2.8068181818181817,30.875,0.09090909090909127,1.0
qwen25_15b,149,msc_valid,4,recency_keep_compress_drop,0.5,11,2.897727272727273,31.875,2.8068181818181817,30.875,0.09090909090909127,1.0
qwen25_15b,149,msc_valid,6,uniform,0.2,18,3.7777777777777777,68.0,3.138888888888889,56.5,0.6388888888888888,11.5
qwen25_15b,149,msc_valid,6,longllmlingua,0.2,18,3.388888888888889,61.0,3.138888888888889,56.5,0.25,4.5
qwen25_15b,149,msc_valid,6,recency,0.2,18,3.7777777777777777,68.0,3.138888888888889,56.5,0.6388888888888888,11.5
qwen25_15b,149,msc_valid,6,lexical_tfidf,0.2,18,3.7777777777777777,68.0,3.138888888888889,56.5,0.6388888888888888,11.5
qwen25_15b,149,msc_valid,6,recency_keep_compress_drop,0.2,18,3.888888888888889,70.0,3.138888888888889,56.5,0.75,13.5
qwen25_15b,149,msc_valid,6,uniform,0.35,18,3.5416666666666665,63.75,3.138888888888889,56.5,0.4027777777777777,7.25
qwen25_15b,149,msc_valid,6,longllmlingua,0.35,18,3.375,60.75,3.138888888888889,56.5,0.23611111111111116,4.25
qwen25_15b,149,msc_valid,6,recency,0.35,18,3.4305555555555554,61.75,3.138888888888889,56.5,0.2916666666666665,5.25
qwen25_15b,149,msc_valid,6,lexical_tfidf,0.35,18,3.5416666666666665,63.75,3.138888888888889,56.5,0.4027777777777777,7.25
qwen25_15b,149,msc_valid,6,recency_keep_compress_drop,0.35,18,3.4305555555555554,61.75,3.138888888888889,56.5,0.2916666666666665,5.25
qwen25_15b,149,msc_valid,6,uniform,0.5,18,3.6944444444444446,66.5,3.138888888888889,56.5,0.5555555555555558,10.0
qwen25_15b,149,msc_valid,6,longllmlingua,0.5,18,3.236111111111111,58.25,3.138888888888889,56.5,0.09722222222222232,1.75
qwen25_15b,149,msc_valid,6,recency,0.5,18,3.3333333333333335,60.0,3.138888888888889,56.5,0.19444444444444464,3.5
qwen25_15b,149,msc_valid,6,lexical_tfidf,0.5,18,3.263888888888889,58.75,3.138888888888889,56.5,0.125,2.25
qwen25_15b,149,msc_valid,6,recency_keep_compress_drop,0.5,18,3.263888888888889,58.75,3.138888888888889,56.5,0.125,2.25
qwen25_15b,149,msc_valid,8,uniform,0.2,10,1.8625,18.625,1.8875,18.875,-0.02499999999999991,-0.25
qwen25_15b,149,msc_valid,8,longllmlingua,0.2,10,1.9875,19.875,1.8875,18.875,0.10000000000000009,1.0
qwen25_15b,149,msc_valid,8,recency,0.2,10,1.8875,18.875,1.8875,18.875,0.0,0.0
qwen25_15b,149,msc_valid,8,lexical_tfidf,0.2,10,1.8625,18.625,1.8875,18.875,-0.02499999999999991,-0.25
qwen25_15b,149,msc_valid,8,recency_keep_compress_drop,0.2,10,1.8875,18.875,1.8875,18.875,0.0,0.0
qwen25_15b,149,msc_valid,8,uniform,0.35,10,1.8,18.0,1.8875,18.875,-0.08749999999999991,-0.875
qwen25_15b,149,msc_valid,8,longllmlingua,0.35,10,1.9625,19.625,1.8875,18.875,0.07499999999999996,0.75
qwen25_15b,149,msc_valid,8,recency,0.35,10,1.9125,19.125,1.8875,18.875,0.025000000000000133,0.25
qwen25_15b,149,msc_valid,8,lexical_tfidf,0.35,10,1.7625,17.625,1.8875,18.875,-0.125,-1.25
qwen25_15b,149,msc_valid,8,recency_keep_compress_drop,0.35,10,1.8375,18.375,1.8875,18.875,-0.050000000000000044,-0.5
qwen25_15b,149,msc_valid,8,uniform,0.5,10,1.85,18.5,1.8875,18.875,-0.03749999999999987,-0.375
qwen25_15b,149,msc_valid,8,longllmlingua,0.5,10,1.8,18.0,1.8875,18.875,-0.08749999999999991,-0.875
qwen25_15b,149,msc_valid,8,recency,0.5,10,1.8375,18.375,1.8875,18.875,-0.050000000000000044,-0.5
qwen25_15b,149,msc_valid,8,lexical_tfidf,0.5,10,1.7875,17.875,1.8875,18.875,-0.09999999999999987,-1.0
qwen25_15b,149,msc_valid,8,recency_keep_compress_drop,0.5,10,1.75,17.5,1.8875,18.875,-0.13749999999999996,-1.375
qwen25_15b,149,msc_valid,10,uniform,0.2,12,3.2916666666666665,39.5,2.5729166666666665,30.875,0.71875,8.625
qwen25_15b,149,msc_valid,10,longllmlingua,0.2,12,3.0,36.0,2.5729166666666665,30.875,0.4270833333333335,5.125
qwen25_15b,149,msc_valid,10,recency,0.2,12,3.125,37.5,2.5729166666666665,30.875,0.5520833333333335,6.625
qwen25_15b,149,msc_valid,10,lexical_tfidf,0.2,12,3.125,37.5,2.5729166666666665,30.875,0.5520833333333335,6.625
qwen25_15b,149,msc_valid,10,recency_keep_compress_drop,0.2,12,3.3333333333333335,40.0,2.5729166666666665,30.875,0.760416666666667,9.125
qwen25_15b,149,msc_valid,10,uniform,0.35,12,3.1666666666666665,38.0,2.5729166666666665,30.875,0.59375,7.125
qwen25_15b,149,msc_valid,10,longllmlingua,0.35,12,2.8125,33.75,2.5729166666666665,30.875,0.23958333333333348,2.875
qwen25_15b,149,msc_valid,10,recency,0.35,12,2.9166666666666665,35.0,2.5729166666666665,30.875,0.34375,4.125
qwen25_15b,149,msc_valid,10,lexical_tfidf,0.35,12,2.8333333333333335,34.0,2.5729166666666665,30.875,0.26041666666666696,3.125
qwen25_15b,149,msc_valid,10,recency_keep_compress_drop,0.35,12,2.875,34.5,2.5729166666666665,30.875,0.3020833333333335,3.625
qwen25_15b,149,msc_valid,10,uniform,0.5,12,3.0416666666666665,36.5,2.5729166666666665,30.875,0.46875,5.625
qwen25_15b,149,msc_valid,10,longllmlingua,0.5,12,2.7083333333333335,32.5,2.5729166666666665,30.875,0.13541666666666696,1.625
qwen25_15b,149,msc_valid,10,recency,0.5,12,2.8333333333333335,34.0,2.5729166666666665,30.875,0.26041666666666696,3.125
qwen25_15b,149,msc_valid,10,lexical_tfidf,0.5,12,2.8333333333333335,34.0,2.5729166666666665,30.875,0.26041666666666696,3.125
qwen25_15b,149,msc_valid,10,recency_keep_compress_drop,0.5,12,2.8958333333333335,34.75,2.5729166666666665,30.875,0.32291666666666696,3.875
qwen25_15b,149,msc_valid,12,uniform,0.2,11,4.863636363636363,53.5,3.3863636363636362,37.25,1.477272727272727,16.25
qwen25_15b,149,msc_valid,12,longllmlingua,0.2,11,4.295454545454546,47.25,3.3863636363636362,37.25,0.9090909090909096,10.0
qwen25_15b,149,msc_valid,12,recency,0.2,11,4.75,52.25,3.3863636363636362,37.25,1.3636363636363638,15.0
qwen25_15b,149,msc_valid,12,lexical_tfidf,0.2,11,4.295454545454546,47.25,3.3863636363636362,37.25,0.9090909090909096,10.0
qwen25_15b,149,msc_valid,12,recency_keep_compress_drop,0.2,11,4.340909090909091,47.75,3.3863636363636362,37.25,0.9545454545454546,10.5
qwen25_15b,149,msc_valid,12,uniform,0.35,11,4.363636363636363,48.0,3.3863636363636362,37.25,0.9772727272727271,10.75
qwen25_15b,149,msc_valid,12,longllmlingua,0.35,11,4.090909090909091,45.0,3.3863636363636362,37.25,0.7045454545454546,7.75
qwen25_15b,149,msc_valid,12,recency,0.35,11,4.340909090909091,47.75,3.3863636363636362,37.25,0.9545454545454546,10.5
qwen25_15b,149,msc_valid,12,lexical_tfidf,0.35,11,4.181818181818182,46.0,3.3863636363636362,37.25,0.7954545454545454,8.75
qwen25_15b,149,msc_valid,12,recency_keep_compress_drop,0.35,11,4.159090909090909,45.75,3.3863636363636362,37.25,0.7727272727272729,8.5
qwen25_15b,149,msc_valid,12,uniform,0.5,11,3.75,41.25,3.3863636363636362,37.25,0.36363636363636376,4.0
qwen25_15b,149,msc_valid,12,longllmlingua,0.5,11,3.7954545454545454,41.75,3.3863636363636362,37.25,0.40909090909090917,4.5
qwen25_15b,149,msc_valid,12,recency,0.5,11,4.136363636363637,45.5,3.3863636363636362,37.25,0.7500000000000004,8.25
qwen25_15b,149,msc_valid,12,lexical_tfidf,0.5,11,3.6818181818181817,40.5,3.3863636363636362,37.25,0.2954545454545454,3.25
qwen25_15b,149,msc_valid,12,recency_keep_compress_drop,0.5,11,3.8863636363636362,42.75,3.3863636363636362,37.25,0.5,5.5
qwen25_15b,184,msc_valid,4,uniform,0.2,16,2.796875,44.75,2.75,44.0,0.046875,0.75
qwen25_15b,184,msc_valid,4,longllmlingua,0.2,16,2.4375,39.0,2.75,44.0,-0.3125,-5.0
qwen25_15b,184,msc_valid,4,recency,0.2,16,2.796875,44.75,2.75,44.0,0.046875,0.75
qwen25_15b,184,msc_valid,4,lexical_tfidf,0.2,16,2.796875,44.75,2.75,44.0,0.046875,0.75
qwen25_15b,184,msc_valid,4,recency_keep_compress_drop,0.2,16,2.796875,44.75,2.75,44.0,0.046875,0.75
qwen25_15b,184,msc_valid,4,uniform,0.35,16,2.84375,45.5,2.75,44.0,0.09375,1.5
qwen25_15b,184,msc_valid,4,longllmlingua,0.35,16,2.515625,40.25,2.75,44.0,-0.234375,-3.75
qwen25_15b,184,msc_valid,4,recency,0.35,16,2.84375,45.5,2.75,44.0,0.09375,1.5
qwen25_15b,184,msc_valid,4,lexical_tfidf,0.35,16,2.84375,45.5,2.75,44.0,0.09375,1.5
qwen25_15b,184,msc_valid,4,recency_keep_compress_drop,0.35,16,2.84375,45.5,2.75,44.0,0.09375,1.5
qwen25_15b,184,msc_valid,4,uniform,0.5,16,2.84375,45.5,2.75,44.0,0.09375,1.5
qwen25_15b,184,msc_valid,4,longllmlingua,0.5,16,2.4375,39.0,2.75,44.0,-0.3125,-5.0
qwen25_15b,184,msc_valid,4,recency,0.5,16,2.84375,45.5,2.75,44.0,0.09375,1.5
qwen25_15b,184,msc_valid,4,lexical_tfidf,0.5,16,2.84375,45.5,2.75,44.0,0.09375,1.5
qwen25_15b,184,msc_valid,4,recency_keep_compress_drop,0.5,16,2.84375,45.5,2.75,44.0,0.09375,1.5
qwen25_15b,184,msc_valid,8,uniform,0.2,20,2.8125,56.25,2.375,47.5,0.4375,8.75
qwen25_15b,184,msc_valid,8,longllmlingua,0.2,20,2.4375,48.75,2.375,47.5,0.0625,1.25
qwen25_15b,184,msc_valid,8,recency,0.2,20,2.825,56.5,2.375,47.5,0.4500000000000002,9.0
qwen25_15b,184,msc_valid,8,lexical_tfidf,0.2,20,2.8125,56.25,2.375,47.5,0.4375,8.75
qwen25_15b,184,msc_valid,8,recency_keep_compress_drop,0.2,20,2.825,56.5,2.375,47.5,0.4500000000000002,9.0
qwen25_15b,184,msc_valid,8,uniform,0.35,20,2.7125,54.25,2.375,47.5,0.3374999999999999,6.75
qwen25_15b,184,msc_valid,8,longllmlingua,0.35,20,2.4,48.0,2.375,47.5,0.02499999999999991,0.5
qwen25_15b,184,msc_valid,8,recency,0.35,20,2.6375,52.75,2.375,47.5,0.2625000000000002,5.25
qwen25_15b,184,msc_valid,8,lexical_tfidf,0.35,20,2.775,55.5,2.375,47.5,0.3999999999999999,8.0
qwen25_15b,184,msc_valid,8,recency_keep_compress_drop,0.35,20,2.7875,55.75,2.375,47.5,0.4125000000000001,8.25
qwen25_15b,184,msc_valid,8,uniform,0.5,20,2.5875,51.75,2.375,47.5,0.2124999999999999,4.25
qwen25_15b,184,msc_valid,8,longllmlingua,0.5,20,2.4375,48.75,2.375,47.5,0.0625,1.25
qwen25_15b,184,msc_valid,8,recency,0.5,20,2.4625,49.25,2.375,47.5,0.08749999999999991,1.75
qwen25_15b,184,msc_valid,8,lexical_tfidf,0.5,20,2.6625,53.25,2.375,47.5,0.2875000000000001,5.75
qwen25_15b,184,msc_valid,8,recency_keep_compress_drop,0.5,20,2.6625,53.25,2.375,47.5,0.2875000000000001,5.75
qwen25_15b,184,msc_valid,12,uniform,0.2,14,2.4285714285714284,34.0,2.267857142857143,31.75,0.1607142857142856,2.25
qwen25_15b,184,msc_valid,12,longllmlingua,0.2,14,2.5535714285714284,35.75,2.267857142857143,31.75,0.2857142857142856,4.0
qwen25_15b,184,msc_valid,12,recency,0.2,14,2.4642857142857144,34.5,2.267857142857143,31.75,0.19642857142857162,2.75
qwen25_15b,184,msc_valid,12,lexical_tfidf,0.2,14,2.6785714285714284,37.5,2.267857142857143,31.75,0.4107142857142856,5.75
qwen25_15b,184,msc_valid,12,recency_keep_compress_drop,0.2,14,2.4107142857142856,33.75,2.267857142857143,31.75,0.1428571428571428,2.0
qwen25_15b,184,msc_valid,12,uniform,0.35,14,2.4464285714285716,34.25,2.267857142857143,31.75,0.17857142857142883,2.5
qwen25_15b,184,msc_valid,12,longllmlingua,0.35,14,2.517857142857143,35.25,2.267857142857143,31.75,0.25,3.5
qwen25_15b,184,msc_valid,12,recency,0.35,14,2.2410714285714284,31.375,2.267857142857143,31.75,-0.026785714285714413,-0.375
qwen25_15b,184,msc_valid,12,lexical_tfidf,0.35,14,2.6785714285714284,37.5,2.267857142857143,31.75,0.4107142857142856,5.75
qwen25_15b,184,msc_valid,12,recency_keep_compress_drop,0.35,14,2.357142857142857,33.0,2.267857142857143,31.75,0.08928571428571441,1.25
qwen25_15b,184,msc_valid,12,uniform,0.5,14,2.4464285714285716,34.25,2.267857142857143,31.75,0.17857142857142883,2.5
qwen25_15b,184,msc_valid,12,longllmlingua,0.5,14,2.4107142857142856,33.75,2.267857142857143,31.75,0.1428571428571428,2.0
qwen25_15b,184,msc_valid,12,recency,0.5,14,2.3392857142857144,32.75,2.267857142857143,31.75,0.07142857142857162,1.0
qwen25_15b,184,msc_valid,12,lexical_tfidf,0.5,14,2.517857142857143,35.25,2.267857142857143,31.75,0.25,3.5
qwen25_15b,184,msc_valid,12,recency_keep_compress_drop,0.5,14,2.2589285714285716,31.625,2.267857142857143,31.75,-0.008928571428571175,-0.125
qwen25_15b,184,msc_valid,16,uniform,0.2,36,2.4444444444444446,88.0,2.4583333333333335,88.5,-0.01388888888888884,-0.5
qwen25_15b,184,msc_valid,16,longllmlingua,0.2,36,2.4444444444444446,88.0,2.4583333333333335,88.5,-0.01388888888888884,-0.5
qwen25_15b,184,msc_valid,16,recency,0.2,36,2.4444444444444446,88.0,2.4583333333333335,88.5,-0.01388888888888884,-0.5
qwen25_15b,184,msc_valid,16,lexical_tfidf,0.2,36,2.4722222222222223,89.0,2.4583333333333335,88.5,0.01388888888888884,0.5
qwen25_15b,184,msc_valid,16,recency_keep_compress_drop,0.2,36,2.375,85.5,2.4583333333333335,88.5,-0.08333333333333348,-3.0
qwen25_15b,184,msc_valid,16,uniform,0.35,36,2.4583333333333335,88.5,2.4583333333333335,88.5,0.0,0.0
qwen25_15b,184,msc_valid,16,longllmlingua,0.35,36,2.388888888888889,86.0,2.4583333333333335,88.5,-0.06944444444444464,-2.5
qwen25_15b,184,msc_valid,16,recency,0.35,36,2.4166666666666665,87.0,2.4583333333333335,88.5,-0.04166666666666696,-1.5
qwen25_15b,184,msc_valid,16,lexical_tfidf,0.35,36,2.4444444444444446,88.0,2.4583333333333335,88.5,-0.01388888888888884,-0.5
qwen25_15b,184,msc_valid,16,recency_keep_compress_drop,0.35,36,2.4305555555555554,87.5,2.4583333333333335,88.5,-0.027777777777778123,-1.0
qwen25_15b,184,msc_valid,16,uniform,0.5,36,2.4305555555555554,87.5,2.4583333333333335,88.5,-0.027777777777778123,-1.0
qwen25_15b,184,msc_valid,16,longllmlingua,0.5,36,2.4444444444444446,88.0,2.4583333333333335,88.5,-0.01388888888888884,-0.5
qwen25_15b,184,msc_valid,16,recency,0.5,36,2.388888888888889,86.0,2.4583333333333335,88.5,-0.06944444444444464,-2.5
qwen25_15b,184,msc_valid,16,lexical_tfidf,0.5,36,2.4027777777777777,86.5,2.4583333333333335,88.5,-0.0555555555555558,-2.0
qwen25_15b,184,msc_valid,16,recency_keep_compress_drop,0.5,36,2.486111111111111,89.5,2.4583333333333335,88.5,0.02777777777777768,1.0
qwen25_15b,184,msc_valid,20,uniform,0.2,24,1.9791666666666667,47.5,1.5104166666666667,36.25,0.46875,11.25
qwen25_15b,184,msc_valid,20,longllmlingua,0.2,24,1.7916666666666667,43.0,1.5104166666666667,36.25,0.28125,6.75
qwen25_15b,184,msc_valid,20,recency,0.2,24,1.9583333333333333,47.0,1.5104166666666667,36.25,0.4479166666666665,10.75
qwen25_15b,184,msc_valid,20,lexical_tfidf,0.2,24,2.0,48.0,1.5104166666666667,36.25,0.48958333333333326,11.75
qwen25_15b,184,msc_valid,20,recency_keep_compress_drop,0.2,24,1.7604166666666667,42.25,1.5104166666666667,36.25,0.25,6.0
qwen25_15b,184,msc_valid,20,uniform,0.35,24,1.8645833333333333,44.75,1.5104166666666667,36.25,0.3541666666666665,8.5
qwen25_15b,184,msc_valid,20,longllmlingua,0.35,24,1.8125,43.5,1.5104166666666667,36.25,0.30208333333333326,7.25
qwen25_15b,184,msc_valid,20,recency,0.35,24,1.8854166666666667,45.25,1.5104166666666667,36.25,0.375,9.0
qwen25_15b,184,msc_valid,20,lexical_tfidf,0.35,24,1.9583333333333333,47.0,1.5104166666666667,36.25,0.4479166666666665,10.75
qwen25_15b,184,msc_valid,20,recency_keep_compress_drop,0.35,24,1.7083333333333333,41.0,1.5104166666666667,36.25,0.19791666666666652,4.75
qwen25_15b,184,msc_valid,20,uniform,0.5,24,1.8958333333333333,45.5,1.5104166666666667,36.25,0.3854166666666665,9.25
qwen25_15b,184,msc_valid,20,longllmlingua,0.5,24,1.7604166666666667,42.25,1.5104166666666667,36.25,0.25,6.0
qwen25_15b,184,msc_valid,20,recency,0.5,24,1.6145833333333333,38.75,1.5104166666666667,36.25,0.10416666666666652,2.5
qwen25_15b,184,msc_valid,20,lexical_tfidf,0.5,24,1.625,39.0,1.5104166666666667,36.25,0.11458333333333326,2.75
qwen25_15b,184,msc_valid,20,recency_keep_compress_drop,0.5,24,1.6666666666666667,40.0,1.5104166666666667,36.25,0.15625,3.75
qwen25_15b,184,msc_valid,24,uniform,0.2,16,1.6015625,25.625,1.484375,23.75,0.1171875,1.875
qwen25_15b,184,msc_valid,24,longllmlingua,0.2,16,1.578125,25.25,1.484375,23.75,0.09375,1.5
qwen25_15b,184,msc_valid,24,recency,0.2,16,1.5859375,25.375,1.484375,23.75,0.1015625,1.625
qwen25_15b,184,msc_valid,24,lexical_tfidf,0.2,16,1.6796875,26.875,1.484375,23.75,0.1953125,3.125
qwen25_15b,184,msc_valid,24,recency_keep_compress_drop,0.2,16,1.5859375,25.375,1.484375,23.75,0.1015625,1.625
qwen25_15b,184,msc_valid,24,uniform,0.35,16,1.5703125,25.125,1.484375,23.75,0.0859375,1.375
qwen25_15b,184,msc_valid,24,longllmlingua,0.35,16,1.5625,25.0,1.484375,23.75,0.078125,1.25
qwen25_15b,184,msc_valid,24,recency,0.35,16,1.6796875,26.875,1.484375,23.75,0.1953125,3.125
qwen25_15b,184,msc_valid,24,lexical_tfidf,0.35,16,1.6640625,26.625,1.484375,23.75,0.1796875,2.875
qwen25_15b,184,msc_valid,24,recency_keep_compress_drop,0.35,16,1.546875,24.75,1.484375,23.75,0.0625,1.0
qwen25_15b,184,msc_valid,24,uniform,0.5,16,1.59375,25.5,1.484375,23.75,0.109375,1.75
qwen25_15b,184,msc_valid,24,longllmlingua,0.5,16,1.53125,24.5,1.484375,23.75,0.046875,0.75
qwen25_15b,184,msc_valid,24,recency,0.5,16,1.6015625,25.625,1.484375,23.75,0.1171875,1.875
qwen25_15b,184,msc_valid,24,lexical_tfidf,0.5,16,1.6953125,27.125,1.484375,23.75,0.2109375,3.375
qwen25_15b,184,msc_valid,24,recency_keep_compress_drop,0.5,16,1.4921875,23.875,1.484375,23.75,0.0078125,0.125
qwen25_15b,184,msc_valid,28,uniform,0.2,14,2.2857142857142856,32.0,2.205357142857143,30.875,0.0803571428571428,1.125
qwen25_15b,184,msc_valid,28,longllmlingua,0.2,14,2.1517857142857144,30.125,2.205357142857143,30.875,-0.05357142857142838,-0.75
qwen25_15b,184,msc_valid,28,recency,0.2,14,2.357142857142857,33.0,2.205357142857143,30.875,0.1517857142857144,2.125
qwen25_15b,184,msc_valid,28,lexical_tfidf,0.2,14,2.482142857142857,34.75,2.205357142857143,30.875,0.2767857142857144,3.875
qwen25_15b,184,msc_valid,28,recency_keep_compress_drop,0.2,14,2.2857142857142856,32.0,2.205357142857143,30.875,0.0803571428571428,1.125
qwen25_15b,184,msc_valid,28,uniform,0.35,14,2.1964285714285716,30.75,2.205357142857143,30.875,-0.008928571428571175,-0.125
qwen25_15b,184,msc_valid,28,longllmlingua,0.35,14,2.0625,28.875,2.205357142857143,30.875,-0.1428571428571428,-2.0
qwen25_15b,184,msc_valid,28,recency,0.35,14,2.357142857142857,33.0,2.205357142857143,30.875,0.1517857142857144,2.125
qwen25_15b,184,msc_valid,28,lexical_tfidf,0.35,14,2.482142857142857,34.75,2.205357142857143,30.875,0.2767857142857144,3.875
qwen25_15b,184,msc_valid,28,recency_keep_compress_drop,0.35,14,2.3214285714285716,32.5,2.205357142857143,30.875,0.11607142857142883,1.625
qwen25_15b,184,msc_valid,28,uniform,0.5,14,2.125,29.75,2.205357142857143,30.875,-0.0803571428571428,-1.125
qwen25_15b,184,msc_valid,28,longllmlingua,0.5,14,2.0535714285714284,28.75,2.205357142857143,30.875,-0.1517857142857144,-2.125
qwen25_15b,184,msc_valid,28,recency,0.5,14,2.392857142857143,33.5,2.205357142857143,30.875,0.1875,2.625
qwen25_15b,184,msc_valid,28,lexical_tfidf,0.5,14,2.482142857142857,34.75,2.205357142857143,30.875,0.2767857142857144,3.875
qwen25_15b,184,msc_valid,28,recency_keep_compress_drop,0.5,14,2.2767857142857144,31.875,2.205357142857143,30.875,0.07142857142857162,1.0
qwen25_15b,184,msc_valid,32,uniform,0.2,53,2.5660377358490565,136.0,2.5294117647058822,129.0,0.03662597114317423,7.0
qwen25_15b,184,msc_valid,32,longllmlingua,0.2,53,2.4056603773584904,127.5,2.5294117647058822,129.0,-0.12375138734739188,-1.5
qwen25_15b,184,msc_valid,32,recency,0.2,53,2.490566037735849,132.0,2.5294117647058822,129.0,-0.0388457269700333,3.0
qwen25_15b,184,msc_valid,32,lexical_tfidf,0.2,53,2.6226415094339623,139.0,2.5294117647058822,129.0,0.0932297447280801,10.0
qwen25_15b,184,msc_valid,32,recency_keep_compress_drop,0.2,53,2.509433962264151,133.0,2.5294117647058822,129.0,-0.019977802441731196,4.0
qwen25_15b,184,msc_valid,32,uniform,0.35,53,2.5283018867924527,134.0,2.5294117647058822,129.0,-0.0011098779134295356,5.0
qwen25_15b,184,msc_valid,32,longllmlingua,0.35,53,2.3679245283018866,125.5,2.5294117647058822,129.0,-0.16148723640399565,-3.5
qwen25_15b,184,msc_valid,32,recency,0.35,53,2.4716981132075473,131.0,2.5294117647058822,129.0,-0.05771365149833496,2.0
qwen25_15b,184,msc_valid,32,lexical_tfidf,0.35,53,2.547169811320755,135.0,2.5294117647058822,129.0,0.01775804661487257,6.0
qwen25_15b,184,msc_valid,32,recency_keep_compress_drop,0.35,53,2.4716981132075473,131.0,2.5294117647058822,129.0,-0.05771365149833496,2.0
qwen25_15b,184,msc_valid,32,uniform,0.5,53,2.490566037735849,132.0,2.5294117647058822,129.0,-0.0388457269700333,3.0
qwen25_15b,184,msc_valid,32,longllmlingua,0.5,53,2.3679245283018866,125.5,2.5294117647058822,129.0,-0.16148723640399565,-3.5
qwen25_15b,184,msc_valid,32,recency,0.5,53,2.4716981132075473,131.0,2.5294117647058822,129.0,-0.05771365149833496,2.0
qwen25_15b,184,msc_valid,32,lexical_tfidf,0.5,53,2.509433962264151,133.0,2.5294117647058822,129.0,-0.019977802441731196,4.0
qwen25_15b,184,msc_valid,32,recency_keep_compress_drop,0.5,53,2.452830188679245,130.0,2.5294117647058822,129.0,-0.07658157602663707,1.0
qwen25_15b,184,msc_valid,34,uniform,0.2,34,3.323529411764706,113.0,0.0,0.0,3.323529411764706,113.0
qwen25_15b,184,msc_valid,34,longllmlingua,0.2,34,3.338235294117647,113.5,0.0,0.0,3.338235294117647,113.5
qwen25_15b,184,msc_valid,34,recency,0.2,34,3.3676470588235294,114.5,0.0,0.0,3.3676470588235294,114.5
qwen25_15b,184,msc_valid,34,lexical_tfidf,0.2,34,3.25,110.5,0.0,0.0,3.25,110.5
qwen25_15b,184,msc_valid,34,recency_keep_compress_drop,0.2,34,3.323529411764706,113.0,0.0,0.0,3.323529411764706,113.0
qwen25_15b,184,msc_valid,34,uniform,0.35,34,3.338235294117647,113.5,0.0,0.0,3.338235294117647,113.5
qwen25_15b,184,msc_valid,34,longllmlingua,0.35,34,3.3529411764705883,114.0,0.0,0.0,3.3529411764705883,114.0
qwen25_15b,184,msc_valid,34,recency,0.35,34,3.3088235294117645,112.5,0.0,0.0,3.3088235294117645,112.5
qwen25_15b,184,msc_valid,34,lexical_tfidf,0.35,34,3.3529411764705883,114.0,0.0,0.0,3.3529411764705883,114.0
qwen25_15b,184,msc_valid,34,recency_keep_compress_drop,0.35,34,3.2794117647058822,111.5,0.0,0.0,3.2794117647058822,111.5
qwen25_15b,184,msc_valid,34,uniform,0.5,34,3.25,110.5,0.0,0.0,3.25,110.5
qwen25_15b,184,msc_valid,34,longllmlingua,0.5,34,3.3088235294117645,112.5,0.0,0.0,3.3088235294117645,112.5
qwen25_15b,184,msc_valid,34,recency,0.5,34,3.264705882352941,111.0,0.0,0.0,3.264705882352941,111.0
qwen25_15b,184,msc_valid,34,lexical_tfidf,0.5,34,3.3088235294117645,112.5,0.0,0.0,3.3088235294117645,112.5
qwen25_15b,184,msc_valid,34,recency_keep_compress_drop,0.5,34,3.25,110.5,0.0,0.0,3.25,110.5
qwen25_15b,184,msc_valid,38,uniform,0.2,30,2.55,76.5,0.0,0.0,2.55,76.5
qwen25_15b,184,msc_valid,38,longllmlingua,0.2,30,2.6,78.0,0.0,0.0,2.6,78.0
qwen25_15b,184,msc_valid,38,recency,0.2,30,2.5833333333333335,77.5,0.0,0.0,2.5833333333333335,77.5
qwen25_15b,184,msc_valid,38,lexical_tfidf,0.2,30,2.7666666666666666,83.0,0.0,0.0,2.7666666666666666,83.0
qwen25_15b,184,msc_valid,38,recency_keep_compress_drop,0.2,30,2.6333333333333333,79.0,0.0,0.0,2.6333333333333333,79.0
qwen25_15b,184,msc_valid,38,uniform,0.35,30,2.5,75.0,0.0,0.0,2.5,75.0
qwen25_15b,184,msc_valid,38,longllmlingua,0.35,30,2.5833333333333335,77.5,0.0,0.0,2.5833333333333335,77.5
qwen25_15b,184,msc_valid,38,recency,0.35,30,2.683333333333333,80.5,0.0,0.0,2.683333333333333,80.5
qwen25_15b,184,msc_valid,38,lexical_tfidf,0.35,30,2.7666666666666666,83.0,0.0,0.0,2.7666666666666666,83.0
qwen25_15b,184,msc_valid,38,recency_keep_compress_drop,0.35,30,2.5833333333333335,77.5,0.0,0.0,2.5833333333333335,77.5
qwen25_15b,184,msc_valid,38,uniform,0.5,30,2.5833333333333335,77.5,0.0,0.0,2.5833333333333335,77.5
qwen25_15b,184,msc_valid,38,longllmlingua,0.5,30,2.466666666666667,74.0,0.0,0.0,2.466666666666667,74.0
qwen25_15b,184,msc_valid,38,recency,0.5,30,2.6333333333333333,79.0,0.0,0.0,2.6333333333333333,79.0
qwen25_15b,184,msc_valid,38,lexical_tfidf,0.5,30,2.7666666666666666,83.0,0.0,0.0,2.7666666666666666,83.0
qwen25_15b,184,msc_valid,38,recency_keep_compress_drop,0.5,30,2.6333333333333333,79.0,0.0,0.0,2.6333333333333333,79.0
qwen25_15b,184,msc_valid,42,uniform,0.2,34,2.588235294117647,88.0,0.0,0.0,2.588235294117647,88.0
qwen25_15b,184,msc_valid,42,longllmlingua,0.2,34,2.661764705882353,90.5,0.0,0.0,2.661764705882353,90.5
qwen25_15b,184,msc_valid,42,recency,0.2,34,2.5441176470588234,86.5,0.0,0.0,2.5441176470588234,86.5
qwen25_15b,184,msc_valid,42,lexical_tfidf,0.2,34,2.514705882352941,85.5,0.0,0.0,2.514705882352941,85.5
qwen25_15b,184,msc_valid,42,recency_keep_compress_drop,0.2,34,2.6176470588235294,89.0,0.0,0.0,2.6176470588235294,89.0
qwen25_15b,184,msc_valid,42,uniform,0.35,34,2.5,85.0,0.0,0.0,2.5,85.0
qwen25_15b,184,msc_valid,42,longllmlingua,0.35,34,2.661764705882353,90.5,0.0,0.0,2.661764705882353,90.5
qwen25_15b,184,msc_valid,42,recency,0.35,34,2.5588235294117645,87.0,0.0,0.0,2.5588235294117645,87.0
qwen25_15b,184,msc_valid,42,lexical_tfidf,0.35,34,2.5441176470588234,86.5,0.0,0.0,2.5441176470588234,86.5
qwen25_15b,184,msc_valid,42,recency_keep_compress_drop,0.35,34,2.5294117647058822,86.0,0.0,0.0,2.5294117647058822,86.0
qwen25_15b,184,msc_valid,42,uniform,0.5,34,2.514705882352941,85.5,0.0,0.0,2.514705882352941,85.5
qwen25_15b,184,msc_valid,42,longllmlingua,0.5,34,2.588235294117647,88.0,0.0,0.0,2.588235294117647,88.0
qwen25_15b,184,msc_valid,42,recency,0.5,34,2.573529411764706,87.5,0.0,0.0,2.573529411764706,87.5
qwen25_15b,184,msc_valid,42,lexical_tfidf,0.5,34,2.5,85.0,0.0,0.0,2.5,85.0
qwen25_15b,184,msc_valid,42,recency_keep_compress_drop,0.5,34,2.5294117647058822,86.0,0.0,0.0,2.5294117647058822,86.0
qwen25_15b,184,msc_valid,46,uniform,0.2,25,2.98,74.5,0.0,0.0,2.98,74.5
qwen25_15b,184,msc_valid,46,longllmlingua,0.2,25,2.62,65.5,0.0,0.0,2.62,65.5
qwen25_15b,184,msc_valid,46,recency,0.2,25,2.0,50.0,0.0,0.0,2.0,50.0
qwen25_15b,184,msc_valid,46,lexical_tfidf,0.2,25,2.14,53.5,0.0,0.0,2.14,53.5
qwen25_15b,184,msc_valid,46,recency_keep_compress_drop,0.2,25,2.04,51.0,0.0,0.0,2.04,51.0
qwen25_15b,184,msc_valid,46,uniform,0.35,25,1.99,49.75,0.0,0.0,1.99,49.75
qwen25_15b,184,msc_valid,46,longllmlingua,0.35,25,2.53,63.25,0.0,0.0,2.53,63.25
qwen25_15b,184,msc_valid,46,recency,0.35,25,2.04,51.0,0.0,0.0,2.04,51.0
qwen25_15b,184,msc_valid,46,lexical_tfidf,0.35,25,2.09,52.25,0.0,0.0,2.09,52.25
qwen25_15b,184,msc_valid,46,recency_keep_compress_drop,0.35,25,2.02,50.5,0.0,0.0,2.02,50.5
qwen25_15b,184,msc_valid,46,uniform,0.5,25,2.72,68.0,0.0,0.0,2.72,68.0
qwen25_15b,184,msc_valid,46,longllmlingua,0.5,25,2.36,59.0,0.0,0.0,2.36,59.0
qwen25_15b,184,msc_valid,46,recency,0.5,25,1.98,49.5,0.0,0.0,1.98,49.5
qwen25_15b,184,msc_valid,46,lexical_tfidf,0.5,25,2.01,50.25,0.0,0.0,2.01,50.25
qwen25_15b,184,msc_valid,46,recency_keep_compress_drop,0.5,25,2.01,50.25,0.0,0.0,2.01,50.25
qwen25_15b,184,msc_valid,50,uniform,0.2,33,2.757575757575758,91.0,0.0,0.0,2.757575757575758,91.0
qwen25_15b,184,msc_valid,50,longllmlingua,0.2,33,2.6363636363636362,87.0,0.0,0.0,2.6363636363636362,87.0
qwen25_15b,184,msc_valid,50,recency,0.2,33,2.409090909090909,79.5,0.0,0.0,2.409090909090909,79.5
qwen25_15b,184,msc_valid,50,lexical_tfidf,0.2,33,2.515151515151515,83.0,0.0,0.0,2.515151515151515,83.0
qwen25_15b,184,msc_valid,50,recency_keep_compress_drop,0.2,33,2.4393939393939394,80.5,0.0,0.0,2.4393939393939394,80.5
qwen25_15b,184,msc_valid,50,uniform,0.35,33,2.484848484848485,82.0,0.0,0.0,2.484848484848485,82.0
qwen25_15b,184,msc_valid,50,longllmlingua,0.35,33,2.621212121212121,86.5,0.0,0.0,2.621212121212121,86.5
qwen25_15b,184,msc_valid,50,recency,0.35,33,2.393939393939394,79.0,0.0,0.0,2.393939393939394,79.0
qwen25_15b,184,msc_valid,50,lexical_tfidf,0.35,33,2.5,82.5,0.0,0.0,2.5,82.5
qwen25_15b,184,msc_valid,50,recency_keep_compress_drop,0.35,33,2.393939393939394,79.0,0.0,0.0,2.393939393939394,79.0
qwen25_15b,184,msc_valid,50,uniform,0.5,33,2.393939393939394,79.0,0.0,0.0,2.393939393939394,79.0
qwen25_15b,184,msc_valid,50,longllmlingua,0.5,33,2.5454545454545454,84.0,0.0,0.0,2.5454545454545454,84.0
qwen25_15b,184,msc_valid,50,recency,0.5,33,2.378787878787879,78.5,0.0,0.0,2.378787878787879,78.5
qwen25_15b,184,msc_valid,50,lexical_tfidf,0.5,33,2.409090909090909,79.5,0.0,0.0,2.409090909090909,79.5
qwen25_15b,184,msc_valid,50,recency_keep_compress_drop,0.5,32,2.46875,79.0,0.0,0.0,2.46875,79.0
qwen25_15b,184,msc_valid,54,uniform,0.2,13,1.9519230769230769,25.375,0.0,0.0,1.9519230769230769,25.375
qwen25_15b,184,msc_valid,54,longllmlingua,0.2,13,1.9038461538461537,24.75,0.0,0.0,1.9038461538461537,24.75
qwen25_15b,184,msc_valid,54,recency,0.2,13,2.0288461538461537,26.375,0.0,0.0,2.0288461538461537,26.375
qwen25_15b,184,msc_valid,54,lexical_tfidf,0.2,13,2.0,26.0,0.0,0.0,2.0,26.0
qwen25_15b,184,msc_valid,54,recency_keep_compress_drop,0.2,13,1.9711538461538463,25.625,0.0,0.0,1.9711538461538463,25.625
qwen25_15b,184,msc_valid,54,uniform,0.35,13,1.9903846153846154,25.875,0.0,0.0,1.9903846153846154,25.875
qwen25_15b,184,msc_valid,54,longllmlingua,0.35,13,1.8653846153846154,24.25,0.0,0.0,1.8653846153846154,24.25
qwen25_15b,184,msc_valid,54,recency,0.35,13,2.048076923076923,26.625,0.0,0.0,2.048076923076923,26.625
qwen25_15b,184,msc_valid,54,lexical_tfidf,0.35,13,2.0,26.0,0.0,0.0,2.0,26.0
qwen25_15b,184,msc_valid,54,recency_keep_compress_drop,0.35,13,1.9615384615384615,25.5,0.0,0.0,1.9615384615384615,25.5
qwen25_15b,184,msc_valid,54,uniform,0.5,13,1.9903846153846154,25.875,0.0,0.0,1.9903846153846154,25.875
qwen25_15b,184,msc_valid,54,longllmlingua,0.5,13,1.8653846153846154,24.25,0.0,0.0,1.8653846153846154,24.25
qwen25_15b,184,msc_valid,54,recency,0.5,0,0.0,0.0,0.0,0.0,0.0,0.0
qwen25_15b,184,msc_valid,54,lexical_tfidf,0.5,0,0.0,0.0,0.0,0.0,0.0,0.0
qwen25_15b,184,msc_valid,54,recency_keep_compress_drop,0.5,0,0.0,0.0,0.0,0.0,0.0,0.0
qwen25_15b,184,msc_valid,58,uniform,0.2,44,2.1931818181818183,96.5,0.0,0.0,2.1931818181818183,96.5
qwen25_15b,184,msc_valid,58,longllmlingua,0.2,44,2.0795454545454546,91.5,0.0,0.0,2.0795454545454546,91.5
qwen25_15b,184,msc_valid,58,recency,0.2,44,2.2045454545454546,97.0,0.0,0.0,2.2045454545454546,97.0
qwen25_15b,184,msc_valid,58,lexical_tfidf,0.2,44,2.2045454545454546,97.0,0.0,0.0,2.2045454545454546,97.0
qwen25_15b,184,msc_valid,58,recency_keep_compress_drop,0.2,44,2.2045454545454546,97.0,0.0,0.0,2.2045454545454546,97.0
qwen25_15b,184,msc_valid,58,uniform,0.35,44,2.2045454545454546,97.0,0.0,0.0,2.2045454545454546,97.0
qwen25_15b,184,msc_valid,58,longllmlingua,0.35,44,2.125,93.5,0.0,0.0,2.125,93.5
qwen25_15b,184,msc_valid,58,recency,0.35,0,0.0,0.0,0.0,0.0,0.0,0.0
qwen25_15b,184,msc_valid,58,lexical_tfidf,0.35,44,2.2045454545454546,97.0,0.0,0.0,2.2045454545454546,97.0
qwen25_15b,184,msc_valid,58,recency_keep_compress_drop,0.35,0,0.0,0.0,0.0,0.0,0.0,0.0
qwen25_15b,184,msc_valid,58,uniform,0.5,44,2.159090909090909,95.0,0.0,0.0,2.159090909090909,95.0
qwen25_15b,184,msc_valid,58,longllmlingua,0.5,44,2.125,93.5,0.0,0.0,2.125,93.5
qwen25_15b,184,msc_valid,58,recency,0.5,0,0.0,0.0,0.0,0.0,0.0,0.0
qwen25_15b,184,msc_valid,58,lexical_tfidf,0.5,0,0.0,0.0,0.0,0.0,0.0,0.0
qwen25_15b,184,msc_valid,58,recency_keep_compress_drop,0.5,0,0.0,0.0,0.0,0.0,0.0,0.0
qwen25_15b,184,msc_valid,62,uniform,0.2,33,2.6818181818181817,88.5,0.0,0.0,2.6818181818181817,88.5
qwen25_15b,184,msc_valid,62,longllmlingua,0.2,33,2.787878787878788,92.0,0.0,0.0,2.787878787878788,92.0
qwen25_15b,184,msc_valid,62,recency,0.2,0,0.0,0.0,0.0,0.0,0.0,0.0
qwen25_15b,184,msc_valid,62,lexical_tfidf,0.2,12,3.3958333333333335,40.75,0.0,0.0,3.3958333333333335,40.75
qwen25_15b,184,msc_valid,62,recency_keep_compress_drop,0.2,0,0.0,0.0,0.0,0.0,0.0,0.0
qwen25_15b,184,msc_valid,62,uniform,0.35,33,2.742424242424242,90.5,0.0,0.0,2.742424242424242,90.5
qwen25_15b,184,msc_valid,62,longllmlingua,0.35,33,2.8333333333333335,93.5,0.0,0.0,2.8333333333333335,93.5
qwen25_15b,184,msc_valid,62,recency,0.35,0,0.0,0.0,0.0,0.0,0.0,0.0
qwen25_15b,184,msc_valid,62,lexical_tfidf,0.35,0,0.0,0.0,0.0,0.0,0.0,0.0
qwen25_15b,184,msc_valid,62,recency_keep_compress_drop,0.35,0,0.0,0.0,0.0,0.0,0.0,0.0
qwen25_15b,184,msc_valid,62,uniform,0.5,33,2.6515151515151514,87.5,0.0,0.0,2.6515151515151514,87.5
qwen25_15b,184,msc_valid,62,longllmlingua,0.5,33,2.772727272727273,91.5,0.0,0.0,2.772727272727273,91.5
qwen25_15b,184,msc_valid,62,recency,0.5,0,0.0,0.0,0.0,0.0,0.0,0.0
qwen25_15b,184,msc_valid,62,lexical_tfidf,0.5,0,0.0,0.0,0.0,0.0,0.0,0.0
qwen25_15b,184,msc_valid,62,recency_keep_compress_drop,0.5,0,0.0,0.0,0.0,0.0,0.0,0.0
qwen25_15b,198,msc_valid,4,uniform,0.2,16,2.46875,39.5,2.515625,40.25,-0.046875,-0.75
qwen25_15b,198,msc_valid,4,longllmlingua,0.2,16,2.15625,34.5,2.515625,40.25,-0.359375,-5.75
qwen25_15b,198,msc_valid,4,recency,0.2,16,2.46875,39.5,2.515625,40.25,-0.046875,-0.75
qwen25_15b,198,msc_valid,4,lexical_tfidf,0.2,16,2.46875,39.5,2.515625,40.25,-0.046875,-0.75
qwen25_15b,198,msc_valid,4,recency_keep_compress_drop,0.2,16,2.46875,39.5,2.515625,40.25,-0.046875,-0.75
qwen25_15b,198,msc_valid,4,uniform,0.35,16,2.546875,40.75,2.515625,40.25,0.03125,0.5
qwen25_15b,198,msc_valid,4,longllmlingua,0.35,16,2.234375,35.75,2.515625,40.25,-0.28125,-4.5
qwen25_15b,198,msc_valid,4,recency,0.35,16,2.546875,40.75,2.515625,40.25,0.03125,0.5
qwen25_15b,198,msc_valid,4,lexical_tfidf,0.35,16,2.546875,40.75,2.515625,40.25,0.03125,0.5
qwen25_15b,198,msc_valid,4,recency_keep_compress_drop,0.35,16,2.546875,40.75,2.515625,40.25,0.03125,0.5
qwen25_15b,198,msc_valid,4,uniform,0.5,16,2.546875,40.75,2.515625,40.25,0.03125,0.5
qwen25_15b,198,msc_valid,4,longllmlingua,0.5,16,2.09375,33.5,2.515625,40.25,-0.421875,-6.75
qwen25_15b,198,msc_valid,4,recency,0.5,16,2.546875,40.75,2.515625,40.25,0.03125,0.5
qwen25_15b,198,msc_valid,4,lexical_tfidf,0.5,16,2.546875,40.75,2.515625,40.25,0.03125,0.5
qwen25_15b,198,msc_valid,4,recency_keep_compress_drop,0.5,16,2.546875,40.75,2.515625,40.25,0.03125,0.5
qwen25_15b,198,msc_valid,6,uniform,0.2,8,2.21875,17.75,2.484375,19.875,-0.265625,-2.125
qwen25_15b,198,msc_valid,6,longllmlingua,0.2,8,2.859375,22.875,2.484375,19.875,0.375,3.0
qwen25_15b,198,msc_valid,6,recency,0.2,8,2.921875,23.375,2.484375,19.875,0.4375,3.5
qwen25_15b,198,msc_valid,6,lexical_tfidf,0.2,8,2.21875,17.75,2.484375,19.875,-0.265625,-2.125
qwen25_15b,198,msc_valid,6,recency_keep_compress_drop,0.2,8,2.21875,17.75,2.484375,19.875,-0.265625,-2.125
qwen25_15b,198,msc_valid,6,uniform,0.35,8,2.359375,18.875,2.484375,19.875,-0.125,-1.0
qwen25_15b,198,msc_valid,6,longllmlingua,0.35,8,2.671875,21.375,2.484375,19.875,0.1875,1.5
qwen25_15b,198,msc_valid,6,recency,0.35,8,2.671875,21.375,2.484375,19.875,0.1875,1.5
qwen25_15b,198,msc_valid,6,lexical_tfidf,0.35,8,2.671875,21.375,2.484375,19.875,0.1875,1.5
qwen25_15b,198,msc_valid,6,recency_keep_compress_drop,0.35,8,2.671875,21.375,2.484375,19.875,0.1875,1.5
qwen25_15b,198,msc_valid,6,uniform,0.5,8,2.390625,19.125,2.484375,19.875,-0.09375,-0.75
qwen25_15b,198,msc_valid,6,longllmlingua,0.5,8,2.375,19.0,2.484375,19.875,-0.109375,-0.875
qwen25_15b,198,msc_valid,6,recency,0.5,8,2.84375,22.75,2.484375,19.875,0.359375,2.875
qwen25_15b,198,msc_valid,6,lexical_tfidf,0.5,8,2.265625,18.125,2.484375,19.875,-0.21875,-1.75
qwen25_15b,198,msc_valid,6,recency_keep_compress_drop,0.5,8,2.265625,18.125,2.484375,19.875,-0.21875,-1.75
qwen25_15b,198,msc_valid,8,uniform,0.2,11,3.909090909090909,43.0,3.1818181818181817,35.0,0.7272727272727275,8.0
qwen25_15b,198,msc_valid,8,longllmlingua,0.2,11,3.25,35.75,3.1818181818181817,35.0,0.06818181818181834,0.75
qwen25_15b,198,msc_valid,8,recency,0.2,11,3.522727272727273,38.75,3.1818181818181817,35.0,0.3409090909090913,3.75
qwen25_15b,198,msc_valid,8,lexical_tfidf,0.2,11,3.727272727272727,41.0,3.1818181818181817,35.0,0.5454545454545454,6.0
qwen25_15b,198,msc_valid,8,recency_keep_compress_drop,0.2,11,3.522727272727273,38.75,3.1818181818181817,35.0,0.3409090909090913,3.75
qwen25_15b,198,msc_valid,8,uniform,0.35,11,3.659090909090909,40.25,3.1818181818181817,35.0,0.4772727272727275,5.25
qwen25_15b,198,msc_valid,8,longllmlingua,0.35,11,3.1363636363636362,34.5,3.1818181818181817,35.0,-0.045454545454545414,-0.5
qwen25_15b,198,msc_valid,8,recency,0.35,11,3.5454545454545454,39.0,3.1818181818181817,35.0,0.36363636363636376,4.0
qwen25_15b,198,msc_valid,8,lexical_tfidf,0.35,11,3.5454545454545454,39.0,3.1818181818181817,35.0,0.36363636363636376,4.0
qwen25_15b,198,msc_valid,8,recency_keep_compress_drop,0.35,11,3.4318181818181817,37.75,3.1818181818181817,35.0,0.25,2.75
qwen25_15b,198,msc_valid,8,uniform,0.5,11,3.727272727272727,41.0,3.1818181818181817,35.0,0.5454545454545454,6.0
qwen25_15b,198,msc_valid,8,longllmlingua,0.5,11,2.9318181818181817,32.25,3.1818181818181817,35.0,-0.25,-2.75
qwen25_15b,198,msc_valid,8,recency,0.5,11,3.4318181818181817,37.75,3.1818181818181817,35.0,0.25,2.75
qwen25_15b,198,msc_valid,8,lexical_tfidf,0.5,11,3.477272727272727,38.25,3.1818181818181817,35.0,0.2954545454545454,3.25
qwen25_15b,198,msc_valid,8,recency_keep_compress_drop,0.5,11,3.3181818181818183,36.5,3.1818181818181817,35.0,0.1363636363636367,1.5
qwen25_15b,198,msc_valid,10,uniform,0.2,15,4.633333333333334,69.5,3.816666666666667,57.25,0.8166666666666669,12.25
qwen25_15b,198,msc_valid,10,longllmlingua,0.2,15,3.933333333333333,59.0,3.816666666666667,57.25,0.11666666666666625,1.75
qwen25_15b,198,msc_valid,10,recency,0.2,15,4.533333333333333,68.0,3.816666666666667,57.25,0.7166666666666663,10.75
qwen25_15b,198,msc_valid,10,lexical_tfidf,0.2,15,4.466666666666667,67.0,3.816666666666667,57.25,0.6499999999999999,9.75
qwen25_15b,198,msc_valid,10,recency_keep_compress_drop,0.2,15,4.633333333333334,69.5,3.816666666666667,57.25,0.8166666666666669,12.25
qwen25_15b,198,msc_valid,10,uniform,0.35,15,4.633333333333334,69.5,3.816666666666667,57.25,0.8166666666666669,12.25
qwen25_15b,198,msc_valid,10,longllmlingua,0.35,15,3.3333333333333335,50.0,3.816666666666667,57.25,-0.4833333333333334,-7.25
qwen25_15b,198,msc_valid,10,recency,0.35,15,4.4,66.0,3.816666666666667,57.25,0.5833333333333335,8.75
qwen25_15b,198,msc_valid,10,lexical_tfidf,0.35,15,4.266666666666667,64.0,3.816666666666667,57.25,0.44999999999999973,6.75
qwen25_15b,198,msc_valid,10,recency_keep_compress_drop,0.35,15,4.666666666666667,70.0,3.816666666666667,57.25,0.8500000000000001,12.75
qwen25_15b,198,msc_valid,10,uniform,0.5,15,4.466666666666667,67.0,3.816666666666667,57.25,0.6499999999999999,9.75
qwen25_15b,198,msc_valid,10,longllmlingua,0.5,15,3.533333333333333,53.0,3.816666666666667,57.25,-0.28333333333333366,-4.25
qwen25_15b,198,msc_valid,10,recency,0.5,15,4.2,63.0,3.816666666666667,57.25,0.3833333333333333,5.75
qwen25_15b,198,msc_valid,10,lexical_tfidf,0.5,15,4.466666666666667,67.0,3.816666666666667,57.25,0.6499999999999999,9.75
qwen25_15b,198,msc_valid,10,recency_keep_compress_drop,0.5,15,4.366666666666666,65.5,3.816666666666667,57.25,0.5499999999999994,8.25
qwen25_15b,198,msc_valid,12,uniform,0.2,13,2.826923076923077,36.75,2.923076923076923,38.0,-0.09615384615384581,-1.25
qwen25_15b,198,msc_valid,12,longllmlingua,0.2,13,2.9615384615384617,38.5,2.923076923076923,38.0,0.03846153846153877,0.5
qwen25_15b,198,msc_valid,12,recency,0.2,13,2.8653846153846154,37.25,2.923076923076923,38.0,-0.05769230769230749,-0.75
qwen25_15b,198,msc_valid,12,lexical_tfidf,0.2,13,2.9038461538461537,37.75,2.923076923076923,38.0,-0.019230769230769162,-0.25
qwen25_15b,198,msc_valid,12,recency_keep_compress_drop,0.2,13,2.8653846153846154,37.25,2.923076923076923,38.0,-0.05769230769230749,-0.75
qwen25_15b,198,msc_valid,12,uniform,0.35,13,3.173076923076923,41.25,2.923076923076923,38.0,0.25,3.25
qwen25_15b,198,msc_valid,12,longllmlingua,0.35,13,2.7884615384615383,36.25,2.923076923076923,38.0,-0.13461538461538458,-1.75
qwen25_15b,198,msc_valid,12,recency,0.35,13,3.0384615384615383,39.5,2.923076923076923,38.0,0.11538461538461542,1.5
qwen25_15b,198,msc_valid,12,lexical_tfidf,0.35,13,2.7884615384615383,36.25,2.923076923076923,38.0,-0.13461538461538458,-1.75
qwen25_15b,198,msc_valid,12,recency_keep_compress_drop,0.35,13,2.7115384615384617,35.25,2.923076923076923,38.0,-0.21153846153846123,-2.75
qwen25_15b,198,msc_valid,12,uniform,0.5,13,2.9615384615384617,38.5,2.923076923076923,38.0,0.03846153846153877,0.5
qwen25_15b,198,msc_valid,12,longllmlingua,0.5,13,2.7115384615384617,35.25,2.923076923076923,38.0,-0.21153846153846123,-2.75
qwen25_15b,198,msc_valid,12,recency,0.5,13,2.9038461538461537,37.75,2.923076923076923,38.0,-0.019230769230769162,-0.25
qwen25_15b,198,msc_valid,12,lexical_tfidf,0.5,13,2.923076923076923,38.0,2.923076923076923,38.0,0.0,0.0
qwen25_15b,198,msc_valid,12,recency_keep_compress_drop,0.5,13,2.8846153846153846,37.5,2.923076923076923,38.0,-0.038461538461538325,-0.5
qwen25_15b,198,msc_valid,14,uniform,0.2,8,3.328125,26.625,2.890625,23.125,0.4375,3.5
qwen25_15b,198,msc_valid,14,longllmlingua,0.2,8,2.71875,21.75,2.890625,23.125,-0.171875,-1.375
qwen25_15b,198,msc_valid,14,recency,0.2,8,3.09375,24.75,2.890625,23.125,0.203125,1.625
qwen25_15b,198,msc_valid,14,lexical_tfidf,0.2,8,3.21875,25.75,2.890625,23.125,0.328125,2.625
qwen25_15b,198,msc_valid,14,recency_keep_compress_drop,0.2,8,2.96875,23.75,2.890625,23.125,0.078125,0.625
qwen25_15b,198,msc_valid,14,uniform,0.35,8,3.15625,25.25,2.890625,23.125,0.265625,2.125
qwen25_15b,198,msc_valid,14,longllmlingua,0.35,8,2.640625,21.125,2.890625,23.125,-0.25,-2.0
qwen25_15b,198,msc_valid,14,recency,0.35,8,2.71875,21.75,2.890625,23.125,-0.171875,-1.375
qwen25_15b,198,msc_valid,14,lexical_tfidf,0.35,8,3.109375,24.875,2.890625,23.125,0.21875,1.75
qwen25_15b,198,msc_valid,14,recency_keep_compress_drop,0.35,8,2.671875,21.375,2.890625,23.125,-0.21875,-1.75
qwen25_15b,198,msc_valid,14,uniform,0.5,8,2.890625,23.125,2.890625,23.125,0.0,0.0
qwen25_15b,198,msc_valid,14,longllmlingua,0.5,8,2.265625,18.125,2.890625,23.125,-0.625,-5.0
qwen25_15b,198,msc_valid,14,recency,0.5,8,3.0625,24.5,2.890625,23.125,0.171875,1.375
qwen25_15b,198,msc_valid,14,lexical_tfidf,0.5,8,2.96875,23.75,2.890625,23.125,0.078125,0.625
qwen25_15b,198,msc_valid,14,recency_keep_compress_drop,0.5,8,2.59375,20.75,2.890625,23.125,-0.296875,-2.375
qwen25_15b,240,msc_valid,4,uniform,0.2,10,3.275,32.75,3.0875,30.875,0.1875,1.875
qwen25_15b,240,msc_valid,4,longllmlingua,0.2,10,2.9375,29.375,3.0875,30.875,-0.1499999999999999,-1.5
qwen25_15b,240,msc_valid,4,recency,0.2,10,3.275,32.75,3.0875,30.875,0.1875,1.875
qwen25_15b,240,msc_valid,4,lexical_tfidf,0.2,10,3.275,32.75,3.0875,30.875,0.1875,1.875
qwen25_15b,240,msc_valid,4,recency_keep_compress_drop,0.2,10,3.275,32.75,3.0875,30.875,0.1875,1.875
qwen25_15b,240,msc_valid,4,uniform,0.35,10,3.15,31.5,3.0875,30.875,0.0625,0.625
qwen25_15b,240,msc_valid,4,longllmlingua,0.35,10,3.0,30.0,3.0875,30.875,-0.08749999999999991,-0.875
qwen25_15b,240,msc_valid,4,recency,0.35,10,3.15,31.5,3.0875,30.875,0.0625,0.625
qwen25_15b,240,msc_valid,4,lexical_tfidf,0.35,10,3.15,31.5,3.0875,30.875,0.0625,0.625
qwen25_15b,240,msc_valid,4,recency_keep_compress_drop,0.35,10,3.15,31.5,3.0875,30.875,0.0625,0.625
qwen25_15b,240,msc_valid,4,uniform,0.5,10,3.15,31.5,3.0875,30.875,0.0625,0.625
qwen25_15b,240,msc_valid,4,longllmlingua,0.5,10,3.0625,30.625,3.0875,30.875,-0.02499999999999991,-0.25
qwen25_15b,240,msc_valid,4,recency,0.5,10,3.15,31.5,3.0875,30.875,0.0625,0.625
qwen25_15b,240,msc_valid,4,lexical_tfidf,0.5,10,3.15,31.5,3.0875,30.875,0.0625,0.625
qwen25_15b,240,msc_valid,4,recency_keep_compress_drop,0.5,10,3.15,31.5,3.0875,30.875,0.0625,0.625
qwen25_15b,240,msc_valid,6,uniform,0.2,15,3.6666666666666665,55.0,3.25,48.75,0.4166666666666665,6.25
qwen25_15b,240,msc_valid,6,longllmlingua,0.2,15,3.0833333333333335,46.25,3.25,48.75,-0.16666666666666652,-2.5
qwen25_15b,240,msc_valid,6,recency,0.2,15,3.433333333333333,51.5,3.25,48.75,0.18333333333333313,2.75
qwen25_15b,240,msc_valid,6,lexical_tfidf,0.2,15,3.4833333333333334,52.25,3.25,48.75,0.2333333333333334,3.5
qwen25_15b,240,msc_valid,6,recency_keep_compress_drop,0.2,15,3.433333333333333,51.5,3.25,48.75,0.18333333333333313,2.75
qwen25_15b,240,msc_valid,6,uniform,0.35,15,3.6666666666666665,55.0,3.25,48.75,0.4166666666666665,6.25
qwen25_15b,240,msc_valid,6,longllmlingua,0.35,15,3.1166666666666667,46.75,3.25,48.75,-0.1333333333333333,-2.0
qwen25_15b,240,msc_valid,6,recency,0.35,15,3.433333333333333,51.5,3.25,48.75,0.18333333333333313,2.75
qwen25_15b,240,msc_valid,6,lexical_tfidf,0.35,15,3.4833333333333334,52.25,3.25,48.75,0.2333333333333334,3.5
qwen25_15b,240,msc_valid,6,recency_keep_compress_drop,0.35,15,3.433333333333333,51.5,3.25,48.75,0.18333333333333313,2.75
qwen25_15b,240,msc_valid,6,uniform,0.5,15,3.3833333333333333,50.75,3.25,48.75,0.1333333333333333,2.0
qwen25_15b,240,msc_valid,6,longllmlingua,0.5,15,3.1166666666666667,46.75,3.25,48.75,-0.1333333333333333,-2.0
qwen25_15b,240,msc_valid,6,recency,0.5,15,3.316666666666667,49.75,3.25,48.75,0.06666666666666687,1.0
qwen25_15b,240,msc_valid,6,lexical_tfidf,0.5,15,3.5833333333333335,53.75,3.25,48.75,0.3333333333333335,5.0
qwen25_15b,240,msc_valid,6,recency_keep_compress_drop,0.5,15,3.4833333333333334,52.25,3.25,48.75,0.2333333333333334,3.5
qwen25_15b,240,msc_valid,8,uniform,0.2,14,4.357142857142857,61.0,4.160714285714286,58.25,0.19642857142857117,2.75
qwen25_15b,240,msc_valid,8,longllmlingua,0.2,14,4.017857142857143,56.25,4.160714285714286,58.25,-0.14285714285714235,-2.0
qwen25_15b,240,msc_valid,8,recency,0.2,14,4.5,63.0,4.160714285714286,58.25,0.3392857142857144,4.75
qwen25_15b,240,msc_valid,8,lexical_tfidf,0.2,14,4.357142857142857,61.0,4.160714285714286,58.25,0.19642857142857117,2.75
qwen25_15b,240,msc_valid,8,recency_keep_compress_drop,0.2,14,4.5,63.0,4.160714285714286,58.25,0.3392857142857144,4.75
qwen25_15b,240,msc_valid,8,uniform,0.35,14,4.303571428571429,60.25,4.160714285714286,58.25,0.14285714285714324,2.0
qwen25_15b,240,msc_valid,8,longllmlingua,0.35,14,3.9464285714285716,55.25,4.160714285714286,58.25,-0.21428571428571397,-3.0
qwen25_15b,240,msc_valid,8,recency,0.35,14,4.285714285714286,60.0,4.160714285714286,58.25,0.125,1.75
qwen25_15b,240,msc_valid,8,lexical_tfidf,0.35,14,4.303571428571429,60.25,4.160714285714286,58.25,0.14285714285714324,2.0
qwen25_15b,240,msc_valid,8,recency_keep_compress_drop,0.35,14,4.214285714285714,59.0,4.160714285714286,58.25,0.053571428571428825,0.75
qwen25_15b,240,msc_valid,8,uniform,0.5,14,4.375,61.25,4.160714285714286,58.25,0.2142857142857144,3.0
qwen25_15b,240,msc_valid,8,longllmlingua,0.5,14,3.75,52.5,4.160714285714286,58.25,-0.4107142857142856,-5.75
qwen25_15b,240,msc_valid,8,recency,0.5,14,4.267857142857143,59.75,4.160714285714286,58.25,0.10714285714285765,1.5
qwen25_15b,240,msc_valid,8,lexical_tfidf,0.5,14,4.375,61.25,4.160714285714286,58.25,0.2142857142857144,3.0
qwen25_15b,240,msc_valid,8,recency_keep_compress_drop,0.5,14,4.196428571428571,58.75,4.160714285714286,58.25,0.03571428571428559,0.5
qwen25_15b,240,msc_valid,10,uniform,0.2,8,5.0625,40.5,4.96875,39.75,0.09375,0.75
qwen25_15b,240,msc_valid,10,longllmlingua,0.2,8,5.71875,45.75,4.96875,39.75,0.75,6.0
qwen25_15b,240,msc_valid,10,recency,0.2,8,6.28125,50.25,4.96875,39.75,1.3125,10.5
qwen25_15b,240,msc_valid,10,lexical_tfidf,0.2,8,6.28125,50.25,4.96875,39.75,1.3125,10.5
qwen25_15b,240,msc_valid,10,recency_keep_compress_drop,0.2,8,5.40625,43.25,4.96875,39.75,0.4375,3.5
qwen25_15b,240,msc_valid,10,uniform,0.35,8,5.8125,46.5,4.96875,39.75,0.84375,6.75
qwen25_15b,240,msc_valid,10,longllmlingua,0.35,8,5.8125,46.5,4.96875,39.75,0.84375,6.75
qwen25_15b,240,msc_valid,10,recency,0.35,8,5.6875,45.5,4.96875,39.75,0.71875,5.75
qwen25_15b,240,msc_valid,10,lexical_tfidf,0.35,8,6.40625,51.25,4.96875,39.75,1.4375,11.5
qwen25_15b,240,msc_valid,10,recency_keep_compress_drop,0.35,8,5.34375,42.75,4.96875,39.75,0.375,3.0
qwen25_15b,240,msc_valid,10,uniform,0.5,8,5.59375,44.75,4.96875,39.75,0.625,5.0
qwen25_15b,240,msc_valid,10,longllmlingua,0.5,8,5.8125,46.5,4.96875,39.75,0.84375,6.75
qwen25_15b,240,msc_valid,10,recency,0.5,8,6.09375,48.75,4.96875,39.75,1.125,9.0
qwen25_15b,240,msc_valid,10,lexical_tfidf,0.5,8,5.90625,47.25,4.96875,39.75,0.9375,7.5
qwen25_15b,240,msc_valid,10,recency_keep_compress_drop,0.5,8,4.96875,39.75,4.96875,39.75,0.0,0.0
qwen25_15b,240,msc_valid,12,uniform,0.2,12,5.625,67.5,5.0625,60.75,0.5625,6.75
qwen25_15b,240,msc_valid,12,longllmlingua,0.2,12,4.5,54.0,5.0625,60.75,-0.5625,-6.75
qwen25_15b,240,msc_valid,12,recency,0.2,12,5.1875,62.25,5.0625,60.75,0.125,1.5
qwen25_15b,240,msc_valid,12,lexical_tfidf,0.2,12,5.833333333333333,70.0,5.0625,60.75,0.770833333333333,9.25
qwen25_15b,240,msc_valid,12,recency_keep_compress_drop,0.2,12,5.333333333333333,64.0,5.0625,60.75,0.27083333333333304,3.25
qwen25_15b,240,msc_valid,12,uniform,0.35,12,5.583333333333333,67.0,5.0625,60.75,0.520833333333333,6.25
qwen25_15b,240,msc_valid,12,longllmlingua,0.35,12,4.645833333333333,55.75,5.0625,60.75,-0.41666666666666696,-5.0
qwen25_15b,240,msc_valid,12,recency,0.35,12,5.145833333333333,61.75,5.0625,60.75,0.08333333333333304,1.0
qwen25_15b,240,msc_valid,12,lexical_tfidf,0.35,12,5.333333333333333,64.0,5.0625,60.75,0.27083333333333304,3.25
qwen25_15b,240,msc_valid,12,recency_keep_compress_drop,0.35,12,5.166666666666667,62.0,5.0625,60.75,0.10416666666666696,1.25
qwen25_15b,240,msc_valid,12,uniform,0.5,12,5.375,64.5,5.0625,60.75,0.3125,3.75
qwen25_15b,240,msc_valid,12,longllmlingua,0.5,12,4.583333333333333,55.0,5.0625,60.75,-0.47916666666666696,-5.75
qwen25_15b,240,msc_valid,12,recency,0.5,12,5.0,60.0,5.0625,60.75,-0.0625,-0.75
qwen25_15b,240,msc_valid,12,lexical_tfidf,0.5,12,5.270833333333333,63.25,5.0625,60.75,0.20833333333333304,2.5
qwen25_15b,240,msc_valid,12,recency_keep_compress_drop,0.5,12,5.041666666666667,60.5,5.0625,60.75,-0.020833333333333037,-0.25
qwen25_15b,255,msc_valid,4,uniform,0.2,16,2.671875,42.75,2.71875,43.5,-0.046875,-0.75
qwen25_15b,255,msc_valid,4,longllmlingua,0.2,16,2.734375,43.75,2.71875,43.5,0.015625,0.25
qwen25_15b,255,msc_valid,4,recency,0.2,16,2.671875,42.75,2.71875,43.5,-0.046875,-0.75
qwen25_15b,255,msc_valid,4,lexical_tfidf,0.2,16,2.671875,42.75,2.71875,43.5,-0.046875,-0.75
qwen25_15b,255,msc_valid,4,recency_keep_compress_drop,0.2,16,2.671875,42.75,2.71875,43.5,-0.046875,-0.75
qwen25_15b,255,msc_valid,4,uniform,0.35,16,2.703125,43.25,2.71875,43.5,-0.015625,-0.25
qwen25_15b,255,msc_valid,4,longllmlingua,0.35,16,2.703125,43.25,2.71875,43.5,-0.015625,-0.25
qwen25_15b,255,msc_valid,4,recency,0.35,16,2.703125,43.25,2.71875,43.5,-0.015625,-0.25
qwen25_15b,255,msc_valid,4,lexical_tfidf,0.35,16,2.703125,43.25,2.71875,43.5,-0.015625,-0.25
qwen25_15b,255,msc_valid,4,recency_keep_compress_drop,0.35,16,2.703125,43.25,2.71875,43.5,-0.015625,-0.25
qwen25_15b,255,msc_valid,4,uniform,0.5,16,2.703125,43.25,2.71875,43.5,-0.015625,-0.25
qwen25_15b,255,msc_valid,4,longllmlingua,0.5,16,2.6875,43.0,2.71875,43.5,-0.03125,-0.5
qwen25_15b,255,msc_valid,4,recency,0.5,16,2.703125,43.25,2.71875,43.5,-0.015625,-0.25
qwen25_15b,255,msc_valid,4,lexical_tfidf,0.5,16,2.703125,43.25,2.71875,43.5,-0.015625,-0.25
qwen25_15b,255,msc_valid,4,recency_keep_compress_drop,0.5,16,2.703125,43.25,2.71875,43.5,-0.015625,-0.25
qwen25_15b,255,msc_valid,8,uniform,0.2,22,3.4318181818181817,75.5,3.0454545454545454,67.0,0.38636363636363624,8.5
qwen25_15b,255,msc_valid,8,longllmlingua,0.2,22,3.159090909090909,69.5,3.0454545454545454,67.0,0.11363636363636376,2.5
qwen25_15b,255,msc_valid,8,recency,0.2,22,3.4545454545454546,76.0,3.0454545454545454,67.0,0.40909090909090917,9.0
qwen25_15b,255,msc_valid,8,lexical_tfidf,0.2,22,3.4545454545454546,76.0,3.0454545454545454,67.0,0.40909090909090917,9.0
qwen25_15b,255,msc_valid,8,recency_keep_compress_drop,0.2,22,3.4545454545454546,76.0,3.0454545454545454,67.0,0.40909090909090917,9.0
qwen25_15b,255,msc_valid,8,uniform,0.35,22,3.6136363636363638,79.5,3.0454545454545454,67.0,0.5681818181818183,12.5
qwen25_15b,255,msc_valid,8,longllmlingua,0.35,22,3.1136363636363638,68.5,3.0454545454545454,67.0,0.06818181818181834,1.5
qwen25_15b,255,msc_valid,8,recency,0.35,22,3.340909090909091,73.5,3.0454545454545454,67.0,0.2954545454545454,6.5
qwen25_15b,255,msc_valid,8,lexical_tfidf,0.35,22,3.227272727272727,71.0,3.0454545454545454,67.0,0.18181818181818166,4.0
qwen25_15b,255,msc_valid,8,recency_keep_compress_drop,0.35,22,3.227272727272727,71.0,3.0454545454545454,67.0,0.18181818181818166,4.0
qwen25_15b,255,msc_valid,8,uniform,0.5,22,3.4545454545454546,76.0,3.0454545454545454,67.0,0.40909090909090917,9.0
qwen25_15b,255,msc_valid,8,longllmlingua,0.5,22,3.090909090909091,68.0,3.0454545454545454,67.0,0.045454545454545414,1.0
qwen25_15b,255,msc_valid,8,recency,0.5,22,3.2045454545454546,70.5,3.0454545454545454,67.0,0.15909090909090917,3.5
qwen25_15b,255,msc_valid,8,lexical_tfidf,0.5,22,3.0454545454545454,67.0,3.0454545454545454,67.0,0.0,0.0
qwen25_15b,255,msc_valid,8,recency_keep_compress_drop,0.5,22,3.1363636363636362,69.0,3.0454545454545454,67.0,0.09090909090909083,2.0
qwen25_15b,255,msc_valid,12,uniform,0.2,11,2.227272727272727,24.5,1.5340909090909092,16.875,0.6931818181818179,7.625
qwen25_15b,255,msc_valid,12,longllmlingua,0.2,11,1.9090909090909092,21.0,1.5340909090909092,16.875,0.375,4.125
qwen25_15b,255,msc_valid,12,recency,0.2,11,2.0568181818181817,22.625,1.5340909090909092,16.875,0.5227272727272725,5.75
qwen25_15b,255,msc_valid,12,lexical_tfidf,0.2,11,1.9431818181818181,21.375,1.5340909090909092,16.875,0.40909090909090895,4.5
qwen25_15b,255,msc_valid,12,recency_keep_compress_drop,0.2,11,1.8636363636363635,20.5,1.5340909090909092,16.875,0.32954545454545436,3.625
qwen25_15b,255,msc_valid,12,uniform,0.35,11,1.7840909090909092,19.625,1.5340909090909092,16.875,0.25,2.75
qwen25_15b,255,msc_valid,12,longllmlingua,0.35,11,1.8068181818181819,19.875,1.5340909090909092,16.875,0.2727272727272727,3.0
qwen25_15b,255,msc_valid,12,recency,0.35,11,1.6363636363636365,18.0,1.5340909090909092,16.875,0.10227272727272729,1.125
qwen25_15b,255,msc_valid,12,lexical_tfidf,0.35,11,1.9204545454545454,21.125,1.5340909090909092,16.875,0.38636363636363624,4.25
qwen25_15b,255,msc_valid,12,recency_keep_compress_drop,0.35,11,1.6363636363636365,18.0,1.5340909090909092,16.875,0.10227272727272729,1.125
qwen25_15b,255,msc_valid,12,uniform,0.5,11,1.6477272727272727,18.125,1.5340909090909092,16.875,0.11363636363636354,1.25
qwen25_15b,255,msc_valid,12,longllmlingua,0.5,11,1.7727272727272727,19.5,1.5340909090909092,16.875,0.23863636363636354,2.625
qwen25_15b,255,msc_valid,12,recency,0.5,11,1.5227272727272727,16.75,1.5340909090909092,16.875,-0.011363636363636465,-0.125
qwen25_15b,255,msc_valid,12,lexical_tfidf,0.5,11,1.9431818181818181,21.375,1.5340909090909092,16.875,0.40909090909090895,4.5
qwen25_15b,255,msc_valid,12,recency_keep_compress_drop,0.5,11,1.6818181818181819,18.5,1.5340909090909092,16.875,0.1477272727272727,1.625
qwen25_15b,255,msc_valid,16,uniform,0.2,43,2.4767441860465116,106.5,2.4767441860465116,106.5,0.0,0.0
qwen25_15b,255,msc_valid,16,longllmlingua,0.2,43,2.5348837209302326,109.0,2.4767441860465116,106.5,0.058139534883721034,2.5
qwen25_15b,255,msc_valid,16,recency,0.2,43,2.488372093023256,107.0,2.4767441860465116,106.5,0.011627906976744207,0.5
qwen25_15b,255,msc_valid,16,lexical_tfidf,0.2,43,2.511627906976744,108.0,2.4767441860465116,106.5,0.03488372093023262,1.5
qwen25_15b,255,msc_valid,16,recency_keep_compress_drop,0.2,43,2.546511627906977,109.5,2.4767441860465116,106.5,0.06976744186046524,3.0
qwen25_15b,255,msc_valid,16,uniform,0.35,43,2.453488372093023,105.5,2.4767441860465116,106.5,-0.023255813953488413,-1.0
qwen25_15b,255,msc_valid,16,longllmlingua,0.35,43,2.4767441860465116,106.5,2.4767441860465116,106.5,0.0,0.0
qwen25_15b,255,msc_valid,16,recency,0.35,43,2.4651162790697674,106.0,2.4767441860465116,106.5,-0.011627906976744207,-0.5
qwen25_15b,255,msc_valid,16,lexical_tfidf,0.35,43,2.488372093023256,107.0,2.4767441860465116,106.5,0.011627906976744207,0.5
qwen25_15b,255,msc_valid,16,recency_keep_compress_drop,0.35,43,2.488372093023256,107.0,2.4767441860465116,106.5,0.011627906976744207,0.5
qwen25_15b,255,msc_valid,16,uniform,0.5,43,2.441860465116279,105.0,2.4767441860465116,106.5,-0.03488372093023262,-1.5
qwen25_15b,255,msc_valid,16,longllmlingua,0.5,43,2.488372093023256,107.0,2.4767441860465116,106.5,0.011627906976744207,0.5
qwen25_15b,255,msc_valid,16,recency,0.5,43,2.5,107.5,2.4767441860465116,106.5,0.023255813953488413,1.0
qwen25_15b,255,msc_valid,16,lexical_tfidf,0.5,43,2.488372093023256,107.0,2.4767441860465116,106.5,0.011627906976744207,0.5
qwen25_15b,255,msc_valid,16,recency_keep_compress_drop,0.5,43,2.4302325581395348,104.5,2.4767441860465116,106.5,-0.04651162790697683,-2.0
qwen25_15b,255,msc_valid,20,uniform,0.2,47,2.606382978723404,122.5,2.521276595744681,118.5,0.08510638297872308,4.0
qwen25_15b,255,msc_valid,20,longllmlingua,0.2,47,2.393617021276596,112.5,2.521276595744681,118.5,-0.12765957446808507,-6.0
qwen25_15b,255,msc_valid,20,recency,0.2,47,2.6808510638297873,126.0,2.521276595744681,118.5,0.15957446808510634,7.5
qwen25_15b,255,msc_valid,20,lexical_tfidf,0.2,47,2.723404255319149,128.0,2.521276595744681,118.5,0.20212765957446788,9.5
qwen25_15b,255,msc_valid,20,recency_keep_compress_drop,0.2,47,2.6702127659574466,125.5,2.521276595744681,118.5,0.14893617021276562,7.0
qwen25_15b,255,msc_valid,20,uniform,0.35,47,2.5425531914893615,119.5,2.521276595744681,118.5,0.02127659574468055,1.0
qwen25_15b,255,msc_valid,20,longllmlingua,0.35,47,2.4680851063829787,116.0,2.521276595744681,118.5,-0.05319148936170226,-2.5
qwen25_15b,255,msc_valid,20,recency,0.35,47,2.6702127659574466,125.5,2.521276595744681,118.5,0.14893617021276562,7.0
qwen25_15b,255,msc_valid,20,lexical_tfidf,0.35,47,2.6914893617021276,126.5,2.521276595744681,118.5,0.1702127659574466,8.0
qwen25_15b,255,msc_valid,20,recency_keep_compress_drop,0.35,47,2.6702127659574466,125.5,2.521276595744681,118.5,0.14893617021276562,7.0
qwen25_15b,255,msc_valid,20,uniform,0.5,47,2.521276595744681,118.5,2.521276595744681,118.5,0.0,0.0
qwen25_15b,255,msc_valid,20,longllmlingua,0.5,47,2.5106382978723403,118.0,2.521276595744681,118.5,-0.010638297872340718,-0.5
qwen25_15b,255,msc_valid,20,recency,0.5,47,2.6808510638297873,126.0,2.521276595744681,118.5,0.15957446808510634,7.5
qwen25_15b,255,msc_valid,20,lexical_tfidf,0.5,47,2.6914893617021276,126.5,2.521276595744681,118.5,0.1702127659574466,8.0
qwen25_15b,255,msc_valid,20,recency_keep_compress_drop,0.5,47,2.606382978723404,122.5,2.521276595744681,118.5,0.08510638297872308,4.0
qwen25_15b,255,msc_valid,24,uniform,0.2,48,2.6458333333333335,127.0,2.40625,115.5,0.23958333333333348,11.5
qwen25_15b,255,msc_valid,24,longllmlingua,0.2,48,2.5625,123.0,2.40625,115.5,0.15625,7.5
qwen25_15b,255,msc_valid,24,recency,0.2,48,2.6354166666666665,126.5,2.40625,115.5,0.22916666666666652,11.0
qwen25_15b,255,msc_valid,24,lexical_tfidf,0.2,48,2.6458333333333335,127.0,2.40625,115.5,0.23958333333333348,11.5
qwen25_15b,255,msc_valid,24,recency_keep_compress_drop,0.2,48,2.5833333333333335,124.0,2.40625,115.5,0.17708333333333348,8.5
qwen25_15b,255,msc_valid,24,uniform,0.35,48,2.6041666666666665,125.0,2.40625,115.5,0.19791666666666652,9.5
qwen25_15b,255,msc_valid,24,longllmlingua,0.35,48,2.5520833333333335,122.5,2.40625,115.5,0.14583333333333348,7.0
qwen25_15b,255,msc_valid,24,recency,0.35,48,2.6041666666666665,125.0,2.40625,115.5,0.19791666666666652,9.5
qwen25_15b,255,msc_valid,24,lexical_tfidf,0.35,48,2.59375,124.5,2.40625,115.5,0.1875,9.0
qwen25_15b,255,msc_valid,24,recency_keep_compress_drop,0.35,48,2.6458333333333335,127.0,2.40625,115.5,0.23958333333333348,11.5
qwen25_15b,255,msc_valid,24,uniform,0.5,48,2.4375,117.0,2.40625,115.5,0.03125,1.5
qwen25_15b,255,msc_valid,24,longllmlingua,0.5,48,2.5104166666666665,120.5,2.40625,115.5,0.10416666666666652,5.0
qwen25_15b,255,msc_valid,24,recency,0.5,48,2.5520833333333335,122.5,2.40625,115.5,0.14583333333333348,7.0
qwen25_15b,255,msc_valid,24,lexical_tfidf,0.5,48,2.5416666666666665,122.0,2.40625,115.5,0.13541666666666652,6.5
qwen25_15b,255,msc_valid,24,recency_keep_compress_drop,0.5,48,2.5208333333333335,121.0,2.40625,115.5,0.11458333333333348,5.5
qwen25_15b,255,msc_valid,28,uniform,0.2,28,3.6964285714285716,103.5,3.5,98.0,0.19642857142857162,5.5
qwen25_15b,255,msc_valid,28,longllmlingua,0.2,28,3.732142857142857,104.5,3.5,98.0,0.2321428571428572,6.5
qwen25_15b,255,msc_valid,28,recency,0.2,28,3.7857142857142856,106.0,3.5,98.0,0.2857142857142856,8.0
qwen25_15b,255,msc_valid,28,lexical_tfidf,0.2,28,3.5892857142857144,100.5,3.5,98.0,0.08928571428571441,2.5
qwen25_15b,255,msc_valid,28,recency_keep_compress_drop,0.2,28,3.8214285714285716,107.0,3.5,98.0,0.3214285714285716,9.0
qwen25_15b,255,msc_valid,28,uniform,0.35,28,3.6607142857142856,102.5,3.5,98.0,0.1607142857142856,4.5
qwen25_15b,255,msc_valid,28,longllmlingua,0.35,28,3.732142857142857,104.5,3.5,98.0,0.2321428571428572,6.5
qwen25_15b,255,msc_valid,28,recency,0.35,28,3.7857142857142856,106.0,3.5,98.0,0.2857142857142856,8.0
qwen25_15b,255,msc_valid,28,lexical_tfidf,0.35,28,3.482142857142857,97.5,3.5,98.0,-0.017857142857142794,-0.5
qwen25_15b,255,msc_valid,28,recency_keep_compress_drop,0.35,28,3.642857142857143,102.0,3.5,98.0,0.1428571428571428,4.0
qwen25_15b,255,msc_valid,28,uniform,0.5,28,3.625,101.5,3.5,98.0,0.125,3.5
qwen25_15b,255,msc_valid,28,longllmlingua,0.5,28,3.7142857142857144,104.0,3.5,98.0,0.2142857142857144,6.0
qwen25_15b,255,msc_valid,28,recency,0.5,28,3.767857142857143,105.5,3.5,98.0,0.2678571428571428,7.5
qwen25_15b,255,msc_valid,28,lexical_tfidf,0.5,28,3.4464285714285716,96.5,3.5,98.0,-0.05357142857142838,-1.5
qwen25_15b,255,msc_valid,28,recency_keep_compress_drop,0.5,28,3.5892857142857144,100.5,3.5,98.0,0.08928571428571441,2.5
qwen25_15b,255,msc_valid,32,uniform,0.2,49,3.183673469387755,156.0,0.0,0.0,3.183673469387755,156.0
qwen25_15b,255,msc_valid,32,longllmlingua,0.2,49,3.2653061224489797,160.0,0.0,0.0,3.2653061224489797,160.0
qwen25_15b,255,msc_valid,32,recency,0.2,49,3.2448979591836733,159.0,0.0,0.0,3.2448979591836733,159.0
qwen25_15b,255,msc_valid,32,lexical_tfidf,0.2,49,3.2857142857142856,161.0,0.0,0.0,3.2857142857142856,161.0
qwen25_15b,255,msc_valid,32,recency_keep_compress_drop,0.2,49,3.306122448979592,162.0,0.0,0.0,3.306122448979592,162.0
qwen25_15b,255,msc_valid,32,uniform,0.35,49,3.163265306122449,155.0,0.0,0.0,3.163265306122449,155.0
qwen25_15b,255,msc_valid,32,longllmlingua,0.35,49,3.2857142857142856,161.0,0.0,0.0,3.2857142857142856,161.0
qwen25_15b,255,msc_valid,32,recency,0.35,49,3.204081632653061,157.0,0.0,0.0,3.204081632653061,157.0
qwen25_15b,255,msc_valid,32,lexical_tfidf,0.35,49,3.183673469387755,156.0,0.0,0.0,3.183673469387755,156.0
qwen25_15b,255,msc_valid,32,recency_keep_compress_drop,0.35,49,3.306122448979592,162.0,0.0,0.0,3.306122448979592,162.0
qwen25_15b,255,msc_valid,32,uniform,0.5,49,3.142857142857143,154.0,0.0,0.0,3.142857142857143,154.0
qwen25_15b,255,msc_valid,32,longllmlingua,0.5,49,3.204081632653061,157.0,0.0,0.0,3.204081632653061,157.0
qwen25_15b,255,msc_valid,32,recency,0.5,49,3.163265306122449,155.0,0.0,0.0,3.163265306122449,155.0
qwen25_15b,255,msc_valid,32,lexical_tfidf,0.5,49,3.1020408163265305,152.0,0.0,0.0,3.1020408163265305,152.0
qwen25_15b,255,msc_valid,32,recency_keep_compress_drop,0.5,49,3.204081632653061,157.0,0.0,0.0,3.204081632653061,157.0
qwen25_15b,255,msc_valid,34,uniform,0.2,56,3.6607142857142856,205.0,0.0,0.0,3.6607142857142856,205.0
qwen25_15b,255,msc_valid,34,longllmlingua,0.2,56,3.4642857142857144,194.0,0.0,0.0,3.4642857142857144,194.0
qwen25_15b,255,msc_valid,34,recency,0.2,56,3.4464285714285716,193.0,0.0,0.0,3.4464285714285716,193.0
qwen25_15b,255,msc_valid,34,lexical_tfidf,0.2,56,3.7142857142857144,208.0,0.0,0.0,3.7142857142857144,208.0
qwen25_15b,255,msc_valid,34,recency_keep_compress_drop,0.2,56,3.5,196.0,0.0,0.0,3.5,196.0
qwen25_15b,255,msc_valid,34,uniform,0.35,56,3.5714285714285716,200.0,0.0,0.0,3.5714285714285716,200.0
qwen25_15b,255,msc_valid,34,longllmlingua,0.35,56,3.4642857142857144,194.0,0.0,0.0,3.4642857142857144,194.0
qwen25_15b,255,msc_valid,34,recency,0.35,56,3.4107142857142856,191.0,0.0,0.0,3.4107142857142856,191.0
qwen25_15b,255,msc_valid,34,lexical_tfidf,0.35,56,3.607142857142857,202.0,0.0,0.0,3.607142857142857,202.0
qwen25_15b,255,msc_valid,34,recency_keep_compress_drop,0.35,56,3.4642857142857144,194.0,0.0,0.0,3.4642857142857144,194.0
qwen25_15b,255,msc_valid,34,uniform,0.5,56,3.607142857142857,202.0,0.0,0.0,3.607142857142857,202.0
qwen25_15b,255,msc_valid,34,longllmlingua,0.5,56,3.4285714285714284,192.0,0.0,0.0,3.4285714285714284,192.0
qwen25_15b,255,msc_valid,34,recency,0.5,56,3.4107142857142856,191.0,0.0,0.0,3.4107142857142856,191.0
qwen25_15b,255,msc_valid,34,lexical_tfidf,0.5,56,3.392857142857143,190.0,0.0,0.0,3.392857142857143,190.0
qwen25_15b,255,msc_valid,34,recency_keep_compress_drop,0.5,56,3.482142857142857,195.0,0.0,0.0,3.482142857142857,195.0
qwen25_15b,255,msc_valid,38,uniform,0.2,50,1.99,99.5,0.0,0.0,1.99,99.5
qwen25_15b,255,msc_valid,38,longllmlingua,0.2,50,2.05,102.5,0.0,0.0,2.05,102.5
qwen25_15b,255,msc_valid,38,recency,0.2,50,2.08,104.0,0.0,0.0,2.08,104.0
qwen25_15b,255,msc_valid,38,lexical_tfidf,0.2,50,2.06,103.0,0.0,0.0,2.06,103.0
qwen25_15b,255,msc_valid,38,recency_keep_compress_drop,0.2,50,2.11,105.5,0.0,0.0,2.11,105.5
qwen25_15b,255,msc_valid,38,uniform,0.35,50,2.0,100.0,0.0,0.0,2.0,100.0
qwen25_15b,255,msc_valid,38,longllmlingua,0.35,50,2.02,101.0,0.0,0.0,2.02,101.0
qwen25_15b,255,msc_valid,38,recency,0.35,50,2.05,102.5,0.0,0.0,2.05,102.5
qwen25_15b,255,msc_valid,38,lexical_tfidf,0.35,50,2.05,102.5,0.0,0.0,2.05,102.5
qwen25_15b,255,msc_valid,38,recency_keep_compress_drop,0.35,50,2.07,103.5,0.0,0.0,2.07,103.5
qwen25_15b,255,msc_valid,38,uniform,0.5,50,1.98,99.0,0.0,0.0,1.98,99.0
qwen25_15b,255,msc_valid,38,longllmlingua,0.5,50,1.99,99.5,0.0,0.0,1.99,99.5
qwen25_15b,255,msc_valid,38,recency,0.5,50,2.04,102.0,0.0,0.0,2.04,102.0
qwen25_15b,255,msc_valid,38,lexical_tfidf,0.5,50,2.07,103.5,0.0,0.0,2.07,103.5
qwen25_15b,255,msc_valid,38,recency_keep_compress_drop,0.5,50,2.04,102.0,0.0,0.0,2.04,102.0
qwen25_15b,255,msc_valid,42,uniform,0.2,23,3.4347826086956523,79.0,0.0,0.0,3.4347826086956523,79.0
qwen25_15b,255,msc_valid,42,longllmlingua,0.2,23,3.8043478260869565,87.5,0.0,0.0,3.8043478260869565,87.5
qwen25_15b,255,msc_valid,42,recency,0.2,23,3.5,80.5,0.0,0.0,3.5,80.5
qwen25_15b,255,msc_valid,42,lexical_tfidf,0.2,23,3.4565217391304346,79.5,0.0,0.0,3.4565217391304346,79.5
qwen25_15b,255,msc_valid,42,recency_keep_compress_drop,0.2,23,3.5217391304347827,81.0,0.0,0.0,3.5217391304347827,81.0
qwen25_15b,255,msc_valid,42,uniform,0.35,23,3.4565217391304346,79.5,0.0,0.0,3.4565217391304346,79.5
qwen25_15b,255,msc_valid,42,longllmlingua,0.35,23,3.717391304347826,85.5,0.0,0.0,3.717391304347826,85.5
qwen25_15b,255,msc_valid,42,recency,0.35,23,3.5,80.5,0.0,0.0,3.5,80.5
qwen25_15b,255,msc_valid,42,lexical_tfidf,0.35,23,3.5,80.5,0.0,0.0,3.5,80.5
qwen25_15b,255,msc_valid,42,recency_keep_compress_drop,0.35,23,3.5652173913043477,82.0,0.0,0.0,3.5652173913043477,82.0
qwen25_15b,255,msc_valid,42,uniform,0.5,23,3.4782608695652173,80.0,0.0,0.0,3.4782608695652173,80.0
qwen25_15b,255,msc_valid,42,longllmlingua,0.5,23,3.652173913043478,84.0,0.0,0.0,3.652173913043478,84.0
qwen25_15b,255,msc_valid,42,recency,0.5,0,0.0,0.0,0.0,0.0,0.0,0.0
qwen25_15b,255,msc_valid,42,lexical_tfidf,0.5,0,0.0,0.0,0.0,0.0,0.0,0.0
qwen25_15b,255,msc_valid,42,recency_keep_compress_drop,0.5,0,0.0,0.0,0.0,0.0,0.0,0.0
qwen25_15b,255,msc_valid,46,uniform,0.2,20,2.6625,53.25,0.0,0.0,2.6625,53.25
qwen25_15b,255,msc_valid,46,longllmlingua,0.2,20,2.6875,53.75,0.0,0.0,2.6875,53.75
qwen25_15b,255,msc_valid,46,recency,0.2,20,2.5,50.0,0.0,0.0,2.5,50.0
qwen25_15b,255,msc_valid,46,lexical_tfidf,0.2,20,2.575,51.5,0.0,0.0,2.575,51.5
qwen25_15b,255,msc_valid,46,recency_keep_compress_drop,0.2,20,2.5125,50.25,0.0,0.0,2.5125,50.25
qwen25_15b,255,msc_valid,46,uniform,0.35,15,2.091666666666667,31.375,0.0,0.0,2.091666666666667,31.375
qwen25_15b,255,msc_valid,46,longllmlingua,0.35,20,2.7,54.0,0.0,0.0,2.7,54.0
qwen25_15b,255,msc_valid,46,recency,0.35,0,0.0,0.0,0.0,0.0,0.0,0.0
qwen25_15b,255,msc_valid,46,lexical_tfidf,0.35,4,1.7578125,7.03125,0.0,0.0,1.7578125,7.03125
qwen25_15b,255,msc_valid,46,recency_keep_compress_drop,0.35,0,0.0,0.0,0.0,0.0,0.0,0.0
qwen25_15b,255,msc_valid,46,uniform,0.5,20,2.575,51.5,0.0,0.0,2.575,51.5
qwen25_15b,255,msc_valid,46,longllmlingua,0.5,20,2.4625,49.25,0.0,0.0,2.4625,49.25
qwen25_15b,255,msc_valid,46,recency,0.5,0,0.0,0.0,0.0,0.0,0.0,0.0
qwen25_15b,255,msc_valid,46,lexical_tfidf,0.5,0,0.0,0.0,0.0,0.0,0.0,0.0
qwen25_15b,255,msc_valid,46,recency_keep_compress_drop,0.5,0,0.0,0.0,0.0,0.0,0.0,0.0
qwen25_15b,255,msc_valid,50,uniform,0.2,27,2.4814814814814814,67.0,0.0,0.0,2.4814814814814814,67.0
qwen25_15b,255,msc_valid,50,longllmlingua,0.2,27,2.6666666666666665,72.0,0.0,0.0,2.6666666666666665,72.0
qwen25_15b,255,msc_valid,50,recency,0.2,27,2.3333333333333335,63.0,0.0,0.0,2.3333333333333335,63.0
qwen25_15b,255,msc_valid,50,lexical_tfidf,0.2,27,2.3518518518518516,63.5,0.0,0.0,2.3518518518518516,63.5
qwen25_15b,255,msc_valid,50,recency_keep_compress_drop,0.2,27,2.324074074074074,62.75,0.0,0.0,2.324074074074074,62.75
qwen25_15b,255,msc_valid,50,uniform,0.35,0,0.0,0.0,0.0,0.0,0.0,0.0
qwen25_15b,255,msc_valid,50,longllmlingua,0.35,27,2.7037037037037037,73.0,0.0,0.0,2.7037037037037037,73.0
qwen25_15b,255,msc_valid,50,recency,0.35,0,0.0,0.0,0.0,0.0,0.0,0.0
qwen25_15b,255,msc_valid,50,lexical_tfidf,0.35,0,0.0,0.0,0.0,0.0,0.0,0.0
qwen25_15b,255,msc_valid,50,recency_keep_compress_drop,0.35,0,0.0,0.0,0.0,0.0,0.0,0.0
qwen25_15b,255,msc_valid,50,uniform,0.5,27,2.5,67.5,0.0,0.0,2.5,67.5
qwen25_15b,255,msc_valid,50,longllmlingua,0.5,27,2.6481481481481484,71.5,0.0,0.0,2.6481481481481484,71.5
qwen25_15b,255,msc_valid,50,recency,0.5,0,0.0,0.0,0.0,0.0,0.0,0.0
qwen25_15b,255,msc_valid,50,lexical_tfidf,0.5,0,0.0,0.0,0.0,0.0,0.0,0.0
qwen25_15b,255,msc_valid,50,recency_keep_compress_drop,0.5,0,0.0,0.0,0.0,0.0,0.0,0.0
qwen25_15b,255,msc_valid,54,uniform,0.2,18,3.2777777777777777,59.0,0.0,0.0,3.2777777777777777,59.0
qwen25_15b,255,msc_valid,54,longllmlingua,0.2,18,3.513888888888889,63.25,0.0,0.0,3.513888888888889,63.25
qwen25_15b,255,msc_valid,54,recency,0.2,0,0.0,0.0,0.0,0.0,0.0,0.0
qwen25_15b,255,msc_valid,54,lexical_tfidf,0.2,0,0.0,0.0,0.0,0.0,0.0,0.0
qwen25_15b,255,msc_valid,54,recency_keep_compress_drop,0.2,0,0.0,0.0,0.0,0.0,0.0,0.0
qwen25_15b,255,msc_valid,54,uniform,0.35,18,3.361111111111111,60.5,0.0,0.0,3.361111111111111,60.5
qwen25_15b,255,msc_valid,54,longllmlingua,0.35,18,3.5833333333333335,64.5,0.0,0.0,3.5833333333333335,64.5
qwen25_15b,255,msc_valid,54,recency,0.35,0,0.0,0.0,0.0,0.0,0.0,0.0
qwen25_15b,255,msc_valid,54,lexical_tfidf,0.35,0,0.0,0.0,0.0,0.0,0.0,0.0
qwen25_15b,255,msc_valid,54,recency_keep_compress_drop,0.35,0,0.0,0.0,0.0,0.0,0.0,0.0
qwen25_15b,255,msc_valid,54,uniform,0.5,0,0.0,0.0,0.0,0.0,0.0,0.0
qwen25_15b,255,msc_valid,54,longllmlingua,0.5,18,3.5833333333333335,64.5,0.0,0.0,3.5833333333333335,64.5
qwen25_15b,255,msc_valid,54,recency,0.5,0,0.0,0.0,0.0,0.0,0.0,0.0
qwen25_15b,255,msc_valid,54,lexical_tfidf,0.5,0,0.0,0.0,0.0,0.0,0.0,0.0
qwen25_15b,255,msc_valid,54,recency_keep_compress_drop,0.5,0,0.0,0.0,0.0,0.0,0.0,0.0
qwen25_15b,255,msc_valid,58,uniform,0.2,16,2.40625,38.5,0.0,0.0,2.40625,38.5
qwen25_15b,255,msc_valid,58,longllmlingua,0.2,16,2.671875,42.75,0.0,0.0,2.671875,42.75
qwen25_15b,255,msc_valid,58,recency,0.2,0,0.0,0.0,0.0,0.0,0.0,0.0
qwen25_15b,255,msc_valid,58,lexical_tfidf,0.2,0,0.0,0.0,0.0,0.0,0.0,0.0
qwen25_15b,255,msc_valid,58,recency_keep_compress_drop,0.2,0,0.0,0.0,0.0,0.0,0.0,0.0
qwen25_15b,255,msc_valid,58,uniform,0.35,16,2.453125,39.25,0.0,0.0,2.453125,39.25
qwen25_15b,255,msc_valid,58,longllmlingua,0.35,16,2.640625,42.25,0.0,0.0,2.640625,42.25
qwen25_15b,255,msc_valid,58,recency,0.35,0,0.0,0.0,0.0,0.0,0.0,0.0
qwen25_15b,255,msc_valid,58,lexical_tfidf,0.35,0,0.0,0.0,0.0,0.0,0.0,0.0
qwen25_15b,255,msc_valid,58,recency_keep_compress_drop,0.35,0,0.0,0.0,0.0,0.0,0.0,0.0
qwen25_15b,255,msc_valid,58,uniform,0.5,0,0.0,0.0,0.0,0.0,0.0,0.0
qwen25_15b,255,msc_valid,58,longllmlingua,0.5,16,2.390625,38.25,0.0,0.0,2.390625,38.25
qwen25_15b,255,msc_valid,58,recency,0.5,0,0.0,0.0,0.0,0.0,0.0,0.0
qwen25_15b,255,msc_valid,58,lexical_tfidf,0.5,0,0.0,0.0,0.0,0.0,0.0,0.0
qwen25_15b,255,msc_valid,58,recency_keep_compress_drop,0.5,0,0.0,0.0,0.0,0.0,0.0,0.0
qwen25_15b,255,msc_valid,62,uniform,0.2,16,3.140625,50.25,0.0,0.0,3.140625,50.25
qwen25_15b,255,msc_valid,62,longllmlingua,0.2,16,2.984375,47.75,0.0,0.0,2.984375,47.75
qwen25_15b,255,msc_valid,62,recency,0.2,0,0.0,0.0,0.0,0.0,0.0,0.0
qwen25_15b,255,msc_valid,62,lexical_tfidf,0.2,0,0.0,0.0,0.0,0.0,0.0,0.0
qwen25_15b,255,msc_valid,62,recency_keep_compress_drop,0.2,0,0.0,0.0,0.0,0.0,0.0,0.0
qwen25_15b,255,msc_valid,62,uniform,0.35,16,3.28125,52.5,0.0,0.0,3.28125,52.5
qwen25_15b,255,msc_valid,62,longllmlingua,0.35,16,3.125,50.0,0.0,0.0,3.125,50.0
qwen25_15b,255,msc_valid,62,recency,0.35,0,0.0,0.0,0.0,0.0,0.0,0.0
qwen25_15b,255,msc_valid,62,lexical_tfidf,0.35,0,0.0,0.0,0.0,0.0,0.0,0.0
qwen25_15b,255,msc_valid,62,recency_keep_compress_drop,0.35,0,0.0,0.0,0.0,0.0,0.0,0.0
qwen25_15b,255,msc_valid,62,uniform,0.5,0,0.0,0.0,0.0,0.0,0.0,0.0
qwen25_15b,255,msc_valid,62,longllmlingua,0.5,16,2.96875,47.5,0.0,0.0,2.96875,47.5
qwen25_15b,255,msc_valid,62,recency,0.5,0,0.0,0.0,0.0,0.0,0.0,0.0
qwen25_15b,255,msc_valid,62,lexical_tfidf,0.5,0,0.0,0.0,0.0,0.0,0.0,0.0
qwen25_15b,255,msc_valid,62,recency_keep_compress_drop,0.5,0,0.0,0.0,0.0,0.0,0.0,0.0
qwen25_15b,257,msc_valid,4,uniform,0.2,16,4.09375,65.5,4.09375,65.5,0.0,0.0
qwen25_15b,257,msc_valid,4,longllmlingua,0.2,16,3.8125,61.0,4.09375,65.5,-0.28125,-4.5
qwen25_15b,257,msc_valid,4,recency,0.2,16,4.09375,65.5,4.09375,65.5,0.0,0.0
qwen25_15b,257,msc_valid,4,lexical_tfidf,0.2,16,4.09375,65.5,4.09375,65.5,0.0,0.0
qwen25_15b,257,msc_valid,4,recency_keep_compress_drop,0.2,16,4.09375,65.5,4.09375,65.5,0.0,0.0
qwen25_15b,257,msc_valid,4,uniform,0.35,16,4.09375,65.5,4.09375,65.5,0.0,0.0
qwen25_15b,257,msc_valid,4,longllmlingua,0.35,16,3.71875,59.5,4.09375,65.5,-0.375,-6.0
qwen25_15b,257,msc_valid,4,recency,0.35,16,4.09375,65.5,4.09375,65.5,0.0,0.0
qwen25_15b,257,msc_valid,4,lexical_tfidf,0.35,16,4.09375,65.5,4.09375,65.5,0.0,0.0
qwen25_15b,257,msc_valid,4,recency_keep_compress_drop,0.35,16,4.09375,65.5,4.09375,65.5,0.0,0.0
qwen25_15b,257,msc_valid,4,uniform,0.5,16,4.09375,65.5,4.09375,65.5,0.0,0.0
qwen25_15b,257,msc_valid,4,longllmlingua,0.5,16,3.734375,59.75,4.09375,65.5,-0.359375,-5.75
qwen25_15b,257,msc_valid,4,recency,0.5,16,4.09375,65.5,4.09375,65.5,0.0,0.0
qwen25_15b,257,msc_valid,4,lexical_tfidf,0.5,16,4.09375,65.5,4.09375,65.5,0.0,0.0
qwen25_15b,257,msc_valid,4,recency_keep_compress_drop,0.5,16,4.09375,65.5,4.09375,65.5,0.0,0.0
qwen25_15b,257,msc_valid,6,uniform,0.2,17,3.323529411764706,56.5,2.7794117647058822,47.25,0.5441176470588238,9.25
qwen25_15b,257,msc_valid,6,longllmlingua,0.2,17,2.5588235294117645,43.5,2.7794117647058822,47.25,-0.22058823529411775,-3.75
qwen25_15b,257,msc_valid,6,recency,0.2,17,3.323529411764706,56.5,2.7794117647058822,47.25,0.5441176470588238,9.25
qwen25_15b,257,msc_valid,6,lexical_tfidf,0.2,17,3.323529411764706,56.5,2.7794117647058822,47.25,0.5441176470588238,9.25
qwen25_15b,257,msc_valid,6,recency_keep_compress_drop,0.2,17,3.323529411764706,56.5,2.7794117647058822,47.25,0.5441176470588238,9.25
qwen25_15b,257,msc_valid,6,uniform,0.35,17,3.323529411764706,56.5,2.7794117647058822,47.25,0.5441176470588238,9.25
qwen25_15b,257,msc_valid,6,longllmlingua,0.35,17,2.7058823529411766,46.0,2.7794117647058822,47.25,-0.07352941176470562,-1.25
qwen25_15b,257,msc_valid,6,recency,0.35,17,3.485294117647059,59.25,2.7794117647058822,47.25,0.7058823529411766,12.0
qwen25_15b,257,msc_valid,6,lexical_tfidf,0.35,17,3.485294117647059,59.25,2.7794117647058822,47.25,0.7058823529411766,12.0
qwen25_15b,257,msc_valid,6,recency_keep_compress_drop,0.35,17,3.485294117647059,59.25,2.7794117647058822,47.25,0.7058823529411766,12.0
qwen25_15b,257,msc_valid,6,uniform,0.5,17,3.323529411764706,56.5,2.7794117647058822,47.25,0.5441176470588238,9.25
qwen25_15b,257,msc_valid,6,longllmlingua,0.5,17,2.4411764705882355,41.5,2.7794117647058822,47.25,-0.33823529411764675,-5.75
qwen25_15b,257,msc_valid,6,recency,0.5,17,3.0294117647058822,51.5,2.7794117647058822,47.25,0.25,4.25
qwen25_15b,257,msc_valid,6,lexical_tfidf,0.5,17,3.1911764705882355,54.25,2.7794117647058822,47.25,0.41176470588235325,7.0
qwen25_15b,257,msc_valid,6,recency_keep_compress_drop,0.5,17,3.1911764705882355,54.25,2.7794117647058822,47.25,0.41176470588235325,7.0
qwen25_15b,257,msc_valid,8,uniform,0.2,21,3.380952380952381,71.0,2.9285714285714284,61.5,0.45238095238095255,9.5
qwen25_15b,257,msc_valid,8,longllmlingua,0.2,21,3.0952380952380953,65.0,2.9285714285714284,61.5,0.16666666666666696,3.5
qwen25_15b,257,msc_valid,8,recency,0.2,21,3.619047619047619,76.0,2.9285714285714284,61.5,0.6904761904761907,14.5
qwen25_15b,257,msc_valid,8,lexical_tfidf,0.2,21,3.357142857142857,70.5,2.9285714285714284,61.5,0.4285714285714288,9.0
qwen25_15b,257,msc_valid,8,recency_keep_compress_drop,0.2,21,3.357142857142857,70.5,2.9285714285714284,61.5,0.4285714285714288,9.0
qwen25_15b,257,msc_valid,8,uniform,0.35,21,3.380952380952381,71.0,2.9285714285714284,61.5,0.45238095238095255,9.5
qwen25_15b,257,msc_valid,8,longllmlingua,0.35,21,3.0952380952380953,65.0,2.9285714285714284,61.5,0.16666666666666696,3.5
qwen25_15b,257,msc_valid,8,recency,0.35,21,3.357142857142857,70.5,2.9285714285714284,61.5,0.4285714285714288,9.0
qwen25_15b,257,msc_valid,8,lexical_tfidf,0.35,21,3.1666666666666665,66.5,2.9285714285714284,61.5,0.23809523809523814,5.0
qwen25_15b,257,msc_valid,8,recency_keep_compress_drop,0.35,21,3.1904761904761907,67.0,2.9285714285714284,61.5,0.2619047619047623,5.5
qwen25_15b,257,msc_valid,8,uniform,0.5,21,3.380952380952381,71.0,2.9285714285714284,61.5,0.45238095238095255,9.5
qwen25_15b,257,msc_valid,8,longllmlingua,0.5,21,3.0476190476190474,64.0,2.9285714285714284,61.5,0.11904761904761907,2.5
qwen25_15b,257,msc_valid,8,recency,0.5,21,3.261904761904762,68.5,2.9285714285714284,61.5,0.3333333333333335,7.0
qwen25_15b,257,msc_valid,8,lexical_tfidf,0.5,21,3.0238095238095237,63.5,2.9285714285714284,61.5,0.09523809523809534,2.0
qwen25_15b,257,msc_valid,8,recency_keep_compress_drop,0.5,21,3.0238095238095237,63.5,2.9285714285714284,61.5,0.09523809523809534,2.0
qwen25_15b,257,msc_valid,10,uniform,0.2,13,5.076923076923077,66.0,4.480769230769231,58.25,0.5961538461538458,7.75
qwen25_15b,257,msc_valid,10,longllmlingua,0.2,13,4.8076923076923075,62.5,4.480769230769231,58.25,0.32692307692307665,4.25
qwen25_15b,257,msc_valid,10,recency,0.2,13,5.115384615384615,66.5,4.480769230769231,58.25,0.6346153846153841,8.25
qwen25_15b,257,msc_valid,10,lexical_tfidf,0.2,13,5.115384615384615,66.5,4.480769230769231,58.25,0.6346153846153841,8.25
qwen25_15b,257,msc_valid,10,recency_keep_compress_drop,0.2,13,5.115384615384615,66.5,4.480769230769231,58.25,0.6346153846153841,8.25
qwen25_15b,257,msc_valid,10,uniform,0.35,13,5.153846153846154,67.0,4.480769230769231,58.25,0.6730769230769234,8.75
qwen25_15b,257,msc_valid,10,longllmlingua,0.35,13,4.653846153846154,60.5,4.480769230769231,58.25,0.17307692307692335,2.25
qwen25_15b,257,msc_valid,10,recency,0.35,13,5.038461538461538,65.5,4.480769230769231,58.25,0.5576923076923075,7.25
qwen25_15b,257,msc_valid,10,lexical_tfidf,0.35,13,5.1923076923076925,67.5,4.480769230769231,58.25,0.7115384615384617,9.25
qwen25_15b,257,msc_valid,10,recency_keep_compress_drop,0.35,13,4.961538461538462,64.5,4.480769230769231,58.25,0.48076923076923084,6.25
qwen25_15b,257,msc_valid,10,uniform,0.5,13,5.115384615384615,66.5,4.480769230769231,58.25,0.6346153846153841,8.25
qwen25_15b,257,msc_valid,10,longllmlingua,0.5,13,4.6923076923076925,61.0,4.480769230769231,58.25,0.21153846153846168,2.75
qwen25_15b,257,msc_valid,10,recency,0.5,13,4.865384615384615,63.25,4.480769230769231,58.25,0.38461538461538414,5.0
qwen25_15b,257,msc_valid,10,lexical_tfidf,0.5,13,5.115384615384615,66.5,4.480769230769231,58.25,0.6346153846153841,8.25
qwen25_15b,257,msc_valid,10,recency_keep_compress_drop,0.5,13,4.865384615384615,63.25,4.480769230769231,58.25,0.38461538461538414,5.0
qwen25_15b,257,msc_valid,12,uniform,0.2,13,4.538461538461538,59.0,3.4038461538461537,44.25,1.1346153846153846,14.75
qwen25_15b,257,msc_valid,12,longllmlingua,0.2,13,3.6346153846153846,47.25,3.4038461538461537,44.25,0.23076923076923084,3.0
qwen25_15b,257,msc_valid,12,recency,0.2,13,4.653846153846154,60.5,3.4038461538461537,44.25,1.2500000000000004,16.25
qwen25_15b,257,msc_valid,12,lexical_tfidf,0.2,13,4.211538461538462,54.75,3.4038461538461537,44.25,0.8076923076923079,10.5
qwen25_15b,257,msc_valid,12,recency_keep_compress_drop,0.2,13,4.519230769230769,58.75,3.4038461538461537,44.25,1.1153846153846154,14.5
qwen25_15b,257,msc_valid,12,uniform,0.35,13,3.7884615384615383,49.25,3.4038461538461537,44.25,0.3846153846153846,5.0
qwen25_15b,257,msc_valid,12,longllmlingua,0.35,13,3.9038461538461537,50.75,3.4038461538461537,44.25,0.5,6.5
qwen25_15b,257,msc_valid,12,recency,0.35,13,4.403846153846154,57.25,3.4038461538461537,44.25,1.0000000000000004,13.0
qwen25_15b,257,msc_valid,12,lexical_tfidf,0.35,13,3.7115384615384617,48.25,3.4038461538461537,44.25,0.30769230769230793,4.0
qwen25_15b,257,msc_valid,12,recency_keep_compress_drop,0.35,13,4.346153846153846,56.5,3.4038461538461537,44.25,0.9423076923076921,12.25
qwen25_15b,257,msc_valid,12,uniform,0.5,13,3.423076923076923,44.5,3.4038461538461537,44.25,0.019230769230769162,0.25
qwen25_15b,257,msc_valid,12,longllmlingua,0.5,13,4.0576923076923075,52.75,3.4038461538461537,44.25,0.6538461538461537,8.5
qwen25_15b,257,msc_valid,12,recency,0.5,13,4.326923076923077,56.25,3.4038461538461537,44.25,0.9230769230769229,12.0
qwen25_15b,257,msc_valid,12,lexical_tfidf,0.5,13,4.096153846153846,53.25,3.4038461538461537,44.25,0.6923076923076921,9.0
qwen25_15b,257,msc_valid,12,recency_keep_compress_drop,0.5,13,3.769230769230769,49.0,3.4038461538461537,44.25,0.3653846153846154,4.75
qwen25_15b,257,msc_valid,14,uniform,0.2,17,4.205882352941177,71.5,3.4411764705882355,58.5,0.7647058823529411,13.0
qwen25_15b,257,msc_valid,14,longllmlingua,0.2,17,4.235294117647059,72.0,3.4411764705882355,58.5,0.7941176470588234,13.5
qwen25_15b,257,msc_valid,14,recency,0.2,17,3.9705882352941178,67.5,3.4411764705882355,58.5,0.5294117647058822,9.0
qwen25_15b,257,msc_valid,14,lexical_tfidf,0.2,17,4.088235294117647,69.5,3.4411764705882355,58.5,0.6470588235294112,11.0
qwen25_15b,257,msc_valid,14,recency_keep_compress_drop,0.2,17,3.9705882352941178,67.5,3.4411764705882355,58.5,0.5294117647058822,9.0
qwen25_15b,257,msc_valid,14,uniform,0.35,17,4.205882352941177,71.5,3.4411764705882355,58.5,0.7647058823529411,13.0
qwen25_15b,257,msc_valid,14,longllmlingua,0.35,17,4.147058823529412,70.5,3.4411764705882355,58.5,0.7058823529411766,12.0
qwen25_15b,257,msc_valid,14,recency,0.35,17,4.029411764705882,68.5,3.4411764705882355,58.5,0.5882352941176467,10.0
qwen25_15b,257,msc_valid,14,lexical_tfidf,0.35,17,4.147058823529412,70.5,3.4411764705882355,58.5,0.7058823529411766,12.0
qwen25_15b,257,msc_valid,14,recency_keep_compress_drop,0.35,17,3.9705882352941178,67.5,3.4411764705882355,58.5,0.5294117647058822,9.0
qwen25_15b,257,msc_valid,14,uniform,0.5,17,3.823529411764706,65.0,3.4411764705882355,58.5,0.38235294117647056,6.5
qwen25_15b,257,msc_valid,14,longllmlingua,0.5,17,3.9705882352941178,67.5,3.4411764705882355,58.5,0.5294117647058822,9.0
qwen25_15b,257,msc_valid,14,recency,0.5,17,3.7941176470588234,64.5,3.4411764705882355,58.5,0.35294117647058787,6.0
qwen25_15b,257,msc_valid,14,lexical_tfidf,0.5,17,3.911764705882353,66.5,3.4411764705882355,58.5,0.4705882352941173,8.0
qwen25_15b,257,msc_valid,14,recency_keep_compress_drop,0.5,17,3.661764705882353,62.25,3.4411764705882355,58.5,0.2205882352941173,3.75
qwen25_15b,276,msc_valid,4,uniform,0.2,11,5.386363636363637,59.25,5.045454545454546,55.5,0.34090909090909083,3.75
qwen25_15b,276,msc_valid,4,longllmlingua,0.2,11,4.9772727272727275,54.75,5.045454545454546,55.5,-0.06818181818181834,-0.75
qwen25_15b,276,msc_valid,4,recency,0.2,11,5.386363636363637,59.25,5.045454545454546,55.5,0.34090909090909083,3.75
qwen25_15b,276,msc_valid,4,lexical_tfidf,0.2,11,5.386363636363637,59.25,5.045454545454546,55.5,0.34090909090909083,3.75
qwen25_15b,276,msc_valid,4,recency_keep_compress_drop,0.2,11,5.386363636363637,59.25,5.045454545454546,55.5,0.34090909090909083,3.75
qwen25_15b,276,msc_valid,4,uniform,0.35,11,5.159090909090909,56.75,5.045454545454546,55.5,0.11363636363636331,1.25
qwen25_15b,276,msc_valid,4,longllmlingua,0.35,11,5.090909090909091,56.0,5.045454545454546,55.5,0.04545454545454497,0.5
qwen25_15b,276,msc_valid,4,recency,0.35,11,5.159090909090909,56.75,5.045454545454546,55.5,0.11363636363636331,1.25
qwen25_15b,276,msc_valid,4,lexical_tfidf,0.35,11,5.159090909090909,56.75,5.045454545454546,55.5,0.11363636363636331,1.25
qwen25_15b,276,msc_valid,4,recency_keep_compress_drop,0.35,11,5.159090909090909,56.75,5.045454545454546,55.5,0.11363636363636331,1.25
qwen25_15b,276,msc_valid,4,uniform,0.5,11,5.159090909090909,56.75,5.045454545454546,55.5,0.11363636363636331,1.25
qwen25_15b,276,msc_valid,4,longllmlingua,0.5,11,5.090909090909091,56.0,5.045454545454546,55.5,0.04545454545454497,0.5
qwen25_15b,276,msc_valid,4,recency,0.5,11,5.159090909090909,56.75,5.045454545454546,55.5,0.11363636363636331,1.25
qwen25_15b,276,msc_valid,4,lexical_tfidf,0.5,11,5.159090909090909,56.75,5.045454545454546,55.5,0.11363636363636331,1.25
qwen25_15b,276,msc_valid,4,recency_keep_compress_drop,0.5,11,5.159090909090909,56.75,5.045454545454546,55.5,0.11363636363636331,1.25
qwen25_15b,276,msc_valid,8,uniform,0.2,11,5.0,55.0,4.363636363636363,48.0,0.6363636363636367,7.0
qwen25_15b,276,msc_valid,8,longllmlingua,0.2,11,4.886363636363637,53.75,4.363636363636363,48.0,0.5227272727272734,5.75
qwen25_15b,276,msc_valid,8,recency,0.2,11,5.25,57.75,4.363636363636363,48.0,0.8863636363636367,9.75
qwen25_15b,276,msc_valid,8,lexical_tfidf,0.2,11,5.204545454545454,57.25,4.363636363636363,48.0,0.8409090909090908,9.25
qwen25_15b,276,msc_valid,8,recency_keep_compress_drop,0.2,11,5.25,57.75,4.363636363636363,48.0,0.8863636363636367,9.75
qwen25_15b,276,msc_valid,8,uniform,0.35,11,5.113636363636363,56.25,4.363636363636363,48.0,0.75,8.25
qwen25_15b,276,msc_valid,8,longllmlingua,0.35,11,4.909090909090909,54.0,4.363636363636363,48.0,0.5454545454545459,6.0
qwen25_15b,276,msc_valid,8,recency,0.35,11,4.886363636363637,53.75,4.363636363636363,48.0,0.5227272727272734,5.75
qwen25_15b,276,msc_valid,8,lexical_tfidf,0.35,11,4.886363636363637,53.75,4.363636363636363,48.0,0.5227272727272734,5.75
qwen25_15b,276,msc_valid,8,recency_keep_compress_drop,0.35,11,4.886363636363637,53.75,4.363636363636363,48.0,0.5227272727272734,5.75
qwen25_15b,276,msc_valid,8,uniform,0.5,11,4.7727272727272725,52.5,4.363636363636363,48.0,0.40909090909090917,4.5
qwen25_15b,276,msc_valid,8,longllmlingua,0.5,11,5.0227272727272725,55.25,4.363636363636363,48.0,0.6590909090909092,7.25
qwen25_15b,276,msc_valid,8,recency,0.5,11,4.590909090909091,50.5,4.363636363636363,48.0,0.22727272727272751,2.5
qwen25_15b,276,msc_valid,8,lexical_tfidf,0.5,11,4.909090909090909,54.0,4.363636363636363,48.0,0.5454545454545459,6.0
qwen25_15b,276,msc_valid,8,recency_keep_compress_drop,0.5,11,4.886363636363637,53.75,4.363636363636363,48.0,0.5227272727272734,5.75
qwen25_15b,276,msc_valid,12,uniform,0.2,20,4.25,85.0,3.6,72.0,0.6499999999999999,13.0
qwen25_15b,276,msc_valid,12,longllmlingua,0.2,20,3.725,74.5,3.6,72.0,0.125,2.5
qwen25_15b,276,msc_valid,12,recency,0.2,20,4.075,81.5,3.6,72.0,0.4750000000000001,9.5
qwen25_15b,276,msc_valid,12,lexical_tfidf,0.2,20,4.3,86.0,3.6,72.0,0.6999999999999997,14.0
qwen25_15b,276,msc_valid,12,recency_keep_compress_drop,0.2,20,4.075,81.5,3.6,72.0,0.4750000000000001,9.5
qwen25_15b,276,msc_valid,12,uniform,0.35,20,3.7,74.0,3.6,72.0,0.10000000000000009,2.0
qwen25_15b,276,msc_valid,12,longllmlingua,0.35,20,3.725,74.5,3.6,72.0,0.125,2.5
qwen25_15b,276,msc_valid,12,recency,0.35,20,4.025,80.5,3.6,72.0,0.42500000000000027,8.5
qwen25_15b,276,msc_valid,12,lexical_tfidf,0.35,20,3.7,74.0,3.6,72.0,0.10000000000000009,2.0
qwen25_15b,276,msc_valid,12,recency_keep_compress_drop,0.35,20,4.0,80.0,3.6,72.0,0.3999999999999999,8.0
qwen25_15b,276,msc_valid,12,uniform,0.5,20,3.625,72.5,3.6,72.0,0.02499999999999991,0.5
qwen25_15b,276,msc_valid,12,longllmlingua,0.5,20,3.85,77.0,3.6,72.0,0.25,5.0
qwen25_15b,276,msc_valid,12,recency,0.5,20,4.125,82.5,3.6,72.0,0.5249999999999999,10.5
qwen25_15b,276,msc_valid,12,lexical_tfidf,0.5,20,3.7,74.0,3.6,72.0,0.10000000000000009,2.0
qwen25_15b,276,msc_valid,12,recency_keep_compress_drop,0.5,20,3.725,74.5,3.6,72.0,0.125,2.5
qwen25_15b,276,msc_valid,16,uniform,0.2,24,2.875,69.0,2.75,66.0,0.125,3.0
qwen25_15b,276,msc_valid,16,longllmlingua,0.2,24,2.7083333333333335,65.0,2.75,66.0,-0.04166666666666652,-1.0
qwen25_15b,276,msc_valid,16,recency,0.2,24,2.75,66.0,2.75,66.0,0.0,0.0
qwen25_15b,276,msc_valid,16,lexical_tfidf,0.2,24,2.8125,67.5,2.75,66.0,0.0625,1.5
qwen25_15b,276,msc_valid,16,recency_keep_compress_drop,0.2,24,2.7708333333333335,66.5,2.75,66.0,0.02083333333333348,0.5
qwen25_15b,276,msc_valid,16,uniform,0.35,24,2.75,66.0,2.75,66.0,0.0,0.0
qwen25_15b,276,msc_valid,16,longllmlingua,0.35,24,2.7291666666666665,65.5,2.75,66.0,-0.02083333333333348,-0.5
qwen25_15b,276,msc_valid,16,recency,0.35,24,2.6875,64.5,2.75,66.0,-0.0625,-1.5
qwen25_15b,276,msc_valid,16,lexical_tfidf,0.35,24,2.8333333333333335,68.0,2.75,66.0,0.08333333333333348,2.0
qwen25_15b,276,msc_valid,16,recency_keep_compress_drop,0.35,24,2.6875,64.5,2.75,66.0,-0.0625,-1.5
qwen25_15b,276,msc_valid,16,uniform,0.5,24,2.8125,67.5,2.75,66.0,0.0625,1.5
qwen25_15b,276,msc_valid,16,longllmlingua,0.5,24,2.7708333333333335,66.5,2.75,66.0,0.02083333333333348,0.5
qwen25_15b,276,msc_valid,16,recency,0.5,24,2.75,66.0,2.75,66.0,0.0,0.0
qwen25_15b,276,msc_valid,16,lexical_tfidf,0.5,24,2.7916666666666665,67.0,2.75,66.0,0.04166666666666652,1.0
qwen25_15b,276,msc_valid,16,recency_keep_compress_drop,0.5,24,2.6354166666666665,63.25,2.75,66.0,-0.11458333333333348,-2.75
qwen25_15b,276,msc_valid,18,uniform,0.2,35,3.2285714285714286,113.0,3.5,122.5,-0.27142857142857135,-9.5
qwen25_15b,276,msc_valid,18,longllmlingua,0.2,35,3.3142857142857145,116.0,3.5,122.5,-0.1857142857142855,-6.5
qwen25_15b,276,msc_valid,18,recency,0.2,35,3.3142857142857145,116.0,3.5,122.5,-0.1857142857142855,-6.5
qwen25_15b,276,msc_valid,18,lexical_tfidf,0.2,35,3.3857142857142857,118.5,3.5,122.5,-0.11428571428571432,-4.0
qwen25_15b,276,msc_valid,18,recency_keep_compress_drop,0.2,35,3.3,115.5,3.5,122.5,-0.20000000000000018,-7.0
qwen25_15b,276,msc_valid,18,uniform,0.35,35,3.1714285714285713,111.0,3.5,122.5,-0.32857142857142874,-11.5
qwen25_15b,276,msc_valid,18,longllmlingua,0.35,35,3.5,122.5,3.5,122.5,0.0,0.0
qwen25_15b,276,msc_valid,18,recency,0.35,35,2.914285714285714,102.0,3.5,122.5,-0.5857142857142859,-20.5
qwen25_15b,276,msc_valid,18,lexical_tfidf,0.35,35,3.442857142857143,120.5,3.5,122.5,-0.05714285714285694,-2.0
qwen25_15b,276,msc_valid,18,recency_keep_compress_drop,0.35,35,3.2285714285714286,113.0,3.5,122.5,-0.27142857142857135,-9.5
qwen25_15b,276,msc_valid,18,uniform,0.5,35,3.4285714285714284,120.0,3.5,122.5,-0.07142857142857162,-2.5
qwen25_15b,276,msc_valid,18,longllmlingua,0.5,35,3.585714285714286,125.5,3.5,122.5,0.08571428571428585,3.0
qwen25_15b,276,msc_valid,18,recency,0.5,35,3.0285714285714285,106.0,3.5,122.5,-0.47142857142857153,-16.5
qwen25_15b,276,msc_valid,18,lexical_tfidf,0.5,35,3.3714285714285714,118.0,3.5,122.5,-0.12857142857142856,-4.5
qwen25_15b,276,msc_valid,18,recency_keep_compress_drop,0.5,35,3.157142857142857,110.5,3.5,122.5,-0.34285714285714297,-12.0
qwen25_15b,276,msc_valid,22,uniform,0.2,37,2.72972972972973,101.0,2.5675675675675675,95.0,0.16216216216216228,6.0
qwen25_15b,276,msc_valid,22,longllmlingua,0.2,37,2.675675675675676,99.0,2.5675675675675675,95.0,0.10810810810810834,4.0
qwen25_15b,276,msc_valid,22,recency,0.2,37,2.72972972972973,101.0,2.5675675675675675,95.0,0.16216216216216228,6.0
qwen25_15b,276,msc_valid,22,lexical_tfidf,0.2,37,2.7027027027027026,100.0,2.5675675675675675,95.0,0.1351351351351351,5.0
qwen25_15b,276,msc_valid,22,recency_keep_compress_drop,0.2,37,2.635135135135135,97.5,2.5675675675675675,95.0,0.06756756756756754,2.5
qwen25_15b,276,msc_valid,22,uniform,0.35,37,2.72972972972973,101.0,2.5675675675675675,95.0,0.16216216216216228,6.0
qwen25_15b,276,msc_valid,22,longllmlingua,0.35,37,2.689189189189189,99.5,2.5675675675675675,95.0,0.12162162162162149,4.5
qwen25_15b,276,msc_valid,22,recency,0.35,37,2.675675675675676,99.0,2.5675675675675675,95.0,0.10810810810810834,4.0
qwen25_15b,276,msc_valid,22,lexical_tfidf,0.35,37,2.7567567567567566,102.0,2.5675675675675675,95.0,0.18918918918918903,7.0
qwen25_15b,276,msc_valid,22,recency_keep_compress_drop,0.35,37,2.5,92.5,2.5675675675675675,95.0,-0.06756756756756754,-2.5
qwen25_15b,276,msc_valid,22,uniform,0.5,37,2.824324324324324,104.5,2.5675675675675675,95.0,0.2567567567567566,9.5
qwen25_15b,276,msc_valid,22,longllmlingua,0.5,37,2.6621621621621623,98.5,2.5675675675675675,95.0,0.09459459459459474,3.5
qwen25_15b,276,msc_valid,22,recency,0.5,37,2.6621621621621623,98.5,2.5675675675675675,95.0,0.09459459459459474,3.5
qwen25_15b,276,msc_valid,22,lexical_tfidf,0.5,37,2.7432432432432434,101.5,2.5675675675675675,95.0,0.17567567567567588,6.5
qwen25_15b,276,msc_valid,22,recency_keep_compress_drop,0.5,37,2.527027027027027,93.5,2.5675675675675675,95.0,-0.04054054054054035,-1.5
qwen25_15b,276,msc_valid,26,uniform,0.2,27,3.3703703703703702,91.0,2.814814814814815,76.0,0.5555555555555554,15.0
qwen25_15b,276,msc_valid,26,longllmlingua,0.2,27,3.1481481481481484,85.0,2.814814814814815,76.0,0.3333333333333335,9.0
qwen25_15b,276,msc_valid,26,recency,0.2,27,3.425925925925926,92.5,2.814814814814815,76.0,0.6111111111111112,16.5
qwen25_15b,276,msc_valid,26,lexical_tfidf,0.2,27,3.2037037037037037,86.5,2.814814814814815,76.0,0.38888888888888884,10.5
qwen25_15b,276,msc_valid,26,recency_keep_compress_drop,0.2,27,3.1481481481481484,85.0,2.814814814814815,76.0,0.3333333333333335,9.0
qwen25_15b,276,msc_valid,26,uniform,0.35,27,3.4444444444444446,93.0,2.814814814814815,76.0,0.6296296296296298,17.0
qwen25_15b,276,msc_valid,26,longllmlingua,0.35,27,3.0925925925925926,83.5,2.814814814814815,76.0,0.2777777777777777,7.5
qwen25_15b,276,msc_valid,26,recency,0.35,27,3.0925925925925926,83.5,2.814814814814815,76.0,0.2777777777777777,7.5
qwen25_15b,276,msc_valid,26,lexical_tfidf,0.35,27,3.2222222222222223,87.0,2.814814814814815,76.0,0.40740740740740744,11.0
qwen25_15b,276,msc_valid,26,recency_keep_compress_drop,0.35,27,2.888888888888889,78.0,2.814814814814815,76.0,0.07407407407407396,2.0
qwen25_15b,276,msc_valid,26,uniform,0.5,27,3.425925925925926,92.5,2.814814814814815,76.0,0.6111111111111112,16.5
qwen25_15b,276,msc_valid,26,longllmlingua,0.5,27,3.037037037037037,82.0,2.814814814814815,76.0,0.22222222222222232,6.0
qwen25_15b,276,msc_valid,26,recency,0.5,27,2.7962962962962963,75.5,2.814814814814815,76.0,-0.0185185185185186,-0.5
qwen25_15b,276,msc_valid,26,lexical_tfidf,0.5,27,2.925925925925926,79.0,2.814814814814815,76.0,0.11111111111111116,3.0
qwen25_15b,276,msc_valid,26,recency_keep_compress_drop,0.5,27,2.8703703703703702,77.5,2.814814814814815,76.0,0.05555555555555536,1.5
qwen25_15b,276,msc_valid,30,uniform,0.2,34,3.1911764705882355,108.5,2.8970588235294117,98.5,0.2941176470588238,10.0
qwen25_15b,276,msc_valid,30,longllmlingua,0.2,34,3.1176470588235294,106.0,2.8970588235294117,98.5,0.22058823529411775,7.5
qwen25_15b,276,msc_valid,30,recency,0.2,34,3.073529411764706,104.5,2.8970588235294117,98.5,0.17647058823529438,6.0
qwen25_15b,276,msc_valid,30,lexical_tfidf,0.2,34,3.0441176470588234,103.5,2.8970588235294117,98.5,0.1470588235294117,5.0
qwen25_15b,276,msc_valid,30,recency_keep_compress_drop,0.2,34,3.0588235294117645,104.0,2.8970588235294117,98.5,0.1617647058823528,5.5
qwen25_15b,276,msc_valid,30,uniform,0.35,34,3.1029411764705883,105.5,2.8970588235294117,98.5,0.20588235294117663,7.0
qwen25_15b,276,msc_valid,30,longllmlingua,0.35,34,3.1323529411764706,106.5,2.8970588235294117,98.5,0.23529411764705888,8.0
qwen25_15b,276,msc_valid,30,recency,0.35,34,2.9705882352941178,101.0,2.8970588235294117,98.5,0.07352941176470607,2.5
qwen25_15b,276,msc_valid,30,lexical_tfidf,0.35,34,3.0,102.0,2.8970588235294117,98.5,0.10294117647058831,3.5
qwen25_15b,276,msc_valid,30,recency_keep_compress_drop,0.35,34,2.985294117647059,101.5,2.8970588235294117,98.5,0.08823529411764719,3.0
qwen25_15b,276,msc_valid,30,uniform,0.5,34,3.014705882352941,102.5,2.8970588235294117,98.5,0.11764705882352944,4.0
qwen25_15b,276,msc_valid,30,longllmlingua,0.5,34,3.088235294117647,105.0,2.8970588235294117,98.5,0.1911764705882355,6.5
qwen25_15b,276,msc_valid,30,recency,0.5,34,2.911764705882353,99.0,2.8970588235294117,98.5,0.014705882352941124,0.5
qwen25_15b,276,msc_valid,30,lexical_tfidf,0.5,34,2.9705882352941178,101.0,2.8970588235294117,98.5,0.07352941176470607,2.5
qwen25_15b,276,msc_valid,30,recency_keep_compress_drop,0.5,34,2.926470588235294,99.5,2.8970588235294117,98.5,0.02941176470588225,1.0
qwen25_15b,276,msc_valid,34,uniform,0.2,76,3.5,266.0,3.5625,171.0,-0.0625,95.0
qwen25_15b,276,msc_valid,34,longllmlingua,0.2,76,3.4473684210526314,262.0,3.5625,171.0,-0.11513157894736858,91.0
qwen25_15b,276,msc_valid,34,recency,0.2,76,3.5,266.0,3.5625,171.0,-0.0625,95.0
qwen25_15b,276,msc_valid,34,lexical_tfidf,0.2,76,3.5,266.0,3.5625,171.0,-0.0625,95.0
qwen25_15b,276,msc_valid,34,recency_keep_compress_drop,0.2,76,3.5,266.0,3.5625,171.0,-0.0625,95.0
qwen25_15b,276,msc_valid,34,uniform,0.35,76,3.5,266.0,3.5625,171.0,-0.0625,95.0
qwen25_15b,276,msc_valid,34,longllmlingua,0.35,76,3.4473684210526314,262.0,3.5625,171.0,-0.11513157894736858,91.0
qwen25_15b,276,msc_valid,34,recency,0.35,76,3.473684210526316,264.0,3.5625,171.0,-0.08881578947368407,93.0
qwen25_15b,276,msc_valid,34,lexical_tfidf,0.35,76,3.473684210526316,264.0,3.5625,171.0,-0.08881578947368407,93.0
qwen25_15b,276,msc_valid,34,recency_keep_compress_drop,0.35,76,3.5,266.0,3.5625,171.0,-0.0625,95.0
qwen25_15b,276,msc_valid,34,uniform,0.5,76,3.473684210526316,264.0,3.5625,171.0,-0.08881578947368407,93.0
qwen25_15b,276,msc_valid,34,longllmlingua,0.5,76,3.4210526315789473,260.0,3.5625,171.0,-0.14144736842105265,89.0
qwen25_15b,276,msc_valid,34,recency,0.5,76,3.4473684210526314,262.0,3.5625,171.0,-0.11513157894736858,91.0
qwen25_15b,276,msc_valid,34,lexical_tfidf,0.5,76,3.473684210526316,264.0,3.5625,171.0,-0.08881578947368407,93.0
qwen25_15b,276,msc_valid,34,recency_keep_compress_drop,0.5,76,3.473684210526316,264.0,3.5625,171.0,-0.08881578947368407,93.0
qwen25_15b,276,msc_valid,38,uniform,0.2,39,2.448717948717949,95.5,0.0,0.0,2.448717948717949,95.5
qwen25_15b,276,msc_valid,38,longllmlingua,0.2,39,2.371794871794872,92.5,0.0,0.0,2.371794871794872,92.5
qwen25_15b,276,msc_valid,38,recency,0.2,39,2.3974358974358974,93.5,0.0,0.0,2.3974358974358974,93.5
qwen25_15b,276,msc_valid,38,lexical_tfidf,0.2,39,2.2435897435897436,87.5,0.0,0.0,2.2435897435897436,87.5
qwen25_15b,276,msc_valid,38,recency_keep_compress_drop,0.2,39,2.3974358974358974,93.5,0.0,0.0,2.3974358974358974,93.5
qwen25_15b,276,msc_valid,38,uniform,0.35,39,2.5,97.5,0.0,0.0,2.5,97.5
qwen25_15b,276,msc_valid,38,longllmlingua,0.35,39,2.1923076923076925,85.5,0.0,0.0,2.1923076923076925,85.5
qwen25_15b,276,msc_valid,38,recency,0.35,39,2.41025641025641,94.0,0.0,0.0,2.41025641025641,94.0
qwen25_15b,276,msc_valid,38,lexical_tfidf,0.35,39,2.2435897435897436,87.5,0.0,0.0,2.2435897435897436,87.5
qwen25_15b,276,msc_valid,38,recency_keep_compress_drop,0.35,39,2.1923076923076925,85.5,0.0,0.0,2.1923076923076925,85.5
qwen25_15b,276,msc_valid,38,uniform,0.5,39,2.3076923076923075,90.0,0.0,0.0,2.3076923076923075,90.0
qwen25_15b,276,msc_valid,38,longllmlingua,0.5,39,2.2051282051282053,86.0,0.0,0.0,2.2051282051282053,86.0
qwen25_15b,276,msc_valid,38,recency,0.5,39,2.1538461538461537,84.0,0.0,0.0,2.1538461538461537,84.0
qwen25_15b,276,msc_valid,38,lexical_tfidf,0.5,39,2.1923076923076925,85.5,0.0,0.0,2.1923076923076925,85.5
qwen25_15b,276,msc_valid,38,recency_keep_compress_drop,0.5,39,2.1538461538461537,84.0,0.0,0.0,2.1538461538461537,84.0
qwen25_15b,276,msc_valid,42,uniform,0.2,75,3.1333333333333333,235.0,0.0,0.0,3.1333333333333333,235.0
qwen25_15b,276,msc_valid,42,longllmlingua,0.2,75,3.066666666666667,230.0,0.0,0.0,3.066666666666667,230.0
qwen25_15b,276,msc_valid,42,recency,0.2,75,3.066666666666667,230.0,0.0,0.0,3.066666666666667,230.0
qwen25_15b,276,msc_valid,42,lexical_tfidf,0.2,75,3.0933333333333333,232.0,0.0,0.0,3.0933333333333333,232.0
qwen25_15b,276,msc_valid,42,recency_keep_compress_drop,0.2,75,3.0933333333333333,232.0,0.0,0.0,3.0933333333333333,232.0
qwen25_15b,276,msc_valid,42,uniform,0.35,75,3.1866666666666665,239.0,0.0,0.0,3.1866666666666665,239.0
qwen25_15b,276,msc_valid,42,longllmlingua,0.35,75,3.0933333333333333,232.0,0.0,0.0,3.0933333333333333,232.0
qwen25_15b,276,msc_valid,42,recency,0.35,75,3.04,228.0,0.0,0.0,3.04,228.0
qwen25_15b,276,msc_valid,42,lexical_tfidf,0.35,75,3.0933333333333333,232.0,0.0,0.0,3.0933333333333333,232.0
qwen25_15b,276,msc_valid,42,recency_keep_compress_drop,0.35,75,3.1066666666666665,233.0,0.0,0.0,3.1066666666666665,233.0
qwen25_15b,276,msc_valid,42,uniform,0.5,75,3.08,231.0,0.0,0.0,3.08,231.0
qwen25_15b,276,msc_valid,42,longllmlingua,0.5,75,3.1466666666666665,236.0,0.0,0.0,3.1466666666666665,236.0
qwen25_15b,276,msc_valid,42,recency,0.5,75,3.0533333333333332,229.0,0.0,0.0,3.0533333333333332,229.0
qwen25_15b,276,msc_valid,42,lexical_tfidf,0.5,75,3.04,228.0,0.0,0.0,3.04,228.0
qwen25_15b,276,msc_valid,42,recency_keep_compress_drop,0.5,75,3.04,228.0,0.0,0.0,3.04,228.0
qwen25_15b,276,msc_valid,46,uniform,0.2,44,2.4431818181818183,107.5,0.0,0.0,2.4431818181818183,107.5
qwen25_15b,276,msc_valid,46,longllmlingua,0.2,44,2.2613636363636362,99.5,0.0,0.0,2.2613636363636362,99.5
qwen25_15b,276,msc_valid,46,recency,0.2,44,2.227272727272727,98.0,0.0,0.0,2.227272727272727,98.0
qwen25_15b,276,msc_valid,46,lexical_tfidf,0.2,44,2.227272727272727,98.0,0.0,0.0,2.227272727272727,98.0
qwen25_15b,276,msc_valid,46,recency_keep_compress_drop,0.2,44,2.227272727272727,98.0,0.0,0.0,2.227272727272727,98.0
qwen25_15b,276,msc_valid,46,uniform,0.35,44,2.4204545454545454,106.5,0.0,0.0,2.4204545454545454,106.5
qwen25_15b,276,msc_valid,46,longllmlingua,0.35,44,2.227272727272727,98.0,0.0,0.0,2.227272727272727,98.0
qwen25_15b,276,msc_valid,46,recency,0.35,44,2.1818181818181817,96.0,0.0,0.0,2.1818181818181817,96.0
qwen25_15b,276,msc_valid,46,lexical_tfidf,0.35,44,2.227272727272727,98.0,0.0,0.0,2.227272727272727,98.0
qwen25_15b,276,msc_valid,46,recency_keep_compress_drop,0.35,44,2.215909090909091,97.5,0.0,0.0,2.215909090909091,97.5
qwen25_15b,276,msc_valid,46,uniform,0.5,44,2.375,104.5,0.0,0.0,2.375,104.5
qwen25_15b,276,msc_valid,46,longllmlingua,0.5,44,2.159090909090909,95.0,0.0,0.0,2.159090909090909,95.0
qwen25_15b,276,msc_valid,46,recency,0.5,13,2.519230769230769,32.75,0.0,0.0,2.519230769230769,32.75
qwen25_15b,276,msc_valid,46,lexical_tfidf,0.5,13,2.6153846153846154,34.0,0.0,0.0,2.6153846153846154,34.0
qwen25_15b,276,msc_valid,46,recency_keep_compress_drop,0.5,1,2.203125,2.203125,0.0,0.0,2.203125,2.203125
qwen25_15b,276,msc_valid,48,uniform,0.2,74,2.8378378378378377,210.0,0.0,0.0,2.8378378378378377,210.0
qwen25_15b,276,msc_valid,48,longllmlingua,0.2,74,2.5405405405405403,188.0,0.0,0.0,2.5405405405405403,188.0
qwen25_15b,276,msc_valid,48,recency,0.2,74,2.6486486486486487,196.0,0.0,0.0,2.6486486486486487,196.0
qwen25_15b,276,msc_valid,48,lexical_tfidf,0.2,74,2.689189189189189,199.0,0.0,0.0,2.689189189189189,199.0
qwen25_15b,276,msc_valid,48,recency_keep_compress_drop,0.2,74,2.635135135135135,195.0,0.0,0.0,2.635135135135135,195.0
qwen25_15b,276,msc_valid,48,uniform,0.35,74,2.824324324324324,209.0,0.0,0.0,2.824324324324324,209.0
qwen25_15b,276,msc_valid,48,longllmlingua,0.35,74,2.527027027027027,187.0,0.0,0.0,2.527027027027027,187.0
qwen25_15b,276,msc_valid,48,recency,0.35,74,2.4864864864864864,184.0,0.0,0.0,2.4864864864864864,184.0
qwen25_15b,276,msc_valid,48,lexical_tfidf,0.35,74,2.527027027027027,187.0,0.0,0.0,2.527027027027027,187.0
qwen25_15b,276,msc_valid,48,recency_keep_compress_drop,0.35,74,2.391891891891892,177.0,0.0,0.0,2.391891891891892,177.0
qwen25_15b,276,msc_valid,48,uniform,0.5,74,2.5675675675675675,190.0,0.0,0.0,2.5675675675675675,190.0
qwen25_15b,276,msc_valid,48,longllmlingua,0.5,74,2.5945945945945947,192.0,0.0,0.0,2.5945945945945947,192.0
qwen25_15b,276,msc_valid,48,recency,0.5,0,0.0,0.0,0.0,0.0,0.0,0.0
qwen25_15b,276,msc_valid,48,lexical_tfidf,0.5,0,0.0,0.0,0.0,0.0,0.0,0.0
qwen25_15b,276,msc_valid,48,recency_keep_compress_drop,0.5,0,0.0,0.0,0.0,0.0,0.0,0.0
qwen25_15b,276,msc_valid,52,uniform,0.2,40,4.025,161.0,0.0,0.0,4.025,161.0
qwen25_15b,276,msc_valid,52,longllmlingua,0.2,40,3.925,157.0,0.0,0.0,3.925,157.0
qwen25_15b,276,msc_valid,52,recency,0.2,40,3.975,159.0,0.0,0.0,3.975,159.0
qwen25_15b,276,msc_valid,52,lexical_tfidf,0.2,40,3.975,159.0,0.0,0.0,3.975,159.0
qwen25_15b,276,msc_valid,52,recency_keep_compress_drop,0.2,40,4.0,160.0,0.0,0.0,4.0,160.0
qwen25_15b,276,msc_valid,52,uniform,0.35,40,4.075,163.0,0.0,0.0,4.075,163.0
qwen25_15b,276,msc_valid,52,longllmlingua,0.35,40,3.875,155.0,0.0,0.0,3.875,155.0
qwen25_15b,276,msc_valid,52,recency,0.35,0,0.0,0.0,0.0,0.0,0.0,0.0
qwen25_15b,276,msc_valid,52,lexical_tfidf,0.35,0,0.0,0.0,0.0,0.0,0.0,0.0
qwen25_15b,276,msc_valid,52,recency_keep_compress_drop,0.35,0,0.0,0.0,0.0,0.0,0.0,0.0
qwen25_15b,276,msc_valid,52,uniform,0.5,40,4.1,164.0,0.0,0.0,4.1,164.0
qwen25_15b,276,msc_valid,52,longllmlingua,0.5,40,3.925,157.0,0.0,0.0,3.925,157.0
qwen25_15b,276,msc_valid,52,recency,0.5,0,0.0,0.0,0.0,0.0,0.0,0.0
qwen25_15b,276,msc_valid,52,lexical_tfidf,0.5,0,0.0,0.0,0.0,0.0,0.0,0.0
qwen25_15b,276,msc_valid,52,recency_keep_compress_drop,0.5,0,0.0,0.0,0.0,0.0,0.0,0.0
qwen25_15b,276,msc_valid,56,uniform,0.2,20,3.5,70.0,0.0,0.0,3.5,70.0
qwen25_15b,276,msc_valid,56,longllmlingua,0.2,20,3.45,69.0,0.0,0.0,3.45,69.0
qwen25_15b,276,msc_valid,56,recency,0.2,0,0.0,0.0,0.0,0.0,0.0,0.0
qwen25_15b,276,msc_valid,56,lexical_tfidf,0.2,0,0.0,0.0,0.0,0.0,0.0,0.0
qwen25_15b,276,msc_valid,56,recency_keep_compress_drop,0.2,0,0.0,0.0,0.0,0.0,0.0,0.0
qwen25_15b,276,msc_valid,56,uniform,0.35,20,3.55,71.0,0.0,0.0,3.55,71.0
qwen25_15b,276,msc_valid,56,longllmlingua,0.35,20,3.7,74.0,0.0,0.0,3.7,74.0
qwen25_15b,276,msc_valid,56,recency,0.35,0,0.0,0.0,0.0,0.0,0.0,0.0
qwen25_15b,276,msc_valid,56,lexical_tfidf,0.35,0,0.0,0.0,0.0,0.0,0.0,0.0
qwen25_15b,276,msc_valid,56,recency_keep_compress_drop,0.35,0,0.0,0.0,0.0,0.0,0.0,0.0
qwen25_15b,276,msc_valid,56,uniform,0.5,20,3.625,72.5,0.0,0.0,3.625,72.5
qwen25_15b,276,msc_valid,56,longllmlingua,0.5,20,3.65,73.0,0.0,0.0,3.65,73.0
qwen25_15b,276,msc_valid,56,recency,0.5,0,0.0,0.0,0.0,0.0,0.0,0.0
qwen25_15b,276,msc_valid,56,lexical_tfidf,0.5,0,0.0,0.0,0.0,0.0,0.0,0.0
qwen25_15b,276,msc_valid,56,recency_keep_compress_drop,0.5,0,0.0,0.0,0.0,0.0,0.0,0.0
qwen25_15b,276,msc_valid,60,uniform,0.2,23,3.6739130434782608,84.5,0.0,0.0,3.6739130434782608,84.5
qwen25_15b,276,msc_valid,60,longllmlingua,0.2,23,3.4130434782608696,78.5,0.0,0.0,3.4130434782608696,78.5
qwen25_15b,276,msc_valid,60,recency,0.2,0,0.0,0.0,0.0,0.0,0.0,0.0
qwen25_15b,276,msc_valid,60,lexical_tfidf,0.2,23,3.5434782608695654,81.5,0.0,0.0,3.5434782608695654,81.5
qwen25_15b,276,msc_valid,60,recency_keep_compress_drop,0.2,0,0.0,0.0,0.0,0.0,0.0,0.0
qwen25_15b,276,msc_valid,60,uniform,0.35,23,3.608695652173913,83.0,0.0,0.0,3.608695652173913,83.0
qwen25_15b,276,msc_valid,60,longllmlingua,0.35,23,3.4130434782608696,78.5,0.0,0.0,3.4130434782608696,78.5
qwen25_15b,276,msc_valid,60,recency,0.35,0,0.0,0.0,0.0,0.0,0.0,0.0
qwen25_15b,276,msc_valid,60,lexical_tfidf,0.35,23,3.5434782608695654,81.5,0.0,0.0,3.5434782608695654,81.5
qwen25_15b,276,msc_valid,60,recency_keep_compress_drop,0.35,0,0.0,0.0,0.0,0.0,0.0,0.0
qwen25_15b,276,msc_valid,60,uniform,0.5,0,0.0,0.0,0.0,0.0,0.0,0.0
qwen25_15b,276,msc_valid,60,longllmlingua,0.5,23,3.347826086956522,77.0,0.0,0.0,3.347826086956522,77.0
qwen25_15b,276,msc_valid,60,recency,0.5,0,0.0,0.0,0.0,0.0,0.0,0.0
qwen25_15b,276,msc_valid,60,lexical_tfidf,0.5,0,0.0,0.0,0.0,0.0,0.0,0.0
qwen25_15b,276,msc_valid,60,recency_keep_compress_drop,0.5,0,0.0,0.0,0.0,0.0,0.0,0.0
qwen25_15b,300,msc_valid,4,uniform,0.2,10,3.175,31.75,2.75,27.5,0.4249999999999998,4.25
qwen25_15b,300,msc_valid,4,longllmlingua,0.2,10,2.3875,23.875,2.75,27.5,-0.3624999999999998,-3.625
qwen25_15b,300,msc_valid,4,recency,0.2,10,3.175,31.75,2.75,27.5,0.4249999999999998,4.25
qwen25_15b,300,msc_valid,4,lexical_tfidf,0.2,10,3.175,31.75,2.75,27.5,0.4249999999999998,4.25
qwen25_15b,300,msc_valid,4,recency_keep_compress_drop,0.2,10,3.175,31.75,2.75,27.5,0.4249999999999998,4.25
qwen25_15b,300,msc_valid,4,uniform,0.35,10,3.175,31.75,2.75,27.5,0.4249999999999998,4.25
qwen25_15b,300,msc_valid,4,longllmlingua,0.35,10,2.2125,22.125,2.75,27.5,-0.5375000000000001,-5.375
qwen25_15b,300,msc_valid,4,recency,0.35,10,3.175,31.75,2.75,27.5,0.4249999999999998,4.25
qwen25_15b,300,msc_valid,4,lexical_tfidf,0.35,10,3.175,31.75,2.75,27.5,0.4249999999999998,4.25
qwen25_15b,300,msc_valid,4,recency_keep_compress_drop,0.35,10,3.175,31.75,2.75,27.5,0.4249999999999998,4.25
qwen25_15b,300,msc_valid,4,uniform,0.5,10,3.025,30.25,2.75,27.5,0.2749999999999999,2.75
qwen25_15b,300,msc_valid,4,longllmlingua,0.5,10,2.075,20.75,2.75,27.5,-0.6749999999999998,-6.75
qwen25_15b,300,msc_valid,4,recency,0.5,10,3.025,30.25,2.75,27.5,0.2749999999999999,2.75
qwen25_15b,300,msc_valid,4,lexical_tfidf,0.5,10,3.025,30.25,2.75,27.5,0.2749999999999999,2.75
qwen25_15b,300,msc_valid,4,recency_keep_compress_drop,0.5,10,3.025,30.25,2.75,27.5,0.2749999999999999,2.75
qwen25_15b,300,msc_valid,6,uniform,0.2,19,2.0,38.0,1.4210526315789473,27.0,0.5789473684210527,11.0
qwen25_15b,300,msc_valid,6,longllmlingua,0.2,19,1.5855263157894737,30.125,1.4210526315789473,27.0,0.16447368421052633,3.125
qwen25_15b,300,msc_valid,6,recency,0.2,19,1.9736842105263157,37.5,1.4210526315789473,27.0,0.5526315789473684,10.5
qwen25_15b,300,msc_valid,6,lexical_tfidf,0.2,19,2.0,38.0,1.4210526315789473,27.0,0.5789473684210527,11.0
qwen25_15b,300,msc_valid,6,recency_keep_compress_drop,0.2,19,1.9736842105263157,37.5,1.4210526315789473,27.0,0.5526315789473684,10.5
qwen25_15b,300,msc_valid,6,uniform,0.35,19,1.8157894736842106,34.5,1.4210526315789473,27.0,0.3947368421052633,7.5
qwen25_15b,300,msc_valid,6,longllmlingua,0.35,19,1.5,28.5,1.4210526315789473,27.0,0.07894736842105265,1.5
qwen25_15b,300,msc_valid,6,recency,0.35,19,1.763157894736842,33.5,1.4210526315789473,27.0,0.3421052631578947,6.5
qwen25_15b,300,msc_valid,6,lexical_tfidf,0.35,19,1.763157894736842,33.5,1.4210526315789473,27.0,0.3421052631578947,6.5
qwen25_15b,300,msc_valid,6,recency_keep_compress_drop,0.35,19,1.763157894736842,33.5,1.4210526315789473,27.0,0.3421052631578947,6.5
qwen25_15b,300,msc_valid,6,uniform,0.5,19,1.881578947368421,35.75,1.4210526315789473,27.0,0.4605263157894737,8.75
qwen25_15b,300,msc_valid,6,longllmlingua,0.5,19,1.486842105263158,28.25,1.4210526315789473,27.0,0.06578947368421062,1.25
qwen25_15b,300,msc_valid,6,recency,0.5,19,1.763157894736842,33.5,1.4210526315789473,27.0,0.3421052631578947,6.5
qwen25_15b,300,msc_valid,6,lexical_tfidf,0.5,19,1.763157894736842,33.5,1.4210526315789473,27.0,0.3421052631578947,6.5
qwen25_15b,300,msc_valid,6,recency_keep_compress_drop,0.5,19,1.5789473684210527,30.0,1.4210526315789473,27.0,0.1578947368421053,3.0
qwen25_15b,300,msc_valid,8,uniform,0.2,19,2.539473684210526,48.25,2.1842105263157894,41.5,0.3552631578947367,6.75
qwen25_15b,300,msc_valid,8,longllmlingua,0.2,19,1.7894736842105263,34.0,2.1842105263157894,41.5,-0.39473684210526305,-7.5
qwen25_15b,300,msc_valid,8,recency,0.2,19,2.6447368421052633,50.25,2.1842105263157894,41.5,0.4605263157894739,8.75
qwen25_15b,300,msc_valid,8,lexical_tfidf,0.2,19,2.6447368421052633,50.25,2.1842105263157894,41.5,0.4605263157894739,8.75
qwen25_15b,300,msc_valid,8,recency_keep_compress_drop,0.2,19,2.6447368421052633,50.25,2.1842105263157894,41.5,0.4605263157894739,8.75
qwen25_15b,300,msc_valid,8,uniform,0.35,19,2.4342105263157894,46.25,2.1842105263157894,41.5,0.25,4.75
qwen25_15b,300,msc_valid,8,longllmlingua,0.35,19,2.013157894736842,38.25,2.1842105263157894,41.5,-0.17105263157894735,-3.25
qwen25_15b,300,msc_valid,8,recency,0.35,19,2.5921052631578947,49.25,2.1842105263157894,41.5,0.4078947368421053,7.75
qwen25_15b,300,msc_valid,8,lexical_tfidf,0.35,19,2.6578947368421053,50.5,2.1842105263157894,41.5,0.47368421052631593,9.0
qwen25_15b,300,msc_valid,8,recency_keep_compress_drop,0.35,19,2.6184210526315788,49.75,2.1842105263157894,41.5,0.4342105263157894,8.25
qwen25_15b,300,msc_valid,8,uniform,0.5,19,2.263157894736842,43.0,2.1842105263157894,41.5,0.07894736842105265,1.5
qwen25_15b,300,msc_valid,8,longllmlingua,0.5,19,1.8157894736842106,34.5,2.1842105263157894,41.5,-0.36842105263157876,-7.0
qwen25_15b,300,msc_valid,8,recency,0.5,19,2.5657894736842106,48.75,2.1842105263157894,41.5,0.38157894736842124,7.25
qwen25_15b,300,msc_valid,8,lexical_tfidf,0.5,19,2.460526315789474,46.75,2.1842105263157894,41.5,0.2763157894736845,5.25
qwen25_15b,300,msc_valid,8,recency_keep_compress_drop,0.5,19,2.3947368421052633,45.5,2.1842105263157894,41.5,0.2105263157894739,4.0
qwen25_15b,300,msc_valid,10,uniform,0.2,16,2.515625,40.25,2.140625,34.25,0.375,6.0
qwen25_15b,300,msc_valid,10,longllmlingua,0.2,16,2.3125,37.0,2.140625,34.25,0.171875,2.75
qwen25_15b,300,msc_valid,10,recency,0.2,16,2.4375,39.0,2.140625,34.25,0.296875,4.75
qwen25_15b,300,msc_valid,10,lexical_tfidf,0.2,16,2.515625,40.25,2.140625,34.25,0.375,6.0
qwen25_15b,300,msc_valid,10,recency_keep_compress_drop,0.2,16,2.28125,36.5,2.140625,34.25,0.140625,2.25
qwen25_15b,300,msc_valid,10,uniform,0.35,16,2.40625,38.5,2.140625,34.25,0.265625,4.25
qwen25_15b,300,msc_valid,10,longllmlingua,0.35,16,2.265625,36.25,2.140625,34.25,0.125,2.0
qwen25_15b,300,msc_valid,10,recency,0.35,16,2.453125,39.25,2.140625,34.25,0.3125,5.0
qwen25_15b,300,msc_valid,10,lexical_tfidf,0.35,16,2.46875,39.5,2.140625,34.25,0.328125,5.25
qwen25_15b,300,msc_valid,10,recency_keep_compress_drop,0.35,16,2.328125,37.25,2.140625,34.25,0.1875,3.0
qwen25_15b,300,msc_valid,10,uniform,0.5,16,2.328125,37.25,2.140625,34.25,0.1875,3.0
qwen25_15b,300,msc_valid,10,longllmlingua,0.5,16,2.328125,37.25,2.140625,34.25,0.1875,3.0
qwen25_15b,300,msc_valid,10,recency,0.5,16,2.3125,37.0,2.140625,34.25,0.171875,2.75
qwen25_15b,300,msc_valid,10,lexical_tfidf,0.5,16,2.1875,35.0,2.140625,34.25,0.046875,0.75
qwen25_15b,300,msc_valid,10,recency_keep_compress_drop,0.5,16,2.296875,36.75,2.140625,34.25,0.15625,2.5
qwen25_15b,300,msc_valid,12,uniform,0.2,17,3.764705882352941,64.0,3.823529411764706,65.0,-0.05882352941176494,-1.0
qwen25_15b,300,msc_valid,12,longllmlingua,0.2,17,3.6176470588235294,61.5,3.823529411764706,65.0,-0.20588235294117663,-3.5
qwen25_15b,300,msc_valid,12,recency,0.2,17,3.823529411764706,65.0,3.823529411764706,65.0,0.0,0.0
qwen25_15b,300,msc_valid,12,lexical_tfidf,0.2,17,3.7941176470588234,64.5,3.823529411764706,65.0,-0.029411764705882693,-0.5
qwen25_15b,300,msc_valid,12,recency_keep_compress_drop,0.2,17,3.7941176470588234,64.5,3.823529411764706,65.0,-0.029411764705882693,-0.5
qwen25_15b,300,msc_valid,12,uniform,0.35,17,3.911764705882353,66.5,3.823529411764706,65.0,0.08823529411764675,1.5
qwen25_15b,300,msc_valid,12,longllmlingua,0.35,17,3.5294117647058822,60.0,3.823529411764706,65.0,-0.2941176470588238,-5.0
qwen25_15b,300,msc_valid,12,recency,0.35,17,3.7941176470588234,64.5,3.823529411764706,65.0,-0.029411764705882693,-0.5
qwen25_15b,300,msc_valid,12,lexical_tfidf,0.35,17,3.75,63.75,3.823529411764706,65.0,-0.07352941176470607,-1.25
qwen25_15b,300,msc_valid,12,recency_keep_compress_drop,0.35,17,3.823529411764706,65.0,3.823529411764706,65.0,0.0,0.0
qwen25_15b,300,msc_valid,12,uniform,0.5,17,3.7941176470588234,64.5,3.823529411764706,65.0,-0.029411764705882693,-0.5
qwen25_15b,300,msc_valid,12,longllmlingua,0.5,17,3.676470588235294,62.5,3.823529411764706,65.0,-0.14705882352941213,-2.5
qwen25_15b,300,msc_valid,12,recency,0.5,17,3.8529411764705883,65.5,3.823529411764706,65.0,0.02941176470588225,0.5
qwen25_15b,300,msc_valid,12,lexical_tfidf,0.5,17,3.8823529411764706,66.0,3.823529411764706,65.0,0.0588235294117645,1.0
qwen25_15b,300,msc_valid,12,recency_keep_compress_drop,0.5,17,3.8529411764705883,65.5,3.823529411764706,65.0,0.02941176470588225,0.5
qwen25_15b,300,msc_valid,14,uniform,0.2,10,2.4625,24.625,2.475,24.75,-0.012500000000000178,-0.125
qwen25_15b,300,msc_valid,14,longllmlingua,0.2,10,2.55,25.5,2.475,24.75,0.07499999999999973,0.75
qwen25_15b,300,msc_valid,14,recency,0.2,10,2.45,24.5,2.475,24.75,-0.02499999999999991,-0.25
qwen25_15b,300,msc_valid,14,lexical_tfidf,0.2,10,2.725,27.25,2.475,24.75,0.25,2.5
qwen25_15b,300,msc_valid,14,recency_keep_compress_drop,0.2,10,2.575,25.75,2.475,24.75,0.10000000000000009,1.0
qwen25_15b,300,msc_valid,14,uniform,0.35,10,2.6125,26.125,2.475,24.75,0.13749999999999973,1.375
qwen25_15b,300,msc_valid,14,longllmlingua,0.35,10,2.4625,24.625,2.475,24.75,-0.012500000000000178,-0.125
qwen25_15b,300,msc_valid,14,recency,0.35,10,2.3875,23.875,2.475,24.75,-0.08749999999999991,-0.875
qwen25_15b,300,msc_valid,14,lexical_tfidf,0.35,10,2.6625,26.625,2.475,24.75,0.1875,1.875
qwen25_15b,300,msc_valid,14,recency_keep_compress_drop,0.35,10,2.45,24.5,2.475,24.75,-0.02499999999999991,-0.25
qwen25_15b,300,msc_valid,14,uniform,0.5,10,2.4875,24.875,2.475,24.75,0.012499999999999734,0.125
qwen25_15b,300,msc_valid,14,longllmlingua,0.5,10,2.4625,24.625,2.475,24.75,-0.012500000000000178,-0.125
qwen25_15b,300,msc_valid,14,recency,0.5,10,2.425,24.25,2.475,24.75,-0.050000000000000266,-0.5
qwen25_15b,300,msc_valid,14,lexical_tfidf,0.5,10,2.5375,25.375,2.475,24.75,0.0625,0.625
qwen25_15b,300,msc_valid,14,recency_keep_compress_drop,0.5,10,2.325,23.25,2.475,24.75,-0.1499999999999999,-1.5
qwen25_15b,335,msc_valid,4,uniform,0.2,15,0.7666666666666667,11.5,0.7208333333333333,10.8125,0.04583333333333339,0.6875
qwen25_15b,335,msc_valid,4,longllmlingua,0.2,15,0.9083333333333333,13.625,0.7208333333333333,10.8125,0.1875,2.8125
qwen25_15b,335,msc_valid,4,recency,0.2,15,0.7666666666666667,11.5,0.7208333333333333,10.8125,0.04583333333333339,0.6875
qwen25_15b,335,msc_valid,4,lexical_tfidf,0.2,15,0.7666666666666667,11.5,0.7208333333333333,10.8125,0.04583333333333339,0.6875
qwen25_15b,335,msc_valid,4,recency_keep_compress_drop,0.2,15,0.7666666666666667,11.5,0.7208333333333333,10.8125,0.04583333333333339,0.6875
qwen25_15b,335,msc_valid,4,uniform,0.35,15,0.7125,10.6875,0.7208333333333333,10.8125,-0.008333333333333304,-0.125
qwen25_15b,335,msc_valid,4,longllmlingua,0.35,15,0.9333333333333333,14.0,0.7208333333333333,10.8125,0.21250000000000002,3.1875
qwen25_15b,335,msc_valid,4,recency,0.35,15,0.7125,10.6875,0.7208333333333333,10.8125,-0.008333333333333304,-0.125
qwen25_15b,335,msc_valid,4,lexical_tfidf,0.35,15,0.7125,10.6875,0.7208333333333333,10.8125,-0.008333333333333304,-0.125
qwen25_15b,335,msc_valid,4,recency_keep_compress_drop,0.35,15,0.7125,10.6875,0.7208333333333333,10.8125,-0.008333333333333304,-0.125
qwen25_15b,335,msc_valid,4,uniform,0.5,15,0.7125,10.6875,0.7208333333333333,10.8125,-0.008333333333333304,-0.125
qwen25_15b,335,msc_valid,4,longllmlingua,0.5,15,0.9208333333333333,13.8125,0.7208333333333333,10.8125,0.19999999999999996,3.0
qwen25_15b,335,msc_valid,4,recency,0.5,15,0.7125,10.6875,0.7208333333333333,10.8125,-0.008333333333333304,-0.125
qwen25_15b,335,msc_valid,4,lexical_tfidf,0.5,15,0.7125,10.6875,0.7208333333333333,10.8125,-0.008333333333333304,-0.125
qwen25_15b,335,msc_valid,4,recency_keep_compress_drop,0.5,15,0.7125,10.6875,0.7208333333333333,10.8125,-0.008333333333333304,-0.125
qwen25_15b,335,msc_valid,8,uniform,0.2,16,4.90625,78.5,3.75,60.0,1.15625,18.5
qwen25_15b,335,msc_valid,8,longllmlingua,0.2,16,4.21875,67.5,3.75,60.0,0.46875,7.5
qwen25_15b,335,msc_valid,8,recency,0.2,16,4.3125,69.0,3.75,60.0,0.5625,9.0
qwen25_15b,335,msc_valid,8,lexical_tfidf,0.2,16,4.3125,69.0,3.75,60.0,0.5625,9.0
qwen25_15b,335,msc_valid,8,recency_keep_compress_drop,0.2,16,4.3125,69.0,3.75,60.0,0.5625,9.0
qwen25_15b,335,msc_valid,8,uniform,0.35,16,4.96875,79.5,3.75,60.0,1.21875,19.5
qwen25_15b,335,msc_valid,8,longllmlingua,0.35,16,3.90625,62.5,3.75,60.0,0.15625,2.5
qwen25_15b,335,msc_valid,8,recency,0.35,16,4.25,68.0,3.75,60.0,0.5,8.0
qwen25_15b,335,msc_valid,8,lexical_tfidf,0.35,16,4.25,68.0,3.75,60.0,0.5,8.0
qwen25_15b,335,msc_valid,8,recency_keep_compress_drop,0.35,16,4.34375,69.5,3.75,60.0,0.59375,9.5
qwen25_15b,335,msc_valid,8,uniform,0.5,16,4.5625,73.0,3.75,60.0,0.8125,13.0
qwen25_15b,335,msc_valid,8,longllmlingua,0.5,16,3.828125,61.25,3.75,60.0,0.078125,1.25
qwen25_15b,335,msc_valid,8,recency,0.5,16,4.15625,66.5,3.75,60.0,0.40625,6.5
qwen25_15b,335,msc_valid,8,lexical_tfidf,0.5,16,4.25,68.0,3.75,60.0,0.5,8.0
qwen25_15b,335,msc_valid,8,recency_keep_compress_drop,0.5,16,4.03125,64.5,3.75,60.0,0.28125,4.5
qwen25_15b,335,msc_valid,12,uniform,0.2,19,3.6315789473684212,69.0,3.6052631578947367,68.5,0.026315789473684514,0.5
qwen25_15b,335,msc_valid,12,longllmlingua,0.2,19,3.5526315789473686,67.5,3.6052631578947367,68.5,-0.05263157894736814,-1.0
qwen25_15b,335,msc_valid,12,recency,0.2,19,3.4210526315789473,65.0,3.6052631578947367,68.5,-0.18421052631578938,-3.5
qwen25_15b,335,msc_valid,12,lexical_tfidf,0.2,19,3.4210526315789473,65.0,3.6052631578947367,68.5,-0.18421052631578938,-3.5
qwen25_15b,335,msc_valid,12,recency_keep_compress_drop,0.2,19,3.4210526315789473,65.0,3.6052631578947367,68.5,-0.18421052631578938,-3.5
qwen25_15b,335,msc_valid,12,uniform,0.35,19,3.526315789473684,67.0,3.6052631578947367,68.5,-0.07894736842105265,-1.5
qwen25_15b,335,msc_valid,12,longllmlingua,0.35,19,3.6842105263157894,70.0,3.6052631578947367,68.5,0.07894736842105265,1.5
qwen25_15b,335,msc_valid,12,recency,0.35,19,3.5526315789473686,67.5,3.6052631578947367,68.5,-0.05263157894736814,-1.0
qwen25_15b,335,msc_valid,12,lexical_tfidf,0.35,19,3.5526315789473686,67.5,3.6052631578947367,68.5,-0.05263157894736814,-1.0
qwen25_15b,335,msc_valid,12,recency_keep_compress_drop,0.35,19,3.5526315789473686,67.5,3.6052631578947367,68.5,-0.05263157894736814,-1.0
qwen25_15b,335,msc_valid,12,uniform,0.5,19,3.4473684210526314,65.5,3.6052631578947367,68.5,-0.1578947368421053,-3.0
qwen25_15b,335,msc_valid,12,longllmlingua,0.5,19,3.473684210526316,66.0,3.6052631578947367,68.5,-0.1315789473684208,-2.5
qwen25_15b,335,msc_valid,12,recency,0.5,19,3.6052631578947367,68.5,3.6052631578947367,68.5,0.0,0.0
qwen25_15b,335,msc_valid,12,lexical_tfidf,0.5,19,3.473684210526316,66.0,3.6052631578947367,68.5,-0.1315789473684208,-2.5
qwen25_15b,335,msc_valid,12,recency_keep_compress_drop,0.5,19,3.526315789473684,67.0,3.6052631578947367,68.5,-0.07894736842105265,-1.5
qwen25_15b,335,msc_valid,16,uniform,0.2,31,3.2096774193548385,99.5,3.096774193548387,96.0,0.11290322580645151,3.5
qwen25_15b,335,msc_valid,16,longllmlingua,0.2,31,3.2096774193548385,99.5,3.096774193548387,96.0,0.11290322580645151,3.5
qwen25_15b,335,msc_valid,16,recency,0.2,31,3.193548387096774,99.0,3.096774193548387,96.0,0.09677419354838701,3.0
qwen25_15b,335,msc_valid,16,lexical_tfidf,0.2,31,3.161290322580645,98.0,3.096774193548387,96.0,0.06451612903225801,2.0
qwen25_15b,335,msc_valid,16,recency_keep_compress_drop,0.2,31,3.0806451612903225,95.5,3.096774193548387,96.0,-0.016129032258064502,-0.5
qwen25_15b,335,msc_valid,16,uniform,0.35,31,3.161290322580645,98.0,3.096774193548387,96.0,0.06451612903225801,2.0
qwen25_15b,335,msc_valid,16,longllmlingua,0.35,31,3.1774193548387095,98.5,3.096774193548387,96.0,0.08064516129032251,2.5
qwen25_15b,335,msc_valid,16,recency,0.35,31,3.0806451612903225,95.5,3.096774193548387,96.0,-0.016129032258064502,-0.5
qwen25_15b,335,msc_valid,16,lexical_tfidf,0.35,31,3.0806451612903225,95.5,3.096774193548387,96.0,-0.016129032258064502,-0.5
qwen25_15b,335,msc_valid,16,recency_keep_compress_drop,0.35,31,3.064516129032258,95.0,3.096774193548387,96.0,-0.032258064516129004,-1.0
qwen25_15b,335,msc_valid,16,uniform,0.5,31,3.193548387096774,99.0,3.096774193548387,96.0,0.09677419354838701,3.0
qwen25_15b,335,msc_valid,16,longllmlingua,0.5,31,3.1774193548387095,98.5,3.096774193548387,96.0,0.08064516129032251,2.5
qwen25_15b,335,msc_valid,16,recency,0.5,31,3.032258064516129,94.0,3.096774193548387,96.0,-0.06451612903225801,-2.0
qwen25_15b,335,msc_valid,16,lexical_tfidf,0.5,31,3.0483870967741935,94.5,3.096774193548387,96.0,-0.048387096774193505,-1.5
qwen25_15b,335,msc_valid,16,recency_keep_compress_drop,0.5,31,3.0161290322580645,93.5,3.096774193548387,96.0,-0.08064516129032251,-2.5
qwen25_15b,335,msc_valid,20,uniform,0.2,41,3.1707317073170733,130.0,2.902439024390244,119.0,0.2682926829268295,11.0
qwen25_15b,335,msc_valid,20,longllmlingua,0.2,41,3.097560975609756,127.0,2.902439024390244,119.0,0.19512195121951237,8.0
qwen25_15b,335,msc_valid,20,recency,0.2,41,2.9878048780487805,122.5,2.902439024390244,119.0,0.08536585365853666,3.5
qwen25_15b,335,msc_valid,20,lexical_tfidf,0.2,41,3.0609756097560976,125.5,2.902439024390244,119.0,0.1585365853658538,6.5
qwen25_15b,335,msc_valid,20,recency_keep_compress_drop,0.2,41,2.975609756097561,122.0,2.902439024390244,119.0,0.07317073170731714,3.0
qwen25_15b,335,msc_valid,20,uniform,0.35,41,3.1707317073170733,130.0,2.902439024390244,119.0,0.2682926829268295,11.0
qwen25_15b,335,msc_valid,20,longllmlingua,0.35,41,3.1707317073170733,130.0,2.902439024390244,119.0,0.2682926829268295,11.0
qwen25_15b,335,msc_valid,20,recency,0.35,41,2.926829268292683,120.0,2.902439024390244,119.0,0.024390243902439046,1.0
qwen25_15b,335,msc_valid,20,lexical_tfidf,0.35,41,2.926829268292683,120.0,2.902439024390244,119.0,0.024390243902439046,1.0
qwen25_15b,335,msc_valid,20,recency_keep_compress_drop,0.35,41,2.902439024390244,119.0,2.902439024390244,119.0,0.0,0.0
qwen25_15b,335,msc_valid,20,uniform,0.5,41,3.1951219512195124,131.0,2.902439024390244,119.0,0.29268292682926855,12.0
qwen25_15b,335,msc_valid,20,longllmlingua,0.5,41,3.1707317073170733,130.0,2.902439024390244,119.0,0.2682926829268295,11.0
qwen25_15b,335,msc_valid,20,recency,0.5,41,2.8048780487804876,115.0,2.902439024390244,119.0,-0.09756097560975618,-4.0
qwen25_15b,335,msc_valid,20,lexical_tfidf,0.5,41,2.975609756097561,122.0,2.902439024390244,119.0,0.07317073170731714,3.0
qwen25_15b,335,msc_valid,20,recency_keep_compress_drop,0.5,41,2.8902439024390243,118.5,2.902439024390244,119.0,-0.012195121951219523,-0.5
qwen25_15b,335,msc_valid,24,uniform,0.2,44,2.8636363636363638,126.0,2.784090909090909,122.5,0.07954545454545459,3.5
qwen25_15b,335,msc_valid,24,longllmlingua,0.2,44,2.8863636363636362,127.0,2.784090909090909,122.5,0.10227272727272707,4.5
qwen25_15b,335,msc_valid,24,recency,0.2,44,2.897727272727273,127.5,2.784090909090909,122.5,0.11363636363636376,5.0
qwen25_15b,335,msc_valid,24,lexical_tfidf,0.2,44,2.8863636363636362,127.0,2.784090909090909,122.5,0.10227272727272707,4.5
qwen25_15b,335,msc_valid,24,recency_keep_compress_drop,0.2,44,2.7954545454545454,123.0,2.784090909090909,122.5,0.011363636363636243,0.5
qwen25_15b,335,msc_valid,24,uniform,0.35,44,2.852272727272727,125.5,2.784090909090909,122.5,0.0681818181818179,3.0
qwen25_15b,335,msc_valid,24,longllmlingua,0.35,44,2.852272727272727,125.5,2.784090909090909,122.5,0.0681818181818179,3.0
qwen25_15b,335,msc_valid,24,recency,0.35,44,2.8181818181818183,124.0,2.784090909090909,122.5,0.03409090909090917,1.5
qwen25_15b,335,msc_valid,24,lexical_tfidf,0.35,44,2.875,126.5,2.784090909090909,122.5,0.09090909090909083,4.0
qwen25_15b,335,msc_valid,24,recency_keep_compress_drop,0.35,44,2.75,121.0,2.784090909090909,122.5,-0.03409090909090917,-1.5
qwen25_15b,335,msc_valid,24,uniform,0.5,44,2.8295454545454546,124.5,2.784090909090909,122.5,0.045454545454545414,2.0
qwen25_15b,335,msc_valid,24,longllmlingua,0.5,44,2.7954545454545454,123.0,2.784090909090909,122.5,0.011363636363636243,0.5
qwen25_15b,335,msc_valid,24,recency,0.5,44,2.75,121.0,2.784090909090909,122.5,-0.03409090909090917,-1.5
qwen25_15b,335,msc_valid,24,lexical_tfidf,0.5,44,2.715909090909091,119.5,2.784090909090909,122.5,-0.06818181818181834,-3.0
qwen25_15b,335,msc_valid,24,recency_keep_compress_drop,0.5,44,2.7386363636363638,120.5,2.784090909090909,122.5,-0.045454545454545414,-2.0
qwen25_15b,335,msc_valid,28,uniform,0.2,27,2.3518518518518516,63.5,2.240740740740741,60.5,0.11111111111111072,3.0
qwen25_15b,335,msc_valid,28,longllmlingua,0.2,27,2.259259259259259,61.0,2.240740740740741,60.5,0.018518518518518157,0.5
qwen25_15b,335,msc_valid,28,recency,0.2,27,2.324074074074074,62.75,2.240740740740741,60.5,0.08333333333333304,2.25
qwen25_15b,335,msc_valid,28,lexical_tfidf,0.2,27,2.314814814814815,62.5,2.240740740740741,60.5,0.07407407407407396,2.0
qwen25_15b,335,msc_valid,28,recency_keep_compress_drop,0.2,27,2.2962962962962963,62.0,2.240740740740741,60.5,0.05555555555555536,1.5
qwen25_15b,335,msc_valid,28,uniform,0.35,27,2.25,60.75,2.240740740740741,60.5,0.009259259259259078,0.25
qwen25_15b,335,msc_valid,28,longllmlingua,0.35,27,2.2685185185185186,61.25,2.240740740740741,60.5,0.02777777777777768,0.75
qwen25_15b,335,msc_valid,28,recency,0.35,27,2.25,60.75,2.240740740740741,60.5,0.009259259259259078,0.25
qwen25_15b,335,msc_valid,28,lexical_tfidf,0.35,27,2.361111111111111,63.75,2.240740740740741,60.5,0.12037037037037024,3.25
qwen25_15b,335,msc_valid,28,recency_keep_compress_drop,0.35,27,2.2314814814814814,60.25,2.240740740740741,60.5,-0.009259259259259522,-0.25
qwen25_15b,335,msc_valid,28,uniform,0.5,27,2.212962962962963,59.75,2.240740740740741,60.5,-0.027777777777778123,-0.75
qwen25_15b,335,msc_valid,28,longllmlingua,0.5,27,2.138888888888889,57.75,2.240740740740741,60.5,-0.10185185185185208,-2.75
qwen25_15b,335,msc_valid,28,recency,0.5,27,2.287037037037037,61.75,2.240740740740741,60.5,0.04629629629629628,1.25
qwen25_15b,335,msc_valid,28,lexical_tfidf,0.5,27,2.2685185185185186,61.25,2.240740740740741,60.5,0.02777777777777768,0.75
qwen25_15b,335,msc_valid,28,recency_keep_compress_drop,0.5,27,2.2685185185185186,61.25,2.240740740740741,60.5,0.02777777777777768,0.75
qwen25_15b,335,msc_valid,32,uniform,0.2,81,2.7777777777777777,225.0,2.763157894736842,210.0,0.014619883040935644,15.0
qwen25_15b,335,msc_valid,32,longllmlingua,0.2,81,2.7901234567901234,226.0,2.763157894736842,210.0,0.026965562053281378,16.0
qwen25_15b,335,msc_valid,32,recency,0.2,81,2.802469135802469,227.0,2.763157894736842,210.0,0.03931124106562711,17.0
qwen25_15b,335,msc_valid,32,lexical_tfidf,0.2,81,2.7777777777777777,225.0,2.763157894736842,210.0,0.014619883040935644,15.0
qwen25_15b,335,msc_valid,32,recency_keep_compress_drop,0.2,81,2.7901234567901234,226.0,2.763157894736842,210.0,0.026965562053281378,16.0
qwen25_15b,335,msc_valid,32,uniform,0.35,81,2.814814814814815,228.0,2.763157894736842,210.0,0.051656920077972845,18.0
qwen25_15b,335,msc_valid,32,longllmlingua,0.35,81,2.765432098765432,224.0,2.763157894736842,210.0,0.00227420402858991,14.0
qwen25_15b,335,msc_valid,32,recency,0.35,81,2.7901234567901234,226.0,2.763157894736842,210.0,0.026965562053281378,16.0
qwen25_15b,335,msc_valid,32,lexical_tfidf,0.35,81,2.7901234567901234,226.0,2.763157894736842,210.0,0.026965562053281378,16.0
qwen25_15b,335,msc_valid,32,recency_keep_compress_drop,0.35,81,2.753086419753086,223.0,2.763157894736842,210.0,-0.010071474983755824,13.0
qwen25_15b,335,msc_valid,32,uniform,0.5,81,2.8271604938271606,229.0,2.763157894736842,210.0,0.06400259909031858,19.0
qwen25_15b,335,msc_valid,32,longllmlingua,0.5,81,2.7037037037037037,219.0,2.763157894736842,210.0,-0.059454191033138315,9.0
qwen25_15b,335,msc_valid,32,recency,0.5,81,2.8271604938271606,229.0,2.763157894736842,210.0,0.06400259909031858,19.0
qwen25_15b,335,msc_valid,32,lexical_tfidf,0.5,81,2.740740740740741,222.0,2.763157894736842,210.0,-0.022417153996101113,12.0
qwen25_15b,335,msc_valid,32,recency_keep_compress_drop,0.5,81,2.802469135802469,227.0,2.763157894736842,210.0,0.03931124106562711,17.0
qwen25_15b,335,msc_valid,34,uniform,0.2,52,3.0576923076923075,159.0,0.0,0.0,3.0576923076923075,159.0
qwen25_15b,335,msc_valid,34,longllmlingua,0.2,52,2.826923076923077,147.0,0.0,0.0,2.826923076923077,147.0
qwen25_15b,335,msc_valid,34,recency,0.2,52,3.2115384615384617,167.0,0.0,0.0,3.2115384615384617,167.0
qwen25_15b,335,msc_valid,34,lexical_tfidf,0.2,52,3.1346153846153846,163.0,0.0,0.0,3.1346153846153846,163.0
qwen25_15b,335,msc_valid,34,recency_keep_compress_drop,0.2,52,3.019230769230769,157.0,0.0,0.0,3.019230769230769,157.0
qwen25_15b,335,msc_valid,34,uniform,0.35,52,3.019230769230769,157.0,0.0,0.0,3.019230769230769,157.0
qwen25_15b,335,msc_valid,34,longllmlingua,0.35,52,2.7884615384615383,145.0,0.0,0.0,2.7884615384615383,145.0
qwen25_15b,335,msc_valid,34,recency,0.35,52,3.1538461538461537,164.0,0.0,0.0,3.1538461538461537,164.0
qwen25_15b,335,msc_valid,34,lexical_tfidf,0.35,52,3.0961538461538463,161.0,0.0,0.0,3.0961538461538463,161.0
qwen25_15b,335,msc_valid,34,recency_keep_compress_drop,0.35,52,3.019230769230769,157.0,0.0,0.0,3.019230769230769,157.0
qwen25_15b,335,msc_valid,34,uniform,0.5,52,3.019230769230769,157.0,0.0,0.0,3.019230769230769,157.0
qwen25_15b,335,msc_valid,34,longllmlingua,0.5,52,2.9038461538461537,151.0,0.0,0.0,2.9038461538461537,151.0
qwen25_15b,335,msc_valid,34,recency,0.5,52,3.0576923076923075,159.0,0.0,0.0,3.0576923076923075,159.0
qwen25_15b,335,msc_valid,34,lexical_tfidf,0.5,52,3.0384615384615383,158.0,0.0,0.0,3.0384615384615383,158.0
qwen25_15b,335,msc_valid,34,recency_keep_compress_drop,0.5,52,2.9615384615384617,154.0,0.0,0.0,2.9615384615384617,154.0
qwen25_15b,335,msc_valid,38,uniform,0.2,52,2.6923076923076925,140.0,0.0,0.0,2.6923076923076925,140.0
qwen25_15b,335,msc_valid,38,longllmlingua,0.2,52,2.769230769230769,144.0,0.0,0.0,2.769230769230769,144.0
qwen25_15b,335,msc_valid,38,recency,0.2,52,2.6346153846153846,137.0,0.0,0.0,2.6346153846153846,137.0
qwen25_15b,335,msc_valid,38,lexical_tfidf,0.2,52,2.673076923076923,139.0,0.0,0.0,2.673076923076923,139.0
qwen25_15b,335,msc_valid,38,recency_keep_compress_drop,0.2,52,2.6346153846153846,137.0,0.0,0.0,2.6346153846153846,137.0
qwen25_15b,335,msc_valid,38,uniform,0.35,52,2.6538461538461537,138.0,0.0,0.0,2.6538461538461537,138.0
qwen25_15b,335,msc_valid,38,longllmlingua,0.35,52,2.8076923076923075,146.0,0.0,0.0,2.8076923076923075,146.0
qwen25_15b,335,msc_valid,38,recency,0.35,52,2.6153846153846154,136.0,0.0,0.0,2.6153846153846154,136.0
qwen25_15b,335,msc_valid,38,lexical_tfidf,0.35,52,2.576923076923077,134.0,0.0,0.0,2.576923076923077,134.0
qwen25_15b,335,msc_valid,38,recency_keep_compress_drop,0.35,52,2.6346153846153846,137.0,0.0,0.0,2.6346153846153846,137.0
qwen25_15b,335,msc_valid,38,uniform,0.5,52,2.75,143.0,0.0,0.0,2.75,143.0
qwen25_15b,335,msc_valid,38,longllmlingua,0.5,52,2.7884615384615383,145.0,0.0,0.0,2.7884615384615383,145.0
qwen25_15b,335,msc_valid,38,recency,0.5,52,2.6153846153846154,136.0,0.0,0.0,2.6153846153846154,136.0
qwen25_15b,335,msc_valid,38,lexical_tfidf,0.5,52,2.6153846153846154,136.0,0.0,0.0,2.6153846153846154,136.0
qwen25_15b,335,msc_valid,38,recency_keep_compress_drop,0.5,52,2.6346153846153846,137.0,0.0,0.0,2.6346153846153846,137.0
qwen25_15b,335,msc_valid,42,uniform,0.2,56,2.6607142857142856,149.0,0.0,0.0,2.6607142857142856,149.0
qwen25_15b,335,msc_valid,42,longllmlingua,0.2,56,2.732142857142857,153.0,0.0,0.0,2.732142857142857,153.0
qwen25_15b,335,msc_valid,42,recency,0.2,56,2.6607142857142856,149.0,0.0,0.0,2.6607142857142856,149.0
qwen25_15b,335,msc_valid,42,lexical_tfidf,0.2,56,2.6785714285714284,150.0,0.0,0.0,2.6785714285714284,150.0
qwen25_15b,335,msc_valid,42,recency_keep_compress_drop,0.2,56,2.642857142857143,148.0,0.0,0.0,2.642857142857143,148.0
qwen25_15b,335,msc_valid,42,uniform,0.35,56,2.6785714285714284,150.0,0.0,0.0,2.6785714285714284,150.0
qwen25_15b,335,msc_valid,42,longllmlingua,0.35,56,2.7142857142857144,152.0,0.0,0.0,2.7142857142857144,152.0
qwen25_15b,335,msc_valid,42,recency,0.35,56,2.6785714285714284,150.0,0.0,0.0,2.6785714285714284,150.0
qwen25_15b,335,msc_valid,42,lexical_tfidf,0.35,56,2.7142857142857144,152.0,0.0,0.0,2.7142857142857144,152.0
qwen25_15b,335,msc_valid,42,recency_keep_compress_drop,0.35,56,2.6607142857142856,149.0,0.0,0.0,2.6607142857142856,149.0
qwen25_15b,335,msc_valid,42,uniform,0.5,56,2.75,154.0,0.0,0.0,2.75,154.0
qwen25_15b,335,msc_valid,42,longllmlingua,0.5,56,2.6607142857142856,149.0,0.0,0.0,2.6607142857142856,149.0
qwen25_15b,335,msc_valid,42,recency,0.5,56,2.7142857142857144,152.0,0.0,0.0,2.7142857142857144,152.0
qwen25_15b,335,msc_valid,42,lexical_tfidf,0.5,56,2.75,154.0,0.0,0.0,2.75,154.0
qwen25_15b,335,msc_valid,42,recency_keep_compress_drop,0.5,56,2.6607142857142856,149.0,0.0,0.0,2.6607142857142856,149.0
qwen25_15b,335,msc_valid,46,uniform,0.2,31,2.2096774193548385,68.5,0.0,0.0,2.2096774193548385,68.5
qwen25_15b,335,msc_valid,46,longllmlingua,0.2,31,2.2580645161290325,70.0,0.0,0.0,2.2580645161290325,70.0
qwen25_15b,335,msc_valid,46,recency,0.2,31,2.193548387096774,68.0,0.0,0.0,2.193548387096774,68.0
qwen25_15b,335,msc_valid,46,lexical_tfidf,0.2,31,2.193548387096774,68.0,0.0,0.0,2.193548387096774,68.0
qwen25_15b,335,msc_valid,46,recency_keep_compress_drop,0.2,31,2.2419354838709675,69.5,0.0,0.0,2.2419354838709675,69.5
qwen25_15b,335,msc_valid,46,uniform,0.35,31,2.161290322580645,67.0,0.0,0.0,2.161290322580645,67.0
qwen25_15b,335,msc_valid,46,longllmlingua,0.35,31,2.2580645161290325,70.0,0.0,0.0,2.2580645161290325,70.0
qwen25_15b,335,msc_valid,46,recency,0.35,31,2.1774193548387095,67.5,0.0,0.0,2.1774193548387095,67.5
qwen25_15b,335,msc_valid,46,lexical_tfidf,0.35,31,2.225806451612903,69.0,0.0,0.0,2.225806451612903,69.0
qwen25_15b,335,msc_valid,46,recency_keep_compress_drop,0.35,31,2.2419354838709675,69.5,0.0,0.0,2.2419354838709675,69.5
qwen25_15b,335,msc_valid,46,uniform,0.5,31,2.274193548387097,70.5,0.0,0.0,2.274193548387097,70.5
qwen25_15b,335,msc_valid,46,longllmlingua,0.5,31,2.2580645161290325,70.0,0.0,0.0,2.2580645161290325,70.0
qwen25_15b,335,msc_valid,46,recency,0.5,0,0.0,0.0,0.0,0.0,0.0,0.0
qwen25_15b,335,msc_valid,46,lexical_tfidf,0.5,0,0.0,0.0,0.0,0.0,0.0,0.0
qwen25_15b,335,msc_valid,46,recency_keep_compress_drop,0.5,0,0.0,0.0,0.0,0.0,0.0,0.0
qwen25_15b,335,msc_valid,50,uniform,0.2,73,2.6575342465753424,194.0,0.0,0.0,2.6575342465753424,194.0
qwen25_15b,335,msc_valid,50,longllmlingua,0.2,73,2.7260273972602738,199.0,0.0,0.0,2.7260273972602738,199.0
qwen25_15b,335,msc_valid,50,recency,0.2,73,2.6027397260273974,190.0,0.0,0.0,2.6027397260273974,190.0
qwen25_15b,335,msc_valid,50,lexical_tfidf,0.2,73,2.589041095890411,189.0,0.0,0.0,2.589041095890411,189.0
qwen25_15b,335,msc_valid,50,recency_keep_compress_drop,0.2,73,2.6027397260273974,190.0,0.0,0.0,2.6027397260273974,190.0
qwen25_15b,335,msc_valid,50,uniform,0.35,73,2.6575342465753424,194.0,0.0,0.0,2.6575342465753424,194.0
qwen25_15b,335,msc_valid,50,longllmlingua,0.35,73,2.73972602739726,200.0,0.0,0.0,2.73972602739726,200.0
qwen25_15b,335,msc_valid,50,recency,0.35,0,0.0,0.0,0.0,0.0,0.0,0.0
qwen25_15b,335,msc_valid,50,lexical_tfidf,0.35,0,0.0,0.0,0.0,0.0,0.0,0.0
qwen25_15b,335,msc_valid,50,recency_keep_compress_drop,0.35,0,0.0,0.0,0.0,0.0,0.0,0.0
qwen25_15b,335,msc_valid,50,uniform,0.5,73,2.712328767123288,198.0,0.0,0.0,2.712328767123288,198.0
qwen25_15b,335,msc_valid,50,longllmlingua,0.5,73,2.73972602739726,200.0,0.0,0.0,2.73972602739726,200.0
qwen25_15b,335,msc_valid,50,recency,0.5,0,0.0,0.0,0.0,0.0,0.0,0.0
qwen25_15b,335,msc_valid,50,lexical_tfidf,0.5,0,0.0,0.0,0.0,0.0,0.0,0.0
qwen25_15b,335,msc_valid,50,recency_keep_compress_drop,0.5,0,0.0,0.0,0.0,0.0,0.0,0.0
qwen25_15b,335,msc_valid,54,uniform,0.2,42,2.1547619047619047,90.5,0.0,0.0,2.1547619047619047,90.5
qwen25_15b,335,msc_valid,54,longllmlingua,0.2,42,2.25,94.5,0.0,0.0,2.25,94.5
qwen25_15b,335,msc_valid,54,recency,0.2,0,0.0,0.0,0.0,0.0,0.0,0.0
qwen25_15b,335,msc_valid,54,lexical_tfidf,0.2,0,0.0,0.0,0.0,0.0,0.0,0.0
qwen25_15b,335,msc_valid,54,recency_keep_compress_drop,0.2,0,0.0,0.0,0.0,0.0,0.0,0.0
qwen25_15b,335,msc_valid,54,uniform,0.35,42,2.2142857142857144,93.0,0.0,0.0,2.2142857142857144,93.0
qwen25_15b,335,msc_valid,54,longllmlingua,0.35,42,2.261904761904762,95.0,0.0,0.0,2.261904761904762,95.0
qwen25_15b,335,msc_valid,54,recency,0.35,0,0.0,0.0,0.0,0.0,0.0,0.0
qwen25_15b,335,msc_valid,54,lexical_tfidf,0.35,0,0.0,0.0,0.0,0.0,0.0,0.0
qwen25_15b,335,msc_valid,54,recency_keep_compress_drop,0.35,0,0.0,0.0,0.0,0.0,0.0,0.0
qwen25_15b,335,msc_valid,54,uniform,0.5,42,2.25,94.5,0.0,0.0,2.25,94.5
qwen25_15b,335,msc_valid,54,longllmlingua,0.5,42,2.2142857142857144,93.0,0.0,0.0,2.2142857142857144,93.0
qwen25_15b,335,msc_valid,54,recency,0.5,0,0.0,0.0,0.0,0.0,0.0,0.0
qwen25_15b,335,msc_valid,54,lexical_tfidf,0.5,0,0.0,0.0,0.0,0.0,0.0,0.0
qwen25_15b,335,msc_valid,54,recency_keep_compress_drop,0.5,0,0.0,0.0,0.0,0.0,0.0,0.0
qwen25_15b,335,msc_valid,58,uniform,0.2,49,2.0306122448979593,99.5,0.0,0.0,2.0306122448979593,99.5
qwen25_15b,335,msc_valid,58,longllmlingua,0.2,49,1.9387755102040816,95.0,0.0,0.0,1.9387755102040816,95.0
qwen25_15b,335,msc_valid,58,recency,0.2,0,0.0,0.0,0.0,0.0,0.0,0.0
qwen25_15b,335,msc_valid,58,lexical_tfidf,0.2,0,0.0,0.0,0.0,0.0,0.0,0.0
qwen25_15b,335,msc_valid,58,recency_keep_compress_drop,0.2,0,0.0,0.0,0.0,0.0,0.0,0.0
qwen25_15b,335,msc_valid,58,uniform,0.35,49,2.0,98.0,0.0,0.0,2.0,98.0
qwen25_15b,335,msc_valid,58,longllmlingua,0.35,49,1.9183673469387754,94.0,0.0,0.0,1.9183673469387754,94.0
qwen25_15b,335,msc_valid,58,recency,0.35,0,0.0,0.0,0.0,0.0,0.0,0.0
qwen25_15b,335,msc_valid,58,lexical_tfidf,0.35,0,0.0,0.0,0.0,0.0,0.0,0.0
qwen25_15b,335,msc_valid,58,recency_keep_compress_drop,0.35,0,0.0,0.0,0.0,0.0,0.0,0.0
qwen25_15b,335,msc_valid,58,uniform,0.5,49,2.010204081632653,98.5,0.0,0.0,2.010204081632653,98.5
qwen25_15b,335,msc_valid,58,longllmlingua,0.5,49,1.9387755102040816,95.0,0.0,0.0,1.9387755102040816,95.0
qwen25_15b,335,msc_valid,58,recency,0.5,0,0.0,0.0,0.0,0.0,0.0,0.0
qwen25_15b,335,msc_valid,58,lexical_tfidf,0.5,0,0.0,0.0,0.0,0.0,0.0,0.0
qwen25_15b,335,msc_valid,58,recency_keep_compress_drop,0.5,0,0.0,0.0,0.0,0.0,0.0,0.0
qwen25_15b,335,msc_valid,62,uniform,0.2,30,2.55,76.5,0.0,0.0,2.55,76.5
qwen25_15b,335,msc_valid,62,longllmlingua,0.2,30,2.25,67.5,0.0,0.0,2.25,67.5
qwen25_15b,335,msc_valid,62,recency,0.2,0,0.0,0.0,0.0,0.0,0.0,0.0
qwen25_15b,335,msc_valid,62,lexical_tfidf,0.2,0,0.0,0.0,0.0,0.0,0.0,0.0
qwen25_15b,335,msc_valid,62,recency_keep_compress_drop,0.2,0,0.0,0.0,0.0,0.0,0.0,0.0
qwen25_15b,335,msc_valid,62,uniform,0.35,30,2.466666666666667,74.0,0.0,0.0,2.466666666666667,74.0
qwen25_15b,335,msc_valid,62,longllmlingua,0.35,30,2.1666666666666665,65.0,0.0,0.0,2.1666666666666665,65.0
qwen25_15b,335,msc_valid,62,recency,0.35,0,0.0,0.0,0.0,0.0,0.0,0.0
qwen25_15b,335,msc_valid,62,lexical_tfidf,0.35,0,0.0,0.0,0.0,0.0,0.0,0.0
qwen25_15b,335,msc_valid,62,recency_keep_compress_drop,0.35,0,0.0,0.0,0.0,0.0,0.0,0.0
qwen25_15b,335,msc_valid,62,uniform,0.5,0,0.0,0.0,0.0,0.0,0.0,0.0
qwen25_15b,335,msc_valid,62,longllmlingua,0.5,27,2.0462962962962963,55.25,0.0,0.0,2.0462962962962963,55.25
qwen25_15b,335,msc_valid,62,recency,0.5,0,0.0,0.0,0.0,0.0,0.0,0.0
qwen25_15b,335,msc_valid,62,lexical_tfidf,0.5,0,0.0,0.0,0.0,0.0,0.0,0.0
qwen25_15b,335,msc_valid,62,recency_keep_compress_drop,0.5,0,0.0,0.0,0.0,0.0,0.0,0.0
qwen25_15b,336,msc_valid,4,uniform,0.2,10,3.075,30.75,2.8625,28.625,0.21250000000000036,2.125
qwen25_15b,336,msc_valid,4,longllmlingua,0.2,10,2.7625,27.625,2.8625,28.625,-0.09999999999999964,-1.0
qwen25_15b,336,msc_valid,4,recency,0.2,10,3.075,30.75,2.8625,28.625,0.21250000000000036,2.125
qwen25_15b,336,msc_valid,4,lexical_tfidf,0.2,10,3.075,30.75,2.8625,28.625,0.21250000000000036,2.125
qwen25_15b,336,msc_valid,4,recency_keep_compress_drop,0.2,10,3.075,30.75,2.8625,28.625,0.21250000000000036,2.125
qwen25_15b,336,msc_valid,4,uniform,0.35,10,3.075,30.75,2.8625,28.625,0.21250000000000036,2.125
qwen25_15b,336,msc_valid,4,longllmlingua,0.35,10,2.825,28.25,2.8625,28.625,-0.037499999999999645,-0.375
qwen25_15b,336,msc_valid,4,recency,0.35,10,3.075,30.75,2.8625,28.625,0.21250000000000036,2.125
qwen25_15b,336,msc_valid,4,lexical_tfidf,0.35,10,3.075,30.75,2.8625,28.625,0.21250000000000036,2.125
qwen25_15b,336,msc_valid,4,recency_keep_compress_drop,0.35,10,3.075,30.75,2.8625,28.625,0.21250000000000036,2.125
qwen25_15b,336,msc_valid,4,uniform,0.5,10,3.075,30.75,2.8625,28.625,0.21250000000000036,2.125
qwen25_15b,336,msc_valid,4,longllmlingua,0.5,10,2.65,26.5,2.8625,28.625,-0.2124999999999999,-2.125
qwen25_15b,336,msc_valid,4,recency,0.5,10,3.075,30.75,2.8625,28.625,0.21250000000000036,2.125
qwen25_15b,336,msc_valid,4,lexical_tfidf,0.5,10,3.075,30.75,2.8625,28.625,0.21250000000000036,2.125
qwen25_15b,336,msc_valid,4,recency_keep_compress_drop,0.5,10,3.075,30.75,2.8625,28.625,0.21250000000000036,2.125
qwen25_15b,336,msc_valid,6,uniform,0.2,11,8.090909090909092,89.0,6.636363636363637,73.0,1.454545454545455,16.0
qwen25_15b,336,msc_valid,6,longllmlingua,0.2,11,6.590909090909091,72.5,6.636363636363637,73.0,-0.04545454545454586,-0.5
qwen25_15b,336,msc_valid,6,recency,0.2,11,7.590909090909091,83.5,6.636363636363637,73.0,0.9545454545454541,10.5
qwen25_15b,336,msc_valid,6,lexical_tfidf,0.2,11,7.590909090909091,83.5,6.636363636363637,73.0,0.9545454545454541,10.5
qwen25_15b,336,msc_valid,6,recency_keep_compress_drop,0.2,11,7.590909090909091,83.5,6.636363636363637,73.0,0.9545454545454541,10.5
qwen25_15b,336,msc_valid,6,uniform,0.35,11,7.545454545454546,83.0,6.636363636363637,73.0,0.9090909090909092,10.0
qwen25_15b,336,msc_valid,6,longllmlingua,0.35,11,6.363636363636363,70.0,6.636363636363637,73.0,-0.2727272727272734,-3.0
qwen25_15b,336,msc_valid,6,recency,0.35,11,7.2727272727272725,80.0,6.636363636363637,73.0,0.6363636363636358,7.0
qwen25_15b,336,msc_valid,6,lexical_tfidf,0.35,11,7.545454545454546,83.0,6.636363636363637,73.0,0.9090909090909092,10.0
qwen25_15b,336,msc_valid,6,recency_keep_compress_drop,0.35,11,7.2727272727272725,80.0,6.636363636363637,73.0,0.6363636363636358,7.0
qwen25_15b,336,msc_valid,6,uniform,0.5,11,7.7727272727272725,85.5,6.636363636363637,73.0,1.1363636363636358,12.5
qwen25_15b,336,msc_valid,6,longllmlingua,0.5,11,5.818181818181818,64.0,6.636363636363637,73.0,-0.8181818181818183,-9.0
qwen25_15b,336,msc_valid,6,recency,0.5,11,6.954545454545454,76.5,6.636363636363637,73.0,0.31818181818181746,3.5
qwen25_15b,336,msc_valid,6,lexical_tfidf,0.5,11,6.954545454545454,76.5,6.636363636363637,73.0,0.31818181818181746,3.5
qwen25_15b,336,msc_valid,6,recency_keep_compress_drop,0.5,11,7.2727272727272725,80.0,6.636363636363637,73.0,0.6363636363636358,7.0
qwen25_15b,336,msc_valid,8,uniform,0.2,10,7.0,70.0,6.85,68.5,0.15000000000000036,1.5
qwen25_15b,336,msc_valid,8,longllmlingua,0.2,10,6.55,65.5,6.85,68.5,-0.2999999999999998,-3.0
qwen25_15b,336,msc_valid,8,recency,0.2,10,7.0,70.0,6.85,68.5,0.15000000000000036,1.5
qwen25_15b,336,msc_valid,8,lexical_tfidf,0.2,10,6.7,67.0,6.85,68.5,-0.14999999999999947,-1.5
qwen25_15b,336,msc_valid,8,recency_keep_compress_drop,0.2,10,7.0,70.0,6.85,68.5,0.15000000000000036,1.5
qwen25_15b,336,msc_valid,8,uniform,0.35,10,6.025,60.25,6.85,68.5,-0.8249999999999993,-8.25
qwen25_15b,336,msc_valid,8,longllmlingua,0.35,10,6.5,65.0,6.85,68.5,-0.34999999999999964,-3.5
qwen25_15b,336,msc_valid,8,recency,0.35,10,7.2,72.0,6.85,68.5,0.35000000000000053,3.5
qwen25_15b,336,msc_valid,8,lexical_tfidf,0.35,10,6.55,65.5,6.85,68.5,-0.2999999999999998,-3.0
qwen25_15b,336,msc_valid,8,recency_keep_compress_drop,0.35,10,6.75,67.5,6.85,68.5,-0.09999999999999964,-1.0
qwen25_15b,336,msc_valid,8,uniform,0.5,10,6.075,60.75,6.85,68.5,-0.7749999999999995,-7.75
qwen25_15b,336,msc_valid,8,longllmlingua,0.5,10,6.025,60.25,6.85,68.5,-0.8249999999999993,-8.25
qwen25_15b,336,msc_valid,8,recency,0.5,10,6.7,67.0,6.85,68.5,-0.14999999999999947,-1.5
qwen25_15b,336,msc_valid,8,lexical_tfidf,0.5,10,7.15,71.5,6.85,68.5,0.3000000000000007,3.0
qwen25_15b,336,msc_valid,8,recency_keep_compress_drop,0.5,10,6.7,67.0,6.85,68.5,-0.14999999999999947,-1.5
qwen25_15b,336,msc_valid,10,uniform,0.2,14,3.642857142857143,51.0,3.3035714285714284,46.25,0.3392857142857144,4.75
qwen25_15b,336,msc_valid,10,longllmlingua,0.2,14,3.375,47.25,3.3035714285714284,46.25,0.07142857142857162,1.0
qwen25_15b,336,msc_valid,10,recency,0.2,14,3.4642857142857144,48.5,3.3035714285714284,46.25,0.16071428571428603,2.25
qwen25_15b,336,msc_valid,10,lexical_tfidf,0.2,14,3.767857142857143,52.75,3.3035714285714284,46.25,0.4642857142857144,6.5
qwen25_15b,336,msc_valid,10,recency_keep_compress_drop,0.2,14,3.4642857142857144,48.5,3.3035714285714284,46.25,0.16071428571428603,2.25
qwen25_15b,336,msc_valid,10,uniform,0.35,14,3.5535714285714284,49.75,3.3035714285714284,46.25,0.25,3.5
qwen25_15b,336,msc_valid,10,longllmlingua,0.35,14,3.4107142857142856,47.75,3.3035714285714284,46.25,0.1071428571428572,1.5
qwen25_15b,336,msc_valid,10,recency,0.35,14,3.4464285714285716,48.25,3.3035714285714284,46.25,0.14285714285714324,2.0
qwen25_15b,336,msc_valid,10,lexical_tfidf,0.35,14,3.375,47.25,3.3035714285714284,46.25,0.07142857142857162,1.0
qwen25_15b,336,msc_valid,10,recency_keep_compress_drop,0.35,14,3.375,47.25,3.3035714285714284,46.25,0.07142857142857162,1.0
qwen25_15b,336,msc_valid,10,uniform,0.5,14,3.5,49.0,3.3035714285714284,46.25,0.19642857142857162,2.75
qwen25_15b,336,msc_valid,10,longllmlingua,0.5,14,3.3035714285714284,46.25,3.3035714285714284,46.25,0.0,0.0
qwen25_15b,336,msc_valid,10,recency,0.5,14,3.4107142857142856,47.75,3.3035714285714284,46.25,0.1071428571428572,1.5
qwen25_15b,336,msc_valid,10,lexical_tfidf,0.5,14,3.357142857142857,47.0,3.3035714285714284,46.25,0.053571428571428825,0.75
qwen25_15b,336,msc_valid,10,recency_keep_compress_drop,0.5,14,3.3392857142857144,46.75,3.3035714285714284,46.25,0.03571428571428603,0.5
qwen25_15b,336,msc_valid,12,uniform,0.2,9,2.625,23.625,2.3055555555555554,20.75,0.31944444444444464,2.875
qwen25_15b,336,msc_valid,12,longllmlingua,0.2,9,2.486111111111111,22.375,2.3055555555555554,20.75,0.1805555555555558,1.625
qwen25_15b,336,msc_valid,12,recency,0.2,9,2.4305555555555554,21.875,2.3055555555555554,20.75,0.125,1.125
qwen25_15b,336,msc_valid,12,lexical_tfidf,0.2,9,2.625,23.625,2.3055555555555554,20.75,0.31944444444444464,2.875
qwen25_15b,336,msc_valid,12,recency_keep_compress_drop,0.2,9,2.4305555555555554,21.875,2.3055555555555554,20.75,0.125,1.125
qwen25_15b,336,msc_valid,12,uniform,0.35,9,2.388888888888889,21.5,2.3055555555555554,20.75,0.08333333333333348,0.75
qwen25_15b,336,msc_valid,12,longllmlingua,0.35,9,2.4583333333333335,22.125,2.3055555555555554,20.75,0.15277777777777812,1.375
qwen25_15b,336,msc_valid,12,recency,0.35,9,2.3333333333333335,21.0,2.3055555555555554,20.75,0.027777777777778123,0.25
qwen25_15b,336,msc_valid,12,lexical_tfidf,0.35,9,2.4305555555555554,21.875,2.3055555555555554,20.75,0.125,1.125
qwen25_15b,336,msc_valid,12,recency_keep_compress_drop,0.35,9,2.4583333333333335,22.125,2.3055555555555554,20.75,0.15277777777777812,1.375
qwen25_15b,336,msc_valid,12,uniform,0.5,9,2.4444444444444446,22.0,2.3055555555555554,20.75,0.13888888888888928,1.25
qwen25_15b,336,msc_valid,12,longllmlingua,0.5,9,2.361111111111111,21.25,2.3055555555555554,20.75,0.0555555555555558,0.5
qwen25_15b,336,msc_valid,12,recency,0.5,9,2.4027777777777777,21.625,2.3055555555555554,20.75,0.09722222222222232,0.875
qwen25_15b,336,msc_valid,12,lexical_tfidf,0.5,9,2.5277777777777777,22.75,2.3055555555555554,20.75,0.22222222222222232,2.0
qwen25_15b,336,msc_valid,12,recency_keep_compress_drop,0.5,9,2.2916666666666665,20.625,2.3055555555555554,20.75,-0.01388888888888884,-0.125
qwen25_15b,336,msc_valid,14,uniform,0.2,12,6.625,79.5,5.104166666666667,61.25,1.520833333333333,18.25
qwen25_15b,336,msc_valid,14,longllmlingua,0.2,12,6.291666666666667,75.5,5.104166666666667,61.25,1.1875,14.25
qwen25_15b,336,msc_valid,14,recency,0.2,12,6.083333333333333,73.0,5.104166666666667,61.25,0.9791666666666661,11.75
qwen25_15b,336,msc_valid,14,lexical_tfidf,0.2,12,6.041666666666667,72.5,5.104166666666667,61.25,0.9375,11.25
qwen25_15b,336,msc_valid,14,recency_keep_compress_drop,0.2,12,6.083333333333333,73.0,5.104166666666667,61.25,0.9791666666666661,11.75
qwen25_15b,336,msc_valid,14,uniform,0.35,12,6.333333333333333,76.0,5.104166666666667,61.25,1.229166666666666,14.75
qwen25_15b,336,msc_valid,14,longllmlingua,0.35,12,6.208333333333333,74.5,5.104166666666667,61.25,1.104166666666666,13.25
qwen25_15b,336,msc_valid,14,recency,0.35,12,5.708333333333333,68.5,5.104166666666667,61.25,0.6041666666666661,7.25
qwen25_15b,336,msc_valid,14,lexical_tfidf,0.35,12,5.375,64.5,5.104166666666667,61.25,0.27083333333333304,3.25
qwen25_15b,336,msc_valid,14,recency_keep_compress_drop,0.35,12,5.75,69.0,5.104166666666667,61.25,0.645833333333333,7.75
qwen25_15b,336,msc_valid,14,uniform,0.5,12,6.166666666666667,74.0,5.104166666666667,61.25,1.0625,12.75
qwen25_15b,336,msc_valid,14,longllmlingua,0.5,12,6.291666666666667,75.5,5.104166666666667,61.25,1.1875,14.25
qwen25_15b,336,msc_valid,14,recency,0.5,12,5.3125,63.75,5.104166666666667,61.25,0.20833333333333304,2.5
qwen25_15b,336,msc_valid,14,lexical_tfidf,0.5,12,5.375,64.5,5.104166666666667,61.25,0.27083333333333304,3.25
qwen25_15b,336,msc_valid,14,recency_keep_compress_drop,0.5,12,5.625,67.5,5.104166666666667,61.25,0.520833333333333,6.25
qwen25_15b,358,msc_valid,4,uniform,0.2,13,3.019230769230769,39.25,3.0,39.0,0.019230769230769162,0.25
qwen25_15b,358,msc_valid,4,longllmlingua,0.2,13,2.5961538461538463,33.75,3.0,39.0,-0.40384615384615374,-5.25
qwen25_15b,358,msc_valid,4,recency,0.2,13,3.019230769230769,39.25,3.0,39.0,0.019230769230769162,0.25
qwen25_15b,358,msc_valid,4,lexical_tfidf,0.2,13,3.019230769230769,39.25,3.0,39.0,0.019230769230769162,0.25
qwen25_15b,358,msc_valid,4,recency_keep_compress_drop,0.2,13,3.019230769230769,39.25,3.0,39.0,0.019230769230769162,0.25
qwen25_15b,358,msc_valid,4,uniform,0.35,13,3.019230769230769,39.25,3.0,39.0,0.019230769230769162,0.25
qwen25_15b,358,msc_valid,4,longllmlingua,0.35,13,2.6538461538461537,34.5,3.0,39.0,-0.34615384615384626,-4.5
qwen25_15b,358,msc_valid,4,recency,0.35,13,3.019230769230769,39.25,3.0,39.0,0.019230769230769162,0.25
qwen25_15b,358,msc_valid,4,lexical_tfidf,0.35,13,3.019230769230769,39.25,3.0,39.0,0.019230769230769162,0.25
qwen25_15b,358,msc_valid,4,recency_keep_compress_drop,0.35,13,3.019230769230769,39.25,3.0,39.0,0.019230769230769162,0.25
qwen25_15b,358,msc_valid,4,uniform,0.5,13,3.019230769230769,39.25,3.0,39.0,0.019230769230769162,0.25
qwen25_15b,358,msc_valid,4,longllmlingua,0.5,13,2.6153846153846154,34.0,3.0,39.0,-0.3846153846153846,-5.0
qwen25_15b,358,msc_valid,4,recency,0.5,13,3.019230769230769,39.25,3.0,39.0,0.019230769230769162,0.25
qwen25_15b,358,msc_valid,4,lexical_tfidf,0.5,13,3.019230769230769,39.25,3.0,39.0,0.019230769230769162,0.25
qwen25_15b,358,msc_valid,4,recency_keep_compress_drop,0.5,13,3.019230769230769,39.25,3.0,39.0,0.019230769230769162,0.25
qwen25_15b,358,msc_valid,8,uniform,0.2,13,1.9807692307692308,25.75,1.875,24.375,0.10576923076923084,1.375
qwen25_15b,358,msc_valid,8,longllmlingua,0.2,13,1.7211538461538463,22.375,1.875,24.375,-0.15384615384615374,-2.0
qwen25_15b,358,msc_valid,8,recency,0.2,13,2.076923076923077,27.0,1.875,24.375,0.2019230769230771,2.625
qwen25_15b,358,msc_valid,8,lexical_tfidf,0.2,13,1.9807692307692308,25.75,1.875,24.375,0.10576923076923084,1.375
qwen25_15b,358,msc_valid,8,recency_keep_compress_drop,0.2,13,2.076923076923077,27.0,1.875,24.375,0.2019230769230771,2.625
qwen25_15b,358,msc_valid,8,uniform,0.35,13,2.019230769230769,26.25,1.875,24.375,0.14423076923076916,1.875
qwen25_15b,358,msc_valid,8,longllmlingua,0.35,13,1.7307692307692308,22.5,1.875,24.375,-0.14423076923076916,-1.875
qwen25_15b,358,msc_valid,8,recency,0.35,13,2.076923076923077,27.0,1.875,24.375,0.2019230769230771,2.625
qwen25_15b,358,msc_valid,8,lexical_tfidf,0.35,13,2.019230769230769,26.25,1.875,24.375,0.14423076923076916,1.875
qwen25_15b,358,msc_valid,8,recency_keep_compress_drop,0.35,13,2.0673076923076925,26.875,1.875,24.375,0.1923076923076925,2.5
qwen25_15b,358,msc_valid,8,uniform,0.5,13,1.9134615384615385,24.875,1.875,24.375,0.03846153846153855,0.5
qwen25_15b,358,msc_valid,8,longllmlingua,0.5,13,1.7596153846153846,22.875,1.875,24.375,-0.11538461538461542,-1.5
qwen25_15b,358,msc_valid,8,recency,0.5,13,2.076923076923077,27.0,1.875,24.375,0.2019230769230771,2.625
qwen25_15b,358,msc_valid,8,lexical_tfidf,0.5,13,1.9134615384615385,24.875,1.875,24.375,0.03846153846153855,0.5
qwen25_15b,358,msc_valid,8,recency_keep_compress_drop,0.5,13,1.9230769230769231,25.0,1.875,24.375,0.04807692307692313,0.625
qwen25_15b,358,msc_valid,12,uniform,0.2,11,4.2272727272727275,46.5,2.7954545454545454,30.75,1.431818181818182,15.75
qwen25_15b,358,msc_valid,12,longllmlingua,0.2,11,3.340909090909091,36.75,2.7954545454545454,30.75,0.5454545454545454,6.0
qwen25_15b,358,msc_valid,12,recency,0.2,11,4.068181818181818,44.75,2.7954545454545454,30.75,1.272727272727273,14.0
qwen25_15b,358,msc_valid,12,lexical_tfidf,0.2,11,3.840909090909091,42.25,2.7954545454545454,30.75,1.0454545454545454,11.5
qwen25_15b,358,msc_valid,12,recency_keep_compress_drop,0.2,11,3.840909090909091,42.25,2.7954545454545454,30.75,1.0454545454545454,11.5
qwen25_15b,358,msc_valid,12,uniform,0.35,11,3.6363636363636362,40.0,2.7954545454545454,30.75,0.8409090909090908,9.25
qwen25_15b,358,msc_valid,12,longllmlingua,0.35,11,3.340909090909091,36.75,2.7954545454545454,30.75,0.5454545454545454,6.0
qwen25_15b,358,msc_valid,12,recency,0.35,11,3.6136363636363638,39.75,2.7954545454545454,30.75,0.8181818181818183,9.0
qwen25_15b,358,msc_valid,12,lexical_tfidf,0.35,11,3.25,35.75,2.7954545454545454,30.75,0.4545454545454546,5.0
qwen25_15b,358,msc_valid,12,recency_keep_compress_drop,0.35,11,3.590909090909091,39.5,2.7954545454545454,30.75,0.7954545454545454,8.75
qwen25_15b,358,msc_valid,12,uniform,0.5,11,2.8863636363636362,31.75,2.7954545454545454,30.75,0.09090909090909083,1.0
qwen25_15b,358,msc_valid,12,longllmlingua,0.5,11,3.1363636363636362,34.5,2.7954545454545454,30.75,0.34090909090909083,3.75
qwen25_15b,358,msc_valid,12,recency,0.5,11,3.3636363636363638,37.0,2.7954545454545454,30.75,0.5681818181818183,6.25
qwen25_15b,358,msc_valid,12,lexical_tfidf,0.5,11,3.1136363636363638,34.25,2.7954545454545454,30.75,0.31818181818181834,3.5
qwen25_15b,358,msc_valid,12,recency_keep_compress_drop,0.5,11,3.477272727272727,38.25,2.7954545454545454,30.75,0.6818181818181817,7.5
qwen25_15b,358,msc_valid,16,uniform,0.2,27,5.62962962962963,152.0,5.148148148148148,139.0,0.48148148148148184,13.0
qwen25_15b,358,msc_valid,16,longllmlingua,0.2,27,5.37037037037037,145.0,5.148148148148148,139.0,0.22222222222222232,6.0
qwen25_15b,358,msc_valid,16,recency,0.2,27,5.777777777777778,156.0,5.148148148148148,139.0,0.6296296296296298,17.0
qwen25_15b,358,msc_valid,16,lexical_tfidf,0.2,27,5.7407407407407405,155.0,5.148148148148148,139.0,0.5925925925925926,16.0
qwen25_15b,358,msc_valid,16,recency_keep_compress_drop,0.2,27,5.7407407407407405,155.0,5.148148148148148,139.0,0.5925925925925926,16.0
qwen25_15b,358,msc_valid,16,uniform,0.35,27,5.407407407407407,146.0,5.148148148148148,139.0,0.2592592592592595,7.0
qwen25_15b,358,msc_valid,16,longllmlingua,0.35,27,5.333333333333333,144.0,5.148148148148148,139.0,0.18518518518518512,5.0
qwen25_15b,358,msc_valid,16,recency,0.35,27,5.703703703703703,154.0,5.148148148148148,139.0,0.5555555555555554,15.0
qwen25_15b,358,msc_valid,16,lexical_tfidf,0.35,27,5.444444444444445,147.0,5.148148148148148,139.0,0.2962962962962967,8.0
qwen25_15b,358,msc_valid,16,recency_keep_compress_drop,0.35,27,5.2592592592592595,142.0,5.148148148148148,139.0,0.1111111111111116,3.0
qwen25_15b,358,msc_valid,16,uniform,0.5,27,5.296296296296297,143.0,5.148148148148148,139.0,0.1481481481481488,4.0
qwen25_15b,358,msc_valid,16,longllmlingua,0.5,27,5.333333333333333,144.0,5.148148148148148,139.0,0.18518518518518512,5.0
qwen25_15b,358,msc_valid,16,recency,0.5,27,5.592592592592593,151.0,5.148148148148148,139.0,0.44444444444444464,12.0
qwen25_15b,358,msc_valid,16,lexical_tfidf,0.5,27,5.2592592592592595,142.0,5.148148148148148,139.0,0.1111111111111116,3.0
qwen25_15b,358,msc_valid,16,recency_keep_compress_drop,0.5,27,5.148148148148148,139.0,5.148148148148148,139.0,0.0,0.0
qwen25_15b,358,msc_valid,20,uniform,0.2,21,4.023809523809524,84.5,3.5238095238095237,74.0,0.5,10.5
qwen25_15b,358,msc_valid,20,longllmlingua,0.2,21,4.142857142857143,87.0,3.5238095238095237,74.0,0.6190476190476195,13.0
qwen25_15b,358,msc_valid,20,recency,0.2,21,4.095238095238095,86.0,3.5238095238095237,74.0,0.5714285714285712,12.0
qwen25_15b,358,msc_valid,20,lexical_tfidf,0.2,21,4.023809523809524,84.5,3.5238095238095237,74.0,0.5,10.5
qwen25_15b,358,msc_valid,20,recency_keep_compress_drop,0.2,21,3.9761904761904763,83.5,3.5238095238095237,74.0,0.45238095238095255,9.5
qwen25_15b,358,msc_valid,20,uniform,0.35,21,3.880952380952381,81.5,3.5238095238095237,74.0,0.3571428571428572,7.5
qwen25_15b,358,msc_valid,20,longllmlingua,0.35,21,4.0,84.0,3.5238095238095237,74.0,0.4761904761904763,10.0
qwen25_15b,358,msc_valid,20,recency,0.35,21,4.023809523809524,84.5,3.5238095238095237,74.0,0.5,10.5
qwen25_15b,358,msc_valid,20,lexical_tfidf,0.35,21,3.7142857142857144,78.0,3.5238095238095237,74.0,0.1904761904761907,4.0
qwen25_15b,358,msc_valid,20,recency_keep_compress_drop,0.35,21,3.6904761904761907,77.5,3.5238095238095237,74.0,0.16666666666666696,3.5
qwen25_15b,358,msc_valid,20,uniform,0.5,21,3.857142857142857,81.0,3.5238095238095237,74.0,0.3333333333333335,7.0
qwen25_15b,358,msc_valid,20,longllmlingua,0.5,21,3.9285714285714284,82.5,3.5238095238095237,74.0,0.40476190476190466,8.5
qwen25_15b,358,msc_valid,20,recency,0.5,21,3.6666666666666665,77.0,3.5238095238095237,74.0,0.1428571428571428,3.0
qwen25_15b,358,msc_valid,20,lexical_tfidf,0.5,21,3.857142857142857,81.0,3.5238095238095237,74.0,0.3333333333333335,7.0
qwen25_15b,358,msc_valid,20,recency_keep_compress_drop,0.5,21,3.642857142857143,76.5,3.5238095238095237,74.0,0.11904761904761907,2.5
qwen25_15b,358,msc_valid,24,uniform,0.2,20,4.325,86.5,3.85,77.0,0.4750000000000001,9.5
qwen25_15b,358,msc_valid,24,longllmlingua,0.2,20,4.35,87.0,3.85,77.0,0.49999999999999956,10.0
qwen25_15b,358,msc_valid,24,recency,0.2,20,4.325,86.5,3.85,77.0,0.4750000000000001,9.5
qwen25_15b,358,msc_valid,24,lexical_tfidf,0.2,20,4.35,87.0,3.85,77.0,0.49999999999999956,10.0
qwen25_15b,358,msc_valid,24,recency_keep_compress_drop,0.2,20,4.325,86.5,3.85,77.0,0.4750000000000001,9.5
qwen25_15b,358,msc_valid,24,uniform,0.35,20,4.15,83.0,3.85,77.0,0.30000000000000027,6.0
qwen25_15b,358,msc_valid,24,longllmlingua,0.35,20,4.4,88.0,3.85,77.0,0.5500000000000003,11.0
qwen25_15b,358,msc_valid,24,recency,0.35,20,4.15,83.0,3.85,77.0,0.30000000000000027,6.0
qwen25_15b,358,msc_valid,24,lexical_tfidf,0.35,20,4.15,83.0,3.85,77.0,0.30000000000000027,6.0
qwen25_15b,358,msc_valid,24,recency_keep_compress_drop,0.35,20,4.125,82.5,3.85,77.0,0.2749999999999999,5.5
qwen25_15b,358,msc_valid,24,uniform,0.5,20,4.125,82.5,3.85,77.0,0.2749999999999999,5.5
qwen25_15b,358,msc_valid,24,longllmlingua,0.5,20,4.35,87.0,3.85,77.0,0.49999999999999956,10.0
qwen25_15b,358,msc_valid,24,recency,0.5,20,3.975,79.5,3.85,77.0,0.125,2.5
qwen25_15b,358,msc_valid,24,lexical_tfidf,0.5,20,4.075,81.5,3.85,77.0,0.2250000000000001,4.5
qwen25_15b,358,msc_valid,24,recency_keep_compress_drop,0.5,20,3.975,79.5,3.85,77.0,0.125,2.5
qwen25_15b,358,msc_valid,28,uniform,0.2,16,1.921875,30.75,1.8203125,29.125,0.1015625,1.625
qwen25_15b,358,msc_valid,28,longllmlingua,0.2,16,1.828125,29.25,1.8203125,29.125,0.0078125,0.125
qwen25_15b,358,msc_valid,28,recency,0.2,16,1.9296875,30.875,1.8203125,29.125,0.109375,1.75
qwen25_15b,358,msc_valid,28,lexical_tfidf,0.2,16,1.9609375,31.375,1.8203125,29.125,0.140625,2.25
qwen25_15b,358,msc_valid,28,recency_keep_compress_drop,0.2,16,1.9140625,30.625,1.8203125,29.125,0.09375,1.5
qwen25_15b,358,msc_valid,28,uniform,0.35,16,1.8125,29.0,1.8203125,29.125,-0.0078125,-0.125
qwen25_15b,358,msc_valid,28,longllmlingua,0.35,16,1.84375,29.5,1.8203125,29.125,0.0234375,0.375
qwen25_15b,358,msc_valid,28,recency,0.35,16,1.875,30.0,1.8203125,29.125,0.0546875,0.875
qwen25_15b,358,msc_valid,28,lexical_tfidf,0.35,16,1.8359375,29.375,1.8203125,29.125,0.015625,0.25
qwen25_15b,358,msc_valid,28,recency_keep_compress_drop,0.35,16,1.859375,29.75,1.8203125,29.125,0.0390625,0.625
qwen25_15b,358,msc_valid,28,uniform,0.5,16,1.8203125,29.125,1.8203125,29.125,0.0,0.0
qwen25_15b,358,msc_valid,28,longllmlingua,0.5,16,1.828125,29.25,1.8203125,29.125,0.0078125,0.125
qwen25_15b,358,msc_valid,28,recency,0.5,16,1.890625,30.25,1.8203125,29.125,0.0703125,1.125
qwen25_15b,358,msc_valid,28,lexical_tfidf,0.5,16,1.8125,29.0,1.8203125,29.125,-0.0078125,-0.125
qwen25_15b,358,msc_valid,28,recency_keep_compress_drop,0.5,16,1.8359375,29.375,1.8203125,29.125,0.015625,0.25
qwen25_15b,358,msc_valid,32,uniform,0.2,30,2.466666666666667,74.0,2.0083333333333333,60.25,0.4583333333333335,13.75
qwen25_15b,358,msc_valid,32,longllmlingua,0.2,30,2.35,70.5,2.0083333333333333,60.25,0.3416666666666668,10.25
qwen25_15b,358,msc_valid,32,recency,0.2,30,2.183333333333333,65.5,2.0083333333333333,60.25,0.17499999999999982,5.25
qwen25_15b,358,msc_valid,32,lexical_tfidf,0.2,30,2.2333333333333334,67.0,2.0083333333333333,60.25,0.2250000000000001,6.75
qwen25_15b,358,msc_valid,32,recency_keep_compress_drop,0.2,30,2.2333333333333334,67.0,2.0083333333333333,60.25,0.2250000000000001,6.75
qwen25_15b,358,msc_valid,32,uniform,0.35,30,2.1666666666666665,65.0,2.0083333333333333,60.25,0.15833333333333321,4.75
qwen25_15b,358,msc_valid,32,longllmlingua,0.35,30,2.3666666666666667,71.0,2.0083333333333333,60.25,0.3583333333333334,10.75
qwen25_15b,358,msc_valid,32,recency,0.35,30,2.1,63.0,2.0083333333333333,60.25,0.09166666666666679,2.75
qwen25_15b,358,msc_valid,32,lexical_tfidf,0.35,30,2.1,63.0,2.0083333333333333,60.25,0.09166666666666679,2.75
qwen25_15b,358,msc_valid,32,recency_keep_compress_drop,0.35,30,2.1333333333333333,64.0,2.0083333333333333,60.25,0.125,3.75
qwen25_15b,358,msc_valid,32,uniform,0.5,30,2.1666666666666665,65.0,2.0083333333333333,60.25,0.15833333333333321,4.75
qwen25_15b,358,msc_valid,32,longllmlingua,0.5,30,2.2,66.0,2.0083333333333333,60.25,0.19166666666666687,5.75
qwen25_15b,358,msc_valid,32,recency,0.5,30,2.075,62.25,2.0083333333333333,60.25,0.06666666666666687,2.0
qwen25_15b,358,msc_valid,32,lexical_tfidf,0.5,30,2.0833333333333335,62.5,2.0083333333333333,60.25,0.07500000000000018,2.25
qwen25_15b,358,msc_valid,32,recency_keep_compress_drop,0.5,30,2.0166666666666666,60.5,2.0083333333333333,60.25,0.008333333333333304,0.25
qwen25_15b,358,msc_valid,34,uniform,0.2,84,2.5833333333333335,217.0,2.4642857142857144,207.0,0.11904761904761907,10.0
qwen25_15b,358,msc_valid,34,longllmlingua,0.2,84,2.5,210.0,2.4642857142857144,207.0,0.03571428571428559,3.0
qwen25_15b,358,msc_valid,34,recency,0.2,84,2.5833333333333335,217.0,2.4642857142857144,207.0,0.11904761904761907,10.0
qwen25_15b,358,msc_valid,34,lexical_tfidf,0.2,84,2.607142857142857,219.0,2.4642857142857144,207.0,0.1428571428571428,12.0
qwen25_15b,358,msc_valid,34,recency_keep_compress_drop,0.2,84,2.5357142857142856,213.0,2.4642857142857144,207.0,0.07142857142857117,6.0
qwen25_15b,358,msc_valid,34,uniform,0.35,84,2.5476190476190474,214.0,2.4642857142857144,207.0,0.08333333333333304,7.0
qwen25_15b,358,msc_valid,34,longllmlingua,0.35,84,2.5,210.0,2.4642857142857144,207.0,0.03571428571428559,3.0
qwen25_15b,358,msc_valid,34,recency,0.35,84,2.5714285714285716,216.0,2.4642857142857144,207.0,0.1071428571428572,9.0
qwen25_15b,358,msc_valid,34,lexical_tfidf,0.35,84,2.5595238095238093,215.0,2.4642857142857144,207.0,0.0952380952380949,8.0
qwen25_15b,358,msc_valid,34,recency_keep_compress_drop,0.35,84,2.5238095238095237,212.0,2.4642857142857144,207.0,0.05952380952380931,5.0
qwen25_15b,358,msc_valid,34,uniform,0.5,84,2.5714285714285716,216.0,2.4642857142857144,207.0,0.1071428571428572,9.0
qwen25_15b,358,msc_valid,34,longllmlingua,0.5,84,2.4166666666666665,203.0,2.4642857142857144,207.0,-0.047619047619047894,-4.0
qwen25_15b,358,msc_valid,34,recency,0.5,84,2.488095238095238,209.0,2.4642857142857144,207.0,0.023809523809523725,2.0
qwen25_15b,358,msc_valid,34,lexical_tfidf,0.5,84,2.488095238095238,209.0,2.4642857142857144,207.0,0.023809523809523725,2.0
qwen25_15b,358,msc_valid,34,recency_keep_compress_drop,0.5,84,2.5357142857142856,213.0,2.4642857142857144,207.0,0.07142857142857117,6.0
qwen25_15b,379,msc_valid,4,uniform,0.2,17,2.838235294117647,48.25,2.4705882352941178,42.0,0.36764705882352944,6.25
qwen25_15b,379,msc_valid,4,longllmlingua,0.2,17,2.3823529411764706,40.5,2.4705882352941178,42.0,-0.08823529411764719,-1.5
qwen25_15b,379,msc_valid,4,recency,0.2,17,2.838235294117647,48.25,2.4705882352941178,42.0,0.36764705882352944,6.25
qwen25_15b,379,msc_valid,4,lexical_tfidf,0.2,17,2.838235294117647,48.25,2.4705882352941178,42.0,0.36764705882352944,6.25
qwen25_15b,379,msc_valid,4,recency_keep_compress_drop,0.2,17,2.838235294117647,48.25,2.4705882352941178,42.0,0.36764705882352944,6.25
qwen25_15b,379,msc_valid,4,uniform,0.35,17,2.661764705882353,45.25,2.4705882352941178,42.0,0.19117647058823506,3.25
qwen25_15b,379,msc_valid,4,longllmlingua,0.35,17,2.5,42.5,2.4705882352941178,42.0,0.02941176470588225,0.5
qwen25_15b,379,msc_valid,4,recency,0.35,17,2.661764705882353,45.25,2.4705882352941178,42.0,0.19117647058823506,3.25
qwen25_15b,379,msc_valid,4,lexical_tfidf,0.35,17,2.661764705882353,45.25,2.4705882352941178,42.0,0.19117647058823506,3.25
qwen25_15b,379,msc_valid,4,recency_keep_compress_drop,0.35,17,2.661764705882353,45.25,2.4705882352941178,42.0,0.19117647058823506,3.25
qwen25_15b,379,msc_valid,4,uniform,0.5,17,2.661764705882353,45.25,2.4705882352941178,42.0,0.19117647058823506,3.25
qwen25_15b,379,msc_valid,4,longllmlingua,0.5,17,2.5441176470588234,43.25,2.4705882352941178,42.0,0.07352941176470562,1.25
qwen25_15b,379,msc_valid,4,recency,0.5,17,2.661764705882353,45.25,2.4705882352941178,42.0,0.19117647058823506,3.25
qwen25_15b,379,msc_valid,4,lexical_tfidf,0.5,17,2.661764705882353,45.25,2.4705882352941178,42.0,0.19117647058823506,3.25
qwen25_15b,379,msc_valid,4,recency_keep_compress_drop,0.5,17,2.661764705882353,45.25,2.4705882352941178,42.0,0.19117647058823506,3.25
qwen25_15b,379,msc_valid,8,uniform,0.2,12,3.8958333333333335,46.75,3.375,40.5,0.5208333333333335,6.25
qwen25_15b,379,msc_valid,8,longllmlingua,0.2,12,3.2291666666666665,38.75,3.375,40.5,-0.14583333333333348,-1.75
qwen25_15b,379,msc_valid,8,recency,0.2,12,3.7708333333333335,45.25,3.375,40.5,0.3958333333333335,4.75
qwen25_15b,379,msc_valid,8,lexical_tfidf,0.2,12,3.9166666666666665,47.0,3.375,40.5,0.5416666666666665,6.5
qwen25_15b,379,msc_valid,8,recency_keep_compress_drop,0.2,12,3.7708333333333335,45.25,3.375,40.5,0.3958333333333335,4.75
qwen25_15b,379,msc_valid,8,uniform,0.35,12,3.5416666666666665,42.5,3.375,40.5,0.16666666666666652,2.0
qwen25_15b,379,msc_valid,8,longllmlingua,0.35,12,3.3333333333333335,40.0,3.375,40.5,-0.04166666666666652,-0.5
qwen25_15b,379,msc_valid,8,recency,0.35,12,3.5,42.0,3.375,40.5,0.125,1.5
qwen25_15b,379,msc_valid,8,lexical_tfidf,0.35,12,3.7708333333333335,45.25,3.375,40.5,0.3958333333333335,4.75
qwen25_15b,379,msc_valid,8,recency_keep_compress_drop,0.35,12,3.5,42.0,3.375,40.5,0.125,1.5
qwen25_15b,379,msc_valid,8,uniform,0.5,12,3.6666666666666665,44.0,3.375,40.5,0.2916666666666665,3.5
qwen25_15b,379,msc_valid,8,longllmlingua,0.5,12,3.25,39.0,3.375,40.5,-0.125,-1.5
qwen25_15b,379,msc_valid,8,recency,0.5,12,3.375,40.5,3.375,40.5,0.0,0.0
qwen25_15b,379,msc_valid,8,lexical_tfidf,0.5,12,3.8541666666666665,46.25,3.375,40.5,0.4791666666666665,5.75
qwen25_15b,379,msc_valid,8,recency_keep_compress_drop,0.5,12,3.5416666666666665,42.5,3.375,40.5,0.16666666666666652,2.0
qwen25_15b,379,msc_valid,12,uniform,0.2,16,4.0625,65.0,3.796875,60.75,0.265625,4.25
qwen25_15b,379,msc_valid,12,longllmlingua,0.2,16,4.3125,69.0,3.796875,60.75,0.515625,8.25
qwen25_15b,379,msc_valid,12,recency,0.2,16,3.9375,63.0,3.796875,60.75,0.140625,2.25
qwen25_15b,379,msc_valid,12,lexical_tfidf,0.2,16,3.9375,63.0,3.796875,60.75,0.140625,2.25
qwen25_15b,379,msc_valid,12,recency_keep_compress_drop,0.2,16,3.78125,60.5,3.796875,60.75,-0.015625,-0.25
qwen25_15b,379,msc_valid,12,uniform,0.35,16,3.953125,63.25,3.796875,60.75,0.15625,2.5
qwen25_15b,379,msc_valid,12,longllmlingua,0.35,16,4.25,68.0,3.796875,60.75,0.453125,7.25
qwen25_15b,379,msc_valid,12,recency,0.35,16,3.8125,61.0,3.796875,60.75,0.015625,0.25
qwen25_15b,379,msc_valid,12,lexical_tfidf,0.35,16,3.65625,58.5,3.796875,60.75,-0.140625,-2.25
qwen25_15b,379,msc_valid,12,recency_keep_compress_drop,0.35,16,4.21875,67.5,3.796875,60.75,0.421875,6.75
qwen25_15b,379,msc_valid,12,uniform,0.5,16,3.9375,63.0,3.796875,60.75,0.140625,2.25
qwen25_15b,379,msc_valid,12,longllmlingua,0.5,16,4.40625,70.5,3.796875,60.75,0.609375,9.75
qwen25_15b,379,msc_valid,12,recency,0.5,16,3.734375,59.75,3.796875,60.75,-0.0625,-1.0
qwen25_15b,379,msc_valid,12,lexical_tfidf,0.5,16,3.625,58.0,3.796875,60.75,-0.171875,-2.75
qwen25_15b,379,msc_valid,12,recency_keep_compress_drop,0.5,16,3.796875,60.75,3.796875,60.75,0.0,0.0
qwen25_15b,379,msc_valid,16,uniform,0.2,14,3.0535714285714284,42.75,2.3214285714285716,32.5,0.7321428571428568,10.25
qwen25_15b,379,msc_valid,16,longllmlingua,0.2,14,2.875,40.25,2.3214285714285716,32.5,0.5535714285714284,7.75
qwen25_15b,379,msc_valid,16,recency,0.2,14,2.9107142857142856,40.75,2.3214285714285716,32.5,0.589285714285714,8.25
qwen25_15b,379,msc_valid,16,lexical_tfidf,0.2,14,2.8214285714285716,39.5,2.3214285714285716,32.5,0.5,7.0
qwen25_15b,379,msc_valid,16,recency_keep_compress_drop,0.2,14,2.982142857142857,41.75,2.3214285714285716,32.5,0.6607142857142856,9.25
qwen25_15b,379,msc_valid,16,uniform,0.35,14,2.8035714285714284,39.25,2.3214285714285716,32.5,0.48214285714285676,6.75
qwen25_15b,379,msc_valid,16,longllmlingua,0.35,14,2.7142857142857144,38.0,2.3214285714285716,32.5,0.3928571428571428,5.5
qwen25_15b,379,msc_valid,16,recency,0.35,14,2.607142857142857,36.5,2.3214285714285716,32.5,0.2857142857142856,4.0
qwen25_15b,379,msc_valid,16,lexical_tfidf,0.35,14,2.642857142857143,37.0,2.3214285714285716,32.5,0.3214285714285712,4.5
qwen25_15b,379,msc_valid,16,recency_keep_compress_drop,0.35,14,2.625,36.75,2.3214285714285716,32.5,0.3035714285714284,4.25
qwen25_15b,379,msc_valid,16,uniform,0.5,14,2.7857142857142856,39.0,2.3214285714285716,32.5,0.46428571428571397,6.5
qwen25_15b,379,msc_valid,16,longllmlingua,0.5,14,2.7857142857142856,39.0,2.3214285714285716,32.5,0.46428571428571397,6.5
qwen25_15b,379,msc_valid,16,recency,0.5,14,2.5535714285714284,35.75,2.3214285714285716,32.5,0.23214285714285676,3.25
qwen25_15b,379,msc_valid,16,lexical_tfidf,0.5,14,2.6785714285714284,37.5,2.3214285714285716,32.5,0.35714285714285676,5.0
qwen25_15b,379,msc_valid,16,recency_keep_compress_drop,0.5,14,2.642857142857143,37.0,2.3214285714285716,32.5,0.3214285714285712,4.5
qwen25_15b,379,msc_valid,20,uniform,0.2,18,3.1527777777777777,56.75,2.8472222222222223,51.25,0.30555555555555536,5.5
qwen25_15b,379,msc_valid,20,longllmlingua,0.2,18,2.9444444444444446,53.0,2.8472222222222223,51.25,0.09722222222222232,1.75
qwen25_15b,379,msc_valid,20,recency,0.2,18,3.25,58.5,2.8472222222222223,51.25,0.4027777777777777,7.25
qwen25_15b,379,msc_valid,20,lexical_tfidf,0.2,18,3.0277777777777777,54.5,2.8472222222222223,51.25,0.18055555555555536,3.25
qwen25_15b,379,msc_valid,20,recency_keep_compress_drop,0.2,18,3.138888888888889,56.5,2.8472222222222223,51.25,0.2916666666666665,5.25
qwen25_15b,379,msc_valid,20,uniform,0.35,18,2.9027777777777777,52.25,2.8472222222222223,51.25,0.05555555555555536,1.0
qwen25_15b,379,msc_valid,20,longllmlingua,0.35,18,2.875,51.75,2.8472222222222223,51.25,0.02777777777777768,0.5
qwen25_15b,379,msc_valid,20,recency,0.35,18,3.0555555555555554,55.0,2.8472222222222223,51.25,0.20833333333333304,3.75
qwen25_15b,379,msc_valid,20,lexical_tfidf,0.35,18,2.8472222222222223,51.25,2.8472222222222223,51.25,0.0,0.0
qwen25_15b,379,msc_valid,20,recency_keep_compress_drop,0.35,18,2.7777777777777777,50.0,2.8472222222222223,51.25,-0.06944444444444464,-1.25
qwen25_15b,379,msc_valid,20,uniform,0.5,18,2.9027777777777777,52.25,2.8472222222222223,51.25,0.05555555555555536,1.0
qwen25_15b,379,msc_valid,20,longllmlingua,0.5,18,2.9166666666666665,52.5,2.8472222222222223,51.25,0.0694444444444442,1.25
qwen25_15b,379,msc_valid,20,recency,0.5,18,2.861111111111111,51.5,2.8472222222222223,51.25,0.01388888888888884,0.25
qwen25_15b,379,msc_valid,20,lexical_tfidf,0.5,18,2.888888888888889,52.0,2.8472222222222223,51.25,0.04166666666666652,0.75
qwen25_15b,379,msc_valid,20,recency_keep_compress_drop,0.5,18,2.736111111111111,49.25,2.8472222222222223,51.25,-0.11111111111111116,-2.0
qwen25_15b,379,msc_valid,24,uniform,0.2,28,2.4285714285714284,68.0,2.125,59.5,0.3035714285714284,8.5
qwen25_15b,379,msc_valid,24,longllmlingua,0.2,28,2.205357142857143,61.75,2.125,59.5,0.0803571428571428,2.25
qwen25_15b,379,msc_valid,24,recency,0.2,28,2.357142857142857,66.0,2.125,59.5,0.2321428571428572,6.5
qwen25_15b,379,msc_valid,24,lexical_tfidf,0.2,28,2.4464285714285716,68.5,2.125,59.5,0.3214285714285716,9.0
qwen25_15b,379,msc_valid,24,recency_keep_compress_drop,0.2,28,2.2589285714285716,63.25,2.125,59.5,0.13392857142857162,3.75
qwen25_15b,379,msc_valid,24,uniform,0.35,28,2.3392857142857144,65.5,2.125,59.5,0.2142857142857144,6.0
qwen25_15b,379,msc_valid,24,longllmlingua,0.35,28,2.2589285714285716,63.25,2.125,59.5,0.13392857142857162,3.75
qwen25_15b,379,msc_valid,24,recency,0.35,28,2.080357142857143,58.25,2.125,59.5,-0.044642857142857206,-1.25
qwen25_15b,379,msc_valid,24,lexical_tfidf,0.35,28,2.3035714285714284,64.5,2.125,59.5,0.17857142857142838,5.0
qwen25_15b,379,msc_valid,24,recency_keep_compress_drop,0.35,28,2.1785714285714284,61.0,2.125,59.5,0.05357142857142838,1.5
qwen25_15b,379,msc_valid,24,uniform,0.5,28,2.1785714285714284,61.0,2.125,59.5,0.05357142857142838,1.5
qwen25_15b,379,msc_valid,24,longllmlingua,0.5,28,2.169642857142857,60.75,2.125,59.5,0.044642857142857206,1.25
qwen25_15b,379,msc_valid,24,recency,0.5,28,2.0982142857142856,58.75,2.125,59.5,-0.026785714285714413,-0.75
qwen25_15b,379,msc_valid,24,lexical_tfidf,0.5,28,2.1785714285714284,61.0,2.125,59.5,0.05357142857142838,1.5
qwen25_15b,379,msc_valid,24,recency_keep_compress_drop,0.5,28,2.232142857142857,62.5,2.125,59.5,0.1071428571428572,3.0
qwen25_15b,379,msc_valid,28,uniform,0.2,26,2.9615384615384617,77.0,2.4615384615384617,64.0,0.5,13.0
qwen25_15b,379,msc_valid,28,longllmlingua,0.2,26,2.9038461538461537,75.5,2.4615384615384617,64.0,0.44230769230769207,11.5
qwen25_15b,379,msc_valid,28,recency,0.2,26,2.8653846153846154,74.5,2.4615384615384617,64.0,0.40384615384615374,10.5
qwen25_15b,379,msc_valid,28,lexical_tfidf,0.2,26,2.980769230769231,77.5,2.4615384615384617,64.0,0.5192307692307692,13.5
qwen25_15b,379,msc_valid,28,recency_keep_compress_drop,0.2,26,2.9038461538461537,75.5,2.4615384615384617,64.0,0.44230769230769207,11.5
qwen25_15b,379,msc_valid,28,uniform,0.35,26,2.6923076923076925,70.0,2.4615384615384617,64.0,0.23076923076923084,6.0
qwen25_15b,379,msc_valid,28,longllmlingua,0.35,26,2.5,65.0,2.4615384615384617,64.0,0.038461538461538325,1.0
qwen25_15b,379,msc_valid,28,recency,0.35,26,2.730769230769231,71.0,2.4615384615384617,64.0,0.26923076923076916,7.0
qwen25_15b,379,msc_valid,28,lexical_tfidf,0.35,26,2.980769230769231,77.5,2.4615384615384617,64.0,0.5192307692307692,13.5
qwen25_15b,379,msc_valid,28,recency_keep_compress_drop,0.35,26,2.730769230769231,71.0,2.4615384615384617,64.0,0.26923076923076916,7.0
qwen25_15b,379,msc_valid,28,uniform,0.5,26,2.6923076923076925,70.0,2.4615384615384617,64.0,0.23076923076923084,6.0
qwen25_15b,379,msc_valid,28,longllmlingua,0.5,26,2.75,71.5,2.4615384615384617,64.0,0.2884615384615383,7.5
qwen25_15b,379,msc_valid,28,recency,0.5,26,2.6153846153846154,68.0,2.4615384615384617,64.0,0.15384615384615374,4.0
qwen25_15b,379,msc_valid,28,lexical_tfidf,0.5,26,2.8076923076923075,73.0,2.4615384615384617,64.0,0.3461538461538458,9.0
qwen25_15b,379,msc_valid,28,recency_keep_compress_drop,0.5,26,2.6346153846153846,68.5,2.4615384615384617,64.0,0.1730769230769229,4.5
qwen25_15b,379,msc_valid,32,uniform,0.2,37,2.4324324324324325,90.0,2.3378378378378377,86.5,0.09459459459459474,3.5
qwen25_15b,379,msc_valid,32,longllmlingua,0.2,37,2.7162162162162162,100.5,2.3378378378378377,86.5,0.3783783783783785,14.0
qwen25_15b,379,msc_valid,32,recency,0.2,37,2.7162162162162162,100.5,2.3378378378378377,86.5,0.3783783783783785,14.0
qwen25_15b,379,msc_valid,32,lexical_tfidf,0.2,37,2.7432432432432434,101.5,2.3378378378378377,86.5,0.4054054054054057,15.0
qwen25_15b,379,msc_valid,32,recency_keep_compress_drop,0.2,37,2.689189189189189,99.5,2.3378378378378377,86.5,0.3513513513513513,13.0
qwen25_15b,379,msc_valid,32,uniform,0.35,37,2.391891891891892,88.5,2.3378378378378377,86.5,0.05405405405405439,2.0
qwen25_15b,379,msc_valid,32,longllmlingua,0.35,37,2.581081081081081,95.5,2.3378378378378377,86.5,0.24324324324324342,9.0
qwen25_15b,379,msc_valid,32,recency,0.35,37,2.5945945945945947,96.0,2.3378378378378377,86.5,0.256756756756757,9.5
qwen25_15b,379,msc_valid,32,lexical_tfidf,0.35,37,2.418918918918919,89.5,2.3378378378378377,86.5,0.08108108108108114,3.0
qwen25_15b,379,msc_valid,32,recency_keep_compress_drop,0.35,37,2.6486486486486487,98.0,2.3378378378378377,86.5,0.31081081081081097,11.5
qwen25_15b,379,msc_valid,32,uniform,0.5,37,2.3783783783783785,88.0,2.3378378378378377,86.5,0.04054054054054079,1.5
qwen25_15b,379,msc_valid,32,longllmlingua,0.5,37,2.527027027027027,93.5,2.3378378378378377,86.5,0.18918918918918948,7.0
qwen25_15b,379,msc_valid,32,recency,0.5,37,2.5405405405405403,94.0,2.3378378378378377,86.5,0.20270270270270263,7.5
qwen25_15b,379,msc_valid,32,lexical_tfidf,0.5,37,2.4054054054054053,89.0,2.3378378378378377,86.5,0.06756756756756754,2.5
qwen25_15b,379,msc_valid,32,recency_keep_compress_drop,0.5,37,2.5675675675675675,95.0,2.3378378378378377,86.5,0.22972972972972983,8.5
qwen25_15b,379,msc_valid,34,uniform,0.2,49,2.816326530612245,138.0,0.0,0.0,2.816326530612245,138.0
qwen25_15b,379,msc_valid,34,longllmlingua,0.2,49,2.7346938775510203,134.0,0.0,0.0,2.7346938775510203,134.0
qwen25_15b,379,msc_valid,34,recency,0.2,49,2.7142857142857144,133.0,0.0,0.0,2.7142857142857144,133.0
qwen25_15b,379,msc_valid,34,lexical_tfidf,0.2,49,2.7551020408163267,135.0,0.0,0.0,2.7551020408163267,135.0
qwen25_15b,379,msc_valid,34,recency_keep_compress_drop,0.2,49,2.673469387755102,131.0,0.0,0.0,2.673469387755102,131.0
qwen25_15b,379,msc_valid,34,uniform,0.35,49,2.816326530612245,138.0,0.0,0.0,2.816326530612245,138.0
qwen25_15b,379,msc_valid,34,longllmlingua,0.35,49,2.7551020408163267,135.0,0.0,0.0,2.7551020408163267,135.0
qwen25_15b,379,msc_valid,34,recency,0.35,49,2.6530612244897958,130.0,0.0,0.0,2.6530612244897958,130.0
qwen25_15b,379,msc_valid,34,lexical_tfidf,0.35,49,2.7551020408163267,135.0,0.0,0.0,2.7551020408163267,135.0
qwen25_15b,379,msc_valid,34,recency_keep_compress_drop,0.35,49,2.6530612244897958,130.0,0.0,0.0,2.6530612244897958,130.0
qwen25_15b,379,msc_valid,34,uniform,0.5,49,2.816326530612245,138.0,0.0,0.0,2.816326530612245,138.0
qwen25_15b,379,msc_valid,34,longllmlingua,0.5,49,2.7551020408163267,135.0,0.0,0.0,2.7551020408163267,135.0
qwen25_15b,379,msc_valid,34,recency,0.5,49,2.63265306122449,129.0,0.0,0.0,2.63265306122449,129.0
qwen25_15b,379,msc_valid,34,lexical_tfidf,0.5,49,2.7142857142857144,133.0,0.0,0.0,2.7142857142857144,133.0
qwen25_15b,379,msc_valid,34,recency_keep_compress_drop,0.5,49,2.6530612244897958,130.0,0.0,0.0,2.6530612244897958,130.0
qwen25_15b,379,msc_valid,38,uniform,0.2,23,2.4239130434782608,55.75,0.0,0.0,2.4239130434782608,55.75
qwen25_15b,379,msc_valid,38,longllmlingua,0.2,23,2.6847826086956523,61.75,0.0,0.0,2.6847826086956523,61.75
qwen25_15b,379,msc_valid,38,recency,0.2,23,2.489130434782609,57.25,0.0,0.0,2.489130434782609,57.25
qwen25_15b,379,msc_valid,38,lexical_tfidf,0.2,23,2.489130434782609,57.25,0.0,0.0,2.489130434782609,57.25
qwen25_15b,379,msc_valid,38,recency_keep_compress_drop,0.2,23,2.467391304347826,56.75,0.0,0.0,2.467391304347826,56.75
qwen25_15b,379,msc_valid,38,uniform,0.35,23,2.358695652173913,54.25,0.0,0.0,2.358695652173913,54.25
qwen25_15b,379,msc_valid,38,longllmlingua,0.35,23,2.5,57.5,0.0,0.0,2.5,57.5
qwen25_15b,379,msc_valid,38,recency,0.35,23,2.467391304347826,56.75,0.0,0.0,2.467391304347826,56.75
qwen25_15b,379,msc_valid,38,lexical_tfidf,0.35,23,2.358695652173913,54.25,0.0,0.0,2.358695652173913,54.25
qwen25_15b,379,msc_valid,38,recency_keep_compress_drop,0.35,23,2.4565217391304346,56.5,0.0,0.0,2.4565217391304346,56.5
qwen25_15b,379,msc_valid,38,uniform,0.5,23,2.260869565217391,52.0,0.0,0.0,2.260869565217391,52.0
qwen25_15b,379,msc_valid,38,longllmlingua,0.5,23,2.5652173913043477,59.0,0.0,0.0,2.5652173913043477,59.0
qwen25_15b,379,msc_valid,38,recency,0.5,23,2.402173913043478,55.25,0.0,0.0,2.402173913043478,55.25
qwen25_15b,379,msc_valid,38,lexical_tfidf,0.5,23,2.358695652173913,54.25,0.0,0.0,2.358695652173913,54.25
qwen25_15b,379,msc_valid,38,recency_keep_compress_drop,0.5,23,2.4130434782608696,55.5,0.0,0.0,2.4130434782608696,55.5
qwen25_15b,379,msc_valid,42,uniform,0.2,28,2.1964285714285716,61.5,0.0,0.0,2.1964285714285716,61.5
qwen25_15b,379,msc_valid,42,longllmlingua,0.2,28,1.9375,54.25,0.0,0.0,1.9375,54.25
qwen25_15b,379,msc_valid,42,recency,0.2,28,2.1875,61.25,0.0,0.0,2.1875,61.25
qwen25_15b,379,msc_valid,42,lexical_tfidf,0.2,28,2.205357142857143,61.75,0.0,0.0,2.205357142857143,61.75
qwen25_15b,379,msc_valid,42,recency_keep_compress_drop,0.2,28,2.1517857142857144,60.25,0.0,0.0,2.1517857142857144,60.25
qwen25_15b,379,msc_valid,42,uniform,0.35,28,2.1517857142857144,60.25,0.0,0.0,2.1517857142857144,60.25
qwen25_15b,379,msc_valid,42,longllmlingua,0.35,28,2.0,56.0,0.0,0.0,2.0,56.0
qwen25_15b,379,msc_valid,42,recency,0.35,28,2.1785714285714284,61.0,0.0,0.0,2.1785714285714284,61.0
qwen25_15b,379,msc_valid,42,lexical_tfidf,0.35,28,2.205357142857143,61.75,0.0,0.0,2.205357142857143,61.75
qwen25_15b,379,msc_valid,42,recency_keep_compress_drop,0.35,28,2.1785714285714284,61.0,0.0,0.0,2.1785714285714284,61.0
qwen25_15b,379,msc_valid,42,uniform,0.5,28,2.2232142857142856,62.25,0.0,0.0,2.2232142857142856,62.25
qwen25_15b,379,msc_valid,42,longllmlingua,0.5,28,2.017857142857143,56.5,0.0,0.0,2.017857142857143,56.5
qwen25_15b,379,msc_valid,42,recency,0.5,28,2.1875,61.25,0.0,0.0,2.1875,61.25
qwen25_15b,379,msc_valid,42,lexical_tfidf,0.5,28,2.1964285714285716,61.5,0.0,0.0,2.1964285714285716,61.5
qwen25_15b,379,msc_valid,42,recency_keep_compress_drop,0.5,28,2.1785714285714284,61.0,0.0,0.0,2.1785714285714284,61.0
qwen25_15b,379,msc_valid,46,uniform,0.2,21,2.7857142857142856,58.5,0.0,0.0,2.7857142857142856,58.5
qwen25_15b,379,msc_valid,46,longllmlingua,0.2,21,3.4761904761904763,73.0,0.0,0.0,3.4761904761904763,73.0
qwen25_15b,379,msc_valid,46,recency,0.2,21,2.8452380952380953,59.75,0.0,0.0,2.8452380952380953,59.75
qwen25_15b,379,msc_valid,46,lexical_tfidf,0.2,21,2.9166666666666665,61.25,0.0,0.0,2.9166666666666665,61.25
qwen25_15b,379,msc_valid,46,recency_keep_compress_drop,0.2,21,2.9404761904761907,61.75,0.0,0.0,2.9404761904761907,61.75
qwen25_15b,379,msc_valid,46,uniform,0.35,21,2.630952380952381,55.25,0.0,0.0,2.630952380952381,55.25
qwen25_15b,379,msc_valid,46,longllmlingua,0.35,21,3.5238095238095237,74.0,0.0,0.0,3.5238095238095237,74.0
qwen25_15b,379,msc_valid,46,recency,0.35,21,2.8214285714285716,59.25,0.0,0.0,2.8214285714285716,59.25
qwen25_15b,379,msc_valid,46,lexical_tfidf,0.35,21,2.7976190476190474,58.75,0.0,0.0,2.7976190476190474,58.75
qwen25_15b,379,msc_valid,46,recency_keep_compress_drop,0.35,21,2.761904761904762,58.0,0.0,0.0,2.761904761904762,58.0
qwen25_15b,379,msc_valid,46,uniform,0.5,21,2.5714285714285716,54.0,0.0,0.0,2.5714285714285716,54.0
qwen25_15b,379,msc_valid,46,longllmlingua,0.5,21,3.1904761904761907,67.0,0.0,0.0,3.1904761904761907,67.0
qwen25_15b,379,msc_valid,46,recency,0.5,21,2.6666666666666665,56.0,0.0,0.0,2.6666666666666665,56.0
qwen25_15b,379,msc_valid,46,lexical_tfidf,0.5,21,2.738095238095238,57.5,0.0,0.0,2.738095238095238,57.5
qwen25_15b,379,msc_valid,46,recency_keep_compress_drop,0.5,21,2.5952380952380953,54.5,0.0,0.0,2.5952380952380953,54.5
qwen25_15b,379,msc_valid,50,uniform,0.2,19,3.763157894736842,71.5,0.0,0.0,3.763157894736842,71.5
qwen25_15b,379,msc_valid,50,longllmlingua,0.2,19,3.8947368421052633,74.0,0.0,0.0,3.8947368421052633,74.0
qwen25_15b,379,msc_valid,50,recency,0.2,19,3.1973684210526314,60.75,0.0,0.0,3.1973684210526314,60.75
qwen25_15b,379,msc_valid,50,lexical_tfidf,0.2,19,3.1710526315789473,60.25,0.0,0.0,3.1710526315789473,60.25
qwen25_15b,379,msc_valid,50,recency_keep_compress_drop,0.2,19,3.1578947368421053,60.0,0.0,0.0,3.1578947368421053,60.0
qwen25_15b,379,msc_valid,50,uniform,0.35,19,3.526315789473684,67.0,0.0,0.0,3.526315789473684,67.0
qwen25_15b,379,msc_valid,50,longllmlingua,0.35,19,3.8947368421052633,74.0,0.0,0.0,3.8947368421052633,74.0
qwen25_15b,379,msc_valid,50,recency,0.35,19,3.1184210526315788,59.25,0.0,0.0,3.1184210526315788,59.25
qwen25_15b,379,msc_valid,50,lexical_tfidf,0.35,19,3.1710526315789473,60.25,0.0,0.0,3.1710526315789473,60.25
qwen25_15b,379,msc_valid,50,recency_keep_compress_drop,0.35,19,3.1052631578947367,59.0,0.0,0.0,3.1052631578947367,59.0
qwen25_15b,379,msc_valid,50,uniform,0.5,19,3.6315789473684212,69.0,0.0,0.0,3.6315789473684212,69.0
qwen25_15b,379,msc_valid,50,longllmlingua,0.5,19,3.736842105263158,71.0,0.0,0.0,3.736842105263158,71.0
qwen25_15b,379,msc_valid,50,recency,0.5,0,0.0,0.0,0.0,0.0,0.0,0.0
qwen25_15b,379,msc_valid,50,lexical_tfidf,0.5,0,0.0,0.0,0.0,0.0,0.0,0.0
qwen25_15b,379,msc_valid,50,recency_keep_compress_drop,0.5,0,0.0,0.0,0.0,0.0,0.0,0.0
qwen25_15b,379,msc_valid,54,uniform,0.2,22,2.8068181818181817,61.75,0.0,0.0,2.8068181818181817,61.75
qwen25_15b,379,msc_valid,54,longllmlingua,0.2,22,2.875,63.25,0.0,0.0,2.875,63.25
qwen25_15b,379,msc_valid,54,recency,0.2,22,2.5113636363636362,55.25,0.0,0.0,2.5113636363636362,55.25
qwen25_15b,379,msc_valid,54,lexical_tfidf,0.2,22,2.5454545454545454,56.0,0.0,0.0,2.5454545454545454,56.0
qwen25_15b,379,msc_valid,54,recency_keep_compress_drop,0.2,22,2.5113636363636362,55.25,0.0,0.0,2.5113636363636362,55.25
qwen25_15b,379,msc_valid,54,uniform,0.35,22,2.75,60.5,0.0,0.0,2.75,60.5
qwen25_15b,379,msc_valid,54,longllmlingua,0.35,22,2.8068181818181817,61.75,0.0,0.0,2.8068181818181817,61.75
qwen25_15b,379,msc_valid,54,recency,0.35,0,0.0,0.0,0.0,0.0,0.0,0.0
qwen25_15b,379,msc_valid,54,lexical_tfidf,0.35,0,0.0,0.0,0.0,0.0,0.0,0.0
qwen25_15b,379,msc_valid,54,recency_keep_compress_drop,0.35,0,0.0,0.0,0.0,0.0,0.0,0.0
qwen25_15b,379,msc_valid,54,uniform,0.5,22,2.772727272727273,61.0,0.0,0.0,2.772727272727273,61.0
qwen25_15b,379,msc_valid,54,longllmlingua,0.5,22,2.715909090909091,59.75,0.0,0.0,2.715909090909091,59.75
qwen25_15b,379,msc_valid,54,recency,0.5,0,0.0,0.0,0.0,0.0,0.0,0.0
qwen25_15b,379,msc_valid,54,lexical_tfidf,0.5,0,0.0,0.0,0.0,0.0,0.0,0.0
qwen25_15b,379,msc_valid,54,recency_keep_compress_drop,0.5,0,0.0,0.0,0.0,0.0,0.0,0.0
qwen25_15b,379,msc_valid,58,uniform,0.2,35,2.5714285714285716,90.0,0.0,0.0,2.5714285714285716,90.0
qwen25_15b,379,msc_valid,58,longllmlingua,0.2,35,2.6285714285714286,92.0,0.0,0.0,2.6285714285714286,92.0
qwen25_15b,379,msc_valid,58,recency,0.2,0,0.0,0.0,0.0,0.0,0.0,0.0
qwen25_15b,379,msc_valid,58,lexical_tfidf,0.2,0,0.0,0.0,0.0,0.0,0.0,0.0
qwen25_15b,379,msc_valid,58,recency_keep_compress_drop,0.2,0,0.0,0.0,0.0,0.0,0.0,0.0
qwen25_15b,379,msc_valid,58,uniform,0.35,35,2.5142857142857142,88.0,0.0,0.0,2.5142857142857142,88.0
qwen25_15b,379,msc_valid,58,longllmlingua,0.35,35,2.657142857142857,93.0,0.0,0.0,2.657142857142857,93.0
qwen25_15b,379,msc_valid,58,recency,0.35,0,0.0,0.0,0.0,0.0,0.0,0.0
qwen25_15b,379,msc_valid,58,lexical_tfidf,0.35,0,0.0,0.0,0.0,0.0,0.0,0.0
qwen25_15b,379,msc_valid,58,recency_keep_compress_drop,0.35,0,0.0,0.0,0.0,0.0,0.0,0.0
qwen25_15b,379,msc_valid,58,uniform,0.5,35,2.557142857142857,89.5,0.0,0.0,2.557142857142857,89.5
qwen25_15b,379,msc_valid,58,longllmlingua,0.5,35,2.642857142857143,92.5,0.0,0.0,2.642857142857143,92.5
qwen25_15b,379,msc_valid,58,recency,0.5,0,0.0,0.0,0.0,0.0,0.0,0.0
qwen25_15b,379,msc_valid,58,lexical_tfidf,0.5,0,0.0,0.0,0.0,0.0,0.0,0.0
qwen25_15b,379,msc_valid,58,recency_keep_compress_drop,0.5,0,0.0,0.0,0.0,0.0,0.0,0.0
qwen25_15b,379,msc_valid,62,uniform,0.2,20,2.8,56.0,0.0,0.0,2.8,56.0
qwen25_15b,379,msc_valid,62,longllmlingua,0.2,20,2.95,59.0,0.0,0.0,2.95,59.0
qwen25_15b,379,msc_valid,62,recency,0.2,0,0.0,0.0,0.0,0.0,0.0,0.0
qwen25_15b,379,msc_valid,62,lexical_tfidf,0.2,0,0.0,0.0,0.0,0.0,0.0,0.0
qwen25_15b,379,msc_valid,62,recency_keep_compress_drop,0.2,0,0.0,0.0,0.0,0.0,0.0,0.0
qwen25_15b,379,msc_valid,62,uniform,0.35,20,2.8375,56.75,0.0,0.0,2.8375,56.75
qwen25_15b,379,msc_valid,62,longllmlingua,0.35,20,2.9,58.0,0.0,0.0,2.9,58.0
qwen25_15b,379,msc_valid,62,recency,0.35,0,0.0,0.0,0.0,0.0,0.0,0.0
qwen25_15b,379,msc_valid,62,lexical_tfidf,0.35,0,0.0,0.0,0.0,0.0,0.0,0.0
qwen25_15b,379,msc_valid,62,recency_keep_compress_drop,0.35,0,0.0,0.0,0.0,0.0,0.0,0.0
qwen25_15b,379,msc_valid,62,uniform,0.5,20,2.7625,55.25,0.0,0.0,2.7625,55.25
qwen25_15b,379,msc_valid,62,longllmlingua,0.5,20,2.8875,57.75,0.0,0.0,2.8875,57.75
qwen25_15b,379,msc_valid,62,recency,0.5,0,0.0,0.0,0.0,0.0,0.0,0.0
qwen25_15b,379,msc_valid,62,lexical_tfidf,0.5,0,0.0,0.0,0.0,0.0,0.0,0.0
qwen25_15b,379,msc_valid,62,recency_keep_compress_drop,0.5,0,0.0,0.0,0.0,0.0,0.0,0.0
qwen25_15b,397,msc_valid,4,uniform,0.2,20,4.0,80.0,3.775,75.5,0.2250000000000001,4.5
qwen25_15b,397,msc_valid,4,longllmlingua,0.2,20,3.7,74.0,3.775,75.5,-0.07499999999999973,-1.5
qwen25_15b,397,msc_valid,4,recency,0.2,20,4.0,80.0,3.775,75.5,0.2250000000000001,4.5
qwen25_15b,397,msc_valid,4,lexical_tfidf,0.2,20,4.0,80.0,3.775,75.5,0.2250000000000001,4.5
qwen25_15b,397,msc_valid,4,recency_keep_compress_drop,0.2,20,4.0,80.0,3.775,75.5,0.2250000000000001,4.5
qwen25_15b,397,msc_valid,4,uniform,0.35,20,4.0,80.0,3.775,75.5,0.2250000000000001,4.5
qwen25_15b,397,msc_valid,4,longllmlingua,0.35,20,3.6,72.0,3.775,75.5,-0.17499999999999982,-3.5
qwen25_15b,397,msc_valid,4,recency,0.35,20,4.0,80.0,3.775,75.5,0.2250000000000001,4.5
qwen25_15b,397,msc_valid,4,lexical_tfidf,0.35,20,4.0,80.0,3.775,75.5,0.2250000000000001,4.5
qwen25_15b,397,msc_valid,4,recency_keep_compress_drop,0.35,20,4.0,80.0,3.775,75.5,0.2250000000000001,4.5
qwen25_15b,397,msc_valid,4,uniform,0.5,20,3.9,78.0,3.775,75.5,0.125,2.5
qwen25_15b,397,msc_valid,4,longllmlingua,0.5,20,3.575,71.5,3.775,75.5,-0.19999999999999973,-4.0
qwen25_15b,397,msc_valid,4,recency,0.5,20,3.9,78.0,3.775,75.5,0.125,2.5
qwen25_15b,397,msc_valid,4,lexical_tfidf,0.5,20,3.9,78.0,3.775,75.5,0.125,2.5
qwen25_15b,397,msc_valid,4,recency_keep_compress_drop,0.5,20,3.9,78.0,3.775,75.5,0.125,2.5
qwen25_15b,397,msc_valid,6,uniform,0.2,20,3.5,70.0,3.225,64.5,0.2749999999999999,5.5
qwen25_15b,397,msc_valid,6,longllmlingua,0.2,20,3.1375,62.75,3.225,64.5,-0.08749999999999991,-1.75
qwen25_15b,397,msc_valid,6,recency,0.2,20,3.5,70.0,3.225,64.5,0.2749999999999999,5.5
qwen25_15b,397,msc_valid,6,lexical_tfidf,0.2,20,3.5,70.0,3.225,64.5,0.2749999999999999,5.5
qwen25_15b,397,msc_valid,6,recency_keep_compress_drop,0.2,20,3.775,75.5,3.225,64.5,0.5499999999999998,11.0
qwen25_15b,397,msc_valid,6,uniform,0.35,20,3.525,70.5,3.225,64.5,0.2999999999999998,6.0
qwen25_15b,397,msc_valid,6,longllmlingua,0.35,20,3.0,60.0,3.225,64.5,-0.2250000000000001,-4.5
qwen25_15b,397,msc_valid,6,recency,0.35,20,3.6,72.0,3.225,64.5,0.375,7.5
qwen25_15b,397,msc_valid,6,lexical_tfidf,0.35,20,3.5,70.0,3.225,64.5,0.2749999999999999,5.5
qwen25_15b,397,msc_valid,6,recency_keep_compress_drop,0.35,20,3.6,72.0,3.225,64.5,0.375,7.5
qwen25_15b,397,msc_valid,6,uniform,0.5,20,3.725,74.5,3.225,64.5,0.5,10.0
qwen25_15b,397,msc_valid,6,longllmlingua,0.5,20,2.9125,58.25,3.225,64.5,-0.3125,-6.25
qwen25_15b,397,msc_valid,6,recency,0.5,20,3.425,68.5,3.225,64.5,0.19999999999999973,4.0
qwen25_15b,397,msc_valid,6,lexical_tfidf,0.5,20,3.325,66.5,3.225,64.5,0.10000000000000009,2.0
qwen25_15b,397,msc_valid,6,recency_keep_compress_drop,0.5,20,3.35,67.0,3.225,64.5,0.125,2.5
qwen25_15b,397,msc_valid,8,uniform,0.2,17,4.147058823529412,70.5,3.8529411764705883,65.5,0.2941176470588238,5.0
qwen25_15b,397,msc_valid,8,longllmlingua,0.2,17,4.029411764705882,68.5,3.8529411764705883,65.5,0.17647058823529393,3.0
qwen25_15b,397,msc_valid,8,recency,0.2,17,4.588235294117647,78.0,3.8529411764705883,65.5,0.7352941176470584,12.5
qwen25_15b,397,msc_valid,8,lexical_tfidf,0.2,17,4.147058823529412,70.5,3.8529411764705883,65.5,0.2941176470588238,5.0
qwen25_15b,397,msc_valid,8,recency_keep_compress_drop,0.2,17,4.382352941176471,74.5,3.8529411764705883,65.5,0.5294117647058827,9.0
qwen25_15b,397,msc_valid,8,uniform,0.35,17,4.294117647058823,73.0,3.8529411764705883,65.5,0.44117647058823506,7.5
qwen25_15b,397,msc_valid,8,longllmlingua,0.35,17,4.029411764705882,68.5,3.8529411764705883,65.5,0.17647058823529393,3.0
qwen25_15b,397,msc_valid,8,recency,0.35,17,4.352941176470588,74.0,3.8529411764705883,65.5,0.49999999999999956,8.5
qwen25_15b,397,msc_valid,8,lexical_tfidf,0.35,17,4.294117647058823,73.0,3.8529411764705883,65.5,0.44117647058823506,7.5
qwen25_15b,397,msc_valid,8,recency_keep_compress_drop,0.35,17,4.176470588235294,71.0,3.8529411764705883,65.5,0.32352941176470607,5.5
qwen25_15b,397,msc_valid,8,uniform,0.5,17,3.9411764705882355,67.0,3.8529411764705883,65.5,0.08823529411764719,1.5
qwen25_15b,397,msc_valid,8,longllmlingua,0.5,17,4.0588235294117645,69.0,3.8529411764705883,65.5,0.20588235294117618,3.5
qwen25_15b,397,msc_valid,8,recency,0.5,17,4.176470588235294,71.0,3.8529411764705883,65.5,0.32352941176470607,5.5
qwen25_15b,397,msc_valid,8,lexical_tfidf,0.5,17,4.205882352941177,71.5,3.8529411764705883,65.5,0.3529411764705883,6.0
qwen25_15b,397,msc_valid,8,recency_keep_compress_drop,0.5,17,4.029411764705882,68.5,3.8529411764705883,65.5,0.17647058823529393,3.0
qwen25_15b,397,msc_valid,10,uniform,0.2,18,4.583333333333333,82.5,4.027777777777778,72.5,0.5555555555555554,10.0
qwen25_15b,397,msc_valid,10,longllmlingua,0.2,18,4.111111111111111,74.0,4.027777777777778,72.5,0.08333333333333304,1.5
qwen25_15b,397,msc_valid,10,recency,0.2,18,4.611111111111111,83.0,4.027777777777778,72.5,0.583333333333333,10.5
qwen25_15b,397,msc_valid,10,lexical_tfidf,0.2,18,4.555555555555555,82.0,4.027777777777778,72.5,0.5277777777777777,9.5
qwen25_15b,397,msc_valid,10,recency_keep_compress_drop,0.2,18,4.611111111111111,83.0,4.027777777777778,72.5,0.583333333333333,10.5
qwen25_15b,397,msc_valid,10,uniform,0.35,18,4.416666666666667,79.5,4.027777777777778,72.5,0.3888888888888893,7.0
qwen25_15b,397,msc_valid,10,longllmlingua,0.35,18,4.194444444444445,75.5,4.027777777777778,72.5,0.16666666666666696,3.0
qwen25_15b,397,msc_valid,10,recency,0.35,18,4.388888888888889,79.0,4.027777777777778,72.5,0.3611111111111116,6.5
qwen25_15b,397,msc_valid,10,lexical_tfidf,0.35,18,4.472222222222222,80.5,4.027777777777778,72.5,0.44444444444444464,8.0
qwen25_15b,397,msc_valid,10,recency_keep_compress_drop,0.35,18,4.333333333333333,78.0,4.027777777777778,72.5,0.30555555555555536,5.5
qwen25_15b,397,msc_valid,10,uniform,0.5,18,4.416666666666667,79.5,4.027777777777778,72.5,0.3888888888888893,7.0
qwen25_15b,397,msc_valid,10,longllmlingua,0.5,18,4.166666666666667,75.0,4.027777777777778,72.5,0.13888888888888928,2.5
qwen25_15b,397,msc_valid,10,recency,0.5,18,4.194444444444445,75.5,4.027777777777778,72.5,0.16666666666666696,3.0
qwen25_15b,397,msc_valid,10,lexical_tfidf,0.5,18,4.5,81.0,4.027777777777778,72.5,0.4722222222222223,8.5
qwen25_15b,397,msc_valid,10,recency_keep_compress_drop,0.5,18,4.194444444444445,75.5,4.027777777777778,72.5,0.16666666666666696,3.0
qwen25_15b,397,msc_valid,12,uniform,0.2,23,2.4239130434782608,55.75,1.9891304347826086,45.75,0.4347826086956521,10.0
qwen25_15b,397,msc_valid,12,longllmlingua,0.2,23,2.239130434782609,51.5,1.9891304347826086,45.75,0.2500000000000002,5.75
qwen25_15b,397,msc_valid,12,recency,0.2,23,2.391304347826087,55.0,1.9891304347826086,45.75,0.40217391304347827,9.25
qwen25_15b,397,msc_valid,12,lexical_tfidf,0.2,23,2.3369565217391304,53.75,1.9891304347826086,45.75,0.34782608695652173,8.0
qwen25_15b,397,msc_valid,12,recency_keep_compress_drop,0.2,23,2.358695652173913,54.25,1.9891304347826086,45.75,0.36956521739130443,8.5
qwen25_15b,397,msc_valid,12,uniform,0.35,23,2.239130434782609,51.5,1.9891304347826086,45.75,0.2500000000000002,5.75
qwen25_15b,397,msc_valid,12,longllmlingua,0.35,23,2.1956521739130435,50.5,1.9891304347826086,45.75,0.2065217391304348,4.75
qwen25_15b,397,msc_valid,12,recency,0.35,23,2.282608695652174,52.5,1.9891304347826086,45.75,0.2934782608695652,6.75
qwen25_15b,397,msc_valid,12,lexical_tfidf,0.35,23,2.282608695652174,52.5,1.9891304347826086,45.75,0.2934782608695652,6.75
qwen25_15b,397,msc_valid,12,recency_keep_compress_drop,0.35,23,2.3152173913043477,53.25,1.9891304347826086,45.75,0.326086956521739,7.5
qwen25_15b,397,msc_valid,12,uniform,0.5,23,2.1630434782608696,49.75,1.9891304347826086,45.75,0.17391304347826098,4.0
qwen25_15b,397,msc_valid,12,longllmlingua,0.5,23,2.119565217391304,48.75,1.9891304347826086,45.75,0.13043478260869557,3.0
qwen25_15b,397,msc_valid,12,recency,0.5,23,2.1847826086956523,50.25,1.9891304347826086,45.75,0.19565217391304368,4.5
qwen25_15b,397,msc_valid,12,lexical_tfidf,0.5,23,2.2282608695652173,51.25,1.9891304347826086,45.75,0.23913043478260865,5.5
qwen25_15b,397,msc_valid,12,recency_keep_compress_drop,0.5,23,2.1956521739130435,50.5,1.9891304347826086,45.75,0.2065217391304348,4.75
qwen25_15b,405,msc_valid,4,uniform,0.2,15,2.8,42.0,2.4,36.0,0.3999999999999999,6.0
qwen25_15b,405,msc_valid,4,longllmlingua,0.2,15,2.45,36.75,2.4,36.0,0.050000000000000266,0.75
qwen25_15b,405,msc_valid,4,recency,0.2,15,2.8,42.0,2.4,36.0,0.3999999999999999,6.0
qwen25_15b,405,msc_valid,4,lexical_tfidf,0.2,15,2.8,42.0,2.4,36.0,0.3999999999999999,6.0
qwen25_15b,405,msc_valid,4,recency_keep_compress_drop,0.2,15,2.8,42.0,2.4,36.0,0.3999999999999999,6.0
qwen25_15b,405,msc_valid,4,uniform,0.35,15,2.6333333333333333,39.5,2.4,36.0,0.2333333333333334,3.5
qwen25_15b,405,msc_valid,4,longllmlingua,0.35,15,2.316666666666667,34.75,2.4,36.0,-0.08333333333333304,-1.25
qwen25_15b,405,msc_valid,4,recency,0.35,15,2.6333333333333333,39.5,2.4,36.0,0.2333333333333334,3.5
qwen25_15b,405,msc_valid,4,lexical_tfidf,0.35,15,2.6333333333333333,39.5,2.4,36.0,0.2333333333333334,3.5
qwen25_15b,405,msc_valid,4,recency_keep_compress_drop,0.35,15,2.6333333333333333,39.5,2.4,36.0,0.2333333333333334,3.5
qwen25_15b,405,msc_valid,4,uniform,0.5,15,2.6333333333333333,39.5,2.4,36.0,0.2333333333333334,3.5
qwen25_15b,405,msc_valid,4,longllmlingua,0.5,15,2.2,33.0,2.4,36.0,-0.19999999999999973,-3.0
qwen25_15b,405,msc_valid,4,recency,0.5,15,2.6333333333333333,39.5,2.4,36.0,0.2333333333333334,3.5
qwen25_15b,405,msc_valid,4,lexical_tfidf,0.5,15,2.6333333333333333,39.5,2.4,36.0,0.2333333333333334,3.5
qwen25_15b,405,msc_valid,4,recency_keep_compress_drop,0.5,15,2.6333333333333333,39.5,2.4,36.0,0.2333333333333334,3.5
qwen25_15b,405,msc_valid,6,uniform,0.2,16,3.796875,60.75,3.21875,51.5,0.578125,9.25
qwen25_15b,405,msc_valid,6,longllmlingua,0.2,16,3.515625,56.25,3.21875,51.5,0.296875,4.75
qwen25_15b,405,msc_valid,6,recency,0.2,16,3.796875,60.75,3.21875,51.5,0.578125,9.25
qwen25_15b,405,msc_valid,6,lexical_tfidf,0.2,16,3.796875,60.75,3.21875,51.5,0.578125,9.25
qwen25_15b,405,msc_valid,6,recency_keep_compress_drop,0.2,16,3.828125,61.25,3.21875,51.5,0.609375,9.75
qwen25_15b,405,msc_valid,6,uniform,0.35,16,3.4375,55.0,3.21875,51.5,0.21875,3.5
qwen25_15b,405,msc_valid,6,longllmlingua,0.35,16,3.3125,53.0,3.21875,51.5,0.09375,1.5
qwen25_15b,405,msc_valid,6,recency,0.35,16,3.546875,56.75,3.21875,51.5,0.328125,5.25
qwen25_15b,405,msc_valid,6,lexical_tfidf,0.35,16,3.546875,56.75,3.21875,51.5,0.328125,5.25
qwen25_15b,405,msc_valid,6,recency_keep_compress_drop,0.35,16,3.546875,56.75,3.21875,51.5,0.328125,5.25
qwen25_15b,405,msc_valid,6,uniform,0.5,16,3.625,58.0,3.21875,51.5,0.40625,6.5
qwen25_15b,405,msc_valid,6,longllmlingua,0.5,16,3.171875,50.75,3.21875,51.5,-0.046875,-0.75
qwen25_15b,405,msc_valid,6,recency,0.5,16,3.546875,56.75,3.21875,51.5,0.328125,5.25
qwen25_15b,405,msc_valid,6,lexical_tfidf,0.5,16,3.546875,56.75,3.21875,51.5,0.328125,5.25
qwen25_15b,405,msc_valid,6,recency_keep_compress_drop,0.5,16,3.359375,53.75,3.21875,51.5,0.140625,2.25
qwen25_15b,405,msc_valid,8,uniform,0.2,20,3.575,71.5,3.0875,61.75,0.48750000000000027,9.75
qwen25_15b,405,msc_valid,8,longllmlingua,0.2,20,3.1875,63.75,3.0875,61.75,0.10000000000000009,2.0
qwen25_15b,405,msc_valid,8,recency,0.2,20,3.35,67.0,3.0875,61.75,0.2625000000000002,5.25
qwen25_15b,405,msc_valid,8,lexical_tfidf,0.2,20,3.35,67.0,3.0875,61.75,0.2625000000000002,5.25
qwen25_15b,405,msc_valid,8,recency_keep_compress_drop,0.2,20,3.35,67.0,3.0875,61.75,0.2625000000000002,5.25
qwen25_15b,405,msc_valid,8,uniform,0.35,20,3.6,72.0,3.0875,61.75,0.5125000000000002,10.25
qwen25_15b,405,msc_valid,8,longllmlingua,0.35,20,2.9375,58.75,3.0875,61.75,-0.1499999999999999,-3.0
qwen25_15b,405,msc_valid,8,recency,0.35,20,3.3,66.0,3.0875,61.75,0.2124999999999999,4.25
qwen25_15b,405,msc_valid,8,lexical_tfidf,0.35,20,3.3,66.0,3.0875,61.75,0.2124999999999999,4.25
qwen25_15b,405,msc_valid,8,recency_keep_compress_drop,0.35,20,3.2,64.0,3.0875,61.75,0.11250000000000027,2.25
qwen25_15b,405,msc_valid,8,uniform,0.5,20,3.4,68.0,3.0875,61.75,0.3125,6.25
qwen25_15b,405,msc_valid,8,longllmlingua,0.5,20,3.0625,61.25,3.0875,61.75,-0.02499999999999991,-0.5
qwen25_15b,405,msc_valid,8,recency,0.5,20,3.275,65.5,3.0875,61.75,0.1875,3.75
qwen25_15b,405,msc_valid,8,lexical_tfidf,0.5,20,3.225,64.5,3.0875,61.75,0.13750000000000018,2.75
qwen25_15b,405,msc_valid,8,recency_keep_compress_drop,0.5,20,3.1,62.0,3.0875,61.75,0.012500000000000178,0.25
qwen25_15b,405,msc_valid,10,uniform,0.2,19,3.8947368421052633,74.0,3.6578947368421053,69.5,0.23684210526315796,4.5
qwen25_15b,405,msc_valid,10,longllmlingua,0.2,19,3.526315789473684,67.0,3.6578947368421053,69.5,-0.13157894736842124,-2.5
qwen25_15b,405,msc_valid,10,recency,0.2,19,3.8947368421052633,74.0,3.6578947368421053,69.5,0.23684210526315796,4.5
qwen25_15b,405,msc_valid,10,lexical_tfidf,0.2,19,3.789473684210526,72.0,3.6578947368421053,69.5,0.1315789473684208,2.5
qwen25_15b,405,msc_valid,10,recency_keep_compress_drop,0.2,19,3.9210526315789473,74.5,3.6578947368421053,69.5,0.26315789473684204,5.0
qwen25_15b,405,msc_valid,10,uniform,0.35,19,3.789473684210526,72.0,3.6578947368421053,69.5,0.1315789473684208,2.5
qwen25_15b,405,msc_valid,10,longllmlingua,0.35,19,3.5526315789473686,67.5,3.6578947368421053,69.5,-0.10526315789473673,-2.0
qwen25_15b,405,msc_valid,10,recency,0.35,19,3.710526315789474,70.5,3.6578947368421053,69.5,0.052631578947368585,1.0
qwen25_15b,405,msc_valid,10,lexical_tfidf,0.35,19,3.6842105263157894,70.0,3.6578947368421053,69.5,0.02631578947368407,0.5
qwen25_15b,405,msc_valid,10,recency_keep_compress_drop,0.35,19,3.763157894736842,71.5,3.6578947368421053,69.5,0.10526315789473673,2.0
qwen25_15b,405,msc_valid,10,uniform,0.5,19,3.710526315789474,70.5,3.6578947368421053,69.5,0.052631578947368585,1.0
qwen25_15b,405,msc_valid,10,longllmlingua,0.5,19,3.5,66.5,3.6578947368421053,69.5,-0.1578947368421053,-3.0
qwen25_15b,405,msc_valid,10,recency,0.5,19,3.736842105263158,71.0,3.6578947368421053,69.5,0.07894736842105265,1.5
qwen25_15b,405,msc_valid,10,lexical_tfidf,0.5,19,3.6842105263157894,70.0,3.6578947368421053,69.5,0.02631578947368407,0.5
qwen25_15b,405,msc_valid,10,recency_keep_compress_drop,0.5,19,3.6842105263157894,70.0,3.6578947368421053,69.5,0.02631578947368407,0.5
qwen25_15b,405,msc_valid,12,uniform,0.2,13,1.8269230769230769,23.75,1.5384615384615385,20.0,0.2884615384615383,3.75
qwen25_15b,405,msc_valid,12,longllmlingua,0.2,13,1.5673076923076923,20.375,1.5384615384615385,20.0,0.028846153846153744,0.375
qwen25_15b,405,msc_valid,12,recency,0.2,13,2.1923076923076925,28.5,1.5384615384615385,20.0,0.653846153846154,8.5
qwen25_15b,405,msc_valid,12,lexical_tfidf,0.2,13,1.8173076923076923,23.625,1.5384615384615385,20.0,0.27884615384615374,3.625
qwen25_15b,405,msc_valid,12,recency_keep_compress_drop,0.2,13,2.2596153846153846,29.375,1.5384615384615385,20.0,0.721153846153846,9.375
qwen25_15b,405,msc_valid,12,uniform,0.35,13,1.4903846153846154,19.375,1.5384615384615385,20.0,-0.04807692307692313,-0.625
qwen25_15b,405,msc_valid,12,longllmlingua,0.35,13,1.3653846153846154,17.75,1.5384615384615385,20.0,-0.17307692307692313,-2.25
qwen25_15b,405,msc_valid,12,recency,0.35,13,1.9519230769230769,25.375,1.5384615384615385,20.0,0.4134615384615383,5.375
qwen25_15b,405,msc_valid,12,lexical_tfidf,0.35,13,1.5673076923076923,20.375,1.5384615384615385,20.0,0.028846153846153744,0.375
qwen25_15b,405,msc_valid,12,recency_keep_compress_drop,0.35,13,2.0288461538461537,26.375,1.5384615384615385,20.0,0.4903846153846152,6.375
qwen25_15b,405,msc_valid,12,uniform,0.5,13,1.5576923076923077,20.25,1.5384615384615385,20.0,0.019230769230769162,0.25
qwen25_15b,405,msc_valid,12,longllmlingua,0.5,13,1.3557692307692308,17.625,1.5384615384615385,20.0,-0.1826923076923077,-2.375
qwen25_15b,405,msc_valid,12,recency,0.5,13,1.9038461538461537,24.75,1.5384615384615385,20.0,0.3653846153846152,4.75
qwen25_15b,405,msc_valid,12,lexical_tfidf,0.5,13,1.6826923076923077,21.875,1.5384615384615385,20.0,0.14423076923076916,1.875
qwen25_15b,405,msc_valid,12,recency_keep_compress_drop,0.5,13,1.9423076923076923,25.25,1.5384615384615385,20.0,0.40384615384615374,5.25
qwen25_15b,405,msc_valid,14,uniform,0.2,14,2.2232142857142856,31.125,1.7678571428571428,24.75,0.4553571428571428,6.375
qwen25_15b,405,msc_valid,14,longllmlingua,0.2,14,2.1517857142857144,30.125,1.7678571428571428,24.75,0.3839285714285716,5.375
qwen25_15b,405,msc_valid,14,recency,0.2,14,2.1607142857142856,30.25,1.7678571428571428,24.75,0.3928571428571428,5.5
qwen25_15b,405,msc_valid,14,lexical_tfidf,0.2,14,2.3392857142857144,32.75,1.7678571428571428,24.75,0.5714285714285716,8.0
qwen25_15b,405,msc_valid,14,recency_keep_compress_drop,0.2,14,2.0357142857142856,28.5,1.7678571428571428,24.75,0.2678571428571428,3.75
qwen25_15b,405,msc_valid,14,uniform,0.35,14,2.2589285714285716,31.625,1.7678571428571428,24.75,0.4910714285714288,6.875
qwen25_15b,405,msc_valid,14,longllmlingua,0.35,14,2.0535714285714284,28.75,1.7678571428571428,24.75,0.2857142857142856,4.0
qwen25_15b,405,msc_valid,14,recency,0.35,14,2.0267857142857144,28.375,1.7678571428571428,24.75,0.2589285714285716,3.625
qwen25_15b,405,msc_valid,14,lexical_tfidf,0.35,14,2.1339285714285716,29.875,1.7678571428571428,24.75,0.3660714285714288,5.125
qwen25_15b,405,msc_valid,14,recency_keep_compress_drop,0.35,14,1.9017857142857142,26.625,1.7678571428571428,24.75,0.1339285714285714,1.875
qwen25_15b,405,msc_valid,14,uniform,0.5,14,2.1607142857142856,30.25,1.7678571428571428,24.75,0.3928571428571428,5.5
qwen25_15b,405,msc_valid,14,longllmlingua,0.5,14,2.017857142857143,28.25,1.7678571428571428,24.75,0.25,3.5
qwen25_15b,405,msc_valid,14,recency,0.5,14,1.75,24.5,1.7678571428571428,24.75,-0.017857142857142794,-0.25
qwen25_15b,405,msc_valid,14,lexical_tfidf,0.5,14,1.9910714285714286,27.875,1.7678571428571428,24.75,0.2232142857142858,3.125
qwen25_15b,405,msc_valid,14,recency_keep_compress_drop,0.5,14,1.7410714285714286,24.375,1.7678571428571428,24.75,-0.02678571428571419,-0.375
qwen25_15b,443,msc_valid,4,uniform,0.2,9,4.555555555555555,41.0,4.138888888888889,37.25,0.4166666666666661,3.75
qwen25_15b,443,msc_valid,4,longllmlingua,0.2,9,4.111111111111111,37.0,4.138888888888889,37.25,-0.027777777777778567,-0.25
qwen25_15b,443,msc_valid,4,recency,0.2,9,4.555555555555555,41.0,4.138888888888889,37.25,0.4166666666666661,3.75
qwen25_15b,443,msc_valid,4,lexical_tfidf,0.2,9,4.555555555555555,41.0,4.138888888888889,37.25,0.4166666666666661,3.75
qwen25_15b,443,msc_valid,4,recency_keep_compress_drop,0.2,9,4.555555555555555,41.0,4.138888888888889,37.25,0.4166666666666661,3.75
qwen25_15b,443,msc_valid,4,uniform,0.35,9,4.416666666666667,39.75,4.138888888888889,37.25,0.2777777777777777,2.5
qwen25_15b,443,msc_valid,4,longllmlingua,0.35,9,4.0,36.0,4.138888888888889,37.25,-0.13888888888888928,-1.25
qwen25_15b,443,msc_valid,4,recency,0.35,9,4.416666666666667,39.75,4.138888888888889,37.25,0.2777777777777777,2.5
qwen25_15b,443,msc_valid,4,lexical_tfidf,0.35,9,4.416666666666667,39.75,4.138888888888889,37.25,0.2777777777777777,2.5
qwen25_15b,443,msc_valid,4,recency_keep_compress_drop,0.35,9,4.416666666666667,39.75,4.138888888888889,37.25,0.2777777777777777,2.5
qwen25_15b,443,msc_valid,4,uniform,0.5,9,4.416666666666667,39.75,4.138888888888889,37.25,0.2777777777777777,2.5
qwen25_15b,443,msc_valid,4,longllmlingua,0.5,9,3.611111111111111,32.5,4.138888888888889,37.25,-0.5277777777777781,-4.75
qwen25_15b,443,msc_valid,4,recency,0.5,9,4.416666666666667,39.75,4.138888888888889,37.25,0.2777777777777777,2.5
qwen25_15b,443,msc_valid,4,lexical_tfidf,0.5,9,4.416666666666667,39.75,4.138888888888889,37.25,0.2777777777777777,2.5
qwen25_15b,443,msc_valid,4,recency_keep_compress_drop,0.5,9,4.416666666666667,39.75,4.138888888888889,37.25,0.2777777777777777,2.5
qwen25_15b,443,msc_valid,6,uniform,0.2,13,1.8653846153846154,24.25,1.5961538461538463,20.75,0.26923076923076916,3.5
qwen25_15b,443,msc_valid,6,longllmlingua,0.2,13,1.6730769230769231,21.75,1.5961538461538463,20.75,0.07692307692307687,1.0
qwen25_15b,443,msc_valid,6,recency,0.2,13,1.8653846153846154,24.25,1.5961538461538463,20.75,0.26923076923076916,3.5
qwen25_15b,443,msc_valid,6,lexical_tfidf,0.2,13,1.8653846153846154,24.25,1.5961538461538463,20.75,0.26923076923076916,3.5
qwen25_15b,443,msc_valid,6,recency_keep_compress_drop,0.2,13,1.8653846153846154,24.25,1.5961538461538463,20.75,0.26923076923076916,3.5
qwen25_15b,443,msc_valid,6,uniform,0.35,13,1.9326923076923077,25.125,1.5961538461538463,20.75,0.33653846153846145,4.375
qwen25_15b,443,msc_valid,6,longllmlingua,0.35,13,1.7211538461538463,22.375,1.5961538461538463,20.75,0.125,1.625
qwen25_15b,443,msc_valid,6,recency,0.35,13,1.8653846153846154,24.25,1.5961538461538463,20.75,0.26923076923076916,3.5
qwen25_15b,443,msc_valid,6,lexical_tfidf,0.35,13,1.9326923076923077,25.125,1.5961538461538463,20.75,0.33653846153846145,4.375
qwen25_15b,443,msc_valid,6,recency_keep_compress_drop,0.35,13,1.8653846153846154,24.25,1.5961538461538463,20.75,0.26923076923076916,3.5
qwen25_15b,443,msc_valid,6,uniform,0.5,13,2.0,26.0,1.5961538461538463,20.75,0.40384615384615374,5.25
qwen25_15b,443,msc_valid,6,longllmlingua,0.5,13,1.7115384615384615,22.25,1.5961538461538463,20.75,0.1153846153846152,1.5
qwen25_15b,443,msc_valid,6,recency,0.5,13,1.7307692307692308,22.5,1.5961538461538463,20.75,0.13461538461538458,1.75
qwen25_15b,443,msc_valid,6,lexical_tfidf,0.5,13,1.875,24.375,1.5961538461538463,20.75,0.27884615384615374,3.625
qwen25_15b,443,msc_valid,6,recency_keep_compress_drop,0.5,13,1.6923076923076923,22.0,1.5961538461538463,20.75,0.09615384615384603,1.25
qwen25_15b,443,msc_valid,8,uniform,0.2,8,4.75,38.0,3.4375,27.5,1.3125,10.5
qwen25_15b,443,msc_valid,8,longllmlingua,0.2,8,4.53125,36.25,3.4375,27.5,1.09375,8.75
qwen25_15b,443,msc_valid,8,recency,0.2,8,4.6875,37.5,3.4375,27.5,1.25,10.0
qwen25_15b,443,msc_valid,8,lexical_tfidf,0.2,8,4.40625,35.25,3.4375,27.5,0.96875,7.75
qwen25_15b,443,msc_valid,8,recency_keep_compress_drop,0.2,8,4.6875,37.5,3.4375,27.5,1.25,10.0
qwen25_15b,443,msc_valid,8,uniform,0.35,8,4.5625,36.5,3.4375,27.5,1.125,9.0
qwen25_15b,443,msc_valid,8,longllmlingua,0.35,8,4.25,34.0,3.4375,27.5,0.8125,6.5
qwen25_15b,443,msc_valid,8,recency,0.35,8,4.125,33.0,3.4375,27.5,0.6875,5.5
qwen25_15b,443,msc_valid,8,lexical_tfidf,0.35,8,4.3125,34.5,3.4375,27.5,0.875,7.0
qwen25_15b,443,msc_valid,8,recency_keep_compress_drop,0.35,8,4.03125,32.25,3.4375,27.5,0.59375,4.75
qwen25_15b,443,msc_valid,8,uniform,0.5,8,4.40625,35.25,3.4375,27.5,0.96875,7.75
qwen25_15b,443,msc_valid,8,longllmlingua,0.5,8,3.6875,29.5,3.4375,27.5,0.25,2.0
qwen25_15b,443,msc_valid,8,recency,0.5,8,3.6875,29.5,3.4375,27.5,0.25,2.0
qwen25_15b,443,msc_valid,8,lexical_tfidf,0.5,8,3.796875,30.375,3.4375,27.5,0.359375,2.875
qwen25_15b,443,msc_valid,8,recency_keep_compress_drop,0.5,8,4.03125,32.25,3.4375,27.5,0.59375,4.75
qwen25_15b,443,msc_valid,10,uniform,0.2,14,2.5714285714285716,36.0,2.2767857142857144,31.875,0.2946428571428572,4.125
qwen25_15b,443,msc_valid,10,longllmlingua,0.2,14,2.4464285714285716,34.25,2.2767857142857144,31.875,0.1696428571428572,2.375
qwen25_15b,443,msc_valid,10,recency,0.2,14,3.3035714285714284,46.25,2.2767857142857144,31.875,1.026785714285714,14.375
qwen25_15b,443,msc_valid,10,lexical_tfidf,0.2,14,3.3035714285714284,46.25,2.2767857142857144,31.875,1.026785714285714,14.375
qwen25_15b,443,msc_valid,10,recency_keep_compress_drop,0.2,14,3.3035714285714284,46.25,2.2767857142857144,31.875,1.026785714285714,14.375
qwen25_15b,443,msc_valid,10,uniform,0.35,14,2.6785714285714284,37.5,2.2767857142857144,31.875,0.40178571428571397,5.625
qwen25_15b,443,msc_valid,10,longllmlingua,0.35,14,2.4107142857142856,33.75,2.2767857142857144,31.875,0.13392857142857117,1.875
qwen25_15b,443,msc_valid,10,recency,0.35,14,3.1964285714285716,44.75,2.2767857142857144,31.875,0.9196428571428572,12.875
qwen25_15b,443,msc_valid,10,lexical_tfidf,0.35,14,2.6964285714285716,37.75,2.2767857142857144,31.875,0.4196428571428572,5.875
qwen25_15b,443,msc_valid,10,recency_keep_compress_drop,0.35,14,3.0714285714285716,43.0,2.2767857142857144,31.875,0.7946428571428572,11.125
qwen25_15b,443,msc_valid,10,uniform,0.5,14,2.392857142857143,33.5,2.2767857142857144,31.875,0.11607142857142838,1.625
qwen25_15b,443,msc_valid,10,longllmlingua,0.5,14,2.4642857142857144,34.5,2.2767857142857144,31.875,0.1875,2.625
qwen25_15b,443,msc_valid,10,recency,0.5,14,2.9642857142857144,41.5,2.2767857142857144,31.875,0.6875,9.625
qwen25_15b,443,msc_valid,10,lexical_tfidf,0.5,14,2.392857142857143,33.5,2.2767857142857144,31.875,0.11607142857142838,1.625
qwen25_15b,443,msc_valid,10,recency_keep_compress_drop,0.5,14,2.392857142857143,33.5,2.2767857142857144,31.875,0.11607142857142838,1.625
qwen25_15b,443,msc_valid,12,uniform,0.2,15,4.05,60.75,2.783333333333333,41.75,1.2666666666666666,19.0
qwen25_15b,443,msc_valid,12,longllmlingua,0.2,15,2.9166666666666665,43.75,2.783333333333333,41.75,0.1333333333333333,2.0
qwen25_15b,443,msc_valid,12,recency,0.2,15,4.083333333333333,61.25,2.783333333333333,41.75,1.2999999999999998,19.5
qwen25_15b,443,msc_valid,12,lexical_tfidf,0.2,15,3.7333333333333334,56.0,2.783333333333333,41.75,0.9500000000000002,14.25
qwen25_15b,443,msc_valid,12,recency_keep_compress_drop,0.2,15,3.0166666666666666,45.25,2.783333333333333,41.75,0.2333333333333334,3.5
qwen25_15b,443,msc_valid,12,uniform,0.35,15,3.716666666666667,55.75,2.783333333333333,41.75,0.9333333333333336,14.0
qwen25_15b,443,msc_valid,12,longllmlingua,0.35,15,2.75,41.25,2.783333333333333,41.75,-0.033333333333333215,-0.5
qwen25_15b,443,msc_valid,12,recency,0.35,15,3.066666666666667,46.0,2.783333333333333,41.75,0.28333333333333366,4.25
qwen25_15b,443,msc_valid,12,lexical_tfidf,0.35,15,2.9166666666666665,43.75,2.783333333333333,41.75,0.1333333333333333,2.0
qwen25_15b,443,msc_valid,12,recency_keep_compress_drop,0.35,15,3.0,45.0,2.783333333333333,41.75,0.21666666666666679,3.25
qwen25_15b,443,msc_valid,12,uniform,0.5,15,3.6666666666666665,55.0,2.783333333333333,41.75,0.8833333333333333,13.25
qwen25_15b,443,msc_valid,12,longllmlingua,0.5,15,2.5166666666666666,37.75,2.783333333333333,41.75,-0.2666666666666666,-4.0
qwen25_15b,443,msc_valid,12,recency,0.5,15,2.4,36.0,2.783333333333333,41.75,-0.3833333333333333,-5.75
qwen25_15b,443,msc_valid,12,lexical_tfidf,0.5,15,2.8333333333333335,42.5,2.783333333333333,41.75,0.050000000000000266,0.75
qwen25_15b,443,msc_valid,12,recency_keep_compress_drop,0.5,15,3.0,45.0,2.783333333333333,41.75,0.21666666666666679,3.25
qwen25_15b,443,msc_valid,14,uniform,0.2,11,2.840909090909091,31.25,2.4204545454545454,26.625,0.4204545454545454,4.625
qwen25_15b,443,msc_valid,14,longllmlingua,0.2,11,2.6931818181818183,29.625,2.4204545454545454,26.625,0.27272727272727293,3.0
qwen25_15b,443,msc_valid,14,recency,0.2,11,2.715909090909091,29.875,2.4204545454545454,26.625,0.2954545454545454,3.25
qwen25_15b,443,msc_valid,14,lexical_tfidf,0.2,11,2.75,30.25,2.4204545454545454,26.625,0.3295454545454546,3.625
qwen25_15b,443,msc_valid,14,recency_keep_compress_drop,0.2,11,2.715909090909091,29.875,2.4204545454545454,26.625,0.2954545454545454,3.25
qwen25_15b,443,msc_valid,14,uniform,0.35,11,2.727272727272727,30.0,2.4204545454545454,26.625,0.30681818181818166,3.375
qwen25_15b,443,msc_valid,14,longllmlingua,0.35,11,2.9545454545454546,32.5,2.4204545454545454,26.625,0.5340909090909092,5.875
qwen25_15b,443,msc_valid,14,recency,0.35,11,2.659090909090909,29.25,2.4204545454545454,26.625,0.23863636363636376,2.625
qwen25_15b,443,msc_valid,14,lexical_tfidf,0.35,11,2.7613636363636362,30.375,2.4204545454545454,26.625,0.34090909090909083,3.75
qwen25_15b,443,msc_valid,14,recency_keep_compress_drop,0.35,11,2.75,30.25,2.4204545454545454,26.625,0.3295454545454546,3.625
qwen25_15b,443,msc_valid,14,uniform,0.5,11,2.8181818181818183,31.0,2.4204545454545454,26.625,0.39772727272727293,4.375
qwen25_15b,443,msc_valid,14,longllmlingua,0.5,11,2.659090909090909,29.25,2.4204545454545454,26.625,0.23863636363636376,2.625
qwen25_15b,443,msc_valid,14,recency,0.5,11,2.9545454545454546,32.5,2.4204545454545454,26.625,0.5340909090909092,5.875
qwen25_15b,443,msc_valid,14,lexical_tfidf,0.5,11,2.6704545454545454,29.375,2.4204545454545454,26.625,0.25,2.75
qwen25_15b,443,msc_valid,14,recency_keep_compress_drop,0.5,11,2.6931818181818183,29.625,2.4204545454545454,26.625,0.27272727272727293,3.0
qwen25_15b,465,msc_valid,4,uniform,0.2,23,3.9130434782608696,90.0,3.608695652173913,83.0,0.30434782608695654,7.0
qwen25_15b,465,msc_valid,4,longllmlingua,0.2,23,3.5652173913043477,82.0,3.608695652173913,83.0,-0.04347826086956541,-1.0
qwen25_15b,465,msc_valid,4,recency,0.2,23,3.9130434782608696,90.0,3.608695652173913,83.0,0.30434782608695654,7.0
qwen25_15b,465,msc_valid,4,lexical_tfidf,0.2,23,3.9130434782608696,90.0,3.608695652173913,83.0,0.30434782608695654,7.0
qwen25_15b,465,msc_valid,4,recency_keep_compress_drop,0.2,23,3.9130434782608696,90.0,3.608695652173913,83.0,0.30434782608695654,7.0
qwen25_15b,465,msc_valid,4,uniform,0.35,23,3.9130434782608696,90.0,3.608695652173913,83.0,0.30434782608695654,7.0
qwen25_15b,465,msc_valid,4,longllmlingua,0.35,23,3.4347826086956523,79.0,3.608695652173913,83.0,-0.17391304347826075,-4.0
qwen25_15b,465,msc_valid,4,recency,0.35,23,3.9130434782608696,90.0,3.608695652173913,83.0,0.30434782608695654,7.0
qwen25_15b,465,msc_valid,4,lexical_tfidf,0.35,23,3.9130434782608696,90.0,3.608695652173913,83.0,0.30434782608695654,7.0
qwen25_15b,465,msc_valid,4,recency_keep_compress_drop,0.35,23,3.9130434782608696,90.0,3.608695652173913,83.0,0.30434782608695654,7.0
qwen25_15b,465,msc_valid,4,uniform,0.5,23,3.717391304347826,85.5,3.608695652173913,83.0,0.10869565217391308,2.5
qwen25_15b,465,msc_valid,4,longllmlingua,0.5,23,3.5434782608695654,81.5,3.608695652173913,83.0,-0.06521739130434767,-1.5
qwen25_15b,465,msc_valid,4,recency,0.5,23,3.717391304347826,85.5,3.608695652173913,83.0,0.10869565217391308,2.5
qwen25_15b,465,msc_valid,4,lexical_tfidf,0.5,23,3.717391304347826,85.5,3.608695652173913,83.0,0.10869565217391308,2.5
qwen25_15b,465,msc_valid,4,recency_keep_compress_drop,0.5,23,3.717391304347826,85.5,3.608695652173913,83.0,0.10869565217391308,2.5
qwen25_15b,465,msc_valid,8,uniform,0.2,14,5.214285714285714,73.0,4.714285714285714,66.0,0.5,7.0
qwen25_15b,465,msc_valid,8,longllmlingua,0.2,14,5.071428571428571,71.0,4.714285714285714,66.0,0.35714285714285676,5.0
qwen25_15b,465,msc_valid,8,recency,0.2,14,5.464285714285714,76.5,4.714285714285714,66.0,0.75,10.5
qwen25_15b,465,msc_valid,8,lexical_tfidf,0.2,14,5.285714285714286,74.0,4.714285714285714,66.0,0.5714285714285712,8.0
qwen25_15b,465,msc_valid,8,recency_keep_compress_drop,0.2,14,5.321428571428571,74.5,4.714285714285714,66.0,0.6071428571428568,8.5
qwen25_15b,465,msc_valid,8,uniform,0.35,14,5.428571428571429,76.0,4.714285714285714,66.0,0.7142857142857144,10.0
qwen25_15b,465,msc_valid,8,longllmlingua,0.35,14,4.964285714285714,69.5,4.714285714285714,66.0,0.25,3.5
qwen25_15b,465,msc_valid,8,recency,0.35,14,5.25,73.5,4.714285714285714,66.0,0.5357142857142856,7.5
qwen25_15b,465,msc_valid,8,lexical_tfidf,0.35,14,4.928571428571429,69.0,4.714285714285714,66.0,0.2142857142857144,3.0
qwen25_15b,465,msc_valid,8,recency_keep_compress_drop,0.35,14,5.178571428571429,72.5,4.714285714285714,66.0,0.4642857142857144,6.5
qwen25_15b,465,msc_valid,8,uniform,0.5,14,5.142857142857143,72.0,4.714285714285714,66.0,0.4285714285714288,6.0
qwen25_15b,465,msc_valid,8,longllmlingua,0.5,14,4.821428571428571,67.5,4.714285714285714,66.0,0.10714285714285676,1.5
qwen25_15b,465,msc_valid,8,recency,0.5,14,5.035714285714286,70.5,4.714285714285714,66.0,0.3214285714285712,4.5
qwen25_15b,465,msc_valid,8,lexical_tfidf,0.5,14,4.857142857142857,68.0,4.714285714285714,66.0,0.14285714285714235,2.0
qwen25_15b,465,msc_valid,8,recency_keep_compress_drop,0.5,14,4.892857142857143,68.5,4.714285714285714,66.0,0.17857142857142883,2.5
qwen25_15b,465,msc_valid,12,uniform,0.2,15,3.216666666666667,48.25,2.7,40.5,0.5166666666666666,7.75
qwen25_15b,465,msc_valid,12,longllmlingua,0.2,15,2.9833333333333334,44.75,2.7,40.5,0.2833333333333332,4.25
qwen25_15b,465,msc_valid,12,recency,0.2,15,3.1666666666666665,47.5,2.7,40.5,0.46666666666666634,7.0
qwen25_15b,465,msc_valid,12,lexical_tfidf,0.2,15,3.283333333333333,49.25,2.7,40.5,0.583333333333333,8.75
qwen25_15b,465,msc_valid,12,recency_keep_compress_drop,0.2,15,3.1666666666666665,47.5,2.7,40.5,0.46666666666666634,7.0
qwen25_15b,465,msc_valid,12,uniform,0.35,15,2.966666666666667,44.5,2.7,40.5,0.2666666666666666,4.0
qwen25_15b,465,msc_valid,12,longllmlingua,0.35,15,2.9166666666666665,43.75,2.7,40.5,0.21666666666666634,3.25
qwen25_15b,465,msc_valid,12,recency,0.35,15,2.966666666666667,44.5,2.7,40.5,0.2666666666666666,4.0
qwen25_15b,465,msc_valid,12,lexical_tfidf,0.35,15,3.283333333333333,49.25,2.7,40.5,0.583333333333333,8.75
qwen25_15b,465,msc_valid,12,recency_keep_compress_drop,0.35,15,2.95,44.25,2.7,40.5,0.25,3.75
qwen25_15b,465,msc_valid,12,uniform,0.5,15,2.9,43.5,2.7,40.5,0.19999999999999973,3.0
qwen25_15b,465,msc_valid,12,longllmlingua,0.5,15,2.466666666666667,37.0,2.7,40.5,-0.2333333333333334,-3.5
qwen25_15b,465,msc_valid,12,recency,0.5,15,2.9,43.5,2.7,40.5,0.19999999999999973,3.0
qwen25_15b,465,msc_valid,12,lexical_tfidf,0.5,15,3.1666666666666665,47.5,2.7,40.5,0.46666666666666634,7.0
qwen25_15b,465,msc_valid,12,recency_keep_compress_drop,0.5,15,2.816666666666667,42.25,2.7,40.5,0.1166666666666667,1.75
qwen25_15b,465,msc_valid,16,uniform,0.2,14,3.1607142857142856,44.25,2.6607142857142856,37.25,0.5,7.0
qwen25_15b,465,msc_valid,16,longllmlingua,0.2,14,3.357142857142857,47.0,2.6607142857142856,37.25,0.6964285714285716,9.75
qwen25_15b,465,msc_valid,16,recency,0.2,14,3.357142857142857,47.0,2.6607142857142856,37.25,0.6964285714285716,9.75
qwen25_15b,465,msc_valid,16,lexical_tfidf,0.2,14,2.9642857142857144,41.5,2.6607142857142856,37.25,0.3035714285714288,4.25
qwen25_15b,465,msc_valid,16,recency_keep_compress_drop,0.2,14,3.0535714285714284,42.75,2.6607142857142856,37.25,0.3928571428571428,5.5
qwen25_15b,465,msc_valid,16,uniform,0.35,14,2.9464285714285716,41.25,2.6607142857142856,37.25,0.28571428571428603,4.0
qwen25_15b,465,msc_valid,16,longllmlingua,0.35,14,3.0714285714285716,43.0,2.6607142857142856,37.25,0.41071428571428603,5.75
qwen25_15b,465,msc_valid,16,recency,0.35,14,2.982142857142857,41.75,2.6607142857142856,37.25,0.3214285714285716,4.5
qwen25_15b,465,msc_valid,16,lexical_tfidf,0.35,14,2.6785714285714284,37.5,2.6607142857142856,37.25,0.017857142857142794,0.25
qwen25_15b,465,msc_valid,16,recency_keep_compress_drop,0.35,14,3.107142857142857,43.5,2.6607142857142856,37.25,0.4464285714285716,6.25
qwen25_15b,465,msc_valid,16,uniform,0.5,14,2.7857142857142856,39.0,2.6607142857142856,37.25,0.125,1.75
qwen25_15b,465,msc_valid,16,longllmlingua,0.5,14,3.232142857142857,45.25,2.6607142857142856,37.25,0.5714285714285716,8.0
qwen25_15b,465,msc_valid,16,recency,0.5,14,2.8214285714285716,39.5,2.6607142857142856,37.25,0.16071428571428603,2.25
qwen25_15b,465,msc_valid,16,lexical_tfidf,0.5,14,2.4285714285714284,34.0,2.6607142857142856,37.25,-0.2321428571428572,-3.25
qwen25_15b,465,msc_valid,16,recency_keep_compress_drop,0.5,14,2.767857142857143,38.75,2.6607142857142856,37.25,0.1071428571428572,1.5
qwen25_15b,465,msc_valid,20,uniform,0.2,29,2.1982758620689653,63.75,2.1293103448275863,61.75,0.068965517241379,2.0
qwen25_15b,465,msc_valid,20,longllmlingua,0.2,29,2.1206896551724137,61.5,2.1293103448275863,61.75,-0.008620689655172598,-0.25
qwen25_15b,465,msc_valid,20,recency,0.2,29,2.043103448275862,59.25,2.1293103448275863,61.75,-0.0862068965517242,-2.5
qwen25_15b,465,msc_valid,20,lexical_tfidf,0.2,29,2.1379310344827585,62.0,2.1293103448275863,61.75,0.008620689655172153,0.25
qwen25_15b,465,msc_valid,20,recency_keep_compress_drop,0.2,29,2.1379310344827585,62.0,2.1293103448275863,61.75,0.008620689655172153,0.25
qwen25_15b,465,msc_valid,20,uniform,0.35,29,2.206896551724138,64.0,2.1293103448275863,61.75,0.0775862068965516,2.25
qwen25_15b,465,msc_valid,20,longllmlingua,0.35,29,2.1724137931034484,63.0,2.1293103448275863,61.75,0.0431034482758621,1.25
qwen25_15b,465,msc_valid,20,recency,0.35,29,2.060344827586207,59.75,2.1293103448275863,61.75,-0.06896551724137945,-2.0
qwen25_15b,465,msc_valid,20,lexical_tfidf,0.35,29,2.1293103448275863,61.75,2.1293103448275863,61.75,0.0,0.0
qwen25_15b,465,msc_valid,20,recency_keep_compress_drop,0.35,29,2.146551724137931,62.25,2.1293103448275863,61.75,0.01724137931034475,0.5
qwen25_15b,465,msc_valid,20,uniform,0.5,29,2.146551724137931,62.25,2.1293103448275863,61.75,0.01724137931034475,0.5
qwen25_15b,465,msc_valid,20,longllmlingua,0.5,29,2.0689655172413794,60.0,2.1293103448275863,61.75,-0.06034482758620685,-1.75
qwen25_15b,465,msc_valid,20,recency,0.5,29,2.103448275862069,61.0,2.1293103448275863,61.75,-0.02586206896551735,-0.75
qwen25_15b,465,msc_valid,20,lexical_tfidf,0.5,29,2.043103448275862,59.25,2.1293103448275863,61.75,-0.0862068965517242,-2.5
qwen25_15b,465,msc_valid,20,recency_keep_compress_drop,0.5,29,2.086206896551724,60.5,2.1293103448275863,61.75,-0.0431034482758621,-1.25
qwen25_15b,465,msc_valid,24,uniform,0.2,27,2.8333333333333335,76.5,2.4814814814814814,67.0,0.3518518518518521,9.5
qwen25_15b,465,msc_valid,24,longllmlingua,0.2,27,2.5555555555555554,69.0,2.4814814814814814,67.0,0.07407407407407396,2.0
qwen25_15b,465,msc_valid,24,recency,0.2,27,2.462962962962963,66.5,2.4814814814814814,67.0,-0.0185185185185186,-0.5
qwen25_15b,465,msc_valid,24,lexical_tfidf,0.2,27,2.7222222222222223,73.5,2.4814814814814814,67.0,0.24074074074074092,6.5
qwen25_15b,465,msc_valid,24,recency_keep_compress_drop,0.2,27,2.537037037037037,68.5,2.4814814814814814,67.0,0.0555555555555558,1.5
qwen25_15b,465,msc_valid,24,uniform,0.35,27,2.8703703703703702,77.5,2.4814814814814814,67.0,0.38888888888888884,10.5
qwen25_15b,465,msc_valid,24,longllmlingua,0.35,27,2.6481481481481484,71.5,2.4814814814814814,67.0,0.16666666666666696,4.5
qwen25_15b,465,msc_valid,24,recency,0.35,27,2.5,67.5,2.4814814814814814,67.0,0.0185185185185186,0.5
qwen25_15b,465,msc_valid,24,lexical_tfidf,0.35,27,2.5,67.5,2.4814814814814814,67.0,0.0185185185185186,0.5
qwen25_15b,465,msc_valid,24,recency_keep_compress_drop,0.35,27,2.5925925925925926,70.0,2.4814814814814814,67.0,0.11111111111111116,3.0
qwen25_15b,465,msc_valid,24,uniform,0.5,27,2.5555555555555554,69.0,2.4814814814814814,67.0,0.07407407407407396,2.0
qwen25_15b,465,msc_valid,24,longllmlingua,0.5,27,2.574074074074074,69.5,2.4814814814814814,67.0,0.09259259259259256,2.5
qwen25_15b,465,msc_valid,24,recency,0.5,27,2.462962962962963,66.5,2.4814814814814814,67.0,-0.0185185185185186,-0.5
qwen25_15b,465,msc_valid,24,lexical_tfidf,0.5,27,2.5,67.5,2.4814814814814814,67.0,0.0185185185185186,0.5
qwen25_15b,465,msc_valid,24,recency_keep_compress_drop,0.5,27,2.5,67.5,2.4814814814814814,67.0,0.0185185185185186,0.5
qwen25_15b,465,msc_valid,28,uniform,0.2,25,2.1,52.5,1.89,47.25,0.2100000000000002,5.25
qwen25_15b,465,msc_valid,28,longllmlingua,0.2,25,1.92,48.0,1.89,47.25,0.030000000000000027,0.75
qwen25_15b,465,msc_valid,28,recency,0.2,25,1.97,49.25,1.89,47.25,0.08000000000000007,2.0
qwen25_15b,465,msc_valid,28,lexical_tfidf,0.2,25,1.93,48.25,1.89,47.25,0.040000000000000036,1.0
qwen25_15b,465,msc_valid,28,recency_keep_compress_drop,0.2,25,2.01,50.25,1.89,47.25,0.11999999999999988,3.0
qwen25_15b,465,msc_valid,28,uniform,0.35,25,1.97,49.25,1.89,47.25,0.08000000000000007,2.0
qwen25_15b,465,msc_valid,28,longllmlingua,0.35,25,1.87,46.75,1.89,47.25,-0.019999999999999796,-0.5
qwen25_15b,465,msc_valid,28,recency,0.35,25,1.9,47.5,1.89,47.25,0.010000000000000009,0.25
qwen25_15b,465,msc_valid,28,lexical_tfidf,0.35,25,1.89,47.25,1.89,47.25,0.0,0.0
qwen25_15b,465,msc_valid,28,recency_keep_compress_drop,0.35,25,1.93,48.25,1.89,47.25,0.040000000000000036,1.0
qwen25_15b,465,msc_valid,28,uniform,0.5,25,1.99,49.75,1.89,47.25,0.10000000000000009,2.5
qwen25_15b,465,msc_valid,28,longllmlingua,0.5,25,1.88,47.0,1.89,47.25,-0.010000000000000009,-0.25
qwen25_15b,465,msc_valid,28,recency,0.5,25,1.89,47.25,1.89,47.25,0.0,0.0
qwen25_15b,465,msc_valid,28,lexical_tfidf,0.5,25,1.87,46.75,1.89,47.25,-0.019999999999999796,-0.5
qwen25_15b,465,msc_valid,28,recency_keep_compress_drop,0.5,25,1.87,46.75,1.89,47.25,-0.019999999999999796,-0.5
qwen25_15b,465,msc_valid,32,uniform,0.2,42,2.7976190476190474,117.5,2.4761904761904763,104.0,0.3214285714285712,13.5
qwen25_15b,465,msc_valid,32,longllmlingua,0.2,42,2.619047619047619,110.0,2.4761904761904763,104.0,0.1428571428571428,6.0
qwen25_15b,465,msc_valid,32,recency,0.2,42,2.619047619047619,110.0,2.4761904761904763,104.0,0.1428571428571428,6.0
qwen25_15b,465,msc_valid,32,lexical_tfidf,0.2,42,2.642857142857143,111.0,2.4761904761904763,104.0,0.16666666666666652,7.0
qwen25_15b,465,msc_valid,32,recency_keep_compress_drop,0.2,42,2.5952380952380953,109.0,2.4761904761904763,104.0,0.11904761904761907,5.0
qwen25_15b,465,msc_valid,32,uniform,0.35,42,2.75,115.5,2.4761904761904763,104.0,0.2738095238095237,11.5
qwen25_15b,465,msc_valid,32,longllmlingua,0.35,42,2.5357142857142856,106.5,2.4761904761904763,104.0,0.05952380952380931,2.5
qwen25_15b,465,msc_valid,32,recency,0.35,42,2.5595238095238093,107.5,2.4761904761904763,104.0,0.08333333333333304,3.5
qwen25_15b,465,msc_valid,32,lexical_tfidf,0.35,42,2.5357142857142856,106.5,2.4761904761904763,104.0,0.05952380952380931,2.5
qwen25_15b,465,msc_valid,32,recency_keep_compress_drop,0.35,42,2.5833333333333335,108.5,2.4761904761904763,104.0,0.1071428571428572,4.5
qwen25_15b,465,msc_valid,32,uniform,0.5,42,2.7738095238095237,116.5,2.4761904761904763,104.0,0.29761904761904745,12.5
qwen25_15b,465,msc_valid,32,longllmlingua,0.5,42,2.4285714285714284,102.0,2.4761904761904763,104.0,-0.047619047619047894,-2.0
qwen25_15b,465,msc_valid,32,recency,0.5,42,2.607142857142857,109.5,2.4761904761904763,104.0,0.13095238095238093,5.5
qwen25_15b,465,msc_valid,32,lexical_tfidf,0.5,42,2.5714285714285716,108.0,2.4761904761904763,104.0,0.09523809523809534,4.0
qwen25_15b,465,msc_valid,32,recency_keep_compress_drop,0.5,42,2.5238095238095237,106.0,2.4761904761904763,104.0,0.04761904761904745,2.0
qwen25_15b,465,msc_valid,34,uniform,0.2,24,2.0833333333333335,50.0,1.96875,47.25,0.11458333333333348,2.75
qwen25_15b,465,msc_valid,34,longllmlingua,0.2,24,2.0729166666666665,49.75,1.96875,47.25,0.10416666666666652,2.5
qwen25_15b,465,msc_valid,34,recency,0.2,24,2.1145833333333335,50.75,1.96875,47.25,0.14583333333333348,3.5
qwen25_15b,465,msc_valid,34,lexical_tfidf,0.2,24,2.09375,50.25,1.96875,47.25,0.125,3.0
qwen25_15b,465,msc_valid,34,recency_keep_compress_drop,0.2,24,2.0729166666666665,49.75,1.96875,47.25,0.10416666666666652,2.5
qwen25_15b,465,msc_valid,34,uniform,0.35,24,2.0416666666666665,49.0,1.96875,47.25,0.07291666666666652,1.75
qwen25_15b,465,msc_valid,34,longllmlingua,0.35,24,2.0104166666666665,48.25,1.96875,47.25,0.04166666666666652,1.0
qwen25_15b,465,msc_valid,34,recency,0.35,24,2.03125,48.75,1.96875,47.25,0.0625,1.5
qwen25_15b,465,msc_valid,34,lexical_tfidf,0.35,24,2.0520833333333335,49.25,1.96875,47.25,0.08333333333333348,2.0
qwen25_15b,465,msc_valid,34,recency_keep_compress_drop,0.35,24,2.125,51.0,1.96875,47.25,0.15625,3.75
qwen25_15b,465,msc_valid,34,uniform,0.5,24,1.96875,47.25,1.96875,47.25,0.0,0.0
qwen25_15b,465,msc_valid,34,longllmlingua,0.5,24,2.0104166666666665,48.25,1.96875,47.25,0.04166666666666652,1.0
qwen25_15b,465,msc_valid,34,recency,0.5,24,2.0520833333333335,49.25,1.96875,47.25,0.08333333333333348,2.0
qwen25_15b,465,msc_valid,34,lexical_tfidf,0.5,24,2.09375,50.25,1.96875,47.25,0.125,3.0
qwen25_15b,465,msc_valid,34,recency_keep_compress_drop,0.5,24,2.125,51.0,1.96875,47.25,0.15625,3.75
qwen25_15b,465,msc_valid,38,uniform,0.2,24,1.53125,36.75,0.0,0.0,1.53125,36.75
qwen25_15b,465,msc_valid,38,longllmlingua,0.2,24,1.6145833333333333,38.75,0.0,0.0,1.6145833333333333,38.75
qwen25_15b,465,msc_valid,38,recency,0.2,24,1.5208333333333333,36.5,0.0,0.0,1.5208333333333333,36.5
qwen25_15b,465,msc_valid,38,lexical_tfidf,0.2,24,1.3854166666666667,33.25,0.0,0.0,1.3854166666666667,33.25
qwen25_15b,465,msc_valid,38,recency_keep_compress_drop,0.2,24,1.4166666666666667,34.0,0.0,0.0,1.4166666666666667,34.0
qwen25_15b,465,msc_valid,38,uniform,0.35,24,1.53125,36.75,0.0,0.0,1.53125,36.75
qwen25_15b,465,msc_valid,38,longllmlingua,0.35,24,1.6041666666666667,38.5,0.0,0.0,1.6041666666666667,38.5
qwen25_15b,465,msc_valid,38,recency,0.35,24,1.3958333333333333,33.5,0.0,0.0,1.3958333333333333,33.5
qwen25_15b,465,msc_valid,38,lexical_tfidf,0.35,24,1.3958333333333333,33.5,0.0,0.0,1.3958333333333333,33.5
qwen25_15b,465,msc_valid,38,recency_keep_compress_drop,0.35,24,1.3958333333333333,33.5,0.0,0.0,1.3958333333333333,33.5
qwen25_15b,465,msc_valid,38,uniform,0.5,24,1.40625,33.75,0.0,0.0,1.40625,33.75
qwen25_15b,465,msc_valid,38,longllmlingua,0.5,24,1.59375,38.25,0.0,0.0,1.59375,38.25
qwen25_15b,465,msc_valid,38,recency,0.5,24,1.328125,31.875,0.0,0.0,1.328125,31.875
qwen25_15b,465,msc_valid,38,lexical_tfidf,0.5,24,1.3645833333333333,32.75,0.0,0.0,1.3645833333333333,32.75
qwen25_15b,465,msc_valid,38,recency_keep_compress_drop,0.5,24,1.3645833333333333,32.75,0.0,0.0,1.3645833333333333,32.75
qwen25_15b,465,msc_valid,42,uniform,0.2,27,3.8518518518518516,104.0,0.0,0.0,3.8518518518518516,104.0
qwen25_15b,465,msc_valid,42,longllmlingua,0.2,27,3.8518518518518516,104.0,0.0,0.0,3.8518518518518516,104.0
qwen25_15b,465,msc_valid,42,recency,0.2,27,3.8518518518518516,104.0,0.0,0.0,3.8518518518518516,104.0
qwen25_15b,465,msc_valid,42,lexical_tfidf,0.2,27,3.759259259259259,101.5,0.0,0.0,3.759259259259259,101.5
qwen25_15b,465,msc_valid,42,recency_keep_compress_drop,0.2,27,3.7222222222222223,100.5,0.0,0.0,3.7222222222222223,100.5
qwen25_15b,465,msc_valid,42,uniform,0.35,27,3.8333333333333335,103.5,0.0,0.0,3.8333333333333335,103.5
qwen25_15b,465,msc_valid,42,longllmlingua,0.35,27,3.8703703703703702,104.5,0.0,0.0,3.8703703703703702,104.5
qwen25_15b,465,msc_valid,42,recency,0.35,27,3.814814814814815,103.0,0.0,0.0,3.814814814814815,103.0
qwen25_15b,465,msc_valid,42,lexical_tfidf,0.35,27,3.814814814814815,103.0,0.0,0.0,3.814814814814815,103.0
qwen25_15b,465,msc_valid,42,recency_keep_compress_drop,0.35,27,3.7222222222222223,100.5,0.0,0.0,3.7222222222222223,100.5
qwen25_15b,465,msc_valid,42,uniform,0.5,27,3.8333333333333335,103.5,0.0,0.0,3.8333333333333335,103.5
qwen25_15b,465,msc_valid,42,longllmlingua,0.5,27,3.8518518518518516,104.0,0.0,0.0,3.8518518518518516,104.0
qwen25_15b,465,msc_valid,42,recency,0.5,27,3.8333333333333335,103.5,0.0,0.0,3.8333333333333335,103.5
qwen25_15b,465,msc_valid,42,lexical_tfidf,0.5,27,3.759259259259259,101.5,0.0,0.0,3.759259259259259,101.5
qwen25_15b,465,msc_valid,42,recency_keep_compress_drop,0.5,27,3.7222222222222223,100.5,0.0,0.0,3.7222222222222223,100.5
qwen25_15b,465,msc_valid,46,uniform,0.2,18,2.888888888888889,52.0,0.0,0.0,2.888888888888889,52.0
qwen25_15b,465,msc_valid,46,longllmlingua,0.2,18,3.263888888888889,58.75,0.0,0.0,3.263888888888889,58.75
qwen25_15b,465,msc_valid,46,recency,0.2,18,2.986111111111111,53.75,0.0,0.0,2.986111111111111,53.75
qwen25_15b,465,msc_valid,46,lexical_tfidf,0.2,18,2.986111111111111,53.75,0.0,0.0,2.986111111111111,53.75
qwen25_15b,465,msc_valid,46,recency_keep_compress_drop,0.2,18,2.9027777777777777,52.25,0.0,0.0,2.9027777777777777,52.25
qwen25_15b,465,msc_valid,46,uniform,0.35,18,2.7777777777777777,50.0,0.0,0.0,2.7777777777777777,50.0
qwen25_15b,465,msc_valid,46,longllmlingua,0.35,18,3.2916666666666665,59.25,0.0,0.0,3.2916666666666665,59.25
qwen25_15b,465,msc_valid,46,recency,0.35,18,2.9583333333333335,53.25,0.0,0.0,2.9583333333333335,53.25
qwen25_15b,465,msc_valid,46,lexical_tfidf,0.35,18,2.9166666666666665,52.5,0.0,0.0,2.9166666666666665,52.5
qwen25_15b,465,msc_valid,46,recency_keep_compress_drop,0.35,18,2.875,51.75,0.0,0.0,2.875,51.75
qwen25_15b,465,msc_valid,46,uniform,0.5,18,2.8472222222222223,51.25,0.0,0.0,2.8472222222222223,51.25
qwen25_15b,465,msc_valid,46,longllmlingua,0.5,18,3.2083333333333335,57.75,0.0,0.0,3.2083333333333335,57.75
qwen25_15b,465,msc_valid,46,recency,0.5,18,2.888888888888889,52.0,0.0,0.0,2.888888888888889,52.0
qwen25_15b,465,msc_valid,46,lexical_tfidf,0.5,18,2.888888888888889,52.0,0.0,0.0,2.888888888888889,52.0
qwen25_15b,465,msc_valid,46,recency_keep_compress_drop,0.5,18,2.875,51.75,0.0,0.0,2.875,51.75
qwen25_15b,465,msc_valid,50,uniform,0.2,16,3.484375,55.75,0.0,0.0,3.484375,55.75
qwen25_15b,465,msc_valid,50,longllmlingua,0.2,16,3.828125,61.25,0.0,0.0,3.828125,61.25
qwen25_15b,465,msc_valid,50,recency,0.2,16,3.6875,59.0,0.0,0.0,3.6875,59.0
qwen25_15b,465,msc_valid,50,lexical_tfidf,0.2,16,3.5,56.0,0.0,0.0,3.5,56.0
qwen25_15b,465,msc_valid,50,recency_keep_compress_drop,0.2,16,3.578125,57.25,0.0,0.0,3.578125,57.25
qwen25_15b,465,msc_valid,50,uniform,0.35,16,3.4375,55.0,0.0,0.0,3.4375,55.0
qwen25_15b,465,msc_valid,50,longllmlingua,0.35,16,3.625,58.0,0.0,0.0,3.625,58.0
qwen25_15b,465,msc_valid,50,recency,0.35,16,3.515625,56.25,0.0,0.0,3.515625,56.25
qwen25_15b,465,msc_valid,50,lexical_tfidf,0.35,16,3.25,52.0,0.0,0.0,3.25,52.0
qwen25_15b,465,msc_valid,50,recency_keep_compress_drop,0.35,16,3.390625,54.25,0.0,0.0,3.390625,54.25
qwen25_15b,465,msc_valid,50,uniform,0.5,16,3.484375,55.75,0.0,0.0,3.484375,55.75
qwen25_15b,465,msc_valid,50,longllmlingua,0.5,16,3.484375,55.75,0.0,0.0,3.484375,55.75
qwen25_15b,465,msc_valid,50,recency,0.5,16,3.328125,53.25,0.0,0.0,3.328125,53.25
qwen25_15b,465,msc_valid,50,lexical_tfidf,0.5,16,3.40625,54.5,0.0,0.0,3.40625,54.5
qwen25_15b,465,msc_valid,50,recency_keep_compress_drop,0.5,16,3.296875,52.75,0.0,0.0,3.296875,52.75
qwen25_15b,465,msc_valid,54,uniform,0.2,33,1.7954545454545454,59.25,0.0,0.0,1.7954545454545454,59.25
qwen25_15b,465,msc_valid,54,longllmlingua,0.2,33,2.1666666666666665,71.5,0.0,0.0,2.1666666666666665,71.5
qwen25_15b,465,msc_valid,54,recency,0.2,33,1.856060606060606,61.25,0.0,0.0,1.856060606060606,61.25
qwen25_15b,465,msc_valid,54,lexical_tfidf,0.2,33,1.8106060606060606,59.75,0.0,0.0,1.8106060606060606,59.75
qwen25_15b,465,msc_valid,54,recency_keep_compress_drop,0.2,33,1.8257575757575757,60.25,0.0,0.0,1.8257575757575757,60.25
qwen25_15b,465,msc_valid,54,uniform,0.35,33,1.9545454545454546,64.5,0.0,0.0,1.9545454545454546,64.5
qwen25_15b,465,msc_valid,54,longllmlingua,0.35,33,2.1818181818181817,72.0,0.0,0.0,2.1818181818181817,72.0
qwen25_15b,465,msc_valid,54,recency,0.35,33,1.8333333333333333,60.5,0.0,0.0,1.8333333333333333,60.5
qwen25_15b,465,msc_valid,54,lexical_tfidf,0.35,33,1.8257575757575757,60.25,0.0,0.0,1.8257575757575757,60.25
qwen25_15b,465,msc_valid,54,recency_keep_compress_drop,0.35,33,1.8106060606060606,59.75,0.0,0.0,1.8106060606060606,59.75
qwen25_15b,465,msc_valid,54,uniform,0.5,33,1.893939393939394,62.5,0.0,0.0,1.893939393939394,62.5
qwen25_15b,465,msc_valid,54,longllmlingua,0.5,33,2.0606060606060606,68.0,0.0,0.0,2.0606060606060606,68.0
qwen25_15b,465,msc_valid,54,recency,0.5,33,1.803030303030303,59.5,0.0,0.0,1.803030303030303,59.5
qwen25_15b,465,msc_valid,54,lexical_tfidf,0.5,33,1.803030303030303,59.5,0.0,0.0,1.803030303030303,59.5
qwen25_15b,465,msc_valid,54,recency_keep_compress_drop,0.5,33,1.75,57.75,0.0,0.0,1.75,57.75
qwen25_15b,465,msc_valid,58,uniform,0.2,23,2.108695652173913,48.5,0.0,0.0,2.108695652173913,48.5
qwen25_15b,465,msc_valid,58,longllmlingua,0.2,23,2.152173913043478,49.5,0.0,0.0,2.152173913043478,49.5
qwen25_15b,465,msc_valid,58,recency,0.2,23,2.0652173913043477,47.5,0.0,0.0,2.0652173913043477,47.5
qwen25_15b,465,msc_valid,58,lexical_tfidf,0.2,23,2.108695652173913,48.5,0.0,0.0,2.108695652173913,48.5
qwen25_15b,465,msc_valid,58,recency_keep_compress_drop,0.2,23,2.0,46.0,0.0,0.0,2.0,46.0
qwen25_15b,465,msc_valid,58,uniform,0.35,23,2.130434782608696,49.0,0.0,0.0,2.130434782608696,49.0
qwen25_15b,465,msc_valid,58,longllmlingua,0.35,23,2.108695652173913,48.5,0.0,0.0,2.108695652173913,48.5
qwen25_15b,465,msc_valid,58,recency,0.35,23,1.9782608695652173,45.5,0.0,0.0,1.9782608695652173,45.5
qwen25_15b,465,msc_valid,58,lexical_tfidf,0.35,23,2.097826086956522,48.25,0.0,0.0,2.097826086956522,48.25
qwen25_15b,465,msc_valid,58,recency_keep_compress_drop,0.35,23,2.0,46.0,0.0,0.0,2.0,46.0
qwen25_15b,465,msc_valid,58,uniform,0.5,23,2.097826086956522,48.25,0.0,0.0,2.097826086956522,48.25
qwen25_15b,465,msc_valid,58,longllmlingua,0.5,23,2.0869565217391304,48.0,0.0,0.0,2.0869565217391304,48.0
qwen25_15b,465,msc_valid,58,recency,0.5,0,0.0,0.0,0.0,0.0,0.0,0.0
qwen25_15b,465,msc_valid,58,lexical_tfidf,0.5,0,0.0,0.0,0.0,0.0,0.0,0.0
qwen25_15b,465,msc_valid,58,recency_keep_compress_drop,0.5,0,0.0,0.0,0.0,0.0,0.0,0.0
qwen25_15b,465,msc_valid,62,uniform,0.2,19,3.25,61.75,0.0,0.0,3.25,61.75
qwen25_15b,465,msc_valid,62,longllmlingua,0.2,19,3.5789473684210527,68.0,0.0,0.0,3.5789473684210527,68.0
qwen25_15b,465,msc_valid,62,recency,0.2,19,3.210526315789474,61.0,0.0,0.0,3.210526315789474,61.0
qwen25_15b,465,msc_valid,62,lexical_tfidf,0.2,19,3.236842105263158,61.5,0.0,0.0,3.236842105263158,61.5
qwen25_15b,465,msc_valid,62,recency_keep_compress_drop,0.2,19,3.1052631578947367,59.0,0.0,0.0,3.1052631578947367,59.0
qwen25_15b,465,msc_valid,62,uniform,0.35,19,3.263157894736842,62.0,0.0,0.0,3.263157894736842,62.0
qwen25_15b,465,msc_valid,62,longllmlingua,0.35,19,3.526315789473684,67.0,0.0,0.0,3.526315789473684,67.0
qwen25_15b,465,msc_valid,62,recency,0.35,0,0.0,0.0,0.0,0.0,0.0,0.0
qwen25_15b,465,msc_valid,62,lexical_tfidf,0.35,0,0.0,0.0,0.0,0.0,0.0,0.0
qwen25_15b,465,msc_valid,62,recency_keep_compress_drop,0.35,0,0.0,0.0,0.0,0.0,0.0,0.0
qwen25_15b,465,msc_valid,62,uniform,0.5,19,3.1447368421052633,59.75,0.0,0.0,3.1447368421052633,59.75
qwen25_15b,465,msc_valid,62,longllmlingua,0.5,19,3.3157894736842106,63.0,0.0,0.0,3.3157894736842106,63.0
qwen25_15b,465,msc_valid,62,recency,0.5,0,0.0,0.0,0.0,0.0,0.0,0.0
qwen25_15b,465,msc_valid,62,lexical_tfidf,0.5,0,0.0,0.0,0.0,0.0,0.0,0.0
qwen25_15b,465,msc_valid,62,recency_keep_compress_drop,0.5,0,0.0,0.0,0.0,0.0,0.0,0.0
qwen25_15b,488,msc_valid,4,uniform,0.2,19,4.052631578947368,77.0,3.5,66.5,0.5526315789473681,10.5
qwen25_15b,488,msc_valid,4,longllmlingua,0.2,19,3.6052631578947367,68.5,3.5,66.5,0.10526315789473673,2.0
qwen25_15b,488,msc_valid,4,recency,0.2,19,4.052631578947368,77.0,3.5,66.5,0.5526315789473681,10.5
qwen25_15b,488,msc_valid,4,lexical_tfidf,0.2,19,4.052631578947368,77.0,3.5,66.5,0.5526315789473681,10.5
qwen25_15b,488,msc_valid,4,recency_keep_compress_drop,0.2,19,4.052631578947368,77.0,3.5,66.5,0.5526315789473681,10.5
qwen25_15b,488,msc_valid,4,uniform,0.35,19,4.052631578947368,77.0,3.5,66.5,0.5526315789473681,10.5
qwen25_15b,488,msc_valid,4,longllmlingua,0.35,19,3.6578947368421053,69.5,3.5,66.5,0.1578947368421053,3.0
qwen25_15b,488,msc_valid,4,recency,0.35,19,4.052631578947368,77.0,3.5,66.5,0.5526315789473681,10.5
qwen25_15b,488,msc_valid,4,lexical_tfidf,0.35,19,4.052631578947368,77.0,3.5,66.5,0.5526315789473681,10.5
qwen25_15b,488,msc_valid,4,recency_keep_compress_drop,0.35,19,4.052631578947368,77.0,3.5,66.5,0.5526315789473681,10.5
qwen25_15b,488,msc_valid,4,uniform,0.5,19,3.763157894736842,71.5,3.5,66.5,0.26315789473684204,5.0
qwen25_15b,488,msc_valid,4,longllmlingua,0.5,19,3.473684210526316,66.0,3.5,66.5,-0.02631578947368407,-0.5
qwen25_15b,488,msc_valid,4,recency,0.5,19,3.763157894736842,71.5,3.5,66.5,0.26315789473684204,5.0
qwen25_15b,488,msc_valid,4,lexical_tfidf,0.5,19,3.763157894736842,71.5,3.5,66.5,0.26315789473684204,5.0
qwen25_15b,488,msc_valid,4,recency_keep_compress_drop,0.5,19,3.763157894736842,71.5,3.5,66.5,0.26315789473684204,5.0
qwen25_15b,488,msc_valid,6,uniform,0.2,15,5.166666666666667,77.5,4.666666666666667,70.0,0.5,7.5
qwen25_15b,488,msc_valid,6,longllmlingua,0.2,15,4.8,72.0,4.666666666666667,70.0,0.13333333333333286,2.0
qwen25_15b,488,msc_valid,6,recency,0.2,15,4.8,72.0,4.666666666666667,70.0,0.13333333333333286,2.0
qwen25_15b,488,msc_valid,6,lexical_tfidf,0.2,15,4.8,72.0,4.666666666666667,70.0,0.13333333333333286,2.0
qwen25_15b,488,msc_valid,6,recency_keep_compress_drop,0.2,15,4.8,72.0,4.666666666666667,70.0,0.13333333333333286,2.0
qwen25_15b,488,msc_valid,6,uniform,0.35,15,5.066666666666666,76.0,4.666666666666667,70.0,0.39999999999999947,6.0
qwen25_15b,488,msc_valid,6,longllmlingua,0.35,15,4.766666666666667,71.5,4.666666666666667,70.0,0.09999999999999964,1.5
qwen25_15b,488,msc_valid,6,recency,0.35,15,4.8,72.0,4.666666666666667,70.0,0.13333333333333286,2.0
qwen25_15b,488,msc_valid,6,lexical_tfidf,0.35,15,4.866666666666666,73.0,4.666666666666667,70.0,0.1999999999999993,3.0
qwen25_15b,488,msc_valid,6,recency_keep_compress_drop,0.35,15,4.8,72.0,4.666666666666667,70.0,0.13333333333333286,2.0
qwen25_15b,488,msc_valid,6,uniform,0.5,15,5.066666666666666,76.0,4.666666666666667,70.0,0.39999999999999947,6.0
qwen25_15b,488,msc_valid,6,longllmlingua,0.5,15,4.733333333333333,71.0,4.666666666666667,70.0,0.06666666666666643,1.0
qwen25_15b,488,msc_valid,6,recency,0.5,15,4.8,72.0,4.666666666666667,70.0,0.13333333333333286,2.0
qwen25_15b,488,msc_valid,6,lexical_tfidf,0.5,15,4.833333333333333,72.5,4.666666666666667,70.0,0.16666666666666607,2.5
qwen25_15b,488,msc_valid,6,recency_keep_compress_drop,0.5,15,4.833333333333333,72.5,4.666666666666667,70.0,0.16666666666666607,2.5
qwen25_15b,488,msc_valid,8,uniform,0.2,18,3.6944444444444446,66.5,3.5555555555555554,64.0,0.13888888888888928,2.5
qwen25_15b,488,msc_valid,8,longllmlingua,0.2,18,3.4027777777777777,61.25,3.5555555555555554,64.0,-0.15277777777777768,-2.75
qwen25_15b,488,msc_valid,8,recency,0.2,18,3.9166666666666665,70.5,3.5555555555555554,64.0,0.36111111111111116,6.5
qwen25_15b,488,msc_valid,8,lexical_tfidf,0.2,18,3.611111111111111,65.0,3.5555555555555554,64.0,0.0555555555555558,1.0
qwen25_15b,488,msc_valid,8,recency_keep_compress_drop,0.2,18,3.8055555555555554,68.5,3.5555555555555554,64.0,0.25,4.5
qwen25_15b,488,msc_valid,8,uniform,0.35,18,3.8333333333333335,69.0,3.5555555555555554,64.0,0.2777777777777781,5.0
qwen25_15b,488,msc_valid,8,longllmlingua,0.35,18,3.375,60.75,3.5555555555555554,64.0,-0.18055555555555536,-3.25
qwen25_15b,488,msc_valid,8,recency,0.35,18,3.75,67.5,3.5555555555555554,64.0,0.19444444444444464,3.5
qwen25_15b,488,msc_valid,8,lexical_tfidf,0.35,18,3.611111111111111,65.0,3.5555555555555554,64.0,0.0555555555555558,1.0
qwen25_15b,488,msc_valid,8,recency_keep_compress_drop,0.35,18,3.8333333333333335,69.0,3.5555555555555554,64.0,0.2777777777777781,5.0
qwen25_15b,488,msc_valid,8,uniform,0.5,18,3.638888888888889,65.5,3.5555555555555554,64.0,0.08333333333333348,1.5
qwen25_15b,488,msc_valid,8,longllmlingua,0.5,18,3.361111111111111,60.5,3.5555555555555554,64.0,-0.1944444444444442,-3.5
qwen25_15b,488,msc_valid,8,recency,0.5,18,3.7777777777777777,68.0,3.5555555555555554,64.0,0.22222222222222232,4.0
qwen25_15b,488,msc_valid,8,lexical_tfidf,0.5,18,3.638888888888889,65.5,3.5555555555555554,64.0,0.08333333333333348,1.5
qwen25_15b,488,msc_valid,8,recency_keep_compress_drop,0.5,18,3.611111111111111,65.0,3.5555555555555554,64.0,0.0555555555555558,1.0
qwen25_15b,488,msc_valid,10,uniform,0.2,8,5.5625,44.5,4.0,32.0,1.5625,12.5
qwen25_15b,488,msc_valid,10,longllmlingua,0.2,8,4.5,36.0,4.0,32.0,0.5,4.0
qwen25_15b,488,msc_valid,10,recency,0.2,8,4.6875,37.5,4.0,32.0,0.6875,5.5
qwen25_15b,488,msc_valid,10,lexical_tfidf,0.2,8,4.59375,36.75,4.0,32.0,0.59375,4.75
qwen25_15b,488,msc_valid,10,recency_keep_compress_drop,0.2,8,5.34375,42.75,4.0,32.0,1.34375,10.75
qwen25_15b,488,msc_valid,10,uniform,0.35,8,4.78125,38.25,4.0,32.0,0.78125,6.25
qwen25_15b,488,msc_valid,10,longllmlingua,0.35,8,4.40625,35.25,4.0,32.0,0.40625,3.25
qwen25_15b,488,msc_valid,10,recency,0.35,8,4.5625,36.5,4.0,32.0,0.5625,4.5
qwen25_15b,488,msc_valid,10,lexical_tfidf,0.35,8,4.4375,35.5,4.0,32.0,0.4375,3.5
qwen25_15b,488,msc_valid,10,recency_keep_compress_drop,0.35,8,4.90625,39.25,4.0,32.0,0.90625,7.25
qwen25_15b,488,msc_valid,10,uniform,0.5,8,4.5,36.0,4.0,32.0,0.5,4.0
qwen25_15b,488,msc_valid,10,longllmlingua,0.5,8,4.0625,32.5,4.0,32.0,0.0625,0.5
qwen25_15b,488,msc_valid,10,recency,0.5,8,4.21875,33.75,4.0,32.0,0.21875,1.75
qwen25_15b,488,msc_valid,10,lexical_tfidf,0.5,8,4.1875,33.5,4.0,32.0,0.1875,1.5
qwen25_15b,488,msc_valid,10,recency_keep_compress_drop,0.5,8,4.71875,37.75,4.0,32.0,0.71875,5.75
qwen25_15b,488,msc_valid,12,uniform,0.2,20,3.3,66.0,2.7,54.0,0.5999999999999996,12.0
qwen25_15b,488,msc_valid,12,longllmlingua,0.2,20,2.9,58.0,2.7,54.0,0.19999999999999973,4.0
qwen25_15b,488,msc_valid,12,recency,0.2,20,3.25,65.0,2.7,54.0,0.5499999999999998,11.0
qwen25_15b,488,msc_valid,12,lexical_tfidf,0.2,20,2.9375,58.75,2.7,54.0,0.23749999999999982,4.75
qwen25_15b,488,msc_valid,12,recency_keep_compress_drop,0.2,20,3.225,64.5,2.7,54.0,0.5249999999999999,10.5
qwen25_15b,488,msc_valid,12,uniform,0.35,20,2.9125,58.25,2.7,54.0,0.2124999999999999,4.25
qwen25_15b,488,msc_valid,12,longllmlingua,0.35,20,3.0875,61.75,2.7,54.0,0.38749999999999973,7.75
qwen25_15b,488,msc_valid,12,recency,0.35,20,3.0125,60.25,2.7,54.0,0.3125,6.25
qwen25_15b,488,msc_valid,12,lexical_tfidf,0.35,20,2.8875,57.75,2.7,54.0,0.1875,3.75
qwen25_15b,488,msc_valid,12,recency_keep_compress_drop,0.35,20,3.0625,61.25,2.7,54.0,0.3624999999999998,7.25
qwen25_15b,488,msc_valid,12,uniform,0.5,20,2.9375,58.75,2.7,54.0,0.23749999999999982,4.75
qwen25_15b,488,msc_valid,12,longllmlingua,0.5,20,3.0,60.0,2.7,54.0,0.2999999999999998,6.0
qwen25_15b,488,msc_valid,12,recency,0.5,20,3.1,62.0,2.7,54.0,0.3999999999999999,8.0
qwen25_15b,488,msc_valid,12,lexical_tfidf,0.5,20,2.925,58.5,2.7,54.0,0.22499999999999964,4.5
qwen25_15b,488,msc_valid,12,recency_keep_compress_drop,0.5,20,2.8625,57.25,2.7,54.0,0.16249999999999964,3.25
qwen25_15b,488,msc_valid,14,uniform,0.2,12,2.5104166666666665,30.125,2.5729166666666665,30.875,-0.0625,-0.75
qwen25_15b,488,msc_valid,14,longllmlingua,0.2,12,2.5104166666666665,30.125,2.5729166666666665,30.875,-0.0625,-0.75
qwen25_15b,488,msc_valid,14,recency,0.2,12,2.3541666666666665,28.25,2.5729166666666665,30.875,-0.21875,-2.625
qwen25_15b,488,msc_valid,14,lexical_tfidf,0.2,12,2.5625,30.75,2.5729166666666665,30.875,-0.010416666666666519,-0.125
qwen25_15b,488,msc_valid,14,recency_keep_compress_drop,0.2,12,2.4583333333333335,29.5,2.5729166666666665,30.875,-0.11458333333333304,-1.375
qwen25_15b,488,msc_valid,14,uniform,0.35,12,2.3333333333333335,28.0,2.5729166666666665,30.875,-0.23958333333333304,-2.875
qwen25_15b,488,msc_valid,14,longllmlingua,0.35,12,2.53125,30.375,2.5729166666666665,30.875,-0.04166666666666652,-0.5
qwen25_15b,488,msc_valid,14,recency,0.35,12,2.375,28.5,2.5729166666666665,30.875,-0.19791666666666652,-2.375
qwen25_15b,488,msc_valid,14,lexical_tfidf,0.35,12,2.2395833333333335,26.875,2.5729166666666665,30.875,-0.33333333333333304,-4.0
qwen25_15b,488,msc_valid,14,recency_keep_compress_drop,0.35,12,2.4166666666666665,29.0,2.5729166666666665,30.875,-0.15625,-1.875
qwen25_15b,488,msc_valid,14,uniform,0.5,12,2.25,27.0,2.5729166666666665,30.875,-0.3229166666666665,-3.875
qwen25_15b,488,msc_valid,14,longllmlingua,0.5,12,2.53125,30.375,2.5729166666666665,30.875,-0.04166666666666652,-0.5
qwen25_15b,488,msc_valid,14,recency,0.5,12,2.4583333333333335,29.5,2.5729166666666665,30.875,-0.11458333333333304,-1.375
qwen25_15b,488,msc_valid,14,lexical_tfidf,0.5,12,2.375,28.5,2.5729166666666665,30.875,-0.19791666666666652,-2.375
qwen25_15b,488,msc_valid,14,recency_keep_compress_drop,0.5,12,2.59375,31.125,2.5729166666666665,30.875,0.02083333333333348,0.25
qwen25_15b,533,msc_valid,4,uniform,0.2,19,4.7894736842105265,91.0,4.2631578947368425,81.0,0.5263157894736841,10.0
qwen25_15b,533,msc_valid,4,longllmlingua,0.2,19,4.2894736842105265,81.5,4.2631578947368425,81.0,0.02631578947368407,0.5
qwen25_15b,533,msc_valid,4,recency,0.2,19,4.7894736842105265,91.0,4.2631578947368425,81.0,0.5263157894736841,10.0
qwen25_15b,533,msc_valid,4,lexical_tfidf,0.2,19,4.7894736842105265,91.0,4.2631578947368425,81.0,0.5263157894736841,10.0
qwen25_15b,533,msc_valid,4,recency_keep_compress_drop,0.2,19,4.7894736842105265,91.0,4.2631578947368425,81.0,0.5263157894736841,10.0
qwen25_15b,533,msc_valid,4,uniform,0.35,19,4.5,85.5,4.2631578947368425,81.0,0.23684210526315752,4.5
qwen25_15b,533,msc_valid,4,longllmlingua,0.35,19,4.2368421052631575,80.5,4.2631578947368425,81.0,-0.02631578947368496,-0.5
qwen25_15b,533,msc_valid,4,recency,0.35,19,4.5,85.5,4.2631578947368425,81.0,0.23684210526315752,4.5
qwen25_15b,533,msc_valid,4,lexical_tfidf,0.35,19,4.5,85.5,4.2631578947368425,81.0,0.23684210526315752,4.5
qwen25_15b,533,msc_valid,4,recency_keep_compress_drop,0.35,19,4.5,85.5,4.2631578947368425,81.0,0.23684210526315752,4.5
qwen25_15b,533,msc_valid,4,uniform,0.5,19,4.5,85.5,4.2631578947368425,81.0,0.23684210526315752,4.5
qwen25_15b,533,msc_valid,4,longllmlingua,0.5,19,4.2105263157894735,80.0,4.2631578947368425,81.0,-0.05263157894736903,-1.0
qwen25_15b,533,msc_valid,4,recency,0.5,19,4.5,85.5,4.2631578947368425,81.0,0.23684210526315752,4.5
qwen25_15b,533,msc_valid,4,lexical_tfidf,0.5,19,4.5,85.5,4.2631578947368425,81.0,0.23684210526315752,4.5
qwen25_15b,533,msc_valid,4,recency_keep_compress_drop,0.5,19,4.5,85.5,4.2631578947368425,81.0,0.23684210526315752,4.5
qwen25_15b,533,msc_valid,8,uniform,0.2,15,3.8333333333333335,57.5,2.5833333333333335,38.75,1.25,18.75
qwen25_15b,533,msc_valid,8,longllmlingua,0.2,15,3.0833333333333335,46.25,2.5833333333333335,38.75,0.5,7.5
qwen25_15b,533,msc_valid,8,recency,0.2,15,4.116666666666666,61.75,2.5833333333333335,38.75,1.5333333333333328,23.0
qwen25_15b,533,msc_valid,8,lexical_tfidf,0.2,15,4.183333333333334,62.75,2.5833333333333335,38.75,1.6,24.0
qwen25_15b,533,msc_valid,8,recency_keep_compress_drop,0.2,15,4.116666666666666,61.75,2.5833333333333335,38.75,1.5333333333333328,23.0
qwen25_15b,533,msc_valid,8,uniform,0.35,15,3.9833333333333334,59.75,2.5833333333333335,38.75,1.4,21.0
qwen25_15b,533,msc_valid,8,longllmlingua,0.35,15,3.15,47.25,2.5833333333333335,38.75,0.5666666666666664,8.5
qwen25_15b,533,msc_valid,8,recency,0.35,15,3.816666666666667,57.25,2.5833333333333335,38.75,1.2333333333333334,18.5
qwen25_15b,533,msc_valid,8,lexical_tfidf,0.35,15,3.75,56.25,2.5833333333333335,38.75,1.1666666666666665,17.5
qwen25_15b,533,msc_valid,8,recency_keep_compress_drop,0.35,15,3.933333333333333,59.0,2.5833333333333335,38.75,1.3499999999999996,20.25
qwen25_15b,533,msc_valid,8,uniform,0.5,15,3.183333333333333,47.75,2.5833333333333335,38.75,0.5999999999999996,9.0
qwen25_15b,533,msc_valid,8,longllmlingua,0.5,15,3.1666666666666665,47.5,2.5833333333333335,38.75,0.583333333333333,8.75
qwen25_15b,533,msc_valid,8,recency,0.5,15,3.75,56.25,2.5833333333333335,38.75,1.1666666666666665,17.5
qwen25_15b,533,msc_valid,8,lexical_tfidf,0.5,15,3.5166666666666666,52.75,2.5833333333333335,38.75,0.9333333333333331,14.0
qwen25_15b,533,msc_valid,8,recency_keep_compress_drop,0.5,15,3.45,51.75,2.5833333333333335,38.75,0.8666666666666667,13.0
qwen25_15b,533,msc_valid,12,uniform,0.2,10,2.425,24.25,1.975,19.75,0.44999999999999973,4.5
qwen25_15b,533,msc_valid,12,longllmlingua,0.2,10,2.175,21.75,1.975,19.75,0.19999999999999973,2.0
qwen25_15b,533,msc_valid,12,recency,0.2,10,2.325,23.25,1.975,19.75,0.3500000000000001,3.5
qwen25_15b,533,msc_valid,12,lexical_tfidf,0.2,10,2.4625,24.625,1.975,19.75,0.4874999999999998,4.875
qwen25_15b,533,msc_valid,12,recency_keep_compress_drop,0.2,10,2.4375,24.375,1.975,19.75,0.4624999999999999,4.625
qwen25_15b,533,msc_valid,12,uniform,0.35,10,2.175,21.75,1.975,19.75,0.19999999999999973,2.0
qwen25_15b,533,msc_valid,12,longllmlingua,0.35,10,2.05,20.5,1.975,19.75,0.07499999999999973,0.75
qwen25_15b,533,msc_valid,12,recency,0.35,10,2.225,22.25,1.975,19.75,0.25,2.5
qwen25_15b,533,msc_valid,12,lexical_tfidf,0.35,10,2.3625,23.625,1.975,19.75,0.38749999999999973,3.875
qwen25_15b,533,msc_valid,12,recency_keep_compress_drop,0.35,10,2.3125,23.125,1.975,19.75,0.3374999999999999,3.375
qwen25_15b,533,msc_valid,12,uniform,0.5,10,2.0375,20.375,1.975,19.75,0.0625,0.625
qwen25_15b,533,msc_valid,12,longllmlingua,0.5,10,1.9375,19.375,1.975,19.75,-0.03750000000000009,-0.375
qwen25_15b,533,msc_valid,12,recency,0.5,10,2.1375,21.375,1.975,19.75,0.1625000000000001,1.625
qwen25_15b,533,msc_valid,12,lexical_tfidf,0.5,10,2.075,20.75,1.975,19.75,0.10000000000000009,1.0
qwen25_15b,533,msc_valid,12,recency_keep_compress_drop,0.5,10,2.3125,23.125,1.975,19.75,0.3374999999999999,3.375
qwen25_15b,533,msc_valid,14,uniform,0.2,8,6.03125,48.25,3.59375,28.75,2.4375,19.5
qwen25_15b,533,msc_valid,14,longllmlingua,0.2,8,5.8125,46.5,3.59375,28.75,2.21875,17.75
qwen25_15b,533,msc_valid,14,recency,0.2,8,5.625,45.0,3.59375,28.75,2.03125,16.25
qwen25_15b,533,msc_valid,14,lexical_tfidf,0.2,8,5.71875,45.75,3.59375,28.75,2.125,17.0
qwen25_15b,533,msc_valid,14,recency_keep_compress_drop,0.2,8,5.625,45.0,3.59375,28.75,2.03125,16.25
qwen25_15b,533,msc_valid,14,uniform,0.35,8,5.4375,43.5,3.59375,28.75,1.84375,14.75
qwen25_15b,533,msc_valid,14,longllmlingua,0.35,8,5.875,47.0,3.59375,28.75,2.28125,18.25
qwen25_15b,533,msc_valid,14,recency,0.35,8,5.0,40.0,3.59375,28.75,1.40625,11.25
qwen25_15b,533,msc_valid,14,lexical_tfidf,0.35,8,5.65625,45.25,3.59375,28.75,2.0625,16.5
qwen25_15b,533,msc_valid,14,recency_keep_compress_drop,0.35,8,5.25,42.0,3.59375,28.75,1.65625,13.25
qwen25_15b,533,msc_valid,14,uniform,0.5,8,4.5625,36.5,3.59375,28.75,0.96875,7.75
qwen25_15b,533,msc_valid,14,longllmlingua,0.5,8,5.4375,43.5,3.59375,28.75,1.84375,14.75
qwen25_15b,533,msc_valid,14,recency,0.5,8,4.28125,34.25,3.59375,28.75,0.6875,5.5
qwen25_15b,533,msc_valid,14,lexical_tfidf,0.5,8,4.875,39.0,3.59375,28.75,1.28125,10.25
qwen25_15b,533,msc_valid,14,recency_keep_compress_drop,0.5,8,4.75,38.0,3.59375,28.75,1.15625,9.25
qwen25_15b,533,msc_valid,18,uniform,0.2,28,4.035714285714286,113.0,3.3035714285714284,92.5,0.7321428571428572,20.5
qwen25_15b,533,msc_valid,18,longllmlingua,0.2,28,3.6607142857142856,102.5,3.3035714285714284,92.5,0.3571428571428572,10.0
qwen25_15b,533,msc_valid,18,recency,0.2,28,3.982142857142857,111.5,3.3035714285714284,92.5,0.6785714285714288,19.0
qwen25_15b,533,msc_valid,18,lexical_tfidf,0.2,28,3.517857142857143,98.5,3.3035714285714284,92.5,0.2142857142857144,6.0
qwen25_15b,533,msc_valid,18,recency_keep_compress_drop,0.2,28,3.875,108.5,3.3035714285714284,92.5,0.5714285714285716,16.0
qwen25_15b,533,msc_valid,18,uniform,0.35,28,3.517857142857143,98.5,3.3035714285714284,92.5,0.2142857142857144,6.0
qwen25_15b,533,msc_valid,18,longllmlingua,0.35,28,3.6607142857142856,102.5,3.3035714285714284,92.5,0.3571428571428572,10.0
qwen25_15b,533,msc_valid,18,recency,0.35,28,3.857142857142857,108.0,3.3035714285714284,92.5,0.5535714285714288,15.5
qwen25_15b,533,msc_valid,18,lexical_tfidf,0.35,28,3.2857142857142856,92.0,3.3035714285714284,92.5,-0.017857142857142794,-0.5
qwen25_15b,533,msc_valid,18,recency_keep_compress_drop,0.35,28,3.7142857142857144,104.0,3.3035714285714284,92.5,0.41071428571428603,11.5
qwen25_15b,533,msc_valid,18,uniform,0.5,28,3.4285714285714284,96.0,3.3035714285714284,92.5,0.125,3.5
qwen25_15b,533,msc_valid,18,longllmlingua,0.5,28,3.5892857142857144,100.5,3.3035714285714284,92.5,0.28571428571428603,8.0
qwen25_15b,533,msc_valid,18,recency,0.5,28,3.767857142857143,105.5,3.3035714285714284,92.5,0.4642857142857144,13.0
qwen25_15b,533,msc_valid,18,lexical_tfidf,0.5,28,3.375,94.5,3.3035714285714284,92.5,0.07142857142857162,2.0
qwen25_15b,533,msc_valid,18,recency_keep_compress_drop,0.5,28,3.642857142857143,102.0,3.3035714285714284,92.5,0.3392857142857144,9.5
qwen25_15b,533,msc_valid,22,uniform,0.2,27,2.388888888888889,64.5,2.240740740740741,60.5,0.14814814814814792,4.0
qwen25_15b,533,msc_valid,22,longllmlingua,0.2,27,2.5555555555555554,69.0,2.240740740740741,60.5,0.31481481481481444,8.5
qwen25_15b,533,msc_valid,22,recency,0.2,27,2.4814814814814814,67.0,2.240740740740741,60.5,0.24074074074074048,6.5
qwen25_15b,533,msc_valid,22,lexical_tfidf,0.2,27,2.2777777777777777,61.5,2.240740740740741,60.5,0.03703703703703676,1.0
qwen25_15b,533,msc_valid,22,recency_keep_compress_drop,0.2,27,2.462962962962963,66.5,2.240740740740741,60.5,0.22222222222222188,6.0
qwen25_15b,533,msc_valid,22,uniform,0.35,27,2.388888888888889,64.5,2.240740740740741,60.5,0.14814814814814792,4.0
qwen25_15b,533,msc_valid,22,longllmlingua,0.35,27,2.4444444444444446,66.0,2.240740740740741,60.5,0.20370370370370372,5.5
qwen25_15b,533,msc_valid,22,recency,0.35,27,2.287037037037037,61.75,2.240740740740741,60.5,0.04629629629629628,1.25
qwen25_15b,533,msc_valid,22,lexical_tfidf,0.35,27,2.3333333333333335,63.0,2.240740740740741,60.5,0.09259259259259256,2.5
qwen25_15b,533,msc_valid,22,recency_keep_compress_drop,0.35,27,2.259259259259259,61.0,2.240740740740741,60.5,0.018518518518518157,0.5
qwen25_15b,533,msc_valid,22,uniform,0.5,27,2.3703703703703702,64.0,2.240740740740741,60.5,0.12962962962962932,3.5
qwen25_15b,533,msc_valid,22,longllmlingua,0.5,27,2.4444444444444446,66.0,2.240740740740741,60.5,0.20370370370370372,5.5
qwen25_15b,533,msc_valid,22,recency,0.5,27,2.2962962962962963,62.0,2.240740740740741,60.5,0.05555555555555536,1.5
qwen25_15b,533,msc_valid,22,lexical_tfidf,0.5,27,2.3518518518518516,63.5,2.240740740740741,60.5,0.11111111111111072,3.0
qwen25_15b,533,msc_valid,22,recency_keep_compress_drop,0.5,27,2.240740740740741,60.5,2.240740740740741,60.5,0.0,0.0
qwen25_15b,533,msc_valid,26,uniform,0.2,25,1.65,41.25,1.59,39.75,0.05999999999999983,1.5
qwen25_15b,533,msc_valid,26,longllmlingua,0.2,25,1.91,47.75,1.59,39.75,0.31999999999999984,8.0
qwen25_15b,533,msc_valid,26,recency,0.2,25,1.73,43.25,1.59,39.75,0.1399999999999999,3.5
qwen25_15b,533,msc_valid,26,lexical_tfidf,0.2,25,1.64,41.0,1.59,39.75,0.04999999999999982,1.25
qwen25_15b,533,msc_valid,26,recency_keep_compress_drop,0.2,25,1.69,42.25,1.59,39.75,0.09999999999999987,2.5
qwen25_15b,533,msc_valid,26,uniform,0.35,25,1.6,40.0,1.59,39.75,0.010000000000000009,0.25
qwen25_15b,533,msc_valid,26,longllmlingua,0.35,25,1.76,44.0,1.59,39.75,0.16999999999999993,4.25
qwen25_15b,533,msc_valid,26,recency,0.35,25,1.63,40.75,1.59,39.75,0.039999999999999813,1.0
qwen25_15b,533,msc_valid,26,lexical_tfidf,0.35,25,1.56,39.0,1.59,39.75,-0.030000000000000027,-0.75
qwen25_15b,533,msc_valid,26,recency_keep_compress_drop,0.35,25,1.63,40.75,1.59,39.75,0.039999999999999813,1.0
qwen25_15b,533,msc_valid,26,uniform,0.5,25,1.59,39.75,1.59,39.75,0.0,0.0
qwen25_15b,533,msc_valid,26,longllmlingua,0.5,25,1.77,44.25,1.59,39.75,0.17999999999999994,4.5
qwen25_15b,533,msc_valid,26,recency,0.5,25,1.58,39.5,1.59,39.75,-0.010000000000000009,-0.25
qwen25_15b,533,msc_valid,26,lexical_tfidf,0.5,25,1.58,39.5,1.59,39.75,-0.010000000000000009,-0.25
qwen25_15b,533,msc_valid,26,recency_keep_compress_drop,0.5,25,1.57,39.25,1.59,39.75,-0.020000000000000018,-0.5
qwen25_15b,533,msc_valid,30,uniform,0.2,35,2.4714285714285715,86.5,2.2285714285714286,78.0,0.24285714285714288,8.5
qwen25_15b,533,msc_valid,30,longllmlingua,0.2,35,2.4714285714285715,86.5,2.2285714285714286,78.0,0.24285714285714288,8.5
qwen25_15b,533,msc_valid,30,recency,0.2,35,2.4714285714285715,86.5,2.2285714285714286,78.0,0.24285714285714288,8.5
qwen25_15b,533,msc_valid,30,lexical_tfidf,0.2,35,2.442857142857143,85.5,2.2285714285714286,78.0,0.2142857142857144,7.5
qwen25_15b,533,msc_valid,30,recency_keep_compress_drop,0.2,35,2.5285714285714285,88.5,2.2285714285714286,78.0,0.2999999999999998,10.5
qwen25_15b,533,msc_valid,30,uniform,0.35,35,2.3714285714285714,83.0,2.2285714285714286,78.0,0.1428571428571428,5.0
qwen25_15b,533,msc_valid,30,longllmlingua,0.35,35,2.5,87.5,2.2285714285714286,78.0,0.27142857142857135,9.5
qwen25_15b,533,msc_valid,30,recency,0.35,35,2.4571428571428573,86.0,2.2285714285714286,78.0,0.22857142857142865,8.0
qwen25_15b,533,msc_valid,30,lexical_tfidf,0.35,35,2.3857142857142857,83.5,2.2285714285714286,78.0,0.15714285714285703,5.5
qwen25_15b,533,msc_valid,30,recency_keep_compress_drop,0.35,35,2.2714285714285714,79.5,2.2285714285714286,78.0,0.042857142857142705,1.5
qwen25_15b,533,msc_valid,30,uniform,0.5,35,2.342857142857143,82.0,2.2285714285714286,78.0,0.11428571428571432,4.0
qwen25_15b,533,msc_valid,30,longllmlingua,0.5,35,2.4714285714285715,86.5,2.2285714285714286,78.0,0.24285714285714288,8.5
qwen25_15b,533,msc_valid,30,recency,0.5,35,2.3285714285714287,81.5,2.2285714285714286,78.0,0.10000000000000009,3.5
qwen25_15b,533,msc_valid,30,lexical_tfidf,0.5,35,2.2714285714285714,79.5,2.2285714285714286,78.0,0.042857142857142705,1.5
qwen25_15b,533,msc_valid,30,recency_keep_compress_drop,0.5,35,2.2714285714285714,79.5,2.2285714285714286,78.0,0.042857142857142705,1.5
qwen25_15b,533,msc_valid,32,uniform,0.2,30,1.9916666666666667,59.75,1.7666666666666666,53.0,0.2250000000000001,6.75
qwen25_15b,533,msc_valid,32,longllmlingua,0.2,30,1.9833333333333334,59.5,1.7666666666666666,53.0,0.21666666666666679,6.5
qwen25_15b,533,msc_valid,32,recency,0.2,30,2.058333333333333,61.75,1.7666666666666666,53.0,0.2916666666666665,8.75
qwen25_15b,533,msc_valid,32,lexical_tfidf,0.2,30,1.95,58.5,1.7666666666666666,53.0,0.18333333333333335,5.5
qwen25_15b,533,msc_valid,32,recency_keep_compress_drop,0.2,30,2.15,64.5,1.7666666666666666,53.0,0.3833333333333333,11.5
qwen25_15b,533,msc_valid,32,uniform,0.35,30,1.8416666666666666,55.25,1.7666666666666666,53.0,0.07499999999999996,2.25
qwen25_15b,533,msc_valid,32,longllmlingua,0.35,30,1.95,58.5,1.7666666666666666,53.0,0.18333333333333335,5.5
qwen25_15b,533,msc_valid,32,recency,0.35,30,2.0833333333333335,62.5,1.7666666666666666,53.0,0.3166666666666669,9.5
qwen25_15b,533,msc_valid,32,lexical_tfidf,0.35,30,1.9083333333333334,57.25,1.7666666666666666,53.0,0.14166666666666683,4.25
qwen25_15b,533,msc_valid,32,recency_keep_compress_drop,0.35,30,2.0166666666666666,60.5,1.7666666666666666,53.0,0.25,7.5
qwen25_15b,533,msc_valid,32,uniform,0.5,30,1.875,56.25,1.7666666666666666,53.0,0.10833333333333339,3.25
qwen25_15b,533,msc_valid,32,longllmlingua,0.5,30,1.9666666666666666,59.0,1.7666666666666666,53.0,0.19999999999999996,6.0
qwen25_15b,533,msc_valid,32,recency,0.5,30,1.925,57.75,1.7666666666666666,53.0,0.15833333333333344,4.75
qwen25_15b,533,msc_valid,32,lexical_tfidf,0.5,30,1.8666666666666667,56.0,1.7666666666666666,53.0,0.10000000000000009,3.0
qwen25_15b,533,msc_valid,32,recency_keep_compress_drop,0.5,30,1.9083333333333334,57.25,1.7666666666666666,53.0,0.14166666666666683,4.25
qwen25_15b,533,msc_valid,36,uniform,0.2,25,1.52,38.0,1.33,33.25,0.18999999999999995,4.75
qwen25_15b,533,msc_valid,36,longllmlingua,0.2,25,1.4,35.0,1.33,33.25,0.06999999999999984,1.75
qwen25_15b,533,msc_valid,36,recency,0.2,25,1.43,35.75,1.33,33.25,0.09999999999999987,2.5
qwen25_15b,533,msc_valid,36,lexical_tfidf,0.2,25,1.6,40.0,1.33,33.25,0.27,6.75
qwen25_15b,533,msc_valid,36,recency_keep_compress_drop,0.2,25,1.46,36.5,1.33,33.25,0.1299999999999999,3.25
qwen25_15b,533,msc_valid,36,uniform,0.35,25,1.51,37.75,1.33,33.25,0.17999999999999994,4.5
qwen25_15b,533,msc_valid,36,longllmlingua,0.35,25,1.39,34.75,1.33,33.25,0.05999999999999983,1.5
qwen25_15b,533,msc_valid,36,recency,0.35,25,1.48,37.0,1.33,33.25,0.1499999999999999,3.75
qwen25_15b,533,msc_valid,36,lexical_tfidf,0.35,25,1.69,42.25,1.33,33.25,0.3599999999999999,9.0
qwen25_15b,533,msc_valid,36,recency_keep_compress_drop,0.35,25,1.48,37.0,1.33,33.25,0.1499999999999999,3.75
qwen25_15b,533,msc_valid,36,uniform,0.5,25,1.51,37.75,1.33,33.25,0.17999999999999994,4.5
qwen25_15b,533,msc_valid,36,longllmlingua,0.5,25,1.36,34.0,1.33,33.25,0.030000000000000027,0.75
qwen25_15b,533,msc_valid,36,recency,0.5,25,1.44,36.0,1.33,33.25,0.10999999999999988,2.75
qwen25_15b,533,msc_valid,36,lexical_tfidf,0.5,25,1.44,36.0,1.33,33.25,0.10999999999999988,2.75
qwen25_15b,533,msc_valid,36,recency_keep_compress_drop,0.5,25,1.42,35.5,1.33,33.25,0.08999999999999986,2.25
qwen25_15b,533,msc_valid,40,uniform,0.2,33,2.227272727272727,73.5,2.212121212121212,73.0,0.015151515151515138,0.5
qwen25_15b,533,msc_valid,40,longllmlingua,0.2,33,2.272727272727273,75.0,2.212121212121212,73.0,0.060606060606060996,2.0
qwen25_15b,533,msc_valid,40,recency,0.2,33,2.212121212121212,73.0,2.212121212121212,73.0,0.0,0.0
qwen25_15b,533,msc_valid,40,lexical_tfidf,0.2,33,2.287878787878788,75.5,2.212121212121212,73.0,0.07575757575757613,2.5
qwen25_15b,533,msc_valid,40,recency_keep_compress_drop,0.2,33,2.227272727272727,73.5,2.212121212121212,73.0,0.015151515151515138,0.5
qwen25_15b,533,msc_valid,40,uniform,0.35,33,2.257575757575758,74.5,2.212121212121212,73.0,0.04545454545454586,1.5
qwen25_15b,533,msc_valid,40,longllmlingua,0.35,33,2.1818181818181817,72.0,2.212121212121212,73.0,-0.030303030303030276,-1.0
qwen25_15b,533,msc_valid,40,recency,0.35,33,2.212121212121212,73.0,2.212121212121212,73.0,0.0,0.0
qwen25_15b,533,msc_valid,40,lexical_tfidf,0.35,33,2.272727272727273,75.0,2.212121212121212,73.0,0.060606060606060996,2.0
qwen25_15b,533,msc_valid,40,recency_keep_compress_drop,0.35,33,2.1515151515151514,71.0,2.212121212121212,73.0,-0.06060606060606055,-2.0
qwen25_15b,533,msc_valid,40,uniform,0.5,33,2.227272727272727,73.5,2.212121212121212,73.0,0.015151515151515138,0.5
qwen25_15b,533,msc_valid,40,longllmlingua,0.5,33,2.1515151515151514,71.0,2.212121212121212,73.0,-0.06060606060606055,-2.0
qwen25_15b,533,msc_valid,40,recency,0.5,33,2.257575757575758,74.5,2.212121212121212,73.0,0.04545454545454586,1.5
qwen25_15b,533,msc_valid,40,lexical_tfidf,0.5,33,2.227272727272727,73.5,2.212121212121212,73.0,0.015151515151515138,0.5
qwen25_15b,533,msc_valid,40,recency_keep_compress_drop,0.5,33,2.1666666666666665,71.5,2.212121212121212,73.0,-0.045454545454545414,-1.5
qwen25_15b,533,msc_valid,44,uniform,0.2,23,3.782608695652174,87.0,0.0,0.0,3.782608695652174,87.0
qwen25_15b,533,msc_valid,44,longllmlingua,0.2,23,3.9565217391304346,91.0,0.0,0.0,3.9565217391304346,91.0
qwen25_15b,533,msc_valid,44,recency,0.2,23,3.9565217391304346,91.0,0.0,0.0,3.9565217391304346,91.0
qwen25_15b,533,msc_valid,44,lexical_tfidf,0.2,23,3.8260869565217392,88.0,0.0,0.0,3.8260869565217392,88.0
qwen25_15b,533,msc_valid,44,recency_keep_compress_drop,0.2,23,3.9130434782608696,90.0,0.0,0.0,3.9130434782608696,90.0
qwen25_15b,533,msc_valid,44,uniform,0.35,23,3.739130434782609,86.0,0.0,0.0,3.739130434782609,86.0
qwen25_15b,533,msc_valid,44,longllmlingua,0.35,23,3.847826086956522,88.5,0.0,0.0,3.847826086956522,88.5
qwen25_15b,533,msc_valid,44,recency,0.35,23,3.891304347826087,89.5,0.0,0.0,3.891304347826087,89.5
qwen25_15b,533,msc_valid,44,lexical_tfidf,0.35,23,3.760869565217391,86.5,0.0,0.0,3.760869565217391,86.5
qwen25_15b,533,msc_valid,44,recency_keep_compress_drop,0.35,23,3.869565217391304,89.0,0.0,0.0,3.869565217391304,89.0
qwen25_15b,533,msc_valid,44,uniform,0.5,23,3.652173913043478,84.0,0.0,0.0,3.652173913043478,84.0
qwen25_15b,533,msc_valid,44,longllmlingua,0.5,23,3.739130434782609,86.0,0.0,0.0,3.739130434782609,86.0
qwen25_15b,533,msc_valid,44,recency,0.5,23,3.8043478260869565,87.5,0.0,0.0,3.8043478260869565,87.5
qwen25_15b,533,msc_valid,44,lexical_tfidf,0.5,23,3.739130434782609,86.0,0.0,0.0,3.739130434782609,86.0
qwen25_15b,533,msc_valid,44,recency_keep_compress_drop,0.5,23,3.8260869565217392,88.0,0.0,0.0,3.8260869565217392,88.0
qwen25_15b,533,msc_valid,48,uniform,0.2,10,3.225,32.25,0.0,0.0,3.225,32.25
qwen25_15b,533,msc_valid,48,longllmlingua,0.2,10,3.475,34.75,0.0,0.0,3.475,34.75
qwen25_15b,533,msc_valid,48,recency,0.2,10,3.55,35.5,0.0,0.0,3.55,35.5
qwen25_15b,533,msc_valid,48,lexical_tfidf,0.2,10,3.4,34.0,0.0,0.0,3.4,34.0
qwen25_15b,533,msc_valid,48,recency_keep_compress_drop,0.2,10,3.325,33.25,0.0,0.0,3.325,33.25
qwen25_15b,533,msc_valid,48,uniform,0.35,10,3.0875,30.875,0.0,0.0,3.0875,30.875
qwen25_15b,533,msc_valid,48,longllmlingua,0.35,10,3.275,32.75,0.0,0.0,3.275,32.75
qwen25_15b,533,msc_valid,48,recency,0.35,10,3.3,33.0,0.0,0.0,3.3,33.0
qwen25_15b,533,msc_valid,48,lexical_tfidf,0.35,10,2.8875,28.875,0.0,0.0,2.8875,28.875
qwen25_15b,533,msc_valid,48,recency_keep_compress_drop,0.35,10,3.55,35.5,0.0,0.0,3.55,35.5
qwen25_15b,533,msc_valid,48,uniform,0.5,10,2.825,28.25,0.0,0.0,2.825,28.25
qwen25_15b,533,msc_valid,48,longllmlingua,0.5,10,3.1,31.0,0.0,0.0,3.1,31.0
qwen25_15b,533,msc_valid,48,recency,0.5,10,3.325,33.25,0.0,0.0,3.325,33.25
qwen25_15b,533,msc_valid,48,lexical_tfidf,0.5,10,2.9375,29.375,0.0,0.0,2.9375,29.375
qwen25_15b,533,msc_valid,48,recency_keep_compress_drop,0.5,10,3.225,32.25,0.0,0.0,3.225,32.25
qwen25_15b,533,msc_valid,50,uniform,0.2,8,1.265625,10.125,0.0,0.0,1.265625,10.125
qwen25_15b,533,msc_valid,50,longllmlingua,0.2,8,1.71875,13.75,0.0,0.0,1.71875,13.75
qwen25_15b,533,msc_valid,50,recency,0.2,8,1.5390625,12.3125,0.0,0.0,1.5390625,12.3125
qwen25_15b,533,msc_valid,50,lexical_tfidf,0.2,8,1.4375,11.5,0.0,0.0,1.4375,11.5
qwen25_15b,533,msc_valid,50,recency_keep_compress_drop,0.2,8,1.4609375,11.6875,0.0,0.0,1.4609375,11.6875
qwen25_15b,533,msc_valid,50,uniform,0.35,8,1.3046875,10.4375,0.0,0.0,1.3046875,10.4375
qwen25_15b,533,msc_valid,50,longllmlingua,0.35,8,1.53125,12.25,0.0,0.0,1.53125,12.25
qwen25_15b,533,msc_valid,50,recency,0.35,8,1.6171875,12.9375,0.0,0.0,1.6171875,12.9375
qwen25_15b,533,msc_valid,50,lexical_tfidf,0.35,8,1.4921875,11.9375,0.0,0.0,1.4921875,11.9375
qwen25_15b,533,msc_valid,50,recency_keep_compress_drop,0.35,8,1.546875,12.375,0.0,0.0,1.546875,12.375
qwen25_15b,533,msc_valid,50,uniform,0.5,8,1.21875,9.75,0.0,0.0,1.21875,9.75
qwen25_15b,533,msc_valid,50,longllmlingua,0.5,8,1.5390625,12.3125,0.0,0.0,1.5390625,12.3125
qwen25_15b,533,msc_valid,50,recency,0.5,8,1.53125,12.25,0.0,0.0,1.53125,12.25
qwen25_15b,533,msc_valid,50,lexical_tfidf,0.5,8,1.4453125,11.5625,0.0,0.0,1.4453125,11.5625
qwen25_15b,533,msc_valid,50,recency_keep_compress_drop,0.5,8,1.40625,11.25,0.0,0.0,1.40625,11.25
qwen25_15b,533,msc_valid,54,uniform,0.2,90,2.433333333333333,219.0,0.0,0.0,2.433333333333333,219.0
qwen25_15b,533,msc_valid,54,longllmlingua,0.2,90,2.388888888888889,215.0,0.0,0.0,2.388888888888889,215.0
qwen25_15b,533,msc_valid,54,recency,0.2,90,2.4555555555555557,221.0,0.0,0.0,2.4555555555555557,221.0
qwen25_15b,533,msc_valid,54,lexical_tfidf,0.2,90,2.466666666666667,222.0,0.0,0.0,2.466666666666667,222.0
qwen25_15b,533,msc_valid,54,recency_keep_compress_drop,0.2,90,2.433333333333333,219.0,0.0,0.0,2.433333333333333,219.0
qwen25_15b,533,msc_valid,54,uniform,0.35,90,2.411111111111111,217.0,0.0,0.0,2.411111111111111,217.0
qwen25_15b,533,msc_valid,54,longllmlingua,0.35,90,2.3777777777777778,214.0,0.0,0.0,2.3777777777777778,214.0
qwen25_15b,533,msc_valid,54,recency,0.35,90,2.433333333333333,219.0,0.0,0.0,2.433333333333333,219.0
qwen25_15b,533,msc_valid,54,lexical_tfidf,0.35,90,2.433333333333333,219.0,0.0,0.0,2.433333333333333,219.0
qwen25_15b,533,msc_valid,54,recency_keep_compress_drop,0.35,90,2.466666666666667,222.0,0.0,0.0,2.466666666666667,222.0
qwen25_15b,533,msc_valid,54,uniform,0.5,90,2.411111111111111,217.0,0.0,0.0,2.411111111111111,217.0
qwen25_15b,533,msc_valid,54,longllmlingua,0.5,90,2.3333333333333335,210.0,0.0,0.0,2.3333333333333335,210.0
qwen25_15b,533,msc_valid,54,recency,0.5,82,2.3902439024390243,196.0,0.0,0.0,2.3902439024390243,196.0
qwen25_15b,533,msc_valid,54,lexical_tfidf,0.5,77,2.3376623376623376,180.0,0.0,0.0,2.3376623376623376,180.0
qwen25_15b,533,msc_valid,54,recency_keep_compress_drop,0.5,90,2.4555555555555557,221.0,0.0,0.0,2.4555555555555557,221.0
qwen25_15b,533,msc_valid,58,uniform,0.2,73,2.0273972602739727,148.0,0.0,0.0,2.0273972602739727,148.0
qwen25_15b,533,msc_valid,58,longllmlingua,0.2,73,2.0,146.0,0.0,0.0,2.0,146.0
qwen25_15b,533,msc_valid,58,recency,0.2,73,1.9726027397260273,144.0,0.0,0.0,1.9726027397260273,144.0
qwen25_15b,533,msc_valid,58,lexical_tfidf,0.2,73,1.9589041095890412,143.0,0.0,0.0,1.9589041095890412,143.0
qwen25_15b,533,msc_valid,58,recency_keep_compress_drop,0.2,73,1.9589041095890412,143.0,0.0,0.0,1.9589041095890412,143.0
qwen25_15b,533,msc_valid,58,uniform,0.35,73,2.0,146.0,0.0,0.0,2.0,146.0
qwen25_15b,533,msc_valid,58,longllmlingua,0.35,73,2.0,146.0,0.0,0.0,2.0,146.0
qwen25_15b,533,msc_valid,58,recency,0.35,0,0.0,0.0,0.0,0.0,0.0,0.0
qwen25_15b,533,msc_valid,58,lexical_tfidf,0.35,0,0.0,0.0,0.0,0.0,0.0,0.0
qwen25_15b,533,msc_valid,58,recency_keep_compress_drop,0.35,17,1.9264705882352942,32.75,0.0,0.0,1.9264705882352942,32.75
qwen25_15b,533,msc_valid,58,uniform,0.5,73,2.0273972602739727,148.0,0.0,0.0,2.0273972602739727,148.0
qwen25_15b,533,msc_valid,58,longllmlingua,0.5,73,2.0,146.0,0.0,0.0,2.0,146.0
qwen25_15b,533,msc_valid,58,recency,0.5,0,0.0,0.0,0.0,0.0,0.0,0.0
qwen25_15b,533,msc_valid,58,lexical_tfidf,0.5,0,0.0,0.0,0.0,0.0,0.0,0.0
qwen25_15b,533,msc_valid,58,recency_keep_compress_drop,0.5,0,0.0,0.0,0.0,0.0,0.0,0.0
qwen25_15b,547,msc_valid,4,uniform,0.2,21,3.5714285714285716,75.0,3.261904761904762,68.5,0.30952380952380976,6.5
qwen25_15b,547,msc_valid,4,longllmlingua,0.2,21,3.2142857142857144,67.5,3.261904761904762,68.5,-0.04761904761904745,-1.0
qwen25_15b,547,msc_valid,4,recency,0.2,21,3.5714285714285716,75.0,3.261904761904762,68.5,0.30952380952380976,6.5
qwen25_15b,547,msc_valid,4,lexical_tfidf,0.2,21,3.5714285714285716,75.0,3.261904761904762,68.5,0.30952380952380976,6.5
qwen25_15b,547,msc_valid,4,recency_keep_compress_drop,0.2,21,3.5714285714285716,75.0,3.261904761904762,68.5,0.30952380952380976,6.5
qwen25_15b,547,msc_valid,4,uniform,0.35,21,3.3095238095238093,69.5,3.261904761904762,68.5,0.04761904761904745,1.0
qwen25_15b,547,msc_valid,4,longllmlingua,0.35,21,3.142857142857143,66.0,3.261904761904762,68.5,-0.11904761904761907,-2.5
qwen25_15b,547,msc_valid,4,recency,0.35,21,3.3095238095238093,69.5,3.261904761904762,68.5,0.04761904761904745,1.0
qwen25_15b,547,msc_valid,4,lexical_tfidf,0.35,21,3.3095238095238093,69.5,3.261904761904762,68.5,0.04761904761904745,1.0
qwen25_15b,547,msc_valid,4,recency_keep_compress_drop,0.35,21,3.3095238095238093,69.5,3.261904761904762,68.5,0.04761904761904745,1.0
qwen25_15b,547,msc_valid,4,uniform,0.5,21,3.3095238095238093,69.5,3.261904761904762,68.5,0.04761904761904745,1.0
qwen25_15b,547,msc_valid,4,longllmlingua,0.5,21,3.1666666666666665,66.5,3.261904761904762,68.5,-0.09523809523809534,-2.0
qwen25_15b,547,msc_valid,4,recency,0.5,21,3.3095238095238093,69.5,3.261904761904762,68.5,0.04761904761904745,1.0
qwen25_15b,547,msc_valid,4,lexical_tfidf,0.5,21,3.3095238095238093,69.5,3.261904761904762,68.5,0.04761904761904745,1.0
qwen25_15b,547,msc_valid,4,recency_keep_compress_drop,0.5,21,3.3095238095238093,69.5,3.261904761904762,68.5,0.04761904761904745,1.0
qwen25_15b,547,msc_valid,8,uniform,0.2,11,3.25,35.75,3.090909090909091,34.0,0.15909090909090917,1.75
qwen25_15b,547,msc_valid,8,longllmlingua,0.2,11,3.0454545454545454,33.5,3.090909090909091,34.0,-0.045454545454545414,-0.5
qwen25_15b,547,msc_valid,8,recency,0.2,11,3.25,35.75,3.090909090909091,34.0,0.15909090909090917,1.75
qwen25_15b,547,msc_valid,8,lexical_tfidf,0.2,11,3.1136363636363638,34.25,3.090909090909091,34.0,0.02272727272727293,0.25
qwen25_15b,547,msc_valid,8,recency_keep_compress_drop,0.2,11,3.25,35.75,3.090909090909091,34.0,0.15909090909090917,1.75
qwen25_15b,547,msc_valid,8,uniform,0.35,11,3.272727272727273,36.0,3.090909090909091,34.0,0.1818181818181821,2.0
qwen25_15b,547,msc_valid,8,longllmlingua,0.35,11,3.090909090909091,34.0,3.090909090909091,34.0,0.0,0.0
qwen25_15b,547,msc_valid,8,recency,0.35,11,3.090909090909091,34.0,3.090909090909091,34.0,0.0,0.0
qwen25_15b,547,msc_valid,8,lexical_tfidf,0.35,11,3.1136363636363638,34.25,3.090909090909091,34.0,0.02272727272727293,0.25
qwen25_15b,547,msc_valid,8,recency_keep_compress_drop,0.35,11,3.1136363636363638,34.25,3.090909090909091,34.0,0.02272727272727293,0.25
qwen25_15b,547,msc_valid,8,uniform,0.5,11,3.2045454545454546,35.25,3.090909090909091,34.0,0.11363636363636376,1.25
qwen25_15b,547,msc_valid,8,longllmlingua,0.5,11,2.9318181818181817,32.25,3.090909090909091,34.0,-0.15909090909090917,-1.75
qwen25_15b,547,msc_valid,8,recency,0.5,11,3.0454545454545454,33.5,3.090909090909091,34.0,-0.045454545454545414,-0.5
qwen25_15b,547,msc_valid,8,lexical_tfidf,0.5,11,3.0454545454545454,33.5,3.090909090909091,34.0,-0.045454545454545414,-0.5
qwen25_15b,547,msc_valid,8,recency_keep_compress_drop,0.5,11,3.090909090909091,34.0,3.090909090909091,34.0,0.0,0.0
qwen25_15b,547,msc_valid,12,uniform,0.2,18,3.2777777777777777,59.0,2.375,42.75,0.9027777777777777,16.25
qwen25_15b,547,msc_valid,12,longllmlingua,0.2,18,2.6527777777777777,47.75,2.375,42.75,0.2777777777777777,5.0
qwen25_15b,547,msc_valid,12,recency,0.2,18,3.0972222222222223,55.75,2.375,42.75,0.7222222222222223,13.0
qwen25_15b,547,msc_valid,12,lexical_tfidf,0.2,18,3.0972222222222223,55.75,2.375,42.75,0.7222222222222223,13.0
qwen25_15b,547,msc_valid,12,recency_keep_compress_drop,0.2,18,2.9027777777777777,52.25,2.375,42.75,0.5277777777777777,9.5
qwen25_15b,547,msc_valid,12,uniform,0.35,18,2.8472222222222223,51.25,2.375,42.75,0.4722222222222223,8.5
qwen25_15b,547,msc_valid,12,longllmlingua,0.35,18,2.8472222222222223,51.25,2.375,42.75,0.4722222222222223,8.5
qwen25_15b,547,msc_valid,12,recency,0.35,18,2.8333333333333335,51.0,2.375,42.75,0.4583333333333335,8.25
qwen25_15b,547,msc_valid,12,lexical_tfidf,0.35,18,2.611111111111111,47.0,2.375,42.75,0.23611111111111116,4.25
qwen25_15b,547,msc_valid,12,recency_keep_compress_drop,0.35,18,2.638888888888889,47.5,2.375,42.75,0.26388888888888884,4.75
qwen25_15b,547,msc_valid,12,uniform,0.5,18,2.5833333333333335,46.5,2.375,42.75,0.20833333333333348,3.75
qwen25_15b,547,msc_valid,12,longllmlingua,0.5,18,2.625,47.25,2.375,42.75,0.25,4.5
qwen25_15b,547,msc_valid,12,recency,0.5,18,2.625,47.25,2.375,42.75,0.25,4.5
qwen25_15b,547,msc_valid,12,lexical_tfidf,0.5,18,2.5416666666666665,45.75,2.375,42.75,0.16666666666666652,3.0
qwen25_15b,547,msc_valid,12,recency_keep_compress_drop,0.5,18,2.4305555555555554,43.75,2.375,42.75,0.05555555555555536,1.0
qwen25_15b,547,msc_valid,16,uniform,0.2,19,2.210526315789474,42.0,1.7894736842105263,34.0,0.42105263157894757,8.0
qwen25_15b,547,msc_valid,16,longllmlingua,0.2,19,2.289473684210526,43.5,1.7894736842105263,34.0,0.4999999999999998,9.5
qwen25_15b,547,msc_valid,16,recency,0.2,19,2.263157894736842,43.0,1.7894736842105263,34.0,0.4736842105263157,9.0
qwen25_15b,547,msc_valid,16,lexical_tfidf,0.2,19,2.25,42.75,1.7894736842105263,34.0,0.4605263157894737,8.75
qwen25_15b,547,msc_valid,16,recency_keep_compress_drop,0.2,19,2.1578947368421053,41.0,1.7894736842105263,34.0,0.368421052631579,7.0
qwen25_15b,547,msc_valid,16,uniform,0.35,19,2.0657894736842106,39.25,1.7894736842105263,34.0,0.2763157894736843,5.25
qwen25_15b,547,msc_valid,16,longllmlingua,0.35,19,2.0657894736842106,39.25,1.7894736842105263,34.0,0.2763157894736843,5.25
qwen25_15b,547,msc_valid,16,recency,0.35,19,2.1315789473684212,40.5,1.7894736842105263,34.0,0.3421052631578949,6.5
qwen25_15b,547,msc_valid,16,lexical_tfidf,0.35,19,2.1973684210526314,41.75,1.7894736842105263,34.0,0.4078947368421051,7.75
qwen25_15b,547,msc_valid,16,recency_keep_compress_drop,0.35,19,1.8289473684210527,34.75,1.7894736842105263,34.0,0.03947368421052633,0.75
qwen25_15b,547,msc_valid,16,uniform,0.5,19,1.7763157894736843,33.75,1.7894736842105263,34.0,-0.013157894736842035,-0.25
qwen25_15b,547,msc_valid,16,longllmlingua,0.5,19,1.8157894736842106,34.5,1.7894736842105263,34.0,0.026315789473684292,0.5
qwen25_15b,547,msc_valid,16,recency,0.5,19,2.0657894736842106,39.25,1.7894736842105263,34.0,0.2763157894736843,5.25
qwen25_15b,547,msc_valid,16,lexical_tfidf,0.5,19,1.9736842105263157,37.5,1.7894736842105263,34.0,0.18421052631578938,3.5
qwen25_15b,547,msc_valid,16,recency_keep_compress_drop,0.5,19,1.8289473684210527,34.75,1.7894736842105263,34.0,0.03947368421052633,0.75
qwen25_15b,547,msc_valid,20,uniform,0.2,25,3.5,87.5,2.92,73.0,0.5800000000000001,14.5
qwen25_15b,547,msc_valid,20,longllmlingua,0.2,25,3.42,85.5,2.92,73.0,0.5,12.5
qwen25_15b,547,msc_valid,20,recency,0.2,25,3.48,87.0,2.92,73.0,0.56,14.0
qwen25_15b,547,msc_valid,20,lexical_tfidf,0.2,25,3.5,87.5,2.92,73.0,0.5800000000000001,14.5
qwen25_15b,547,msc_valid,20,recency_keep_compress_drop,0.2,25,3.54,88.5,2.92,73.0,0.6200000000000001,15.5
qwen25_15b,547,msc_valid,20,uniform,0.35,25,3.4,85.0,2.92,73.0,0.48,12.0
qwen25_15b,547,msc_valid,20,longllmlingua,0.35,25,3.32,83.0,2.92,73.0,0.3999999999999999,10.0
qwen25_15b,547,msc_valid,20,recency,0.35,25,3.34,83.5,2.92,73.0,0.41999999999999993,10.5
qwen25_15b,547,msc_valid,20,lexical_tfidf,0.35,25,3.32,83.0,2.92,73.0,0.3999999999999999,10.0
qwen25_15b,547,msc_valid,20,recency_keep_compress_drop,0.35,25,3.44,86.0,2.92,73.0,0.52,13.0
qwen25_15b,547,msc_valid,20,uniform,0.5,25,3.12,78.0,2.92,73.0,0.20000000000000018,5.0
qwen25_15b,547,msc_valid,20,longllmlingua,0.5,25,3.08,77.0,2.92,73.0,0.16000000000000014,4.0
qwen25_15b,547,msc_valid,20,recency,0.5,25,3.3,82.5,2.92,73.0,0.3799999999999999,9.5
qwen25_15b,547,msc_valid,20,lexical_tfidf,0.5,25,3.08,77.0,2.92,73.0,0.16000000000000014,4.0
qwen25_15b,547,msc_valid,20,recency_keep_compress_drop,0.5,25,3.1,77.5,2.92,73.0,0.18000000000000016,4.5
qwen25_15b,547,msc_valid,24,uniform,0.2,13,2.269230769230769,29.5,2.0,26.0,0.26923076923076916,3.5
qwen25_15b,547,msc_valid,24,longllmlingua,0.2,13,2.451923076923077,31.875,2.0,26.0,0.4519230769230771,5.875
qwen25_15b,547,msc_valid,24,recency,0.2,13,2.355769230769231,30.625,2.0,26.0,0.35576923076923084,4.625
qwen25_15b,547,msc_valid,24,lexical_tfidf,0.2,13,2.2884615384615383,29.75,2.0,26.0,0.2884615384615383,3.75
qwen25_15b,547,msc_valid,24,recency_keep_compress_drop,0.2,13,2.480769230769231,32.25,2.0,26.0,0.48076923076923084,6.25
qwen25_15b,547,msc_valid,24,uniform,0.35,13,2.105769230769231,27.375,2.0,26.0,0.10576923076923084,1.375
qwen25_15b,547,msc_valid,24,longllmlingua,0.35,13,2.3365384615384617,30.375,2.0,26.0,0.3365384615384617,4.375
qwen25_15b,547,msc_valid,24,recency,0.35,13,2.2403846153846154,29.125,2.0,26.0,0.24038461538461542,3.125
qwen25_15b,547,msc_valid,24,lexical_tfidf,0.35,13,2.048076923076923,26.625,2.0,26.0,0.048076923076922906,0.625
qwen25_15b,547,msc_valid,24,recency_keep_compress_drop,0.35,13,2.5384615384615383,33.0,2.0,26.0,0.5384615384615383,7.0
qwen25_15b,547,msc_valid,24,uniform,0.5,13,2.0288461538461537,26.375,2.0,26.0,0.028846153846153744,0.375
qwen25_15b,547,msc_valid,24,longllmlingua,0.5,13,2.3461538461538463,30.5,2.0,26.0,0.34615384615384626,4.5
qwen25_15b,547,msc_valid,24,recency,0.5,13,2.2115384615384617,28.75,2.0,26.0,0.21153846153846168,2.75
qwen25_15b,547,msc_valid,24,lexical_tfidf,0.5,13,1.9519230769230769,25.375,2.0,26.0,-0.04807692307692313,-0.625
qwen25_15b,547,msc_valid,24,recency_keep_compress_drop,0.5,13,2.269230769230769,29.5,2.0,26.0,0.26923076923076916,3.5
qwen25_15b,547,msc_valid,28,uniform,0.2,27,3.0925925925925926,83.5,2.5555555555555554,69.0,0.5370370370370372,14.5
qwen25_15b,547,msc_valid,28,longllmlingua,0.2,27,2.537037037037037,68.5,2.5555555555555554,69.0,-0.018518518518518157,-0.5
qwen25_15b,547,msc_valid,28,recency,0.2,27,3.074074074074074,83.0,2.5555555555555554,69.0,0.5185185185185186,14.0
qwen25_15b,547,msc_valid,28,lexical_tfidf,0.2,27,2.685185185185185,72.5,2.5555555555555554,69.0,0.12962962962962976,3.5
qwen25_15b,547,msc_valid,28,recency_keep_compress_drop,0.2,27,3.074074074074074,83.0,2.5555555555555554,69.0,0.5185185185185186,14.0
qwen25_15b,547,msc_valid,28,uniform,0.35,27,3.074074074074074,83.0,2.5555555555555554,69.0,0.5185185185185186,14.0
qwen25_15b,547,msc_valid,28,longllmlingua,0.35,27,2.462962962962963,66.5,2.5555555555555554,69.0,-0.09259259259259256,-2.5
qwen25_15b,547,msc_valid,28,recency,0.35,27,3.0555555555555554,82.5,2.5555555555555554,69.0,0.5,13.5
qwen25_15b,547,msc_valid,28,lexical_tfidf,0.35,27,2.5925925925925926,70.0,2.5555555555555554,69.0,0.0370370370370372,1.0
qwen25_15b,547,msc_valid,28,recency_keep_compress_drop,0.35,27,2.6666666666666665,72.0,2.5555555555555554,69.0,0.11111111111111116,3.0
qwen25_15b,547,msc_valid,28,uniform,0.5,27,2.962962962962963,80.0,2.5555555555555554,69.0,0.40740740740740744,11.0
qwen25_15b,547,msc_valid,28,longllmlingua,0.5,27,2.685185185185185,72.5,2.5555555555555554,69.0,0.12962962962962976,3.5
qwen25_15b,547,msc_valid,28,recency,0.5,27,2.9074074074074074,78.5,2.5555555555555554,69.0,0.3518518518518521,9.5
qwen25_15b,547,msc_valid,28,lexical_tfidf,0.5,27,2.6666666666666665,72.0,2.5555555555555554,69.0,0.11111111111111116,3.0
qwen25_15b,547,msc_valid,28,recency_keep_compress_drop,0.5,27,2.6666666666666665,72.0,2.5555555555555554,69.0,0.11111111111111116,3.0
qwen25_15b,547,msc_valid,32,uniform,0.2,30,2.9833333333333334,89.5,2.683333333333333,80.5,0.30000000000000027,9.0
qwen25_15b,547,msc_valid,32,longllmlingua,0.2,30,3.1,93.0,2.683333333333333,80.5,0.41666666666666696,12.5
qwen25_15b,547,msc_valid,32,recency,0.2,30,3.1,93.0,2.683333333333333,80.5,0.41666666666666696,12.5
qwen25_15b,547,msc_valid,32,lexical_tfidf,0.2,30,3.183333333333333,95.5,2.683333333333333,80.5,0.5,15.0
qwen25_15b,547,msc_valid,32,recency_keep_compress_drop,0.2,30,3.15,94.5,2.683333333333333,80.5,0.4666666666666668,14.0
qwen25_15b,547,msc_valid,32,uniform,0.35,30,2.7,81.0,2.683333333333333,80.5,0.01666666666666705,0.5
qwen25_15b,547,msc_valid,32,longllmlingua,0.35,30,2.816666666666667,84.5,2.683333333333333,80.5,0.13333333333333375,4.0
qwen25_15b,547,msc_valid,32,recency,0.35,30,2.9833333333333334,89.5,2.683333333333333,80.5,0.30000000000000027,9.0
qwen25_15b,547,msc_valid,32,lexical_tfidf,0.35,30,3.0166666666666666,90.5,2.683333333333333,80.5,0.3333333333333335,10.0
qwen25_15b,547,msc_valid,32,recency_keep_compress_drop,0.35,30,3.0833333333333335,92.5,2.683333333333333,80.5,0.40000000000000036,12.0
qwen25_15b,547,msc_valid,32,uniform,0.5,30,2.816666666666667,84.5,2.683333333333333,80.5,0.13333333333333375,4.0
qwen25_15b,547,msc_valid,32,longllmlingua,0.5,30,2.8,84.0,2.683333333333333,80.5,0.1166666666666667,3.5
qwen25_15b,547,msc_valid,32,recency,0.5,30,2.95,88.5,2.683333333333333,80.5,0.26666666666666705,8.0
qwen25_15b,547,msc_valid,32,lexical_tfidf,0.5,30,2.9833333333333334,89.5,2.683333333333333,80.5,0.30000000000000027,9.0
qwen25_15b,547,msc_valid,32,recency_keep_compress_drop,0.5,30,2.8,84.0,2.683333333333333,80.5,0.1166666666666667,3.5
qwen25_15b,547,msc_valid,34,uniform,0.2,34,2.588235294117647,88.0,2.5294117647058822,86.0,0.05882352941176494,2.0
qwen25_15b,547,msc_valid,34,longllmlingua,0.2,34,2.5294117647058822,86.0,2.5294117647058822,86.0,0.0,0.0
qwen25_15b,547,msc_valid,34,recency,0.2,34,2.7205882352941178,92.5,2.5294117647058822,86.0,0.1911764705882355,6.5
qwen25_15b,547,msc_valid,34,lexical_tfidf,0.2,34,2.661764705882353,90.5,2.5294117647058822,86.0,0.13235294117647056,4.5
qwen25_15b,547,msc_valid,34,recency_keep_compress_drop,0.2,34,2.676470588235294,91.0,2.5294117647058822,86.0,0.1470588235294117,5.0
qwen25_15b,547,msc_valid,34,uniform,0.35,34,2.676470588235294,91.0,2.5294117647058822,86.0,0.1470588235294117,5.0
qwen25_15b,547,msc_valid,34,longllmlingua,0.35,34,2.5294117647058822,86.0,2.5294117647058822,86.0,0.0,0.0
qwen25_15b,547,msc_valid,34,recency,0.35,34,2.6029411764705883,88.5,2.5294117647058822,86.0,0.07352941176470607,2.5
qwen25_15b,547,msc_valid,34,lexical_tfidf,0.35,34,2.5588235294117645,87.0,2.5294117647058822,86.0,0.02941176470588225,1.0
qwen25_15b,547,msc_valid,34,recency_keep_compress_drop,0.35,34,2.5588235294117645,87.0,2.5294117647058822,86.0,0.02941176470588225,1.0
qwen25_15b,547,msc_valid,34,uniform,0.5,34,2.6323529411764706,89.5,2.5294117647058822,86.0,0.10294117647058831,3.5
qwen25_15b,547,msc_valid,34,longllmlingua,0.5,34,2.5294117647058822,86.0,2.5294117647058822,86.0,0.0,0.0
qwen25_15b,547,msc_valid,34,recency,0.5,34,2.661764705882353,90.5,2.5294117647058822,86.0,0.13235294117647056,4.5
qwen25_15b,547,msc_valid,34,lexical_tfidf,0.5,34,2.588235294117647,88.0,2.5294117647058822,86.0,0.05882352941176494,2.0
qwen25_15b,547,msc_valid,34,recency_keep_compress_drop,0.5,34,2.5588235294117645,87.0,2.5294117647058822,86.0,0.02941176470588225,1.0
qwen25_15b,547,msc_valid,38,uniform,0.2,19,3.8684210526315788,73.5,3.526315789473684,67.0,0.3421052631578947,6.5
qwen25_15b,547,msc_valid,38,longllmlingua,0.2,19,3.8684210526315788,73.5,3.526315789473684,67.0,0.3421052631578947,6.5
qwen25_15b,547,msc_valid,38,recency,0.2,19,3.8947368421052633,74.0,3.526315789473684,67.0,0.3684210526315792,7.0
qwen25_15b,547,msc_valid,38,lexical_tfidf,0.2,19,3.8947368421052633,74.0,3.526315789473684,67.0,0.3684210526315792,7.0
qwen25_15b,547,msc_valid,38,recency_keep_compress_drop,0.2,19,3.8421052631578947,73.0,3.526315789473684,67.0,0.3157894736842106,6.0
qwen25_15b,547,msc_valid,38,uniform,0.35,19,4.026315789473684,76.5,3.526315789473684,67.0,0.5,9.5
qwen25_15b,547,msc_valid,38,longllmlingua,0.35,19,3.9210526315789473,74.5,3.526315789473684,67.0,0.3947368421052633,7.5
qwen25_15b,547,msc_valid,38,recency,0.35,19,3.6842105263157894,70.0,3.526315789473684,67.0,0.1578947368421053,3.0
qwen25_15b,547,msc_valid,38,lexical_tfidf,0.35,19,3.6842105263157894,70.0,3.526315789473684,67.0,0.1578947368421053,3.0
qwen25_15b,547,msc_valid,38,recency_keep_compress_drop,0.35,19,3.736842105263158,71.0,3.526315789473684,67.0,0.2105263157894739,4.0
qwen25_15b,547,msc_valid,38,uniform,0.5,19,3.9473684210526314,75.0,3.526315789473684,67.0,0.42105263157894735,8.0
qwen25_15b,547,msc_valid,38,longllmlingua,0.5,19,3.6842105263157894,70.0,3.526315789473684,67.0,0.1578947368421053,3.0
qwen25_15b,547,msc_valid,38,recency,0.5,19,3.6315789473684212,69.0,3.526315789473684,67.0,0.10526315789473717,2.0
qwen25_15b,547,msc_valid,38,lexical_tfidf,0.5,19,3.710526315789474,70.5,3.526315789473684,67.0,0.18421052631578982,3.5
qwen25_15b,547,msc_valid,38,recency_keep_compress_drop,0.5,19,3.736842105263158,71.0,3.526315789473684,67.0,0.2105263157894739,4.0
qwen25_15b,547,msc_valid,42,uniform,0.2,21,3.357142857142857,70.5,0.0,0.0,3.357142857142857,70.5
qwen25_15b,547,msc_valid,42,longllmlingua,0.2,21,3.1904761904761907,67.0,0.0,0.0,3.1904761904761907,67.0
qwen25_15b,547,msc_valid,42,recency,0.2,21,3.238095238095238,68.0,0.0,0.0,3.238095238095238,68.0
qwen25_15b,547,msc_valid,42,lexical_tfidf,0.2,21,3.238095238095238,68.0,0.0,0.0,3.238095238095238,68.0
qwen25_15b,547,msc_valid,42,recency_keep_compress_drop,0.2,21,3.119047619047619,65.5,0.0,0.0,3.119047619047619,65.5
qwen25_15b,547,msc_valid,42,uniform,0.35,21,3.2857142857142856,69.0,0.0,0.0,3.2857142857142856,69.0
qwen25_15b,547,msc_valid,42,longllmlingua,0.35,21,3.0952380952380953,65.0,0.0,0.0,3.0952380952380953,65.0
qwen25_15b,547,msc_valid,42,recency,0.35,21,3.0238095238095237,63.5,0.0,0.0,3.0238095238095237,63.5
qwen25_15b,547,msc_valid,42,lexical_tfidf,0.35,21,3.0,63.0,0.0,0.0,3.0,63.0
qwen25_15b,547,msc_valid,42,recency_keep_compress_drop,0.35,21,3.119047619047619,65.5,0.0,0.0,3.119047619047619,65.5
qwen25_15b,547,msc_valid,42,uniform,0.5,21,3.3095238095238093,69.5,0.0,0.0,3.3095238095238093,69.5
qwen25_15b,547,msc_valid,42,longllmlingua,0.5,21,3.0952380952380953,65.0,0.0,0.0,3.0952380952380953,65.0
qwen25_15b,547,msc_valid,42,recency,0.5,21,3.0714285714285716,64.5,0.0,0.0,3.0714285714285716,64.5
qwen25_15b,547,msc_valid,42,lexical_tfidf,0.5,21,3.011904761904762,63.25,0.0,0.0,3.011904761904762,63.25
qwen25_15b,547,msc_valid,42,recency_keep_compress_drop,0.5,21,3.238095238095238,68.0,0.0,0.0,3.238095238095238,68.0
qwen25_15b,547,msc_valid,46,uniform,0.2,33,2.121212121212121,70.0,0.0,0.0,2.121212121212121,70.0
qwen25_15b,547,msc_valid,46,longllmlingua,0.2,33,2.0757575757575757,68.5,0.0,0.0,2.0757575757575757,68.5
qwen25_15b,547,msc_valid,46,recency,0.2,33,2.106060606060606,69.5,0.0,0.0,2.106060606060606,69.5
qwen25_15b,547,msc_valid,46,lexical_tfidf,0.2,33,2.212121212121212,73.0,0.0,0.0,2.212121212121212,73.0
qwen25_15b,547,msc_valid,46,recency_keep_compress_drop,0.2,33,2.1515151515151514,71.0,0.0,0.0,2.1515151515151514,71.0
qwen25_15b,547,msc_valid,46,uniform,0.35,33,2.1515151515151514,71.0,0.0,0.0,2.1515151515151514,71.0
qwen25_15b,547,msc_valid,46,longllmlingua,0.35,33,2.0757575757575757,68.5,0.0,0.0,2.0757575757575757,68.5
qwen25_15b,547,msc_valid,46,recency,0.35,33,2.121212121212121,70.0,0.0,0.0,2.121212121212121,70.0
qwen25_15b,547,msc_valid,46,lexical_tfidf,0.35,33,2.1818181818181817,72.0,0.0,0.0,2.1818181818181817,72.0
qwen25_15b,547,msc_valid,46,recency_keep_compress_drop,0.35,33,2.121212121212121,70.0,0.0,0.0,2.121212121212121,70.0
qwen25_15b,547,msc_valid,46,uniform,0.5,33,2.1515151515151514,71.0,0.0,0.0,2.1515151515151514,71.0
qwen25_15b,547,msc_valid,46,longllmlingua,0.5,33,2.0303030303030303,67.0,0.0,0.0,2.0303030303030303,67.0
qwen25_15b,547,msc_valid,46,recency,0.5,33,2.090909090909091,69.0,0.0,0.0,2.090909090909091,69.0
qwen25_15b,547,msc_valid,46,lexical_tfidf,0.5,33,2.1515151515151514,71.0,0.0,0.0,2.1515151515151514,71.0
qwen25_15b,547,msc_valid,46,recency_keep_compress_drop,0.5,33,2.090909090909091,69.0,0.0,0.0,2.090909090909091,69.0
qwen25_15b,547,msc_valid,50,uniform,0.2,28,2.2857142857142856,64.0,0.0,0.0,2.2857142857142856,64.0
qwen25_15b,547,msc_valid,50,longllmlingua,0.2,28,2.0982142857142856,58.75,0.0,0.0,2.0982142857142856,58.75
qwen25_15b,547,msc_valid,50,recency,0.2,28,2.0357142857142856,57.0,0.0,0.0,2.0357142857142856,57.0
qwen25_15b,547,msc_valid,50,lexical_tfidf,0.2,28,2.0982142857142856,58.75,0.0,0.0,2.0982142857142856,58.75
qwen25_15b,547,msc_valid,50,recency_keep_compress_drop,0.2,28,1.9642857142857142,55.0,0.0,0.0,1.9642857142857142,55.0
qwen25_15b,547,msc_valid,50,uniform,0.35,28,2.107142857142857,59.0,0.0,0.0,2.107142857142857,59.0
qwen25_15b,547,msc_valid,50,longllmlingua,0.35,28,2.0267857142857144,56.75,0.0,0.0,2.0267857142857144,56.75
qwen25_15b,547,msc_valid,50,recency,0.35,28,2.0,56.0,0.0,0.0,2.0,56.0
qwen25_15b,547,msc_valid,50,lexical_tfidf,0.35,28,1.9910714285714286,55.75,0.0,0.0,1.9910714285714286,55.75
qwen25_15b,547,msc_valid,50,recency_keep_compress_drop,0.35,28,1.9196428571428572,53.75,0.0,0.0,1.9196428571428572,53.75
qwen25_15b,547,msc_valid,50,uniform,0.5,28,2.044642857142857,57.25,0.0,0.0,2.044642857142857,57.25
qwen25_15b,547,msc_valid,50,longllmlingua,0.5,28,2.0625,57.75,0.0,0.0,2.0625,57.75
qwen25_15b,547,msc_valid,50,recency,0.5,28,1.8928571428571428,53.0,0.0,0.0,1.8928571428571428,53.0
qwen25_15b,547,msc_valid,50,lexical_tfidf,0.5,28,2.0267857142857144,56.75,0.0,0.0,2.0267857142857144,56.75
qwen25_15b,547,msc_valid,50,recency_keep_compress_drop,0.5,28,1.9285714285714286,54.0,0.0,0.0,1.9285714285714286,54.0
qwen25_15b,547,msc_valid,54,uniform,0.2,48,2.8125,135.0,0.0,0.0,2.8125,135.0
qwen25_15b,547,msc_valid,54,longllmlingua,0.2,48,2.6875,129.0,0.0,0.0,2.6875,129.0
qwen25_15b,547,msc_valid,54,recency,0.2,48,2.7708333333333335,133.0,0.0,0.0,2.7708333333333335,133.0
qwen25_15b,547,msc_valid,54,lexical_tfidf,0.2,48,2.75,132.0,0.0,0.0,2.75,132.0
qwen25_15b,547,msc_valid,54,recency_keep_compress_drop,0.2,48,2.7291666666666665,131.0,0.0,0.0,2.7291666666666665,131.0
qwen25_15b,547,msc_valid,54,uniform,0.35,48,2.7708333333333335,133.0,0.0,0.0,2.7708333333333335,133.0
qwen25_15b,547,msc_valid,54,longllmlingua,0.35,48,2.6875,129.0,0.0,0.0,2.6875,129.0
qwen25_15b,547,msc_valid,54,recency,0.35,48,2.7708333333333335,133.0,0.0,0.0,2.7708333333333335,133.0
qwen25_15b,547,msc_valid,54,lexical_tfidf,0.35,48,2.75,132.0,0.0,0.0,2.75,132.0
qwen25_15b,547,msc_valid,54,recency_keep_compress_drop,0.35,48,2.7291666666666665,131.0,0.0,0.0,2.7291666666666665,131.0
qwen25_15b,547,msc_valid,54,uniform,0.5,48,2.8125,135.0,0.0,0.0,2.8125,135.0
qwen25_15b,547,msc_valid,54,longllmlingua,0.5,48,2.6666666666666665,128.0,0.0,0.0,2.6666666666666665,128.0
qwen25_15b,547,msc_valid,54,recency,0.5,30,3.0833333333333335,92.5,0.0,0.0,3.0833333333333335,92.5
qwen25_15b,547,msc_valid,54,lexical_tfidf,0.5,48,2.7708333333333335,133.0,0.0,0.0,2.7708333333333335,133.0
qwen25_15b,547,msc_valid,54,recency_keep_compress_drop,0.5,48,2.6875,129.0,0.0,0.0,2.6875,129.0
qwen25_15b,547,msc_valid,58,uniform,0.2,27,2.138888888888889,57.75,0.0,0.0,2.138888888888889,57.75
qwen25_15b,547,msc_valid,58,longllmlingua,0.2,27,2.388888888888889,64.5,0.0,0.0,2.388888888888889,64.5
qwen25_15b,547,msc_valid,58,recency,0.2,27,2.037037037037037,55.0,0.0,0.0,2.037037037037037,55.0
qwen25_15b,547,msc_valid,58,lexical_tfidf,0.2,27,2.009259259259259,54.25,0.0,0.0,2.009259259259259,54.25
qwen25_15b,547,msc_valid,58,recency_keep_compress_drop,0.2,27,2.009259259259259,54.25,0.0,0.0,2.009259259259259,54.25
qwen25_15b,547,msc_valid,58,uniform,0.35,27,2.0833333333333335,56.25,0.0,0.0,2.0833333333333335,56.25
qwen25_15b,547,msc_valid,58,longllmlingua,0.35,27,2.287037037037037,61.75,0.0,0.0,2.287037037037037,61.75
qwen25_15b,547,msc_valid,58,recency,0.35,27,2.0,54.0,0.0,0.0,2.0,54.0
qwen25_15b,547,msc_valid,58,lexical_tfidf,0.35,27,1.962962962962963,53.0,0.0,0.0,1.962962962962963,53.0
qwen25_15b,547,msc_valid,58,recency_keep_compress_drop,0.35,27,1.9722222222222223,53.25,0.0,0.0,1.9722222222222223,53.25
qwen25_15b,547,msc_valid,58,uniform,0.5,27,2.0185185185185186,54.5,0.0,0.0,2.0185185185185186,54.5
qwen25_15b,547,msc_valid,58,longllmlingua,0.5,27,2.3055555555555554,62.25,0.0,0.0,2.3055555555555554,62.25
qwen25_15b,547,msc_valid,58,recency,0.5,0,0.0,0.0,0.0,0.0,0.0,0.0
qwen25_15b,547,msc_valid,58,lexical_tfidf,0.5,0,0.0,0.0,0.0,0.0,0.0,0.0
qwen25_15b,547,msc_valid,58,recency_keep_compress_drop,0.5,0,0.0,0.0,0.0,0.0,0.0,0.0
qwen25_15b,547,msc_valid,62,uniform,0.2,32,2.0,64.0,0.0,0.0,2.0,64.0
qwen25_15b,547,msc_valid,62,longllmlingua,0.2,32,1.8828125,60.25,0.0,0.0,1.8828125,60.25
qwen25_15b,547,msc_valid,62,recency,0.2,32,1.734375,55.5,0.0,0.0,1.734375,55.5
qwen25_15b,547,msc_valid,62,lexical_tfidf,0.2,32,1.7734375,56.75,0.0,0.0,1.7734375,56.75
qwen25_15b,547,msc_valid,62,recency_keep_compress_drop,0.2,32,1.7578125,56.25,0.0,0.0,1.7578125,56.25
qwen25_15b,547,msc_valid,62,uniform,0.35,32,1.9453125,62.25,0.0,0.0,1.9453125,62.25
qwen25_15b,547,msc_valid,62,longllmlingua,0.35,32,1.84375,59.0,0.0,0.0,1.84375,59.0
qwen25_15b,547,msc_valid,62,recency,0.35,0,0.0,0.0,0.0,0.0,0.0,0.0
qwen25_15b,547,msc_valid,62,lexical_tfidf,0.35,0,0.0,0.0,0.0,0.0,0.0,0.0
qwen25_15b,547,msc_valid,62,recency_keep_compress_drop,0.35,0,0.0,0.0,0.0,0.0,0.0,0.0
qwen25_15b,547,msc_valid,62,uniform,0.5,32,1.9140625,61.25,0.0,0.0,1.9140625,61.25
qwen25_15b,547,msc_valid,62,longllmlingua,0.5,32,1.921875,61.5,0.0,0.0,1.921875,61.5
qwen25_15b,547,msc_valid,62,recency,0.5,0,0.0,0.0,0.0,0.0,0.0,0.0
qwen25_15b,547,msc_valid,62,lexical_tfidf,0.5,0,0.0,0.0,0.0,0.0,0.0,0.0
qwen25_15b,547,msc_valid,62,recency_keep_compress_drop,0.5,0,0.0,0.0,0.0,0.0,0.0,0.0
qwen25_15b,566,msc_valid,4,uniform,0.2,23,4.021739130434782,92.5,3.8043478260869565,87.5,0.21739130434782572,5.0
qwen25_15b,566,msc_valid,4,longllmlingua,0.2,23,3.652173913043478,84.0,3.8043478260869565,87.5,-0.1521739130434785,-3.5
qwen25_15b,566,msc_valid,4,recency,0.2,23,4.021739130434782,92.5,3.8043478260869565,87.5,0.21739130434782572,5.0
qwen25_15b,566,msc_valid,4,lexical_tfidf,0.2,23,4.021739130434782,92.5,3.8043478260869565,87.5,0.21739130434782572,5.0
qwen25_15b,566,msc_valid,4,recency_keep_compress_drop,0.2,23,4.021739130434782,92.5,3.8043478260869565,87.5,0.21739130434782572,5.0
qwen25_15b,566,msc_valid,4,uniform,0.35,23,4.021739130434782,92.5,3.8043478260869565,87.5,0.21739130434782572,5.0
qwen25_15b,566,msc_valid,4,longllmlingua,0.35,23,3.5434782608695654,81.5,3.8043478260869565,87.5,-0.26086956521739113,-6.0
qwen25_15b,566,msc_valid,4,recency,0.35,23,4.021739130434782,92.5,3.8043478260869565,87.5,0.21739130434782572,5.0
qwen25_15b,566,msc_valid,4,lexical_tfidf,0.35,23,4.021739130434782,92.5,3.8043478260869565,87.5,0.21739130434782572,5.0
qwen25_15b,566,msc_valid,4,recency_keep_compress_drop,0.35,23,4.021739130434782,92.5,3.8043478260869565,87.5,0.21739130434782572,5.0
qwen25_15b,566,msc_valid,4,uniform,0.5,23,3.869565217391304,89.0,3.8043478260869565,87.5,0.06521739130434767,1.5
qwen25_15b,566,msc_valid,4,longllmlingua,0.5,23,3.5652173913043477,82.0,3.8043478260869565,87.5,-0.23913043478260887,-5.5
qwen25_15b,566,msc_valid,4,recency,0.5,23,3.869565217391304,89.0,3.8043478260869565,87.5,0.06521739130434767,1.5
qwen25_15b,566,msc_valid,4,lexical_tfidf,0.5,23,3.869565217391304,89.0,3.8043478260869565,87.5,0.06521739130434767,1.5
qwen25_15b,566,msc_valid,4,recency_keep_compress_drop,0.5,23,3.869565217391304,89.0,3.8043478260869565,87.5,0.06521739130434767,1.5
qwen25_15b,566,msc_valid,6,uniform,0.2,20,2.9,58.0,2.675,53.5,0.2250000000000001,4.5
qwen25_15b,566,msc_valid,6,longllmlingua,0.2,20,3.0625,61.25,2.675,53.5,0.3875000000000002,7.75
qwen25_15b,566,msc_valid,6,recency,0.2,20,2.9,58.0,2.675,53.5,0.2250000000000001,4.5
qwen25_15b,566,msc_valid,6,lexical_tfidf,0.2,20,2.9,58.0,2.675,53.5,0.2250000000000001,4.5
qwen25_15b,566,msc_valid,6,recency_keep_compress_drop,0.2,20,3.0375,60.75,2.675,53.5,0.36250000000000027,7.25
qwen25_15b,566,msc_valid,6,uniform,0.35,20,2.8375,56.75,2.675,53.5,0.1625000000000001,3.25
qwen25_15b,566,msc_valid,6,longllmlingua,0.35,20,3.1,62.0,2.675,53.5,0.42500000000000027,8.5
qwen25_15b,566,msc_valid,6,recency,0.35,20,2.9125,58.25,2.675,53.5,0.23750000000000027,4.75
qwen25_15b,566,msc_valid,6,lexical_tfidf,0.35,20,2.9125,58.25,2.675,53.5,0.23750000000000027,4.75
qwen25_15b,566,msc_valid,6,recency_keep_compress_drop,0.35,20,2.875,57.5,2.675,53.5,0.20000000000000018,4.0
qwen25_15b,566,msc_valid,6,uniform,0.5,20,2.75,55.0,2.675,53.5,0.07500000000000018,1.5
qwen25_15b,566,msc_valid,6,longllmlingua,0.5,20,2.925,58.5,2.675,53.5,0.25,5.0
qwen25_15b,566,msc_valid,6,recency,0.5,20,2.9,58.0,2.675,53.5,0.2250000000000001,4.5
qwen25_15b,566,msc_valid,6,lexical_tfidf,0.5,20,2.9125,58.25,2.675,53.5,0.23750000000000027,4.75
qwen25_15b,566,msc_valid,6,recency_keep_compress_drop,0.5,20,2.9,58.0,2.675,53.5,0.2250000000000001,4.5
qwen25_15b,566,msc_valid,8,uniform,0.2,19,3.6052631578947367,68.5,2.8684210526315788,54.5,0.736842105263158,14.0
qwen25_15b,566,msc_valid,8,longllmlingua,0.2,19,3.3026315789473686,62.75,2.8684210526315788,54.5,0.4342105263157898,8.25
qwen25_15b,566,msc_valid,8,recency,0.2,19,3.25,61.75,2.8684210526315788,54.5,0.38157894736842124,7.25
qwen25_15b,566,msc_valid,8,lexical_tfidf,0.2,19,3.6578947368421053,69.5,2.8684210526315788,54.5,0.7894736842105265,15.0
qwen25_15b,566,msc_valid,8,recency_keep_compress_drop,0.2,19,3.25,61.75,2.8684210526315788,54.5,0.38157894736842124,7.25
qwen25_15b,566,msc_valid,8,uniform,0.35,19,3.3947368421052633,64.5,2.8684210526315788,54.5,0.5263157894736845,10.0
qwen25_15b,566,msc_valid,8,longllmlingua,0.35,19,3.3026315789473686,62.75,2.8684210526315788,54.5,0.4342105263157898,8.25
qwen25_15b,566,msc_valid,8,recency,0.35,19,3.210526315789474,61.0,2.8684210526315788,54.5,0.34210526315789513,6.5
qwen25_15b,566,msc_valid,8,lexical_tfidf,0.35,19,3.210526315789474,61.0,2.8684210526315788,54.5,0.34210526315789513,6.5
qwen25_15b,566,msc_valid,8,recency_keep_compress_drop,0.35,19,3.3157894736842106,63.0,2.8684210526315788,54.5,0.44736842105263186,8.5
qwen25_15b,566,msc_valid,8,uniform,0.5,19,3.0921052631578947,58.75,2.8684210526315788,54.5,0.22368421052631593,4.25
qwen25_15b,566,msc_valid,8,longllmlingua,0.5,19,3.1842105263157894,60.5,2.8684210526315788,54.5,0.3157894736842106,6.0
qwen25_15b,566,msc_valid,8,recency,0.5,19,3.1447368421052633,59.75,2.8684210526315788,54.5,0.2763157894736845,5.25
qwen25_15b,566,msc_valid,8,lexical_tfidf,0.5,19,3.473684210526316,66.0,2.8684210526315788,54.5,0.6052631578947372,11.5
qwen25_15b,566,msc_valid,8,recency_keep_compress_drop,0.5,19,2.986842105263158,56.75,2.8684210526315788,54.5,0.1184210526315792,2.25
qwen25_15b,566,msc_valid,10,uniform,0.2,19,5.0,95.0,4.842105263157895,92.0,0.1578947368421053,3.0
qwen25_15b,566,msc_valid,10,longllmlingua,0.2,19,4.921052631578948,93.5,4.842105263157895,92.0,0.0789473684210531,1.5
qwen25_15b,566,msc_valid,10,recency,0.2,19,5.078947368421052,96.5,4.842105263157895,92.0,0.23684210526315752,4.5
qwen25_15b,566,msc_valid,10,lexical_tfidf,0.2,19,5.078947368421052,96.5,4.842105263157895,92.0,0.23684210526315752,4.5
qwen25_15b,566,msc_valid,10,recency_keep_compress_drop,0.2,19,5.078947368421052,96.5,4.842105263157895,92.0,0.23684210526315752,4.5
qwen25_15b,566,msc_valid,10,uniform,0.35,19,4.894736842105263,93.0,4.842105263157895,92.0,0.05263157894736814,1.0
qwen25_15b,566,msc_valid,10,longllmlingua,0.35,19,4.947368421052632,94.0,4.842105263157895,92.0,0.10526315789473717,2.0
qwen25_15b,566,msc_valid,10,recency,0.35,19,5.2894736842105265,100.5,4.842105263157895,92.0,0.44736842105263186,8.5
qwen25_15b,566,msc_valid,10,lexical_tfidf,0.35,19,5.2894736842105265,100.5,4.842105263157895,92.0,0.44736842105263186,8.5
qwen25_15b,566,msc_valid,10,recency_keep_compress_drop,0.35,19,5.2894736842105265,100.5,4.842105263157895,92.0,0.44736842105263186,8.5
qwen25_15b,566,msc_valid,10,uniform,0.5,19,4.894736842105263,93.0,4.842105263157895,92.0,0.05263157894736814,1.0
qwen25_15b,566,msc_valid,10,longllmlingua,0.5,19,4.842105263157895,92.0,4.842105263157895,92.0,0.0,0.0
qwen25_15b,566,msc_valid,10,recency,0.5,19,5.157894736842105,98.0,4.842105263157895,92.0,0.3157894736842106,6.0
qwen25_15b,566,msc_valid,10,lexical_tfidf,0.5,19,5.157894736842105,98.0,4.842105263157895,92.0,0.3157894736842106,6.0
qwen25_15b,566,msc_valid,10,recency_keep_compress_drop,0.5,19,4.973684210526316,94.5,4.842105263157895,92.0,0.13157894736842124,2.5
qwen25_15b,566,msc_valid,12,uniform,0.2,18,3.013888888888889,54.25,1.5,27.0,1.5138888888888888,27.25
qwen25_15b,566,msc_valid,12,longllmlingua,0.2,18,1.6527777777777777,29.75,1.5,27.0,0.15277777777777768,2.75
qwen25_15b,566,msc_valid,12,recency,0.2,18,2.638888888888889,47.5,1.5,27.0,1.1388888888888888,20.5
qwen25_15b,566,msc_valid,12,lexical_tfidf,0.2,18,2.875,51.75,1.5,27.0,1.375,24.75
qwen25_15b,566,msc_valid,12,recency_keep_compress_drop,0.2,18,2.625,47.25,1.5,27.0,1.125,20.25
qwen25_15b,566,msc_valid,12,uniform,0.35,18,2.5555555555555554,46.0,1.5,27.0,1.0555555555555554,19.0
qwen25_15b,566,msc_valid,12,longllmlingua,0.35,18,1.7638888888888888,31.75,1.5,27.0,0.26388888888888884,4.75
qwen25_15b,566,msc_valid,12,recency,0.35,18,2.5833333333333335,46.5,1.5,27.0,1.0833333333333335,19.5
qwen25_15b,566,msc_valid,12,lexical_tfidf,0.35,18,2.388888888888889,43.0,1.5,27.0,0.8888888888888888,16.0
qwen25_15b,566,msc_valid,12,recency_keep_compress_drop,0.35,18,2.2777777777777777,41.0,1.5,27.0,0.7777777777777777,14.0
qwen25_15b,566,msc_valid,12,uniform,0.5,18,2.3194444444444446,41.75,1.5,27.0,0.8194444444444446,14.75
qwen25_15b,566,msc_valid,12,longllmlingua,0.5,18,1.5625,28.125,1.5,27.0,0.0625,1.125
qwen25_15b,566,msc_valid,12,recency,0.5,18,2.125,38.25,1.5,27.0,0.625,11.25
qwen25_15b,566,msc_valid,12,lexical_tfidf,0.5,18,2.4027777777777777,43.25,1.5,27.0,0.9027777777777777,16.25
qwen25_15b,566,msc_valid,12,recency_keep_compress_drop,0.5,18,2.0277777777777777,36.5,1.5,27.0,0.5277777777777777,9.5
qwen25_15b,566,msc_valid,14,uniform,0.2,14,3.9107142857142856,54.75,3.125,43.75,0.7857142857142856,11.0
qwen25_15b,566,msc_valid,14,longllmlingua,0.2,14,3.642857142857143,51.0,3.125,43.75,0.5178571428571428,7.25
qwen25_15b,566,msc_valid,14,recency,0.2,14,3.7142857142857144,52.0,3.125,43.75,0.5892857142857144,8.25
qwen25_15b,566,msc_valid,14,lexical_tfidf,0.2,14,4.285714285714286,60.0,3.125,43.75,1.1607142857142856,16.25
qwen25_15b,566,msc_valid,14,recency_keep_compress_drop,0.2,14,3.7857142857142856,53.0,3.125,43.75,0.6607142857142856,9.25
qwen25_15b,566,msc_valid,14,uniform,0.35,14,3.4464285714285716,48.25,3.125,43.75,0.3214285714285716,4.5
qwen25_15b,566,msc_valid,14,longllmlingua,0.35,14,3.482142857142857,48.75,3.125,43.75,0.3571428571428572,5.0
qwen25_15b,566,msc_valid,14,recency,0.35,14,3.5357142857142856,49.5,3.125,43.75,0.4107142857142856,5.75
qwen25_15b,566,msc_valid,14,lexical_tfidf,0.35,14,4.0,56.0,3.125,43.75,0.875,12.25
qwen25_15b,566,msc_valid,14,recency_keep_compress_drop,0.35,14,3.5357142857142856,49.5,3.125,43.75,0.4107142857142856,5.75
qwen25_15b,566,msc_valid,14,uniform,0.5,14,3.5,49.0,3.125,43.75,0.375,5.25
qwen25_15b,566,msc_valid,14,longllmlingua,0.5,14,3.4464285714285716,48.25,3.125,43.75,0.3214285714285716,4.5
qwen25_15b,566,msc_valid,14,recency,0.5,14,3.4464285714285716,48.25,3.125,43.75,0.3214285714285716,4.5
qwen25_15b,566,msc_valid,14,lexical_tfidf,0.5,14,3.375,47.25,3.125,43.75,0.25,3.5
qwen25_15b,566,msc_valid,14,recency_keep_compress_drop,0.5,14,3.5,49.0,3.125,43.75,0.375,5.25
qwen25_15b,582,msc_valid,4,uniform,0.2,8,2.40625,19.25,2.46875,19.75,-0.0625,-0.5
qwen25_15b,582,msc_valid,4,longllmlingua,0.2,8,2.078125,16.625,2.46875,19.75,-0.390625,-3.125
qwen25_15b,582,msc_valid,4,recency,0.2,8,2.40625,19.25,2.46875,19.75,-0.0625,-0.5
qwen25_15b,582,msc_valid,4,lexical_tfidf,0.2,8,2.40625,19.25,2.46875,19.75,-0.0625,-0.5
qwen25_15b,582,msc_valid,4,recency_keep_compress_drop,0.2,8,2.40625,19.25,2.46875,19.75,-0.0625,-0.5
qwen25_15b,582,msc_valid,4,uniform,0.35,8,2.328125,18.625,2.46875,19.75,-0.140625,-1.125
qwen25_15b,582,msc_valid,4,longllmlingua,0.35,8,2.046875,16.375,2.46875,19.75,-0.421875,-3.375
qwen25_15b,582,msc_valid,4,recency,0.35,8,2.328125,18.625,2.46875,19.75,-0.140625,-1.125
qwen25_15b,582,msc_valid,4,lexical_tfidf,0.35,8,2.328125,18.625,2.46875,19.75,-0.140625,-1.125
qwen25_15b,582,msc_valid,4,recency_keep_compress_drop,0.35,8,2.328125,18.625,2.46875,19.75,-0.140625,-1.125
qwen25_15b,582,msc_valid,4,uniform,0.5,8,2.328125,18.625,2.46875,19.75,-0.140625,-1.125
qwen25_15b,582,msc_valid,4,longllmlingua,0.5,8,2.140625,17.125,2.46875,19.75,-0.328125,-2.625
qwen25_15b,582,msc_valid,4,recency,0.5,8,2.328125,18.625,2.46875,19.75,-0.140625,-1.125
qwen25_15b,582,msc_valid,4,lexical_tfidf,0.5,8,2.328125,18.625,2.46875,19.75,-0.140625,-1.125
qwen25_15b,582,msc_valid,4,recency_keep_compress_drop,0.5,8,2.328125,18.625,2.46875,19.75,-0.140625,-1.125
qwen25_15b,582,msc_valid,6,uniform,0.2,9,3.7222222222222223,33.5,3.9444444444444446,35.5,-0.22222222222222232,-2.0
qwen25_15b,582,msc_valid,6,longllmlingua,0.2,9,4.055555555555555,36.5,3.9444444444444446,35.5,0.11111111111111072,1.0
qwen25_15b,582,msc_valid,6,recency,0.2,9,3.5833333333333335,32.25,3.9444444444444446,35.5,-0.36111111111111116,-3.25
qwen25_15b,582,msc_valid,6,lexical_tfidf,0.2,9,3.7222222222222223,33.5,3.9444444444444446,35.5,-0.22222222222222232,-2.0
qwen25_15b,582,msc_valid,6,recency_keep_compress_drop,0.2,9,3.5833333333333335,32.25,3.9444444444444446,35.5,-0.36111111111111116,-3.25
qwen25_15b,582,msc_valid,6,uniform,0.35,9,3.4305555555555554,30.875,3.9444444444444446,35.5,-0.5138888888888893,-4.625
qwen25_15b,582,msc_valid,6,longllmlingua,0.35,9,3.75,33.75,3.9444444444444446,35.5,-0.19444444444444464,-1.75
qwen25_15b,582,msc_valid,6,recency,0.35,9,3.4305555555555554,30.875,3.9444444444444446,35.5,-0.5138888888888893,-4.625
qwen25_15b,582,msc_valid,6,lexical_tfidf,0.35,9,3.4305555555555554,30.875,3.9444444444444446,35.5,-0.5138888888888893,-4.625
qwen25_15b,582,msc_valid,6,recency_keep_compress_drop,0.35,9,3.4305555555555554,30.875,3.9444444444444446,35.5,-0.5138888888888893,-4.625
qwen25_15b,582,msc_valid,6,uniform,0.5,9,4.277777777777778,38.5,3.9444444444444446,35.5,0.33333333333333304,3.0
qwen25_15b,582,msc_valid,6,longllmlingua,0.5,9,3.6666666666666665,33.0,3.9444444444444446,35.5,-0.2777777777777781,-2.5
qwen25_15b,582,msc_valid,6,recency,0.5,9,3.5833333333333335,32.25,3.9444444444444446,35.5,-0.36111111111111116,-3.25
qwen25_15b,582,msc_valid,6,lexical_tfidf,0.5,9,4.277777777777778,38.5,3.9444444444444446,35.5,0.33333333333333304,3.0
qwen25_15b,582,msc_valid,6,recency_keep_compress_drop,0.5,9,3.4305555555555554,30.875,3.9444444444444446,35.5,-0.5138888888888893,-4.625
qwen25_15b,582,msc_valid,8,uniform,0.2,11,2.1704545454545454,23.875,2.1931818181818183,24.125,-0.02272727272727293,-0.25
qwen25_15b,582,msc_valid,8,longllmlingua,0.2,11,2.090909090909091,23.0,2.1931818181818183,24.125,-0.10227272727272751,-1.125
qwen25_15b,582,msc_valid,8,recency,0.2,11,2.1704545454545454,23.875,2.1931818181818183,24.125,-0.02272727272727293,-0.25
qwen25_15b,582,msc_valid,8,lexical_tfidf,0.2,11,2.2386363636363638,24.625,2.1931818181818183,24.125,0.045454545454545414,0.5
qwen25_15b,582,msc_valid,8,recency_keep_compress_drop,0.2,11,2.1704545454545454,23.875,2.1931818181818183,24.125,-0.02272727272727293,-0.25
qwen25_15b,582,msc_valid,8,uniform,0.35,11,2.3295454545454546,25.625,2.1931818181818183,24.125,0.13636363636363624,1.5
qwen25_15b,582,msc_valid,8,longllmlingua,0.35,11,2.3295454545454546,25.625,2.1931818181818183,24.125,0.13636363636363624,1.5
qwen25_15b,582,msc_valid,8,recency,0.35,11,2.375,26.125,2.1931818181818183,24.125,0.18181818181818166,2.0
qwen25_15b,582,msc_valid,8,lexical_tfidf,0.35,11,2.2954545454545454,25.25,2.1931818181818183,24.125,0.10227272727272707,1.125
qwen25_15b,582,msc_valid,8,recency_keep_compress_drop,0.35,11,1.8409090909090908,20.25,2.1931818181818183,24.125,-0.3522727272727275,-3.875
qwen25_15b,582,msc_valid,8,uniform,0.5,11,2.5,27.5,2.1931818181818183,24.125,0.30681818181818166,3.375
qwen25_15b,582,msc_valid,8,longllmlingua,0.5,11,2.102272727272727,23.125,2.1931818181818183,24.125,-0.09090909090909127,-1.0
qwen25_15b,582,msc_valid,8,recency,0.5,11,2.0795454545454546,22.875,2.1931818181818183,24.125,-0.11363636363636376,-1.25
qwen25_15b,582,msc_valid,8,lexical_tfidf,0.5,11,2.375,26.125,2.1931818181818183,24.125,0.18181818181818166,2.0
qwen25_15b,582,msc_valid,8,recency_keep_compress_drop,0.5,11,1.8409090909090908,20.25,2.1931818181818183,24.125,-0.3522727272727275,-3.875
qwen25_15b,582,msc_valid,10,uniform,0.2,18,2.8055555555555554,50.5,3.111111111111111,56.0,-0.3055555555555558,-5.5
qwen25_15b,582,msc_valid,10,longllmlingua,0.2,18,2.9305555555555554,52.75,3.111111111111111,56.0,-0.1805555555555558,-3.25
qwen25_15b,582,msc_valid,10,recency,0.2,18,2.7916666666666665,50.25,3.111111111111111,56.0,-0.31944444444444464,-5.75
qwen25_15b,582,msc_valid,10,lexical_tfidf,0.2,18,2.8055555555555554,50.5,3.111111111111111,56.0,-0.3055555555555558,-5.5
qwen25_15b,582,msc_valid,10,recency_keep_compress_drop,0.2,18,2.7916666666666665,50.25,3.111111111111111,56.0,-0.31944444444444464,-5.75
qwen25_15b,582,msc_valid,10,uniform,0.35,18,3.111111111111111,56.0,3.111111111111111,56.0,0.0,0.0
qwen25_15b,582,msc_valid,10,longllmlingua,0.35,18,2.875,51.75,3.111111111111111,56.0,-0.23611111111111116,-4.25
qwen25_15b,582,msc_valid,10,recency,0.35,18,2.75,49.5,3.111111111111111,56.0,-0.36111111111111116,-6.5
qwen25_15b,582,msc_valid,10,lexical_tfidf,0.35,18,3.111111111111111,56.0,3.111111111111111,56.0,0.0,0.0
qwen25_15b,582,msc_valid,10,recency_keep_compress_drop,0.35,18,2.75,49.5,3.111111111111111,56.0,-0.36111111111111116,-6.5
qwen25_15b,582,msc_valid,10,uniform,0.5,18,3.1527777777777777,56.75,3.111111111111111,56.0,0.04166666666666652,0.75
qwen25_15b,582,msc_valid,10,longllmlingua,0.5,18,2.888888888888889,52.0,3.111111111111111,56.0,-0.22222222222222232,-4.0
qwen25_15b,582,msc_valid,10,recency,0.5,18,2.7777777777777777,50.0,3.111111111111111,56.0,-0.3333333333333335,-6.0
qwen25_15b,582,msc_valid,10,lexical_tfidf,0.5,18,3.1527777777777777,56.75,3.111111111111111,56.0,0.04166666666666652,0.75
qwen25_15b,582,msc_valid,10,recency_keep_compress_drop,0.5,18,2.8194444444444446,50.75,3.111111111111111,56.0,-0.2916666666666665,-5.25
qwen25_15b,582,msc_valid,12,uniform,0.2,12,2.8541666666666665,34.25,2.6145833333333335,31.375,0.23958333333333304,2.875
qwen25_15b,582,msc_valid,12,longllmlingua,0.2,12,2.8958333333333335,34.75,2.6145833333333335,31.375,0.28125,3.375
qwen25_15b,582,msc_valid,12,recency,0.2,12,2.8541666666666665,34.25,2.6145833333333335,31.375,0.23958333333333304,2.875
qwen25_15b,582,msc_valid,12,lexical_tfidf,0.2,12,2.9375,35.25,2.6145833333333335,31.375,0.3229166666666665,3.875
qwen25_15b,582,msc_valid,12,recency_keep_compress_drop,0.2,12,2.8541666666666665,34.25,2.6145833333333335,31.375,0.23958333333333304,2.875
qwen25_15b,582,msc_valid,12,uniform,0.35,12,2.9791666666666665,35.75,2.6145833333333335,31.375,0.36458333333333304,4.375
qwen25_15b,582,msc_valid,12,longllmlingua,0.35,12,2.8333333333333335,34.0,2.6145833333333335,31.375,0.21875,2.625
qwen25_15b,582,msc_valid,12,recency,0.35,12,2.6875,32.25,2.6145833333333335,31.375,0.07291666666666652,0.875
qwen25_15b,582,msc_valid,12,lexical_tfidf,0.35,12,3.0,36.0,2.6145833333333335,31.375,0.3854166666666665,4.625
qwen25_15b,582,msc_valid,12,recency_keep_compress_drop,0.35,12,2.75,33.0,2.6145833333333335,31.375,0.13541666666666652,1.625
qwen25_15b,582,msc_valid,12,uniform,0.5,12,2.8958333333333335,34.75,2.6145833333333335,31.375,0.28125,3.375
qwen25_15b,582,msc_valid,12,longllmlingua,0.5,12,2.7708333333333335,33.25,2.6145833333333335,31.375,0.15625,1.875
qwen25_15b,582,msc_valid,12,recency,0.5,12,2.6666666666666665,32.0,2.6145833333333335,31.375,0.05208333333333304,0.625
qwen25_15b,582,msc_valid,12,lexical_tfidf,0.5,12,2.9166666666666665,35.0,2.6145833333333335,31.375,0.30208333333333304,3.625
qwen25_15b,582,msc_valid,12,recency_keep_compress_drop,0.5,12,2.4270833333333335,29.125,2.6145833333333335,31.375,-0.1875,-2.25
qwen25_15b,601,msc_valid,4,uniform,0.2,22,2.3863636363636362,52.5,2.1931818181818183,48.25,0.1931818181818179,4.25
qwen25_15b,601,msc_valid,4,longllmlingua,0.2,22,2.1363636363636362,47.0,2.1931818181818183,48.25,-0.0568181818181821,-1.25
qwen25_15b,601,msc_valid,4,recency,0.2,22,2.3863636363636362,52.5,2.1931818181818183,48.25,0.1931818181818179,4.25
qwen25_15b,601,msc_valid,4,lexical_tfidf,0.2,22,2.3863636363636362,52.5,2.1931818181818183,48.25,0.1931818181818179,4.25
qwen25_15b,601,msc_valid,4,recency_keep_compress_drop,0.2,22,2.3863636363636362,52.5,2.1931818181818183,48.25,0.1931818181818179,4.25
qwen25_15b,601,msc_valid,4,uniform,0.35,22,2.25,49.5,2.1931818181818183,48.25,0.05681818181818166,1.25
qwen25_15b,601,msc_valid,4,longllmlingua,0.35,22,2.1704545454545454,47.75,2.1931818181818183,48.25,-0.02272727272727293,-0.5
qwen25_15b,601,msc_valid,4,recency,0.35,22,2.25,49.5,2.1931818181818183,48.25,0.05681818181818166,1.25
qwen25_15b,601,msc_valid,4,lexical_tfidf,0.35,22,2.25,49.5,2.1931818181818183,48.25,0.05681818181818166,1.25
qwen25_15b,601,msc_valid,4,recency_keep_compress_drop,0.35,22,2.25,49.5,2.1931818181818183,48.25,0.05681818181818166,1.25
qwen25_15b,601,msc_valid,4,uniform,0.5,22,2.25,49.5,2.1931818181818183,48.25,0.05681818181818166,1.25
qwen25_15b,601,msc_valid,4,longllmlingua,0.5,22,2.1931818181818183,48.25,2.1931818181818183,48.25,0.0,0.0
qwen25_15b,601,msc_valid,4,recency,0.5,22,2.25,49.5,2.1931818181818183,48.25,0.05681818181818166,1.25
qwen25_15b,601,msc_valid,4,lexical_tfidf,0.5,22,2.25,49.5,2.1931818181818183,48.25,0.05681818181818166,1.25
qwen25_15b,601,msc_valid,4,recency_keep_compress_drop,0.5,22,2.25,49.5,2.1931818181818183,48.25,0.05681818181818166,1.25
qwen25_15b,601,msc_valid,6,uniform,0.2,15,4.233333333333333,63.5,3.183333333333333,47.75,1.0500000000000003,15.75
qwen25_15b,601,msc_valid,6,longllmlingua,0.2,15,3.0833333333333335,46.25,3.183333333333333,47.75,-0.09999999999999964,-1.5
qwen25_15b,601,msc_valid,6,recency,0.2,15,4.233333333333333,63.5,3.183333333333333,47.75,1.0500000000000003,15.75
qwen25_15b,601,msc_valid,6,lexical_tfidf,0.2,15,4.233333333333333,63.5,3.183333333333333,47.75,1.0500000000000003,15.75
qwen25_15b,601,msc_valid,6,recency_keep_compress_drop,0.2,15,4.233333333333333,63.5,3.183333333333333,47.75,1.0500000000000003,15.75
qwen25_15b,601,msc_valid,6,uniform,0.35,15,3.95,59.25,3.183333333333333,47.75,0.766666666666667,11.5
qwen25_15b,601,msc_valid,6,longllmlingua,0.35,15,2.9166666666666665,43.75,3.183333333333333,47.75,-0.2666666666666666,-4.0
qwen25_15b,601,msc_valid,6,recency,0.35,15,3.95,59.25,3.183333333333333,47.75,0.766666666666667,11.5
qwen25_15b,601,msc_valid,6,lexical_tfidf,0.35,15,4.0,60.0,3.183333333333333,47.75,0.8166666666666669,12.25
qwen25_15b,601,msc_valid,6,recency_keep_compress_drop,0.35,15,3.95,59.25,3.183333333333333,47.75,0.766666666666667,11.5
qwen25_15b,601,msc_valid,6,uniform,0.5,15,4.033333333333333,60.5,3.183333333333333,47.75,0.8500000000000001,12.75
qwen25_15b,601,msc_valid,6,longllmlingua,0.5,15,3.05,45.75,3.183333333333333,47.75,-0.1333333333333333,-2.0
qwen25_15b,601,msc_valid,6,recency,0.5,15,3.6666666666666665,55.0,3.183333333333333,47.75,0.4833333333333334,7.25
qwen25_15b,601,msc_valid,6,lexical_tfidf,0.5,15,3.8,57.0,3.183333333333333,47.75,0.6166666666666667,9.25
qwen25_15b,601,msc_valid,6,recency_keep_compress_drop,0.5,15,3.95,59.25,3.183333333333333,47.75,0.766666666666667,11.5
qwen25_15b,601,msc_valid,8,uniform,0.2,9,1.8472222222222223,16.625,0.8888888888888888,8.0,0.9583333333333335,8.625
qwen25_15b,601,msc_valid,8,longllmlingua,0.2,9,1.2777777777777777,11.5,0.8888888888888888,8.0,0.38888888888888884,3.5
qwen25_15b,601,msc_valid,8,recency,0.2,9,1.8194444444444444,16.375,0.8888888888888888,8.0,0.9305555555555556,8.375
qwen25_15b,601,msc_valid,8,lexical_tfidf,0.2,9,1.8888888888888888,17.0,0.8888888888888888,8.0,1.0,9.0
qwen25_15b,601,msc_valid,8,recency_keep_compress_drop,0.2,9,1.7430555555555556,15.6875,0.8888888888888888,8.0,0.8541666666666667,7.6875
qwen25_15b,601,msc_valid,8,uniform,0.35,9,1.8888888888888888,17.0,0.8888888888888888,8.0,1.0,9.0
qwen25_15b,601,msc_valid,8,longllmlingua,0.35,9,1.2708333333333333,11.4375,0.8888888888888888,8.0,0.3819444444444444,3.4375
qwen25_15b,601,msc_valid,8,recency,0.35,9,1.6041666666666667,14.4375,0.8888888888888888,8.0,0.7152777777777779,6.4375
qwen25_15b,601,msc_valid,8,lexical_tfidf,0.35,9,1.6597222222222223,14.9375,0.8888888888888888,8.0,0.7708333333333335,6.9375
qwen25_15b,601,msc_valid,8,recency_keep_compress_drop,0.35,9,1.6041666666666667,14.4375,0.8888888888888888,8.0,0.7152777777777779,6.4375
qwen25_15b,601,msc_valid,8,uniform,0.5,9,1.6180555555555556,14.5625,0.8888888888888888,8.0,0.7291666666666667,6.5625
qwen25_15b,601,msc_valid,8,longllmlingua,0.5,9,1.2569444444444444,11.3125,0.8888888888888888,8.0,0.3680555555555556,3.3125
qwen25_15b,601,msc_valid,8,recency,0.5,9,1.3680555555555556,12.3125,0.8888888888888888,8.0,0.47916666666666674,4.3125
qwen25_15b,601,msc_valid,8,lexical_tfidf,0.5,9,1.3194444444444444,11.875,0.8888888888888888,8.0,0.4305555555555556,3.875
qwen25_15b,601,msc_valid,8,recency_keep_compress_drop,0.5,9,1.3263888888888888,11.9375,0.8888888888888888,8.0,0.4375,3.9375
qwen25_15b,601,msc_valid,10,uniform,0.2,10,4.15,41.5,3.0,30.0,1.1500000000000004,11.5
qwen25_15b,601,msc_valid,10,longllmlingua,0.2,10,4.025,40.25,3.0,30.0,1.0250000000000004,10.25
qwen25_15b,601,msc_valid,10,recency,0.2,10,3.75,37.5,3.0,30.0,0.75,7.5
qwen25_15b,601,msc_valid,10,lexical_tfidf,0.2,10,4.15,41.5,3.0,30.0,1.1500000000000004,11.5
qwen25_15b,601,msc_valid,10,recency_keep_compress_drop,0.2,10,3.85,38.5,3.0,30.0,0.8500000000000001,8.5
qwen25_15b,601,msc_valid,10,uniform,0.35,10,4.125,41.25,3.0,30.0,1.125,11.25
qwen25_15b,601,msc_valid,10,longllmlingua,0.35,10,3.825,38.25,3.0,30.0,0.8250000000000002,8.25
qwen25_15b,601,msc_valid,10,recency,0.35,10,3.475,34.75,3.0,30.0,0.4750000000000001,4.75
qwen25_15b,601,msc_valid,10,lexical_tfidf,0.35,10,4.1,41.0,3.0,30.0,1.0999999999999996,11.0
qwen25_15b,601,msc_valid,10,recency_keep_compress_drop,0.35,10,3.7,37.0,3.0,30.0,0.7000000000000002,7.0
qwen25_15b,601,msc_valid,10,uniform,0.5,10,3.95,39.5,3.0,30.0,0.9500000000000002,9.5
qwen25_15b,601,msc_valid,10,longllmlingua,0.5,10,3.7,37.0,3.0,30.0,0.7000000000000002,7.0
qwen25_15b,601,msc_valid,10,recency,0.5,10,3.275,32.75,3.0,30.0,0.2749999999999999,2.75
qwen25_15b,601,msc_valid,10,lexical_tfidf,0.5,10,3.525,35.25,3.0,30.0,0.5249999999999999,5.25
qwen25_15b,601,msc_valid,10,recency_keep_compress_drop,0.5,10,3.7,37.0,3.0,30.0,0.7000000000000002,7.0
qwen25_15b,601,msc_valid,12,uniform,0.2,10,2.775,27.75,1.975,19.75,0.7999999999999998,8.0
qwen25_15b,601,msc_valid,12,longllmlingua,0.2,10,2.3625,23.625,1.975,19.75,0.38749999999999973,3.875
qwen25_15b,601,msc_valid,12,recency,0.2,10,3.075,30.75,1.975,19.75,1.1,11.0
qwen25_15b,601,msc_valid,12,lexical_tfidf,0.2,10,2.625,26.25,1.975,19.75,0.6499999999999999,6.5
qwen25_15b,601,msc_valid,12,recency_keep_compress_drop,0.2,10,2.4625,24.625,1.975,19.75,0.4874999999999998,4.875
qwen25_15b,601,msc_valid,12,uniform,0.35,10,2.375,23.75,1.975,19.75,0.3999999999999999,4.0
qwen25_15b,601,msc_valid,12,longllmlingua,0.35,10,2.175,21.75,1.975,19.75,0.19999999999999973,2.0
qwen25_15b,601,msc_valid,12,recency,0.35,10,2.525,25.25,1.975,19.75,0.5499999999999998,5.5
qwen25_15b,601,msc_valid,12,lexical_tfidf,0.35,10,2.55,25.5,1.975,19.75,0.5749999999999997,5.75
qwen25_15b,601,msc_valid,12,recency_keep_compress_drop,0.35,10,1.9375,19.375,1.975,19.75,-0.03750000000000009,-0.375
qwen25_15b,601,msc_valid,12,uniform,0.5,10,2.5375,25.375,1.975,19.75,0.5625,5.625
qwen25_15b,601,msc_valid,12,longllmlingua,0.5,10,2.725,27.25,1.975,19.75,0.75,7.5
qwen25_15b,601,msc_valid,12,recency,0.5,10,1.85,18.5,1.975,19.75,-0.125,-1.25
qwen25_15b,601,msc_valid,12,lexical_tfidf,0.5,10,2.45,24.5,1.975,19.75,0.4750000000000001,4.75
qwen25_15b,601,msc_valid,12,recency_keep_compress_drop,0.5,10,1.775,17.75,1.975,19.75,-0.20000000000000018,-2.0
qwen25_15b,601,msc_valid,14,uniform,0.2,11,3.4318181818181817,37.75,2.1931818181818183,24.125,1.2386363636363633,13.625
qwen25_15b,601,msc_valid,14,longllmlingua,0.2,11,2.715909090909091,29.875,2.1931818181818183,24.125,0.5227272727272725,5.75
qwen25_15b,601,msc_valid,14,recency,0.2,11,3.25,35.75,2.1931818181818183,24.125,1.0568181818181817,11.625
qwen25_15b,601,msc_valid,14,lexical_tfidf,0.2,11,3.6136363636363638,39.75,2.1931818181818183,24.125,1.4204545454545454,15.625
qwen25_15b,601,msc_valid,14,recency_keep_compress_drop,0.2,11,2.840909090909091,31.25,2.1931818181818183,24.125,0.6477272727272725,7.125
qwen25_15b,601,msc_valid,14,uniform,0.35,11,3.2045454545454546,35.25,2.1931818181818183,24.125,1.0113636363636362,11.125
qwen25_15b,601,msc_valid,14,longllmlingua,0.35,11,2.4204545454545454,26.625,2.1931818181818183,24.125,0.22727272727272707,2.5
qwen25_15b,601,msc_valid,14,recency,0.35,11,2.8636363636363638,31.5,2.1931818181818183,24.125,0.6704545454545454,7.375
qwen25_15b,601,msc_valid,14,lexical_tfidf,0.35,11,3.340909090909091,36.75,2.1931818181818183,24.125,1.1477272727272725,12.625
qwen25_15b,601,msc_valid,14,recency_keep_compress_drop,0.35,11,2.6363636363636362,29.0,2.1931818181818183,24.125,0.4431818181818179,4.875
qwen25_15b,601,msc_valid,14,uniform,0.5,11,2.8181818181818183,31.0,2.1931818181818183,24.125,0.625,6.875
qwen25_15b,601,msc_valid,14,longllmlingua,0.5,11,2.284090909090909,25.125,2.1931818181818183,24.125,0.09090909090909083,1.0
qwen25_15b,601,msc_valid,14,recency,0.5,11,2.5568181818181817,28.125,2.1931818181818183,24.125,0.3636363636363633,4.0
qwen25_15b,601,msc_valid,14,lexical_tfidf,0.5,11,2.602272727272727,28.625,2.1931818181818183,24.125,0.4090909090909087,4.5
qwen25_15b,601,msc_valid,14,recency_keep_compress_drop,0.5,11,2.477272727272727,27.25,2.1931818181818183,24.125,0.2840909090909087,3.125
qwen25_15b,634,msc_valid,4,uniform,0.2,13,3.1346153846153846,40.75,2.9615384615384617,38.5,0.1730769230769229,2.25
qwen25_15b,634,msc_valid,4,longllmlingua,0.2,13,2.769230769230769,36.0,2.9615384615384617,38.5,-0.1923076923076925,-2.5
qwen25_15b,634,msc_valid,4,recency,0.2,13,3.1346153846153846,40.75,2.9615384615384617,38.5,0.1730769230769229,2.25
qwen25_15b,634,msc_valid,4,lexical_tfidf,0.2,13,3.1346153846153846,40.75,2.9615384615384617,38.5,0.1730769230769229,2.25
qwen25_15b,634,msc_valid,4,recency_keep_compress_drop,0.2,13,3.1346153846153846,40.75,2.9615384615384617,38.5,0.1730769230769229,2.25
qwen25_15b,634,msc_valid,4,uniform,0.35,13,3.0384615384615383,39.5,2.9615384615384617,38.5,0.07692307692307665,1.0
qwen25_15b,634,msc_valid,4,longllmlingua,0.35,13,2.8076923076923075,36.5,2.9615384615384617,38.5,-0.1538461538461542,-2.0
qwen25_15b,634,msc_valid,4,recency,0.35,13,3.0384615384615383,39.5,2.9615384615384617,38.5,0.07692307692307665,1.0
qwen25_15b,634,msc_valid,4,lexical_tfidf,0.35,13,3.0384615384615383,39.5,2.9615384615384617,38.5,0.07692307692307665,1.0
qwen25_15b,634,msc_valid,4,recency_keep_compress_drop,0.35,13,3.0384615384615383,39.5,2.9615384615384617,38.5,0.07692307692307665,1.0
qwen25_15b,634,msc_valid,4,uniform,0.5,13,3.0384615384615383,39.5,2.9615384615384617,38.5,0.07692307692307665,1.0
qwen25_15b,634,msc_valid,4,longllmlingua,0.5,13,2.7115384615384617,35.25,2.9615384615384617,38.5,-0.25,-3.25
qwen25_15b,634,msc_valid,4,recency,0.5,13,3.0384615384615383,39.5,2.9615384615384617,38.5,0.07692307692307665,1.0
qwen25_15b,634,msc_valid,4,lexical_tfidf,0.5,13,3.0384615384615383,39.5,2.9615384615384617,38.5,0.07692307692307665,1.0
qwen25_15b,634,msc_valid,4,recency_keep_compress_drop,0.5,13,3.0384615384615383,39.5,2.9615384615384617,38.5,0.07692307692307665,1.0
qwen25_15b,634,msc_valid,6,uniform,0.2,18,3.2083333333333335,57.75,2.9583333333333335,53.25,0.25,4.5
qwen25_15b,634,msc_valid,6,longllmlingua,0.2,18,3.0,54.0,2.9583333333333335,53.25,0.04166666666666652,0.75
qwen25_15b,634,msc_valid,6,recency,0.2,18,3.111111111111111,56.0,2.9583333333333335,53.25,0.15277777777777768,2.75
qwen25_15b,634,msc_valid,6,lexical_tfidf,0.2,18,3.2083333333333335,57.75,2.9583333333333335,53.25,0.25,4.5
qwen25_15b,634,msc_valid,6,recency_keep_compress_drop,0.2,18,3.111111111111111,56.0,2.9583333333333335,53.25,0.15277777777777768,2.75
qwen25_15b,634,msc_valid,6,uniform,0.35,18,2.9722222222222223,53.5,2.9583333333333335,53.25,0.01388888888888884,0.25
qwen25_15b,634,msc_valid,6,longllmlingua,0.35,18,2.9166666666666665,52.5,2.9583333333333335,53.25,-0.04166666666666696,-0.75
qwen25_15b,634,msc_valid,6,recency,0.35,18,3.111111111111111,56.0,2.9583333333333335,53.25,0.15277777777777768,2.75
qwen25_15b,634,msc_valid,6,lexical_tfidf,0.35,18,3.2083333333333335,57.75,2.9583333333333335,53.25,0.25,4.5
qwen25_15b,634,msc_valid,6,recency_keep_compress_drop,0.35,18,3.111111111111111,56.0,2.9583333333333335,53.25,0.15277777777777768,2.75
qwen25_15b,634,msc_valid,6,uniform,0.5,18,3.0833333333333335,55.5,2.9583333333333335,53.25,0.125,2.25
qwen25_15b,634,msc_valid,6,longllmlingua,0.5,18,3.0,54.0,2.9583333333333335,53.25,0.04166666666666652,0.75
qwen25_15b,634,msc_valid,6,recency,0.5,18,3.1666666666666665,57.0,2.9583333333333335,53.25,0.20833333333333304,3.75
qwen25_15b,634,msc_valid,6,lexical_tfidf,0.5,18,3.1666666666666665,57.0,2.9583333333333335,53.25,0.20833333333333304,3.75
qwen25_15b,634,msc_valid,6,recency_keep_compress_drop,0.5,18,2.9305555555555554,52.75,2.9583333333333335,53.25,-0.027777777777778123,-0.5
qwen25_15b,634,msc_valid,8,uniform,0.2,11,3.3636363636363638,37.0,2.909090909090909,32.0,0.4545454545454546,5.0
qwen25_15b,634,msc_valid,8,longllmlingua,0.2,11,3.0681818181818183,33.75,2.909090909090909,32.0,0.15909090909090917,1.75
qwen25_15b,634,msc_valid,8,recency,0.2,11,3.340909090909091,36.75,2.909090909090909,32.0,0.43181818181818166,4.75
qwen25_15b,634,msc_valid,8,lexical_tfidf,0.2,11,3.340909090909091,36.75,2.909090909090909,32.0,0.43181818181818166,4.75
qwen25_15b,634,msc_valid,8,recency_keep_compress_drop,0.2,11,3.340909090909091,36.75,2.909090909090909,32.0,0.43181818181818166,4.75
qwen25_15b,634,msc_valid,8,uniform,0.35,11,3.477272727272727,38.25,2.909090909090909,32.0,0.5681818181818179,6.25
qwen25_15b,634,msc_valid,8,longllmlingua,0.35,11,3.022727272727273,33.25,2.909090909090909,32.0,0.11363636363636376,1.25
qwen25_15b,634,msc_valid,8,recency,0.35,11,3.590909090909091,39.5,2.909090909090909,32.0,0.6818181818181817,7.5
qwen25_15b,634,msc_valid,8,lexical_tfidf,0.35,11,3.0454545454545454,33.5,2.909090909090909,32.0,0.13636363636363624,1.5
qwen25_15b,634,msc_valid,8,recency_keep_compress_drop,0.35,11,3.227272727272727,35.5,2.909090909090909,32.0,0.3181818181818179,3.5
qwen25_15b,634,msc_valid,8,uniform,0.5,11,3.227272727272727,35.5,2.909090909090909,32.0,0.3181818181818179,3.5
qwen25_15b,634,msc_valid,8,longllmlingua,0.5,11,3.022727272727273,33.25,2.909090909090909,32.0,0.11363636363636376,1.25
qwen25_15b,634,msc_valid,8,recency,0.5,11,3.340909090909091,36.75,2.909090909090909,32.0,0.43181818181818166,4.75
qwen25_15b,634,msc_valid,8,lexical_tfidf,0.5,11,3.0,33.0,2.909090909090909,32.0,0.09090909090909083,1.0
qwen25_15b,634,msc_valid,8,recency_keep_compress_drop,0.5,11,2.977272727272727,32.75,2.909090909090909,32.0,0.0681818181818179,0.75
qwen25_15b,634,msc_valid,10,uniform,0.2,13,3.480769230769231,45.25,3.5,45.5,-0.019230769230769162,-0.25
qwen25_15b,634,msc_valid,10,longllmlingua,0.2,13,3.480769230769231,45.25,3.5,45.5,-0.019230769230769162,-0.25
qwen25_15b,634,msc_valid,10,recency,0.2,13,3.576923076923077,46.5,3.5,45.5,0.0769230769230771,1.0
qwen25_15b,634,msc_valid,10,lexical_tfidf,0.2,13,3.75,48.75,3.5,45.5,0.25,3.25
qwen25_15b,634,msc_valid,10,recency_keep_compress_drop,0.2,13,3.6538461538461537,47.5,3.5,45.5,0.15384615384615374,2.0
qwen25_15b,634,msc_valid,10,uniform,0.35,13,3.5384615384615383,46.0,3.5,45.5,0.038461538461538325,0.5
qwen25_15b,634,msc_valid,10,longllmlingua,0.35,13,3.673076923076923,47.75,3.5,45.5,0.1730769230769229,2.25
qwen25_15b,634,msc_valid,10,recency,0.35,13,3.6153846153846154,47.0,3.5,45.5,0.11538461538461542,1.5
qwen25_15b,634,msc_valid,10,lexical_tfidf,0.35,13,3.6923076923076925,48.0,3.5,45.5,0.1923076923076925,2.5
qwen25_15b,634,msc_valid,10,recency_keep_compress_drop,0.35,13,3.6153846153846154,47.0,3.5,45.5,0.11538461538461542,1.5
qwen25_15b,634,msc_valid,10,uniform,0.5,13,3.576923076923077,46.5,3.5,45.5,0.0769230769230771,1.0
qwen25_15b,634,msc_valid,10,longllmlingua,0.5,13,3.826923076923077,49.75,3.5,45.5,0.3269230769230771,4.25
qwen25_15b,634,msc_valid,10,recency,0.5,13,3.5961538461538463,46.75,3.5,45.5,0.09615384615384626,1.25
qwen25_15b,634,msc_valid,10,lexical_tfidf,0.5,13,3.6346153846153846,47.25,3.5,45.5,0.13461538461538458,1.75
qwen25_15b,634,msc_valid,10,recency_keep_compress_drop,0.5,13,3.423076923076923,44.5,3.5,45.5,-0.0769230769230771,-1.0
qwen25_15b,634,msc_valid,12,uniform,0.2,11,5.0,55.0,4.113636363636363,45.25,0.8863636363636367,9.75
qwen25_15b,634,msc_valid,12,longllmlingua,0.2,11,4.795454545454546,52.75,4.113636363636363,45.25,0.6818181818181825,7.5
qwen25_15b,634,msc_valid,12,recency,0.2,11,5.363636363636363,59.0,4.113636363636363,45.25,1.25,13.75
qwen25_15b,634,msc_valid,12,lexical_tfidf,0.2,11,5.363636363636363,59.0,4.113636363636363,45.25,1.25,13.75
qwen25_15b,634,msc_valid,12,recency_keep_compress_drop,0.2,11,4.840909090909091,53.25,4.113636363636363,45.25,0.7272727272727275,8.0
qwen25_15b,634,msc_valid,12,uniform,0.35,11,4.863636363636363,53.5,4.113636363636363,45.25,0.75,8.25
qwen25_15b,634,msc_valid,12,longllmlingua,0.35,11,4.590909090909091,50.5,4.113636363636363,45.25,0.4772727272727275,5.25
qwen25_15b,634,msc_valid,12,recency,0.35,11,4.613636363636363,50.75,4.113636363636363,45.25,0.5,5.5
qwen25_15b,634,msc_valid,12,lexical_tfidf,0.35,11,4.75,52.25,4.113636363636363,45.25,0.6363636363636367,7.0
qwen25_15b,634,msc_valid,12,recency_keep_compress_drop,0.35,11,4.5227272727272725,49.75,4.113636363636363,45.25,0.40909090909090917,4.5
qwen25_15b,634,msc_valid,12,uniform,0.5,11,4.613636363636363,50.75,4.113636363636363,45.25,0.5,5.5
qwen25_15b,634,msc_valid,12,longllmlingua,0.5,11,4.2272727272727275,46.5,4.113636363636363,45.25,0.1136363636363642,1.25
qwen25_15b,634,msc_valid,12,recency,0.5,11,4.204545454545454,46.25,4.113636363636363,45.25,0.09090909090909083,1.0
qwen25_15b,634,msc_valid,12,lexical_tfidf,0.5,11,4.659090909090909,51.25,4.113636363636363,45.25,0.5454545454545459,6.0
qwen25_15b,634,msc_valid,12,recency_keep_compress_drop,0.5,11,4.431818181818182,48.75,4.113636363636363,45.25,0.31818181818181834,3.5
qwen25_15b,634,msc_valid,14,uniform,0.2,19,2.736842105263158,52.0,1.986842105263158,37.75,0.75,14.25
qwen25_15b,634,msc_valid,14,longllmlingua,0.2,19,2.6184210526315788,49.75,1.986842105263158,37.75,0.6315789473684208,12.0
qwen25_15b,634,msc_valid,14,recency,0.2,19,2.6842105263157894,51.0,1.986842105263158,37.75,0.6973684210526314,13.25
qwen25_15b,634,msc_valid,14,lexical_tfidf,0.2,19,2.5657894736842106,48.75,1.986842105263158,37.75,0.5789473684210527,11.0
qwen25_15b,634,msc_valid,14,recency_keep_compress_drop,0.2,19,2.526315789473684,48.0,1.986842105263158,37.75,0.5394736842105261,10.25
qwen25_15b,634,msc_valid,14,uniform,0.35,19,2.8026315789473686,53.25,1.986842105263158,37.75,0.8157894736842106,15.5
qwen25_15b,634,msc_valid,14,longllmlingua,0.35,19,2.5,47.5,1.986842105263158,37.75,0.513157894736842,9.75
qwen25_15b,634,msc_valid,14,recency,0.35,19,2.75,52.25,1.986842105263158,37.75,0.763157894736842,14.5
qwen25_15b,634,msc_valid,14,lexical_tfidf,0.35,19,2.3947368421052633,45.5,1.986842105263158,37.75,0.4078947368421053,7.75
qwen25_15b,634,msc_valid,14,recency_keep_compress_drop,0.35,19,2.5921052631578947,49.25,1.986842105263158,37.75,0.6052631578947367,11.5
qwen25_15b,634,msc_valid,14,uniform,0.5,19,2.3947368421052633,45.5,1.986842105263158,37.75,0.4078947368421053,7.75
qwen25_15b,634,msc_valid,14,longllmlingua,0.5,19,2.1842105263157894,41.5,1.986842105263158,37.75,0.19736842105263142,3.75
qwen25_15b,634,msc_valid,14,recency,0.5,19,2.513157894736842,47.75,1.986842105263158,37.75,0.5263157894736841,10.0
qwen25_15b,634,msc_valid,14,lexical_tfidf,0.5,19,2.3947368421052633,45.5,1.986842105263158,37.75,0.4078947368421053,7.75
qwen25_15b,634,msc_valid,14,recency_keep_compress_drop,0.5,19,2.1842105263157894,41.5,1.986842105263158,37.75,0.19736842105263142,3.75
qwen25_15b,642,msc_valid,4,uniform,0.2,13,4.423076923076923,57.5,4.230769230769231,55.0,0.1923076923076925,2.5
qwen25_15b,642,msc_valid,4,longllmlingua,0.2,13,4.3076923076923075,56.0,4.230769230769231,55.0,0.07692307692307665,1.0
qwen25_15b,642,msc_valid,4,recency,0.2,13,4.423076923076923,57.5,4.230769230769231,55.0,0.1923076923076925,2.5
qwen25_15b,642,msc_valid,4,lexical_tfidf,0.2,13,4.423076923076923,57.5,4.230769230769231,55.0,0.1923076923076925,2.5
qwen25_15b,642,msc_valid,4,recency_keep_compress_drop,0.2,13,4.423076923076923,57.5,4.230769230769231,55.0,0.1923076923076925,2.5
qwen25_15b,642,msc_valid,4,uniform,0.35,13,4.365384615384615,56.75,4.230769230769231,55.0,0.13461538461538414,1.75
qwen25_15b,642,msc_valid,4,longllmlingua,0.35,13,4.153846153846154,54.0,4.230769230769231,55.0,-0.07692307692307665,-1.0
qwen25_15b,642,msc_valid,4,recency,0.35,13,4.365384615384615,56.75,4.230769230769231,55.0,0.13461538461538414,1.75
qwen25_15b,642,msc_valid,4,lexical_tfidf,0.35,13,4.365384615384615,56.75,4.230769230769231,55.0,0.13461538461538414,1.75
qwen25_15b,642,msc_valid,4,recency_keep_compress_drop,0.35,13,4.365384615384615,56.75,4.230769230769231,55.0,0.13461538461538414,1.75
qwen25_15b,642,msc_valid,4,uniform,0.5,13,4.365384615384615,56.75,4.230769230769231,55.0,0.13461538461538414,1.75
qwen25_15b,642,msc_valid,4,longllmlingua,0.5,13,4.230769230769231,55.0,4.230769230769231,55.0,0.0,0.0
qwen25_15b,642,msc_valid,4,recency,0.5,13,4.365384615384615,56.75,4.230769230769231,55.0,0.13461538461538414,1.75
qwen25_15b,642,msc_valid,4,lexical_tfidf,0.5,13,4.365384615384615,56.75,4.230769230769231,55.0,0.13461538461538414,1.75
qwen25_15b,642,msc_valid,4,recency_keep_compress_drop,0.5,13,4.365384615384615,56.75,4.230769230769231,55.0,0.13461538461538414,1.75
qwen25_15b,642,msc_valid,8,uniform,0.2,14,3.482142857142857,48.75,3.4285714285714284,48.0,0.053571428571428825,0.75
qwen25_15b,642,msc_valid,8,longllmlingua,0.2,14,2.857142857142857,40.0,3.4285714285714284,48.0,-0.5714285714285712,-8.0
qwen25_15b,642,msc_valid,8,recency,0.2,14,3.0357142857142856,42.5,3.4285714285714284,48.0,-0.3928571428571428,-5.5
qwen25_15b,642,msc_valid,8,lexical_tfidf,0.2,14,3.482142857142857,48.75,3.4285714285714284,48.0,0.053571428571428825,0.75
qwen25_15b,642,msc_valid,8,recency_keep_compress_drop,0.2,14,3.0357142857142856,42.5,3.4285714285714284,48.0,-0.3928571428571428,-5.5
qwen25_15b,642,msc_valid,8,uniform,0.35,14,3.4107142857142856,47.75,3.4285714285714284,48.0,-0.017857142857142794,-0.25
qwen25_15b,642,msc_valid,8,longllmlingua,0.35,14,3.0535714285714284,42.75,3.4285714285714284,48.0,-0.375,-5.25
qwen25_15b,642,msc_valid,8,recency,0.35,14,2.9285714285714284,41.0,3.4285714285714284,48.0,-0.5,-7.0
qwen25_15b,642,msc_valid,8,lexical_tfidf,0.35,14,3.375,47.25,3.4285714285714284,48.0,-0.05357142857142838,-0.75
qwen25_15b,642,msc_valid,8,recency_keep_compress_drop,0.35,14,2.9642857142857144,41.5,3.4285714285714284,48.0,-0.46428571428571397,-6.5
qwen25_15b,642,msc_valid,8,uniform,0.5,14,3.517857142857143,49.25,3.4285714285714284,48.0,0.08928571428571441,1.25
qwen25_15b,642,msc_valid,8,longllmlingua,0.5,14,3.0535714285714284,42.75,3.4285714285714284,48.0,-0.375,-5.25
qwen25_15b,642,msc_valid,8,recency,0.5,14,2.982142857142857,41.75,3.4285714285714284,48.0,-0.4464285714285712,-6.25
qwen25_15b,642,msc_valid,8,lexical_tfidf,0.5,14,3.517857142857143,49.25,3.4285714285714284,48.0,0.08928571428571441,1.25
qwen25_15b,642,msc_valid,8,recency_keep_compress_drop,0.5,14,3.4642857142857144,48.5,3.4285714285714284,48.0,0.03571428571428603,0.5
qwen25_15b,642,msc_valid,12,uniform,0.2,14,4.357142857142857,61.0,3.4464285714285716,48.25,0.9107142857142851,12.75
qwen25_15b,642,msc_valid,12,longllmlingua,0.2,14,3.8214285714285716,53.5,3.4464285714285716,48.25,0.375,5.25
qwen25_15b,642,msc_valid,12,recency,0.2,14,3.7857142857142856,53.0,3.4464285714285716,48.25,0.33928571428571397,4.75
qwen25_15b,642,msc_valid,12,lexical_tfidf,0.2,14,4.0,56.0,3.4464285714285716,48.25,0.5535714285714284,7.75
qwen25_15b,642,msc_valid,12,recency_keep_compress_drop,0.2,14,3.8392857142857144,53.75,3.4464285714285716,48.25,0.3928571428571428,5.5
qwen25_15b,642,msc_valid,12,uniform,0.35,14,4.142857142857143,58.0,3.4464285714285716,48.25,0.6964285714285716,9.75
qwen25_15b,642,msc_valid,12,longllmlingua,0.35,14,3.9107142857142856,54.75,3.4464285714285716,48.25,0.46428571428571397,6.5
qwen25_15b,642,msc_valid,12,recency,0.35,14,3.5892857142857144,50.25,3.4464285714285716,48.25,0.1428571428571428,2.0
qwen25_15b,642,msc_valid,12,lexical_tfidf,0.35,14,3.892857142857143,54.5,3.4464285714285716,48.25,0.4464285714285712,6.25
qwen25_15b,642,msc_valid,12,recency_keep_compress_drop,0.35,14,3.6607142857142856,51.25,3.4464285714285716,48.25,0.21428571428571397,3.0
qwen25_15b,642,msc_valid,12,uniform,0.5,14,4.125,57.75,3.4464285714285716,48.25,0.6785714285714284,9.5
qwen25_15b,642,msc_valid,12,longllmlingua,0.5,14,3.857142857142857,54.0,3.4464285714285716,48.25,0.4107142857142856,5.75
qwen25_15b,642,msc_valid,12,recency,0.5,14,3.482142857142857,48.75,3.4464285714285716,48.25,0.03571428571428559,0.5
qwen25_15b,642,msc_valid,12,lexical_tfidf,0.5,14,3.75,52.5,3.4464285714285716,48.25,0.3035714285714284,4.25
qwen25_15b,642,msc_valid,12,recency_keep_compress_drop,0.5,14,3.482142857142857,48.75,3.4464285714285716,48.25,0.03571428571428559,0.5
qwen25_15b,642,msc_valid,16,uniform,0.2,24,3.2291666666666665,77.5,2.9166666666666665,70.0,0.3125,7.5
qwen25_15b,642,msc_valid,16,longllmlingua,0.2,24,3.0,72.0,2.9166666666666665,70.0,0.08333333333333348,2.0
qwen25_15b,642,msc_valid,16,recency,0.2,24,3.0833333333333335,74.0,2.9166666666666665,70.0,0.16666666666666696,4.0
qwen25_15b,642,msc_valid,16,lexical_tfidf,0.2,24,3.1666666666666665,76.0,2.9166666666666665,70.0,0.25,6.0
qwen25_15b,642,msc_valid,16,recency_keep_compress_drop,0.2,24,3.1666666666666665,76.0,2.9166666666666665,70.0,0.25,6.0
qwen25_15b,642,msc_valid,16,uniform,0.35,24,3.1666666666666665,76.0,2.9166666666666665,70.0,0.25,6.0
qwen25_15b,642,msc_valid,16,longllmlingua,0.35,24,2.9791666666666665,71.5,2.9166666666666665,70.0,0.0625,1.5
qwen25_15b,642,msc_valid,16,recency,0.35,24,2.9375,70.5,2.9166666666666665,70.0,0.02083333333333348,0.5
qwen25_15b,642,msc_valid,16,lexical_tfidf,0.35,24,3.125,75.0,2.9166666666666665,70.0,0.20833333333333348,5.0
qwen25_15b,642,msc_valid,16,recency_keep_compress_drop,0.35,24,3.0625,73.5,2.9166666666666665,70.0,0.14583333333333348,3.5
qwen25_15b,642,msc_valid,16,uniform,0.5,24,3.125,75.0,2.9166666666666665,70.0,0.20833333333333348,5.0
qwen25_15b,642,msc_valid,16,longllmlingua,0.5,24,3.0208333333333335,72.5,2.9166666666666665,70.0,0.10416666666666696,2.5
qwen25_15b,642,msc_valid,16,recency,0.5,24,2.9166666666666665,70.0,2.9166666666666665,70.0,0.0,0.0
qwen25_15b,642,msc_valid,16,lexical_tfidf,0.5,24,3.0,72.0,2.9166666666666665,70.0,0.08333333333333348,2.0
qwen25_15b,642,msc_valid,16,recency_keep_compress_drop,0.5,24,3.0416666666666665,73.0,2.9166666666666665,70.0,0.125,3.0
qwen25_15b,642,msc_valid,20,uniform,0.2,52,3.3653846153846154,175.0,3.1346153846153846,163.0,0.23076923076923084,12.0
qwen25_15b,642,msc_valid,20,longllmlingua,0.2,52,3.269230769230769,170.0,3.1346153846153846,163.0,0.13461538461538458,7.0
qwen25_15b,642,msc_valid,20,recency,0.2,52,3.1923076923076925,166.0,3.1346153846153846,163.0,0.05769230769230793,3.0
qwen25_15b,642,msc_valid,20,lexical_tfidf,0.2,52,3.2884615384615383,171.0,3.1346153846153846,163.0,0.15384615384615374,8.0
qwen25_15b,642,msc_valid,20,recency_keep_compress_drop,0.2,52,3.3076923076923075,172.0,3.1346153846153846,163.0,0.1730769230769229,9.0
qwen25_15b,642,msc_valid,20,uniform,0.35,52,3.269230769230769,170.0,3.1346153846153846,163.0,0.13461538461538458,7.0
qwen25_15b,642,msc_valid,20,longllmlingua,0.35,52,3.25,169.0,3.1346153846153846,163.0,0.11538461538461542,6.0
qwen25_15b,642,msc_valid,20,recency,0.35,52,3.173076923076923,165.0,3.1346153846153846,163.0,0.038461538461538325,2.0
qwen25_15b,642,msc_valid,20,lexical_tfidf,0.35,52,3.25,169.0,3.1346153846153846,163.0,0.11538461538461542,6.0
qwen25_15b,642,msc_valid,20,recency_keep_compress_drop,0.35,52,3.269230769230769,170.0,3.1346153846153846,163.0,0.13461538461538458,7.0
qwen25_15b,642,msc_valid,20,uniform,0.5,52,3.25,169.0,3.1346153846153846,163.0,0.11538461538461542,6.0
qwen25_15b,642,msc_valid,20,longllmlingua,0.5,52,3.173076923076923,165.0,3.1346153846153846,163.0,0.038461538461538325,2.0
qwen25_15b,642,msc_valid,20,recency,0.5,52,3.1346153846153846,163.0,3.1346153846153846,163.0,0.0,0.0
qwen25_15b,642,msc_valid,20,lexical_tfidf,0.5,52,3.1923076923076925,166.0,3.1346153846153846,163.0,0.05769230769230793,3.0
qwen25_15b,642,msc_valid,20,recency_keep_compress_drop,0.5,52,3.25,169.0,3.1346153846153846,163.0,0.11538461538461542,6.0
qwen25_15b,642,msc_valid,24,uniform,0.2,38,3.25,123.5,3.1447368421052633,119.5,0.10526315789473673,4.0
qwen25_15b,642,msc_valid,24,longllmlingua,0.2,38,3.1973684210526314,121.5,3.1447368421052633,119.5,0.05263157894736814,2.0
qwen25_15b,642,msc_valid,24,recency,0.2,38,3.1973684210526314,121.5,3.1447368421052633,119.5,0.05263157894736814,2.0
qwen25_15b,642,msc_valid,24,lexical_tfidf,0.2,38,3.1710526315789473,120.5,3.1447368421052633,119.5,0.02631578947368407,1.0
qwen25_15b,642,msc_valid,24,recency_keep_compress_drop,0.2,38,3.1842105263157894,121.0,3.1447368421052633,119.5,0.039473684210526105,1.5
qwen25_15b,642,msc_valid,24,uniform,0.35,38,3.263157894736842,124.0,3.1447368421052633,119.5,0.11842105263157876,4.5
qwen25_15b,642,msc_valid,24,longllmlingua,0.35,38,3.1973684210526314,121.5,3.1447368421052633,119.5,0.05263157894736814,2.0
qwen25_15b,642,msc_valid,24,recency,0.35,38,3.210526315789474,122.0,3.1447368421052633,119.5,0.06578947368421062,2.5
qwen25_15b,642,msc_valid,24,lexical_tfidf,0.35,38,3.1973684210526314,121.5,3.1447368421052633,119.5,0.05263157894736814,2.0
qwen25_15b,642,msc_valid,24,recency_keep_compress_drop,0.35,38,3.210526315789474,122.0,3.1447368421052633,119.5,0.06578947368421062,2.5
qwen25_15b,642,msc_valid,24,uniform,0.5,38,3.210526315789474,122.0,3.1447368421052633,119.5,0.06578947368421062,2.5
qwen25_15b,642,msc_valid,24,longllmlingua,0.5,38,3.1842105263157894,121.0,3.1447368421052633,119.5,0.039473684210526105,1.5
qwen25_15b,642,msc_valid,24,recency,0.5,38,3.1710526315789473,120.5,3.1447368421052633,119.5,0.02631578947368407,1.0
qwen25_15b,642,msc_valid,24,lexical_tfidf,0.5,38,3.1578947368421053,120.0,3.1447368421052633,119.5,0.013157894736842035,0.5
qwen25_15b,642,msc_valid,24,recency_keep_compress_drop,0.5,38,3.1578947368421053,120.0,3.1447368421052633,119.5,0.013157894736842035,0.5
qwen25_15b,642,msc_valid,28,uniform,0.2,23,2.9130434782608696,67.0,2.619565217391304,60.25,0.2934782608695654,6.75
qwen25_15b,642,msc_valid,28,longllmlingua,0.2,23,2.6739130434782608,61.5,2.619565217391304,60.25,0.05434782608695654,1.25
qwen25_15b,642,msc_valid,28,recency,0.2,23,2.760869565217391,63.5,2.619565217391304,60.25,0.14130434782608692,3.25
qwen25_15b,642,msc_valid,28,lexical_tfidf,0.2,23,2.8043478260869565,64.5,2.619565217391304,60.25,0.18478260869565233,4.25
qwen25_15b,642,msc_valid,28,recency_keep_compress_drop,0.2,23,2.619565217391304,60.25,2.619565217391304,60.25,0.0,0.0
qwen25_15b,642,msc_valid,28,uniform,0.35,23,2.9130434782608696,67.0,2.619565217391304,60.25,0.2934782608695654,6.75
qwen25_15b,642,msc_valid,28,longllmlingua,0.35,23,2.75,63.25,2.619565217391304,60.25,0.1304347826086958,3.0
qwen25_15b,642,msc_valid,28,recency,0.35,23,2.5434782608695654,58.5,2.619565217391304,60.25,-0.0760869565217388,-1.75
qwen25_15b,642,msc_valid,28,lexical_tfidf,0.35,23,2.847826086956522,65.5,2.619565217391304,60.25,0.22826086956521774,5.25
qwen25_15b,642,msc_valid,28,recency_keep_compress_drop,0.35,23,2.641304347826087,60.75,2.619565217391304,60.25,0.021739130434782705,0.5
qwen25_15b,642,msc_valid,28,uniform,0.5,23,2.8260869565217392,65.0,2.619565217391304,60.25,0.20652173913043503,4.75
qwen25_15b,642,msc_valid,28,longllmlingua,0.5,23,2.75,63.25,2.619565217391304,60.25,0.1304347826086958,3.0
qwen25_15b,642,msc_valid,28,recency,0.5,23,2.510869565217391,57.75,2.619565217391304,60.25,-0.10869565217391308,-2.5
qwen25_15b,642,msc_valid,28,lexical_tfidf,0.5,23,2.6956521739130435,62.0,2.619565217391304,60.25,0.07608695652173925,1.75
qwen25_15b,642,msc_valid,28,recency_keep_compress_drop,0.5,23,2.7065217391304346,62.25,2.619565217391304,60.25,0.08695652173913038,2.0
qwen25_15b,642,msc_valid,32,uniform,0.2,15,2.1333333333333333,32.0,1.8583333333333334,27.875,0.2749999999999999,4.125
qwen25_15b,642,msc_valid,32,longllmlingua,0.2,15,2.3333333333333335,35.0,1.8583333333333334,27.875,0.4750000000000001,7.125
qwen25_15b,642,msc_valid,32,recency,0.2,15,2.15,32.25,1.8583333333333334,27.875,0.2916666666666665,4.375
qwen25_15b,642,msc_valid,32,lexical_tfidf,0.2,15,2.15,32.25,1.8583333333333334,27.875,0.2916666666666665,4.375
qwen25_15b,642,msc_valid,32,recency_keep_compress_drop,0.2,15,2.0416666666666665,30.625,1.8583333333333334,27.875,0.18333333333333313,2.75
qwen25_15b,642,msc_valid,32,uniform,0.35,15,2.058333333333333,30.875,1.8583333333333334,27.875,0.19999999999999973,3.0
qwen25_15b,642,msc_valid,32,longllmlingua,0.35,15,2.3833333333333333,35.75,1.8583333333333334,27.875,0.5249999999999999,7.875
qwen25_15b,642,msc_valid,32,recency,0.35,15,2.2333333333333334,33.5,1.8583333333333334,27.875,0.375,5.625
qwen25_15b,642,msc_valid,32,lexical_tfidf,0.35,15,1.9833333333333334,29.75,1.8583333333333334,27.875,0.125,1.875
qwen25_15b,642,msc_valid,32,recency_keep_compress_drop,0.35,15,2.1083333333333334,31.625,1.8583333333333334,27.875,0.25,3.75
qwen25_15b,642,msc_valid,32,uniform,0.5,15,1.8583333333333334,27.875,1.8583333333333334,27.875,0.0,0.0
qwen25_15b,642,msc_valid,32,longllmlingua,0.5,15,2.25,33.75,1.8583333333333334,27.875,0.3916666666666666,5.875
qwen25_15b,642,msc_valid,32,recency,0.5,15,1.9833333333333334,29.75,1.8583333333333334,27.875,0.125,1.875
qwen25_15b,642,msc_valid,32,lexical_tfidf,0.5,15,1.9333333333333333,29.0,1.8583333333333334,27.875,0.07499999999999996,1.125
qwen25_15b,642,msc_valid,32,recency_keep_compress_drop,0.5,15,1.9416666666666667,29.125,1.8583333333333334,27.875,0.08333333333333326,1.25
qwen25_15b,642,msc_valid,34,uniform,0.2,21,2.380952380952381,50.0,2.0952380952380953,44.0,0.2857142857142856,6.0
qwen25_15b,642,msc_valid,34,longllmlingua,0.2,21,2.4523809523809526,51.5,2.0952380952380953,44.0,0.3571428571428572,7.5
qwen25_15b,642,msc_valid,34,recency,0.2,21,2.238095238095238,47.0,2.0952380952380953,44.0,0.1428571428571428,3.0
qwen25_15b,642,msc_valid,34,lexical_tfidf,0.2,21,2.2976190476190474,48.25,2.0952380952380953,44.0,0.2023809523809521,4.25
qwen25_15b,642,msc_valid,34,recency_keep_compress_drop,0.2,21,2.2976190476190474,48.25,2.0952380952380953,44.0,0.2023809523809521,4.25
qwen25_15b,642,msc_valid,34,uniform,0.35,21,2.238095238095238,47.0,2.0952380952380953,44.0,0.1428571428571428,3.0
qwen25_15b,642,msc_valid,34,longllmlingua,0.35,21,2.4047619047619047,50.5,2.0952380952380953,44.0,0.3095238095238093,6.5
qwen25_15b,642,msc_valid,34,recency,0.35,21,2.261904761904762,47.5,2.0952380952380953,44.0,0.16666666666666652,3.5
qwen25_15b,642,msc_valid,34,lexical_tfidf,0.35,21,2.3214285714285716,48.75,2.0952380952380953,44.0,0.22619047619047628,4.75
qwen25_15b,642,msc_valid,34,recency_keep_compress_drop,0.35,21,2.2738095238095237,47.75,2.0952380952380953,44.0,0.17857142857142838,3.75
qwen25_15b,642,msc_valid,34,uniform,0.5,21,2.119047619047619,44.5,2.0952380952380953,44.0,0.023809523809523725,0.5
qwen25_15b,642,msc_valid,34,longllmlingua,0.5,21,2.357142857142857,49.5,2.0952380952380953,44.0,0.26190476190476186,5.5
qwen25_15b,642,msc_valid,34,recency,0.5,21,2.1785714285714284,45.75,2.0952380952380953,44.0,0.08333333333333304,1.75
qwen25_15b,642,msc_valid,34,lexical_tfidf,0.5,21,2.1904761904761907,46.0,2.0952380952380953,44.0,0.09523809523809534,2.0
qwen25_15b,642,msc_valid,34,recency_keep_compress_drop,0.5,21,2.2023809523809526,46.25,2.0952380952380953,44.0,0.1071428571428572,2.25
qwen25_15b,642,msc_valid,38,uniform,0.2,22,2.909090909090909,64.0,1.8854166666666667,11.3125,1.0236742424242424,52.6875
qwen25_15b,642,msc_valid,38,longllmlingua,0.2,22,2.7386363636363638,60.25,1.8854166666666667,11.3125,0.853219696969697,48.9375
qwen25_15b,642,msc_valid,38,recency,0.2,22,2.9318181818181817,64.5,1.8854166666666667,11.3125,1.046401515151515,53.1875
qwen25_15b,642,msc_valid,38,lexical_tfidf,0.2,22,2.8295454545454546,62.25,1.8854166666666667,11.3125,0.9441287878787878,50.9375
qwen25_15b,642,msc_valid,38,recency_keep_compress_drop,0.2,22,2.840909090909091,62.5,1.8854166666666667,11.3125,0.9554924242424241,51.1875
qwen25_15b,642,msc_valid,38,uniform,0.35,22,2.875,63.25,1.8854166666666667,11.3125,0.9895833333333333,51.9375
qwen25_15b,642,msc_valid,38,longllmlingua,0.35,22,2.75,60.5,1.8854166666666667,11.3125,0.8645833333333333,49.1875
qwen25_15b,642,msc_valid,38,recency,0.35,22,2.8636363636363638,63.0,1.8854166666666667,11.3125,0.978219696969697,51.6875
qwen25_15b,642,msc_valid,38,lexical_tfidf,0.35,22,2.784090909090909,61.25,1.8854166666666667,11.3125,0.8986742424242424,49.9375
qwen25_15b,642,msc_valid,38,recency_keep_compress_drop,0.35,22,2.715909090909091,59.75,1.8854166666666667,11.3125,0.8304924242424241,48.4375
qwen25_15b,642,msc_valid,38,uniform,0.5,22,2.772727272727273,61.0,1.8854166666666667,11.3125,0.8873106060606062,49.6875
qwen25_15b,642,msc_valid,38,longllmlingua,0.5,22,2.7386363636363638,60.25,1.8854166666666667,11.3125,0.853219696969697,48.9375
qwen25_15b,642,msc_valid,38,recency,0.5,22,2.7045454545454546,59.5,1.8854166666666667,11.3125,0.8191287878787878,48.1875
qwen25_15b,642,msc_valid,38,lexical_tfidf,0.5,22,2.7954545454545454,61.5,1.8854166666666667,11.3125,0.9100378787878787,50.1875
qwen25_15b,642,msc_valid,38,recency_keep_compress_drop,0.5,22,2.715909090909091,59.75,1.8854166666666667,11.3125,0.8304924242424241,48.4375
qwen25_15b,642,msc_valid,42,uniform,0.2,37,2.6486486486486487,98.0,0.0,0.0,2.6486486486486487,98.0
qwen25_15b,642,msc_valid,42,longllmlingua,0.2,37,2.554054054054054,94.5,0.0,0.0,2.554054054054054,94.5
qwen25_15b,642,msc_valid,42,recency,0.2,37,2.5675675675675675,95.0,0.0,0.0,2.5675675675675675,95.0
qwen25_15b,642,msc_valid,42,lexical_tfidf,0.2,37,2.5405405405405403,94.0,0.0,0.0,2.5405405405405403,94.0
qwen25_15b,642,msc_valid,42,recency_keep_compress_drop,0.2,37,2.581081081081081,95.5,0.0,0.0,2.581081081081081,95.5
qwen25_15b,642,msc_valid,42,uniform,0.35,37,2.5675675675675675,95.0,0.0,0.0,2.5675675675675675,95.0
qwen25_15b,642,msc_valid,42,longllmlingua,0.35,37,2.5675675675675675,95.0,0.0,0.0,2.5675675675675675,95.0
qwen25_15b,642,msc_valid,42,recency,0.35,37,2.5135135135135136,93.0,0.0,0.0,2.5135135135135136,93.0
qwen25_15b,642,msc_valid,42,lexical_tfidf,0.35,37,2.5135135135135136,93.0,0.0,0.0,2.5135135135135136,93.0
qwen25_15b,642,msc_valid,42,recency_keep_compress_drop,0.35,37,2.554054054054054,94.5,0.0,0.0,2.554054054054054,94.5
qwen25_15b,642,msc_valid,42,uniform,0.5,37,2.472972972972973,91.5,0.0,0.0,2.472972972972973,91.5
qwen25_15b,642,msc_valid,42,longllmlingua,0.5,37,2.5675675675675675,95.0,0.0,0.0,2.5675675675675675,95.0
qwen25_15b,642,msc_valid,42,recency,0.5,37,2.5405405405405403,94.0,0.0,0.0,2.5405405405405403,94.0
qwen25_15b,642,msc_valid,42,lexical_tfidf,0.5,37,2.527027027027027,93.5,0.0,0.0,2.527027027027027,93.5
qwen25_15b,642,msc_valid,42,recency_keep_compress_drop,0.5,37,2.554054054054054,94.5,0.0,0.0,2.554054054054054,94.5
qwen25_15b,642,msc_valid,46,uniform,0.2,40,2.2625,90.5,0.0,0.0,2.2625,90.5
qwen25_15b,642,msc_valid,46,longllmlingua,0.2,40,2.3,92.0,0.0,0.0,2.3,92.0
qwen25_15b,642,msc_valid,46,recency,0.2,40,2.225,89.0,0.0,0.0,2.225,89.0
qwen25_15b,642,msc_valid,46,lexical_tfidf,0.2,40,2.225,89.0,0.0,0.0,2.225,89.0
qwen25_15b,642,msc_valid,46,recency_keep_compress_drop,0.2,40,2.15,86.0,0.0,0.0,2.15,86.0
qwen25_15b,642,msc_valid,46,uniform,0.35,40,2.1875,87.5,0.0,0.0,2.1875,87.5
qwen25_15b,642,msc_valid,46,longllmlingua,0.35,40,2.225,89.0,0.0,0.0,2.225,89.0
qwen25_15b,642,msc_valid,46,recency,0.35,40,2.1625,86.5,0.0,0.0,2.1625,86.5
qwen25_15b,642,msc_valid,46,lexical_tfidf,0.35,40,2.0875,83.5,0.0,0.0,2.0875,83.5
qwen25_15b,642,msc_valid,46,recency_keep_compress_drop,0.35,40,2.1875,87.5,0.0,0.0,2.1875,87.5
qwen25_15b,642,msc_valid,46,uniform,0.5,40,2.175,87.0,0.0,0.0,2.175,87.0
qwen25_15b,642,msc_valid,46,longllmlingua,0.5,40,2.1,84.0,0.0,0.0,2.1,84.0
qwen25_15b,642,msc_valid,46,recency,0.5,40,2.175,87.0,0.0,0.0,2.175,87.0
qwen25_15b,642,msc_valid,46,lexical_tfidf,0.5,40,2.0875,83.5,0.0,0.0,2.0875,83.5
qwen25_15b,642,msc_valid,46,recency_keep_compress_drop,0.5,40,2.15,86.0,0.0,0.0,2.15,86.0
qwen25_15b,642,msc_valid,50,uniform,0.2,33,2.6666666666666665,88.0,0.0,0.0,2.6666666666666665,88.0
qwen25_15b,642,msc_valid,50,longllmlingua,0.2,33,2.515151515151515,83.0,0.0,0.0,2.515151515151515,83.0
qwen25_15b,642,msc_valid,50,recency,0.2,33,2.3181818181818183,76.5,0.0,0.0,2.3181818181818183,76.5
qwen25_15b,642,msc_valid,50,lexical_tfidf,0.2,33,2.4696969696969697,81.5,0.0,0.0,2.4696969696969697,81.5
qwen25_15b,642,msc_valid,50,recency_keep_compress_drop,0.2,33,2.4242424242424243,80.0,0.0,0.0,2.4242424242424243,80.0
qwen25_15b,642,msc_valid,50,uniform,0.35,33,2.409090909090909,79.5,0.0,0.0,2.409090909090909,79.5
qwen25_15b,642,msc_valid,50,longllmlingua,0.35,33,2.5454545454545454,84.0,0.0,0.0,2.5454545454545454,84.0
qwen25_15b,642,msc_valid,50,recency,0.35,33,2.303030303030303,76.0,0.0,0.0,2.303030303030303,76.0
qwen25_15b,642,msc_valid,50,lexical_tfidf,0.35,33,2.409090909090909,79.5,0.0,0.0,2.409090909090909,79.5
qwen25_15b,642,msc_valid,50,recency_keep_compress_drop,0.35,33,2.4242424242424243,80.0,0.0,0.0,2.4242424242424243,80.0
qwen25_15b,642,msc_valid,50,uniform,0.5,33,2.5303030303030303,83.5,0.0,0.0,2.5303030303030303,83.5
qwen25_15b,642,msc_valid,50,longllmlingua,0.5,33,2.4242424242424243,80.0,0.0,0.0,2.4242424242424243,80.0
qwen25_15b,642,msc_valid,50,recency,0.5,3,2.375,7.125,0.0,0.0,2.375,7.125
qwen25_15b,642,msc_valid,50,lexical_tfidf,0.5,3,2.4375,7.3125,0.0,0.0,2.4375,7.3125
qwen25_15b,642,msc_valid,50,recency_keep_compress_drop,0.5,5,2.4625,12.3125,0.0,0.0,2.4625,12.3125
qwen25_15b,642,msc_valid,54,uniform,0.2,23,2.4782608695652173,57.0,0.0,0.0,2.4782608695652173,57.0
qwen25_15b,642,msc_valid,54,longllmlingua,0.2,23,2.760869565217391,63.5,0.0,0.0,2.760869565217391,63.5
qwen25_15b,642,msc_valid,54,recency,0.2,23,2.1630434782608696,49.75,0.0,0.0,2.1630434782608696,49.75
qwen25_15b,642,msc_valid,54,lexical_tfidf,0.2,23,2.217391304347826,51.0,0.0,0.0,2.217391304347826,51.0
qwen25_15b,642,msc_valid,54,recency_keep_compress_drop,0.2,23,2.152173913043478,49.5,0.0,0.0,2.152173913043478,49.5
qwen25_15b,642,msc_valid,54,uniform,0.35,23,2.347826086956522,54.0,0.0,0.0,2.347826086956522,54.0
qwen25_15b,642,msc_valid,54,longllmlingua,0.35,23,2.7065217391304346,62.25,0.0,0.0,2.7065217391304346,62.25
qwen25_15b,642,msc_valid,54,recency,0.35,23,2.119565217391304,48.75,0.0,0.0,2.119565217391304,48.75
qwen25_15b,642,msc_valid,54,lexical_tfidf,0.35,23,2.1739130434782608,50.0,0.0,0.0,2.1739130434782608,50.0
qwen25_15b,642,msc_valid,54,recency_keep_compress_drop,0.35,23,2.1630434782608696,49.75,0.0,0.0,2.1630434782608696,49.75
qwen25_15b,642,msc_valid,54,uniform,0.5,23,2.380434782608696,54.75,0.0,0.0,2.380434782608696,54.75
qwen25_15b,642,msc_valid,54,longllmlingua,0.5,23,2.597826086956522,59.75,0.0,0.0,2.597826086956522,59.75
qwen25_15b,642,msc_valid,54,recency,0.5,0,0.0,0.0,0.0,0.0,0.0,0.0
qwen25_15b,642,msc_valid,54,lexical_tfidf,0.5,0,0.0,0.0,0.0,0.0,0.0,0.0
qwen25_15b,642,msc_valid,54,recency_keep_compress_drop,0.5,0,0.0,0.0,0.0,0.0,0.0,0.0
qwen25_15b,642,msc_valid,58,uniform,0.2,37,1.4662162162162162,54.25,0.0,0.0,1.4662162162162162,54.25
qwen25_15b,642,msc_valid,58,longllmlingua,0.2,37,1.304054054054054,48.25,0.0,0.0,1.304054054054054,48.25
qwen25_15b,642,msc_valid,58,recency,0.2,37,1.1824324324324325,43.75,0.0,0.0,1.1824324324324325,43.75
qwen25_15b,642,msc_valid,58,lexical_tfidf,0.2,37,1.1891891891891893,44.0,0.0,0.0,1.1891891891891893,44.0
qwen25_15b,642,msc_valid,58,recency_keep_compress_drop,0.2,37,1.1824324324324325,43.75,0.0,0.0,1.1824324324324325,43.75
qwen25_15b,642,msc_valid,58,uniform,0.35,37,1.4662162162162162,54.25,0.0,0.0,1.4662162162162162,54.25
qwen25_15b,642,msc_valid,58,longllmlingua,0.35,37,1.2364864864864864,45.75,0.0,0.0,1.2364864864864864,45.75
qwen25_15b,642,msc_valid,58,recency,0.35,0,0.0,0.0,0.0,0.0,0.0,0.0
qwen25_15b,642,msc_valid,58,lexical_tfidf,0.35,0,0.0,0.0,0.0,0.0,0.0,0.0
qwen25_15b,642,msc_valid,58,recency_keep_compress_drop,0.35,0,0.0,0.0,0.0,0.0,0.0,0.0
qwen25_15b,642,msc_valid,58,uniform,0.5,37,1.472972972972973,54.5,0.0,0.0,1.472972972972973,54.5
qwen25_15b,642,msc_valid,58,longllmlingua,0.5,37,1.2635135135135136,46.75,0.0,0.0,1.2635135135135136,46.75
qwen25_15b,642,msc_valid,58,recency,0.5,0,0.0,0.0,0.0,0.0,0.0,0.0
qwen25_15b,642,msc_valid,58,lexical_tfidf,0.5,0,0.0,0.0,0.0,0.0,0.0,0.0
qwen25_15b,642,msc_valid,58,recency_keep_compress_drop,0.5,0,0.0,0.0,0.0,0.0,0.0,0.0
qwen25_15b,642,msc_valid,62,uniform,0.2,15,2.35,35.25,0.0,0.0,2.35,35.25
qwen25_15b,642,msc_valid,62,longllmlingua,0.2,15,2.816666666666667,42.25,0.0,0.0,2.816666666666667,42.25
qwen25_15b,642,msc_valid,62,recency,0.2,0,0.0,0.0,0.0,0.0,0.0,0.0
qwen25_15b,642,msc_valid,62,lexical_tfidf,0.2,0,0.0,0.0,0.0,0.0,0.0,0.0
qwen25_15b,642,msc_valid,62,recency_keep_compress_drop,0.2,0,0.0,0.0,0.0,0.0,0.0,0.0
qwen25_15b,642,msc_valid,62,uniform,0.35,15,2.1,31.5,0.0,0.0,2.1,31.5
qwen25_15b,642,msc_valid,62,longllmlingua,0.35,15,2.8333333333333335,42.5,0.0,0.0,2.8333333333333335,42.5
qwen25_15b,642,msc_valid,62,recency,0.35,0,0.0,0.0,0.0,0.0,0.0,0.0
qwen25_15b,642,msc_valid,62,lexical_tfidf,0.35,0,0.0,0.0,0.0,0.0,0.0,0.0
qwen25_15b,642,msc_valid,62,recency_keep_compress_drop,0.35,0,0.0,0.0,0.0,0.0,0.0,0.0
qwen25_15b,642,msc_valid,62,uniform,0.5,15,2.15,32.25,0.0,0.0,2.15,32.25
qwen25_15b,642,msc_valid,62,longllmlingua,0.5,15,2.85,42.75,0.0,0.0,2.85,42.75
qwen25_15b,642,msc_valid,62,recency,0.5,0,0.0,0.0,0.0,0.0,0.0,0.0
qwen25_15b,642,msc_valid,62,lexical_tfidf,0.5,0,0.0,0.0,0.0,0.0,0.0,0.0
qwen25_15b,642,msc_valid,62,recency_keep_compress_drop,0.5,0,0.0,0.0,0.0,0.0,0.0,0.0
qwen25_15b,680,msc_valid,4,uniform,0.2,18,3.2083333333333335,57.75,3.0833333333333335,55.5,0.125,2.25
qwen25_15b,680,msc_valid,4,longllmlingua,0.2,18,3.0833333333333335,55.5,3.0833333333333335,55.5,0.0,0.0
qwen25_15b,680,msc_valid,4,recency,0.2,18,3.2083333333333335,57.75,3.0833333333333335,55.5,0.125,2.25
qwen25_15b,680,msc_valid,4,lexical_tfidf,0.2,18,3.2083333333333335,57.75,3.0833333333333335,55.5,0.125,2.25
qwen25_15b,680,msc_valid,4,recency_keep_compress_drop,0.2,18,3.2083333333333335,57.75,3.0833333333333335,55.5,0.125,2.25
qwen25_15b,680,msc_valid,4,uniform,0.35,18,3.138888888888889,56.5,3.0833333333333335,55.5,0.05555555555555536,1.0
qwen25_15b,680,msc_valid,4,longllmlingua,0.35,18,3.0416666666666665,54.75,3.0833333333333335,55.5,-0.04166666666666696,-0.75
qwen25_15b,680,msc_valid,4,recency,0.35,18,3.138888888888889,56.5,3.0833333333333335,55.5,0.05555555555555536,1.0
qwen25_15b,680,msc_valid,4,lexical_tfidf,0.35,18,3.138888888888889,56.5,3.0833333333333335,55.5,0.05555555555555536,1.0
qwen25_15b,680,msc_valid,4,recency_keep_compress_drop,0.35,18,3.138888888888889,56.5,3.0833333333333335,55.5,0.05555555555555536,1.0
qwen25_15b,680,msc_valid,4,uniform,0.5,18,3.138888888888889,56.5,3.0833333333333335,55.5,0.05555555555555536,1.0
qwen25_15b,680,msc_valid,4,longllmlingua,0.5,18,3.013888888888889,54.25,3.0833333333333335,55.5,-0.06944444444444464,-1.25
qwen25_15b,680,msc_valid,4,recency,0.5,18,3.138888888888889,56.5,3.0833333333333335,55.5,0.05555555555555536,1.0
qwen25_15b,680,msc_valid,4,lexical_tfidf,0.5,18,3.138888888888889,56.5,3.0833333333333335,55.5,0.05555555555555536,1.0
qwen25_15b,680,msc_valid,4,recency_keep_compress_drop,0.5,18,3.138888888888889,56.5,3.0833333333333335,55.5,0.05555555555555536,1.0
qwen25_15b,680,msc_valid,6,uniform,0.2,15,3.716666666666667,55.75,3.5,52.5,0.21666666666666679,3.25
qwen25_15b,680,msc_valid,6,longllmlingua,0.2,15,3.3333333333333335,50.0,3.5,52.5,-0.16666666666666652,-2.5
qwen25_15b,680,msc_valid,6,recency,0.2,15,3.6333333333333333,54.5,3.5,52.5,0.1333333333333333,2.0
qwen25_15b,680,msc_valid,6,lexical_tfidf,0.2,15,3.6333333333333333,54.5,3.5,52.5,0.1333333333333333,2.0
qwen25_15b,680,msc_valid,6,recency_keep_compress_drop,0.2,15,3.716666666666667,55.75,3.5,52.5,0.21666666666666679,3.25
qwen25_15b,680,msc_valid,6,uniform,0.35,15,3.6333333333333333,54.5,3.5,52.5,0.1333333333333333,2.0
qwen25_15b,680,msc_valid,6,longllmlingua,0.35,15,3.3,49.5,3.5,52.5,-0.20000000000000018,-3.0
qwen25_15b,680,msc_valid,6,recency,0.35,15,3.6333333333333333,54.5,3.5,52.5,0.1333333333333333,2.0
qwen25_15b,680,msc_valid,6,lexical_tfidf,0.35,15,3.6333333333333333,54.5,3.5,52.5,0.1333333333333333,2.0
qwen25_15b,680,msc_valid,6,recency_keep_compress_drop,0.35,15,3.65,54.75,3.5,52.5,0.1499999999999999,2.25
qwen25_15b,680,msc_valid,6,uniform,0.5,15,3.6166666666666667,54.25,3.5,52.5,0.1166666666666667,1.75
qwen25_15b,680,msc_valid,6,longllmlingua,0.5,15,3.3833333333333333,50.75,3.5,52.5,-0.1166666666666667,-1.75
qwen25_15b,680,msc_valid,6,recency,0.5,15,3.566666666666667,53.5,3.5,52.5,0.06666666666666687,1.0
qwen25_15b,680,msc_valid,6,lexical_tfidf,0.5,15,3.6333333333333333,54.5,3.5,52.5,0.1333333333333333,2.0
qwen25_15b,680,msc_valid,6,recency_keep_compress_drop,0.5,15,3.683333333333333,55.25,3.5,52.5,0.18333333333333313,2.75
qwen25_15b,680,msc_valid,8,uniform,0.2,22,2.284090909090909,50.25,1.9431818181818181,42.75,0.34090909090909105,7.5
qwen25_15b,680,msc_valid,8,longllmlingua,0.2,22,2.090909090909091,46.0,1.9431818181818181,42.75,0.1477272727272727,3.25
qwen25_15b,680,msc_valid,8,recency,0.2,22,2.340909090909091,51.5,1.9431818181818181,42.75,0.3977272727272727,8.75
qwen25_15b,680,msc_valid,8,lexical_tfidf,0.2,22,2.3636363636363638,52.0,1.9431818181818181,42.75,0.42045454545454564,9.25
qwen25_15b,680,msc_valid,8,recency_keep_compress_drop,0.2,22,2.2613636363636362,49.75,1.9431818181818181,42.75,0.3181818181818181,7.0
qwen25_15b,680,msc_valid,8,uniform,0.35,22,2.352272727272727,51.75,1.9431818181818181,42.75,0.40909090909090895,9.0
qwen25_15b,680,msc_valid,8,longllmlingua,0.35,22,2.1363636363636362,47.0,1.9431818181818181,42.75,0.19318181818181812,4.25
qwen25_15b,680,msc_valid,8,recency,0.35,22,2.147727272727273,47.25,1.9431818181818181,42.75,0.2045454545454548,4.5
qwen25_15b,680,msc_valid,8,lexical_tfidf,0.35,22,2.2045454545454546,48.5,1.9431818181818181,42.75,0.26136363636363646,5.75
qwen25_15b,680,msc_valid,8,recency_keep_compress_drop,0.35,22,2.1931818181818183,48.25,1.9431818181818181,42.75,0.2500000000000002,5.5
qwen25_15b,680,msc_valid,8,uniform,0.5,22,2.215909090909091,48.75,1.9431818181818181,42.75,0.2727272727272727,6.0
qwen25_15b,680,msc_valid,8,longllmlingua,0.5,22,2.0795454545454546,45.75,1.9431818181818181,42.75,0.13636363636363646,3.0
qwen25_15b,680,msc_valid,8,recency,0.5,22,2.090909090909091,46.0,1.9431818181818181,42.75,0.1477272727272727,3.25
qwen25_15b,680,msc_valid,8,lexical_tfidf,0.5,22,2.1704545454545454,47.75,1.9431818181818181,42.75,0.2272727272727273,5.0
qwen25_15b,680,msc_valid,8,recency_keep_compress_drop,0.5,22,2.0681818181818183,45.5,1.9431818181818181,42.75,0.12500000000000022,2.75
qwen25_15b,680,msc_valid,10,uniform,0.2,21,3.5,73.5,3.0714285714285716,64.5,0.4285714285714284,9.0
qwen25_15b,680,msc_valid,10,longllmlingua,0.2,21,3.3333333333333335,70.0,3.0714285714285716,64.5,0.26190476190476186,5.5
qwen25_15b,680,msc_valid,10,recency,0.2,21,3.4285714285714284,72.0,3.0714285714285716,64.5,0.35714285714285676,7.5
qwen25_15b,680,msc_valid,10,lexical_tfidf,0.2,21,3.5,73.5,3.0714285714285716,64.5,0.4285714285714284,9.0
qwen25_15b,680,msc_valid,10,recency_keep_compress_drop,0.2,21,3.4523809523809526,72.5,3.0714285714285716,64.5,0.38095238095238093,8.0
qwen25_15b,680,msc_valid,10,uniform,0.35,21,3.4285714285714284,72.0,3.0714285714285716,64.5,0.35714285714285676,7.5
qwen25_15b,680,msc_valid,10,longllmlingua,0.35,21,3.380952380952381,71.0,3.0714285714285716,64.5,0.3095238095238093,6.5
qwen25_15b,680,msc_valid,10,recency,0.35,21,3.357142857142857,70.5,3.0714285714285716,64.5,0.2857142857142856,6.0
qwen25_15b,680,msc_valid,10,lexical_tfidf,0.35,21,3.4523809523809526,72.5,3.0714285714285716,64.5,0.38095238095238093,8.0
qwen25_15b,680,msc_valid,10,recency_keep_compress_drop,0.35,21,3.4047619047619047,71.5,3.0714285714285716,64.5,0.33333333333333304,7.0
qwen25_15b,680,msc_valid,10,uniform,0.5,21,3.5,73.5,3.0714285714285716,64.5,0.4285714285714284,9.0
qwen25_15b,680,msc_valid,10,longllmlingua,0.5,21,3.3095238095238093,69.5,3.0714285714285716,64.5,0.2380952380952377,5.0
qwen25_15b,680,msc_valid,10,recency,0.5,21,3.238095238095238,68.0,3.0714285714285716,64.5,0.16666666666666652,3.5
qwen25_15b,680,msc_valid,10,lexical_tfidf,0.5,21,3.4047619047619047,71.5,3.0714285714285716,64.5,0.33333333333333304,7.0
qwen25_15b,680,msc_valid,10,recency_keep_compress_drop,0.5,21,3.380952380952381,71.0,3.0714285714285716,64.5,0.3095238095238093,6.5
qwen25_15b,680,msc_valid,12,uniform,0.2,13,4.461538461538462,58.0,3.9615384615384617,51.5,0.5,6.5
qwen25_15b,680,msc_valid,12,longllmlingua,0.2,13,4.1923076923076925,54.5,3.9615384615384617,51.5,0.23076923076923084,3.0
qwen25_15b,680,msc_valid,12,recency,0.2,13,4.211538461538462,54.75,3.9615384615384617,51.5,0.25,3.25
qwen25_15b,680,msc_valid,12,lexical_tfidf,0.2,13,4.211538461538462,54.75,3.9615384615384617,51.5,0.25,3.25
qwen25_15b,680,msc_valid,12,recency_keep_compress_drop,0.2,13,4.038461538461538,52.5,3.9615384615384617,51.5,0.07692307692307665,1.0
qwen25_15b,680,msc_valid,12,uniform,0.35,13,4.173076923076923,54.25,3.9615384615384617,51.5,0.21153846153846168,2.75
qwen25_15b,680,msc_valid,12,longllmlingua,0.35,13,4.3076923076923075,56.0,3.9615384615384617,51.5,0.3461538461538458,4.5
qwen25_15b,680,msc_valid,12,recency,0.35,13,4.25,55.25,3.9615384615384617,51.5,0.2884615384615383,3.75
qwen25_15b,680,msc_valid,12,lexical_tfidf,0.35,13,3.980769230769231,51.75,3.9615384615384617,51.5,0.019230769230769162,0.25
qwen25_15b,680,msc_valid,12,recency_keep_compress_drop,0.35,13,3.9038461538461537,50.75,3.9615384615384617,51.5,-0.05769230769230793,-0.75
qwen25_15b,680,msc_valid,12,uniform,0.5,13,4.0576923076923075,52.75,3.9615384615384617,51.5,0.09615384615384581,1.25
qwen25_15b,680,msc_valid,12,longllmlingua,0.5,13,4.4423076923076925,57.75,3.9615384615384617,51.5,0.48076923076923084,6.25
qwen25_15b,680,msc_valid,12,recency,0.5,13,4.230769230769231,55.0,3.9615384615384617,51.5,0.26923076923076916,3.5
qwen25_15b,680,msc_valid,12,lexical_tfidf,0.5,13,4.211538461538462,54.75,3.9615384615384617,51.5,0.25,3.25
qwen25_15b,680,msc_valid,12,recency_keep_compress_drop,0.5,13,3.9615384615384617,51.5,3.9615384615384617,51.5,0.0,0.0
qwen25_15b,680,msc_valid,14,uniform,0.2,18,3.5416666666666665,63.75,2.8333333333333335,51.0,0.708333333333333,12.75
qwen25_15b,680,msc_valid,14,longllmlingua,0.2,18,3.2916666666666665,59.25,2.8333333333333335,51.0,0.45833333333333304,8.25
qwen25_15b,680,msc_valid,14,recency,0.2,18,3.5833333333333335,64.5,2.8333333333333335,51.0,0.75,13.5
qwen25_15b,680,msc_valid,14,lexical_tfidf,0.2,18,3.388888888888889,61.0,2.8333333333333335,51.0,0.5555555555555554,10.0
qwen25_15b,680,msc_valid,14,recency_keep_compress_drop,0.2,18,3.7222222222222223,67.0,2.8333333333333335,51.0,0.8888888888888888,16.0
qwen25_15b,680,msc_valid,14,uniform,0.35,18,3.361111111111111,60.5,2.8333333333333335,51.0,0.5277777777777777,9.5
qwen25_15b,680,msc_valid,14,longllmlingua,0.35,18,3.3472222222222223,60.25,2.8333333333333335,51.0,0.5138888888888888,9.25
qwen25_15b,680,msc_valid,14,recency,0.35,18,3.3472222222222223,60.25,2.8333333333333335,51.0,0.5138888888888888,9.25
qwen25_15b,680,msc_valid,14,lexical_tfidf,0.35,18,3.2777777777777777,59.0,2.8333333333333335,51.0,0.4444444444444442,8.0
qwen25_15b,680,msc_valid,14,recency_keep_compress_drop,0.35,18,3.2777777777777777,59.0,2.8333333333333335,51.0,0.4444444444444442,8.0
qwen25_15b,680,msc_valid,14,uniform,0.5,18,3.1527777777777777,56.75,2.8333333333333335,51.0,0.3194444444444442,5.75
qwen25_15b,680,msc_valid,14,longllmlingua,0.5,18,3.3055555555555554,59.5,2.8333333333333335,51.0,0.4722222222222219,8.5
qwen25_15b,680,msc_valid,14,recency,0.5,18,3.236111111111111,58.25,2.8333333333333335,51.0,0.4027777777777777,7.25
qwen25_15b,680,msc_valid,14,lexical_tfidf,0.5,18,3.0833333333333335,55.5,2.8333333333333335,51.0,0.25,4.5
qwen25_15b,680,msc_valid,14,recency_keep_compress_drop,0.5,18,3.0972222222222223,55.75,2.8333333333333335,51.0,0.26388888888888884,4.75
qwen25_15b,727,msc_valid,4,uniform,0.2,19,3.6052631578947367,68.5,3.5,66.5,0.10526315789473673,2.0
qwen25_15b,727,msc_valid,4,longllmlingua,0.2,19,3.3157894736842106,63.0,3.5,66.5,-0.18421052631578938,-3.5
qwen25_15b,727,msc_valid,4,recency,0.2,19,3.6052631578947367,68.5,3.5,66.5,0.10526315789473673,2.0
qwen25_15b,727,msc_valid,4,lexical_tfidf,0.2,19,3.6052631578947367,68.5,3.5,66.5,0.10526315789473673,2.0
qwen25_15b,727,msc_valid,4,recency_keep_compress_drop,0.2,19,3.6052631578947367,68.5,3.5,66.5,0.10526315789473673,2.0
qwen25_15b,727,msc_valid,4,uniform,0.35,19,3.6052631578947367,68.5,3.5,66.5,0.10526315789473673,2.0
qwen25_15b,727,msc_valid,4,longllmlingua,0.35,19,3.3289473684210527,63.25,3.5,66.5,-0.17105263157894735,-3.25
qwen25_15b,727,msc_valid,4,recency,0.35,19,3.6052631578947367,68.5,3.5,66.5,0.10526315789473673,2.0
qwen25_15b,727,msc_valid,4,lexical_tfidf,0.35,19,3.6052631578947367,68.5,3.5,66.5,0.10526315789473673,2.0
qwen25_15b,727,msc_valid,4,recency_keep_compress_drop,0.35,19,3.6052631578947367,68.5,3.5,66.5,0.10526315789473673,2.0
qwen25_15b,727,msc_valid,4,uniform,0.5,19,3.5,66.5,3.5,66.5,0.0,0.0
qwen25_15b,727,msc_valid,4,longllmlingua,0.5,19,3.1842105263157894,60.5,3.5,66.5,-0.3157894736842106,-6.0
qwen25_15b,727,msc_valid,4,recency,0.5,19,3.5,66.5,3.5,66.5,0.0,0.0
qwen25_15b,727,msc_valid,4,lexical_tfidf,0.5,19,3.5,66.5,3.5,66.5,0.0,0.0
qwen25_15b,727,msc_valid,4,recency_keep_compress_drop,0.5,19,3.5,66.5,3.5,66.5,0.0,0.0
qwen25_15b,727,msc_valid,8,uniform,0.2,12,3.6666666666666665,44.0,3.3541666666666665,40.25,0.3125,3.75
qwen25_15b,727,msc_valid,8,longllmlingua,0.2,12,3.2291666666666665,38.75,3.3541666666666665,40.25,-0.125,-1.5
qwen25_15b,727,msc_valid,8,recency,0.2,12,3.6666666666666665,44.0,3.3541666666666665,40.25,0.3125,3.75
qwen25_15b,727,msc_valid,8,lexical_tfidf,0.2,12,3.9166666666666665,47.0,3.3541666666666665,40.25,0.5625,6.75
qwen25_15b,727,msc_valid,8,recency_keep_compress_drop,0.2,12,3.6666666666666665,44.0,3.3541666666666665,40.25,0.3125,3.75
qwen25_15b,727,msc_valid,8,uniform,0.35,12,3.5833333333333335,43.0,3.3541666666666665,40.25,0.22916666666666696,2.75
qwen25_15b,727,msc_valid,8,longllmlingua,0.35,12,3.3125,39.75,3.3541666666666665,40.25,-0.04166666666666652,-0.5
qwen25_15b,727,msc_valid,8,recency,0.35,12,3.3333333333333335,40.0,3.3541666666666665,40.25,-0.020833333333333037,-0.25
qwen25_15b,727,msc_valid,8,lexical_tfidf,0.35,12,3.9166666666666665,47.0,3.3541666666666665,40.25,0.5625,6.75
qwen25_15b,727,msc_valid,8,recency_keep_compress_drop,0.35,12,3.3333333333333335,40.0,3.3541666666666665,40.25,-0.020833333333333037,-0.25
qwen25_15b,727,msc_valid,8,uniform,0.5,12,3.5,42.0,3.3541666666666665,40.25,0.14583333333333348,1.75
qwen25_15b,727,msc_valid,8,longllmlingua,0.5,12,3.25,39.0,3.3541666666666665,40.25,-0.10416666666666652,-1.25
qwen25_15b,727,msc_valid,8,recency,0.5,12,3.2291666666666665,38.75,3.3541666666666665,40.25,-0.125,-1.5
qwen25_15b,727,msc_valid,8,lexical_tfidf,0.5,12,3.7083333333333335,44.5,3.3541666666666665,40.25,0.35416666666666696,4.25
qwen25_15b,727,msc_valid,8,recency_keep_compress_drop,0.5,12,3.3333333333333335,40.0,3.3541666666666665,40.25,-0.020833333333333037,-0.25
qwen25_15b,727,msc_valid,12,uniform,0.2,16,2.75,44.0,1.96875,31.5,0.78125,12.5
qwen25_15b,727,msc_valid,12,longllmlingua,0.2,16,2.71875,43.5,1.96875,31.5,0.75,12.0
qwen25_15b,727,msc_valid,12,recency,0.2,16,2.734375,43.75,1.96875,31.5,0.765625,12.25
qwen25_15b,727,msc_valid,12,lexical_tfidf,0.2,16,2.765625,44.25,1.96875,31.5,0.796875,12.75
qwen25_15b,727,msc_valid,12,recency_keep_compress_drop,0.2,16,2.59375,41.5,1.96875,31.5,0.625,10.0
qwen25_15b,727,msc_valid,12,uniform,0.35,16,2.5625,41.0,1.96875,31.5,0.59375,9.5
qwen25_15b,727,msc_valid,12,longllmlingua,0.35,16,2.53125,40.5,1.96875,31.5,0.5625,9.0
qwen25_15b,727,msc_valid,12,recency,0.35,16,2.34375,37.5,1.96875,31.5,0.375,6.0
qwen25_15b,727,msc_valid,12,lexical_tfidf,0.35,16,2.546875,40.75,1.96875,31.5,0.578125,9.25
qwen25_15b,727,msc_valid,12,recency_keep_compress_drop,0.35,16,2.484375,39.75,1.96875,31.5,0.515625,8.25
qwen25_15b,727,msc_valid,12,uniform,0.5,16,2.359375,37.75,1.96875,31.5,0.390625,6.25
qwen25_15b,727,msc_valid,12,longllmlingua,0.5,16,2.390625,38.25,1.96875,31.5,0.421875,6.75
qwen25_15b,727,msc_valid,12,recency,0.5,16,2.328125,37.25,1.96875,31.5,0.359375,5.75
qwen25_15b,727,msc_valid,12,lexical_tfidf,0.5,16,2.421875,38.75,1.96875,31.5,0.453125,7.25
qwen25_15b,727,msc_valid,12,recency_keep_compress_drop,0.5,16,2.421875,38.75,1.96875,31.5,0.453125,7.25
qwen25_15b,727,msc_valid,16,uniform,0.2,12,4.208333333333333,50.5,2.21875,26.625,1.989583333333333,23.875
qwen25_15b,727,msc_valid,16,longllmlingua,0.2,12,3.25,39.0,2.21875,26.625,1.03125,12.375
qwen25_15b,727,msc_valid,16,recency,0.2,12,4.041666666666667,48.5,2.21875,26.625,1.822916666666667,21.875
qwen25_15b,727,msc_valid,16,lexical_tfidf,0.2,12,2.25,27.0,2.21875,26.625,0.03125,0.375
qwen25_15b,727,msc_valid,16,recency_keep_compress_drop,0.2,12,3.8333333333333335,46.0,2.21875,26.625,1.6145833333333335,19.375
qwen25_15b,727,msc_valid,16,uniform,0.35,12,2.2291666666666665,26.75,2.21875,26.625,0.010416666666666519,0.125
qwen25_15b,727,msc_valid,16,longllmlingua,0.35,12,2.40625,28.875,2.21875,26.625,0.1875,2.25
qwen25_15b,727,msc_valid,16,recency,0.35,12,3.7916666666666665,45.5,2.21875,26.625,1.5729166666666665,18.875
qwen25_15b,727,msc_valid,16,lexical_tfidf,0.35,12,2.1875,26.25,2.21875,26.625,-0.03125,-0.375
qwen25_15b,727,msc_valid,16,recency_keep_compress_drop,0.35,12,3.8541666666666665,46.25,2.21875,26.625,1.6354166666666665,19.625
qwen25_15b,727,msc_valid,16,uniform,0.5,12,2.125,25.5,2.21875,26.625,-0.09375,-1.125
qwen25_15b,727,msc_valid,16,longllmlingua,0.5,12,2.53125,30.375,2.21875,26.625,0.3125,3.75
qwen25_15b,727,msc_valid,16,recency,0.5,12,3.8958333333333335,46.75,2.21875,26.625,1.6770833333333335,20.125
qwen25_15b,727,msc_valid,16,lexical_tfidf,0.5,12,2.15625,25.875,2.21875,26.625,-0.0625,-0.75
qwen25_15b,727,msc_valid,16,recency_keep_compress_drop,0.5,12,2.15625,25.875,2.21875,26.625,-0.0625,-0.75
qwen25_15b,727,msc_valid,20,uniform,0.2,26,3.0,78.0,2.6153846153846154,68.0,0.3846153846153846,10.0
qwen25_15b,727,msc_valid,20,longllmlingua,0.2,26,2.5961538461538463,67.5,2.6153846153846154,68.0,-0.019230769230769162,-0.5
qwen25_15b,727,msc_valid,20,recency,0.2,26,2.7115384615384617,70.5,2.6153846153846154,68.0,0.09615384615384626,2.5
qwen25_15b,727,msc_valid,20,lexical_tfidf,0.2,26,2.8461538461538463,74.0,2.6153846153846154,68.0,0.23076923076923084,6.0
qwen25_15b,727,msc_valid,20,recency_keep_compress_drop,0.2,26,2.75,71.5,2.6153846153846154,68.0,0.13461538461538458,3.5
qwen25_15b,727,msc_valid,20,uniform,0.35,26,2.923076923076923,76.0,2.6153846153846154,68.0,0.3076923076923075,8.0
qwen25_15b,727,msc_valid,20,longllmlingua,0.35,26,2.6923076923076925,70.0,2.6153846153846154,68.0,0.0769230769230771,2.0
qwen25_15b,727,msc_valid,20,recency,0.35,26,2.6538461538461537,69.0,2.6153846153846154,68.0,0.038461538461538325,1.0
qwen25_15b,727,msc_valid,20,lexical_tfidf,0.35,26,2.7115384615384617,70.5,2.6153846153846154,68.0,0.09615384615384626,2.5
qwen25_15b,727,msc_valid,20,recency_keep_compress_drop,0.35,26,2.6346153846153846,68.5,2.6153846153846154,68.0,0.019230769230769162,0.5
qwen25_15b,727,msc_valid,20,uniform,0.5,26,2.8461538461538463,74.0,2.6153846153846154,68.0,0.23076923076923084,6.0
qwen25_15b,727,msc_valid,20,longllmlingua,0.5,26,2.673076923076923,69.5,2.6153846153846154,68.0,0.05769230769230749,1.5
qwen25_15b,727,msc_valid,20,recency,0.5,26,2.576923076923077,67.0,2.6153846153846154,68.0,-0.038461538461538325,-1.0
qwen25_15b,727,msc_valid,20,lexical_tfidf,0.5,26,2.7115384615384617,70.5,2.6153846153846154,68.0,0.09615384615384626,2.5
qwen25_15b,727,msc_valid,20,recency_keep_compress_drop,0.5,26,2.730769230769231,71.0,2.6153846153846154,68.0,0.11538461538461542,3.0
qwen25_15b,727,msc_valid,24,uniform,0.2,25,2.88,72.0,2.74,68.5,0.13999999999999968,3.5
qwen25_15b,727,msc_valid,24,longllmlingua,0.2,25,3.0,75.0,2.74,68.5,0.2599999999999998,6.5
qwen25_15b,727,msc_valid,24,recency,0.2,25,2.96,74.0,2.74,68.5,0.21999999999999975,5.5
qwen25_15b,727,msc_valid,24,lexical_tfidf,0.2,25,2.84,71.0,2.74,68.5,0.09999999999999964,2.5
qwen25_15b,727,msc_valid,24,recency_keep_compress_drop,0.2,25,2.78,69.5,2.74,68.5,0.03999999999999959,1.0
qwen25_15b,727,msc_valid,24,uniform,0.35,25,2.8,70.0,2.74,68.5,0.05999999999999961,1.5
qwen25_15b,727,msc_valid,24,longllmlingua,0.35,25,2.98,74.5,2.74,68.5,0.23999999999999977,6.0
qwen25_15b,727,msc_valid,24,recency,0.35,25,2.7,67.5,2.74,68.5,-0.040000000000000036,-1.0
qwen25_15b,727,msc_valid,24,lexical_tfidf,0.35,25,2.84,71.0,2.74,68.5,0.09999999999999964,2.5
qwen25_15b,727,msc_valid,24,recency_keep_compress_drop,0.35,25,2.7,67.5,2.74,68.5,-0.040000000000000036,-1.0
qwen25_15b,727,msc_valid,24,uniform,0.5,25,2.84,71.0,2.74,68.5,0.09999999999999964,2.5
qwen25_15b,727,msc_valid,24,longllmlingua,0.5,25,2.9,72.5,2.74,68.5,0.1599999999999997,4.0
qwen25_15b,727,msc_valid,24,recency,0.5,25,2.7,67.5,2.74,68.5,-0.040000000000000036,-1.0
qwen25_15b,727,msc_valid,24,lexical_tfidf,0.5,25,2.8,70.0,2.74,68.5,0.05999999999999961,1.5
qwen25_15b,727,msc_valid,24,recency_keep_compress_drop,0.5,25,2.7,67.5,2.74,68.5,-0.040000000000000036,-1.0
qwen25_15b,727,msc_valid,28,uniform,0.2,26,2.2211538461538463,57.75,1.9134615384615385,49.75,0.3076923076923077,8.0
qwen25_15b,727,msc_valid,28,longllmlingua,0.2,26,2.2788461538461537,59.25,1.9134615384615385,49.75,0.3653846153846152,9.5
qwen25_15b,727,msc_valid,28,recency,0.2,26,2.125,55.25,1.9134615384615385,49.75,0.21153846153846145,5.5
qwen25_15b,727,msc_valid,28,lexical_tfidf,0.2,26,2.6153846153846154,68.0,1.9134615384615385,49.75,0.7019230769230769,18.25
qwen25_15b,727,msc_valid,28,recency_keep_compress_drop,0.2,26,2.076923076923077,54.0,1.9134615384615385,49.75,0.16346153846153855,4.25
qwen25_15b,727,msc_valid,28,uniform,0.35,26,2.1826923076923075,56.75,1.9134615384615385,49.75,0.26923076923076894,7.0
qwen25_15b,727,msc_valid,28,longllmlingua,0.35,26,2.2596153846153846,58.75,1.9134615384615385,49.75,0.34615384615384603,9.0
qwen25_15b,727,msc_valid,28,recency,0.35,26,2.105769230769231,54.75,1.9134615384615385,49.75,0.1923076923076923,5.0
qwen25_15b,727,msc_valid,28,lexical_tfidf,0.35,26,2.0384615384615383,53.0,1.9134615384615385,49.75,0.12499999999999978,3.25
qwen25_15b,727,msc_valid,28,recency_keep_compress_drop,0.35,26,1.9134615384615385,49.75,1.9134615384615385,49.75,0.0,0.0
qwen25_15b,727,msc_valid,28,uniform,0.5,26,2.105769230769231,54.75,1.9134615384615385,49.75,0.1923076923076923,5.0
qwen25_15b,727,msc_valid,28,longllmlingua,0.5,26,2.298076923076923,59.75,1.9134615384615385,49.75,0.38461538461538436,10.0
qwen25_15b,727,msc_valid,28,recency,0.5,26,1.9519230769230769,50.75,1.9134615384615385,49.75,0.038461538461538325,1.0
qwen25_15b,727,msc_valid,28,lexical_tfidf,0.5,26,1.9519230769230769,50.75,1.9134615384615385,49.75,0.038461538461538325,1.0
qwen25_15b,727,msc_valid,28,recency_keep_compress_drop,0.5,26,1.9134615384615385,49.75,1.9134615384615385,49.75,0.0,0.0
qwen25_15b,727,msc_valid,32,uniform,0.2,15,2.533333333333333,38.0,2.3333333333333335,35.0,0.19999999999999973,3.0
qwen25_15b,727,msc_valid,32,longllmlingua,0.2,15,2.533333333333333,38.0,2.3333333333333335,35.0,0.19999999999999973,3.0
qwen25_15b,727,msc_valid,32,recency,0.2,15,2.6166666666666667,39.25,2.3333333333333335,35.0,0.2833333333333332,4.25
qwen25_15b,727,msc_valid,32,lexical_tfidf,0.2,15,2.533333333333333,38.0,2.3333333333333335,35.0,0.19999999999999973,3.0
qwen25_15b,727,msc_valid,32,recency_keep_compress_drop,0.2,15,2.55,38.25,2.3333333333333335,35.0,0.21666666666666634,3.25
qwen25_15b,727,msc_valid,32,uniform,0.35,15,2.35,35.25,2.3333333333333335,35.0,0.016666666666666607,0.25
qwen25_15b,727,msc_valid,32,longllmlingua,0.35,15,2.5833333333333335,38.75,2.3333333333333335,35.0,0.25,3.75
qwen25_15b,727,msc_valid,32,recency,0.35,15,2.55,38.25,2.3333333333333335,35.0,0.21666666666666634,3.25
qwen25_15b,727,msc_valid,32,lexical_tfidf,0.35,15,2.4833333333333334,37.25,2.3333333333333335,35.0,0.1499999999999999,2.25
qwen25_15b,727,msc_valid,32,recency_keep_compress_drop,0.35,15,2.3833333333333333,35.75,2.3333333333333335,35.0,0.04999999999999982,0.75
qwen25_15b,727,msc_valid,32,uniform,0.5,15,2.316666666666667,34.75,2.3333333333333335,35.0,-0.016666666666666607,-0.25
qwen25_15b,727,msc_valid,32,longllmlingua,0.5,15,2.55,38.25,2.3333333333333335,35.0,0.21666666666666634,3.25
qwen25_15b,727,msc_valid,32,recency,0.5,15,2.5,37.5,2.3333333333333335,35.0,0.16666666666666652,2.5
qwen25_15b,727,msc_valid,32,lexical_tfidf,0.5,15,2.3666666666666667,35.5,2.3333333333333335,35.0,0.033333333333333215,0.5
qwen25_15b,727,msc_valid,32,recency_keep_compress_drop,0.5,15,2.35,35.25,2.3333333333333335,35.0,0.016666666666666607,0.25
qwen25_15b,727,msc_valid,34,uniform,0.2,38,3.0526315789473686,116.0,2.789473684210526,106.0,0.2631578947368425,10.0
qwen25_15b,727,msc_valid,34,longllmlingua,0.2,38,2.9078947368421053,110.5,2.789473684210526,106.0,0.1184210526315792,4.5
qwen25_15b,727,msc_valid,34,recency,0.2,38,2.8552631578947367,108.5,2.789473684210526,106.0,0.06578947368421062,2.5
qwen25_15b,727,msc_valid,34,lexical_tfidf,0.2,38,2.8421052631578947,108.0,2.789473684210526,106.0,0.052631578947368585,2.0
qwen25_15b,727,msc_valid,34,recency_keep_compress_drop,0.2,38,2.8421052631578947,108.0,2.789473684210526,106.0,0.052631578947368585,2.0
qwen25_15b,727,msc_valid,34,uniform,0.35,38,2.9078947368421053,110.5,2.789473684210526,106.0,0.1184210526315792,4.5
qwen25_15b,727,msc_valid,34,longllmlingua,0.35,38,2.9210526315789473,111.0,2.789473684210526,106.0,0.13157894736842124,5.0
qwen25_15b,727,msc_valid,34,recency,0.35,38,2.8947368421052633,110.0,2.789473684210526,106.0,0.10526315789473717,4.0
qwen25_15b,727,msc_valid,34,lexical_tfidf,0.35,38,2.8684210526315788,109.0,2.789473684210526,106.0,0.07894736842105265,3.0
qwen25_15b,727,msc_valid,34,recency_keep_compress_drop,0.35,38,2.763157894736842,105.0,2.789473684210526,106.0,-0.02631578947368407,-1.0
qwen25_15b,727,msc_valid,34,uniform,0.5,38,2.8947368421052633,110.0,2.789473684210526,106.0,0.10526315789473717,4.0
qwen25_15b,727,msc_valid,34,longllmlingua,0.5,38,2.8421052631578947,108.0,2.789473684210526,106.0,0.052631578947368585,2.0
qwen25_15b,727,msc_valid,34,recency,0.5,38,2.8552631578947367,108.5,2.789473684210526,106.0,0.06578947368421062,2.5
qwen25_15b,727,msc_valid,34,lexical_tfidf,0.5,38,2.8552631578947367,108.5,2.789473684210526,106.0,0.06578947368421062,2.5
qwen25_15b,727,msc_valid,34,recency_keep_compress_drop,0.5,38,2.75,104.5,2.789473684210526,106.0,-0.039473684210526105,-1.5
qwen25_15b,727,msc_valid,38,uniform,0.2,42,1.9523809523809523,82.0,1.7857142857142858,75.0,0.16666666666666652,7.0
qwen25_15b,727,msc_valid,38,longllmlingua,0.2,42,1.880952380952381,79.0,1.7857142857142858,75.0,0.09523809523809512,4.0
qwen25_15b,727,msc_valid,38,recency,0.2,42,1.8571428571428572,78.0,1.7857142857142858,75.0,0.0714285714285714,3.0
qwen25_15b,727,msc_valid,38,lexical_tfidf,0.2,42,1.8452380952380953,77.5,1.7857142857142858,75.0,0.059523809523809534,2.5
qwen25_15b,727,msc_valid,38,recency_keep_compress_drop,0.2,42,1.7976190476190477,75.5,1.7857142857142858,75.0,0.011904761904761862,0.5
qwen25_15b,727,msc_valid,38,uniform,0.35,42,1.9285714285714286,81.0,1.7857142857142858,75.0,0.1428571428571428,6.0
qwen25_15b,727,msc_valid,38,longllmlingua,0.35,42,1.8452380952380953,77.5,1.7857142857142858,75.0,0.059523809523809534,2.5
qwen25_15b,727,msc_valid,38,recency,0.35,42,1.7619047619047619,74.0,1.7857142857142858,75.0,-0.023809523809523947,-1.0
qwen25_15b,727,msc_valid,38,lexical_tfidf,0.35,42,1.869047619047619,78.5,1.7857142857142858,75.0,0.08333333333333326,3.5
qwen25_15b,727,msc_valid,38,recency_keep_compress_drop,0.35,42,1.8095238095238095,76.0,1.7857142857142858,75.0,0.023809523809523725,1.0
qwen25_15b,727,msc_valid,38,uniform,0.5,42,1.9047619047619047,80.0,1.7857142857142858,75.0,0.11904761904761885,5.0
qwen25_15b,727,msc_valid,38,longllmlingua,0.5,42,1.8452380952380953,77.5,1.7857142857142858,75.0,0.059523809523809534,2.5
qwen25_15b,727,msc_valid,38,recency,0.5,42,1.75,73.5,1.7857142857142858,75.0,-0.03571428571428581,-1.5
qwen25_15b,727,msc_valid,38,lexical_tfidf,0.5,42,1.8452380952380953,77.5,1.7857142857142858,75.0,0.059523809523809534,2.5
qwen25_15b,727,msc_valid,38,recency_keep_compress_drop,0.5,42,1.7738095238095237,74.5,1.7857142857142858,75.0,-0.011904761904762085,-0.5
qwen25_15b,727,msc_valid,42,uniform,0.2,34,1.6838235294117647,57.25,0.0,0.0,1.6838235294117647,57.25
qwen25_15b,727,msc_valid,42,longllmlingua,0.2,34,1.7058823529411764,58.0,0.0,0.0,1.7058823529411764,58.0
qwen25_15b,727,msc_valid,42,recency,0.2,34,1.6029411764705883,54.5,0.0,0.0,1.6029411764705883,54.5
qwen25_15b,727,msc_valid,42,lexical_tfidf,0.2,34,1.7426470588235294,59.25,0.0,0.0,1.7426470588235294,59.25
qwen25_15b,727,msc_valid,42,recency_keep_compress_drop,0.2,34,1.7205882352941178,58.5,0.0,0.0,1.7205882352941178,58.5
qwen25_15b,727,msc_valid,42,uniform,0.35,34,1.661764705882353,56.5,0.0,0.0,1.661764705882353,56.5
qwen25_15b,727,msc_valid,42,longllmlingua,0.35,34,1.6691176470588236,56.75,0.0,0.0,1.6691176470588236,56.75
qwen25_15b,727,msc_valid,42,recency,0.35,34,1.625,55.25,0.0,0.0,1.625,55.25
qwen25_15b,727,msc_valid,42,lexical_tfidf,0.35,34,1.588235294117647,54.0,0.0,0.0,1.588235294117647,54.0
qwen25_15b,727,msc_valid,42,recency_keep_compress_drop,0.35,34,1.5808823529411764,53.75,0.0,0.0,1.5808823529411764,53.75
qwen25_15b,727,msc_valid,42,uniform,0.5,34,1.5441176470588236,52.5,0.0,0.0,1.5441176470588236,52.5
qwen25_15b,727,msc_valid,42,longllmlingua,0.5,34,1.6544117647058822,56.25,0.0,0.0,1.6544117647058822,56.25
qwen25_15b,727,msc_valid,42,recency,0.5,34,1.588235294117647,54.0,0.0,0.0,1.588235294117647,54.0
qwen25_15b,727,msc_valid,42,lexical_tfidf,0.5,34,1.5147058823529411,51.5,0.0,0.0,1.5147058823529411,51.5
qwen25_15b,727,msc_valid,42,recency_keep_compress_drop,0.5,34,1.5220588235294117,51.75,0.0,0.0,1.5220588235294117,51.75
qwen25_15b,727,msc_valid,46,uniform,0.2,21,2.0595238095238093,43.25,0.0,0.0,2.0595238095238093,43.25
qwen25_15b,727,msc_valid,46,longllmlingua,0.2,21,2.2142857142857144,46.5,0.0,0.0,2.2142857142857144,46.5
qwen25_15b,727,msc_valid,46,recency,0.2,21,2.0952380952380953,44.0,0.0,0.0,2.0952380952380953,44.0
qwen25_15b,727,msc_valid,46,lexical_tfidf,0.2,21,2.1904761904761907,46.0,0.0,0.0,2.1904761904761907,46.0
qwen25_15b,727,msc_valid,46,recency_keep_compress_drop,0.2,21,1.9880952380952381,41.75,0.0,0.0,1.9880952380952381,41.75
qwen25_15b,727,msc_valid,46,uniform,0.35,21,2.011904761904762,42.25,0.0,0.0,2.011904761904762,42.25
qwen25_15b,727,msc_valid,46,longllmlingua,0.35,21,2.2142857142857144,46.5,0.0,0.0,2.2142857142857144,46.5
qwen25_15b,727,msc_valid,46,recency,0.35,21,2.0476190476190474,43.0,0.0,0.0,2.0476190476190474,43.0
qwen25_15b,727,msc_valid,46,lexical_tfidf,0.35,21,2.0595238095238093,43.25,0.0,0.0,2.0595238095238093,43.25
qwen25_15b,727,msc_valid,46,recency_keep_compress_drop,0.35,21,1.9642857142857142,41.25,0.0,0.0,1.9642857142857142,41.25
qwen25_15b,727,msc_valid,46,uniform,0.5,21,2.1666666666666665,45.5,0.0,0.0,2.1666666666666665,45.5
qwen25_15b,727,msc_valid,46,longllmlingua,0.5,21,2.261904761904762,47.5,0.0,0.0,2.261904761904762,47.5
qwen25_15b,727,msc_valid,46,recency,0.5,21,2.0,42.0,0.0,0.0,2.0,42.0
qwen25_15b,727,msc_valid,46,lexical_tfidf,0.5,21,2.0833333333333335,43.75,0.0,0.0,2.0833333333333335,43.75
qwen25_15b,727,msc_valid,46,recency_keep_compress_drop,0.5,21,1.9642857142857142,41.25,0.0,0.0,1.9642857142857142,41.25
qwen25_15b,727,msc_valid,50,uniform,0.2,20,2.7125,54.25,0.0,0.0,2.7125,54.25
qwen25_15b,727,msc_valid,50,longllmlingua,0.2,20,2.975,59.5,0.0,0.0,2.975,59.5
qwen25_15b,727,msc_valid,50,recency,0.2,20,2.65,53.0,0.0,0.0,2.65,53.0
qwen25_15b,727,msc_valid,50,lexical_tfidf,0.2,20,2.4875,49.75,0.0,0.0,2.4875,49.75
qwen25_15b,727,msc_valid,50,recency_keep_compress_drop,0.2,20,2.45,49.0,0.0,0.0,2.45,49.0
qwen25_15b,727,msc_valid,50,uniform,0.35,20,2.45,49.0,0.0,0.0,2.45,49.0
qwen25_15b,727,msc_valid,50,longllmlingua,0.35,20,2.875,57.5,0.0,0.0,2.875,57.5
qwen25_15b,727,msc_valid,50,recency,0.35,20,2.5,50.0,0.0,0.0,2.5,50.0
qwen25_15b,727,msc_valid,50,lexical_tfidf,0.35,20,2.5,50.0,0.0,0.0,2.5,50.0
qwen25_15b,727,msc_valid,50,recency_keep_compress_drop,0.35,20,2.5125,50.25,0.0,0.0,2.5125,50.25
qwen25_15b,727,msc_valid,50,uniform,0.5,20,2.5375,50.75,0.0,0.0,2.5375,50.75
qwen25_15b,727,msc_valid,50,longllmlingua,0.5,20,2.8625,57.25,0.0,0.0,2.8625,57.25
qwen25_15b,727,msc_valid,50,recency,0.5,20,2.5375,50.75,0.0,0.0,2.5375,50.75
qwen25_15b,727,msc_valid,50,lexical_tfidf,0.5,20,2.4375,48.75,0.0,0.0,2.4375,48.75
qwen25_15b,727,msc_valid,50,recency_keep_compress_drop,0.5,20,2.45,49.0,0.0,0.0,2.45,49.0
qwen25_15b,727,msc_valid,54,uniform,0.2,39,2.051282051282051,80.0,0.0,0.0,2.051282051282051,80.0
qwen25_15b,727,msc_valid,54,longllmlingua,0.2,39,2.08974358974359,81.5,0.0,0.0,2.08974358974359,81.5
qwen25_15b,727,msc_valid,54,recency,0.2,39,2.0641025641025643,80.5,0.0,0.0,2.0641025641025643,80.5
qwen25_15b,727,msc_valid,54,lexical_tfidf,0.2,39,2.0256410256410255,79.0,0.0,0.0,2.0256410256410255,79.0
qwen25_15b,727,msc_valid,54,recency_keep_compress_drop,0.2,39,2.0256410256410255,79.0,0.0,0.0,2.0256410256410255,79.0
qwen25_15b,727,msc_valid,54,uniform,0.35,39,2.1025641025641026,82.0,0.0,0.0,2.1025641025641026,82.0
qwen25_15b,727,msc_valid,54,longllmlingua,0.35,39,2.051282051282051,80.0,0.0,0.0,2.051282051282051,80.0
qwen25_15b,727,msc_valid,54,recency,0.35,39,2.0,78.0,0.0,0.0,2.0,78.0
qwen25_15b,727,msc_valid,54,lexical_tfidf,0.35,39,1.9871794871794872,77.5,0.0,0.0,1.9871794871794872,77.5
qwen25_15b,727,msc_valid,54,recency_keep_compress_drop,0.35,39,1.9871794871794872,77.5,0.0,0.0,1.9871794871794872,77.5
qwen25_15b,727,msc_valid,54,uniform,0.5,39,2.0641025641025643,80.5,0.0,0.0,2.0641025641025643,80.5
qwen25_15b,727,msc_valid,54,longllmlingua,0.5,39,2.051282051282051,80.0,0.0,0.0,2.051282051282051,80.0
qwen25_15b,727,msc_valid,54,recency,0.5,39,1.9743589743589745,77.0,0.0,0.0,1.9743589743589745,77.0
qwen25_15b,727,msc_valid,54,lexical_tfidf,0.5,39,2.0128205128205128,78.5,0.0,0.0,2.0128205128205128,78.5
qwen25_15b,727,msc_valid,54,recency_keep_compress_drop,0.5,39,1.9743589743589745,77.0,0.0,0.0,1.9743589743589745,77.0
qwen25_15b,727,msc_valid,58,uniform,0.2,25,2.13,53.25,0.0,0.0,2.13,53.25
qwen25_15b,727,msc_valid,58,longllmlingua,0.2,25,2.35,58.75,0.0,0.0,2.35,58.75
qwen25_15b,727,msc_valid,58,recency,0.2,25,2.32,58.0,0.0,0.0,2.32,58.0
qwen25_15b,727,msc_valid,58,lexical_tfidf,0.2,25,2.33,58.25,0.0,0.0,2.33,58.25
qwen25_15b,727,msc_valid,58,recency_keep_compress_drop,0.2,25,2.24,56.0,0.0,0.0,2.24,56.0
qwen25_15b,727,msc_valid,58,uniform,0.35,25,2.11,52.75,0.0,0.0,2.11,52.75
qwen25_15b,727,msc_valid,58,longllmlingua,0.35,25,2.28,57.0,0.0,0.0,2.28,57.0
qwen25_15b,727,msc_valid,58,recency,0.35,25,2.29,57.25,0.0,0.0,2.29,57.25
qwen25_15b,727,msc_valid,58,lexical_tfidf,0.35,25,2.26,56.5,0.0,0.0,2.26,56.5
qwen25_15b,727,msc_valid,58,recency_keep_compress_drop,0.35,25,2.18,54.5,0.0,0.0,2.18,54.5
qwen25_15b,727,msc_valid,58,uniform,0.5,25,2.09,52.25,0.0,0.0,2.09,52.25
qwen25_15b,727,msc_valid,58,longllmlingua,0.5,25,2.25,56.25,0.0,0.0,2.25,56.25
qwen25_15b,727,msc_valid,58,recency,0.5,0,0.0,0.0,0.0,0.0,0.0,0.0
qwen25_15b,727,msc_valid,58,lexical_tfidf,0.5,0,0.0,0.0,0.0,0.0,0.0,0.0
qwen25_15b,727,msc_valid,58,recency_keep_compress_drop,0.5,0,0.0,0.0,0.0,0.0,0.0,0.0
qwen25_15b,727,msc_valid,62,uniform,0.2,20,2.85,57.0,0.0,0.0,2.85,57.0
qwen25_15b,727,msc_valid,62,longllmlingua,0.2,20,3.3,66.0,0.0,0.0,3.3,66.0
qwen25_15b,727,msc_valid,62,recency,0.2,20,3.025,60.5,0.0,0.0,3.025,60.5
qwen25_15b,727,msc_valid,62,lexical_tfidf,0.2,20,3.05,61.0,0.0,0.0,3.05,61.0
qwen25_15b,727,msc_valid,62,recency_keep_compress_drop,0.2,20,3.075,61.5,0.0,0.0,3.075,61.5
qwen25_15b,727,msc_valid,62,uniform,0.35,20,2.65,53.0,0.0,0.0,2.65,53.0
qwen25_15b,727,msc_valid,62,longllmlingua,0.35,20,3.1125,62.25,0.0,0.0,3.1125,62.25
qwen25_15b,727,msc_valid,62,recency,0.35,0,0.0,0.0,0.0,0.0,0.0,0.0
qwen25_15b,727,msc_valid,62,lexical_tfidf,0.35,0,0.0,0.0,0.0,0.0,0.0,0.0
qwen25_15b,727,msc_valid,62,recency_keep_compress_drop,0.35,0,0.0,0.0,0.0,0.0,0.0,0.0
qwen25_15b,727,msc_valid,62,uniform,0.5,20,2.8625,57.25,0.0,0.0,2.8625,57.25
qwen25_15b,727,msc_valid,62,longllmlingua,0.5,20,3.0625,61.25,0.0,0.0,3.0625,61.25
qwen25_15b,727,msc_valid,62,recency,0.5,0,0.0,0.0,0.0,0.0,0.0,0.0
qwen25_15b,727,msc_valid,62,lexical_tfidf,0.5,0,0.0,0.0,0.0,0.0,0.0,0.0
qwen25_15b,727,msc_valid,62,recency_keep_compress_drop,0.5,0,0.0,0.0,0.0,0.0,0.0,0.0
qwen25_15b,732,msc_valid,4,uniform,0.2,9,3.5833333333333335,32.25,3.236111111111111,29.125,0.3472222222222223,3.125
qwen25_15b,732,msc_valid,4,longllmlingua,0.2,9,3.1805555555555554,28.625,3.236111111111111,29.125,-0.0555555555555558,-0.5
qwen25_15b,732,msc_valid,4,recency,0.2,9,3.5833333333333335,32.25,3.236111111111111,29.125,0.3472222222222223,3.125
qwen25_15b,732,msc_valid,4,lexical_tfidf,0.2,9,3.5833333333333335,32.25,3.236111111111111,29.125,0.3472222222222223,3.125
qwen25_15b,732,msc_valid,4,recency_keep_compress_drop,0.2,9,3.5833333333333335,32.25,3.236111111111111,29.125,0.3472222222222223,3.125
qwen25_15b,732,msc_valid,4,uniform,0.35,9,3.4166666666666665,30.75,3.236111111111111,29.125,0.18055555555555536,1.625
qwen25_15b,732,msc_valid,4,longllmlingua,0.35,9,3.1527777777777777,28.375,3.236111111111111,29.125,-0.08333333333333348,-0.75
qwen25_15b,732,msc_valid,4,recency,0.35,9,3.4166666666666665,30.75,3.236111111111111,29.125,0.18055555555555536,1.625
qwen25_15b,732,msc_valid,4,lexical_tfidf,0.35,9,3.4166666666666665,30.75,3.236111111111111,29.125,0.18055555555555536,1.625
qwen25_15b,732,msc_valid,4,recency_keep_compress_drop,0.35,9,3.4166666666666665,30.75,3.236111111111111,29.125,0.18055555555555536,1.625
qwen25_15b,732,msc_valid,4,uniform,0.5,9,3.4166666666666665,30.75,3.236111111111111,29.125,0.18055555555555536,1.625
qwen25_15b,732,msc_valid,4,longllmlingua,0.5,9,3.125,28.125,3.236111111111111,29.125,-0.11111111111111116,-1.0
qwen25_15b,732,msc_valid,4,recency,0.5,9,3.4166666666666665,30.75,3.236111111111111,29.125,0.18055555555555536,1.625
qwen25_15b,732,msc_valid,4,lexical_tfidf,0.5,9,3.4166666666666665,30.75,3.236111111111111,29.125,0.18055555555555536,1.625
qwen25_15b,732,msc_valid,4,recency_keep_compress_drop,0.5,9,3.4166666666666665,30.75,3.236111111111111,29.125,0.18055555555555536,1.625
qwen25_15b,732,msc_valid,6,uniform,0.2,11,3.6136363636363638,39.75,3.227272727272727,35.5,0.3863636363636367,4.25
qwen25_15b,732,msc_valid,6,longllmlingua,0.2,11,3.5,38.5,3.227272727272727,35.5,0.27272727272727293,3.0
qwen25_15b,732,msc_valid,6,recency,0.2,11,3.6818181818181817,40.5,3.227272727272727,35.5,0.4545454545454546,5.0
qwen25_15b,732,msc_valid,6,lexical_tfidf,0.2,11,3.6818181818181817,40.5,3.227272727272727,35.5,0.4545454545454546,5.0
qwen25_15b,732,msc_valid,6,recency_keep_compress_drop,0.2,11,3.6818181818181817,40.5,3.227272727272727,35.5,0.4545454545454546,5.0
qwen25_15b,732,msc_valid,6,uniform,0.35,11,3.1363636363636362,34.5,3.227272727272727,35.5,-0.09090909090909083,-1.0
qwen25_15b,732,msc_valid,6,longllmlingua,0.35,11,3.4318181818181817,37.75,3.227272727272727,35.5,0.20454545454545459,2.25
qwen25_15b,732,msc_valid,6,recency,0.35,11,3.272727272727273,36.0,3.227272727272727,35.5,0.04545454545454586,0.5
qwen25_15b,732,msc_valid,6,lexical_tfidf,0.35,11,3.6363636363636362,40.0,3.227272727272727,35.5,0.40909090909090917,4.5
qwen25_15b,732,msc_valid,6,recency_keep_compress_drop,0.35,11,3.6363636363636362,40.0,3.227272727272727,35.5,0.40909090909090917,4.5
qwen25_15b,732,msc_valid,6,uniform,0.5,11,3.659090909090909,40.25,3.227272727272727,35.5,0.4318181818181821,4.75
qwen25_15b,732,msc_valid,6,longllmlingua,0.5,11,3.3636363636363638,37.0,3.227272727272727,35.5,0.1363636363636367,1.5
qwen25_15b,732,msc_valid,6,recency,0.5,11,3.090909090909091,34.0,3.227272727272727,35.5,-0.13636363636363624,-1.5
qwen25_15b,732,msc_valid,6,lexical_tfidf,0.5,11,3.090909090909091,34.0,3.227272727272727,35.5,-0.13636363636363624,-1.5
qwen25_15b,732,msc_valid,6,recency_keep_compress_drop,0.5,11,3.090909090909091,34.0,3.227272727272727,35.5,-0.13636363636363624,-1.5
qwen25_15b,732,msc_valid,8,uniform,0.2,5,7.7,38.5,5.7,28.5,2.0,10.0
qwen25_15b,732,msc_valid,8,longllmlingua,0.2,5,7.7,38.5,5.7,28.5,2.0,10.0
qwen25_15b,732,msc_valid,8,recency,0.2,5,7.5,37.5,5.7,28.5,1.7999999999999998,9.0
qwen25_15b,732,msc_valid,8,lexical_tfidf,0.2,5,7.9,39.5,5.7,28.5,2.2,11.0
qwen25_15b,732,msc_valid,8,recency_keep_compress_drop,0.2,5,8.0,40.0,5.7,28.5,2.3,11.5
qwen25_15b,732,msc_valid,8,uniform,0.35,5,8.2,41.0,5.7,28.5,2.499999999999999,12.5
qwen25_15b,732,msc_valid,8,longllmlingua,0.35,5,6.7,33.5,5.7,28.5,1.0,5.0
qwen25_15b,732,msc_valid,8,recency,0.35,5,7.6,38.0,5.7,28.5,1.8999999999999995,9.5
qwen25_15b,732,msc_valid,8,lexical_tfidf,0.35,5,6.9,34.5,5.7,28.5,1.2000000000000002,6.0
qwen25_15b,732,msc_valid,8,recency_keep_compress_drop,0.35,5,6.9,34.5,5.7,28.5,1.2000000000000002,6.0
qwen25_15b,732,msc_valid,8,uniform,0.5,5,6.75,33.75,5.7,28.5,1.0499999999999998,5.25
qwen25_15b,732,msc_valid,8,longllmlingua,0.5,5,5.85,29.25,5.7,28.5,0.14999999999999947,0.75
qwen25_15b,732,msc_valid,8,recency,0.5,5,6.075,30.375,5.7,28.5,0.375,1.875
qwen25_15b,732,msc_valid,8,lexical_tfidf,0.5,5,7.5,37.5,5.7,28.5,1.7999999999999998,9.0
qwen25_15b,732,msc_valid,8,recency_keep_compress_drop,0.5,5,6.075,30.375,5.7,28.5,0.375,1.875
qwen25_15b,732,msc_valid,10,uniform,0.2,13,4.096153846153846,53.25,4.134615384615385,53.75,-0.03846153846153921,-0.5
qwen25_15b,732,msc_valid,10,longllmlingua,0.2,13,4.134615384615385,53.75,4.134615384615385,53.75,0.0,0.0
qwen25_15b,732,msc_valid,10,recency,0.2,13,4.346153846153846,56.5,4.134615384615385,53.75,0.2115384615384608,2.75
qwen25_15b,732,msc_valid,10,lexical_tfidf,0.2,13,4.384615384615385,57.0,4.134615384615385,53.75,0.25,3.25
qwen25_15b,732,msc_valid,10,recency_keep_compress_drop,0.2,13,4.346153846153846,56.5,4.134615384615385,53.75,0.2115384615384608,2.75
qwen25_15b,732,msc_valid,10,uniform,0.35,13,4.038461538461538,52.5,4.134615384615385,53.75,-0.0961538461538467,-1.25
qwen25_15b,732,msc_valid,10,longllmlingua,0.35,13,4.173076923076923,54.25,4.134615384615385,53.75,0.038461538461538325,0.5
qwen25_15b,732,msc_valid,10,recency,0.35,13,4.3076923076923075,56.0,4.134615384615385,53.75,0.17307692307692246,2.25
qwen25_15b,732,msc_valid,10,lexical_tfidf,0.35,13,4.5,58.5,4.134615384615385,53.75,0.365384615384615,4.75
qwen25_15b,732,msc_valid,10,recency_keep_compress_drop,0.35,13,4.269230769230769,55.5,4.134615384615385,53.75,0.13461538461538414,1.75
qwen25_15b,732,msc_valid,10,uniform,0.5,13,4.019230769230769,52.25,4.134615384615385,53.75,-0.11538461538461586,-1.5
qwen25_15b,732,msc_valid,10,longllmlingua,0.5,13,4.3076923076923075,56.0,4.134615384615385,53.75,0.17307692307692246,2.25
qwen25_15b,732,msc_valid,10,recency,0.5,13,4.211538461538462,54.75,4.134615384615385,53.75,0.07692307692307665,1.0
qwen25_15b,732,msc_valid,10,lexical_tfidf,0.5,13,4.3076923076923075,56.0,4.134615384615385,53.75,0.17307692307692246,2.25
qwen25_15b,732,msc_valid,10,recency_keep_compress_drop,0.5,13,3.923076923076923,51.0,4.134615384615385,53.75,-0.21153846153846212,-2.75
qwen25_15b,732,msc_valid,12,uniform,0.2,8,3.1875,25.5,2.703125,21.625,0.484375,3.875
qwen25_15b,732,msc_valid,12,longllmlingua,0.2,8,2.9375,23.5,2.703125,21.625,0.234375,1.875
qwen25_15b,732,msc_valid,12,recency,0.2,8,3.796875,30.375,2.703125,21.625,1.09375,8.75
qwen25_15b,732,msc_valid,12,lexical_tfidf,0.2,8,3.75,30.0,2.703125,21.625,1.046875,8.375
qwen25_15b,732,msc_valid,12,recency_keep_compress_drop,0.2,8,3.796875,30.375,2.703125,21.625,1.09375,8.75
qwen25_15b,732,msc_valid,12,uniform,0.35,8,3.15625,25.25,2.703125,21.625,0.453125,3.625
qwen25_15b,732,msc_valid,12,longllmlingua,0.35,8,3.046875,24.375,2.703125,21.625,0.34375,2.75
qwen25_15b,732,msc_valid,12,recency,0.35,8,3.828125,30.625,2.703125,21.625,1.125,9.0
qwen25_15b,732,msc_valid,12,lexical_tfidf,0.35,8,3.265625,26.125,2.703125,21.625,0.5625,4.5
qwen25_15b,732,msc_valid,12,recency_keep_compress_drop,0.35,8,3.21875,25.75,2.703125,21.625,0.515625,4.125
qwen25_15b,732,msc_valid,12,uniform,0.5,8,2.75,22.0,2.703125,21.625,0.046875,0.375
qwen25_15b,732,msc_valid,12,longllmlingua,0.5,8,2.8125,22.5,2.703125,21.625,0.109375,0.875
qwen25_15b,732,msc_valid,12,recency,0.5,8,3.5625,28.5,2.703125,21.625,0.859375,6.875
qwen25_15b,732,msc_valid,12,lexical_tfidf,0.5,8,3.53125,28.25,2.703125,21.625,0.828125,6.625
qwen25_15b,732,msc_valid,12,recency_keep_compress_drop,0.5,8,3.125,25.0,2.703125,21.625,0.421875,3.375
qwen25_15b,732,msc_valid,14,uniform,0.2,13,5.153846153846154,67.0,3.5384615384615383,46.0,1.6153846153846159,21.0
qwen25_15b,732,msc_valid,14,longllmlingua,0.2,13,4.961538461538462,64.5,3.5384615384615383,46.0,1.4230769230769234,18.5
qwen25_15b,732,msc_valid,14,recency,0.2,13,3.769230769230769,49.0,3.5384615384615383,46.0,0.23076923076923084,3.0
qwen25_15b,732,msc_valid,14,lexical_tfidf,0.2,13,5.076923076923077,66.0,3.5384615384615383,46.0,1.5384615384615383,20.0
qwen25_15b,732,msc_valid,14,recency_keep_compress_drop,0.2,13,3.9615384615384617,51.5,3.5384615384615383,46.0,0.42307692307692335,5.5
qwen25_15b,732,msc_valid,14,uniform,0.35,13,4.730769230769231,61.5,3.5384615384615383,46.0,1.1923076923076925,15.5
qwen25_15b,732,msc_valid,14,longllmlingua,0.35,13,4.846153846153846,63.0,3.5384615384615383,46.0,1.3076923076923075,17.0
qwen25_15b,732,msc_valid,14,recency,0.35,13,3.730769230769231,48.5,3.5384615384615383,46.0,0.1923076923076925,2.5
qwen25_15b,732,msc_valid,14,lexical_tfidf,0.35,13,4.884615384615385,63.5,3.5384615384615383,46.0,1.3461538461538467,17.5
qwen25_15b,732,msc_valid,14,recency_keep_compress_drop,0.35,13,3.7884615384615383,49.25,3.5384615384615383,46.0,0.25,3.25
qwen25_15b,732,msc_valid,14,uniform,0.5,13,4.0576923076923075,52.75,3.5384615384615383,46.0,0.5192307692307692,6.75
qwen25_15b,732,msc_valid,14,longllmlingua,0.5,13,4.365384615384615,56.75,3.5384615384615383,46.0,0.8269230769230766,10.75
qwen25_15b,732,msc_valid,14,recency,0.5,13,3.6346153846153846,47.25,3.5384615384615383,46.0,0.09615384615384626,1.25
qwen25_15b,732,msc_valid,14,lexical_tfidf,0.5,13,4.8076923076923075,62.5,3.5384615384615383,46.0,1.2692307692307692,16.5
qwen25_15b,732,msc_valid,14,recency_keep_compress_drop,0.5,13,3.6153846153846154,47.0,3.5384615384615383,46.0,0.0769230769230771,1.0
qwen25_15b,755,msc_valid,4,uniform,0.2,15,3.5,52.5,3.4,51.0,0.10000000000000009,1.5
qwen25_15b,755,msc_valid,4,longllmlingua,0.2,15,3.216666666666667,48.25,3.4,51.0,-0.18333333333333313,-2.75
qwen25_15b,755,msc_valid,4,recency,0.2,15,3.5,52.5,3.4,51.0,0.10000000000000009,1.5
qwen25_15b,755,msc_valid,4,lexical_tfidf,0.2,15,3.5,52.5,3.4,51.0,0.10000000000000009,1.5
qwen25_15b,755,msc_valid,4,recency_keep_compress_drop,0.2,15,3.5,52.5,3.4,51.0,0.10000000000000009,1.5
qwen25_15b,755,msc_valid,4,uniform,0.35,15,3.5166666666666666,52.75,3.4,51.0,0.1166666666666667,1.75
qwen25_15b,755,msc_valid,4,longllmlingua,0.35,15,3.2666666666666666,49.0,3.4,51.0,-0.1333333333333333,-2.0
qwen25_15b,755,msc_valid,4,recency,0.35,15,3.5166666666666666,52.75,3.4,51.0,0.1166666666666667,1.75
qwen25_15b,755,msc_valid,4,lexical_tfidf,0.35,15,3.5166666666666666,52.75,3.4,51.0,0.1166666666666667,1.75
qwen25_15b,755,msc_valid,4,recency_keep_compress_drop,0.35,15,3.5166666666666666,52.75,3.4,51.0,0.1166666666666667,1.75
qwen25_15b,755,msc_valid,4,uniform,0.5,15,3.5166666666666666,52.75,3.4,51.0,0.1166666666666667,1.75
qwen25_15b,755,msc_valid,4,longllmlingua,0.5,15,3.283333333333333,49.25,3.4,51.0,-0.1166666666666667,-1.75
qwen25_15b,755,msc_valid,4,recency,0.5,15,3.5166666666666666,52.75,3.4,51.0,0.1166666666666667,1.75
qwen25_15b,755,msc_valid,4,lexical_tfidf,0.5,15,3.5166666666666666,52.75,3.4,51.0,0.1166666666666667,1.75
qwen25_15b,755,msc_valid,4,recency_keep_compress_drop,0.5,15,3.5166666666666666,52.75,3.4,51.0,0.1166666666666667,1.75
qwen25_15b,755,msc_valid,6,uniform,0.2,16,2.875,46.0,2.65625,42.5,0.21875,3.5
qwen25_15b,755,msc_valid,6,longllmlingua,0.2,16,2.5625,41.0,2.65625,42.5,-0.09375,-1.5
qwen25_15b,755,msc_valid,6,recency,0.2,16,2.953125,47.25,2.65625,42.5,0.296875,4.75
qwen25_15b,755,msc_valid,6,lexical_tfidf,0.2,16,2.953125,47.25,2.65625,42.5,0.296875,4.75
qwen25_15b,755,msc_valid,6,recency_keep_compress_drop,0.2,16,2.875,46.0,2.65625,42.5,0.21875,3.5
qwen25_15b,755,msc_valid,6,uniform,0.35,16,2.875,46.0,2.65625,42.5,0.21875,3.5
qwen25_15b,755,msc_valid,6,longllmlingua,0.35,16,2.71875,43.5,2.65625,42.5,0.0625,1.0
qwen25_15b,755,msc_valid,6,recency,0.35,16,2.921875,46.75,2.65625,42.5,0.265625,4.25
qwen25_15b,755,msc_valid,6,lexical_tfidf,0.35,16,2.953125,47.25,2.65625,42.5,0.296875,4.75
qwen25_15b,755,msc_valid,6,recency_keep_compress_drop,0.35,16,2.921875,46.75,2.65625,42.5,0.265625,4.25
qwen25_15b,755,msc_valid,6,uniform,0.5,16,2.921875,46.75,2.65625,42.5,0.265625,4.25
qwen25_15b,755,msc_valid,6,longllmlingua,0.5,16,2.703125,43.25,2.65625,42.5,0.046875,0.75
qwen25_15b,755,msc_valid,6,recency,0.5,16,2.8125,45.0,2.65625,42.5,0.15625,2.5
qwen25_15b,755,msc_valid,6,lexical_tfidf,0.5,16,2.8125,45.0,2.65625,42.5,0.15625,2.5
qwen25_15b,755,msc_valid,6,recency_keep_compress_drop,0.5,16,2.765625,44.25,2.65625,42.5,0.109375,1.75
qwen25_15b,755,msc_valid,8,uniform,0.2,8,3.4375,27.5,3.015625,24.125,0.421875,3.375
qwen25_15b,755,msc_valid,8,longllmlingua,0.2,8,2.15625,17.25,3.015625,24.125,-0.859375,-6.875
qwen25_15b,755,msc_valid,8,recency,0.2,8,3.359375,26.875,3.015625,24.125,0.34375,2.75
qwen25_15b,755,msc_valid,8,lexical_tfidf,0.2,8,3.359375,26.875,3.015625,24.125,0.34375,2.75
qwen25_15b,755,msc_valid,8,recency_keep_compress_drop,0.2,8,3.359375,26.875,3.015625,24.125,0.34375,2.75
qwen25_15b,755,msc_valid,8,uniform,0.35,8,3.625,29.0,3.015625,24.125,0.609375,4.875
qwen25_15b,755,msc_valid,8,longllmlingua,0.35,8,1.9765625,15.8125,3.015625,24.125,-1.0390625,-8.3125
qwen25_15b,755,msc_valid,8,recency,0.35,8,3.34375,26.75,3.015625,24.125,0.328125,2.625
qwen25_15b,755,msc_valid,8,lexical_tfidf,0.35,8,3.34375,26.75,3.015625,24.125,0.328125,2.625
qwen25_15b,755,msc_valid,8,recency_keep_compress_drop,0.35,8,2.921875,23.375,3.015625,24.125,-0.09375,-0.75
qwen25_15b,755,msc_valid,8,uniform,0.5,8,3.46875,27.75,3.015625,24.125,0.453125,3.625
qwen25_15b,755,msc_valid,8,longllmlingua,0.5,8,2.078125,16.625,3.015625,24.125,-0.9375,-7.5
qwen25_15b,755,msc_valid,8,recency,0.5,8,3.046875,24.375,3.015625,24.125,0.03125,0.25
qwen25_15b,755,msc_valid,8,lexical_tfidf,0.5,8,3.125,25.0,3.015625,24.125,0.109375,0.875
qwen25_15b,755,msc_valid,8,recency_keep_compress_drop,0.5,8,2.9375,23.5,3.015625,24.125,-0.078125,-0.625
qwen25_15b,755,msc_valid,10,uniform,0.2,9,5.222222222222222,47.0,4.611111111111111,41.5,0.6111111111111116,5.5
qwen25_15b,755,msc_valid,10,longllmlingua,0.2,9,4.611111111111111,41.5,4.611111111111111,41.5,0.0,0.0
qwen25_15b,755,msc_valid,10,recency,0.2,9,5.638888888888889,50.75,4.611111111111111,41.5,1.0277777777777786,9.25
qwen25_15b,755,msc_valid,10,lexical_tfidf,0.2,9,5.25,47.25,4.611111111111111,41.5,0.6388888888888893,5.75
qwen25_15b,755,msc_valid,10,recency_keep_compress_drop,0.2,9,5.638888888888889,50.75,4.611111111111111,41.5,1.0277777777777786,9.25
qwen25_15b,755,msc_valid,10,uniform,0.35,9,4.805555555555555,43.25,4.611111111111111,41.5,0.19444444444444464,1.75
qwen25_15b,755,msc_valid,10,longllmlingua,0.35,9,4.611111111111111,41.5,4.611111111111111,41.5,0.0,0.0
qwen25_15b,755,msc_valid,10,recency,0.35,9,5.472222222222222,49.25,4.611111111111111,41.5,0.8611111111111116,7.75
qwen25_15b,755,msc_valid,10,lexical_tfidf,0.35,9,5.055555555555555,45.5,4.611111111111111,41.5,0.44444444444444464,4.0
qwen25_15b,755,msc_valid,10,recency_keep_compress_drop,0.35,9,5.444444444444445,49.0,4.611111111111111,41.5,0.8333333333333339,7.5
qwen25_15b,755,msc_valid,10,uniform,0.5,9,4.916666666666667,44.25,4.611111111111111,41.5,0.30555555555555625,2.75
qwen25_15b,755,msc_valid,10,longllmlingua,0.5,9,3.6666666666666665,33.0,4.611111111111111,41.5,-0.9444444444444442,-8.5
qwen25_15b,755,msc_valid,10,recency,0.5,9,5.333333333333333,48.0,4.611111111111111,41.5,0.7222222222222223,6.5
qwen25_15b,755,msc_valid,10,lexical_tfidf,0.5,9,4.583333333333333,41.25,4.611111111111111,41.5,-0.02777777777777768,-0.25
qwen25_15b,755,msc_valid,10,recency_keep_compress_drop,0.5,9,5.333333333333333,48.0,4.611111111111111,41.5,0.7222222222222223,6.5
qwen25_15b,755,msc_valid,12,uniform,0.2,22,3.0454545454545454,67.0,2.7045454545454546,59.5,0.34090909090909083,7.5
qwen25_15b,755,msc_valid,12,longllmlingua,0.2,22,3.090909090909091,68.0,2.7045454545454546,59.5,0.38636363636363624,8.5
qwen25_15b,755,msc_valid,12,recency,0.2,22,3.0,66.0,2.7045454545454546,59.5,0.2954545454545454,6.5
qwen25_15b,755,msc_valid,12,lexical_tfidf,0.2,22,3.0681818181818183,67.5,2.7045454545454546,59.5,0.36363636363636376,8.0
qwen25_15b,755,msc_valid,12,recency_keep_compress_drop,0.2,22,3.0,66.0,2.7045454545454546,59.5,0.2954545454545454,6.5
qwen25_15b,755,msc_valid,12,uniform,0.35,22,2.875,63.25,2.7045454545454546,59.5,0.17045454545454541,3.75
qwen25_15b,755,msc_valid,12,longllmlingua,0.35,22,2.715909090909091,59.75,2.7045454545454546,59.5,0.011363636363636243,0.25
qwen25_15b,755,msc_valid,12,recency,0.35,22,2.909090909090909,64.0,2.7045454545454546,59.5,0.20454545454545459,4.5
qwen25_15b,755,msc_valid,12,lexical_tfidf,0.35,22,2.8068181818181817,61.75,2.7045454545454546,59.5,0.10227272727272707,2.25
qwen25_15b,755,msc_valid,12,recency_keep_compress_drop,0.35,22,2.9545454545454546,65.0,2.7045454545454546,59.5,0.25,5.5
qwen25_15b,755,msc_valid,12,uniform,0.5,22,2.727272727272727,60.0,2.7045454545454546,59.5,0.022727272727272485,0.5
qwen25_15b,755,msc_valid,12,longllmlingua,0.5,22,2.840909090909091,62.5,2.7045454545454546,59.5,0.13636363636363624,3.0
qwen25_15b,755,msc_valid,12,recency,0.5,22,2.909090909090909,64.0,2.7045454545454546,59.5,0.20454545454545459,4.5
qwen25_15b,755,msc_valid,12,lexical_tfidf,0.5,22,2.897727272727273,63.75,2.7045454545454546,59.5,0.19318181818181834,4.25
qwen25_15b,755,msc_valid,12,recency_keep_compress_drop,0.5,22,2.840909090909091,62.5,2.7045454545454546,59.5,0.13636363636363624,3.0
qwen25_15b,769,msc_valid,4,uniform,0.2,14,3.6607142857142856,51.25,3.4107142857142856,47.75,0.25,3.5
qwen25_15b,769,msc_valid,4,longllmlingua,0.2,14,3.0535714285714284,42.75,3.4107142857142856,47.75,-0.3571428571428572,-5.0
qwen25_15b,769,msc_valid,4,recency,0.2,14,3.6607142857142856,51.25,3.4107142857142856,47.75,0.25,3.5
qwen25_15b,769,msc_valid,4,lexical_tfidf,0.2,14,3.6607142857142856,51.25,3.4107142857142856,47.75,0.25,3.5
qwen25_15b,769,msc_valid,4,recency_keep_compress_drop,0.2,14,3.6607142857142856,51.25,3.4107142857142856,47.75,0.25,3.5
qwen25_15b,769,msc_valid,4,uniform,0.35,14,3.4107142857142856,47.75,3.4107142857142856,47.75,0.0,0.0
qwen25_15b,769,msc_valid,4,longllmlingua,0.35,14,3.0357142857142856,42.5,3.4107142857142856,47.75,-0.375,-5.25
qwen25_15b,769,msc_valid,4,recency,0.35,14,3.4107142857142856,47.75,3.4107142857142856,47.75,0.0,0.0
qwen25_15b,769,msc_valid,4,lexical_tfidf,0.35,14,3.4107142857142856,47.75,3.4107142857142856,47.75,0.0,0.0
qwen25_15b,769,msc_valid,4,recency_keep_compress_drop,0.35,14,3.4107142857142856,47.75,3.4107142857142856,47.75,0.0,0.0
qwen25_15b,769,msc_valid,4,uniform,0.5,14,3.4107142857142856,47.75,3.4107142857142856,47.75,0.0,0.0
qwen25_15b,769,msc_valid,4,longllmlingua,0.5,14,2.982142857142857,41.75,3.4107142857142856,47.75,-0.4285714285714284,-6.0
qwen25_15b,769,msc_valid,4,recency,0.5,14,3.4107142857142856,47.75,3.4107142857142856,47.75,0.0,0.0
qwen25_15b,769,msc_valid,4,lexical_tfidf,0.5,14,3.4107142857142856,47.75,3.4107142857142856,47.75,0.0,0.0
qwen25_15b,769,msc_valid,4,recency_keep_compress_drop,0.5,14,3.4107142857142856,47.75,3.4107142857142856,47.75,0.0,0.0
qwen25_15b,769,msc_valid,6,uniform,0.2,18,3.9166666666666665,70.5,3.5277777777777777,63.5,0.38888888888888884,7.0
qwen25_15b,769,msc_valid,6,longllmlingua,0.2,18,3.4166666666666665,61.5,3.5277777777777777,63.5,-0.11111111111111116,-2.0
qwen25_15b,769,msc_valid,6,recency,0.2,18,3.5833333333333335,64.5,3.5277777777777777,63.5,0.0555555555555558,1.0
qwen25_15b,769,msc_valid,6,lexical_tfidf,0.2,18,3.9166666666666665,70.5,3.5277777777777777,63.5,0.38888888888888884,7.0
qwen25_15b,769,msc_valid,6,recency_keep_compress_drop,0.2,18,3.5833333333333335,64.5,3.5277777777777777,63.5,0.0555555555555558,1.0
qwen25_15b,769,msc_valid,6,uniform,0.35,18,3.8055555555555554,68.5,3.5277777777777777,63.5,0.2777777777777777,5.0
qwen25_15b,769,msc_valid,6,longllmlingua,0.35,18,3.4583333333333335,62.25,3.5277777777777777,63.5,-0.0694444444444442,-1.25
qwen25_15b,769,msc_valid,6,recency,0.35,18,3.8055555555555554,68.5,3.5277777777777777,63.5,0.2777777777777777,5.0
qwen25_15b,769,msc_valid,6,lexical_tfidf,0.35,18,3.8055555555555554,68.5,3.5277777777777777,63.5,0.2777777777777777,5.0
qwen25_15b,769,msc_valid,6,recency_keep_compress_drop,0.35,18,3.8055555555555554,68.5,3.5277777777777777,63.5,0.2777777777777777,5.0
qwen25_15b,769,msc_valid,6,uniform,0.5,18,3.6944444444444446,66.5,3.5277777777777777,63.5,0.16666666666666696,3.0
qwen25_15b,769,msc_valid,6,longllmlingua,0.5,18,3.486111111111111,62.75,3.5277777777777777,63.5,-0.04166666666666652,-0.75
qwen25_15b,769,msc_valid,6,recency,0.5,18,3.8055555555555554,68.5,3.5277777777777777,63.5,0.2777777777777777,5.0
qwen25_15b,769,msc_valid,6,lexical_tfidf,0.5,18,3.6944444444444446,66.5,3.5277777777777777,63.5,0.16666666666666696,3.0
qwen25_15b,769,msc_valid,6,recency_keep_compress_drop,0.5,18,3.8055555555555554,68.5,3.5277777777777777,63.5,0.2777777777777777,5.0
qwen25_15b,769,msc_valid,8,uniform,0.2,16,3.25,52.0,3.078125,49.25,0.171875,2.75
qwen25_15b,769,msc_valid,8,longllmlingua,0.2,16,2.859375,45.75,3.078125,49.25,-0.21875,-3.5
qwen25_15b,769,msc_valid,8,recency,0.2,16,3.25,52.0,3.078125,49.25,0.171875,2.75
qwen25_15b,769,msc_valid,8,lexical_tfidf,0.2,16,3.25,52.0,3.078125,49.25,0.171875,2.75
qwen25_15b,769,msc_valid,8,recency_keep_compress_drop,0.2,16,3.25,52.0,3.078125,49.25,0.171875,2.75
qwen25_15b,769,msc_valid,8,uniform,0.35,16,3.21875,51.5,3.078125,49.25,0.140625,2.25
qwen25_15b,769,msc_valid,8,longllmlingua,0.35,16,2.859375,45.75,3.078125,49.25,-0.21875,-3.5
qwen25_15b,769,msc_valid,8,recency,0.35,16,3.109375,49.75,3.078125,49.25,0.03125,0.5
qwen25_15b,769,msc_valid,8,lexical_tfidf,0.35,16,3.09375,49.5,3.078125,49.25,0.015625,0.25
qwen25_15b,769,msc_valid,8,recency_keep_compress_drop,0.35,16,3.109375,49.75,3.078125,49.25,0.03125,0.5
qwen25_15b,769,msc_valid,8,uniform,0.5,16,3.078125,49.25,3.078125,49.25,0.0,0.0
qwen25_15b,769,msc_valid,8,longllmlingua,0.5,16,2.859375,45.75,3.078125,49.25,-0.21875,-3.5
qwen25_15b,769,msc_valid,8,recency,0.5,16,3.015625,48.25,3.078125,49.25,-0.0625,-1.0
qwen25_15b,769,msc_valid,8,lexical_tfidf,0.5,16,3.09375,49.5,3.078125,49.25,0.015625,0.25
qwen25_15b,769,msc_valid,8,recency_keep_compress_drop,0.5,16,3.09375,49.5,3.078125,49.25,0.015625,0.25
qwen25_15b,769,msc_valid,10,uniform,0.2,20,3.525,70.5,3.2,64.0,0.32499999999999973,6.5
qwen25_15b,769,msc_valid,10,longllmlingua,0.2,20,3.525,70.5,3.2,64.0,0.32499999999999973,6.5
qwen25_15b,769,msc_valid,10,recency,0.2,20,3.35,67.0,3.2,64.0,0.1499999999999999,3.0
qwen25_15b,769,msc_valid,10,lexical_tfidf,0.2,20,3.35,67.0,3.2,64.0,0.1499999999999999,3.0
qwen25_15b,769,msc_valid,10,recency_keep_compress_drop,0.2,20,3.425,68.5,3.2,64.0,0.22499999999999964,4.5
qwen25_15b,769,msc_valid,10,uniform,0.35,20,3.5,70.0,3.2,64.0,0.2999999999999998,6.0
qwen25_15b,769,msc_valid,10,longllmlingua,0.35,20,3.525,70.5,3.2,64.0,0.32499999999999973,6.5
qwen25_15b,769,msc_valid,10,recency,0.35,20,3.275,65.5,3.2,64.0,0.07499999999999973,1.5
qwen25_15b,769,msc_valid,10,lexical_tfidf,0.35,20,3.275,65.5,3.2,64.0,0.07499999999999973,1.5
qwen25_15b,769,msc_valid,10,recency_keep_compress_drop,0.35,20,3.3,66.0,3.2,64.0,0.09999999999999964,2.0
qwen25_15b,769,msc_valid,10,uniform,0.5,20,3.575,71.5,3.2,64.0,0.375,7.5
qwen25_15b,769,msc_valid,10,longllmlingua,0.5,20,3.475,69.5,3.2,64.0,0.2749999999999999,5.5
qwen25_15b,769,msc_valid,10,recency,0.5,20,3.25,65.0,3.2,64.0,0.04999999999999982,1.0
qwen25_15b,769,msc_valid,10,lexical_tfidf,0.5,20,3.1875,63.75,3.2,64.0,-0.012500000000000178,-0.25
qwen25_15b,769,msc_valid,10,recency_keep_compress_drop,0.5,20,3.35,67.0,3.2,64.0,0.1499999999999999,3.0
qwen25_15b,769,msc_valid,12,uniform,0.2,20,2.35,47.0,2.05,41.0,0.30000000000000027,6.0
qwen25_15b,769,msc_valid,12,longllmlingua,0.2,20,2.125,42.5,2.05,41.0,0.07500000000000018,1.5
qwen25_15b,769,msc_valid,12,recency,0.2,20,2.2125,44.25,2.05,41.0,0.1625000000000001,3.25
qwen25_15b,769,msc_valid,12,lexical_tfidf,0.2,20,2.275,45.5,2.05,41.0,0.2250000000000001,4.5
qwen25_15b,769,msc_valid,12,recency_keep_compress_drop,0.2,20,2.2125,44.25,2.05,41.0,0.1625000000000001,3.25
qwen25_15b,769,msc_valid,12,uniform,0.35,20,2.4375,48.75,2.05,41.0,0.3875000000000002,7.75
qwen25_15b,769,msc_valid,12,longllmlingua,0.35,20,2.0875,41.75,2.05,41.0,0.03750000000000009,0.75
qwen25_15b,769,msc_valid,12,recency,0.35,20,2.1875,43.75,2.05,41.0,0.13750000000000018,2.75
qwen25_15b,769,msc_valid,12,lexical_tfidf,0.35,20,2.2,44.0,2.05,41.0,0.15000000000000036,3.0
qwen25_15b,769,msc_valid,12,recency_keep_compress_drop,0.35,20,2.2,44.0,2.05,41.0,0.15000000000000036,3.0
qwen25_15b,769,msc_valid,12,uniform,0.5,20,2.35,47.0,2.05,41.0,0.30000000000000027,6.0
qwen25_15b,769,msc_valid,12,longllmlingua,0.5,20,2.1625,43.25,2.05,41.0,0.11250000000000027,2.25
qwen25_15b,769,msc_valid,12,recency,0.5,20,2.0125,40.25,2.05,41.0,-0.037499999999999645,-0.75
qwen25_15b,769,msc_valid,12,lexical_tfidf,0.5,20,2.1875,43.75,2.05,41.0,0.13750000000000018,2.75
qwen25_15b,769,msc_valid,12,recency_keep_compress_drop,0.5,20,2.0875,41.75,2.05,41.0,0.03750000000000009,0.75
qwen25_15b,769,msc_valid,14,uniform,0.2,14,4.107142857142857,57.5,3.25,45.5,0.8571428571428568,12.0
qwen25_15b,769,msc_valid,14,longllmlingua,0.2,14,3.6964285714285716,51.75,3.25,45.5,0.4464285714285716,6.25
qwen25_15b,769,msc_valid,14,recency,0.2,14,3.875,54.25,3.25,45.5,0.625,8.75
qwen25_15b,769,msc_valid,14,lexical_tfidf,0.2,14,3.5,49.0,3.25,45.5,0.25,3.5
qwen25_15b,769,msc_valid,14,recency_keep_compress_drop,0.2,14,3.875,54.25,3.25,45.5,0.625,8.75
qwen25_15b,769,msc_valid,14,uniform,0.35,14,3.8035714285714284,53.25,3.25,45.5,0.5535714285714284,7.75
qwen25_15b,769,msc_valid,14,longllmlingua,0.35,14,3.6607142857142856,51.25,3.25,45.5,0.4107142857142856,5.75
qwen25_15b,769,msc_valid,14,recency,0.35,14,3.3392857142857144,46.75,3.25,45.5,0.08928571428571441,1.25
qwen25_15b,769,msc_valid,14,lexical_tfidf,0.35,14,3.4464285714285716,48.25,3.25,45.5,0.19642857142857162,2.75
qwen25_15b,769,msc_valid,14,recency_keep_compress_drop,0.35,14,3.5357142857142856,49.5,3.25,45.5,0.2857142857142856,4.0
qwen25_15b,769,msc_valid,14,uniform,0.5,14,3.75,52.5,3.25,45.5,0.5,7.0
qwen25_15b,769,msc_valid,14,longllmlingua,0.5,14,3.75,52.5,3.25,45.5,0.5,7.0
qwen25_15b,769,msc_valid,14,recency,0.5,14,3.232142857142857,45.25,3.25,45.5,-0.017857142857142794,-0.25
qwen25_15b,769,msc_valid,14,lexical_tfidf,0.5,14,3.5714285714285716,50.0,3.25,45.5,0.3214285714285716,4.5
qwen25_15b,769,msc_valid,14,recency_keep_compress_drop,0.5,14,3.267857142857143,45.75,3.25,45.5,0.017857142857142794,0.25
qwen25_15b,823,msc_valid,4,uniform,0.2,21,3.1666666666666665,66.5,2.7738095238095237,58.25,0.3928571428571428,8.25
qwen25_15b,823,msc_valid,4,longllmlingua,0.2,21,2.7857142857142856,58.5,2.7738095238095237,58.25,0.011904761904761862,0.25
qwen25_15b,823,msc_valid,4,recency,0.2,21,3.1666666666666665,66.5,2.7738095238095237,58.25,0.3928571428571428,8.25
qwen25_15b,823,msc_valid,4,lexical_tfidf,0.2,21,3.1666666666666665,66.5,2.7738095238095237,58.25,0.3928571428571428,8.25
qwen25_15b,823,msc_valid,4,recency_keep_compress_drop,0.2,21,3.1666666666666665,66.5,2.7738095238095237,58.25,0.3928571428571428,8.25
qwen25_15b,823,msc_valid,4,uniform,0.35,21,3.1666666666666665,66.5,2.7738095238095237,58.25,0.3928571428571428,8.25
qwen25_15b,823,msc_valid,4,longllmlingua,0.35,21,2.5833333333333335,54.25,2.7738095238095237,58.25,-0.19047619047619024,-4.0
qwen25_15b,823,msc_valid,4,recency,0.35,21,3.1666666666666665,66.5,2.7738095238095237,58.25,0.3928571428571428,8.25
qwen25_15b,823,msc_valid,4,lexical_tfidf,0.35,21,3.1666666666666665,66.5,2.7738095238095237,58.25,0.3928571428571428,8.25
qwen25_15b,823,msc_valid,4,recency_keep_compress_drop,0.35,21,3.1666666666666665,66.5,2.7738095238095237,58.25,0.3928571428571428,8.25
qwen25_15b,823,msc_valid,4,uniform,0.5,21,2.738095238095238,57.5,2.7738095238095237,58.25,-0.03571428571428559,-0.75
qwen25_15b,823,msc_valid,4,longllmlingua,0.5,21,2.5952380952380953,54.5,2.7738095238095237,58.25,-0.17857142857142838,-3.75
qwen25_15b,823,msc_valid,4,recency,0.5,21,2.738095238095238,57.5,2.7738095238095237,58.25,-0.03571428571428559,-0.75
qwen25_15b,823,msc_valid,4,lexical_tfidf,0.5,21,2.738095238095238,57.5,2.7738095238095237,58.25,-0.03571428571428559,-0.75
qwen25_15b,823,msc_valid,4,recency_keep_compress_drop,0.5,21,2.738095238095238,57.5,2.7738095238095237,58.25,-0.03571428571428559,-0.75
qwen25_15b,823,msc_valid,8,uniform,0.2,16,4.1875,67.0,4.03125,64.5,0.15625,2.5
qwen25_15b,823,msc_valid,8,longllmlingua,0.2,16,4.25,68.0,4.03125,64.5,0.21875,3.5
qwen25_15b,823,msc_valid,8,recency,0.2,16,4.28125,68.5,4.03125,64.5,0.25,4.0
qwen25_15b,823,msc_valid,8,lexical_tfidf,0.2,16,4.1875,67.0,4.03125,64.5,0.15625,2.5
qwen25_15b,823,msc_valid,8,recency_keep_compress_drop,0.2,16,4.28125,68.5,4.03125,64.5,0.25,4.0
qwen25_15b,823,msc_valid,8,uniform,0.35,16,4.375,70.0,4.03125,64.5,0.34375,5.5
qwen25_15b,823,msc_valid,8,longllmlingua,0.35,16,4.125,66.0,4.03125,64.5,0.09375,1.5
qwen25_15b,823,msc_valid,8,recency,0.35,16,4.25,68.0,4.03125,64.5,0.21875,3.5
qwen25_15b,823,msc_valid,8,lexical_tfidf,0.35,16,4.21875,67.5,4.03125,64.5,0.1875,3.0
qwen25_15b,823,msc_valid,8,recency_keep_compress_drop,0.35,16,4.25,68.0,4.03125,64.5,0.21875,3.5
qwen25_15b,823,msc_valid,8,uniform,0.5,16,4.21875,67.5,4.03125,64.5,0.1875,3.0
qwen25_15b,823,msc_valid,8,longllmlingua,0.5,16,3.984375,63.75,4.03125,64.5,-0.046875,-0.75
qwen25_15b,823,msc_valid,8,recency,0.5,16,4.1875,67.0,4.03125,64.5,0.15625,2.5
qwen25_15b,823,msc_valid,8,lexical_tfidf,0.5,16,4.21875,67.5,4.03125,64.5,0.1875,3.0
qwen25_15b,823,msc_valid,8,recency_keep_compress_drop,0.5,16,3.984375,63.75,4.03125,64.5,-0.046875,-0.75
qwen25_15b,823,msc_valid,12,uniform,0.2,13,5.423076923076923,70.5,4.403846153846154,57.25,1.0192307692307692,13.25
qwen25_15b,823,msc_valid,12,longllmlingua,0.2,13,4.826923076923077,62.75,4.403846153846154,57.25,0.42307692307692246,5.5
qwen25_15b,823,msc_valid,12,recency,0.2,13,5.384615384615385,70.0,4.403846153846154,57.25,0.9807692307692308,12.75
qwen25_15b,823,msc_valid,12,lexical_tfidf,0.2,13,4.865384615384615,63.25,4.403846153846154,57.25,0.4615384615384608,6.0
qwen25_15b,823,msc_valid,12,recency_keep_compress_drop,0.2,13,5.384615384615385,70.0,4.403846153846154,57.25,0.9807692307692308,12.75
qwen25_15b,823,msc_valid,12,uniform,0.35,13,4.769230769230769,62.0,4.403846153846154,57.25,0.365384615384615,4.75
qwen25_15b,823,msc_valid,12,longllmlingua,0.35,13,4.826923076923077,62.75,4.403846153846154,57.25,0.42307692307692246,5.5
qwen25_15b,823,msc_valid,12,recency,0.35,13,4.846153846153846,63.0,4.403846153846154,57.25,0.4423076923076916,5.75
qwen25_15b,823,msc_valid,12,lexical_tfidf,0.35,13,4.653846153846154,60.5,4.403846153846154,57.25,0.25,3.25
qwen25_15b,823,msc_valid,12,recency_keep_compress_drop,0.35,13,5.0,65.0,4.403846153846154,57.25,0.5961538461538458,7.75
qwen25_15b,823,msc_valid,12,uniform,0.5,13,4.269230769230769,55.5,4.403846153846154,57.25,-0.13461538461538503,-1.75
qwen25_15b,823,msc_valid,12,longllmlingua,0.5,13,4.923076923076923,64.0,4.403846153846154,57.25,0.5192307692307692,6.75
qwen25_15b,823,msc_valid,12,recency,0.5,13,5.0,65.0,4.403846153846154,57.25,0.5961538461538458,7.75
qwen25_15b,823,msc_valid,12,lexical_tfidf,0.5,13,4.634615384615385,60.25,4.403846153846154,57.25,0.23076923076923084,3.0
qwen25_15b,823,msc_valid,12,recency_keep_compress_drop,0.5,13,4.826923076923077,62.75,4.403846153846154,57.25,0.42307692307692246,5.5
qwen25_15b,823,msc_valid,16,uniform,0.2,35,2.3142857142857145,81.0,2.4285714285714284,85.0,-0.11428571428571388,-4.0
qwen25_15b,823,msc_valid,16,longllmlingua,0.2,35,2.157142857142857,75.5,2.4285714285714284,85.0,-0.27142857142857135,-9.5
qwen25_15b,823,msc_valid,16,recency,0.2,35,2.3142857142857145,81.0,2.4285714285714284,85.0,-0.11428571428571388,-4.0
qwen25_15b,823,msc_valid,16,lexical_tfidf,0.2,35,2.3285714285714287,81.5,2.4285714285714284,85.0,-0.09999999999999964,-3.5
qwen25_15b,823,msc_valid,16,recency_keep_compress_drop,0.2,35,2.357142857142857,82.5,2.4285714285714284,85.0,-0.07142857142857117,-2.5
qwen25_15b,823,msc_valid,16,uniform,0.35,35,2.414285714285714,84.5,2.4285714285714284,85.0,-0.014285714285714235,-0.5
qwen25_15b,823,msc_valid,16,longllmlingua,0.35,35,2.142857142857143,75.0,2.4285714285714284,85.0,-0.2857142857142856,-10.0
qwen25_15b,823,msc_valid,16,recency,0.35,35,2.342857142857143,82.0,2.4285714285714284,85.0,-0.08571428571428541,-3.0
qwen25_15b,823,msc_valid,16,lexical_tfidf,0.35,35,2.4285714285714284,85.0,2.4285714285714284,85.0,0.0,0.0
qwen25_15b,823,msc_valid,16,recency_keep_compress_drop,0.35,35,2.3142857142857145,81.0,2.4285714285714284,85.0,-0.11428571428571388,-4.0
qwen25_15b,823,msc_valid,16,uniform,0.5,35,2.414285714285714,84.5,2.4285714285714284,85.0,-0.014285714285714235,-0.5
qwen25_15b,823,msc_valid,16,longllmlingua,0.5,35,2.157142857142857,75.5,2.4285714285714284,85.0,-0.27142857142857135,-9.5
qwen25_15b,823,msc_valid,16,recency,0.5,35,2.3714285714285714,83.0,2.4285714285714284,85.0,-0.05714285714285694,-2.0
qwen25_15b,823,msc_valid,16,lexical_tfidf,0.5,35,2.414285714285714,84.5,2.4285714285714284,85.0,-0.014285714285714235,-0.5
qwen25_15b,823,msc_valid,16,recency_keep_compress_drop,0.5,35,2.3857142857142857,83.5,2.4285714285714284,85.0,-0.042857142857142705,-1.5
qwen25_15b,823,msc_valid,20,uniform,0.2,36,2.5416666666666665,91.5,2.4305555555555554,87.5,0.11111111111111116,4.0
qwen25_15b,823,msc_valid,20,longllmlingua,0.2,36,2.375,85.5,2.4305555555555554,87.5,-0.05555555555555536,-2.0
qwen25_15b,823,msc_valid,20,recency,0.2,36,2.4722222222222223,89.0,2.4305555555555554,87.5,0.04166666666666696,1.5
qwen25_15b,823,msc_valid,20,lexical_tfidf,0.2,36,2.5277777777777777,91.0,2.4305555555555554,87.5,0.09722222222222232,3.5
qwen25_15b,823,msc_valid,20,recency_keep_compress_drop,0.2,36,2.5,90.0,2.4305555555555554,87.5,0.06944444444444464,2.5
qwen25_15b,823,msc_valid,20,uniform,0.35,36,2.4722222222222223,89.0,2.4305555555555554,87.5,0.04166666666666696,1.5
qwen25_15b,823,msc_valid,20,longllmlingua,0.35,36,2.388888888888889,86.0,2.4305555555555554,87.5,-0.04166666666666652,-1.5
qwen25_15b,823,msc_valid,20,recency,0.35,36,2.5555555555555554,92.0,2.4305555555555554,87.5,0.125,4.5
qwen25_15b,823,msc_valid,20,lexical_tfidf,0.35,36,2.5416666666666665,91.5,2.4305555555555554,87.5,0.11111111111111116,4.0
qwen25_15b,823,msc_valid,20,recency_keep_compress_drop,0.35,36,2.4722222222222223,89.0,2.4305555555555554,87.5,0.04166666666666696,1.5
qwen25_15b,823,msc_valid,20,uniform,0.5,36,2.4722222222222223,89.0,2.4305555555555554,87.5,0.04166666666666696,1.5
qwen25_15b,823,msc_valid,20,longllmlingua,0.5,36,2.4305555555555554,87.5,2.4305555555555554,87.5,0.0,0.0
qwen25_15b,823,msc_valid,20,recency,0.5,36,2.5,90.0,2.4305555555555554,87.5,0.06944444444444464,2.5
qwen25_15b,823,msc_valid,20,lexical_tfidf,0.5,36,2.5,90.0,2.4305555555555554,87.5,0.06944444444444464,2.5
qwen25_15b,823,msc_valid,20,recency_keep_compress_drop,0.5,36,2.486111111111111,89.5,2.4305555555555554,87.5,0.0555555555555558,2.0
qwen25_15b,823,msc_valid,24,uniform,0.2,21,2.0952380952380953,44.0,1.75,36.75,0.34523809523809534,7.25
qwen25_15b,823,msc_valid,24,longllmlingua,0.2,21,2.0595238095238093,43.25,1.75,36.75,0.3095238095238093,6.5
qwen25_15b,823,msc_valid,24,recency,0.2,21,2.1904761904761907,46.0,1.75,36.75,0.4404761904761907,9.25
qwen25_15b,823,msc_valid,24,lexical_tfidf,0.2,21,2.1547619047619047,45.25,1.75,36.75,0.40476190476190466,8.5
qwen25_15b,823,msc_valid,24,recency_keep_compress_drop,0.2,21,2.130952380952381,44.75,1.75,36.75,0.38095238095238093,8.0
qwen25_15b,823,msc_valid,24,uniform,0.35,21,2.0357142857142856,42.75,1.75,36.75,0.2857142857142856,6.0
qwen25_15b,823,msc_valid,24,longllmlingua,0.35,21,2.0357142857142856,42.75,1.75,36.75,0.2857142857142856,6.0
qwen25_15b,823,msc_valid,24,recency,0.35,21,2.107142857142857,44.25,1.75,36.75,0.3571428571428572,7.5
qwen25_15b,823,msc_valid,24,lexical_tfidf,0.35,21,1.9404761904761905,40.75,1.75,36.75,0.19047619047619047,4.0
qwen25_15b,823,msc_valid,24,recency_keep_compress_drop,0.35,21,2.0,42.0,1.75,36.75,0.25,5.25
qwen25_15b,823,msc_valid,24,uniform,0.5,21,2.0952380952380953,44.0,1.75,36.75,0.34523809523809534,7.25
qwen25_15b,823,msc_valid,24,longllmlingua,0.5,21,2.0238095238095237,42.5,1.75,36.75,0.2738095238095237,5.75
qwen25_15b,823,msc_valid,24,recency,0.5,21,1.9523809523809523,41.0,1.75,36.75,0.20238095238095233,4.25
qwen25_15b,823,msc_valid,24,lexical_tfidf,0.5,21,1.880952380952381,39.5,1.75,36.75,0.13095238095238093,2.75
qwen25_15b,823,msc_valid,24,recency_keep_compress_drop,0.5,21,1.9523809523809523,41.0,1.75,36.75,0.20238095238095233,4.25
qwen25_15b,823,msc_valid,28,uniform,0.2,17,2.1470588235294117,36.5,2.161764705882353,36.75,-0.014705882352941124,-0.25
qwen25_15b,823,msc_valid,28,longllmlingua,0.2,17,2.0294117647058822,34.5,2.161764705882353,36.75,-0.13235294117647056,-2.25
qwen25_15b,823,msc_valid,28,recency,0.2,17,2.0441176470588234,34.75,2.161764705882353,36.75,-0.11764705882352944,-2.0
qwen25_15b,823,msc_valid,28,lexical_tfidf,0.2,17,2.1323529411764706,36.25,2.161764705882353,36.75,-0.02941176470588225,-0.5
qwen25_15b,823,msc_valid,28,recency_keep_compress_drop,0.2,17,2.0588235294117645,35.0,2.161764705882353,36.75,-0.10294117647058831,-1.75
qwen25_15b,823,msc_valid,28,uniform,0.35,17,2.235294117647059,38.0,2.161764705882353,36.75,0.07352941176470607,1.25
qwen25_15b,823,msc_valid,28,longllmlingua,0.35,17,2.088235294117647,35.5,2.161764705882353,36.75,-0.07352941176470562,-1.25
qwen25_15b,823,msc_valid,28,recency,0.35,17,2.1323529411764706,36.25,2.161764705882353,36.75,-0.02941176470588225,-0.5
qwen25_15b,823,msc_valid,28,lexical_tfidf,0.35,17,2.073529411764706,35.25,2.161764705882353,36.75,-0.08823529411764675,-1.5
qwen25_15b,823,msc_valid,28,recency_keep_compress_drop,0.35,17,1.9558823529411764,33.25,2.161764705882353,36.75,-0.2058823529411764,-3.5
qwen25_15b,823,msc_valid,28,uniform,0.5,17,2.264705882352941,38.5,2.161764705882353,36.75,0.10294117647058831,1.75
qwen25_15b,823,msc_valid,28,longllmlingua,0.5,17,1.9558823529411764,33.25,2.161764705882353,36.75,-0.2058823529411764,-3.5
qwen25_15b,823,msc_valid,28,recency,0.5,17,2.1176470588235294,36.0,2.161764705882353,36.75,-0.04411764705882337,-0.75
qwen25_15b,823,msc_valid,28,lexical_tfidf,0.5,17,2.0588235294117645,35.0,2.161764705882353,36.75,-0.10294117647058831,-1.75
qwen25_15b,823,msc_valid,28,recency_keep_compress_drop,0.5,17,2.073529411764706,35.25,2.161764705882353,36.75,-0.08823529411764675,-1.5
qwen25_15b,823,msc_valid,32,uniform,0.2,23,2.7282608695652173,62.75,2.6847826086956523,61.75,0.043478260869564966,1.0
qwen25_15b,823,msc_valid,32,longllmlingua,0.2,23,2.739130434782609,63.0,2.6847826086956523,61.75,0.05434782608695654,1.25
qwen25_15b,823,msc_valid,32,recency,0.2,23,2.9782608695652173,68.5,2.6847826086956523,61.75,0.29347826086956497,6.75
qwen25_15b,823,msc_valid,32,lexical_tfidf,0.2,23,2.9565217391304346,68.0,2.6847826086956523,61.75,0.27173913043478226,6.25
qwen25_15b,823,msc_valid,32,recency_keep_compress_drop,0.2,23,2.847826086956522,65.5,2.6847826086956523,61.75,0.16304347826086962,3.75
qwen25_15b,823,msc_valid,32,uniform,0.35,23,2.739130434782609,63.0,2.6847826086956523,61.75,0.05434782608695654,1.25
qwen25_15b,823,msc_valid,32,longllmlingua,0.35,23,2.630434782608696,60.5,2.6847826086956523,61.75,-0.05434782608695654,-1.25
qwen25_15b,823,msc_valid,32,recency,0.35,23,2.782608695652174,64.0,2.6847826086956523,61.75,0.09782608695652151,2.25
qwen25_15b,823,msc_valid,32,lexical_tfidf,0.35,23,2.7282608695652173,62.75,2.6847826086956523,61.75,0.043478260869564966,1.0
qwen25_15b,823,msc_valid,32,recency_keep_compress_drop,0.35,23,2.782608695652174,64.0,2.6847826086956523,61.75,0.09782608695652151,2.25
qwen25_15b,823,msc_valid,32,uniform,0.5,23,2.8043478260869565,64.5,2.6847826086956523,61.75,0.11956521739130421,2.75
qwen25_15b,823,msc_valid,32,longllmlingua,0.5,23,2.597826086956522,59.75,2.6847826086956523,61.75,-0.08695652173913038,-2.0
qwen25_15b,823,msc_valid,32,recency,0.5,23,2.7282608695652173,62.75,2.6847826086956523,61.75,0.043478260869564966,1.0
qwen25_15b,823,msc_valid,32,lexical_tfidf,0.5,23,2.6956521739130435,62.0,2.6847826086956523,61.75,0.01086956521739113,0.25
qwen25_15b,823,msc_valid,32,recency_keep_compress_drop,0.5,23,2.8043478260869565,64.5,2.6847826086956523,61.75,0.11956521739130421,2.75
qwen25_15b,823,msc_valid,34,uniform,0.2,43,2.197674418604651,94.5,2.28125,27.375,-0.08357558139534893,67.125
qwen25_15b,823,msc_valid,34,longllmlingua,0.2,43,2.2209302325581395,95.5,2.28125,27.375,-0.06031976744186052,68.125
qwen25_15b,823,msc_valid,34,recency,0.2,43,2.3488372093023258,101.0,2.28125,27.375,0.06758720930232576,73.625
qwen25_15b,823,msc_valid,34,lexical_tfidf,0.2,43,2.395348837209302,103.0,2.28125,27.375,0.11409883720930214,75.625
qwen25_15b,823,msc_valid,34,recency_keep_compress_drop,0.2,43,2.1744186046511627,93.5,2.28125,27.375,-0.10683139534883734,66.125
qwen25_15b,823,msc_valid,34,uniform,0.35,43,2.1511627906976742,92.5,2.28125,27.375,-0.13008720930232576,65.125
qwen25_15b,823,msc_valid,34,longllmlingua,0.35,43,2.2093023255813953,95.0,2.28125,27.375,-0.07194767441860472,67.625
qwen25_15b,823,msc_valid,34,recency,0.35,43,2.2093023255813953,95.0,2.28125,27.375,-0.07194767441860472,67.625
qwen25_15b,823,msc_valid,34,lexical_tfidf,0.35,43,2.313953488372093,99.5,2.28125,27.375,0.03270348837209314,72.125
qwen25_15b,823,msc_valid,34,recency_keep_compress_drop,0.35,43,2.104651162790698,90.5,2.28125,27.375,-0.17659883720930214,63.125
qwen25_15b,823,msc_valid,34,uniform,0.5,43,2.011627906976744,86.5,2.28125,27.375,-0.2696220930232558,59.125
qwen25_15b,823,msc_valid,34,longllmlingua,0.5,43,2.3255813953488373,100.0,2.28125,27.375,0.044331395348837344,72.625
qwen25_15b,823,msc_valid,34,recency,0.5,43,2.0813953488372094,89.5,2.28125,27.375,-0.19985465116279055,62.125
qwen25_15b,823,msc_valid,34,lexical_tfidf,0.5,43,2.2674418604651163,97.5,2.28125,27.375,-0.01380813953488369,70.125
qwen25_15b,823,msc_valid,34,recency_keep_compress_drop,0.5,43,2.116279069767442,91.0,2.28125,27.375,-0.16497093023255793,63.625
qwen25_15b,823,msc_valid,38,uniform,0.2,56,2.080357142857143,116.5,0.0,0.0,2.080357142857143,116.5
qwen25_15b,823,msc_valid,38,longllmlingua,0.2,56,2.107142857142857,118.0,0.0,0.0,2.107142857142857,118.0
qwen25_15b,823,msc_valid,38,recency,0.2,56,2.0,112.0,0.0,0.0,2.0,112.0
qwen25_15b,823,msc_valid,38,lexical_tfidf,0.2,56,2.0625,115.5,0.0,0.0,2.0625,115.5
qwen25_15b,823,msc_valid,38,recency_keep_compress_drop,0.2,56,2.017857142857143,113.0,0.0,0.0,2.017857142857143,113.0
qwen25_15b,823,msc_valid,38,uniform,0.35,56,2.0892857142857144,117.0,0.0,0.0,2.0892857142857144,117.0
qwen25_15b,823,msc_valid,38,longllmlingua,0.35,56,2.0892857142857144,117.0,0.0,0.0,2.0892857142857144,117.0
qwen25_15b,823,msc_valid,38,recency,0.35,56,2.0089285714285716,112.5,0.0,0.0,2.0089285714285716,112.5
qwen25_15b,823,msc_valid,38,lexical_tfidf,0.35,56,2.0535714285714284,115.0,0.0,0.0,2.0535714285714284,115.0
qwen25_15b,823,msc_valid,38,recency_keep_compress_drop,0.35,56,1.9821428571428572,111.0,0.0,0.0,1.9821428571428572,111.0
qwen25_15b,823,msc_valid,38,uniform,0.5,56,1.9732142857142858,110.5,0.0,0.0,1.9732142857142858,110.5
qwen25_15b,823,msc_valid,38,longllmlingua,0.5,56,2.0892857142857144,117.0,0.0,0.0,2.0892857142857144,117.0
qwen25_15b,823,msc_valid,38,recency,0.5,56,2.0,112.0,0.0,0.0,2.0,112.0
qwen25_15b,823,msc_valid,38,lexical_tfidf,0.5,56,2.0089285714285716,112.5,0.0,0.0,2.0089285714285716,112.5
qwen25_15b,823,msc_valid,38,recency_keep_compress_drop,0.5,56,1.9642857142857142,110.0,0.0,0.0,1.9642857142857142,110.0
qwen25_15b,823,msc_valid,42,uniform,0.2,30,1.5916666666666666,47.75,0.0,0.0,1.5916666666666666,47.75
qwen25_15b,823,msc_valid,42,longllmlingua,0.2,30,1.575,47.25,0.0,0.0,1.575,47.25
qwen25_15b,823,msc_valid,42,recency,0.2,30,1.6083333333333334,48.25,0.0,0.0,1.6083333333333334,48.25
qwen25_15b,823,msc_valid,42,lexical_tfidf,0.2,30,1.6,48.0,0.0,0.0,1.6,48.0
qwen25_15b,823,msc_valid,42,recency_keep_compress_drop,0.2,30,1.6,48.0,0.0,0.0,1.6,48.0
qwen25_15b,823,msc_valid,42,uniform,0.35,30,1.5833333333333333,47.5,0.0,0.0,1.5833333333333333,47.5
qwen25_15b,823,msc_valid,42,longllmlingua,0.35,30,1.5583333333333333,46.75,0.0,0.0,1.5583333333333333,46.75
qwen25_15b,823,msc_valid,42,recency,0.35,30,1.6166666666666667,48.5,0.0,0.0,1.6166666666666667,48.5
qwen25_15b,823,msc_valid,42,lexical_tfidf,0.35,30,1.6,48.0,0.0,0.0,1.6,48.0
qwen25_15b,823,msc_valid,42,recency_keep_compress_drop,0.35,30,1.6333333333333333,49.0,0.0,0.0,1.6333333333333333,49.0
qwen25_15b,823,msc_valid,42,uniform,0.5,30,1.6166666666666667,48.5,0.0,0.0,1.6166666666666667,48.5
qwen25_15b,823,msc_valid,42,longllmlingua,0.5,30,1.6583333333333334,49.75,0.0,0.0,1.6583333333333334,49.75
qwen25_15b,823,msc_valid,42,recency,0.5,30,1.6083333333333334,48.25,0.0,0.0,1.6083333333333334,48.25
qwen25_15b,823,msc_valid,42,lexical_tfidf,0.5,30,1.5833333333333333,47.5,0.0,0.0,1.5833333333333333,47.5
qwen25_15b,823,msc_valid,42,recency_keep_compress_drop,0.5,30,1.6083333333333334,48.25,0.0,0.0,1.6083333333333334,48.25
qwen25_15b,823,msc_valid,46,uniform,0.2,27,1.4074074074074074,38.0,0.0,0.0,1.4074074074074074,38.0
qwen25_15b,823,msc_valid,46,longllmlingua,0.2,27,1.4074074074074074,38.0,0.0,0.0,1.4074074074074074,38.0
qwen25_15b,823,msc_valid,46,recency,0.2,27,1.5,40.5,0.0,0.0,1.5,40.5
qwen25_15b,823,msc_valid,46,lexical_tfidf,0.2,27,1.5462962962962963,41.75,0.0,0.0,1.5462962962962963,41.75
qwen25_15b,823,msc_valid,46,recency_keep_compress_drop,0.2,27,1.4537037037037037,39.25,0.0,0.0,1.4537037037037037,39.25
qwen25_15b,823,msc_valid,46,uniform,0.35,27,1.5185185185185186,41.0,0.0,0.0,1.5185185185185186,41.0
qwen25_15b,823,msc_valid,46,longllmlingua,0.35,27,1.3888888888888888,37.5,0.0,0.0,1.3888888888888888,37.5
qwen25_15b,823,msc_valid,46,recency,0.35,27,1.4722222222222223,39.75,0.0,0.0,1.4722222222222223,39.75
qwen25_15b,823,msc_valid,46,lexical_tfidf,0.35,27,1.4722222222222223,39.75,0.0,0.0,1.4722222222222223,39.75
qwen25_15b,823,msc_valid,46,recency_keep_compress_drop,0.35,27,1.5277777777777777,41.25,0.0,0.0,1.5277777777777777,41.25
qwen25_15b,823,msc_valid,46,uniform,0.5,27,1.4814814814814814,40.0,0.0,0.0,1.4814814814814814,40.0
qwen25_15b,823,msc_valid,46,longllmlingua,0.5,27,1.3703703703703705,37.0,0.0,0.0,1.3703703703703705,37.0
qwen25_15b,823,msc_valid,46,recency,0.5,27,1.462962962962963,39.5,0.0,0.0,1.462962962962963,39.5
qwen25_15b,823,msc_valid,46,lexical_tfidf,0.5,27,1.462962962962963,39.5,0.0,0.0,1.462962962962963,39.5
qwen25_15b,823,msc_valid,46,recency_keep_compress_drop,0.5,27,1.5,40.5,0.0,0.0,1.5,40.5
qwen25_15b,823,msc_valid,50,uniform,0.2,36,2.986111111111111,107.5,0.0,0.0,2.986111111111111,107.5
qwen25_15b,823,msc_valid,50,longllmlingua,0.2,36,3.013888888888889,108.5,0.0,0.0,3.013888888888889,108.5
qwen25_15b,823,msc_valid,50,recency,0.2,36,2.6527777777777777,95.5,0.0,0.0,2.6527777777777777,95.5
qwen25_15b,823,msc_valid,50,lexical_tfidf,0.2,36,2.6805555555555554,96.5,0.0,0.0,2.6805555555555554,96.5
qwen25_15b,823,msc_valid,50,recency_keep_compress_drop,0.2,36,2.625,94.5,0.0,0.0,2.625,94.5
qwen25_15b,823,msc_valid,50,uniform,0.35,36,2.8333333333333335,102.0,0.0,0.0,2.8333333333333335,102.0
qwen25_15b,823,msc_valid,50,longllmlingua,0.35,36,2.888888888888889,104.0,0.0,0.0,2.888888888888889,104.0
qwen25_15b,823,msc_valid,50,recency,0.35,36,2.638888888888889,95.0,0.0,0.0,2.638888888888889,95.0
qwen25_15b,823,msc_valid,50,lexical_tfidf,0.35,36,2.5972222222222223,93.5,0.0,0.0,2.5972222222222223,93.5
qwen25_15b,823,msc_valid,50,recency_keep_compress_drop,0.35,36,2.625,94.5,0.0,0.0,2.625,94.5
qwen25_15b,823,msc_valid,50,uniform,0.5,36,2.7916666666666665,100.5,0.0,0.0,2.7916666666666665,100.5
qwen25_15b,823,msc_valid,50,longllmlingua,0.5,36,2.7777777777777777,100.0,0.0,0.0,2.7777777777777777,100.0
qwen25_15b,823,msc_valid,50,recency,0.5,0,0.0,0.0,0.0,0.0,0.0,0.0
qwen25_15b,823,msc_valid,50,lexical_tfidf,0.5,0,0.0,0.0,0.0,0.0,0.0,0.0
qwen25_15b,823,msc_valid,50,recency_keep_compress_drop,0.5,0,0.0,0.0,0.0,0.0,0.0,0.0
qwen25_15b,823,msc_valid,54,uniform,0.2,28,1.7767857142857142,49.75,0.0,0.0,1.7767857142857142,49.75
qwen25_15b,823,msc_valid,54,longllmlingua,0.2,28,1.8482142857142858,51.75,0.0,0.0,1.8482142857142858,51.75
qwen25_15b,823,msc_valid,54,recency,0.2,28,1.8035714285714286,50.5,0.0,0.0,1.8035714285714286,50.5
qwen25_15b,823,msc_valid,54,lexical_tfidf,0.2,28,1.7232142857142858,48.25,0.0,0.0,1.7232142857142858,48.25
qwen25_15b,823,msc_valid,54,recency_keep_compress_drop,0.2,28,1.7410714285714286,48.75,0.0,0.0,1.7410714285714286,48.75
qwen25_15b,823,msc_valid,54,uniform,0.35,28,1.8035714285714286,50.5,0.0,0.0,1.8035714285714286,50.5
qwen25_15b,823,msc_valid,54,longllmlingua,0.35,28,1.875,52.5,0.0,0.0,1.875,52.5
qwen25_15b,823,msc_valid,54,recency,0.35,0,0.0,0.0,0.0,0.0,0.0,0.0
qwen25_15b,823,msc_valid,54,lexical_tfidf,0.35,0,0.0,0.0,0.0,0.0,0.0,0.0
qwen25_15b,823,msc_valid,54,recency_keep_compress_drop,0.35,0,0.0,0.0,0.0,0.0,0.0,0.0
qwen25_15b,823,msc_valid,54,uniform,0.5,28,1.8125,50.75,0.0,0.0,1.8125,50.75
qwen25_15b,823,msc_valid,54,longllmlingua,0.5,28,1.8303571428571428,51.25,0.0,0.0,1.8303571428571428,51.25
qwen25_15b,823,msc_valid,54,recency,0.5,0,0.0,0.0,0.0,0.0,0.0,0.0
qwen25_15b,823,msc_valid,54,lexical_tfidf,0.5,0,0.0,0.0,0.0,0.0,0.0,0.0
qwen25_15b,823,msc_valid,54,recency_keep_compress_drop,0.5,0,0.0,0.0,0.0,0.0,0.0,0.0
qwen25_15b,823,msc_valid,58,uniform,0.2,36,3.2916666666666665,118.5,0.0,0.0,3.2916666666666665,118.5
qwen25_15b,823,msc_valid,58,longllmlingua,0.2,36,3.3194444444444446,119.5,0.0,0.0,3.3194444444444446,119.5
qwen25_15b,823,msc_valid,58,recency,0.2,0,0.0,0.0,0.0,0.0,0.0,0.0
qwen25_15b,823,msc_valid,58,lexical_tfidf,0.2,0,0.0,0.0,0.0,0.0,0.0,0.0
qwen25_15b,823,msc_valid,58,recency_keep_compress_drop,0.2,0,0.0,0.0,0.0,0.0,0.0,0.0
qwen25_15b,823,msc_valid,58,uniform,0.35,36,3.25,117.0,0.0,0.0,3.25,117.0
qwen25_15b,823,msc_valid,58,longllmlingua,0.35,36,3.3194444444444446,119.5,0.0,0.0,3.3194444444444446,119.5
qwen25_15b,823,msc_valid,58,recency,0.35,0,0.0,0.0,0.0,0.0,0.0,0.0
qwen25_15b,823,msc_valid,58,lexical_tfidf,0.35,0,0.0,0.0,0.0,0.0,0.0,0.0
qwen25_15b,823,msc_valid,58,recency_keep_compress_drop,0.35,0,0.0,0.0,0.0,0.0,0.0,0.0
qwen25_15b,823,msc_valid,58,uniform,0.5,36,3.263888888888889,117.5,0.0,0.0,3.263888888888889,117.5
qwen25_15b,823,msc_valid,58,longllmlingua,0.5,36,3.361111111111111,121.0,0.0,0.0,3.361111111111111,121.0
qwen25_15b,823,msc_valid,58,recency,0.5,0,0.0,0.0,0.0,0.0,0.0,0.0
qwen25_15b,823,msc_valid,58,lexical_tfidf,0.5,0,0.0,0.0,0.0,0.0,0.0,0.0
qwen25_15b,823,msc_valid,58,recency_keep_compress_drop,0.5,0,0.0,0.0,0.0,0.0,0.0,0.0
qwen25_15b,823,msc_valid,62,uniform,0.2,31,2.838709677419355,88.0,0.0,0.0,2.838709677419355,88.0
qwen25_15b,823,msc_valid,62,longllmlingua,0.2,31,2.903225806451613,90.0,0.0,0.0,2.903225806451613,90.0
qwen25_15b,823,msc_valid,62,recency,0.2,0,0.0,0.0,0.0,0.0,0.0,0.0
qwen25_15b,823,msc_valid,62,lexical_tfidf,0.2,0,0.0,0.0,0.0,0.0,0.0,0.0
qwen25_15b,823,msc_valid,62,recency_keep_compress_drop,0.2,0,0.0,0.0,0.0,0.0,0.0,0.0
qwen25_15b,823,msc_valid,62,uniform,0.35,31,2.806451612903226,87.0,0.0,0.0,2.806451612903226,87.0
qwen25_15b,823,msc_valid,62,longllmlingua,0.35,31,2.8870967741935485,89.5,0.0,0.0,2.8870967741935485,89.5
qwen25_15b,823,msc_valid,62,recency,0.35,0,0.0,0.0,0.0,0.0,0.0,0.0
qwen25_15b,823,msc_valid,62,lexical_tfidf,0.35,0,0.0,0.0,0.0,0.0,0.0,0.0
qwen25_15b,823,msc_valid,62,recency_keep_compress_drop,0.35,0,0.0,0.0,0.0,0.0,0.0,0.0
qwen25_15b,823,msc_valid,62,uniform,0.5,31,2.8870967741935485,89.5,0.0,0.0,2.8870967741935485,89.5
qwen25_15b,823,msc_valid,62,longllmlingua,0.5,31,2.870967741935484,89.0,0.0,0.0,2.870967741935484,89.0
qwen25_15b,823,msc_valid,62,recency,0.5,0,0.0,0.0,0.0,0.0,0.0,0.0
qwen25_15b,823,msc_valid,62,lexical_tfidf,0.5,0,0.0,0.0,0.0,0.0,0.0,0.0
qwen25_15b,823,msc_valid,62,recency_keep_compress_drop,0.5,0,0.0,0.0,0.0,0.0,0.0,0.0
qwen25_15b,846,msc_valid,4,uniform,0.2,16,5.125,82.0,5.03125,80.5,0.09375,1.5
qwen25_15b,846,msc_valid,4,longllmlingua,0.2,16,4.625,74.0,5.03125,80.5,-0.40625,-6.5
qwen25_15b,846,msc_valid,4,recency,0.2,16,5.125,82.0,5.03125,80.5,0.09375,1.5
qwen25_15b,846,msc_valid,4,lexical_tfidf,0.2,16,5.125,82.0,5.03125,80.5,0.09375,1.5
qwen25_15b,846,msc_valid,4,recency_keep_compress_drop,0.2,16,5.125,82.0,5.03125,80.5,0.09375,1.5
qwen25_15b,846,msc_valid,4,uniform,0.35,16,4.90625,78.5,5.03125,80.5,-0.125,-2.0
qwen25_15b,846,msc_valid,4,longllmlingua,0.35,16,4.4375,71.0,5.03125,80.5,-0.59375,-9.5
qwen25_15b,846,msc_valid,4,recency,0.35,16,4.90625,78.5,5.03125,80.5,-0.125,-2.0
qwen25_15b,846,msc_valid,4,lexical_tfidf,0.35,16,4.90625,78.5,5.03125,80.5,-0.125,-2.0
qwen25_15b,846,msc_valid,4,recency_keep_compress_drop,0.35,16,4.90625,78.5,5.03125,80.5,-0.125,-2.0
qwen25_15b,846,msc_valid,4,uniform,0.5,16,4.90625,78.5,5.03125,80.5,-0.125,-2.0
qwen25_15b,846,msc_valid,4,longllmlingua,0.5,16,4.46875,71.5,5.03125,80.5,-0.5625,-9.0
qwen25_15b,846,msc_valid,4,recency,0.5,16,4.90625,78.5,5.03125,80.5,-0.125,-2.0
qwen25_15b,846,msc_valid,4,lexical_tfidf,0.5,16,4.90625,78.5,5.03125,80.5,-0.125,-2.0
qwen25_15b,846,msc_valid,4,recency_keep_compress_drop,0.5,16,4.90625,78.5,5.03125,80.5,-0.125,-2.0
qwen25_15b,846,msc_valid,6,uniform,0.2,18,3.9166666666666665,70.5,3.9166666666666665,70.5,0.0,0.0
qwen25_15b,846,msc_valid,6,longllmlingua,0.2,18,3.861111111111111,69.5,3.9166666666666665,70.5,-0.05555555555555536,-1.0
qwen25_15b,846,msc_valid,6,recency,0.2,18,3.9166666666666665,70.5,3.9166666666666665,70.5,0.0,0.0
qwen25_15b,846,msc_valid,6,lexical_tfidf,0.2,18,3.9166666666666665,70.5,3.9166666666666665,70.5,0.0,0.0
qwen25_15b,846,msc_valid,6,recency_keep_compress_drop,0.2,18,3.9166666666666665,70.5,3.9166666666666665,70.5,0.0,0.0
qwen25_15b,846,msc_valid,6,uniform,0.35,18,3.9722222222222223,71.5,3.9166666666666665,70.5,0.0555555555555558,1.0
qwen25_15b,846,msc_valid,6,longllmlingua,0.35,18,3.75,67.5,3.9166666666666665,70.5,-0.16666666666666652,-3.0
qwen25_15b,846,msc_valid,6,recency,0.35,18,3.861111111111111,69.5,3.9166666666666665,70.5,-0.05555555555555536,-1.0
qwen25_15b,846,msc_valid,6,lexical_tfidf,0.35,18,3.861111111111111,69.5,3.9166666666666665,70.5,-0.05555555555555536,-1.0
qwen25_15b,846,msc_valid,6,recency_keep_compress_drop,0.35,18,3.861111111111111,69.5,3.9166666666666665,70.5,-0.05555555555555536,-1.0
qwen25_15b,846,msc_valid,6,uniform,0.5,18,3.9722222222222223,71.5,3.9166666666666665,70.5,0.0555555555555558,1.0
qwen25_15b,846,msc_valid,6,longllmlingua,0.5,18,3.7777777777777777,68.0,3.9166666666666665,70.5,-0.13888888888888884,-2.5
qwen25_15b,846,msc_valid,6,recency,0.5,18,3.9722222222222223,71.5,3.9166666666666665,70.5,0.0555555555555558,1.0
qwen25_15b,846,msc_valid,6,lexical_tfidf,0.5,18,3.9722222222222223,71.5,3.9166666666666665,70.5,0.0555555555555558,1.0
qwen25_15b,846,msc_valid,6,recency_keep_compress_drop,0.5,18,3.861111111111111,69.5,3.9166666666666665,70.5,-0.05555555555555536,-1.0
qwen25_15b,846,msc_valid,8,uniform,0.2,17,2.6911764705882355,45.75,2.6029411764705883,44.25,0.08823529411764719,1.5
qwen25_15b,846,msc_valid,8,longllmlingua,0.2,17,2.6323529411764706,44.75,2.6029411764705883,44.25,0.02941176470588225,0.5
qwen25_15b,846,msc_valid,8,recency,0.2,17,2.8823529411764706,49.0,2.6029411764705883,44.25,0.27941176470588225,4.75
qwen25_15b,846,msc_valid,8,lexical_tfidf,0.2,17,2.6911764705882355,45.75,2.6029411764705883,44.25,0.08823529411764719,1.5
qwen25_15b,846,msc_valid,8,recency_keep_compress_drop,0.2,17,2.8823529411764706,49.0,2.6029411764705883,44.25,0.27941176470588225,4.75
qwen25_15b,846,msc_valid,8,uniform,0.35,17,2.7058823529411766,46.0,2.6029411764705883,44.25,0.10294117647058831,1.75
qwen25_15b,846,msc_valid,8,longllmlingua,0.35,17,2.7058823529411766,46.0,2.6029411764705883,44.25,0.10294117647058831,1.75
qwen25_15b,846,msc_valid,8,recency,0.35,17,2.735294117647059,46.5,2.6029411764705883,44.25,0.13235294117647056,2.25
qwen25_15b,846,msc_valid,8,lexical_tfidf,0.35,17,2.7058823529411766,46.0,2.6029411764705883,44.25,0.10294117647058831,1.75
qwen25_15b,846,msc_valid,8,recency_keep_compress_drop,0.35,17,2.6911764705882355,45.75,2.6029411764705883,44.25,0.08823529411764719,1.5
qwen25_15b,846,msc_valid,8,uniform,0.5,17,2.7058823529411766,46.0,2.6029411764705883,44.25,0.10294117647058831,1.75
qwen25_15b,846,msc_valid,8,longllmlingua,0.5,17,2.6176470588235294,44.5,2.6029411764705883,44.25,0.014705882352941124,0.25
qwen25_15b,846,msc_valid,8,recency,0.5,17,2.588235294117647,44.0,2.6029411764705883,44.25,-0.014705882352941124,-0.25
qwen25_15b,846,msc_valid,8,lexical_tfidf,0.5,17,2.7058823529411766,46.0,2.6029411764705883,44.25,0.10294117647058831,1.75
qwen25_15b,846,msc_valid,8,recency_keep_compress_drop,0.5,17,2.6323529411764706,44.75,2.6029411764705883,44.25,0.02941176470588225,0.5
qwen25_15b,846,msc_valid,10,uniform,0.2,19,2.0526315789473686,39.0,1.75,33.25,0.3026315789473686,5.75
qwen25_15b,846,msc_valid,10,longllmlingua,0.2,19,1.7105263157894737,32.5,1.75,33.25,-0.03947368421052633,-0.75
qwen25_15b,846,msc_valid,10,recency,0.2,19,1.9078947368421053,36.25,1.75,33.25,0.1578947368421053,3.0
qwen25_15b,846,msc_valid,10,lexical_tfidf,0.2,19,1.9210526315789473,36.5,1.75,33.25,0.17105263157894735,3.25
qwen25_15b,846,msc_valid,10,recency_keep_compress_drop,0.2,19,1.9078947368421053,36.25,1.75,33.25,0.1578947368421053,3.0
qwen25_15b,846,msc_valid,10,uniform,0.35,19,2.026315789473684,38.5,1.75,33.25,0.27631578947368407,5.25
qwen25_15b,846,msc_valid,10,longllmlingua,0.35,19,1.6513157894736843,31.375,1.75,33.25,-0.09868421052631571,-1.875
qwen25_15b,846,msc_valid,10,recency,0.35,19,1.9210526315789473,36.5,1.75,33.25,0.17105263157894735,3.25
qwen25_15b,846,msc_valid,10,lexical_tfidf,0.35,19,1.855263157894737,35.25,1.75,33.25,0.10526315789473695,2.0
qwen25_15b,846,msc_valid,10,recency_keep_compress_drop,0.35,19,1.855263157894737,35.25,1.75,33.25,0.10526315789473695,2.0
qwen25_15b,846,msc_valid,10,uniform,0.5,19,1.986842105263158,37.75,1.75,33.25,0.23684210526315796,4.5
qwen25_15b,846,msc_valid,10,longllmlingua,0.5,19,1.605263157894737,30.5,1.75,33.25,-0.14473684210526305,-2.75
qwen25_15b,846,msc_valid,10,recency,0.5,19,1.7763157894736843,33.75,1.75,33.25,0.026315789473684292,0.5
qwen25_15b,846,msc_valid,10,lexical_tfidf,0.5,19,1.736842105263158,33.0,1.75,33.25,-0.013157894736842035,-0.25
qwen25_15b,846,msc_valid,10,recency_keep_compress_drop,0.5,19,1.7236842105263157,32.75,1.75,33.25,-0.026315789473684292,-0.5
qwen25_15b,846,msc_valid,12,uniform,0.2,9,4.972222222222222,44.75,3.8055555555555554,34.25,1.166666666666667,10.5
qwen25_15b,846,msc_valid,12,longllmlingua,0.2,9,4.666666666666667,42.0,3.8055555555555554,34.25,0.8611111111111116,7.75
qwen25_15b,846,msc_valid,12,recency,0.2,9,4.444444444444445,40.0,3.8055555555555554,34.25,0.6388888888888893,5.75
qwen25_15b,846,msc_valid,12,lexical_tfidf,0.2,9,4.583333333333333,41.25,3.8055555555555554,34.25,0.7777777777777777,7.0
qwen25_15b,846,msc_valid,12,recency_keep_compress_drop,0.2,9,4.583333333333333,41.25,3.8055555555555554,34.25,0.7777777777777777,7.0
qwen25_15b,846,msc_valid,12,uniform,0.35,9,4.861111111111111,43.75,3.8055555555555554,34.25,1.0555555555555554,9.5
qwen25_15b,846,msc_valid,12,longllmlingua,0.35,9,4.694444444444445,42.25,3.8055555555555554,34.25,0.8888888888888893,8.0
qwen25_15b,846,msc_valid,12,recency,0.35,9,4.111111111111111,37.0,3.8055555555555554,34.25,0.30555555555555536,2.75
qwen25_15b,846,msc_valid,12,lexical_tfidf,0.35,9,4.055555555555555,36.5,3.8055555555555554,34.25,0.25,2.25
qwen25_15b,846,msc_valid,12,recency_keep_compress_drop,0.35,9,4.305555555555555,38.75,3.8055555555555554,34.25,0.5,4.5
qwen25_15b,846,msc_valid,12,uniform,0.5,9,4.583333333333333,41.25,3.8055555555555554,34.25,0.7777777777777777,7.0
qwen25_15b,846,msc_valid,12,longllmlingua,0.5,9,4.555555555555555,41.0,3.8055555555555554,34.25,0.75,6.75
qwen25_15b,846,msc_valid,12,recency,0.5,9,3.8333333333333335,34.5,3.8055555555555554,34.25,0.027777777777778123,0.25
qwen25_15b,846,msc_valid,12,lexical_tfidf,0.5,9,3.861111111111111,34.75,3.8055555555555554,34.25,0.0555555555555558,0.5
qwen25_15b,846,msc_valid,12,recency_keep_compress_drop,0.5,9,3.75,33.75,3.8055555555555554,34.25,-0.05555555555555536,-0.5
qwen25_15b,846,msc_valid,14,uniform,0.2,12,2.5833333333333335,31.0,2.0208333333333335,24.25,0.5625,6.75
qwen25_15b,846,msc_valid,14,longllmlingua,0.2,12,1.9270833333333333,23.125,2.0208333333333335,24.25,-0.09375000000000022,-1.125
qwen25_15b,846,msc_valid,14,recency,0.2,12,2.3541666666666665,28.25,2.0208333333333335,24.25,0.33333333333333304,4.0
qwen25_15b,846,msc_valid,14,lexical_tfidf,0.2,12,2.2708333333333335,27.25,2.0208333333333335,24.25,0.25,3.0
qwen25_15b,846,msc_valid,14,recency_keep_compress_drop,0.2,12,2.0416666666666665,24.5,2.0208333333333335,24.25,0.020833333333333037,0.25
qwen25_15b,846,msc_valid,14,uniform,0.35,12,2.34375,28.125,2.0208333333333335,24.25,0.3229166666666665,3.875
qwen25_15b,846,msc_valid,14,longllmlingua,0.35,12,1.8229166666666667,21.875,2.0208333333333335,24.25,-0.19791666666666674,-2.375
qwen25_15b,846,msc_valid,14,recency,0.35,12,2.0416666666666665,24.5,2.0208333333333335,24.25,0.020833333333333037,0.25
qwen25_15b,846,msc_valid,14,lexical_tfidf,0.35,12,1.8958333333333333,22.75,2.0208333333333335,24.25,-0.12500000000000022,-1.5
qwen25_15b,846,msc_valid,14,recency_keep_compress_drop,0.35,12,1.9479166666666667,23.375,2.0208333333333335,24.25,-0.07291666666666674,-0.875
qwen25_15b,846,msc_valid,14,uniform,0.5,12,2.3020833333333335,27.625,2.0208333333333335,24.25,0.28125,3.375
qwen25_15b,846,msc_valid,14,longllmlingua,0.5,12,1.875,22.5,2.0208333333333335,24.25,-0.14583333333333348,-1.75
qwen25_15b,846,msc_valid,14,recency,0.5,12,2.03125,24.375,2.0208333333333335,24.25,0.010416666666666519,0.125
qwen25_15b,846,msc_valid,14,lexical_tfidf,0.5,12,2.0833333333333335,25.0,2.0208333333333335,24.25,0.0625,0.75
qwen25_15b,846,msc_valid,14,recency_keep_compress_drop,0.5,12,2.0416666666666665,24.5,2.0208333333333335,24.25,0.020833333333333037,0.25
qwen25_15b,853,msc_valid,4,uniform,0.2,12,2.0,24.0,1.7708333333333333,21.25,0.22916666666666674,2.75
qwen25_15b,853,msc_valid,4,longllmlingua,0.2,12,1.5416666666666667,18.5,1.7708333333333333,21.25,-0.22916666666666652,-2.75
qwen25_15b,853,msc_valid,4,recency,0.2,12,2.0,24.0,1.7708333333333333,21.25,0.22916666666666674,2.75
qwen25_15b,853,msc_valid,4,lexical_tfidf,0.2,12,2.0,24.0,1.7708333333333333,21.25,0.22916666666666674,2.75
qwen25_15b,853,msc_valid,4,recency_keep_compress_drop,0.2,12,2.0,24.0,1.7708333333333333,21.25,0.22916666666666674,2.75
qwen25_15b,853,msc_valid,4,uniform,0.35,12,1.71875,20.625,1.7708333333333333,21.25,-0.05208333333333326,-0.625
qwen25_15b,853,msc_valid,4,longllmlingua,0.35,12,1.53125,18.375,1.7708333333333333,21.25,-0.23958333333333326,-2.875
qwen25_15b,853,msc_valid,4,recency,0.35,12,1.71875,20.625,1.7708333333333333,21.25,-0.05208333333333326,-0.625
qwen25_15b,853,msc_valid,4,lexical_tfidf,0.35,12,1.71875,20.625,1.7708333333333333,21.25,-0.05208333333333326,-0.625
qwen25_15b,853,msc_valid,4,recency_keep_compress_drop,0.35,12,1.71875,20.625,1.7708333333333333,21.25,-0.05208333333333326,-0.625
qwen25_15b,853,msc_valid,4,uniform,0.5,12,1.71875,20.625,1.7708333333333333,21.25,-0.05208333333333326,-0.625
qwen25_15b,853,msc_valid,4,longllmlingua,0.5,12,1.5104166666666667,18.125,1.7708333333333333,21.25,-0.2604166666666665,-3.125
qwen25_15b,853,msc_valid,4,recency,0.5,12,1.71875,20.625,1.7708333333333333,21.25,-0.05208333333333326,-0.625
qwen25_15b,853,msc_valid,4,lexical_tfidf,0.5,12,1.71875,20.625,1.7708333333333333,21.25,-0.05208333333333326,-0.625
qwen25_15b,853,msc_valid,4,recency_keep_compress_drop,0.5,12,1.71875,20.625,1.7708333333333333,21.25,-0.05208333333333326,-0.625
qwen25_15b,853,msc_valid,8,uniform,0.2,17,3.3529411764705883,57.0,3.264705882352941,55.5,0.08823529411764719,1.5
qwen25_15b,853,msc_valid,8,longllmlingua,0.2,17,3.3970588235294117,57.75,3.264705882352941,55.5,0.13235294117647056,2.25
qwen25_15b,853,msc_valid,8,recency,0.2,17,3.6029411764705883,61.25,3.264705882352941,55.5,0.3382352941176472,5.75
qwen25_15b,853,msc_valid,8,lexical_tfidf,0.2,17,3.4558823529411766,58.75,3.264705882352941,55.5,0.1911764705882355,3.25
qwen25_15b,853,msc_valid,8,recency_keep_compress_drop,0.2,17,3.6029411764705883,61.25,3.264705882352941,55.5,0.3382352941176472,5.75
qwen25_15b,853,msc_valid,8,uniform,0.35,17,3.5441176470588234,60.25,3.264705882352941,55.5,0.27941176470588225,4.75
qwen25_15b,853,msc_valid,8,longllmlingua,0.35,17,3.411764705882353,58.0,3.264705882352941,55.5,0.1470588235294117,2.5
qwen25_15b,853,msc_valid,8,recency,0.35,17,3.3823529411764706,57.5,3.264705882352941,55.5,0.11764705882352944,2.0
qwen25_15b,853,msc_valid,8,lexical_tfidf,0.35,17,3.3823529411764706,57.5,3.264705882352941,55.5,0.11764705882352944,2.0
qwen25_15b,853,msc_valid,8,recency_keep_compress_drop,0.35,17,3.4411764705882355,58.5,3.264705882352941,55.5,0.17647058823529438,3.0
qwen25_15b,853,msc_valid,8,uniform,0.5,17,3.3529411764705883,57.0,3.264705882352941,55.5,0.08823529411764719,1.5
qwen25_15b,853,msc_valid,8,longllmlingua,0.5,17,3.161764705882353,53.75,3.264705882352941,55.5,-0.10294117647058831,-1.75
qwen25_15b,853,msc_valid,8,recency,0.5,17,3.323529411764706,56.5,3.264705882352941,55.5,0.05882352941176494,1.0
qwen25_15b,853,msc_valid,8,lexical_tfidf,0.5,17,3.323529411764706,56.5,3.264705882352941,55.5,0.05882352941176494,1.0
qwen25_15b,853,msc_valid,8,recency_keep_compress_drop,0.5,17,3.25,55.25,3.264705882352941,55.5,-0.014705882352941124,-0.25
qwen25_15b,853,msc_valid,12,uniform,0.2,19,2.8815789473684212,54.75,2.6578947368421053,50.5,0.22368421052631593,4.25
qwen25_15b,853,msc_valid,12,longllmlingua,0.2,19,2.736842105263158,52.0,2.6578947368421053,50.5,0.07894736842105265,1.5
qwen25_15b,853,msc_valid,12,recency,0.2,19,2.723684210526316,51.75,2.6578947368421053,50.5,0.06578947368421062,1.25
qwen25_15b,853,msc_valid,12,lexical_tfidf,0.2,19,2.960526315789474,56.25,2.6578947368421053,50.5,0.3026315789473686,5.75
qwen25_15b,853,msc_valid,12,recency_keep_compress_drop,0.2,19,2.6710526315789473,50.75,2.6578947368421053,50.5,0.013157894736842035,0.25
qwen25_15b,853,msc_valid,12,uniform,0.35,19,2.9210526315789473,55.5,2.6578947368421053,50.5,0.26315789473684204,5.0
qwen25_15b,853,msc_valid,12,longllmlingua,0.35,19,2.6447368421052633,50.25,2.6578947368421053,50.5,-0.013157894736842035,-0.25
qwen25_15b,853,msc_valid,12,recency,0.35,19,2.6842105263157894,51.0,2.6578947368421053,50.5,0.02631578947368407,0.5
qwen25_15b,853,msc_valid,12,lexical_tfidf,0.35,19,2.6447368421052633,50.25,2.6578947368421053,50.5,-0.013157894736842035,-0.25
qwen25_15b,853,msc_valid,12,recency_keep_compress_drop,0.35,19,2.6315789473684212,50.0,2.6578947368421053,50.5,-0.02631578947368407,-0.5
qwen25_15b,853,msc_valid,12,uniform,0.5,19,2.8552631578947367,54.25,2.6578947368421053,50.5,0.19736842105263142,3.75
qwen25_15b,853,msc_valid,12,longllmlingua,0.5,19,2.6447368421052633,50.25,2.6578947368421053,50.5,-0.013157894736842035,-0.25
qwen25_15b,853,msc_valid,12,recency,0.5,19,2.710526315789474,51.5,2.6578947368421053,50.5,0.052631578947368585,1.0
qwen25_15b,853,msc_valid,12,lexical_tfidf,0.5,19,2.6973684210526314,51.25,2.6578947368421053,50.5,0.039473684210526105,0.75
qwen25_15b,853,msc_valid,12,recency_keep_compress_drop,0.5,19,2.6447368421052633,50.25,2.6578947368421053,50.5,-0.013157894736842035,-0.25
qwen25_15b,853,msc_valid,16,uniform,0.2,53,3.4150943396226414,181.0,3.1320754716981134,166.0,0.283018867924528,15.0
qwen25_15b,853,msc_valid,16,longllmlingua,0.2,53,3.2264150943396226,171.0,3.1320754716981134,166.0,0.09433962264150919,5.0
qwen25_15b,853,msc_valid,16,recency,0.2,53,3.30188679245283,175.0,3.1320754716981134,166.0,0.16981132075471672,9.0
qwen25_15b,853,msc_valid,16,lexical_tfidf,0.2,53,3.169811320754717,168.0,3.1320754716981134,166.0,0.037735849056603765,2.0
qwen25_15b,853,msc_valid,16,recency_keep_compress_drop,0.2,53,3.2830188679245285,174.0,3.1320754716981134,166.0,0.15094339622641506,8.0
qwen25_15b,853,msc_valid,16,uniform,0.35,53,3.3207547169811322,176.0,3.1320754716981134,166.0,0.18867924528301883,10.0
qwen25_15b,853,msc_valid,16,longllmlingua,0.35,53,3.207547169811321,170.0,3.1320754716981134,166.0,0.07547169811320753,4.0
qwen25_15b,853,msc_valid,16,recency,0.35,53,3.2641509433962264,173.0,3.1320754716981134,166.0,0.13207547169811296,7.0
qwen25_15b,853,msc_valid,16,lexical_tfidf,0.35,53,3.207547169811321,170.0,3.1320754716981134,166.0,0.07547169811320753,4.0
qwen25_15b,853,msc_valid,16,recency_keep_compress_drop,0.35,53,3.30188679245283,175.0,3.1320754716981134,166.0,0.16981132075471672,9.0
qwen25_15b,853,msc_valid,16,uniform,0.5,53,3.150943396226415,167.0,3.1320754716981134,166.0,0.01886792452830166,1.0
qwen25_15b,853,msc_valid,16,longllmlingua,0.5,53,3.0943396226415096,164.0,3.1320754716981134,166.0,-0.037735849056603765,-2.0
qwen25_15b,853,msc_valid,16,recency,0.5,53,3.2830188679245285,174.0,3.1320754716981134,166.0,0.15094339622641506,8.0
qwen25_15b,853,msc_valid,16,lexical_tfidf,0.5,53,3.1132075471698113,165.0,3.1320754716981134,166.0,-0.018867924528302105,-1.0
qwen25_15b,853,msc_valid,16,recency_keep_compress_drop,0.5,53,3.1320754716981134,166.0,3.1320754716981134,166.0,0.0,0.0
qwen25_15b,853,msc_valid,18,uniform,0.2,43,3.86046511627907,166.0,3.604651162790698,155.0,0.2558139534883721,11.0
qwen25_15b,853,msc_valid,18,longllmlingua,0.2,43,3.7674418604651163,162.0,3.604651162790698,155.0,0.16279069767441845,7.0
qwen25_15b,853,msc_valid,18,recency,0.2,43,3.6744186046511627,158.0,3.604651162790698,155.0,0.0697674418604648,3.0
qwen25_15b,853,msc_valid,18,lexical_tfidf,0.2,43,3.9069767441860463,168.0,3.604651162790698,155.0,0.3023255813953485,13.0
qwen25_15b,853,msc_valid,18,recency_keep_compress_drop,0.2,43,3.697674418604651,159.0,3.604651162790698,155.0,0.09302325581395321,4.0
qwen25_15b,853,msc_valid,18,uniform,0.35,43,3.7209302325581395,160.0,3.604651162790698,155.0,0.11627906976744162,5.0
qwen25_15b,853,msc_valid,18,longllmlingua,0.35,43,3.7906976744186047,163.0,3.604651162790698,155.0,0.18604651162790686,8.0
qwen25_15b,853,msc_valid,18,recency,0.35,43,3.627906976744186,156.0,3.604651162790698,155.0,0.02325581395348797,1.0
qwen25_15b,853,msc_valid,18,lexical_tfidf,0.35,43,3.7209302325581395,160.0,3.604651162790698,155.0,0.11627906976744162,5.0
qwen25_15b,853,msc_valid,18,recency_keep_compress_drop,0.35,43,3.697674418604651,159.0,3.604651162790698,155.0,0.09302325581395321,4.0
qwen25_15b,853,msc_valid,18,uniform,0.5,43,3.6744186046511627,158.0,3.604651162790698,155.0,0.0697674418604648,3.0
qwen25_15b,853,msc_valid,18,longllmlingua,0.5,43,3.7209302325581395,160.0,3.604651162790698,155.0,0.11627906976744162,5.0
qwen25_15b,853,msc_valid,18,recency,0.5,43,3.604651162790698,155.0,3.604651162790698,155.0,0.0,0.0
qwen25_15b,853,msc_valid,18,lexical_tfidf,0.5,43,3.7209302325581395,160.0,3.604651162790698,155.0,0.11627906976744162,5.0
qwen25_15b,853,msc_valid,18,recency_keep_compress_drop,0.5,43,3.558139534883721,153.0,3.604651162790698,155.0,-0.04651162790697683,-2.0
qwen25_15b,853,msc_valid,22,uniform,0.2,78,2.858974358974359,223.0,2.7948717948717947,218.0,0.06410256410256432,5.0
qwen25_15b,853,msc_valid,22,longllmlingua,0.2,78,2.858974358974359,223.0,2.7948717948717947,218.0,0.06410256410256432,5.0
qwen25_15b,853,msc_valid,22,recency,0.2,78,2.8333333333333335,221.0,2.7948717948717947,218.0,0.03846153846153877,3.0
qwen25_15b,853,msc_valid,22,lexical_tfidf,0.2,78,2.8205128205128207,220.0,2.7948717948717947,218.0,0.025641025641025994,2.0
qwen25_15b,853,msc_valid,22,recency_keep_compress_drop,0.2,78,2.8333333333333335,221.0,2.7948717948717947,218.0,0.03846153846153877,3.0
qwen25_15b,853,msc_valid,22,uniform,0.35,78,2.8461538461538463,222.0,2.7948717948717947,218.0,0.051282051282051544,4.0
qwen25_15b,853,msc_valid,22,longllmlingua,0.35,78,2.8461538461538463,222.0,2.7948717948717947,218.0,0.051282051282051544,4.0
qwen25_15b,853,msc_valid,22,recency,0.35,78,2.8076923076923075,219.0,2.7948717948717947,218.0,0.012820512820512775,1.0
qwen25_15b,853,msc_valid,22,lexical_tfidf,0.35,78,2.7948717948717947,218.0,2.7948717948717947,218.0,0.0,0.0
qwen25_15b,853,msc_valid,22,recency_keep_compress_drop,0.35,78,2.8076923076923075,219.0,2.7948717948717947,218.0,0.012820512820512775,1.0
qwen25_15b,853,msc_valid,22,uniform,0.5,78,2.8461538461538463,222.0,2.7948717948717947,218.0,0.051282051282051544,4.0
qwen25_15b,853,msc_valid,22,longllmlingua,0.5,78,2.8461538461538463,222.0,2.7948717948717947,218.0,0.051282051282051544,4.0
qwen25_15b,853,msc_valid,22,recency,0.5,78,2.769230769230769,216.0,2.7948717948717947,218.0,-0.02564102564102555,-2.0
qwen25_15b,853,msc_valid,22,lexical_tfidf,0.5,78,2.8333333333333335,221.0,2.7948717948717947,218.0,0.03846153846153877,3.0
qwen25_15b,853,msc_valid,22,recency_keep_compress_drop,0.5,78,2.7948717948717947,218.0,2.7948717948717947,218.0,0.0,0.0
qwen25_15b,853,msc_valid,26,uniform,0.2,43,2.36046511627907,101.5,2.2790697674418605,98.0,0.08139534883720945,3.5
qwen25_15b,853,msc_valid,26,longllmlingua,0.2,43,2.36046511627907,101.5,2.2790697674418605,98.0,0.08139534883720945,3.5
qwen25_15b,853,msc_valid,26,recency,0.2,43,2.4186046511627906,104.0,2.2790697674418605,98.0,0.13953488372093004,6.0
qwen25_15b,853,msc_valid,26,lexical_tfidf,0.2,43,2.302325581395349,99.0,2.2790697674418605,98.0,0.023255813953488413,1.0
qwen25_15b,853,msc_valid,26,recency_keep_compress_drop,0.2,43,2.441860465116279,105.0,2.2790697674418605,98.0,0.16279069767441845,7.0
qwen25_15b,853,msc_valid,26,uniform,0.35,43,2.302325581395349,99.0,2.2790697674418605,98.0,0.023255813953488413,1.0
qwen25_15b,853,msc_valid,26,longllmlingua,0.35,43,2.3488372093023258,101.0,2.2790697674418605,98.0,0.06976744186046524,3.0
qwen25_15b,853,msc_valid,26,recency,0.35,43,2.383720930232558,102.5,2.2790697674418605,98.0,0.10465116279069742,4.5
qwen25_15b,853,msc_valid,26,lexical_tfidf,0.35,43,2.3372093023255816,100.5,2.2790697674418605,98.0,0.058139534883721034,2.5
qwen25_15b,853,msc_valid,26,recency_keep_compress_drop,0.35,43,2.313953488372093,99.5,2.2790697674418605,98.0,0.03488372093023262,1.5
qwen25_15b,853,msc_valid,26,uniform,0.5,43,2.2674418604651163,97.5,2.2790697674418605,98.0,-0.011627906976744207,-0.5
qwen25_15b,853,msc_valid,26,longllmlingua,0.5,43,2.3255813953488373,100.0,2.2790697674418605,98.0,0.04651162790697683,2.0
qwen25_15b,853,msc_valid,26,recency,0.5,43,2.302325581395349,99.0,2.2790697674418605,98.0,0.023255813953488413,1.0
qwen25_15b,853,msc_valid,26,lexical_tfidf,0.5,43,2.3372093023255816,100.5,2.2790697674418605,98.0,0.058139534883721034,2.5
qwen25_15b,853,msc_valid,26,recency_keep_compress_drop,0.5,43,2.3255813953488373,100.0,2.2790697674418605,98.0,0.04651162790697683,2.0
qwen25_15b,853,msc_valid,30,uniform,0.2,17,1.6985294117647058,28.875,0.0,0.0,1.6985294117647058,28.875
qwen25_15b,853,msc_valid,30,longllmlingua,0.2,17,1.7352941176470589,29.5,0.0,0.0,1.7352941176470589,29.5
qwen25_15b,853,msc_valid,30,recency,0.2,17,1.713235294117647,29.125,0.0,0.0,1.713235294117647,29.125
qwen25_15b,853,msc_valid,30,lexical_tfidf,0.2,17,1.6911764705882353,28.75,0.0,0.0,1.6911764705882353,28.75
qwen25_15b,853,msc_valid,30,recency_keep_compress_drop,0.2,17,1.6691176470588236,28.375,0.0,0.0,1.6691176470588236,28.375
qwen25_15b,853,msc_valid,30,uniform,0.35,17,1.6323529411764706,27.75,0.0,0.0,1.6323529411764706,27.75
qwen25_15b,853,msc_valid,30,longllmlingua,0.35,17,1.7573529411764706,29.875,0.0,0.0,1.7573529411764706,29.875
qwen25_15b,853,msc_valid,30,recency,0.35,17,1.7205882352941178,29.25,0.0,0.0,1.7205882352941178,29.25
qwen25_15b,853,msc_valid,30,lexical_tfidf,0.35,17,1.588235294117647,27.0,0.0,0.0,1.588235294117647,27.0
qwen25_15b,853,msc_valid,30,recency_keep_compress_drop,0.35,17,1.6544117647058822,28.125,0.0,0.0,1.6544117647058822,28.125
qwen25_15b,853,msc_valid,30,uniform,0.5,17,1.5441176470588236,26.25,0.0,0.0,1.5441176470588236,26.25
qwen25_15b,853,msc_valid,30,longllmlingua,0.5,17,1.661764705882353,28.25,0.0,0.0,1.661764705882353,28.25
qwen25_15b,853,msc_valid,30,recency,0.5,17,1.6544117647058822,28.125,0.0,0.0,1.6544117647058822,28.125
qwen25_15b,853,msc_valid,30,lexical_tfidf,0.5,17,1.5955882352941178,27.125,0.0,0.0,1.5955882352941178,27.125
qwen25_15b,853,msc_valid,30,recency_keep_compress_drop,0.5,17,1.6102941176470589,27.375,0.0,0.0,1.6102941176470589,27.375
qwen25_15b,853,msc_valid,34,uniform,0.2,57,2.789473684210526,159.0,0.0,0.0,2.789473684210526,159.0
qwen25_15b,853,msc_valid,34,longllmlingua,0.2,57,2.5964912280701755,148.0,0.0,0.0,2.5964912280701755,148.0
qwen25_15b,853,msc_valid,34,recency,0.2,57,2.508771929824561,143.0,0.0,0.0,2.508771929824561,143.0
qwen25_15b,853,msc_valid,34,lexical_tfidf,0.2,57,2.3859649122807016,136.0,0.0,0.0,2.3859649122807016,136.0
qwen25_15b,853,msc_valid,34,recency_keep_compress_drop,0.2,57,2.754385964912281,157.0,0.0,0.0,2.754385964912281,157.0
qwen25_15b,853,msc_valid,34,uniform,0.35,57,2.754385964912281,157.0,0.0,0.0,2.754385964912281,157.0
qwen25_15b,853,msc_valid,34,longllmlingua,0.35,57,2.526315789473684,144.0,0.0,0.0,2.526315789473684,144.0
qwen25_15b,853,msc_valid,34,recency,0.35,57,2.3859649122807016,136.0,0.0,0.0,2.3859649122807016,136.0
qwen25_15b,853,msc_valid,34,lexical_tfidf,0.35,57,2.2982456140350878,131.0,0.0,0.0,2.2982456140350878,131.0
qwen25_15b,853,msc_valid,34,recency_keep_compress_drop,0.35,57,2.280701754385965,130.0,0.0,0.0,2.280701754385965,130.0
qwen25_15b,853,msc_valid,34,uniform,0.5,57,2.6315789473684212,150.0,0.0,0.0,2.6315789473684212,150.0
qwen25_15b,853,msc_valid,34,longllmlingua,0.5,57,2.456140350877193,140.0,0.0,0.0,2.456140350877193,140.0
qwen25_15b,853,msc_valid,34,recency,0.5,57,2.3157894736842106,132.0,0.0,0.0,2.3157894736842106,132.0
qwen25_15b,853,msc_valid,34,lexical_tfidf,0.5,57,2.280701754385965,130.0,0.0,0.0,2.280701754385965,130.0
qwen25_15b,853,msc_valid,34,recency_keep_compress_drop,0.5,57,2.526315789473684,144.0,0.0,0.0,2.526315789473684,144.0
qwen25_15b,853,msc_valid,38,uniform,0.2,33,3.3181818181818183,109.5,0.0,0.0,3.3181818181818183,109.5
qwen25_15b,853,msc_valid,38,longllmlingua,0.2,33,3.106060606060606,102.5,0.0,0.0,3.106060606060606,102.5
qwen25_15b,853,msc_valid,38,recency,0.2,33,3.257575757575758,107.5,0.0,0.0,3.257575757575758,107.5
qwen25_15b,853,msc_valid,38,lexical_tfidf,0.2,33,3.242424242424242,107.0,0.0,0.0,3.242424242424242,107.0
qwen25_15b,853,msc_valid,38,recency_keep_compress_drop,0.2,33,3.196969696969697,105.5,0.0,0.0,3.196969696969697,105.5
qwen25_15b,853,msc_valid,38,uniform,0.35,33,3.196969696969697,105.5,0.0,0.0,3.196969696969697,105.5
qwen25_15b,853,msc_valid,38,longllmlingua,0.35,33,2.9696969696969697,98.0,0.0,0.0,2.9696969696969697,98.0
qwen25_15b,853,msc_valid,38,recency,0.35,33,3.1818181818181817,105.0,0.0,0.0,3.1818181818181817,105.0
qwen25_15b,853,msc_valid,38,lexical_tfidf,0.35,33,3.1363636363636362,103.5,0.0,0.0,3.1363636363636362,103.5
qwen25_15b,853,msc_valid,38,recency_keep_compress_drop,0.35,33,3.287878787878788,108.5,0.0,0.0,3.287878787878788,108.5
qwen25_15b,853,msc_valid,38,uniform,0.5,33,3.121212121212121,103.0,0.0,0.0,3.121212121212121,103.0
qwen25_15b,853,msc_valid,38,longllmlingua,0.5,33,3.121212121212121,103.0,0.0,0.0,3.121212121212121,103.0
qwen25_15b,853,msc_valid,38,recency,0.5,33,3.212121212121212,106.0,0.0,0.0,3.212121212121212,106.0
qwen25_15b,853,msc_valid,38,lexical_tfidf,0.5,33,3.121212121212121,103.0,0.0,0.0,3.121212121212121,103.0
qwen25_15b,853,msc_valid,38,recency_keep_compress_drop,0.5,33,3.227272727272727,106.5,0.0,0.0,3.227272727272727,106.5
qwen25_15b,853,msc_valid,42,uniform,0.2,46,3.0,138.0,0.0,0.0,3.0,138.0
qwen25_15b,853,msc_valid,42,longllmlingua,0.2,46,2.9565217391304346,136.0,0.0,0.0,2.9565217391304346,136.0
qwen25_15b,853,msc_valid,42,recency,0.2,46,2.891304347826087,133.0,0.0,0.0,2.891304347826087,133.0
qwen25_15b,853,msc_valid,42,lexical_tfidf,0.2,46,2.869565217391304,132.0,0.0,0.0,2.869565217391304,132.0
qwen25_15b,853,msc_valid,42,recency_keep_compress_drop,0.2,46,2.891304347826087,133.0,0.0,0.0,2.891304347826087,133.0
qwen25_15b,853,msc_valid,42,uniform,0.35,46,2.9347826086956523,135.0,0.0,0.0,2.9347826086956523,135.0
qwen25_15b,853,msc_valid,42,longllmlingua,0.35,46,2.9130434782608696,134.0,0.0,0.0,2.9130434782608696,134.0
qwen25_15b,853,msc_valid,42,recency,0.35,46,2.891304347826087,133.0,0.0,0.0,2.891304347826087,133.0
qwen25_15b,853,msc_valid,42,lexical_tfidf,0.35,46,2.891304347826087,133.0,0.0,0.0,2.891304347826087,133.0
qwen25_15b,853,msc_valid,42,recency_keep_compress_drop,0.35,46,2.891304347826087,133.0,0.0,0.0,2.891304347826087,133.0
qwen25_15b,853,msc_valid,42,uniform,0.5,46,2.9130434782608696,134.0,0.0,0.0,2.9130434782608696,134.0
qwen25_15b,853,msc_valid,42,longllmlingua,0.5,46,2.9130434782608696,134.0,0.0,0.0,2.9130434782608696,134.0
qwen25_15b,853,msc_valid,42,recency,0.5,46,2.9130434782608696,134.0,0.0,0.0,2.9130434782608696,134.0
qwen25_15b,853,msc_valid,42,lexical_tfidf,0.5,46,2.869565217391304,132.0,0.0,0.0,2.869565217391304,132.0
qwen25_15b,853,msc_valid,42,recency_keep_compress_drop,0.5,46,2.891304347826087,133.0,0.0,0.0,2.891304347826087,133.0
qwen25_15b,853,msc_valid,46,uniform,0.2,20,2.1125,42.25,0.0,0.0,2.1125,42.25
qwen25_15b,853,msc_valid,46,longllmlingua,0.2,20,2.3125,46.25,0.0,0.0,2.3125,46.25
qwen25_15b,853,msc_valid,46,recency,0.2,20,2.0625,41.25,0.0,0.0,2.0625,41.25
qwen25_15b,853,msc_valid,46,lexical_tfidf,0.2,20,2.025,40.5,0.0,0.0,2.025,40.5
qwen25_15b,853,msc_valid,46,recency_keep_compress_drop,0.2,20,2.0125,40.25,0.0,0.0,2.0125,40.25
qwen25_15b,853,msc_valid,46,uniform,0.35,20,1.9625,39.25,0.0,0.0,1.9625,39.25
qwen25_15b,853,msc_valid,46,longllmlingua,0.35,20,2.2125,44.25,0.0,0.0,2.2125,44.25
qwen25_15b,853,msc_valid,46,recency,0.35,20,1.975,39.5,0.0,0.0,1.975,39.5
qwen25_15b,853,msc_valid,46,lexical_tfidf,0.35,20,1.9375,38.75,0.0,0.0,1.9375,38.75
qwen25_15b,853,msc_valid,46,recency_keep_compress_drop,0.35,20,1.9875,39.75,0.0,0.0,1.9875,39.75
qwen25_15b,853,msc_valid,46,uniform,0.5,20,2.075,41.5,0.0,0.0,2.075,41.5
qwen25_15b,853,msc_valid,46,longllmlingua,0.5,20,2.025,40.5,0.0,0.0,2.025,40.5
qwen25_15b,853,msc_valid,46,recency,0.5,0,0.0,0.0,0.0,0.0,0.0,0.0
qwen25_15b,853,msc_valid,46,lexical_tfidf,0.5,1,2.09375,2.09375,0.0,0.0,2.09375,2.09375
qwen25_15b,853,msc_valid,46,recency_keep_compress_drop,0.5,7,2.875,20.125,0.0,0.0,2.875,20.125
qwen25_15b,853,msc_valid,48,uniform,0.2,25,2.58,64.5,0.0,0.0,2.58,64.5
qwen25_15b,853,msc_valid,48,longllmlingua,0.2,25,2.32,58.0,0.0,0.0,2.32,58.0
qwen25_15b,853,msc_valid,48,recency,0.2,25,1.88,47.0,0.0,0.0,1.88,47.0
qwen25_15b,853,msc_valid,48,lexical_tfidf,0.2,25,1.91,47.75,0.0,0.0,1.91,47.75
qwen25_15b,853,msc_valid,48,recency_keep_compress_drop,0.2,25,1.86,46.5,0.0,0.0,1.86,46.5
qwen25_15b,853,msc_valid,48,uniform,0.35,25,2.52,63.0,0.0,0.0,2.52,63.0
qwen25_15b,853,msc_valid,48,longllmlingua,0.35,25,2.25,56.25,0.0,0.0,2.25,56.25
qwen25_15b,853,msc_valid,48,recency,0.35,25,1.86,46.5,0.0,0.0,1.86,46.5
qwen25_15b,853,msc_valid,48,lexical_tfidf,0.35,25,1.95,48.75,0.0,0.0,1.95,48.75
qwen25_15b,853,msc_valid,48,recency_keep_compress_drop,0.35,25,1.88,47.0,0.0,0.0,1.88,47.0
qwen25_15b,853,msc_valid,48,uniform,0.5,25,2.11,52.75,0.0,0.0,2.11,52.75
qwen25_15b,853,msc_valid,48,longllmlingua,0.5,25,2.22,55.5,0.0,0.0,2.22,55.5
qwen25_15b,853,msc_valid,48,recency,0.5,0,0.0,0.0,0.0,0.0,0.0,0.0
qwen25_15b,853,msc_valid,48,lexical_tfidf,0.5,0,0.0,0.0,0.0,0.0,0.0,0.0
qwen25_15b,853,msc_valid,48,recency_keep_compress_drop,0.5,0,0.0,0.0,0.0,0.0,0.0,0.0
qwen25_15b,853,msc_valid,52,uniform,0.2,31,3.5806451612903225,111.0,0.0,0.0,3.5806451612903225,111.0
qwen25_15b,853,msc_valid,52,longllmlingua,0.2,31,3.596774193548387,111.5,0.0,0.0,3.596774193548387,111.5
qwen25_15b,853,msc_valid,52,recency,0.2,31,3.1774193548387095,98.5,0.0,0.0,3.1774193548387095,98.5
qwen25_15b,853,msc_valid,52,lexical_tfidf,0.2,31,3.2096774193548385,99.5,0.0,0.0,3.2096774193548385,99.5
qwen25_15b,853,msc_valid,52,recency_keep_compress_drop,0.2,31,3.2419354838709675,100.5,0.0,0.0,3.2419354838709675,100.5
qwen25_15b,853,msc_valid,52,uniform,0.35,31,3.5,108.5,0.0,0.0,3.5,108.5
qwen25_15b,853,msc_valid,52,longllmlingua,0.35,31,3.532258064516129,109.5,0.0,0.0,3.532258064516129,109.5
qwen25_15b,853,msc_valid,52,recency,0.35,0,0.0,0.0,0.0,0.0,0.0,0.0
qwen25_15b,853,msc_valid,52,lexical_tfidf,0.35,0,0.0,0.0,0.0,0.0,0.0,0.0
qwen25_15b,853,msc_valid,52,recency_keep_compress_drop,0.35,2,2.9375,5.875,0.0,0.0,2.9375,5.875
qwen25_15b,853,msc_valid,52,uniform,0.5,31,3.2580645161290325,101.0,0.0,0.0,3.2580645161290325,101.0
qwen25_15b,853,msc_valid,52,longllmlingua,0.5,31,3.4193548387096775,106.0,0.0,0.0,3.4193548387096775,106.0
qwen25_15b,853,msc_valid,52,recency,0.5,0,0.0,0.0,0.0,0.0,0.0,0.0
qwen25_15b,853,msc_valid,52,lexical_tfidf,0.5,0,0.0,0.0,0.0,0.0,0.0,0.0
qwen25_15b,853,msc_valid,52,recency_keep_compress_drop,0.5,0,0.0,0.0,0.0,0.0,0.0,0.0
qwen25_15b,853,msc_valid,56,uniform,0.2,54,3.240740740740741,175.0,0.0,0.0,3.240740740740741,175.0
qwen25_15b,853,msc_valid,56,longllmlingua,0.2,54,3.0185185185185186,163.0,0.0,0.0,3.0185185185185186,163.0
qwen25_15b,853,msc_valid,56,recency,0.2,23,2.869565217391304,66.0,0.0,0.0,2.869565217391304,66.0
qwen25_15b,853,msc_valid,56,lexical_tfidf,0.2,54,2.925925925925926,158.0,0.0,0.0,2.925925925925926,158.0
qwen25_15b,853,msc_valid,56,recency_keep_compress_drop,0.2,18,2.7916666666666665,50.25,0.0,0.0,2.7916666666666665,50.25
qwen25_15b,853,msc_valid,56,uniform,0.35,54,3.111111111111111,168.0,0.0,0.0,3.111111111111111,168.0
qwen25_15b,853,msc_valid,56,longllmlingua,0.35,54,3.0185185185185186,163.0,0.0,0.0,3.0185185185185186,163.0
qwen25_15b,853,msc_valid,56,recency,0.35,0,0.0,0.0,0.0,0.0,0.0,0.0
qwen25_15b,853,msc_valid,56,lexical_tfidf,0.35,0,0.0,0.0,0.0,0.0,0.0,0.0
qwen25_15b,853,msc_valid,56,recency_keep_compress_drop,0.35,0,0.0,0.0,0.0,0.0,0.0,0.0
qwen25_15b,853,msc_valid,56,uniform,0.5,54,3.0,162.0,0.0,0.0,3.0,162.0
qwen25_15b,853,msc_valid,56,longllmlingua,0.5,54,2.9814814814814814,161.0,0.0,0.0,2.9814814814814814,161.0
qwen25_15b,853,msc_valid,56,recency,0.5,0,0.0,0.0,0.0,0.0,0.0,0.0
qwen25_15b,853,msc_valid,56,lexical_tfidf,0.5,0,0.0,0.0,0.0,0.0,0.0,0.0
qwen25_15b,853,msc_valid,56,recency_keep_compress_drop,0.5,0,0.0,0.0,0.0,0.0,0.0,0.0
qwen25_15b,853,msc_valid,60,uniform,0.2,77,3.038961038961039,234.0,0.0,0.0,3.038961038961039,234.0
qwen25_15b,853,msc_valid,60,longllmlingua,0.2,77,2.8701298701298703,221.0,0.0,0.0,2.8701298701298703,221.0
qwen25_15b,853,msc_valid,60,recency,0.2,0,0.0,0.0,0.0,0.0,0.0,0.0
qwen25_15b,853,msc_valid,60,lexical_tfidf,0.2,0,0.0,0.0,0.0,0.0,0.0,0.0
qwen25_15b,853,msc_valid,60,recency_keep_compress_drop,0.2,0,0.0,0.0,0.0,0.0,0.0,0.0
qwen25_15b,853,msc_valid,60,uniform,0.35,77,2.909090909090909,224.0,0.0,0.0,2.909090909090909,224.0
qwen25_15b,853,msc_valid,60,longllmlingua,0.35,77,2.8701298701298703,221.0,0.0,0.0,2.8701298701298703,221.0
qwen25_15b,853,msc_valid,60,recency,0.35,0,0.0,0.0,0.0,0.0,0.0,0.0
qwen25_15b,853,msc_valid,60,lexical_tfidf,0.35,0,0.0,0.0,0.0,0.0,0.0,0.0
qwen25_15b,853,msc_valid,60,recency_keep_compress_drop,0.35,0,0.0,0.0,0.0,0.0,0.0,0.0
qwen25_15b,853,msc_valid,60,uniform,0.5,77,2.987012987012987,230.0,0.0,0.0,2.987012987012987,230.0
qwen25_15b,853,msc_valid,60,longllmlingua,0.5,77,2.844155844155844,219.0,0.0,0.0,2.844155844155844,219.0
qwen25_15b,853,msc_valid,60,recency,0.5,0,0.0,0.0,0.0,0.0,0.0,0.0
qwen25_15b,853,msc_valid,60,lexical_tfidf,0.5,0,0.0,0.0,0.0,0.0,0.0,0.0
qwen25_15b,853,msc_valid,60,recency_keep_compress_drop,0.5,0,0.0,0.0,0.0,0.0,0.0,0.0
qwen25_15b,883,msc_valid,4,uniform,0.2,21,3.4761904761904763,73.0,3.4285714285714284,72.0,0.047619047619047894,1.0
qwen25_15b,883,msc_valid,4,longllmlingua,0.2,21,3.238095238095238,68.0,3.4285714285714284,72.0,-0.19047619047619024,-4.0
qwen25_15b,883,msc_valid,4,recency,0.2,21,3.4761904761904763,73.0,3.4285714285714284,72.0,0.047619047619047894,1.0
qwen25_15b,883,msc_valid,4,lexical_tfidf,0.2,21,3.4761904761904763,73.0,3.4285714285714284,72.0,0.047619047619047894,1.0
qwen25_15b,883,msc_valid,4,recency_keep_compress_drop,0.2,21,3.4761904761904763,73.0,3.4285714285714284,72.0,0.047619047619047894,1.0
qwen25_15b,883,msc_valid,4,uniform,0.35,21,3.4761904761904763,73.0,3.4285714285714284,72.0,0.047619047619047894,1.0
qwen25_15b,883,msc_valid,4,longllmlingua,0.35,21,3.238095238095238,68.0,3.4285714285714284,72.0,-0.19047619047619024,-4.0
qwen25_15b,883,msc_valid,4,recency,0.35,21,3.4761904761904763,73.0,3.4285714285714284,72.0,0.047619047619047894,1.0
qwen25_15b,883,msc_valid,4,lexical_tfidf,0.35,21,3.4761904761904763,73.0,3.4285714285714284,72.0,0.047619047619047894,1.0
qwen25_15b,883,msc_valid,4,recency_keep_compress_drop,0.35,21,3.4761904761904763,73.0,3.4285714285714284,72.0,0.047619047619047894,1.0
qwen25_15b,883,msc_valid,4,uniform,0.5,21,3.5714285714285716,75.0,3.4285714285714284,72.0,0.14285714285714324,3.0
qwen25_15b,883,msc_valid,4,longllmlingua,0.5,21,3.119047619047619,65.5,3.4285714285714284,72.0,-0.3095238095238093,-6.5
qwen25_15b,883,msc_valid,4,recency,0.5,21,3.5714285714285716,75.0,3.4285714285714284,72.0,0.14285714285714324,3.0
qwen25_15b,883,msc_valid,4,lexical_tfidf,0.5,21,3.5714285714285716,75.0,3.4285714285714284,72.0,0.14285714285714324,3.0
qwen25_15b,883,msc_valid,4,recency_keep_compress_drop,0.5,21,3.5714285714285716,75.0,3.4285714285714284,72.0,0.14285714285714324,3.0
qwen25_15b,883,msc_valid,8,uniform,0.2,14,3.017857142857143,42.25,2.5892857142857144,36.25,0.4285714285714284,6.0
qwen25_15b,883,msc_valid,8,longllmlingua,0.2,14,3.0357142857142856,42.5,2.5892857142857144,36.25,0.4464285714285712,6.25
qwen25_15b,883,msc_valid,8,recency,0.2,14,2.8392857142857144,39.75,2.5892857142857144,36.25,0.25,3.5
qwen25_15b,883,msc_valid,8,lexical_tfidf,0.2,14,2.8392857142857144,39.75,2.5892857142857144,36.25,0.25,3.5
qwen25_15b,883,msc_valid,8,recency_keep_compress_drop,0.2,14,2.8392857142857144,39.75,2.5892857142857144,36.25,0.25,3.5
qwen25_15b,883,msc_valid,8,uniform,0.35,14,2.9642857142857144,41.5,2.5892857142857144,36.25,0.375,5.25
qwen25_15b,883,msc_valid,8,longllmlingua,0.35,14,3.0714285714285716,43.0,2.5892857142857144,36.25,0.4821428571428572,6.75
qwen25_15b,883,msc_valid,8,recency,0.35,14,2.732142857142857,38.25,2.5892857142857144,36.25,0.1428571428571428,2.0
qwen25_15b,883,msc_valid,8,lexical_tfidf,0.35,14,2.892857142857143,40.5,2.5892857142857144,36.25,0.3035714285714284,4.25
qwen25_15b,883,msc_valid,8,recency_keep_compress_drop,0.35,14,2.625,36.75,2.5892857142857144,36.25,0.03571428571428559,0.5
qwen25_15b,883,msc_valid,8,uniform,0.5,14,2.8035714285714284,39.25,2.5892857142857144,36.25,0.21428571428571397,3.0
qwen25_15b,883,msc_valid,8,longllmlingua,0.5,14,2.8214285714285716,39.5,2.5892857142857144,36.25,0.2321428571428572,3.25
qwen25_15b,883,msc_valid,8,recency,0.5,14,2.5714285714285716,36.0,2.5892857142857144,36.25,-0.017857142857142794,-0.25
qwen25_15b,883,msc_valid,8,lexical_tfidf,0.5,14,2.75,38.5,2.5892857142857144,36.25,0.1607142857142856,2.25
qwen25_15b,883,msc_valid,8,recency_keep_compress_drop,0.5,14,2.5714285714285716,36.0,2.5892857142857144,36.25,-0.017857142857142794,-0.25
qwen25_15b,883,msc_valid,12,uniform,0.2,8,5.5,44.0,4.96875,39.75,0.53125,4.25
qwen25_15b,883,msc_valid,12,longllmlingua,0.2,8,4.875,39.0,4.96875,39.75,-0.09375,-0.75
qwen25_15b,883,msc_valid,12,recency,0.2,8,5.59375,44.75,4.96875,39.75,0.625,5.0
qwen25_15b,883,msc_valid,12,lexical_tfidf,0.2,8,5.375,43.0,4.96875,39.75,0.40625,3.25
qwen25_15b,883,msc_valid,12,recency_keep_compress_drop,0.2,8,5.59375,44.75,4.96875,39.75,0.625,5.0
qwen25_15b,883,msc_valid,12,uniform,0.35,8,5.28125,42.25,4.96875,39.75,0.3125,2.5
qwen25_15b,883,msc_valid,12,longllmlingua,0.35,8,4.5625,36.5,4.96875,39.75,-0.40625,-3.25
qwen25_15b,883,msc_valid,12,recency,0.35,8,5.40625,43.25,4.96875,39.75,0.4375,3.5
qwen25_15b,883,msc_valid,12,lexical_tfidf,0.35,8,5.4375,43.5,4.96875,39.75,0.46875,3.75
qwen25_15b,883,msc_valid,12,recency_keep_compress_drop,0.35,8,5.3125,42.5,4.96875,39.75,0.34375,2.75
qwen25_15b,883,msc_valid,12,uniform,0.5,8,5.28125,42.25,4.96875,39.75,0.3125,2.5
qwen25_15b,883,msc_valid,12,longllmlingua,0.5,8,4.46875,35.75,4.96875,39.75,-0.5,-4.0
qwen25_15b,883,msc_valid,12,recency,0.5,8,5.15625,41.25,4.96875,39.75,0.1875,1.5
qwen25_15b,883,msc_valid,12,lexical_tfidf,0.5,8,5.15625,41.25,4.96875,39.75,0.1875,1.5
qwen25_15b,883,msc_valid,12,recency_keep_compress_drop,0.5,8,4.9375,39.5,4.96875,39.75,-0.03125,-0.25
qwen25_15b,883,msc_valid,16,uniform,0.2,18,5.416666666666667,97.5,4.611111111111111,83.0,0.8055555555555562,14.5
qwen25_15b,883,msc_valid,16,longllmlingua,0.2,18,5.194444444444445,93.5,4.611111111111111,83.0,0.5833333333333339,10.5
qwen25_15b,883,msc_valid,16,recency,0.2,18,5.166666666666667,93.0,4.611111111111111,83.0,0.5555555555555562,10.0
qwen25_15b,883,msc_valid,16,lexical_tfidf,0.2,18,5.777777777777778,104.0,4.611111111111111,83.0,1.166666666666667,21.0
qwen25_15b,883,msc_valid,16,recency_keep_compress_drop,0.2,18,4.916666666666667,88.5,4.611111111111111,83.0,0.30555555555555625,5.5
qwen25_15b,883,msc_valid,16,uniform,0.35,18,5.638888888888889,101.5,4.611111111111111,83.0,1.0277777777777786,18.5
qwen25_15b,883,msc_valid,16,longllmlingua,0.35,18,5.333333333333333,96.0,4.611111111111111,83.0,0.7222222222222223,13.0
qwen25_15b,883,msc_valid,16,recency,0.35,18,4.861111111111111,87.5,4.611111111111111,83.0,0.25,4.5
qwen25_15b,883,msc_valid,16,lexical_tfidf,0.35,18,5.805555555555555,104.5,4.611111111111111,83.0,1.1944444444444446,21.5
qwen25_15b,883,msc_valid,16,recency_keep_compress_drop,0.35,18,4.694444444444445,84.5,4.611111111111111,83.0,0.08333333333333393,1.5
qwen25_15b,883,msc_valid,16,uniform,0.5,18,5.388888888888889,97.0,4.611111111111111,83.0,0.7777777777777786,14.0
qwen25_15b,883,msc_valid,16,longllmlingua,0.5,18,5.138888888888889,92.5,4.611111111111111,83.0,0.5277777777777786,9.5
qwen25_15b,883,msc_valid,16,recency,0.5,18,4.694444444444445,84.5,4.611111111111111,83.0,0.08333333333333393,1.5
qwen25_15b,883,msc_valid,16,lexical_tfidf,0.5,18,5.416666666666667,97.5,4.611111111111111,83.0,0.8055555555555562,14.5
qwen25_15b,883,msc_valid,16,recency_keep_compress_drop,0.5,18,4.638888888888889,83.5,4.611111111111111,83.0,0.027777777777778567,0.5
qwen25_15b,883,msc_valid,20,uniform,0.2,38,4.2894736842105265,163.0,4.105263157894737,156.0,0.18421052631578938,7.0
qwen25_15b,883,msc_valid,20,longllmlingua,0.2,38,4.0,152.0,4.105263157894737,156.0,-0.10526315789473717,-4.0
qwen25_15b,883,msc_valid,20,recency,0.2,38,4.078947368421052,155.0,4.105263157894737,156.0,-0.02631578947368496,-1.0
qwen25_15b,883,msc_valid,20,lexical_tfidf,0.2,38,4.2894736842105265,163.0,4.105263157894737,156.0,0.18421052631578938,7.0
qwen25_15b,883,msc_valid,20,recency_keep_compress_drop,0.2,38,4.184210526315789,159.0,4.105263157894737,156.0,0.07894736842105221,3.0
qwen25_15b,883,msc_valid,20,uniform,0.35,38,4.184210526315789,159.0,4.105263157894737,156.0,0.07894736842105221,3.0
qwen25_15b,883,msc_valid,20,longllmlingua,0.35,38,4.026315789473684,153.0,4.105263157894737,156.0,-0.0789473684210531,-3.0
qwen25_15b,883,msc_valid,20,recency,0.35,38,4.105263157894737,156.0,4.105263157894737,156.0,0.0,0.0
qwen25_15b,883,msc_valid,20,lexical_tfidf,0.35,38,4.078947368421052,155.0,4.105263157894737,156.0,-0.02631578947368496,-1.0
qwen25_15b,883,msc_valid,20,recency_keep_compress_drop,0.35,38,4.105263157894737,156.0,4.105263157894737,156.0,0.0,0.0
qwen25_15b,883,msc_valid,20,uniform,0.5,38,4.157894736842105,158.0,4.105263157894737,156.0,0.05263157894736814,2.0
qwen25_15b,883,msc_valid,20,longllmlingua,0.5,38,4.052631578947368,154.0,4.105263157894737,156.0,-0.05263157894736903,-2.0
qwen25_15b,883,msc_valid,20,recency,0.5,38,4.105263157894737,156.0,4.105263157894737,156.0,0.0,0.0
qwen25_15b,883,msc_valid,20,lexical_tfidf,0.5,38,4.131578947368421,157.0,4.105263157894737,156.0,0.02631578947368407,1.0
qwen25_15b,883,msc_valid,20,recency_keep_compress_drop,0.5,38,4.105263157894737,156.0,4.105263157894737,156.0,0.0,0.0
qwen25_15b,883,msc_valid,24,uniform,0.2,27,3.8333333333333335,103.5,3.5,94.5,0.3333333333333335,9.0
qwen25_15b,883,msc_valid,24,longllmlingua,0.2,27,3.6481481481481484,98.5,3.5,94.5,0.14814814814814836,4.0
qwen25_15b,883,msc_valid,24,recency,0.2,27,3.611111111111111,97.5,3.5,94.5,0.11111111111111116,3.0
qwen25_15b,883,msc_valid,24,lexical_tfidf,0.2,27,3.759259259259259,101.5,3.5,94.5,0.2592592592592591,7.0
qwen25_15b,883,msc_valid,24,recency_keep_compress_drop,0.2,27,3.6481481481481484,98.5,3.5,94.5,0.14814814814814836,4.0
qwen25_15b,883,msc_valid,24,uniform,0.35,27,3.7037037037037037,100.0,3.5,94.5,0.20370370370370372,5.5
qwen25_15b,883,msc_valid,24,longllmlingua,0.35,27,3.5555555555555554,96.0,3.5,94.5,0.05555555555555536,1.5
qwen25_15b,883,msc_valid,24,recency,0.35,27,3.5555555555555554,96.0,3.5,94.5,0.05555555555555536,1.5
qwen25_15b,883,msc_valid,24,lexical_tfidf,0.35,27,3.7962962962962963,102.5,3.5,94.5,0.2962962962962963,8.0
qwen25_15b,883,msc_valid,24,recency_keep_compress_drop,0.35,27,3.4814814814814814,94.0,3.5,94.5,-0.0185185185185186,-0.5
qwen25_15b,883,msc_valid,24,uniform,0.5,27,3.7222222222222223,100.5,3.5,94.5,0.22222222222222232,6.0
qwen25_15b,883,msc_valid,24,longllmlingua,0.5,27,3.5,94.5,3.5,94.5,0.0,0.0
qwen25_15b,883,msc_valid,24,recency,0.5,27,3.537037037037037,95.5,3.5,94.5,0.0370370370370372,1.0
qwen25_15b,883,msc_valid,24,lexical_tfidf,0.5,27,3.6666666666666665,99.0,3.5,94.5,0.16666666666666652,4.5
qwen25_15b,883,msc_valid,24,recency_keep_compress_drop,0.5,27,3.4444444444444446,93.0,3.5,94.5,-0.05555555555555536,-1.5
qwen25_15b,883,msc_valid,28,uniform,0.2,30,2.8833333333333333,86.5,2.7,81.0,0.18333333333333313,5.5
qwen25_15b,883,msc_valid,28,longllmlingua,0.2,30,3.066666666666667,92.0,2.7,81.0,0.3666666666666667,11.0
qwen25_15b,883,msc_valid,28,recency,0.2,30,2.9833333333333334,89.5,2.7,81.0,0.2833333333333332,8.5
qwen25_15b,883,msc_valid,28,lexical_tfidf,0.2,30,2.933333333333333,88.0,2.7,81.0,0.23333333333333295,7.0
qwen25_15b,883,msc_valid,28,recency_keep_compress_drop,0.2,30,2.9166666666666665,87.5,2.7,81.0,0.21666666666666634,6.5
qwen25_15b,883,msc_valid,28,uniform,0.35,30,2.85,85.5,2.7,81.0,0.1499999999999999,4.5
qwen25_15b,883,msc_valid,28,longllmlingua,0.35,30,3.0166666666666666,90.5,2.7,81.0,0.31666666666666643,9.5
qwen25_15b,883,msc_valid,28,recency,0.35,30,2.7666666666666666,83.0,2.7,81.0,0.06666666666666643,2.0
qwen25_15b,883,msc_valid,28,lexical_tfidf,0.35,30,2.8,84.0,2.7,81.0,0.09999999999999964,3.0
qwen25_15b,883,msc_valid,28,recency_keep_compress_drop,0.35,30,2.783333333333333,83.5,2.7,81.0,0.08333333333333304,2.5
qwen25_15b,883,msc_valid,28,uniform,0.5,30,2.816666666666667,84.5,2.7,81.0,0.1166666666666667,3.5
qwen25_15b,883,msc_valid,28,longllmlingua,0.5,30,2.966666666666667,89.0,2.7,81.0,0.2666666666666666,8.0
qwen25_15b,883,msc_valid,28,recency,0.5,30,2.6666666666666665,80.0,2.7,81.0,-0.03333333333333366,-1.0
qwen25_15b,883,msc_valid,28,lexical_tfidf,0.5,30,2.7333333333333334,82.0,2.7,81.0,0.033333333333333215,1.0
qwen25_15b,883,msc_valid,28,recency_keep_compress_drop,0.5,30,2.7666666666666666,83.0,2.7,81.0,0.06666666666666643,2.0
qwen25_15b,883,msc_valid,32,uniform,0.2,37,3.0135135135135136,111.5,2.7162162162162162,100.5,0.29729729729729737,11.0
qwen25_15b,883,msc_valid,32,longllmlingua,0.2,37,3.0675675675675675,113.5,2.7162162162162162,100.5,0.3513513513513513,13.0
qwen25_15b,883,msc_valid,32,recency,0.2,37,2.972972972972973,110.0,2.7162162162162162,100.5,0.2567567567567566,9.5
qwen25_15b,883,msc_valid,32,lexical_tfidf,0.2,37,2.8513513513513513,105.5,2.7162162162162162,100.5,0.1351351351351351,5.0
qwen25_15b,883,msc_valid,32,recency_keep_compress_drop,0.2,37,2.864864864864865,106.0,2.7162162162162162,100.5,0.14864864864864868,5.5
qwen25_15b,883,msc_valid,32,uniform,0.35,37,2.891891891891892,107.0,2.7162162162162162,100.5,0.17567567567567588,6.5
qwen25_15b,883,msc_valid,32,longllmlingua,0.35,37,2.9594594594594597,109.5,2.7162162162162162,100.5,0.24324324324324342,9.0
qwen25_15b,883,msc_valid,32,recency,0.35,37,2.8783783783783785,106.5,2.7162162162162162,100.5,0.16216216216216228,6.0
qwen25_15b,883,msc_valid,32,lexical_tfidf,0.35,37,2.8378378378378377,105.0,2.7162162162162162,100.5,0.12162162162162149,4.5
qwen25_15b,883,msc_valid,32,recency_keep_compress_drop,0.35,37,2.824324324324324,104.5,2.7162162162162162,100.5,0.10810810810810789,4.0
qwen25_15b,883,msc_valid,32,uniform,0.5,37,2.9054054054054053,107.5,2.7162162162162162,100.5,0.18918918918918903,7.0
qwen25_15b,883,msc_valid,32,longllmlingua,0.5,37,2.9324324324324325,108.5,2.7162162162162162,100.5,0.21621621621621623,8.0
qwen25_15b,883,msc_valid,32,recency,0.5,37,2.77027027027027,102.5,2.7162162162162162,100.5,0.054054054054053946,2.0
qwen25_15b,883,msc_valid,32,lexical_tfidf,0.5,37,2.810810810810811,104.0,2.7162162162162162,100.5,0.09459459459459474,3.5
qwen25_15b,883,msc_valid,32,recency_keep_compress_drop,0.5,37,2.7972972972972974,103.5,2.7162162162162162,100.5,0.08108108108108114,3.0
qwen25_15b,883,msc_valid,34,uniform,0.2,27,2.962962962962963,80.0,2.925925925925926,79.0,0.03703703703703676,1.0
qwen25_15b,883,msc_valid,34,longllmlingua,0.2,27,3.0555555555555554,82.5,2.925925925925926,79.0,0.12962962962962932,3.5
qwen25_15b,883,msc_valid,34,recency,0.2,27,3.111111111111111,84.0,2.925925925925926,79.0,0.18518518518518512,5.0
qwen25_15b,883,msc_valid,34,lexical_tfidf,0.2,27,3.0925925925925926,83.5,2.925925925925926,79.0,0.16666666666666652,4.5
qwen25_15b,883,msc_valid,34,recency_keep_compress_drop,0.2,27,2.9444444444444446,79.5,2.925925925925926,79.0,0.0185185185185186,0.5
qwen25_15b,883,msc_valid,34,uniform,0.35,27,2.962962962962963,80.0,2.925925925925926,79.0,0.03703703703703676,1.0
qwen25_15b,883,msc_valid,34,longllmlingua,0.35,27,3.0555555555555554,82.5,2.925925925925926,79.0,0.12962962962962932,3.5
qwen25_15b,883,msc_valid,34,recency,0.35,27,3.0,81.0,2.925925925925926,79.0,0.07407407407407396,2.0
qwen25_15b,883,msc_valid,34,lexical_tfidf,0.35,27,3.0,81.0,2.925925925925926,79.0,0.07407407407407396,2.0
qwen25_15b,883,msc_valid,34,recency_keep_compress_drop,0.35,27,2.962962962962963,80.0,2.925925925925926,79.0,0.03703703703703676,1.0
qwen25_15b,883,msc_valid,34,uniform,0.5,27,2.962962962962963,80.0,2.925925925925926,79.0,0.03703703703703676,1.0
qwen25_15b,883,msc_valid,34,longllmlingua,0.5,27,3.0555555555555554,82.5,2.925925925925926,79.0,0.12962962962962932,3.5
qwen25_15b,883,msc_valid,34,recency,0.5,27,2.9444444444444446,79.5,2.925925925925926,79.0,0.0185185185185186,0.5
qwen25_15b,883,msc_valid,34,lexical_tfidf,0.5,27,2.962962962962963,80.0,2.925925925925926,79.0,0.03703703703703676,1.0
qwen25_15b,883,msc_valid,34,recency_keep_compress_drop,0.5,27,2.9444444444444446,79.5,2.925925925925926,79.0,0.0185185185185186,0.5
qwen25_15b,883,msc_valid,38,uniform,0.2,14,2.5714285714285716,36.0,2.5,35.0,0.07142857142857162,1.0
qwen25_15b,883,msc_valid,38,longllmlingua,0.2,14,2.75,38.5,2.5,35.0,0.25,3.5
qwen25_15b,883,msc_valid,38,recency,0.2,14,2.6785714285714284,37.5,2.5,35.0,0.17857142857142838,2.5
qwen25_15b,883,msc_valid,38,lexical_tfidf,0.2,14,2.607142857142857,36.5,2.5,35.0,0.1071428571428572,1.5
qwen25_15b,883,msc_valid,38,recency_keep_compress_drop,0.2,14,2.7857142857142856,39.0,2.5,35.0,0.2857142857142856,4.0
qwen25_15b,883,msc_valid,38,uniform,0.35,14,2.5714285714285716,36.0,2.5,35.0,0.07142857142857162,1.0
qwen25_15b,883,msc_valid,38,longllmlingua,0.35,14,2.6785714285714284,37.5,2.5,35.0,0.17857142857142838,2.5
qwen25_15b,883,msc_valid,38,recency,0.35,14,2.5357142857142856,35.5,2.5,35.0,0.03571428571428559,0.5
qwen25_15b,883,msc_valid,38,lexical_tfidf,0.35,14,2.5892857142857144,36.25,2.5,35.0,0.08928571428571441,1.25
qwen25_15b,883,msc_valid,38,recency_keep_compress_drop,0.35,14,2.75,38.5,2.5,35.0,0.25,3.5
qwen25_15b,883,msc_valid,38,uniform,0.5,14,2.5357142857142856,35.5,2.5,35.0,0.03571428571428559,0.5
qwen25_15b,883,msc_valid,38,longllmlingua,0.5,14,2.642857142857143,37.0,2.5,35.0,0.1428571428571428,2.0
qwen25_15b,883,msc_valid,38,recency,0.5,14,2.625,36.75,2.5,35.0,0.125,1.75
qwen25_15b,883,msc_valid,38,lexical_tfidf,0.5,14,2.625,36.75,2.5,35.0,0.125,1.75
qwen25_15b,883,msc_valid,38,recency_keep_compress_drop,0.5,14,2.625,36.75,2.5,35.0,0.125,1.75
qwen25_15b,883,msc_valid,42,uniform,0.2,17,4.117647058823529,70.0,0.0,0.0,4.117647058823529,70.0
qwen25_15b,883,msc_valid,42,longllmlingua,0.2,17,4.147058823529412,70.5,0.0,0.0,4.147058823529412,70.5
qwen25_15b,883,msc_valid,42,recency,0.2,17,3.911764705882353,66.5,0.0,0.0,3.911764705882353,66.5
qwen25_15b,883,msc_valid,42,lexical_tfidf,0.2,17,3.676470588235294,62.5,0.0,0.0,3.676470588235294,62.5
qwen25_15b,883,msc_valid,42,recency_keep_compress_drop,0.2,17,3.7941176470588234,64.5,0.0,0.0,3.7941176470588234,64.5
qwen25_15b,883,msc_valid,42,uniform,0.35,17,3.8529411764705883,65.5,0.0,0.0,3.8529411764705883,65.5
qwen25_15b,883,msc_valid,42,longllmlingua,0.35,17,3.9411764705882355,67.0,0.0,0.0,3.9411764705882355,67.0
qwen25_15b,883,msc_valid,42,recency,0.35,17,3.676470588235294,62.5,0.0,0.0,3.676470588235294,62.5
qwen25_15b,883,msc_valid,42,lexical_tfidf,0.35,17,3.7205882352941178,63.25,0.0,0.0,3.7205882352941178,63.25
qwen25_15b,883,msc_valid,42,recency_keep_compress_drop,0.35,17,3.8529411764705883,65.5,0.0,0.0,3.8529411764705883,65.5
qwen25_15b,883,msc_valid,42,uniform,0.5,17,3.823529411764706,65.0,0.0,0.0,3.823529411764706,65.0
qwen25_15b,883,msc_valid,42,longllmlingua,0.5,17,3.8823529411764706,66.0,0.0,0.0,3.8823529411764706,66.0
qwen25_15b,883,msc_valid,42,recency,0.5,17,3.6911764705882355,62.75,0.0,0.0,3.6911764705882355,62.75
qwen25_15b,883,msc_valid,42,lexical_tfidf,0.5,17,3.6911764705882355,62.75,0.0,0.0,3.6911764705882355,62.75
qwen25_15b,883,msc_valid,42,recency_keep_compress_drop,0.5,17,3.7205882352941178,63.25,0.0,0.0,3.7205882352941178,63.25
qwen25_15b,883,msc_valid,46,uniform,0.2,35,3.4857142857142858,122.0,0.0,0.0,3.4857142857142858,122.0
qwen25_15b,883,msc_valid,46,longllmlingua,0.2,35,3.4285714285714284,120.0,0.0,0.0,3.4285714285714284,120.0
qwen25_15b,883,msc_valid,46,recency,0.2,35,3.3857142857142857,118.5,0.0,0.0,3.3857142857142857,118.5
qwen25_15b,883,msc_valid,46,lexical_tfidf,0.2,35,3.442857142857143,120.5,0.0,0.0,3.442857142857143,120.5
qwen25_15b,883,msc_valid,46,recency_keep_compress_drop,0.2,35,3.3285714285714287,116.5,0.0,0.0,3.3285714285714287,116.5
qwen25_15b,883,msc_valid,46,uniform,0.35,35,3.5285714285714285,123.5,0.0,0.0,3.5285714285714285,123.5
qwen25_15b,883,msc_valid,46,longllmlingua,0.35,35,3.357142857142857,117.5,0.0,0.0,3.357142857142857,117.5
qwen25_15b,883,msc_valid,46,recency,0.35,35,3.3714285714285714,118.0,0.0,0.0,3.3714285714285714,118.0
qwen25_15b,883,msc_valid,46,lexical_tfidf,0.35,35,3.2142857142857144,112.5,0.0,0.0,3.2142857142857144,112.5
qwen25_15b,883,msc_valid,46,recency_keep_compress_drop,0.35,35,3.2714285714285714,114.5,0.0,0.0,3.2714285714285714,114.5
qwen25_15b,883,msc_valid,46,uniform,0.5,35,3.4714285714285715,121.5,0.0,0.0,3.4714285714285715,121.5
qwen25_15b,883,msc_valid,46,longllmlingua,0.5,35,3.3285714285714287,116.5,0.0,0.0,3.3285714285714287,116.5
qwen25_15b,883,msc_valid,46,recency,0.5,35,3.257142857142857,114.0,0.0,0.0,3.257142857142857,114.0
qwen25_15b,883,msc_valid,46,lexical_tfidf,0.5,35,3.2714285714285714,114.5,0.0,0.0,3.2714285714285714,114.5
qwen25_15b,883,msc_valid,46,recency_keep_compress_drop,0.5,35,3.2285714285714286,113.0,0.0,0.0,3.2285714285714286,113.0
qwen25_15b,883,msc_valid,50,uniform,0.2,24,2.7083333333333335,65.0,0.0,0.0,2.7083333333333335,65.0
qwen25_15b,883,msc_valid,50,longllmlingua,0.2,24,2.7083333333333335,65.0,0.0,0.0,2.7083333333333335,65.0
qwen25_15b,883,msc_valid,50,recency,0.2,24,2.3541666666666665,56.5,0.0,0.0,2.3541666666666665,56.5
qwen25_15b,883,msc_valid,50,lexical_tfidf,0.2,24,2.46875,59.25,0.0,0.0,2.46875,59.25
qwen25_15b,883,msc_valid,50,recency_keep_compress_drop,0.2,24,2.6354166666666665,63.25,0.0,0.0,2.6354166666666665,63.25
qwen25_15b,883,msc_valid,50,uniform,0.35,24,2.7708333333333335,66.5,0.0,0.0,2.7708333333333335,66.5
qwen25_15b,883,msc_valid,50,longllmlingua,0.35,24,2.6145833333333335,62.75,0.0,0.0,2.6145833333333335,62.75
qwen25_15b,883,msc_valid,50,recency,0.35,24,2.2916666666666665,55.0,0.0,0.0,2.2916666666666665,55.0
qwen25_15b,883,msc_valid,50,lexical_tfidf,0.35,24,2.4270833333333335,58.25,0.0,0.0,2.4270833333333335,58.25
qwen25_15b,883,msc_valid,50,recency_keep_compress_drop,0.35,24,2.6875,64.5,0.0,0.0,2.6875,64.5
qwen25_15b,883,msc_valid,50,uniform,0.5,24,2.7291666666666665,65.5,0.0,0.0,2.7291666666666665,65.5
qwen25_15b,883,msc_valid,50,longllmlingua,0.5,24,2.5625,61.5,0.0,0.0,2.5625,61.5
qwen25_15b,883,msc_valid,50,recency,0.5,24,2.3333333333333335,56.0,0.0,0.0,2.3333333333333335,56.0
qwen25_15b,883,msc_valid,50,lexical_tfidf,0.5,24,2.4479166666666665,58.75,0.0,0.0,2.4479166666666665,58.75
qwen25_15b,883,msc_valid,50,recency_keep_compress_drop,0.5,24,2.65625,63.75,0.0,0.0,2.65625,63.75
qwen25_15b,883,msc_valid,54,uniform,0.2,46,2.869565217391304,132.0,0.0,0.0,2.869565217391304,132.0
qwen25_15b,883,msc_valid,54,longllmlingua,0.2,46,2.869565217391304,132.0,0.0,0.0,2.869565217391304,132.0
qwen25_15b,883,msc_valid,54,recency,0.2,46,2.869565217391304,132.0,0.0,0.0,2.869565217391304,132.0
qwen25_15b,883,msc_valid,54,lexical_tfidf,0.2,46,2.869565217391304,132.0,0.0,0.0,2.869565217391304,132.0
qwen25_15b,883,msc_valid,54,recency_keep_compress_drop,0.2,46,2.9130434782608696,134.0,0.0,0.0,2.9130434782608696,134.0
qwen25_15b,883,msc_valid,54,uniform,0.35,46,2.891304347826087,133.0,0.0,0.0,2.891304347826087,133.0
qwen25_15b,883,msc_valid,54,longllmlingua,0.35,46,2.869565217391304,132.0,0.0,0.0,2.869565217391304,132.0
qwen25_15b,883,msc_valid,54,recency,0.35,46,2.869565217391304,132.0,0.0,0.0,2.869565217391304,132.0
qwen25_15b,883,msc_valid,54,lexical_tfidf,0.35,46,2.847826086956522,131.0,0.0,0.0,2.847826086956522,131.0
qwen25_15b,883,msc_valid,54,recency_keep_compress_drop,0.35,46,2.869565217391304,132.0,0.0,0.0,2.869565217391304,132.0
qwen25_15b,883,msc_valid,54,uniform,0.5,46,2.847826086956522,131.0,0.0,0.0,2.847826086956522,131.0
qwen25_15b,883,msc_valid,54,longllmlingua,0.5,46,2.869565217391304,132.0,0.0,0.0,2.869565217391304,132.0
qwen25_15b,883,msc_valid,54,recency,0.5,46,2.891304347826087,133.0,0.0,0.0,2.891304347826087,133.0
qwen25_15b,883,msc_valid,54,lexical_tfidf,0.5,46,2.847826086956522,131.0,0.0,0.0,2.847826086956522,131.0
qwen25_15b,883,msc_valid,54,recency_keep_compress_drop,0.5,46,2.869565217391304,132.0,0.0,0.0,2.869565217391304,132.0
qwen25_15b,883,msc_valid,58,uniform,0.2,46,3.347826086956522,154.0,0.0,0.0,3.347826086956522,154.0
qwen25_15b,883,msc_valid,58,longllmlingua,0.2,46,3.347826086956522,154.0,0.0,0.0,3.347826086956522,154.0
qwen25_15b,883,msc_valid,58,recency,0.2,46,3.239130434782609,149.0,0.0,0.0,3.239130434782609,149.0
qwen25_15b,883,msc_valid,58,lexical_tfidf,0.2,46,3.239130434782609,149.0,0.0,0.0,3.239130434782609,149.0
qwen25_15b,883,msc_valid,58,recency_keep_compress_drop,0.2,46,3.1956521739130435,147.0,0.0,0.0,3.1956521739130435,147.0
qwen25_15b,883,msc_valid,58,uniform,0.35,46,3.3260869565217392,153.0,0.0,0.0,3.3260869565217392,153.0
qwen25_15b,883,msc_valid,58,longllmlingua,0.35,46,3.347826086956522,154.0,0.0,0.0,3.347826086956522,154.0
qwen25_15b,883,msc_valid,58,recency,0.35,0,0.0,0.0,0.0,0.0,0.0,0.0
qwen25_15b,883,msc_valid,58,lexical_tfidf,0.35,0,0.0,0.0,0.0,0.0,0.0,0.0
qwen25_15b,883,msc_valid,58,recency_keep_compress_drop,0.35,0,0.0,0.0,0.0,0.0,0.0,0.0
qwen25_15b,883,msc_valid,58,uniform,0.5,46,3.3043478260869565,152.0,0.0,0.0,3.3043478260869565,152.0
qwen25_15b,883,msc_valid,58,longllmlingua,0.5,46,3.3260869565217392,153.0,0.0,0.0,3.3260869565217392,153.0
qwen25_15b,883,msc_valid,58,recency,0.5,0,0.0,0.0,0.0,0.0,0.0,0.0
qwen25_15b,883,msc_valid,58,lexical_tfidf,0.5,0,0.0,0.0,0.0,0.0,0.0,0.0
qwen25_15b,883,msc_valid,58,recency_keep_compress_drop,0.5,0,0.0,0.0,0.0,0.0,0.0,0.0
qwen25_15b,883,msc_valid,62,uniform,0.2,56,2.267857142857143,127.0,0.0,0.0,2.267857142857143,127.0
qwen25_15b,883,msc_valid,62,longllmlingua,0.2,56,2.3392857142857144,131.0,0.0,0.0,2.3392857142857144,131.0
qwen25_15b,883,msc_valid,62,recency,0.2,0,0.0,0.0,0.0,0.0,0.0,0.0
qwen25_15b,883,msc_valid,62,lexical_tfidf,0.2,0,0.0,0.0,0.0,0.0,0.0,0.0
qwen25_15b,883,msc_valid,62,recency_keep_compress_drop,0.2,0,0.0,0.0,0.0,0.0,0.0,0.0
qwen25_15b,883,msc_valid,62,uniform,0.35,56,2.267857142857143,127.0,0.0,0.0,2.267857142857143,127.0
qwen25_15b,883,msc_valid,62,longllmlingua,0.35,56,2.267857142857143,127.0,0.0,0.0,2.267857142857143,127.0
qwen25_15b,883,msc_valid,62,recency,0.35,0,0.0,0.0,0.0,0.0,0.0,0.0
qwen25_15b,883,msc_valid,62,lexical_tfidf,0.35,0,0.0,0.0,0.0,0.0,0.0,0.0
qwen25_15b,883,msc_valid,62,recency_keep_compress_drop,0.35,0,0.0,0.0,0.0,0.0,0.0,0.0
qwen25_15b,883,msc_valid,62,uniform,0.5,56,2.25,126.0,0.0,0.0,2.25,126.0
qwen25_15b,883,msc_valid,62,longllmlingua,0.5,56,2.1964285714285716,123.0,0.0,0.0,2.1964285714285716,123.0
qwen25_15b,883,msc_valid,62,recency,0.5,0,0.0,0.0,0.0,0.0,0.0,0.0
qwen25_15b,883,msc_valid,62,lexical_tfidf,0.5,0,0.0,0.0,0.0,0.0,0.0,0.0
qwen25_15b,883,msc_valid,62,recency_keep_compress_drop,0.5,0,0.0,0.0,0.0,0.0,0.0,0.0
qwen25_15b,903,msc_valid,4,uniform,0.2,15,2.6166666666666667,39.25,2.45,36.75,0.16666666666666652,2.5
qwen25_15b,903,msc_valid,4,longllmlingua,0.2,15,2.15,32.25,2.45,36.75,-0.30000000000000027,-4.5
qwen25_15b,903,msc_valid,4,recency,0.2,15,2.6166666666666667,39.25,2.45,36.75,0.16666666666666652,2.5
qwen25_15b,903,msc_valid,4,lexical_tfidf,0.2,15,2.6166666666666667,39.25,2.45,36.75,0.16666666666666652,2.5
qwen25_15b,903,msc_valid,4,recency_keep_compress_drop,0.2,15,2.6166666666666667,39.25,2.45,36.75,0.16666666666666652,2.5
qwen25_15b,903,msc_valid,4,uniform,0.35,15,2.566666666666667,38.5,2.45,36.75,0.1166666666666667,1.75
qwen25_15b,903,msc_valid,4,longllmlingua,0.35,15,2.058333333333333,30.875,2.45,36.75,-0.39166666666666705,-5.875
qwen25_15b,903,msc_valid,4,recency,0.35,15,2.566666666666667,38.5,2.45,36.75,0.1166666666666667,1.75
qwen25_15b,903,msc_valid,4,lexical_tfidf,0.35,15,2.566666666666667,38.5,2.45,36.75,0.1166666666666667,1.75
qwen25_15b,903,msc_valid,4,recency_keep_compress_drop,0.35,15,2.566666666666667,38.5,2.45,36.75,0.1166666666666667,1.75
qwen25_15b,903,msc_valid,4,uniform,0.5,15,2.566666666666667,38.5,2.45,36.75,0.1166666666666667,1.75
qwen25_15b,903,msc_valid,4,longllmlingua,0.5,15,2.05,30.75,2.45,36.75,-0.40000000000000036,-6.0
qwen25_15b,903,msc_valid,4,recency,0.5,15,2.566666666666667,38.5,2.45,36.75,0.1166666666666667,1.75
qwen25_15b,903,msc_valid,4,lexical_tfidf,0.5,15,2.566666666666667,38.5,2.45,36.75,0.1166666666666667,1.75
qwen25_15b,903,msc_valid,4,recency_keep_compress_drop,0.5,15,2.566666666666667,38.5,2.45,36.75,0.1166666666666667,1.75
qwen25_15b,903,msc_valid,6,uniform,0.2,14,2.7857142857142856,39.0,2.892857142857143,40.5,-0.1071428571428572,-1.5
qwen25_15b,903,msc_valid,6,longllmlingua,0.2,14,2.857142857142857,40.0,2.892857142857143,40.5,-0.03571428571428559,-0.5
qwen25_15b,903,msc_valid,6,recency,0.2,14,3.017857142857143,42.25,2.892857142857143,40.5,0.125,1.75
qwen25_15b,903,msc_valid,6,lexical_tfidf,0.2,14,3.017857142857143,42.25,2.892857142857143,40.5,0.125,1.75
qwen25_15b,903,msc_valid,6,recency_keep_compress_drop,0.2,14,3.017857142857143,42.25,2.892857142857143,40.5,0.125,1.75
qwen25_15b,903,msc_valid,6,uniform,0.35,14,2.7857142857142856,39.0,2.892857142857143,40.5,-0.1071428571428572,-1.5
qwen25_15b,903,msc_valid,6,longllmlingua,0.35,14,2.857142857142857,40.0,2.892857142857143,40.5,-0.03571428571428559,-0.5
qwen25_15b,903,msc_valid,6,recency,0.35,14,3.017857142857143,42.25,2.892857142857143,40.5,0.125,1.75
qwen25_15b,903,msc_valid,6,lexical_tfidf,0.35,14,3.017857142857143,42.25,2.892857142857143,40.5,0.125,1.75
qwen25_15b,903,msc_valid,6,recency_keep_compress_drop,0.35,14,3.017857142857143,42.25,2.892857142857143,40.5,0.125,1.75
qwen25_15b,903,msc_valid,6,uniform,0.5,14,2.982142857142857,41.75,2.892857142857143,40.5,0.08928571428571441,1.25
qwen25_15b,903,msc_valid,6,longllmlingua,0.5,14,2.75,38.5,2.892857142857143,40.5,-0.1428571428571428,-2.0
qwen25_15b,903,msc_valid,6,recency,0.5,14,2.9464285714285716,41.25,2.892857142857143,40.5,0.053571428571428825,0.75
qwen25_15b,903,msc_valid,6,lexical_tfidf,0.5,14,2.982142857142857,41.75,2.892857142857143,40.5,0.08928571428571441,1.25
qwen25_15b,903,msc_valid,6,recency_keep_compress_drop,0.5,14,2.857142857142857,40.0,2.892857142857143,40.5,-0.03571428571428559,-0.5
qwen25_15b,903,msc_valid,8,uniform,0.2,12,2.75,33.0,2.8125,33.75,-0.0625,-0.75
qwen25_15b,903,msc_valid,8,longllmlingua,0.2,12,2.5208333333333335,30.25,2.8125,33.75,-0.2916666666666665,-3.5
qwen25_15b,903,msc_valid,8,recency,0.2,12,2.8541666666666665,34.25,2.8125,33.75,0.04166666666666652,0.5
qwen25_15b,903,msc_valid,8,lexical_tfidf,0.2,12,2.5208333333333335,30.25,2.8125,33.75,-0.2916666666666665,-3.5
qwen25_15b,903,msc_valid,8,recency_keep_compress_drop,0.2,12,2.8541666666666665,34.25,2.8125,33.75,0.04166666666666652,0.5
qwen25_15b,903,msc_valid,8,uniform,0.35,12,2.5833333333333335,31.0,2.8125,33.75,-0.22916666666666652,-2.75
qwen25_15b,903,msc_valid,8,longllmlingua,0.35,12,2.5104166666666665,30.125,2.8125,33.75,-0.3020833333333335,-3.625
qwen25_15b,903,msc_valid,8,recency,0.35,12,2.7083333333333335,32.5,2.8125,33.75,-0.10416666666666652,-1.25
qwen25_15b,903,msc_valid,8,lexical_tfidf,0.35,12,2.7083333333333335,32.5,2.8125,33.75,-0.10416666666666652,-1.25
qwen25_15b,903,msc_valid,8,recency_keep_compress_drop,0.35,12,2.9583333333333335,35.5,2.8125,33.75,0.14583333333333348,1.75
qwen25_15b,903,msc_valid,8,uniform,0.5,12,2.5104166666666665,30.125,2.8125,33.75,-0.3020833333333335,-3.625
qwen25_15b,903,msc_valid,8,longllmlingua,0.5,12,2.4270833333333335,29.125,2.8125,33.75,-0.3854166666666665,-4.625
qwen25_15b,903,msc_valid,8,recency,0.5,12,2.875,34.5,2.8125,33.75,0.0625,0.75
qwen25_15b,903,msc_valid,8,lexical_tfidf,0.5,12,2.65625,31.875,2.8125,33.75,-0.15625,-1.875
qwen25_15b,903,msc_valid,8,recency_keep_compress_drop,0.5,12,2.9166666666666665,35.0,2.8125,33.75,0.10416666666666652,1.25
qwen25_15b,903,msc_valid,10,uniform,0.2,19,3.25,61.75,3.1578947368421053,60.0,0.09210526315789469,1.75
qwen25_15b,903,msc_valid,10,longllmlingua,0.2,19,3.0789473684210527,58.5,3.1578947368421053,60.0,-0.07894736842105265,-1.5
qwen25_15b,903,msc_valid,10,recency,0.2,19,3.210526315789474,61.0,3.1578947368421053,60.0,0.052631578947368585,1.0
qwen25_15b,903,msc_valid,10,lexical_tfidf,0.2,19,3.25,61.75,3.1578947368421053,60.0,0.09210526315789469,1.75
qwen25_15b,903,msc_valid,10,recency_keep_compress_drop,0.2,19,3.210526315789474,61.0,3.1578947368421053,60.0,0.052631578947368585,1.0
qwen25_15b,903,msc_valid,10,uniform,0.35,19,3.1842105263157894,60.5,3.1578947368421053,60.0,0.02631578947368407,0.5
qwen25_15b,903,msc_valid,10,longllmlingua,0.35,19,2.973684210526316,56.5,3.1578947368421053,60.0,-0.18421052631578938,-3.5
qwen25_15b,903,msc_valid,10,recency,0.35,19,3.210526315789474,61.0,3.1578947368421053,60.0,0.052631578947368585,1.0
qwen25_15b,903,msc_valid,10,lexical_tfidf,0.35,19,3.1710526315789473,60.25,3.1578947368421053,60.0,0.013157894736842035,0.25
qwen25_15b,903,msc_valid,10,recency_keep_compress_drop,0.35,19,3.1842105263157894,60.5,3.1578947368421053,60.0,0.02631578947368407,0.5
qwen25_15b,903,msc_valid,10,uniform,0.5,19,3.210526315789474,61.0,3.1578947368421053,60.0,0.052631578947368585,1.0
qwen25_15b,903,msc_valid,10,longllmlingua,0.5,19,2.789473684210526,53.0,3.1578947368421053,60.0,-0.3684210526315792,-7.0
qwen25_15b,903,msc_valid,10,recency,0.5,19,3.0789473684210527,58.5,3.1578947368421053,60.0,-0.07894736842105265,-1.5
qwen25_15b,903,msc_valid,10,lexical_tfidf,0.5,19,3.039473684210526,57.75,3.1578947368421053,60.0,-0.1184210526315792,-2.25
qwen25_15b,903,msc_valid,10,recency_keep_compress_drop,0.5,19,3.0921052631578947,58.75,3.1578947368421053,60.0,-0.06578947368421062,-1.25
qwen25_15b,903,msc_valid,12,uniform,0.2,8,1.9375,15.5,1.4765625,11.8125,0.4609375,3.6875
qwen25_15b,903,msc_valid,12,longllmlingua,0.2,8,1.7734375,14.1875,1.4765625,11.8125,0.296875,2.375
qwen25_15b,903,msc_valid,12,recency,0.2,8,1.8046875,14.4375,1.4765625,11.8125,0.328125,2.625
qwen25_15b,903,msc_valid,12,lexical_tfidf,0.2,8,1.703125,13.625,1.4765625,11.8125,0.2265625,1.8125
qwen25_15b,903,msc_valid,12,recency_keep_compress_drop,0.2,8,1.8359375,14.6875,1.4765625,11.8125,0.359375,2.875
qwen25_15b,903,msc_valid,12,uniform,0.35,8,1.640625,13.125,1.4765625,11.8125,0.1640625,1.3125
qwen25_15b,903,msc_valid,12,longllmlingua,0.35,8,1.671875,13.375,1.4765625,11.8125,0.1953125,1.5625
qwen25_15b,903,msc_valid,12,recency,0.35,8,1.6015625,12.8125,1.4765625,11.8125,0.125,1.0
qwen25_15b,903,msc_valid,12,lexical_tfidf,0.35,8,1.75,14.0,1.4765625,11.8125,0.2734375,2.1875
qwen25_15b,903,msc_valid,12,recency_keep_compress_drop,0.35,8,1.625,13.0,1.4765625,11.8125,0.1484375,1.1875
qwen25_15b,903,msc_valid,12,uniform,0.5,8,1.6484375,13.1875,1.4765625,11.8125,0.171875,1.375
qwen25_15b,903,msc_valid,12,longllmlingua,0.5,8,1.6171875,12.9375,1.4765625,11.8125,0.140625,1.125
qwen25_15b,903,msc_valid,12,recency,0.5,8,1.5703125,12.5625,1.4765625,11.8125,0.09375,0.75
qwen25_15b,903,msc_valid,12,lexical_tfidf,0.5,8,1.5546875,12.4375,1.4765625,11.8125,0.078125,0.625
qwen25_15b,903,msc_valid,12,recency_keep_compress_drop,0.5,8,1.6171875,12.9375,1.4765625,11.8125,0.140625,1.125
qwen25_15b,903,msc_valid,14,uniform,0.2,9,2.861111111111111,25.75,2.513888888888889,22.625,0.3472222222222223,3.125
qwen25_15b,903,msc_valid,14,longllmlingua,0.2,9,2.4027777777777777,21.625,2.513888888888889,22.625,-0.11111111111111116,-1.0
qwen25_15b,903,msc_valid,14,recency,0.2,9,2.4722222222222223,22.25,2.513888888888889,22.625,-0.04166666666666652,-0.375
qwen25_15b,903,msc_valid,14,lexical_tfidf,0.2,9,2.5277777777777777,22.75,2.513888888888889,22.625,0.01388888888888884,0.125
qwen25_15b,903,msc_valid,14,recency_keep_compress_drop,0.2,9,2.361111111111111,21.25,2.513888888888889,22.625,-0.15277777777777768,-1.375
qwen25_15b,903,msc_valid,14,uniform,0.35,9,3.0,27.0,2.513888888888889,22.625,0.48611111111111116,4.375
qwen25_15b,903,msc_valid,14,longllmlingua,0.35,9,2.138888888888889,19.25,2.513888888888889,22.625,-0.375,-3.375
qwen25_15b,903,msc_valid,14,recency,0.35,9,2.4583333333333335,22.125,2.513888888888889,22.625,-0.05555555555555536,-0.5
qwen25_15b,903,msc_valid,14,lexical_tfidf,0.35,9,2.513888888888889,22.625,2.513888888888889,22.625,0.0,0.0
qwen25_15b,903,msc_valid,14,recency_keep_compress_drop,0.35,9,2.3194444444444446,20.875,2.513888888888889,22.625,-0.1944444444444442,-1.75
qwen25_15b,903,msc_valid,14,uniform,0.5,9,2.7222222222222223,24.5,2.513888888888889,22.625,0.20833333333333348,1.875
qwen25_15b,903,msc_valid,14,longllmlingua,0.5,9,2.125,19.125,2.513888888888889,22.625,-0.38888888888888884,-3.5
qwen25_15b,903,msc_valid,14,recency,0.5,9,2.4166666666666665,21.75,2.513888888888889,22.625,-0.09722222222222232,-0.875
qwen25_15b,903,msc_valid,14,lexical_tfidf,0.5,9,2.7916666666666665,25.125,2.513888888888889,22.625,0.2777777777777777,2.5
qwen25_15b,903,msc_valid,14,recency_keep_compress_drop,0.5,9,2.1666666666666665,19.5,2.513888888888889,22.625,-0.3472222222222223,-3.125
qwen25_15b,930,msc_valid,4,uniform,0.2,16,3.546875,56.75,3.578125,57.25,-0.03125,-0.5
qwen25_15b,930,msc_valid,4,longllmlingua,0.2,16,2.578125,41.25,3.578125,57.25,-1.0,-16.0
qwen25_15b,930,msc_valid,4,recency,0.2,16,3.546875,56.75,3.578125,57.25,-0.03125,-0.5
qwen25_15b,930,msc_valid,4,lexical_tfidf,0.2,16,3.546875,56.75,3.578125,57.25,-0.03125,-0.5
qwen25_15b,930,msc_valid,4,recency_keep_compress_drop,0.2,16,3.546875,56.75,3.578125,57.25,-0.03125,-0.5
qwen25_15b,930,msc_valid,4,uniform,0.35,16,3.625,58.0,3.578125,57.25,0.046875,0.75
qwen25_15b,930,msc_valid,4,longllmlingua,0.35,16,2.46875,39.5,3.578125,57.25,-1.109375,-17.75
qwen25_15b,930,msc_valid,4,recency,0.35,16,3.625,58.0,3.578125,57.25,0.046875,0.75
qwen25_15b,930,msc_valid,4,lexical_tfidf,0.35,16,3.625,58.0,3.578125,57.25,0.046875,0.75
qwen25_15b,930,msc_valid,4,recency_keep_compress_drop,0.35,16,3.625,58.0,3.578125,57.25,0.046875,0.75
qwen25_15b,930,msc_valid,4,uniform,0.5,16,3.625,58.0,3.578125,57.25,0.046875,0.75
qwen25_15b,930,msc_valid,4,longllmlingua,0.5,16,2.359375,37.75,3.578125,57.25,-1.21875,-19.5
qwen25_15b,930,msc_valid,4,recency,0.5,16,3.625,58.0,3.578125,57.25,0.046875,0.75
qwen25_15b,930,msc_valid,4,lexical_tfidf,0.5,16,3.625,58.0,3.578125,57.25,0.046875,0.75
qwen25_15b,930,msc_valid,4,recency_keep_compress_drop,0.5,16,3.625,58.0,3.578125,57.25,0.046875,0.75
qwen25_15b,930,msc_valid,8,uniform,0.2,19,4.2368421052631575,80.5,3.1842105263157894,60.5,1.0526315789473681,20.0
qwen25_15b,930,msc_valid,8,longllmlingua,0.2,19,3.210526315789474,61.0,3.1842105263157894,60.5,0.026315789473684514,0.5
qwen25_15b,930,msc_valid,8,recency,0.2,19,3.9210526315789473,74.5,3.1842105263157894,60.5,0.736842105263158,14.0
qwen25_15b,930,msc_valid,8,lexical_tfidf,0.2,19,4.2368421052631575,80.5,3.1842105263157894,60.5,1.0526315789473681,20.0
qwen25_15b,930,msc_valid,8,recency_keep_compress_drop,0.2,19,3.789473684210526,72.0,3.1842105263157894,60.5,0.6052631578947367,11.5
qwen25_15b,930,msc_valid,8,uniform,0.35,19,3.9210526315789473,74.5,3.1842105263157894,60.5,0.736842105263158,14.0
qwen25_15b,930,msc_valid,8,longllmlingua,0.35,19,2.9210526315789473,55.5,3.1842105263157894,60.5,-0.26315789473684204,-5.0
qwen25_15b,930,msc_valid,8,recency,0.35,19,3.8947368421052633,74.0,3.1842105263157894,60.5,0.7105263157894739,13.5
qwen25_15b,930,msc_valid,8,lexical_tfidf,0.35,19,3.8947368421052633,74.0,3.1842105263157894,60.5,0.7105263157894739,13.5
qwen25_15b,930,msc_valid,8,recency_keep_compress_drop,0.35,19,4.2894736842105265,81.5,3.1842105263157894,60.5,1.1052631578947372,21.0
qwen25_15b,930,msc_valid,8,uniform,0.5,19,4.052631578947368,77.0,3.1842105263157894,60.5,0.8684210526315788,16.5
qwen25_15b,930,msc_valid,8,longllmlingua,0.5,19,2.6710526315789473,50.75,3.1842105263157894,60.5,-0.513157894736842,-9.75
qwen25_15b,930,msc_valid,8,recency,0.5,19,3.6842105263157894,70.0,3.1842105263157894,60.5,0.5,9.5
qwen25_15b,930,msc_valid,8,lexical_tfidf,0.5,19,3.3947368421052633,64.5,3.1842105263157894,60.5,0.2105263157894739,4.0
qwen25_15b,930,msc_valid,8,recency_keep_compress_drop,0.5,19,3.6315789473684212,69.0,3.1842105263157894,60.5,0.44736842105263186,8.5
qwen25_15b,930,msc_valid,12,uniform,0.2,17,2.573529411764706,43.75,2.411764705882353,41.0,0.16176470588235325,2.75
qwen25_15b,930,msc_valid,12,longllmlingua,0.2,17,2.5441176470588234,43.25,2.411764705882353,41.0,0.13235294117647056,2.25
qwen25_15b,930,msc_valid,12,recency,0.2,17,2.426470588235294,41.25,2.411764705882353,41.0,0.014705882352941124,0.25
qwen25_15b,930,msc_valid,12,lexical_tfidf,0.2,17,2.411764705882353,41.0,2.411764705882353,41.0,0.0,0.0
qwen25_15b,930,msc_valid,12,recency_keep_compress_drop,0.2,17,2.411764705882353,41.0,2.411764705882353,41.0,0.0,0.0
qwen25_15b,930,msc_valid,12,uniform,0.35,17,2.5,42.5,2.411764705882353,41.0,0.08823529411764719,1.5
qwen25_15b,930,msc_valid,12,longllmlingua,0.35,17,2.573529411764706,43.75,2.411764705882353,41.0,0.16176470588235325,2.75
qwen25_15b,930,msc_valid,12,recency,0.35,17,2.426470588235294,41.25,2.411764705882353,41.0,0.014705882352941124,0.25
qwen25_15b,930,msc_valid,12,lexical_tfidf,0.35,17,2.3823529411764706,40.5,2.411764705882353,41.0,-0.02941176470588225,-0.5
qwen25_15b,930,msc_valid,12,recency_keep_compress_drop,0.35,17,2.3823529411764706,40.5,2.411764705882353,41.0,-0.02941176470588225,-0.5
qwen25_15b,930,msc_valid,12,uniform,0.5,17,2.3676470588235294,40.25,2.411764705882353,41.0,-0.04411764705882337,-0.75
qwen25_15b,930,msc_valid,12,longllmlingua,0.5,17,2.514705882352941,42.75,2.411764705882353,41.0,0.10294117647058831,1.75
qwen25_15b,930,msc_valid,12,recency,0.5,17,2.3823529411764706,40.5,2.411764705882353,41.0,-0.02941176470588225,-0.5
qwen25_15b,930,msc_valid,12,lexical_tfidf,0.5,17,2.3970588235294117,40.75,2.411764705882353,41.0,-0.014705882352941124,-0.25
qwen25_15b,930,msc_valid,12,recency_keep_compress_drop,0.5,17,2.338235294117647,39.75,2.411764705882353,41.0,-0.07352941176470562,-1.25
qwen25_15b,930,msc_valid,14,uniform,0.2,13,2.423076923076923,31.5,1.8653846153846154,24.25,0.5576923076923075,7.25
qwen25_15b,930,msc_valid,14,longllmlingua,0.2,13,2.2211538461538463,28.875,1.8653846153846154,24.25,0.35576923076923084,4.625
qwen25_15b,930,msc_valid,14,recency,0.2,13,2.3846153846153846,31.0,1.8653846153846154,24.25,0.5192307692307692,6.75
qwen25_15b,930,msc_valid,14,lexical_tfidf,0.2,13,2.25,29.25,1.8653846153846154,24.25,0.3846153846153846,5.0
qwen25_15b,930,msc_valid,14,recency_keep_compress_drop,0.2,13,2.5,32.5,1.8653846153846154,24.25,0.6346153846153846,8.25
qwen25_15b,930,msc_valid,14,uniform,0.35,13,2.2884615384615383,29.75,1.8653846153846154,24.25,0.4230769230769229,5.5
qwen25_15b,930,msc_valid,14,longllmlingua,0.35,13,2.1634615384615383,28.125,1.8653846153846154,24.25,0.2980769230769229,3.875
qwen25_15b,930,msc_valid,14,recency,0.35,13,2.269230769230769,29.5,1.8653846153846154,24.25,0.40384615384615374,5.25
qwen25_15b,930,msc_valid,14,lexical_tfidf,0.35,13,2.3846153846153846,31.0,1.8653846153846154,24.25,0.5192307692307692,6.75
qwen25_15b,930,msc_valid,14,recency_keep_compress_drop,0.35,13,2.4134615384615383,31.375,1.8653846153846154,24.25,0.5480769230769229,7.125
qwen25_15b,930,msc_valid,14,uniform,0.5,13,2.2403846153846154,29.125,1.8653846153846154,24.25,0.375,4.875
qwen25_15b,930,msc_valid,14,longllmlingua,0.5,13,2.0865384615384617,27.125,1.8653846153846154,24.25,0.22115384615384626,2.875
qwen25_15b,930,msc_valid,14,recency,0.5,13,2.2596153846153846,29.375,1.8653846153846154,24.25,0.39423076923076916,5.125
qwen25_15b,930,msc_valid,14,lexical_tfidf,0.5,13,2.3076923076923075,30.0,1.8653846153846154,24.25,0.44230769230769207,5.75
qwen25_15b,930,msc_valid,14,recency_keep_compress_drop,0.5,13,2.3173076923076925,30.125,1.8653846153846154,24.25,0.4519230769230771,5.875
qwen25_15b,930,msc_valid,18,uniform,0.2,22,2.6931818181818183,59.25,2.272727272727273,50.0,0.4204545454545454,9.25
qwen25_15b,930,msc_valid,18,longllmlingua,0.2,22,2.147727272727273,47.25,2.272727272727273,50.0,-0.125,-2.75
qwen25_15b,930,msc_valid,18,recency,0.2,22,2.477272727272727,54.5,2.272727272727273,50.0,0.20454545454545414,4.5
qwen25_15b,930,msc_valid,18,lexical_tfidf,0.2,22,2.5,55.0,2.272727272727273,50.0,0.22727272727272707,5.0
qwen25_15b,930,msc_valid,18,recency_keep_compress_drop,0.2,22,2.477272727272727,54.5,2.272727272727273,50.0,0.20454545454545414,4.5
qwen25_15b,930,msc_valid,18,uniform,0.35,22,2.6931818181818183,59.25,2.272727272727273,50.0,0.4204545454545454,9.25
qwen25_15b,930,msc_valid,18,longllmlingua,0.35,22,2.2954545454545454,50.5,2.272727272727273,50.0,0.022727272727272485,0.5
qwen25_15b,930,msc_valid,18,recency,0.35,22,2.3181818181818183,51.0,2.272727272727273,50.0,0.045454545454545414,1.0
qwen25_15b,930,msc_valid,18,lexical_tfidf,0.35,22,2.5454545454545454,56.0,2.272727272727273,50.0,0.2727272727272725,6.0
qwen25_15b,930,msc_valid,18,recency_keep_compress_drop,0.35,22,2.3068181818181817,50.75,2.272727272727273,50.0,0.03409090909090873,0.75
qwen25_15b,930,msc_valid,18,uniform,0.5,22,2.3636363636363638,52.0,2.272727272727273,50.0,0.09090909090909083,2.0
qwen25_15b,930,msc_valid,18,longllmlingua,0.5,22,2.25,49.5,2.272727272727273,50.0,-0.02272727272727293,-0.5
qwen25_15b,930,msc_valid,18,recency,0.5,22,2.284090909090909,50.25,2.272727272727273,50.0,0.011363636363636243,0.25
qwen25_15b,930,msc_valid,18,lexical_tfidf,0.5,22,2.4204545454545454,53.25,2.272727272727273,50.0,0.14772727272727249,3.25
qwen25_15b,930,msc_valid,18,recency_keep_compress_drop,0.5,22,2.4204545454545454,53.25,2.272727272727273,50.0,0.14772727272727249,3.25
qwen25_15b,945,msc_valid,4,uniform,0.2,21,2.9523809523809526,62.0,2.8333333333333335,59.5,0.11904761904761907,2.5
qwen25_15b,945,msc_valid,4,longllmlingua,0.2,21,2.988095238095238,62.75,2.8333333333333335,59.5,0.15476190476190466,3.25
qwen25_15b,945,msc_valid,4,recency,0.2,21,2.9523809523809526,62.0,2.8333333333333335,59.5,0.11904761904761907,2.5
qwen25_15b,945,msc_valid,4,lexical_tfidf,0.2,21,2.9523809523809526,62.0,2.8333333333333335,59.5,0.11904761904761907,2.5
qwen25_15b,945,msc_valid,4,recency_keep_compress_drop,0.2,21,2.9523809523809526,62.0,2.8333333333333335,59.5,0.11904761904761907,2.5
qwen25_15b,945,msc_valid,4,uniform,0.35,21,2.9523809523809526,62.0,2.8333333333333335,59.5,0.11904761904761907,2.5
qwen25_15b,945,msc_valid,4,longllmlingua,0.35,21,3.0952380952380953,65.0,2.8333333333333335,59.5,0.26190476190476186,5.5
qwen25_15b,945,msc_valid,4,recency,0.35,21,2.9523809523809526,62.0,2.8333333333333335,59.5,0.11904761904761907,2.5
qwen25_15b,945,msc_valid,4,lexical_tfidf,0.35,21,2.9523809523809526,62.0,2.8333333333333335,59.5,0.11904761904761907,2.5
qwen25_15b,945,msc_valid,4,recency_keep_compress_drop,0.35,21,2.9523809523809526,62.0,2.8333333333333335,59.5,0.11904761904761907,2.5
qwen25_15b,945,msc_valid,4,uniform,0.5,21,2.9404761904761907,61.75,2.8333333333333335,59.5,0.1071428571428572,2.25
qwen25_15b,945,msc_valid,4,longllmlingua,0.5,21,3.0,63.0,2.8333333333333335,59.5,0.16666666666666652,3.5
qwen25_15b,945,msc_valid,4,recency,0.5,21,2.9404761904761907,61.75,2.8333333333333335,59.5,0.1071428571428572,2.25
qwen25_15b,945,msc_valid,4,lexical_tfidf,0.5,21,2.9404761904761907,61.75,2.8333333333333335,59.5,0.1071428571428572,2.25
qwen25_15b,945,msc_valid,4,recency_keep_compress_drop,0.5,21,2.9404761904761907,61.75,2.8333333333333335,59.5,0.1071428571428572,2.25
qwen25_15b,945,msc_valid,8,uniform,0.2,23,4.434782608695652,102.0,4.065217391304348,93.5,0.36956521739130466,8.5
qwen25_15b,945,msc_valid,8,longllmlingua,0.2,23,4.3478260869565215,100.0,4.065217391304348,93.5,0.28260869565217384,6.5
qwen25_15b,945,msc_valid,8,recency,0.2,23,4.195652173913044,96.5,4.065217391304348,93.5,0.13043478260869623,3.0
qwen25_15b,945,msc_valid,8,lexical_tfidf,0.2,23,4.434782608695652,102.0,4.065217391304348,93.5,0.36956521739130466,8.5
qwen25_15b,945,msc_valid,8,recency_keep_compress_drop,0.2,23,4.195652173913044,96.5,4.065217391304348,93.5,0.13043478260869623,3.0
qwen25_15b,945,msc_valid,8,uniform,0.35,23,4.521739130434782,104.0,4.065217391304348,93.5,0.4565217391304346,10.5
qwen25_15b,945,msc_valid,8,longllmlingua,0.35,23,4.3478260869565215,100.0,4.065217391304348,93.5,0.28260869565217384,6.5
qwen25_15b,945,msc_valid,8,recency,0.35,23,4.0,92.0,4.065217391304348,93.5,-0.06521739130434767,-1.5
qwen25_15b,945,msc_valid,8,lexical_tfidf,0.35,23,4.326086956521739,99.5,4.065217391304348,93.5,0.2608695652173916,6.0
qwen25_15b,945,msc_valid,8,recency_keep_compress_drop,0.35,23,4.217391304347826,97.0,4.065217391304348,93.5,0.1521739130434785,3.5
qwen25_15b,945,msc_valid,8,uniform,0.5,23,4.413043478260869,101.5,4.065217391304348,93.5,0.3478260869565215,8.0
qwen25_15b,945,msc_valid,8,longllmlingua,0.5,23,4.478260869565218,103.0,4.065217391304348,93.5,0.41304347826087007,9.5
qwen25_15b,945,msc_valid,8,recency,0.5,23,4.086956521739131,94.0,4.065217391304348,93.5,0.02173913043478315,0.5
qwen25_15b,945,msc_valid,8,lexical_tfidf,0.5,23,4.086956521739131,94.0,4.065217391304348,93.5,0.02173913043478315,0.5
qwen25_15b,945,msc_valid,8,recency_keep_compress_drop,0.5,23,4.173913043478261,96.0,4.065217391304348,93.5,0.10869565217391308,2.5
qwen25_15b,945,msc_valid,12,uniform,0.2,18,4.166666666666667,75.0,3.638888888888889,65.5,0.5277777777777781,9.5
qwen25_15b,945,msc_valid,12,longllmlingua,0.2,18,3.9722222222222223,71.5,3.638888888888889,65.5,0.3333333333333335,6.0
qwen25_15b,945,msc_valid,12,recency,0.2,18,3.9166666666666665,70.5,3.638888888888889,65.5,0.2777777777777777,5.0
qwen25_15b,945,msc_valid,12,lexical_tfidf,0.2,18,3.7777777777777777,68.0,3.638888888888889,65.5,0.13888888888888884,2.5
qwen25_15b,945,msc_valid,12,recency_keep_compress_drop,0.2,18,3.9166666666666665,70.5,3.638888888888889,65.5,0.2777777777777777,5.0
qwen25_15b,945,msc_valid,12,uniform,0.35,18,3.5555555555555554,64.0,3.638888888888889,65.5,-0.08333333333333348,-1.5
qwen25_15b,945,msc_valid,12,longllmlingua,0.35,18,3.861111111111111,69.5,3.638888888888889,65.5,0.22222222222222232,4.0
qwen25_15b,945,msc_valid,12,recency,0.35,18,3.8333333333333335,69.0,3.638888888888889,65.5,0.19444444444444464,3.5
qwen25_15b,945,msc_valid,12,lexical_tfidf,0.35,18,3.7777777777777777,68.0,3.638888888888889,65.5,0.13888888888888884,2.5
qwen25_15b,945,msc_valid,12,recency_keep_compress_drop,0.35,18,3.7777777777777777,68.0,3.638888888888889,65.5,0.13888888888888884,2.5
qwen25_15b,945,msc_valid,12,uniform,0.5,18,3.861111111111111,69.5,3.638888888888889,65.5,0.22222222222222232,4.0
qwen25_15b,945,msc_valid,12,longllmlingua,0.5,18,3.888888888888889,70.0,3.638888888888889,65.5,0.25,4.5
qwen25_15b,945,msc_valid,12,recency,0.5,18,3.75,67.5,3.638888888888889,65.5,0.11111111111111116,2.0
qwen25_15b,945,msc_valid,12,lexical_tfidf,0.5,18,3.9166666666666665,70.5,3.638888888888889,65.5,0.2777777777777777,5.0
qwen25_15b,945,msc_valid,12,recency_keep_compress_drop,0.5,18,3.8333333333333335,69.0,3.638888888888889,65.5,0.19444444444444464,3.5
qwen25_15b,945,msc_valid,16,uniform,0.2,12,3.1875,38.25,2.8333333333333335,34.0,0.3541666666666665,4.25
qwen25_15b,945,msc_valid,16,longllmlingua,0.2,12,2.8541666666666665,34.25,2.8333333333333335,34.0,0.020833333333333037,0.25
qwen25_15b,945,msc_valid,16,recency,0.2,12,3.125,37.5,2.8333333333333335,34.0,0.2916666666666665,3.5
qwen25_15b,945,msc_valid,16,lexical_tfidf,0.2,12,3.0625,36.75,2.8333333333333335,34.0,0.22916666666666652,2.75
qwen25_15b,945,msc_valid,16,recency_keep_compress_drop,0.2,12,3.0625,36.75,2.8333333333333335,34.0,0.22916666666666652,2.75
qwen25_15b,945,msc_valid,16,uniform,0.35,12,3.1875,38.25,2.8333333333333335,34.0,0.3541666666666665,4.25
qwen25_15b,945,msc_valid,16,longllmlingua,0.35,12,2.8333333333333335,34.0,2.8333333333333335,34.0,0.0,0.0
qwen25_15b,945,msc_valid,16,recency,0.35,12,3.0625,36.75,2.8333333333333335,34.0,0.22916666666666652,2.75
qwen25_15b,945,msc_valid,16,lexical_tfidf,0.35,12,2.6041666666666665,31.25,2.8333333333333335,34.0,-0.22916666666666696,-2.75
qwen25_15b,945,msc_valid,16,recency_keep_compress_drop,0.35,12,2.9166666666666665,35.0,2.8333333333333335,34.0,0.08333333333333304,1.0
qwen25_15b,945,msc_valid,16,uniform,0.5,12,3.1041666666666665,37.25,2.8333333333333335,34.0,0.27083333333333304,3.25
qwen25_15b,945,msc_valid,16,longllmlingua,0.5,12,2.6458333333333335,31.75,2.8333333333333335,34.0,-0.1875,-2.25
qwen25_15b,945,msc_valid,16,recency,0.5,12,3.0625,36.75,2.8333333333333335,34.0,0.22916666666666652,2.75
qwen25_15b,945,msc_valid,16,lexical_tfidf,0.5,12,2.6145833333333335,31.375,2.8333333333333335,34.0,-0.21875,-2.625
qwen25_15b,945,msc_valid,16,recency_keep_compress_drop,0.5,12,2.9791666666666665,35.75,2.8333333333333335,34.0,0.14583333333333304,1.75
qwen25_15b,945,msc_valid,18,uniform,0.2,42,3.5,147.0,3.380952380952381,142.0,0.11904761904761907,5.0
qwen25_15b,945,msc_valid,18,longllmlingua,0.2,42,3.357142857142857,141.0,3.380952380952381,142.0,-0.023809523809523725,-1.0
qwen25_15b,945,msc_valid,18,recency,0.2,42,3.4761904761904763,146.0,3.380952380952381,142.0,0.09523809523809534,4.0
qwen25_15b,945,msc_valid,18,lexical_tfidf,0.2,42,3.4523809523809526,145.0,3.380952380952381,142.0,0.07142857142857162,3.0
qwen25_15b,945,msc_valid,18,recency_keep_compress_drop,0.2,42,3.380952380952381,142.0,3.380952380952381,142.0,0.0,0.0
qwen25_15b,945,msc_valid,18,uniform,0.35,42,3.5714285714285716,150.0,3.380952380952381,142.0,0.1904761904761907,8.0
qwen25_15b,945,msc_valid,18,longllmlingua,0.35,42,3.3333333333333335,140.0,3.380952380952381,142.0,-0.04761904761904745,-2.0
qwen25_15b,945,msc_valid,18,recency,0.35,42,3.4047619047619047,143.0,3.380952380952381,142.0,0.023809523809523725,1.0
qwen25_15b,945,msc_valid,18,lexical_tfidf,0.35,42,3.4047619047619047,143.0,3.380952380952381,142.0,0.023809523809523725,1.0
qwen25_15b,945,msc_valid,18,recency_keep_compress_drop,0.35,42,3.3095238095238093,139.0,3.380952380952381,142.0,-0.07142857142857162,-3.0
qwen25_15b,945,msc_valid,18,uniform,0.5,42,3.5238095238095237,148.0,3.380952380952381,142.0,0.1428571428571428,6.0
qwen25_15b,945,msc_valid,18,longllmlingua,0.5,42,3.380952380952381,142.0,3.380952380952381,142.0,0.0,0.0
qwen25_15b,945,msc_valid,18,recency,0.5,42,3.380952380952381,142.0,3.380952380952381,142.0,0.0,0.0
qwen25_15b,945,msc_valid,18,lexical_tfidf,0.5,42,3.4523809523809526,145.0,3.380952380952381,142.0,0.07142857142857162,3.0
qwen25_15b,945,msc_valid,18,recency_keep_compress_drop,0.5,42,3.3095238095238093,139.0,3.380952380952381,142.0,-0.07142857142857162,-3.0
qwen25_15b,945,msc_valid,22,uniform,0.2,76,2.9342105263157894,223.0,2.960526315789474,225.0,-0.026315789473684514,-2.0
qwen25_15b,945,msc_valid,22,longllmlingua,0.2,76,2.9210526315789473,222.0,2.960526315789474,225.0,-0.03947368421052655,-3.0
qwen25_15b,945,msc_valid,22,recency,0.2,76,2.9078947368421053,221.0,2.960526315789474,225.0,-0.052631578947368585,-4.0
qwen25_15b,945,msc_valid,22,lexical_tfidf,0.2,76,2.9342105263157894,223.0,2.960526315789474,225.0,-0.026315789473684514,-2.0
qwen25_15b,945,msc_valid,22,recency_keep_compress_drop,0.2,76,2.9210526315789473,222.0,2.960526315789474,225.0,-0.03947368421052655,-3.0
qwen25_15b,945,msc_valid,22,uniform,0.35,76,2.960526315789474,225.0,2.960526315789474,225.0,0.0,0.0
qwen25_15b,945,msc_valid,22,longllmlingua,0.35,76,2.9078947368421053,221.0,2.960526315789474,225.0,-0.052631578947368585,-4.0
qwen25_15b,945,msc_valid,22,recency,0.35,76,2.9078947368421053,221.0,2.960526315789474,225.0,-0.052631578947368585,-4.0
qwen25_15b,945,msc_valid,22,lexical_tfidf,0.35,76,2.9473684210526314,224.0,2.960526315789474,225.0,-0.01315789473684248,-1.0
qwen25_15b,945,msc_valid,22,recency_keep_compress_drop,0.35,76,2.9210526315789473,222.0,2.960526315789474,225.0,-0.03947368421052655,-3.0
qwen25_15b,945,msc_valid,22,uniform,0.5,76,2.9473684210526314,224.0,2.960526315789474,225.0,-0.01315789473684248,-1.0
qwen25_15b,945,msc_valid,22,longllmlingua,0.5,76,2.8947368421052633,220.0,2.960526315789474,225.0,-0.06578947368421062,-5.0
qwen25_15b,945,msc_valid,22,recency,0.5,76,2.9078947368421053,221.0,2.960526315789474,225.0,-0.052631578947368585,-4.0
qwen25_15b,945,msc_valid,22,lexical_tfidf,0.5,76,2.9473684210526314,224.0,2.960526315789474,225.0,-0.01315789473684248,-1.0
qwen25_15b,945,msc_valid,22,recency_keep_compress_drop,0.5,76,2.9078947368421053,221.0,2.960526315789474,225.0,-0.052631578947368585,-4.0
qwen25_15b,945,msc_valid,26,uniform,0.2,27,3.4074074074074074,92.0,2.611111111111111,70.5,0.7962962962962963,21.5
qwen25_15b,945,msc_valid,26,longllmlingua,0.2,27,3.037037037037037,82.0,2.611111111111111,70.5,0.42592592592592604,11.5
qwen25_15b,945,msc_valid,26,recency,0.2,27,3.185185185185185,86.0,2.611111111111111,70.5,0.574074074074074,15.5
qwen25_15b,945,msc_valid,26,lexical_tfidf,0.2,27,3.240740740740741,87.5,2.611111111111111,70.5,0.6296296296296298,17.0
qwen25_15b,945,msc_valid,26,recency_keep_compress_drop,0.2,27,3.0555555555555554,82.5,2.611111111111111,70.5,0.4444444444444442,12.0
qwen25_15b,945,msc_valid,26,uniform,0.35,27,3.2777777777777777,88.5,2.611111111111111,70.5,0.6666666666666665,18.0
qwen25_15b,945,msc_valid,26,longllmlingua,0.35,27,2.8518518518518516,77.0,2.611111111111111,70.5,0.24074074074074048,6.5
qwen25_15b,945,msc_valid,26,recency,0.35,27,2.8518518518518516,77.0,2.611111111111111,70.5,0.24074074074074048,6.5
qwen25_15b,945,msc_valid,26,lexical_tfidf,0.35,27,2.740740740740741,74.0,2.611111111111111,70.5,0.12962962962962976,3.5
qwen25_15b,945,msc_valid,26,recency_keep_compress_drop,0.35,27,2.925925925925926,79.0,2.611111111111111,70.5,0.3148148148148149,8.5
qwen25_15b,945,msc_valid,26,uniform,0.5,27,3.1666666666666665,85.5,2.611111111111111,70.5,0.5555555555555554,15.0
qwen25_15b,945,msc_valid,26,longllmlingua,0.5,27,2.888888888888889,78.0,2.611111111111111,70.5,0.2777777777777777,7.5
qwen25_15b,945,msc_valid,26,recency,0.5,27,2.7037037037037037,73.0,2.611111111111111,70.5,0.09259259259259256,2.5
qwen25_15b,945,msc_valid,26,lexical_tfidf,0.5,27,2.6296296296296298,71.0,2.611111111111111,70.5,0.0185185185185186,0.5
qwen25_15b,945,msc_valid,26,recency_keep_compress_drop,0.5,27,2.8518518518518516,77.0,2.611111111111111,70.5,0.24074074074074048,6.5
qwen25_15b,945,msc_valid,30,uniform,0.2,12,3.9583333333333335,47.5,0.0,0.0,3.9583333333333335,47.5
qwen25_15b,945,msc_valid,30,longllmlingua,0.2,12,4.25,51.0,0.0,0.0,4.25,51.0
qwen25_15b,945,msc_valid,30,recency,0.2,12,3.9583333333333335,47.5,0.0,0.0,3.9583333333333335,47.5
qwen25_15b,945,msc_valid,30,lexical_tfidf,0.2,12,3.8541666666666665,46.25,0.0,0.0,3.8541666666666665,46.25
qwen25_15b,945,msc_valid,30,recency_keep_compress_drop,0.2,12,3.9375,47.25,0.0,0.0,3.9375,47.25
qwen25_15b,945,msc_valid,30,uniform,0.35,12,3.7916666666666665,45.5,0.0,0.0,3.7916666666666665,45.5
qwen25_15b,945,msc_valid,30,longllmlingua,0.35,12,4.145833333333333,49.75,0.0,0.0,4.145833333333333,49.75
qwen25_15b,945,msc_valid,30,recency,0.35,12,3.8958333333333335,46.75,0.0,0.0,3.8958333333333335,46.75
qwen25_15b,945,msc_valid,30,lexical_tfidf,0.35,12,3.7916666666666665,45.5,0.0,0.0,3.7916666666666665,45.5
qwen25_15b,945,msc_valid,30,recency_keep_compress_drop,0.35,12,3.8958333333333335,46.75,0.0,0.0,3.8958333333333335,46.75
qwen25_15b,945,msc_valid,30,uniform,0.5,12,3.7916666666666665,45.5,0.0,0.0,3.7916666666666665,45.5
qwen25_15b,945,msc_valid,30,longllmlingua,0.5,12,4.145833333333333,49.75,0.0,0.0,4.145833333333333,49.75
qwen25_15b,945,msc_valid,30,recency,0.5,12,3.875,46.5,0.0,0.0,3.875,46.5
qwen25_15b,945,msc_valid,30,lexical_tfidf,0.5,12,4.020833333333333,48.25,0.0,0.0,4.020833333333333,48.25
qwen25_15b,945,msc_valid,30,recency_keep_compress_drop,0.5,12,3.8958333333333335,46.75,0.0,0.0,3.8958333333333335,46.75
qwen25_15b,945,msc_valid,34,uniform,0.2,42,3.0357142857142856,127.5,0.0,0.0,3.0357142857142856,127.5
qwen25_15b,945,msc_valid,34,longllmlingua,0.2,42,3.1666666666666665,133.0,0.0,0.0,3.1666666666666665,133.0
qwen25_15b,945,msc_valid,34,recency,0.2,42,2.892857142857143,121.5,0.0,0.0,2.892857142857143,121.5
qwen25_15b,945,msc_valid,34,lexical_tfidf,0.2,42,2.9047619047619047,122.0,0.0,0.0,2.9047619047619047,122.0
qwen25_15b,945,msc_valid,34,recency_keep_compress_drop,0.2,42,2.7738095238095237,116.5,0.0,0.0,2.7738095238095237,116.5
qwen25_15b,945,msc_valid,34,uniform,0.35,42,2.857142857142857,120.0,0.0,0.0,2.857142857142857,120.0
qwen25_15b,945,msc_valid,34,longllmlingua,0.35,42,2.9523809523809526,124.0,0.0,0.0,2.9523809523809526,124.0
qwen25_15b,945,msc_valid,34,recency,0.35,42,2.8214285714285716,118.5,0.0,0.0,2.8214285714285716,118.5
qwen25_15b,945,msc_valid,34,lexical_tfidf,0.35,42,2.761904761904762,116.0,0.0,0.0,2.761904761904762,116.0
qwen25_15b,945,msc_valid,34,recency_keep_compress_drop,0.35,42,2.75,115.5,0.0,0.0,2.75,115.5
qwen25_15b,945,msc_valid,34,uniform,0.5,42,2.8214285714285716,118.5,0.0,0.0,2.8214285714285716,118.5
qwen25_15b,945,msc_valid,34,longllmlingua,0.5,42,3.0357142857142856,127.5,0.0,0.0,3.0357142857142856,127.5
qwen25_15b,945,msc_valid,34,recency,0.5,42,2.7738095238095237,116.5,0.0,0.0,2.7738095238095237,116.5
qwen25_15b,945,msc_valid,34,lexical_tfidf,0.5,42,2.7976190476190474,117.5,0.0,0.0,2.7976190476190474,117.5
qwen25_15b,945,msc_valid,34,recency_keep_compress_drop,0.5,42,2.7142857142857144,114.0,0.0,0.0,2.7142857142857144,114.0
qwen25_15b,945,msc_valid,38,uniform,0.2,11,1.7727272727272727,19.5,0.0,0.0,1.7727272727272727,19.5
qwen25_15b,945,msc_valid,38,longllmlingua,0.2,11,2.090909090909091,23.0,0.0,0.0,2.090909090909091,23.0
qwen25_15b,945,msc_valid,38,recency,0.2,11,1.8295454545454546,20.125,0.0,0.0,1.8295454545454546,20.125
qwen25_15b,945,msc_valid,38,lexical_tfidf,0.2,11,1.8181818181818181,20.0,0.0,0.0,1.8181818181818181,20.0
qwen25_15b,945,msc_valid,38,recency_keep_compress_drop,0.2,11,1.8068181818181819,19.875,0.0,0.0,1.8068181818181819,19.875
qwen25_15b,945,msc_valid,38,uniform,0.35,11,1.8068181818181819,19.875,0.0,0.0,1.8068181818181819,19.875
qwen25_15b,945,msc_valid,38,longllmlingua,0.35,11,2.0681818181818183,22.75,0.0,0.0,2.0681818181818183,22.75
qwen25_15b,945,msc_valid,38,recency,0.35,11,1.8636363636363635,20.5,0.0,0.0,1.8636363636363635,20.5
qwen25_15b,945,msc_valid,38,lexical_tfidf,0.35,11,1.8068181818181819,19.875,0.0,0.0,1.8068181818181819,19.875
qwen25_15b,945,msc_valid,38,recency_keep_compress_drop,0.35,11,1.8181818181818181,20.0,0.0,0.0,1.8181818181818181,20.0
qwen25_15b,945,msc_valid,38,uniform,0.5,11,1.7840909090909092,19.625,0.0,0.0,1.7840909090909092,19.625
qwen25_15b,945,msc_valid,38,longllmlingua,0.5,11,2.0113636363636362,22.125,0.0,0.0,2.0113636363636362,22.125
qwen25_15b,945,msc_valid,38,recency,0.5,11,1.8409090909090908,20.25,0.0,0.0,1.8409090909090908,20.25
qwen25_15b,945,msc_valid,38,lexical_tfidf,0.5,11,1.8522727272727273,20.375,0.0,0.0,1.8522727272727273,20.375
qwen25_15b,945,msc_valid,38,recency_keep_compress_drop,0.5,11,1.8295454545454546,20.125,0.0,0.0,1.8295454545454546,20.125
qwen25_15b,945,msc_valid,42,uniform,0.2,28,3.75,105.0,0.0,0.0,3.75,105.0
qwen25_15b,945,msc_valid,42,longllmlingua,0.2,28,3.6785714285714284,103.0,0.0,0.0,3.6785714285714284,103.0
qwen25_15b,945,msc_valid,42,recency,0.2,28,3.8214285714285716,107.0,0.0,0.0,3.8214285714285716,107.0
qwen25_15b,945,msc_valid,42,lexical_tfidf,0.2,28,3.8035714285714284,106.5,0.0,0.0,3.8035714285714284,106.5
qwen25_15b,945,msc_valid,42,recency_keep_compress_drop,0.2,28,3.8035714285714284,106.5,0.0,0.0,3.8035714285714284,106.5
qwen25_15b,945,msc_valid,42,uniform,0.35,28,3.6785714285714284,103.0,0.0,0.0,3.6785714285714284,103.0
qwen25_15b,945,msc_valid,42,longllmlingua,0.35,28,3.75,105.0,0.0,0.0,3.75,105.0
qwen25_15b,945,msc_valid,42,recency,0.35,28,3.8035714285714284,106.5,0.0,0.0,3.8035714285714284,106.5
qwen25_15b,945,msc_valid,42,lexical_tfidf,0.35,28,3.7142857142857144,104.0,0.0,0.0,3.7142857142857144,104.0
qwen25_15b,945,msc_valid,42,recency_keep_compress_drop,0.35,28,3.75,105.0,0.0,0.0,3.75,105.0
qwen25_15b,945,msc_valid,42,uniform,0.5,28,3.75,105.0,0.0,0.0,3.75,105.0
qwen25_15b,945,msc_valid,42,longllmlingua,0.5,28,3.767857142857143,105.5,0.0,0.0,3.767857142857143,105.5
qwen25_15b,945,msc_valid,42,recency,0.5,28,3.767857142857143,105.5,0.0,0.0,3.767857142857143,105.5
qwen25_15b,945,msc_valid,42,lexical_tfidf,0.5,28,3.7857142857142856,106.0,0.0,0.0,3.7857142857142856,106.0
qwen25_15b,945,msc_valid,42,recency_keep_compress_drop,0.5,28,3.732142857142857,104.5,0.0,0.0,3.732142857142857,104.5
qwen25_15b,945,msc_valid,46,uniform,0.2,21,4.261904761904762,89.5,0.0,0.0,4.261904761904762,89.5
qwen25_15b,945,msc_valid,46,longllmlingua,0.2,21,4.4523809523809526,93.5,0.0,0.0,4.4523809523809526,93.5
qwen25_15b,945,msc_valid,46,recency,0.2,21,4.404761904761905,92.5,0.0,0.0,4.404761904761905,92.5
qwen25_15b,945,msc_valid,46,lexical_tfidf,0.2,21,4.357142857142857,91.5,0.0,0.0,4.357142857142857,91.5
qwen25_15b,945,msc_valid,46,recency_keep_compress_drop,0.2,21,4.309523809523809,90.5,0.0,0.0,4.309523809523809,90.5
qwen25_15b,945,msc_valid,46,uniform,0.35,21,4.261904761904762,89.5,0.0,0.0,4.261904761904762,89.5
qwen25_15b,945,msc_valid,46,longllmlingua,0.35,21,4.428571428571429,93.0,0.0,0.0,4.428571428571429,93.0
qwen25_15b,945,msc_valid,46,recency,0.35,21,4.380952380952381,92.0,0.0,0.0,4.380952380952381,92.0
qwen25_15b,945,msc_valid,46,lexical_tfidf,0.35,21,4.309523809523809,90.5,0.0,0.0,4.309523809523809,90.5
qwen25_15b,945,msc_valid,46,recency_keep_compress_drop,0.35,21,4.357142857142857,91.5,0.0,0.0,4.357142857142857,91.5
qwen25_15b,945,msc_valid,46,uniform,0.5,21,4.166666666666667,87.5,0.0,0.0,4.166666666666667,87.5
qwen25_15b,945,msc_valid,46,longllmlingua,0.5,21,4.4523809523809526,93.5,0.0,0.0,4.4523809523809526,93.5
qwen25_15b,945,msc_valid,46,recency,0.5,0,0.0,0.0,0.0,0.0,0.0,0.0
qwen25_15b,945,msc_valid,46,lexical_tfidf,0.5,0,0.0,0.0,0.0,0.0,0.0,0.0
qwen25_15b,945,msc_valid,46,recency_keep_compress_drop,0.5,0,0.0,0.0,0.0,0.0,0.0,0.0
qwen25_15b,945,msc_valid,48,uniform,0.2,15,5.2,78.0,0.0,0.0,5.2,78.0
qwen25_15b,945,msc_valid,48,longllmlingua,0.2,15,5.166666666666667,77.5,0.0,0.0,5.166666666666667,77.5
qwen25_15b,945,msc_valid,48,recency,0.2,15,5.1,76.5,0.0,0.0,5.1,76.5
qwen25_15b,945,msc_valid,48,lexical_tfidf,0.2,15,5.1,76.5,0.0,0.0,5.1,76.5
qwen25_15b,945,msc_valid,48,recency_keep_compress_drop,0.2,15,5.066666666666666,76.0,0.0,0.0,5.066666666666666,76.0
qwen25_15b,945,msc_valid,48,uniform,0.35,15,5.166666666666667,77.5,0.0,0.0,5.166666666666667,77.5
qwen25_15b,945,msc_valid,48,longllmlingua,0.35,15,5.166666666666667,77.5,0.0,0.0,5.166666666666667,77.5
qwen25_15b,945,msc_valid,48,recency,0.35,15,5.066666666666666,76.0,0.0,0.0,5.066666666666666,76.0
qwen25_15b,945,msc_valid,48,lexical_tfidf,0.35,15,5.133333333333334,77.0,0.0,0.0,5.133333333333334,77.0
qwen25_15b,945,msc_valid,48,recency_keep_compress_drop,0.35,15,5.1,76.5,0.0,0.0,5.1,76.5
qwen25_15b,945,msc_valid,48,uniform,0.5,15,5.2,78.0,0.0,0.0,5.2,78.0
qwen25_15b,945,msc_valid,48,longllmlingua,0.5,15,5.133333333333334,77.0,0.0,0.0,5.133333333333334,77.0
qwen25_15b,945,msc_valid,48,recency,0.5,0,0.0,0.0,0.0,0.0,0.0,0.0
qwen25_15b,945,msc_valid,48,lexical_tfidf,0.5,0,0.0,0.0,0.0,0.0,0.0,0.0
qwen25_15b,945,msc_valid,48,recency_keep_compress_drop,0.5,0,0.0,0.0,0.0,0.0,0.0,0.0
qwen25_15b,945,msc_valid,52,uniform,0.2,31,2.4193548387096775,75.0,0.0,0.0,2.4193548387096775,75.0
qwen25_15b,945,msc_valid,52,longllmlingua,0.2,31,2.7580645161290325,85.5,0.0,0.0,2.7580645161290325,85.5
qwen25_15b,945,msc_valid,52,recency,0.2,31,2.4838709677419355,77.0,0.0,0.0,2.4838709677419355,77.0
qwen25_15b,945,msc_valid,52,lexical_tfidf,0.2,31,2.4516129032258065,76.0,0.0,0.0,2.4516129032258065,76.0
qwen25_15b,945,msc_valid,52,recency_keep_compress_drop,0.2,31,2.4838709677419355,77.0,0.0,0.0,2.4838709677419355,77.0
qwen25_15b,945,msc_valid,52,uniform,0.35,31,2.5161290322580645,78.0,0.0,0.0,2.5161290322580645,78.0
qwen25_15b,945,msc_valid,52,longllmlingua,0.35,31,2.693548387096774,83.5,0.0,0.0,2.693548387096774,83.5
qwen25_15b,945,msc_valid,52,recency,0.35,0,0.0,0.0,0.0,0.0,0.0,0.0
qwen25_15b,945,msc_valid,52,lexical_tfidf,0.35,0,0.0,0.0,0.0,0.0,0.0,0.0
qwen25_15b,945,msc_valid,52,recency_keep_compress_drop,0.35,0,0.0,0.0,0.0,0.0,0.0,0.0
qwen25_15b,945,msc_valid,52,uniform,0.5,31,2.4193548387096775,75.0,0.0,0.0,2.4193548387096775,75.0
qwen25_15b,945,msc_valid,52,longllmlingua,0.5,31,2.629032258064516,81.5,0.0,0.0,2.629032258064516,81.5
qwen25_15b,945,msc_valid,52,recency,0.5,0,0.0,0.0,0.0,0.0,0.0,0.0
qwen25_15b,945,msc_valid,52,lexical_tfidf,0.5,0,0.0,0.0,0.0,0.0,0.0,0.0
qwen25_15b,945,msc_valid,52,recency_keep_compress_drop,0.5,0,0.0,0.0,0.0,0.0,0.0,0.0
qwen25_15b,945,msc_valid,56,uniform,0.2,40,2.775,111.0,0.0,0.0,2.775,111.0
qwen25_15b,945,msc_valid,56,longllmlingua,0.2,40,2.8875,115.5,0.0,0.0,2.8875,115.5
qwen25_15b,945,msc_valid,56,recency,0.2,0,0.0,0.0,0.0,0.0,0.0,0.0
qwen25_15b,945,msc_valid,56,lexical_tfidf,0.2,0,0.0,0.0,0.0,0.0,0.0,0.0
qwen25_15b,945,msc_valid,56,recency_keep_compress_drop,0.2,0,0.0,0.0,0.0,0.0,0.0,0.0
qwen25_15b,945,msc_valid,56,uniform,0.35,40,2.7375,109.5,0.0,0.0,2.7375,109.5
qwen25_15b,945,msc_valid,56,longllmlingua,0.35,40,2.9125,116.5,0.0,0.0,2.9125,116.5
qwen25_15b,945,msc_valid,56,recency,0.35,0,0.0,0.0,0.0,0.0,0.0,0.0
qwen25_15b,945,msc_valid,56,lexical_tfidf,0.35,0,0.0,0.0,0.0,0.0,0.0,0.0
qwen25_15b,945,msc_valid,56,recency_keep_compress_drop,0.35,0,0.0,0.0,0.0,0.0,0.0,0.0
qwen25_15b,945,msc_valid,56,uniform,0.5,40,2.775,111.0,0.0,0.0,2.775,111.0
qwen25_15b,945,msc_valid,56,longllmlingua,0.5,40,2.8625,114.5,0.0,0.0,2.8625,114.5
qwen25_15b,945,msc_valid,56,recency,0.5,0,0.0,0.0,0.0,0.0,0.0,0.0
qwen25_15b,945,msc_valid,56,lexical_tfidf,0.5,0,0.0,0.0,0.0,0.0,0.0,0.0
qwen25_15b,945,msc_valid,56,recency_keep_compress_drop,0.5,0,0.0,0.0,0.0,0.0,0.0,0.0
qwen25_15b,945,msc_valid,60,uniform,0.2,49,2.673469387755102,131.0,0.0,0.0,2.673469387755102,131.0
qwen25_15b,945,msc_valid,60,longllmlingua,0.2,49,2.979591836734694,146.0,0.0,0.0,2.979591836734694,146.0
qwen25_15b,945,msc_valid,60,recency,0.2,0,0.0,0.0,0.0,0.0,0.0,0.0
qwen25_15b,945,msc_valid,60,lexical_tfidf,0.2,0,0.0,0.0,0.0,0.0,0.0,0.0
qwen25_15b,945,msc_valid,60,recency_keep_compress_drop,0.2,0,0.0,0.0,0.0,0.0,0.0,0.0
qwen25_15b,945,msc_valid,60,uniform,0.35,49,2.673469387755102,131.0,0.0,0.0,2.673469387755102,131.0
qwen25_15b,945,msc_valid,60,longllmlingua,0.35,49,2.9183673469387754,143.0,0.0,0.0,2.9183673469387754,143.0
qwen25_15b,945,msc_valid,60,recency,0.35,0,0.0,0.0,0.0,0.0,0.0,0.0
qwen25_15b,945,msc_valid,60,lexical_tfidf,0.35,0,0.0,0.0,0.0,0.0,0.0,0.0
qwen25_15b,945,msc_valid,60,recency_keep_compress_drop,0.35,0,0.0,0.0,0.0,0.0,0.0,0.0
qwen25_15b,945,msc_valid,60,uniform,0.5,49,2.7551020408163267,135.0,0.0,0.0,2.7551020408163267,135.0
qwen25_15b,945,msc_valid,60,longllmlingua,0.5,49,2.857142857142857,140.0,0.0,0.0,2.857142857142857,140.0
qwen25_15b,945,msc_valid,60,recency,0.5,0,0.0,0.0,0.0,0.0,0.0,0.0
qwen25_15b,945,msc_valid,60,lexical_tfidf,0.5,0,0.0,0.0,0.0,0.0,0.0,0.0
qwen25_15b,945,msc_valid,60,recency_keep_compress_drop,0.5,0,0.0,0.0,0.0,0.0,0.0,0.0
qwen25_15b,948,msc_valid,4,uniform,0.2,13,2.7884615384615383,36.25,2.5576923076923075,33.25,0.23076923076923084,3.0
qwen25_15b,948,msc_valid,4,longllmlingua,0.2,13,2.298076923076923,29.875,2.5576923076923075,33.25,-0.2596153846153846,-3.375
qwen25_15b,948,msc_valid,4,recency,0.2,13,2.7884615384615383,36.25,2.5576923076923075,33.25,0.23076923076923084,3.0
qwen25_15b,948,msc_valid,4,lexical_tfidf,0.2,13,2.7884615384615383,36.25,2.5576923076923075,33.25,0.23076923076923084,3.0
qwen25_15b,948,msc_valid,4,recency_keep_compress_drop,0.2,13,2.7884615384615383,36.25,2.5576923076923075,33.25,0.23076923076923084,3.0
qwen25_15b,948,msc_valid,4,uniform,0.35,13,2.7884615384615383,36.25,2.5576923076923075,33.25,0.23076923076923084,3.0
qwen25_15b,948,msc_valid,4,longllmlingua,0.35,13,2.3461538461538463,30.5,2.5576923076923075,33.25,-0.21153846153846123,-2.75
qwen25_15b,948,msc_valid,4,recency,0.35,13,2.7884615384615383,36.25,2.5576923076923075,33.25,0.23076923076923084,3.0
qwen25_15b,948,msc_valid,4,lexical_tfidf,0.35,13,2.7884615384615383,36.25,2.5576923076923075,33.25,0.23076923076923084,3.0
qwen25_15b,948,msc_valid,4,recency_keep_compress_drop,0.35,13,2.7884615384615383,36.25,2.5576923076923075,33.25,0.23076923076923084,3.0
qwen25_15b,948,msc_valid,4,uniform,0.5,13,2.7884615384615383,36.25,2.5576923076923075,33.25,0.23076923076923084,3.0
qwen25_15b,948,msc_valid,4,longllmlingua,0.5,13,2.25,29.25,2.5576923076923075,33.25,-0.3076923076923075,-4.0
qwen25_15b,948,msc_valid,4,recency,0.5,13,2.7884615384615383,36.25,2.5576923076923075,33.25,0.23076923076923084,3.0
qwen25_15b,948,msc_valid,4,lexical_tfidf,0.5,13,2.7884615384615383,36.25,2.5576923076923075,33.25,0.23076923076923084,3.0
qwen25_15b,948,msc_valid,4,recency_keep_compress_drop,0.5,13,2.7884615384615383,36.25,2.5576923076923075,33.25,0.23076923076923084,3.0
qwen25_15b,948,msc_valid,6,uniform,0.2,21,3.3095238095238093,69.5,3.4523809523809526,72.5,-0.14285714285714324,-3.0
qwen25_15b,948,msc_valid,6,longllmlingua,0.2,21,3.1904761904761907,67.0,3.4523809523809526,72.5,-0.26190476190476186,-5.5
qwen25_15b,948,msc_valid,6,recency,0.2,21,3.3333333333333335,70.0,3.4523809523809526,72.5,-0.11904761904761907,-2.5
qwen25_15b,948,msc_valid,6,lexical_tfidf,0.2,21,3.3095238095238093,69.5,3.4523809523809526,72.5,-0.14285714285714324,-3.0
qwen25_15b,948,msc_valid,6,recency_keep_compress_drop,0.2,21,3.3095238095238093,69.5,3.4523809523809526,72.5,-0.14285714285714324,-3.0
qwen25_15b,948,msc_valid,6,uniform,0.35,21,3.3095238095238093,69.5,3.4523809523809526,72.5,-0.14285714285714324,-3.0
qwen25_15b,948,msc_valid,6,longllmlingua,0.35,21,3.3095238095238093,69.5,3.4523809523809526,72.5,-0.14285714285714324,-3.0
qwen25_15b,948,msc_valid,6,recency,0.35,21,3.3333333333333335,70.0,3.4523809523809526,72.5,-0.11904761904761907,-2.5
qwen25_15b,948,msc_valid,6,lexical_tfidf,0.35,21,3.3333333333333335,70.0,3.4523809523809526,72.5,-0.11904761904761907,-2.5
qwen25_15b,948,msc_valid,6,recency_keep_compress_drop,0.35,21,3.3333333333333335,70.0,3.4523809523809526,72.5,-0.11904761904761907,-2.5
qwen25_15b,948,msc_valid,6,uniform,0.5,21,3.3333333333333335,70.0,3.4523809523809526,72.5,-0.11904761904761907,-2.5
qwen25_15b,948,msc_valid,6,longllmlingua,0.5,21,3.2142857142857144,67.5,3.4523809523809526,72.5,-0.23809523809523814,-5.0
qwen25_15b,948,msc_valid,6,recency,0.5,21,3.5238095238095237,74.0,3.4523809523809526,72.5,0.07142857142857117,1.5
qwen25_15b,948,msc_valid,6,lexical_tfidf,0.5,21,3.380952380952381,71.0,3.4523809523809526,72.5,-0.07142857142857162,-1.5
qwen25_15b,948,msc_valid,6,recency_keep_compress_drop,0.5,21,3.380952380952381,71.0,3.4523809523809526,72.5,-0.07142857142857162,-1.5
qwen25_15b,948,msc_valid,8,uniform,0.2,21,3.119047619047619,65.5,2.630952380952381,55.25,0.48809523809523814,10.25
qwen25_15b,948,msc_valid,8,longllmlingua,0.2,21,2.75,57.75,2.630952380952381,55.25,0.11904761904761907,2.5
qwen25_15b,948,msc_valid,8,recency,0.2,21,3.1904761904761907,67.0,2.630952380952381,55.25,0.5595238095238098,11.75
qwen25_15b,948,msc_valid,8,lexical_tfidf,0.2,21,3.0476190476190474,64.0,2.630952380952381,55.25,0.4166666666666665,8.75
qwen25_15b,948,msc_valid,8,recency_keep_compress_drop,0.2,21,3.1904761904761907,67.0,2.630952380952381,55.25,0.5595238095238098,11.75
qwen25_15b,948,msc_valid,8,uniform,0.35,21,3.1904761904761907,67.0,2.630952380952381,55.25,0.5595238095238098,11.75
qwen25_15b,948,msc_valid,8,longllmlingua,0.35,21,2.7023809523809526,56.75,2.630952380952381,55.25,0.07142857142857162,1.5
qwen25_15b,948,msc_valid,8,recency,0.35,21,3.0357142857142856,63.75,2.630952380952381,55.25,0.40476190476190466,8.5
qwen25_15b,948,msc_valid,8,lexical_tfidf,0.35,21,2.857142857142857,60.0,2.630952380952381,55.25,0.22619047619047628,4.75
qwen25_15b,948,msc_valid,8,recency_keep_compress_drop,0.35,21,2.892857142857143,60.75,2.630952380952381,55.25,0.26190476190476186,5.5
qwen25_15b,948,msc_valid,8,uniform,0.5,21,2.9285714285714284,61.5,2.630952380952381,55.25,0.29761904761904745,6.25
qwen25_15b,948,msc_valid,8,longllmlingua,0.5,21,2.619047619047619,55.0,2.630952380952381,55.25,-0.011904761904761862,-0.25
qwen25_15b,948,msc_valid,8,recency,0.5,21,2.8214285714285716,59.25,2.630952380952381,55.25,0.1904761904761907,4.0
qwen25_15b,948,msc_valid,8,lexical_tfidf,0.5,21,2.7857142857142856,58.5,2.630952380952381,55.25,0.15476190476190466,3.25
qwen25_15b,948,msc_valid,8,recency_keep_compress_drop,0.5,21,2.7857142857142856,58.5,2.630952380952381,55.25,0.15476190476190466,3.25
qwen25_15b,948,msc_valid,10,uniform,0.2,14,4.339285714285714,60.75,3.2142857142857144,45.0,1.125,15.75
qwen25_15b,948,msc_valid,10,longllmlingua,0.2,14,3.6964285714285716,51.75,3.2142857142857144,45.0,0.4821428571428572,6.75
qwen25_15b,948,msc_valid,10,recency,0.2,14,4.25,59.5,3.2142857142857144,45.0,1.0357142857142856,14.5
qwen25_15b,948,msc_valid,10,lexical_tfidf,0.2,14,3.8392857142857144,53.75,3.2142857142857144,45.0,0.625,8.75
qwen25_15b,948,msc_valid,10,recency_keep_compress_drop,0.2,14,4.107142857142857,57.5,3.2142857142857144,45.0,0.8928571428571423,12.5
qwen25_15b,948,msc_valid,10,uniform,0.35,14,4.089285714285714,57.25,3.2142857142857144,45.0,0.875,12.25
qwen25_15b,948,msc_valid,10,longllmlingua,0.35,14,3.732142857142857,52.25,3.2142857142857144,45.0,0.5178571428571428,7.25
qwen25_15b,948,msc_valid,10,recency,0.35,14,3.5535714285714284,49.75,3.2142857142857144,45.0,0.33928571428571397,4.75
qwen25_15b,948,msc_valid,10,lexical_tfidf,0.35,14,3.5357142857142856,49.5,3.2142857142857144,45.0,0.3214285714285712,4.5
qwen25_15b,948,msc_valid,10,recency_keep_compress_drop,0.35,14,3.767857142857143,52.75,3.2142857142857144,45.0,0.5535714285714284,7.75
qwen25_15b,948,msc_valid,10,uniform,0.5,14,3.857142857142857,54.0,3.2142857142857144,45.0,0.6428571428571428,9.0
qwen25_15b,948,msc_valid,10,longllmlingua,0.5,14,3.4642857142857144,48.5,3.2142857142857144,45.0,0.25,3.5
qwen25_15b,948,msc_valid,10,recency,0.5,14,3.4285714285714284,48.0,3.2142857142857144,45.0,0.21428571428571397,3.0
qwen25_15b,948,msc_valid,10,lexical_tfidf,0.5,14,3.4464285714285716,48.25,3.2142857142857144,45.0,0.2321428571428572,3.25
qwen25_15b,948,msc_valid,10,recency_keep_compress_drop,0.5,14,3.642857142857143,51.0,3.2142857142857144,45.0,0.4285714285714284,6.0
qwen25_15b,948,msc_valid,12,uniform,0.2,10,4.0,40.0,3.425,34.25,0.5750000000000002,5.75
qwen25_15b,948,msc_valid,12,longllmlingua,0.2,10,3.275,32.75,3.425,34.25,-0.1499999999999999,-1.5
qwen25_15b,948,msc_valid,12,recency,0.2,10,4.125,41.25,3.425,34.25,0.7000000000000002,7.0
qwen25_15b,948,msc_valid,12,lexical_tfidf,0.2,10,3.6,36.0,3.425,34.25,0.17500000000000027,1.75
qwen25_15b,948,msc_valid,12,recency_keep_compress_drop,0.2,10,3.725,37.25,3.425,34.25,0.30000000000000027,3.0
qwen25_15b,948,msc_valid,12,uniform,0.35,10,4.075,40.75,3.425,34.25,0.6500000000000004,6.5
qwen25_15b,948,msc_valid,12,longllmlingua,0.35,10,3.475,34.75,3.425,34.25,0.050000000000000266,0.5
qwen25_15b,948,msc_valid,12,recency,0.35,10,3.75,37.5,3.425,34.25,0.3250000000000002,3.25
qwen25_15b,948,msc_valid,12,lexical_tfidf,0.35,10,3.55,35.5,3.425,34.25,0.125,1.25
qwen25_15b,948,msc_valid,12,recency_keep_compress_drop,0.35,10,3.7,37.0,3.425,34.25,0.27500000000000036,2.75
qwen25_15b,948,msc_valid,12,uniform,0.5,10,3.85,38.5,3.425,34.25,0.42500000000000027,4.25
qwen25_15b,948,msc_valid,12,longllmlingua,0.5,10,3.3,33.0,3.425,34.25,-0.125,-1.25
qwen25_15b,948,msc_valid,12,recency,0.5,10,3.725,37.25,3.425,34.25,0.30000000000000027,3.0
qwen25_15b,948,msc_valid,12,lexical_tfidf,0.5,10,3.55,35.5,3.425,34.25,0.125,1.25
qwen25_15b,948,msc_valid,12,recency_keep_compress_drop,0.5,10,3.35,33.5,3.425,34.25,-0.07499999999999973,-0.75
qwen25_15b,948,msc_valid,14,uniform,0.2,16,2.921875,46.75,1.984375,31.75,0.9375,15.0
qwen25_15b,948,msc_valid,14,longllmlingua,0.2,16,2.296875,36.75,1.984375,31.75,0.3125,5.0
qwen25_15b,948,msc_valid,14,recency,0.2,16,2.421875,38.75,1.984375,31.75,0.4375,7.0
qwen25_15b,948,msc_valid,14,lexical_tfidf,0.2,16,2.546875,40.75,1.984375,31.75,0.5625,9.0
qwen25_15b,948,msc_valid,14,recency_keep_compress_drop,0.2,16,2.375,38.0,1.984375,31.75,0.390625,6.25
qwen25_15b,948,msc_valid,14,uniform,0.35,16,2.359375,37.75,1.984375,31.75,0.375,6.0
qwen25_15b,948,msc_valid,14,longllmlingua,0.35,16,2.328125,37.25,1.984375,31.75,0.34375,5.5
qwen25_15b,948,msc_valid,14,recency,0.35,16,2.328125,37.25,1.984375,31.75,0.34375,5.5
qwen25_15b,948,msc_valid,14,lexical_tfidf,0.35,16,2.34375,37.5,1.984375,31.75,0.359375,5.75
qwen25_15b,948,msc_valid,14,recency_keep_compress_drop,0.35,16,2.296875,36.75,1.984375,31.75,0.3125,5.0
qwen25_15b,948,msc_valid,14,uniform,0.5,16,2.46875,39.5,1.984375,31.75,0.484375,7.75
qwen25_15b,948,msc_valid,14,longllmlingua,0.5,16,2.203125,35.25,1.984375,31.75,0.21875,3.5
qwen25_15b,948,msc_valid,14,recency,0.5,16,2.109375,33.75,1.984375,31.75,0.125,2.0
qwen25_15b,948,msc_valid,14,lexical_tfidf,0.5,16,2.09375,33.5,1.984375,31.75,0.109375,1.75
qwen25_15b,948,msc_valid,14,recency_keep_compress_drop,0.5,16,2.0,32.0,1.984375,31.75,0.015625,0.25
qwen25_15b,957,msc_valid,4,uniform,0.2,14,3.0892857142857144,43.25,2.6785714285714284,37.5,0.41071428571428603,5.75
qwen25_15b,957,msc_valid,4,longllmlingua,0.2,14,2.2857142857142856,32.0,2.6785714285714284,37.5,-0.3928571428571428,-5.5
qwen25_15b,957,msc_valid,4,recency,0.2,14,3.0892857142857144,43.25,2.6785714285714284,37.5,0.41071428571428603,5.75
qwen25_15b,957,msc_valid,4,lexical_tfidf,0.2,14,3.0892857142857144,43.25,2.6785714285714284,37.5,0.41071428571428603,5.75
qwen25_15b,957,msc_valid,4,recency_keep_compress_drop,0.2,14,3.0892857142857144,43.25,2.6785714285714284,37.5,0.41071428571428603,5.75
qwen25_15b,957,msc_valid,4,uniform,0.35,14,2.9107142857142856,40.75,2.6785714285714284,37.5,0.2321428571428572,3.25
qwen25_15b,957,msc_valid,4,longllmlingua,0.35,14,2.392857142857143,33.5,2.6785714285714284,37.5,-0.2857142857142856,-4.0
qwen25_15b,957,msc_valid,4,recency,0.35,14,2.9107142857142856,40.75,2.6785714285714284,37.5,0.2321428571428572,3.25
qwen25_15b,957,msc_valid,4,lexical_tfidf,0.35,14,2.9107142857142856,40.75,2.6785714285714284,37.5,0.2321428571428572,3.25
qwen25_15b,957,msc_valid,4,recency_keep_compress_drop,0.35,14,2.9107142857142856,40.75,2.6785714285714284,37.5,0.2321428571428572,3.25
qwen25_15b,957,msc_valid,4,uniform,0.5,14,2.9107142857142856,40.75,2.6785714285714284,37.5,0.2321428571428572,3.25
qwen25_15b,957,msc_valid,4,longllmlingua,0.5,14,2.25,31.5,2.6785714285714284,37.5,-0.4285714285714284,-6.0
qwen25_15b,957,msc_valid,4,recency,0.5,14,2.9107142857142856,40.75,2.6785714285714284,37.5,0.2321428571428572,3.25
qwen25_15b,957,msc_valid,4,lexical_tfidf,0.5,14,2.9107142857142856,40.75,2.6785714285714284,37.5,0.2321428571428572,3.25
qwen25_15b,957,msc_valid,4,recency_keep_compress_drop,0.5,14,2.9107142857142856,40.75,2.6785714285714284,37.5,0.2321428571428572,3.25
qwen25_15b,957,msc_valid,8,uniform,0.2,15,1.4666666666666666,22.0,0.975,14.625,0.4916666666666666,7.375
qwen25_15b,957,msc_valid,8,longllmlingua,0.2,15,1.55,23.25,0.975,14.625,0.5750000000000001,8.625
qwen25_15b,957,msc_valid,8,recency,0.2,15,1.5833333333333333,23.75,0.975,14.625,0.6083333333333333,9.125
qwen25_15b,957,msc_valid,8,lexical_tfidf,0.2,15,1.3583333333333334,20.375,0.975,14.625,0.3833333333333334,5.75
qwen25_15b,957,msc_valid,8,recency_keep_compress_drop,0.2,15,1.5833333333333333,23.75,0.975,14.625,0.6083333333333333,9.125
qwen25_15b,957,msc_valid,8,uniform,0.35,15,1.4,21.0,0.975,14.625,0.42499999999999993,6.375
qwen25_15b,957,msc_valid,8,longllmlingua,0.35,15,1.5083333333333333,22.625,0.975,14.625,0.5333333333333333,8.0
qwen25_15b,957,msc_valid,8,recency,0.35,15,1.375,20.625,0.975,14.625,0.4,6.0
qwen25_15b,957,msc_valid,8,lexical_tfidf,0.35,15,1.2333333333333334,18.5,0.975,14.625,0.2583333333333334,3.875
qwen25_15b,957,msc_valid,8,recency_keep_compress_drop,0.35,15,1.375,20.625,0.975,14.625,0.4,6.0
qwen25_15b,957,msc_valid,8,uniform,0.5,15,1.325,19.875,0.975,14.625,0.35,5.25
qwen25_15b,957,msc_valid,8,longllmlingua,0.5,15,1.4833333333333334,22.25,0.975,14.625,0.5083333333333334,7.625
qwen25_15b,957,msc_valid,8,recency,0.5,15,1.275,19.125,0.975,14.625,0.29999999999999993,4.5
qwen25_15b,957,msc_valid,8,lexical_tfidf,0.5,15,1.2166666666666666,18.25,0.975,14.625,0.24166666666666659,3.625
qwen25_15b,957,msc_valid,8,recency_keep_compress_drop,0.5,15,1.175,17.625,0.975,14.625,0.20000000000000007,3.0
qwen25_15b,957,msc_valid,12,uniform,0.2,15,4.266666666666667,64.0,3.8333333333333335,57.5,0.4333333333333331,6.5
qwen25_15b,957,msc_valid,12,longllmlingua,0.2,15,3.933333333333333,59.0,3.8333333333333335,57.5,0.09999999999999964,1.5
qwen25_15b,957,msc_valid,12,recency,0.2,15,4.266666666666667,64.0,3.8333333333333335,57.5,0.4333333333333331,6.5
qwen25_15b,957,msc_valid,12,lexical_tfidf,0.2,15,4.366666666666666,65.5,3.8333333333333335,57.5,0.5333333333333328,8.0
qwen25_15b,957,msc_valid,12,recency_keep_compress_drop,0.2,15,4.266666666666667,64.0,3.8333333333333335,57.5,0.4333333333333331,6.5
qwen25_15b,957,msc_valid,12,uniform,0.35,15,3.9833333333333334,59.75,3.8333333333333335,57.5,0.1499999999999999,2.25
qwen25_15b,957,msc_valid,12,longllmlingua,0.35,15,3.8333333333333335,57.5,3.8333333333333335,57.5,0.0,0.0
qwen25_15b,957,msc_valid,12,recency,0.35,15,4.333333333333333,65.0,3.8333333333333335,57.5,0.49999999999999956,7.5
qwen25_15b,957,msc_valid,12,lexical_tfidf,0.35,15,3.966666666666667,59.5,3.8333333333333335,57.5,0.1333333333333333,2.0
qwen25_15b,957,msc_valid,12,recency_keep_compress_drop,0.35,15,4.216666666666667,63.25,3.8333333333333335,57.5,0.3833333333333333,5.75
qwen25_15b,957,msc_valid,12,uniform,0.5,15,3.75,56.25,3.8333333333333335,57.5,-0.08333333333333348,-1.25
qwen25_15b,957,msc_valid,12,longllmlingua,0.5,15,3.2666666666666666,49.0,3.8333333333333335,57.5,-0.5666666666666669,-8.5
qwen25_15b,957,msc_valid,12,recency,0.5,15,4.25,63.75,3.8333333333333335,57.5,0.4166666666666665,6.25
qwen25_15b,957,msc_valid,12,lexical_tfidf,0.5,15,3.85,57.75,3.8333333333333335,57.5,0.016666666666666607,0.25
qwen25_15b,957,msc_valid,12,recency_keep_compress_drop,0.5,15,3.7666666666666666,56.5,3.8333333333333335,57.5,-0.06666666666666687,-1.0
qwen25_15b,957,msc_valid,16,uniform,0.2,20,3.8,76.0,2.9,58.0,0.8999999999999999,18.0
qwen25_15b,957,msc_valid,16,longllmlingua,0.2,20,3.25,65.0,2.9,58.0,0.3500000000000001,7.0
qwen25_15b,957,msc_valid,16,recency,0.2,20,3.975,79.5,2.9,58.0,1.0750000000000002,21.5
qwen25_15b,957,msc_valid,16,lexical_tfidf,0.2,20,3.9,78.0,2.9,58.0,1.0,20.0
qwen25_15b,957,msc_valid,16,recency_keep_compress_drop,0.2,20,3.8,76.0,2.9,58.0,0.8999999999999999,18.0
qwen25_15b,957,msc_valid,16,uniform,0.35,20,3.55,71.0,2.9,58.0,0.6499999999999999,13.0
qwen25_15b,957,msc_valid,16,longllmlingua,0.35,20,3.15,63.0,2.9,58.0,0.25,5.0
qwen25_15b,957,msc_valid,16,recency,0.35,20,3.85,77.0,2.9,58.0,0.9500000000000002,19.0
qwen25_15b,957,msc_valid,16,lexical_tfidf,0.35,20,3.65,73.0,2.9,58.0,0.75,15.0
qwen25_15b,957,msc_valid,16,recency_keep_compress_drop,0.35,20,3.65,73.0,2.9,58.0,0.75,15.0
qwen25_15b,957,msc_valid,16,uniform,0.5,20,3.625,72.5,2.9,58.0,0.7250000000000001,14.5
qwen25_15b,957,msc_valid,16,longllmlingua,0.5,20,2.95,59.0,2.9,58.0,0.050000000000000266,1.0
qwen25_15b,957,msc_valid,16,recency,0.5,20,3.85,77.0,2.9,58.0,0.9500000000000002,19.0
qwen25_15b,957,msc_valid,16,lexical_tfidf,0.5,20,3.0875,61.75,2.9,58.0,0.1875,3.75
qwen25_15b,957,msc_valid,16,recency_keep_compress_drop,0.5,20,3.675,73.5,2.9,58.0,0.7749999999999999,15.5
qwen25_15b,957,msc_valid,20,uniform,0.2,38,2.723684210526316,103.5,2.4078947368421053,91.5,0.3157894736842106,12.0
qwen25_15b,957,msc_valid,20,longllmlingua,0.2,38,2.6447368421052633,100.5,2.4078947368421053,91.5,0.23684210526315796,9.0
qwen25_15b,957,msc_valid,20,recency,0.2,38,2.789473684210526,106.0,2.4078947368421053,91.5,0.3815789473684208,14.5
qwen25_15b,957,msc_valid,20,lexical_tfidf,0.2,38,2.8684210526315788,109.0,2.4078947368421053,91.5,0.46052631578947345,17.5
qwen25_15b,957,msc_valid,20,recency_keep_compress_drop,0.2,38,2.8421052631578947,108.0,2.4078947368421053,91.5,0.4342105263157894,16.5
qwen25_15b,957,msc_valid,20,uniform,0.35,38,2.539473684210526,96.5,2.4078947368421053,91.5,0.1315789473684208,5.0
qwen25_15b,957,msc_valid,20,longllmlingua,0.35,38,2.4473684210526314,93.0,2.4078947368421053,91.5,0.039473684210526105,1.5
qwen25_15b,957,msc_valid,20,recency,0.35,38,2.736842105263158,104.0,2.4078947368421053,91.5,0.32894736842105265,12.5
qwen25_15b,957,msc_valid,20,lexical_tfidf,0.35,38,2.5526315789473686,97.0,2.4078947368421053,91.5,0.14473684210526327,5.5
qwen25_15b,957,msc_valid,20,recency_keep_compress_drop,0.35,38,2.8289473684210527,107.5,2.4078947368421053,91.5,0.42105263157894735,16.0
qwen25_15b,957,msc_valid,20,uniform,0.5,38,2.513157894736842,95.5,2.4078947368421053,91.5,0.10526315789473673,4.0
qwen25_15b,957,msc_valid,20,longllmlingua,0.5,38,2.473684210526316,94.0,2.4078947368421053,91.5,0.06578947368421062,2.5
qwen25_15b,957,msc_valid,20,recency,0.5,38,2.710526315789474,103.0,2.4078947368421053,91.5,0.3026315789473686,11.5
qwen25_15b,957,msc_valid,20,lexical_tfidf,0.5,38,2.460526315789474,93.5,2.4078947368421053,91.5,0.052631578947368585,2.0
qwen25_15b,957,msc_valid,20,recency_keep_compress_drop,0.5,38,2.486842105263158,94.5,2.4078947368421053,91.5,0.07894736842105265,3.0
qwen25_15b,957,msc_valid,24,uniform,0.2,23,2.8043478260869565,64.5,2.608695652173913,60.0,0.19565217391304346,4.5
qwen25_15b,957,msc_valid,24,longllmlingua,0.2,23,2.6847826086956523,61.75,2.608695652173913,60.0,0.07608695652173925,1.75
qwen25_15b,957,msc_valid,24,recency,0.2,23,2.739130434782609,63.0,2.608695652173913,60.0,0.1304347826086958,3.0
qwen25_15b,957,msc_valid,24,lexical_tfidf,0.2,23,2.7717391304347827,63.75,2.608695652173913,60.0,0.16304347826086962,3.75
qwen25_15b,957,msc_valid,24,recency_keep_compress_drop,0.2,23,2.760869565217391,63.5,2.608695652173913,60.0,0.15217391304347805,3.5
qwen25_15b,957,msc_valid,24,uniform,0.35,23,2.760869565217391,63.5,2.608695652173913,60.0,0.15217391304347805,3.5
qwen25_15b,957,msc_valid,24,longllmlingua,0.35,23,2.597826086956522,59.75,2.608695652173913,60.0,-0.01086956521739113,-0.25
qwen25_15b,957,msc_valid,24,recency,0.35,23,2.6847826086956523,61.75,2.608695652173913,60.0,0.07608695652173925,1.75
qwen25_15b,957,msc_valid,24,lexical_tfidf,0.35,23,2.7282608695652173,62.75,2.608695652173913,60.0,0.11956521739130421,2.75
qwen25_15b,957,msc_valid,24,recency_keep_compress_drop,0.35,23,2.7065217391304346,62.25,2.608695652173913,60.0,0.09782608695652151,2.25
qwen25_15b,957,msc_valid,24,uniform,0.5,23,2.760869565217391,63.5,2.608695652173913,60.0,0.15217391304347805,3.5
qwen25_15b,957,msc_valid,24,longllmlingua,0.5,23,2.5434782608695654,58.5,2.608695652173913,60.0,-0.06521739130434767,-1.5
qwen25_15b,957,msc_valid,24,recency,0.5,23,2.630434782608696,60.5,2.608695652173913,60.0,0.021739130434782705,0.5
qwen25_15b,957,msc_valid,24,lexical_tfidf,0.5,23,2.760869565217391,63.5,2.608695652173913,60.0,0.15217391304347805,3.5
qwen25_15b,957,msc_valid,24,recency_keep_compress_drop,0.5,23,2.6847826086956523,61.75,2.608695652173913,60.0,0.07608695652173925,1.75
qwen25_15b,957,msc_valid,28,uniform,0.2,8,2.734375,21.875,2.609375,20.875,0.125,1.0
qwen25_15b,957,msc_valid,28,longllmlingua,0.2,8,2.703125,21.625,2.609375,20.875,0.09375,0.75
qwen25_15b,957,msc_valid,28,recency,0.2,8,2.640625,21.125,2.609375,20.875,0.03125,0.25
qwen25_15b,957,msc_valid,28,lexical_tfidf,0.2,8,2.703125,21.625,2.609375,20.875,0.09375,0.75
qwen25_15b,957,msc_valid,28,recency_keep_compress_drop,0.2,8,2.75,22.0,2.609375,20.875,0.140625,1.125
qwen25_15b,957,msc_valid,28,uniform,0.35,8,2.796875,22.375,2.609375,20.875,0.1875,1.5
qwen25_15b,957,msc_valid,28,longllmlingua,0.35,8,2.6875,21.5,2.609375,20.875,0.078125,0.625
qwen25_15b,957,msc_valid,28,recency,0.35,8,2.59375,20.75,2.609375,20.875,-0.015625,-0.125
qwen25_15b,957,msc_valid,28,lexical_tfidf,0.35,8,2.671875,21.375,2.609375,20.875,0.0625,0.5
qwen25_15b,957,msc_valid,28,recency_keep_compress_drop,0.35,8,2.78125,22.25,2.609375,20.875,0.171875,1.375
qwen25_15b,957,msc_valid,28,uniform,0.5,8,2.65625,21.25,2.609375,20.875,0.046875,0.375
qwen25_15b,957,msc_valid,28,longllmlingua,0.5,8,2.796875,22.375,2.609375,20.875,0.1875,1.5
qwen25_15b,957,msc_valid,28,recency,0.5,8,2.625,21.0,2.609375,20.875,0.015625,0.125
qwen25_15b,957,msc_valid,28,lexical_tfidf,0.5,8,2.59375,20.75,2.609375,20.875,-0.015625,-0.125
qwen25_15b,957,msc_valid,28,recency_keep_compress_drop,0.5,8,2.609375,20.875,2.609375,20.875,0.0,0.0
qwen25_15b,957,msc_valid,32,uniform,0.2,23,4.173913043478261,96.0,4.239130434782608,97.5,-0.06521739130434767,-1.5
qwen25_15b,957,msc_valid,32,longllmlingua,0.2,23,4.021739130434782,92.5,4.239130434782608,97.5,-0.21739130434782616,-5.0
qwen25_15b,957,msc_valid,32,recency,0.2,23,4.391304347826087,101.0,4.239130434782608,97.5,0.1521739130434785,3.5
qwen25_15b,957,msc_valid,32,lexical_tfidf,0.2,23,4.282608695652174,98.5,4.239130434782608,97.5,0.04347826086956541,1.0
qwen25_15b,957,msc_valid,32,recency_keep_compress_drop,0.2,23,4.217391304347826,97.0,4.239130434782608,97.5,-0.02173913043478226,-0.5
qwen25_15b,957,msc_valid,32,uniform,0.35,23,4.0,92.0,4.239130434782608,97.5,-0.23913043478260843,-5.5
qwen25_15b,957,msc_valid,32,longllmlingua,0.35,23,4.021739130434782,92.5,4.239130434782608,97.5,-0.21739130434782616,-5.0
qwen25_15b,957,msc_valid,32,recency,0.35,23,4.304347826086956,99.0,4.239130434782608,97.5,0.06521739130434767,1.5
qwen25_15b,957,msc_valid,32,lexical_tfidf,0.35,23,4.195652173913044,96.5,4.239130434782608,97.5,-0.04347826086956452,-1.0
qwen25_15b,957,msc_valid,32,recency_keep_compress_drop,0.35,23,4.239130434782608,97.5,4.239130434782608,97.5,0.0,0.0
qwen25_15b,957,msc_valid,32,uniform,0.5,23,4.086956521739131,94.0,4.239130434782608,97.5,-0.1521739130434776,-3.5
qwen25_15b,957,msc_valid,32,longllmlingua,0.5,23,3.9782608695652173,91.5,4.239130434782608,97.5,-0.26086956521739113,-6.0
qwen25_15b,957,msc_valid,32,recency,0.5,23,4.282608695652174,98.5,4.239130434782608,97.5,0.04347826086956541,1.0
qwen25_15b,957,msc_valid,32,lexical_tfidf,0.5,23,4.239130434782608,97.5,4.239130434782608,97.5,0.0,0.0
qwen25_15b,957,msc_valid,32,recency_keep_compress_drop,0.5,23,4.260869565217392,98.0,4.239130434782608,97.5,0.02173913043478315,0.5
qwen25_15b,957,msc_valid,34,uniform,0.2,15,3.25,48.75,3.183333333333333,47.75,0.06666666666666687,1.0
qwen25_15b,957,msc_valid,34,longllmlingua,0.2,15,3.1666666666666665,47.5,3.183333333333333,47.75,-0.016666666666666607,-0.25
qwen25_15b,957,msc_valid,34,recency,0.2,15,3.3833333333333333,50.75,3.183333333333333,47.75,0.20000000000000018,3.0
qwen25_15b,957,msc_valid,34,lexical_tfidf,0.2,15,3.2,48.0,3.183333333333333,47.75,0.01666666666666705,0.25
qwen25_15b,957,msc_valid,34,recency_keep_compress_drop,0.2,15,3.3666666666666667,50.5,3.183333333333333,47.75,0.18333333333333357,2.75
qwen25_15b,957,msc_valid,34,uniform,0.35,15,3.2666666666666666,49.0,3.183333333333333,47.75,0.08333333333333348,1.25
qwen25_15b,957,msc_valid,34,longllmlingua,0.35,15,3.2,48.0,3.183333333333333,47.75,0.01666666666666705,0.25
qwen25_15b,957,msc_valid,34,recency,0.35,15,3.2666666666666666,49.0,3.183333333333333,47.75,0.08333333333333348,1.25
qwen25_15b,957,msc_valid,34,lexical_tfidf,0.35,15,3.2666666666666666,49.0,3.183333333333333,47.75,0.08333333333333348,1.25
qwen25_15b,957,msc_valid,34,recency_keep_compress_drop,0.35,15,3.316666666666667,49.75,3.183333333333333,47.75,0.13333333333333375,2.0
qwen25_15b,957,msc_valid,34,uniform,0.5,15,3.216666666666667,48.25,3.183333333333333,47.75,0.03333333333333366,0.5
qwen25_15b,957,msc_valid,34,longllmlingua,0.5,15,3.15,47.25,3.183333333333333,47.75,-0.033333333333333215,-0.5
qwen25_15b,957,msc_valid,34,recency,0.5,15,3.216666666666667,48.25,3.183333333333333,47.75,0.03333333333333366,0.5
qwen25_15b,957,msc_valid,34,lexical_tfidf,0.5,15,3.2,48.0,3.183333333333333,47.75,0.01666666666666705,0.25
qwen25_15b,957,msc_valid,34,recency_keep_compress_drop,0.5,15,3.3,49.5,3.183333333333333,47.75,0.1166666666666667,1.75
qwen25_15b,957,msc_valid,38,uniform,0.2,22,3.3863636363636362,74.5,0.0,0.0,3.3863636363636362,74.5
qwen25_15b,957,msc_valid,38,longllmlingua,0.2,22,3.5454545454545454,78.0,0.0,0.0,3.5454545454545454,78.0
qwen25_15b,957,msc_valid,38,recency,0.2,22,3.1136363636363638,68.5,0.0,0.0,3.1136363636363638,68.5
qwen25_15b,957,msc_valid,38,lexical_tfidf,0.2,22,3.477272727272727,76.5,0.0,0.0,3.477272727272727,76.5
qwen25_15b,957,msc_valid,38,recency_keep_compress_drop,0.2,22,3.2045454545454546,70.5,0.0,0.0,3.2045454545454546,70.5
qwen25_15b,957,msc_valid,38,uniform,0.35,22,3.340909090909091,73.5,0.0,0.0,3.340909090909091,73.5
qwen25_15b,957,msc_valid,38,longllmlingua,0.35,22,3.409090909090909,75.0,0.0,0.0,3.409090909090909,75.0
qwen25_15b,957,msc_valid,38,recency,0.35,22,3.0681818181818183,67.5,0.0,0.0,3.0681818181818183,67.5
qwen25_15b,957,msc_valid,38,lexical_tfidf,0.35,22,3.227272727272727,71.0,0.0,0.0,3.227272727272727,71.0
qwen25_15b,957,msc_valid,38,recency_keep_compress_drop,0.35,22,3.2045454545454546,70.5,0.0,0.0,3.2045454545454546,70.5
qwen25_15b,957,msc_valid,38,uniform,0.5,22,3.340909090909091,73.5,0.0,0.0,3.340909090909091,73.5
qwen25_15b,957,msc_valid,38,longllmlingua,0.5,22,3.272727272727273,72.0,0.0,0.0,3.272727272727273,72.0
qwen25_15b,957,msc_valid,38,recency,0.5,22,3.022727272727273,66.5,0.0,0.0,3.022727272727273,66.5
qwen25_15b,957,msc_valid,38,lexical_tfidf,0.5,22,3.25,71.5,0.0,0.0,3.25,71.5
qwen25_15b,957,msc_valid,38,recency_keep_compress_drop,0.5,22,3.022727272727273,66.5,0.0,0.0,3.022727272727273,66.5
qwen25_15b,957,msc_valid,42,uniform,0.2,16,1.3984375,22.375,0.0,0.0,1.3984375,22.375
qwen25_15b,957,msc_valid,42,longllmlingua,0.2,16,1.59375,25.5,0.0,0.0,1.59375,25.5
qwen25_15b,957,msc_valid,42,recency,0.2,16,1.6953125,27.125,0.0,0.0,1.6953125,27.125
qwen25_15b,957,msc_valid,42,lexical_tfidf,0.2,16,1.5390625,24.625,0.0,0.0,1.5390625,24.625
qwen25_15b,957,msc_valid,42,recency_keep_compress_drop,0.2,16,1.6015625,25.625,0.0,0.0,1.6015625,25.625
qwen25_15b,957,msc_valid,42,uniform,0.35,16,1.359375,21.75,0.0,0.0,1.359375,21.75
qwen25_15b,957,msc_valid,42,longllmlingua,0.35,16,1.4765625,23.625,0.0,0.0,1.4765625,23.625
qwen25_15b,957,msc_valid,42,recency,0.35,16,1.6015625,25.625,0.0,0.0,1.6015625,25.625
qwen25_15b,957,msc_valid,42,lexical_tfidf,0.35,16,1.3515625,21.625,0.0,0.0,1.3515625,21.625
qwen25_15b,957,msc_valid,42,recency_keep_compress_drop,0.35,16,1.53125,24.5,0.0,0.0,1.53125,24.5
qwen25_15b,957,msc_valid,42,uniform,0.5,16,1.28125,20.5,0.0,0.0,1.28125,20.5
qwen25_15b,957,msc_valid,42,longllmlingua,0.5,16,1.375,22.0,0.0,0.0,1.375,22.0
qwen25_15b,957,msc_valid,42,recency,0.5,16,1.515625,24.25,0.0,0.0,1.515625,24.25
qwen25_15b,957,msc_valid,42,lexical_tfidf,0.5,16,1.4921875,23.875,0.0,0.0,1.4921875,23.875
qwen25_15b,957,msc_valid,42,recency_keep_compress_drop,0.5,16,1.5234375,24.375,0.0,0.0,1.5234375,24.375
qwen25_15b,957,msc_valid,46,uniform,0.2,43,1.7093023255813953,73.5,0.0,0.0,1.7093023255813953,73.5
qwen25_15b,957,msc_valid,46,longllmlingua,0.2,43,1.6744186046511629,72.0,0.0,0.0,1.6744186046511629,72.0
qwen25_15b,957,msc_valid,46,recency,0.2,43,1.8837209302325582,81.0,0.0,0.0,1.8837209302325582,81.0
qwen25_15b,957,msc_valid,46,lexical_tfidf,0.2,43,1.813953488372093,78.0,0.0,0.0,1.813953488372093,78.0
qwen25_15b,957,msc_valid,46,recency_keep_compress_drop,0.2,43,1.8372093023255813,79.0,0.0,0.0,1.8372093023255813,79.0
qwen25_15b,957,msc_valid,46,uniform,0.35,43,1.7674418604651163,76.0,0.0,0.0,1.7674418604651163,76.0
qwen25_15b,957,msc_valid,46,longllmlingua,0.35,43,1.686046511627907,72.5,0.0,0.0,1.686046511627907,72.5
qwen25_15b,957,msc_valid,46,recency,0.35,43,1.8255813953488371,78.5,0.0,0.0,1.8255813953488371,78.5
qwen25_15b,957,msc_valid,46,lexical_tfidf,0.35,43,1.7674418604651163,76.0,0.0,0.0,1.7674418604651163,76.0
qwen25_15b,957,msc_valid,46,recency_keep_compress_drop,0.35,43,1.7790697674418605,76.5,0.0,0.0,1.7790697674418605,76.5
qwen25_15b,957,msc_valid,46,uniform,0.5,43,1.7790697674418605,76.5,0.0,0.0,1.7790697674418605,76.5
qwen25_15b,957,msc_valid,46,longllmlingua,0.5,43,1.697674418604651,73.0,0.0,0.0,1.697674418604651,73.0
qwen25_15b,957,msc_valid,46,recency,0.5,43,1.7674418604651163,76.0,0.0,0.0,1.7674418604651163,76.0
qwen25_15b,957,msc_valid,46,lexical_tfidf,0.5,43,1.755813953488372,75.5,0.0,0.0,1.755813953488372,75.5
qwen25_15b,957,msc_valid,46,recency_keep_compress_drop,0.5,43,1.7790697674418605,76.5,0.0,0.0,1.7790697674418605,76.5
qwen25_15b,957,msc_valid,50,uniform,0.2,39,2.4615384615384617,96.0,0.0,0.0,2.4615384615384617,96.0
qwen25_15b,957,msc_valid,50,longllmlingua,0.2,39,2.4871794871794872,97.0,0.0,0.0,2.4871794871794872,97.0
qwen25_15b,957,msc_valid,50,recency,0.2,39,2.4871794871794872,97.0,0.0,0.0,2.4871794871794872,97.0
qwen25_15b,957,msc_valid,50,lexical_tfidf,0.2,39,2.4615384615384617,96.0,0.0,0.0,2.4615384615384617,96.0
qwen25_15b,957,msc_valid,50,recency_keep_compress_drop,0.2,39,2.4615384615384617,96.0,0.0,0.0,2.4615384615384617,96.0
qwen25_15b,957,msc_valid,50,uniform,0.35,39,2.4871794871794872,97.0,0.0,0.0,2.4871794871794872,97.0
qwen25_15b,957,msc_valid,50,longllmlingua,0.35,39,2.4743589743589745,96.5,0.0,0.0,2.4743589743589745,96.5
qwen25_15b,957,msc_valid,50,recency,0.35,39,2.4871794871794872,97.0,0.0,0.0,2.4871794871794872,97.0
qwen25_15b,957,msc_valid,50,lexical_tfidf,0.35,39,2.4743589743589745,96.5,0.0,0.0,2.4743589743589745,96.5
qwen25_15b,957,msc_valid,50,recency_keep_compress_drop,0.35,39,2.4615384615384617,96.0,0.0,0.0,2.4615384615384617,96.0
qwen25_15b,957,msc_valid,50,uniform,0.5,39,2.4358974358974357,95.0,0.0,0.0,2.4358974358974357,95.0
qwen25_15b,957,msc_valid,50,longllmlingua,0.5,39,2.5,97.5,0.0,0.0,2.5,97.5
qwen25_15b,957,msc_valid,50,recency,0.5,39,2.4743589743589745,96.5,0.0,0.0,2.4743589743589745,96.5
qwen25_15b,957,msc_valid,50,lexical_tfidf,0.5,39,2.4871794871794872,97.0,0.0,0.0,2.4871794871794872,97.0
qwen25_15b,957,msc_valid,50,recency_keep_compress_drop,0.5,39,2.4871794871794872,97.0,0.0,0.0,2.4871794871794872,97.0
qwen25_15b,957,msc_valid,54,uniform,0.2,42,2.8214285714285716,118.5,0.0,0.0,2.8214285714285716,118.5
qwen25_15b,957,msc_valid,54,longllmlingua,0.2,42,2.8095238095238093,118.0,0.0,0.0,2.8095238095238093,118.0
qwen25_15b,957,msc_valid,54,recency,0.2,42,2.8333333333333335,119.0,0.0,0.0,2.8333333333333335,119.0
qwen25_15b,957,msc_valid,54,lexical_tfidf,0.2,42,2.7738095238095237,116.5,0.0,0.0,2.7738095238095237,116.5
qwen25_15b,957,msc_valid,54,recency_keep_compress_drop,0.2,42,2.8333333333333335,119.0,0.0,0.0,2.8333333333333335,119.0
qwen25_15b,957,msc_valid,54,uniform,0.35,42,2.8095238095238093,118.0,0.0,0.0,2.8095238095238093,118.0
qwen25_15b,957,msc_valid,54,longllmlingua,0.35,42,2.7738095238095237,116.5,0.0,0.0,2.7738095238095237,116.5
qwen25_15b,957,msc_valid,54,recency,0.35,42,2.8214285714285716,118.5,0.0,0.0,2.8214285714285716,118.5
qwen25_15b,957,msc_valid,54,lexical_tfidf,0.35,42,2.8214285714285716,118.5,0.0,0.0,2.8214285714285716,118.5
qwen25_15b,957,msc_valid,54,recency_keep_compress_drop,0.35,42,2.8333333333333335,119.0,0.0,0.0,2.8333333333333335,119.0
qwen25_15b,957,msc_valid,54,uniform,0.5,42,2.869047619047619,120.5,0.0,0.0,2.869047619047619,120.5
qwen25_15b,957,msc_valid,54,longllmlingua,0.5,42,2.8214285714285716,118.5,0.0,0.0,2.8214285714285716,118.5
qwen25_15b,957,msc_valid,54,recency,0.5,0,0.0,0.0,0.0,0.0,0.0,0.0
qwen25_15b,957,msc_valid,54,lexical_tfidf,0.5,0,0.0,0.0,0.0,0.0,0.0,0.0
qwen25_15b,957,msc_valid,54,recency_keep_compress_drop,0.5,0,0.0,0.0,0.0,0.0,0.0,0.0
qwen25_15b,957,msc_valid,58,uniform,0.2,44,3.227272727272727,142.0,0.0,0.0,3.227272727272727,142.0
qwen25_15b,957,msc_valid,58,longllmlingua,0.2,44,3.2045454545454546,141.0,0.0,0.0,3.2045454545454546,141.0
qwen25_15b,957,msc_valid,58,recency,0.2,44,3.2045454545454546,141.0,0.0,0.0,3.2045454545454546,141.0
qwen25_15b,957,msc_valid,58,lexical_tfidf,0.2,44,3.227272727272727,142.0,0.0,0.0,3.227272727272727,142.0
qwen25_15b,957,msc_valid,58,recency_keep_compress_drop,0.2,44,3.2045454545454546,141.0,0.0,0.0,3.2045454545454546,141.0
qwen25_15b,957,msc_valid,58,uniform,0.35,44,3.227272727272727,142.0,0.0,0.0,3.227272727272727,142.0
qwen25_15b,957,msc_valid,58,longllmlingua,0.35,44,3.2045454545454546,141.0,0.0,0.0,3.2045454545454546,141.0
qwen25_15b,957,msc_valid,58,recency,0.35,0,0.0,0.0,0.0,0.0,0.0,0.0
qwen25_15b,957,msc_valid,58,lexical_tfidf,0.35,0,0.0,0.0,0.0,0.0,0.0,0.0
qwen25_15b,957,msc_valid,58,recency_keep_compress_drop,0.35,0,0.0,0.0,0.0,0.0,0.0,0.0
qwen25_15b,957,msc_valid,58,uniform,0.5,44,3.227272727272727,142.0,0.0,0.0,3.227272727272727,142.0
qwen25_15b,957,msc_valid,58,longllmlingua,0.5,44,3.2045454545454546,141.0,0.0,0.0,3.2045454545454546,141.0
qwen25_15b,957,msc_valid,58,recency,0.5,0,0.0,0.0,0.0,0.0,0.0,0.0
qwen25_15b,957,msc_valid,58,lexical_tfidf,0.5,0,0.0,0.0,0.0,0.0,0.0,0.0
qwen25_15b,957,msc_valid,58,recency_keep_compress_drop,0.5,0,0.0,0.0,0.0,0.0,0.0,0.0
qwen25_15b,957,msc_valid,62,uniform,0.2,49,2.938775510204082,144.0,0.0,0.0,2.938775510204082,144.0
qwen25_15b,957,msc_valid,62,longllmlingua,0.2,49,2.9591836734693877,145.0,0.0,0.0,2.9591836734693877,145.0
qwen25_15b,957,msc_valid,62,recency,0.2,0,0.0,0.0,0.0,0.0,0.0,0.0
qwen25_15b,957,msc_valid,62,lexical_tfidf,0.2,0,0.0,0.0,0.0,0.0,0.0,0.0
qwen25_15b,957,msc_valid,62,recency_keep_compress_drop,0.2,0,0.0,0.0,0.0,0.0,0.0,0.0
qwen25_15b,957,msc_valid,62,uniform,0.35,49,2.938775510204082,144.0,0.0,0.0,2.938775510204082,144.0
qwen25_15b,957,msc_valid,62,longllmlingua,0.35,49,2.9591836734693877,145.0,0.0,0.0,2.9591836734693877,145.0
qwen25_15b,957,msc_valid,62,recency,0.35,0,0.0,0.0,0.0,0.0,0.0,0.0
qwen25_15b,957,msc_valid,62,lexical_tfidf,0.35,0,0.0,0.0,0.0,0.0,0.0,0.0
qwen25_15b,957,msc_valid,62,recency_keep_compress_drop,0.35,0,0.0,0.0,0.0,0.0,0.0,0.0
qwen25_15b,957,msc_valid,62,uniform,0.5,49,2.938775510204082,144.0,0.0,0.0,2.938775510204082,144.0
qwen25_15b,957,msc_valid,62,longllmlingua,0.5,49,2.979591836734694,146.0,0.0,0.0,2.979591836734694,146.0
qwen25_15b,957,msc_valid,62,recency,0.5,0,0.0,0.0,0.0,0.0,0.0,0.0
qwen25_15b,957,msc_valid,62,lexical_tfidf,0.5,0,0.0,0.0,0.0,0.0,0.0,0.0
qwen25_15b,957,msc_valid,62,recency_keep_compress_drop,0.5,0,0.0,0.0,0.0,0.0,0.0,0.0
