model_key,conversation_id,family,target_turn,policy_name,budget_fraction,answer_token_count,answer_avg_neg_logprob,answer_total_neg_logprob,full_answer_avg_neg_logprob,full_answer_total_neg_logprob,answer_avg_neg_logprob_delta,answer_total_neg_logprob_delta
qwen25_15b,20,msc_valid,4,uniform,0.2,13,2.2596153846153846,29.375,2.519230769230769,32.75,-0.2596153846153846,-3.375
qwen25_15b,20,msc_valid,4,longllmlingua,0.2,13,2.519230769230769,32.75,2.519230769230769,32.75,0.0,0.0
qwen25_15b,20,msc_valid,4,recency,0.2,13,2.2596153846153846,29.375,2.519230769230769,32.75,-0.2596153846153846,-3.375
qwen25_15b,20,msc_valid,4,lexical_tfidf,0.2,13,2.2596153846153846,29.375,2.519230769230769,32.75,-0.2596153846153846,-3.375
qwen25_15b,20,msc_valid,4,recency_keep_compress_drop,0.2,13,2.2596153846153846,29.375,2.519230769230769,32.75,-0.2596153846153846,-3.375
qwen25_15b,20,msc_valid,4,uniform,0.35,13,2.519230769230769,32.75,2.519230769230769,32.75,0.0,0.0
qwen25_15b,20,msc_valid,4,longllmlingua,0.35,13,2.480769230769231,32.25,2.519230769230769,32.75,-0.038461538461538325,-0.5
qwen25_15b,20,msc_valid,4,recency,0.35,13,2.519230769230769,32.75,2.519230769230769,32.75,0.0,0.0
qwen25_15b,20,msc_valid,4,lexical_tfidf,0.35,13,2.519230769230769,32.75,2.519230769230769,32.75,0.0,0.0
qwen25_15b,20,msc_valid,4,recency_keep_compress_drop,0.35,13,2.519230769230769,32.75,2.519230769230769,32.75,0.0,0.0
qwen25_15b,20,msc_valid,4,uniform,0.5,13,2.519230769230769,32.75,2.519230769230769,32.75,0.0,0.0
qwen25_15b,20,msc_valid,4,longllmlingua,0.5,13,2.5961538461538463,33.75,2.519230769230769,32.75,0.0769230769230771,1.0
qwen25_15b,20,msc_valid,4,recency,0.5,13,2.519230769230769,32.75,2.519230769230769,32.75,0.0,0.0
qwen25_15b,20,msc_valid,4,lexical_tfidf,0.5,13,2.519230769230769,32.75,2.519230769230769,32.75,0.0,0.0
qwen25_15b,20,msc_valid,4,recency_keep_compress_drop,0.5,13,2.519230769230769,32.75,2.519230769230769,32.75,0.0,0.0
qwen25_15b,20,msc_valid,8,uniform,0.2,15,4.066666666666666,61.0,3.966666666666667,59.5,0.09999999999999964,1.5
qwen25_15b,20,msc_valid,8,longllmlingua,0.2,15,3.8,57.0,3.966666666666667,59.5,-0.16666666666666696,-2.5
qwen25_15b,20,msc_valid,8,recency,0.2,15,4.1,61.5,3.966666666666667,59.5,0.13333333333333286,2.0
qwen25_15b,20,msc_valid,8,lexical_tfidf,0.2,15,4.033333333333333,60.5,3.966666666666667,59.5,0.06666666666666643,1.0
qwen25_15b,20,msc_valid,8,recency_keep_compress_drop,0.2,15,4.033333333333333,60.5,3.966666666666667,59.5,0.06666666666666643,1.0
qwen25_15b,20,msc_valid,8,uniform,0.35,15,4.066666666666666,61.0,3.966666666666667,59.5,0.09999999999999964,1.5
qwen25_15b,20,msc_valid,8,longllmlingua,0.35,15,3.85,57.75,3.966666666666667,59.5,-0.1166666666666667,-1.75
qwen25_15b,20,msc_valid,8,recency,0.35,15,4.15,62.25,3.966666666666667,59.5,0.18333333333333357,2.75
qwen25_15b,20,msc_valid,8,lexical_tfidf,0.35,15,4.15,62.25,3.966666666666667,59.5,0.18333333333333357,2.75
qwen25_15b,20,msc_valid,8,recency_keep_compress_drop,0.35,15,3.966666666666667,59.5,3.966666666666667,59.5,0.0,0.0
qwen25_15b,20,msc_valid,8,uniform,0.5,15,4.016666666666667,60.25,3.966666666666667,59.5,0.04999999999999982,0.75
qwen25_15b,20,msc_valid,8,longllmlingua,0.5,15,3.8833333333333333,58.25,3.966666666666667,59.5,-0.08333333333333348,-1.25
qwen25_15b,20,msc_valid,8,recency,0.5,15,4.05,60.75,3.966666666666667,59.5,0.08333333333333304,1.25
qwen25_15b,20,msc_valid,8,lexical_tfidf,0.5,15,4.033333333333333,60.5,3.966666666666667,59.5,0.06666666666666643,1.0
qwen25_15b,20,msc_valid,8,recency_keep_compress_drop,0.5,15,4.016666666666667,60.25,3.966666666666667,59.5,0.04999999999999982,0.75
qwen25_15b,20,msc_valid,12,uniform,0.2,17,4.823529411764706,82.0,4.176470588235294,71.0,0.6470588235294112,11.0
qwen25_15b,20,msc_valid,12,longllmlingua,0.2,17,4.411764705882353,75.0,4.176470588235294,71.0,0.23529411764705888,4.0
qwen25_15b,20,msc_valid,12,recency,0.2,17,4.352941176470588,74.0,4.176470588235294,71.0,0.1764705882352935,3.0
qwen25_15b,20,msc_valid,12,lexical_tfidf,0.2,17,4.735294117647059,80.5,4.176470588235294,71.0,0.5588235294117645,9.5
qwen25_15b,20,msc_valid,12,recency_keep_compress_drop,0.2,17,4.4411764705882355,75.5,4.176470588235294,71.0,0.2647058823529411,4.5
qwen25_15b,20,msc_valid,12,uniform,0.35,17,4.794117647058823,81.5,4.176470588235294,71.0,0.617647058823529,10.5
qwen25_15b,20,msc_valid,12,longllmlingua,0.35,17,4.4411764705882355,75.5,4.176470588235294,71.0,0.2647058823529411,4.5
qwen25_15b,20,msc_valid,12,recency,0.35,17,4.294117647058823,73.0,4.176470588235294,71.0,0.117647058823529,2.0
qwen25_15b,20,msc_valid,12,lexical_tfidf,0.35,17,4.5588235294117645,77.5,4.176470588235294,71.0,0.3823529411764701,6.5
qwen25_15b,20,msc_valid,12,recency_keep_compress_drop,0.35,17,4.382352941176471,74.5,4.176470588235294,71.0,0.20588235294117663,3.5
qwen25_15b,20,msc_valid,12,uniform,0.5,17,4.764705882352941,81.0,4.176470588235294,71.0,0.5882352941176467,10.0
qwen25_15b,20,msc_valid,12,longllmlingua,0.5,17,4.382352941176471,74.5,4.176470588235294,71.0,0.20588235294117663,3.5
qwen25_15b,20,msc_valid,12,recency,0.5,17,4.235294117647059,72.0,4.176470588235294,71.0,0.0588235294117645,1.0
qwen25_15b,20,msc_valid,12,lexical_tfidf,0.5,17,4.647058823529412,79.0,4.176470588235294,71.0,0.47058823529411775,8.0
qwen25_15b,20,msc_valid,12,recency_keep_compress_drop,0.5,17,4.235294117647059,72.0,4.176470588235294,71.0,0.0588235294117645,1.0
qwen25_15b,20,msc_valid,16,uniform,0.2,14,2.8214285714285716,39.5,2.080357142857143,29.125,0.7410714285714288,10.375
qwen25_15b,20,msc_valid,16,longllmlingua,0.2,14,2.4285714285714284,34.0,2.080357142857143,29.125,0.3482142857142856,4.875
qwen25_15b,20,msc_valid,16,recency,0.2,14,2.7142857142857144,38.0,2.080357142857143,29.125,0.6339285714285716,8.875
qwen25_15b,20,msc_valid,16,lexical_tfidf,0.2,14,2.3035714285714284,32.25,2.080357142857143,29.125,0.2232142857142856,3.125
qwen25_15b,20,msc_valid,16,recency_keep_compress_drop,0.2,14,2.5714285714285716,36.0,2.080357142857143,29.125,0.4910714285714288,6.875
qwen25_15b,20,msc_valid,16,uniform,0.35,14,2.6607142857142856,37.25,2.080357142857143,29.125,0.5803571428571428,8.125
qwen25_15b,20,msc_valid,16,longllmlingua,0.35,14,2.2232142857142856,31.125,2.080357142857143,29.125,0.1428571428571428,2.0
qwen25_15b,20,msc_valid,16,recency,0.35,14,2.375,33.25,2.080357142857143,29.125,0.2946428571428572,4.125
qwen25_15b,20,msc_valid,16,lexical_tfidf,0.35,14,2.3035714285714284,32.25,2.080357142857143,29.125,0.2232142857142856,3.125
qwen25_15b,20,msc_valid,16,recency_keep_compress_drop,0.35,14,2.1785714285714284,30.5,2.080357142857143,29.125,0.09821428571428559,1.375
qwen25_15b,20,msc_valid,16,uniform,0.5,14,2.517857142857143,35.25,2.080357142857143,29.125,0.4375,6.125
qwen25_15b,20,msc_valid,16,longllmlingua,0.5,14,2.125,29.75,2.080357142857143,29.125,0.044642857142857206,0.625
qwen25_15b,20,msc_valid,16,recency,0.5,14,2.232142857142857,31.25,2.080357142857143,29.125,0.1517857142857144,2.125
qwen25_15b,20,msc_valid,16,lexical_tfidf,0.5,14,2.1964285714285716,30.75,2.080357142857143,29.125,0.11607142857142883,1.625
qwen25_15b,20,msc_valid,16,recency_keep_compress_drop,0.5,14,1.9642857142857142,27.5,2.080357142857143,29.125,-0.1160714285714286,-1.625
qwen25_15b,20,msc_valid,20,uniform,0.2,16,2.359375,37.75,2.046875,32.75,0.3125,5.0
qwen25_15b,20,msc_valid,20,longllmlingua,0.2,16,2.359375,37.75,2.046875,32.75,0.3125,5.0
qwen25_15b,20,msc_valid,20,recency,0.2,16,2.359375,37.75,2.046875,32.75,0.3125,5.0
qwen25_15b,20,msc_valid,20,lexical_tfidf,0.2,16,2.28125,36.5,2.046875,32.75,0.234375,3.75
qwen25_15b,20,msc_valid,20,recency_keep_compress_drop,0.2,16,2.390625,38.25,2.046875,32.75,0.34375,5.5
qwen25_15b,20,msc_valid,20,uniform,0.35,16,2.203125,35.25,2.046875,32.75,0.15625,2.5
qwen25_15b,20,msc_valid,20,longllmlingua,0.35,16,2.265625,36.25,2.046875,32.75,0.21875,3.5
qwen25_15b,20,msc_valid,20,recency,0.35,16,2.34375,37.5,2.046875,32.75,0.296875,4.75
qwen25_15b,20,msc_valid,20,lexical_tfidf,0.35,16,2.125,34.0,2.046875,32.75,0.078125,1.25
qwen25_15b,20,msc_valid,20,recency_keep_compress_drop,0.35,16,2.203125,35.25,2.046875,32.75,0.15625,2.5
qwen25_15b,20,msc_valid,20,uniform,0.5,16,2.171875,34.75,2.046875,32.75,0.125,2.0
qwen25_15b,20,msc_valid,20,longllmlingua,0.5,16,2.171875,34.75,2.046875,32.75,0.125,2.0
qwen25_15b,20,msc_valid,20,recency,0.5,16,2.234375,35.75,2.046875,32.75,0.1875,3.0
qwen25_15b,20,msc_valid,20,lexical_tfidf,0.5,16,2.125,34.0,2.046875,32.75,0.078125,1.25
qwen25_15b,20,msc_valid,20,recency_keep_compress_drop,0.5,16,2.078125,33.25,2.046875,32.75,0.03125,0.5
qwen25_15b,20,msc_valid,24,uniform,0.2,10,2.5875,25.875,1.85,18.5,0.7374999999999998,7.375
qwen25_15b,20,msc_valid,24,longllmlingua,0.2,10,2.175,21.75,1.85,18.5,0.32499999999999973,3.25
qwen25_15b,20,msc_valid,24,recency,0.2,10,2.375,23.75,1.85,18.5,0.5249999999999999,5.25
qwen25_15b,20,msc_valid,24,lexical_tfidf,0.2,10,2.4375,24.375,1.85,18.5,0.5874999999999999,5.875
qwen25_15b,20,msc_valid,24,recency_keep_compress_drop,0.2,10,2.3125,23.125,1.85,18.5,0.4624999999999999,4.625
qwen25_15b,20,msc_valid,24,uniform,0.35,10,2.225,22.25,1.85,18.5,0.375,3.75
qwen25_15b,20,msc_valid,24,longllmlingua,0.35,10,2.4,24.0,1.85,18.5,0.5499999999999998,5.5
qwen25_15b,20,msc_valid,24,recency,0.35,10,2.325,23.25,1.85,18.5,0.4750000000000001,4.75
qwen25_15b,20,msc_valid,24,lexical_tfidf,0.35,10,2.475,24.75,1.85,18.5,0.625,6.25
qwen25_15b,20,msc_valid,24,recency_keep_compress_drop,0.35,10,1.9125,19.125,1.85,18.5,0.0625,0.625
qwen25_15b,20,msc_valid,24,uniform,0.5,10,2.0125,20.125,1.85,18.5,0.1625000000000001,1.625
qwen25_15b,20,msc_valid,24,longllmlingua,0.5,10,2.3,23.0,1.85,18.5,0.44999999999999973,4.5
qwen25_15b,20,msc_valid,24,recency,0.5,10,2.3125,23.125,1.85,18.5,0.4624999999999999,4.625
qwen25_15b,20,msc_valid,24,lexical_tfidf,0.5,10,1.9125,19.125,1.85,18.5,0.0625,0.625
qwen25_15b,20,msc_valid,24,recency_keep_compress_drop,0.5,10,1.8625,18.625,1.85,18.5,0.012499999999999956,0.125
qwen25_15b,20,msc_valid,28,uniform,0.2,24,3.875,93.0,3.2291666666666665,77.5,0.6458333333333335,15.5
qwen25_15b,20,msc_valid,28,longllmlingua,0.2,24,3.3333333333333335,80.0,3.2291666666666665,77.5,0.10416666666666696,2.5
qwen25_15b,20,msc_valid,28,recency,0.2,24,4.25,102.0,3.2291666666666665,77.5,1.0208333333333335,24.5
qwen25_15b,20,msc_valid,28,lexical_tfidf,0.2,24,3.6458333333333335,87.5,3.2291666666666665,77.5,0.41666666666666696,10.0
qwen25_15b,20,msc_valid,28,recency_keep_compress_drop,0.2,24,4.083333333333333,98.0,3.2291666666666665,77.5,0.8541666666666665,20.5
qwen25_15b,20,msc_valid,28,uniform,0.35,24,3.75,90.0,3.2291666666666665,77.5,0.5208333333333335,12.5
qwen25_15b,20,msc_valid,28,longllmlingua,0.35,24,3.3541666666666665,80.5,3.2291666666666665,77.5,0.125,3.0
qwen25_15b,20,msc_valid,28,recency,0.35,24,4.104166666666667,98.5,3.2291666666666665,77.5,0.8750000000000004,21.0
qwen25_15b,20,msc_valid,28,lexical_tfidf,0.35,24,3.5208333333333335,84.5,3.2291666666666665,77.5,0.29166666666666696,7.0
qwen25_15b,20,msc_valid,28,recency_keep_compress_drop,0.35,24,3.8333333333333335,92.0,3.2291666666666665,77.5,0.604166666666667,14.5
qwen25_15b,20,msc_valid,28,uniform,0.5,24,3.7083333333333335,89.0,3.2291666666666665,77.5,0.47916666666666696,11.5
qwen25_15b,20,msc_valid,28,longllmlingua,0.5,24,3.3333333333333335,80.0,3.2291666666666665,77.5,0.10416666666666696,2.5
qwen25_15b,20,msc_valid,28,recency,0.5,24,3.7291666666666665,89.5,3.2291666666666665,77.5,0.5,12.0
qwen25_15b,20,msc_valid,28,lexical_tfidf,0.5,24,3.5208333333333335,84.5,3.2291666666666665,77.5,0.29166666666666696,7.0
qwen25_15b,20,msc_valid,28,recency_keep_compress_drop,0.5,24,3.7708333333333335,90.5,3.2291666666666665,77.5,0.541666666666667,13.0
qwen25_15b,20,msc_valid,32,uniform,0.2,41,3.1463414634146343,129.0,2.8902439024390243,118.5,0.25609756097561,10.5
qwen25_15b,20,msc_valid,32,longllmlingua,0.2,41,3.1707317073170733,130.0,2.8902439024390243,118.5,0.28048780487804903,11.5
qwen25_15b,20,msc_valid,32,recency,0.2,41,2.8902439024390243,118.5,2.8902439024390243,118.5,0.0,0.0
qwen25_15b,20,msc_valid,32,lexical_tfidf,0.2,41,3.0609756097560976,125.5,2.8902439024390243,118.5,0.17073170731707332,7.0
qwen25_15b,20,msc_valid,32,recency_keep_compress_drop,0.2,41,2.926829268292683,120.0,2.8902439024390243,118.5,0.03658536585365857,1.5
qwen25_15b,20,msc_valid,32,uniform,0.35,41,3.1463414634146343,129.0,2.8902439024390243,118.5,0.25609756097561,10.5
qwen25_15b,20,msc_valid,32,longllmlingua,0.35,41,3.1951219512195124,131.0,2.8902439024390243,118.5,0.3048780487804881,12.5
qwen25_15b,20,msc_valid,32,recency,0.35,41,2.817073170731707,115.5,2.8902439024390243,118.5,-0.07317073170731714,-3.0
qwen25_15b,20,msc_valid,32,lexical_tfidf,0.35,41,3.1097560975609757,127.5,2.8902439024390243,118.5,0.21951219512195141,9.0
qwen25_15b,20,msc_valid,32,recency_keep_compress_drop,0.35,41,2.9146341463414633,119.5,2.8902439024390243,118.5,0.024390243902439046,1.0
qwen25_15b,20,msc_valid,32,uniform,0.5,41,3.1951219512195124,131.0,2.8902439024390243,118.5,0.3048780487804881,12.5
qwen25_15b,20,msc_valid,32,longllmlingua,0.5,41,3.1951219512195124,131.0,2.8902439024390243,118.5,0.3048780487804881,12.5
qwen25_15b,20,msc_valid,32,recency,0.5,41,2.8780487804878048,118.0,2.8902439024390243,118.5,-0.012195121951219523,-0.5
qwen25_15b,20,msc_valid,32,lexical_tfidf,0.5,41,3.1707317073170733,130.0,2.8902439024390243,118.5,0.28048780487804903,11.5
qwen25_15b,20,msc_valid,32,recency_keep_compress_drop,0.5,41,2.8658536585365852,117.5,2.8902439024390243,118.5,-0.024390243902439046,-1.0
qwen25_15b,20,msc_valid,34,uniform,0.2,45,2.3555555555555556,106.0,2.2333333333333334,100.5,0.12222222222222223,5.5
qwen25_15b,20,msc_valid,34,longllmlingua,0.2,45,2.3333333333333335,105.0,2.2333333333333334,100.5,0.10000000000000009,4.5
qwen25_15b,20,msc_valid,34,recency,0.2,45,2.3777777777777778,107.0,2.2333333333333334,100.5,0.14444444444444438,6.5
qwen25_15b,20,msc_valid,34,lexical_tfidf,0.2,45,2.3,103.5,2.2333333333333334,100.5,0.06666666666666643,3.0
qwen25_15b,20,msc_valid,34,recency_keep_compress_drop,0.2,45,2.3444444444444446,105.5,2.2333333333333334,100.5,0.11111111111111116,5.0
qwen25_15b,20,msc_valid,34,uniform,0.35,45,2.2666666666666666,102.0,2.2333333333333334,100.5,0.033333333333333215,1.5
qwen25_15b,20,msc_valid,34,longllmlingua,0.35,45,2.3333333333333335,105.0,2.2333333333333334,100.5,0.10000000000000009,4.5
qwen25_15b,20,msc_valid,34,recency,0.35,45,2.3666666666666667,106.5,2.2333333333333334,100.5,0.1333333333333333,6.0
qwen25_15b,20,msc_valid,34,lexical_tfidf,0.35,45,2.311111111111111,104.0,2.2333333333333334,100.5,0.0777777777777775,3.5
qwen25_15b,20,msc_valid,34,recency_keep_compress_drop,0.35,45,2.311111111111111,104.0,2.2333333333333334,100.5,0.0777777777777775,3.5
qwen25_15b,20,msc_valid,34,uniform,0.5,45,2.2888888888888888,103.0,2.2333333333333334,100.5,0.05555555555555536,2.5
qwen25_15b,20,msc_valid,34,longllmlingua,0.5,45,2.2777777777777777,102.5,2.2333333333333334,100.5,0.04444444444444429,2.0
qwen25_15b,20,msc_valid,34,recency,0.5,45,2.3444444444444446,105.5,2.2333333333333334,100.5,0.11111111111111116,5.0
qwen25_15b,20,msc_valid,34,lexical_tfidf,0.5,45,2.3555555555555556,106.0,2.2333333333333334,100.5,0.12222222222222223,5.5
qwen25_15b,20,msc_valid,34,recency_keep_compress_drop,0.5,45,2.2222222222222223,100.0,2.2333333333333334,100.5,-0.011111111111111072,-0.5
qwen25_15b,20,msc_valid,38,uniform,0.2,26,3.3653846153846154,87.5,0.0,0.0,3.3653846153846154,87.5
qwen25_15b,20,msc_valid,38,longllmlingua,0.2,26,3.25,84.5,0.0,0.0,3.25,84.5
qwen25_15b,20,msc_valid,38,recency,0.2,26,3.0384615384615383,79.0,0.0,0.0,3.0384615384615383,79.0
qwen25_15b,20,msc_valid,38,lexical_tfidf,0.2,26,3.3846153846153846,88.0,0.0,0.0,3.3846153846153846,88.0
qwen25_15b,20,msc_valid,38,recency_keep_compress_drop,0.2,26,3.076923076923077,80.0,0.0,0.0,3.076923076923077,80.0
qwen25_15b,20,msc_valid,38,uniform,0.35,26,3.076923076923077,80.0,0.0,0.0,3.076923076923077,80.0
qwen25_15b,20,msc_valid,38,longllmlingua,0.35,26,3.173076923076923,82.5,0.0,0.0,3.173076923076923,82.5
qwen25_15b,20,msc_valid,38,recency,0.35,26,2.980769230769231,77.5,0.0,0.0,2.980769230769231,77.5
qwen25_15b,20,msc_valid,38,lexical_tfidf,0.35,26,3.326923076923077,86.5,0.0,0.0,3.326923076923077,86.5
qwen25_15b,20,msc_valid,38,recency_keep_compress_drop,0.35,26,3.019230769230769,78.5,0.0,0.0,3.019230769230769,78.5
qwen25_15b,20,msc_valid,38,uniform,0.5,26,3.25,84.5,0.0,0.0,3.25,84.5
qwen25_15b,20,msc_valid,38,longllmlingua,0.5,26,3.1346153846153846,81.5,0.0,0.0,3.1346153846153846,81.5
qwen25_15b,20,msc_valid,38,recency,0.5,26,2.8461538461538463,74.0,0.0,0.0,2.8461538461538463,74.0
qwen25_15b,20,msc_valid,38,lexical_tfidf,0.5,26,3.173076923076923,82.5,0.0,0.0,3.173076923076923,82.5
qwen25_15b,20,msc_valid,38,recency_keep_compress_drop,0.5,26,2.8461538461538463,74.0,0.0,0.0,2.8461538461538463,74.0
qwen25_15b,20,msc_valid,42,uniform,0.2,48,2.6666666666666665,128.0,0.0,0.0,2.6666666666666665,128.0
qwen25_15b,20,msc_valid,42,longllmlingua,0.2,48,2.5520833333333335,122.5,0.0,0.0,2.5520833333333335,122.5
qwen25_15b,20,msc_valid,42,recency,0.2,48,2.4375,117.0,0.0,0.0,2.4375,117.0
qwen25_15b,20,msc_valid,42,lexical_tfidf,0.2,48,2.7291666666666665,131.0,0.0,0.0,2.7291666666666665,131.0
qwen25_15b,20,msc_valid,42,recency_keep_compress_drop,0.2,48,2.5104166666666665,120.5,0.0,0.0,2.5104166666666665,120.5
qwen25_15b,20,msc_valid,42,uniform,0.35,48,2.6041666666666665,125.0,0.0,0.0,2.6041666666666665,125.0
qwen25_15b,20,msc_valid,42,longllmlingua,0.35,48,2.5729166666666665,123.5,0.0,0.0,2.5729166666666665,123.5
qwen25_15b,20,msc_valid,42,recency,0.35,48,2.3854166666666665,114.5,0.0,0.0,2.3854166666666665,114.5
qwen25_15b,20,msc_valid,42,lexical_tfidf,0.35,48,2.4583333333333335,118.0,0.0,0.0,2.4583333333333335,118.0
qwen25_15b,20,msc_valid,42,recency_keep_compress_drop,0.35,48,2.5104166666666665,120.5,0.0,0.0,2.5104166666666665,120.5
qwen25_15b,20,msc_valid,42,uniform,0.5,48,2.4791666666666665,119.0,0.0,0.0,2.4791666666666665,119.0
qwen25_15b,20,msc_valid,42,longllmlingua,0.5,48,2.5416666666666665,122.0,0.0,0.0,2.5416666666666665,122.0
qwen25_15b,20,msc_valid,42,recency,0.5,48,2.3958333333333335,115.0,0.0,0.0,2.3958333333333335,115.0
qwen25_15b,20,msc_valid,42,lexical_tfidf,0.5,48,2.4166666666666665,116.0,0.0,0.0,2.4166666666666665,116.0
qwen25_15b,20,msc_valid,42,recency_keep_compress_drop,0.5,48,2.3854166666666665,114.5,0.0,0.0,2.3854166666666665,114.5
qwen25_15b,20,msc_valid,46,uniform,0.2,54,2.5,135.0,0.0,0.0,2.5,135.0
qwen25_15b,20,msc_valid,46,longllmlingua,0.2,54,2.5185185185185186,136.0,0.0,0.0,2.5185185185185186,136.0
qwen25_15b,20,msc_valid,46,recency,0.2,54,2.425925925925926,131.0,0.0,0.0,2.425925925925926,131.0
qwen25_15b,20,msc_valid,46,lexical_tfidf,0.2,54,2.462962962962963,133.0,0.0,0.0,2.462962962962963,133.0
qwen25_15b,20,msc_valid,46,recency_keep_compress_drop,0.2,54,2.4814814814814814,134.0,0.0,0.0,2.4814814814814814,134.0
qwen25_15b,20,msc_valid,46,uniform,0.35,54,2.425925925925926,131.0,0.0,0.0,2.425925925925926,131.0
qwen25_15b,20,msc_valid,46,longllmlingua,0.35,54,2.4814814814814814,134.0,0.0,0.0,2.4814814814814814,134.0
qwen25_15b,20,msc_valid,46,recency,0.35,54,2.4074074074074074,130.0,0.0,0.0,2.4074074074074074,130.0
qwen25_15b,20,msc_valid,46,lexical_tfidf,0.35,54,2.462962962962963,133.0,0.0,0.0,2.462962962962963,133.0
qwen25_15b,20,msc_valid,46,recency_keep_compress_drop,0.35,54,2.4814814814814814,134.0,0.0,0.0,2.4814814814814814,134.0
qwen25_15b,20,msc_valid,46,uniform,0.5,54,2.5185185185185186,136.0,0.0,0.0,2.5185185185185186,136.0
qwen25_15b,20,msc_valid,46,longllmlingua,0.5,54,2.5185185185185186,136.0,0.0,0.0,2.5185185185185186,136.0
qwen25_15b,20,msc_valid,46,recency,0.5,54,2.425925925925926,131.0,0.0,0.0,2.425925925925926,131.0
qwen25_15b,20,msc_valid,46,lexical_tfidf,0.5,54,2.462962962962963,133.0,0.0,0.0,2.462962962962963,133.0
qwen25_15b,20,msc_valid,46,recency_keep_compress_drop,0.5,54,2.425925925925926,131.0,0.0,0.0,2.425925925925926,131.0
qwen25_15b,20,msc_valid,50,uniform,0.2,33,2.8181818181818183,93.0,0.0,0.0,2.8181818181818183,93.0
qwen25_15b,20,msc_valid,50,longllmlingua,0.2,33,2.893939393939394,95.5,0.0,0.0,2.893939393939394,95.5
qwen25_15b,20,msc_valid,50,recency,0.2,33,2.878787878787879,95.0,0.0,0.0,2.878787878787879,95.0
qwen25_15b,20,msc_valid,50,lexical_tfidf,0.2,33,2.909090909090909,96.0,0.0,0.0,2.909090909090909,96.0
qwen25_15b,20,msc_valid,50,recency_keep_compress_drop,0.2,33,2.909090909090909,96.0,0.0,0.0,2.909090909090909,96.0
qwen25_15b,20,msc_valid,50,uniform,0.35,33,2.727272727272727,90.0,0.0,0.0,2.727272727272727,90.0
qwen25_15b,20,msc_valid,50,longllmlingua,0.35,33,2.878787878787879,95.0,0.0,0.0,2.878787878787879,95.0
qwen25_15b,20,msc_valid,50,recency,0.35,33,2.9242424242424243,96.5,0.0,0.0,2.9242424242424243,96.5
qwen25_15b,20,msc_valid,50,lexical_tfidf,0.35,33,2.893939393939394,95.5,0.0,0.0,2.893939393939394,95.5
qwen25_15b,20,msc_valid,50,recency_keep_compress_drop,0.35,33,2.8181818181818183,93.0,0.0,0.0,2.8181818181818183,93.0
qwen25_15b,20,msc_valid,50,uniform,0.5,33,2.712121212121212,89.5,0.0,0.0,2.712121212121212,89.5
qwen25_15b,20,msc_valid,50,longllmlingua,0.5,33,2.878787878787879,95.0,0.0,0.0,2.878787878787879,95.0
qwen25_15b,20,msc_valid,50,recency,0.5,21,2.9047619047619047,61.0,0.0,0.0,2.9047619047619047,61.0
qwen25_15b,20,msc_valid,50,lexical_tfidf,0.5,21,2.988095238095238,62.75,0.0,0.0,2.988095238095238,62.75
qwen25_15b,20,msc_valid,50,recency_keep_compress_drop,0.5,33,2.787878787878788,92.0,0.0,0.0,2.787878787878788,92.0
qwen25_15b,20,msc_valid,54,uniform,0.2,25,2.86,71.5,0.0,0.0,2.86,71.5
qwen25_15b,20,msc_valid,54,longllmlingua,0.2,25,2.8,70.0,0.0,0.0,2.8,70.0
qwen25_15b,20,msc_valid,54,recency,0.2,25,2.82,70.5,0.0,0.0,2.82,70.5
qwen25_15b,20,msc_valid,54,lexical_tfidf,0.2,25,2.84,71.0,0.0,0.0,2.84,71.0
qwen25_15b,20,msc_valid,54,recency_keep_compress_drop,0.2,25,2.86,71.5,0.0,0.0,2.86,71.5
qwen25_15b,20,msc_valid,54,uniform,0.35,25,2.84,71.0,0.0,0.0,2.84,71.0
qwen25_15b,20,msc_valid,54,longllmlingua,0.35,25,2.86,71.5,0.0,0.0,2.86,71.5
qwen25_15b,20,msc_valid,54,recency,0.35,25,2.8,70.0,0.0,0.0,2.8,70.0
qwen25_15b,20,msc_valid,54,lexical_tfidf,0.35,25,2.8,70.0,0.0,0.0,2.8,70.0
qwen25_15b,20,msc_valid,54,recency_keep_compress_drop,0.35,25,2.86,71.5,0.0,0.0,2.86,71.5
qwen25_15b,20,msc_valid,54,uniform,0.5,25,2.78,69.5,0.0,0.0,2.78,69.5
qwen25_15b,20,msc_valid,54,longllmlingua,0.5,25,2.88,72.0,0.0,0.0,2.88,72.0
qwen25_15b,20,msc_valid,54,recency,0.5,0,0.0,0.0,0.0,0.0,0.0,0.0
qwen25_15b,20,msc_valid,54,lexical_tfidf,0.5,0,0.0,0.0,0.0,0.0,0.0,0.0
qwen25_15b,20,msc_valid,54,recency_keep_compress_drop,0.5,0,0.0,0.0,0.0,0.0,0.0,0.0
qwen25_15b,20,msc_valid,58,uniform,0.2,32,2.5625,82.0,0.0,0.0,2.5625,82.0
qwen25_15b,20,msc_valid,58,longllmlingua,0.2,32,2.828125,90.5,0.0,0.0,2.828125,90.5
qwen25_15b,20,msc_valid,58,recency,0.2,32,2.53125,81.0,0.0,0.0,2.53125,81.0
qwen25_15b,20,msc_valid,58,lexical_tfidf,0.2,32,2.53125,81.0,0.0,0.0,2.53125,81.0
qwen25_15b,20,msc_valid,58,recency_keep_compress_drop,0.2,32,2.515625,80.5,0.0,0.0,2.515625,80.5
qwen25_15b,20,msc_valid,58,uniform,0.35,32,2.546875,81.5,0.0,0.0,2.546875,81.5
qwen25_15b,20,msc_valid,58,longllmlingua,0.35,32,2.8125,90.0,0.0,0.0,2.8125,90.0
qwen25_15b,20,msc_valid,58,recency,0.35,0,0.0,0.0,0.0,0.0,0.0,0.0
qwen25_15b,20,msc_valid,58,lexical_tfidf,0.35,10,2.8,28.0,0.0,0.0,2.8,28.0
qwen25_15b,20,msc_valid,58,recency_keep_compress_drop,0.35,0,0.0,0.0,0.0,0.0,0.0,0.0
qwen25_15b,20,msc_valid,58,uniform,0.5,32,2.53125,81.0,0.0,0.0,2.53125,81.0
qwen25_15b,20,msc_valid,58,longllmlingua,0.5,32,2.8125,90.0,0.0,0.0,2.8125,90.0
qwen25_15b,20,msc_valid,58,recency,0.5,0,0.0,0.0,0.0,0.0,0.0,0.0
qwen25_15b,20,msc_valid,58,lexical_tfidf,0.5,0,0.0,0.0,0.0,0.0,0.0,0.0
qwen25_15b,20,msc_valid,58,recency_keep_compress_drop,0.5,0,0.0,0.0,0.0,0.0,0.0,0.0
qwen25_15b,20,msc_valid,62,uniform,0.2,22,3.3636363636363638,74.0,0.0,0.0,3.3636363636363638,74.0
qwen25_15b,20,msc_valid,62,longllmlingua,0.2,22,3.2954545454545454,72.5,0.0,0.0,3.2954545454545454,72.5
qwen25_15b,20,msc_valid,62,recency,0.2,22,3.2045454545454546,70.5,0.0,0.0,3.2045454545454546,70.5
qwen25_15b,20,msc_valid,62,lexical_tfidf,0.2,22,3.25,71.5,0.0,0.0,3.25,71.5
qwen25_15b,20,msc_valid,62,recency_keep_compress_drop,0.2,22,3.227272727272727,71.0,0.0,0.0,3.227272727272727,71.0
qwen25_15b,20,msc_valid,62,uniform,0.35,22,3.2954545454545454,72.5,0.0,0.0,3.2954545454545454,72.5
qwen25_15b,20,msc_valid,62,longllmlingua,0.35,22,3.25,71.5,0.0,0.0,3.25,71.5
qwen25_15b,20,msc_valid,62,recency,0.35,0,0.0,0.0,0.0,0.0,0.0,0.0
qwen25_15b,20,msc_valid,62,lexical_tfidf,0.35,12,3.7708333333333335,45.25,0.0,0.0,3.7708333333333335,45.25
qwen25_15b,20,msc_valid,62,recency_keep_compress_drop,0.35,0,0.0,0.0,0.0,0.0,0.0,0.0
qwen25_15b,20,msc_valid,62,uniform,0.5,0,0.0,0.0,0.0,0.0,0.0,0.0
qwen25_15b,20,msc_valid,62,longllmlingua,0.5,22,3.25,71.5,0.0,0.0,3.25,71.5
qwen25_15b,20,msc_valid,62,recency,0.5,0,0.0,0.0,0.0,0.0,0.0,0.0
qwen25_15b,20,msc_valid,62,lexical_tfidf,0.5,0,0.0,0.0,0.0,0.0,0.0,0.0
qwen25_15b,20,msc_valid,62,recency_keep_compress_drop,0.5,0,0.0,0.0,0.0,0.0,0.0,0.0
qwen25_15b,27,msc_valid,4,uniform,0.2,8,5.40625,43.25,5.0,40.0,0.40625,3.25
qwen25_15b,27,msc_valid,4,longllmlingua,0.2,8,4.53125,36.25,5.0,40.0,-0.46875,-3.75
qwen25_15b,27,msc_valid,4,recency,0.2,8,5.40625,43.25,5.0,40.0,0.40625,3.25
qwen25_15b,27,msc_valid,4,lexical_tfidf,0.2,8,5.40625,43.25,5.0,40.0,0.40625,3.25
qwen25_15b,27,msc_valid,4,recency_keep_compress_drop,0.2,8,5.40625,43.25,5.0,40.0,0.40625,3.25
qwen25_15b,27,msc_valid,4,uniform,0.35,8,5.09375,40.75,5.0,40.0,0.09375,0.75
qwen25_15b,27,msc_valid,4,longllmlingua,0.35,8,4.5625,36.5,5.0,40.0,-0.4375,-3.5
qwen25_15b,27,msc_valid,4,recency,0.35,8,5.09375,40.75,5.0,40.0,0.09375,0.75
qwen25_15b,27,msc_valid,4,lexical_tfidf,0.35,8,5.09375,40.75,5.0,40.0,0.09375,0.75
qwen25_15b,27,msc_valid,4,recency_keep_compress_drop,0.35,8,5.09375,40.75,5.0,40.0,0.09375,0.75
qwen25_15b,27,msc_valid,4,uniform,0.5,8,5.09375,40.75,5.0,40.0,0.09375,0.75
qwen25_15b,27,msc_valid,4,longllmlingua,0.5,8,4.78125,38.25,5.0,40.0,-0.21875,-1.75
qwen25_15b,27,msc_valid,4,recency,0.5,8,5.09375,40.75,5.0,40.0,0.09375,0.75
qwen25_15b,27,msc_valid,4,lexical_tfidf,0.5,8,5.09375,40.75,5.0,40.0,0.09375,0.75
qwen25_15b,27,msc_valid,4,recency_keep_compress_drop,0.5,8,5.09375,40.75,5.0,40.0,0.09375,0.75
qwen25_15b,27,msc_valid,6,uniform,0.2,9,3.5833333333333335,32.25,3.4166666666666665,30.75,0.16666666666666696,1.5
qwen25_15b,27,msc_valid,6,longllmlingua,0.2,9,3.3055555555555554,29.75,3.4166666666666665,30.75,-0.11111111111111116,-1.0
qwen25_15b,27,msc_valid,6,recency,0.2,9,3.7777777777777777,34.0,3.4166666666666665,30.75,0.36111111111111116,3.25
qwen25_15b,27,msc_valid,6,lexical_tfidf,0.2,9,3.5833333333333335,32.25,3.4166666666666665,30.75,0.16666666666666696,1.5
qwen25_15b,27,msc_valid,6,recency_keep_compress_drop,0.2,9,3.7777777777777777,34.0,3.4166666666666665,30.75,0.36111111111111116,3.25
qwen25_15b,27,msc_valid,6,uniform,0.35,9,3.611111111111111,32.5,3.4166666666666665,30.75,0.19444444444444464,1.75
qwen25_15b,27,msc_valid,6,longllmlingua,0.35,9,3.5,31.5,3.4166666666666665,30.75,0.08333333333333348,0.75
qwen25_15b,27,msc_valid,6,recency,0.35,9,3.611111111111111,32.5,3.4166666666666665,30.75,0.19444444444444464,1.75
qwen25_15b,27,msc_valid,6,lexical_tfidf,0.35,9,3.611111111111111,32.5,3.4166666666666665,30.75,0.19444444444444464,1.75
qwen25_15b,27,msc_valid,6,recency_keep_compress_drop,0.35,9,3.611111111111111,32.5,3.4166666666666665,30.75,0.19444444444444464,1.75
qwen25_15b,27,msc_valid,6,uniform,0.5,9,3.75,33.75,3.4166666666666665,30.75,0.3333333333333335,3.0
qwen25_15b,27,msc_valid,6,longllmlingua,0.5,9,3.4444444444444446,31.0,3.4166666666666665,30.75,0.027777777777778123,0.25
qwen25_15b,27,msc_valid,6,recency,0.5,9,3.75,33.75,3.4166666666666665,30.75,0.3333333333333335,3.0
qwen25_15b,27,msc_valid,6,lexical_tfidf,0.5,9,3.75,33.75,3.4166666666666665,30.75,0.3333333333333335,3.0
qwen25_15b,27,msc_valid,6,recency_keep_compress_drop,0.5,9,3.611111111111111,32.5,3.4166666666666665,30.75,0.19444444444444464,1.75
qwen25_15b,27,msc_valid,8,uniform,0.2,10,4.05,40.5,3.4,34.0,0.6499999999999999,6.5
qwen25_15b,27,msc_valid,8,longllmlingua,0.2,10,3.75,37.5,3.4,34.0,0.3500000000000001,3.5
qwen25_15b,27,msc_valid,8,recency,0.2,10,4.175,41.75,3.4,34.0,0.7749999999999999,7.75
qwen25_15b,27,msc_valid,8,lexical_tfidf,0.2,10,4.175,41.75,3.4,34.0,0.7749999999999999,7.75
qwen25_15b,27,msc_valid,8,recency_keep_compress_drop,0.2,10,4.175,41.75,3.4,34.0,0.7749999999999999,7.75
qwen25_15b,27,msc_valid,8,uniform,0.35,10,4.2,42.0,3.4,34.0,0.8000000000000003,8.0
qwen25_15b,27,msc_valid,8,longllmlingua,0.35,10,3.8,38.0,3.4,34.0,0.3999999999999999,4.0
qwen25_15b,27,msc_valid,8,recency,0.35,10,3.7,37.0,3.4,34.0,0.30000000000000027,3.0
qwen25_15b,27,msc_valid,8,lexical_tfidf,0.35,10,3.8,38.0,3.4,34.0,0.3999999999999999,4.0
qwen25_15b,27,msc_valid,8,recency_keep_compress_drop,0.35,10,3.8,38.0,3.4,34.0,0.3999999999999999,4.0
qwen25_15b,27,msc_valid,8,uniform,0.5,10,4.0,40.0,3.4,34.0,0.6000000000000001,6.0
qwen25_15b,27,msc_valid,8,longllmlingua,0.5,10,3.375,33.75,3.4,34.0,-0.02499999999999991,-0.25
qwen25_15b,27,msc_valid,8,recency,0.5,10,3.675,36.75,3.4,34.0,0.2749999999999999,2.75
qwen25_15b,27,msc_valid,8,lexical_tfidf,0.5,10,3.675,36.75,3.4,34.0,0.2749999999999999,2.75
qwen25_15b,27,msc_valid,8,recency_keep_compress_drop,0.5,10,3.675,36.75,3.4,34.0,0.2749999999999999,2.75
qwen25_15b,27,msc_valid,10,uniform,0.2,9,4.055555555555555,36.5,2.3472222222222223,21.125,1.708333333333333,15.375
qwen25_15b,27,msc_valid,10,longllmlingua,0.2,9,4.388888888888889,39.5,2.3472222222222223,21.125,2.041666666666667,18.375
qwen25_15b,27,msc_valid,10,recency,0.2,9,4.277777777777778,38.5,2.3472222222222223,21.125,1.9305555555555554,17.375
qwen25_15b,27,msc_valid,10,lexical_tfidf,0.2,9,5.083333333333333,45.75,2.3472222222222223,21.125,2.7361111111111107,24.625
qwen25_15b,27,msc_valid,10,recency_keep_compress_drop,0.2,9,4.277777777777778,38.5,2.3472222222222223,21.125,1.9305555555555554,17.375
qwen25_15b,27,msc_valid,10,uniform,0.35,9,4.916666666666667,44.25,2.3472222222222223,21.125,2.5694444444444446,23.125
qwen25_15b,27,msc_valid,10,longllmlingua,0.35,9,4.111111111111111,37.0,2.3472222222222223,21.125,1.7638888888888884,15.875
qwen25_15b,27,msc_valid,10,recency,0.35,9,2.9722222222222223,26.75,2.3472222222222223,21.125,0.625,5.625
qwen25_15b,27,msc_valid,10,lexical_tfidf,0.35,9,3.7777777777777777,34.0,2.3472222222222223,21.125,1.4305555555555554,12.875
qwen25_15b,27,msc_valid,10,recency_keep_compress_drop,0.35,9,3.0833333333333335,27.75,2.3472222222222223,21.125,0.7361111111111112,6.625
qwen25_15b,27,msc_valid,10,uniform,0.5,9,4.138888888888889,37.25,2.3472222222222223,21.125,1.791666666666667,16.125
qwen25_15b,27,msc_valid,10,longllmlingua,0.5,9,3.861111111111111,34.75,2.3472222222222223,21.125,1.5138888888888888,13.625
qwen25_15b,27,msc_valid,10,recency,0.5,9,3.013888888888889,27.125,2.3472222222222223,21.125,0.6666666666666665,6.0
qwen25_15b,27,msc_valid,10,lexical_tfidf,0.5,9,4.916666666666667,44.25,2.3472222222222223,21.125,2.5694444444444446,23.125
qwen25_15b,27,msc_valid,10,recency_keep_compress_drop,0.5,9,2.6944444444444446,24.25,2.3472222222222223,21.125,0.3472222222222223,3.125
qwen25_15b,27,msc_valid,12,uniform,0.2,7,3.8035714285714284,26.625,2.1964285714285716,15.375,1.6071428571428568,11.25
qwen25_15b,27,msc_valid,12,longllmlingua,0.2,7,3.517857142857143,24.625,2.1964285714285716,15.375,1.3214285714285712,9.25
qwen25_15b,27,msc_valid,12,recency,0.2,7,3.1785714285714284,22.25,2.1964285714285716,15.375,0.9821428571428568,6.875
qwen25_15b,27,msc_valid,12,lexical_tfidf,0.2,7,3.232142857142857,22.625,2.1964285714285716,15.375,1.0357142857142856,7.25
qwen25_15b,27,msc_valid,12,recency_keep_compress_drop,0.2,7,3.1785714285714284,22.25,2.1964285714285716,15.375,0.9821428571428568,6.875
qwen25_15b,27,msc_valid,12,uniform,0.35,7,3.517857142857143,24.625,2.1964285714285716,15.375,1.3214285714285712,9.25
qwen25_15b,27,msc_valid,12,longllmlingua,0.35,7,3.5,24.5,2.1964285714285716,15.375,1.3035714285714284,9.125
qwen25_15b,27,msc_valid,12,recency,0.35,7,3.0535714285714284,21.375,2.1964285714285716,15.375,0.8571428571428568,6.0
qwen25_15b,27,msc_valid,12,lexical_tfidf,0.35,7,2.9107142857142856,20.375,2.1964285714285716,15.375,0.714285714285714,5.0
qwen25_15b,27,msc_valid,12,recency_keep_compress_drop,0.35,7,2.5357142857142856,17.75,2.1964285714285716,15.375,0.33928571428571397,2.375
qwen25_15b,27,msc_valid,12,uniform,0.5,7,3.0357142857142856,21.25,2.1964285714285716,15.375,0.839285714285714,5.875
qwen25_15b,27,msc_valid,12,longllmlingua,0.5,7,3.375,23.625,2.1964285714285716,15.375,1.1785714285714284,8.25
qwen25_15b,27,msc_valid,12,recency,0.5,7,2.8214285714285716,19.75,2.1964285714285716,15.375,0.625,4.375
qwen25_15b,27,msc_valid,12,lexical_tfidf,0.5,7,2.7857142857142856,19.5,2.1964285714285716,15.375,0.589285714285714,4.125
qwen25_15b,27,msc_valid,12,recency_keep_compress_drop,0.5,7,2.5357142857142856,17.75,2.1964285714285716,15.375,0.33928571428571397,2.375
qwen25_15b,27,msc_valid,14,uniform,0.2,7,3.7857142857142856,26.5,2.8035714285714284,19.625,0.9821428571428572,6.875
qwen25_15b,27,msc_valid,14,longllmlingua,0.2,7,3.625,25.375,2.8035714285714284,19.625,0.8214285714285716,5.75
qwen25_15b,27,msc_valid,14,recency,0.2,7,3.4642857142857144,24.25,2.8035714285714284,19.625,0.660714285714286,4.625
qwen25_15b,27,msc_valid,14,lexical_tfidf,0.2,7,3.767857142857143,26.375,2.8035714285714284,19.625,0.9642857142857144,6.75
qwen25_15b,27,msc_valid,14,recency_keep_compress_drop,0.2,7,3.4642857142857144,24.25,2.8035714285714284,19.625,0.660714285714286,4.625
qwen25_15b,27,msc_valid,14,uniform,0.35,7,3.232142857142857,22.625,2.8035714285714284,19.625,0.4285714285714288,3.0
qwen25_15b,27,msc_valid,14,longllmlingua,0.35,7,3.892857142857143,27.25,2.8035714285714284,19.625,1.0892857142857144,7.625
qwen25_15b,27,msc_valid,14,recency,0.35,7,3.142857142857143,22.0,2.8035714285714284,19.625,0.3392857142857144,2.375
qwen25_15b,27,msc_valid,14,lexical_tfidf,0.35,7,3.5357142857142856,24.75,2.8035714285714284,19.625,0.7321428571428572,5.125
qwen25_15b,27,msc_valid,14,recency_keep_compress_drop,0.35,7,2.9642857142857144,20.75,2.8035714285714284,19.625,0.16071428571428603,1.125
qwen25_15b,27,msc_valid,14,uniform,0.5,7,3.017857142857143,21.125,2.8035714285714284,19.625,0.2142857142857144,1.5
qwen25_15b,27,msc_valid,14,longllmlingua,0.5,7,4.071428571428571,28.5,2.8035714285714284,19.625,1.2678571428571428,8.875
qwen25_15b,27,msc_valid,14,recency,0.5,7,3.1964285714285716,22.375,2.8035714285714284,19.625,0.39285714285714324,2.75
qwen25_15b,27,msc_valid,14,lexical_tfidf,0.5,7,3.9464285714285716,27.625,2.8035714285714284,19.625,1.1428571428571432,8.0
qwen25_15b,27,msc_valid,14,recency_keep_compress_drop,0.5,7,2.8392857142857144,19.875,2.8035714285714284,19.625,0.03571428571428603,0.25
qwen25_15b,35,msc_valid,4,uniform,0.2,10,4.45,44.5,4.375,43.75,0.07500000000000018,0.75
qwen25_15b,35,msc_valid,4,longllmlingua,0.2,10,3.95,39.5,4.375,43.75,-0.4249999999999998,-4.25
qwen25_15b,35,msc_valid,4,recency,0.2,10,4.45,44.5,4.375,43.75,0.07500000000000018,0.75
qwen25_15b,35,msc_valid,4,lexical_tfidf,0.2,10,4.45,44.5,4.375,43.75,0.07500000000000018,0.75
qwen25_15b,35,msc_valid,4,recency_keep_compress_drop,0.2,10,4.45,44.5,4.375,43.75,0.07500000000000018,0.75
qwen25_15b,35,msc_valid,4,uniform,0.35,10,4.325,43.25,4.375,43.75,-0.04999999999999982,-0.5
qwen25_15b,35,msc_valid,4,longllmlingua,0.35,10,4.05,40.5,4.375,43.75,-0.3250000000000002,-3.25
qwen25_15b,35,msc_valid,4,recency,0.35,10,4.325,43.25,4.375,43.75,-0.04999999999999982,-0.5
qwen25_15b,35,msc_valid,4,lexical_tfidf,0.35,10,4.325,43.25,4.375,43.75,-0.04999999999999982,-0.5
qwen25_15b,35,msc_valid,4,recency_keep_compress_drop,0.35,10,4.325,43.25,4.375,43.75,-0.04999999999999982,-0.5
qwen25_15b,35,msc_valid,4,uniform,0.5,10,4.325,43.25,4.375,43.75,-0.04999999999999982,-0.5
qwen25_15b,35,msc_valid,4,longllmlingua,0.5,10,3.725,37.25,4.375,43.75,-0.6499999999999999,-6.5
qwen25_15b,35,msc_valid,4,recency,0.5,10,4.325,43.25,4.375,43.75,-0.04999999999999982,-0.5
qwen25_15b,35,msc_valid,4,lexical_tfidf,0.5,10,4.325,43.25,4.375,43.75,-0.04999999999999982,-0.5
qwen25_15b,35,msc_valid,4,recency_keep_compress_drop,0.5,10,4.325,43.25,4.375,43.75,-0.04999999999999982,-0.5
qwen25_15b,35,msc_valid,6,uniform,0.2,15,3.3333333333333335,50.0,3.2333333333333334,48.5,0.10000000000000009,1.5
qwen25_15b,35,msc_valid,6,longllmlingua,0.2,15,3.2,48.0,3.2333333333333334,48.5,-0.033333333333333215,-0.5
qwen25_15b,35,msc_valid,6,recency,0.2,15,3.2666666666666666,49.0,3.2333333333333334,48.5,0.033333333333333215,0.5
qwen25_15b,35,msc_valid,6,lexical_tfidf,0.2,15,3.2666666666666666,49.0,3.2333333333333334,48.5,0.033333333333333215,0.5
qwen25_15b,35,msc_valid,6,recency_keep_compress_drop,0.2,15,3.3333333333333335,50.0,3.2333333333333334,48.5,0.10000000000000009,1.5
qwen25_15b,35,msc_valid,6,uniform,0.35,15,3.25,48.75,3.2333333333333334,48.5,0.016666666666666607,0.25
qwen25_15b,35,msc_valid,6,longllmlingua,0.35,15,3.15,47.25,3.2333333333333334,48.5,-0.08333333333333348,-1.25
qwen25_15b,35,msc_valid,6,recency,0.35,15,3.35,50.25,3.2333333333333334,48.5,0.1166666666666667,1.75
qwen25_15b,35,msc_valid,6,lexical_tfidf,0.35,15,3.25,48.75,3.2333333333333334,48.5,0.016666666666666607,0.25
qwen25_15b,35,msc_valid,6,recency_keep_compress_drop,0.35,15,3.35,50.25,3.2333333333333334,48.5,0.1166666666666667,1.75
qwen25_15b,35,msc_valid,6,uniform,0.5,15,3.3666666666666667,50.5,3.2333333333333334,48.5,0.1333333333333333,2.0
qwen25_15b,35,msc_valid,6,longllmlingua,0.5,15,3.1666666666666665,47.5,3.2333333333333334,48.5,-0.06666666666666687,-1.0
qwen25_15b,35,msc_valid,6,recency,0.5,15,3.216666666666667,48.25,3.2333333333333334,48.5,-0.016666666666666607,-0.25
qwen25_15b,35,msc_valid,6,lexical_tfidf,0.5,15,3.25,48.75,3.2333333333333334,48.5,0.016666666666666607,0.25
qwen25_15b,35,msc_valid,6,recency_keep_compress_drop,0.5,15,3.2666666666666666,49.0,3.2333333333333334,48.5,0.033333333333333215,0.5
qwen25_15b,35,msc_valid,8,uniform,0.2,8,5.0625,40.5,4.75,38.0,0.3125,2.5
qwen25_15b,35,msc_valid,8,longllmlingua,0.2,8,4.9375,39.5,4.75,38.0,0.1875,1.5
qwen25_15b,35,msc_valid,8,recency,0.2,8,5.09375,40.75,4.75,38.0,0.34375,2.75
qwen25_15b,35,msc_valid,8,lexical_tfidf,0.2,8,5.25,42.0,4.75,38.0,0.5,4.0
qwen25_15b,35,msc_valid,8,recency_keep_compress_drop,0.2,8,5.09375,40.75,4.75,38.0,0.34375,2.75
qwen25_15b,35,msc_valid,8,uniform,0.35,8,5.1875,41.5,4.75,38.0,0.4375,3.5
qwen25_15b,35,msc_valid,8,longllmlingua,0.35,8,4.875,39.0,4.75,38.0,0.125,1.0
qwen25_15b,35,msc_valid,8,recency,0.35,8,4.9375,39.5,4.75,38.0,0.1875,1.5
qwen25_15b,35,msc_valid,8,lexical_tfidf,0.35,8,4.78125,38.25,4.75,38.0,0.03125,0.25
qwen25_15b,35,msc_valid,8,recency_keep_compress_drop,0.35,8,4.875,39.0,4.75,38.0,0.125,1.0
qwen25_15b,35,msc_valid,8,uniform,0.5,8,5.0625,40.5,4.75,38.0,0.3125,2.5
qwen25_15b,35,msc_valid,8,longllmlingua,0.5,8,4.625,37.0,4.75,38.0,-0.125,-1.0
qwen25_15b,35,msc_valid,8,recency,0.5,8,4.90625,39.25,4.75,38.0,0.15625,1.25
qwen25_15b,35,msc_valid,8,lexical_tfidf,0.5,8,5.0625,40.5,4.75,38.0,0.3125,2.5
qwen25_15b,35,msc_valid,8,recency_keep_compress_drop,0.5,8,4.84375,38.75,4.75,38.0,0.09375,0.75
qwen25_15b,35,msc_valid,10,uniform,0.2,8,4.0625,32.5,3.328125,26.625,0.734375,5.875
qwen25_15b,35,msc_valid,10,longllmlingua,0.2,8,3.578125,28.625,3.328125,26.625,0.25,2.0
qwen25_15b,35,msc_valid,10,recency,0.2,8,4.0,32.0,3.328125,26.625,0.671875,5.375
qwen25_15b,35,msc_valid,10,lexical_tfidf,0.2,8,4.03125,32.25,3.328125,26.625,0.703125,5.625
qwen25_15b,35,msc_valid,10,recency_keep_compress_drop,0.2,8,4.03125,32.25,3.328125,26.625,0.703125,5.625
qwen25_15b,35,msc_valid,10,uniform,0.35,8,3.796875,30.375,3.328125,26.625,0.46875,3.75
qwen25_15b,35,msc_valid,10,longllmlingua,0.35,8,3.53125,28.25,3.328125,26.625,0.203125,1.625
qwen25_15b,35,msc_valid,10,recency,0.35,8,3.78125,30.25,3.328125,26.625,0.453125,3.625
qwen25_15b,35,msc_valid,10,lexical_tfidf,0.35,8,3.78125,30.25,3.328125,26.625,0.453125,3.625
qwen25_15b,35,msc_valid,10,recency_keep_compress_drop,0.35,8,4.0,32.0,3.328125,26.625,0.671875,5.375
qwen25_15b,35,msc_valid,10,uniform,0.5,8,3.828125,30.625,3.328125,26.625,0.5,4.0
qwen25_15b,35,msc_valid,10,longllmlingua,0.5,8,3.609375,28.875,3.328125,26.625,0.28125,2.25
qwen25_15b,35,msc_valid,10,recency,0.5,8,3.71875,29.75,3.328125,26.625,0.390625,3.125
qwen25_15b,35,msc_valid,10,lexical_tfidf,0.5,8,3.609375,28.875,3.328125,26.625,0.28125,2.25
qwen25_15b,35,msc_valid,10,recency_keep_compress_drop,0.5,8,3.859375,30.875,3.328125,26.625,0.53125,4.25
qwen25_15b,35,msc_valid,12,uniform,0.2,12,4.479166666666667,53.75,3.5,42.0,0.979166666666667,11.75
qwen25_15b,35,msc_valid,12,longllmlingua,0.2,12,3.6875,44.25,3.5,42.0,0.1875,2.25
qwen25_15b,35,msc_valid,12,recency,0.2,12,4.125,49.5,3.5,42.0,0.625,7.5
qwen25_15b,35,msc_valid,12,lexical_tfidf,0.2,12,3.8125,45.75,3.5,42.0,0.3125,3.75
qwen25_15b,35,msc_valid,12,recency_keep_compress_drop,0.2,12,4.395833333333333,52.75,3.5,42.0,0.895833333333333,10.75
qwen25_15b,35,msc_valid,12,uniform,0.35,12,3.9583333333333335,47.5,3.5,42.0,0.4583333333333335,5.5
qwen25_15b,35,msc_valid,12,longllmlingua,0.35,12,4.104166666666667,49.25,3.5,42.0,0.604166666666667,7.25
qwen25_15b,35,msc_valid,12,recency,0.35,12,3.7291666666666665,44.75,3.5,42.0,0.22916666666666652,2.75
qwen25_15b,35,msc_valid,12,lexical_tfidf,0.35,12,3.4583333333333335,41.5,3.5,42.0,-0.04166666666666652,-0.5
qwen25_15b,35,msc_valid,12,recency_keep_compress_drop,0.35,12,4.0625,48.75,3.5,42.0,0.5625,6.75
qwen25_15b,35,msc_valid,12,uniform,0.5,12,4.0,48.0,3.5,42.0,0.5,6.0
qwen25_15b,35,msc_valid,12,longllmlingua,0.5,12,4.104166666666667,49.25,3.5,42.0,0.604166666666667,7.25
qwen25_15b,35,msc_valid,12,recency,0.5,12,3.4375,41.25,3.5,42.0,-0.0625,-0.75
qwen25_15b,35,msc_valid,12,lexical_tfidf,0.5,12,3.7291666666666665,44.75,3.5,42.0,0.22916666666666652,2.75
qwen25_15b,35,msc_valid,12,recency_keep_compress_drop,0.5,12,3.7916666666666665,45.5,3.5,42.0,0.2916666666666665,3.5
qwen25_15b,35,msc_valid,14,uniform,0.2,9,4.777777777777778,43.0,4.305555555555555,38.75,0.4722222222222223,4.25
qwen25_15b,35,msc_valid,14,longllmlingua,0.2,9,4.666666666666667,42.0,4.305555555555555,38.75,0.3611111111111116,3.25
qwen25_15b,35,msc_valid,14,recency,0.2,9,4.833333333333333,43.5,4.305555555555555,38.75,0.5277777777777777,4.75
qwen25_15b,35,msc_valid,14,lexical_tfidf,0.2,9,4.583333333333333,41.25,4.305555555555555,38.75,0.2777777777777777,2.5
qwen25_15b,35,msc_valid,14,recency_keep_compress_drop,0.2,9,4.527777777777778,40.75,4.305555555555555,38.75,0.22222222222222232,2.0
qwen25_15b,35,msc_valid,14,uniform,0.35,9,4.583333333333333,41.25,4.305555555555555,38.75,0.2777777777777777,2.5
qwen25_15b,35,msc_valid,14,longllmlingua,0.35,9,4.527777777777778,40.75,4.305555555555555,38.75,0.22222222222222232,2.0
qwen25_15b,35,msc_valid,14,recency,0.35,9,4.527777777777778,40.75,4.305555555555555,38.75,0.22222222222222232,2.0
qwen25_15b,35,msc_valid,14,lexical_tfidf,0.35,9,4.527777777777778,40.75,4.305555555555555,38.75,0.22222222222222232,2.0
qwen25_15b,35,msc_valid,14,recency_keep_compress_drop,0.35,9,4.722222222222222,42.5,4.305555555555555,38.75,0.41666666666666696,3.75
qwen25_15b,35,msc_valid,14,uniform,0.5,9,4.444444444444445,40.0,4.305555555555555,38.75,0.13888888888888928,1.25
qwen25_15b,35,msc_valid,14,longllmlingua,0.5,9,4.388888888888889,39.5,4.305555555555555,38.75,0.08333333333333393,0.75
qwen25_15b,35,msc_valid,14,recency,0.5,9,4.611111111111111,41.5,4.305555555555555,38.75,0.30555555555555536,2.75
qwen25_15b,35,msc_valid,14,lexical_tfidf,0.5,9,4.555555555555555,41.0,4.305555555555555,38.75,0.25,2.25
qwen25_15b,35,msc_valid,14,recency_keep_compress_drop,0.5,9,4.388888888888889,39.5,4.305555555555555,38.75,0.08333333333333393,0.75
qwen25_15b,56,msc_valid,4,uniform,0.2,23,2.891304347826087,66.5,3.0869565217391304,71.0,-0.19565217391304346,-4.5
qwen25_15b,56,msc_valid,4,longllmlingua,0.2,23,2.5652173913043477,59.0,3.0869565217391304,71.0,-0.5217391304347827,-12.0
qwen25_15b,56,msc_valid,4,recency,0.2,23,2.891304347826087,66.5,3.0869565217391304,71.0,-0.19565217391304346,-4.5
qwen25_15b,56,msc_valid,4,lexical_tfidf,0.2,23,2.891304347826087,66.5,3.0869565217391304,71.0,-0.19565217391304346,-4.5
qwen25_15b,56,msc_valid,4,recency_keep_compress_drop,0.2,23,2.891304347826087,66.5,3.0869565217391304,71.0,-0.19565217391304346,-4.5
qwen25_15b,56,msc_valid,4,uniform,0.35,23,2.891304347826087,66.5,3.0869565217391304,71.0,-0.19565217391304346,-4.5
qwen25_15b,56,msc_valid,4,longllmlingua,0.35,23,2.467391304347826,56.75,3.0869565217391304,71.0,-0.6195652173913042,-14.25
qwen25_15b,56,msc_valid,4,recency,0.35,23,2.891304347826087,66.5,3.0869565217391304,71.0,-0.19565217391304346,-4.5
qwen25_15b,56,msc_valid,4,lexical_tfidf,0.35,23,2.891304347826087,66.5,3.0869565217391304,71.0,-0.19565217391304346,-4.5
qwen25_15b,56,msc_valid,4,recency_keep_compress_drop,0.35,23,2.891304347826087,66.5,3.0869565217391304,71.0,-0.19565217391304346,-4.5
qwen25_15b,56,msc_valid,4,uniform,0.5,23,3.0217391304347827,69.5,3.0869565217391304,71.0,-0.06521739130434767,-1.5
qwen25_15b,56,msc_valid,4,longllmlingua,0.5,23,2.358695652173913,54.25,3.0869565217391304,71.0,-0.7282608695652173,-16.75
qwen25_15b,56,msc_valid,4,recency,0.5,23,3.0217391304347827,69.5,3.0869565217391304,71.0,-0.06521739130434767,-1.5
qwen25_15b,56,msc_valid,4,lexical_tfidf,0.5,23,3.0217391304347827,69.5,3.0869565217391304,71.0,-0.06521739130434767,-1.5
qwen25_15b,56,msc_valid,4,recency_keep_compress_drop,0.5,23,3.0217391304347827,69.5,3.0869565217391304,71.0,-0.06521739130434767,-1.5
qwen25_15b,56,msc_valid,8,uniform,0.2,19,3.5789473684210527,68.0,3.3157894736842106,63.0,0.26315789473684204,5.0
qwen25_15b,56,msc_valid,8,longllmlingua,0.2,19,3.4473684210526314,65.5,3.3157894736842106,63.0,0.1315789473684208,2.5
qwen25_15b,56,msc_valid,8,recency,0.2,19,3.4210526315789473,65.0,3.3157894736842106,63.0,0.10526315789473673,2.0
qwen25_15b,56,msc_valid,8,lexical_tfidf,0.2,19,3.526315789473684,67.0,3.3157894736842106,63.0,0.21052631578947345,4.0
qwen25_15b,56,msc_valid,8,recency_keep_compress_drop,0.2,19,3.526315789473684,67.0,3.3157894736842106,63.0,0.21052631578947345,4.0
qwen25_15b,56,msc_valid,8,uniform,0.35,19,3.710526315789474,70.5,3.3157894736842106,63.0,0.3947368421052633,7.5
qwen25_15b,56,msc_valid,8,longllmlingua,0.35,19,3.3026315789473686,62.75,3.3157894736842106,63.0,-0.013157894736842035,-0.25
qwen25_15b,56,msc_valid,8,recency,0.35,19,3.473684210526316,66.0,3.3157894736842106,63.0,0.1578947368421053,3.0
qwen25_15b,56,msc_valid,8,lexical_tfidf,0.35,19,3.473684210526316,66.0,3.3157894736842106,63.0,0.1578947368421053,3.0
qwen25_15b,56,msc_valid,8,recency_keep_compress_drop,0.35,19,3.3552631578947367,63.75,3.3157894736842106,63.0,0.039473684210526105,0.75
qwen25_15b,56,msc_valid,8,uniform,0.5,19,3.5789473684210527,68.0,3.3157894736842106,63.0,0.26315789473684204,5.0
qwen25_15b,56,msc_valid,8,longllmlingua,0.5,19,3.3684210526315788,64.0,3.3157894736842106,63.0,0.05263157894736814,1.0
qwen25_15b,56,msc_valid,8,recency,0.5,19,3.3684210526315788,64.0,3.3157894736842106,63.0,0.05263157894736814,1.0
qwen25_15b,56,msc_valid,8,lexical_tfidf,0.5,19,3.3684210526315788,64.0,3.3157894736842106,63.0,0.05263157894736814,1.0
qwen25_15b,56,msc_valid,8,recency_keep_compress_drop,0.5,19,3.3684210526315788,64.0,3.3157894736842106,63.0,0.05263157894736814,1.0
qwen25_15b,56,msc_valid,12,uniform,0.2,17,3.4411764705882355,58.5,2.264705882352941,38.5,1.1764705882352944,20.0
qwen25_15b,56,msc_valid,12,longllmlingua,0.2,17,2.676470588235294,45.5,2.264705882352941,38.5,0.4117647058823528,7.0
qwen25_15b,56,msc_valid,12,recency,0.2,17,2.661764705882353,45.25,2.264705882352941,38.5,0.3970588235294117,6.75
qwen25_15b,56,msc_valid,12,lexical_tfidf,0.2,17,2.8088235294117645,47.75,2.264705882352941,38.5,0.5441176470588234,9.25
qwen25_15b,56,msc_valid,12,recency_keep_compress_drop,0.2,17,2.6911764705882355,45.75,2.264705882352941,38.5,0.4264705882352944,7.25
qwen25_15b,56,msc_valid,12,uniform,0.35,17,2.9705882352941178,50.5,2.264705882352941,38.5,0.7058823529411766,12.0
qwen25_15b,56,msc_valid,12,longllmlingua,0.35,17,2.485294117647059,42.25,2.264705882352941,38.5,0.22058823529411775,3.75
qwen25_15b,56,msc_valid,12,recency,0.35,17,2.426470588235294,41.25,2.264705882352941,38.5,0.1617647058823528,2.75
qwen25_15b,56,msc_valid,12,lexical_tfidf,0.35,17,2.7058823529411766,46.0,2.264705882352941,38.5,0.4411764705882355,7.5
qwen25_15b,56,msc_valid,12,recency_keep_compress_drop,0.35,17,2.5441176470588234,43.25,2.264705882352941,38.5,0.27941176470588225,4.75
qwen25_15b,56,msc_valid,12,uniform,0.5,17,2.8529411764705883,48.5,2.264705882352941,38.5,0.5882352941176472,10.0
qwen25_15b,56,msc_valid,12,longllmlingua,0.5,17,2.5441176470588234,43.25,2.264705882352941,38.5,0.27941176470588225,4.75
qwen25_15b,56,msc_valid,12,recency,0.5,17,2.5294117647058822,43.0,2.264705882352941,38.5,0.2647058823529411,4.5
qwen25_15b,56,msc_valid,12,lexical_tfidf,0.5,17,2.6176470588235294,44.5,2.264705882352941,38.5,0.3529411764705883,6.0
qwen25_15b,56,msc_valid,12,recency_keep_compress_drop,0.5,17,2.3676470588235294,40.25,2.264705882352941,38.5,0.10294117647058831,1.75
qwen25_15b,56,msc_valid,16,uniform,0.2,32,2.234375,71.5,1.9921875,63.75,0.2421875,7.75
qwen25_15b,56,msc_valid,16,longllmlingua,0.2,32,2.078125,66.5,1.9921875,63.75,0.0859375,2.75
qwen25_15b,56,msc_valid,16,recency,0.2,32,2.25,72.0,1.9921875,63.75,0.2578125,8.25
qwen25_15b,56,msc_valid,16,lexical_tfidf,0.2,32,2.28125,73.0,1.9921875,63.75,0.2890625,9.25
qwen25_15b,56,msc_valid,16,recency_keep_compress_drop,0.2,32,2.28125,73.0,1.9921875,63.75,0.2890625,9.25
qwen25_15b,56,msc_valid,16,uniform,0.35,32,2.140625,68.5,1.9921875,63.75,0.1484375,4.75
qwen25_15b,56,msc_valid,16,longllmlingua,0.35,32,2.015625,64.5,1.9921875,63.75,0.0234375,0.75
qwen25_15b,56,msc_valid,16,recency,0.35,32,2.203125,70.5,1.9921875,63.75,0.2109375,6.75
qwen25_15b,56,msc_valid,16,lexical_tfidf,0.35,32,2.125,68.0,1.9921875,63.75,0.1328125,4.25
qwen25_15b,56,msc_valid,16,recency_keep_compress_drop,0.35,32,2.109375,67.5,1.9921875,63.75,0.1171875,3.75
qwen25_15b,56,msc_valid,16,uniform,0.5,32,2.125,68.0,1.9921875,63.75,0.1328125,4.25
qwen25_15b,56,msc_valid,16,longllmlingua,0.5,32,1.984375,63.5,1.9921875,63.75,-0.0078125,-0.25
qwen25_15b,56,msc_valid,16,recency,0.5,32,2.171875,69.5,1.9921875,63.75,0.1796875,5.75
qwen25_15b,56,msc_valid,16,lexical_tfidf,0.5,32,2.109375,67.5,1.9921875,63.75,0.1171875,3.75
qwen25_15b,56,msc_valid,16,recency_keep_compress_drop,0.5,32,2.078125,66.5,1.9921875,63.75,0.0859375,2.75
qwen25_15b,56,msc_valid,20,uniform,0.2,35,2.7142857142857144,95.0,2.3,80.5,0.4142857142857146,14.5
qwen25_15b,56,msc_valid,20,longllmlingua,0.2,35,2.357142857142857,82.5,2.3,80.5,0.057142857142857384,2.0
qwen25_15b,56,msc_valid,20,recency,0.2,35,2.7142857142857144,95.0,2.3,80.5,0.4142857142857146,14.5
qwen25_15b,56,msc_valid,20,lexical_tfidf,0.2,35,2.7,94.5,2.3,80.5,0.40000000000000036,14.0
qwen25_15b,56,msc_valid,20,recency_keep_compress_drop,0.2,35,2.557142857142857,89.5,2.3,80.5,0.2571428571428571,9.0
qwen25_15b,56,msc_valid,20,uniform,0.35,35,2.742857142857143,96.0,2.3,80.5,0.44285714285714306,15.5
qwen25_15b,56,msc_valid,20,longllmlingua,0.35,35,2.357142857142857,82.5,2.3,80.5,0.057142857142857384,2.0
qwen25_15b,56,msc_valid,20,recency,0.35,35,2.5428571428571427,89.0,2.3,80.5,0.24285714285714288,8.5
qwen25_15b,56,msc_valid,20,lexical_tfidf,0.35,35,2.657142857142857,93.0,2.3,80.5,0.3571428571428572,12.5
qwen25_15b,56,msc_valid,20,recency_keep_compress_drop,0.35,35,2.5285714285714285,88.5,2.3,80.5,0.22857142857142865,8.0
qwen25_15b,56,msc_valid,20,uniform,0.5,35,2.5285714285714285,88.5,2.3,80.5,0.22857142857142865,8.0
qwen25_15b,56,msc_valid,20,longllmlingua,0.5,35,2.242857142857143,78.5,2.3,80.5,-0.05714285714285694,-2.0
qwen25_15b,56,msc_valid,20,recency,0.5,35,2.6,91.0,2.3,80.5,0.30000000000000027,10.5
qwen25_15b,56,msc_valid,20,lexical_tfidf,0.5,35,2.557142857142857,89.5,2.3,80.5,0.2571428571428571,9.0
qwen25_15b,56,msc_valid,20,recency_keep_compress_drop,0.5,35,2.5,87.5,2.3,80.5,0.20000000000000018,7.0
qwen25_15b,56,msc_valid,24,uniform,0.2,28,2.3214285714285716,65.0,2.3392857142857144,65.5,-0.017857142857142794,-0.5
qwen25_15b,56,msc_valid,24,longllmlingua,0.2,28,2.482142857142857,69.5,2.3392857142857144,65.5,0.1428571428571428,4.0
qwen25_15b,56,msc_valid,24,recency,0.2,28,2.4464285714285716,68.5,2.3392857142857144,65.5,0.1071428571428572,3.0
qwen25_15b,56,msc_valid,24,lexical_tfidf,0.2,28,2.4642857142857144,69.0,2.3392857142857144,65.5,0.125,3.5
qwen25_15b,56,msc_valid,24,recency_keep_compress_drop,0.2,28,2.5892857142857144,72.5,2.3392857142857144,65.5,0.25,7.0
qwen25_15b,56,msc_valid,24,uniform,0.35,28,2.2857142857142856,64.0,2.3392857142857144,65.5,-0.053571428571428825,-1.5
qwen25_15b,56,msc_valid,24,longllmlingua,0.35,28,2.3035714285714284,64.5,2.3392857142857144,65.5,-0.03571428571428603,-1.0
qwen25_15b,56,msc_valid,24,recency,0.35,28,2.392857142857143,67.0,2.3392857142857144,65.5,0.05357142857142838,1.5
qwen25_15b,56,msc_valid,24,lexical_tfidf,0.35,28,2.2857142857142856,64.0,2.3392857142857144,65.5,-0.053571428571428825,-1.5
qwen25_15b,56,msc_valid,24,recency_keep_compress_drop,0.35,28,2.4642857142857144,69.0,2.3392857142857144,65.5,0.125,3.5
qwen25_15b,56,msc_valid,24,uniform,0.5,28,2.3035714285714284,64.5,2.3392857142857144,65.5,-0.03571428571428603,-1.0
qwen25_15b,56,msc_valid,24,longllmlingua,0.5,28,2.2857142857142856,64.0,2.3392857142857144,65.5,-0.053571428571428825,-1.5
qwen25_15b,56,msc_valid,24,recency,0.5,28,2.4107142857142856,67.5,2.3392857142857144,65.5,0.07142857142857117,2.0
qwen25_15b,56,msc_valid,24,lexical_tfidf,0.5,28,2.2857142857142856,64.0,2.3392857142857144,65.5,-0.053571428571428825,-1.5
qwen25_15b,56,msc_valid,24,recency_keep_compress_drop,0.5,28,2.1875,61.25,2.3392857142857144,65.5,-0.1517857142857144,-4.25
qwen25_15b,56,msc_valid,28,uniform,0.2,20,2.725,54.5,1.95,39.0,0.7750000000000001,15.5
qwen25_15b,56,msc_valid,28,longllmlingua,0.2,20,2.4625,49.25,1.95,39.0,0.5125,10.25
qwen25_15b,56,msc_valid,28,recency,0.2,20,2.3125,46.25,1.95,39.0,0.36250000000000004,7.25
qwen25_15b,56,msc_valid,28,lexical_tfidf,0.2,20,2.2875,45.75,1.95,39.0,0.33750000000000013,6.75
qwen25_15b,56,msc_valid,28,recency_keep_compress_drop,0.2,20,2.3875,47.75,1.95,39.0,0.4375000000000002,8.75
qwen25_15b,56,msc_valid,28,uniform,0.35,20,2.0,40.0,1.95,39.0,0.050000000000000044,1.0
qwen25_15b,56,msc_valid,28,longllmlingua,0.35,20,2.3375,46.75,1.95,39.0,0.38749999999999996,7.75
qwen25_15b,56,msc_valid,28,recency,0.35,20,2.225,44.5,1.95,39.0,0.27500000000000013,5.5
qwen25_15b,56,msc_valid,28,lexical_tfidf,0.35,20,1.775,35.5,1.95,39.0,-0.17500000000000004,-3.5
qwen25_15b,56,msc_valid,28,recency_keep_compress_drop,0.35,20,2.375,47.5,1.95,39.0,0.42500000000000004,8.5
qwen25_15b,56,msc_valid,28,uniform,0.5,20,1.7875,35.75,1.95,39.0,-0.16249999999999987,-3.25
qwen25_15b,56,msc_valid,28,longllmlingua,0.5,20,2.1625,43.25,1.95,39.0,0.21250000000000013,4.25
qwen25_15b,56,msc_valid,28,recency,0.5,20,2.2375,44.75,1.95,39.0,0.28749999999999987,5.75
qwen25_15b,56,msc_valid,28,lexical_tfidf,0.5,20,1.8,36.0,1.95,39.0,-0.1499999999999999,-3.0
qwen25_15b,56,msc_valid,28,recency_keep_compress_drop,0.5,20,2.2625,45.25,1.95,39.0,0.3125000000000002,6.25
qwen25_15b,56,msc_valid,32,uniform,0.2,25,3.14,78.5,3.0,75.0,0.14000000000000012,3.5
qwen25_15b,56,msc_valid,32,longllmlingua,0.2,25,3.32,83.0,3.0,75.0,0.31999999999999984,8.0
qwen25_15b,56,msc_valid,32,recency,0.2,25,3.28,82.0,3.0,75.0,0.2799999999999998,7.0
qwen25_15b,56,msc_valid,32,lexical_tfidf,0.2,25,3.12,78.0,3.0,75.0,0.1200000000000001,3.0
qwen25_15b,56,msc_valid,32,recency_keep_compress_drop,0.2,25,3.2,80.0,3.0,75.0,0.20000000000000018,5.0
qwen25_15b,56,msc_valid,32,uniform,0.35,25,2.98,74.5,3.0,75.0,-0.020000000000000018,-0.5
qwen25_15b,56,msc_valid,32,longllmlingua,0.35,25,3.26,81.5,3.0,75.0,0.2599999999999998,6.5
qwen25_15b,56,msc_valid,32,recency,0.35,25,3.24,81.0,3.0,75.0,0.2400000000000002,6.0
qwen25_15b,56,msc_valid,32,lexical_tfidf,0.35,25,3.04,76.0,3.0,75.0,0.040000000000000036,1.0
qwen25_15b,56,msc_valid,32,recency_keep_compress_drop,0.35,25,3.08,77.0,3.0,75.0,0.08000000000000007,2.0
qwen25_15b,56,msc_valid,32,uniform,0.5,25,2.88,72.0,3.0,75.0,-0.1200000000000001,-3.0
qwen25_15b,56,msc_valid,32,longllmlingua,0.5,25,3.26,81.5,3.0,75.0,0.2599999999999998,6.5
qwen25_15b,56,msc_valid,32,recency,0.5,25,3.12,78.0,3.0,75.0,0.1200000000000001,3.0
qwen25_15b,56,msc_valid,32,lexical_tfidf,0.5,25,3.1,77.5,3.0,75.0,0.10000000000000009,2.5
qwen25_15b,56,msc_valid,32,recency_keep_compress_drop,0.5,25,3.0,75.0,3.0,75.0,0.0,0.0
qwen25_15b,56,msc_valid,34,uniform,0.2,16,2.40625,38.5,2.216666666666667,33.25,0.18958333333333321,5.25
qwen25_15b,56,msc_valid,34,longllmlingua,0.2,16,2.296875,36.75,2.216666666666667,33.25,0.08020833333333321,3.5
qwen25_15b,56,msc_valid,34,recency,0.2,16,2.5,40.0,2.216666666666667,33.25,0.2833333333333332,6.75
qwen25_15b,56,msc_valid,34,lexical_tfidf,0.2,16,2.171875,34.75,2.216666666666667,33.25,-0.044791666666666785,1.5
qwen25_15b,56,msc_valid,34,recency_keep_compress_drop,0.2,16,2.046875,32.75,2.216666666666667,33.25,-0.16979166666666679,-0.5
qwen25_15b,56,msc_valid,34,uniform,0.35,16,2.0625,33.0,2.216666666666667,33.25,-0.15416666666666679,-0.25
qwen25_15b,56,msc_valid,34,longllmlingua,0.35,16,2.28125,36.5,2.216666666666667,33.25,0.06458333333333321,3.25
qwen25_15b,56,msc_valid,34,recency,0.35,16,2.53125,40.5,2.216666666666667,33.25,0.3145833333333332,7.25
qwen25_15b,56,msc_valid,34,lexical_tfidf,0.35,16,2.109375,33.75,2.216666666666667,33.25,-0.10729166666666679,0.5
qwen25_15b,56,msc_valid,34,recency_keep_compress_drop,0.35,16,2.109375,33.75,2.216666666666667,33.25,-0.10729166666666679,0.5
qwen25_15b,56,msc_valid,34,uniform,0.5,16,2.0,32.0,2.216666666666667,33.25,-0.21666666666666679,-1.25
qwen25_15b,56,msc_valid,34,longllmlingua,0.5,16,2.1875,35.0,2.216666666666667,33.25,-0.029166666666666785,1.75
qwen25_15b,56,msc_valid,34,recency,0.5,16,2.15625,34.5,2.216666666666667,33.25,-0.060416666666666785,1.25
qwen25_15b,56,msc_valid,34,lexical_tfidf,0.5,16,1.984375,31.75,2.216666666666667,33.25,-0.23229166666666679,-1.5
qwen25_15b,56,msc_valid,34,recency_keep_compress_drop,0.5,16,2.078125,33.25,2.216666666666667,33.25,-0.13854166666666679,0.0
qwen25_15b,56,msc_valid,38,uniform,0.2,16,2.390625,38.25,0.0,0.0,2.390625,38.25
qwen25_15b,56,msc_valid,38,longllmlingua,0.2,16,2.765625,44.25,0.0,0.0,2.765625,44.25
qwen25_15b,56,msc_valid,38,recency,0.2,16,2.265625,36.25,0.0,0.0,2.265625,36.25
qwen25_15b,56,msc_valid,38,lexical_tfidf,0.2,16,2.53125,40.5,0.0,0.0,2.53125,40.5
qwen25_15b,56,msc_valid,38,recency_keep_compress_drop,0.2,16,2.40625,38.5,0.0,0.0,2.40625,38.5
qwen25_15b,56,msc_valid,38,uniform,0.35,16,2.09375,33.5,0.0,0.0,2.09375,33.5
qwen25_15b,56,msc_valid,38,longllmlingua,0.35,16,2.8125,45.0,0.0,0.0,2.8125,45.0
qwen25_15b,56,msc_valid,38,recency,0.35,16,2.25,36.0,0.0,0.0,2.25,36.0
qwen25_15b,56,msc_valid,38,lexical_tfidf,0.35,16,2.390625,38.25,0.0,0.0,2.390625,38.25
qwen25_15b,56,msc_valid,38,recency_keep_compress_drop,0.35,16,2.1875,35.0,0.0,0.0,2.1875,35.0
qwen25_15b,56,msc_valid,38,uniform,0.5,16,2.046875,32.75,0.0,0.0,2.046875,32.75
qwen25_15b,56,msc_valid,38,longllmlingua,0.5,16,2.28125,36.5,0.0,0.0,2.28125,36.5
qwen25_15b,56,msc_valid,38,recency,0.5,16,2.125,34.0,0.0,0.0,2.125,34.0
qwen25_15b,56,msc_valid,38,lexical_tfidf,0.5,16,2.125,34.0,0.0,0.0,2.125,34.0
qwen25_15b,56,msc_valid,38,recency_keep_compress_drop,0.5,16,2.25,36.0,0.0,0.0,2.25,36.0
qwen25_15b,56,msc_valid,42,uniform,0.2,15,3.033333333333333,45.5,0.0,0.0,3.033333333333333,45.5
qwen25_15b,56,msc_valid,42,longllmlingua,0.2,15,3.1666666666666665,47.5,0.0,0.0,3.1666666666666665,47.5
qwen25_15b,56,msc_valid,42,recency,0.2,15,2.966666666666667,44.5,0.0,0.0,2.966666666666667,44.5
qwen25_15b,56,msc_valid,42,lexical_tfidf,0.2,15,2.9166666666666665,43.75,0.0,0.0,2.9166666666666665,43.75
qwen25_15b,56,msc_valid,42,recency_keep_compress_drop,0.2,15,3.0,45.0,0.0,0.0,3.0,45.0
qwen25_15b,56,msc_valid,42,uniform,0.35,15,2.8666666666666667,43.0,0.0,0.0,2.8666666666666667,43.0
qwen25_15b,56,msc_valid,42,longllmlingua,0.35,15,3.033333333333333,45.5,0.0,0.0,3.033333333333333,45.5
qwen25_15b,56,msc_valid,42,recency,0.35,15,2.9,43.5,0.0,0.0,2.9,43.5
qwen25_15b,56,msc_valid,42,lexical_tfidf,0.35,15,2.783333333333333,41.75,0.0,0.0,2.783333333333333,41.75
qwen25_15b,56,msc_valid,42,recency_keep_compress_drop,0.35,15,2.85,42.75,0.0,0.0,2.85,42.75
qwen25_15b,56,msc_valid,42,uniform,0.5,15,2.933333333333333,44.0,0.0,0.0,2.933333333333333,44.0
qwen25_15b,56,msc_valid,42,longllmlingua,0.5,15,2.966666666666667,44.5,0.0,0.0,2.966666666666667,44.5
qwen25_15b,56,msc_valid,42,recency,0.5,15,2.783333333333333,41.75,0.0,0.0,2.783333333333333,41.75
qwen25_15b,56,msc_valid,42,lexical_tfidf,0.5,15,2.783333333333333,41.75,0.0,0.0,2.783333333333333,41.75
qwen25_15b,56,msc_valid,42,recency_keep_compress_drop,0.5,15,2.85,42.75,0.0,0.0,2.85,42.75
qwen25_15b,56,msc_valid,46,uniform,0.2,17,2.7794117647058822,47.25,0.0,0.0,2.7794117647058822,47.25
qwen25_15b,56,msc_valid,46,longllmlingua,0.2,17,2.985294117647059,50.75,0.0,0.0,2.985294117647059,50.75
qwen25_15b,56,msc_valid,46,recency,0.2,17,2.8676470588235294,48.75,0.0,0.0,2.8676470588235294,48.75
qwen25_15b,56,msc_valid,46,lexical_tfidf,0.2,17,2.838235294117647,48.25,0.0,0.0,2.838235294117647,48.25
qwen25_15b,56,msc_valid,46,recency_keep_compress_drop,0.2,17,2.8676470588235294,48.75,0.0,0.0,2.8676470588235294,48.75
qwen25_15b,56,msc_valid,46,uniform,0.35,17,2.8970588235294117,49.25,0.0,0.0,2.8970588235294117,49.25
qwen25_15b,56,msc_valid,46,longllmlingua,0.35,17,2.985294117647059,50.75,0.0,0.0,2.985294117647059,50.75
qwen25_15b,56,msc_valid,46,recency,0.35,17,2.911764705882353,49.5,0.0,0.0,2.911764705882353,49.5
qwen25_15b,56,msc_valid,46,lexical_tfidf,0.35,17,2.8529411764705883,48.5,0.0,0.0,2.8529411764705883,48.5
qwen25_15b,56,msc_valid,46,recency_keep_compress_drop,0.35,17,2.8676470588235294,48.75,0.0,0.0,2.8676470588235294,48.75
qwen25_15b,56,msc_valid,46,uniform,0.5,17,2.9411764705882355,50.0,0.0,0.0,2.9411764705882355,50.0
qwen25_15b,56,msc_valid,46,longllmlingua,0.5,17,2.8676470588235294,48.75,0.0,0.0,2.8676470588235294,48.75
qwen25_15b,56,msc_valid,46,recency,0.5,17,2.9411764705882355,50.0,0.0,0.0,2.9411764705882355,50.0
qwen25_15b,56,msc_valid,46,lexical_tfidf,0.5,17,2.823529411764706,48.0,0.0,0.0,2.823529411764706,48.0
qwen25_15b,56,msc_valid,46,recency_keep_compress_drop,0.5,17,2.838235294117647,48.25,0.0,0.0,2.838235294117647,48.25
qwen25_15b,56,msc_valid,50,uniform,0.2,17,2.264705882352941,38.5,0.0,0.0,2.264705882352941,38.5
qwen25_15b,56,msc_valid,50,longllmlingua,0.2,17,2.323529411764706,39.5,0.0,0.0,2.323529411764706,39.5
qwen25_15b,56,msc_valid,50,recency,0.2,17,2.2205882352941178,37.75,0.0,0.0,2.2205882352941178,37.75
qwen25_15b,56,msc_valid,50,lexical_tfidf,0.2,17,2.2941176470588234,39.0,0.0,0.0,2.2941176470588234,39.0
qwen25_15b,56,msc_valid,50,recency_keep_compress_drop,0.2,17,2.235294117647059,38.0,0.0,0.0,2.235294117647059,38.0
qwen25_15b,56,msc_valid,50,uniform,0.35,17,2.2941176470588234,39.0,0.0,0.0,2.2941176470588234,39.0
qwen25_15b,56,msc_valid,50,longllmlingua,0.35,17,2.323529411764706,39.5,0.0,0.0,2.323529411764706,39.5
qwen25_15b,56,msc_valid,50,recency,0.35,17,2.2941176470588234,39.0,0.0,0.0,2.2941176470588234,39.0
qwen25_15b,56,msc_valid,50,lexical_tfidf,0.35,17,2.264705882352941,38.5,0.0,0.0,2.264705882352941,38.5
qwen25_15b,56,msc_valid,50,recency_keep_compress_drop,0.35,17,2.1911764705882355,37.25,0.0,0.0,2.1911764705882355,37.25
qwen25_15b,56,msc_valid,50,uniform,0.5,17,2.2941176470588234,39.0,0.0,0.0,2.2941176470588234,39.0
qwen25_15b,56,msc_valid,50,longllmlingua,0.5,17,2.2794117647058822,38.75,0.0,0.0,2.2794117647058822,38.75
qwen25_15b,56,msc_valid,50,recency,0.5,17,2.235294117647059,38.0,0.0,0.0,2.235294117647059,38.0
qwen25_15b,56,msc_valid,50,lexical_tfidf,0.5,17,2.2058823529411766,37.5,0.0,0.0,2.2058823529411766,37.5
qwen25_15b,56,msc_valid,50,recency_keep_compress_drop,0.5,17,2.1470588235294117,36.5,0.0,0.0,2.1470588235294117,36.5
qwen25_15b,56,msc_valid,54,uniform,0.2,25,1.79,44.75,0.0,0.0,1.79,44.75
qwen25_15b,56,msc_valid,54,longllmlingua,0.2,25,2.06,51.5,0.0,0.0,2.06,51.5
qwen25_15b,56,msc_valid,54,recency,0.2,25,1.79,44.75,0.0,0.0,1.79,44.75
qwen25_15b,56,msc_valid,54,lexical_tfidf,0.2,25,1.89,47.25,0.0,0.0,1.89,47.25
qwen25_15b,56,msc_valid,54,recency_keep_compress_drop,0.2,25,1.84,46.0,0.0,0.0,1.84,46.0
qwen25_15b,56,msc_valid,54,uniform,0.35,25,1.73,43.25,0.0,0.0,1.73,43.25
qwen25_15b,56,msc_valid,54,longllmlingua,0.35,25,1.94,48.5,0.0,0.0,1.94,48.5
qwen25_15b,56,msc_valid,54,recency,0.35,9,2.611111111111111,23.5,0.0,0.0,2.611111111111111,23.5
qwen25_15b,56,msc_valid,54,lexical_tfidf,0.35,14,2.375,33.25,0.0,0.0,2.375,33.25
qwen25_15b,56,msc_valid,54,recency_keep_compress_drop,0.35,6,2.125,12.75,0.0,0.0,2.125,12.75
qwen25_15b,56,msc_valid,54,uniform,0.5,25,1.81,45.25,0.0,0.0,1.81,45.25
qwen25_15b,56,msc_valid,54,longllmlingua,0.5,25,2.0,50.0,0.0,0.0,2.0,50.0
qwen25_15b,56,msc_valid,54,recency,0.5,0,0.0,0.0,0.0,0.0,0.0,0.0
qwen25_15b,56,msc_valid,54,lexical_tfidf,0.5,0,0.0,0.0,0.0,0.0,0.0,0.0
qwen25_15b,56,msc_valid,54,recency_keep_compress_drop,0.5,0,0.0,0.0,0.0,0.0,0.0,0.0
qwen25_15b,56,msc_valid,58,uniform,0.2,66,3.0,198.0,0.0,0.0,3.0,198.0
qwen25_15b,56,msc_valid,58,longllmlingua,0.2,66,3.0454545454545454,201.0,0.0,0.0,3.0454545454545454,201.0
qwen25_15b,56,msc_valid,58,recency,0.2,0,0.0,0.0,0.0,0.0,0.0,0.0
qwen25_15b,56,msc_valid,58,lexical_tfidf,0.2,0,0.0,0.0,0.0,0.0,0.0,0.0
qwen25_15b,56,msc_valid,58,recency_keep_compress_drop,0.2,0,0.0,0.0,0.0,0.0,0.0,0.0
qwen25_15b,56,msc_valid,58,uniform,0.35,66,2.9696969696969697,196.0,0.0,0.0,2.9696969696969697,196.0
qwen25_15b,56,msc_valid,58,longllmlingua,0.35,66,2.984848484848485,197.0,0.0,0.0,2.984848484848485,197.0
qwen25_15b,56,msc_valid,58,recency,0.35,0,0.0,0.0,0.0,0.0,0.0,0.0
qwen25_15b,56,msc_valid,58,lexical_tfidf,0.35,0,0.0,0.0,0.0,0.0,0.0,0.0
qwen25_15b,56,msc_valid,58,recency_keep_compress_drop,0.35,0,0.0,0.0,0.0,0.0,0.0,0.0
qwen25_15b,56,msc_valid,58,uniform,0.5,66,2.9696969696969697,196.0,0.0,0.0,2.9696969696969697,196.0
qwen25_15b,56,msc_valid,58,longllmlingua,0.5,66,2.984848484848485,197.0,0.0,0.0,2.984848484848485,197.0
qwen25_15b,56,msc_valid,58,recency,0.5,0,0.0,0.0,0.0,0.0,0.0,0.0
qwen25_15b,56,msc_valid,58,lexical_tfidf,0.5,0,0.0,0.0,0.0,0.0,0.0,0.0
qwen25_15b,56,msc_valid,58,recency_keep_compress_drop,0.5,0,0.0,0.0,0.0,0.0,0.0,0.0
qwen25_15b,56,msc_valid,62,uniform,0.2,14,3.982142857142857,55.75,0.0,0.0,3.982142857142857,55.75
qwen25_15b,56,msc_valid,62,longllmlingua,0.2,14,3.9285714285714284,55.0,0.0,0.0,3.9285714285714284,55.0
qwen25_15b,56,msc_valid,62,recency,0.2,0,0.0,0.0,0.0,0.0,0.0,0.0
qwen25_15b,56,msc_valid,62,lexical_tfidf,0.2,0,0.0,0.0,0.0,0.0,0.0,0.0
qwen25_15b,56,msc_valid,62,recency_keep_compress_drop,0.2,0,0.0,0.0,0.0,0.0,0.0,0.0
qwen25_15b,56,msc_valid,62,uniform,0.35,14,3.9107142857142856,54.75,0.0,0.0,3.9107142857142856,54.75
qwen25_15b,56,msc_valid,62,longllmlingua,0.35,14,3.892857142857143,54.5,0.0,0.0,3.892857142857143,54.5
qwen25_15b,56,msc_valid,62,recency,0.35,0,0.0,0.0,0.0,0.0,0.0,0.0
qwen25_15b,56,msc_valid,62,lexical_tfidf,0.35,0,0.0,0.0,0.0,0.0,0.0,0.0
qwen25_15b,56,msc_valid,62,recency_keep_compress_drop,0.35,0,0.0,0.0,0.0,0.0,0.0,0.0
qwen25_15b,56,msc_valid,62,uniform,0.5,14,3.8035714285714284,53.25,0.0,0.0,3.8035714285714284,53.25
qwen25_15b,56,msc_valid,62,longllmlingua,0.5,14,3.732142857142857,52.25,0.0,0.0,3.732142857142857,52.25
qwen25_15b,56,msc_valid,62,recency,0.5,0,0.0,0.0,0.0,0.0,0.0,0.0
qwen25_15b,56,msc_valid,62,lexical_tfidf,0.5,0,0.0,0.0,0.0,0.0,0.0,0.0
qwen25_15b,56,msc_valid,62,recency_keep_compress_drop,0.5,0,0.0,0.0,0.0,0.0,0.0,0.0
qwen25_15b,64,msc_valid,4,uniform,0.2,13,7.038461538461538,91.5,6.730769230769231,87.5,0.3076923076923075,4.0
qwen25_15b,64,msc_valid,4,longllmlingua,0.2,13,6.269230769230769,81.5,6.730769230769231,87.5,-0.4615384615384617,-6.0
qwen25_15b,64,msc_valid,4,recency,0.2,13,7.038461538461538,91.5,6.730769230769231,87.5,0.3076923076923075,4.0
qwen25_15b,64,msc_valid,4,lexical_tfidf,0.2,13,7.038461538461538,91.5,6.730769230769231,87.5,0.3076923076923075,4.0
qwen25_15b,64,msc_valid,4,recency_keep_compress_drop,0.2,13,7.038461538461538,91.5,6.730769230769231,87.5,0.3076923076923075,4.0
qwen25_15b,64,msc_valid,4,uniform,0.35,13,6.8076923076923075,88.5,6.730769230769231,87.5,0.07692307692307665,1.0
qwen25_15b,64,msc_valid,4,longllmlingua,0.35,13,6.153846153846154,80.0,6.730769230769231,87.5,-0.5769230769230766,-7.5
qwen25_15b,64,msc_valid,4,recency,0.35,13,6.8076923076923075,88.5,6.730769230769231,87.5,0.07692307692307665,1.0
qwen25_15b,64,msc_valid,4,lexical_tfidf,0.35,13,6.8076923076923075,88.5,6.730769230769231,87.5,0.07692307692307665,1.0
qwen25_15b,64,msc_valid,4,recency_keep_compress_drop,0.35,13,6.8076923076923075,88.5,6.730769230769231,87.5,0.07692307692307665,1.0
qwen25_15b,64,msc_valid,4,uniform,0.5,13,6.8076923076923075,88.5,6.730769230769231,87.5,0.07692307692307665,1.0
qwen25_15b,64,msc_valid,4,longllmlingua,0.5,13,6.076923076923077,79.0,6.730769230769231,87.5,-0.6538461538461542,-8.5
qwen25_15b,64,msc_valid,4,recency,0.5,13,6.8076923076923075,88.5,6.730769230769231,87.5,0.07692307692307665,1.0
qwen25_15b,64,msc_valid,4,lexical_tfidf,0.5,13,6.8076923076923075,88.5,6.730769230769231,87.5,0.07692307692307665,1.0
qwen25_15b,64,msc_valid,4,recency_keep_compress_drop,0.5,13,6.8076923076923075,88.5,6.730769230769231,87.5,0.07692307692307665,1.0
qwen25_15b,64,msc_valid,6,uniform,0.2,13,2.0961538461538463,27.25,1.9711538461538463,25.625,0.125,1.625
qwen25_15b,64,msc_valid,6,longllmlingua,0.2,13,1.8461538461538463,24.0,1.9711538461538463,25.625,-0.125,-1.625
qwen25_15b,64,msc_valid,6,recency,0.2,13,2.0384615384615383,26.5,1.9711538461538463,25.625,0.06730769230769207,0.875
qwen25_15b,64,msc_valid,6,lexical_tfidf,0.2,13,2.0384615384615383,26.5,1.9711538461538463,25.625,0.06730769230769207,0.875
qwen25_15b,64,msc_valid,6,recency_keep_compress_drop,0.2,13,2.0384615384615383,26.5,1.9711538461538463,25.625,0.06730769230769207,0.875
qwen25_15b,64,msc_valid,6,uniform,0.35,13,1.9326923076923077,25.125,1.9711538461538463,25.625,-0.03846153846153855,-0.5
qwen25_15b,64,msc_valid,6,longllmlingua,0.35,13,1.6923076923076923,22.0,1.9711538461538463,25.625,-0.27884615384615397,-3.625
qwen25_15b,64,msc_valid,6,recency,0.35,13,1.9326923076923077,25.125,1.9711538461538463,25.625,-0.03846153846153855,-0.5
qwen25_15b,64,msc_valid,6,lexical_tfidf,0.35,13,1.9326923076923077,25.125,1.9711538461538463,25.625,-0.03846153846153855,-0.5
qwen25_15b,64,msc_valid,6,recency_keep_compress_drop,0.35,13,1.9326923076923077,25.125,1.9711538461538463,25.625,-0.03846153846153855,-0.5
qwen25_15b,64,msc_valid,6,uniform,0.5,13,2.125,27.625,1.9711538461538463,25.625,0.15384615384615374,2.0
qwen25_15b,64,msc_valid,6,longllmlingua,0.5,13,1.5865384615384615,20.625,1.9711538461538463,25.625,-0.3846153846153848,-5.0
qwen25_15b,64,msc_valid,6,recency,0.5,13,2.0384615384615383,26.5,1.9711538461538463,25.625,0.06730769230769207,0.875
qwen25_15b,64,msc_valid,6,lexical_tfidf,0.5,13,2.0384615384615383,26.5,1.9711538461538463,25.625,0.06730769230769207,0.875
qwen25_15b,64,msc_valid,6,recency_keep_compress_drop,0.5,13,1.9326923076923077,25.125,1.9711538461538463,25.625,-0.03846153846153855,-0.5
qwen25_15b,64,msc_valid,8,uniform,0.2,12,5.375,64.5,4.8125,57.75,0.5625,6.75
qwen25_15b,64,msc_valid,8,longllmlingua,0.2,12,4.958333333333333,59.5,4.8125,57.75,0.14583333333333304,1.75
qwen25_15b,64,msc_valid,8,recency,0.2,12,5.416666666666667,65.0,4.8125,57.75,0.604166666666667,7.25
qwen25_15b,64,msc_valid,8,lexical_tfidf,0.2,12,5.416666666666667,65.0,4.8125,57.75,0.604166666666667,7.25
qwen25_15b,64,msc_valid,8,recency_keep_compress_drop,0.2,12,5.416666666666667,65.0,4.8125,57.75,0.604166666666667,7.25
qwen25_15b,64,msc_valid,8,uniform,0.35,12,5.270833333333333,63.25,4.8125,57.75,0.45833333333333304,5.5
qwen25_15b,64,msc_valid,8,longllmlingua,0.35,12,4.6875,56.25,4.8125,57.75,-0.125,-1.5
qwen25_15b,64,msc_valid,8,recency,0.35,12,5.208333333333333,62.5,4.8125,57.75,0.39583333333333304,4.75
qwen25_15b,64,msc_valid,8,lexical_tfidf,0.35,12,5.166666666666667,62.0,4.8125,57.75,0.35416666666666696,4.25
qwen25_15b,64,msc_valid,8,recency_keep_compress_drop,0.35,12,4.958333333333333,59.5,4.8125,57.75,0.14583333333333304,1.75
qwen25_15b,64,msc_valid,8,uniform,0.5,12,5.145833333333333,61.75,4.8125,57.75,0.33333333333333304,4.0
qwen25_15b,64,msc_valid,8,longllmlingua,0.5,12,4.4375,53.25,4.8125,57.75,-0.375,-4.5
qwen25_15b,64,msc_valid,8,recency,0.5,12,4.979166666666667,59.75,4.8125,57.75,0.16666666666666696,2.0
qwen25_15b,64,msc_valid,8,lexical_tfidf,0.5,12,5.083333333333333,61.0,4.8125,57.75,0.27083333333333304,3.25
qwen25_15b,64,msc_valid,8,recency_keep_compress_drop,0.5,12,4.541666666666667,54.5,4.8125,57.75,-0.27083333333333304,-3.25
qwen25_15b,64,msc_valid,10,uniform,0.2,12,3.1666666666666665,38.0,3.0416666666666665,36.5,0.125,1.5
qwen25_15b,64,msc_valid,10,longllmlingua,0.2,12,2.9791666666666665,35.75,3.0416666666666665,36.5,-0.0625,-0.75
qwen25_15b,64,msc_valid,10,recency,0.2,12,3.25,39.0,3.0416666666666665,36.5,0.20833333333333348,2.5
qwen25_15b,64,msc_valid,10,lexical_tfidf,0.2,12,3.1666666666666665,38.0,3.0416666666666665,36.5,0.125,1.5
qwen25_15b,64,msc_valid,10,recency_keep_compress_drop,0.2,12,3.25,39.0,3.0416666666666665,36.5,0.20833333333333348,2.5
qwen25_15b,64,msc_valid,10,uniform,0.35,12,3.1041666666666665,37.25,3.0416666666666665,36.5,0.0625,0.75
qwen25_15b,64,msc_valid,10,longllmlingua,0.35,12,2.8541666666666665,34.25,3.0416666666666665,36.5,-0.1875,-2.25
qwen25_15b,64,msc_valid,10,recency,0.35,12,3.3333333333333335,40.0,3.0416666666666665,36.5,0.29166666666666696,3.5
qwen25_15b,64,msc_valid,10,lexical_tfidf,0.35,12,3.2291666666666665,38.75,3.0416666666666665,36.5,0.1875,2.25
qwen25_15b,64,msc_valid,10,recency_keep_compress_drop,0.35,12,3.1458333333333335,37.75,3.0416666666666665,36.5,0.10416666666666696,1.25
qwen25_15b,64,msc_valid,10,uniform,0.5,12,3.0416666666666665,36.5,3.0416666666666665,36.5,0.0,0.0
qwen25_15b,64,msc_valid,10,longllmlingua,0.5,12,2.8958333333333335,34.75,3.0416666666666665,36.5,-0.14583333333333304,-1.75
qwen25_15b,64,msc_valid,10,recency,0.5,12,3.375,40.5,3.0416666666666665,36.5,0.3333333333333335,4.0
qwen25_15b,64,msc_valid,10,lexical_tfidf,0.5,12,3.1875,38.25,3.0416666666666665,36.5,0.14583333333333348,1.75
qwen25_15b,64,msc_valid,10,recency_keep_compress_drop,0.5,12,3.0,36.0,3.0416666666666665,36.5,-0.04166666666666652,-0.5
qwen25_15b,64,msc_valid,12,uniform,0.2,11,3.8636363636363638,42.5,2.409090909090909,26.5,1.4545454545454546,16.0
qwen25_15b,64,msc_valid,12,longllmlingua,0.2,11,2.25,24.75,2.409090909090909,26.5,-0.15909090909090917,-1.75
qwen25_15b,64,msc_valid,12,recency,0.2,11,3.3863636363636362,37.25,2.409090909090909,26.5,0.9772727272727271,10.75
qwen25_15b,64,msc_valid,12,lexical_tfidf,0.2,11,3.5454545454545454,39.0,2.409090909090909,26.5,1.1363636363636362,12.5
qwen25_15b,64,msc_valid,12,recency_keep_compress_drop,0.2,11,3.3863636363636362,37.25,2.409090909090909,26.5,0.9772727272727271,10.75
qwen25_15b,64,msc_valid,12,uniform,0.35,11,3.840909090909091,42.25,2.409090909090909,26.5,1.4318181818181817,15.75
qwen25_15b,64,msc_valid,12,longllmlingua,0.35,11,2.3295454545454546,25.625,2.409090909090909,26.5,-0.07954545454545459,-0.875
qwen25_15b,64,msc_valid,12,recency,0.35,11,2.1818181818181817,24.0,2.409090909090909,26.5,-0.22727272727272751,-2.5
qwen25_15b,64,msc_valid,12,lexical_tfidf,0.35,11,3.0,33.0,2.409090909090909,26.5,0.5909090909090908,6.5
qwen25_15b,64,msc_valid,12,recency_keep_compress_drop,0.35,11,2.25,24.75,2.409090909090909,26.5,-0.15909090909090917,-1.75
qwen25_15b,64,msc_valid,12,uniform,0.5,11,3.590909090909091,39.5,2.409090909090909,26.5,1.1818181818181817,13.0
qwen25_15b,64,msc_valid,12,longllmlingua,0.5,11,2.25,24.75,2.409090909090909,26.5,-0.15909090909090917,-1.75
qwen25_15b,64,msc_valid,12,recency,0.5,11,2.625,28.875,2.409090909090909,26.5,0.21590909090909083,2.375
qwen25_15b,64,msc_valid,12,lexical_tfidf,0.5,11,3.1363636363636362,34.5,2.409090909090909,26.5,0.7272727272727271,8.0
qwen25_15b,64,msc_valid,12,recency_keep_compress_drop,0.5,11,1.6477272727272727,18.125,2.409090909090909,26.5,-0.7613636363636365,-8.375
qwen25_15b,64,msc_valid,14,uniform,0.2,9,5.666666666666667,51.0,3.3055555555555554,29.75,2.3611111111111116,21.25
qwen25_15b,64,msc_valid,14,longllmlingua,0.2,9,3.111111111111111,28.0,3.3055555555555554,29.75,-0.1944444444444442,-1.75
qwen25_15b,64,msc_valid,14,recency,0.2,9,4.083333333333333,36.75,3.3055555555555554,29.75,0.7777777777777777,7.0
qwen25_15b,64,msc_valid,14,lexical_tfidf,0.2,9,5.25,47.25,3.3055555555555554,29.75,1.9444444444444446,17.5
qwen25_15b,64,msc_valid,14,recency_keep_compress_drop,0.2,9,4.388888888888889,39.5,3.3055555555555554,29.75,1.083333333333334,9.75
qwen25_15b,64,msc_valid,14,uniform,0.35,9,5.222222222222222,47.0,3.3055555555555554,29.75,1.916666666666667,17.25
qwen25_15b,64,msc_valid,14,longllmlingua,0.35,9,2.7222222222222223,24.5,3.3055555555555554,29.75,-0.583333333333333,-5.25
qwen25_15b,64,msc_valid,14,recency,0.35,9,4.083333333333333,36.75,3.3055555555555554,29.75,0.7777777777777777,7.0
qwen25_15b,64,msc_valid,14,lexical_tfidf,0.35,9,5.222222222222222,47.0,3.3055555555555554,29.75,1.916666666666667,17.25
qwen25_15b,64,msc_valid,14,recency_keep_compress_drop,0.35,9,3.0833333333333335,27.75,3.3055555555555554,29.75,-0.22222222222222188,-2.0
qwen25_15b,64,msc_valid,14,uniform,0.5,9,4.444444444444445,40.0,3.3055555555555554,29.75,1.1388888888888893,10.25
qwen25_15b,64,msc_valid,14,longllmlingua,0.5,9,2.763888888888889,24.875,3.3055555555555554,29.75,-0.5416666666666665,-4.875
qwen25_15b,64,msc_valid,14,recency,0.5,9,3.1527777777777777,28.375,3.3055555555555554,29.75,-0.15277777777777768,-1.375
qwen25_15b,64,msc_valid,14,lexical_tfidf,0.5,9,4.5,40.5,3.3055555555555554,29.75,1.1944444444444446,10.75
qwen25_15b,64,msc_valid,14,recency_keep_compress_drop,0.5,9,2.9583333333333335,26.625,3.3055555555555554,29.75,-0.3472222222222219,-3.125
qwen25_15b,73,msc_valid,4,uniform,0.2,15,3.95,59.25,3.7,55.5,0.25,3.75
qwen25_15b,73,msc_valid,4,longllmlingua,0.2,15,3.3,49.5,3.7,55.5,-0.40000000000000036,-6.0
qwen25_15b,73,msc_valid,4,recency,0.2,15,3.95,59.25,3.7,55.5,0.25,3.75
qwen25_15b,73,msc_valid,4,lexical_tfidf,0.2,15,3.95,59.25,3.7,55.5,0.25,3.75
qwen25_15b,73,msc_valid,4,recency_keep_compress_drop,0.2,15,3.95,59.25,3.7,55.5,0.25,3.75
qwen25_15b,73,msc_valid,4,uniform,0.35,15,3.95,59.25,3.7,55.5,0.25,3.75
qwen25_15b,73,msc_valid,4,longllmlingua,0.35,15,3.3666666666666667,50.5,3.7,55.5,-0.3333333333333335,-5.0
qwen25_15b,73,msc_valid,4,recency,0.35,15,3.95,59.25,3.7,55.5,0.25,3.75
qwen25_15b,73,msc_valid,4,lexical_tfidf,0.35,15,3.95,59.25,3.7,55.5,0.25,3.75
qwen25_15b,73,msc_valid,4,recency_keep_compress_drop,0.35,15,3.95,59.25,3.7,55.5,0.25,3.75
qwen25_15b,73,msc_valid,4,uniform,0.5,15,3.716666666666667,55.75,3.7,55.5,0.016666666666666607,0.25
qwen25_15b,73,msc_valid,4,longllmlingua,0.5,15,3.433333333333333,51.5,3.7,55.5,-0.26666666666666705,-4.0
qwen25_15b,73,msc_valid,4,recency,0.5,15,3.716666666666667,55.75,3.7,55.5,0.016666666666666607,0.25
qwen25_15b,73,msc_valid,4,lexical_tfidf,0.5,15,3.716666666666667,55.75,3.7,55.5,0.016666666666666607,0.25
qwen25_15b,73,msc_valid,4,recency_keep_compress_drop,0.5,15,3.716666666666667,55.75,3.7,55.5,0.016666666666666607,0.25
qwen25_15b,73,msc_valid,8,uniform,0.2,16,4.15625,66.5,3.46875,55.5,0.6875,11.0
qwen25_15b,73,msc_valid,8,longllmlingua,0.2,16,3.453125,55.25,3.46875,55.5,-0.015625,-0.25
qwen25_15b,73,msc_valid,8,recency,0.2,16,4.25,68.0,3.46875,55.5,0.78125,12.5
qwen25_15b,73,msc_valid,8,lexical_tfidf,0.2,16,4.375,70.0,3.46875,55.5,0.90625,14.5
qwen25_15b,73,msc_valid,8,recency_keep_compress_drop,0.2,16,4.25,68.0,3.46875,55.5,0.78125,12.5
qwen25_15b,73,msc_valid,8,uniform,0.35,16,4.25,68.0,3.46875,55.5,0.78125,12.5
qwen25_15b,73,msc_valid,8,longllmlingua,0.35,16,3.3125,53.0,3.46875,55.5,-0.15625,-2.5
qwen25_15b,73,msc_valid,8,recency,0.35,16,4.15625,66.5,3.46875,55.5,0.6875,11.0
qwen25_15b,73,msc_valid,8,lexical_tfidf,0.35,16,4.1875,67.0,3.46875,55.5,0.71875,11.5
qwen25_15b,73,msc_valid,8,recency_keep_compress_drop,0.35,16,3.78125,60.5,3.46875,55.5,0.3125,5.0
qwen25_15b,73,msc_valid,8,uniform,0.5,16,4.0625,65.0,3.46875,55.5,0.59375,9.5
qwen25_15b,73,msc_valid,8,longllmlingua,0.5,16,3.1875,51.0,3.46875,55.5,-0.28125,-4.5
qwen25_15b,73,msc_valid,8,recency,0.5,16,3.828125,61.25,3.46875,55.5,0.359375,5.75
qwen25_15b,73,msc_valid,8,lexical_tfidf,0.5,16,4.25,68.0,3.46875,55.5,0.78125,12.5
qwen25_15b,73,msc_valid,8,recency_keep_compress_drop,0.5,16,3.578125,57.25,3.46875,55.5,0.109375,1.75
qwen25_15b,73,msc_valid,12,uniform,0.2,18,3.75,67.5,2.7777777777777777,50.0,0.9722222222222223,17.5
qwen25_15b,73,msc_valid,12,longllmlingua,0.2,18,3.0416666666666665,54.75,2.7777777777777777,50.0,0.26388888888888884,4.75
qwen25_15b,73,msc_valid,12,recency,0.2,18,3.1944444444444446,57.5,2.7777777777777777,50.0,0.41666666666666696,7.5
qwen25_15b,73,msc_valid,12,lexical_tfidf,0.2,18,3.0416666666666665,54.75,2.7777777777777777,50.0,0.26388888888888884,4.75
qwen25_15b,73,msc_valid,12,recency_keep_compress_drop,0.2,18,3.1944444444444446,57.5,2.7777777777777777,50.0,0.41666666666666696,7.5
qwen25_15b,73,msc_valid,12,uniform,0.35,18,3.3472222222222223,60.25,2.7777777777777777,50.0,0.5694444444444446,10.25
qwen25_15b,73,msc_valid,12,longllmlingua,0.35,18,3.013888888888889,54.25,2.7777777777777777,50.0,0.23611111111111116,4.25
qwen25_15b,73,msc_valid,12,recency,0.35,18,2.9305555555555554,52.75,2.7777777777777777,50.0,0.15277777777777768,2.75
qwen25_15b,73,msc_valid,12,lexical_tfidf,0.35,18,2.9583333333333335,53.25,2.7777777777777777,50.0,0.1805555555555558,3.25
qwen25_15b,73,msc_valid,12,recency_keep_compress_drop,0.35,18,2.9305555555555554,52.75,2.7777777777777777,50.0,0.15277777777777768,2.75
qwen25_15b,73,msc_valid,12,uniform,0.5,18,3.0972222222222223,55.75,2.7777777777777777,50.0,0.31944444444444464,5.75
qwen25_15b,73,msc_valid,12,longllmlingua,0.5,18,3.0277777777777777,54.5,2.7777777777777777,50.0,0.25,4.5
qwen25_15b,73,msc_valid,12,recency,0.5,18,3.0416666666666665,54.75,2.7777777777777777,50.0,0.26388888888888884,4.75
qwen25_15b,73,msc_valid,12,lexical_tfidf,0.5,18,3.0833333333333335,55.5,2.7777777777777777,50.0,0.3055555555555558,5.5
qwen25_15b,73,msc_valid,12,recency_keep_compress_drop,0.5,18,2.9444444444444446,53.0,2.7777777777777777,50.0,0.16666666666666696,3.0
qwen25_15b,73,msc_valid,16,uniform,0.2,17,4.617647058823529,78.5,4.323529411764706,73.5,0.2941176470588234,5.0
qwen25_15b,73,msc_valid,16,longllmlingua,0.2,17,4.617647058823529,78.5,4.323529411764706,73.5,0.2941176470588234,5.0
qwen25_15b,73,msc_valid,16,recency,0.2,17,4.764705882352941,81.0,4.323529411764706,73.5,0.4411764705882355,7.5
qwen25_15b,73,msc_valid,16,lexical_tfidf,0.2,17,4.764705882352941,81.0,4.323529411764706,73.5,0.4411764705882355,7.5
qwen25_15b,73,msc_valid,16,recency_keep_compress_drop,0.2,17,4.588235294117647,78.0,4.323529411764706,73.5,0.2647058823529411,4.5
qwen25_15b,73,msc_valid,16,uniform,0.35,17,4.617647058823529,78.5,4.323529411764706,73.5,0.2941176470588234,5.0
qwen25_15b,73,msc_valid,16,longllmlingua,0.35,17,4.529411764705882,77.0,4.323529411764706,73.5,0.20588235294117663,3.5
qwen25_15b,73,msc_valid,16,recency,0.35,17,4.529411764705882,77.0,4.323529411764706,73.5,0.20588235294117663,3.5
qwen25_15b,73,msc_valid,16,lexical_tfidf,0.35,17,4.823529411764706,82.0,4.323529411764706,73.5,0.5,8.5
qwen25_15b,73,msc_valid,16,recency_keep_compress_drop,0.35,17,4.470588235294118,76.0,4.323529411764706,73.5,0.14705882352941213,2.5
qwen25_15b,73,msc_valid,16,uniform,0.5,17,4.647058823529412,79.0,4.323529411764706,73.5,0.3235294117647065,5.5
qwen25_15b,73,msc_valid,16,longllmlingua,0.5,17,4.529411764705882,77.0,4.323529411764706,73.5,0.20588235294117663,3.5
qwen25_15b,73,msc_valid,16,recency,0.5,17,4.382352941176471,74.5,4.323529411764706,73.5,0.058823529411765385,1.0
qwen25_15b,73,msc_valid,16,lexical_tfidf,0.5,17,4.588235294117647,78.0,4.323529411764706,73.5,0.2647058823529411,4.5
qwen25_15b,73,msc_valid,16,recency_keep_compress_drop,0.5,17,4.5,76.5,4.323529411764706,73.5,0.17647058823529438,3.0
qwen25_15b,73,msc_valid,20,uniform,0.2,38,3.4210526315789473,130.0,3.236842105263158,123.0,0.18421052631578938,7.0
qwen25_15b,73,msc_valid,20,longllmlingua,0.2,38,3.3421052631578947,127.0,3.236842105263158,123.0,0.10526315789473673,4.0
qwen25_15b,73,msc_valid,20,recency,0.2,38,3.5,133.0,3.236842105263158,123.0,0.26315789473684204,10.0
qwen25_15b,73,msc_valid,20,lexical_tfidf,0.2,38,3.5789473684210527,136.0,3.236842105263158,123.0,0.3421052631578947,13.0
qwen25_15b,73,msc_valid,20,recency_keep_compress_drop,0.2,38,3.5,133.0,3.236842105263158,123.0,0.26315789473684204,10.0
qwen25_15b,73,msc_valid,20,uniform,0.35,38,3.276315789473684,124.5,3.236842105263158,123.0,0.039473684210526105,1.5
qwen25_15b,73,msc_valid,20,longllmlingua,0.35,38,3.3684210526315788,128.0,3.236842105263158,123.0,0.1315789473684208,5.0
qwen25_15b,73,msc_valid,20,recency,0.35,38,3.4210526315789473,130.0,3.236842105263158,123.0,0.18421052631578938,7.0
qwen25_15b,73,msc_valid,20,lexical_tfidf,0.35,38,3.4473684210526314,131.0,3.236842105263158,123.0,0.21052631578947345,8.0
qwen25_15b,73,msc_valid,20,recency_keep_compress_drop,0.35,38,3.3157894736842106,126.0,3.236842105263158,123.0,0.07894736842105265,3.0
qwen25_15b,73,msc_valid,20,uniform,0.5,38,3.25,123.5,3.236842105263158,123.0,0.013157894736842035,0.5
qwen25_15b,73,msc_valid,20,longllmlingua,0.5,38,3.276315789473684,124.5,3.236842105263158,123.0,0.039473684210526105,1.5
qwen25_15b,73,msc_valid,20,recency,0.5,38,3.3947368421052633,129.0,3.236842105263158,123.0,0.1578947368421053,6.0
qwen25_15b,73,msc_valid,20,lexical_tfidf,0.5,38,3.3947368421052633,129.0,3.236842105263158,123.0,0.1578947368421053,6.0
qwen25_15b,73,msc_valid,20,recency_keep_compress_drop,0.5,38,3.236842105263158,123.0,3.236842105263158,123.0,0.0,0.0
qwen25_15b,73,msc_valid,24,uniform,0.2,32,3.140625,100.5,2.71875,87.0,0.421875,13.5
qwen25_15b,73,msc_valid,24,longllmlingua,0.2,32,2.90625,93.0,2.71875,87.0,0.1875,6.0
qwen25_15b,73,msc_valid,24,recency,0.2,32,3.078125,98.5,2.71875,87.0,0.359375,11.5
qwen25_15b,73,msc_valid,24,lexical_tfidf,0.2,32,2.90625,93.0,2.71875,87.0,0.1875,6.0
qwen25_15b,73,msc_valid,24,recency_keep_compress_drop,0.2,32,2.90625,93.0,2.71875,87.0,0.1875,6.0
qwen25_15b,73,msc_valid,24,uniform,0.35,32,2.84375,91.0,2.71875,87.0,0.125,4.0
qwen25_15b,73,msc_valid,24,longllmlingua,0.35,32,2.84375,91.0,2.71875,87.0,0.125,4.0
qwen25_15b,73,msc_valid,24,recency,0.35,32,2.90625,93.0,2.71875,87.0,0.1875,6.0
qwen25_15b,73,msc_valid,24,lexical_tfidf,0.35,32,2.875,92.0,2.71875,87.0,0.15625,5.0
qwen25_15b,73,msc_valid,24,recency_keep_compress_drop,0.35,32,2.734375,87.5,2.71875,87.0,0.015625,0.5
qwen25_15b,73,msc_valid,24,uniform,0.5,32,2.875,92.0,2.71875,87.0,0.15625,5.0
qwen25_15b,73,msc_valid,24,longllmlingua,0.5,32,2.8125,90.0,2.71875,87.0,0.09375,3.0
qwen25_15b,73,msc_valid,24,recency,0.5,32,2.8125,90.0,2.71875,87.0,0.09375,3.0
qwen25_15b,73,msc_valid,24,lexical_tfidf,0.5,32,2.765625,88.5,2.71875,87.0,0.046875,1.5
qwen25_15b,73,msc_valid,24,recency_keep_compress_drop,0.5,32,2.71875,87.0,2.71875,87.0,0.0,0.0
qwen25_15b,73,msc_valid,28,uniform,0.2,9,3.111111111111111,28.0,3.2222222222222223,29.0,-0.11111111111111116,-1.0
qwen25_15b,73,msc_valid,28,longllmlingua,0.2,9,3.388888888888889,30.5,3.2222222222222223,29.0,0.16666666666666652,1.5
qwen25_15b,73,msc_valid,28,recency,0.2,9,3.5416666666666665,31.875,3.2222222222222223,29.0,0.3194444444444442,2.875
qwen25_15b,73,msc_valid,28,lexical_tfidf,0.2,9,3.5555555555555554,32.0,3.2222222222222223,29.0,0.33333333333333304,3.0
qwen25_15b,73,msc_valid,28,recency_keep_compress_drop,0.2,9,3.1944444444444446,28.75,3.2222222222222223,29.0,-0.02777777777777768,-0.25
qwen25_15b,73,msc_valid,28,uniform,0.35,9,3.111111111111111,28.0,3.2222222222222223,29.0,-0.11111111111111116,-1.0
qwen25_15b,73,msc_valid,28,longllmlingua,0.35,9,3.4583333333333335,31.125,3.2222222222222223,29.0,0.23611111111111116,2.125
qwen25_15b,73,msc_valid,28,recency,0.35,9,3.3194444444444446,29.875,3.2222222222222223,29.0,0.09722222222222232,0.875
qwen25_15b,73,msc_valid,28,lexical_tfidf,0.35,9,3.361111111111111,30.25,3.2222222222222223,29.0,0.13888888888888884,1.25
qwen25_15b,73,msc_valid,28,recency_keep_compress_drop,0.35,9,3.263888888888889,29.375,3.2222222222222223,29.0,0.04166666666666652,0.375
qwen25_15b,73,msc_valid,28,uniform,0.5,9,3.111111111111111,28.0,3.2222222222222223,29.0,-0.11111111111111116,-1.0
qwen25_15b,73,msc_valid,28,longllmlingua,0.5,9,3.25,29.25,3.2222222222222223,29.0,0.02777777777777768,0.25
qwen25_15b,73,msc_valid,28,recency,0.5,9,3.263888888888889,29.375,3.2222222222222223,29.0,0.04166666666666652,0.375
qwen25_15b,73,msc_valid,28,lexical_tfidf,0.5,9,3.263888888888889,29.375,3.2222222222222223,29.0,0.04166666666666652,0.375
qwen25_15b,73,msc_valid,28,recency_keep_compress_drop,0.5,9,3.125,28.125,3.2222222222222223,29.0,-0.09722222222222232,-0.875
qwen25_15b,73,msc_valid,32,uniform,0.2,9,2.5972222222222223,23.375,2.611111111111111,23.5,-0.01388888888888884,-0.125
qwen25_15b,73,msc_valid,32,longllmlingua,0.2,9,2.5972222222222223,23.375,2.611111111111111,23.5,-0.01388888888888884,-0.125
qwen25_15b,73,msc_valid,32,recency,0.2,9,3.0,27.0,2.611111111111111,23.5,0.38888888888888884,3.5
qwen25_15b,73,msc_valid,32,lexical_tfidf,0.2,9,2.5972222222222223,23.375,2.611111111111111,23.5,-0.01388888888888884,-0.125
qwen25_15b,73,msc_valid,32,recency_keep_compress_drop,0.2,9,3.0,27.0,2.611111111111111,23.5,0.38888888888888884,3.5
qwen25_15b,73,msc_valid,32,uniform,0.35,9,2.638888888888889,23.75,2.611111111111111,23.5,0.02777777777777768,0.25
qwen25_15b,73,msc_valid,32,longllmlingua,0.35,9,2.638888888888889,23.75,2.611111111111111,23.5,0.02777777777777768,0.25
qwen25_15b,73,msc_valid,32,recency,0.35,9,2.9444444444444446,26.5,2.611111111111111,23.5,0.3333333333333335,3.0
qwen25_15b,73,msc_valid,32,lexical_tfidf,0.35,9,2.6527777777777777,23.875,2.611111111111111,23.5,0.04166666666666652,0.375
qwen25_15b,73,msc_valid,32,recency_keep_compress_drop,0.35,9,2.7916666666666665,25.125,2.611111111111111,23.5,0.18055555555555536,1.625
qwen25_15b,73,msc_valid,32,uniform,0.5,9,2.6944444444444446,24.25,2.611111111111111,23.5,0.08333333333333348,0.75
qwen25_15b,73,msc_valid,32,longllmlingua,0.5,9,2.5972222222222223,23.375,2.611111111111111,23.5,-0.01388888888888884,-0.125
qwen25_15b,73,msc_valid,32,recency,0.5,9,2.763888888888889,24.875,2.611111111111111,23.5,0.15277777777777768,1.375
qwen25_15b,73,msc_valid,32,lexical_tfidf,0.5,9,2.5972222222222223,23.375,2.611111111111111,23.5,-0.01388888888888884,-0.125
qwen25_15b,73,msc_valid,32,recency_keep_compress_drop,0.5,9,2.7083333333333335,24.375,2.611111111111111,23.5,0.09722222222222232,0.875
qwen25_15b,73,msc_valid,34,uniform,0.2,17,2.2941176470588234,39.0,1.9558823529411764,33.25,0.33823529411764697,5.75
qwen25_15b,73,msc_valid,34,longllmlingua,0.2,17,2.1911764705882355,37.25,1.9558823529411764,33.25,0.2352941176470591,4.0
qwen25_15b,73,msc_valid,34,recency,0.2,17,2.073529411764706,35.25,1.9558823529411764,33.25,0.11764705882352966,2.0
qwen25_15b,73,msc_valid,34,lexical_tfidf,0.2,17,2.1470588235294117,36.5,1.9558823529411764,33.25,0.19117647058823528,3.25
qwen25_15b,73,msc_valid,34,recency_keep_compress_drop,0.2,17,2.088235294117647,35.5,1.9558823529411764,33.25,0.13235294117647078,2.25
qwen25_15b,73,msc_valid,34,uniform,0.35,17,2.161764705882353,36.75,1.9558823529411764,33.25,0.2058823529411764,3.5
qwen25_15b,73,msc_valid,34,longllmlingua,0.35,17,2.1470588235294117,36.5,1.9558823529411764,33.25,0.19117647058823528,3.25
qwen25_15b,73,msc_valid,34,recency,0.35,17,2.088235294117647,35.5,1.9558823529411764,33.25,0.13235294117647078,2.25
qwen25_15b,73,msc_valid,34,lexical_tfidf,0.35,17,2.0,34.0,1.9558823529411764,33.25,0.044117647058823595,0.75
qwen25_15b,73,msc_valid,34,recency_keep_compress_drop,0.35,17,2.014705882352941,34.25,1.9558823529411764,33.25,0.05882352941176472,1.0
qwen25_15b,73,msc_valid,34,uniform,0.5,17,2.1029411764705883,35.75,1.9558823529411764,33.25,0.1470588235294119,2.5
qwen25_15b,73,msc_valid,34,longllmlingua,0.5,17,2.1176470588235294,36.0,1.9558823529411764,33.25,0.16176470588235303,2.75
qwen25_15b,73,msc_valid,34,recency,0.5,17,2.088235294117647,35.5,1.9558823529411764,33.25,0.13235294117647078,2.25
qwen25_15b,73,msc_valid,34,lexical_tfidf,0.5,17,1.9852941176470589,33.75,1.9558823529411764,33.25,0.02941176470588247,0.5
qwen25_15b,73,msc_valid,34,recency_keep_compress_drop,0.5,17,2.0441176470588234,34.75,1.9558823529411764,33.25,0.08823529411764697,1.5
qwen25_15b,74,msc_valid,4,uniform,0.2,9,5.527777777777778,49.75,5.388888888888889,48.5,0.1388888888888884,1.25
qwen25_15b,74,msc_valid,4,longllmlingua,0.2,9,5.166666666666667,46.5,5.388888888888889,48.5,-0.22222222222222232,-2.0
qwen25_15b,74,msc_valid,4,recency,0.2,9,5.527777777777778,49.75,5.388888888888889,48.5,0.1388888888888884,1.25
qwen25_15b,74,msc_valid,4,lexical_tfidf,0.2,9,5.527777777777778,49.75,5.388888888888889,48.5,0.1388888888888884,1.25
qwen25_15b,74,msc_valid,4,recency_keep_compress_drop,0.2,9,5.527777777777778,49.75,5.388888888888889,48.5,0.1388888888888884,1.25
qwen25_15b,74,msc_valid,4,uniform,0.35,9,5.527777777777778,49.75,5.388888888888889,48.5,0.1388888888888884,1.25
qwen25_15b,74,msc_valid,4,longllmlingua,0.35,9,5.333333333333333,48.0,5.388888888888889,48.5,-0.055555555555556246,-0.5
qwen25_15b,74,msc_valid,4,recency,0.35,9,5.527777777777778,49.75,5.388888888888889,48.5,0.1388888888888884,1.25
qwen25_15b,74,msc_valid,4,lexical_tfidf,0.35,9,5.527777777777778,49.75,5.388888888888889,48.5,0.1388888888888884,1.25
qwen25_15b,74,msc_valid,4,recency_keep_compress_drop,0.35,9,5.527777777777778,49.75,5.388888888888889,48.5,0.1388888888888884,1.25
qwen25_15b,74,msc_valid,4,uniform,0.5,9,5.527777777777778,49.75,5.388888888888889,48.5,0.1388888888888884,1.25
qwen25_15b,74,msc_valid,4,longllmlingua,0.5,9,5.25,47.25,5.388888888888889,48.5,-0.13888888888888928,-1.25
qwen25_15b,74,msc_valid,4,recency,0.5,9,5.527777777777778,49.75,5.388888888888889,48.5,0.1388888888888884,1.25
qwen25_15b,74,msc_valid,4,lexical_tfidf,0.5,9,5.527777777777778,49.75,5.388888888888889,48.5,0.1388888888888884,1.25
qwen25_15b,74,msc_valid,4,recency_keep_compress_drop,0.5,9,5.527777777777778,49.75,5.388888888888889,48.5,0.1388888888888884,1.25
qwen25_15b,74,msc_valid,6,uniform,0.2,8,3.71875,29.75,3.5625,28.5,0.15625,1.25
qwen25_15b,74,msc_valid,6,longllmlingua,0.2,8,3.78125,30.25,3.5625,28.5,0.21875,1.75
qwen25_15b,74,msc_valid,6,recency,0.2,8,4.03125,32.25,3.5625,28.5,0.46875,3.75
qwen25_15b,74,msc_valid,6,lexical_tfidf,0.2,8,4.03125,32.25,3.5625,28.5,0.46875,3.75
qwen25_15b,74,msc_valid,6,recency_keep_compress_drop,0.2,8,4.03125,32.25,3.5625,28.5,0.46875,3.75
qwen25_15b,74,msc_valid,6,uniform,0.35,8,3.734375,29.875,3.5625,28.5,0.171875,1.375
qwen25_15b,74,msc_valid,6,longllmlingua,0.35,8,3.484375,27.875,3.5625,28.5,-0.078125,-0.625
qwen25_15b,74,msc_valid,6,recency,0.35,8,4.0625,32.5,3.5625,28.5,0.5,4.0
qwen25_15b,74,msc_valid,6,lexical_tfidf,0.35,8,4.0625,32.5,3.5625,28.5,0.5,4.0
qwen25_15b,74,msc_valid,6,recency_keep_compress_drop,0.35,8,3.734375,29.875,3.5625,28.5,0.171875,1.375
qwen25_15b,74,msc_valid,6,uniform,0.5,8,3.796875,30.375,3.5625,28.5,0.234375,1.875
qwen25_15b,74,msc_valid,6,longllmlingua,0.5,8,3.375,27.0,3.5625,28.5,-0.1875,-1.5
qwen25_15b,74,msc_valid,6,recency,0.5,8,3.796875,30.375,3.5625,28.5,0.234375,1.875
qwen25_15b,74,msc_valid,6,lexical_tfidf,0.5,8,3.796875,30.375,3.5625,28.5,0.234375,1.875
qwen25_15b,74,msc_valid,6,recency_keep_compress_drop,0.5,8,3.796875,30.375,3.5625,28.5,0.234375,1.875
qwen25_15b,74,msc_valid,8,uniform,0.2,9,3.8333333333333335,34.5,3.4305555555555554,30.875,0.4027777777777781,3.625
qwen25_15b,74,msc_valid,8,longllmlingua,0.2,9,3.6666666666666665,33.0,3.4305555555555554,30.875,0.23611111111111116,2.125
qwen25_15b,74,msc_valid,8,recency,0.2,9,3.8333333333333335,34.5,3.4305555555555554,30.875,0.4027777777777781,3.625
qwen25_15b,74,msc_valid,8,lexical_tfidf,0.2,9,3.8333333333333335,34.5,3.4305555555555554,30.875,0.4027777777777781,3.625
qwen25_15b,74,msc_valid,8,recency_keep_compress_drop,0.2,9,3.8333333333333335,34.5,3.4305555555555554,30.875,0.4027777777777781,3.625
qwen25_15b,74,msc_valid,8,uniform,0.35,9,3.888888888888889,35.0,3.4305555555555554,30.875,0.4583333333333335,4.125
qwen25_15b,74,msc_valid,8,longllmlingua,0.35,9,3.5555555555555554,32.0,3.4305555555555554,30.875,0.125,1.125
qwen25_15b,74,msc_valid,8,recency,0.35,9,3.7222222222222223,33.5,3.4305555555555554,30.875,0.29166666666666696,2.625
qwen25_15b,74,msc_valid,8,lexical_tfidf,0.35,9,3.888888888888889,35.0,3.4305555555555554,30.875,0.4583333333333335,4.125
qwen25_15b,74,msc_valid,8,recency_keep_compress_drop,0.35,9,3.638888888888889,32.75,3.4305555555555554,30.875,0.20833333333333348,1.875
qwen25_15b,74,msc_valid,8,uniform,0.5,9,3.888888888888889,35.0,3.4305555555555554,30.875,0.4583333333333335,4.125
qwen25_15b,74,msc_valid,8,longllmlingua,0.5,9,3.4583333333333335,31.125,3.4305555555555554,30.875,0.027777777777778123,0.25
qwen25_15b,74,msc_valid,8,recency,0.5,9,3.5,31.5,3.4305555555555554,30.875,0.06944444444444464,0.625
qwen25_15b,74,msc_valid,8,lexical_tfidf,0.5,9,3.888888888888889,35.0,3.4305555555555554,30.875,0.4583333333333335,4.125
qwen25_15b,74,msc_valid,8,recency_keep_compress_drop,0.5,9,3.5,31.5,3.4305555555555554,30.875,0.06944444444444464,0.625
qwen25_15b,74,msc_valid,10,uniform,0.2,9,3.888888888888889,35.0,2.75,24.75,1.1388888888888888,10.25
qwen25_15b,74,msc_valid,10,longllmlingua,0.2,9,4.027777777777778,36.25,2.75,24.75,1.2777777777777777,11.5
qwen25_15b,74,msc_valid,10,recency,0.2,9,3.7777777777777777,34.0,2.75,24.75,1.0277777777777777,9.25
qwen25_15b,74,msc_valid,10,lexical_tfidf,0.2,9,3.638888888888889,32.75,2.75,24.75,0.8888888888888888,8.0
qwen25_15b,74,msc_valid,10,recency_keep_compress_drop,0.2,9,3.7777777777777777,34.0,2.75,24.75,1.0277777777777777,9.25
qwen25_15b,74,msc_valid,10,uniform,0.35,9,3.7222222222222223,33.5,2.75,24.75,0.9722222222222223,8.75
qwen25_15b,74,msc_valid,10,longllmlingua,0.35,9,3.8333333333333335,34.5,2.75,24.75,1.0833333333333335,9.75
qwen25_15b,74,msc_valid,10,recency,0.35,9,3.375,30.375,2.75,24.75,0.625,5.625
qwen25_15b,74,msc_valid,10,lexical_tfidf,0.35,9,2.986111111111111,26.875,2.75,24.75,0.23611111111111116,2.125
qwen25_15b,74,msc_valid,10,recency_keep_compress_drop,0.35,9,3.263888888888889,29.375,2.75,24.75,0.5138888888888888,4.625
qwen25_15b,74,msc_valid,10,uniform,0.5,9,3.6666666666666665,33.0,2.75,24.75,0.9166666666666665,8.25
qwen25_15b,74,msc_valid,10,longllmlingua,0.5,9,3.8333333333333335,34.5,2.75,24.75,1.0833333333333335,9.75
qwen25_15b,74,msc_valid,10,recency,0.5,9,2.9583333333333335,26.625,2.75,24.75,0.20833333333333348,1.875
qwen25_15b,74,msc_valid,10,lexical_tfidf,0.5,9,3.0555555555555554,27.5,2.75,24.75,0.30555555555555536,2.75
qwen25_15b,74,msc_valid,10,recency_keep_compress_drop,0.5,9,2.8055555555555554,25.25,2.75,24.75,0.05555555555555536,0.5
qwen25_15b,74,msc_valid,12,uniform,0.2,7,3.125,21.875,2.9285714285714284,20.5,0.19642857142857162,1.375
qwen25_15b,74,msc_valid,12,longllmlingua,0.2,7,3.3392857142857144,23.375,2.9285714285714284,20.5,0.41071428571428603,2.875
qwen25_15b,74,msc_valid,12,recency,0.2,7,3.7142857142857144,26.0,2.9285714285714284,20.5,0.785714285714286,5.5
qwen25_15b,74,msc_valid,12,lexical_tfidf,0.2,7,2.8214285714285716,19.75,2.9285714285714284,20.5,-0.10714285714285676,-0.75
qwen25_15b,74,msc_valid,12,recency_keep_compress_drop,0.2,7,3.4642857142857144,24.25,2.9285714285714284,20.5,0.535714285714286,3.75
qwen25_15b,74,msc_valid,12,uniform,0.35,7,3.142857142857143,22.0,2.9285714285714284,20.5,0.2142857142857144,1.5
qwen25_15b,74,msc_valid,12,longllmlingua,0.35,7,3.0714285714285716,21.5,2.9285714285714284,20.5,0.14285714285714324,1.0
qwen25_15b,74,msc_valid,12,recency,0.35,7,2.857142857142857,20.0,2.9285714285714284,20.5,-0.07142857142857117,-0.5
qwen25_15b,74,msc_valid,12,lexical_tfidf,0.35,7,2.857142857142857,20.0,2.9285714285714284,20.5,-0.07142857142857117,-0.5
qwen25_15b,74,msc_valid,12,recency_keep_compress_drop,0.35,7,2.857142857142857,20.0,2.9285714285714284,20.5,-0.07142857142857117,-0.5
qwen25_15b,74,msc_valid,12,uniform,0.5,7,3.1785714285714284,22.25,2.9285714285714284,20.5,0.25,1.75
qwen25_15b,74,msc_valid,12,longllmlingua,0.5,7,2.857142857142857,20.0,2.9285714285714284,20.5,-0.07142857142857117,-0.5
qwen25_15b,74,msc_valid,12,recency,0.5,7,2.8214285714285716,19.75,2.9285714285714284,20.5,-0.10714285714285676,-0.75
qwen25_15b,74,msc_valid,12,lexical_tfidf,0.5,7,3.017857142857143,21.125,2.9285714285714284,20.5,0.08928571428571441,0.625
qwen25_15b,74,msc_valid,12,recency_keep_compress_drop,0.5,7,2.8392857142857144,19.875,2.9285714285714284,20.5,-0.08928571428571397,-0.625
qwen25_15b,74,msc_valid,14,uniform,0.2,7,3.357142857142857,23.5,2.4285714285714284,17.0,0.9285714285714288,6.5
qwen25_15b,74,msc_valid,14,longllmlingua,0.2,7,3.1964285714285716,22.375,2.4285714285714284,17.0,0.7678571428571432,5.375
qwen25_15b,74,msc_valid,14,recency,0.2,7,3.4464285714285716,24.125,2.4285714285714284,17.0,1.0178571428571432,7.125
qwen25_15b,74,msc_valid,14,lexical_tfidf,0.2,7,3.3214285714285716,23.25,2.4285714285714284,17.0,0.8928571428571432,6.25
qwen25_15b,74,msc_valid,14,recency_keep_compress_drop,0.2,7,3.4464285714285716,24.125,2.4285714285714284,17.0,1.0178571428571432,7.125
qwen25_15b,74,msc_valid,14,uniform,0.35,7,2.875,20.125,2.4285714285714284,17.0,0.4464285714285716,3.125
qwen25_15b,74,msc_valid,14,longllmlingua,0.35,7,2.857142857142857,20.0,2.4285714285714284,17.0,0.4285714285714288,3.0
qwen25_15b,74,msc_valid,14,recency,0.35,7,3.0714285714285716,21.5,2.4285714285714284,17.0,0.6428571428571432,4.5
qwen25_15b,74,msc_valid,14,lexical_tfidf,0.35,7,3.0535714285714284,21.375,2.4285714285714284,17.0,0.625,4.375
qwen25_15b,74,msc_valid,14,recency_keep_compress_drop,0.35,7,2.875,20.125,2.4285714285714284,17.0,0.4464285714285716,3.125
qwen25_15b,74,msc_valid,14,uniform,0.5,7,2.857142857142857,20.0,2.4285714285714284,17.0,0.4285714285714288,3.0
qwen25_15b,74,msc_valid,14,longllmlingua,0.5,7,2.607142857142857,18.25,2.4285714285714284,17.0,0.17857142857142883,1.25
qwen25_15b,74,msc_valid,14,recency,0.5,7,2.8035714285714284,19.625,2.4285714285714284,17.0,0.375,2.625
qwen25_15b,74,msc_valid,14,lexical_tfidf,0.5,7,3.375,23.625,2.4285714285714284,17.0,0.9464285714285716,6.625
qwen25_15b,74,msc_valid,14,recency_keep_compress_drop,0.5,7,2.607142857142857,18.25,2.4285714285714284,17.0,0.17857142857142883,1.25
qwen25_15b,82,msc_valid,4,uniform,0.2,9,4.0,36.0,4.111111111111111,37.0,-0.11111111111111072,-1.0
qwen25_15b,82,msc_valid,4,longllmlingua,0.2,9,3.7777777777777777,34.0,4.111111111111111,37.0,-0.33333333333333304,-3.0
qwen25_15b,82,msc_valid,4,recency,0.2,9,4.0,36.0,4.111111111111111,37.0,-0.11111111111111072,-1.0
qwen25_15b,82,msc_valid,4,lexical_tfidf,0.2,9,4.0,36.0,4.111111111111111,37.0,-0.11111111111111072,-1.0
qwen25_15b,82,msc_valid,4,recency_keep_compress_drop,0.2,9,4.0,36.0,4.111111111111111,37.0,-0.11111111111111072,-1.0
qwen25_15b,82,msc_valid,4,uniform,0.35,9,4.138888888888889,37.25,4.111111111111111,37.0,0.027777777777778567,0.25
qwen25_15b,82,msc_valid,4,longllmlingua,0.35,9,3.375,30.375,4.111111111111111,37.0,-0.7361111111111107,-6.625
qwen25_15b,82,msc_valid,4,recency,0.35,9,4.138888888888889,37.25,4.111111111111111,37.0,0.027777777777778567,0.25
qwen25_15b,82,msc_valid,4,lexical_tfidf,0.35,9,4.138888888888889,37.25,4.111111111111111,37.0,0.027777777777778567,0.25
qwen25_15b,82,msc_valid,4,recency_keep_compress_drop,0.35,9,4.138888888888889,37.25,4.111111111111111,37.0,0.027777777777778567,0.25
qwen25_15b,82,msc_valid,4,uniform,0.5,9,4.138888888888889,37.25,4.111111111111111,37.0,0.027777777777778567,0.25
qwen25_15b,82,msc_valid,4,longllmlingua,0.5,9,3.3194444444444446,29.875,4.111111111111111,37.0,-0.7916666666666661,-7.125
qwen25_15b,82,msc_valid,4,recency,0.5,9,4.138888888888889,37.25,4.111111111111111,37.0,0.027777777777778567,0.25
qwen25_15b,82,msc_valid,4,lexical_tfidf,0.5,9,4.138888888888889,37.25,4.111111111111111,37.0,0.027777777777778567,0.25
qwen25_15b,82,msc_valid,4,recency_keep_compress_drop,0.5,9,4.138888888888889,37.25,4.111111111111111,37.0,0.027777777777778567,0.25
qwen25_15b,82,msc_valid,6,uniform,0.2,9,6.805555555555555,61.25,5.805555555555555,52.25,1.0,9.0
qwen25_15b,82,msc_valid,6,longllmlingua,0.2,9,5.611111111111111,50.5,5.805555555555555,52.25,-0.19444444444444464,-1.75
qwen25_15b,82,msc_valid,6,recency,0.2,9,6.194444444444445,55.75,5.805555555555555,52.25,0.3888888888888893,3.5
qwen25_15b,82,msc_valid,6,lexical_tfidf,0.2,9,6.805555555555555,61.25,5.805555555555555,52.25,1.0,9.0
qwen25_15b,82,msc_valid,6,recency_keep_compress_drop,0.2,9,6.194444444444445,55.75,5.805555555555555,52.25,0.3888888888888893,3.5
qwen25_15b,82,msc_valid,6,uniform,0.35,9,5.972222222222222,53.75,5.805555555555555,52.25,0.16666666666666696,1.5
qwen25_15b,82,msc_valid,6,longllmlingua,0.35,9,5.388888888888889,48.5,5.805555555555555,52.25,-0.4166666666666661,-3.75
qwen25_15b,82,msc_valid,6,recency,0.35,9,5.972222222222222,53.75,5.805555555555555,52.25,0.16666666666666696,1.5
qwen25_15b,82,msc_valid,6,lexical_tfidf,0.35,9,5.972222222222222,53.75,5.805555555555555,52.25,0.16666666666666696,1.5
qwen25_15b,82,msc_valid,6,recency_keep_compress_drop,0.35,9,5.972222222222222,53.75,5.805555555555555,52.25,0.16666666666666696,1.5
qwen25_15b,82,msc_valid,6,uniform,0.5,9,6.777777777777778,61.0,5.805555555555555,52.25,0.9722222222222223,8.75
qwen25_15b,82,msc_valid,6,longllmlingua,0.5,9,5.194444444444445,46.75,5.805555555555555,52.25,-0.6111111111111107,-5.5
qwen25_15b,82,msc_valid,6,recency,0.5,9,5.805555555555555,52.25,5.805555555555555,52.25,0.0,0.0
qwen25_15b,82,msc_valid,6,lexical_tfidf,0.5,9,6.777777777777778,61.0,5.805555555555555,52.25,0.9722222222222223,8.75
qwen25_15b,82,msc_valid,6,recency_keep_compress_drop,0.5,9,5.972222222222222,53.75,5.805555555555555,52.25,0.16666666666666696,1.5
qwen25_15b,82,msc_valid,8,uniform,0.2,11,4.136363636363637,45.5,2.9545454545454546,32.5,1.181818181818182,13.0
qwen25_15b,82,msc_valid,8,longllmlingua,0.2,11,2.9545454545454546,32.5,2.9545454545454546,32.5,0.0,0.0
qwen25_15b,82,msc_valid,8,recency,0.2,11,4.2727272727272725,47.0,2.9545454545454546,32.5,1.318181818181818,14.5
qwen25_15b,82,msc_valid,8,lexical_tfidf,0.2,11,4.2727272727272725,47.0,2.9545454545454546,32.5,1.318181818181818,14.5
qwen25_15b,82,msc_valid,8,recency_keep_compress_drop,0.2,11,4.2727272727272725,47.0,2.9545454545454546,32.5,1.318181818181818,14.5
qwen25_15b,82,msc_valid,8,uniform,0.35,11,4.340909090909091,47.75,2.9545454545454546,32.5,1.3863636363636362,15.25
qwen25_15b,82,msc_valid,8,longllmlingua,0.35,11,2.840909090909091,31.25,2.9545454545454546,32.5,-0.11363636363636376,-1.25
qwen25_15b,82,msc_valid,8,recency,0.35,11,3.727272727272727,41.0,2.9545454545454546,32.5,0.7727272727272725,8.5
qwen25_15b,82,msc_valid,8,lexical_tfidf,0.35,11,3.840909090909091,42.25,2.9545454545454546,32.5,0.8863636363636362,9.75
qwen25_15b,82,msc_valid,8,recency_keep_compress_drop,0.35,11,3.477272727272727,38.25,2.9545454545454546,32.5,0.5227272727272725,5.75
qwen25_15b,82,msc_valid,8,uniform,0.5,11,3.840909090909091,42.25,2.9545454545454546,32.5,0.8863636363636362,9.75
qwen25_15b,82,msc_valid,8,longllmlingua,0.5,11,2.8636363636363638,31.5,2.9545454545454546,32.5,-0.09090909090909083,-1.0
qwen25_15b,82,msc_valid,8,recency,0.5,11,3.1136363636363638,34.25,2.9545454545454546,32.5,0.15909090909090917,1.75
qwen25_15b,82,msc_valid,8,lexical_tfidf,0.5,11,3.8181818181818183,42.0,2.9545454545454546,32.5,0.8636363636363638,9.5
qwen25_15b,82,msc_valid,8,recency_keep_compress_drop,0.5,11,3.5,38.5,2.9545454545454546,32.5,0.5454545454545454,6.0
qwen25_15b,82,msc_valid,10,uniform,0.2,12,4.8125,57.75,4.520833333333333,54.25,0.29166666666666696,3.5
qwen25_15b,82,msc_valid,10,longllmlingua,0.2,12,4.583333333333333,55.0,4.520833333333333,54.25,0.0625,0.75
qwen25_15b,82,msc_valid,10,recency,0.2,12,5.041666666666667,60.5,4.520833333333333,54.25,0.5208333333333339,6.25
qwen25_15b,82,msc_valid,10,lexical_tfidf,0.2,12,4.895833333333333,58.75,4.520833333333333,54.25,0.375,4.5
qwen25_15b,82,msc_valid,10,recency_keep_compress_drop,0.2,12,5.041666666666667,60.5,4.520833333333333,54.25,0.5208333333333339,6.25
qwen25_15b,82,msc_valid,10,uniform,0.35,12,4.979166666666667,59.75,4.520833333333333,54.25,0.4583333333333339,5.5
qwen25_15b,82,msc_valid,10,longllmlingua,0.35,12,4.416666666666667,53.0,4.520833333333333,54.25,-0.10416666666666607,-1.25
qwen25_15b,82,msc_valid,10,recency,0.35,12,4.979166666666667,59.75,4.520833333333333,54.25,0.4583333333333339,5.5
qwen25_15b,82,msc_valid,10,lexical_tfidf,0.35,12,4.708333333333333,56.5,4.520833333333333,54.25,0.1875,2.25
qwen25_15b,82,msc_valid,10,recency_keep_compress_drop,0.35,12,4.791666666666667,57.5,4.520833333333333,54.25,0.2708333333333339,3.25
qwen25_15b,82,msc_valid,10,uniform,0.5,12,4.854166666666667,58.25,4.520833333333333,54.25,0.3333333333333339,4.0
qwen25_15b,82,msc_valid,10,longllmlingua,0.5,12,4.5,54.0,4.520833333333333,54.25,-0.020833333333333037,-0.25
qwen25_15b,82,msc_valid,10,recency,0.5,12,4.833333333333333,58.0,4.520833333333333,54.25,0.3125,3.75
qwen25_15b,82,msc_valid,10,lexical_tfidf,0.5,12,4.916666666666667,59.0,4.520833333333333,54.25,0.3958333333333339,4.75
qwen25_15b,82,msc_valid,10,recency_keep_compress_drop,0.5,12,4.604166666666667,55.25,4.520833333333333,54.25,0.08333333333333393,1.0
qwen25_15b,82,msc_valid,12,uniform,0.2,11,5.704545454545454,62.75,4.2272727272727275,46.5,1.4772727272727266,16.25
qwen25_15b,82,msc_valid,12,longllmlingua,0.2,11,4.795454545454546,52.75,4.2272727272727275,46.5,0.5681818181818183,6.25
qwen25_15b,82,msc_valid,12,recency,0.2,11,5.568181818181818,61.25,4.2272727272727275,46.5,1.3409090909090908,14.75
qwen25_15b,82,msc_valid,12,lexical_tfidf,0.2,11,5.7727272727272725,63.5,4.2272727272727275,46.5,1.545454545454545,17.0
qwen25_15b,82,msc_valid,12,recency_keep_compress_drop,0.2,11,5.136363636363637,56.5,4.2272727272727275,46.5,0.9090909090909092,10.0
qwen25_15b,82,msc_valid,12,uniform,0.35,11,5.5227272727272725,60.75,4.2272727272727275,46.5,1.295454545454545,14.25
qwen25_15b,82,msc_valid,12,longllmlingua,0.35,11,4.545454545454546,50.0,4.2272727272727275,46.5,0.31818181818181834,3.5
qwen25_15b,82,msc_valid,12,recency,0.35,11,4.909090909090909,54.0,4.2272727272727275,46.5,0.6818181818181817,7.5
qwen25_15b,82,msc_valid,12,lexical_tfidf,0.35,11,5.5227272727272725,60.75,4.2272727272727275,46.5,1.295454545454545,14.25
qwen25_15b,82,msc_valid,12,recency_keep_compress_drop,0.35,11,4.386363636363637,48.25,4.2272727272727275,46.5,0.15909090909090917,1.75
qwen25_15b,82,msc_valid,12,uniform,0.5,11,4.863636363636363,53.5,4.2272727272727275,46.5,0.6363636363636358,7.0
qwen25_15b,82,msc_valid,12,longllmlingua,0.5,11,4.386363636363637,48.25,4.2272727272727275,46.5,0.15909090909090917,1.75
qwen25_15b,82,msc_valid,12,recency,0.5,11,4.909090909090909,54.0,4.2272727272727275,46.5,0.6818181818181817,7.5
qwen25_15b,82,msc_valid,12,lexical_tfidf,0.5,11,4.636363636363637,51.0,4.2272727272727275,46.5,0.40909090909090917,4.5
qwen25_15b,82,msc_valid,12,recency_keep_compress_drop,0.5,11,4.318181818181818,47.5,4.2272727272727275,46.5,0.09090909090909083,1.0
qwen25_15b,82,msc_valid,14,uniform,0.2,11,4.636363636363637,51.0,3.75,41.25,0.8863636363636367,9.75
qwen25_15b,82,msc_valid,14,longllmlingua,0.2,11,3.8636363636363638,42.5,3.75,41.25,0.11363636363636376,1.25
qwen25_15b,82,msc_valid,14,recency,0.2,11,4.2727272727272725,47.0,3.75,41.25,0.5227272727272725,5.75
qwen25_15b,82,msc_valid,14,lexical_tfidf,0.2,11,4.181818181818182,46.0,3.75,41.25,0.43181818181818166,4.75
qwen25_15b,82,msc_valid,14,recency_keep_compress_drop,0.2,11,4.318181818181818,47.5,3.75,41.25,0.5681818181818183,6.25
qwen25_15b,82,msc_valid,14,uniform,0.35,11,4.318181818181818,47.5,3.75,41.25,0.5681818181818183,6.25
qwen25_15b,82,msc_valid,14,longllmlingua,0.35,11,3.8636363636363638,42.5,3.75,41.25,0.11363636363636376,1.25
qwen25_15b,82,msc_valid,14,recency,0.35,11,4.386363636363637,48.25,3.75,41.25,0.6363636363636367,7.0
qwen25_15b,82,msc_valid,14,lexical_tfidf,0.35,11,4.068181818181818,44.75,3.75,41.25,0.31818181818181834,3.5
qwen25_15b,82,msc_valid,14,recency_keep_compress_drop,0.35,11,4.090909090909091,45.0,3.75,41.25,0.34090909090909083,3.75
qwen25_15b,82,msc_valid,14,uniform,0.5,11,4.090909090909091,45.0,3.75,41.25,0.34090909090909083,3.75
qwen25_15b,82,msc_valid,14,longllmlingua,0.5,11,3.8636363636363638,42.5,3.75,41.25,0.11363636363636376,1.25
qwen25_15b,82,msc_valid,14,recency,0.5,11,4.090909090909091,45.0,3.75,41.25,0.34090909090909083,3.75
qwen25_15b,82,msc_valid,14,lexical_tfidf,0.5,11,3.7954545454545454,41.75,3.75,41.25,0.045454545454545414,0.5
qwen25_15b,82,msc_valid,14,recency_keep_compress_drop,0.5,11,3.9545454545454546,43.5,3.75,41.25,0.20454545454545459,2.25
qwen25_15b,90,msc_valid,4,uniform,0.2,21,4.119047619047619,86.5,4.095238095238095,86.0,0.023809523809523725,0.5
qwen25_15b,90,msc_valid,4,longllmlingua,0.2,21,3.857142857142857,81.0,4.095238095238095,86.0,-0.2380952380952377,-5.0
qwen25_15b,90,msc_valid,4,recency,0.2,21,4.119047619047619,86.5,4.095238095238095,86.0,0.023809523809523725,0.5
qwen25_15b,90,msc_valid,4,lexical_tfidf,0.2,21,4.119047619047619,86.5,4.095238095238095,86.0,0.023809523809523725,0.5
qwen25_15b,90,msc_valid,4,recency_keep_compress_drop,0.2,21,4.119047619047619,86.5,4.095238095238095,86.0,0.023809523809523725,0.5
qwen25_15b,90,msc_valid,4,uniform,0.35,21,4.142857142857143,87.0,4.095238095238095,86.0,0.04761904761904834,1.0
qwen25_15b,90,msc_valid,4,longllmlingua,0.35,21,3.9523809523809526,83.0,4.095238095238095,86.0,-0.14285714285714235,-3.0
qwen25_15b,90,msc_valid,4,recency,0.35,21,4.142857142857143,87.0,4.095238095238095,86.0,0.04761904761904834,1.0
qwen25_15b,90,msc_valid,4,lexical_tfidf,0.35,21,4.142857142857143,87.0,4.095238095238095,86.0,0.04761904761904834,1.0
qwen25_15b,90,msc_valid,4,recency_keep_compress_drop,0.35,21,4.142857142857143,87.0,4.095238095238095,86.0,0.04761904761904834,1.0
qwen25_15b,90,msc_valid,4,uniform,0.5,21,4.142857142857143,87.0,4.095238095238095,86.0,0.04761904761904834,1.0
qwen25_15b,90,msc_valid,4,longllmlingua,0.5,21,3.9523809523809526,83.0,4.095238095238095,86.0,-0.14285714285714235,-3.0
qwen25_15b,90,msc_valid,4,recency,0.5,21,4.142857142857143,87.0,4.095238095238095,86.0,0.04761904761904834,1.0
qwen25_15b,90,msc_valid,4,lexical_tfidf,0.5,21,4.142857142857143,87.0,4.095238095238095,86.0,0.04761904761904834,1.0
qwen25_15b,90,msc_valid,4,recency_keep_compress_drop,0.5,21,4.142857142857143,87.0,4.095238095238095,86.0,0.04761904761904834,1.0
qwen25_15b,90,msc_valid,8,uniform,0.2,12,2.8958333333333335,34.75,2.7708333333333335,33.25,0.125,1.5
qwen25_15b,90,msc_valid,8,longllmlingua,0.2,12,2.9375,35.25,2.7708333333333335,33.25,0.16666666666666652,2.0
qwen25_15b,90,msc_valid,8,recency,0.2,12,3.0625,36.75,2.7708333333333335,33.25,0.2916666666666665,3.5
qwen25_15b,90,msc_valid,8,lexical_tfidf,0.2,12,3.0625,36.75,2.7708333333333335,33.25,0.2916666666666665,3.5
qwen25_15b,90,msc_valid,8,recency_keep_compress_drop,0.2,12,2.8958333333333335,34.75,2.7708333333333335,33.25,0.125,1.5
qwen25_15b,90,msc_valid,8,uniform,0.35,12,3.0625,36.75,2.7708333333333335,33.25,0.2916666666666665,3.5
qwen25_15b,90,msc_valid,8,longllmlingua,0.35,12,2.875,34.5,2.7708333333333335,33.25,0.10416666666666652,1.25
qwen25_15b,90,msc_valid,8,recency,0.35,12,2.6875,32.25,2.7708333333333335,33.25,-0.08333333333333348,-1.0
qwen25_15b,90,msc_valid,8,lexical_tfidf,0.35,12,2.9166666666666665,35.0,2.7708333333333335,33.25,0.14583333333333304,1.75
qwen25_15b,90,msc_valid,8,recency_keep_compress_drop,0.35,12,2.8541666666666665,34.25,2.7708333333333335,33.25,0.08333333333333304,1.0
qwen25_15b,90,msc_valid,8,uniform,0.5,12,2.9791666666666665,35.75,2.7708333333333335,33.25,0.20833333333333304,2.5
qwen25_15b,90,msc_valid,8,longllmlingua,0.5,12,2.7916666666666665,33.5,2.7708333333333335,33.25,0.020833333333333037,0.25
qwen25_15b,90,msc_valid,8,recency,0.5,12,2.7291666666666665,32.75,2.7708333333333335,33.25,-0.04166666666666696,-0.5
qwen25_15b,90,msc_valid,8,lexical_tfidf,0.5,12,3.0,36.0,2.7708333333333335,33.25,0.22916666666666652,2.75
qwen25_15b,90,msc_valid,8,recency_keep_compress_drop,0.5,12,2.7291666666666665,32.75,2.7708333333333335,33.25,-0.04166666666666696,-0.5
qwen25_15b,90,msc_valid,12,uniform,0.2,13,4.173076923076923,54.25,3.230769230769231,42.0,0.9423076923076925,12.25
qwen25_15b,90,msc_valid,12,longllmlingua,0.2,13,3.4038461538461537,44.25,3.230769230769231,42.0,0.1730769230769229,2.25
qwen25_15b,90,msc_valid,12,recency,0.2,13,3.730769230769231,48.5,3.230769230769231,42.0,0.5,6.5
qwen25_15b,90,msc_valid,12,lexical_tfidf,0.2,13,3.9615384615384617,51.5,3.230769230769231,42.0,0.7307692307692308,9.5
qwen25_15b,90,msc_valid,12,recency_keep_compress_drop,0.2,13,3.75,48.75,3.230769230769231,42.0,0.5192307692307692,6.75
qwen25_15b,90,msc_valid,12,uniform,0.35,13,3.8846153846153846,50.5,3.230769230769231,42.0,0.6538461538461537,8.5
qwen25_15b,90,msc_valid,12,longllmlingua,0.35,13,3.4423076923076925,44.75,3.230769230769231,42.0,0.21153846153846168,2.75
qwen25_15b,90,msc_valid,12,recency,0.35,13,3.5,45.5,3.230769230769231,42.0,0.26923076923076916,3.5
qwen25_15b,90,msc_valid,12,lexical_tfidf,0.35,13,3.6923076923076925,48.0,3.230769230769231,42.0,0.4615384615384617,6.0
qwen25_15b,90,msc_valid,12,recency_keep_compress_drop,0.35,13,3.5961538461538463,46.75,3.230769230769231,42.0,0.3653846153846154,4.75
qwen25_15b,90,msc_valid,12,uniform,0.5,13,3.730769230769231,48.5,3.230769230769231,42.0,0.5,6.5
qwen25_15b,90,msc_valid,12,longllmlingua,0.5,13,3.5,45.5,3.230769230769231,42.0,0.26923076923076916,3.5
qwen25_15b,90,msc_valid,12,recency,0.5,13,3.5,45.5,3.230769230769231,42.0,0.26923076923076916,3.5
qwen25_15b,90,msc_valid,12,lexical_tfidf,0.5,13,3.7115384615384617,48.25,3.230769230769231,42.0,0.48076923076923084,6.25
qwen25_15b,90,msc_valid,12,recency_keep_compress_drop,0.5,13,3.5384615384615383,46.0,3.230769230769231,42.0,0.3076923076923075,4.0
qwen25_15b,90,msc_valid,16,uniform,0.2,12,3.2916666666666665,39.5,2.4479166666666665,29.375,0.84375,10.125
qwen25_15b,90,msc_valid,16,longllmlingua,0.2,12,3.0833333333333335,37.0,2.4479166666666665,29.375,0.635416666666667,7.625
qwen25_15b,90,msc_valid,16,recency,0.2,12,3.2083333333333335,38.5,2.4479166666666665,29.375,0.760416666666667,9.125
qwen25_15b,90,msc_valid,16,lexical_tfidf,0.2,12,3.25,39.0,2.4479166666666665,29.375,0.8020833333333335,9.625
qwen25_15b,90,msc_valid,16,recency_keep_compress_drop,0.2,12,3.1041666666666665,37.25,2.4479166666666665,29.375,0.65625,7.875
qwen25_15b,90,msc_valid,16,uniform,0.35,12,3.0416666666666665,36.5,2.4479166666666665,29.375,0.59375,7.125
qwen25_15b,90,msc_valid,16,longllmlingua,0.35,12,2.9583333333333335,35.5,2.4479166666666665,29.375,0.510416666666667,6.125
qwen25_15b,90,msc_valid,16,recency,0.35,12,3.0833333333333335,37.0,2.4479166666666665,29.375,0.635416666666667,7.625
qwen25_15b,90,msc_valid,16,lexical_tfidf,0.35,12,3.0208333333333335,36.25,2.4479166666666665,29.375,0.572916666666667,6.875
qwen25_15b,90,msc_valid,16,recency_keep_compress_drop,0.35,12,2.875,34.5,2.4479166666666665,29.375,0.4270833333333335,5.125
qwen25_15b,90,msc_valid,16,uniform,0.5,12,3.0,36.0,2.4479166666666665,29.375,0.5520833333333335,6.625
qwen25_15b,90,msc_valid,16,longllmlingua,0.5,12,2.8541666666666665,34.25,2.4479166666666665,29.375,0.40625,4.875
qwen25_15b,90,msc_valid,16,recency,0.5,12,2.9583333333333335,35.5,2.4479166666666665,29.375,0.510416666666667,6.125
qwen25_15b,90,msc_valid,16,lexical_tfidf,0.5,12,3.0,36.0,2.4479166666666665,29.375,0.5520833333333335,6.625
qwen25_15b,90,msc_valid,16,recency_keep_compress_drop,0.5,12,2.8333333333333335,34.0,2.4479166666666665,29.375,0.38541666666666696,4.625
qwen25_15b,90,msc_valid,20,uniform,0.2,20,3.3,66.0,3.1875,63.75,0.11249999999999982,2.25
qwen25_15b,90,msc_valid,20,longllmlingua,0.2,20,3.15,63.0,3.1875,63.75,-0.03750000000000009,-0.75
qwen25_15b,90,msc_valid,20,recency,0.2,20,3.45,69.0,3.1875,63.75,0.2625000000000002,5.25
qwen25_15b,90,msc_valid,20,lexical_tfidf,0.2,20,3.3,66.0,3.1875,63.75,0.11249999999999982,2.25
qwen25_15b,90,msc_valid,20,recency_keep_compress_drop,0.2,20,3.1875,63.75,3.1875,63.75,0.0,0.0
qwen25_15b,90,msc_valid,20,uniform,0.35,20,3.425,68.5,3.1875,63.75,0.23749999999999982,4.75
qwen25_15b,90,msc_valid,20,longllmlingua,0.35,20,3.175,63.5,3.1875,63.75,-0.012500000000000178,-0.25
qwen25_15b,90,msc_valid,20,recency,0.35,20,3.325,66.5,3.1875,63.75,0.13750000000000018,2.75
qwen25_15b,90,msc_valid,20,lexical_tfidf,0.35,20,3.2,64.0,3.1875,63.75,0.012500000000000178,0.25
qwen25_15b,90,msc_valid,20,recency_keep_compress_drop,0.35,20,3.2,64.0,3.1875,63.75,0.012500000000000178,0.25
qwen25_15b,90,msc_valid,20,uniform,0.5,20,3.0875,61.75,3.1875,63.75,-0.10000000000000009,-2.0
qwen25_15b,90,msc_valid,20,longllmlingua,0.5,20,3.1125,62.25,3.1875,63.75,-0.07500000000000018,-1.5
qwen25_15b,90,msc_valid,20,recency,0.5,20,3.3,66.0,3.1875,63.75,0.11249999999999982,2.25
qwen25_15b,90,msc_valid,20,lexical_tfidf,0.5,20,3.175,63.5,3.1875,63.75,-0.012500000000000178,-0.25
qwen25_15b,90,msc_valid,20,recency_keep_compress_drop,0.5,20,3.1875,63.75,3.1875,63.75,0.0,0.0
qwen25_15b,90,msc_valid,24,uniform,0.2,29,3.0689655172413794,89.0,2.9310344827586206,85.0,0.1379310344827589,4.0
qwen25_15b,90,msc_valid,24,longllmlingua,0.2,29,2.9655172413793105,86.0,2.9310344827586206,85.0,0.034482758620689946,1.0
qwen25_15b,90,msc_valid,24,recency,0.2,29,2.9310344827586206,85.0,2.9310344827586206,85.0,0.0,0.0
qwen25_15b,90,msc_valid,24,lexical_tfidf,0.2,29,3.0344827586206895,88.0,2.9310344827586206,85.0,0.10344827586206895,3.0
qwen25_15b,90,msc_valid,24,recency_keep_compress_drop,0.2,29,2.8793103448275863,83.5,2.9310344827586206,85.0,-0.05172413793103425,-1.5
qwen25_15b,90,msc_valid,24,uniform,0.35,29,3.0344827586206895,88.0,2.9310344827586206,85.0,0.10344827586206895,3.0
qwen25_15b,90,msc_valid,24,longllmlingua,0.35,29,3.0172413793103448,87.5,2.9310344827586206,85.0,0.0862068965517242,2.5
qwen25_15b,90,msc_valid,24,recency,0.35,29,2.9310344827586206,85.0,2.9310344827586206,85.0,0.0,0.0
qwen25_15b,90,msc_valid,24,lexical_tfidf,0.35,29,3.0517241379310347,88.5,2.9310344827586206,85.0,0.12068965517241415,3.5
qwen25_15b,90,msc_valid,24,recency_keep_compress_drop,0.35,29,2.8620689655172415,83.0,2.9310344827586206,85.0,-0.068965517241379,-2.0
qwen25_15b,90,msc_valid,24,uniform,0.5,29,3.0,87.0,2.9310344827586206,85.0,0.06896551724137945,2.0
qwen25_15b,90,msc_valid,24,longllmlingua,0.5,29,2.9827586206896552,86.5,2.9310344827586206,85.0,0.0517241379310347,1.5
qwen25_15b,90,msc_valid,24,recency,0.5,29,2.8448275862068964,82.5,2.9310344827586206,85.0,-0.0862068965517242,-2.5
qwen25_15b,90,msc_valid,24,lexical_tfidf,0.5,29,3.0172413793103448,87.5,2.9310344827586206,85.0,0.0862068965517242,2.5
qwen25_15b,90,msc_valid,24,recency_keep_compress_drop,0.5,29,2.8275862068965516,82.0,2.9310344827586206,85.0,-0.10344827586206895,-3.0
qwen25_15b,90,msc_valid,28,uniform,0.2,13,2.9615384615384617,38.5,2.6538461538461537,34.5,0.30769230769230793,4.0
qwen25_15b,90,msc_valid,28,longllmlingua,0.2,13,3.0384615384615383,39.5,2.6538461538461537,34.5,0.3846153846153846,5.0
qwen25_15b,90,msc_valid,28,recency,0.2,13,2.7884615384615383,36.25,2.6538461538461537,34.5,0.13461538461538458,1.75
qwen25_15b,90,msc_valid,28,lexical_tfidf,0.2,13,2.730769230769231,35.5,2.6538461538461537,34.5,0.0769230769230771,1.0
qwen25_15b,90,msc_valid,28,recency_keep_compress_drop,0.2,13,2.9615384615384617,38.5,2.6538461538461537,34.5,0.30769230769230793,4.0
qwen25_15b,90,msc_valid,28,uniform,0.35,13,2.7884615384615383,36.25,2.6538461538461537,34.5,0.13461538461538458,1.75
qwen25_15b,90,msc_valid,28,longllmlingua,0.35,13,3.0,39.0,2.6538461538461537,34.5,0.34615384615384626,4.5
qwen25_15b,90,msc_valid,28,recency,0.35,13,2.769230769230769,36.0,2.6538461538461537,34.5,0.11538461538461542,1.5
qwen25_15b,90,msc_valid,28,lexical_tfidf,0.35,13,2.673076923076923,34.75,2.6538461538461537,34.5,0.019230769230769162,0.25
qwen25_15b,90,msc_valid,28,recency_keep_compress_drop,0.35,13,2.8846153846153846,37.5,2.6538461538461537,34.5,0.23076923076923084,3.0
qwen25_15b,90,msc_valid,28,uniform,0.5,13,2.6346153846153846,34.25,2.6538461538461537,34.5,-0.019230769230769162,-0.25
qwen25_15b,90,msc_valid,28,longllmlingua,0.5,13,2.8846153846153846,37.5,2.6538461538461537,34.5,0.23076923076923084,3.0
qwen25_15b,90,msc_valid,28,recency,0.5,13,2.673076923076923,34.75,2.6538461538461537,34.5,0.019230769230769162,0.25
qwen25_15b,90,msc_valid,28,lexical_tfidf,0.5,13,2.8076923076923075,36.5,2.6538461538461537,34.5,0.15384615384615374,2.0
qwen25_15b,90,msc_valid,28,recency_keep_compress_drop,0.5,13,2.6538461538461537,34.5,2.6538461538461537,34.5,0.0,0.0
qwen25_15b,90,msc_valid,32,uniform,0.2,21,3.380952380952381,71.0,3.3095238095238093,69.5,0.07142857142857162,1.5
qwen25_15b,90,msc_valid,32,longllmlingua,0.2,21,3.4761904761904763,73.0,3.3095238095238093,69.5,0.16666666666666696,3.5
qwen25_15b,90,msc_valid,32,recency,0.2,21,3.357142857142857,70.5,3.3095238095238093,69.5,0.047619047619047894,1.0
qwen25_15b,90,msc_valid,32,lexical_tfidf,0.2,21,3.261904761904762,68.5,3.3095238095238093,69.5,-0.04761904761904745,-1.0
qwen25_15b,90,msc_valid,32,recency_keep_compress_drop,0.2,21,3.4047619047619047,71.5,3.3095238095238093,69.5,0.09523809523809534,2.0
qwen25_15b,90,msc_valid,32,uniform,0.35,21,3.1904761904761907,67.0,3.3095238095238093,69.5,-0.11904761904761862,-2.5
qwen25_15b,90,msc_valid,32,longllmlingua,0.35,21,3.4523809523809526,72.5,3.3095238095238093,69.5,0.14285714285714324,3.0
qwen25_15b,90,msc_valid,32,recency,0.35,21,3.2857142857142856,69.0,3.3095238095238093,69.5,-0.023809523809523725,-0.5
qwen25_15b,90,msc_valid,32,lexical_tfidf,0.35,21,3.380952380952381,71.0,3.3095238095238093,69.5,0.07142857142857162,1.5
qwen25_15b,90,msc_valid,32,recency_keep_compress_drop,0.35,21,3.357142857142857,70.5,3.3095238095238093,69.5,0.047619047619047894,1.0
qwen25_15b,90,msc_valid,32,uniform,0.5,21,3.3333333333333335,70.0,3.3095238095238093,69.5,0.02380952380952417,0.5
qwen25_15b,90,msc_valid,32,longllmlingua,0.5,21,3.4285714285714284,72.0,3.3095238095238093,69.5,0.11904761904761907,2.5
qwen25_15b,90,msc_valid,32,recency,0.5,21,3.261904761904762,68.5,3.3095238095238093,69.5,-0.04761904761904745,-1.0
qwen25_15b,90,msc_valid,32,lexical_tfidf,0.5,21,3.2857142857142856,69.0,3.3095238095238093,69.5,-0.023809523809523725,-0.5
qwen25_15b,90,msc_valid,32,recency_keep_compress_drop,0.5,21,3.238095238095238,68.0,3.3095238095238093,69.5,-0.07142857142857117,-1.5
qwen25_15b,90,msc_valid,34,uniform,0.2,16,2.359375,37.75,2.0625,33.0,0.296875,4.75
qwen25_15b,90,msc_valid,34,longllmlingua,0.2,16,2.28125,36.5,2.0625,33.0,0.21875,3.5
qwen25_15b,90,msc_valid,34,recency,0.2,16,2.625,42.0,2.0625,33.0,0.5625,9.0
qwen25_15b,90,msc_valid,34,lexical_tfidf,0.2,16,2.171875,34.75,2.0625,33.0,0.109375,1.75
qwen25_15b,90,msc_valid,34,recency_keep_compress_drop,0.2,16,2.65625,42.5,2.0625,33.0,0.59375,9.5
qwen25_15b,90,msc_valid,34,uniform,0.35,16,2.0,32.0,2.0625,33.0,-0.0625,-1.0
qwen25_15b,90,msc_valid,34,longllmlingua,0.35,16,2.234375,35.75,2.0625,33.0,0.171875,2.75
qwen25_15b,90,msc_valid,34,recency,0.35,16,2.59375,41.5,2.0625,33.0,0.53125,8.5
qwen25_15b,90,msc_valid,34,lexical_tfidf,0.35,16,2.203125,35.25,2.0625,33.0,0.140625,2.25
qwen25_15b,90,msc_valid,34,recency_keep_compress_drop,0.35,16,2.421875,38.75,2.0625,33.0,0.359375,5.75
qwen25_15b,90,msc_valid,34,uniform,0.5,16,2.0,32.0,2.0625,33.0,-0.0625,-1.0
qwen25_15b,90,msc_valid,34,longllmlingua,0.5,16,2.15625,34.5,2.0625,33.0,0.09375,1.5
qwen25_15b,90,msc_valid,34,recency,0.5,16,2.203125,35.25,2.0625,33.0,0.140625,2.25
qwen25_15b,90,msc_valid,34,lexical_tfidf,0.5,16,2.125,34.0,2.0625,33.0,0.0625,1.0
qwen25_15b,90,msc_valid,34,recency_keep_compress_drop,0.5,16,2.328125,37.25,2.0625,33.0,0.265625,4.25
qwen25_15b,90,msc_valid,38,uniform,0.2,16,3.3125,53.0,2.59375,41.5,0.71875,11.5
qwen25_15b,90,msc_valid,38,longllmlingua,0.2,16,3.0625,49.0,2.59375,41.5,0.46875,7.5
qwen25_15b,90,msc_valid,38,recency,0.2,16,2.8125,45.0,2.59375,41.5,0.21875,3.5
qwen25_15b,90,msc_valid,38,lexical_tfidf,0.2,16,2.6875,43.0,2.59375,41.5,0.09375,1.5
qwen25_15b,90,msc_valid,38,recency_keep_compress_drop,0.2,16,2.796875,44.75,2.59375,41.5,0.203125,3.25
qwen25_15b,90,msc_valid,38,uniform,0.35,16,3.0,48.0,2.59375,41.5,0.40625,6.5
qwen25_15b,90,msc_valid,38,longllmlingua,0.35,16,2.921875,46.75,2.59375,41.5,0.328125,5.25
qwen25_15b,90,msc_valid,38,recency,0.35,16,2.609375,41.75,2.59375,41.5,0.015625,0.25
qwen25_15b,90,msc_valid,38,lexical_tfidf,0.35,16,2.75,44.0,2.59375,41.5,0.15625,2.5
qwen25_15b,90,msc_valid,38,recency_keep_compress_drop,0.35,16,2.78125,44.5,2.59375,41.5,0.1875,3.0
qwen25_15b,90,msc_valid,38,uniform,0.5,16,2.953125,47.25,2.59375,41.5,0.359375,5.75
qwen25_15b,90,msc_valid,38,longllmlingua,0.5,16,2.921875,46.75,2.59375,41.5,0.328125,5.25
qwen25_15b,90,msc_valid,38,recency,0.5,16,2.609375,41.75,2.59375,41.5,0.015625,0.25
qwen25_15b,90,msc_valid,38,lexical_tfidf,0.5,16,2.75,44.0,2.59375,41.5,0.15625,2.5
qwen25_15b,90,msc_valid,38,recency_keep_compress_drop,0.5,16,2.703125,43.25,2.59375,41.5,0.109375,1.75
qwen25_15b,90,msc_valid,42,uniform,0.2,16,2.765625,44.25,0.0,0.0,2.765625,44.25
qwen25_15b,90,msc_valid,42,longllmlingua,0.2,16,3.125,50.0,0.0,0.0,3.125,50.0
qwen25_15b,90,msc_valid,42,recency,0.2,16,2.859375,45.75,0.0,0.0,2.859375,45.75
qwen25_15b,90,msc_valid,42,lexical_tfidf,0.2,16,3.265625,52.25,0.0,0.0,3.265625,52.25
qwen25_15b,90,msc_valid,42,recency_keep_compress_drop,0.2,16,2.859375,45.75,0.0,0.0,2.859375,45.75
qwen25_15b,90,msc_valid,42,uniform,0.35,16,2.671875,42.75,0.0,0.0,2.671875,42.75
qwen25_15b,90,msc_valid,42,longllmlingua,0.35,16,3.09375,49.5,0.0,0.0,3.09375,49.5
qwen25_15b,90,msc_valid,42,recency,0.35,16,2.6875,43.0,0.0,0.0,2.6875,43.0
qwen25_15b,90,msc_valid,42,lexical_tfidf,0.35,16,2.9375,47.0,0.0,0.0,2.9375,47.0
qwen25_15b,90,msc_valid,42,recency_keep_compress_drop,0.35,16,2.859375,45.75,0.0,0.0,2.859375,45.75
qwen25_15b,90,msc_valid,42,uniform,0.5,16,2.6875,43.0,0.0,0.0,2.6875,43.0
qwen25_15b,90,msc_valid,42,longllmlingua,0.5,16,3.0,48.0,0.0,0.0,3.0,48.0
qwen25_15b,90,msc_valid,42,recency,0.5,16,2.671875,42.75,0.0,0.0,2.671875,42.75
qwen25_15b,90,msc_valid,42,lexical_tfidf,0.5,16,2.796875,44.75,0.0,0.0,2.796875,44.75
qwen25_15b,90,msc_valid,42,recency_keep_compress_drop,0.5,16,2.5625,41.0,0.0,0.0,2.5625,41.0
qwen25_15b,90,msc_valid,46,uniform,0.2,20,1.7375,34.75,0.0,0.0,1.7375,34.75
qwen25_15b,90,msc_valid,46,longllmlingua,0.2,20,1.55,31.0,0.0,0.0,1.55,31.0
qwen25_15b,90,msc_valid,46,recency,0.2,20,1.7875,35.75,0.0,0.0,1.7875,35.75
qwen25_15b,90,msc_valid,46,lexical_tfidf,0.2,20,1.725,34.5,0.0,0.0,1.725,34.5
qwen25_15b,90,msc_valid,46,recency_keep_compress_drop,0.2,20,1.725,34.5,0.0,0.0,1.725,34.5
qwen25_15b,90,msc_valid,46,uniform,0.35,20,1.675,33.5,0.0,0.0,1.675,33.5
qwen25_15b,90,msc_valid,46,longllmlingua,0.35,20,1.55,31.0,0.0,0.0,1.55,31.0
qwen25_15b,90,msc_valid,46,recency,0.35,20,1.7125,34.25,0.0,0.0,1.7125,34.25
qwen25_15b,90,msc_valid,46,lexical_tfidf,0.35,20,1.6375,32.75,0.0,0.0,1.6375,32.75
qwen25_15b,90,msc_valid,46,recency_keep_compress_drop,0.35,20,1.6125,32.25,0.0,0.0,1.6125,32.25
qwen25_15b,90,msc_valid,46,uniform,0.5,20,1.575,31.5,0.0,0.0,1.575,31.5
qwen25_15b,90,msc_valid,46,longllmlingua,0.5,20,1.48125,29.625,0.0,0.0,1.48125,29.625
qwen25_15b,90,msc_valid,46,recency,0.5,20,1.625,32.5,0.0,0.0,1.625,32.5
qwen25_15b,90,msc_valid,46,lexical_tfidf,0.5,20,1.54375,30.875,0.0,0.0,1.54375,30.875
qwen25_15b,90,msc_valid,46,recency_keep_compress_drop,0.5,20,1.51875,30.375,0.0,0.0,1.51875,30.375
qwen25_15b,90,msc_valid,50,uniform,0.2,37,2.310810810810811,85.5,0.0,0.0,2.310810810810811,85.5
qwen25_15b,90,msc_valid,50,longllmlingua,0.2,37,2.2972972972972974,85.0,0.0,0.0,2.2972972972972974,85.0
qwen25_15b,90,msc_valid,50,recency,0.2,37,2.4054054054054053,89.0,0.0,0.0,2.4054054054054053,89.0
qwen25_15b,90,msc_valid,50,lexical_tfidf,0.2,37,2.2432432432432434,83.0,0.0,0.0,2.2432432432432434,83.0
qwen25_15b,90,msc_valid,50,recency_keep_compress_drop,0.2,37,2.364864864864865,87.5,0.0,0.0,2.364864864864865,87.5
qwen25_15b,90,msc_valid,50,uniform,0.35,37,2.27027027027027,84.0,0.0,0.0,2.27027027027027,84.0
qwen25_15b,90,msc_valid,50,longllmlingua,0.35,37,2.2972972972972974,85.0,0.0,0.0,2.2972972972972974,85.0
qwen25_15b,90,msc_valid,50,recency,0.35,37,2.391891891891892,88.5,0.0,0.0,2.391891891891892,88.5
qwen25_15b,90,msc_valid,50,lexical_tfidf,0.35,37,2.189189189189189,81.0,0.0,0.0,2.189189189189189,81.0
qwen25_15b,90,msc_valid,50,recency_keep_compress_drop,0.35,37,2.4054054054054053,89.0,0.0,0.0,2.4054054054054053,89.0
qwen25_15b,90,msc_valid,50,uniform,0.5,37,2.391891891891892,88.5,0.0,0.0,2.391891891891892,88.5
qwen25_15b,90,msc_valid,50,longllmlingua,0.5,37,2.2432432432432434,83.0,0.0,0.0,2.2432432432432434,83.0
qwen25_15b,90,msc_valid,50,recency,0.5,37,2.3783783783783785,88.0,0.0,0.0,2.3783783783783785,88.0
qwen25_15b,90,msc_valid,50,lexical_tfidf,0.5,37,2.22972972972973,82.5,0.0,0.0,2.22972972972973,82.5
qwen25_15b,90,msc_valid,50,recency_keep_compress_drop,0.5,37,2.310810810810811,85.5,0.0,0.0,2.310810810810811,85.5
qwen25_15b,90,msc_valid,54,uniform,0.2,29,2.6206896551724137,76.0,0.0,0.0,2.6206896551724137,76.0
qwen25_15b,90,msc_valid,54,longllmlingua,0.2,29,2.6551724137931036,77.0,0.0,0.0,2.6551724137931036,77.0
qwen25_15b,90,msc_valid,54,recency,0.2,29,2.5344827586206895,73.5,0.0,0.0,2.5344827586206895,73.5
qwen25_15b,90,msc_valid,54,lexical_tfidf,0.2,29,2.5,72.5,0.0,0.0,2.5,72.5
qwen25_15b,90,msc_valid,54,recency_keep_compress_drop,0.2,29,2.4827586206896552,72.0,0.0,0.0,2.4827586206896552,72.0
qwen25_15b,90,msc_valid,54,uniform,0.35,29,2.5,72.5,0.0,0.0,2.5,72.5
qwen25_15b,90,msc_valid,54,longllmlingua,0.35,29,2.6206896551724137,76.0,0.0,0.0,2.6206896551724137,76.0
qwen25_15b,90,msc_valid,54,recency,0.35,29,2.4827586206896552,72.0,0.0,0.0,2.4827586206896552,72.0
qwen25_15b,90,msc_valid,54,lexical_tfidf,0.35,29,2.4482758620689653,71.0,0.0,0.0,2.4482758620689653,71.0
qwen25_15b,90,msc_valid,54,recency_keep_compress_drop,0.35,29,2.4482758620689653,71.0,0.0,0.0,2.4482758620689653,71.0
qwen25_15b,90,msc_valid,54,uniform,0.5,29,2.4655172413793105,71.5,0.0,0.0,2.4655172413793105,71.5
qwen25_15b,90,msc_valid,54,longllmlingua,0.5,29,2.6206896551724137,76.0,0.0,0.0,2.6206896551724137,76.0
qwen25_15b,90,msc_valid,54,recency,0.5,29,2.4482758620689653,71.0,0.0,0.0,2.4482758620689653,71.0
qwen25_15b,90,msc_valid,54,lexical_tfidf,0.5,29,2.4310344827586206,70.5,0.0,0.0,2.4310344827586206,70.5
qwen25_15b,90,msc_valid,54,recency_keep_compress_drop,0.5,29,2.413793103448276,70.0,0.0,0.0,2.413793103448276,70.0
qwen25_15b,90,msc_valid,58,uniform,0.2,39,2.9358974358974357,114.5,0.0,0.0,2.9358974358974357,114.5
qwen25_15b,90,msc_valid,58,longllmlingua,0.2,39,2.948717948717949,115.0,0.0,0.0,2.948717948717949,115.0
qwen25_15b,90,msc_valid,58,recency,0.2,39,2.9743589743589745,116.0,0.0,0.0,2.9743589743589745,116.0
qwen25_15b,90,msc_valid,58,lexical_tfidf,0.2,39,2.948717948717949,115.0,0.0,0.0,2.948717948717949,115.0
qwen25_15b,90,msc_valid,58,recency_keep_compress_drop,0.2,39,2.948717948717949,115.0,0.0,0.0,2.948717948717949,115.0
qwen25_15b,90,msc_valid,58,uniform,0.35,39,2.948717948717949,115.0,0.0,0.0,2.948717948717949,115.0
qwen25_15b,90,msc_valid,58,longllmlingua,0.35,39,2.948717948717949,115.0,0.0,0.0,2.948717948717949,115.0
qwen25_15b,90,msc_valid,58,recency,0.35,39,2.9615384615384617,115.5,0.0,0.0,2.9615384615384617,115.5
qwen25_15b,90,msc_valid,58,lexical_tfidf,0.35,39,2.948717948717949,115.0,0.0,0.0,2.948717948717949,115.0
qwen25_15b,90,msc_valid,58,recency_keep_compress_drop,0.35,39,2.948717948717949,115.0,0.0,0.0,2.948717948717949,115.0
qwen25_15b,90,msc_valid,58,uniform,0.5,39,3.0,117.0,0.0,0.0,3.0,117.0
qwen25_15b,90,msc_valid,58,longllmlingua,0.5,39,2.9615384615384617,115.5,0.0,0.0,2.9615384615384617,115.5
qwen25_15b,90,msc_valid,58,recency,0.5,30,3.25,97.5,0.0,0.0,3.25,97.5
qwen25_15b,90,msc_valid,58,lexical_tfidf,0.5,30,3.2666666666666666,98.0,0.0,0.0,3.2666666666666666,98.0
qwen25_15b,90,msc_valid,58,recency_keep_compress_drop,0.5,26,3.3653846153846154,87.5,0.0,0.0,3.3653846153846154,87.5
qwen25_15b,90,msc_valid,62,uniform,0.2,35,3.142857142857143,110.0,0.0,0.0,3.142857142857143,110.0
qwen25_15b,90,msc_valid,62,longllmlingua,0.2,35,3.142857142857143,110.0,0.0,0.0,3.142857142857143,110.0
qwen25_15b,90,msc_valid,62,recency,0.2,35,3.0714285714285716,107.5,0.0,0.0,3.0714285714285716,107.5
qwen25_15b,90,msc_valid,62,lexical_tfidf,0.2,35,3.0428571428571427,106.5,0.0,0.0,3.0428571428571427,106.5
qwen25_15b,90,msc_valid,62,recency_keep_compress_drop,0.2,35,3.0428571428571427,106.5,0.0,0.0,3.0428571428571427,106.5
qwen25_15b,90,msc_valid,62,uniform,0.35,35,3.1714285714285713,111.0,0.0,0.0,3.1714285714285713,111.0
qwen25_15b,90,msc_valid,62,longllmlingua,0.35,35,3.0714285714285716,107.5,0.0,0.0,3.0714285714285716,107.5
qwen25_15b,90,msc_valid,62,recency,0.35,35,3.0428571428571427,106.5,0.0,0.0,3.0428571428571427,106.5
qwen25_15b,90,msc_valid,62,lexical_tfidf,0.35,35,3.057142857142857,107.0,0.0,0.0,3.057142857142857,107.0
qwen25_15b,90,msc_valid,62,recency_keep_compress_drop,0.35,35,3.0285714285714285,106.0,0.0,0.0,3.0285714285714285,106.0
qwen25_15b,90,msc_valid,62,uniform,0.5,35,3.2142857142857144,112.5,0.0,0.0,3.2142857142857144,112.5
qwen25_15b,90,msc_valid,62,longllmlingua,0.5,35,3.0428571428571427,106.5,0.0,0.0,3.0428571428571427,106.5
qwen25_15b,90,msc_valid,62,recency,0.5,0,0.0,0.0,0.0,0.0,0.0,0.0
qwen25_15b,90,msc_valid,62,lexical_tfidf,0.5,0,0.0,0.0,0.0,0.0,0.0,0.0
qwen25_15b,90,msc_valid,62,recency_keep_compress_drop,0.5,0,0.0,0.0,0.0,0.0,0.0,0.0
qwen25_15b,127,msc_valid,4,uniform,0.2,15,3.683333333333333,55.25,3.5,52.5,0.18333333333333313,2.75
qwen25_15b,127,msc_valid,4,longllmlingua,0.2,15,3.2,48.0,3.5,52.5,-0.2999999999999998,-4.5
qwen25_15b,127,msc_valid,4,recency,0.2,15,3.683333333333333,55.25,3.5,52.5,0.18333333333333313,2.75
qwen25_15b,127,msc_valid,4,lexical_tfidf,0.2,15,3.683333333333333,55.25,3.5,52.5,0.18333333333333313,2.75
qwen25_15b,127,msc_valid,4,recency_keep_compress_drop,0.2,15,3.683333333333333,55.25,3.5,52.5,0.18333333333333313,2.75
qwen25_15b,127,msc_valid,4,uniform,0.35,15,3.5166666666666666,52.75,3.5,52.5,0.016666666666666607,0.25
qwen25_15b,127,msc_valid,4,longllmlingua,0.35,15,3.1666666666666665,47.5,3.5,52.5,-0.3333333333333335,-5.0
qwen25_15b,127,msc_valid,4,recency,0.35,15,3.5166666666666666,52.75,3.5,52.5,0.016666666666666607,0.25
qwen25_15b,127,msc_valid,4,lexical_tfidf,0.35,15,3.5166666666666666,52.75,3.5,52.5,0.016666666666666607,0.25
qwen25_15b,127,msc_valid,4,recency_keep_compress_drop,0.35,15,3.5166666666666666,52.75,3.5,52.5,0.016666666666666607,0.25
qwen25_15b,127,msc_valid,4,uniform,0.5,15,3.5166666666666666,52.75,3.5,52.5,0.016666666666666607,0.25
qwen25_15b,127,msc_valid,4,longllmlingua,0.5,15,3.283333333333333,49.25,3.5,52.5,-0.21666666666666679,-3.25
qwen25_15b,127,msc_valid,4,recency,0.5,15,3.5166666666666666,52.75,3.5,52.5,0.016666666666666607,0.25
qwen25_15b,127,msc_valid,4,lexical_tfidf,0.5,15,3.5166666666666666,52.75,3.5,52.5,0.016666666666666607,0.25
qwen25_15b,127,msc_valid,4,recency_keep_compress_drop,0.5,15,3.5166666666666666,52.75,3.5,52.5,0.016666666666666607,0.25
qwen25_15b,127,msc_valid,6,uniform,0.2,20,3.05,61.0,3.0375,60.75,0.012499999999999734,0.25
qwen25_15b,127,msc_valid,6,longllmlingua,0.2,20,2.7,54.0,3.0375,60.75,-0.3374999999999999,-6.75
qwen25_15b,127,msc_valid,6,recency,0.2,20,3.3,66.0,3.0375,60.75,0.26249999999999973,5.25
qwen25_15b,127,msc_valid,6,lexical_tfidf,0.2,20,3.05,61.0,3.0375,60.75,0.012499999999999734,0.25
qwen25_15b,127,msc_valid,6,recency_keep_compress_drop,0.2,20,3.05,61.0,3.0375,60.75,0.012499999999999734,0.25
qwen25_15b,127,msc_valid,6,uniform,0.35,20,3.1625,63.25,3.0375,60.75,0.125,2.5
qwen25_15b,127,msc_valid,6,longllmlingua,0.35,20,2.65,53.0,3.0375,60.75,-0.3875000000000002,-7.75
qwen25_15b,127,msc_valid,6,recency,0.35,20,3.1625,63.25,3.0375,60.75,0.125,2.5
qwen25_15b,127,msc_valid,6,lexical_tfidf,0.35,20,3.1625,63.25,3.0375,60.75,0.125,2.5
qwen25_15b,127,msc_valid,6,recency_keep_compress_drop,0.35,20,3.225,64.5,3.0375,60.75,0.1875,3.75
qwen25_15b,127,msc_valid,6,uniform,0.5,20,3.1125,62.25,3.0375,60.75,0.07499999999999973,1.5
qwen25_15b,127,msc_valid,6,longllmlingua,0.5,20,2.6125,52.25,3.0375,60.75,-0.42500000000000027,-8.5
qwen25_15b,127,msc_valid,6,recency,0.5,20,3.15,63.0,3.0375,60.75,0.11249999999999982,2.25
qwen25_15b,127,msc_valid,6,lexical_tfidf,0.5,20,3.1125,62.25,3.0375,60.75,0.07499999999999973,1.5
qwen25_15b,127,msc_valid,6,recency_keep_compress_drop,0.5,20,3.1125,62.25,3.0375,60.75,0.07499999999999973,1.5
qwen25_15b,127,msc_valid,8,uniform,0.2,17,4.323529411764706,73.5,3.8823529411764706,66.0,0.44117647058823506,7.5
qwen25_15b,127,msc_valid,8,longllmlingua,0.2,17,4.088235294117647,69.5,3.8823529411764706,66.0,0.20588235294117618,3.5
qwen25_15b,127,msc_valid,8,recency,0.2,17,4.411764705882353,75.0,3.8823529411764706,66.0,0.5294117647058827,9.0
qwen25_15b,127,msc_valid,8,lexical_tfidf,0.2,17,4.5,76.5,3.8823529411764706,66.0,0.6176470588235294,10.5
qwen25_15b,127,msc_valid,8,recency_keep_compress_drop,0.2,17,4.5,76.5,3.8823529411764706,66.0,0.6176470588235294,10.5
qwen25_15b,127,msc_valid,8,uniform,0.35,17,4.4411764705882355,75.5,3.8823529411764706,66.0,0.5588235294117649,9.5
qwen25_15b,127,msc_valid,8,longllmlingua,0.35,17,4.176470588235294,71.0,3.8823529411764706,66.0,0.2941176470588238,5.0
qwen25_15b,127,msc_valid,8,recency,0.35,17,4.323529411764706,73.5,3.8823529411764706,66.0,0.44117647058823506,7.5
qwen25_15b,127,msc_valid,8,lexical_tfidf,0.35,17,4.323529411764706,73.5,3.8823529411764706,66.0,0.44117647058823506,7.5
qwen25_15b,127,msc_valid,8,recency_keep_compress_drop,0.35,17,4.147058823529412,70.5,3.8823529411764706,66.0,0.26470588235294157,4.5
qwen25_15b,127,msc_valid,8,uniform,0.5,17,4.264705882352941,72.5,3.8823529411764706,66.0,0.38235294117647056,6.5
qwen25_15b,127,msc_valid,8,longllmlingua,0.5,17,4.0,68.0,3.8823529411764706,66.0,0.11764705882352944,2.0
qwen25_15b,127,msc_valid,8,recency,0.5,17,4.088235294117647,69.5,3.8823529411764706,66.0,0.20588235294117618,3.5
qwen25_15b,127,msc_valid,8,lexical_tfidf,0.5,17,4.088235294117647,69.5,3.8823529411764706,66.0,0.20588235294117618,3.5
qwen25_15b,127,msc_valid,8,recency_keep_compress_drop,0.5,17,4.088235294117647,69.5,3.8823529411764706,66.0,0.20588235294117618,3.5
qwen25_15b,127,msc_valid,10,uniform,0.2,15,3.7,55.5,3.1333333333333333,47.0,0.5666666666666669,8.5
qwen25_15b,127,msc_valid,10,longllmlingua,0.2,15,3.3833333333333333,50.75,3.1333333333333333,47.0,0.25,3.75
qwen25_15b,127,msc_valid,10,recency,0.2,15,3.6166666666666667,54.25,3.1333333333333333,47.0,0.4833333333333334,7.25
qwen25_15b,127,msc_valid,10,lexical_tfidf,0.2,15,3.55,53.25,3.1333333333333333,47.0,0.4166666666666665,6.25
qwen25_15b,127,msc_valid,10,recency_keep_compress_drop,0.2,15,3.566666666666667,53.5,3.1333333333333333,47.0,0.43333333333333357,6.5
qwen25_15b,127,msc_valid,10,uniform,0.35,15,3.6166666666666667,54.25,3.1333333333333333,47.0,0.4833333333333334,7.25
qwen25_15b,127,msc_valid,10,longllmlingua,0.35,15,3.4833333333333334,52.25,3.1333333333333333,47.0,0.3500000000000001,5.25
qwen25_15b,127,msc_valid,10,recency,0.35,15,3.35,50.25,3.1333333333333333,47.0,0.21666666666666679,3.25
qwen25_15b,127,msc_valid,10,lexical_tfidf,0.35,15,3.3333333333333335,50.0,3.1333333333333333,47.0,0.20000000000000018,3.0
qwen25_15b,127,msc_valid,10,recency_keep_compress_drop,0.35,15,3.283333333333333,49.25,3.1333333333333333,47.0,0.1499999999999999,2.25
qwen25_15b,127,msc_valid,10,uniform,0.5,15,3.533333333333333,53.0,3.1333333333333333,47.0,0.3999999999999999,6.0
qwen25_15b,127,msc_valid,10,longllmlingua,0.5,15,3.4,51.0,3.1333333333333333,47.0,0.2666666666666666,4.0
qwen25_15b,127,msc_valid,10,recency,0.5,15,3.3,49.5,3.1333333333333333,47.0,0.16666666666666652,2.5
qwen25_15b,127,msc_valid,10,lexical_tfidf,0.5,15,3.35,50.25,3.1333333333333333,47.0,0.21666666666666679,3.25
qwen25_15b,127,msc_valid,10,recency_keep_compress_drop,0.5,15,3.1,46.5,3.1333333333333333,47.0,-0.033333333333333215,-0.5
qwen25_15b,127,msc_valid,12,uniform,0.2,13,1.8942307692307692,24.625,1.8173076923076923,23.625,0.07692307692307687,1.0
qwen25_15b,127,msc_valid,12,longllmlingua,0.2,13,1.7884615384615385,23.25,1.8173076923076923,23.625,-0.028846153846153744,-0.375
qwen25_15b,127,msc_valid,12,recency,0.2,13,1.7019230769230769,22.125,1.8173076923076923,23.625,-0.11538461538461542,-1.5
qwen25_15b,127,msc_valid,12,lexical_tfidf,0.2,13,1.7788461538461537,23.125,1.8173076923076923,23.625,-0.03846153846153855,-0.5
qwen25_15b,127,msc_valid,12,recency_keep_compress_drop,0.2,13,1.6346153846153846,21.25,1.8173076923076923,23.625,-0.1826923076923077,-2.375
qwen25_15b,127,msc_valid,12,uniform,0.35,13,1.8846153846153846,24.5,1.8173076923076923,23.625,0.06730769230769229,0.875
qwen25_15b,127,msc_valid,12,longllmlingua,0.35,13,1.7788461538461537,23.125,1.8173076923076923,23.625,-0.03846153846153855,-0.5
qwen25_15b,127,msc_valid,12,recency,0.35,13,1.6346153846153846,21.25,1.8173076923076923,23.625,-0.1826923076923077,-2.375
qwen25_15b,127,msc_valid,12,lexical_tfidf,0.35,13,1.7307692307692308,22.5,1.8173076923076923,23.625,-0.08653846153846145,-1.125
qwen25_15b,127,msc_valid,12,recency_keep_compress_drop,0.35,13,1.7788461538461537,23.125,1.8173076923076923,23.625,-0.03846153846153855,-0.5
qwen25_15b,127,msc_valid,12,uniform,0.5,13,1.7884615384615385,23.25,1.8173076923076923,23.625,-0.028846153846153744,-0.375
qwen25_15b,127,msc_valid,12,longllmlingua,0.5,13,1.8557692307692308,24.125,1.8173076923076923,23.625,0.03846153846153855,0.5
qwen25_15b,127,msc_valid,12,recency,0.5,13,1.7788461538461537,23.125,1.8173076923076923,23.625,-0.03846153846153855,-0.5
qwen25_15b,127,msc_valid,12,lexical_tfidf,0.5,13,1.7211538461538463,22.375,1.8173076923076923,23.625,-0.09615384615384603,-1.25
qwen25_15b,127,msc_valid,12,recency_keep_compress_drop,0.5,13,1.7980769230769231,23.375,1.8173076923076923,23.625,-0.019230769230769162,-0.25
qwen25_15b,127,msc_valid,14,uniform,0.2,12,5.375,64.5,3.8333333333333335,46.0,1.5416666666666665,18.5
qwen25_15b,127,msc_valid,14,longllmlingua,0.2,12,5.166666666666667,62.0,3.8333333333333335,46.0,1.3333333333333335,16.0
qwen25_15b,127,msc_valid,14,recency,0.2,12,5.333333333333333,64.0,3.8333333333333335,46.0,1.4999999999999996,18.0
qwen25_15b,127,msc_valid,14,lexical_tfidf,0.2,12,4.916666666666667,59.0,3.8333333333333335,46.0,1.0833333333333335,13.0
qwen25_15b,127,msc_valid,14,recency_keep_compress_drop,0.2,12,4.708333333333333,56.5,3.8333333333333335,46.0,0.8749999999999996,10.5
qwen25_15b,127,msc_valid,14,uniform,0.35,12,5.208333333333333,62.5,3.8333333333333335,46.0,1.3749999999999996,16.5
qwen25_15b,127,msc_valid,14,longllmlingua,0.35,12,4.875,58.5,3.8333333333333335,46.0,1.0416666666666665,12.5
qwen25_15b,127,msc_valid,14,recency,0.35,12,4.5625,54.75,3.8333333333333335,46.0,0.7291666666666665,8.75
qwen25_15b,127,msc_valid,14,lexical_tfidf,0.35,12,4.708333333333333,56.5,3.8333333333333335,46.0,0.8749999999999996,10.5
qwen25_15b,127,msc_valid,14,recency_keep_compress_drop,0.35,12,4.479166666666667,53.75,3.8333333333333335,46.0,0.6458333333333335,7.75
qwen25_15b,127,msc_valid,14,uniform,0.5,12,4.875,58.5,3.8333333333333335,46.0,1.0416666666666665,12.5
qwen25_15b,127,msc_valid,14,longllmlingua,0.5,12,4.645833333333333,55.75,3.8333333333333335,46.0,0.8124999999999996,9.75
qwen25_15b,127,msc_valid,14,recency,0.5,12,4.458333333333333,53.5,3.8333333333333335,46.0,0.6249999999999996,7.5
qwen25_15b,127,msc_valid,14,lexical_tfidf,0.5,12,4.395833333333333,52.75,3.8333333333333335,46.0,0.5624999999999996,6.75
qwen25_15b,127,msc_valid,14,recency_keep_compress_drop,0.5,12,4.291666666666667,51.5,3.8333333333333335,46.0,0.4583333333333335,5.5
qwen25_15b,142,msc_valid,4,uniform,0.2,13,2.2788461538461537,29.625,2.2403846153846154,29.125,0.038461538461538325,0.5
qwen25_15b,142,msc_valid,4,longllmlingua,0.2,13,2.1346153846153846,27.75,2.2403846153846154,29.125,-0.10576923076923084,-1.375
qwen25_15b,142,msc_valid,4,recency,0.2,13,2.2788461538461537,29.625,2.2403846153846154,29.125,0.038461538461538325,0.5
qwen25_15b,142,msc_valid,4,lexical_tfidf,0.2,13,2.2788461538461537,29.625,2.2403846153846154,29.125,0.038461538461538325,0.5
qwen25_15b,142,msc_valid,4,recency_keep_compress_drop,0.2,13,2.2788461538461537,29.625,2.2403846153846154,29.125,0.038461538461538325,0.5
qwen25_15b,142,msc_valid,4,uniform,0.35,13,2.2788461538461537,29.625,2.2403846153846154,29.125,0.038461538461538325,0.5
qwen25_15b,142,msc_valid,4,longllmlingua,0.35,13,2.1538461538461537,28.0,2.2403846153846154,29.125,-0.08653846153846168,-1.125
qwen25_15b,142,msc_valid,4,recency,0.35,13,2.2788461538461537,29.625,2.2403846153846154,29.125,0.038461538461538325,0.5
qwen25_15b,142,msc_valid,4,lexical_tfidf,0.35,13,2.2788461538461537,29.625,2.2403846153846154,29.125,0.038461538461538325,0.5
qwen25_15b,142,msc_valid,4,recency_keep_compress_drop,0.35,13,2.2788461538461537,29.625,2.2403846153846154,29.125,0.038461538461538325,0.5
qwen25_15b,142,msc_valid,4,uniform,0.5,13,2.2596153846153846,29.375,2.2403846153846154,29.125,0.019230769230769162,0.25
qwen25_15b,142,msc_valid,4,longllmlingua,0.5,13,2.2211538461538463,28.875,2.2403846153846154,29.125,-0.019230769230769162,-0.25
qwen25_15b,142,msc_valid,4,recency,0.5,13,2.2596153846153846,29.375,2.2403846153846154,29.125,0.019230769230769162,0.25
qwen25_15b,142,msc_valid,4,lexical_tfidf,0.5,13,2.2596153846153846,29.375,2.2403846153846154,29.125,0.019230769230769162,0.25
qwen25_15b,142,msc_valid,4,recency_keep_compress_drop,0.5,13,2.2596153846153846,29.375,2.2403846153846154,29.125,0.019230769230769162,0.25
qwen25_15b,142,msc_valid,6,uniform,0.2,12,4.854166666666667,58.25,4.5625,54.75,0.29166666666666696,3.5
qwen25_15b,142,msc_valid,6,longllmlingua,0.2,12,4.604166666666667,55.25,4.5625,54.75,0.04166666666666696,0.5
qwen25_15b,142,msc_valid,6,recency,0.2,12,4.854166666666667,58.25,4.5625,54.75,0.29166666666666696,3.5
qwen25_15b,142,msc_valid,6,lexical_tfidf,0.2,12,4.854166666666667,58.25,4.5625,54.75,0.29166666666666696,3.5
qwen25_15b,142,msc_valid,6,recency_keep_compress_drop,0.2,12,4.854166666666667,58.25,4.5625,54.75,0.29166666666666696,3.5
qwen25_15b,142,msc_valid,6,uniform,0.35,12,4.833333333333333,58.0,4.5625,54.75,0.27083333333333304,3.25
qwen25_15b,142,msc_valid,6,longllmlingua,0.35,12,4.541666666666667,54.5,4.5625,54.75,-0.020833333333333037,-0.25
qwen25_15b,142,msc_valid,6,recency,0.35,12,4.854166666666667,58.25,4.5625,54.75,0.29166666666666696,3.5
qwen25_15b,142,msc_valid,6,lexical_tfidf,0.35,12,4.854166666666667,58.25,4.5625,54.75,0.29166666666666696,3.5
qwen25_15b,142,msc_valid,6,recency_keep_compress_drop,0.35,12,4.854166666666667,58.25,4.5625,54.75,0.29166666666666696,3.5
qwen25_15b,142,msc_valid,6,uniform,0.5,12,4.729166666666667,56.75,4.5625,54.75,0.16666666666666696,2.0
qwen25_15b,142,msc_valid,6,longllmlingua,0.5,12,4.5625,54.75,4.5625,54.75,0.0,0.0
qwen25_15b,142,msc_valid,6,recency,0.5,12,4.666666666666667,56.0,4.5625,54.75,0.10416666666666696,1.25
qwen25_15b,142,msc_valid,6,lexical_tfidf,0.5,12,4.729166666666667,56.75,4.5625,54.75,0.16666666666666696,2.0
qwen25_15b,142,msc_valid,6,recency_keep_compress_drop,0.5,12,4.770833333333333,57.25,4.5625,54.75,0.20833333333333304,2.5
qwen25_15b,142,msc_valid,8,uniform,0.2,12,2.7083333333333335,32.5,2.375,28.5,0.3333333333333335,4.0
qwen25_15b,142,msc_valid,8,longllmlingua,0.2,12,2.4895833333333335,29.875,2.375,28.5,0.11458333333333348,1.375
qwen25_15b,142,msc_valid,8,recency,0.2,12,2.9166666666666665,35.0,2.375,28.5,0.5416666666666665,6.5
qwen25_15b,142,msc_valid,8,lexical_tfidf,0.2,12,2.7083333333333335,32.5,2.375,28.5,0.3333333333333335,4.0
qwen25_15b,142,msc_valid,8,recency_keep_compress_drop,0.2,12,2.9166666666666665,35.0,2.375,28.5,0.5416666666666665,6.5
qwen25_15b,142,msc_valid,8,uniform,0.35,12,2.6666666666666665,32.0,2.375,28.5,0.2916666666666665,3.5
qwen25_15b,142,msc_valid,8,longllmlingua,0.35,12,2.4791666666666665,29.75,2.375,28.5,0.10416666666666652,1.25
qwen25_15b,142,msc_valid,8,recency,0.35,12,2.75,33.0,2.375,28.5,0.375,4.5
qwen25_15b,142,msc_valid,8,lexical_tfidf,0.35,12,2.7708333333333335,33.25,2.375,28.5,0.3958333333333335,4.75
qwen25_15b,142,msc_valid,8,recency_keep_compress_drop,0.35,12,2.5208333333333335,30.25,2.375,28.5,0.14583333333333348,1.75
qwen25_15b,142,msc_valid,8,uniform,0.5,12,2.53125,30.375,2.375,28.5,0.15625,1.875
qwen25_15b,142,msc_valid,8,longllmlingua,0.5,12,2.4479166666666665,29.375,2.375,28.5,0.07291666666666652,0.875
qwen25_15b,142,msc_valid,8,recency,0.5,12,2.5416666666666665,30.5,2.375,28.5,0.16666666666666652,2.0
qwen25_15b,142,msc_valid,8,lexical_tfidf,0.5,12,2.5625,30.75,2.375,28.5,0.1875,2.25
qwen25_15b,142,msc_valid,8,recency_keep_compress_drop,0.5,12,2.3854166666666665,28.625,2.375,28.5,0.010416666666666519,0.125
qwen25_15b,142,msc_valid,10,uniform,0.2,15,2.6333333333333333,39.5,2.0083333333333333,30.125,0.625,9.375
qwen25_15b,142,msc_valid,10,longllmlingua,0.2,15,2.466666666666667,37.0,2.0083333333333333,30.125,0.4583333333333335,6.875
qwen25_15b,142,msc_valid,10,recency,0.2,15,2.4,36.0,2.0083333333333333,30.125,0.3916666666666666,5.875
qwen25_15b,142,msc_valid,10,lexical_tfidf,0.2,15,2.85,42.75,2.0083333333333333,30.125,0.8416666666666668,12.625
qwen25_15b,142,msc_valid,10,recency_keep_compress_drop,0.2,15,2.4,36.0,2.0083333333333333,30.125,0.3916666666666666,5.875
qwen25_15b,142,msc_valid,10,uniform,0.35,15,2.4166666666666665,36.25,2.0083333333333333,30.125,0.4083333333333332,6.125
qwen25_15b,142,msc_valid,10,longllmlingua,0.35,15,2.533333333333333,38.0,2.0083333333333333,30.125,0.5249999999999999,7.875
qwen25_15b,142,msc_valid,10,recency,0.35,15,2.1666666666666665,32.5,2.0083333333333333,30.125,0.15833333333333321,2.375
qwen25_15b,142,msc_valid,10,lexical_tfidf,0.35,15,2.4833333333333334,37.25,2.0083333333333333,30.125,0.4750000000000001,7.125
qwen25_15b,142,msc_valid,10,recency_keep_compress_drop,0.35,15,2.283333333333333,34.25,2.0083333333333333,30.125,0.2749999999999999,4.125
qwen25_15b,142,msc_valid,10,uniform,0.5,15,2.5833333333333335,38.75,2.0083333333333333,30.125,0.5750000000000002,8.625
qwen25_15b,142,msc_valid,10,longllmlingua,0.5,15,2.45,36.75,2.0083333333333333,30.125,0.4416666666666669,6.625
qwen25_15b,142,msc_valid,10,recency,0.5,15,2.0166666666666666,30.25,2.0083333333333333,30.125,0.008333333333333304,0.125
qwen25_15b,142,msc_valid,10,lexical_tfidf,0.5,15,2.0166666666666666,30.25,2.0083333333333333,30.125,0.008333333333333304,0.125
qwen25_15b,142,msc_valid,10,recency_keep_compress_drop,0.5,15,2.0166666666666666,30.25,2.0083333333333333,30.125,0.008333333333333304,0.125
qwen25_15b,142,msc_valid,12,uniform,0.2,8,3.296875,26.375,2.546875,20.375,0.75,6.0
qwen25_15b,142,msc_valid,12,longllmlingua,0.2,8,2.5,20.0,2.546875,20.375,-0.046875,-0.375
qwen25_15b,142,msc_valid,12,recency,0.2,8,3.28125,26.25,2.546875,20.375,0.734375,5.875
qwen25_15b,142,msc_valid,12,lexical_tfidf,0.2,8,3.25,26.0,2.546875,20.375,0.703125,5.625
qwen25_15b,142,msc_valid,12,recency_keep_compress_drop,0.2,8,3.28125,26.25,2.546875,20.375,0.734375,5.875
qwen25_15b,142,msc_valid,12,uniform,0.35,8,3.140625,25.125,2.546875,20.375,0.59375,4.75
qwen25_15b,142,msc_valid,12,longllmlingua,0.35,8,2.453125,19.625,2.546875,20.375,-0.09375,-0.75
qwen25_15b,142,msc_valid,12,recency,0.35,8,3.109375,24.875,2.546875,20.375,0.5625,4.5
qwen25_15b,142,msc_valid,12,lexical_tfidf,0.35,8,3.0,24.0,2.546875,20.375,0.453125,3.625
qwen25_15b,142,msc_valid,12,recency_keep_compress_drop,0.35,8,2.953125,23.625,2.546875,20.375,0.40625,3.25
qwen25_15b,142,msc_valid,12,uniform,0.5,8,2.953125,23.625,2.546875,20.375,0.40625,3.25
qwen25_15b,142,msc_valid,12,longllmlingua,0.5,8,2.46875,19.75,2.546875,20.375,-0.078125,-0.625
qwen25_15b,142,msc_valid,12,recency,0.5,8,2.796875,22.375,2.546875,20.375,0.25,2.0
qwen25_15b,142,msc_valid,12,lexical_tfidf,0.5,8,2.671875,21.375,2.546875,20.375,0.125,1.0
qwen25_15b,142,msc_valid,12,recency_keep_compress_drop,0.5,8,2.5625,20.5,2.546875,20.375,0.015625,0.125
qwen25_15b,142,msc_valid,14,uniform,0.2,15,3.0833333333333335,46.25,2.6,39.0,0.4833333333333334,7.25
qwen25_15b,142,msc_valid,14,longllmlingua,0.2,15,2.85,42.75,2.6,39.0,0.25,3.75
qwen25_15b,142,msc_valid,14,recency,0.2,15,3.216666666666667,48.25,2.6,39.0,0.6166666666666667,9.25
qwen25_15b,142,msc_valid,14,lexical_tfidf,0.2,15,3.283333333333333,49.25,2.6,39.0,0.6833333333333331,10.25
qwen25_15b,142,msc_valid,14,recency_keep_compress_drop,0.2,15,3.15,47.25,2.6,39.0,0.5499999999999998,8.25
qwen25_15b,142,msc_valid,14,uniform,0.35,15,2.7666666666666666,41.5,2.6,39.0,0.16666666666666652,2.5
qwen25_15b,142,msc_valid,14,longllmlingua,0.35,15,3.033333333333333,45.5,2.6,39.0,0.4333333333333331,6.5
qwen25_15b,142,msc_valid,14,recency,0.35,15,3.0,45.0,2.6,39.0,0.3999999999999999,6.0
qwen25_15b,142,msc_valid,14,lexical_tfidf,0.35,15,3.4833333333333334,52.25,2.6,39.0,0.8833333333333333,13.25
qwen25_15b,142,msc_valid,14,recency_keep_compress_drop,0.35,15,2.966666666666667,44.5,2.6,39.0,0.3666666666666667,5.5
qwen25_15b,142,msc_valid,14,uniform,0.5,15,2.3666666666666667,35.5,2.6,39.0,-0.2333333333333334,-3.5
qwen25_15b,142,msc_valid,14,longllmlingua,0.5,15,2.783333333333333,41.75,2.6,39.0,0.18333333333333313,2.75
qwen25_15b,142,msc_valid,14,recency,0.5,15,3.183333333333333,47.75,2.6,39.0,0.583333333333333,8.75
qwen25_15b,142,msc_valid,14,lexical_tfidf,0.5,15,3.0833333333333335,46.25,2.6,39.0,0.4833333333333334,7.25
qwen25_15b,142,msc_valid,14,recency_keep_compress_drop,0.5,15,2.5,37.5,2.6,39.0,-0.10000000000000009,-1.5
qwen25_15b,145,msc_valid,4,uniform,0.2,19,3.8421052631578947,73.0,3.5,66.5,0.3421052631578947,6.5
qwen25_15b,145,msc_valid,4,longllmlingua,0.2,19,3.5526315789473686,67.5,3.5,66.5,0.052631578947368585,1.0
qwen25_15b,145,msc_valid,4,recency,0.2,19,3.8421052631578947,73.0,3.5,66.5,0.3421052631578947,6.5
qwen25_15b,145,msc_valid,4,lexical_tfidf,0.2,19,3.8421052631578947,73.0,3.5,66.5,0.3421052631578947,6.5
qwen25_15b,145,msc_valid,4,recency_keep_compress_drop,0.2,19,3.8421052631578947,73.0,3.5,66.5,0.3421052631578947,6.5
qwen25_15b,145,msc_valid,4,uniform,0.35,19,3.6052631578947367,68.5,3.5,66.5,0.10526315789473673,2.0
qwen25_15b,145,msc_valid,4,longllmlingua,0.35,19,3.5526315789473686,67.5,3.5,66.5,0.052631578947368585,1.0
qwen25_15b,145,msc_valid,4,recency,0.35,19,3.6052631578947367,68.5,3.5,66.5,0.10526315789473673,2.0
qwen25_15b,145,msc_valid,4,lexical_tfidf,0.35,19,3.6052631578947367,68.5,3.5,66.5,0.10526315789473673,2.0
qwen25_15b,145,msc_valid,4,recency_keep_compress_drop,0.35,19,3.6052631578947367,68.5,3.5,66.5,0.10526315789473673,2.0
qwen25_15b,145,msc_valid,4,uniform,0.5,19,3.6052631578947367,68.5,3.5,66.5,0.10526315789473673,2.0
qwen25_15b,145,msc_valid,4,longllmlingua,0.5,19,3.5526315789473686,67.5,3.5,66.5,0.052631578947368585,1.0
qwen25_15b,145,msc_valid,4,recency,0.5,19,3.6052631578947367,68.5,3.5,66.5,0.10526315789473673,2.0
qwen25_15b,145,msc_valid,4,lexical_tfidf,0.5,19,3.6052631578947367,68.5,3.5,66.5,0.10526315789473673,2.0
qwen25_15b,145,msc_valid,4,recency_keep_compress_drop,0.5,19,3.6052631578947367,68.5,3.5,66.5,0.10526315789473673,2.0
qwen25_15b,145,msc_valid,8,uniform,0.2,17,2.9705882352941178,50.5,2.485294117647059,42.25,0.4852941176470589,8.25
qwen25_15b,145,msc_valid,8,longllmlingua,0.2,17,2.514705882352941,42.75,2.485294117647059,42.25,0.02941176470588225,0.5
qwen25_15b,145,msc_valid,8,recency,0.2,17,2.75,46.75,2.485294117647059,42.25,0.2647058823529411,4.5
qwen25_15b,145,msc_valid,8,lexical_tfidf,0.2,17,2.8529411764705883,48.5,2.485294117647059,42.25,0.36764705882352944,6.25
qwen25_15b,145,msc_valid,8,recency_keep_compress_drop,0.2,17,2.75,46.75,2.485294117647059,42.25,0.2647058823529411,4.5
qwen25_15b,145,msc_valid,8,uniform,0.35,17,3.1323529411764706,53.25,2.485294117647059,42.25,0.6470588235294117,11.0
qwen25_15b,145,msc_valid,8,longllmlingua,0.35,17,2.5294117647058822,43.0,2.485294117647059,42.25,0.04411764705882337,0.75
qwen25_15b,145,msc_valid,8,recency,0.35,17,2.75,46.75,2.485294117647059,42.25,0.2647058823529411,4.5
qwen25_15b,145,msc_valid,8,lexical_tfidf,0.35,17,2.514705882352941,42.75,2.485294117647059,42.25,0.02941176470588225,0.5
qwen25_15b,145,msc_valid,8,recency_keep_compress_drop,0.35,17,2.6323529411764706,44.75,2.485294117647059,42.25,0.1470588235294117,2.5
qwen25_15b,145,msc_valid,8,uniform,0.5,17,2.9558823529411766,50.25,2.485294117647059,42.25,0.47058823529411775,8.0
qwen25_15b,145,msc_valid,8,longllmlingua,0.5,17,2.5588235294117645,43.5,2.485294117647059,42.25,0.07352941176470562,1.25
qwen25_15b,145,msc_valid,8,recency,0.5,17,2.7205882352941178,46.25,2.485294117647059,42.25,0.23529411764705888,4.0
qwen25_15b,145,msc_valid,8,lexical_tfidf,0.5,17,2.6470588235294117,45.0,2.485294117647059,42.25,0.1617647058823528,2.75
qwen25_15b,145,msc_valid,8,recency_keep_compress_drop,0.5,17,2.6176470588235294,44.5,2.485294117647059,42.25,0.13235294117647056,2.25
qwen25_15b,145,msc_valid,12,uniform,0.2,11,5.318181818181818,58.5,2.5454545454545454,28.0,2.772727272727273,30.5
qwen25_15b,145,msc_valid,12,longllmlingua,0.2,11,3.75,41.25,2.5454545454545454,28.0,1.2045454545454546,13.25
qwen25_15b,145,msc_valid,12,recency,0.2,11,3.6818181818181817,40.5,2.5454545454545454,28.0,1.1363636363636362,12.5
qwen25_15b,145,msc_valid,12,lexical_tfidf,0.2,11,4.113636363636363,45.25,2.5454545454545454,28.0,1.568181818181818,17.25
qwen25_15b,145,msc_valid,12,recency_keep_compress_drop,0.2,11,3.6818181818181817,40.5,2.5454545454545454,28.0,1.1363636363636362,12.5
qwen25_15b,145,msc_valid,12,uniform,0.35,11,4.659090909090909,51.25,2.5454545454545454,28.0,2.1136363636363638,23.25
qwen25_15b,145,msc_valid,12,longllmlingua,0.35,11,3.6136363636363638,39.75,2.5454545454545454,28.0,1.0681818181818183,11.75
qwen25_15b,145,msc_valid,12,recency,0.35,11,3.659090909090909,40.25,2.5454545454545454,28.0,1.1136363636363638,12.25
qwen25_15b,145,msc_valid,12,lexical_tfidf,0.35,11,2.9318181818181817,32.25,2.5454545454545454,28.0,0.38636363636363624,4.25
qwen25_15b,145,msc_valid,12,recency_keep_compress_drop,0.35,11,3.659090909090909,40.25,2.5454545454545454,28.0,1.1136363636363638,12.25
qwen25_15b,145,msc_valid,12,uniform,0.5,11,4.136363636363637,45.5,2.5454545454545454,28.0,1.5909090909090913,17.5
qwen25_15b,145,msc_valid,12,longllmlingua,0.5,11,3.3863636363636362,37.25,2.5454545454545454,28.0,0.8409090909090908,9.25
qwen25_15b,145,msc_valid,12,recency,0.5,11,3.409090909090909,37.5,2.5454545454545454,28.0,0.8636363636363638,9.5
qwen25_15b,145,msc_valid,12,lexical_tfidf,0.5,11,2.772727272727273,30.5,2.5454545454545454,28.0,0.22727272727272751,2.5
qwen25_15b,145,msc_valid,12,recency_keep_compress_drop,0.5,11,3.159090909090909,34.75,2.5454545454545454,28.0,0.6136363636363638,6.75
qwen25_15b,145,msc_valid,16,uniform,0.2,20,3.25,65.0,2.4625,49.25,0.7875000000000001,15.75
qwen25_15b,145,msc_valid,16,longllmlingua,0.2,20,2.95,59.0,2.4625,49.25,0.48750000000000027,9.75
qwen25_15b,145,msc_valid,16,recency,0.2,20,2.95,59.0,2.4625,49.25,0.48750000000000027,9.75
qwen25_15b,145,msc_valid,16,lexical_tfidf,0.2,20,3.025,60.5,2.4625,49.25,0.5625,11.25
qwen25_15b,145,msc_valid,16,recency_keep_compress_drop,0.2,20,2.9875,59.75,2.4625,49.25,0.5249999999999999,10.5
qwen25_15b,145,msc_valid,16,uniform,0.35,20,2.9625,59.25,2.4625,49.25,0.5,10.0
qwen25_15b,145,msc_valid,16,longllmlingua,0.35,20,2.8125,56.25,2.4625,49.25,0.3500000000000001,7.0
qwen25_15b,145,msc_valid,16,recency,0.35,20,2.7875,55.75,2.4625,49.25,0.3250000000000002,6.5
qwen25_15b,145,msc_valid,16,lexical_tfidf,0.35,20,2.725,54.5,2.4625,49.25,0.2625000000000002,5.25
qwen25_15b,145,msc_valid,16,recency_keep_compress_drop,0.35,20,2.6,52.0,2.4625,49.25,0.13750000000000018,2.75
qwen25_15b,145,msc_valid,16,uniform,0.5,20,2.725,54.5,2.4625,49.25,0.2625000000000002,5.25
qwen25_15b,145,msc_valid,16,longllmlingua,0.5,20,2.8375,56.75,2.4625,49.25,0.375,7.5
qwen25_15b,145,msc_valid,16,recency,0.5,20,2.775,55.5,2.4625,49.25,0.3125,6.25
qwen25_15b,145,msc_valid,16,lexical_tfidf,0.5,20,2.7375,54.75,2.4625,49.25,0.2749999999999999,5.5
qwen25_15b,145,msc_valid,16,recency_keep_compress_drop,0.5,20,2.5125,50.25,2.4625,49.25,0.050000000000000266,1.0
qwen25_15b,145,msc_valid,20,uniform,0.2,18,2.638888888888889,47.5,2.4305555555555554,43.75,0.20833333333333348,3.75
qwen25_15b,145,msc_valid,20,longllmlingua,0.2,18,2.361111111111111,42.5,2.4305555555555554,43.75,-0.0694444444444442,-1.25
qwen25_15b,145,msc_valid,20,recency,0.2,18,2.5555555555555554,46.0,2.4305555555555554,43.75,0.125,2.25
qwen25_15b,145,msc_valid,20,lexical_tfidf,0.2,18,2.513888888888889,45.25,2.4305555555555554,43.75,0.08333333333333348,1.5
qwen25_15b,145,msc_valid,20,recency_keep_compress_drop,0.2,18,2.625,47.25,2.4305555555555554,43.75,0.19444444444444464,3.5
qwen25_15b,145,msc_valid,20,uniform,0.35,18,2.5694444444444446,46.25,2.4305555555555554,43.75,0.13888888888888928,2.5
qwen25_15b,145,msc_valid,20,longllmlingua,0.35,18,2.2222222222222223,40.0,2.4305555555555554,43.75,-0.20833333333333304,-3.75
qwen25_15b,145,msc_valid,20,recency,0.35,18,2.638888888888889,47.5,2.4305555555555554,43.75,0.20833333333333348,3.75
qwen25_15b,145,msc_valid,20,lexical_tfidf,0.35,18,2.3472222222222223,42.25,2.4305555555555554,43.75,-0.08333333333333304,-1.5
qwen25_15b,145,msc_valid,20,recency_keep_compress_drop,0.35,18,2.5555555555555554,46.0,2.4305555555555554,43.75,0.125,2.25
qwen25_15b,145,msc_valid,20,uniform,0.5,18,2.611111111111111,47.0,2.4305555555555554,43.75,0.1805555555555558,3.25
qwen25_15b,145,msc_valid,20,longllmlingua,0.5,18,2.138888888888889,38.5,2.4305555555555554,43.75,-0.2916666666666665,-5.25
qwen25_15b,145,msc_valid,20,recency,0.5,18,2.4305555555555554,43.75,2.4305555555555554,43.75,0.0,0.0
qwen25_15b,145,msc_valid,20,lexical_tfidf,0.5,18,2.486111111111111,44.75,2.4305555555555554,43.75,0.0555555555555558,1.0
qwen25_15b,145,msc_valid,20,recency_keep_compress_drop,0.5,18,2.486111111111111,44.75,2.4305555555555554,43.75,0.0555555555555558,1.0
qwen25_15b,145,msc_valid,24,uniform,0.2,23,3.0652173913043477,70.5,2.6739130434782608,61.5,0.3913043478260869,9.0
qwen25_15b,145,msc_valid,24,longllmlingua,0.2,23,2.9347826086956523,67.5,2.6739130434782608,61.5,0.2608695652173916,6.0
qwen25_15b,145,msc_valid,24,recency,0.2,23,2.869565217391304,66.0,2.6739130434782608,61.5,0.19565217391304346,4.5
qwen25_15b,145,msc_valid,24,lexical_tfidf,0.2,23,3.108695652173913,71.5,2.6739130434782608,61.5,0.43478260869565233,10.0
qwen25_15b,145,msc_valid,24,recency_keep_compress_drop,0.2,23,2.869565217391304,66.0,2.6739130434782608,61.5,0.19565217391304346,4.5
qwen25_15b,145,msc_valid,24,uniform,0.35,23,2.9782608695652173,68.5,2.6739130434782608,61.5,0.30434782608695654,7.0
qwen25_15b,145,msc_valid,24,longllmlingua,0.35,23,2.891304347826087,66.5,2.6739130434782608,61.5,0.21739130434782616,5.0
qwen25_15b,145,msc_valid,24,recency,0.35,23,2.8260869565217392,65.0,2.6739130434782608,61.5,0.1521739130434785,3.5
qwen25_15b,145,msc_valid,24,lexical_tfidf,0.35,23,2.9130434782608696,67.0,2.6739130434782608,61.5,0.23913043478260887,5.5
qwen25_15b,145,msc_valid,24,recency_keep_compress_drop,0.35,23,2.8260869565217392,65.0,2.6739130434782608,61.5,0.1521739130434785,3.5
qwen25_15b,145,msc_valid,24,uniform,0.5,23,2.847826086956522,65.5,2.6739130434782608,61.5,0.1739130434782612,4.0
qwen25_15b,145,msc_valid,24,longllmlingua,0.5,23,2.891304347826087,66.5,2.6739130434782608,61.5,0.21739130434782616,5.0
qwen25_15b,145,msc_valid,24,recency,0.5,23,2.75,63.25,2.6739130434782608,61.5,0.07608695652173925,1.75
qwen25_15b,145,msc_valid,24,lexical_tfidf,0.5,23,2.8260869565217392,65.0,2.6739130434782608,61.5,0.1521739130434785,3.5
qwen25_15b,145,msc_valid,24,recency_keep_compress_drop,0.5,23,2.75,63.25,2.6739130434782608,61.5,0.07608695652173925,1.75
qwen25_15b,145,msc_valid,28,uniform,0.2,55,2.5636363636363635,141.0,1.9636363636363636,108.0,0.5999999999999999,33.0
qwen25_15b,145,msc_valid,28,longllmlingua,0.2,55,2.2818181818181817,125.5,1.9636363636363636,108.0,0.3181818181818181,17.5
qwen25_15b,145,msc_valid,28,recency,0.2,55,2.4727272727272727,136.0,1.9636363636363636,108.0,0.509090909090909,28.0
qwen25_15b,145,msc_valid,28,lexical_tfidf,0.2,55,2.2363636363636363,123.0,1.9636363636363636,108.0,0.2727272727272727,15.0
qwen25_15b,145,msc_valid,28,recency_keep_compress_drop,0.2,55,2.327272727272727,128.0,1.9636363636363636,108.0,0.36363636363636354,20.0
qwen25_15b,145,msc_valid,28,uniform,0.35,55,2.4363636363636365,134.0,1.9636363636363636,108.0,0.4727272727272729,26.0
qwen25_15b,145,msc_valid,28,longllmlingua,0.35,55,2.2454545454545456,123.5,1.9636363636363636,108.0,0.28181818181818197,15.5
qwen25_15b,145,msc_valid,28,recency,0.35,55,2.1636363636363636,119.0,1.9636363636363636,108.0,0.19999999999999996,11.0
qwen25_15b,145,msc_valid,28,lexical_tfidf,0.35,55,2.209090909090909,121.5,1.9636363636363636,108.0,0.24545454545454537,13.5
qwen25_15b,145,msc_valid,28,recency_keep_compress_drop,0.35,55,2.1818181818181817,120.0,1.9636363636363636,108.0,0.21818181818181803,12.0
qwen25_15b,145,msc_valid,28,uniform,0.5,55,2.381818181818182,131.0,1.9636363636363636,108.0,0.4181818181818182,23.0
qwen25_15b,145,msc_valid,28,longllmlingua,0.5,55,2.2545454545454544,124.0,1.9636363636363636,108.0,0.2909090909090908,16.0
qwen25_15b,145,msc_valid,28,recency,0.5,55,2.1545454545454548,118.5,1.9636363636363636,108.0,0.19090909090909114,10.5
qwen25_15b,145,msc_valid,28,lexical_tfidf,0.5,55,2.0545454545454547,113.0,1.9636363636363636,108.0,0.09090909090909105,5.0
qwen25_15b,145,msc_valid,28,recency_keep_compress_drop,0.5,55,1.9545454545454546,107.5,1.9636363636363636,108.0,-0.009090909090909038,-0.5
qwen25_15b,145,msc_valid,32,uniform,0.2,33,3.1515151515151514,104.0,3.1363636363636362,103.5,0.015151515151515138,0.5
qwen25_15b,145,msc_valid,32,longllmlingua,0.2,33,2.9545454545454546,97.5,3.1363636363636362,103.5,-0.18181818181818166,-6.0
qwen25_15b,145,msc_valid,32,recency,0.2,33,3.0757575757575757,101.5,3.1363636363636362,103.5,-0.06060606060606055,-2.0
qwen25_15b,145,msc_valid,32,lexical_tfidf,0.2,33,3.0,99.0,3.1363636363636362,103.5,-0.13636363636363624,-4.5
qwen25_15b,145,msc_valid,32,recency_keep_compress_drop,0.2,33,3.0606060606060606,101.0,3.1363636363636362,103.5,-0.07575757575757569,-2.5
qwen25_15b,145,msc_valid,32,uniform,0.35,33,3.0303030303030303,100.0,3.1363636363636362,103.5,-0.10606060606060597,-3.5
qwen25_15b,145,msc_valid,32,longllmlingua,0.35,33,2.9545454545454546,97.5,3.1363636363636362,103.5,-0.18181818181818166,-6.0
qwen25_15b,145,msc_valid,32,recency,0.35,33,3.0757575757575757,101.5,3.1363636363636362,103.5,-0.06060606060606055,-2.0
qwen25_15b,145,msc_valid,32,lexical_tfidf,0.35,33,2.9545454545454546,97.5,3.1363636363636362,103.5,-0.18181818181818166,-6.0
qwen25_15b,145,msc_valid,32,recency_keep_compress_drop,0.35,33,3.121212121212121,103.0,3.1363636363636362,103.5,-0.015151515151515138,-0.5
qwen25_15b,145,msc_valid,32,uniform,0.5,33,3.0606060606060606,101.0,3.1363636363636362,103.5,-0.07575757575757569,-2.5
qwen25_15b,145,msc_valid,32,longllmlingua,0.5,33,2.9393939393939394,97.0,3.1363636363636362,103.5,-0.1969696969696968,-6.5
qwen25_15b,145,msc_valid,32,recency,0.5,33,3.1363636363636362,103.5,3.1363636363636362,103.5,0.0,0.0
qwen25_15b,145,msc_valid,32,lexical_tfidf,0.5,33,3.015151515151515,99.5,3.1363636363636362,103.5,-0.1212121212121211,-4.0
qwen25_15b,145,msc_valid,32,recency_keep_compress_drop,0.5,33,3.015151515151515,99.5,3.1363636363636362,103.5,-0.1212121212121211,-4.0
qwen25_15b,145,msc_valid,34,uniform,0.2,22,1.3465909090909092,29.625,1.4772727272727273,32.5,-0.13068181818181812,-2.875
qwen25_15b,145,msc_valid,34,longllmlingua,0.2,22,1.3522727272727273,29.75,1.4772727272727273,32.5,-0.125,-2.75
qwen25_15b,145,msc_valid,34,recency,0.2,22,1.4204545454545454,31.25,1.4772727272727273,32.5,-0.05681818181818188,-1.25
qwen25_15b,145,msc_valid,34,lexical_tfidf,0.2,22,1.4431818181818181,31.75,1.4772727272727273,32.5,-0.03409090909090917,-0.75
qwen25_15b,145,msc_valid,34,recency_keep_compress_drop,0.2,22,1.3806818181818181,30.375,1.4772727272727273,32.5,-0.09659090909090917,-2.125
qwen25_15b,145,msc_valid,34,uniform,0.35,22,1.3295454545454546,29.25,1.4772727272727273,32.5,-0.1477272727272727,-3.25
qwen25_15b,145,msc_valid,34,longllmlingua,0.35,22,1.3806818181818181,30.375,1.4772727272727273,32.5,-0.09659090909090917,-2.125
qwen25_15b,145,msc_valid,34,recency,0.35,22,1.4147727272727273,31.125,1.4772727272727273,32.5,-0.0625,-1.375
qwen25_15b,145,msc_valid,34,lexical_tfidf,0.35,22,1.3806818181818181,30.375,1.4772727272727273,32.5,-0.09659090909090917,-2.125
qwen25_15b,145,msc_valid,34,recency_keep_compress_drop,0.35,22,1.4318181818181819,31.5,1.4772727272727273,32.5,-0.045454545454545414,-1.0
qwen25_15b,145,msc_valid,34,uniform,0.5,22,1.3636363636363635,30.0,1.4772727272727273,32.5,-0.11363636363636376,-2.5
qwen25_15b,145,msc_valid,34,longllmlingua,0.5,22,1.3465909090909092,29.625,1.4772727272727273,32.5,-0.13068181818181812,-2.875
qwen25_15b,145,msc_valid,34,recency,0.5,22,1.4261363636363635,31.375,1.4772727272727273,32.5,-0.05113636363636376,-1.125
qwen25_15b,145,msc_valid,34,lexical_tfidf,0.5,22,1.4431818181818181,31.75,1.4772727272727273,32.5,-0.03409090909090917,-0.75
qwen25_15b,145,msc_valid,34,recency_keep_compress_drop,0.5,22,1.4545454545454546,32.0,1.4772727272727273,32.5,-0.022727272727272707,-0.5
qwen25_15b,145,msc_valid,38,uniform,0.2,40,2.7,108.0,4.625,37.0,-1.9249999999999998,71.0
qwen25_15b,145,msc_valid,38,longllmlingua,0.2,40,2.6625,106.5,4.625,37.0,-1.9625,69.5
qwen25_15b,145,msc_valid,38,recency,0.2,40,2.6625,106.5,4.625,37.0,-1.9625,69.5
qwen25_15b,145,msc_valid,38,lexical_tfidf,0.2,40,2.7125,108.5,4.625,37.0,-1.9125,71.5
qwen25_15b,145,msc_valid,38,recency_keep_compress_drop,0.2,40,2.7375,109.5,4.625,37.0,-1.8875000000000002,72.5
qwen25_15b,145,msc_valid,38,uniform,0.35,40,2.6875,107.5,4.625,37.0,-1.9375,70.5
qwen25_15b,145,msc_valid,38,longllmlingua,0.35,40,2.65,106.0,4.625,37.0,-1.975,69.0
qwen25_15b,145,msc_valid,38,recency,0.35,40,2.6,104.0,4.625,37.0,-2.025,67.0
qwen25_15b,145,msc_valid,38,lexical_tfidf,0.35,40,2.7125,108.5,4.625,37.0,-1.9125,71.5
qwen25_15b,145,msc_valid,38,recency_keep_compress_drop,0.35,40,2.6625,106.5,4.625,37.0,-1.9625,69.5
qwen25_15b,145,msc_valid,38,uniform,0.5,40,2.65,106.0,4.625,37.0,-1.975,69.0
qwen25_15b,145,msc_valid,38,longllmlingua,0.5,40,2.7,108.0,4.625,37.0,-1.9249999999999998,71.0
qwen25_15b,145,msc_valid,38,recency,0.5,40,2.65,106.0,4.625,37.0,-1.975,69.0
qwen25_15b,145,msc_valid,38,lexical_tfidf,0.5,40,2.6875,107.5,4.625,37.0,-1.9375,70.5
qwen25_15b,145,msc_valid,38,recency_keep_compress_drop,0.5,40,2.6125,104.5,4.625,37.0,-2.0125,67.5
qwen25_15b,145,msc_valid,42,uniform,0.2,29,3.310344827586207,96.0,0.0,0.0,3.310344827586207,96.0
qwen25_15b,145,msc_valid,42,longllmlingua,0.2,29,3.5,101.5,0.0,0.0,3.5,101.5
qwen25_15b,145,msc_valid,42,recency,0.2,29,3.5172413793103448,102.0,0.0,0.0,3.5172413793103448,102.0
qwen25_15b,145,msc_valid,42,lexical_tfidf,0.2,29,3.3448275862068964,97.0,0.0,0.0,3.3448275862068964,97.0
qwen25_15b,145,msc_valid,42,recency_keep_compress_drop,0.2,29,3.4482758620689653,100.0,0.0,0.0,3.4482758620689653,100.0
qwen25_15b,145,msc_valid,42,uniform,0.35,29,3.3620689655172415,97.5,0.0,0.0,3.3620689655172415,97.5
qwen25_15b,145,msc_valid,42,longllmlingua,0.35,29,3.413793103448276,99.0,0.0,0.0,3.413793103448276,99.0
qwen25_15b,145,msc_valid,42,recency,0.35,29,3.4310344827586206,99.5,0.0,0.0,3.4310344827586206,99.5
qwen25_15b,145,msc_valid,42,lexical_tfidf,0.35,29,3.3793103448275863,98.0,0.0,0.0,3.3793103448275863,98.0
qwen25_15b,145,msc_valid,42,recency_keep_compress_drop,0.35,29,3.3793103448275863,98.0,0.0,0.0,3.3793103448275863,98.0
qwen25_15b,145,msc_valid,42,uniform,0.5,29,3.4655172413793105,100.5,0.0,0.0,3.4655172413793105,100.5
qwen25_15b,145,msc_valid,42,longllmlingua,0.5,29,3.3448275862068964,97.0,0.0,0.0,3.3448275862068964,97.0
qwen25_15b,145,msc_valid,42,recency,0.5,29,3.5172413793103448,102.0,0.0,0.0,3.5172413793103448,102.0
qwen25_15b,145,msc_valid,42,lexical_tfidf,0.5,29,3.413793103448276,99.0,0.0,0.0,3.413793103448276,99.0
qwen25_15b,145,msc_valid,42,recency_keep_compress_drop,0.5,29,3.396551724137931,98.5,0.0,0.0,3.396551724137931,98.5
qwen25_15b,145,msc_valid,46,uniform,0.2,15,1.8833333333333333,28.25,0.0,0.0,1.8833333333333333,28.25
qwen25_15b,145,msc_valid,46,longllmlingua,0.2,15,2.1333333333333333,32.0,0.0,0.0,2.1333333333333333,32.0
qwen25_15b,145,msc_valid,46,recency,0.2,15,2.1666666666666665,32.5,0.0,0.0,2.1666666666666665,32.5
qwen25_15b,145,msc_valid,46,lexical_tfidf,0.2,15,2.025,30.375,0.0,0.0,2.025,30.375
qwen25_15b,145,msc_valid,46,recency_keep_compress_drop,0.2,15,1.9833333333333334,29.75,0.0,0.0,1.9833333333333334,29.75
qwen25_15b,145,msc_valid,46,uniform,0.35,15,1.8583333333333334,27.875,0.0,0.0,1.8583333333333334,27.875
qwen25_15b,145,msc_valid,46,longllmlingua,0.35,15,2.033333333333333,30.5,0.0,0.0,2.033333333333333,30.5
qwen25_15b,145,msc_valid,46,recency,0.35,15,1.9666666666666666,29.5,0.0,0.0,1.9666666666666666,29.5
qwen25_15b,145,msc_valid,46,lexical_tfidf,0.35,15,1.9583333333333333,29.375,0.0,0.0,1.9583333333333333,29.375
qwen25_15b,145,msc_valid,46,recency_keep_compress_drop,0.35,15,1.9666666666666666,29.5,0.0,0.0,1.9666666666666666,29.5
qwen25_15b,145,msc_valid,46,uniform,0.5,15,1.9,28.5,0.0,0.0,1.9,28.5
qwen25_15b,145,msc_valid,46,longllmlingua,0.5,15,2.15,32.25,0.0,0.0,2.15,32.25
qwen25_15b,145,msc_valid,46,recency,0.5,15,1.875,28.125,0.0,0.0,1.875,28.125
qwen25_15b,145,msc_valid,46,lexical_tfidf,0.5,15,1.9583333333333333,29.375,0.0,0.0,1.9583333333333333,29.375
qwen25_15b,145,msc_valid,46,recency_keep_compress_drop,0.5,15,1.9583333333333333,29.375,0.0,0.0,1.9583333333333333,29.375
qwen25_15b,145,msc_valid,50,uniform,0.2,25,2.16,54.0,0.0,0.0,2.16,54.0
qwen25_15b,145,msc_valid,50,longllmlingua,0.2,25,2.48,62.0,0.0,0.0,2.48,62.0
qwen25_15b,145,msc_valid,50,recency,0.2,25,2.1,52.5,0.0,0.0,2.1,52.5
qwen25_15b,145,msc_valid,50,lexical_tfidf,0.2,25,2.05,51.25,0.0,0.0,2.05,51.25
qwen25_15b,145,msc_valid,50,recency_keep_compress_drop,0.2,25,2.11,52.75,0.0,0.0,2.11,52.75
qwen25_15b,145,msc_valid,50,uniform,0.35,25,2.17,54.25,0.0,0.0,2.17,54.25
qwen25_15b,145,msc_valid,50,longllmlingua,0.35,25,2.37,59.25,0.0,0.0,2.37,59.25
qwen25_15b,145,msc_valid,50,recency,0.35,25,2.08,52.0,0.0,0.0,2.08,52.0
qwen25_15b,145,msc_valid,50,lexical_tfidf,0.35,25,2.08,52.0,0.0,0.0,2.08,52.0
qwen25_15b,145,msc_valid,50,recency_keep_compress_drop,0.35,25,2.1,52.5,0.0,0.0,2.1,52.5
qwen25_15b,145,msc_valid,50,uniform,0.5,25,2.07,51.75,0.0,0.0,2.07,51.75
qwen25_15b,145,msc_valid,50,longllmlingua,0.5,25,2.23,55.75,0.0,0.0,2.23,55.75
qwen25_15b,145,msc_valid,50,recency,0.5,25,2.08,52.0,0.0,0.0,2.08,52.0
qwen25_15b,145,msc_valid,50,lexical_tfidf,0.5,25,2.12,53.0,0.0,0.0,2.12,53.0
qwen25_15b,145,msc_valid,50,recency_keep_compress_drop,0.5,25,2.11,52.75,0.0,0.0,2.11,52.75
qwen25_15b,145,msc_valid,54,uniform,0.2,23,3.282608695652174,75.5,0.0,0.0,3.282608695652174,75.5
qwen25_15b,145,msc_valid,54,longllmlingua,0.2,23,3.217391304347826,74.0,0.0,0.0,3.217391304347826,74.0
qwen25_15b,145,msc_valid,54,recency,0.2,23,3.239130434782609,74.5,0.0,0.0,3.239130434782609,74.5
qwen25_15b,145,msc_valid,54,lexical_tfidf,0.2,23,3.260869565217391,75.0,0.0,0.0,3.260869565217391,75.0
qwen25_15b,145,msc_valid,54,recency_keep_compress_drop,0.2,23,3.217391304347826,74.0,0.0,0.0,3.217391304347826,74.0
qwen25_15b,145,msc_valid,54,uniform,0.35,23,3.4347826086956523,79.0,0.0,0.0,3.4347826086956523,79.0
qwen25_15b,145,msc_valid,54,longllmlingua,0.35,23,3.217391304347826,74.0,0.0,0.0,3.217391304347826,74.0
qwen25_15b,145,msc_valid,54,recency,0.35,23,3.217391304347826,74.0,0.0,0.0,3.217391304347826,74.0
qwen25_15b,145,msc_valid,54,lexical_tfidf,0.35,23,3.3043478260869565,76.0,0.0,0.0,3.3043478260869565,76.0
qwen25_15b,145,msc_valid,54,recency_keep_compress_drop,0.35,23,3.217391304347826,74.0,0.0,0.0,3.217391304347826,74.0
qwen25_15b,145,msc_valid,54,uniform,0.5,23,3.391304347826087,78.0,0.0,0.0,3.391304347826087,78.0
qwen25_15b,145,msc_valid,54,longllmlingua,0.5,23,3.369565217391304,77.5,0.0,0.0,3.369565217391304,77.5
qwen25_15b,145,msc_valid,54,recency,0.5,23,3.217391304347826,74.0,0.0,0.0,3.217391304347826,74.0
qwen25_15b,145,msc_valid,54,lexical_tfidf,0.5,23,3.3043478260869565,76.0,0.0,0.0,3.3043478260869565,76.0
qwen25_15b,145,msc_valid,54,recency_keep_compress_drop,0.5,23,3.239130434782609,74.5,0.0,0.0,3.239130434782609,74.5
qwen25_15b,145,msc_valid,58,uniform,0.2,21,1.5952380952380953,33.5,0.0,0.0,1.5952380952380953,33.5
qwen25_15b,145,msc_valid,58,longllmlingua,0.2,21,1.6785714285714286,35.25,0.0,0.0,1.6785714285714286,35.25
qwen25_15b,145,msc_valid,58,recency,0.2,21,1.369047619047619,28.75,0.0,0.0,1.369047619047619,28.75
qwen25_15b,145,msc_valid,58,lexical_tfidf,0.2,21,1.4821428571428572,31.125,0.0,0.0,1.4821428571428572,31.125
qwen25_15b,145,msc_valid,58,recency_keep_compress_drop,0.2,21,1.4583333333333333,30.625,0.0,0.0,1.4583333333333333,30.625
qwen25_15b,145,msc_valid,58,uniform,0.35,21,1.619047619047619,34.0,0.0,0.0,1.619047619047619,34.0
qwen25_15b,145,msc_valid,58,longllmlingua,0.35,21,1.9047619047619047,40.0,0.0,0.0,1.9047619047619047,40.0
qwen25_15b,145,msc_valid,58,recency,0.35,21,1.2857142857142858,27.0,0.0,0.0,1.2857142857142858,27.0
qwen25_15b,145,msc_valid,58,lexical_tfidf,0.35,21,1.4404761904761905,30.25,0.0,0.0,1.4404761904761905,30.25
qwen25_15b,145,msc_valid,58,recency_keep_compress_drop,0.35,21,1.4345238095238095,30.125,0.0,0.0,1.4345238095238095,30.125
qwen25_15b,145,msc_valid,58,uniform,0.5,21,1.5714285714285714,33.0,0.0,0.0,1.5714285714285714,33.0
qwen25_15b,145,msc_valid,58,longllmlingua,0.5,21,1.630952380952381,34.25,0.0,0.0,1.630952380952381,34.25
qwen25_15b,145,msc_valid,58,recency,0.5,0,0.0,0.0,0.0,0.0,0.0,0.0
qwen25_15b,145,msc_valid,58,lexical_tfidf,0.5,0,0.0,0.0,0.0,0.0,0.0,0.0
qwen25_15b,145,msc_valid,58,recency_keep_compress_drop,0.5,0,0.0,0.0,0.0,0.0,0.0,0.0
qwen25_15b,145,msc_valid,62,uniform,0.2,34,2.6029411764705883,88.5,0.0,0.0,2.6029411764705883,88.5
qwen25_15b,145,msc_valid,62,longllmlingua,0.2,34,2.9411764705882355,100.0,0.0,0.0,2.9411764705882355,100.0
qwen25_15b,145,msc_valid,62,recency,0.2,34,2.485294117647059,84.5,0.0,0.0,2.485294117647059,84.5
qwen25_15b,145,msc_valid,62,lexical_tfidf,0.2,34,2.5588235294117645,87.0,0.0,0.0,2.5588235294117645,87.0
qwen25_15b,145,msc_valid,62,recency_keep_compress_drop,0.2,34,2.6029411764705883,88.5,0.0,0.0,2.6029411764705883,88.5
qwen25_15b,145,msc_valid,62,uniform,0.35,34,2.588235294117647,88.0,0.0,0.0,2.588235294117647,88.0
qwen25_15b,145,msc_valid,62,longllmlingua,0.35,34,2.823529411764706,96.0,0.0,0.0,2.823529411764706,96.0
qwen25_15b,145,msc_valid,62,recency,0.35,0,0.0,0.0,0.0,0.0,0.0,0.0
qwen25_15b,145,msc_valid,62,lexical_tfidf,0.35,26,2.5961538461538463,67.5,0.0,0.0,2.5961538461538463,67.5
qwen25_15b,145,msc_valid,62,recency_keep_compress_drop,0.35,0,0.0,0.0,0.0,0.0,0.0,0.0
qwen25_15b,145,msc_valid,62,uniform,0.5,34,2.7058823529411766,92.0,0.0,0.0,2.7058823529411766,92.0
qwen25_15b,145,msc_valid,62,longllmlingua,0.5,34,2.838235294117647,96.5,0.0,0.0,2.838235294117647,96.5
qwen25_15b,145,msc_valid,62,recency,0.5,0,0.0,0.0,0.0,0.0,0.0,0.0
qwen25_15b,145,msc_valid,62,lexical_tfidf,0.5,0,0.0,0.0,0.0,0.0,0.0,0.0
qwen25_15b,145,msc_valid,62,recency_keep_compress_drop,0.5,0,0.0,0.0,0.0,0.0,0.0,0.0
qwen25_15b,156,msc_valid,4,uniform,0.2,13,5.423076923076923,70.5,5.730769230769231,74.5,-0.3076923076923075,-4.0
qwen25_15b,156,msc_valid,4,longllmlingua,0.2,13,4.8076923076923075,62.5,5.730769230769231,74.5,-0.9230769230769234,-12.0
qwen25_15b,156,msc_valid,4,recency,0.2,13,5.423076923076923,70.5,5.730769230769231,74.5,-0.3076923076923075,-4.0
qwen25_15b,156,msc_valid,4,lexical_tfidf,0.2,13,5.423076923076923,70.5,5.730769230769231,74.5,-0.3076923076923075,-4.0
qwen25_15b,156,msc_valid,4,recency_keep_compress_drop,0.2,13,5.423076923076923,70.5,5.730769230769231,74.5,-0.3076923076923075,-4.0
qwen25_15b,156,msc_valid,4,uniform,0.35,13,5.846153846153846,76.0,5.730769230769231,74.5,0.11538461538461497,1.5
qwen25_15b,156,msc_valid,4,longllmlingua,0.35,13,5.0,65.0,5.730769230769231,74.5,-0.7307692307692308,-9.5
qwen25_15b,156,msc_valid,4,recency,0.35,13,5.846153846153846,76.0,5.730769230769231,74.5,0.11538461538461497,1.5
qwen25_15b,156,msc_valid,4,lexical_tfidf,0.35,13,5.846153846153846,76.0,5.730769230769231,74.5,0.11538461538461497,1.5
qwen25_15b,156,msc_valid,4,recency_keep_compress_drop,0.35,13,5.846153846153846,76.0,5.730769230769231,74.5,0.11538461538461497,1.5
qwen25_15b,156,msc_valid,4,uniform,0.5,13,5.846153846153846,76.0,5.730769230769231,74.5,0.11538461538461497,1.5
qwen25_15b,156,msc_valid,4,longllmlingua,0.5,13,4.423076923076923,57.5,5.730769230769231,74.5,-1.3076923076923075,-17.0
qwen25_15b,156,msc_valid,4,recency,0.5,13,5.846153846153846,76.0,5.730769230769231,74.5,0.11538461538461497,1.5
qwen25_15b,156,msc_valid,4,lexical_tfidf,0.5,13,5.846153846153846,76.0,5.730769230769231,74.5,0.11538461538461497,1.5
qwen25_15b,156,msc_valid,4,recency_keep_compress_drop,0.5,13,5.846153846153846,76.0,5.730769230769231,74.5,0.11538461538461497,1.5
qwen25_15b,156,msc_valid,8,uniform,0.2,17,2.764705882352941,47.0,2.3529411764705883,40.0,0.4117647058823528,7.0
qwen25_15b,156,msc_valid,8,longllmlingua,0.2,17,2.573529411764706,43.75,2.3529411764705883,40.0,0.22058823529411775,3.75
qwen25_15b,156,msc_valid,8,recency,0.2,17,2.7058823529411766,46.0,2.3529411764705883,40.0,0.3529411764705883,6.0
qwen25_15b,156,msc_valid,8,lexical_tfidf,0.2,17,2.7941176470588234,47.5,2.3529411764705883,40.0,0.44117647058823506,7.5
qwen25_15b,156,msc_valid,8,recency_keep_compress_drop,0.2,17,2.7058823529411766,46.0,2.3529411764705883,40.0,0.3529411764705883,6.0
qwen25_15b,156,msc_valid,8,uniform,0.35,17,2.75,46.75,2.3529411764705883,40.0,0.3970588235294117,6.75
qwen25_15b,156,msc_valid,8,longllmlingua,0.35,17,2.485294117647059,42.25,2.3529411764705883,40.0,0.13235294117647056,2.25
qwen25_15b,156,msc_valid,8,recency,0.35,17,2.6323529411764706,44.75,2.3529411764705883,40.0,0.27941176470588225,4.75
qwen25_15b,156,msc_valid,8,lexical_tfidf,0.35,17,2.4705882352941178,42.0,2.3529411764705883,40.0,0.11764705882352944,2.0
qwen25_15b,156,msc_valid,8,recency_keep_compress_drop,0.35,17,2.338235294117647,39.75,2.3529411764705883,40.0,-0.014705882352941124,-0.25
qwen25_15b,156,msc_valid,8,uniform,0.5,17,2.75,46.75,2.3529411764705883,40.0,0.3970588235294117,6.75
qwen25_15b,156,msc_valid,8,longllmlingua,0.5,17,2.485294117647059,42.25,2.3529411764705883,40.0,0.13235294117647056,2.25
qwen25_15b,156,msc_valid,8,recency,0.5,17,2.3823529411764706,40.5,2.3529411764705883,40.0,0.02941176470588225,0.5
qwen25_15b,156,msc_valid,8,lexical_tfidf,0.5,17,2.5,42.5,2.3529411764705883,40.0,0.1470588235294117,2.5
qwen25_15b,156,msc_valid,8,recency_keep_compress_drop,0.5,17,2.3529411764705883,40.0,2.3529411764705883,40.0,0.0,0.0
qwen25_15b,156,msc_valid,12,uniform,0.2,14,2.8214285714285716,39.5,1.8839285714285714,26.375,0.9375000000000002,13.125
qwen25_15b,156,msc_valid,12,longllmlingua,0.2,14,2.232142857142857,31.25,1.8839285714285714,26.375,0.3482142857142858,4.875
qwen25_15b,156,msc_valid,12,recency,0.2,14,2.4642857142857144,34.5,1.8839285714285714,26.375,0.580357142857143,8.125
qwen25_15b,156,msc_valid,12,lexical_tfidf,0.2,14,2.6607142857142856,37.25,1.8839285714285714,26.375,0.7767857142857142,10.875
qwen25_15b,156,msc_valid,12,recency_keep_compress_drop,0.2,14,2.4642857142857144,34.5,1.8839285714285714,26.375,0.580357142857143,8.125
qwen25_15b,156,msc_valid,12,uniform,0.35,14,2.6607142857142856,37.25,1.8839285714285714,26.375,0.7767857142857142,10.875
qwen25_15b,156,msc_valid,12,longllmlingua,0.35,14,2.0357142857142856,28.5,1.8839285714285714,26.375,0.1517857142857142,2.125
qwen25_15b,156,msc_valid,12,recency,0.35,14,2.357142857142857,33.0,1.8839285714285714,26.375,0.4732142857142858,6.625
qwen25_15b,156,msc_valid,12,lexical_tfidf,0.35,14,2.732142857142857,38.25,1.8839285714285714,26.375,0.8482142857142858,11.875
qwen25_15b,156,msc_valid,12,recency_keep_compress_drop,0.35,14,2.0714285714285716,29.0,1.8839285714285714,26.375,0.18750000000000022,2.625
qwen25_15b,156,msc_valid,12,uniform,0.5,14,2.357142857142857,33.0,1.8839285714285714,26.375,0.4732142857142858,6.625
qwen25_15b,156,msc_valid,12,longllmlingua,0.5,14,2.0535714285714284,28.75,1.8839285714285714,26.375,0.16964285714285698,2.375
qwen25_15b,156,msc_valid,12,recency,0.5,14,2.392857142857143,33.5,1.8839285714285714,26.375,0.5089285714285714,7.125
qwen25_15b,156,msc_valid,12,lexical_tfidf,0.5,14,2.2857142857142856,32.0,1.8839285714285714,26.375,0.4017857142857142,5.625
qwen25_15b,156,msc_valid,12,recency_keep_compress_drop,0.5,14,2.0892857142857144,29.25,1.8839285714285714,26.375,0.20535714285714302,2.875
qwen25_15b,156,msc_valid,16,uniform,0.2,25,2.6,65.0,2.16,54.0,0.43999999999999995,11.0
qwen25_15b,156,msc_valid,16,longllmlingua,0.2,25,2.56,64.0,2.16,54.0,0.3999999999999999,10.0
qwen25_15b,156,msc_valid,16,recency,0.2,25,2.56,64.0,2.16,54.0,0.3999999999999999,10.0
qwen25_15b,156,msc_valid,16,lexical_tfidf,0.2,25,2.3,57.5,2.16,54.0,0.13999999999999968,3.5
qwen25_15b,156,msc_valid,16,recency_keep_compress_drop,0.2,25,2.55,63.75,2.16,54.0,0.3899999999999997,9.75
qwen25_15b,156,msc_valid,16,uniform,0.35,25,2.49,62.25,2.16,54.0,0.33000000000000007,8.25
qwen25_15b,156,msc_valid,16,longllmlingua,0.35,25,2.56,64.0,2.16,54.0,0.3999999999999999,10.0
qwen25_15b,156,msc_valid,16,recency,0.35,25,2.51,62.75,2.16,54.0,0.34999999999999964,8.75
qwen25_15b,156,msc_valid,16,lexical_tfidf,0.35,25,2.14,53.5,2.16,54.0,-0.020000000000000018,-0.5
qwen25_15b,156,msc_valid,16,recency_keep_compress_drop,0.35,25,2.42,60.5,2.16,54.0,0.2599999999999998,6.5
qwen25_15b,156,msc_valid,16,uniform,0.5,25,2.51,62.75,2.16,54.0,0.34999999999999964,8.75
qwen25_15b,156,msc_valid,16,longllmlingua,0.5,25,2.27,56.75,2.16,54.0,0.10999999999999988,2.75
qwen25_15b,156,msc_valid,16,recency,0.5,25,2.26,56.5,2.16,54.0,0.09999999999999964,2.5
qwen25_15b,156,msc_valid,16,lexical_tfidf,0.5,25,2.15,53.75,2.16,54.0,-0.010000000000000231,-0.25
qwen25_15b,156,msc_valid,16,recency_keep_compress_drop,0.5,25,2.43,60.75,2.16,54.0,0.27,6.75
qwen25_15b,156,msc_valid,18,uniform,0.2,39,2.641025641025641,103.0,2.2564102564102564,88.0,0.3846153846153846,15.0
qwen25_15b,156,msc_valid,18,longllmlingua,0.2,39,2.41025641025641,94.0,2.2564102564102564,88.0,0.15384615384615374,6.0
qwen25_15b,156,msc_valid,18,recency,0.2,39,2.6153846153846154,102.0,2.2564102564102564,88.0,0.35897435897435903,14.0
qwen25_15b,156,msc_valid,18,lexical_tfidf,0.2,39,2.628205128205128,102.5,2.2564102564102564,88.0,0.3717948717948718,14.5
qwen25_15b,156,msc_valid,18,recency_keep_compress_drop,0.2,39,2.58974358974359,101.0,2.2564102564102564,88.0,0.3333333333333335,13.0
qwen25_15b,156,msc_valid,18,uniform,0.35,39,2.3333333333333335,91.0,2.2564102564102564,88.0,0.0769230769230771,3.0
qwen25_15b,156,msc_valid,18,longllmlingua,0.35,39,2.4358974358974357,95.0,2.2564102564102564,88.0,0.1794871794871793,7.0
qwen25_15b,156,msc_valid,18,recency,0.35,39,2.5128205128205128,98.0,2.2564102564102564,88.0,0.2564102564102564,10.0
qwen25_15b,156,msc_valid,18,lexical_tfidf,0.35,39,2.371794871794872,92.5,2.2564102564102564,88.0,0.11538461538461542,4.5
qwen25_15b,156,msc_valid,18,recency_keep_compress_drop,0.35,39,2.5256410256410255,98.5,2.2564102564102564,88.0,0.26923076923076916,10.5
qwen25_15b,156,msc_valid,18,uniform,0.5,39,2.3333333333333335,91.0,2.2564102564102564,88.0,0.0769230769230771,3.0
qwen25_15b,156,msc_valid,18,longllmlingua,0.5,39,2.371794871794872,92.5,2.2564102564102564,88.0,0.11538461538461542,4.5
qwen25_15b,156,msc_valid,18,recency,0.5,39,2.5128205128205128,98.0,2.2564102564102564,88.0,0.2564102564102564,10.0
qwen25_15b,156,msc_valid,18,lexical_tfidf,0.5,39,2.3333333333333335,91.0,2.2564102564102564,88.0,0.0769230769230771,3.0
qwen25_15b,156,msc_valid,18,recency_keep_compress_drop,0.5,39,2.3846153846153846,93.0,2.2564102564102564,88.0,0.1282051282051282,5.0
qwen25_15b,156,msc_valid,22,uniform,0.2,41,3.1463414634146343,129.0,2.5121951219512195,103.0,0.6341463414634148,26.0
qwen25_15b,156,msc_valid,22,longllmlingua,0.2,41,2.7195121951219514,111.5,2.5121951219512195,103.0,0.2073170731707319,8.5
qwen25_15b,156,msc_valid,22,recency,0.2,41,2.902439024390244,119.0,2.5121951219512195,103.0,0.3902439024390243,16.0
qwen25_15b,156,msc_valid,22,lexical_tfidf,0.2,41,2.817073170731707,115.5,2.5121951219512195,103.0,0.30487804878048763,12.5
qwen25_15b,156,msc_valid,22,recency_keep_compress_drop,0.2,41,2.9146341463414633,119.5,2.5121951219512195,103.0,0.4024390243902438,16.5
qwen25_15b,156,msc_valid,22,uniform,0.35,41,3.0121951219512195,123.5,2.5121951219512195,103.0,0.5,20.5
qwen25_15b,156,msc_valid,22,longllmlingua,0.35,41,2.768292682926829,113.5,2.5121951219512195,103.0,0.25609756097560954,10.5
qwen25_15b,156,msc_valid,22,recency,0.35,41,2.841463414634146,116.5,2.5121951219512195,103.0,0.3292682926829267,13.5
qwen25_15b,156,msc_valid,22,lexical_tfidf,0.35,41,2.792682926829268,114.5,2.5121951219512195,103.0,0.2804878048780486,11.5
qwen25_15b,156,msc_valid,22,recency_keep_compress_drop,0.35,41,2.6097560975609757,107.0,2.5121951219512195,103.0,0.09756097560975618,4.0
qwen25_15b,156,msc_valid,22,uniform,0.5,41,2.8292682926829267,116.0,2.5121951219512195,103.0,0.31707317073170715,13.0
qwen25_15b,156,msc_valid,22,longllmlingua,0.5,41,2.7560975609756095,113.0,2.5121951219512195,103.0,0.24390243902439002,10.0
qwen25_15b,156,msc_valid,22,recency,0.5,41,2.597560975609756,106.5,2.5121951219512195,103.0,0.08536585365853666,3.5
qwen25_15b,156,msc_valid,22,lexical_tfidf,0.5,41,2.6097560975609757,107.0,2.5121951219512195,103.0,0.09756097560975618,4.0
qwen25_15b,156,msc_valid,22,recency_keep_compress_drop,0.5,41,2.573170731707317,105.5,2.5121951219512195,103.0,0.060975609756097615,2.5
qwen25_15b,156,msc_valid,26,uniform,0.2,57,2.807017543859649,160.0,2.754385964912281,157.0,0.05263157894736814,3.0
qwen25_15b,156,msc_valid,26,longllmlingua,0.2,57,2.7719298245614037,158.0,2.754385964912281,157.0,0.01754385964912286,1.0
qwen25_15b,156,msc_valid,26,recency,0.2,57,2.719298245614035,155.0,2.754385964912281,157.0,-0.03508771929824572,-2.0
qwen25_15b,156,msc_valid,26,lexical_tfidf,0.2,57,2.6491228070175437,151.0,2.754385964912281,157.0,-0.10526315789473717,-6.0
qwen25_15b,156,msc_valid,26,recency_keep_compress_drop,0.2,57,2.736842105263158,156.0,2.754385964912281,157.0,-0.01754385964912286,-1.0
qwen25_15b,156,msc_valid,26,uniform,0.35,57,2.807017543859649,160.0,2.754385964912281,157.0,0.05263157894736814,3.0
qwen25_15b,156,msc_valid,26,longllmlingua,0.35,57,2.7017543859649122,154.0,2.754385964912281,157.0,-0.052631578947368585,-3.0
qwen25_15b,156,msc_valid,26,recency,0.35,57,2.7017543859649122,154.0,2.754385964912281,157.0,-0.052631578947368585,-3.0
qwen25_15b,156,msc_valid,26,lexical_tfidf,0.35,57,2.6666666666666665,152.0,2.754385964912281,157.0,-0.08771929824561431,-5.0
qwen25_15b,156,msc_valid,26,recency_keep_compress_drop,0.35,57,2.6842105263157894,153.0,2.754385964912281,157.0,-0.07017543859649145,-4.0
qwen25_15b,156,msc_valid,26,uniform,0.5,57,2.789473684210526,159.0,2.754385964912281,157.0,0.03508771929824528,2.0
qwen25_15b,156,msc_valid,26,longllmlingua,0.5,57,2.6842105263157894,153.0,2.754385964912281,157.0,-0.07017543859649145,-4.0
qwen25_15b,156,msc_valid,26,recency,0.5,57,2.789473684210526,159.0,2.754385964912281,157.0,0.03508771929824528,2.0
qwen25_15b,156,msc_valid,26,lexical_tfidf,0.5,57,2.719298245614035,155.0,2.754385964912281,157.0,-0.03508771929824572,-2.0
qwen25_15b,156,msc_valid,26,recency_keep_compress_drop,0.5,57,2.6842105263157894,153.0,2.754385964912281,157.0,-0.07017543859649145,-4.0
qwen25_15b,156,msc_valid,30,uniform,0.2,50,3.42,171.0,3.42,171.0,0.0,0.0
qwen25_15b,156,msc_valid,30,longllmlingua,0.2,50,3.46,173.0,3.42,171.0,0.040000000000000036,2.0
qwen25_15b,156,msc_valid,30,recency,0.2,50,3.36,168.0,3.42,171.0,-0.06000000000000005,-3.0
qwen25_15b,156,msc_valid,30,lexical_tfidf,0.2,50,3.36,168.0,3.42,171.0,-0.06000000000000005,-3.0
qwen25_15b,156,msc_valid,30,recency_keep_compress_drop,0.2,50,3.34,167.0,3.42,171.0,-0.08000000000000007,-4.0
qwen25_15b,156,msc_valid,30,uniform,0.35,50,3.36,168.0,3.42,171.0,-0.06000000000000005,-3.0
qwen25_15b,156,msc_valid,30,longllmlingua,0.35,50,3.44,172.0,3.42,171.0,0.020000000000000018,1.0
qwen25_15b,156,msc_valid,30,recency,0.35,50,3.3,165.0,3.42,171.0,-0.1200000000000001,-6.0
qwen25_15b,156,msc_valid,30,lexical_tfidf,0.35,50,3.4,170.0,3.42,171.0,-0.020000000000000018,-1.0
qwen25_15b,156,msc_valid,30,recency_keep_compress_drop,0.35,50,3.3,165.0,3.42,171.0,-0.1200000000000001,-6.0
qwen25_15b,156,msc_valid,30,uniform,0.5,50,3.34,167.0,3.42,171.0,-0.08000000000000007,-4.0
qwen25_15b,156,msc_valid,30,longllmlingua,0.5,50,3.42,171.0,3.42,171.0,0.0,0.0
qwen25_15b,156,msc_valid,30,recency,0.5,50,3.36,168.0,3.42,171.0,-0.06000000000000005,-3.0
qwen25_15b,156,msc_valid,30,lexical_tfidf,0.5,50,3.38,169.0,3.42,171.0,-0.040000000000000036,-2.0
qwen25_15b,156,msc_valid,30,recency_keep_compress_drop,0.5,50,3.32,166.0,3.42,171.0,-0.10000000000000009,-5.0
qwen25_15b,156,msc_valid,34,uniform,0.2,25,2.33,58.25,2.05,51.25,0.28000000000000025,7.0
qwen25_15b,156,msc_valid,34,longllmlingua,0.2,25,2.27,56.75,2.05,51.25,0.2200000000000002,5.5
qwen25_15b,156,msc_valid,34,recency,0.2,25,2.31,57.75,2.05,51.25,0.26000000000000023,6.5
qwen25_15b,156,msc_valid,34,lexical_tfidf,0.2,25,2.1,52.5,2.05,51.25,0.050000000000000266,1.25
qwen25_15b,156,msc_valid,34,recency_keep_compress_drop,0.2,25,2.14,53.5,2.05,51.25,0.0900000000000003,2.25
qwen25_15b,156,msc_valid,34,uniform,0.35,25,2.16,54.0,2.05,51.25,0.11000000000000032,2.75
qwen25_15b,156,msc_valid,34,longllmlingua,0.35,25,2.21,55.25,2.05,51.25,0.16000000000000014,4.0
qwen25_15b,156,msc_valid,34,recency,0.35,25,2.13,53.25,2.05,51.25,0.08000000000000007,2.0
qwen25_15b,156,msc_valid,34,lexical_tfidf,0.35,25,2.05,51.25,2.05,51.25,0.0,0.0
qwen25_15b,156,msc_valid,34,recency_keep_compress_drop,0.35,25,2.0,50.0,2.05,51.25,-0.04999999999999982,-1.25
qwen25_15b,156,msc_valid,34,uniform,0.5,25,2.06,51.5,2.05,51.25,0.010000000000000231,0.25
qwen25_15b,156,msc_valid,34,longllmlingua,0.5,25,2.11,52.75,2.05,51.25,0.06000000000000005,1.5
qwen25_15b,156,msc_valid,34,recency,0.5,25,2.02,50.5,2.05,51.25,-0.029999999999999805,-0.75
qwen25_15b,156,msc_valid,34,lexical_tfidf,0.5,25,2.04,51.0,2.05,51.25,-0.009999999999999787,-0.25
qwen25_15b,156,msc_valid,34,recency_keep_compress_drop,0.5,25,1.97,49.25,2.05,51.25,-0.07999999999999985,-2.0
qwen25_15b,156,msc_valid,38,uniform,0.2,37,2.554054054054054,94.5,0.0,0.0,2.554054054054054,94.5
qwen25_15b,156,msc_valid,38,longllmlingua,0.2,37,2.0945945945945947,77.5,0.0,0.0,2.0945945945945947,77.5
qwen25_15b,156,msc_valid,38,recency,0.2,37,2.5675675675675675,95.0,0.0,0.0,2.5675675675675675,95.0
qwen25_15b,156,msc_valid,38,lexical_tfidf,0.2,37,2.6216216216216215,97.0,0.0,0.0,2.6216216216216215,97.0
qwen25_15b,156,msc_valid,38,recency_keep_compress_drop,0.2,37,2.1621621621621623,80.0,0.0,0.0,2.1621621621621623,80.0
qwen25_15b,156,msc_valid,38,uniform,0.35,37,2.5675675675675675,95.0,0.0,0.0,2.5675675675675675,95.0
qwen25_15b,156,msc_valid,38,longllmlingua,0.35,37,2.135135135135135,79.0,0.0,0.0,2.135135135135135,79.0
qwen25_15b,156,msc_valid,38,recency,0.35,37,2.527027027027027,93.5,0.0,0.0,2.527027027027027,93.5
qwen25_15b,156,msc_valid,38,lexical_tfidf,0.35,37,2.1216216216216215,78.5,0.0,0.0,2.1216216216216215,78.5
qwen25_15b,156,msc_valid,38,recency_keep_compress_drop,0.35,37,2.1216216216216215,78.5,0.0,0.0,2.1216216216216215,78.5
qwen25_15b,156,msc_valid,38,uniform,0.5,37,2.6216216216216215,97.0,0.0,0.0,2.6216216216216215,97.0
qwen25_15b,156,msc_valid,38,longllmlingua,0.5,37,2.135135135135135,79.0,0.0,0.0,2.135135135135135,79.0
qwen25_15b,156,msc_valid,38,recency,0.5,37,2.2432432432432434,83.0,0.0,0.0,2.2432432432432434,83.0
qwen25_15b,156,msc_valid,38,lexical_tfidf,0.5,37,2.175675675675676,80.5,0.0,0.0,2.175675675675676,80.5
qwen25_15b,156,msc_valid,38,recency_keep_compress_drop,0.5,37,2.0675675675675675,76.5,0.0,0.0,2.0675675675675675,76.5
qwen25_15b,156,msc_valid,42,uniform,0.2,47,2.4148936170212765,113.5,0.0,0.0,2.4148936170212765,113.5
qwen25_15b,156,msc_valid,42,longllmlingua,0.2,47,2.24468085106383,105.5,0.0,0.0,2.24468085106383,105.5
qwen25_15b,156,msc_valid,42,recency,0.2,47,2.382978723404255,112.0,0.0,0.0,2.382978723404255,112.0
qwen25_15b,156,msc_valid,42,lexical_tfidf,0.2,47,2.3297872340425534,109.5,0.0,0.0,2.3297872340425534,109.5
qwen25_15b,156,msc_valid,42,recency_keep_compress_drop,0.2,47,2.372340425531915,111.5,0.0,0.0,2.372340425531915,111.5
qwen25_15b,156,msc_valid,42,uniform,0.35,47,2.265957446808511,106.5,0.0,0.0,2.265957446808511,106.5
qwen25_15b,156,msc_valid,42,longllmlingua,0.35,47,2.202127659574468,103.5,0.0,0.0,2.202127659574468,103.5
qwen25_15b,156,msc_valid,42,recency,0.35,47,2.393617021276596,112.5,0.0,0.0,2.393617021276596,112.5
qwen25_15b,156,msc_valid,42,lexical_tfidf,0.35,47,2.2872340425531914,107.5,0.0,0.0,2.2872340425531914,107.5
qwen25_15b,156,msc_valid,42,recency_keep_compress_drop,0.35,47,2.223404255319149,104.5,0.0,0.0,2.223404255319149,104.5
qwen25_15b,156,msc_valid,42,uniform,0.5,47,2.276595744680851,107.0,0.0,0.0,2.276595744680851,107.0
qwen25_15b,156,msc_valid,42,longllmlingua,0.5,47,2.223404255319149,104.5,0.0,0.0,2.223404255319149,104.5
qwen25_15b,156,msc_valid,42,recency,0.5,47,2.3085106382978724,108.5,0.0,0.0,2.3085106382978724,108.5
qwen25_15b,156,msc_valid,42,lexical_tfidf,0.5,47,2.297872340425532,108.0,0.0,0.0,2.297872340425532,108.0
qwen25_15b,156,msc_valid,42,recency_keep_compress_drop,0.5,47,2.223404255319149,104.5,0.0,0.0,2.223404255319149,104.5
qwen25_15b,156,msc_valid,46,uniform,0.2,41,3.1951219512195124,131.0,0.0,0.0,3.1951219512195124,131.0
qwen25_15b,156,msc_valid,46,longllmlingua,0.2,41,3.292682926829268,135.0,0.0,0.0,3.292682926829268,135.0
qwen25_15b,156,msc_valid,46,recency,0.2,41,3.1463414634146343,129.0,0.0,0.0,3.1463414634146343,129.0
qwen25_15b,156,msc_valid,46,lexical_tfidf,0.2,41,3.1097560975609757,127.5,0.0,0.0,3.1097560975609757,127.5
qwen25_15b,156,msc_valid,46,recency_keep_compress_drop,0.2,41,3.1463414634146343,129.0,0.0,0.0,3.1463414634146343,129.0
qwen25_15b,156,msc_valid,46,uniform,0.35,41,3.268292682926829,134.0,0.0,0.0,3.268292682926829,134.0
qwen25_15b,156,msc_valid,46,longllmlingua,0.35,41,3.2439024390243905,133.0,0.0,0.0,3.2439024390243905,133.0
qwen25_15b,156,msc_valid,46,recency,0.35,41,3.1219512195121952,128.0,0.0,0.0,3.1219512195121952,128.0
qwen25_15b,156,msc_valid,46,lexical_tfidf,0.35,41,3.1463414634146343,129.0,0.0,0.0,3.1463414634146343,129.0
qwen25_15b,156,msc_valid,46,recency_keep_compress_drop,0.35,41,3.1097560975609757,127.5,0.0,0.0,3.1097560975609757,127.5
qwen25_15b,156,msc_valid,46,uniform,0.5,41,3.1707317073170733,130.0,0.0,0.0,3.1707317073170733,130.0
qwen25_15b,156,msc_valid,46,longllmlingua,0.5,41,3.292682926829268,135.0,0.0,0.0,3.292682926829268,135.0
qwen25_15b,156,msc_valid,46,recency,0.5,41,3.1219512195121952,128.0,0.0,0.0,3.1219512195121952,128.0
qwen25_15b,156,msc_valid,46,lexical_tfidf,0.5,41,3.0853658536585367,126.5,0.0,0.0,3.0853658536585367,126.5
qwen25_15b,156,msc_valid,46,recency_keep_compress_drop,0.5,41,3.1219512195121952,128.0,0.0,0.0,3.1219512195121952,128.0
qwen25_15b,156,msc_valid,48,uniform,0.2,29,2.896551724137931,84.0,0.0,0.0,2.896551724137931,84.0
qwen25_15b,156,msc_valid,48,longllmlingua,0.2,29,2.896551724137931,84.0,0.0,0.0,2.896551724137931,84.0
qwen25_15b,156,msc_valid,48,recency,0.2,29,2.793103448275862,81.0,0.0,0.0,2.793103448275862,81.0
qwen25_15b,156,msc_valid,48,lexical_tfidf,0.2,29,2.7758620689655173,80.5,0.0,0.0,2.7758620689655173,80.5
qwen25_15b,156,msc_valid,48,recency_keep_compress_drop,0.2,29,2.7586206896551726,80.0,0.0,0.0,2.7586206896551726,80.0
qwen25_15b,156,msc_valid,48,uniform,0.35,29,2.896551724137931,84.0,0.0,0.0,2.896551724137931,84.0
qwen25_15b,156,msc_valid,48,longllmlingua,0.35,29,2.7758620689655173,80.5,0.0,0.0,2.7758620689655173,80.5
qwen25_15b,156,msc_valid,48,recency,0.35,29,2.8275862068965516,82.0,0.0,0.0,2.8275862068965516,82.0
qwen25_15b,156,msc_valid,48,lexical_tfidf,0.35,29,2.7241379310344827,79.0,0.0,0.0,2.7241379310344827,79.0
qwen25_15b,156,msc_valid,48,recency_keep_compress_drop,0.35,29,2.7758620689655173,80.5,0.0,0.0,2.7758620689655173,80.5
qwen25_15b,156,msc_valid,48,uniform,0.5,0,0.0,0.0,0.0,0.0,0.0,0.0
qwen25_15b,156,msc_valid,48,longllmlingua,0.5,29,2.8620689655172415,83.0,0.0,0.0,2.8620689655172415,83.0
qwen25_15b,156,msc_valid,48,recency,0.5,0,0.0,0.0,0.0,0.0,0.0,0.0
qwen25_15b,156,msc_valid,48,lexical_tfidf,0.5,0,0.0,0.0,0.0,0.0,0.0,0.0
qwen25_15b,156,msc_valid,48,recency_keep_compress_drop,0.5,0,0.0,0.0,0.0,0.0,0.0,0.0
qwen25_15b,156,msc_valid,52,uniform,0.2,22,3.0,66.0,0.0,0.0,3.0,66.0
qwen25_15b,156,msc_valid,52,longllmlingua,0.2,22,3.0,66.0,0.0,0.0,3.0,66.0
qwen25_15b,156,msc_valid,52,recency,0.2,22,3.022727272727273,66.5,0.0,0.0,3.022727272727273,66.5
qwen25_15b,156,msc_valid,52,lexical_tfidf,0.2,22,2.977272727272727,65.5,0.0,0.0,2.977272727272727,65.5
qwen25_15b,156,msc_valid,52,recency_keep_compress_drop,0.2,22,2.9318181818181817,64.5,0.0,0.0,2.9318181818181817,64.5
qwen25_15b,156,msc_valid,52,uniform,0.35,22,3.0454545454545454,67.0,0.0,0.0,3.0454545454545454,67.0
qwen25_15b,156,msc_valid,52,longllmlingua,0.35,22,3.0,66.0,0.0,0.0,3.0,66.0
qwen25_15b,156,msc_valid,52,recency,0.35,10,3.55,35.5,0.0,0.0,3.55,35.5
qwen25_15b,156,msc_valid,52,lexical_tfidf,0.35,22,3.0,66.0,0.0,0.0,3.0,66.0
qwen25_15b,156,msc_valid,52,recency_keep_compress_drop,0.35,22,2.977272727272727,65.5,0.0,0.0,2.977272727272727,65.5
qwen25_15b,156,msc_valid,52,uniform,0.5,0,0.0,0.0,0.0,0.0,0.0,0.0
qwen25_15b,156,msc_valid,52,longllmlingua,0.5,22,3.0454545454545454,67.0,0.0,0.0,3.0454545454545454,67.0
qwen25_15b,156,msc_valid,52,recency,0.5,0,0.0,0.0,0.0,0.0,0.0,0.0
qwen25_15b,156,msc_valid,52,lexical_tfidf,0.5,0,0.0,0.0,0.0,0.0,0.0,0.0
qwen25_15b,156,msc_valid,52,recency_keep_compress_drop,0.5,0,0.0,0.0,0.0,0.0,0.0,0.0
qwen25_15b,156,msc_valid,56,uniform,0.2,78,2.923076923076923,228.0,0.0,0.0,2.923076923076923,228.0
qwen25_15b,156,msc_valid,56,longllmlingua,0.2,78,2.871794871794872,224.0,0.0,0.0,2.871794871794872,224.0
qwen25_15b,156,msc_valid,56,recency,0.2,4,4.5625,18.25,0.0,0.0,4.5625,18.25
qwen25_15b,156,msc_valid,56,lexical_tfidf,0.2,0,0.0,0.0,0.0,0.0,0.0,0.0
qwen25_15b,156,msc_valid,56,recency_keep_compress_drop,0.2,0,0.0,0.0,0.0,0.0,0.0,0.0
qwen25_15b,156,msc_valid,56,uniform,0.35,78,2.91025641025641,227.0,0.0,0.0,2.91025641025641,227.0
qwen25_15b,156,msc_valid,56,longllmlingua,0.35,78,2.8974358974358974,226.0,0.0,0.0,2.8974358974358974,226.0
qwen25_15b,156,msc_valid,56,recency,0.35,0,0.0,0.0,0.0,0.0,0.0,0.0
qwen25_15b,156,msc_valid,56,lexical_tfidf,0.35,0,0.0,0.0,0.0,0.0,0.0,0.0
qwen25_15b,156,msc_valid,56,recency_keep_compress_drop,0.35,0,0.0,0.0,0.0,0.0,0.0,0.0
qwen25_15b,156,msc_valid,56,uniform,0.5,0,0.0,0.0,0.0,0.0,0.0,0.0
qwen25_15b,156,msc_valid,56,longllmlingua,0.5,78,2.871794871794872,224.0,0.0,0.0,2.871794871794872,224.0
qwen25_15b,156,msc_valid,56,recency,0.5,0,0.0,0.0,0.0,0.0,0.0,0.0
qwen25_15b,156,msc_valid,56,lexical_tfidf,0.5,0,0.0,0.0,0.0,0.0,0.0,0.0
qwen25_15b,156,msc_valid,56,recency_keep_compress_drop,0.5,0,0.0,0.0,0.0,0.0,0.0,0.0
qwen25_15b,156,msc_valid,60,uniform,0.2,32,2.140625,68.5,0.0,0.0,2.140625,68.5
qwen25_15b,156,msc_valid,60,longllmlingua,0.2,32,2.140625,68.5,0.0,0.0,2.140625,68.5
qwen25_15b,156,msc_valid,60,recency,0.2,0,0.0,0.0,0.0,0.0,0.0,0.0
qwen25_15b,156,msc_valid,60,lexical_tfidf,0.2,0,0.0,0.0,0.0,0.0,0.0,0.0
qwen25_15b,156,msc_valid,60,recency_keep_compress_drop,0.2,0,0.0,0.0,0.0,0.0,0.0,0.0
qwen25_15b,156,msc_valid,60,uniform,0.35,32,2.171875,69.5,0.0,0.0,2.171875,69.5
qwen25_15b,156,msc_valid,60,longllmlingua,0.35,32,2.15625,69.0,0.0,0.0,2.15625,69.0
qwen25_15b,156,msc_valid,60,recency,0.35,0,0.0,0.0,0.0,0.0,0.0,0.0
qwen25_15b,156,msc_valid,60,lexical_tfidf,0.35,0,0.0,0.0,0.0,0.0,0.0,0.0
qwen25_15b,156,msc_valid,60,recency_keep_compress_drop,0.35,0,0.0,0.0,0.0,0.0,0.0,0.0
qwen25_15b,156,msc_valid,60,uniform,0.5,0,0.0,0.0,0.0,0.0,0.0,0.0
qwen25_15b,156,msc_valid,60,longllmlingua,0.5,32,2.15625,69.0,0.0,0.0,2.15625,69.0
qwen25_15b,156,msc_valid,60,recency,0.5,0,0.0,0.0,0.0,0.0,0.0,0.0
qwen25_15b,156,msc_valid,60,lexical_tfidf,0.5,0,0.0,0.0,0.0,0.0,0.0,0.0
qwen25_15b,156,msc_valid,60,recency_keep_compress_drop,0.5,0,0.0,0.0,0.0,0.0,0.0,0.0
qwen25_15b,188,msc_valid,4,uniform,0.2,14,4.392857142857143,61.5,4.160714285714286,58.25,0.23214285714285765,3.25
qwen25_15b,188,msc_valid,4,longllmlingua,0.2,14,3.5,49.0,4.160714285714286,58.25,-0.6607142857142856,-9.25
qwen25_15b,188,msc_valid,4,recency,0.2,14,4.392857142857143,61.5,4.160714285714286,58.25,0.23214285714285765,3.25
qwen25_15b,188,msc_valid,4,lexical_tfidf,0.2,14,4.392857142857143,61.5,4.160714285714286,58.25,0.23214285714285765,3.25
qwen25_15b,188,msc_valid,4,recency_keep_compress_drop,0.2,14,4.392857142857143,61.5,4.160714285714286,58.25,0.23214285714285765,3.25
qwen25_15b,188,msc_valid,4,uniform,0.35,14,4.214285714285714,59.0,4.160714285714286,58.25,0.053571428571428825,0.75
qwen25_15b,188,msc_valid,4,longllmlingua,0.35,14,3.4107142857142856,47.75,4.160714285714286,58.25,-0.75,-10.5
qwen25_15b,188,msc_valid,4,recency,0.35,14,4.214285714285714,59.0,4.160714285714286,58.25,0.053571428571428825,0.75
qwen25_15b,188,msc_valid,4,lexical_tfidf,0.35,14,4.214285714285714,59.0,4.160714285714286,58.25,0.053571428571428825,0.75
qwen25_15b,188,msc_valid,4,recency_keep_compress_drop,0.35,14,4.214285714285714,59.0,4.160714285714286,58.25,0.053571428571428825,0.75
qwen25_15b,188,msc_valid,4,uniform,0.5,14,4.214285714285714,59.0,4.160714285714286,58.25,0.053571428571428825,0.75
qwen25_15b,188,msc_valid,4,longllmlingua,0.5,14,3.392857142857143,47.5,4.160714285714286,58.25,-0.7678571428571428,-10.75
qwen25_15b,188,msc_valid,4,recency,0.5,14,4.214285714285714,59.0,4.160714285714286,58.25,0.053571428571428825,0.75
qwen25_15b,188,msc_valid,4,lexical_tfidf,0.5,14,4.214285714285714,59.0,4.160714285714286,58.25,0.053571428571428825,0.75
qwen25_15b,188,msc_valid,4,recency_keep_compress_drop,0.5,14,4.214285714285714,59.0,4.160714285714286,58.25,0.053571428571428825,0.75
qwen25_15b,188,msc_valid,6,uniform,0.2,11,4.863636363636363,53.5,4.340909090909091,47.75,0.5227272727272725,5.75
qwen25_15b,188,msc_valid,6,longllmlingua,0.2,11,3.8863636363636362,42.75,4.340909090909091,47.75,-0.4545454545454546,-5.0
qwen25_15b,188,msc_valid,6,recency,0.2,11,4.954545454545454,54.5,4.340909090909091,47.75,0.6136363636363633,6.75
qwen25_15b,188,msc_valid,6,lexical_tfidf,0.2,11,4.863636363636363,53.5,4.340909090909091,47.75,0.5227272727272725,5.75
qwen25_15b,188,msc_valid,6,recency_keep_compress_drop,0.2,11,4.954545454545454,54.5,4.340909090909091,47.75,0.6136363636363633,6.75
qwen25_15b,188,msc_valid,6,uniform,0.35,11,4.795454545454546,52.75,4.340909090909091,47.75,0.45454545454545503,5.0
qwen25_15b,188,msc_valid,6,longllmlingua,0.35,11,3.6818181818181817,40.5,4.340909090909091,47.75,-0.6590909090909092,-7.25
qwen25_15b,188,msc_valid,6,recency,0.35,11,4.795454545454546,52.75,4.340909090909091,47.75,0.45454545454545503,5.0
qwen25_15b,188,msc_valid,6,lexical_tfidf,0.35,11,4.795454545454546,52.75,4.340909090909091,47.75,0.45454545454545503,5.0
qwen25_15b,188,msc_valid,6,recency_keep_compress_drop,0.35,11,4.795454545454546,52.75,4.340909090909091,47.75,0.45454545454545503,5.0
qwen25_15b,188,msc_valid,6,uniform,0.5,11,4.7727272727272725,52.5,4.340909090909091,47.75,0.43181818181818166,4.75
qwen25_15b,188,msc_valid,6,longllmlingua,0.5,11,3.590909090909091,39.5,4.340909090909091,47.75,-0.75,-8.25
qwen25_15b,188,msc_valid,6,recency,0.5,11,4.590909090909091,50.5,4.340909090909091,47.75,0.25,2.75
qwen25_15b,188,msc_valid,6,lexical_tfidf,0.5,11,4.7727272727272725,52.5,4.340909090909091,47.75,0.43181818181818166,4.75
qwen25_15b,188,msc_valid,6,recency_keep_compress_drop,0.5,11,4.795454545454546,52.75,4.340909090909091,47.75,0.45454545454545503,5.0
qwen25_15b,188,msc_valid,8,uniform,0.2,17,3.3529411764705883,57.0,2.985294117647059,50.75,0.36764705882352944,6.25
qwen25_15b,188,msc_valid,8,longllmlingua,0.2,17,2.9411764705882355,50.0,2.985294117647059,50.75,-0.04411764705882337,-0.75
qwen25_15b,188,msc_valid,8,recency,0.2,17,3.6029411764705883,61.25,2.985294117647059,50.75,0.6176470588235294,10.5
qwen25_15b,188,msc_valid,8,lexical_tfidf,0.2,17,3.3529411764705883,57.0,2.985294117647059,50.75,0.36764705882352944,6.25
qwen25_15b,188,msc_valid,8,recency_keep_compress_drop,0.2,17,3.6029411764705883,61.25,2.985294117647059,50.75,0.6176470588235294,10.5
qwen25_15b,188,msc_valid,8,uniform,0.35,17,3.5588235294117645,60.5,2.985294117647059,50.75,0.5735294117647056,9.75
qwen25_15b,188,msc_valid,8,longllmlingua,0.35,17,2.8088235294117645,47.75,2.985294117647059,50.75,-0.17647058823529438,-3.0
qwen25_15b,188,msc_valid,8,recency,0.35,17,3.514705882352941,59.75,2.985294117647059,50.75,0.5294117647058822,9.0
qwen25_15b,188,msc_valid,8,lexical_tfidf,0.35,17,3.176470588235294,54.0,2.985294117647059,50.75,0.19117647058823506,3.25
qwen25_15b,188,msc_valid,8,recency_keep_compress_drop,0.35,17,3.2941176470588234,56.0,2.985294117647059,50.75,0.3088235294117645,5.25
qwen25_15b,188,msc_valid,8,uniform,0.5,17,3.426470588235294,58.25,2.985294117647059,50.75,0.44117647058823506,7.5
qwen25_15b,188,msc_valid,8,longllmlingua,0.5,17,2.8676470588235294,48.75,2.985294117647059,50.75,-0.11764705882352944,-2.0
qwen25_15b,188,msc_valid,8,recency,0.5,17,3.3088235294117645,56.25,2.985294117647059,50.75,0.3235294117647056,5.5
qwen25_15b,188,msc_valid,8,lexical_tfidf,0.5,17,3.426470588235294,58.25,2.985294117647059,50.75,0.44117647058823506,7.5
qwen25_15b,188,msc_valid,8,recency_keep_compress_drop,0.5,17,3.2058823529411766,54.5,2.985294117647059,50.75,0.22058823529411775,3.75
qwen25_15b,188,msc_valid,10,uniform,0.2,11,2.897727272727273,31.875,2.3295454545454546,25.625,0.5681818181818183,6.25
qwen25_15b,188,msc_valid,10,longllmlingua,0.2,11,2.6818181818181817,29.5,2.3295454545454546,25.625,0.35227272727272707,3.875
qwen25_15b,188,msc_valid,10,recency,0.2,11,2.6818181818181817,29.5,2.3295454545454546,25.625,0.35227272727272707,3.875
qwen25_15b,188,msc_valid,10,lexical_tfidf,0.2,11,2.897727272727273,31.875,2.3295454545454546,25.625,0.5681818181818183,6.25
qwen25_15b,188,msc_valid,10,recency_keep_compress_drop,0.2,11,2.840909090909091,31.25,2.3295454545454546,25.625,0.5113636363636362,5.625
qwen25_15b,188,msc_valid,10,uniform,0.35,11,2.9545454545454546,32.5,2.3295454545454546,25.625,0.625,6.875
qwen25_15b,188,msc_valid,10,longllmlingua,0.35,11,2.477272727272727,27.25,2.3295454545454546,25.625,0.14772727272727249,1.625
qwen25_15b,188,msc_valid,10,recency,0.35,11,2.6363636363636362,29.0,2.3295454545454546,25.625,0.30681818181818166,3.375
qwen25_15b,188,msc_valid,10,lexical_tfidf,0.35,11,2.9545454545454546,32.5,2.3295454545454546,25.625,0.625,6.875
qwen25_15b,188,msc_valid,10,recency_keep_compress_drop,0.35,11,2.590909090909091,28.5,2.3295454545454546,25.625,0.26136363636363624,2.875
qwen25_15b,188,msc_valid,10,uniform,0.5,11,2.875,31.625,2.3295454545454546,25.625,0.5454545454545454,6.0
qwen25_15b,188,msc_valid,10,longllmlingua,0.5,11,2.4886363636363638,27.375,2.3295454545454546,25.625,0.15909090909090917,1.75
qwen25_15b,188,msc_valid,10,recency,0.5,11,2.465909090909091,27.125,2.3295454545454546,25.625,0.13636363636363624,1.5
qwen25_15b,188,msc_valid,10,lexical_tfidf,0.5,11,2.875,31.625,2.3295454545454546,25.625,0.5454545454545454,6.0
qwen25_15b,188,msc_valid,10,recency_keep_compress_drop,0.5,11,2.5568181818181817,28.125,2.3295454545454546,25.625,0.22727272727272707,2.5
qwen25_15b,188,msc_valid,12,uniform,0.2,19,5.342105263157895,101.5,5.0,95.0,0.3421052631578947,6.5
qwen25_15b,188,msc_valid,12,longllmlingua,0.2,19,5.078947368421052,96.5,5.0,95.0,0.07894736842105221,1.5
qwen25_15b,188,msc_valid,12,recency,0.2,19,5.2631578947368425,100.0,5.0,95.0,0.2631578947368425,5.0
qwen25_15b,188,msc_valid,12,lexical_tfidf,0.2,19,5.078947368421052,96.5,5.0,95.0,0.07894736842105221,1.5
qwen25_15b,188,msc_valid,12,recency_keep_compress_drop,0.2,19,5.368421052631579,102.0,5.0,95.0,0.36842105263157876,7.0
qwen25_15b,188,msc_valid,12,uniform,0.35,19,5.2368421052631575,99.5,5.0,95.0,0.23684210526315752,4.5
qwen25_15b,188,msc_valid,12,longllmlingua,0.35,19,5.105263157894737,97.0,5.0,95.0,0.10526315789473717,2.0
qwen25_15b,188,msc_valid,12,recency,0.35,19,5.131578947368421,97.5,5.0,95.0,0.13157894736842124,2.5
qwen25_15b,188,msc_valid,12,lexical_tfidf,0.35,19,5.052631578947368,96.0,5.0,95.0,0.05263157894736814,1.0
qwen25_15b,188,msc_valid,12,recency_keep_compress_drop,0.35,19,5.078947368421052,96.5,5.0,95.0,0.07894736842105221,1.5
qwen25_15b,188,msc_valid,12,uniform,0.5,19,5.0,95.0,5.0,95.0,0.0,0.0
qwen25_15b,188,msc_valid,12,longllmlingua,0.5,19,5.0,95.0,5.0,95.0,0.0,0.0
qwen25_15b,188,msc_valid,12,recency,0.5,19,5.157894736842105,98.0,5.0,95.0,0.1578947368421053,3.0
qwen25_15b,188,msc_valid,12,lexical_tfidf,0.5,19,5.131578947368421,97.5,5.0,95.0,0.13157894736842124,2.5
qwen25_15b,188,msc_valid,12,recency_keep_compress_drop,0.5,19,5.052631578947368,96.0,5.0,95.0,0.05263157894736814,1.0
qwen25_15b,209,msc_valid,4,uniform,0.2,11,5.2727272727272725,58.0,4.5227272727272725,49.75,0.75,8.25
qwen25_15b,209,msc_valid,4,longllmlingua,0.2,11,3.7954545454545454,41.75,4.5227272727272725,49.75,-0.7272727272727271,-8.0
qwen25_15b,209,msc_valid,4,recency,0.2,11,5.2727272727272725,58.0,4.5227272727272725,49.75,0.75,8.25
qwen25_15b,209,msc_valid,4,lexical_tfidf,0.2,11,5.2727272727272725,58.0,4.5227272727272725,49.75,0.75,8.25
qwen25_15b,209,msc_valid,4,recency_keep_compress_drop,0.2,11,5.2727272727272725,58.0,4.5227272727272725,49.75,0.75,8.25
qwen25_15b,209,msc_valid,4,uniform,0.35,11,4.886363636363637,53.75,4.5227272727272725,49.75,0.3636363636363642,4.0
qwen25_15b,209,msc_valid,4,longllmlingua,0.35,11,4.0227272727272725,44.25,4.5227272727272725,49.75,-0.5,-5.5
qwen25_15b,209,msc_valid,4,recency,0.35,11,4.886363636363637,53.75,4.5227272727272725,49.75,0.3636363636363642,4.0
qwen25_15b,209,msc_valid,4,lexical_tfidf,0.35,11,4.886363636363637,53.75,4.5227272727272725,49.75,0.3636363636363642,4.0
qwen25_15b,209,msc_valid,4,recency_keep_compress_drop,0.35,11,4.886363636363637,53.75,4.5227272727272725,49.75,0.3636363636363642,4.0
qwen25_15b,209,msc_valid,4,uniform,0.5,11,4.886363636363637,53.75,4.5227272727272725,49.75,0.3636363636363642,4.0
qwen25_15b,209,msc_valid,4,longllmlingua,0.5,11,3.977272727272727,43.75,4.5227272727272725,49.75,-0.5454545454545454,-6.0
qwen25_15b,209,msc_valid,4,recency,0.5,11,4.886363636363637,53.75,4.5227272727272725,49.75,0.3636363636363642,4.0
qwen25_15b,209,msc_valid,4,lexical_tfidf,0.5,11,4.886363636363637,53.75,4.5227272727272725,49.75,0.3636363636363642,4.0
qwen25_15b,209,msc_valid,4,recency_keep_compress_drop,0.5,11,4.886363636363637,53.75,4.5227272727272725,49.75,0.3636363636363642,4.0
qwen25_15b,209,msc_valid,6,uniform,0.2,10,3.1875,31.875,3.05,30.5,0.13750000000000018,1.375
qwen25_15b,209,msc_valid,6,longllmlingua,0.2,10,2.675,26.75,3.05,30.5,-0.375,-3.75
qwen25_15b,209,msc_valid,6,recency,0.2,10,2.925,29.25,3.05,30.5,-0.125,-1.25
qwen25_15b,209,msc_valid,6,lexical_tfidf,0.2,10,3.1875,31.875,3.05,30.5,0.13750000000000018,1.375
qwen25_15b,209,msc_valid,6,recency_keep_compress_drop,0.2,10,3.1875,31.875,3.05,30.5,0.13750000000000018,1.375
qwen25_15b,209,msc_valid,6,uniform,0.35,10,3.0125,30.125,3.05,30.5,-0.037499999999999645,-0.375
qwen25_15b,209,msc_valid,6,longllmlingua,0.35,10,2.575,25.75,3.05,30.5,-0.47499999999999964,-4.75
qwen25_15b,209,msc_valid,6,recency,0.35,10,3.15,31.5,3.05,30.5,0.10000000000000009,1.0
qwen25_15b,209,msc_valid,6,lexical_tfidf,0.35,10,3.0125,30.125,3.05,30.5,-0.037499999999999645,-0.375
qwen25_15b,209,msc_valid,6,recency_keep_compress_drop,0.35,10,3.15,31.5,3.05,30.5,0.10000000000000009,1.0
qwen25_15b,209,msc_valid,6,uniform,0.5,10,2.9875,29.875,3.05,30.5,-0.0625,-0.625
qwen25_15b,209,msc_valid,6,longllmlingua,0.5,10,2.525,25.25,3.05,30.5,-0.5249999999999999,-5.25
qwen25_15b,209,msc_valid,6,recency,0.5,10,2.975,29.75,3.05,30.5,-0.07499999999999973,-0.75
qwen25_15b,209,msc_valid,6,lexical_tfidf,0.5,10,3.0125,30.125,3.05,30.5,-0.037499999999999645,-0.375
qwen25_15b,209,msc_valid,6,recency_keep_compress_drop,0.5,10,3.175,31.75,3.05,30.5,0.125,1.25
qwen25_15b,209,msc_valid,8,uniform,0.2,15,2.7333333333333334,41.0,2.55,38.25,0.18333333333333357,2.75
qwen25_15b,209,msc_valid,8,longllmlingua,0.2,15,2.3,34.5,2.55,38.25,-0.25,-3.75
qwen25_15b,209,msc_valid,8,recency,0.2,15,2.7,40.5,2.55,38.25,0.15000000000000036,2.25
qwen25_15b,209,msc_valid,8,lexical_tfidf,0.2,15,2.7333333333333334,41.0,2.55,38.25,0.18333333333333357,2.75
qwen25_15b,209,msc_valid,8,recency_keep_compress_drop,0.2,15,2.7,40.5,2.55,38.25,0.15000000000000036,2.25
qwen25_15b,209,msc_valid,8,uniform,0.35,15,2.75,41.25,2.55,38.25,0.20000000000000018,3.0
qwen25_15b,209,msc_valid,8,longllmlingua,0.35,15,2.433333333333333,36.5,2.55,38.25,-0.1166666666666667,-1.75
qwen25_15b,209,msc_valid,8,recency,0.35,15,2.75,41.25,2.55,38.25,0.20000000000000018,3.0
qwen25_15b,209,msc_valid,8,lexical_tfidf,0.35,15,2.6333333333333333,39.5,2.55,38.25,0.08333333333333348,1.25
qwen25_15b,209,msc_valid,8,recency_keep_compress_drop,0.35,15,2.6166666666666667,39.25,2.55,38.25,0.06666666666666687,1.0
qwen25_15b,209,msc_valid,8,uniform,0.5,15,2.8,42.0,2.55,38.25,0.25,3.75
qwen25_15b,209,msc_valid,8,longllmlingua,0.5,15,2.3666666666666667,35.5,2.55,38.25,-0.18333333333333313,-2.75
qwen25_15b,209,msc_valid,8,recency,0.5,15,2.683333333333333,40.25,2.55,38.25,0.1333333333333333,2.0
qwen25_15b,209,msc_valid,8,lexical_tfidf,0.5,15,2.4833333333333334,37.25,2.55,38.25,-0.06666666666666643,-1.0
qwen25_15b,209,msc_valid,8,recency_keep_compress_drop,0.5,15,2.6666666666666665,40.0,2.55,38.25,0.1166666666666667,1.75
qwen25_15b,209,msc_valid,10,uniform,0.2,12,3.625,43.5,3.5,42.0,0.125,1.5
qwen25_15b,209,msc_valid,10,longllmlingua,0.2,12,3.6666666666666665,44.0,3.5,42.0,0.16666666666666652,2.0
qwen25_15b,209,msc_valid,10,recency,0.2,12,4.375,52.5,3.5,42.0,0.875,10.5
qwen25_15b,209,msc_valid,10,lexical_tfidf,0.2,12,3.5208333333333335,42.25,3.5,42.0,0.02083333333333348,0.25
qwen25_15b,209,msc_valid,10,recency_keep_compress_drop,0.2,12,3.9375,47.25,3.5,42.0,0.4375,5.25
qwen25_15b,209,msc_valid,10,uniform,0.35,12,3.5208333333333335,42.25,3.5,42.0,0.02083333333333348,0.25
qwen25_15b,209,msc_valid,10,longllmlingua,0.35,12,3.625,43.5,3.5,42.0,0.125,1.5
qwen25_15b,209,msc_valid,10,recency,0.35,12,4.104166666666667,49.25,3.5,42.0,0.604166666666667,7.25
qwen25_15b,209,msc_valid,10,lexical_tfidf,0.35,12,3.9375,47.25,3.5,42.0,0.4375,5.25
qwen25_15b,209,msc_valid,10,recency_keep_compress_drop,0.35,12,3.7291666666666665,44.75,3.5,42.0,0.22916666666666652,2.75
qwen25_15b,209,msc_valid,10,uniform,0.5,12,3.4791666666666665,41.75,3.5,42.0,-0.02083333333333348,-0.25
qwen25_15b,209,msc_valid,10,longllmlingua,0.5,12,3.8125,45.75,3.5,42.0,0.3125,3.75
qwen25_15b,209,msc_valid,10,recency,0.5,12,4.166666666666667,50.0,3.5,42.0,0.666666666666667,8.0
qwen25_15b,209,msc_valid,10,lexical_tfidf,0.5,12,3.9583333333333335,47.5,3.5,42.0,0.4583333333333335,5.5
qwen25_15b,209,msc_valid,10,recency_keep_compress_drop,0.5,12,3.5625,42.75,3.5,42.0,0.0625,0.75
qwen25_15b,209,msc_valid,12,uniform,0.2,9,5.055555555555555,45.5,3.8055555555555554,34.25,1.25,11.25
qwen25_15b,209,msc_valid,12,longllmlingua,0.2,9,4.638888888888889,41.75,3.8055555555555554,34.25,0.8333333333333339,7.5
qwen25_15b,209,msc_valid,12,recency,0.2,9,4.694444444444445,42.25,3.8055555555555554,34.25,0.8888888888888893,8.0
qwen25_15b,209,msc_valid,12,lexical_tfidf,0.2,9,5.111111111111111,46.0,3.8055555555555554,34.25,1.3055555555555554,11.75
qwen25_15b,209,msc_valid,12,recency_keep_compress_drop,0.2,9,4.583333333333333,41.25,3.8055555555555554,34.25,0.7777777777777777,7.0
qwen25_15b,209,msc_valid,12,uniform,0.35,9,4.777777777777778,43.0,3.8055555555555554,34.25,0.9722222222222223,8.75
qwen25_15b,209,msc_valid,12,longllmlingua,0.35,9,4.555555555555555,41.0,3.8055555555555554,34.25,0.75,6.75
qwen25_15b,209,msc_valid,12,recency,0.35,9,4.583333333333333,41.25,3.8055555555555554,34.25,0.7777777777777777,7.0
qwen25_15b,209,msc_valid,12,lexical_tfidf,0.35,9,4.361111111111111,39.25,3.8055555555555554,34.25,0.5555555555555554,5.0
qwen25_15b,209,msc_valid,12,recency_keep_compress_drop,0.35,9,4.055555555555555,36.5,3.8055555555555554,34.25,0.25,2.25
qwen25_15b,209,msc_valid,12,uniform,0.5,9,4.694444444444445,42.25,3.8055555555555554,34.25,0.8888888888888893,8.0
qwen25_15b,209,msc_valid,12,longllmlingua,0.5,9,4.472222222222222,40.25,3.8055555555555554,34.25,0.666666666666667,6.0
qwen25_15b,209,msc_valid,12,recency,0.5,9,4.111111111111111,37.0,3.8055555555555554,34.25,0.30555555555555536,2.75
qwen25_15b,209,msc_valid,12,lexical_tfidf,0.5,9,4.027777777777778,36.25,3.8055555555555554,34.25,0.22222222222222232,2.0
qwen25_15b,209,msc_valid,12,recency_keep_compress_drop,0.5,9,4.138888888888889,37.25,3.8055555555555554,34.25,0.3333333333333339,3.0
qwen25_15b,209,msc_valid,14,uniform,0.2,11,2.5113636363636362,27.625,2.3181818181818183,25.5,0.1931818181818179,2.125
qwen25_15b,209,msc_valid,14,longllmlingua,0.2,11,2.125,23.375,2.3181818181818183,25.5,-0.19318181818181834,-2.125
qwen25_15b,209,msc_valid,14,recency,0.2,11,2.2613636363636362,24.875,2.3181818181818183,25.5,-0.0568181818181821,-0.625
qwen25_15b,209,msc_valid,14,lexical_tfidf,0.2,11,2.3181818181818183,25.5,2.3181818181818183,25.5,0.0,0.0
qwen25_15b,209,msc_valid,14,recency_keep_compress_drop,0.2,11,2.5,27.5,2.3181818181818183,25.5,0.18181818181818166,2.0
qwen25_15b,209,msc_valid,14,uniform,0.35,11,2.352272727272727,25.875,2.3181818181818183,25.5,0.03409090909090873,0.375
qwen25_15b,209,msc_valid,14,longllmlingua,0.35,11,2.2045454545454546,24.25,2.3181818181818183,25.5,-0.11363636363636376,-1.25
qwen25_15b,209,msc_valid,14,recency,0.35,11,2.3295454545454546,25.625,2.3181818181818183,25.5,0.011363636363636243,0.125
qwen25_15b,209,msc_valid,14,lexical_tfidf,0.35,11,2.2045454545454546,24.25,2.3181818181818183,25.5,-0.11363636363636376,-1.25
qwen25_15b,209,msc_valid,14,recency_keep_compress_drop,0.35,11,2.159090909090909,23.75,2.3181818181818183,25.5,-0.15909090909090917,-1.75
qwen25_15b,209,msc_valid,14,uniform,0.5,11,2.3295454545454546,25.625,2.3181818181818183,25.5,0.011363636363636243,0.125
qwen25_15b,209,msc_valid,14,longllmlingua,0.5,11,2.1931818181818183,24.125,2.3181818181818183,25.5,-0.125,-1.375
qwen25_15b,209,msc_valid,14,recency,0.5,11,2.534090909090909,27.875,2.3181818181818183,25.5,0.21590909090909083,2.375
qwen25_15b,209,msc_valid,14,lexical_tfidf,0.5,11,2.227272727272727,24.5,2.3181818181818183,25.5,-0.09090909090909127,-1.0
qwen25_15b,209,msc_valid,14,recency_keep_compress_drop,0.5,11,2.2045454545454546,24.25,2.3181818181818183,25.5,-0.11363636363636376,-1.25
qwen25_15b,210,msc_valid,4,uniform,0.2,14,2.982142857142857,41.75,2.642857142857143,37.0,0.3392857142857144,4.75
qwen25_15b,210,msc_valid,4,longllmlingua,0.2,14,2.5892857142857144,36.25,2.642857142857143,37.0,-0.05357142857142838,-0.75
qwen25_15b,210,msc_valid,4,recency,0.2,14,2.982142857142857,41.75,2.642857142857143,37.0,0.3392857142857144,4.75
qwen25_15b,210,msc_valid,4,lexical_tfidf,0.2,14,2.982142857142857,41.75,2.642857142857143,37.0,0.3392857142857144,4.75
qwen25_15b,210,msc_valid,4,recency_keep_compress_drop,0.2,14,2.982142857142857,41.75,2.642857142857143,37.0,0.3392857142857144,4.75
qwen25_15b,210,msc_valid,4,uniform,0.35,14,3.0357142857142856,42.5,2.642857142857143,37.0,0.3928571428571428,5.5
qwen25_15b,210,msc_valid,4,longllmlingua,0.35,14,2.5535714285714284,35.75,2.642857142857143,37.0,-0.08928571428571441,-1.25
qwen25_15b,210,msc_valid,4,recency,0.35,14,3.0357142857142856,42.5,2.642857142857143,37.0,0.3928571428571428,5.5
qwen25_15b,210,msc_valid,4,lexical_tfidf,0.35,14,3.0357142857142856,42.5,2.642857142857143,37.0,0.3928571428571428,5.5
qwen25_15b,210,msc_valid,4,recency_keep_compress_drop,0.35,14,3.0357142857142856,42.5,2.642857142857143,37.0,0.3928571428571428,5.5
qwen25_15b,210,msc_valid,4,uniform,0.5,14,3.0357142857142856,42.5,2.642857142857143,37.0,0.3928571428571428,5.5
qwen25_15b,210,msc_valid,4,longllmlingua,0.5,14,2.5357142857142856,35.5,2.642857142857143,37.0,-0.1071428571428572,-1.5
qwen25_15b,210,msc_valid,4,recency,0.5,14,3.0357142857142856,42.5,2.642857142857143,37.0,0.3928571428571428,5.5
qwen25_15b,210,msc_valid,4,lexical_tfidf,0.5,14,3.0357142857142856,42.5,2.642857142857143,37.0,0.3928571428571428,5.5
qwen25_15b,210,msc_valid,4,recency_keep_compress_drop,0.5,14,3.0357142857142856,42.5,2.642857142857143,37.0,0.3928571428571428,5.5
qwen25_15b,210,msc_valid,6,uniform,0.2,12,2.9583333333333335,35.5,2.8541666666666665,34.25,0.10416666666666696,1.25
qwen25_15b,210,msc_valid,6,longllmlingua,0.2,12,2.4895833333333335,29.875,2.8541666666666665,34.25,-0.36458333333333304,-4.375
qwen25_15b,210,msc_valid,6,recency,0.2,12,3.0833333333333335,37.0,2.8541666666666665,34.25,0.22916666666666696,2.75
qwen25_15b,210,msc_valid,6,lexical_tfidf,0.2,12,2.9583333333333335,35.5,2.8541666666666665,34.25,0.10416666666666696,1.25
qwen25_15b,210,msc_valid,6,recency_keep_compress_drop,0.2,12,2.9583333333333335,35.5,2.8541666666666665,34.25,0.10416666666666696,1.25
qwen25_15b,210,msc_valid,6,uniform,0.35,12,2.9583333333333335,35.5,2.8541666666666665,34.25,0.10416666666666696,1.25
qwen25_15b,210,msc_valid,6,longllmlingua,0.35,12,2.3229166666666665,27.875,2.8541666666666665,34.25,-0.53125,-6.375
qwen25_15b,210,msc_valid,6,recency,0.35,12,3.0625,36.75,2.8541666666666665,34.25,0.20833333333333348,2.5
qwen25_15b,210,msc_valid,6,lexical_tfidf,0.35,12,2.9583333333333335,35.5,2.8541666666666665,34.25,0.10416666666666696,1.25
qwen25_15b,210,msc_valid,6,recency_keep_compress_drop,0.35,12,3.0625,36.75,2.8541666666666665,34.25,0.20833333333333348,2.5
qwen25_15b,210,msc_valid,6,uniform,0.5,12,3.0,36.0,2.8541666666666665,34.25,0.14583333333333348,1.75
qwen25_15b,210,msc_valid,6,longllmlingua,0.5,12,2.4895833333333335,29.875,2.8541666666666665,34.25,-0.36458333333333304,-4.375
qwen25_15b,210,msc_valid,6,recency,0.5,12,3.125,37.5,2.8541666666666665,34.25,0.2708333333333335,3.25
qwen25_15b,210,msc_valid,6,lexical_tfidf,0.5,12,3.0,36.0,2.8541666666666665,34.25,0.14583333333333348,1.75
qwen25_15b,210,msc_valid,6,recency_keep_compress_drop,0.5,12,3.0416666666666665,36.5,2.8541666666666665,34.25,0.1875,2.25
qwen25_15b,210,msc_valid,8,uniform,0.2,17,5.0,85.0,4.264705882352941,72.5,0.7352941176470589,12.5
qwen25_15b,210,msc_valid,8,longllmlingua,0.2,17,4.705882352941177,80.0,4.264705882352941,72.5,0.4411764705882355,7.5
qwen25_15b,210,msc_valid,8,recency,0.2,17,4.9411764705882355,84.0,4.264705882352941,72.5,0.6764705882352944,11.5
qwen25_15b,210,msc_valid,8,lexical_tfidf,0.2,17,4.9411764705882355,84.0,4.264705882352941,72.5,0.6764705882352944,11.5
qwen25_15b,210,msc_valid,8,recency_keep_compress_drop,0.2,17,4.823529411764706,82.0,4.264705882352941,72.5,0.5588235294117645,9.5
qwen25_15b,210,msc_valid,8,uniform,0.35,17,4.852941176470588,82.5,4.264705882352941,72.5,0.5882352941176467,10.0
qwen25_15b,210,msc_valid,8,longllmlingua,0.35,17,4.382352941176471,74.5,4.264705882352941,72.5,0.11764705882352988,2.0
qwen25_15b,210,msc_valid,8,recency,0.35,17,4.823529411764706,82.0,4.264705882352941,72.5,0.5588235294117645,9.5
qwen25_15b,210,msc_valid,8,lexical_tfidf,0.35,17,4.9411764705882355,84.0,4.264705882352941,72.5,0.6764705882352944,11.5
qwen25_15b,210,msc_valid,8,recency_keep_compress_drop,0.35,17,4.823529411764706,82.0,4.264705882352941,72.5,0.5588235294117645,9.5
qwen25_15b,210,msc_valid,8,uniform,0.5,17,4.676470588235294,79.5,4.264705882352941,72.5,0.41176470588235325,7.0
qwen25_15b,210,msc_valid,8,longllmlingua,0.5,17,4.382352941176471,74.5,4.264705882352941,72.5,0.11764705882352988,2.0
qwen25_15b,210,msc_valid,8,recency,0.5,17,4.705882352941177,80.0,4.264705882352941,72.5,0.4411764705882355,7.5
qwen25_15b,210,msc_valid,8,lexical_tfidf,0.5,17,4.911764705882353,83.5,4.264705882352941,72.5,0.6470588235294121,11.0
qwen25_15b,210,msc_valid,8,recency_keep_compress_drop,0.5,17,4.764705882352941,81.0,4.264705882352941,72.5,0.5,8.5
qwen25_15b,210,msc_valid,10,uniform,0.2,13,2.730769230769231,35.5,2.2211538461538463,28.875,0.5096153846153846,6.625
qwen25_15b,210,msc_valid,10,longllmlingua,0.2,13,2.6923076923076925,35.0,2.2211538461538463,28.875,0.47115384615384626,6.125
qwen25_15b,210,msc_valid,10,recency,0.2,13,2.6153846153846154,34.0,2.2211538461538463,28.875,0.39423076923076916,5.125
qwen25_15b,210,msc_valid,10,lexical_tfidf,0.2,13,2.7115384615384617,35.25,2.2211538461538463,28.875,0.4903846153846154,6.375
qwen25_15b,210,msc_valid,10,recency_keep_compress_drop,0.2,13,2.6153846153846154,34.0,2.2211538461538463,28.875,0.39423076923076916,5.125
qwen25_15b,210,msc_valid,10,uniform,0.35,13,2.6538461538461537,34.5,2.2211538461538463,28.875,0.4326923076923075,5.625
qwen25_15b,210,msc_valid,10,longllmlingua,0.35,13,2.5576923076923075,33.25,2.2211538461538463,28.875,0.33653846153846123,4.375
qwen25_15b,210,msc_valid,10,recency,0.35,13,2.576923076923077,33.5,2.2211538461538463,28.875,0.35576923076923084,4.625
qwen25_15b,210,msc_valid,10,lexical_tfidf,0.35,13,2.5384615384615383,33.0,2.2211538461538463,28.875,0.31730769230769207,4.125
qwen25_15b,210,msc_valid,10,recency_keep_compress_drop,0.35,13,2.5576923076923075,33.25,2.2211538461538463,28.875,0.33653846153846123,4.375
qwen25_15b,210,msc_valid,10,uniform,0.5,13,2.6346153846153846,34.25,2.2211538461538463,28.875,0.4134615384615383,5.375
qwen25_15b,210,msc_valid,10,longllmlingua,0.5,13,2.5384615384615383,33.0,2.2211538461538463,28.875,0.31730769230769207,4.125
qwen25_15b,210,msc_valid,10,recency,0.5,13,2.4615384615384617,32.0,2.2211538461538463,28.875,0.24038461538461542,3.125
qwen25_15b,210,msc_valid,10,lexical_tfidf,0.5,13,2.5384615384615383,33.0,2.2211538461538463,28.875,0.31730769230769207,4.125
qwen25_15b,210,msc_valid,10,recency_keep_compress_drop,0.5,13,2.480769230769231,32.25,2.2211538461538463,28.875,0.2596153846153846,3.375
qwen25_15b,210,msc_valid,12,uniform,0.2,16,2.9375,47.0,2.46875,39.5,0.46875,7.5
qwen25_15b,210,msc_valid,12,longllmlingua,0.2,16,2.59375,41.5,2.46875,39.5,0.125,2.0
qwen25_15b,210,msc_valid,12,recency,0.2,16,2.875,46.0,2.46875,39.5,0.40625,6.5
qwen25_15b,210,msc_valid,12,lexical_tfidf,0.2,16,2.765625,44.25,2.46875,39.5,0.296875,4.75
qwen25_15b,210,msc_valid,12,recency_keep_compress_drop,0.2,16,2.8125,45.0,2.46875,39.5,0.34375,5.5
qwen25_15b,210,msc_valid,12,uniform,0.35,16,2.71875,43.5,2.46875,39.5,0.25,4.0
qwen25_15b,210,msc_valid,12,longllmlingua,0.35,16,2.46875,39.5,2.46875,39.5,0.0,0.0
qwen25_15b,210,msc_valid,12,recency,0.35,16,2.625,42.0,2.46875,39.5,0.15625,2.5
qwen25_15b,210,msc_valid,12,lexical_tfidf,0.35,16,2.671875,42.75,2.46875,39.5,0.203125,3.25
qwen25_15b,210,msc_valid,12,recency_keep_compress_drop,0.35,16,2.734375,43.75,2.46875,39.5,0.265625,4.25
qwen25_15b,210,msc_valid,12,uniform,0.5,16,2.828125,45.25,2.46875,39.5,0.359375,5.75
qwen25_15b,210,msc_valid,12,longllmlingua,0.5,16,2.34375,37.5,2.46875,39.5,-0.125,-2.0
qwen25_15b,210,msc_valid,12,recency,0.5,16,2.59375,41.5,2.46875,39.5,0.125,2.0
qwen25_15b,210,msc_valid,12,lexical_tfidf,0.5,16,2.640625,42.25,2.46875,39.5,0.171875,2.75
qwen25_15b,210,msc_valid,12,recency_keep_compress_drop,0.5,16,2.59375,41.5,2.46875,39.5,0.125,2.0
qwen25_15b,210,msc_valid,14,uniform,0.2,15,3.7666666666666666,56.5,3.566666666666667,53.5,0.19999999999999973,3.0
qwen25_15b,210,msc_valid,14,longllmlingua,0.2,15,3.6166666666666667,54.25,3.566666666666667,53.5,0.04999999999999982,0.75
qwen25_15b,210,msc_valid,14,recency,0.2,15,3.6333333333333333,54.5,3.566666666666667,53.5,0.06666666666666643,1.0
qwen25_15b,210,msc_valid,14,lexical_tfidf,0.2,15,3.55,53.25,3.566666666666667,53.5,-0.01666666666666705,-0.25
qwen25_15b,210,msc_valid,14,recency_keep_compress_drop,0.2,15,3.716666666666667,55.75,3.566666666666667,53.5,0.1499999999999999,2.25
qwen25_15b,210,msc_valid,14,uniform,0.35,15,3.3333333333333335,50.0,3.566666666666667,53.5,-0.2333333333333334,-3.5
qwen25_15b,210,msc_valid,14,longllmlingua,0.35,15,3.716666666666667,55.75,3.566666666666667,53.5,0.1499999999999999,2.25
qwen25_15b,210,msc_valid,14,recency,0.35,15,3.466666666666667,52.0,3.566666666666667,53.5,-0.10000000000000009,-1.5
qwen25_15b,210,msc_valid,14,lexical_tfidf,0.35,15,3.683333333333333,55.25,3.566666666666667,53.5,0.11666666666666625,1.75
qwen25_15b,210,msc_valid,14,recency_keep_compress_drop,0.35,15,3.466666666666667,52.0,3.566666666666667,53.5,-0.10000000000000009,-1.5
qwen25_15b,210,msc_valid,14,uniform,0.5,15,3.3,49.5,3.566666666666667,53.5,-0.26666666666666705,-4.0
qwen25_15b,210,msc_valid,14,longllmlingua,0.5,15,3.75,56.25,3.566666666666667,53.5,0.18333333333333313,2.75
qwen25_15b,210,msc_valid,14,recency,0.5,15,3.716666666666667,55.75,3.566666666666667,53.5,0.1499999999999999,2.25
qwen25_15b,210,msc_valid,14,lexical_tfidf,0.5,15,3.55,53.25,3.566666666666667,53.5,-0.01666666666666705,-0.25
qwen25_15b,210,msc_valid,14,recency_keep_compress_drop,0.5,15,3.5166666666666666,52.75,3.566666666666667,53.5,-0.050000000000000266,-0.75
qwen25_15b,210,msc_valid,16,uniform,0.2,17,3.176470588235294,54.0,2.676470588235294,45.5,0.5,8.5
qwen25_15b,210,msc_valid,16,longllmlingua,0.2,17,2.7794117647058822,47.25,2.676470588235294,45.5,0.10294117647058831,1.75
qwen25_15b,210,msc_valid,16,recency,0.2,17,3.2794117647058822,55.75,2.676470588235294,45.5,0.6029411764705883,10.25
qwen25_15b,210,msc_valid,16,lexical_tfidf,0.2,17,3.25,55.25,2.676470588235294,45.5,0.5735294117647061,9.75
qwen25_15b,210,msc_valid,16,recency_keep_compress_drop,0.2,17,3.2941176470588234,56.0,2.676470588235294,45.5,0.6176470588235294,10.5
qwen25_15b,210,msc_valid,16,uniform,0.35,17,3.1029411764705883,52.75,2.676470588235294,45.5,0.4264705882352944,7.25
qwen25_15b,210,msc_valid,16,longllmlingua,0.35,17,2.588235294117647,44.0,2.676470588235294,45.5,-0.08823529411764675,-1.5
qwen25_15b,210,msc_valid,16,recency,0.35,17,3.3088235294117645,56.25,2.676470588235294,45.5,0.6323529411764706,10.75
qwen25_15b,210,msc_valid,16,lexical_tfidf,0.35,17,3.161764705882353,53.75,2.676470588235294,45.5,0.4852941176470589,8.25
qwen25_15b,210,msc_valid,16,recency_keep_compress_drop,0.35,17,3.2058823529411766,54.5,2.676470588235294,45.5,0.5294117647058827,9.0
qwen25_15b,210,msc_valid,16,uniform,0.5,17,2.911764705882353,49.5,2.676470588235294,45.5,0.23529411764705888,4.0
qwen25_15b,210,msc_valid,16,longllmlingua,0.5,17,2.4411764705882355,41.5,2.676470588235294,45.5,-0.23529411764705843,-4.0
qwen25_15b,210,msc_valid,16,recency,0.5,17,3.1029411764705883,52.75,2.676470588235294,45.5,0.4264705882352944,7.25
qwen25_15b,210,msc_valid,16,lexical_tfidf,0.5,17,3.1323529411764706,53.25,2.676470588235294,45.5,0.4558823529411766,7.75
qwen25_15b,210,msc_valid,16,recency_keep_compress_drop,0.5,17,2.8529411764705883,48.5,2.676470588235294,45.5,0.17647058823529438,3.0
qwen25_15b,210,msc_valid,18,uniform,0.2,11,3.75,41.25,2.397727272727273,26.375,1.352272727272727,14.875
qwen25_15b,210,msc_valid,18,longllmlingua,0.2,11,3.0454545454545454,33.5,2.397727272727273,26.375,0.6477272727272725,7.125
qwen25_15b,210,msc_valid,18,recency,0.2,11,3.590909090909091,39.5,2.397727272727273,26.375,1.193181818181818,13.125
qwen25_15b,210,msc_valid,18,lexical_tfidf,0.2,11,3.8863636363636362,42.75,2.397727272727273,26.375,1.4886363636363633,16.375
qwen25_15b,210,msc_valid,18,recency_keep_compress_drop,0.2,11,3.590909090909091,39.5,2.397727272727273,26.375,1.193181818181818,13.125
qwen25_15b,210,msc_valid,18,uniform,0.35,11,2.8295454545454546,31.125,2.397727272727273,26.375,0.43181818181818166,4.75
qwen25_15b,210,msc_valid,18,longllmlingua,0.35,11,3.090909090909091,34.0,2.397727272727273,26.375,0.6931818181818179,7.625
qwen25_15b,210,msc_valid,18,recency,0.35,11,3.6363636363636362,40.0,2.397727272727273,26.375,1.2386363636363633,13.625
qwen25_15b,210,msc_valid,18,lexical_tfidf,0.35,11,2.8181818181818183,31.0,2.397727272727273,26.375,0.4204545454545454,4.625
qwen25_15b,210,msc_valid,18,recency_keep_compress_drop,0.35,11,3.590909090909091,39.5,2.397727272727273,26.375,1.193181818181818,13.125
qwen25_15b,210,msc_valid,18,uniform,0.5,11,2.715909090909091,29.875,2.397727272727273,26.375,0.3181818181818179,3.5
qwen25_15b,210,msc_valid,18,longllmlingua,0.5,11,2.852272727272727,31.375,2.397727272727273,26.375,0.45454545454545414,5.0
qwen25_15b,210,msc_valid,18,recency,0.5,11,3.522727272727273,38.75,2.397727272727273,26.375,1.125,12.375
qwen25_15b,210,msc_valid,18,lexical_tfidf,0.5,11,2.7386363636363638,30.125,2.397727272727273,26.375,0.34090909090909083,3.75
qwen25_15b,210,msc_valid,18,recency_keep_compress_drop,0.5,11,2.8181818181818183,31.0,2.397727272727273,26.375,0.4204545454545454,4.625
qwen25_15b,269,msc_valid,4,uniform,0.2,16,3.171875,50.75,2.71875,43.5,0.453125,7.25
qwen25_15b,269,msc_valid,4,longllmlingua,0.2,16,2.421875,38.75,2.71875,43.5,-0.296875,-4.75
qwen25_15b,269,msc_valid,4,recency,0.2,16,3.171875,50.75,2.71875,43.5,0.453125,7.25
qwen25_15b,269,msc_valid,4,lexical_tfidf,0.2,16,3.171875,50.75,2.71875,43.5,0.453125,7.25
qwen25_15b,269,msc_valid,4,recency_keep_compress_drop,0.2,16,3.171875,50.75,2.71875,43.5,0.453125,7.25
qwen25_15b,269,msc_valid,4,uniform,0.35,16,2.9375,47.0,2.71875,43.5,0.21875,3.5
qwen25_15b,269,msc_valid,4,longllmlingua,0.35,16,2.515625,40.25,2.71875,43.5,-0.203125,-3.25
qwen25_15b,269,msc_valid,4,recency,0.35,16,2.9375,47.0,2.71875,43.5,0.21875,3.5
qwen25_15b,269,msc_valid,4,lexical_tfidf,0.35,16,2.9375,47.0,2.71875,43.5,0.21875,3.5
qwen25_15b,269,msc_valid,4,recency_keep_compress_drop,0.35,16,2.9375,47.0,2.71875,43.5,0.21875,3.5
qwen25_15b,269,msc_valid,4,uniform,0.5,16,2.9375,47.0,2.71875,43.5,0.21875,3.5
qwen25_15b,269,msc_valid,4,longllmlingua,0.5,16,2.625,42.0,2.71875,43.5,-0.09375,-1.5
qwen25_15b,269,msc_valid,4,recency,0.5,16,2.9375,47.0,2.71875,43.5,0.21875,3.5
qwen25_15b,269,msc_valid,4,lexical_tfidf,0.5,16,2.9375,47.0,2.71875,43.5,0.21875,3.5
qwen25_15b,269,msc_valid,4,recency_keep_compress_drop,0.5,16,2.9375,47.0,2.71875,43.5,0.21875,3.5
qwen25_15b,269,msc_valid,8,uniform,0.2,15,3.466666666666667,52.0,2.7333333333333334,41.0,0.7333333333333334,11.0
qwen25_15b,269,msc_valid,8,longllmlingua,0.2,15,3.066666666666667,46.0,2.7333333333333334,41.0,0.3333333333333335,5.0
qwen25_15b,269,msc_valid,8,recency,0.2,15,3.533333333333333,53.0,2.7333333333333334,41.0,0.7999999999999998,12.0
qwen25_15b,269,msc_valid,8,lexical_tfidf,0.2,15,3.533333333333333,53.0,2.7333333333333334,41.0,0.7999999999999998,12.0
qwen25_15b,269,msc_valid,8,recency_keep_compress_drop,0.2,15,3.533333333333333,53.0,2.7333333333333334,41.0,0.7999999999999998,12.0
qwen25_15b,269,msc_valid,8,uniform,0.35,15,3.8833333333333333,58.25,2.7333333333333334,41.0,1.15,17.25
qwen25_15b,269,msc_valid,8,longllmlingua,0.35,15,3.35,50.25,2.7333333333333334,41.0,0.6166666666666667,9.25
qwen25_15b,269,msc_valid,8,recency,0.35,15,3.5,52.5,2.7333333333333334,41.0,0.7666666666666666,11.5
qwen25_15b,269,msc_valid,8,lexical_tfidf,0.35,15,2.7666666666666666,41.5,2.7333333333333334,41.0,0.033333333333333215,0.5
qwen25_15b,269,msc_valid,8,recency_keep_compress_drop,0.35,15,3.3333333333333335,50.0,2.7333333333333334,41.0,0.6000000000000001,9.0
qwen25_15b,269,msc_valid,8,uniform,0.5,15,3.683333333333333,55.25,2.7333333333333334,41.0,0.9499999999999997,14.25
qwen25_15b,269,msc_valid,8,longllmlingua,0.5,15,3.1666666666666665,47.5,2.7333333333333334,41.0,0.4333333333333331,6.5
qwen25_15b,269,msc_valid,8,recency,0.5,15,3.35,50.25,2.7333333333333334,41.0,0.6166666666666667,9.25
qwen25_15b,269,msc_valid,8,lexical_tfidf,0.5,15,2.683333333333333,40.25,2.7333333333333334,41.0,-0.050000000000000266,-0.75
qwen25_15b,269,msc_valid,8,recency_keep_compress_drop,0.5,15,2.8333333333333335,42.5,2.7333333333333334,41.0,0.10000000000000009,1.5
qwen25_15b,269,msc_valid,12,uniform,0.2,9,4.222222222222222,38.0,3.5416666666666665,31.875,0.6805555555555558,6.125
qwen25_15b,269,msc_valid,12,longllmlingua,0.2,9,4.0,36.0,3.5416666666666665,31.875,0.4583333333333335,4.125
qwen25_15b,269,msc_valid,12,recency,0.2,9,4.0,36.0,3.5416666666666665,31.875,0.4583333333333335,4.125
qwen25_15b,269,msc_valid,12,lexical_tfidf,0.2,9,4.222222222222222,38.0,3.5416666666666665,31.875,0.6805555555555558,6.125
qwen25_15b,269,msc_valid,12,recency_keep_compress_drop,0.2,9,4.0,36.0,3.5416666666666665,31.875,0.4583333333333335,4.125
qwen25_15b,269,msc_valid,12,uniform,0.35,9,3.9722222222222223,35.75,3.5416666666666665,31.875,0.4305555555555558,3.875
qwen25_15b,269,msc_valid,12,longllmlingua,0.35,9,3.861111111111111,34.75,3.5416666666666665,31.875,0.31944444444444464,2.875
qwen25_15b,269,msc_valid,12,recency,0.35,9,4.25,38.25,3.5416666666666665,31.875,0.7083333333333335,6.375
qwen25_15b,269,msc_valid,12,lexical_tfidf,0.35,9,4.222222222222222,38.0,3.5416666666666665,31.875,0.6805555555555558,6.125
qwen25_15b,269,msc_valid,12,recency_keep_compress_drop,0.35,9,3.6944444444444446,33.25,3.5416666666666665,31.875,0.15277777777777812,1.375
qwen25_15b,269,msc_valid,12,uniform,0.5,9,3.8333333333333335,34.5,3.5416666666666665,31.875,0.29166666666666696,2.625
qwen25_15b,269,msc_valid,12,longllmlingua,0.5,9,3.861111111111111,34.75,3.5416666666666665,31.875,0.31944444444444464,2.875
qwen25_15b,269,msc_valid,12,recency,0.5,9,4.027777777777778,36.25,3.5416666666666665,31.875,0.48611111111111116,4.375
qwen25_15b,269,msc_valid,12,lexical_tfidf,0.5,9,4.027777777777778,36.25,3.5416666666666665,31.875,0.48611111111111116,4.375
qwen25_15b,269,msc_valid,12,recency_keep_compress_drop,0.5,9,3.513888888888889,31.625,3.5416666666666665,31.875,-0.02777777777777768,-0.25
qwen25_15b,269,msc_valid,16,uniform,0.2,12,2.15625,25.875,1.3854166666666667,16.625,0.7708333333333333,9.25
qwen25_15b,269,msc_valid,16,longllmlingua,0.2,12,1.5625,18.75,1.3854166666666667,16.625,0.17708333333333326,2.125
qwen25_15b,269,msc_valid,16,recency,0.2,12,2.65625,31.875,1.3854166666666667,16.625,1.2708333333333333,15.25
qwen25_15b,269,msc_valid,16,lexical_tfidf,0.2,12,2.28125,27.375,1.3854166666666667,16.625,0.8958333333333333,10.75
qwen25_15b,269,msc_valid,16,recency_keep_compress_drop,0.2,12,2.65625,31.875,1.3854166666666667,16.625,1.2708333333333333,15.25
qwen25_15b,269,msc_valid,16,uniform,0.35,12,1.5,18.0,1.3854166666666667,16.625,0.11458333333333326,1.375
qwen25_15b,269,msc_valid,16,longllmlingua,0.35,12,1.75,21.0,1.3854166666666667,16.625,0.36458333333333326,4.375
qwen25_15b,269,msc_valid,16,recency,0.35,12,2.75,33.0,1.3854166666666667,16.625,1.3645833333333333,16.375
qwen25_15b,269,msc_valid,16,lexical_tfidf,0.35,12,1.9583333333333333,23.5,1.3854166666666667,16.625,0.5729166666666665,6.875
qwen25_15b,269,msc_valid,16,recency_keep_compress_drop,0.35,12,1.8229166666666667,21.875,1.3854166666666667,16.625,0.4375,5.25
qwen25_15b,269,msc_valid,16,uniform,0.5,12,1.4375,17.25,1.3854166666666667,16.625,0.05208333333333326,0.625
qwen25_15b,269,msc_valid,16,longllmlingua,0.5,12,1.71875,20.625,1.3854166666666667,16.625,0.33333333333333326,4.0
qwen25_15b,269,msc_valid,16,recency,0.5,12,2.3645833333333335,28.375,1.3854166666666667,16.625,0.9791666666666667,11.75
qwen25_15b,269,msc_valid,16,lexical_tfidf,0.5,12,1.8125,21.75,1.3854166666666667,16.625,0.42708333333333326,5.125
qwen25_15b,269,msc_valid,16,recency_keep_compress_drop,0.5,12,1.40625,16.875,1.3854166666666667,16.625,0.02083333333333326,0.25
qwen25_15b,269,msc_valid,20,uniform,0.2,23,2.75,63.25,2.7065217391304346,62.25,0.04347826086956541,1.0
qwen25_15b,269,msc_valid,20,longllmlingua,0.2,23,2.7717391304347827,63.75,2.7065217391304346,62.25,0.06521739130434812,1.5
qwen25_15b,269,msc_valid,20,recency,0.2,23,2.6739130434782608,61.5,2.7065217391304346,62.25,-0.032608695652173836,-0.75
qwen25_15b,269,msc_valid,20,lexical_tfidf,0.2,23,2.75,63.25,2.7065217391304346,62.25,0.04347826086956541,1.0
qwen25_15b,269,msc_valid,20,recency_keep_compress_drop,0.2,23,2.8043478260869565,64.5,2.7065217391304346,62.25,0.09782608695652195,2.25
qwen25_15b,269,msc_valid,20,uniform,0.35,23,2.739130434782609,63.0,2.7065217391304346,62.25,0.03260869565217428,0.75
qwen25_15b,269,msc_valid,20,longllmlingua,0.35,23,2.6739130434782608,61.5,2.7065217391304346,62.25,-0.032608695652173836,-0.75
qwen25_15b,269,msc_valid,20,recency,0.35,23,2.8043478260869565,64.5,2.7065217391304346,62.25,0.09782608695652195,2.25
qwen25_15b,269,msc_valid,20,lexical_tfidf,0.35,23,2.6956521739130435,62.0,2.7065217391304346,62.25,-0.01086956521739113,-0.25
qwen25_15b,269,msc_valid,20,recency_keep_compress_drop,0.35,23,2.717391304347826,62.5,2.7065217391304346,62.25,0.010869565217391575,0.25
qwen25_15b,269,msc_valid,20,uniform,0.5,23,2.717391304347826,62.5,2.7065217391304346,62.25,0.010869565217391575,0.25
qwen25_15b,269,msc_valid,20,longllmlingua,0.5,23,2.847826086956522,65.5,2.7065217391304346,62.25,0.14130434782608736,3.25
qwen25_15b,269,msc_valid,20,recency,0.5,23,2.760869565217391,63.5,2.7065217391304346,62.25,0.05434782608695654,1.25
qwen25_15b,269,msc_valid,20,lexical_tfidf,0.5,23,2.7717391304347827,63.75,2.7065217391304346,62.25,0.06521739130434812,1.5
qwen25_15b,269,msc_valid,20,recency_keep_compress_drop,0.5,23,2.7282608695652173,62.75,2.7065217391304346,62.25,0.021739130434782705,0.5
qwen25_15b,269,msc_valid,24,uniform,0.2,27,3.240740740740741,87.5,2.925925925925926,79.0,0.3148148148148149,8.5
qwen25_15b,269,msc_valid,24,longllmlingua,0.2,27,3.0925925925925926,83.5,2.925925925925926,79.0,0.16666666666666652,4.5
qwen25_15b,269,msc_valid,24,recency,0.2,27,3.3333333333333335,90.0,2.925925925925926,79.0,0.40740740740740744,11.0
qwen25_15b,269,msc_valid,24,lexical_tfidf,0.2,27,3.2222222222222223,87.0,2.925925925925926,79.0,0.2962962962962963,8.0
qwen25_15b,269,msc_valid,24,recency_keep_compress_drop,0.2,27,3.1296296296296298,84.5,2.925925925925926,79.0,0.20370370370370372,5.5
qwen25_15b,269,msc_valid,24,uniform,0.35,27,3.0,81.0,2.925925925925926,79.0,0.07407407407407396,2.0
qwen25_15b,269,msc_valid,24,longllmlingua,0.35,27,3.0185185185185186,81.5,2.925925925925926,79.0,0.09259259259259256,2.5
qwen25_15b,269,msc_valid,24,recency,0.35,27,3.1296296296296298,84.5,2.925925925925926,79.0,0.20370370370370372,5.5
qwen25_15b,269,msc_valid,24,lexical_tfidf,0.35,27,3.2037037037037037,86.5,2.925925925925926,79.0,0.2777777777777777,7.5
qwen25_15b,269,msc_valid,24,recency_keep_compress_drop,0.35,27,3.0555555555555554,82.5,2.925925925925926,79.0,0.12962962962962932,3.5
qwen25_15b,269,msc_valid,24,uniform,0.5,27,2.9074074074074074,78.5,2.925925925925926,79.0,-0.0185185185185186,-0.5
qwen25_15b,269,msc_valid,24,longllmlingua,0.5,27,2.925925925925926,79.0,2.925925925925926,79.0,0.0,0.0
qwen25_15b,269,msc_valid,24,recency,0.5,27,3.0925925925925926,83.5,2.925925925925926,79.0,0.16666666666666652,4.5
qwen25_15b,269,msc_valid,24,lexical_tfidf,0.5,27,3.1296296296296298,84.5,2.925925925925926,79.0,0.20370370370370372,5.5
qwen25_15b,269,msc_valid,24,recency_keep_compress_drop,0.5,27,2.9814814814814814,80.5,2.925925925925926,79.0,0.05555555555555536,1.5
qwen25_15b,269,msc_valid,28,uniform,0.2,21,2.4166666666666665,50.75,2.0714285714285716,43.5,0.3452380952380949,7.25
qwen25_15b,269,msc_valid,28,longllmlingua,0.2,21,2.4523809523809526,51.5,2.0714285714285716,43.5,0.38095238095238093,8.0
qwen25_15b,269,msc_valid,28,recency,0.2,21,2.5,52.5,2.0714285714285716,43.5,0.4285714285714284,9.0
qwen25_15b,269,msc_valid,28,lexical_tfidf,0.2,21,2.357142857142857,49.5,2.0714285714285716,43.5,0.2857142857142856,6.0
qwen25_15b,269,msc_valid,28,recency_keep_compress_drop,0.2,21,2.4404761904761907,51.25,2.0714285714285716,43.5,0.36904761904761907,7.75
qwen25_15b,269,msc_valid,28,uniform,0.35,21,2.2023809523809526,46.25,2.0714285714285716,43.5,0.13095238095238093,2.75
qwen25_15b,269,msc_valid,28,longllmlingua,0.35,21,2.2142857142857144,46.5,2.0714285714285716,43.5,0.1428571428571428,3.0
qwen25_15b,269,msc_valid,28,recency,0.35,21,2.0476190476190474,43.0,2.0714285714285716,43.5,-0.02380952380952417,-0.5
qwen25_15b,269,msc_valid,28,lexical_tfidf,0.35,21,2.2857142857142856,48.0,2.0714285714285716,43.5,0.21428571428571397,4.5
qwen25_15b,269,msc_valid,28,recency_keep_compress_drop,0.35,21,1.9285714285714286,40.5,2.0714285714285716,43.5,-0.14285714285714302,-3.0
qwen25_15b,269,msc_valid,28,uniform,0.5,21,2.1547619047619047,45.25,2.0714285714285716,43.5,0.08333333333333304,1.75
qwen25_15b,269,msc_valid,28,longllmlingua,0.5,21,2.1547619047619047,45.25,2.0714285714285716,43.5,0.08333333333333304,1.75
qwen25_15b,269,msc_valid,28,recency,0.5,21,2.2857142857142856,48.0,2.0714285714285716,43.5,0.21428571428571397,4.5
qwen25_15b,269,msc_valid,28,lexical_tfidf,0.5,21,2.1904761904761907,46.0,2.0714285714285716,43.5,0.11904761904761907,2.5
qwen25_15b,269,msc_valid,28,recency_keep_compress_drop,0.5,21,2.119047619047619,44.5,2.0714285714285716,43.5,0.04761904761904745,1.0
qwen25_15b,269,msc_valid,32,uniform,0.2,12,2.6666666666666665,32.0,2.1041666666666665,25.25,0.5625,6.75
qwen25_15b,269,msc_valid,32,longllmlingua,0.2,12,2.5208333333333335,30.25,2.1041666666666665,25.25,0.41666666666666696,5.0
qwen25_15b,269,msc_valid,32,recency,0.2,12,2.2604166666666665,27.125,2.1041666666666665,25.25,0.15625,1.875
qwen25_15b,269,msc_valid,32,lexical_tfidf,0.2,12,2.8333333333333335,34.0,2.1041666666666665,25.25,0.729166666666667,8.75
qwen25_15b,269,msc_valid,32,recency_keep_compress_drop,0.2,12,2.2604166666666665,27.125,2.1041666666666665,25.25,0.15625,1.875
qwen25_15b,269,msc_valid,32,uniform,0.35,12,2.6458333333333335,31.75,2.1041666666666665,25.25,0.541666666666667,6.5
qwen25_15b,269,msc_valid,32,longllmlingua,0.35,12,2.6354166666666665,31.625,2.1041666666666665,25.25,0.53125,6.375
qwen25_15b,269,msc_valid,32,recency,0.35,12,2.28125,27.375,2.1041666666666665,25.25,0.17708333333333348,2.125
qwen25_15b,269,msc_valid,32,lexical_tfidf,0.35,12,2.1354166666666665,25.625,2.1041666666666665,25.25,0.03125,0.375
qwen25_15b,269,msc_valid,32,recency_keep_compress_drop,0.35,12,2.1979166666666665,26.375,2.1041666666666665,25.25,0.09375,1.125
qwen25_15b,269,msc_valid,32,uniform,0.5,12,2.6041666666666665,31.25,2.1041666666666665,25.25,0.5,6.0
qwen25_15b,269,msc_valid,32,longllmlingua,0.5,12,2.5104166666666665,30.125,2.1041666666666665,25.25,0.40625,4.875
qwen25_15b,269,msc_valid,32,recency,0.5,12,2.1666666666666665,26.0,2.1041666666666665,25.25,0.0625,0.75
qwen25_15b,269,msc_valid,32,lexical_tfidf,0.5,12,2.0104166666666665,24.125,2.1041666666666665,25.25,-0.09375,-1.125
qwen25_15b,269,msc_valid,32,recency_keep_compress_drop,0.5,12,2.34375,28.125,2.1041666666666665,25.25,0.23958333333333348,2.875
qwen25_15b,269,msc_valid,34,uniform,0.2,17,1.8014705882352942,30.625,1.6029411764705883,27.25,0.19852941176470584,3.375
qwen25_15b,269,msc_valid,34,longllmlingua,0.2,17,1.6323529411764706,27.75,1.6029411764705883,27.25,0.02941176470588225,0.5
qwen25_15b,269,msc_valid,34,recency,0.2,17,1.5735294117647058,26.75,1.6029411764705883,27.25,-0.02941176470588247,-0.5
qwen25_15b,269,msc_valid,34,lexical_tfidf,0.2,17,1.5073529411764706,25.625,1.6029411764705883,27.25,-0.09558823529411775,-1.625
qwen25_15b,269,msc_valid,34,recency_keep_compress_drop,0.2,17,1.5441176470588236,26.25,1.6029411764705883,27.25,-0.05882352941176472,-1.0
qwen25_15b,269,msc_valid,34,uniform,0.35,17,1.6838235294117647,28.625,1.6029411764705883,27.25,0.0808823529411764,1.375
qwen25_15b,269,msc_valid,34,longllmlingua,0.35,17,1.6102941176470589,27.375,1.6029411764705883,27.25,0.007352941176470562,0.125
qwen25_15b,269,msc_valid,34,recency,0.35,17,1.588235294117647,27.0,1.6029411764705883,27.25,-0.014705882352941346,-0.25
qwen25_15b,269,msc_valid,34,lexical_tfidf,0.35,17,1.6102941176470589,27.375,1.6029411764705883,27.25,0.007352941176470562,0.125
qwen25_15b,269,msc_valid,34,recency_keep_compress_drop,0.35,17,1.5955882352941178,27.125,1.6029411764705883,27.25,-0.007352941176470562,-0.125
qwen25_15b,269,msc_valid,34,uniform,0.5,17,1.6397058823529411,27.875,1.6029411764705883,27.25,0.03676470588235281,0.625
qwen25_15b,269,msc_valid,34,longllmlingua,0.5,17,1.6029411764705883,27.25,1.6029411764705883,27.25,0.0,0.0
qwen25_15b,269,msc_valid,34,recency,0.5,17,1.6029411764705883,27.25,1.6029411764705883,27.25,0.0,0.0
qwen25_15b,269,msc_valid,34,lexical_tfidf,0.5,17,1.625,27.625,1.6029411764705883,27.25,0.022058823529411686,0.375
qwen25_15b,269,msc_valid,34,recency_keep_compress_drop,0.5,17,1.536764705882353,26.125,1.6029411764705883,27.25,-0.06617647058823528,-1.125
qwen25_15b,269,msc_valid,38,uniform,0.2,28,3.142857142857143,88.0,2.857142857142857,80.0,0.2857142857142856,8.0
qwen25_15b,269,msc_valid,38,longllmlingua,0.2,28,2.6964285714285716,75.5,2.857142857142857,80.0,-0.1607142857142856,-4.5
qwen25_15b,269,msc_valid,38,recency,0.2,28,2.9107142857142856,81.5,2.857142857142857,80.0,0.05357142857142838,1.5
qwen25_15b,269,msc_valid,38,lexical_tfidf,0.2,28,2.9107142857142856,81.5,2.857142857142857,80.0,0.05357142857142838,1.5
qwen25_15b,269,msc_valid,38,recency_keep_compress_drop,0.2,28,2.9107142857142856,81.5,2.857142857142857,80.0,0.05357142857142838,1.5
qwen25_15b,269,msc_valid,38,uniform,0.35,28,3.017857142857143,84.5,2.857142857142857,80.0,0.1607142857142856,4.5
qwen25_15b,269,msc_valid,38,longllmlingua,0.35,28,2.7142857142857144,76.0,2.857142857142857,80.0,-0.1428571428571428,-4.0
qwen25_15b,269,msc_valid,38,recency,0.35,28,2.875,80.5,2.857142857142857,80.0,0.017857142857142794,0.5
qwen25_15b,269,msc_valid,38,lexical_tfidf,0.35,28,3.017857142857143,84.5,2.857142857142857,80.0,0.1607142857142856,4.5
qwen25_15b,269,msc_valid,38,recency_keep_compress_drop,0.35,28,2.9285714285714284,82.0,2.857142857142857,80.0,0.07142857142857117,2.0
qwen25_15b,269,msc_valid,38,uniform,0.5,28,3.0535714285714284,85.5,2.857142857142857,80.0,0.19642857142857117,5.5
qwen25_15b,269,msc_valid,38,longllmlingua,0.5,28,3.0714285714285716,86.0,2.857142857142857,80.0,0.2142857142857144,6.0
qwen25_15b,269,msc_valid,38,recency,0.5,28,3.0,84.0,2.857142857142857,80.0,0.1428571428571428,4.0
qwen25_15b,269,msc_valid,38,lexical_tfidf,0.5,28,2.892857142857143,81.0,2.857142857142857,80.0,0.03571428571428559,1.0
qwen25_15b,269,msc_valid,38,recency_keep_compress_drop,0.5,28,2.9285714285714284,82.0,2.857142857142857,80.0,0.07142857142857117,2.0
qwen25_15b,269,msc_valid,42,uniform,0.2,17,1.9411764705882353,33.0,0.0,0.0,1.9411764705882353,33.0
qwen25_15b,269,msc_valid,42,longllmlingua,0.2,17,2.264705882352941,38.5,0.0,0.0,2.264705882352941,38.5
qwen25_15b,269,msc_valid,42,recency,0.2,17,1.9558823529411764,33.25,0.0,0.0,1.9558823529411764,33.25
qwen25_15b,269,msc_valid,42,lexical_tfidf,0.2,17,1.875,31.875,0.0,0.0,1.875,31.875
qwen25_15b,269,msc_valid,42,recency_keep_compress_drop,0.2,17,1.9558823529411764,33.25,0.0,0.0,1.9558823529411764,33.25
qwen25_15b,269,msc_valid,42,uniform,0.35,17,2.176470588235294,37.0,0.0,0.0,2.176470588235294,37.0
qwen25_15b,269,msc_valid,42,longllmlingua,0.35,17,2.25,38.25,0.0,0.0,2.25,38.25
qwen25_15b,269,msc_valid,42,recency,0.35,17,2.014705882352941,34.25,0.0,0.0,2.014705882352941,34.25
qwen25_15b,269,msc_valid,42,lexical_tfidf,0.35,17,1.8970588235294117,32.25,0.0,0.0,1.8970588235294117,32.25
qwen25_15b,269,msc_valid,42,recency_keep_compress_drop,0.35,17,1.8676470588235294,31.75,0.0,0.0,1.8676470588235294,31.75
qwen25_15b,269,msc_valid,42,uniform,0.5,17,2.0,34.0,0.0,0.0,2.0,34.0
qwen25_15b,269,msc_valid,42,longllmlingua,0.5,17,2.264705882352941,38.5,0.0,0.0,2.264705882352941,38.5
qwen25_15b,269,msc_valid,42,recency,0.5,17,2.0,34.0,0.0,0.0,2.0,34.0
qwen25_15b,269,msc_valid,42,lexical_tfidf,0.5,17,1.8676470588235294,31.75,0.0,0.0,1.8676470588235294,31.75
qwen25_15b,269,msc_valid,42,recency_keep_compress_drop,0.5,17,2.0,34.0,0.0,0.0,2.0,34.0
qwen25_15b,269,msc_valid,46,uniform,0.2,14,2.6607142857142856,37.25,0.0,0.0,2.6607142857142856,37.25
qwen25_15b,269,msc_valid,46,longllmlingua,0.2,14,2.9285714285714284,41.0,0.0,0.0,2.9285714285714284,41.0
qwen25_15b,269,msc_valid,46,recency,0.2,14,2.7857142857142856,39.0,0.0,0.0,2.7857142857142856,39.0
qwen25_15b,269,msc_valid,46,lexical_tfidf,0.2,14,2.7857142857142856,39.0,0.0,0.0,2.7857142857142856,39.0
qwen25_15b,269,msc_valid,46,recency_keep_compress_drop,0.2,14,2.642857142857143,37.0,0.0,0.0,2.642857142857143,37.0
qwen25_15b,269,msc_valid,46,uniform,0.35,14,2.6607142857142856,37.25,0.0,0.0,2.6607142857142856,37.25
qwen25_15b,269,msc_valid,46,longllmlingua,0.35,14,2.5357142857142856,35.5,0.0,0.0,2.5357142857142856,35.5
qwen25_15b,269,msc_valid,46,recency,0.35,14,2.7142857142857144,38.0,0.0,0.0,2.7142857142857144,38.0
qwen25_15b,269,msc_valid,46,lexical_tfidf,0.35,14,2.767857142857143,38.75,0.0,0.0,2.767857142857143,38.75
qwen25_15b,269,msc_valid,46,recency_keep_compress_drop,0.35,14,2.517857142857143,35.25,0.0,0.0,2.517857142857143,35.25
qwen25_15b,269,msc_valid,46,uniform,0.5,14,2.7142857142857144,38.0,0.0,0.0,2.7142857142857144,38.0
qwen25_15b,269,msc_valid,46,longllmlingua,0.5,14,2.5892857142857144,36.25,0.0,0.0,2.5892857142857144,36.25
qwen25_15b,269,msc_valid,46,recency,0.5,14,2.5892857142857144,36.25,0.0,0.0,2.5892857142857144,36.25
qwen25_15b,269,msc_valid,46,lexical_tfidf,0.5,14,2.767857142857143,38.75,0.0,0.0,2.767857142857143,38.75
qwen25_15b,269,msc_valid,46,recency_keep_compress_drop,0.5,14,2.5535714285714284,35.75,0.0,0.0,2.5535714285714284,35.75
qwen25_15b,269,msc_valid,50,uniform,0.2,15,1.2833333333333334,19.25,0.0,0.0,1.2833333333333334,19.25
qwen25_15b,269,msc_valid,50,longllmlingua,0.2,15,1.525,22.875,0.0,0.0,1.525,22.875
qwen25_15b,269,msc_valid,50,recency,0.2,15,1.3666666666666667,20.5,0.0,0.0,1.3666666666666667,20.5
qwen25_15b,269,msc_valid,50,lexical_tfidf,0.2,15,1.5083333333333333,22.625,0.0,0.0,1.5083333333333333,22.625
qwen25_15b,269,msc_valid,50,recency_keep_compress_drop,0.2,15,1.4333333333333333,21.5,0.0,0.0,1.4333333333333333,21.5
qwen25_15b,269,msc_valid,50,uniform,0.35,15,1.225,18.375,0.0,0.0,1.225,18.375
qwen25_15b,269,msc_valid,50,longllmlingua,0.35,15,1.4416666666666667,21.625,0.0,0.0,1.4416666666666667,21.625
qwen25_15b,269,msc_valid,50,recency,0.35,15,1.1916666666666667,17.875,0.0,0.0,1.1916666666666667,17.875
qwen25_15b,269,msc_valid,50,lexical_tfidf,0.35,15,1.2333333333333334,18.5,0.0,0.0,1.2333333333333334,18.5
qwen25_15b,269,msc_valid,50,recency_keep_compress_drop,0.35,15,1.2166666666666666,18.25,0.0,0.0,1.2166666666666666,18.25
qwen25_15b,269,msc_valid,50,uniform,0.5,15,1.2416666666666667,18.625,0.0,0.0,1.2416666666666667,18.625
qwen25_15b,269,msc_valid,50,longllmlingua,0.5,15,1.4416666666666667,21.625,0.0,0.0,1.4416666666666667,21.625
qwen25_15b,269,msc_valid,50,recency,0.5,15,1.15,17.25,0.0,0.0,1.15,17.25
qwen25_15b,269,msc_valid,50,lexical_tfidf,0.5,15,1.275,19.125,0.0,0.0,1.275,19.125
qwen25_15b,269,msc_valid,50,recency_keep_compress_drop,0.5,15,1.175,17.625,0.0,0.0,1.175,17.625
qwen25_15b,269,msc_valid,54,uniform,0.2,19,2.0657894736842106,39.25,0.0,0.0,2.0657894736842106,39.25
qwen25_15b,269,msc_valid,54,longllmlingua,0.2,19,2.1578947368421053,41.0,0.0,0.0,2.1578947368421053,41.0
qwen25_15b,269,msc_valid,54,recency,0.2,19,2.25,42.75,0.0,0.0,2.25,42.75
qwen25_15b,269,msc_valid,54,lexical_tfidf,0.2,19,2.1710526315789473,41.25,0.0,0.0,2.1710526315789473,41.25
qwen25_15b,269,msc_valid,54,recency_keep_compress_drop,0.2,19,2.1710526315789473,41.25,0.0,0.0,2.1710526315789473,41.25
qwen25_15b,269,msc_valid,54,uniform,0.35,19,2.013157894736842,38.25,0.0,0.0,2.013157894736842,38.25
qwen25_15b,269,msc_valid,54,longllmlingua,0.35,19,2.276315789473684,43.25,0.0,0.0,2.276315789473684,43.25
qwen25_15b,269,msc_valid,54,recency,0.35,19,2.1710526315789473,41.25,0.0,0.0,2.1710526315789473,41.25
qwen25_15b,269,msc_valid,54,lexical_tfidf,0.35,19,2.1710526315789473,41.25,0.0,0.0,2.1710526315789473,41.25
qwen25_15b,269,msc_valid,54,recency_keep_compress_drop,0.35,19,2.210526315789474,42.0,0.0,0.0,2.210526315789474,42.0
qwen25_15b,269,msc_valid,54,uniform,0.5,19,2.0657894736842106,39.25,0.0,0.0,2.0657894736842106,39.25
qwen25_15b,269,msc_valid,54,longllmlingua,0.5,19,2.1184210526315788,40.25,0.0,0.0,2.1184210526315788,40.25
qwen25_15b,269,msc_valid,54,recency,0.5,19,2.1842105263157894,41.5,0.0,0.0,2.1842105263157894,41.5
qwen25_15b,269,msc_valid,54,lexical_tfidf,0.5,19,2.1447368421052633,40.75,0.0,0.0,2.1447368421052633,40.75
qwen25_15b,269,msc_valid,54,recency_keep_compress_drop,0.5,19,2.1578947368421053,41.0,0.0,0.0,2.1578947368421053,41.0
qwen25_15b,269,msc_valid,58,uniform,0.2,12,1.8541666666666667,22.25,0.0,0.0,1.8541666666666667,22.25
qwen25_15b,269,msc_valid,58,longllmlingua,0.2,12,2.2083333333333335,26.5,0.0,0.0,2.2083333333333335,26.5
qwen25_15b,269,msc_valid,58,recency,0.2,12,2.0,24.0,0.0,0.0,2.0,24.0
qwen25_15b,269,msc_valid,58,lexical_tfidf,0.2,12,1.875,22.5,0.0,0.0,1.875,22.5
qwen25_15b,269,msc_valid,58,recency_keep_compress_drop,0.2,12,1.9583333333333333,23.5,0.0,0.0,1.9583333333333333,23.5
qwen25_15b,269,msc_valid,58,uniform,0.35,12,1.8020833333333333,21.625,0.0,0.0,1.8020833333333333,21.625
qwen25_15b,269,msc_valid,58,longllmlingua,0.35,12,2.0416666666666665,24.5,0.0,0.0,2.0416666666666665,24.5
qwen25_15b,269,msc_valid,58,recency,0.35,12,1.9375,23.25,0.0,0.0,1.9375,23.25
qwen25_15b,269,msc_valid,58,lexical_tfidf,0.35,12,1.84375,22.125,0.0,0.0,1.84375,22.125
qwen25_15b,269,msc_valid,58,recency_keep_compress_drop,0.35,12,1.9270833333333333,23.125,0.0,0.0,1.9270833333333333,23.125
qwen25_15b,269,msc_valid,58,uniform,0.5,12,1.875,22.5,0.0,0.0,1.875,22.5
qwen25_15b,269,msc_valid,58,longllmlingua,0.5,12,2.0208333333333335,24.25,0.0,0.0,2.0208333333333335,24.25
qwen25_15b,269,msc_valid,58,recency,0.5,12,1.9479166666666667,23.375,0.0,0.0,1.9479166666666667,23.375
qwen25_15b,269,msc_valid,58,lexical_tfidf,0.5,12,1.84375,22.125,0.0,0.0,1.84375,22.125
qwen25_15b,269,msc_valid,58,recency_keep_compress_drop,0.5,12,1.8333333333333333,22.0,0.0,0.0,1.8333333333333333,22.0
qwen25_15b,269,msc_valid,62,uniform,0.2,14,1.9017857142857142,26.625,0.0,0.0,1.9017857142857142,26.625
qwen25_15b,269,msc_valid,62,longllmlingua,0.2,14,3.3035714285714284,46.25,0.0,0.0,3.3035714285714284,46.25
qwen25_15b,269,msc_valid,62,recency,0.2,14,1.8928571428571428,26.5,0.0,0.0,1.8928571428571428,26.5
qwen25_15b,269,msc_valid,62,lexical_tfidf,0.2,14,1.9375,27.125,0.0,0.0,1.9375,27.125
qwen25_15b,269,msc_valid,62,recency_keep_compress_drop,0.2,14,1.9107142857142858,26.75,0.0,0.0,1.9107142857142858,26.75
qwen25_15b,269,msc_valid,62,uniform,0.35,14,1.6607142857142858,23.25,0.0,0.0,1.6607142857142858,23.25
qwen25_15b,269,msc_valid,62,longllmlingua,0.35,14,2.982142857142857,41.75,0.0,0.0,2.982142857142857,41.75
qwen25_15b,269,msc_valid,62,recency,0.35,14,1.8482142857142858,25.875,0.0,0.0,1.8482142857142858,25.875
qwen25_15b,269,msc_valid,62,lexical_tfidf,0.35,14,1.8035714285714286,25.25,0.0,0.0,1.8035714285714286,25.25
qwen25_15b,269,msc_valid,62,recency_keep_compress_drop,0.35,14,1.8482142857142858,25.875,0.0,0.0,1.8482142857142858,25.875
qwen25_15b,269,msc_valid,62,uniform,0.5,14,1.7410714285714286,24.375,0.0,0.0,1.7410714285714286,24.375
qwen25_15b,269,msc_valid,62,longllmlingua,0.5,14,2.4642857142857144,34.5,0.0,0.0,2.4642857142857144,34.5
qwen25_15b,269,msc_valid,62,recency,0.5,0,0.0,0.0,0.0,0.0,0.0,0.0
qwen25_15b,269,msc_valid,62,lexical_tfidf,0.5,0,0.0,0.0,0.0,0.0,0.0,0.0
qwen25_15b,269,msc_valid,62,recency_keep_compress_drop,0.5,0,0.0,0.0,0.0,0.0,0.0,0.0
qwen25_15b,307,msc_valid,4,uniform,0.2,17,3.8529411764705883,65.5,3.4705882352941178,59.0,0.38235294117647056,6.5
qwen25_15b,307,msc_valid,4,longllmlingua,0.2,17,3.4558823529411766,58.75,3.4705882352941178,59.0,-0.014705882352941124,-0.25
qwen25_15b,307,msc_valid,4,recency,0.2,17,3.8529411764705883,65.5,3.4705882352941178,59.0,0.38235294117647056,6.5
qwen25_15b,307,msc_valid,4,lexical_tfidf,0.2,17,3.8529411764705883,65.5,3.4705882352941178,59.0,0.38235294117647056,6.5
qwen25_15b,307,msc_valid,4,recency_keep_compress_drop,0.2,17,3.8529411764705883,65.5,3.4705882352941178,59.0,0.38235294117647056,6.5
qwen25_15b,307,msc_valid,4,uniform,0.35,17,3.6323529411764706,61.75,3.4705882352941178,59.0,0.1617647058823528,2.75
qwen25_15b,307,msc_valid,4,longllmlingua,0.35,17,3.3676470588235294,57.25,3.4705882352941178,59.0,-0.10294117647058831,-1.75
qwen25_15b,307,msc_valid,4,recency,0.35,17,3.6323529411764706,61.75,3.4705882352941178,59.0,0.1617647058823528,2.75
qwen25_15b,307,msc_valid,4,lexical_tfidf,0.35,17,3.6323529411764706,61.75,3.4705882352941178,59.0,0.1617647058823528,2.75
qwen25_15b,307,msc_valid,4,recency_keep_compress_drop,0.35,17,3.6323529411764706,61.75,3.4705882352941178,59.0,0.1617647058823528,2.75
qwen25_15b,307,msc_valid,4,uniform,0.5,17,3.6323529411764706,61.75,3.4705882352941178,59.0,0.1617647058823528,2.75
qwen25_15b,307,msc_valid,4,longllmlingua,0.5,17,3.2794117647058822,55.75,3.4705882352941178,59.0,-0.1911764705882355,-3.25
qwen25_15b,307,msc_valid,4,recency,0.5,17,3.6323529411764706,61.75,3.4705882352941178,59.0,0.1617647058823528,2.75
qwen25_15b,307,msc_valid,4,lexical_tfidf,0.5,17,3.6323529411764706,61.75,3.4705882352941178,59.0,0.1617647058823528,2.75
qwen25_15b,307,msc_valid,4,recency_keep_compress_drop,0.5,17,3.6323529411764706,61.75,3.4705882352941178,59.0,0.1617647058823528,2.75
qwen25_15b,307,msc_valid,6,uniform,0.2,22,3.3181818181818183,73.0,2.909090909090909,64.0,0.40909090909090917,9.0
qwen25_15b,307,msc_valid,6,longllmlingua,0.2,22,2.9318181818181817,64.5,2.909090909090909,64.0,0.022727272727272485,0.5
qwen25_15b,307,msc_valid,6,recency,0.2,22,3.1136363636363638,68.5,2.909090909090909,64.0,0.20454545454545459,4.5
qwen25_15b,307,msc_valid,6,lexical_tfidf,0.2,22,3.1136363636363638,68.5,2.909090909090909,64.0,0.20454545454545459,4.5
qwen25_15b,307,msc_valid,6,recency_keep_compress_drop,0.2,22,3.1136363636363638,68.5,2.909090909090909,64.0,0.20454545454545459,4.5
qwen25_15b,307,msc_valid,6,uniform,0.35,22,3.3181818181818183,73.0,2.909090909090909,64.0,0.40909090909090917,9.0
qwen25_15b,307,msc_valid,6,longllmlingua,0.35,22,2.9318181818181817,64.5,2.909090909090909,64.0,0.022727272727272485,0.5
qwen25_15b,307,msc_valid,6,recency,0.35,22,3.1136363636363638,68.5,2.909090909090909,64.0,0.20454545454545459,4.5
qwen25_15b,307,msc_valid,6,lexical_tfidf,0.35,22,3.1136363636363638,68.5,2.909090909090909,64.0,0.20454545454545459,4.5
qwen25_15b,307,msc_valid,6,recency_keep_compress_drop,0.35,22,3.1136363636363638,68.5,2.909090909090909,64.0,0.20454545454545459,4.5
qwen25_15b,307,msc_valid,6,uniform,0.5,22,3.1136363636363638,68.5,2.909090909090909,64.0,0.20454545454545459,4.5
qwen25_15b,307,msc_valid,6,longllmlingua,0.5,22,2.897727272727273,63.75,2.909090909090909,64.0,-0.011363636363636243,-0.25
qwen25_15b,307,msc_valid,6,recency,0.5,22,3.022727272727273,66.5,2.909090909090909,64.0,0.11363636363636376,2.5
qwen25_15b,307,msc_valid,6,lexical_tfidf,0.5,22,3.090909090909091,68.0,2.909090909090909,64.0,0.18181818181818166,4.0
qwen25_15b,307,msc_valid,6,recency_keep_compress_drop,0.5,22,3.090909090909091,68.0,2.909090909090909,64.0,0.18181818181818166,4.0
qwen25_15b,307,msc_valid,8,uniform,0.2,22,2.8636363636363638,63.0,2.5,55.0,0.36363636363636376,8.0
qwen25_15b,307,msc_valid,8,longllmlingua,0.2,22,2.5113636363636362,55.25,2.5,55.0,0.011363636363636243,0.25
qwen25_15b,307,msc_valid,8,recency,0.2,22,2.840909090909091,62.5,2.5,55.0,0.34090909090909083,7.5
qwen25_15b,307,msc_valid,8,lexical_tfidf,0.2,22,2.8068181818181817,61.75,2.5,55.0,0.30681818181818166,6.75
qwen25_15b,307,msc_valid,8,recency_keep_compress_drop,0.2,22,2.840909090909091,62.5,2.5,55.0,0.34090909090909083,7.5
qwen25_15b,307,msc_valid,8,uniform,0.35,22,2.772727272727273,61.0,2.5,55.0,0.27272727272727293,6.0
qwen25_15b,307,msc_valid,8,longllmlingua,0.35,22,2.4886363636363638,54.75,2.5,55.0,-0.011363636363636243,-0.25
qwen25_15b,307,msc_valid,8,recency,0.35,22,2.6818181818181817,59.0,2.5,55.0,0.18181818181818166,4.0
qwen25_15b,307,msc_valid,8,lexical_tfidf,0.35,22,2.6931818181818183,59.25,2.5,55.0,0.19318181818181834,4.25
qwen25_15b,307,msc_valid,8,recency_keep_compress_drop,0.35,22,2.6704545454545454,58.75,2.5,55.0,0.17045454545454541,3.75
qwen25_15b,307,msc_valid,8,uniform,0.5,22,2.6818181818181817,59.0,2.5,55.0,0.18181818181818166,4.0
qwen25_15b,307,msc_valid,8,longllmlingua,0.5,22,2.5,55.0,2.5,55.0,0.0,0.0
qwen25_15b,307,msc_valid,8,recency,0.5,22,2.5795454545454546,56.75,2.5,55.0,0.07954545454545459,1.75
qwen25_15b,307,msc_valid,8,lexical_tfidf,0.5,22,2.5681818181818183,56.5,2.5,55.0,0.06818181818181834,1.5
qwen25_15b,307,msc_valid,8,recency_keep_compress_drop,0.5,22,2.659090909090909,58.5,2.5,55.0,0.15909090909090917,3.5
qwen25_15b,307,msc_valid,10,uniform,0.2,17,3.25,55.25,2.7058823529411766,46.0,0.5441176470588234,9.25
qwen25_15b,307,msc_valid,10,longllmlingua,0.2,17,3.25,55.25,2.7058823529411766,46.0,0.5441176470588234,9.25
qwen25_15b,307,msc_valid,10,recency,0.2,17,3.3529411764705883,57.0,2.7058823529411766,46.0,0.6470588235294117,11.0
qwen25_15b,307,msc_valid,10,lexical_tfidf,0.2,17,3.25,55.25,2.7058823529411766,46.0,0.5441176470588234,9.25
qwen25_15b,307,msc_valid,10,recency_keep_compress_drop,0.2,17,3.323529411764706,56.5,2.7058823529411766,46.0,0.6176470588235294,10.5
qwen25_15b,307,msc_valid,10,uniform,0.35,17,3.1323529411764706,53.25,2.7058823529411766,46.0,0.42647058823529393,7.25
qwen25_15b,307,msc_valid,10,longllmlingua,0.35,17,3.1323529411764706,53.25,2.7058823529411766,46.0,0.42647058823529393,7.25
qwen25_15b,307,msc_valid,10,recency,0.35,17,2.838235294117647,48.25,2.7058823529411766,46.0,0.13235294117647056,2.25
qwen25_15b,307,msc_valid,10,lexical_tfidf,0.35,17,2.926470588235294,49.75,2.7058823529411766,46.0,0.2205882352941173,3.75
qwen25_15b,307,msc_valid,10,recency_keep_compress_drop,0.35,17,3.1911764705882355,54.25,2.7058823529411766,46.0,0.4852941176470589,8.25
qwen25_15b,307,msc_valid,10,uniform,0.5,17,3.176470588235294,54.0,2.7058823529411766,46.0,0.4705882352941173,8.0
qwen25_15b,307,msc_valid,10,longllmlingua,0.5,17,3.0441176470588234,51.75,2.7058823529411766,46.0,0.33823529411764675,5.75
qwen25_15b,307,msc_valid,10,recency,0.5,17,2.911764705882353,49.5,2.7058823529411766,46.0,0.20588235294117618,3.5
qwen25_15b,307,msc_valid,10,lexical_tfidf,0.5,17,3.176470588235294,54.0,2.7058823529411766,46.0,0.4705882352941173,8.0
qwen25_15b,307,msc_valid,10,recency_keep_compress_drop,0.5,17,3.0294117647058822,51.5,2.7058823529411766,46.0,0.3235294117647056,5.5
qwen25_15b,307,msc_valid,12,uniform,0.2,14,2.982142857142857,41.75,2.5714285714285716,36.0,0.4107142857142856,5.75
qwen25_15b,307,msc_valid,12,longllmlingua,0.2,14,3.0,42.0,2.5714285714285716,36.0,0.4285714285714284,6.0
qwen25_15b,307,msc_valid,12,recency,0.2,14,2.9107142857142856,40.75,2.5714285714285716,36.0,0.33928571428571397,4.75
qwen25_15b,307,msc_valid,12,lexical_tfidf,0.2,14,3.4285714285714284,48.0,2.5714285714285716,36.0,0.8571428571428568,12.0
qwen25_15b,307,msc_valid,12,recency_keep_compress_drop,0.2,14,2.7142857142857144,38.0,2.5714285714285716,36.0,0.1428571428571428,2.0
qwen25_15b,307,msc_valid,12,uniform,0.35,14,2.5357142857142856,35.5,2.5714285714285716,36.0,-0.03571428571428603,-0.5
qwen25_15b,307,msc_valid,12,longllmlingua,0.35,14,3.1785714285714284,44.5,2.5714285714285716,36.0,0.6071428571428568,8.5
qwen25_15b,307,msc_valid,12,recency,0.35,14,2.625,36.75,2.5714285714285716,36.0,0.05357142857142838,0.75
qwen25_15b,307,msc_valid,12,lexical_tfidf,0.35,14,3.142857142857143,44.0,2.5714285714285716,36.0,0.5714285714285712,8.0
qwen25_15b,307,msc_valid,12,recency_keep_compress_drop,0.35,14,2.5357142857142856,35.5,2.5714285714285716,36.0,-0.03571428571428603,-0.5
qwen25_15b,307,msc_valid,12,uniform,0.5,14,2.4285714285714284,34.0,2.5714285714285716,36.0,-0.14285714285714324,-2.0
qwen25_15b,307,msc_valid,12,longllmlingua,0.5,14,3.0714285714285716,43.0,2.5714285714285716,36.0,0.5,7.0
qwen25_15b,307,msc_valid,12,recency,0.5,14,2.517857142857143,35.25,2.5714285714285716,36.0,-0.053571428571428825,-0.75
qwen25_15b,307,msc_valid,12,lexical_tfidf,0.5,14,3.1607142857142856,44.25,2.5714285714285716,36.0,0.589285714285714,8.25
qwen25_15b,307,msc_valid,12,recency_keep_compress_drop,0.5,14,2.5892857142857144,36.25,2.5714285714285716,36.0,0.017857142857142794,0.25
qwen25_15b,307,msc_valid,14,uniform,0.2,13,2.2596153846153846,29.375,1.8557692307692308,24.125,0.40384615384615374,5.25
qwen25_15b,307,msc_valid,14,longllmlingua,0.2,13,2.3365384615384617,30.375,1.8557692307692308,24.125,0.48076923076923084,6.25
qwen25_15b,307,msc_valid,14,recency,0.2,13,2.0096153846153846,26.125,1.8557692307692308,24.125,0.15384615384615374,2.0
qwen25_15b,307,msc_valid,14,lexical_tfidf,0.2,13,2.230769230769231,29.0,1.8557692307692308,24.125,0.375,4.875
qwen25_15b,307,msc_valid,14,recency_keep_compress_drop,0.2,13,2.173076923076923,28.25,1.8557692307692308,24.125,0.31730769230769207,4.125
qwen25_15b,307,msc_valid,14,uniform,0.35,13,2.0576923076923075,26.75,1.8557692307692308,24.125,0.20192307692307665,2.625
qwen25_15b,307,msc_valid,14,longllmlingua,0.35,13,2.2788461538461537,29.625,1.8557692307692308,24.125,0.4230769230769229,5.5
qwen25_15b,307,msc_valid,14,recency,0.35,13,2.0673076923076925,26.875,1.8557692307692308,24.125,0.21153846153846168,2.75
qwen25_15b,307,msc_valid,14,lexical_tfidf,0.35,13,2.019230769230769,26.25,1.8557692307692308,24.125,0.16346153846153832,2.125
qwen25_15b,307,msc_valid,14,recency_keep_compress_drop,0.35,13,1.9903846153846154,25.875,1.8557692307692308,24.125,0.13461538461538458,1.75
qwen25_15b,307,msc_valid,14,uniform,0.5,13,2.125,27.625,1.8557692307692308,24.125,0.26923076923076916,3.5
qwen25_15b,307,msc_valid,14,longllmlingua,0.5,13,2.2596153846153846,29.375,1.8557692307692308,24.125,0.40384615384615374,5.25
qwen25_15b,307,msc_valid,14,recency,0.5,13,2.019230769230769,26.25,1.8557692307692308,24.125,0.16346153846153832,2.125
qwen25_15b,307,msc_valid,14,lexical_tfidf,0.5,13,1.9326923076923077,25.125,1.8557692307692308,24.125,0.07692307692307687,1.0
qwen25_15b,307,msc_valid,14,recency_keep_compress_drop,0.5,13,1.9326923076923077,25.125,1.8557692307692308,24.125,0.07692307692307687,1.0
qwen25_15b,339,msc_valid,4,uniform,0.2,20,3.525,70.5,2.9375,58.75,0.5874999999999999,11.75
qwen25_15b,339,msc_valid,4,longllmlingua,0.2,20,3.0875,61.75,2.9375,58.75,0.1499999999999999,3.0
qwen25_15b,339,msc_valid,4,recency,0.2,20,3.525,70.5,2.9375,58.75,0.5874999999999999,11.75
qwen25_15b,339,msc_valid,4,lexical_tfidf,0.2,20,3.525,70.5,2.9375,58.75,0.5874999999999999,11.75
qwen25_15b,339,msc_valid,4,recency_keep_compress_drop,0.2,20,3.525,70.5,2.9375,58.75,0.5874999999999999,11.75
qwen25_15b,339,msc_valid,4,uniform,0.35,20,3.475,69.5,2.9375,58.75,0.5375000000000001,10.75
qwen25_15b,339,msc_valid,4,longllmlingua,0.35,20,3.125,62.5,2.9375,58.75,0.1875,3.75
qwen25_15b,339,msc_valid,4,recency,0.35,20,3.475,69.5,2.9375,58.75,0.5375000000000001,10.75
qwen25_15b,339,msc_valid,4,lexical_tfidf,0.35,20,3.475,69.5,2.9375,58.75,0.5375000000000001,10.75
qwen25_15b,339,msc_valid,4,recency_keep_compress_drop,0.35,20,3.475,69.5,2.9375,58.75,0.5375000000000001,10.75
qwen25_15b,339,msc_valid,4,uniform,0.5,20,3.475,69.5,2.9375,58.75,0.5375000000000001,10.75
qwen25_15b,339,msc_valid,4,longllmlingua,0.5,20,3.0625,61.25,2.9375,58.75,0.125,2.5
qwen25_15b,339,msc_valid,4,recency,0.5,20,3.475,69.5,2.9375,58.75,0.5375000000000001,10.75
qwen25_15b,339,msc_valid,4,lexical_tfidf,0.5,20,3.475,69.5,2.9375,58.75,0.5375000000000001,10.75
qwen25_15b,339,msc_valid,4,recency_keep_compress_drop,0.5,20,3.475,69.5,2.9375,58.75,0.5375000000000001,10.75
qwen25_15b,339,msc_valid,6,uniform,0.2,15,3.05,45.75,2.2333333333333334,33.5,0.8166666666666664,12.25
qwen25_15b,339,msc_valid,6,longllmlingua,0.2,15,2.85,42.75,2.2333333333333334,33.5,0.6166666666666667,9.25
qwen25_15b,339,msc_valid,6,recency,0.2,15,3.05,45.75,2.2333333333333334,33.5,0.8166666666666664,12.25
qwen25_15b,339,msc_valid,6,lexical_tfidf,0.2,15,3.05,45.75,2.2333333333333334,33.5,0.8166666666666664,12.25
qwen25_15b,339,msc_valid,6,recency_keep_compress_drop,0.2,15,3.05,45.75,2.2333333333333334,33.5,0.8166666666666664,12.25
qwen25_15b,339,msc_valid,6,uniform,0.35,15,3.0166666666666666,45.25,2.2333333333333334,33.5,0.7833333333333332,11.75
qwen25_15b,339,msc_valid,6,longllmlingua,0.35,15,2.8333333333333335,42.5,2.2333333333333334,33.5,0.6000000000000001,9.0
qwen25_15b,339,msc_valid,6,recency,0.35,15,3.0166666666666666,45.25,2.2333333333333334,33.5,0.7833333333333332,11.75
qwen25_15b,339,msc_valid,6,lexical_tfidf,0.35,15,3.0166666666666666,45.25,2.2333333333333334,33.5,0.7833333333333332,11.75
qwen25_15b,339,msc_valid,6,recency_keep_compress_drop,0.35,15,2.6166666666666667,39.25,2.2333333333333334,33.5,0.3833333333333333,5.75
qwen25_15b,339,msc_valid,6,uniform,0.5,15,2.95,44.25,2.2333333333333334,33.5,0.7166666666666668,10.75
qwen25_15b,339,msc_valid,6,longllmlingua,0.5,15,2.816666666666667,42.25,2.2333333333333334,33.5,0.5833333333333335,8.75
qwen25_15b,339,msc_valid,6,recency,0.5,15,2.4166666666666665,36.25,2.2333333333333334,33.5,0.18333333333333313,2.75
qwen25_15b,339,msc_valid,6,lexical_tfidf,0.5,15,2.6666666666666665,40.0,2.2333333333333334,33.5,0.4333333333333331,6.5
qwen25_15b,339,msc_valid,6,recency_keep_compress_drop,0.5,15,2.6666666666666665,40.0,2.2333333333333334,33.5,0.4333333333333331,6.5
qwen25_15b,339,msc_valid,8,uniform,0.2,17,3.5,59.5,3.3088235294117645,56.25,0.1911764705882355,3.25
qwen25_15b,339,msc_valid,8,longllmlingua,0.2,17,3.3088235294117645,56.25,3.3088235294117645,56.25,0.0,0.0
qwen25_15b,339,msc_valid,8,recency,0.2,17,3.588235294117647,61.0,3.3088235294117645,56.25,0.2794117647058827,4.75
qwen25_15b,339,msc_valid,8,lexical_tfidf,0.2,17,3.5,59.5,3.3088235294117645,56.25,0.1911764705882355,3.25
qwen25_15b,339,msc_valid,8,recency_keep_compress_drop,0.2,17,3.588235294117647,61.0,3.3088235294117645,56.25,0.2794117647058827,4.75
qwen25_15b,339,msc_valid,8,uniform,0.35,17,3.4411764705882355,58.5,3.3088235294117645,56.25,0.132352941176471,2.25
qwen25_15b,339,msc_valid,8,longllmlingua,0.35,17,3.3088235294117645,56.25,3.3088235294117645,56.25,0.0,0.0
qwen25_15b,339,msc_valid,8,recency,0.35,17,3.485294117647059,59.25,3.3088235294117645,56.25,0.17647058823529438,3.0
qwen25_15b,339,msc_valid,8,lexical_tfidf,0.35,17,3.514705882352941,59.75,3.3088235294117645,56.25,0.20588235294117663,3.5
qwen25_15b,339,msc_valid,8,recency_keep_compress_drop,0.35,17,3.485294117647059,59.25,3.3088235294117645,56.25,0.17647058823529438,3.0
qwen25_15b,339,msc_valid,8,uniform,0.5,17,3.2794117647058822,55.75,3.3088235294117645,56.25,-0.02941176470588225,-0.5
qwen25_15b,339,msc_valid,8,longllmlingua,0.5,17,3.264705882352941,55.5,3.3088235294117645,56.25,-0.04411764705882337,-0.75
qwen25_15b,339,msc_valid,8,recency,0.5,17,3.485294117647059,59.25,3.3088235294117645,56.25,0.17647058823529438,3.0
qwen25_15b,339,msc_valid,8,lexical_tfidf,0.5,17,3.4705882352941178,59.0,3.3088235294117645,56.25,0.16176470588235325,2.75
qwen25_15b,339,msc_valid,8,recency_keep_compress_drop,0.5,17,3.4705882352941178,59.0,3.3088235294117645,56.25,0.16176470588235325,2.75
qwen25_15b,339,msc_valid,10,uniform,0.2,12,3.3541666666666665,40.25,2.9583333333333335,35.5,0.39583333333333304,4.75
qwen25_15b,339,msc_valid,10,longllmlingua,0.2,12,3.1666666666666665,38.0,2.9583333333333335,35.5,0.20833333333333304,2.5
qwen25_15b,339,msc_valid,10,recency,0.2,12,3.3333333333333335,40.0,2.9583333333333335,35.5,0.375,4.5
qwen25_15b,339,msc_valid,10,lexical_tfidf,0.2,12,3.3125,39.75,2.9583333333333335,35.5,0.3541666666666665,4.25
qwen25_15b,339,msc_valid,10,recency_keep_compress_drop,0.2,12,3.4583333333333335,41.5,2.9583333333333335,35.5,0.5,6.0
qwen25_15b,339,msc_valid,10,uniform,0.35,12,3.3958333333333335,40.75,2.9583333333333335,35.5,0.4375,5.25
qwen25_15b,339,msc_valid,10,longllmlingua,0.35,12,3.0416666666666665,36.5,2.9583333333333335,35.5,0.08333333333333304,1.0
qwen25_15b,339,msc_valid,10,recency,0.35,12,3.3541666666666665,40.25,2.9583333333333335,35.5,0.39583333333333304,4.75
qwen25_15b,339,msc_valid,10,lexical_tfidf,0.35,12,3.125,37.5,2.9583333333333335,35.5,0.16666666666666652,2.0
qwen25_15b,339,msc_valid,10,recency_keep_compress_drop,0.35,12,3.1458333333333335,37.75,2.9583333333333335,35.5,0.1875,2.25
qwen25_15b,339,msc_valid,10,uniform,0.5,12,3.1875,38.25,2.9583333333333335,35.5,0.22916666666666652,2.75
qwen25_15b,339,msc_valid,10,longllmlingua,0.5,12,2.6145833333333335,31.375,2.9583333333333335,35.5,-0.34375,-4.125
qwen25_15b,339,msc_valid,10,recency,0.5,12,3.1041666666666665,37.25,2.9583333333333335,35.5,0.14583333333333304,1.75
qwen25_15b,339,msc_valid,10,lexical_tfidf,0.5,12,3.0625,36.75,2.9583333333333335,35.5,0.10416666666666652,1.25
qwen25_15b,339,msc_valid,10,recency_keep_compress_drop,0.5,12,3.1458333333333335,37.75,2.9583333333333335,35.5,0.1875,2.25
qwen25_15b,339,msc_valid,12,uniform,0.2,12,3.125,37.5,3.0416666666666665,36.5,0.08333333333333348,1.0
qwen25_15b,339,msc_valid,12,longllmlingua,0.2,12,2.9375,35.25,3.0416666666666665,36.5,-0.10416666666666652,-1.25
qwen25_15b,339,msc_valid,12,recency,0.2,12,2.9375,35.25,3.0416666666666665,36.5,-0.10416666666666652,-1.25
qwen25_15b,339,msc_valid,12,lexical_tfidf,0.2,12,2.9791666666666665,35.75,3.0416666666666665,36.5,-0.0625,-0.75
qwen25_15b,339,msc_valid,12,recency_keep_compress_drop,0.2,12,2.8541666666666665,34.25,3.0416666666666665,36.5,-0.1875,-2.25
qwen25_15b,339,msc_valid,12,uniform,0.35,12,3.0,36.0,3.0416666666666665,36.5,-0.04166666666666652,-0.5
qwen25_15b,339,msc_valid,12,longllmlingua,0.35,12,2.8333333333333335,34.0,3.0416666666666665,36.5,-0.20833333333333304,-2.5
qwen25_15b,339,msc_valid,12,recency,0.35,12,3.0833333333333335,37.0,3.0416666666666665,36.5,0.04166666666666696,0.5
qwen25_15b,339,msc_valid,12,lexical_tfidf,0.35,12,3.0208333333333335,36.25,3.0416666666666665,36.5,-0.020833333333333037,-0.25
qwen25_15b,339,msc_valid,12,recency_keep_compress_drop,0.35,12,3.0208333333333335,36.25,3.0416666666666665,36.5,-0.020833333333333037,-0.25
qwen25_15b,339,msc_valid,12,uniform,0.5,12,2.8333333333333335,34.0,3.0416666666666665,36.5,-0.20833333333333304,-2.5
qwen25_15b,339,msc_valid,12,longllmlingua,0.5,12,2.6666666666666665,32.0,3.0416666666666665,36.5,-0.375,-4.5
qwen25_15b,339,msc_valid,12,recency,0.5,12,3.0208333333333335,36.25,3.0416666666666665,36.5,-0.020833333333333037,-0.25
qwen25_15b,339,msc_valid,12,lexical_tfidf,0.5,12,3.1041666666666665,37.25,3.0416666666666665,36.5,0.0625,0.75
qwen25_15b,339,msc_valid,12,recency_keep_compress_drop,0.5,12,3.0416666666666665,36.5,3.0416666666666665,36.5,0.0,0.0
qwen25_15b,341,msc_valid,4,uniform,0.2,14,6.357142857142857,89.0,5.857142857142857,82.0,0.5,7.0
qwen25_15b,341,msc_valid,4,longllmlingua,0.2,14,5.571428571428571,78.0,5.857142857142857,82.0,-0.2857142857142856,-4.0
qwen25_15b,341,msc_valid,4,recency,0.2,14,6.357142857142857,89.0,5.857142857142857,82.0,0.5,7.0
qwen25_15b,341,msc_valid,4,lexical_tfidf,0.2,14,6.357142857142857,89.0,5.857142857142857,82.0,0.5,7.0
qwen25_15b,341,msc_valid,4,recency_keep_compress_drop,0.2,14,6.357142857142857,89.0,5.857142857142857,82.0,0.5,7.0
qwen25_15b,341,msc_valid,4,uniform,0.35,14,5.75,80.5,5.857142857142857,82.0,-0.10714285714285676,-1.5
qwen25_15b,341,msc_valid,4,longllmlingua,0.35,14,5.821428571428571,81.5,5.857142857142857,82.0,-0.03571428571428559,-0.5
qwen25_15b,341,msc_valid,4,recency,0.35,14,5.75,80.5,5.857142857142857,82.0,-0.10714285714285676,-1.5
qwen25_15b,341,msc_valid,4,lexical_tfidf,0.35,14,5.75,80.5,5.857142857142857,82.0,-0.10714285714285676,-1.5
qwen25_15b,341,msc_valid,4,recency_keep_compress_drop,0.35,14,5.75,80.5,5.857142857142857,82.0,-0.10714285714285676,-1.5
qwen25_15b,341,msc_valid,4,uniform,0.5,14,5.75,80.5,5.857142857142857,82.0,-0.10714285714285676,-1.5
qwen25_15b,341,msc_valid,4,longllmlingua,0.5,14,5.785714285714286,81.0,5.857142857142857,82.0,-0.07142857142857117,-1.0
qwen25_15b,341,msc_valid,4,recency,0.5,14,5.75,80.5,5.857142857142857,82.0,-0.10714285714285676,-1.5
qwen25_15b,341,msc_valid,4,lexical_tfidf,0.5,14,5.75,80.5,5.857142857142857,82.0,-0.10714285714285676,-1.5
qwen25_15b,341,msc_valid,4,recency_keep_compress_drop,0.5,14,5.75,80.5,5.857142857142857,82.0,-0.10714285714285676,-1.5
qwen25_15b,341,msc_valid,8,uniform,0.2,14,4.785714285714286,67.0,4.607142857142857,64.5,0.17857142857142883,2.5
qwen25_15b,341,msc_valid,8,longllmlingua,0.2,14,4.303571428571429,60.25,4.607142857142857,64.5,-0.30357142857142794,-4.25
qwen25_15b,341,msc_valid,8,recency,0.2,14,4.714285714285714,66.0,4.607142857142857,64.5,0.10714285714285765,1.5
qwen25_15b,341,msc_valid,8,lexical_tfidf,0.2,14,4.857142857142857,68.0,4.607142857142857,64.5,0.25,3.5
qwen25_15b,341,msc_valid,8,recency_keep_compress_drop,0.2,14,4.714285714285714,66.0,4.607142857142857,64.5,0.10714285714285765,1.5
qwen25_15b,341,msc_valid,8,uniform,0.35,14,4.892857142857143,68.5,4.607142857142857,64.5,0.2857142857142865,4.0
qwen25_15b,341,msc_valid,8,longllmlingua,0.35,14,4.232142857142857,59.25,4.607142857142857,64.5,-0.375,-5.25
qwen25_15b,341,msc_valid,8,recency,0.35,14,4.75,66.5,4.607142857142857,64.5,0.14285714285714324,2.0
qwen25_15b,341,msc_valid,8,lexical_tfidf,0.35,14,4.714285714285714,66.0,4.607142857142857,64.5,0.10714285714285765,1.5
qwen25_15b,341,msc_valid,8,recency_keep_compress_drop,0.35,14,4.517857142857143,63.25,4.607142857142857,64.5,-0.08928571428571352,-1.25
qwen25_15b,341,msc_valid,8,uniform,0.5,14,4.857142857142857,68.0,4.607142857142857,64.5,0.25,3.5
qwen25_15b,341,msc_valid,8,longllmlingua,0.5,14,4.196428571428571,58.75,4.607142857142857,64.5,-0.4107142857142856,-5.75
qwen25_15b,341,msc_valid,8,recency,0.5,14,4.571428571428571,64.0,4.607142857142857,64.5,-0.03571428571428559,-0.5
qwen25_15b,341,msc_valid,8,lexical_tfidf,0.5,14,4.607142857142857,64.5,4.607142857142857,64.5,0.0,0.0
qwen25_15b,341,msc_valid,8,recency_keep_compress_drop,0.5,14,4.517857142857143,63.25,4.607142857142857,64.5,-0.08928571428571352,-1.25
qwen25_15b,341,msc_valid,12,uniform,0.2,16,4.34375,69.5,3.28125,52.5,1.0625,17.0
qwen25_15b,341,msc_valid,12,longllmlingua,0.2,16,3.609375,57.75,3.28125,52.5,0.328125,5.25
qwen25_15b,341,msc_valid,12,recency,0.2,16,3.421875,54.75,3.28125,52.5,0.140625,2.25
qwen25_15b,341,msc_valid,12,lexical_tfidf,0.2,16,4.34375,69.5,3.28125,52.5,1.0625,17.0
qwen25_15b,341,msc_valid,12,recency_keep_compress_drop,0.2,16,3.421875,54.75,3.28125,52.5,0.140625,2.25
qwen25_15b,341,msc_valid,12,uniform,0.35,16,3.78125,60.5,3.28125,52.5,0.5,8.0
qwen25_15b,341,msc_valid,12,longllmlingua,0.35,16,3.640625,58.25,3.28125,52.5,0.359375,5.75
qwen25_15b,341,msc_valid,12,recency,0.35,16,3.4375,55.0,3.28125,52.5,0.15625,2.5
qwen25_15b,341,msc_valid,12,lexical_tfidf,0.35,16,3.921875,62.75,3.28125,52.5,0.640625,10.25
qwen25_15b,341,msc_valid,12,recency_keep_compress_drop,0.35,16,3.34375,53.5,3.28125,52.5,0.0625,1.0
qwen25_15b,341,msc_valid,12,uniform,0.5,16,3.8125,61.0,3.28125,52.5,0.53125,8.5
qwen25_15b,341,msc_valid,12,longllmlingua,0.5,16,3.625,58.0,3.28125,52.5,0.34375,5.5
qwen25_15b,341,msc_valid,12,recency,0.5,16,3.265625,52.25,3.28125,52.5,-0.015625,-0.25
qwen25_15b,341,msc_valid,12,lexical_tfidf,0.5,16,4.25,68.0,3.28125,52.5,0.96875,15.5
qwen25_15b,341,msc_valid,12,recency_keep_compress_drop,0.5,16,3.296875,52.75,3.28125,52.5,0.015625,0.25
qwen25_15b,341,msc_valid,16,uniform,0.2,19,3.6052631578947367,68.5,3.1052631578947367,59.0,0.5,9.5
qwen25_15b,341,msc_valid,16,longllmlingua,0.2,19,3.6578947368421053,69.5,3.1052631578947367,59.0,0.5526315789473686,10.5
qwen25_15b,341,msc_valid,16,recency,0.2,19,3.6315789473684212,69.0,3.1052631578947367,59.0,0.5263157894736845,10.0
qwen25_15b,341,msc_valid,16,lexical_tfidf,0.2,19,3.3684210526315788,64.0,3.1052631578947367,59.0,0.26315789473684204,5.0
qwen25_15b,341,msc_valid,16,recency_keep_compress_drop,0.2,19,3.3947368421052633,64.5,3.1052631578947367,59.0,0.28947368421052655,5.5
qwen25_15b,341,msc_valid,16,uniform,0.35,19,3.5,66.5,3.1052631578947367,59.0,0.3947368421052633,7.5
qwen25_15b,341,msc_valid,16,longllmlingua,0.35,19,3.6578947368421053,69.5,3.1052631578947367,59.0,0.5526315789473686,10.5
qwen25_15b,341,msc_valid,16,recency,0.35,19,3.3552631578947367,63.75,3.1052631578947367,59.0,0.25,4.75
qwen25_15b,341,msc_valid,16,lexical_tfidf,0.35,19,3.1447368421052633,59.75,3.1052631578947367,59.0,0.03947368421052655,0.75
qwen25_15b,341,msc_valid,16,recency_keep_compress_drop,0.35,19,3.1710526315789473,60.25,3.1052631578947367,59.0,0.06578947368421062,1.25
qwen25_15b,341,msc_valid,16,uniform,0.5,19,3.5,66.5,3.1052631578947367,59.0,0.3947368421052633,7.5
qwen25_15b,341,msc_valid,16,longllmlingua,0.5,19,3.736842105263158,71.0,3.1052631578947367,59.0,0.6315789473684212,12.0
qwen25_15b,341,msc_valid,16,recency,0.5,19,3.1578947368421053,60.0,3.1052631578947367,59.0,0.052631578947368585,1.0
qwen25_15b,341,msc_valid,16,lexical_tfidf,0.5,19,3.026315789473684,57.5,3.1052631578947367,59.0,-0.07894736842105265,-1.5
qwen25_15b,341,msc_valid,16,recency_keep_compress_drop,0.5,19,3.223684210526316,61.25,3.1052631578947367,59.0,0.1184210526315792,2.25
qwen25_15b,341,msc_valid,18,uniform,0.2,26,4.288461538461538,111.5,4.269230769230769,111.0,0.019230769230769162,0.5
qwen25_15b,341,msc_valid,18,longllmlingua,0.2,26,4.211538461538462,109.5,4.269230769230769,111.0,-0.05769230769230749,-1.5
qwen25_15b,341,msc_valid,18,recency,0.2,26,4.230769230769231,110.0,4.269230769230769,111.0,-0.038461538461538325,-1.0
qwen25_15b,341,msc_valid,18,lexical_tfidf,0.2,26,4.230769230769231,110.0,4.269230769230769,111.0,-0.038461538461538325,-1.0
qwen25_15b,341,msc_valid,18,recency_keep_compress_drop,0.2,26,4.173076923076923,108.5,4.269230769230769,111.0,-0.09615384615384581,-2.5
qwen25_15b,341,msc_valid,18,uniform,0.35,26,4.230769230769231,110.0,4.269230769230769,111.0,-0.038461538461538325,-1.0
qwen25_15b,341,msc_valid,18,longllmlingua,0.35,26,4.076923076923077,106.0,4.269230769230769,111.0,-0.1923076923076925,-5.0
qwen25_15b,341,msc_valid,18,recency,0.35,26,4.1923076923076925,109.0,4.269230769230769,111.0,-0.07692307692307665,-2.0
qwen25_15b,341,msc_valid,18,lexical_tfidf,0.35,26,4.211538461538462,109.5,4.269230769230769,111.0,-0.05769230769230749,-1.5
qwen25_15b,341,msc_valid,18,recency_keep_compress_drop,0.35,26,4.211538461538462,109.5,4.269230769230769,111.0,-0.05769230769230749,-1.5
qwen25_15b,341,msc_valid,18,uniform,0.5,26,4.269230769230769,111.0,4.269230769230769,111.0,0.0,0.0
qwen25_15b,341,msc_valid,18,longllmlingua,0.5,26,4.115384615384615,107.0,4.269230769230769,111.0,-0.1538461538461542,-4.0
qwen25_15b,341,msc_valid,18,recency,0.5,26,4.25,110.5,4.269230769230769,111.0,-0.019230769230769162,-0.5
qwen25_15b,341,msc_valid,18,lexical_tfidf,0.5,26,4.211538461538462,109.5,4.269230769230769,111.0,-0.05769230769230749,-1.5
qwen25_15b,341,msc_valid,18,recency_keep_compress_drop,0.5,26,4.25,110.5,4.269230769230769,111.0,-0.019230769230769162,-0.5
qwen25_15b,341,msc_valid,22,uniform,0.2,17,4.294117647058823,73.0,3.9705882352941178,67.5,0.3235294117647056,5.5
qwen25_15b,341,msc_valid,22,longllmlingua,0.2,17,4.323529411764706,73.5,3.9705882352941178,67.5,0.35294117647058787,6.0
qwen25_15b,341,msc_valid,22,recency,0.2,17,4.147058823529412,70.5,3.9705882352941178,67.5,0.17647058823529438,3.0
qwen25_15b,341,msc_valid,22,lexical_tfidf,0.2,17,4.382352941176471,74.5,3.9705882352941178,67.5,0.41176470588235325,7.0
qwen25_15b,341,msc_valid,22,recency_keep_compress_drop,0.2,17,4.411764705882353,75.0,3.9705882352941178,67.5,0.4411764705882355,7.5
qwen25_15b,341,msc_valid,22,uniform,0.35,17,4.117647058823529,70.0,3.9705882352941178,67.5,0.14705882352941124,2.5
qwen25_15b,341,msc_valid,22,longllmlingua,0.35,17,4.352941176470588,74.0,3.9705882352941178,67.5,0.3823529411764701,6.5
qwen25_15b,341,msc_valid,22,recency,0.35,17,4.235294117647059,72.0,3.9705882352941178,67.5,0.2647058823529411,4.5
qwen25_15b,341,msc_valid,22,lexical_tfidf,0.35,17,4.0,68.0,3.9705882352941178,67.5,0.02941176470588225,0.5
qwen25_15b,341,msc_valid,22,recency_keep_compress_drop,0.35,17,4.235294117647059,72.0,3.9705882352941178,67.5,0.2647058823529411,4.5
qwen25_15b,341,msc_valid,22,uniform,0.5,17,4.117647058823529,70.0,3.9705882352941178,67.5,0.14705882352941124,2.5
qwen25_15b,341,msc_valid,22,longllmlingua,0.5,17,4.323529411764706,73.5,3.9705882352941178,67.5,0.35294117647058787,6.0
qwen25_15b,341,msc_valid,22,recency,0.5,17,4.0,68.0,3.9705882352941178,67.5,0.02941176470588225,0.5
qwen25_15b,341,msc_valid,22,lexical_tfidf,0.5,17,3.7941176470588234,64.5,3.9705882352941178,67.5,-0.17647058823529438,-3.0
qwen25_15b,341,msc_valid,22,recency_keep_compress_drop,0.5,17,4.147058823529412,70.5,3.9705882352941178,67.5,0.17647058823529438,3.0
qwen25_15b,341,msc_valid,26,uniform,0.2,35,2.9714285714285715,104.0,2.8857142857142857,101.0,0.08571428571428585,3.0
qwen25_15b,341,msc_valid,26,longllmlingua,0.2,35,2.8285714285714287,99.0,2.8857142857142857,101.0,-0.05714285714285694,-2.0
qwen25_15b,341,msc_valid,26,recency,0.2,35,2.914285714285714,102.0,2.8857142857142857,101.0,0.02857142857142847,1.0
qwen25_15b,341,msc_valid,26,lexical_tfidf,0.2,35,3.0,105.0,2.8857142857142857,101.0,0.11428571428571432,4.0
qwen25_15b,341,msc_valid,26,recency_keep_compress_drop,0.2,35,2.842857142857143,99.5,2.8857142857142857,101.0,-0.042857142857142705,-1.5
qwen25_15b,341,msc_valid,26,uniform,0.35,35,2.8285714285714287,99.0,2.8857142857142857,101.0,-0.05714285714285694,-2.0
qwen25_15b,341,msc_valid,26,longllmlingua,0.35,35,2.8142857142857145,98.5,2.8857142857142857,101.0,-0.07142857142857117,-2.5
qwen25_15b,341,msc_valid,26,recency,0.35,35,2.842857142857143,99.5,2.8857142857142857,101.0,-0.042857142857142705,-1.5
qwen25_15b,341,msc_valid,26,lexical_tfidf,0.35,35,2.8857142857142857,101.0,2.8857142857142857,101.0,0.0,0.0
qwen25_15b,341,msc_valid,26,recency_keep_compress_drop,0.35,35,2.8,98.0,2.8857142857142857,101.0,-0.08571428571428585,-3.0
qwen25_15b,341,msc_valid,26,uniform,0.5,35,2.842857142857143,99.5,2.8857142857142857,101.0,-0.042857142857142705,-1.5
qwen25_15b,341,msc_valid,26,longllmlingua,0.5,35,2.914285714285714,102.0,2.8857142857142857,101.0,0.02857142857142847,1.0
qwen25_15b,341,msc_valid,26,recency,0.5,35,2.914285714285714,102.0,2.8857142857142857,101.0,0.02857142857142847,1.0
qwen25_15b,341,msc_valid,26,lexical_tfidf,0.5,35,2.842857142857143,99.5,2.8857142857142857,101.0,-0.042857142857142705,-1.5
qwen25_15b,341,msc_valid,26,recency_keep_compress_drop,0.5,35,2.8142857142857145,98.5,2.8857142857142857,101.0,-0.07142857142857117,-2.5
qwen25_15b,341,msc_valid,30,uniform,0.2,35,2.5428571428571427,89.0,2.5,87.5,0.042857142857142705,1.5
qwen25_15b,341,msc_valid,30,longllmlingua,0.2,35,2.5714285714285716,90.0,2.5,87.5,0.07142857142857162,2.5
qwen25_15b,341,msc_valid,30,recency,0.2,35,2.5,87.5,2.5,87.5,0.0,0.0
qwen25_15b,341,msc_valid,30,lexical_tfidf,0.2,35,2.5,87.5,2.5,87.5,0.0,0.0
qwen25_15b,341,msc_valid,30,recency_keep_compress_drop,0.2,35,2.4714285714285715,86.5,2.5,87.5,-0.02857142857142847,-1.0
qwen25_15b,341,msc_valid,30,uniform,0.35,35,2.5,87.5,2.5,87.5,0.0,0.0
qwen25_15b,341,msc_valid,30,longllmlingua,0.35,35,2.6857142857142855,94.0,2.5,87.5,0.1857142857142855,6.5
qwen25_15b,341,msc_valid,30,recency,0.35,35,2.414285714285714,84.5,2.5,87.5,-0.08571428571428585,-3.0
qwen25_15b,341,msc_valid,30,lexical_tfidf,0.35,35,2.5,87.5,2.5,87.5,0.0,0.0
qwen25_15b,341,msc_valid,30,recency_keep_compress_drop,0.35,35,2.4857142857142858,87.0,2.5,87.5,-0.014285714285714235,-0.5
qwen25_15b,341,msc_valid,30,uniform,0.5,35,2.5714285714285716,90.0,2.5,87.5,0.07142857142857162,2.5
qwen25_15b,341,msc_valid,30,longllmlingua,0.5,35,2.657142857142857,93.0,2.5,87.5,0.15714285714285703,5.5
qwen25_15b,341,msc_valid,30,recency,0.5,35,2.4571428571428573,86.0,2.5,87.5,-0.042857142857142705,-1.5
qwen25_15b,341,msc_valid,30,lexical_tfidf,0.5,35,2.5428571428571427,89.0,2.5,87.5,0.042857142857142705,1.5
qwen25_15b,341,msc_valid,30,recency_keep_compress_drop,0.5,35,2.5142857142857142,88.0,2.5,87.5,0.014285714285714235,0.5
qwen25_15b,341,msc_valid,34,uniform,0.2,37,3.0675675675675675,113.5,2.810810810810811,104.0,0.2567567567567566,9.5
qwen25_15b,341,msc_valid,34,longllmlingua,0.2,37,3.0,111.0,2.810810810810811,104.0,0.18918918918918903,7.0
qwen25_15b,341,msc_valid,34,recency,0.2,37,2.891891891891892,107.0,2.810810810810811,104.0,0.08108108108108114,3.0
qwen25_15b,341,msc_valid,34,lexical_tfidf,0.2,37,2.891891891891892,107.0,2.810810810810811,104.0,0.08108108108108114,3.0
qwen25_15b,341,msc_valid,34,recency_keep_compress_drop,0.2,37,2.9324324324324325,108.5,2.810810810810811,104.0,0.12162162162162149,4.5
qwen25_15b,341,msc_valid,34,uniform,0.35,37,2.945945945945946,109.0,2.810810810810811,104.0,0.1351351351351351,5.0
qwen25_15b,341,msc_valid,34,longllmlingua,0.35,37,3.0,111.0,2.810810810810811,104.0,0.18918918918918903,7.0
qwen25_15b,341,msc_valid,34,recency,0.35,37,2.8378378378378377,105.0,2.810810810810811,104.0,0.02702702702702675,1.0
qwen25_15b,341,msc_valid,34,lexical_tfidf,0.35,37,2.824324324324324,104.5,2.810810810810811,104.0,0.013513513513513153,0.5
qwen25_15b,341,msc_valid,34,recency_keep_compress_drop,0.35,37,2.918918918918919,108.0,2.810810810810811,104.0,0.10810810810810789,4.0
qwen25_15b,341,msc_valid,34,uniform,0.5,37,2.9054054054054053,107.5,2.810810810810811,104.0,0.0945945945945943,3.5
qwen25_15b,341,msc_valid,34,longllmlingua,0.5,37,3.0135135135135136,111.5,2.810810810810811,104.0,0.20270270270270263,7.5
qwen25_15b,341,msc_valid,34,recency,0.5,37,2.824324324324324,104.5,2.810810810810811,104.0,0.013513513513513153,0.5
qwen25_15b,341,msc_valid,34,lexical_tfidf,0.5,37,2.7972972972972974,103.5,2.810810810810811,104.0,-0.013513513513513598,-0.5
qwen25_15b,341,msc_valid,34,recency_keep_compress_drop,0.5,37,2.824324324324324,104.5,2.810810810810811,104.0,0.013513513513513153,0.5
qwen25_15b,341,msc_valid,38,uniform,0.2,27,3.0925925925925926,83.5,1.5192307692307692,19.75,1.5733618233618234,63.75
qwen25_15b,341,msc_valid,38,longllmlingua,0.2,27,3.0,81.0,1.5192307692307692,19.75,1.4807692307692308,61.25
qwen25_15b,341,msc_valid,38,recency,0.2,27,3.2962962962962963,89.0,1.5192307692307692,19.75,1.7770655270655271,69.25
qwen25_15b,341,msc_valid,38,lexical_tfidf,0.2,27,3.425925925925926,92.5,1.5192307692307692,19.75,1.9066951566951569,72.75
qwen25_15b,341,msc_valid,38,recency_keep_compress_drop,0.2,27,3.1481481481481484,85.0,1.5192307692307692,19.75,1.6289173789173792,65.25
qwen25_15b,341,msc_valid,38,uniform,0.35,27,2.925925925925926,79.0,1.5192307692307692,19.75,1.4066951566951569,59.25
qwen25_15b,341,msc_valid,38,longllmlingua,0.35,27,2.8333333333333335,76.5,1.5192307692307692,19.75,1.3141025641025643,56.75
qwen25_15b,341,msc_valid,38,recency,0.35,27,3.240740740740741,87.5,1.5192307692307692,19.75,1.7215099715099718,67.75
qwen25_15b,341,msc_valid,38,lexical_tfidf,0.35,27,3.185185185185185,86.0,1.5192307692307692,19.75,1.665954415954416,66.25
qwen25_15b,341,msc_valid,38,recency_keep_compress_drop,0.35,27,3.037037037037037,82.0,1.5192307692307692,19.75,1.517806267806268,62.25
qwen25_15b,341,msc_valid,38,uniform,0.5,27,2.7222222222222223,73.5,1.5192307692307692,19.75,1.2029914529914532,53.75
qwen25_15b,341,msc_valid,38,longllmlingua,0.5,27,2.9444444444444446,79.5,1.5192307692307692,19.75,1.4252136752136755,59.75
qwen25_15b,341,msc_valid,38,recency,0.5,27,3.0555555555555554,82.5,1.5192307692307692,19.75,1.5363247863247862,62.75
qwen25_15b,341,msc_valid,38,lexical_tfidf,0.5,27,2.8518518518518516,77.0,1.5192307692307692,19.75,1.3326210826210825,57.25
qwen25_15b,341,msc_valid,38,recency_keep_compress_drop,0.5,27,3.0185185185185186,81.5,1.5192307692307692,19.75,1.4992877492877494,61.75
qwen25_15b,341,msc_valid,42,uniform,0.2,26,2.3846153846153846,62.0,0.0,0.0,2.3846153846153846,62.0
qwen25_15b,341,msc_valid,42,longllmlingua,0.2,26,2.451923076923077,63.75,0.0,0.0,2.451923076923077,63.75
qwen25_15b,341,msc_valid,42,recency,0.2,26,2.673076923076923,69.5,0.0,0.0,2.673076923076923,69.5
qwen25_15b,341,msc_valid,42,lexical_tfidf,0.2,26,2.5576923076923075,66.5,0.0,0.0,2.5576923076923075,66.5
qwen25_15b,341,msc_valid,42,recency_keep_compress_drop,0.2,26,2.769230769230769,72.0,0.0,0.0,2.769230769230769,72.0
qwen25_15b,341,msc_valid,42,uniform,0.35,26,2.4615384615384617,64.0,0.0,0.0,2.4615384615384617,64.0
qwen25_15b,341,msc_valid,42,longllmlingua,0.35,26,2.480769230769231,64.5,0.0,0.0,2.480769230769231,64.5
qwen25_15b,341,msc_valid,42,recency,0.35,26,2.6538461538461537,69.0,0.0,0.0,2.6538461538461537,69.0
qwen25_15b,341,msc_valid,42,lexical_tfidf,0.35,26,2.480769230769231,64.5,0.0,0.0,2.480769230769231,64.5
qwen25_15b,341,msc_valid,42,recency_keep_compress_drop,0.35,26,2.6153846153846154,68.0,0.0,0.0,2.6153846153846154,68.0
qwen25_15b,341,msc_valid,42,uniform,0.5,26,2.519230769230769,65.5,0.0,0.0,2.519230769230769,65.5
qwen25_15b,341,msc_valid,42,longllmlingua,0.5,26,2.519230769230769,65.5,0.0,0.0,2.519230769230769,65.5
qwen25_15b,341,msc_valid,42,recency,0.5,26,2.769230769230769,72.0,0.0,0.0,2.769230769230769,72.0
qwen25_15b,341,msc_valid,42,lexical_tfidf,0.5,26,2.576923076923077,67.0,0.0,0.0,2.576923076923077,67.0
qwen25_15b,341,msc_valid,42,recency_keep_compress_drop,0.5,26,2.5384615384615383,66.0,0.0,0.0,2.5384615384615383,66.0
qwen25_15b,341,msc_valid,46,uniform,0.2,23,4.391304347826087,101.0,0.0,0.0,4.391304347826087,101.0
qwen25_15b,341,msc_valid,46,longllmlingua,0.2,23,4.391304347826087,101.0,0.0,0.0,4.391304347826087,101.0
qwen25_15b,341,msc_valid,46,recency,0.2,23,4.369565217391305,100.5,0.0,0.0,4.369565217391305,100.5
qwen25_15b,341,msc_valid,46,lexical_tfidf,0.2,23,4.391304347826087,101.0,0.0,0.0,4.391304347826087,101.0
qwen25_15b,341,msc_valid,46,recency_keep_compress_drop,0.2,23,4.304347826086956,99.0,0.0,0.0,4.304347826086956,99.0
qwen25_15b,341,msc_valid,46,uniform,0.35,23,4.304347826086956,99.0,0.0,0.0,4.304347826086956,99.0
qwen25_15b,341,msc_valid,46,longllmlingua,0.35,23,4.456521739130435,102.5,0.0,0.0,4.456521739130435,102.5
qwen25_15b,341,msc_valid,46,recency,0.35,23,4.3478260869565215,100.0,0.0,0.0,4.3478260869565215,100.0
qwen25_15b,341,msc_valid,46,lexical_tfidf,0.35,23,4.3478260869565215,100.0,0.0,0.0,4.3478260869565215,100.0
qwen25_15b,341,msc_valid,46,recency_keep_compress_drop,0.35,23,4.369565217391305,100.5,0.0,0.0,4.369565217391305,100.5
qwen25_15b,341,msc_valid,46,uniform,0.5,23,4.282608695652174,98.5,0.0,0.0,4.282608695652174,98.5
qwen25_15b,341,msc_valid,46,longllmlingua,0.5,23,4.456521739130435,102.5,0.0,0.0,4.456521739130435,102.5
qwen25_15b,341,msc_valid,46,recency,0.5,23,4.391304347826087,101.0,0.0,0.0,4.391304347826087,101.0
qwen25_15b,341,msc_valid,46,lexical_tfidf,0.5,23,4.326086956521739,99.5,0.0,0.0,4.326086956521739,99.5
qwen25_15b,341,msc_valid,46,recency_keep_compress_drop,0.5,23,4.369565217391305,100.5,0.0,0.0,4.369565217391305,100.5
qwen25_15b,341,msc_valid,48,uniform,0.2,21,3.119047619047619,65.5,0.0,0.0,3.119047619047619,65.5
qwen25_15b,341,msc_valid,48,longllmlingua,0.2,21,3.4761904761904763,73.0,0.0,0.0,3.4761904761904763,73.0
qwen25_15b,341,msc_valid,48,recency,0.2,21,2.9761904761904763,62.5,0.0,0.0,2.9761904761904763,62.5
qwen25_15b,341,msc_valid,48,lexical_tfidf,0.2,21,2.9761904761904763,62.5,0.0,0.0,2.9761904761904763,62.5
qwen25_15b,341,msc_valid,48,recency_keep_compress_drop,0.2,21,2.9523809523809526,62.0,0.0,0.0,2.9523809523809526,62.0
qwen25_15b,341,msc_valid,48,uniform,0.35,21,3.119047619047619,65.5,0.0,0.0,3.119047619047619,65.5
qwen25_15b,341,msc_valid,48,longllmlingua,0.35,21,3.4285714285714284,72.0,0.0,0.0,3.4285714285714284,72.0
qwen25_15b,341,msc_valid,48,recency,0.35,21,2.9761904761904763,62.5,0.0,0.0,2.9761904761904763,62.5
qwen25_15b,341,msc_valid,48,lexical_tfidf,0.35,21,3.0238095238095237,63.5,0.0,0.0,3.0238095238095237,63.5
qwen25_15b,341,msc_valid,48,recency_keep_compress_drop,0.35,21,2.8333333333333335,59.5,0.0,0.0,2.8333333333333335,59.5
qwen25_15b,341,msc_valid,48,uniform,0.5,21,3.0952380952380953,65.0,0.0,0.0,3.0952380952380953,65.0
qwen25_15b,341,msc_valid,48,longllmlingua,0.5,21,3.380952380952381,71.0,0.0,0.0,3.380952380952381,71.0
qwen25_15b,341,msc_valid,48,recency,0.5,21,2.9047619047619047,61.0,0.0,0.0,2.9047619047619047,61.0
qwen25_15b,341,msc_valid,48,lexical_tfidf,0.5,21,2.988095238095238,62.75,0.0,0.0,2.988095238095238,62.75
qwen25_15b,341,msc_valid,48,recency_keep_compress_drop,0.5,21,2.9285714285714284,61.5,0.0,0.0,2.9285714285714284,61.5
qwen25_15b,341,msc_valid,52,uniform,0.2,31,2.064516129032258,64.0,0.0,0.0,2.064516129032258,64.0
qwen25_15b,341,msc_valid,52,longllmlingua,0.2,31,2.064516129032258,64.0,0.0,0.0,2.064516129032258,64.0
qwen25_15b,341,msc_valid,52,recency,0.2,31,1.9838709677419355,61.5,0.0,0.0,1.9838709677419355,61.5
qwen25_15b,341,msc_valid,52,lexical_tfidf,0.2,31,1.967741935483871,61.0,0.0,0.0,1.967741935483871,61.0
qwen25_15b,341,msc_valid,52,recency_keep_compress_drop,0.2,31,1.9274193548387097,59.75,0.0,0.0,1.9274193548387097,59.75
qwen25_15b,341,msc_valid,52,uniform,0.35,31,1.9919354838709677,61.75,0.0,0.0,1.9919354838709677,61.75
qwen25_15b,341,msc_valid,52,longllmlingua,0.35,31,2.032258064516129,63.0,0.0,0.0,2.032258064516129,63.0
qwen25_15b,341,msc_valid,52,recency,0.35,31,1.9516129032258065,60.5,0.0,0.0,1.9516129032258065,60.5
qwen25_15b,341,msc_valid,52,lexical_tfidf,0.35,31,1.9596774193548387,60.75,0.0,0.0,1.9596774193548387,60.75
qwen25_15b,341,msc_valid,52,recency_keep_compress_drop,0.35,31,1.9516129032258065,60.5,0.0,0.0,1.9516129032258065,60.5
qwen25_15b,341,msc_valid,52,uniform,0.5,31,2.0806451612903225,64.5,0.0,0.0,2.0806451612903225,64.5
qwen25_15b,341,msc_valid,52,longllmlingua,0.5,31,2.032258064516129,63.0,0.0,0.0,2.032258064516129,63.0
qwen25_15b,341,msc_valid,52,recency,0.5,31,1.903225806451613,59.0,0.0,0.0,1.903225806451613,59.0
qwen25_15b,341,msc_valid,52,lexical_tfidf,0.5,31,1.9596774193548387,60.75,0.0,0.0,1.9596774193548387,60.75
qwen25_15b,341,msc_valid,52,recency_keep_compress_drop,0.5,31,1.9112903225806452,59.25,0.0,0.0,1.9112903225806452,59.25
qwen25_15b,341,msc_valid,56,uniform,0.2,26,2.0384615384615383,53.0,0.0,0.0,2.0384615384615383,53.0
qwen25_15b,341,msc_valid,56,longllmlingua,0.2,26,2.048076923076923,53.25,0.0,0.0,2.048076923076923,53.25
qwen25_15b,341,msc_valid,56,recency,0.2,26,1.9807692307692308,51.5,0.0,0.0,1.9807692307692308,51.5
qwen25_15b,341,msc_valid,56,lexical_tfidf,0.2,26,2.048076923076923,53.25,0.0,0.0,2.048076923076923,53.25
qwen25_15b,341,msc_valid,56,recency_keep_compress_drop,0.2,26,1.8942307692307692,49.25,0.0,0.0,1.8942307692307692,49.25
qwen25_15b,341,msc_valid,56,uniform,0.35,26,1.9134615384615385,49.75,0.0,0.0,1.9134615384615385,49.75
qwen25_15b,341,msc_valid,56,longllmlingua,0.35,26,2.173076923076923,56.5,0.0,0.0,2.173076923076923,56.5
qwen25_15b,341,msc_valid,56,recency,0.35,26,1.9423076923076923,50.5,0.0,0.0,1.9423076923076923,50.5
qwen25_15b,341,msc_valid,56,lexical_tfidf,0.35,26,1.9423076923076923,50.5,0.0,0.0,1.9423076923076923,50.5
qwen25_15b,341,msc_valid,56,recency_keep_compress_drop,0.35,26,1.9519230769230769,50.75,0.0,0.0,1.9519230769230769,50.75
qwen25_15b,341,msc_valid,56,uniform,0.5,26,2.0,52.0,0.0,0.0,2.0,52.0
qwen25_15b,341,msc_valid,56,longllmlingua,0.5,26,2.1538461538461537,56.0,0.0,0.0,2.1538461538461537,56.0
qwen25_15b,341,msc_valid,56,recency,0.5,0,0.0,0.0,0.0,0.0,0.0,0.0
qwen25_15b,341,msc_valid,56,lexical_tfidf,0.5,10,1.7375,17.375,0.0,0.0,1.7375,17.375
qwen25_15b,341,msc_valid,56,recency_keep_compress_drop,0.5,0,0.0,0.0,0.0,0.0,0.0,0.0
qwen25_15b,341,msc_valid,60,uniform,0.2,26,2.423076923076923,63.0,0.0,0.0,2.423076923076923,63.0
qwen25_15b,341,msc_valid,60,longllmlingua,0.2,26,2.480769230769231,64.5,0.0,0.0,2.480769230769231,64.5
qwen25_15b,341,msc_valid,60,recency,0.2,26,2.4326923076923075,63.25,0.0,0.0,2.4326923076923075,63.25
qwen25_15b,341,msc_valid,60,lexical_tfidf,0.2,26,2.5,65.0,0.0,0.0,2.5,65.0
qwen25_15b,341,msc_valid,60,recency_keep_compress_drop,0.2,26,2.394230769230769,62.25,0.0,0.0,2.394230769230769,62.25
qwen25_15b,341,msc_valid,60,uniform,0.35,26,2.423076923076923,63.0,0.0,0.0,2.423076923076923,63.0
qwen25_15b,341,msc_valid,60,longllmlingua,0.35,26,2.5576923076923075,66.5,0.0,0.0,2.5576923076923075,66.5
qwen25_15b,341,msc_valid,60,recency,0.35,26,2.3846153846153846,62.0,0.0,0.0,2.3846153846153846,62.0
qwen25_15b,341,msc_valid,60,lexical_tfidf,0.35,26,2.394230769230769,62.25,0.0,0.0,2.394230769230769,62.25
qwen25_15b,341,msc_valid,60,recency_keep_compress_drop,0.35,26,2.3653846153846154,61.5,0.0,0.0,2.3653846153846154,61.5
qwen25_15b,341,msc_valid,60,uniform,0.5,26,2.5,65.0,0.0,0.0,2.5,65.0
qwen25_15b,341,msc_valid,60,longllmlingua,0.5,26,2.5,65.0,0.0,0.0,2.5,65.0
qwen25_15b,341,msc_valid,60,recency,0.5,0,0.0,0.0,0.0,0.0,0.0,0.0
qwen25_15b,341,msc_valid,60,lexical_tfidf,0.5,0,0.0,0.0,0.0,0.0,0.0,0.0
qwen25_15b,341,msc_valid,60,recency_keep_compress_drop,0.5,0,0.0,0.0,0.0,0.0,0.0,0.0
qwen25_15b,348,msc_valid,4,uniform,0.2,23,3.3260869565217392,76.5,2.9347826086956523,67.5,0.3913043478260869,9.0
qwen25_15b,348,msc_valid,4,longllmlingua,0.2,23,2.7282608695652173,62.75,2.9347826086956523,67.5,-0.20652173913043503,-4.75
qwen25_15b,348,msc_valid,4,recency,0.2,23,3.3260869565217392,76.5,2.9347826086956523,67.5,0.3913043478260869,9.0
qwen25_15b,348,msc_valid,4,lexical_tfidf,0.2,23,3.3260869565217392,76.5,2.9347826086956523,67.5,0.3913043478260869,9.0
qwen25_15b,348,msc_valid,4,recency_keep_compress_drop,0.2,23,3.3260869565217392,76.5,2.9347826086956523,67.5,0.3913043478260869,9.0
qwen25_15b,348,msc_valid,4,uniform,0.35,23,3.3260869565217392,76.5,2.9347826086956523,67.5,0.3913043478260869,9.0
qwen25_15b,348,msc_valid,4,longllmlingua,0.35,23,2.75,63.25,2.9347826086956523,67.5,-0.18478260869565233,-4.25
qwen25_15b,348,msc_valid,4,recency,0.35,23,3.3260869565217392,76.5,2.9347826086956523,67.5,0.3913043478260869,9.0
qwen25_15b,348,msc_valid,4,lexical_tfidf,0.35,23,3.3260869565217392,76.5,2.9347826086956523,67.5,0.3913043478260869,9.0
qwen25_15b,348,msc_valid,4,recency_keep_compress_drop,0.35,23,3.3260869565217392,76.5,2.9347826086956523,67.5,0.3913043478260869,9.0
qwen25_15b,348,msc_valid,4,uniform,0.5,23,3.0434782608695654,70.0,2.9347826086956523,67.5,0.10869565217391308,2.5
qwen25_15b,348,msc_valid,4,longllmlingua,0.5,23,2.8260869565217392,65.0,2.9347826086956523,67.5,-0.10869565217391308,-2.5
qwen25_15b,348,msc_valid,4,recency,0.5,23,3.0434782608695654,70.0,2.9347826086956523,67.5,0.10869565217391308,2.5
qwen25_15b,348,msc_valid,4,lexical_tfidf,0.5,23,3.0434782608695654,70.0,2.9347826086956523,67.5,0.10869565217391308,2.5
qwen25_15b,348,msc_valid,4,recency_keep_compress_drop,0.5,23,3.0434782608695654,70.0,2.9347826086956523,67.5,0.10869565217391308,2.5
qwen25_15b,348,msc_valid,8,uniform,0.2,18,3.486111111111111,62.75,3.1805555555555554,57.25,0.3055555555555558,5.5
qwen25_15b,348,msc_valid,8,longllmlingua,0.2,18,3.2777777777777777,59.0,3.1805555555555554,57.25,0.09722222222222232,1.75
qwen25_15b,348,msc_valid,8,recency,0.2,18,3.611111111111111,65.0,3.1805555555555554,57.25,0.4305555555555558,7.75
qwen25_15b,348,msc_valid,8,lexical_tfidf,0.2,18,3.611111111111111,65.0,3.1805555555555554,57.25,0.4305555555555558,7.75
qwen25_15b,348,msc_valid,8,recency_keep_compress_drop,0.2,18,3.611111111111111,65.0,3.1805555555555554,57.25,0.4305555555555558,7.75
qwen25_15b,348,msc_valid,8,uniform,0.35,18,3.638888888888889,65.5,3.1805555555555554,57.25,0.4583333333333335,8.25
qwen25_15b,348,msc_valid,8,longllmlingua,0.35,18,3.1805555555555554,57.25,3.1805555555555554,57.25,0.0,0.0
qwen25_15b,348,msc_valid,8,recency,0.35,18,3.375,60.75,3.1805555555555554,57.25,0.19444444444444464,3.5
qwen25_15b,348,msc_valid,8,lexical_tfidf,0.35,18,3.375,60.75,3.1805555555555554,57.25,0.19444444444444464,3.5
qwen25_15b,348,msc_valid,8,recency_keep_compress_drop,0.35,18,3.3055555555555554,59.5,3.1805555555555554,57.25,0.125,2.25
qwen25_15b,348,msc_valid,8,uniform,0.5,18,3.4305555555555554,61.75,3.1805555555555554,57.25,0.25,4.5
qwen25_15b,348,msc_valid,8,longllmlingua,0.5,18,3.25,58.5,3.1805555555555554,57.25,0.06944444444444464,1.25
qwen25_15b,348,msc_valid,8,recency,0.5,18,3.3472222222222223,60.25,3.1805555555555554,57.25,0.16666666666666696,3.0
qwen25_15b,348,msc_valid,8,lexical_tfidf,0.5,18,3.3333333333333335,60.0,3.1805555555555554,57.25,0.15277777777777812,2.75
qwen25_15b,348,msc_valid,8,recency_keep_compress_drop,0.5,18,3.138888888888889,56.5,3.1805555555555554,57.25,-0.04166666666666652,-0.75
qwen25_15b,348,msc_valid,12,uniform,0.2,21,2.2857142857142856,48.0,1.869047619047619,39.25,0.4166666666666665,8.75
qwen25_15b,348,msc_valid,12,longllmlingua,0.2,21,2.25,47.25,1.869047619047619,39.25,0.38095238095238093,8.0
qwen25_15b,348,msc_valid,12,recency,0.2,21,2.1547619047619047,45.25,1.869047619047619,39.25,0.2857142857142856,6.0
qwen25_15b,348,msc_valid,12,lexical_tfidf,0.2,21,2.2023809523809526,46.25,1.869047619047619,39.25,0.3333333333333335,7.0
qwen25_15b,348,msc_valid,12,recency_keep_compress_drop,0.2,21,2.119047619047619,44.5,1.869047619047619,39.25,0.25,5.25
qwen25_15b,348,msc_valid,12,uniform,0.35,21,2.2142857142857144,46.5,1.869047619047619,39.25,0.34523809523809534,7.25
qwen25_15b,348,msc_valid,12,longllmlingua,0.35,21,2.2857142857142856,48.0,1.869047619047619,39.25,0.4166666666666665,8.75
qwen25_15b,348,msc_valid,12,recency,0.35,21,2.142857142857143,45.0,1.869047619047619,39.25,0.2738095238095237,5.75
qwen25_15b,348,msc_valid,12,lexical_tfidf,0.35,21,2.119047619047619,44.5,1.869047619047619,39.25,0.25,5.25
qwen25_15b,348,msc_valid,12,recency_keep_compress_drop,0.35,21,2.0476190476190474,43.0,1.869047619047619,39.25,0.17857142857142838,3.75
qwen25_15b,348,msc_valid,12,uniform,0.5,21,2.130952380952381,44.75,1.869047619047619,39.25,0.26190476190476186,5.5
qwen25_15b,348,msc_valid,12,longllmlingua,0.5,21,2.2976190476190474,48.25,1.869047619047619,39.25,0.4285714285714284,9.0
qwen25_15b,348,msc_valid,12,recency,0.5,21,1.9166666666666667,40.25,1.869047619047619,39.25,0.04761904761904767,1.0
qwen25_15b,348,msc_valid,12,lexical_tfidf,0.5,21,2.0357142857142856,42.75,1.869047619047619,39.25,0.16666666666666652,3.5
qwen25_15b,348,msc_valid,12,recency_keep_compress_drop,0.5,21,1.9285714285714286,40.5,1.869047619047619,39.25,0.059523809523809534,1.25
qwen25_15b,348,msc_valid,16,uniform,0.2,32,3.21875,103.0,2.34375,75.0,0.875,28.0
qwen25_15b,348,msc_valid,16,longllmlingua,0.2,32,2.6875,86.0,2.34375,75.0,0.34375,11.0
qwen25_15b,348,msc_valid,16,recency,0.2,32,3.0,96.0,2.34375,75.0,0.65625,21.0
qwen25_15b,348,msc_valid,16,lexical_tfidf,0.2,32,2.84375,91.0,2.34375,75.0,0.5,16.0
qwen25_15b,348,msc_valid,16,recency_keep_compress_drop,0.2,32,2.953125,94.5,2.34375,75.0,0.609375,19.5
qwen25_15b,348,msc_valid,16,uniform,0.35,32,2.625,84.0,2.34375,75.0,0.28125,9.0
qwen25_15b,348,msc_valid,16,longllmlingua,0.35,32,2.53125,81.0,2.34375,75.0,0.1875,6.0
qwen25_15b,348,msc_valid,16,recency,0.35,32,2.890625,92.5,2.34375,75.0,0.546875,17.5
qwen25_15b,348,msc_valid,16,lexical_tfidf,0.35,32,2.8125,90.0,2.34375,75.0,0.46875,15.0
qwen25_15b,348,msc_valid,16,recency_keep_compress_drop,0.35,32,2.8125,90.0,2.34375,75.0,0.46875,15.0
qwen25_15b,348,msc_valid,16,uniform,0.5,32,2.421875,77.5,2.34375,75.0,0.078125,2.5
qwen25_15b,348,msc_valid,16,longllmlingua,0.5,32,2.5625,82.0,2.34375,75.0,0.21875,7.0
qwen25_15b,348,msc_valid,16,recency,0.5,32,2.734375,87.5,2.34375,75.0,0.390625,12.5
qwen25_15b,348,msc_valid,16,lexical_tfidf,0.5,32,2.78125,89.0,2.34375,75.0,0.4375,14.0
qwen25_15b,348,msc_valid,16,recency_keep_compress_drop,0.5,32,2.375,76.0,2.34375,75.0,0.03125,1.0
qwen25_15b,348,msc_valid,20,uniform,0.2,40,3.025,121.0,2.525,101.0,0.5,20.0
qwen25_15b,348,msc_valid,20,longllmlingua,0.2,40,2.8,112.0,2.525,101.0,0.2749999999999999,11.0
qwen25_15b,348,msc_valid,20,recency,0.2,40,2.8125,112.5,2.525,101.0,0.2875000000000001,11.5
qwen25_15b,348,msc_valid,20,lexical_tfidf,0.2,40,2.8,112.0,2.525,101.0,0.2749999999999999,11.0
qwen25_15b,348,msc_valid,20,recency_keep_compress_drop,0.2,40,2.825,113.0,2.525,101.0,0.30000000000000027,12.0
qwen25_15b,348,msc_valid,20,uniform,0.35,40,2.9125,116.5,2.525,101.0,0.3875000000000002,15.5
qwen25_15b,348,msc_valid,20,longllmlingua,0.35,40,2.6375,105.5,2.525,101.0,0.11250000000000027,4.5
qwen25_15b,348,msc_valid,20,recency,0.35,40,2.8375,113.5,2.525,101.0,0.3125,12.5
qwen25_15b,348,msc_valid,20,lexical_tfidf,0.35,40,2.6625,106.5,2.525,101.0,0.13750000000000018,5.5
qwen25_15b,348,msc_valid,20,recency_keep_compress_drop,0.35,40,2.7375,109.5,2.525,101.0,0.2124999999999999,8.5
qwen25_15b,348,msc_valid,20,uniform,0.5,40,2.7,108.0,2.525,101.0,0.17500000000000027,7.0
qwen25_15b,348,msc_valid,20,longllmlingua,0.5,40,2.625,105.0,2.525,101.0,0.10000000000000009,4.0
qwen25_15b,348,msc_valid,20,recency,0.5,40,2.7375,109.5,2.525,101.0,0.2124999999999999,8.5
qwen25_15b,348,msc_valid,20,lexical_tfidf,0.5,40,2.6625,106.5,2.525,101.0,0.13750000000000018,5.5
qwen25_15b,348,msc_valid,20,recency_keep_compress_drop,0.5,40,2.625,105.0,2.525,101.0,0.10000000000000009,4.0
qwen25_15b,348,msc_valid,24,uniform,0.2,42,3.0476190476190474,128.0,2.9285714285714284,123.0,0.11904761904761907,5.0
qwen25_15b,348,msc_valid,24,longllmlingua,0.2,42,3.011904761904762,126.5,2.9285714285714284,123.0,0.08333333333333348,3.5
qwen25_15b,348,msc_valid,24,recency,0.2,42,3.0357142857142856,127.5,2.9285714285714284,123.0,0.1071428571428572,4.5
qwen25_15b,348,msc_valid,24,lexical_tfidf,0.2,42,3.0357142857142856,127.5,2.9285714285714284,123.0,0.1071428571428572,4.5
qwen25_15b,348,msc_valid,24,recency_keep_compress_drop,0.2,42,3.0,126.0,2.9285714285714284,123.0,0.07142857142857162,3.0
qwen25_15b,348,msc_valid,24,uniform,0.35,42,3.0714285714285716,129.0,2.9285714285714284,123.0,0.14285714285714324,6.0
qwen25_15b,348,msc_valid,24,longllmlingua,0.35,42,2.9761904761904763,125.0,2.9285714285714284,123.0,0.047619047619047894,2.0
qwen25_15b,348,msc_valid,24,recency,0.35,42,2.9523809523809526,124.0,2.9285714285714284,123.0,0.02380952380952417,1.0
qwen25_15b,348,msc_valid,24,lexical_tfidf,0.35,42,3.0476190476190474,128.0,2.9285714285714284,123.0,0.11904761904761907,5.0
qwen25_15b,348,msc_valid,24,recency_keep_compress_drop,0.35,42,2.988095238095238,125.5,2.9285714285714284,123.0,0.059523809523809756,2.5
qwen25_15b,348,msc_valid,24,uniform,0.5,42,3.0476190476190474,128.0,2.9285714285714284,123.0,0.11904761904761907,5.0
qwen25_15b,348,msc_valid,24,longllmlingua,0.5,42,3.0,126.0,2.9285714285714284,123.0,0.07142857142857162,3.0
qwen25_15b,348,msc_valid,24,recency,0.5,42,2.9523809523809526,124.0,2.9285714285714284,123.0,0.02380952380952417,1.0
qwen25_15b,348,msc_valid,24,lexical_tfidf,0.5,42,3.0357142857142856,127.5,2.9285714285714284,123.0,0.1071428571428572,4.5
qwen25_15b,348,msc_valid,24,recency_keep_compress_drop,0.5,42,2.9642857142857144,124.5,2.9285714285714284,123.0,0.03571428571428603,1.5
qwen25_15b,348,msc_valid,28,uniform,0.2,17,2.073529411764706,35.25,2.0588235294117645,35.0,0.014705882352941568,0.25
qwen25_15b,348,msc_valid,28,longllmlingua,0.2,17,1.9411764705882353,33.0,2.0588235294117645,35.0,-0.11764705882352922,-2.0
qwen25_15b,348,msc_valid,28,recency,0.2,17,2.176470588235294,37.0,2.0588235294117645,35.0,0.11764705882352944,2.0
qwen25_15b,348,msc_valid,28,lexical_tfidf,0.2,17,2.2205882352941178,37.75,2.0588235294117645,35.0,0.16176470588235325,2.75
qwen25_15b,348,msc_valid,28,recency_keep_compress_drop,0.2,17,2.161764705882353,36.75,2.0588235294117645,35.0,0.10294117647058831,1.75
qwen25_15b,348,msc_valid,28,uniform,0.35,17,1.9705882352941178,33.5,2.0588235294117645,35.0,-0.08823529411764675,-1.5
qwen25_15b,348,msc_valid,28,longllmlingua,0.35,17,1.9411764705882353,33.0,2.0588235294117645,35.0,-0.11764705882352922,-2.0
qwen25_15b,348,msc_valid,28,recency,0.35,17,2.0588235294117645,35.0,2.0588235294117645,35.0,0.0,0.0
qwen25_15b,348,msc_valid,28,lexical_tfidf,0.35,17,2.0441176470588234,34.75,2.0588235294117645,35.0,-0.014705882352941124,-0.25
qwen25_15b,348,msc_valid,28,recency_keep_compress_drop,0.35,17,2.014705882352941,34.25,2.0588235294117645,35.0,-0.04411764705882337,-0.75
qwen25_15b,348,msc_valid,28,uniform,0.5,17,1.9558823529411764,33.25,2.0588235294117645,35.0,-0.10294117647058809,-1.75
qwen25_15b,348,msc_valid,28,longllmlingua,0.5,17,2.0294117647058822,34.5,2.0588235294117645,35.0,-0.02941176470588225,-0.5
qwen25_15b,348,msc_valid,28,recency,0.5,17,1.9558823529411764,33.25,2.0588235294117645,35.0,-0.10294117647058809,-1.75
qwen25_15b,348,msc_valid,28,lexical_tfidf,0.5,17,2.1470588235294117,36.5,2.0588235294117645,35.0,0.08823529411764719,1.5
qwen25_15b,348,msc_valid,28,recency_keep_compress_drop,0.5,17,2.0,34.0,2.0588235294117645,35.0,-0.0588235294117645,-1.0
qwen25_15b,348,msc_valid,32,uniform,0.2,19,2.9473684210526314,56.0,2.723684210526316,51.75,0.22368421052631549,4.25
qwen25_15b,348,msc_valid,32,longllmlingua,0.2,19,2.9210526315789473,55.5,2.723684210526316,51.75,0.19736842105263142,3.75
qwen25_15b,348,msc_valid,32,recency,0.2,19,2.973684210526316,56.5,2.723684210526316,51.75,0.25,4.75
qwen25_15b,348,msc_valid,32,lexical_tfidf,0.2,19,2.9342105263157894,55.75,2.723684210526316,51.75,0.21052631578947345,4.0
qwen25_15b,348,msc_valid,32,recency_keep_compress_drop,0.2,19,2.8026315789473686,53.25,2.723684210526316,51.75,0.07894736842105265,1.5
qwen25_15b,348,msc_valid,32,uniform,0.35,19,2.9078947368421053,55.25,2.723684210526316,51.75,0.18421052631578938,3.5
qwen25_15b,348,msc_valid,32,longllmlingua,0.35,19,2.8289473684210527,53.75,2.723684210526316,51.75,0.10526315789473673,2.0
qwen25_15b,348,msc_valid,32,recency,0.35,19,2.8026315789473686,53.25,2.723684210526316,51.75,0.07894736842105265,1.5
qwen25_15b,348,msc_valid,32,lexical_tfidf,0.35,19,2.8421052631578947,54.0,2.723684210526316,51.75,0.11842105263157876,2.25
qwen25_15b,348,msc_valid,32,recency_keep_compress_drop,0.35,19,2.75,52.25,2.723684210526316,51.75,0.02631578947368407,0.5
qwen25_15b,348,msc_valid,32,uniform,0.5,19,2.8026315789473686,53.25,2.723684210526316,51.75,0.07894736842105265,1.5
qwen25_15b,348,msc_valid,32,longllmlingua,0.5,19,2.8157894736842106,53.5,2.723684210526316,51.75,0.09210526315789469,1.75
qwen25_15b,348,msc_valid,32,recency,0.5,19,2.710526315789474,51.5,2.723684210526316,51.75,-0.013157894736842035,-0.25
qwen25_15b,348,msc_valid,32,lexical_tfidf,0.5,19,2.710526315789474,51.5,2.723684210526316,51.75,-0.013157894736842035,-0.25
qwen25_15b,348,msc_valid,32,recency_keep_compress_drop,0.5,19,2.776315789473684,52.75,2.723684210526316,51.75,0.05263157894736814,1.0
qwen25_15b,348,msc_valid,34,uniform,0.2,20,2.0625,41.25,1.8125,36.25,0.25,5.0
qwen25_15b,348,msc_valid,34,longllmlingua,0.2,20,1.975,39.5,1.8125,36.25,0.1625000000000001,3.25
qwen25_15b,348,msc_valid,34,recency,0.2,20,1.8125,36.25,1.8125,36.25,0.0,0.0
qwen25_15b,348,msc_valid,34,lexical_tfidf,0.2,20,2.0375,40.75,1.8125,36.25,0.2250000000000001,4.5
qwen25_15b,348,msc_valid,34,recency_keep_compress_drop,0.2,20,2.025,40.5,1.8125,36.25,0.2124999999999999,4.25
qwen25_15b,348,msc_valid,34,uniform,0.35,20,1.9625,39.25,1.8125,36.25,0.1499999999999999,3.0
qwen25_15b,348,msc_valid,34,longllmlingua,0.35,20,1.95,39.0,1.8125,36.25,0.13749999999999996,2.75
qwen25_15b,348,msc_valid,34,recency,0.35,20,1.75,35.0,1.8125,36.25,-0.0625,-1.25
qwen25_15b,348,msc_valid,34,lexical_tfidf,0.35,20,1.9125,38.25,1.8125,36.25,0.10000000000000009,2.0
qwen25_15b,348,msc_valid,34,recency_keep_compress_drop,0.35,20,1.9125,38.25,1.8125,36.25,0.10000000000000009,2.0
qwen25_15b,348,msc_valid,34,uniform,0.5,20,1.875,37.5,1.8125,36.25,0.0625,1.25
qwen25_15b,348,msc_valid,34,longllmlingua,0.5,20,1.9625,39.25,1.8125,36.25,0.1499999999999999,3.0
qwen25_15b,348,msc_valid,34,recency,0.5,20,1.75,35.0,1.8125,36.25,-0.0625,-1.25
qwen25_15b,348,msc_valid,34,lexical_tfidf,0.5,20,1.9625,39.25,1.8125,36.25,0.1499999999999999,3.0
qwen25_15b,348,msc_valid,34,recency_keep_compress_drop,0.5,20,1.8375,36.75,1.8125,36.25,0.02499999999999991,0.5
qwen25_15b,348,msc_valid,38,uniform,0.2,18,2.7777777777777777,50.0,0.0,0.0,2.7777777777777777,50.0
qwen25_15b,348,msc_valid,38,longllmlingua,0.2,18,3.0277777777777777,54.5,0.0,0.0,3.0277777777777777,54.5
qwen25_15b,348,msc_valid,38,recency,0.2,18,2.611111111111111,47.0,0.0,0.0,2.611111111111111,47.0
qwen25_15b,348,msc_valid,38,lexical_tfidf,0.2,18,2.5972222222222223,46.75,0.0,0.0,2.5972222222222223,46.75
qwen25_15b,348,msc_valid,38,recency_keep_compress_drop,0.2,18,2.638888888888889,47.5,0.0,0.0,2.638888888888889,47.5
qwen25_15b,348,msc_valid,38,uniform,0.35,18,2.763888888888889,49.75,0.0,0.0,2.763888888888889,49.75
qwen25_15b,348,msc_valid,38,longllmlingua,0.35,18,3.0972222222222223,55.75,0.0,0.0,3.0972222222222223,55.75
qwen25_15b,348,msc_valid,38,recency,0.35,18,2.5277777777777777,45.5,0.0,0.0,2.5277777777777777,45.5
qwen25_15b,348,msc_valid,38,lexical_tfidf,0.35,18,2.5833333333333335,46.5,0.0,0.0,2.5833333333333335,46.5
qwen25_15b,348,msc_valid,38,recency_keep_compress_drop,0.35,18,2.5694444444444446,46.25,0.0,0.0,2.5694444444444446,46.25
qwen25_15b,348,msc_valid,38,uniform,0.5,18,2.5694444444444446,46.25,0.0,0.0,2.5694444444444446,46.25
qwen25_15b,348,msc_valid,38,longllmlingua,0.5,18,3.111111111111111,56.0,0.0,0.0,3.111111111111111,56.0
qwen25_15b,348,msc_valid,38,recency,0.5,18,2.4166666666666665,43.5,0.0,0.0,2.4166666666666665,43.5
qwen25_15b,348,msc_valid,38,lexical_tfidf,0.5,18,2.4444444444444446,44.0,0.0,0.0,2.4444444444444446,44.0
qwen25_15b,348,msc_valid,38,recency_keep_compress_drop,0.5,18,2.4583333333333335,44.25,0.0,0.0,2.4583333333333335,44.25
qwen25_15b,348,msc_valid,42,uniform,0.2,31,2.532258064516129,78.5,0.0,0.0,2.532258064516129,78.5
qwen25_15b,348,msc_valid,42,longllmlingua,0.2,31,2.5806451612903225,80.0,0.0,0.0,2.5806451612903225,80.0
qwen25_15b,348,msc_valid,42,recency,0.2,31,2.435483870967742,75.5,0.0,0.0,2.435483870967742,75.5
qwen25_15b,348,msc_valid,42,lexical_tfidf,0.2,31,2.4516129032258065,76.0,0.0,0.0,2.4516129032258065,76.0
qwen25_15b,348,msc_valid,42,recency_keep_compress_drop,0.2,31,2.4193548387096775,75.0,0.0,0.0,2.4193548387096775,75.0
qwen25_15b,348,msc_valid,42,uniform,0.35,31,2.435483870967742,75.5,0.0,0.0,2.435483870967742,75.5
qwen25_15b,348,msc_valid,42,longllmlingua,0.35,31,2.5161290322580645,78.0,0.0,0.0,2.5161290322580645,78.0
qwen25_15b,348,msc_valid,42,recency,0.35,31,2.403225806451613,74.5,0.0,0.0,2.403225806451613,74.5
qwen25_15b,348,msc_valid,42,lexical_tfidf,0.35,31,2.3548387096774195,73.0,0.0,0.0,2.3548387096774195,73.0
qwen25_15b,348,msc_valid,42,recency_keep_compress_drop,0.35,31,2.3870967741935485,74.0,0.0,0.0,2.3870967741935485,74.0
qwen25_15b,348,msc_valid,42,uniform,0.5,31,2.4193548387096775,75.0,0.0,0.0,2.4193548387096775,75.0
qwen25_15b,348,msc_valid,42,longllmlingua,0.5,31,2.467741935483871,76.5,0.0,0.0,2.467741935483871,76.5
qwen25_15b,348,msc_valid,42,recency,0.5,31,2.370967741935484,73.5,0.0,0.0,2.370967741935484,73.5
qwen25_15b,348,msc_valid,42,lexical_tfidf,0.5,31,2.338709677419355,72.5,0.0,0.0,2.338709677419355,72.5
qwen25_15b,348,msc_valid,42,recency_keep_compress_drop,0.5,31,2.3870967741935485,74.0,0.0,0.0,2.3870967741935485,74.0
qwen25_15b,348,msc_valid,46,uniform,0.2,24,2.7916666666666665,67.0,0.0,0.0,2.7916666666666665,67.0
qwen25_15b,348,msc_valid,46,longllmlingua,0.2,24,2.8125,67.5,0.0,0.0,2.8125,67.5
qwen25_15b,348,msc_valid,46,recency,0.2,24,2.59375,62.25,0.0,0.0,2.59375,62.25
qwen25_15b,348,msc_valid,46,lexical_tfidf,0.2,24,2.7083333333333335,65.0,0.0,0.0,2.7083333333333335,65.0
qwen25_15b,348,msc_valid,46,recency_keep_compress_drop,0.2,24,2.6354166666666665,63.25,0.0,0.0,2.6354166666666665,63.25
qwen25_15b,348,msc_valid,46,uniform,0.35,24,2.6145833333333335,62.75,0.0,0.0,2.6145833333333335,62.75
qwen25_15b,348,msc_valid,46,longllmlingua,0.35,24,2.7708333333333335,66.5,0.0,0.0,2.7708333333333335,66.5
qwen25_15b,348,msc_valid,46,recency,0.35,24,2.6145833333333335,62.75,0.0,0.0,2.6145833333333335,62.75
qwen25_15b,348,msc_valid,46,lexical_tfidf,0.35,24,2.6666666666666665,64.0,0.0,0.0,2.6666666666666665,64.0
qwen25_15b,348,msc_valid,46,recency_keep_compress_drop,0.35,24,2.625,63.0,0.0,0.0,2.625,63.0
qwen25_15b,348,msc_valid,46,uniform,0.5,24,2.7708333333333335,66.5,0.0,0.0,2.7708333333333335,66.5
qwen25_15b,348,msc_valid,46,longllmlingua,0.5,24,2.7291666666666665,65.5,0.0,0.0,2.7291666666666665,65.5
qwen25_15b,348,msc_valid,46,recency,0.5,24,2.625,63.0,0.0,0.0,2.625,63.0
qwen25_15b,348,msc_valid,46,lexical_tfidf,0.5,24,2.7083333333333335,65.0,0.0,0.0,2.7083333333333335,65.0
qwen25_15b,348,msc_valid,46,recency_keep_compress_drop,0.5,24,2.6354166666666665,63.25,0.0,0.0,2.6354166666666665,63.25
qwen25_15b,348,msc_valid,50,uniform,0.2,25,3.56,89.0,0.0,0.0,3.56,89.0
qwen25_15b,348,msc_valid,50,longllmlingua,0.2,25,3.58,89.5,0.0,0.0,3.58,89.5
qwen25_15b,348,msc_valid,50,recency,0.2,25,3.08,77.0,0.0,0.0,3.08,77.0
qwen25_15b,348,msc_valid,50,lexical_tfidf,0.2,25,3.08,77.0,0.0,0.0,3.08,77.0
qwen25_15b,348,msc_valid,50,recency_keep_compress_drop,0.2,25,3.1,77.5,0.0,0.0,3.1,77.5
qwen25_15b,348,msc_valid,50,uniform,0.35,25,3.38,84.5,0.0,0.0,3.38,84.5
qwen25_15b,348,msc_valid,50,longllmlingua,0.35,25,3.44,86.0,0.0,0.0,3.44,86.0
qwen25_15b,348,msc_valid,50,recency,0.35,25,3.08,77.0,0.0,0.0,3.08,77.0
qwen25_15b,348,msc_valid,50,lexical_tfidf,0.35,25,3.06,76.5,0.0,0.0,3.06,76.5
qwen25_15b,348,msc_valid,50,recency_keep_compress_drop,0.35,25,3.1,77.5,0.0,0.0,3.1,77.5
qwen25_15b,348,msc_valid,50,uniform,0.5,25,3.44,86.0,0.0,0.0,3.44,86.0
qwen25_15b,348,msc_valid,50,longllmlingua,0.5,25,3.36,84.0,0.0,0.0,3.36,84.0
qwen25_15b,348,msc_valid,50,recency,0.5,25,3.06,76.5,0.0,0.0,3.06,76.5
qwen25_15b,348,msc_valid,50,lexical_tfidf,0.5,25,3.04,76.0,0.0,0.0,3.04,76.0
qwen25_15b,348,msc_valid,50,recency_keep_compress_drop,0.5,25,3.1,77.5,0.0,0.0,3.1,77.5
qwen25_15b,348,msc_valid,54,uniform,0.2,26,2.4038461538461537,62.5,0.0,0.0,2.4038461538461537,62.5
qwen25_15b,348,msc_valid,54,longllmlingua,0.2,26,2.3076923076923075,60.0,0.0,0.0,2.3076923076923075,60.0
qwen25_15b,348,msc_valid,54,recency,0.2,26,2.1826923076923075,56.75,0.0,0.0,2.1826923076923075,56.75
qwen25_15b,348,msc_valid,54,lexical_tfidf,0.2,26,2.1634615384615383,56.25,0.0,0.0,2.1634615384615383,56.25
qwen25_15b,348,msc_valid,54,recency_keep_compress_drop,0.2,26,2.1826923076923075,56.75,0.0,0.0,2.1826923076923075,56.75
qwen25_15b,348,msc_valid,54,uniform,0.35,26,2.375,61.75,0.0,0.0,2.375,61.75
qwen25_15b,348,msc_valid,54,longllmlingua,0.35,26,2.2884615384615383,59.5,0.0,0.0,2.2884615384615383,59.5
qwen25_15b,348,msc_valid,54,recency,0.35,26,2.201923076923077,57.25,0.0,0.0,2.201923076923077,57.25
qwen25_15b,348,msc_valid,54,lexical_tfidf,0.35,26,2.2115384615384617,57.5,0.0,0.0,2.2115384615384617,57.5
qwen25_15b,348,msc_valid,54,recency_keep_compress_drop,0.35,26,2.1923076923076925,57.0,0.0,0.0,2.1923076923076925,57.0
qwen25_15b,348,msc_valid,54,uniform,0.5,26,2.326923076923077,60.5,0.0,0.0,2.326923076923077,60.5
qwen25_15b,348,msc_valid,54,longllmlingua,0.5,26,2.2596153846153846,58.75,0.0,0.0,2.2596153846153846,58.75
qwen25_15b,348,msc_valid,54,recency,0.5,0,0.0,0.0,0.0,0.0,0.0,0.0
qwen25_15b,348,msc_valid,54,lexical_tfidf,0.5,0,0.0,0.0,0.0,0.0,0.0,0.0
qwen25_15b,348,msc_valid,54,recency_keep_compress_drop,0.5,0,0.0,0.0,0.0,0.0,0.0,0.0
qwen25_15b,348,msc_valid,58,uniform,0.2,24,2.5520833333333335,61.25,0.0,0.0,2.5520833333333335,61.25
qwen25_15b,348,msc_valid,58,longllmlingua,0.2,24,2.6354166666666665,63.25,0.0,0.0,2.6354166666666665,63.25
qwen25_15b,348,msc_valid,58,recency,0.2,24,2.5104166666666665,60.25,0.0,0.0,2.5104166666666665,60.25
qwen25_15b,348,msc_valid,58,lexical_tfidf,0.2,24,2.5,60.0,0.0,0.0,2.5,60.0
qwen25_15b,348,msc_valid,58,recency_keep_compress_drop,0.2,24,2.5104166666666665,60.25,0.0,0.0,2.5104166666666665,60.25
qwen25_15b,348,msc_valid,58,uniform,0.35,24,2.53125,60.75,0.0,0.0,2.53125,60.75
qwen25_15b,348,msc_valid,58,longllmlingua,0.35,24,2.65625,63.75,0.0,0.0,2.65625,63.75
qwen25_15b,348,msc_valid,58,recency,0.35,0,0.0,0.0,0.0,0.0,0.0,0.0
qwen25_15b,348,msc_valid,58,lexical_tfidf,0.35,0,0.0,0.0,0.0,0.0,0.0,0.0
qwen25_15b,348,msc_valid,58,recency_keep_compress_drop,0.35,0,0.0,0.0,0.0,0.0,0.0,0.0
qwen25_15b,348,msc_valid,58,uniform,0.5,24,2.5,60.0,0.0,0.0,2.5,60.0
qwen25_15b,348,msc_valid,58,longllmlingua,0.5,24,2.6354166666666665,63.25,0.0,0.0,2.6354166666666665,63.25
qwen25_15b,348,msc_valid,58,recency,0.5,0,0.0,0.0,0.0,0.0,0.0,0.0
qwen25_15b,348,msc_valid,58,lexical_tfidf,0.5,0,0.0,0.0,0.0,0.0,0.0,0.0
qwen25_15b,348,msc_valid,58,recency_keep_compress_drop,0.5,0,0.0,0.0,0.0,0.0,0.0,0.0
qwen25_15b,348,msc_valid,62,uniform,0.2,39,2.4615384615384617,96.0,0.0,0.0,2.4615384615384617,96.0
qwen25_15b,348,msc_valid,62,longllmlingua,0.2,39,2.4743589743589745,96.5,0.0,0.0,2.4743589743589745,96.5
qwen25_15b,348,msc_valid,62,recency,0.2,0,0.0,0.0,0.0,0.0,0.0,0.0
qwen25_15b,348,msc_valid,62,lexical_tfidf,0.2,0,0.0,0.0,0.0,0.0,0.0,0.0
qwen25_15b,348,msc_valid,62,recency_keep_compress_drop,0.2,0,0.0,0.0,0.0,0.0,0.0,0.0
qwen25_15b,348,msc_valid,62,uniform,0.35,39,2.4743589743589745,96.5,0.0,0.0,2.4743589743589745,96.5
qwen25_15b,348,msc_valid,62,longllmlingua,0.35,39,2.41025641025641,94.0,0.0,0.0,2.41025641025641,94.0
qwen25_15b,348,msc_valid,62,recency,0.35,0,0.0,0.0,0.0,0.0,0.0,0.0
qwen25_15b,348,msc_valid,62,lexical_tfidf,0.35,0,0.0,0.0,0.0,0.0,0.0,0.0
qwen25_15b,348,msc_valid,62,recency_keep_compress_drop,0.35,0,0.0,0.0,0.0,0.0,0.0,0.0
qwen25_15b,348,msc_valid,62,uniform,0.5,39,2.423076923076923,94.5,0.0,0.0,2.423076923076923,94.5
qwen25_15b,348,msc_valid,62,longllmlingua,0.5,39,2.4615384615384617,96.0,0.0,0.0,2.4615384615384617,96.0
qwen25_15b,348,msc_valid,62,recency,0.5,0,0.0,0.0,0.0,0.0,0.0,0.0
qwen25_15b,348,msc_valid,62,lexical_tfidf,0.5,0,0.0,0.0,0.0,0.0,0.0,0.0
qwen25_15b,348,msc_valid,62,recency_keep_compress_drop,0.5,0,0.0,0.0,0.0,0.0,0.0,0.0
qwen25_15b,398,msc_valid,4,uniform,0.2,18,2.75,49.5,2.5972222222222223,46.75,0.15277777777777768,2.75
qwen25_15b,398,msc_valid,4,longllmlingua,0.2,18,2.3472222222222223,42.25,2.5972222222222223,46.75,-0.25,-4.5
qwen25_15b,398,msc_valid,4,recency,0.2,18,2.75,49.5,2.5972222222222223,46.75,0.15277777777777768,2.75
qwen25_15b,398,msc_valid,4,lexical_tfidf,0.2,18,2.75,49.5,2.5972222222222223,46.75,0.15277777777777768,2.75
qwen25_15b,398,msc_valid,4,recency_keep_compress_drop,0.2,18,2.75,49.5,2.5972222222222223,46.75,0.15277777777777768,2.75
qwen25_15b,398,msc_valid,4,uniform,0.35,18,2.736111111111111,49.25,2.5972222222222223,46.75,0.13888888888888884,2.5
qwen25_15b,398,msc_valid,4,longllmlingua,0.35,18,2.2916666666666665,41.25,2.5972222222222223,46.75,-0.3055555555555558,-5.5
qwen25_15b,398,msc_valid,4,recency,0.35,18,2.736111111111111,49.25,2.5972222222222223,46.75,0.13888888888888884,2.5
qwen25_15b,398,msc_valid,4,lexical_tfidf,0.35,18,2.736111111111111,49.25,2.5972222222222223,46.75,0.13888888888888884,2.5
qwen25_15b,398,msc_valid,4,recency_keep_compress_drop,0.35,18,2.736111111111111,49.25,2.5972222222222223,46.75,0.13888888888888884,2.5
qwen25_15b,398,msc_valid,4,uniform,0.5,18,2.736111111111111,49.25,2.5972222222222223,46.75,0.13888888888888884,2.5
qwen25_15b,398,msc_valid,4,longllmlingua,0.5,18,2.2083333333333335,39.75,2.5972222222222223,46.75,-0.38888888888888884,-7.0
qwen25_15b,398,msc_valid,4,recency,0.5,18,2.736111111111111,49.25,2.5972222222222223,46.75,0.13888888888888884,2.5
qwen25_15b,398,msc_valid,4,lexical_tfidf,0.5,18,2.736111111111111,49.25,2.5972222222222223,46.75,0.13888888888888884,2.5
qwen25_15b,398,msc_valid,4,recency_keep_compress_drop,0.5,18,2.736111111111111,49.25,2.5972222222222223,46.75,0.13888888888888884,2.5
qwen25_15b,398,msc_valid,8,uniform,0.2,22,4.704545454545454,103.5,4.5227272727272725,99.5,0.18181818181818166,4.0
qwen25_15b,398,msc_valid,8,longllmlingua,0.2,22,4.363636363636363,96.0,4.5227272727272725,99.5,-0.15909090909090917,-3.5
qwen25_15b,398,msc_valid,8,recency,0.2,22,4.75,104.5,4.5227272727272725,99.5,0.22727272727272751,5.0
qwen25_15b,398,msc_valid,8,lexical_tfidf,0.2,22,4.613636363636363,101.5,4.5227272727272725,99.5,0.09090909090909083,2.0
qwen25_15b,398,msc_valid,8,recency_keep_compress_drop,0.2,22,4.613636363636363,101.5,4.5227272727272725,99.5,0.09090909090909083,2.0
qwen25_15b,398,msc_valid,8,uniform,0.35,22,4.659090909090909,102.5,4.5227272727272725,99.5,0.1363636363636367,3.0
qwen25_15b,398,msc_valid,8,longllmlingua,0.35,22,4.181818181818182,92.0,4.5227272727272725,99.5,-0.34090909090909083,-7.5
qwen25_15b,398,msc_valid,8,recency,0.35,22,4.590909090909091,101.0,4.5227272727272725,99.5,0.06818181818181834,1.5
qwen25_15b,398,msc_valid,8,lexical_tfidf,0.35,22,4.590909090909091,101.0,4.5227272727272725,99.5,0.06818181818181834,1.5
qwen25_15b,398,msc_valid,8,recency_keep_compress_drop,0.35,22,4.545454545454546,100.0,4.5227272727272725,99.5,0.022727272727273373,0.5
qwen25_15b,398,msc_valid,8,uniform,0.5,22,4.659090909090909,102.5,4.5227272727272725,99.5,0.1363636363636367,3.0
qwen25_15b,398,msc_valid,8,longllmlingua,0.5,22,4.0227272727272725,88.5,4.5227272727272725,99.5,-0.5,-11.0
qwen25_15b,398,msc_valid,8,recency,0.5,22,4.5227272727272725,99.5,4.5227272727272725,99.5,0.0,0.0
qwen25_15b,398,msc_valid,8,lexical_tfidf,0.5,22,4.5,99.0,4.5227272727272725,99.5,-0.022727272727272485,-0.5
qwen25_15b,398,msc_valid,8,recency_keep_compress_drop,0.5,22,4.5227272727272725,99.5,4.5227272727272725,99.5,0.0,0.0
qwen25_15b,398,msc_valid,12,uniform,0.2,21,2.6904761904761907,56.5,2.5833333333333335,54.25,0.1071428571428572,2.25
qwen25_15b,398,msc_valid,12,longllmlingua,0.2,21,2.5833333333333335,54.25,2.5833333333333335,54.25,0.0,0.0
qwen25_15b,398,msc_valid,12,recency,0.2,21,2.630952380952381,55.25,2.5833333333333335,54.25,0.04761904761904745,1.0
qwen25_15b,398,msc_valid,12,lexical_tfidf,0.2,21,2.630952380952381,55.25,2.5833333333333335,54.25,0.04761904761904745,1.0
qwen25_15b,398,msc_valid,12,recency_keep_compress_drop,0.2,21,2.7857142857142856,58.5,2.5833333333333335,54.25,0.2023809523809521,4.25
qwen25_15b,398,msc_valid,12,uniform,0.35,21,2.5952380952380953,54.5,2.5833333333333335,54.25,0.011904761904761862,0.25
qwen25_15b,398,msc_valid,12,longllmlingua,0.35,21,2.619047619047619,55.0,2.5833333333333335,54.25,0.03571428571428559,0.75
qwen25_15b,398,msc_valid,12,recency,0.35,21,2.6904761904761907,56.5,2.5833333333333335,54.25,0.1071428571428572,2.25
qwen25_15b,398,msc_valid,12,lexical_tfidf,0.35,21,2.6666666666666665,56.0,2.5833333333333335,54.25,0.08333333333333304,1.75
qwen25_15b,398,msc_valid,12,recency_keep_compress_drop,0.35,21,2.7976190476190474,58.75,2.5833333333333335,54.25,0.21428571428571397,4.5
qwen25_15b,398,msc_valid,12,uniform,0.5,21,2.5952380952380953,54.5,2.5833333333333335,54.25,0.011904761904761862,0.25
qwen25_15b,398,msc_valid,12,longllmlingua,0.5,21,2.5238095238095237,53.0,2.5833333333333335,54.25,-0.059523809523809756,-1.25
qwen25_15b,398,msc_valid,12,recency,0.5,21,2.5714285714285716,54.0,2.5833333333333335,54.25,-0.011904761904761862,-0.25
qwen25_15b,398,msc_valid,12,lexical_tfidf,0.5,21,2.5595238095238093,53.75,2.5833333333333335,54.25,-0.02380952380952417,-0.5
qwen25_15b,398,msc_valid,12,recency_keep_compress_drop,0.5,21,2.5833333333333335,54.25,2.5833333333333335,54.25,0.0,0.0
qwen25_15b,398,msc_valid,14,uniform,0.2,17,2.338235294117647,39.75,2.2794117647058822,38.75,0.05882352941176494,1.0
qwen25_15b,398,msc_valid,14,longllmlingua,0.2,17,2.3529411764705883,40.0,2.2794117647058822,38.75,0.07352941176470607,1.25
qwen25_15b,398,msc_valid,14,recency,0.2,17,2.25,38.25,2.2794117647058822,38.75,-0.02941176470588225,-0.5
qwen25_15b,398,msc_valid,14,lexical_tfidf,0.2,17,2.264705882352941,38.5,2.2794117647058822,38.75,-0.014705882352941124,-0.25
qwen25_15b,398,msc_valid,14,recency_keep_compress_drop,0.2,17,2.2941176470588234,39.0,2.2794117647058822,38.75,0.014705882352941124,0.25
qwen25_15b,398,msc_valid,14,uniform,0.35,17,2.426470588235294,41.25,2.2794117647058822,38.75,0.1470588235294117,2.5
qwen25_15b,398,msc_valid,14,longllmlingua,0.35,17,2.3970588235294117,40.75,2.2794117647058822,38.75,0.11764705882352944,2.0
qwen25_15b,398,msc_valid,14,recency,0.35,17,2.323529411764706,39.5,2.2794117647058822,38.75,0.04411764705882382,0.75
qwen25_15b,398,msc_valid,14,lexical_tfidf,0.35,17,2.1911764705882355,37.25,2.2794117647058822,38.75,-0.08823529411764675,-1.5
qwen25_15b,398,msc_valid,14,recency_keep_compress_drop,0.35,17,2.2941176470588234,39.0,2.2794117647058822,38.75,0.014705882352941124,0.25
qwen25_15b,398,msc_valid,14,uniform,0.5,17,2.3676470588235294,40.25,2.2794117647058822,38.75,0.08823529411764719,1.5
qwen25_15b,398,msc_valid,14,longllmlingua,0.5,17,2.3529411764705883,40.0,2.2794117647058822,38.75,0.07352941176470607,1.25
qwen25_15b,398,msc_valid,14,recency,0.5,17,2.3088235294117645,39.25,2.2794117647058822,38.75,0.02941176470588225,0.5
qwen25_15b,398,msc_valid,14,lexical_tfidf,0.5,17,2.176470588235294,37.0,2.2794117647058822,38.75,-0.10294117647058831,-1.75
qwen25_15b,398,msc_valid,14,recency_keep_compress_drop,0.5,17,2.2794117647058822,38.75,2.2794117647058822,38.75,0.0,0.0
qwen25_15b,398,msc_valid,18,uniform,0.2,23,2.5652173913043477,59.0,2.391304347826087,55.0,0.17391304347826075,4.0
qwen25_15b,398,msc_valid,18,longllmlingua,0.2,23,2.4347826086956523,56.0,2.391304347826087,55.0,0.04347826086956541,1.0
qwen25_15b,398,msc_valid,18,recency,0.2,23,2.5217391304347827,58.0,2.391304347826087,55.0,0.1304347826086958,3.0
qwen25_15b,398,msc_valid,18,lexical_tfidf,0.2,23,2.5652173913043477,59.0,2.391304347826087,55.0,0.17391304347826075,4.0
qwen25_15b,398,msc_valid,18,recency_keep_compress_drop,0.2,23,2.4347826086956523,56.0,2.391304347826087,55.0,0.04347826086956541,1.0
qwen25_15b,398,msc_valid,18,uniform,0.35,23,2.619565217391304,60.25,2.391304347826087,55.0,0.2282608695652173,5.25
qwen25_15b,398,msc_valid,18,longllmlingua,0.35,23,2.282608695652174,52.5,2.391304347826087,55.0,-0.10869565217391308,-2.5
qwen25_15b,398,msc_valid,18,recency,0.35,23,2.4782608695652173,57.0,2.391304347826087,55.0,0.08695652173913038,2.0
qwen25_15b,398,msc_valid,18,lexical_tfidf,0.35,23,2.597826086956522,59.75,2.391304347826087,55.0,0.20652173913043503,4.75
qwen25_15b,398,msc_valid,18,recency_keep_compress_drop,0.35,23,2.4456521739130435,56.25,2.391304347826087,55.0,0.05434782608695654,1.25
qwen25_15b,398,msc_valid,18,uniform,0.5,23,2.641304347826087,60.75,2.391304347826087,55.0,0.25,5.75
qwen25_15b,398,msc_valid,18,longllmlingua,0.5,23,2.2717391304347827,52.25,2.391304347826087,55.0,-0.11956521739130421,-2.75
qwen25_15b,398,msc_valid,18,recency,0.5,23,2.5217391304347827,58.0,2.391304347826087,55.0,0.1304347826086958,3.0
qwen25_15b,398,msc_valid,18,lexical_tfidf,0.5,23,2.5434782608695654,58.5,2.391304347826087,55.0,0.1521739130434785,3.5
qwen25_15b,398,msc_valid,18,recency_keep_compress_drop,0.5,23,2.4239130434782608,55.75,2.391304347826087,55.0,0.032608695652173836,0.75
qwen25_15b,398,msc_valid,22,uniform,0.2,30,2.85,85.5,2.6166666666666667,78.5,0.2333333333333334,7.0
qwen25_15b,398,msc_valid,22,longllmlingua,0.2,30,2.75,82.5,2.6166666666666667,78.5,0.1333333333333333,4.0
qwen25_15b,398,msc_valid,22,recency,0.2,30,2.7333333333333334,82.0,2.6166666666666667,78.5,0.1166666666666667,3.5
qwen25_15b,398,msc_valid,22,lexical_tfidf,0.2,30,2.7,81.0,2.6166666666666667,78.5,0.08333333333333348,2.5
qwen25_15b,398,msc_valid,22,recency_keep_compress_drop,0.2,30,2.75,82.5,2.6166666666666667,78.5,0.1333333333333333,4.0
qwen25_15b,398,msc_valid,22,uniform,0.35,30,2.716666666666667,81.5,2.6166666666666667,78.5,0.10000000000000009,3.0
qwen25_15b,398,msc_valid,22,longllmlingua,0.35,30,2.816666666666667,84.5,2.6166666666666667,78.5,0.20000000000000018,6.0
qwen25_15b,398,msc_valid,22,recency,0.35,30,2.6666666666666665,80.0,2.6166666666666667,78.5,0.04999999999999982,1.5
qwen25_15b,398,msc_valid,22,lexical_tfidf,0.35,30,2.65,79.5,2.6166666666666667,78.5,0.033333333333333215,1.0
qwen25_15b,398,msc_valid,22,recency_keep_compress_drop,0.35,30,2.683333333333333,80.5,2.6166666666666667,78.5,0.06666666666666643,2.0
qwen25_15b,398,msc_valid,22,uniform,0.5,30,2.65,79.5,2.6166666666666667,78.5,0.033333333333333215,1.0
qwen25_15b,398,msc_valid,22,longllmlingua,0.5,30,2.7666666666666666,83.0,2.6166666666666667,78.5,0.1499999999999999,4.5
qwen25_15b,398,msc_valid,22,recency,0.5,30,2.6,78.0,2.6166666666666667,78.5,-0.016666666666666607,-0.5
qwen25_15b,398,msc_valid,22,lexical_tfidf,0.5,30,2.566666666666667,77.0,2.6166666666666667,78.5,-0.04999999999999982,-1.5
qwen25_15b,398,msc_valid,22,recency_keep_compress_drop,0.5,30,2.533333333333333,76.0,2.6166666666666667,78.5,-0.08333333333333348,-2.5
qwen25_15b,398,msc_valid,26,uniform,0.2,12,2.0208333333333335,24.25,1.6666666666666667,20.0,0.35416666666666674,4.25
qwen25_15b,398,msc_valid,26,longllmlingua,0.2,12,1.4479166666666667,17.375,1.6666666666666667,20.0,-0.21875,-2.625
qwen25_15b,398,msc_valid,26,recency,0.2,12,1.9375,23.25,1.6666666666666667,20.0,0.27083333333333326,3.25
qwen25_15b,398,msc_valid,26,lexical_tfidf,0.2,12,1.9166666666666667,23.0,1.6666666666666667,20.0,0.25,3.0
qwen25_15b,398,msc_valid,26,recency_keep_compress_drop,0.2,12,1.9895833333333333,23.875,1.6666666666666667,20.0,0.3229166666666665,3.875
qwen25_15b,398,msc_valid,26,uniform,0.35,12,1.8125,21.75,1.6666666666666667,20.0,0.14583333333333326,1.75
qwen25_15b,398,msc_valid,26,longllmlingua,0.35,12,1.3958333333333333,16.75,1.6666666666666667,20.0,-0.2708333333333335,-3.25
qwen25_15b,398,msc_valid,26,recency,0.35,12,1.8958333333333333,22.75,1.6666666666666667,20.0,0.22916666666666652,2.75
qwen25_15b,398,msc_valid,26,lexical_tfidf,0.35,12,1.8229166666666667,21.875,1.6666666666666667,20.0,0.15625,1.875
qwen25_15b,398,msc_valid,26,recency_keep_compress_drop,0.35,12,1.6041666666666667,19.25,1.6666666666666667,20.0,-0.0625,-0.75
qwen25_15b,398,msc_valid,26,uniform,0.5,12,1.71875,20.625,1.6666666666666667,20.0,0.05208333333333326,0.625
qwen25_15b,398,msc_valid,26,longllmlingua,0.5,12,1.3958333333333333,16.75,1.6666666666666667,20.0,-0.2708333333333335,-3.25
qwen25_15b,398,msc_valid,26,recency,0.5,12,1.84375,22.125,1.6666666666666667,20.0,0.17708333333333326,2.125
qwen25_15b,398,msc_valid,26,lexical_tfidf,0.5,12,1.875,22.5,1.6666666666666667,20.0,0.20833333333333326,2.5
qwen25_15b,398,msc_valid,26,recency_keep_compress_drop,0.5,12,1.6458333333333333,19.75,1.6666666666666667,20.0,-0.02083333333333348,-0.25
qwen25_15b,398,msc_valid,30,uniform,0.2,23,3.260869565217391,75.0,3.0869565217391304,71.0,0.17391304347826075,4.0
qwen25_15b,398,msc_valid,30,longllmlingua,0.2,23,3.217391304347826,74.0,3.0869565217391304,71.0,0.1304347826086958,3.0
qwen25_15b,398,msc_valid,30,recency,0.2,23,3.217391304347826,74.0,3.0869565217391304,71.0,0.1304347826086958,3.0
qwen25_15b,398,msc_valid,30,lexical_tfidf,0.2,23,3.1956521739130435,73.5,3.0869565217391304,71.0,0.10869565217391308,2.5
qwen25_15b,398,msc_valid,30,recency_keep_compress_drop,0.2,23,3.152173913043478,72.5,3.0869565217391304,71.0,0.06521739130434767,1.5
qwen25_15b,398,msc_valid,30,uniform,0.35,23,3.1739130434782608,73.0,3.0869565217391304,71.0,0.08695652173913038,2.0
qwen25_15b,398,msc_valid,30,longllmlingua,0.35,23,3.1956521739130435,73.5,3.0869565217391304,71.0,0.10869565217391308,2.5
qwen25_15b,398,msc_valid,30,recency,0.35,23,3.0652173913043477,70.5,3.0869565217391304,71.0,-0.021739130434782705,-0.5
qwen25_15b,398,msc_valid,30,lexical_tfidf,0.35,23,3.1956521739130435,73.5,3.0869565217391304,71.0,0.10869565217391308,2.5
qwen25_15b,398,msc_valid,30,recency_keep_compress_drop,0.35,23,3.1956521739130435,73.5,3.0869565217391304,71.0,0.10869565217391308,2.5
qwen25_15b,398,msc_valid,30,uniform,0.5,23,3.130434782608696,72.0,3.0869565217391304,71.0,0.04347826086956541,1.0
qwen25_15b,398,msc_valid,30,longllmlingua,0.5,23,3.152173913043478,72.5,3.0869565217391304,71.0,0.06521739130434767,1.5
qwen25_15b,398,msc_valid,30,recency,0.5,23,3.0217391304347827,69.5,3.0869565217391304,71.0,-0.06521739130434767,-1.5
qwen25_15b,398,msc_valid,30,lexical_tfidf,0.5,23,3.130434782608696,72.0,3.0869565217391304,71.0,0.04347826086956541,1.0
qwen25_15b,398,msc_valid,30,recency_keep_compress_drop,0.5,23,3.108695652173913,71.5,3.0869565217391304,71.0,0.021739130434782705,0.5
qwen25_15b,398,msc_valid,32,uniform,0.2,56,2.1964285714285716,123.0,2.0892857142857144,117.0,0.1071428571428572,6.0
qwen25_15b,398,msc_valid,32,longllmlingua,0.2,56,2.1875,122.5,2.0892857142857144,117.0,0.09821428571428559,5.5
qwen25_15b,398,msc_valid,32,recency,0.2,56,2.1160714285714284,118.5,2.0892857142857144,117.0,0.02678571428571397,1.5
qwen25_15b,398,msc_valid,32,lexical_tfidf,0.2,56,2.169642857142857,121.5,2.0892857142857144,117.0,0.0803571428571428,4.5
qwen25_15b,398,msc_valid,32,recency_keep_compress_drop,0.2,56,2.2410714285714284,125.5,2.0892857142857144,117.0,0.15178571428571397,8.5
qwen25_15b,398,msc_valid,32,uniform,0.35,56,2.1607142857142856,121.0,2.0892857142857144,117.0,0.07142857142857117,4.0
qwen25_15b,398,msc_valid,32,longllmlingua,0.35,56,2.205357142857143,123.5,2.0892857142857144,117.0,0.11607142857142838,6.5
qwen25_15b,398,msc_valid,32,recency,0.35,56,2.125,119.0,2.0892857142857144,117.0,0.03571428571428559,2.0
qwen25_15b,398,msc_valid,32,lexical_tfidf,0.35,56,2.1607142857142856,121.0,2.0892857142857144,117.0,0.07142857142857117,4.0
qwen25_15b,398,msc_valid,32,recency_keep_compress_drop,0.35,56,2.1785714285714284,122.0,2.0892857142857144,117.0,0.08928571428571397,5.0
qwen25_15b,398,msc_valid,32,uniform,0.5,56,2.142857142857143,120.0,2.0892857142857144,117.0,0.05357142857142838,3.0
qwen25_15b,398,msc_valid,32,longllmlingua,0.5,56,2.169642857142857,121.5,2.0892857142857144,117.0,0.0803571428571428,4.5
qwen25_15b,398,msc_valid,32,recency,0.5,56,2.107142857142857,118.0,2.0892857142857144,117.0,0.017857142857142794,1.0
qwen25_15b,398,msc_valid,32,lexical_tfidf,0.5,56,2.1607142857142856,121.0,2.0892857142857144,117.0,0.07142857142857117,4.0
qwen25_15b,398,msc_valid,32,recency_keep_compress_drop,0.5,56,2.107142857142857,118.0,2.0892857142857144,117.0,0.017857142857142794,1.0
qwen25_15b,398,msc_valid,36,uniform,0.2,28,2.0,56.0,0.0,0.0,2.0,56.0
qwen25_15b,398,msc_valid,36,longllmlingua,0.2,28,1.9732142857142858,55.25,0.0,0.0,1.9732142857142858,55.25
qwen25_15b,398,msc_valid,36,recency,0.2,28,1.9821428571428572,55.5,0.0,0.0,1.9821428571428572,55.5
qwen25_15b,398,msc_valid,36,lexical_tfidf,0.2,28,2.017857142857143,56.5,0.0,0.0,2.017857142857143,56.5
qwen25_15b,398,msc_valid,36,recency_keep_compress_drop,0.2,28,2.0089285714285716,56.25,0.0,0.0,2.0089285714285716,56.25
qwen25_15b,398,msc_valid,36,uniform,0.35,28,1.9642857142857142,55.0,0.0,0.0,1.9642857142857142,55.0
qwen25_15b,398,msc_valid,36,longllmlingua,0.35,28,2.0,56.0,0.0,0.0,2.0,56.0
qwen25_15b,398,msc_valid,36,recency,0.35,28,1.9910714285714286,55.75,0.0,0.0,1.9910714285714286,55.75
qwen25_15b,398,msc_valid,36,lexical_tfidf,0.35,28,1.9375,54.25,0.0,0.0,1.9375,54.25
qwen25_15b,398,msc_valid,36,recency_keep_compress_drop,0.35,28,1.9285714285714286,54.0,0.0,0.0,1.9285714285714286,54.0
qwen25_15b,398,msc_valid,36,uniform,0.5,28,1.9375,54.25,0.0,0.0,1.9375,54.25
qwen25_15b,398,msc_valid,36,longllmlingua,0.5,28,1.9464285714285714,54.5,0.0,0.0,1.9464285714285714,54.5
qwen25_15b,398,msc_valid,36,recency,0.5,28,1.9642857142857142,55.0,0.0,0.0,1.9642857142857142,55.0
qwen25_15b,398,msc_valid,36,lexical_tfidf,0.5,28,1.9196428571428572,53.75,0.0,0.0,1.9196428571428572,53.75
qwen25_15b,398,msc_valid,36,recency_keep_compress_drop,0.5,28,1.9285714285714286,54.0,0.0,0.0,1.9285714285714286,54.0
qwen25_15b,398,msc_valid,40,uniform,0.2,38,3.3947368421052633,129.0,0.0,0.0,3.3947368421052633,129.0
qwen25_15b,398,msc_valid,40,longllmlingua,0.2,38,2.8289473684210527,107.5,0.0,0.0,2.8289473684210527,107.5
qwen25_15b,398,msc_valid,40,recency,0.2,38,3.263157894736842,124.0,0.0,0.0,3.263157894736842,124.0
qwen25_15b,398,msc_valid,40,lexical_tfidf,0.2,38,3.3157894736842106,126.0,0.0,0.0,3.3157894736842106,126.0
qwen25_15b,398,msc_valid,40,recency_keep_compress_drop,0.2,38,3.1710526315789473,120.5,0.0,0.0,3.1710526315789473,120.5
qwen25_15b,398,msc_valid,40,uniform,0.35,38,3.0789473684210527,117.0,0.0,0.0,3.0789473684210527,117.0
qwen25_15b,398,msc_valid,40,longllmlingua,0.35,38,2.8289473684210527,107.5,0.0,0.0,2.8289473684210527,107.5
qwen25_15b,398,msc_valid,40,recency,0.35,38,3.1842105263157894,121.0,0.0,0.0,3.1842105263157894,121.0
qwen25_15b,398,msc_valid,40,lexical_tfidf,0.35,38,3.236842105263158,123.0,0.0,0.0,3.236842105263158,123.0
qwen25_15b,398,msc_valid,40,recency_keep_compress_drop,0.35,38,2.9473684210526314,112.0,0.0,0.0,2.9473684210526314,112.0
qwen25_15b,398,msc_valid,40,uniform,0.5,38,3.013157894736842,114.5,0.0,0.0,3.013157894736842,114.5
qwen25_15b,398,msc_valid,40,longllmlingua,0.5,38,2.789473684210526,106.0,0.0,0.0,2.789473684210526,106.0
qwen25_15b,398,msc_valid,40,recency,0.5,38,3.1842105263157894,121.0,0.0,0.0,3.1842105263157894,121.0
qwen25_15b,398,msc_valid,40,lexical_tfidf,0.5,38,3.25,123.5,0.0,0.0,3.25,123.5
qwen25_15b,398,msc_valid,40,recency_keep_compress_drop,0.5,38,2.9342105263157894,111.5,0.0,0.0,2.9342105263157894,111.5
qwen25_15b,398,msc_valid,44,uniform,0.2,31,2.774193548387097,86.0,0.0,0.0,2.774193548387097,86.0
qwen25_15b,398,msc_valid,44,longllmlingua,0.2,31,3.0161290322580645,93.5,0.0,0.0,3.0161290322580645,93.5
qwen25_15b,398,msc_valid,44,recency,0.2,31,2.6774193548387095,83.0,0.0,0.0,2.6774193548387095,83.0
qwen25_15b,398,msc_valid,44,lexical_tfidf,0.2,31,2.6451612903225805,82.0,0.0,0.0,2.6451612903225805,82.0
qwen25_15b,398,msc_valid,44,recency_keep_compress_drop,0.2,31,2.6451612903225805,82.0,0.0,0.0,2.6451612903225805,82.0
qwen25_15b,398,msc_valid,44,uniform,0.35,31,2.7419354838709675,85.0,0.0,0.0,2.7419354838709675,85.0
qwen25_15b,398,msc_valid,44,longllmlingua,0.35,31,3.0161290322580645,93.5,0.0,0.0,3.0161290322580645,93.5
qwen25_15b,398,msc_valid,44,recency,0.35,31,2.5806451612903225,80.0,0.0,0.0,2.5806451612903225,80.0
qwen25_15b,398,msc_valid,44,lexical_tfidf,0.35,31,2.5806451612903225,80.0,0.0,0.0,2.5806451612903225,80.0
qwen25_15b,398,msc_valid,44,recency_keep_compress_drop,0.35,31,2.6129032258064515,81.0,0.0,0.0,2.6129032258064515,81.0
qwen25_15b,398,msc_valid,44,uniform,0.5,31,2.8548387096774195,88.5,0.0,0.0,2.8548387096774195,88.5
qwen25_15b,398,msc_valid,44,longllmlingua,0.5,31,3.064516129032258,95.0,0.0,0.0,3.064516129032258,95.0
qwen25_15b,398,msc_valid,44,recency,0.5,31,2.629032258064516,81.5,0.0,0.0,2.629032258064516,81.5
qwen25_15b,398,msc_valid,44,lexical_tfidf,0.5,31,2.6129032258064515,81.0,0.0,0.0,2.6129032258064515,81.0
qwen25_15b,398,msc_valid,44,recency_keep_compress_drop,0.5,31,2.6129032258064515,81.0,0.0,0.0,2.6129032258064515,81.0
qwen25_15b,398,msc_valid,48,uniform,0.2,19,2.0,38.0,0.0,0.0,2.0,38.0
qwen25_15b,398,msc_valid,48,longllmlingua,0.2,19,2.1315789473684212,40.5,0.0,0.0,2.1315789473684212,40.5
qwen25_15b,398,msc_valid,48,recency,0.2,19,2.0657894736842106,39.25,0.0,0.0,2.0657894736842106,39.25
qwen25_15b,398,msc_valid,48,lexical_tfidf,0.2,19,2.0,38.0,0.0,0.0,2.0,38.0
qwen25_15b,398,msc_valid,48,recency_keep_compress_drop,0.2,19,2.013157894736842,38.25,0.0,0.0,2.013157894736842,38.25
qwen25_15b,398,msc_valid,48,uniform,0.35,19,1.9210526315789473,36.5,0.0,0.0,1.9210526315789473,36.5
qwen25_15b,398,msc_valid,48,longllmlingua,0.35,19,2.1184210526315788,40.25,0.0,0.0,2.1184210526315788,40.25
qwen25_15b,398,msc_valid,48,recency,0.35,19,2.0526315789473686,39.0,0.0,0.0,2.0526315789473686,39.0
qwen25_15b,398,msc_valid,48,lexical_tfidf,0.35,19,2.013157894736842,38.25,0.0,0.0,2.013157894736842,38.25
qwen25_15b,398,msc_valid,48,recency_keep_compress_drop,0.35,19,2.0,38.0,0.0,0.0,2.0,38.0
qwen25_15b,398,msc_valid,48,uniform,0.5,19,1.894736842105263,36.0,0.0,0.0,1.894736842105263,36.0
qwen25_15b,398,msc_valid,48,longllmlingua,0.5,19,1.9473684210526316,37.0,0.0,0.0,1.9473684210526316,37.0
qwen25_15b,398,msc_valid,48,recency,0.5,19,2.013157894736842,38.25,0.0,0.0,2.013157894736842,38.25
qwen25_15b,398,msc_valid,48,lexical_tfidf,0.5,19,1.9605263157894737,37.25,0.0,0.0,1.9605263157894737,37.25
qwen25_15b,398,msc_valid,48,recency_keep_compress_drop,0.5,19,2.013157894736842,38.25,0.0,0.0,2.013157894736842,38.25
qwen25_15b,398,msc_valid,50,uniform,0.2,75,2.9466666666666668,221.0,0.0,0.0,2.9466666666666668,221.0
qwen25_15b,398,msc_valid,50,longllmlingua,0.2,75,3.04,228.0,0.0,0.0,3.04,228.0
qwen25_15b,398,msc_valid,50,recency,0.2,75,2.986666666666667,224.0,0.0,0.0,2.986666666666667,224.0
qwen25_15b,398,msc_valid,50,lexical_tfidf,0.2,75,2.973333333333333,223.0,0.0,0.0,2.973333333333333,223.0
qwen25_15b,398,msc_valid,50,recency_keep_compress_drop,0.2,75,3.013333333333333,226.0,0.0,0.0,3.013333333333333,226.0
qwen25_15b,398,msc_valid,50,uniform,0.35,75,2.933333333333333,220.0,0.0,0.0,2.933333333333333,220.0
qwen25_15b,398,msc_valid,50,longllmlingua,0.35,75,3.12,234.0,0.0,0.0,3.12,234.0
qwen25_15b,398,msc_valid,50,recency,0.35,75,3.013333333333333,226.0,0.0,0.0,3.013333333333333,226.0
qwen25_15b,398,msc_valid,50,lexical_tfidf,0.35,75,2.933333333333333,220.0,0.0,0.0,2.933333333333333,220.0
qwen25_15b,398,msc_valid,50,recency_keep_compress_drop,0.35,75,2.933333333333333,220.0,0.0,0.0,2.933333333333333,220.0
qwen25_15b,398,msc_valid,50,uniform,0.5,75,2.986666666666667,224.0,0.0,0.0,2.986666666666667,224.0
qwen25_15b,398,msc_valid,50,longllmlingua,0.5,75,3.12,234.0,0.0,0.0,3.12,234.0
qwen25_15b,398,msc_valid,50,recency,0.5,0,0.0,0.0,0.0,0.0,0.0,0.0
qwen25_15b,398,msc_valid,50,lexical_tfidf,0.5,0,0.0,0.0,0.0,0.0,0.0,0.0
qwen25_15b,398,msc_valid,50,recency_keep_compress_drop,0.5,0,0.0,0.0,0.0,0.0,0.0,0.0
qwen25_15b,398,msc_valid,54,uniform,0.2,58,2.060344827586207,119.5,0.0,0.0,2.060344827586207,119.5
qwen25_15b,398,msc_valid,54,longllmlingua,0.2,58,2.060344827586207,119.5,0.0,0.0,2.060344827586207,119.5
qwen25_15b,398,msc_valid,54,recency,0.2,58,2.0689655172413794,120.0,0.0,0.0,2.0689655172413794,120.0
qwen25_15b,398,msc_valid,54,lexical_tfidf,0.2,58,2.0948275862068964,121.5,0.0,0.0,2.0948275862068964,121.5
qwen25_15b,398,msc_valid,54,recency_keep_compress_drop,0.2,54,2.1296296296296298,115.0,0.0,0.0,2.1296296296296298,115.0
qwen25_15b,398,msc_valid,54,uniform,0.35,58,2.1293103448275863,123.5,0.0,0.0,2.1293103448275863,123.5
qwen25_15b,398,msc_valid,54,longllmlingua,0.35,58,2.060344827586207,119.5,0.0,0.0,2.060344827586207,119.5
qwen25_15b,398,msc_valid,54,recency,0.35,0,0.0,0.0,0.0,0.0,0.0,0.0
qwen25_15b,398,msc_valid,54,lexical_tfidf,0.35,0,0.0,0.0,0.0,0.0,0.0,0.0
qwen25_15b,398,msc_valid,54,recency_keep_compress_drop,0.35,0,0.0,0.0,0.0,0.0,0.0,0.0
qwen25_15b,398,msc_valid,54,uniform,0.5,58,2.1120689655172415,122.5,0.0,0.0,2.1120689655172415,122.5
qwen25_15b,398,msc_valid,54,longllmlingua,0.5,58,2.043103448275862,118.5,0.0,0.0,2.043103448275862,118.5
qwen25_15b,398,msc_valid,54,recency,0.5,0,0.0,0.0,0.0,0.0,0.0,0.0
qwen25_15b,398,msc_valid,54,lexical_tfidf,0.5,0,0.0,0.0,0.0,0.0,0.0,0.0
qwen25_15b,398,msc_valid,54,recency_keep_compress_drop,0.5,0,0.0,0.0,0.0,0.0,0.0,0.0
qwen25_15b,398,msc_valid,58,uniform,0.2,24,2.3541666666666665,56.5,0.0,0.0,2.3541666666666665,56.5
qwen25_15b,398,msc_valid,58,longllmlingua,0.2,24,2.53125,60.75,0.0,0.0,2.53125,60.75
qwen25_15b,398,msc_valid,58,recency,0.2,0,0.0,0.0,0.0,0.0,0.0,0.0
qwen25_15b,398,msc_valid,58,lexical_tfidf,0.2,0,0.0,0.0,0.0,0.0,0.0,0.0
qwen25_15b,398,msc_valid,58,recency_keep_compress_drop,0.2,0,0.0,0.0,0.0,0.0,0.0,0.0
qwen25_15b,398,msc_valid,58,uniform,0.35,24,2.2916666666666665,55.0,0.0,0.0,2.2916666666666665,55.0
qwen25_15b,398,msc_valid,58,longllmlingua,0.35,24,2.4791666666666665,59.5,0.0,0.0,2.4791666666666665,59.5
qwen25_15b,398,msc_valid,58,recency,0.35,0,0.0,0.0,0.0,0.0,0.0,0.0
qwen25_15b,398,msc_valid,58,lexical_tfidf,0.35,0,0.0,0.0,0.0,0.0,0.0,0.0
qwen25_15b,398,msc_valid,58,recency_keep_compress_drop,0.35,0,0.0,0.0,0.0,0.0,0.0,0.0
qwen25_15b,398,msc_valid,58,uniform,0.5,24,2.3541666666666665,56.5,0.0,0.0,2.3541666666666665,56.5
qwen25_15b,398,msc_valid,58,longllmlingua,0.5,24,2.46875,59.25,0.0,0.0,2.46875,59.25
qwen25_15b,398,msc_valid,58,recency,0.5,0,0.0,0.0,0.0,0.0,0.0,0.0
qwen25_15b,398,msc_valid,58,lexical_tfidf,0.5,0,0.0,0.0,0.0,0.0,0.0,0.0
qwen25_15b,398,msc_valid,58,recency_keep_compress_drop,0.5,0,0.0,0.0,0.0,0.0,0.0,0.0
qwen25_15b,401,msc_valid,4,uniform,0.2,18,2.7083333333333335,48.75,2.4722222222222223,44.5,0.23611111111111116,4.25
qwen25_15b,401,msc_valid,4,longllmlingua,0.2,18,2.375,42.75,2.4722222222222223,44.5,-0.09722222222222232,-1.75
qwen25_15b,401,msc_valid,4,recency,0.2,18,2.7083333333333335,48.75,2.4722222222222223,44.5,0.23611111111111116,4.25
qwen25_15b,401,msc_valid,4,lexical_tfidf,0.2,18,2.7083333333333335,48.75,2.4722222222222223,44.5,0.23611111111111116,4.25
qwen25_15b,401,msc_valid,4,recency_keep_compress_drop,0.2,18,2.7083333333333335,48.75,2.4722222222222223,44.5,0.23611111111111116,4.25
qwen25_15b,401,msc_valid,4,uniform,0.35,18,2.638888888888889,47.5,2.4722222222222223,44.5,0.16666666666666652,3.0
qwen25_15b,401,msc_valid,4,longllmlingua,0.35,18,2.3472222222222223,42.25,2.4722222222222223,44.5,-0.125,-2.25
qwen25_15b,401,msc_valid,4,recency,0.35,18,2.638888888888889,47.5,2.4722222222222223,44.5,0.16666666666666652,3.0
qwen25_15b,401,msc_valid,4,lexical_tfidf,0.35,18,2.638888888888889,47.5,2.4722222222222223,44.5,0.16666666666666652,3.0
qwen25_15b,401,msc_valid,4,recency_keep_compress_drop,0.35,18,2.638888888888889,47.5,2.4722222222222223,44.5,0.16666666666666652,3.0
qwen25_15b,401,msc_valid,4,uniform,0.5,18,2.638888888888889,47.5,2.4722222222222223,44.5,0.16666666666666652,3.0
qwen25_15b,401,msc_valid,4,longllmlingua,0.5,18,2.375,42.75,2.4722222222222223,44.5,-0.09722222222222232,-1.75
qwen25_15b,401,msc_valid,4,recency,0.5,18,2.638888888888889,47.5,2.4722222222222223,44.5,0.16666666666666652,3.0
qwen25_15b,401,msc_valid,4,lexical_tfidf,0.5,18,2.638888888888889,47.5,2.4722222222222223,44.5,0.16666666666666652,3.0
qwen25_15b,401,msc_valid,4,recency_keep_compress_drop,0.5,18,2.638888888888889,47.5,2.4722222222222223,44.5,0.16666666666666652,3.0
qwen25_15b,401,msc_valid,8,uniform,0.2,8,1.8984375,15.1875,1.4453125,11.5625,0.453125,3.625
qwen25_15b,401,msc_valid,8,longllmlingua,0.2,8,1.71875,13.75,1.4453125,11.5625,0.2734375,2.1875
qwen25_15b,401,msc_valid,8,recency,0.2,8,1.8515625,14.8125,1.4453125,11.5625,0.40625,3.25
qwen25_15b,401,msc_valid,8,lexical_tfidf,0.2,8,1.6484375,13.1875,1.4453125,11.5625,0.203125,1.625
qwen25_15b,401,msc_valid,8,recency_keep_compress_drop,0.2,8,1.8515625,14.8125,1.4453125,11.5625,0.40625,3.25
qwen25_15b,401,msc_valid,8,uniform,0.35,8,1.5546875,12.4375,1.4453125,11.5625,0.109375,0.875
qwen25_15b,401,msc_valid,8,longllmlingua,0.35,8,1.4296875,11.4375,1.4453125,11.5625,-0.015625,-0.125
qwen25_15b,401,msc_valid,8,recency,0.35,8,1.9765625,15.8125,1.4453125,11.5625,0.53125,4.25
qwen25_15b,401,msc_valid,8,lexical_tfidf,0.35,8,1.6015625,12.8125,1.4453125,11.5625,0.15625,1.25
qwen25_15b,401,msc_valid,8,recency_keep_compress_drop,0.35,8,1.5390625,12.3125,1.4453125,11.5625,0.09375,0.75
qwen25_15b,401,msc_valid,8,uniform,0.5,8,1.7421875,13.9375,1.4453125,11.5625,0.296875,2.375
qwen25_15b,401,msc_valid,8,longllmlingua,0.5,8,1.25,10.0,1.4453125,11.5625,-0.1953125,-1.5625
qwen25_15b,401,msc_valid,8,recency,0.5,8,1.546875,12.375,1.4453125,11.5625,0.1015625,0.8125
qwen25_15b,401,msc_valid,8,lexical_tfidf,0.5,8,1.546875,12.375,1.4453125,11.5625,0.1015625,0.8125
qwen25_15b,401,msc_valid,8,recency_keep_compress_drop,0.5,8,1.5625,12.5,1.4453125,11.5625,0.1171875,0.9375
qwen25_15b,401,msc_valid,12,uniform,0.2,19,2.9078947368421053,55.25,2.3421052631578947,44.5,0.5657894736842106,10.75
qwen25_15b,401,msc_valid,12,longllmlingua,0.2,19,2.236842105263158,42.5,2.3421052631578947,44.5,-0.10526315789473673,-2.0
qwen25_15b,401,msc_valid,12,recency,0.2,19,2.8421052631578947,54.0,2.3421052631578947,44.5,0.5,9.5
qwen25_15b,401,msc_valid,12,lexical_tfidf,0.2,19,2.8421052631578947,54.0,2.3421052631578947,44.5,0.5,9.5
qwen25_15b,401,msc_valid,12,recency_keep_compress_drop,0.2,19,2.763157894736842,52.5,2.3421052631578947,44.5,0.42105263157894735,8.0
qwen25_15b,401,msc_valid,12,uniform,0.35,19,2.960526315789474,56.25,2.3421052631578947,44.5,0.6184210526315792,11.75
qwen25_15b,401,msc_valid,12,longllmlingua,0.35,19,2.236842105263158,42.5,2.3421052631578947,44.5,-0.10526315789473673,-2.0
qwen25_15b,401,msc_valid,12,recency,0.35,19,2.710526315789474,51.5,2.3421052631578947,44.5,0.3684210526315792,7.0
qwen25_15b,401,msc_valid,12,lexical_tfidf,0.35,19,2.789473684210526,53.0,2.3421052631578947,44.5,0.4473684210526314,8.5
qwen25_15b,401,msc_valid,12,recency_keep_compress_drop,0.35,19,2.460526315789474,46.75,2.3421052631578947,44.5,0.1184210526315792,2.25
qwen25_15b,401,msc_valid,12,uniform,0.5,19,2.5921052631578947,49.25,2.3421052631578947,44.5,0.25,4.75
qwen25_15b,401,msc_valid,12,longllmlingua,0.5,19,2.3026315789473686,43.75,2.3421052631578947,44.5,-0.039473684210526105,-0.75
qwen25_15b,401,msc_valid,12,recency,0.5,19,2.473684210526316,47.0,2.3421052631578947,44.5,0.13157894736842124,2.5
qwen25_15b,401,msc_valid,12,lexical_tfidf,0.5,19,2.526315789473684,48.0,2.3421052631578947,44.5,0.18421052631578938,3.5
qwen25_15b,401,msc_valid,12,recency_keep_compress_drop,0.5,19,2.4342105263157894,46.25,2.3421052631578947,44.5,0.09210526315789469,1.75
qwen25_15b,401,msc_valid,16,uniform,0.2,20,3.475,69.5,2.95,59.0,0.5249999999999999,10.5
qwen25_15b,401,msc_valid,16,longllmlingua,0.2,20,3.225,64.5,2.95,59.0,0.2749999999999999,5.5
qwen25_15b,401,msc_valid,16,recency,0.2,20,3.45,69.0,2.95,59.0,0.5,10.0
qwen25_15b,401,msc_valid,16,lexical_tfidf,0.2,20,3.55,71.0,2.95,59.0,0.5999999999999996,12.0
qwen25_15b,401,msc_valid,16,recency_keep_compress_drop,0.2,20,3.325,66.5,2.95,59.0,0.375,7.5
qwen25_15b,401,msc_valid,16,uniform,0.35,20,3.1625,63.25,2.95,59.0,0.2124999999999999,4.25
qwen25_15b,401,msc_valid,16,longllmlingua,0.35,20,3.15,63.0,2.95,59.0,0.19999999999999973,4.0
qwen25_15b,401,msc_valid,16,recency,0.35,20,3.325,66.5,2.95,59.0,0.375,7.5
qwen25_15b,401,msc_valid,16,lexical_tfidf,0.35,20,3.35,67.0,2.95,59.0,0.3999999999999999,8.0
qwen25_15b,401,msc_valid,16,recency_keep_compress_drop,0.35,20,3.1375,62.75,2.95,59.0,0.1875,3.75
qwen25_15b,401,msc_valid,16,uniform,0.5,20,3.0875,61.75,2.95,59.0,0.13749999999999973,2.75
qwen25_15b,401,msc_valid,16,longllmlingua,0.5,20,3.3,66.0,2.95,59.0,0.34999999999999964,7.0
qwen25_15b,401,msc_valid,16,recency,0.5,20,3.1875,63.75,2.95,59.0,0.23749999999999982,4.75
qwen25_15b,401,msc_valid,16,lexical_tfidf,0.5,20,3.1625,63.25,2.95,59.0,0.2124999999999999,4.25
qwen25_15b,401,msc_valid,16,recency_keep_compress_drop,0.5,20,3.025,60.5,2.95,59.0,0.07499999999999973,1.5
qwen25_15b,401,msc_valid,20,uniform,0.2,17,2.0588235294117645,35.0,1.536764705882353,26.125,0.5220588235294115,8.875
qwen25_15b,401,msc_valid,20,longllmlingua,0.2,17,2.0441176470588234,34.75,1.536764705882353,26.125,0.5073529411764703,8.625
qwen25_15b,401,msc_valid,20,recency,0.2,17,1.7941176470588236,30.5,1.536764705882353,26.125,0.25735294117647056,4.375
qwen25_15b,401,msc_valid,20,lexical_tfidf,0.2,17,1.9852941176470589,33.75,1.536764705882353,26.125,0.44852941176470584,7.625
qwen25_15b,401,msc_valid,20,recency_keep_compress_drop,0.2,17,1.838235294117647,31.25,1.536764705882353,26.125,0.30147058823529393,5.125
qwen25_15b,401,msc_valid,20,uniform,0.35,17,1.8308823529411764,31.125,1.536764705882353,26.125,0.2941176470588234,5.0
qwen25_15b,401,msc_valid,20,longllmlingua,0.35,17,1.9558823529411764,33.25,1.536764705882353,26.125,0.4191176470588234,7.125
qwen25_15b,401,msc_valid,20,recency,0.35,17,1.5147058823529411,25.75,1.536764705882353,26.125,-0.02205882352941191,-0.375
qwen25_15b,401,msc_valid,20,lexical_tfidf,0.35,17,1.7279411764705883,29.375,1.536764705882353,26.125,0.19117647058823528,3.25
qwen25_15b,401,msc_valid,20,recency_keep_compress_drop,0.35,17,1.5514705882352942,26.375,1.536764705882353,26.125,0.014705882352941124,0.25
qwen25_15b,401,msc_valid,20,uniform,0.5,17,1.7352941176470589,29.5,1.536764705882353,26.125,0.19852941176470584,3.375
qwen25_15b,401,msc_valid,20,longllmlingua,0.5,17,1.9558823529411764,33.25,1.536764705882353,26.125,0.4191176470588234,7.125
qwen25_15b,401,msc_valid,20,recency,0.5,17,1.4926470588235294,25.375,1.536764705882353,26.125,-0.044117647058823595,-0.75
qwen25_15b,401,msc_valid,20,lexical_tfidf,0.5,17,1.6102941176470589,27.375,1.536764705882353,26.125,0.07352941176470584,1.25
qwen25_15b,401,msc_valid,20,recency_keep_compress_drop,0.5,17,1.5147058823529411,25.75,1.536764705882353,26.125,-0.02205882352941191,-0.375
qwen25_15b,401,msc_valid,24,uniform,0.2,18,3.3194444444444446,59.75,3.2222222222222223,58.0,0.09722222222222232,1.75
qwen25_15b,401,msc_valid,24,longllmlingua,0.2,18,3.4444444444444446,62.0,3.2222222222222223,58.0,0.22222222222222232,4.0
qwen25_15b,401,msc_valid,24,recency,0.2,18,3.4305555555555554,61.75,3.2222222222222223,58.0,0.20833333333333304,3.75
qwen25_15b,401,msc_valid,24,lexical_tfidf,0.2,18,3.5277777777777777,63.5,3.2222222222222223,58.0,0.30555555555555536,5.5
qwen25_15b,401,msc_valid,24,recency_keep_compress_drop,0.2,18,3.388888888888889,61.0,3.2222222222222223,58.0,0.16666666666666652,3.0
qwen25_15b,401,msc_valid,24,uniform,0.35,18,3.2083333333333335,57.75,3.2222222222222223,58.0,-0.01388888888888884,-0.25
qwen25_15b,401,msc_valid,24,longllmlingua,0.35,18,3.4444444444444446,62.0,3.2222222222222223,58.0,0.22222222222222232,4.0
qwen25_15b,401,msc_valid,24,recency,0.35,18,3.25,58.5,3.2222222222222223,58.0,0.02777777777777768,0.5
qwen25_15b,401,msc_valid,24,lexical_tfidf,0.35,18,3.5,63.0,3.2222222222222223,58.0,0.2777777777777777,5.0
qwen25_15b,401,msc_valid,24,recency_keep_compress_drop,0.35,18,3.236111111111111,58.25,3.2222222222222223,58.0,0.01388888888888884,0.25
qwen25_15b,401,msc_valid,24,uniform,0.5,18,3.1944444444444446,57.5,3.2222222222222223,58.0,-0.02777777777777768,-0.5
qwen25_15b,401,msc_valid,24,longllmlingua,0.5,18,3.3472222222222223,60.25,3.2222222222222223,58.0,0.125,2.25
qwen25_15b,401,msc_valid,24,recency,0.5,18,3.263888888888889,58.75,3.2222222222222223,58.0,0.04166666666666652,0.75
qwen25_15b,401,msc_valid,24,lexical_tfidf,0.5,18,3.486111111111111,62.75,3.2222222222222223,58.0,0.26388888888888884,4.75
qwen25_15b,401,msc_valid,24,recency_keep_compress_drop,0.5,18,3.1944444444444446,57.5,3.2222222222222223,58.0,-0.02777777777777768,-0.5
qwen25_15b,401,msc_valid,28,uniform,0.2,16,1.953125,31.25,1.828125,29.25,0.125,2.0
qwen25_15b,401,msc_valid,28,longllmlingua,0.2,16,1.984375,31.75,1.828125,29.25,0.15625,2.5
qwen25_15b,401,msc_valid,28,recency,0.2,16,1.921875,30.75,1.828125,29.25,0.09375,1.5
qwen25_15b,401,msc_valid,28,lexical_tfidf,0.2,16,1.9765625,31.625,1.828125,29.25,0.1484375,2.375
qwen25_15b,401,msc_valid,28,recency_keep_compress_drop,0.2,16,1.984375,31.75,1.828125,29.25,0.15625,2.5
qwen25_15b,401,msc_valid,28,uniform,0.35,16,1.8046875,28.875,1.828125,29.25,-0.0234375,-0.375
qwen25_15b,401,msc_valid,28,longllmlingua,0.35,16,2.09375,33.5,1.828125,29.25,0.265625,4.25
qwen25_15b,401,msc_valid,28,recency,0.35,16,1.84375,29.5,1.828125,29.25,0.015625,0.25
qwen25_15b,401,msc_valid,28,lexical_tfidf,0.35,16,1.9375,31.0,1.828125,29.25,0.109375,1.75
qwen25_15b,401,msc_valid,28,recency_keep_compress_drop,0.35,16,1.984375,31.75,1.828125,29.25,0.15625,2.5
qwen25_15b,401,msc_valid,28,uniform,0.5,16,1.734375,27.75,1.828125,29.25,-0.09375,-1.5
qwen25_15b,401,msc_valid,28,longllmlingua,0.5,16,2.109375,33.75,1.828125,29.25,0.28125,4.5
qwen25_15b,401,msc_valid,28,recency,0.5,16,1.8359375,29.375,1.828125,29.25,0.0078125,0.125
qwen25_15b,401,msc_valid,28,lexical_tfidf,0.5,16,1.8203125,29.125,1.828125,29.25,-0.0078125,-0.125
qwen25_15b,401,msc_valid,28,recency_keep_compress_drop,0.5,16,1.921875,30.75,1.828125,29.25,0.09375,1.5
qwen25_15b,401,msc_valid,32,uniform,0.2,20,2.0,40.0,1.8875,37.75,0.11250000000000004,2.25
qwen25_15b,401,msc_valid,32,longllmlingua,0.2,20,2.2,44.0,1.8875,37.75,0.3125000000000002,6.25
qwen25_15b,401,msc_valid,32,recency,0.2,20,2.025,40.5,1.8875,37.75,0.13749999999999996,2.75
qwen25_15b,401,msc_valid,32,lexical_tfidf,0.2,20,1.975,39.5,1.8875,37.75,0.08750000000000013,1.75
qwen25_15b,401,msc_valid,32,recency_keep_compress_drop,0.2,20,2.0125,40.25,1.8875,37.75,0.12500000000000022,2.5
qwen25_15b,401,msc_valid,32,uniform,0.35,20,1.8875,37.75,1.8875,37.75,0.0,0.0
qwen25_15b,401,msc_valid,32,longllmlingua,0.35,20,2.275,45.5,1.8875,37.75,0.38749999999999996,7.75
qwen25_15b,401,msc_valid,32,recency,0.35,20,1.95,39.0,1.8875,37.75,0.0625,1.25
qwen25_15b,401,msc_valid,32,lexical_tfidf,0.35,20,1.9625,39.25,1.8875,37.75,0.07499999999999996,1.5
qwen25_15b,401,msc_valid,32,recency_keep_compress_drop,0.35,20,1.95,39.0,1.8875,37.75,0.0625,1.25
qwen25_15b,401,msc_valid,32,uniform,0.5,20,1.9125,38.25,1.8875,37.75,0.025000000000000133,0.5
qwen25_15b,401,msc_valid,32,longllmlingua,0.5,20,2.35,47.0,1.8875,37.75,0.46250000000000013,9.25
qwen25_15b,401,msc_valid,32,recency,0.5,20,1.8875,37.75,1.8875,37.75,0.0,0.0
qwen25_15b,401,msc_valid,32,lexical_tfidf,0.5,20,1.9875,39.75,1.8875,37.75,0.10000000000000009,2.0
qwen25_15b,401,msc_valid,32,recency_keep_compress_drop,0.5,20,1.9,38.0,1.8875,37.75,0.012499999999999956,0.25
qwen25_15b,401,msc_valid,34,uniform,0.2,35,3.0,105.0,2.8714285714285714,100.5,0.12857142857142856,4.5
qwen25_15b,401,msc_valid,34,longllmlingua,0.2,35,2.9285714285714284,102.5,2.8714285714285714,100.5,0.05714285714285694,2.0
qwen25_15b,401,msc_valid,34,recency,0.2,35,2.942857142857143,103.0,2.8714285714285714,100.5,0.07142857142857162,2.5
qwen25_15b,401,msc_valid,34,lexical_tfidf,0.2,35,2.8857142857142857,101.0,2.8714285714285714,100.5,0.014285714285714235,0.5
qwen25_15b,401,msc_valid,34,recency_keep_compress_drop,0.2,35,2.9,101.5,2.8714285714285714,100.5,0.02857142857142847,1.0
qwen25_15b,401,msc_valid,34,uniform,0.35,35,3.057142857142857,107.0,2.8714285714285714,100.5,0.1857142857142855,6.5
qwen25_15b,401,msc_valid,34,longllmlingua,0.35,35,2.9285714285714284,102.5,2.8714285714285714,100.5,0.05714285714285694,2.0
qwen25_15b,401,msc_valid,34,recency,0.35,35,2.9285714285714284,102.5,2.8714285714285714,100.5,0.05714285714285694,2.0
qwen25_15b,401,msc_valid,34,lexical_tfidf,0.35,35,2.9,101.5,2.8714285714285714,100.5,0.02857142857142847,1.0
qwen25_15b,401,msc_valid,34,recency_keep_compress_drop,0.35,35,2.8857142857142857,101.0,2.8714285714285714,100.5,0.014285714285714235,0.5
qwen25_15b,401,msc_valid,34,uniform,0.5,35,3.1142857142857143,109.0,2.8714285714285714,100.5,0.24285714285714288,8.5
qwen25_15b,401,msc_valid,34,longllmlingua,0.5,35,2.9285714285714284,102.5,2.8714285714285714,100.5,0.05714285714285694,2.0
qwen25_15b,401,msc_valid,34,recency,0.5,35,2.9285714285714284,102.5,2.8714285714285714,100.5,0.05714285714285694,2.0
qwen25_15b,401,msc_valid,34,lexical_tfidf,0.5,35,2.8714285714285714,100.5,2.8714285714285714,100.5,0.0,0.0
qwen25_15b,401,msc_valid,34,recency_keep_compress_drop,0.5,35,2.842857142857143,99.5,2.8714285714285714,100.5,-0.02857142857142847,-1.0
qwen25_15b,401,msc_valid,38,uniform,0.2,31,2.693548387096774,83.5,2.6451612903225805,82.0,0.048387096774193505,1.5
qwen25_15b,401,msc_valid,38,longllmlingua,0.2,31,2.7096774193548385,84.0,2.6451612903225805,82.0,0.06451612903225801,2.0
qwen25_15b,401,msc_valid,38,recency,0.2,31,2.7096774193548385,84.0,2.6451612903225805,82.0,0.06451612903225801,2.0
qwen25_15b,401,msc_valid,38,lexical_tfidf,0.2,31,2.6451612903225805,82.0,2.6451612903225805,82.0,0.0,0.0
qwen25_15b,401,msc_valid,38,recency_keep_compress_drop,0.2,31,2.693548387096774,83.5,2.6451612903225805,82.0,0.048387096774193505,1.5
qwen25_15b,401,msc_valid,38,uniform,0.35,31,2.6774193548387095,83.0,2.6451612903225805,82.0,0.032258064516129004,1.0
qwen25_15b,401,msc_valid,38,longllmlingua,0.35,31,2.6451612903225805,82.0,2.6451612903225805,82.0,0.0,0.0
qwen25_15b,401,msc_valid,38,recency,0.35,31,2.7419354838709675,85.0,2.6451612903225805,82.0,0.09677419354838701,3.0
qwen25_15b,401,msc_valid,38,lexical_tfidf,0.35,31,2.6129032258064515,81.0,2.6451612903225805,82.0,-0.032258064516129004,-1.0
qwen25_15b,401,msc_valid,38,recency_keep_compress_drop,0.35,31,2.6129032258064515,81.0,2.6451612903225805,82.0,-0.032258064516129004,-1.0
qwen25_15b,401,msc_valid,38,uniform,0.5,31,2.5806451612903225,80.0,2.6451612903225805,82.0,-0.06451612903225801,-2.0
qwen25_15b,401,msc_valid,38,longllmlingua,0.5,31,2.629032258064516,81.5,2.6451612903225805,82.0,-0.016129032258064502,-0.5
qwen25_15b,401,msc_valid,38,recency,0.5,31,2.6774193548387095,83.0,2.6451612903225805,82.0,0.032258064516129004,1.0
qwen25_15b,401,msc_valid,38,lexical_tfidf,0.5,31,2.5483870967741935,79.0,2.6451612903225805,82.0,-0.09677419354838701,-3.0
qwen25_15b,401,msc_valid,38,recency_keep_compress_drop,0.5,31,2.5483870967741935,79.0,2.6451612903225805,82.0,-0.09677419354838701,-3.0
qwen25_15b,401,msc_valid,42,uniform,0.2,24,2.7083333333333335,65.0,0.0,0.0,2.7083333333333335,65.0
qwen25_15b,401,msc_valid,42,longllmlingua,0.2,24,2.3541666666666665,56.5,0.0,0.0,2.3541666666666665,56.5
qwen25_15b,401,msc_valid,42,recency,0.2,24,2.625,63.0,0.0,0.0,2.625,63.0
qwen25_15b,401,msc_valid,42,lexical_tfidf,0.2,24,2.8125,67.5,0.0,0.0,2.8125,67.5
qwen25_15b,401,msc_valid,42,recency_keep_compress_drop,0.2,24,2.6666666666666665,64.0,0.0,0.0,2.6666666666666665,64.0
qwen25_15b,401,msc_valid,42,uniform,0.35,24,2.2708333333333335,54.5,0.0,0.0,2.2708333333333335,54.5
qwen25_15b,401,msc_valid,42,longllmlingua,0.35,24,2.3958333333333335,57.5,0.0,0.0,2.3958333333333335,57.5
qwen25_15b,401,msc_valid,42,recency,0.35,24,2.3854166666666665,57.25,0.0,0.0,2.3854166666666665,57.25
qwen25_15b,401,msc_valid,42,lexical_tfidf,0.35,24,2.46875,59.25,0.0,0.0,2.46875,59.25
qwen25_15b,401,msc_valid,42,recency_keep_compress_drop,0.35,24,2.5625,61.5,0.0,0.0,2.5625,61.5
qwen25_15b,401,msc_valid,42,uniform,0.5,24,2.2604166666666665,54.25,0.0,0.0,2.2604166666666665,54.25
qwen25_15b,401,msc_valid,42,longllmlingua,0.5,24,2.40625,57.75,0.0,0.0,2.40625,57.75
qwen25_15b,401,msc_valid,42,recency,0.5,24,2.2291666666666665,53.5,0.0,0.0,2.2291666666666665,53.5
qwen25_15b,401,msc_valid,42,lexical_tfidf,0.5,24,2.3020833333333335,55.25,0.0,0.0,2.3020833333333335,55.25
qwen25_15b,401,msc_valid,42,recency_keep_compress_drop,0.5,24,2.3854166666666665,57.25,0.0,0.0,2.3854166666666665,57.25
qwen25_15b,401,msc_valid,46,uniform,0.2,25,2.27,56.75,0.0,0.0,2.27,56.75
qwen25_15b,401,msc_valid,46,longllmlingua,0.2,25,2.45,61.25,0.0,0.0,2.45,61.25
qwen25_15b,401,msc_valid,46,recency,0.2,25,2.34,58.5,0.0,0.0,2.34,58.5
qwen25_15b,401,msc_valid,46,lexical_tfidf,0.2,25,2.36,59.0,0.0,0.0,2.36,59.0
qwen25_15b,401,msc_valid,46,recency_keep_compress_drop,0.2,25,2.3,57.5,0.0,0.0,2.3,57.5
qwen25_15b,401,msc_valid,46,uniform,0.35,25,2.17,54.25,0.0,0.0,2.17,54.25
qwen25_15b,401,msc_valid,46,longllmlingua,0.35,25,2.48,62.0,0.0,0.0,2.48,62.0
qwen25_15b,401,msc_valid,46,recency,0.35,25,2.25,56.25,0.0,0.0,2.25,56.25
qwen25_15b,401,msc_valid,46,lexical_tfidf,0.35,25,2.23,55.75,0.0,0.0,2.23,55.75
qwen25_15b,401,msc_valid,46,recency_keep_compress_drop,0.35,25,2.03,50.75,0.0,0.0,2.03,50.75
qwen25_15b,401,msc_valid,46,uniform,0.5,25,2.11,52.75,0.0,0.0,2.11,52.75
qwen25_15b,401,msc_valid,46,longllmlingua,0.5,25,2.38,59.5,0.0,0.0,2.38,59.5
qwen25_15b,401,msc_valid,46,recency,0.5,25,2.2,55.0,0.0,0.0,2.2,55.0
qwen25_15b,401,msc_valid,46,lexical_tfidf,0.5,25,2.15,53.75,0.0,0.0,2.15,53.75
qwen25_15b,401,msc_valid,46,recency_keep_compress_drop,0.5,25,2.11,52.75,0.0,0.0,2.11,52.75
qwen25_15b,401,msc_valid,50,uniform,0.2,14,2.080357142857143,29.125,0.0,0.0,2.080357142857143,29.125
qwen25_15b,401,msc_valid,50,longllmlingua,0.2,14,2.3214285714285716,32.5,0.0,0.0,2.3214285714285716,32.5
qwen25_15b,401,msc_valid,50,recency,0.2,14,2.0625,28.875,0.0,0.0,2.0625,28.875
qwen25_15b,401,msc_valid,50,lexical_tfidf,0.2,14,2.0535714285714284,28.75,0.0,0.0,2.0535714285714284,28.75
qwen25_15b,401,msc_valid,50,recency_keep_compress_drop,0.2,14,2.0,28.0,0.0,0.0,2.0,28.0
qwen25_15b,401,msc_valid,50,uniform,0.35,14,1.625,22.75,0.0,0.0,1.625,22.75
qwen25_15b,401,msc_valid,50,longllmlingua,0.35,14,2.4107142857142856,33.75,0.0,0.0,2.4107142857142856,33.75
qwen25_15b,401,msc_valid,50,recency,0.35,14,1.8928571428571428,26.5,0.0,0.0,1.8928571428571428,26.5
qwen25_15b,401,msc_valid,50,lexical_tfidf,0.35,14,1.9732142857142858,27.625,0.0,0.0,1.9732142857142858,27.625
qwen25_15b,401,msc_valid,50,recency_keep_compress_drop,0.35,14,1.75,24.5,0.0,0.0,1.75,24.5
qwen25_15b,401,msc_valid,50,uniform,0.5,14,1.8125,25.375,0.0,0.0,1.8125,25.375
qwen25_15b,401,msc_valid,50,longllmlingua,0.5,14,2.4107142857142856,33.75,0.0,0.0,2.4107142857142856,33.75
qwen25_15b,401,msc_valid,50,recency,0.5,14,1.9107142857142858,26.75,0.0,0.0,1.9107142857142858,26.75
qwen25_15b,401,msc_valid,50,lexical_tfidf,0.5,14,1.6607142857142858,23.25,0.0,0.0,1.6607142857142858,23.25
qwen25_15b,401,msc_valid,50,recency_keep_compress_drop,0.5,14,1.7410714285714286,24.375,0.0,0.0,1.7410714285714286,24.375
qwen25_15b,401,msc_valid,54,uniform,0.2,24,2.7083333333333335,65.0,0.0,0.0,2.7083333333333335,65.0
qwen25_15b,401,msc_valid,54,longllmlingua,0.2,24,2.8125,67.5,0.0,0.0,2.8125,67.5
qwen25_15b,401,msc_valid,54,recency,0.2,24,2.875,69.0,0.0,0.0,2.875,69.0
qwen25_15b,401,msc_valid,54,lexical_tfidf,0.2,24,2.7708333333333335,66.5,0.0,0.0,2.7708333333333335,66.5
qwen25_15b,401,msc_valid,54,recency_keep_compress_drop,0.2,24,2.8541666666666665,68.5,0.0,0.0,2.8541666666666665,68.5
qwen25_15b,401,msc_valid,54,uniform,0.35,24,2.875,69.0,0.0,0.0,2.875,69.0
qwen25_15b,401,msc_valid,54,longllmlingua,0.35,24,2.875,69.0,0.0,0.0,2.875,69.0
qwen25_15b,401,msc_valid,54,recency,0.35,24,2.875,69.0,0.0,0.0,2.875,69.0
qwen25_15b,401,msc_valid,54,lexical_tfidf,0.35,24,2.8333333333333335,68.0,0.0,0.0,2.8333333333333335,68.0
qwen25_15b,401,msc_valid,54,recency_keep_compress_drop,0.35,24,2.7916666666666665,67.0,0.0,0.0,2.7916666666666665,67.0
qwen25_15b,401,msc_valid,54,uniform,0.5,24,2.8958333333333335,69.5,0.0,0.0,2.8958333333333335,69.5
qwen25_15b,401,msc_valid,54,longllmlingua,0.5,24,2.6875,64.5,0.0,0.0,2.6875,64.5
qwen25_15b,401,msc_valid,54,recency,0.5,24,2.875,69.0,0.0,0.0,2.875,69.0
qwen25_15b,401,msc_valid,54,lexical_tfidf,0.5,24,2.8541666666666665,68.5,0.0,0.0,2.8541666666666665,68.5
qwen25_15b,401,msc_valid,54,recency_keep_compress_drop,0.5,24,2.8125,67.5,0.0,0.0,2.8125,67.5
qwen25_15b,401,msc_valid,58,uniform,0.2,21,4.238095238095238,89.0,0.0,0.0,4.238095238095238,89.0
qwen25_15b,401,msc_valid,58,longllmlingua,0.2,21,4.142857142857143,87.0,0.0,0.0,4.142857142857143,87.0
qwen25_15b,401,msc_valid,58,recency,0.2,21,4.0,84.0,0.0,0.0,4.0,84.0
qwen25_15b,401,msc_valid,58,lexical_tfidf,0.2,21,3.9047619047619047,82.0,0.0,0.0,3.9047619047619047,82.0
qwen25_15b,401,msc_valid,58,recency_keep_compress_drop,0.2,21,3.9047619047619047,82.0,0.0,0.0,3.9047619047619047,82.0
qwen25_15b,401,msc_valid,58,uniform,0.35,21,4.142857142857143,87.0,0.0,0.0,4.142857142857143,87.0
qwen25_15b,401,msc_valid,58,longllmlingua,0.35,21,4.333333333333333,91.0,0.0,0.0,4.333333333333333,91.0
qwen25_15b,401,msc_valid,58,recency,0.35,21,3.880952380952381,81.5,0.0,0.0,3.880952380952381,81.5
qwen25_15b,401,msc_valid,58,lexical_tfidf,0.35,21,3.9761904761904763,83.5,0.0,0.0,3.9761904761904763,83.5
qwen25_15b,401,msc_valid,58,recency_keep_compress_drop,0.35,21,4.023809523809524,84.5,0.0,0.0,4.023809523809524,84.5
qwen25_15b,401,msc_valid,58,uniform,0.5,21,4.071428571428571,85.5,0.0,0.0,4.071428571428571,85.5
qwen25_15b,401,msc_valid,58,longllmlingua,0.5,21,4.0476190476190474,85.0,0.0,0.0,4.0476190476190474,85.0
qwen25_15b,401,msc_valid,58,recency,0.5,0,0.0,0.0,0.0,0.0,0.0,0.0
qwen25_15b,401,msc_valid,58,lexical_tfidf,0.5,0,0.0,0.0,0.0,0.0,0.0,0.0
qwen25_15b,401,msc_valid,58,recency_keep_compress_drop,0.5,0,0.0,0.0,0.0,0.0,0.0,0.0
qwen25_15b,401,msc_valid,62,uniform,0.2,15,2.6166666666666667,39.25,0.0,0.0,2.6166666666666667,39.25
qwen25_15b,401,msc_valid,62,longllmlingua,0.2,15,2.316666666666667,34.75,0.0,0.0,2.316666666666667,34.75
qwen25_15b,401,msc_valid,62,recency,0.2,15,2.216666666666667,33.25,0.0,0.0,2.216666666666667,33.25
qwen25_15b,401,msc_valid,62,lexical_tfidf,0.2,15,2.1666666666666665,32.5,0.0,0.0,2.1666666666666665,32.5
qwen25_15b,401,msc_valid,62,recency_keep_compress_drop,0.2,15,2.2,33.0,0.0,0.0,2.2,33.0
qwen25_15b,401,msc_valid,62,uniform,0.35,15,2.7,40.5,0.0,0.0,2.7,40.5
qwen25_15b,401,msc_valid,62,longllmlingua,0.35,15,2.35,35.25,0.0,0.0,2.35,35.25
qwen25_15b,401,msc_valid,62,recency,0.35,15,2.183333333333333,32.75,0.0,0.0,2.183333333333333,32.75
qwen25_15b,401,msc_valid,62,lexical_tfidf,0.35,15,2.216666666666667,33.25,0.0,0.0,2.216666666666667,33.25
qwen25_15b,401,msc_valid,62,recency_keep_compress_drop,0.35,15,2.2333333333333334,33.5,0.0,0.0,2.2333333333333334,33.5
qwen25_15b,401,msc_valid,62,uniform,0.5,15,2.8,42.0,0.0,0.0,2.8,42.0
qwen25_15b,401,msc_valid,62,longllmlingua,0.5,15,2.533333333333333,38.0,0.0,0.0,2.533333333333333,38.0
qwen25_15b,401,msc_valid,62,recency,0.5,0,0.0,0.0,0.0,0.0,0.0,0.0
qwen25_15b,401,msc_valid,62,lexical_tfidf,0.5,0,0.0,0.0,0.0,0.0,0.0,0.0
qwen25_15b,401,msc_valid,62,recency_keep_compress_drop,0.5,0,0.0,0.0,0.0,0.0,0.0,0.0
qwen25_15b,412,msc_valid,4,uniform,0.2,12,3.7083333333333335,44.5,3.3333333333333335,40.0,0.375,4.5
qwen25_15b,412,msc_valid,4,longllmlingua,0.2,12,3.3333333333333335,40.0,3.3333333333333335,40.0,0.0,0.0
qwen25_15b,412,msc_valid,4,recency,0.2,12,3.7083333333333335,44.5,3.3333333333333335,40.0,0.375,4.5
qwen25_15b,412,msc_valid,4,lexical_tfidf,0.2,12,3.7083333333333335,44.5,3.3333333333333335,40.0,0.375,4.5
qwen25_15b,412,msc_valid,4,recency_keep_compress_drop,0.2,12,3.7083333333333335,44.5,3.3333333333333335,40.0,0.375,4.5
qwen25_15b,412,msc_valid,4,uniform,0.35,12,3.4375,41.25,3.3333333333333335,40.0,0.10416666666666652,1.25
qwen25_15b,412,msc_valid,4,longllmlingua,0.35,12,3.5416666666666665,42.5,3.3333333333333335,40.0,0.20833333333333304,2.5
qwen25_15b,412,msc_valid,4,recency,0.35,12,3.4375,41.25,3.3333333333333335,40.0,0.10416666666666652,1.25
qwen25_15b,412,msc_valid,4,lexical_tfidf,0.35,12,3.4375,41.25,3.3333333333333335,40.0,0.10416666666666652,1.25
qwen25_15b,412,msc_valid,4,recency_keep_compress_drop,0.35,12,3.4375,41.25,3.3333333333333335,40.0,0.10416666666666652,1.25
qwen25_15b,412,msc_valid,4,uniform,0.5,12,3.4375,41.25,3.3333333333333335,40.0,0.10416666666666652,1.25
qwen25_15b,412,msc_valid,4,longllmlingua,0.5,12,3.2916666666666665,39.5,3.3333333333333335,40.0,-0.04166666666666696,-0.5
qwen25_15b,412,msc_valid,4,recency,0.5,12,3.4375,41.25,3.3333333333333335,40.0,0.10416666666666652,1.25
qwen25_15b,412,msc_valid,4,lexical_tfidf,0.5,12,3.4375,41.25,3.3333333333333335,40.0,0.10416666666666652,1.25
qwen25_15b,412,msc_valid,4,recency_keep_compress_drop,0.5,12,3.4375,41.25,3.3333333333333335,40.0,0.10416666666666652,1.25
qwen25_15b,412,msc_valid,6,uniform,0.2,15,2.216666666666667,33.25,1.75,26.25,0.4666666666666668,7.0
qwen25_15b,412,msc_valid,6,longllmlingua,0.2,15,1.9333333333333333,29.0,1.75,26.25,0.18333333333333335,2.75
qwen25_15b,412,msc_valid,6,recency,0.2,15,2.0166666666666666,30.25,1.75,26.25,0.2666666666666666,4.0
qwen25_15b,412,msc_valid,6,lexical_tfidf,0.2,15,2.216666666666667,33.25,1.75,26.25,0.4666666666666668,7.0
qwen25_15b,412,msc_valid,6,recency_keep_compress_drop,0.2,15,2.0166666666666666,30.25,1.75,26.25,0.2666666666666666,4.0
qwen25_15b,412,msc_valid,6,uniform,0.35,15,1.9333333333333333,29.0,1.75,26.25,0.18333333333333335,2.75
qwen25_15b,412,msc_valid,6,longllmlingua,0.35,15,1.9333333333333333,29.0,1.75,26.25,0.18333333333333335,2.75
qwen25_15b,412,msc_valid,6,recency,0.35,15,1.9333333333333333,29.0,1.75,26.25,0.18333333333333335,2.75
qwen25_15b,412,msc_valid,6,lexical_tfidf,0.35,15,1.9333333333333333,29.0,1.75,26.25,0.18333333333333335,2.75
qwen25_15b,412,msc_valid,6,recency_keep_compress_drop,0.35,15,1.9333333333333333,29.0,1.75,26.25,0.18333333333333335,2.75
qwen25_15b,412,msc_valid,6,uniform,0.5,15,2.1333333333333333,32.0,1.75,26.25,0.3833333333333333,5.75
qwen25_15b,412,msc_valid,6,longllmlingua,0.5,15,1.8083333333333333,27.125,1.75,26.25,0.05833333333333335,0.875
qwen25_15b,412,msc_valid,6,recency,0.5,15,1.925,28.875,1.75,26.25,0.17500000000000004,2.625
qwen25_15b,412,msc_valid,6,lexical_tfidf,0.5,15,1.9333333333333333,29.0,1.75,26.25,0.18333333333333335,2.75
qwen25_15b,412,msc_valid,6,recency_keep_compress_drop,0.5,15,1.9333333333333333,29.0,1.75,26.25,0.18333333333333335,2.75
qwen25_15b,412,msc_valid,8,uniform,0.2,17,3.3970588235294117,57.75,2.823529411764706,48.0,0.5735294117647056,9.75
qwen25_15b,412,msc_valid,8,longllmlingua,0.2,17,3.0294117647058822,51.5,2.823529411764706,48.0,0.20588235294117618,3.5
qwen25_15b,412,msc_valid,8,recency,0.2,17,3.5588235294117645,60.5,2.823529411764706,48.0,0.7352941176470584,12.5
qwen25_15b,412,msc_valid,8,lexical_tfidf,0.2,17,3.5588235294117645,60.5,2.823529411764706,48.0,0.7352941176470584,12.5
qwen25_15b,412,msc_valid,8,recency_keep_compress_drop,0.2,17,3.5588235294117645,60.5,2.823529411764706,48.0,0.7352941176470584,12.5
qwen25_15b,412,msc_valid,8,uniform,0.35,17,3.264705882352941,55.5,2.823529411764706,48.0,0.44117647058823506,7.5
qwen25_15b,412,msc_valid,8,longllmlingua,0.35,17,3.0441176470588234,51.75,2.823529411764706,48.0,0.2205882352941173,3.75
qwen25_15b,412,msc_valid,8,recency,0.35,17,3.2058823529411766,54.5,2.823529411764706,48.0,0.38235294117647056,6.5
qwen25_15b,412,msc_valid,8,lexical_tfidf,0.35,17,3.3823529411764706,57.5,2.823529411764706,48.0,0.5588235294117645,9.5
qwen25_15b,412,msc_valid,8,recency_keep_compress_drop,0.35,17,3.0588235294117645,52.0,2.823529411764706,48.0,0.23529411764705843,4.0
qwen25_15b,412,msc_valid,8,uniform,0.5,17,3.2058823529411766,54.5,2.823529411764706,48.0,0.38235294117647056,6.5
qwen25_15b,412,msc_valid,8,longllmlingua,0.5,17,2.8676470588235294,48.75,2.823529411764706,48.0,0.04411764705882337,0.75
qwen25_15b,412,msc_valid,8,recency,0.5,17,2.9411764705882355,50.0,2.823529411764706,48.0,0.11764705882352944,2.0
qwen25_15b,412,msc_valid,8,lexical_tfidf,0.5,17,3.176470588235294,54.0,2.823529411764706,48.0,0.35294117647058787,6.0
qwen25_15b,412,msc_valid,8,recency_keep_compress_drop,0.5,17,3.0588235294117645,52.0,2.823529411764706,48.0,0.23529411764705843,4.0
qwen25_15b,412,msc_valid,10,uniform,0.2,11,4.590909090909091,50.5,3.272727272727273,36.0,1.318181818181818,14.5
qwen25_15b,412,msc_valid,10,longllmlingua,0.2,11,3.659090909090909,40.25,3.272727272727273,36.0,0.38636363636363624,4.25
qwen25_15b,412,msc_valid,10,recency,0.2,11,4.181818181818182,46.0,3.272727272727273,36.0,0.9090909090909087,10.0
qwen25_15b,412,msc_valid,10,lexical_tfidf,0.2,11,4.5227272727272725,49.75,3.272727272727273,36.0,1.2499999999999996,13.75
qwen25_15b,412,msc_valid,10,recency_keep_compress_drop,0.2,11,4.181818181818182,46.0,3.272727272727273,36.0,0.9090909090909087,10.0
qwen25_15b,412,msc_valid,10,uniform,0.35,11,4.613636363636363,50.75,3.272727272727273,36.0,1.3409090909090904,14.75
qwen25_15b,412,msc_valid,10,longllmlingua,0.35,11,3.5,38.5,3.272727272727273,36.0,0.22727272727272707,2.5
qwen25_15b,412,msc_valid,10,recency,0.35,11,3.6818181818181817,40.5,3.272727272727273,36.0,0.4090909090909087,4.5
qwen25_15b,412,msc_valid,10,lexical_tfidf,0.35,11,4.045454545454546,44.5,3.272727272727273,36.0,0.7727272727272729,8.5
qwen25_15b,412,msc_valid,10,recency_keep_compress_drop,0.35,11,3.590909090909091,39.5,3.272727272727273,36.0,0.3181818181818179,3.5
qwen25_15b,412,msc_valid,10,uniform,0.5,11,4.545454545454546,50.0,3.272727272727273,36.0,1.272727272727273,14.0
qwen25_15b,412,msc_valid,10,longllmlingua,0.5,11,3.409090909090909,37.5,3.272727272727273,36.0,0.13636363636363624,1.5
qwen25_15b,412,msc_valid,10,recency,0.5,11,3.4545454545454546,38.0,3.272727272727273,36.0,0.18181818181818166,2.0
qwen25_15b,412,msc_valid,10,lexical_tfidf,0.5,11,3.9318181818181817,43.25,3.272727272727273,36.0,0.6590909090909087,7.25
qwen25_15b,412,msc_valid,10,recency_keep_compress_drop,0.5,11,3.5,38.5,3.272727272727273,36.0,0.22727272727272707,2.5
qwen25_15b,412,msc_valid,12,uniform,0.2,7,6.285714285714286,44.0,4.857142857142857,34.0,1.4285714285714288,10.0
qwen25_15b,412,msc_valid,12,longllmlingua,0.2,7,6.285714285714286,44.0,4.857142857142857,34.0,1.4285714285714288,10.0
qwen25_15b,412,msc_valid,12,recency,0.2,7,5.964285714285714,41.75,4.857142857142857,34.0,1.1071428571428577,7.75
qwen25_15b,412,msc_valid,12,lexical_tfidf,0.2,7,6.214285714285714,43.5,4.857142857142857,34.0,1.3571428571428577,9.5
qwen25_15b,412,msc_valid,12,recency_keep_compress_drop,0.2,7,5.785714285714286,40.5,4.857142857142857,34.0,0.9285714285714288,6.5
qwen25_15b,412,msc_valid,12,uniform,0.35,7,5.535714285714286,38.75,4.857142857142857,34.0,0.6785714285714288,4.75
qwen25_15b,412,msc_valid,12,longllmlingua,0.35,7,6.178571428571429,43.25,4.857142857142857,34.0,1.321428571428572,9.25
qwen25_15b,412,msc_valid,12,recency,0.35,7,5.857142857142857,41.0,4.857142857142857,34.0,1.0,7.0
qwen25_15b,412,msc_valid,12,lexical_tfidf,0.35,7,5.892857142857143,41.25,4.857142857142857,34.0,1.0357142857142865,7.25
qwen25_15b,412,msc_valid,12,recency_keep_compress_drop,0.35,7,5.464285714285714,38.25,4.857142857142857,34.0,0.6071428571428577,4.25
qwen25_15b,412,msc_valid,12,uniform,0.5,7,5.571428571428571,39.0,4.857142857142857,34.0,0.7142857142857144,5.0
qwen25_15b,412,msc_valid,12,longllmlingua,0.5,7,5.892857142857143,41.25,4.857142857142857,34.0,1.0357142857142865,7.25
qwen25_15b,412,msc_valid,12,recency,0.5,7,5.571428571428571,39.0,4.857142857142857,34.0,0.7142857142857144,5.0
qwen25_15b,412,msc_valid,12,lexical_tfidf,0.5,7,5.535714285714286,38.75,4.857142857142857,34.0,0.6785714285714288,4.75
qwen25_15b,412,msc_valid,12,recency_keep_compress_drop,0.5,7,5.464285714285714,38.25,4.857142857142857,34.0,0.6071428571428577,4.25
qwen25_15b,412,msc_valid,14,uniform,0.2,12,3.2083333333333335,38.5,2.8125,33.75,0.3958333333333335,4.75
qwen25_15b,412,msc_valid,14,longllmlingua,0.2,12,3.0416666666666665,36.5,2.8125,33.75,0.22916666666666652,2.75
qwen25_15b,412,msc_valid,14,recency,0.2,12,3.1458333333333335,37.75,2.8125,33.75,0.3333333333333335,4.0
qwen25_15b,412,msc_valid,14,lexical_tfidf,0.2,12,2.9791666666666665,35.75,2.8125,33.75,0.16666666666666652,2.0
qwen25_15b,412,msc_valid,14,recency_keep_compress_drop,0.2,12,3.0,36.0,2.8125,33.75,0.1875,2.25
qwen25_15b,412,msc_valid,14,uniform,0.35,12,2.875,34.5,2.8125,33.75,0.0625,0.75
qwen25_15b,412,msc_valid,14,longllmlingua,0.35,12,2.8958333333333335,34.75,2.8125,33.75,0.08333333333333348,1.0
qwen25_15b,412,msc_valid,14,recency,0.35,12,3.0625,36.75,2.8125,33.75,0.25,3.0
qwen25_15b,412,msc_valid,14,lexical_tfidf,0.35,12,3.0208333333333335,36.25,2.8125,33.75,0.20833333333333348,2.5
qwen25_15b,412,msc_valid,14,recency_keep_compress_drop,0.35,12,2.9375,35.25,2.8125,33.75,0.125,1.5
qwen25_15b,412,msc_valid,14,uniform,0.5,12,2.7083333333333335,32.5,2.8125,33.75,-0.10416666666666652,-1.25
qwen25_15b,412,msc_valid,14,longllmlingua,0.5,12,2.65625,31.875,2.8125,33.75,-0.15625,-1.875
qwen25_15b,412,msc_valid,14,recency,0.5,12,3.0625,36.75,2.8125,33.75,0.25,3.0
qwen25_15b,412,msc_valid,14,lexical_tfidf,0.5,12,2.9166666666666665,35.0,2.8125,33.75,0.10416666666666652,1.25
qwen25_15b,412,msc_valid,14,recency_keep_compress_drop,0.5,12,3.0,36.0,2.8125,33.75,0.1875,2.25
qwen25_15b,453,msc_valid,4,uniform,0.2,14,3.875,54.25,3.9464285714285716,55.25,-0.07142857142857162,-1.0
qwen25_15b,453,msc_valid,4,longllmlingua,0.2,14,3.6964285714285716,51.75,3.9464285714285716,55.25,-0.25,-3.5
qwen25_15b,453,msc_valid,4,recency,0.2,14,3.875,54.25,3.9464285714285716,55.25,-0.07142857142857162,-1.0
qwen25_15b,453,msc_valid,4,lexical_tfidf,0.2,14,3.875,54.25,3.9464285714285716,55.25,-0.07142857142857162,-1.0
qwen25_15b,453,msc_valid,4,recency_keep_compress_drop,0.2,14,3.875,54.25,3.9464285714285716,55.25,-0.07142857142857162,-1.0
qwen25_15b,453,msc_valid,4,uniform,0.35,14,3.875,54.25,3.9464285714285716,55.25,-0.07142857142857162,-1.0
qwen25_15b,453,msc_valid,4,longllmlingua,0.35,14,3.7857142857142856,53.0,3.9464285714285716,55.25,-0.16071428571428603,-2.25
qwen25_15b,453,msc_valid,4,recency,0.35,14,3.875,54.25,3.9464285714285716,55.25,-0.07142857142857162,-1.0
qwen25_15b,453,msc_valid,4,lexical_tfidf,0.35,14,3.875,54.25,3.9464285714285716,55.25,-0.07142857142857162,-1.0
qwen25_15b,453,msc_valid,4,recency_keep_compress_drop,0.35,14,3.875,54.25,3.9464285714285716,55.25,-0.07142857142857162,-1.0
qwen25_15b,453,msc_valid,4,uniform,0.5,14,3.9642857142857144,55.5,3.9464285714285716,55.25,0.017857142857142794,0.25
qwen25_15b,453,msc_valid,4,longllmlingua,0.5,14,3.6607142857142856,51.25,3.9464285714285716,55.25,-0.28571428571428603,-4.0
qwen25_15b,453,msc_valid,4,recency,0.5,14,3.9642857142857144,55.5,3.9464285714285716,55.25,0.017857142857142794,0.25
qwen25_15b,453,msc_valid,4,lexical_tfidf,0.5,14,3.9642857142857144,55.5,3.9464285714285716,55.25,0.017857142857142794,0.25
qwen25_15b,453,msc_valid,4,recency_keep_compress_drop,0.5,14,3.9642857142857144,55.5,3.9464285714285716,55.25,0.017857142857142794,0.25
qwen25_15b,453,msc_valid,6,uniform,0.2,8,2.109375,16.875,1.6015625,12.8125,0.5078125,4.0625
qwen25_15b,453,msc_valid,6,longllmlingua,0.2,8,1.7734375,14.1875,1.6015625,12.8125,0.171875,1.375
qwen25_15b,453,msc_valid,6,recency,0.2,8,2.109375,16.875,1.6015625,12.8125,0.5078125,4.0625
qwen25_15b,453,msc_valid,6,lexical_tfidf,0.2,8,2.109375,16.875,1.6015625,12.8125,0.5078125,4.0625
qwen25_15b,453,msc_valid,6,recency_keep_compress_drop,0.2,8,2.25,18.0,1.6015625,12.8125,0.6484375,5.1875
qwen25_15b,453,msc_valid,6,uniform,0.35,8,2.0625,16.5,1.6015625,12.8125,0.4609375,3.6875
qwen25_15b,453,msc_valid,6,longllmlingua,0.35,8,1.765625,14.125,1.6015625,12.8125,0.1640625,1.3125
qwen25_15b,453,msc_valid,6,recency,0.35,8,2.171875,17.375,1.6015625,12.8125,0.5703125,4.5625
qwen25_15b,453,msc_valid,6,lexical_tfidf,0.35,8,2.109375,16.875,1.6015625,12.8125,0.5078125,4.0625
qwen25_15b,453,msc_valid,6,recency_keep_compress_drop,0.35,8,2.171875,17.375,1.6015625,12.8125,0.5703125,4.5625
qwen25_15b,453,msc_valid,6,uniform,0.5,8,2.21875,17.75,1.6015625,12.8125,0.6171875,4.9375
qwen25_15b,453,msc_valid,6,longllmlingua,0.5,8,1.5390625,12.3125,1.6015625,12.8125,-0.0625,-0.5
qwen25_15b,453,msc_valid,6,recency,0.5,8,2.015625,16.125,1.6015625,12.8125,0.4140625,3.3125
qwen25_15b,453,msc_valid,6,lexical_tfidf,0.5,8,1.921875,15.375,1.6015625,12.8125,0.3203125,2.5625
qwen25_15b,453,msc_valid,6,recency_keep_compress_drop,0.5,8,1.859375,14.875,1.6015625,12.8125,0.2578125,2.0625
qwen25_15b,453,msc_valid,8,uniform,0.2,21,3.5476190476190474,74.5,3.261904761904762,68.5,0.2857142857142856,6.0
qwen25_15b,453,msc_valid,8,longllmlingua,0.2,21,3.5238095238095237,74.0,3.261904761904762,68.5,0.26190476190476186,5.5
qwen25_15b,453,msc_valid,8,recency,0.2,21,3.761904761904762,79.0,3.261904761904762,68.5,0.5,10.5
qwen25_15b,453,msc_valid,8,lexical_tfidf,0.2,21,3.7142857142857144,78.0,3.261904761904762,68.5,0.45238095238095255,9.5
qwen25_15b,453,msc_valid,8,recency_keep_compress_drop,0.2,21,3.761904761904762,79.0,3.261904761904762,68.5,0.5,10.5
qwen25_15b,453,msc_valid,8,uniform,0.35,21,3.738095238095238,78.5,3.261904761904762,68.5,0.4761904761904763,10.0
qwen25_15b,453,msc_valid,8,longllmlingua,0.35,21,3.5238095238095237,74.0,3.261904761904762,68.5,0.26190476190476186,5.5
qwen25_15b,453,msc_valid,8,recency,0.35,21,3.5476190476190474,74.5,3.261904761904762,68.5,0.2857142857142856,6.0
qwen25_15b,453,msc_valid,8,lexical_tfidf,0.35,21,3.6666666666666665,77.0,3.261904761904762,68.5,0.40476190476190466,8.5
qwen25_15b,453,msc_valid,8,recency_keep_compress_drop,0.35,21,3.5714285714285716,75.0,3.261904761904762,68.5,0.30952380952380976,6.5
qwen25_15b,453,msc_valid,8,uniform,0.5,21,3.4761904761904763,73.0,3.261904761904762,68.5,0.2142857142857144,4.5
qwen25_15b,453,msc_valid,8,longllmlingua,0.5,21,3.4523809523809526,72.5,3.261904761904762,68.5,0.1904761904761907,4.0
qwen25_15b,453,msc_valid,8,recency,0.5,21,3.5476190476190474,74.5,3.261904761904762,68.5,0.2857142857142856,6.0
qwen25_15b,453,msc_valid,8,lexical_tfidf,0.5,21,3.5952380952380953,75.5,3.261904761904762,68.5,0.3333333333333335,7.0
qwen25_15b,453,msc_valid,8,recency_keep_compress_drop,0.5,21,3.3333333333333335,70.0,3.261904761904762,68.5,0.07142857142857162,1.5
qwen25_15b,453,msc_valid,10,uniform,0.2,16,2.171875,34.75,1.84375,29.5,0.328125,5.25
qwen25_15b,453,msc_valid,10,longllmlingua,0.2,16,2.03125,32.5,1.84375,29.5,0.1875,3.0
qwen25_15b,453,msc_valid,10,recency,0.2,16,2.1875,35.0,1.84375,29.5,0.34375,5.5
qwen25_15b,453,msc_valid,10,lexical_tfidf,0.2,16,2.109375,33.75,1.84375,29.5,0.265625,4.25
qwen25_15b,453,msc_valid,10,recency_keep_compress_drop,0.2,16,2.125,34.0,1.84375,29.5,0.28125,4.5
qwen25_15b,453,msc_valid,10,uniform,0.35,16,2.03125,32.5,1.84375,29.5,0.1875,3.0
qwen25_15b,453,msc_valid,10,longllmlingua,0.35,16,2.03125,32.5,1.84375,29.5,0.1875,3.0
qwen25_15b,453,msc_valid,10,recency,0.35,16,2.125,34.0,1.84375,29.5,0.28125,4.5
qwen25_15b,453,msc_valid,10,lexical_tfidf,0.35,16,2.125,34.0,1.84375,29.5,0.28125,4.5
qwen25_15b,453,msc_valid,10,recency_keep_compress_drop,0.35,16,2.109375,33.75,1.84375,29.5,0.265625,4.25
qwen25_15b,453,msc_valid,10,uniform,0.5,16,1.9453125,31.125,1.84375,29.5,0.1015625,1.625
qwen25_15b,453,msc_valid,10,longllmlingua,0.5,16,1.9609375,31.375,1.84375,29.5,0.1171875,1.875
qwen25_15b,453,msc_valid,10,recency,0.5,16,1.96875,31.5,1.84375,29.5,0.125,2.0
qwen25_15b,453,msc_valid,10,lexical_tfidf,0.5,16,1.96875,31.5,1.84375,29.5,0.125,2.0
qwen25_15b,453,msc_valid,10,recency_keep_compress_drop,0.5,16,2.0625,33.0,1.84375,29.5,0.21875,3.5
qwen25_15b,453,msc_valid,12,uniform,0.2,10,2.75,27.5,2.1875,21.875,0.5625,5.625
qwen25_15b,453,msc_valid,12,longllmlingua,0.2,10,2.6,26.0,2.1875,21.875,0.4125000000000001,4.125
qwen25_15b,453,msc_valid,12,recency,0.2,10,2.75,27.5,2.1875,21.875,0.5625,5.625
qwen25_15b,453,msc_valid,12,lexical_tfidf,0.2,10,2.75,27.5,2.1875,21.875,0.5625,5.625
qwen25_15b,453,msc_valid,12,recency_keep_compress_drop,0.2,10,2.7375,27.375,2.1875,21.875,0.5499999999999998,5.5
qwen25_15b,453,msc_valid,12,uniform,0.35,10,2.475,24.75,2.1875,21.875,0.2875000000000001,2.875
qwen25_15b,453,msc_valid,12,longllmlingua,0.35,10,2.5,25.0,2.1875,21.875,0.3125,3.125
qwen25_15b,453,msc_valid,12,recency,0.35,10,2.55,25.5,2.1875,21.875,0.3624999999999998,3.625
qwen25_15b,453,msc_valid,12,lexical_tfidf,0.35,10,2.5125,25.125,2.1875,21.875,0.3250000000000002,3.25
qwen25_15b,453,msc_valid,12,recency_keep_compress_drop,0.35,10,2.7,27.0,2.1875,21.875,0.5125000000000002,5.125
qwen25_15b,453,msc_valid,12,uniform,0.5,10,2.4,24.0,2.1875,21.875,0.2124999999999999,2.125
qwen25_15b,453,msc_valid,12,longllmlingua,0.5,10,2.625,26.25,2.1875,21.875,0.4375,4.375
qwen25_15b,453,msc_valid,12,recency,0.5,10,2.575,25.75,2.1875,21.875,0.3875000000000002,3.875
qwen25_15b,453,msc_valid,12,lexical_tfidf,0.5,10,2.4,24.0,2.1875,21.875,0.2124999999999999,2.125
qwen25_15b,453,msc_valid,12,recency_keep_compress_drop,0.5,10,2.4875,24.875,2.1875,21.875,0.2999999999999998,3.0
qwen25_15b,453,msc_valid,14,uniform,0.2,11,3.6136363636363638,39.75,1.5568181818181819,17.125,2.0568181818181817,22.625
qwen25_15b,453,msc_valid,14,longllmlingua,0.2,11,2.3068181818181817,25.375,1.5568181818181819,17.125,0.7499999999999998,8.25
qwen25_15b,453,msc_valid,14,recency,0.2,11,2.659090909090909,29.25,1.5568181818181819,17.125,1.1022727272727273,12.125
qwen25_15b,453,msc_valid,14,lexical_tfidf,0.2,11,3.0454545454545454,33.5,1.5568181818181819,17.125,1.4886363636363635,16.375
qwen25_15b,453,msc_valid,14,recency_keep_compress_drop,0.2,11,2.977272727272727,32.75,1.5568181818181819,17.125,1.4204545454545452,15.625
qwen25_15b,453,msc_valid,14,uniform,0.35,11,2.5,27.5,1.5568181818181819,17.125,0.9431818181818181,10.375
qwen25_15b,453,msc_valid,14,longllmlingua,0.35,11,2.2386363636363638,24.625,1.5568181818181819,17.125,0.6818181818181819,7.5
qwen25_15b,453,msc_valid,14,recency,0.35,11,2.5,27.5,1.5568181818181819,17.125,0.9431818181818181,10.375
qwen25_15b,453,msc_valid,14,lexical_tfidf,0.35,11,2.4204545454545454,26.625,1.5568181818181819,17.125,0.8636363636363635,9.5
qwen25_15b,453,msc_valid,14,recency_keep_compress_drop,0.35,11,2.5795454545454546,28.375,1.5568181818181819,17.125,1.0227272727272727,11.25
qwen25_15b,453,msc_valid,14,uniform,0.5,11,2.4204545454545454,26.625,1.5568181818181819,17.125,0.8636363636363635,9.5
qwen25_15b,453,msc_valid,14,longllmlingua,0.5,11,2.0568181818181817,22.625,1.5568181818181819,17.125,0.4999999999999998,5.5
qwen25_15b,453,msc_valid,14,recency,0.5,11,2.25,24.75,1.5568181818181819,17.125,0.6931818181818181,7.625
qwen25_15b,453,msc_valid,14,lexical_tfidf,0.5,11,2.1818181818181817,24.0,1.5568181818181819,17.125,0.6249999999999998,6.875
qwen25_15b,453,msc_valid,14,recency_keep_compress_drop,0.5,11,2.375,26.125,1.5568181818181819,17.125,0.8181818181818181,9.0
qwen25_15b,474,msc_valid,4,uniform,0.2,23,3.1739130434782608,73.0,3.1956521739130435,73.5,-0.021739130434782705,-0.5
qwen25_15b,474,msc_valid,4,longllmlingua,0.2,23,3.0869565217391304,71.0,3.1956521739130435,73.5,-0.10869565217391308,-2.5
qwen25_15b,474,msc_valid,4,recency,0.2,23,3.1739130434782608,73.0,3.1956521739130435,73.5,-0.021739130434782705,-0.5
qwen25_15b,474,msc_valid,4,lexical_tfidf,0.2,23,3.1739130434782608,73.0,3.1956521739130435,73.5,-0.021739130434782705,-0.5
qwen25_15b,474,msc_valid,4,recency_keep_compress_drop,0.2,23,3.1739130434782608,73.0,3.1956521739130435,73.5,-0.021739130434782705,-0.5
qwen25_15b,474,msc_valid,4,uniform,0.35,23,3.260869565217391,75.0,3.1956521739130435,73.5,0.06521739130434767,1.5
qwen25_15b,474,msc_valid,4,longllmlingua,0.35,23,3.0,69.0,3.1956521739130435,73.5,-0.19565217391304346,-4.5
qwen25_15b,474,msc_valid,4,recency,0.35,23,3.260869565217391,75.0,3.1956521739130435,73.5,0.06521739130434767,1.5
qwen25_15b,474,msc_valid,4,lexical_tfidf,0.35,23,3.260869565217391,75.0,3.1956521739130435,73.5,0.06521739130434767,1.5
qwen25_15b,474,msc_valid,4,recency_keep_compress_drop,0.35,23,3.260869565217391,75.0,3.1956521739130435,73.5,0.06521739130434767,1.5
qwen25_15b,474,msc_valid,4,uniform,0.5,23,3.260869565217391,75.0,3.1956521739130435,73.5,0.06521739130434767,1.5
qwen25_15b,474,msc_valid,4,longllmlingua,0.5,23,3.0652173913043477,70.5,3.1956521739130435,73.5,-0.1304347826086958,-3.0
qwen25_15b,474,msc_valid,4,recency,0.5,23,3.260869565217391,75.0,3.1956521739130435,73.5,0.06521739130434767,1.5
qwen25_15b,474,msc_valid,4,lexical_tfidf,0.5,23,3.260869565217391,75.0,3.1956521739130435,73.5,0.06521739130434767,1.5
qwen25_15b,474,msc_valid,4,recency_keep_compress_drop,0.5,23,3.260869565217391,75.0,3.1956521739130435,73.5,0.06521739130434767,1.5
qwen25_15b,474,msc_valid,8,uniform,0.2,17,3.25,55.25,2.9705882352941178,50.5,0.27941176470588225,4.75
qwen25_15b,474,msc_valid,8,longllmlingua,0.2,17,2.8970588235294117,49.25,2.9705882352941178,50.5,-0.07352941176470607,-1.25
qwen25_15b,474,msc_valid,8,recency,0.2,17,3.573529411764706,60.75,2.9705882352941178,50.5,0.6029411764705883,10.25
qwen25_15b,474,msc_valid,8,lexical_tfidf,0.2,17,3.0,51.0,2.9705882352941178,50.5,0.02941176470588225,0.5
qwen25_15b,474,msc_valid,8,recency_keep_compress_drop,0.2,17,3.0,51.0,2.9705882352941178,50.5,0.02941176470588225,0.5
qwen25_15b,474,msc_valid,8,uniform,0.35,17,3.5,59.5,2.9705882352941178,50.5,0.5294117647058822,9.0
qwen25_15b,474,msc_valid,8,longllmlingua,0.35,17,2.823529411764706,48.0,2.9705882352941178,50.5,-0.1470588235294117,-2.5
qwen25_15b,474,msc_valid,8,recency,0.35,17,3.014705882352941,51.25,2.9705882352941178,50.5,0.04411764705882337,0.75
qwen25_15b,474,msc_valid,8,lexical_tfidf,0.35,17,3.5,59.5,2.9705882352941178,50.5,0.5294117647058822,9.0
qwen25_15b,474,msc_valid,8,recency_keep_compress_drop,0.35,17,2.9705882352941178,50.5,2.9705882352941178,50.5,0.0,0.0
qwen25_15b,474,msc_valid,8,uniform,0.5,17,3.2058823529411766,54.5,2.9705882352941178,50.5,0.23529411764705888,4.0
qwen25_15b,474,msc_valid,8,longllmlingua,0.5,17,2.764705882352941,47.0,2.9705882352941178,50.5,-0.20588235294117663,-3.5
qwen25_15b,474,msc_valid,8,recency,0.5,17,3.1029411764705883,52.75,2.9705882352941178,50.5,0.13235294117647056,2.25
qwen25_15b,474,msc_valid,8,lexical_tfidf,0.5,17,2.911764705882353,49.5,2.9705882352941178,50.5,-0.05882352941176494,-1.0
qwen25_15b,474,msc_valid,8,recency_keep_compress_drop,0.5,17,2.926470588235294,49.75,2.9705882352941178,50.5,-0.04411764705882382,-0.75
qwen25_15b,474,msc_valid,12,uniform,0.2,9,5.111111111111111,46.0,4.916666666666667,44.25,0.19444444444444375,1.75
qwen25_15b,474,msc_valid,12,longllmlingua,0.2,9,4.5,40.5,4.916666666666667,44.25,-0.41666666666666696,-3.75
qwen25_15b,474,msc_valid,12,recency,0.2,9,5.5,49.5,4.916666666666667,44.25,0.583333333333333,5.25
qwen25_15b,474,msc_valid,12,lexical_tfidf,0.2,9,5.583333333333333,50.25,4.916666666666667,44.25,0.6666666666666661,6.0
qwen25_15b,474,msc_valid,12,recency_keep_compress_drop,0.2,9,5.833333333333333,52.5,4.916666666666667,44.25,0.9166666666666661,8.25
qwen25_15b,474,msc_valid,12,uniform,0.35,9,4.944444444444445,44.5,4.916666666666667,44.25,0.02777777777777768,0.25
qwen25_15b,474,msc_valid,12,longllmlingua,0.35,9,4.527777777777778,40.75,4.916666666666667,44.25,-0.3888888888888893,-3.5
qwen25_15b,474,msc_valid,12,recency,0.35,9,5.416666666666667,48.75,4.916666666666667,44.25,0.5,4.5
qwen25_15b,474,msc_valid,12,lexical_tfidf,0.35,9,5.361111111111111,48.25,4.916666666666667,44.25,0.44444444444444375,4.0
qwen25_15b,474,msc_valid,12,recency_keep_compress_drop,0.35,9,5.805555555555555,52.25,4.916666666666667,44.25,0.8888888888888884,8.0
qwen25_15b,474,msc_valid,12,uniform,0.5,9,4.75,42.75,4.916666666666667,44.25,-0.16666666666666696,-1.5
qwen25_15b,474,msc_valid,12,longllmlingua,0.5,9,4.944444444444445,44.5,4.916666666666667,44.25,0.02777777777777768,0.25
qwen25_15b,474,msc_valid,12,recency,0.5,9,5.194444444444445,46.75,4.916666666666667,44.25,0.2777777777777777,2.5
qwen25_15b,474,msc_valid,12,lexical_tfidf,0.5,9,5.444444444444445,49.0,4.916666666666667,44.25,0.5277777777777777,4.75
qwen25_15b,474,msc_valid,12,recency_keep_compress_drop,0.5,9,5.611111111111111,50.5,4.916666666666667,44.25,0.6944444444444438,6.25
qwen25_15b,474,msc_valid,16,uniform,0.2,11,2.9545454545454546,32.5,2.4545454545454546,27.0,0.5,5.5
qwen25_15b,474,msc_valid,16,longllmlingua,0.2,11,2.465909090909091,27.125,2.4545454545454546,27.0,0.011363636363636243,0.125
qwen25_15b,474,msc_valid,16,recency,0.2,11,2.7045454545454546,29.75,2.4545454545454546,27.0,0.25,2.75
qwen25_15b,474,msc_valid,16,lexical_tfidf,0.2,11,2.727272727272727,30.0,2.4545454545454546,27.0,0.2727272727272725,3.0
qwen25_15b,474,msc_valid,16,recency_keep_compress_drop,0.2,11,2.659090909090909,29.25,2.4545454545454546,27.0,0.20454545454545459,2.25
qwen25_15b,474,msc_valid,16,uniform,0.35,11,2.6704545454545454,29.375,2.4545454545454546,27.0,0.21590909090909083,2.375
qwen25_15b,474,msc_valid,16,longllmlingua,0.35,11,2.4886363636363638,27.375,2.4545454545454546,27.0,0.03409090909090917,0.375
qwen25_15b,474,msc_valid,16,recency,0.35,11,2.727272727272727,30.0,2.4545454545454546,27.0,0.2727272727272725,3.0
qwen25_15b,474,msc_valid,16,lexical_tfidf,0.35,11,2.6704545454545454,29.375,2.4545454545454546,27.0,0.21590909090909083,2.375
qwen25_15b,474,msc_valid,16,recency_keep_compress_drop,0.35,11,2.477272727272727,27.25,2.4545454545454546,27.0,0.022727272727272485,0.25
qwen25_15b,474,msc_valid,16,uniform,0.5,11,2.5795454545454546,28.375,2.4545454545454546,27.0,0.125,1.375
qwen25_15b,474,msc_valid,16,longllmlingua,0.5,11,2.4204545454545454,26.625,2.4545454545454546,27.0,-0.03409090909090917,-0.375
qwen25_15b,474,msc_valid,16,recency,0.5,11,2.75,30.25,2.4545454545454546,27.0,0.2954545454545454,3.25
qwen25_15b,474,msc_valid,16,lexical_tfidf,0.5,11,2.6136363636363638,28.75,2.4545454545454546,27.0,0.15909090909090917,1.75
qwen25_15b,474,msc_valid,16,recency_keep_compress_drop,0.5,11,2.3863636363636362,26.25,2.4545454545454546,27.0,-0.06818181818181834,-0.75
qwen25_15b,474,msc_valid,20,uniform,0.2,30,1.85,55.5,1.7083333333333333,51.25,0.14166666666666683,4.25
qwen25_15b,474,msc_valid,20,longllmlingua,0.2,30,1.7333333333333334,52.0,1.7083333333333333,51.25,0.025000000000000133,0.75
qwen25_15b,474,msc_valid,20,recency,0.2,30,1.9833333333333334,59.5,1.7083333333333333,51.25,0.27500000000000013,8.25
qwen25_15b,474,msc_valid,20,lexical_tfidf,0.2,30,1.925,57.75,1.7083333333333333,51.25,0.21666666666666679,6.5
qwen25_15b,474,msc_valid,20,recency_keep_compress_drop,0.2,30,1.9166666666666667,57.5,1.7083333333333333,51.25,0.20833333333333348,6.25
qwen25_15b,474,msc_valid,20,uniform,0.35,30,1.7333333333333334,52.0,1.7083333333333333,51.25,0.025000000000000133,0.75
qwen25_15b,474,msc_valid,20,longllmlingua,0.35,30,1.6833333333333333,50.5,1.7083333333333333,51.25,-0.02499999999999991,-0.75
qwen25_15b,474,msc_valid,20,recency,0.35,30,1.8583333333333334,55.75,1.7083333333333333,51.25,0.15000000000000013,4.5
qwen25_15b,474,msc_valid,20,lexical_tfidf,0.35,30,1.8166666666666667,54.5,1.7083333333333333,51.25,0.10833333333333339,3.25
qwen25_15b,474,msc_valid,20,recency_keep_compress_drop,0.35,30,2.0,60.0,1.7083333333333333,51.25,0.29166666666666674,8.75
qwen25_15b,474,msc_valid,20,uniform,0.5,30,1.6666666666666667,50.0,1.7083333333333333,51.25,-0.04166666666666652,-1.25
qwen25_15b,474,msc_valid,20,longllmlingua,0.5,30,1.5833333333333333,47.5,1.7083333333333333,51.25,-0.125,-3.75
qwen25_15b,474,msc_valid,20,recency,0.5,30,1.925,57.75,1.7083333333333333,51.25,0.21666666666666679,6.5
qwen25_15b,474,msc_valid,20,lexical_tfidf,0.5,30,1.7583333333333333,52.75,1.7083333333333333,51.25,0.050000000000000044,1.5
qwen25_15b,474,msc_valid,20,recency_keep_compress_drop,0.5,30,1.825,54.75,1.7083333333333333,51.25,0.1166666666666667,3.5
qwen25_15b,474,msc_valid,24,uniform,0.2,32,3.015625,96.5,2.90625,93.0,0.109375,3.5
qwen25_15b,474,msc_valid,24,longllmlingua,0.2,32,2.890625,92.5,2.90625,93.0,-0.015625,-0.5
qwen25_15b,474,msc_valid,24,recency,0.2,32,3.015625,96.5,2.90625,93.0,0.109375,3.5
qwen25_15b,474,msc_valid,24,lexical_tfidf,0.2,32,3.015625,96.5,2.90625,93.0,0.109375,3.5
qwen25_15b,474,msc_valid,24,recency_keep_compress_drop,0.2,32,2.890625,92.5,2.90625,93.0,-0.015625,-0.5
qwen25_15b,474,msc_valid,24,uniform,0.35,32,3.0,96.0,2.90625,93.0,0.09375,3.0
qwen25_15b,474,msc_valid,24,longllmlingua,0.35,32,2.875,92.0,2.90625,93.0,-0.03125,-1.0
qwen25_15b,474,msc_valid,24,recency,0.35,32,2.90625,93.0,2.90625,93.0,0.0,0.0
qwen25_15b,474,msc_valid,24,lexical_tfidf,0.35,32,2.84375,91.0,2.90625,93.0,-0.0625,-2.0
qwen25_15b,474,msc_valid,24,recency_keep_compress_drop,0.35,32,2.828125,90.5,2.90625,93.0,-0.078125,-2.5
qwen25_15b,474,msc_valid,24,uniform,0.5,32,2.921875,93.5,2.90625,93.0,0.015625,0.5
qwen25_15b,474,msc_valid,24,longllmlingua,0.5,32,2.8125,90.0,2.90625,93.0,-0.09375,-3.0
qwen25_15b,474,msc_valid,24,recency,0.5,32,2.921875,93.5,2.90625,93.0,0.015625,0.5
qwen25_15b,474,msc_valid,24,lexical_tfidf,0.5,32,2.8125,90.0,2.90625,93.0,-0.09375,-3.0
qwen25_15b,474,msc_valid,24,recency_keep_compress_drop,0.5,32,2.828125,90.5,2.90625,93.0,-0.078125,-2.5
qwen25_15b,474,msc_valid,28,uniform,0.2,9,3.0277777777777777,27.25,2.75,24.75,0.2777777777777777,2.5
qwen25_15b,474,msc_valid,28,longllmlingua,0.2,9,3.0416666666666665,27.375,2.75,24.75,0.2916666666666665,2.625
qwen25_15b,474,msc_valid,28,recency,0.2,9,3.0277777777777777,27.25,2.75,24.75,0.2777777777777777,2.5
qwen25_15b,474,msc_valid,28,lexical_tfidf,0.2,9,3.0277777777777777,27.25,2.75,24.75,0.2777777777777777,2.5
qwen25_15b,474,msc_valid,28,recency_keep_compress_drop,0.2,9,3.0416666666666665,27.375,2.75,24.75,0.2916666666666665,2.625
qwen25_15b,474,msc_valid,28,uniform,0.35,9,2.7777777777777777,25.0,2.75,24.75,0.02777777777777768,0.25
qwen25_15b,474,msc_valid,28,longllmlingua,0.35,9,2.5833333333333335,23.25,2.75,24.75,-0.16666666666666652,-1.5
qwen25_15b,474,msc_valid,28,recency,0.35,9,3.0277777777777777,27.25,2.75,24.75,0.2777777777777777,2.5
qwen25_15b,474,msc_valid,28,lexical_tfidf,0.35,9,3.2083333333333335,28.875,2.75,24.75,0.4583333333333335,4.125
qwen25_15b,474,msc_valid,28,recency_keep_compress_drop,0.35,9,3.0972222222222223,27.875,2.75,24.75,0.3472222222222223,3.125
qwen25_15b,474,msc_valid,28,uniform,0.5,9,2.763888888888889,24.875,2.75,24.75,0.01388888888888884,0.125
qwen25_15b,474,msc_valid,28,longllmlingua,0.5,9,2.5555555555555554,23.0,2.75,24.75,-0.19444444444444464,-1.75
qwen25_15b,474,msc_valid,28,recency,0.5,9,2.6944444444444446,24.25,2.75,24.75,-0.05555555555555536,-0.5
qwen25_15b,474,msc_valid,28,lexical_tfidf,0.5,9,3.236111111111111,29.125,2.75,24.75,0.48611111111111116,4.375
qwen25_15b,474,msc_valid,28,recency_keep_compress_drop,0.5,9,3.2083333333333335,28.875,2.75,24.75,0.4583333333333335,4.125
qwen25_15b,474,msc_valid,32,uniform,0.2,25,4.02,100.5,3.86,96.5,0.1599999999999997,4.0
qwen25_15b,474,msc_valid,32,longllmlingua,0.2,25,3.86,96.5,3.86,96.5,0.0,0.0
qwen25_15b,474,msc_valid,32,recency,0.2,25,3.92,98.0,3.86,96.5,0.06000000000000005,1.5
qwen25_15b,474,msc_valid,32,lexical_tfidf,0.2,25,4.3,107.5,3.86,96.5,0.43999999999999995,11.0
qwen25_15b,474,msc_valid,32,recency_keep_compress_drop,0.2,25,4.02,100.5,3.86,96.5,0.1599999999999997,4.0
qwen25_15b,474,msc_valid,32,uniform,0.35,25,4.08,102.0,3.86,96.5,0.2200000000000002,5.5
qwen25_15b,474,msc_valid,32,longllmlingua,0.35,25,3.82,95.5,3.86,96.5,-0.040000000000000036,-1.0
qwen25_15b,474,msc_valid,32,recency,0.35,25,4.04,101.0,3.86,96.5,0.18000000000000016,4.5
qwen25_15b,474,msc_valid,32,lexical_tfidf,0.35,25,4.08,102.0,3.86,96.5,0.2200000000000002,5.5
qwen25_15b,474,msc_valid,32,recency_keep_compress_drop,0.35,25,3.94,98.5,3.86,96.5,0.08000000000000007,2.0
qwen25_15b,474,msc_valid,32,uniform,0.5,25,3.92,98.0,3.86,96.5,0.06000000000000005,1.5
qwen25_15b,474,msc_valid,32,longllmlingua,0.5,25,3.94,98.5,3.86,96.5,0.08000000000000007,2.0
qwen25_15b,474,msc_valid,32,recency,0.5,25,4.0,100.0,3.86,96.5,0.14000000000000012,3.5
qwen25_15b,474,msc_valid,32,lexical_tfidf,0.5,25,3.88,97.0,3.86,96.5,0.020000000000000018,0.5
qwen25_15b,474,msc_valid,32,recency_keep_compress_drop,0.5,25,3.82,95.5,3.86,96.5,-0.040000000000000036,-1.0
qwen25_15b,474,msc_valid,34,uniform,0.2,11,5.704545454545454,62.75,4.545454545454546,50.0,1.1590909090909083,12.75
qwen25_15b,474,msc_valid,34,longllmlingua,0.2,11,5.136363636363637,56.5,4.545454545454546,50.0,0.5909090909090908,6.5
qwen25_15b,474,msc_valid,34,recency,0.2,11,5.318181818181818,58.5,4.545454545454546,50.0,0.7727272727272725,8.5
qwen25_15b,474,msc_valid,34,lexical_tfidf,0.2,11,5.340909090909091,58.75,4.545454545454546,50.0,0.795454545454545,8.75
qwen25_15b,474,msc_valid,34,recency_keep_compress_drop,0.2,11,5.454545454545454,60.0,4.545454545454546,50.0,0.9090909090909083,10.0
qwen25_15b,474,msc_valid,34,uniform,0.35,11,5.613636363636363,61.75,4.545454545454546,50.0,1.0681818181818175,11.75
qwen25_15b,474,msc_valid,34,longllmlingua,0.35,11,5.0,55.0,4.545454545454546,50.0,0.45454545454545414,5.0
qwen25_15b,474,msc_valid,34,recency,0.35,11,4.9772727272727275,54.75,4.545454545454546,50.0,0.43181818181818166,4.75
qwen25_15b,474,msc_valid,34,lexical_tfidf,0.35,11,4.863636363636363,53.5,4.545454545454546,50.0,0.31818181818181746,3.5
qwen25_15b,474,msc_valid,34,recency_keep_compress_drop,0.35,11,5.613636363636363,61.75,4.545454545454546,50.0,1.0681818181818175,11.75
qwen25_15b,474,msc_valid,34,uniform,0.5,11,5.204545454545454,57.25,4.545454545454546,50.0,0.6590909090909083,7.25
qwen25_15b,474,msc_valid,34,longllmlingua,0.5,11,4.681818181818182,51.5,4.545454545454546,50.0,0.1363636363636358,1.5
qwen25_15b,474,msc_valid,34,recency,0.5,11,4.840909090909091,53.25,4.545454545454546,50.0,0.29545454545454497,3.25
qwen25_15b,474,msc_valid,34,lexical_tfidf,0.5,11,4.75,52.25,4.545454545454546,50.0,0.20454545454545414,2.25
qwen25_15b,474,msc_valid,34,recency_keep_compress_drop,0.5,11,5.568181818181818,61.25,4.545454545454546,50.0,1.0227272727272725,11.25
qwen25_15b,474,msc_valid,38,uniform,0.2,23,2.5760869565217392,59.25,2.3369565217391304,53.75,0.23913043478260887,5.5
qwen25_15b,474,msc_valid,38,longllmlingua,0.2,23,2.4130434782608696,55.5,2.3369565217391304,53.75,0.07608695652173925,1.75
qwen25_15b,474,msc_valid,38,recency,0.2,23,2.510869565217391,57.75,2.3369565217391304,53.75,0.17391304347826075,4.0
qwen25_15b,474,msc_valid,38,lexical_tfidf,0.2,23,2.641304347826087,60.75,2.3369565217391304,53.75,0.30434782608695654,7.0
qwen25_15b,474,msc_valid,38,recency_keep_compress_drop,0.2,23,2.217391304347826,51.0,2.3369565217391304,53.75,-0.11956521739130421,-2.75
qwen25_15b,474,msc_valid,38,uniform,0.35,23,2.6847826086956523,61.75,2.3369565217391304,53.75,0.34782608695652195,8.0
qwen25_15b,474,msc_valid,38,longllmlingua,0.35,23,2.3043478260869565,53.0,2.3369565217391304,53.75,-0.032608695652173836,-0.75
qwen25_15b,474,msc_valid,38,recency,0.35,23,2.3260869565217392,53.5,2.3369565217391304,53.75,-0.01086956521739113,-0.25
qwen25_15b,474,msc_valid,38,lexical_tfidf,0.35,23,2.25,51.75,2.3369565217391304,53.75,-0.08695652173913038,-2.0
qwen25_15b,474,msc_valid,38,recency_keep_compress_drop,0.35,23,2.1739130434782608,50.0,2.3369565217391304,53.75,-0.16304347826086962,-3.75
qwen25_15b,474,msc_valid,38,uniform,0.5,23,2.6847826086956523,61.75,2.3369565217391304,53.75,0.34782608695652195,8.0
qwen25_15b,474,msc_valid,38,longllmlingua,0.5,23,2.282608695652174,52.5,2.3369565217391304,53.75,-0.05434782608695654,-1.25
qwen25_15b,474,msc_valid,38,recency,0.5,23,2.282608695652174,52.5,2.3369565217391304,53.75,-0.05434782608695654,-1.25
qwen25_15b,474,msc_valid,38,lexical_tfidf,0.5,23,2.217391304347826,51.0,2.3369565217391304,53.75,-0.11956521739130421,-2.75
qwen25_15b,474,msc_valid,38,recency_keep_compress_drop,0.5,23,2.2065217391304346,50.75,2.3369565217391304,53.75,-0.1304347826086958,-3.0
qwen25_15b,474,msc_valid,42,uniform,0.2,41,2.3658536585365852,97.0,2.3536585365853657,96.5,0.012195121951219523,0.5
qwen25_15b,474,msc_valid,42,longllmlingua,0.2,41,2.2439024390243905,92.0,2.3536585365853657,96.5,-0.10975609756097526,-4.5
qwen25_15b,474,msc_valid,42,recency,0.2,41,2.3292682926829267,95.5,2.3536585365853657,96.5,-0.024390243902439046,-1.0
qwen25_15b,474,msc_valid,42,lexical_tfidf,0.2,41,2.317073170731707,95.0,2.3536585365853657,96.5,-0.03658536585365857,-1.5
qwen25_15b,474,msc_valid,42,recency_keep_compress_drop,0.2,41,2.3780487804878048,97.5,2.3536585365853657,96.5,0.024390243902439046,1.0
qwen25_15b,474,msc_valid,42,uniform,0.35,41,2.3536585365853657,96.5,2.3536585365853657,96.5,0.0,0.0
qwen25_15b,474,msc_valid,42,longllmlingua,0.35,41,2.2195121951219514,91.0,2.3536585365853657,96.5,-0.1341463414634143,-5.5
qwen25_15b,474,msc_valid,42,recency,0.35,41,2.341463414634146,96.0,2.3536585365853657,96.5,-0.012195121951219523,-0.5
qwen25_15b,474,msc_valid,42,lexical_tfidf,0.35,41,2.2804878048780486,93.5,2.3536585365853657,96.5,-0.07317073170731714,-3.0
qwen25_15b,474,msc_valid,42,recency_keep_compress_drop,0.35,41,2.3780487804878048,97.5,2.3536585365853657,96.5,0.024390243902439046,1.0
qwen25_15b,474,msc_valid,42,uniform,0.5,41,2.3292682926829267,95.5,2.3536585365853657,96.5,-0.024390243902439046,-1.0
qwen25_15b,474,msc_valid,42,longllmlingua,0.5,41,2.2804878048780486,93.5,2.3536585365853657,96.5,-0.07317073170731714,-3.0
qwen25_15b,474,msc_valid,42,recency,0.5,41,2.317073170731707,95.0,2.3536585365853657,96.5,-0.03658536585365857,-1.5
qwen25_15b,474,msc_valid,42,lexical_tfidf,0.5,41,2.2804878048780486,93.5,2.3536585365853657,96.5,-0.07317073170731714,-3.0
qwen25_15b,474,msc_valid,42,recency_keep_compress_drop,0.5,41,2.3780487804878048,97.5,2.3536585365853657,96.5,0.024390243902439046,1.0
qwen25_15b,474,msc_valid,46,uniform,0.2,51,2.823529411764706,144.0,0.0,0.0,2.823529411764706,144.0
qwen25_15b,474,msc_valid,46,longllmlingua,0.2,51,2.9215686274509802,149.0,0.0,0.0,2.9215686274509802,149.0
qwen25_15b,474,msc_valid,46,recency,0.2,51,3.1176470588235294,159.0,0.0,0.0,3.1176470588235294,159.0
qwen25_15b,474,msc_valid,46,lexical_tfidf,0.2,51,2.843137254901961,145.0,0.0,0.0,2.843137254901961,145.0
qwen25_15b,474,msc_valid,46,recency_keep_compress_drop,0.2,51,3.0588235294117645,156.0,0.0,0.0,3.0588235294117645,156.0
qwen25_15b,474,msc_valid,46,uniform,0.35,51,2.823529411764706,144.0,0.0,0.0,2.823529411764706,144.0
qwen25_15b,474,msc_valid,46,longllmlingua,0.35,51,2.843137254901961,145.0,0.0,0.0,2.843137254901961,145.0
qwen25_15b,474,msc_valid,46,recency,0.35,51,3.1176470588235294,159.0,0.0,0.0,3.1176470588235294,159.0
qwen25_15b,474,msc_valid,46,lexical_tfidf,0.35,51,2.7450980392156863,140.0,0.0,0.0,2.7450980392156863,140.0
qwen25_15b,474,msc_valid,46,recency_keep_compress_drop,0.35,51,3.0,153.0,0.0,0.0,3.0,153.0
qwen25_15b,474,msc_valid,46,uniform,0.5,51,2.784313725490196,142.0,0.0,0.0,2.784313725490196,142.0
qwen25_15b,474,msc_valid,46,longllmlingua,0.5,51,2.7450980392156863,140.0,0.0,0.0,2.7450980392156863,140.0
qwen25_15b,474,msc_valid,46,recency,0.5,51,2.9411764705882355,150.0,0.0,0.0,2.9411764705882355,150.0
qwen25_15b,474,msc_valid,46,lexical_tfidf,0.5,51,2.7058823529411766,138.0,0.0,0.0,2.7058823529411766,138.0
qwen25_15b,474,msc_valid,46,recency_keep_compress_drop,0.5,51,2.9411764705882355,150.0,0.0,0.0,2.9411764705882355,150.0
qwen25_15b,474,msc_valid,50,uniform,0.2,12,5.625,67.5,0.0,0.0,5.625,67.5
qwen25_15b,474,msc_valid,50,longllmlingua,0.2,12,5.875,70.5,0.0,0.0,5.875,70.5
qwen25_15b,474,msc_valid,50,recency,0.2,12,5.791666666666667,69.5,0.0,0.0,5.791666666666667,69.5
qwen25_15b,474,msc_valid,50,lexical_tfidf,0.2,12,5.75,69.0,0.0,0.0,5.75,69.0
qwen25_15b,474,msc_valid,50,recency_keep_compress_drop,0.2,12,5.833333333333333,70.0,0.0,0.0,5.833333333333333,70.0
qwen25_15b,474,msc_valid,50,uniform,0.35,12,6.0,72.0,0.0,0.0,6.0,72.0
qwen25_15b,474,msc_valid,50,longllmlingua,0.35,12,6.0,72.0,0.0,0.0,6.0,72.0
qwen25_15b,474,msc_valid,50,recency,0.35,12,5.708333333333333,68.5,0.0,0.0,5.708333333333333,68.5
qwen25_15b,474,msc_valid,50,lexical_tfidf,0.35,12,5.916666666666667,71.0,0.0,0.0,5.916666666666667,71.0
qwen25_15b,474,msc_valid,50,recency_keep_compress_drop,0.35,12,5.583333333333333,67.0,0.0,0.0,5.583333333333333,67.0
qwen25_15b,474,msc_valid,50,uniform,0.5,12,5.833333333333333,70.0,0.0,0.0,5.833333333333333,70.0
qwen25_15b,474,msc_valid,50,longllmlingua,0.5,12,6.208333333333333,74.5,0.0,0.0,6.208333333333333,74.5
qwen25_15b,474,msc_valid,50,recency,0.5,12,5.75,69.0,0.0,0.0,5.75,69.0
qwen25_15b,474,msc_valid,50,lexical_tfidf,0.5,12,5.833333333333333,70.0,0.0,0.0,5.833333333333333,70.0
qwen25_15b,474,msc_valid,50,recency_keep_compress_drop,0.5,12,5.583333333333333,67.0,0.0,0.0,5.583333333333333,67.0
qwen25_15b,474,msc_valid,54,uniform,0.2,23,2.217391304347826,51.0,0.0,0.0,2.217391304347826,51.0
qwen25_15b,474,msc_valid,54,longllmlingua,0.2,23,2.3260869565217392,53.5,0.0,0.0,2.3260869565217392,53.5
qwen25_15b,474,msc_valid,54,recency,0.2,23,2.108695652173913,48.5,0.0,0.0,2.108695652173913,48.5
qwen25_15b,474,msc_valid,54,lexical_tfidf,0.2,23,2.130434782608696,49.0,0.0,0.0,2.130434782608696,49.0
qwen25_15b,474,msc_valid,54,recency_keep_compress_drop,0.2,23,2.097826086956522,48.25,0.0,0.0,2.097826086956522,48.25
qwen25_15b,474,msc_valid,54,uniform,0.35,23,2.0,46.0,0.0,0.0,2.0,46.0
qwen25_15b,474,msc_valid,54,longllmlingua,0.35,23,2.2282608695652173,51.25,0.0,0.0,2.2282608695652173,51.25
qwen25_15b,474,msc_valid,54,recency,0.35,23,2.0760869565217392,47.75,0.0,0.0,2.0760869565217392,47.75
qwen25_15b,474,msc_valid,54,lexical_tfidf,0.35,23,2.0434782608695654,47.0,0.0,0.0,2.0434782608695654,47.0
qwen25_15b,474,msc_valid,54,recency_keep_compress_drop,0.35,23,1.934782608695652,44.5,0.0,0.0,1.934782608695652,44.5
qwen25_15b,474,msc_valid,54,uniform,0.5,23,1.9456521739130435,44.75,0.0,0.0,1.9456521739130435,44.75
qwen25_15b,474,msc_valid,54,longllmlingua,0.5,23,2.25,51.75,0.0,0.0,2.25,51.75
qwen25_15b,474,msc_valid,54,recency,0.5,23,2.032608695652174,46.75,0.0,0.0,2.032608695652174,46.75
qwen25_15b,474,msc_valid,54,lexical_tfidf,0.5,23,2.0217391304347827,46.5,0.0,0.0,2.0217391304347827,46.5
qwen25_15b,474,msc_valid,54,recency_keep_compress_drop,0.5,23,1.9456521739130435,44.75,0.0,0.0,1.9456521739130435,44.75
qwen25_15b,474,msc_valid,58,uniform,0.2,23,2.9565217391304346,68.0,0.0,0.0,2.9565217391304346,68.0
qwen25_15b,474,msc_valid,58,longllmlingua,0.2,23,2.9782608695652173,68.5,0.0,0.0,2.9782608695652173,68.5
qwen25_15b,474,msc_valid,58,recency,0.2,23,2.891304347826087,66.5,0.0,0.0,2.891304347826087,66.5
qwen25_15b,474,msc_valid,58,lexical_tfidf,0.2,23,2.9782608695652173,68.5,0.0,0.0,2.9782608695652173,68.5
qwen25_15b,474,msc_valid,58,recency_keep_compress_drop,0.2,23,2.869565217391304,66.0,0.0,0.0,2.869565217391304,66.0
qwen25_15b,474,msc_valid,58,uniform,0.35,23,3.0,69.0,0.0,0.0,3.0,69.0
qwen25_15b,474,msc_valid,58,longllmlingua,0.35,23,2.9347826086956523,67.5,0.0,0.0,2.9347826086956523,67.5
qwen25_15b,474,msc_valid,58,recency,0.35,23,2.9347826086956523,67.5,0.0,0.0,2.9347826086956523,67.5
qwen25_15b,474,msc_valid,58,lexical_tfidf,0.35,23,3.0,69.0,0.0,0.0,3.0,69.0
qwen25_15b,474,msc_valid,58,recency_keep_compress_drop,0.35,23,2.9347826086956523,67.5,0.0,0.0,2.9347826086956523,67.5
qwen25_15b,474,msc_valid,58,uniform,0.5,23,3.0,69.0,0.0,0.0,3.0,69.0
qwen25_15b,474,msc_valid,58,longllmlingua,0.5,23,3.0217391304347827,69.5,0.0,0.0,3.0217391304347827,69.5
qwen25_15b,474,msc_valid,58,recency,0.5,23,2.9782608695652173,68.5,0.0,0.0,2.9782608695652173,68.5
qwen25_15b,474,msc_valid,58,lexical_tfidf,0.5,23,3.0434782608695654,70.0,0.0,0.0,3.0434782608695654,70.0
qwen25_15b,474,msc_valid,58,recency_keep_compress_drop,0.5,23,2.9347826086956523,67.5,0.0,0.0,2.9347826086956523,67.5
qwen25_15b,474,msc_valid,62,uniform,0.2,22,1.4375,31.625,0.0,0.0,1.4375,31.625
qwen25_15b,474,msc_valid,62,longllmlingua,0.2,22,1.5,33.0,0.0,0.0,1.5,33.0
qwen25_15b,474,msc_valid,62,recency,0.2,22,1.2954545454545454,28.5,0.0,0.0,1.2954545454545454,28.5
qwen25_15b,474,msc_valid,62,lexical_tfidf,0.2,22,1.3181818181818181,29.0,0.0,0.0,1.3181818181818181,29.0
qwen25_15b,474,msc_valid,62,recency_keep_compress_drop,0.2,22,1.2954545454545454,28.5,0.0,0.0,1.2954545454545454,28.5
qwen25_15b,474,msc_valid,62,uniform,0.35,22,1.2840909090909092,28.25,0.0,0.0,1.2840909090909092,28.25
qwen25_15b,474,msc_valid,62,longllmlingua,0.35,22,1.4886363636363635,32.75,0.0,0.0,1.4886363636363635,32.75
qwen25_15b,474,msc_valid,62,recency,0.35,22,1.2840909090909092,28.25,0.0,0.0,1.2840909090909092,28.25
qwen25_15b,474,msc_valid,62,lexical_tfidf,0.35,22,1.2954545454545454,28.5,0.0,0.0,1.2954545454545454,28.5
qwen25_15b,474,msc_valid,62,recency_keep_compress_drop,0.35,22,1.3125,28.875,0.0,0.0,1.3125,28.875
qwen25_15b,474,msc_valid,62,uniform,0.5,22,1.3409090909090908,29.5,0.0,0.0,1.3409090909090908,29.5
qwen25_15b,474,msc_valid,62,longllmlingua,0.5,22,1.5113636363636365,33.25,0.0,0.0,1.5113636363636365,33.25
qwen25_15b,474,msc_valid,62,recency,0.5,18,1.2708333333333333,22.875,0.0,0.0,1.2708333333333333,22.875
qwen25_15b,474,msc_valid,62,lexical_tfidf,0.5,22,1.3352272727272727,29.375,0.0,0.0,1.3352272727272727,29.375
qwen25_15b,474,msc_valid,62,recency_keep_compress_drop,0.5,13,1.5384615384615385,20.0,0.0,0.0,1.5384615384615385,20.0
qwen25_15b,494,msc_valid,4,uniform,0.2,15,4.15,62.25,3.8333333333333335,57.5,0.3166666666666669,4.75
qwen25_15b,494,msc_valid,4,longllmlingua,0.2,15,3.8,57.0,3.8333333333333335,57.5,-0.03333333333333366,-0.5
qwen25_15b,494,msc_valid,4,recency,0.2,15,4.15,62.25,3.8333333333333335,57.5,0.3166666666666669,4.75
qwen25_15b,494,msc_valid,4,lexical_tfidf,0.2,15,4.15,62.25,3.8333333333333335,57.5,0.3166666666666669,4.75
qwen25_15b,494,msc_valid,4,recency_keep_compress_drop,0.2,15,4.15,62.25,3.8333333333333335,57.5,0.3166666666666669,4.75
qwen25_15b,494,msc_valid,4,uniform,0.35,15,3.933333333333333,59.0,3.8333333333333335,57.5,0.09999999999999964,1.5
qwen25_15b,494,msc_valid,4,longllmlingua,0.35,15,3.566666666666667,53.5,3.8333333333333335,57.5,-0.2666666666666666,-4.0
qwen25_15b,494,msc_valid,4,recency,0.35,15,3.933333333333333,59.0,3.8333333333333335,57.5,0.09999999999999964,1.5
qwen25_15b,494,msc_valid,4,lexical_tfidf,0.35,15,3.933333333333333,59.0,3.8333333333333335,57.5,0.09999999999999964,1.5
qwen25_15b,494,msc_valid,4,recency_keep_compress_drop,0.35,15,3.933333333333333,59.0,3.8333333333333335,57.5,0.09999999999999964,1.5
qwen25_15b,494,msc_valid,4,uniform,0.5,15,3.933333333333333,59.0,3.8333333333333335,57.5,0.09999999999999964,1.5
qwen25_15b,494,msc_valid,4,longllmlingua,0.5,15,3.533333333333333,53.0,3.8333333333333335,57.5,-0.30000000000000027,-4.5
qwen25_15b,494,msc_valid,4,recency,0.5,15,3.933333333333333,59.0,3.8333333333333335,57.5,0.09999999999999964,1.5
qwen25_15b,494,msc_valid,4,lexical_tfidf,0.5,15,3.933333333333333,59.0,3.8333333333333335,57.5,0.09999999999999964,1.5
qwen25_15b,494,msc_valid,4,recency_keep_compress_drop,0.5,15,3.933333333333333,59.0,3.8333333333333335,57.5,0.09999999999999964,1.5
qwen25_15b,494,msc_valid,6,uniform,0.2,18,3.3194444444444446,59.75,3.1944444444444446,57.5,0.125,2.25
qwen25_15b,494,msc_valid,6,longllmlingua,0.2,18,3.0277777777777777,54.5,3.1944444444444446,57.5,-0.16666666666666696,-3.0
qwen25_15b,494,msc_valid,6,recency,0.2,18,3.2916666666666665,59.25,3.1944444444444446,57.5,0.09722222222222188,1.75
qwen25_15b,494,msc_valid,6,lexical_tfidf,0.2,18,3.2916666666666665,59.25,3.1944444444444446,57.5,0.09722222222222188,1.75
qwen25_15b,494,msc_valid,6,recency_keep_compress_drop,0.2,18,3.3194444444444446,59.75,3.1944444444444446,57.5,0.125,2.25
qwen25_15b,494,msc_valid,6,uniform,0.35,18,3.3194444444444446,59.75,3.1944444444444446,57.5,0.125,2.25
qwen25_15b,494,msc_valid,6,longllmlingua,0.35,18,3.0277777777777777,54.5,3.1944444444444446,57.5,-0.16666666666666696,-3.0
qwen25_15b,494,msc_valid,6,recency,0.35,18,3.2916666666666665,59.25,3.1944444444444446,57.5,0.09722222222222188,1.75
qwen25_15b,494,msc_valid,6,lexical_tfidf,0.35,18,3.2916666666666665,59.25,3.1944444444444446,57.5,0.09722222222222188,1.75
qwen25_15b,494,msc_valid,6,recency_keep_compress_drop,0.35,18,3.2916666666666665,59.25,3.1944444444444446,57.5,0.09722222222222188,1.75
qwen25_15b,494,msc_valid,6,uniform,0.5,18,3.4444444444444446,62.0,3.1944444444444446,57.5,0.25,4.5
qwen25_15b,494,msc_valid,6,longllmlingua,0.5,18,3.0694444444444446,55.25,3.1944444444444446,57.5,-0.125,-2.25
qwen25_15b,494,msc_valid,6,recency,0.5,18,3.1666666666666665,57.0,3.1944444444444446,57.5,-0.027777777777778123,-0.5
qwen25_15b,494,msc_valid,6,lexical_tfidf,0.5,18,3.2083333333333335,57.75,3.1944444444444446,57.5,0.01388888888888884,0.25
qwen25_15b,494,msc_valid,6,recency_keep_compress_drop,0.5,18,3.0833333333333335,55.5,3.1944444444444446,57.5,-0.11111111111111116,-2.0
qwen25_15b,494,msc_valid,8,uniform,0.2,18,3.5833333333333335,64.5,2.9444444444444446,53.0,0.6388888888888888,11.5
qwen25_15b,494,msc_valid,8,longllmlingua,0.2,18,3.125,56.25,2.9444444444444446,53.0,0.18055555555555536,3.25
qwen25_15b,494,msc_valid,8,recency,0.2,18,4.027777777777778,72.5,2.9444444444444446,53.0,1.083333333333333,19.5
qwen25_15b,494,msc_valid,8,lexical_tfidf,0.2,18,4.027777777777778,72.5,2.9444444444444446,53.0,1.083333333333333,19.5
qwen25_15b,494,msc_valid,8,recency_keep_compress_drop,0.2,18,4.027777777777778,72.5,2.9444444444444446,53.0,1.083333333333333,19.5
qwen25_15b,494,msc_valid,8,uniform,0.35,18,3.1527777777777777,56.75,2.9444444444444446,53.0,0.20833333333333304,3.75
qwen25_15b,494,msc_valid,8,longllmlingua,0.35,18,3.125,56.25,2.9444444444444446,53.0,0.18055555555555536,3.25
qwen25_15b,494,msc_valid,8,recency,0.35,18,3.6666666666666665,66.0,2.9444444444444446,53.0,0.7222222222222219,13.0
qwen25_15b,494,msc_valid,8,lexical_tfidf,0.35,18,3.6666666666666665,66.0,2.9444444444444446,53.0,0.7222222222222219,13.0
qwen25_15b,494,msc_valid,8,recency_keep_compress_drop,0.35,18,3.6666666666666665,66.0,2.9444444444444446,53.0,0.7222222222222219,13.0
qwen25_15b,494,msc_valid,8,uniform,0.5,18,3.0416666666666665,54.75,2.9444444444444446,53.0,0.09722222222222188,1.75
qwen25_15b,494,msc_valid,8,longllmlingua,0.5,18,3.0277777777777777,54.5,2.9444444444444446,53.0,0.08333333333333304,1.5
qwen25_15b,494,msc_valid,8,recency,0.5,18,3.611111111111111,65.0,2.9444444444444446,53.0,0.6666666666666665,12.0
qwen25_15b,494,msc_valid,8,lexical_tfidf,0.5,18,3.5277777777777777,63.5,2.9444444444444446,53.0,0.583333333333333,10.5
qwen25_15b,494,msc_valid,8,recency_keep_compress_drop,0.5,18,3.5,63.0,2.9444444444444446,53.0,0.5555555555555554,10.0
qwen25_15b,494,msc_valid,10,uniform,0.2,18,4.222222222222222,76.0,2.9027777777777777,52.25,1.3194444444444446,23.75
qwen25_15b,494,msc_valid,10,longllmlingua,0.2,18,4.194444444444445,75.5,2.9027777777777777,52.25,1.291666666666667,23.25
qwen25_15b,494,msc_valid,10,recency,0.2,18,3.0555555555555554,55.0,2.9027777777777777,52.25,0.15277777777777768,2.75
qwen25_15b,494,msc_valid,10,lexical_tfidf,0.2,18,4.222222222222222,76.0,2.9027777777777777,52.25,1.3194444444444446,23.75
qwen25_15b,494,msc_valid,10,recency_keep_compress_drop,0.2,18,3.0555555555555554,55.0,2.9027777777777777,52.25,0.15277777777777768,2.75
qwen25_15b,494,msc_valid,10,uniform,0.35,18,4.666666666666667,84.0,2.9027777777777777,52.25,1.7638888888888893,31.75
qwen25_15b,494,msc_valid,10,longllmlingua,0.35,18,4.166666666666667,75.0,2.9027777777777777,52.25,1.2638888888888893,22.75
qwen25_15b,494,msc_valid,10,recency,0.35,18,2.888888888888889,52.0,2.9027777777777777,52.25,-0.01388888888888884,-0.25
qwen25_15b,494,msc_valid,10,lexical_tfidf,0.35,18,4.5,81.0,2.9027777777777777,52.25,1.5972222222222223,28.75
qwen25_15b,494,msc_valid,10,recency_keep_compress_drop,0.35,18,2.888888888888889,52.0,2.9027777777777777,52.25,-0.01388888888888884,-0.25
qwen25_15b,494,msc_valid,10,uniform,0.5,18,4.388888888888889,79.0,2.9027777777777777,52.25,1.4861111111111116,26.75
qwen25_15b,494,msc_valid,10,longllmlingua,0.5,18,4.25,76.5,2.9027777777777777,52.25,1.3472222222222223,24.25
qwen25_15b,494,msc_valid,10,recency,0.5,18,2.8194444444444446,50.75,2.9027777777777777,52.25,-0.08333333333333304,-1.5
qwen25_15b,494,msc_valid,10,lexical_tfidf,0.5,18,4.472222222222222,80.5,2.9027777777777777,52.25,1.5694444444444446,28.25
qwen25_15b,494,msc_valid,10,recency_keep_compress_drop,0.5,18,2.986111111111111,53.75,2.9027777777777777,52.25,0.08333333333333348,1.5
qwen25_15b,494,msc_valid,12,uniform,0.2,20,3.425,68.5,3.15,63.0,0.2749999999999999,5.5
qwen25_15b,494,msc_valid,12,longllmlingua,0.2,20,3.375,67.5,3.15,63.0,0.2250000000000001,4.5
qwen25_15b,494,msc_valid,12,recency,0.2,20,3.525,70.5,3.15,63.0,0.375,7.5
qwen25_15b,494,msc_valid,12,lexical_tfidf,0.2,20,3.275,65.5,3.15,63.0,0.125,2.5
qwen25_15b,494,msc_valid,12,recency_keep_compress_drop,0.2,20,3.375,67.5,3.15,63.0,0.2250000000000001,4.5
qwen25_15b,494,msc_valid,12,uniform,0.35,20,3.425,68.5,3.15,63.0,0.2749999999999999,5.5
qwen25_15b,494,msc_valid,12,longllmlingua,0.35,20,3.275,65.5,3.15,63.0,0.125,2.5
qwen25_15b,494,msc_valid,12,recency,0.35,20,3.4,68.0,3.15,63.0,0.25,5.0
qwen25_15b,494,msc_valid,12,lexical_tfidf,0.35,20,3.3,66.0,3.15,63.0,0.1499999999999999,3.0
qwen25_15b,494,msc_valid,12,recency_keep_compress_drop,0.35,20,3.4,68.0,3.15,63.0,0.25,5.0
qwen25_15b,494,msc_valid,12,uniform,0.5,20,3.275,65.5,3.15,63.0,0.125,2.5
qwen25_15b,494,msc_valid,12,longllmlingua,0.5,20,3.15,63.0,3.15,63.0,0.0,0.0
qwen25_15b,494,msc_valid,12,recency,0.5,20,3.325,66.5,3.15,63.0,0.17500000000000027,3.5
qwen25_15b,494,msc_valid,12,lexical_tfidf,0.5,20,3.125,62.5,3.15,63.0,-0.02499999999999991,-0.5
qwen25_15b,494,msc_valid,12,recency_keep_compress_drop,0.5,20,3.175,63.5,3.15,63.0,0.02499999999999991,0.5
qwen25_15b,494,msc_valid,14,uniform,0.2,14,3.607142857142857,50.5,3.25,45.5,0.3571428571428572,5.0
qwen25_15b,494,msc_valid,14,longllmlingua,0.2,14,3.3035714285714284,46.25,3.25,45.5,0.05357142857142838,0.75
qwen25_15b,494,msc_valid,14,recency,0.2,14,3.767857142857143,52.75,3.25,45.5,0.5178571428571428,7.25
qwen25_15b,494,msc_valid,14,lexical_tfidf,0.2,14,3.732142857142857,52.25,3.25,45.5,0.4821428571428572,6.75
qwen25_15b,494,msc_valid,14,recency_keep_compress_drop,0.2,14,3.4285714285714284,48.0,3.25,45.5,0.17857142857142838,2.5
qwen25_15b,494,msc_valid,14,uniform,0.35,14,3.625,50.75,3.25,45.5,0.375,5.25
qwen25_15b,494,msc_valid,14,longllmlingua,0.35,14,3.1785714285714284,44.5,3.25,45.5,-0.07142857142857162,-1.0
qwen25_15b,494,msc_valid,14,recency,0.35,14,3.482142857142857,48.75,3.25,45.5,0.2321428571428572,3.25
qwen25_15b,494,msc_valid,14,lexical_tfidf,0.35,14,3.517857142857143,49.25,3.25,45.5,0.2678571428571428,3.75
qwen25_15b,494,msc_valid,14,recency_keep_compress_drop,0.35,14,3.4107142857142856,47.75,3.25,45.5,0.1607142857142856,2.25
qwen25_15b,494,msc_valid,14,uniform,0.5,14,3.5357142857142856,49.5,3.25,45.5,0.2857142857142856,4.0
qwen25_15b,494,msc_valid,14,longllmlingua,0.5,14,3.0714285714285716,43.0,3.25,45.5,-0.17857142857142838,-2.5
qwen25_15b,494,msc_valid,14,recency,0.5,14,3.4285714285714284,48.0,3.25,45.5,0.17857142857142838,2.5
qwen25_15b,494,msc_valid,14,lexical_tfidf,0.5,14,3.392857142857143,47.5,3.25,45.5,0.1428571428571428,2.0
qwen25_15b,494,msc_valid,14,recency_keep_compress_drop,0.5,14,3.4642857142857144,48.5,3.25,45.5,0.2142857142857144,3.0
qwen25_15b,503,msc_valid,4,uniform,0.2,15,2.9166666666666665,43.75,2.6166666666666667,39.25,0.2999999999999998,4.5
qwen25_15b,503,msc_valid,4,longllmlingua,0.2,15,2.533333333333333,38.0,2.6166666666666667,39.25,-0.08333333333333348,-1.25
qwen25_15b,503,msc_valid,4,recency,0.2,15,2.9166666666666665,43.75,2.6166666666666667,39.25,0.2999999999999998,4.5
qwen25_15b,503,msc_valid,4,lexical_tfidf,0.2,15,2.9166666666666665,43.75,2.6166666666666667,39.25,0.2999999999999998,4.5
qwen25_15b,503,msc_valid,4,recency_keep_compress_drop,0.2,15,2.9166666666666665,43.75,2.6166666666666667,39.25,0.2999999999999998,4.5
qwen25_15b,503,msc_valid,4,uniform,0.35,15,2.683333333333333,40.25,2.6166666666666667,39.25,0.06666666666666643,1.0
qwen25_15b,503,msc_valid,4,longllmlingua,0.35,15,2.4833333333333334,37.25,2.6166666666666667,39.25,-0.1333333333333333,-2.0
qwen25_15b,503,msc_valid,4,recency,0.35,15,2.683333333333333,40.25,2.6166666666666667,39.25,0.06666666666666643,1.0
qwen25_15b,503,msc_valid,4,lexical_tfidf,0.35,15,2.683333333333333,40.25,2.6166666666666667,39.25,0.06666666666666643,1.0
qwen25_15b,503,msc_valid,4,recency_keep_compress_drop,0.35,15,2.683333333333333,40.25,2.6166666666666667,39.25,0.06666666666666643,1.0
qwen25_15b,503,msc_valid,4,uniform,0.5,15,2.683333333333333,40.25,2.6166666666666667,39.25,0.06666666666666643,1.0
qwen25_15b,503,msc_valid,4,longllmlingua,0.5,15,2.4833333333333334,37.25,2.6166666666666667,39.25,-0.1333333333333333,-2.0
qwen25_15b,503,msc_valid,4,recency,0.5,15,2.683333333333333,40.25,2.6166666666666667,39.25,0.06666666666666643,1.0
qwen25_15b,503,msc_valid,4,lexical_tfidf,0.5,15,2.683333333333333,40.25,2.6166666666666667,39.25,0.06666666666666643,1.0
qwen25_15b,503,msc_valid,4,recency_keep_compress_drop,0.5,15,2.683333333333333,40.25,2.6166666666666667,39.25,0.06666666666666643,1.0
qwen25_15b,503,msc_valid,6,uniform,0.2,12,5.145833333333333,61.75,4.583333333333333,55.0,0.5625,6.75
qwen25_15b,503,msc_valid,6,longllmlingua,0.2,12,4.583333333333333,55.0,4.583333333333333,55.0,0.0,0.0
qwen25_15b,503,msc_valid,6,recency,0.2,12,5.0625,60.75,4.583333333333333,55.0,0.47916666666666696,5.75
qwen25_15b,503,msc_valid,6,lexical_tfidf,0.2,12,5.145833333333333,61.75,4.583333333333333,55.0,0.5625,6.75
qwen25_15b,503,msc_valid,6,recency_keep_compress_drop,0.2,12,5.0625,60.75,4.583333333333333,55.0,0.47916666666666696,5.75
qwen25_15b,503,msc_valid,6,uniform,0.35,12,5.145833333333333,61.75,4.583333333333333,55.0,0.5625,6.75
qwen25_15b,503,msc_valid,6,longllmlingua,0.35,12,4.875,58.5,4.583333333333333,55.0,0.29166666666666696,3.5
qwen25_15b,503,msc_valid,6,recency,0.35,12,5.0625,60.75,4.583333333333333,55.0,0.47916666666666696,5.75
qwen25_15b,503,msc_valid,6,lexical_tfidf,0.35,12,4.916666666666667,59.0,4.583333333333333,55.0,0.3333333333333339,4.0
qwen25_15b,503,msc_valid,6,recency_keep_compress_drop,0.35,12,5.0625,60.75,4.583333333333333,55.0,0.47916666666666696,5.75
qwen25_15b,503,msc_valid,6,uniform,0.5,12,5.083333333333333,61.0,4.583333333333333,55.0,0.5,6.0
qwen25_15b,503,msc_valid,6,longllmlingua,0.5,12,4.375,52.5,4.583333333333333,55.0,-0.20833333333333304,-2.5
qwen25_15b,503,msc_valid,6,recency,0.5,12,4.8125,57.75,4.583333333333333,55.0,0.22916666666666696,2.75
qwen25_15b,503,msc_valid,6,lexical_tfidf,0.5,12,4.875,58.5,4.583333333333333,55.0,0.29166666666666696,3.5
qwen25_15b,503,msc_valid,6,recency_keep_compress_drop,0.5,12,4.75,57.0,4.583333333333333,55.0,0.16666666666666696,2.0
qwen25_15b,503,msc_valid,8,uniform,0.2,10,4.2,42.0,3.425,34.25,0.7750000000000004,7.75
qwen25_15b,503,msc_valid,8,longllmlingua,0.2,10,3.975,39.75,3.425,34.25,0.5500000000000003,5.5
qwen25_15b,503,msc_valid,8,recency,0.2,10,4.375,43.75,3.425,34.25,0.9500000000000002,9.5
qwen25_15b,503,msc_valid,8,lexical_tfidf,0.2,10,4.15,41.5,3.425,34.25,0.7250000000000005,7.25
qwen25_15b,503,msc_valid,8,recency_keep_compress_drop,0.2,10,4.375,43.75,3.425,34.25,0.9500000000000002,9.5
qwen25_15b,503,msc_valid,8,uniform,0.35,10,4.275,42.75,3.425,34.25,0.8500000000000005,8.5
qwen25_15b,503,msc_valid,8,longllmlingua,0.35,10,4.0,40.0,3.425,34.25,0.5750000000000002,5.75
qwen25_15b,503,msc_valid,8,recency,0.35,10,4.125,41.25,3.425,34.25,0.7000000000000002,7.0
qwen25_15b,503,msc_valid,8,lexical_tfidf,0.35,10,4.025,40.25,3.425,34.25,0.6000000000000005,6.0
qwen25_15b,503,msc_valid,8,recency_keep_compress_drop,0.35,10,3.95,39.5,3.425,34.25,0.5250000000000004,5.25
qwen25_15b,503,msc_valid,8,uniform,0.5,10,3.9,39.0,3.425,34.25,0.4750000000000001,4.75
qwen25_15b,503,msc_valid,8,longllmlingua,0.5,10,3.8,38.0,3.425,34.25,0.375,3.75
qwen25_15b,503,msc_valid,8,recency,0.5,10,3.8,38.0,3.425,34.25,0.375,3.75
qwen25_15b,503,msc_valid,8,lexical_tfidf,0.5,10,3.625,36.25,3.425,34.25,0.20000000000000018,2.0
qwen25_15b,503,msc_valid,8,recency_keep_compress_drop,0.5,10,3.55,35.5,3.425,34.25,0.125,1.25
qwen25_15b,503,msc_valid,10,uniform,0.2,11,3.0,33.0,1.6136363636363635,17.75,1.3863636363636365,15.25
qwen25_15b,503,msc_valid,10,longllmlingua,0.2,11,1.75,19.25,1.6136363636363635,17.75,0.13636363636363646,1.5
qwen25_15b,503,msc_valid,10,recency,0.2,11,2.022727272727273,22.25,1.6136363636363635,17.75,0.4090909090909094,4.5
qwen25_15b,503,msc_valid,10,lexical_tfidf,0.2,11,2.409090909090909,26.5,1.6136363636363635,17.75,0.7954545454545456,8.75
qwen25_15b,503,msc_valid,10,recency_keep_compress_drop,0.2,11,2.022727272727273,22.25,1.6136363636363635,17.75,0.4090909090909094,4.5
qwen25_15b,503,msc_valid,10,uniform,0.35,11,2.6818181818181817,29.5,1.6136363636363635,17.75,1.0681818181818181,11.75
qwen25_15b,503,msc_valid,10,longllmlingua,0.35,11,1.8181818181818181,20.0,1.6136363636363635,17.75,0.20454545454545459,2.25
qwen25_15b,503,msc_valid,10,recency,0.35,11,1.6363636363636365,18.0,1.6136363636363635,17.75,0.02272727272727293,0.25
qwen25_15b,503,msc_valid,10,lexical_tfidf,0.35,11,1.6022727272727273,17.625,1.6136363636363635,17.75,-0.011363636363636243,-0.125
qwen25_15b,503,msc_valid,10,recency_keep_compress_drop,0.35,11,1.9545454545454546,21.5,1.6136363636363635,17.75,0.34090909090909105,3.75
qwen25_15b,503,msc_valid,10,uniform,0.5,11,1.6704545454545454,18.375,1.6136363636363635,17.75,0.05681818181818188,0.625
qwen25_15b,503,msc_valid,10,longllmlingua,0.5,11,1.7159090909090908,18.875,1.6136363636363635,17.75,0.10227272727272729,1.125
qwen25_15b,503,msc_valid,10,recency,0.5,11,1.6136363636363635,17.75,1.6136363636363635,17.75,0.0,0.0
qwen25_15b,503,msc_valid,10,lexical_tfidf,0.5,11,1.6818181818181819,18.5,1.6136363636363635,17.75,0.06818181818181834,0.75
qwen25_15b,503,msc_valid,10,recency_keep_compress_drop,0.5,11,1.6931818181818181,18.625,1.6136363636363635,17.75,0.07954545454545459,0.875
qwen25_15b,503,msc_valid,12,uniform,0.2,8,3.5625,28.5,2.4375,19.5,1.125,9.0
qwen25_15b,503,msc_valid,12,longllmlingua,0.2,8,3.40625,27.25,2.4375,19.5,0.96875,7.75
qwen25_15b,503,msc_valid,12,recency,0.2,8,2.984375,23.875,2.4375,19.5,0.546875,4.375
qwen25_15b,503,msc_valid,12,lexical_tfidf,0.2,8,2.71875,21.75,2.4375,19.5,0.28125,2.25
qwen25_15b,503,msc_valid,12,recency_keep_compress_drop,0.2,8,2.984375,23.875,2.4375,19.5,0.546875,4.375
qwen25_15b,503,msc_valid,12,uniform,0.35,8,2.734375,21.875,2.4375,19.5,0.296875,2.375
qwen25_15b,503,msc_valid,12,longllmlingua,0.35,8,2.96875,23.75,2.4375,19.5,0.53125,4.25
qwen25_15b,503,msc_valid,12,recency,0.35,8,2.84375,22.75,2.4375,19.5,0.40625,3.25
qwen25_15b,503,msc_valid,12,lexical_tfidf,0.35,8,2.671875,21.375,2.4375,19.5,0.234375,1.875
qwen25_15b,503,msc_valid,12,recency_keep_compress_drop,0.35,8,2.6875,21.5,2.4375,19.5,0.25,2.0
qwen25_15b,503,msc_valid,12,uniform,0.5,8,2.3125,18.5,2.4375,19.5,-0.125,-1.0
qwen25_15b,503,msc_valid,12,longllmlingua,0.5,8,2.921875,23.375,2.4375,19.5,0.484375,3.875
qwen25_15b,503,msc_valid,12,recency,0.5,8,2.796875,22.375,2.4375,19.5,0.359375,2.875
qwen25_15b,503,msc_valid,12,lexical_tfidf,0.5,8,2.53125,20.25,2.4375,19.5,0.09375,0.75
qwen25_15b,503,msc_valid,12,recency_keep_compress_drop,0.5,8,2.46875,19.75,2.4375,19.5,0.03125,0.25
qwen25_15b,531,msc_valid,4,uniform,0.2,15,3.7333333333333334,56.0,3.5833333333333335,53.75,0.1499999999999999,2.25
qwen25_15b,531,msc_valid,4,longllmlingua,0.2,15,3.05,45.75,3.5833333333333335,53.75,-0.5333333333333337,-8.0
qwen25_15b,531,msc_valid,4,recency,0.2,15,3.7333333333333334,56.0,3.5833333333333335,53.75,0.1499999999999999,2.25
qwen25_15b,531,msc_valid,4,lexical_tfidf,0.2,15,3.7333333333333334,56.0,3.5833333333333335,53.75,0.1499999999999999,2.25
qwen25_15b,531,msc_valid,4,recency_keep_compress_drop,0.2,15,3.7333333333333334,56.0,3.5833333333333335,53.75,0.1499999999999999,2.25
qwen25_15b,531,msc_valid,4,uniform,0.35,15,3.7333333333333334,56.0,3.5833333333333335,53.75,0.1499999999999999,2.25
qwen25_15b,531,msc_valid,4,longllmlingua,0.35,15,3.05,45.75,3.5833333333333335,53.75,-0.5333333333333337,-8.0
qwen25_15b,531,msc_valid,4,recency,0.35,15,3.7333333333333334,56.0,3.5833333333333335,53.75,0.1499999999999999,2.25
qwen25_15b,531,msc_valid,4,lexical_tfidf,0.35,15,3.7333333333333334,56.0,3.5833333333333335,53.75,0.1499999999999999,2.25
qwen25_15b,531,msc_valid,4,recency_keep_compress_drop,0.35,15,3.7333333333333334,56.0,3.5833333333333335,53.75,0.1499999999999999,2.25
qwen25_15b,531,msc_valid,4,uniform,0.5,15,3.5833333333333335,53.75,3.5833333333333335,53.75,0.0,0.0
qwen25_15b,531,msc_valid,4,longllmlingua,0.5,15,2.9833333333333334,44.75,3.5833333333333335,53.75,-0.6000000000000001,-9.0
qwen25_15b,531,msc_valid,4,recency,0.5,15,3.5833333333333335,53.75,3.5833333333333335,53.75,0.0,0.0
qwen25_15b,531,msc_valid,4,lexical_tfidf,0.5,15,3.5833333333333335,53.75,3.5833333333333335,53.75,0.0,0.0
qwen25_15b,531,msc_valid,4,recency_keep_compress_drop,0.5,15,3.5833333333333335,53.75,3.5833333333333335,53.75,0.0,0.0
qwen25_15b,531,msc_valid,8,uniform,0.2,8,3.8125,30.5,2.890625,23.125,0.921875,7.375
qwen25_15b,531,msc_valid,8,longllmlingua,0.2,8,3.5625,28.5,2.890625,23.125,0.671875,5.375
qwen25_15b,531,msc_valid,8,recency,0.2,8,3.765625,30.125,2.890625,23.125,0.875,7.0
qwen25_15b,531,msc_valid,8,lexical_tfidf,0.2,8,3.8125,30.5,2.890625,23.125,0.921875,7.375
qwen25_15b,531,msc_valid,8,recency_keep_compress_drop,0.2,8,3.765625,30.125,2.890625,23.125,0.875,7.0
qwen25_15b,531,msc_valid,8,uniform,0.35,8,3.90625,31.25,2.890625,23.125,1.015625,8.125
qwen25_15b,531,msc_valid,8,longllmlingua,0.35,8,3.21875,25.75,2.890625,23.125,0.328125,2.625
qwen25_15b,531,msc_valid,8,recency,0.35,8,3.328125,26.625,2.890625,23.125,0.4375,3.5
qwen25_15b,531,msc_valid,8,lexical_tfidf,0.35,8,3.328125,26.625,2.890625,23.125,0.4375,3.5
qwen25_15b,531,msc_valid,8,recency_keep_compress_drop,0.35,8,3.15625,25.25,2.890625,23.125,0.265625,2.125
qwen25_15b,531,msc_valid,8,uniform,0.5,8,3.671875,29.375,2.890625,23.125,0.78125,6.25
qwen25_15b,531,msc_valid,8,longllmlingua,0.5,8,3.046875,24.375,2.890625,23.125,0.15625,1.25
qwen25_15b,531,msc_valid,8,recency,0.5,8,3.40625,27.25,2.890625,23.125,0.515625,4.125
qwen25_15b,531,msc_valid,8,lexical_tfidf,0.5,8,3.03125,24.25,2.890625,23.125,0.140625,1.125
qwen25_15b,531,msc_valid,8,recency_keep_compress_drop,0.5,8,2.828125,22.625,2.890625,23.125,-0.0625,-0.5
qwen25_15b,531,msc_valid,12,uniform,0.2,14,1.75,24.5,1.9553571428571428,27.375,-0.2053571428571428,-2.875
qwen25_15b,531,msc_valid,12,longllmlingua,0.2,14,1.9017857142857142,26.625,1.9553571428571428,27.375,-0.0535714285714286,-0.75
qwen25_15b,531,msc_valid,12,recency,0.2,14,1.7410714285714286,24.375,1.9553571428571428,27.375,-0.2142857142857142,-3.0
qwen25_15b,531,msc_valid,12,lexical_tfidf,0.2,14,1.7321428571428572,24.25,1.9553571428571428,27.375,-0.2232142857142856,-3.125
qwen25_15b,531,msc_valid,12,recency_keep_compress_drop,0.2,14,1.8660714285714286,26.125,1.9553571428571428,27.375,-0.08928571428571419,-1.25
qwen25_15b,531,msc_valid,12,uniform,0.35,14,1.9821428571428572,27.75,1.9553571428571428,27.375,0.026785714285714413,0.375
qwen25_15b,531,msc_valid,12,longllmlingua,0.35,14,1.7678571428571428,24.75,1.9553571428571428,27.375,-0.1875,-2.625
qwen25_15b,531,msc_valid,12,recency,0.35,14,1.8392857142857142,25.75,1.9553571428571428,27.375,-0.1160714285714286,-1.625
qwen25_15b,531,msc_valid,12,lexical_tfidf,0.35,14,1.7589285714285714,24.625,1.9553571428571428,27.375,-0.1964285714285714,-2.75
qwen25_15b,531,msc_valid,12,recency_keep_compress_drop,0.35,14,1.9107142857142858,26.75,1.9553571428571428,27.375,-0.044642857142856984,-0.625
qwen25_15b,531,msc_valid,12,uniform,0.5,14,1.7589285714285714,24.625,1.9553571428571428,27.375,-0.1964285714285714,-2.75
qwen25_15b,531,msc_valid,12,longllmlingua,0.5,14,1.8571428571428572,26.0,1.9553571428571428,27.375,-0.09821428571428559,-1.375
qwen25_15b,531,msc_valid,12,recency,0.5,14,1.9375,27.125,1.9553571428571428,27.375,-0.017857142857142794,-0.25
qwen25_15b,531,msc_valid,12,lexical_tfidf,0.5,14,1.8571428571428572,26.0,1.9553571428571428,27.375,-0.09821428571428559,-1.375
qwen25_15b,531,msc_valid,12,recency_keep_compress_drop,0.5,14,1.8035714285714286,25.25,1.9553571428571428,27.375,-0.1517857142857142,-2.125
qwen25_15b,531,msc_valid,16,uniform,0.2,12,3.0625,36.75,3.3541666666666665,40.25,-0.2916666666666665,-3.5
qwen25_15b,531,msc_valid,16,longllmlingua,0.2,12,2.9375,35.25,3.3541666666666665,40.25,-0.4166666666666665,-5.0
qwen25_15b,531,msc_valid,16,recency,0.2,12,3.1041666666666665,37.25,3.3541666666666665,40.25,-0.25,-3.0
qwen25_15b,531,msc_valid,16,lexical_tfidf,0.2,12,3.0833333333333335,37.0,3.3541666666666665,40.25,-0.27083333333333304,-3.25
qwen25_15b,531,msc_valid,16,recency_keep_compress_drop,0.2,12,3.3125,39.75,3.3541666666666665,40.25,-0.04166666666666652,-0.5
qwen25_15b,531,msc_valid,16,uniform,0.35,12,3.2916666666666665,39.5,3.3541666666666665,40.25,-0.0625,-0.75
qwen25_15b,531,msc_valid,16,longllmlingua,0.35,12,2.9375,35.25,3.3541666666666665,40.25,-0.4166666666666665,-5.0
qwen25_15b,531,msc_valid,16,recency,0.35,12,3.1666666666666665,38.0,3.3541666666666665,40.25,-0.1875,-2.25
qwen25_15b,531,msc_valid,16,lexical_tfidf,0.35,12,3.2291666666666665,38.75,3.3541666666666665,40.25,-0.125,-1.5
qwen25_15b,531,msc_valid,16,recency_keep_compress_drop,0.35,12,3.2708333333333335,39.25,3.3541666666666665,40.25,-0.08333333333333304,-1.0
qwen25_15b,531,msc_valid,16,uniform,0.5,12,3.0,36.0,3.3541666666666665,40.25,-0.3541666666666665,-4.25
qwen25_15b,531,msc_valid,16,longllmlingua,0.5,12,2.9791666666666665,35.75,3.3541666666666665,40.25,-0.375,-4.5
qwen25_15b,531,msc_valid,16,recency,0.5,12,3.2291666666666665,38.75,3.3541666666666665,40.25,-0.125,-1.5
qwen25_15b,531,msc_valid,16,lexical_tfidf,0.5,12,3.1041666666666665,37.25,3.3541666666666665,40.25,-0.25,-3.0
qwen25_15b,531,msc_valid,16,recency_keep_compress_drop,0.5,12,3.2083333333333335,38.5,3.3541666666666665,40.25,-0.14583333333333304,-1.75
qwen25_15b,531,msc_valid,20,uniform,0.2,42,2.642857142857143,111.0,2.5476190476190474,107.0,0.09523809523809534,4.0
qwen25_15b,531,msc_valid,20,longllmlingua,0.2,42,2.5,105.0,2.5476190476190474,107.0,-0.04761904761904745,-2.0
qwen25_15b,531,msc_valid,20,recency,0.2,42,2.5714285714285716,108.0,2.5476190476190474,107.0,0.02380952380952417,1.0
qwen25_15b,531,msc_valid,20,lexical_tfidf,0.2,42,2.5952380952380953,109.0,2.5476190476190474,107.0,0.047619047619047894,2.0
qwen25_15b,531,msc_valid,20,recency_keep_compress_drop,0.2,42,2.5833333333333335,108.5,2.5476190476190474,107.0,0.03571428571428603,1.5
qwen25_15b,531,msc_valid,20,uniform,0.35,42,2.5714285714285716,108.0,2.5476190476190474,107.0,0.02380952380952417,1.0
qwen25_15b,531,msc_valid,20,longllmlingua,0.35,42,2.5,105.0,2.5476190476190474,107.0,-0.04761904761904745,-2.0
qwen25_15b,531,msc_valid,20,recency,0.35,42,2.5833333333333335,108.5,2.5476190476190474,107.0,0.03571428571428603,1.5
qwen25_15b,531,msc_valid,20,lexical_tfidf,0.35,42,2.5833333333333335,108.5,2.5476190476190474,107.0,0.03571428571428603,1.5
qwen25_15b,531,msc_valid,20,recency_keep_compress_drop,0.35,42,2.5476190476190474,107.0,2.5476190476190474,107.0,0.0,0.0
qwen25_15b,531,msc_valid,20,uniform,0.5,42,2.5714285714285716,108.0,2.5476190476190474,107.0,0.02380952380952417,1.0
qwen25_15b,531,msc_valid,20,longllmlingua,0.5,42,2.4642857142857144,103.5,2.5476190476190474,107.0,-0.08333333333333304,-3.5
qwen25_15b,531,msc_valid,20,recency,0.5,42,2.5357142857142856,106.5,2.5476190476190474,107.0,-0.011904761904761862,-0.5
qwen25_15b,531,msc_valid,20,lexical_tfidf,0.5,42,2.5476190476190474,107.0,2.5476190476190474,107.0,0.0,0.0
qwen25_15b,531,msc_valid,20,recency_keep_compress_drop,0.5,42,2.5833333333333335,108.5,2.5476190476190474,107.0,0.03571428571428603,1.5
qwen25_15b,531,msc_valid,24,uniform,0.2,58,2.9310344827586206,170.0,2.8448275862068964,165.0,0.0862068965517242,5.0
qwen25_15b,531,msc_valid,24,longllmlingua,0.2,58,2.8620689655172415,166.0,2.8448275862068964,165.0,0.017241379310345195,1.0
qwen25_15b,531,msc_valid,24,recency,0.2,58,2.8620689655172415,166.0,2.8448275862068964,165.0,0.017241379310345195,1.0
qwen25_15b,531,msc_valid,24,lexical_tfidf,0.2,58,2.9482758620689653,171.0,2.8448275862068964,165.0,0.10344827586206895,6.0
qwen25_15b,531,msc_valid,24,recency_keep_compress_drop,0.2,58,2.896551724137931,168.0,2.8448275862068964,165.0,0.0517241379310347,3.0
qwen25_15b,531,msc_valid,24,uniform,0.35,58,2.8793103448275863,167.0,2.8448275862068964,165.0,0.034482758620689946,2.0
qwen25_15b,531,msc_valid,24,longllmlingua,0.35,58,2.896551724137931,168.0,2.8448275862068964,165.0,0.0517241379310347,3.0
qwen25_15b,531,msc_valid,24,recency,0.35,58,2.8793103448275863,167.0,2.8448275862068964,165.0,0.034482758620689946,2.0
qwen25_15b,531,msc_valid,24,lexical_tfidf,0.35,58,2.9310344827586206,170.0,2.8448275862068964,165.0,0.0862068965517242,5.0
qwen25_15b,531,msc_valid,24,recency_keep_compress_drop,0.35,58,2.8620689655172415,166.0,2.8448275862068964,165.0,0.017241379310345195,1.0
qwen25_15b,531,msc_valid,24,uniform,0.5,58,2.913793103448276,169.0,2.8448275862068964,165.0,0.06896551724137945,4.0
qwen25_15b,531,msc_valid,24,longllmlingua,0.5,58,2.896551724137931,168.0,2.8448275862068964,165.0,0.0517241379310347,3.0
qwen25_15b,531,msc_valid,24,recency,0.5,58,2.8448275862068964,165.0,2.8448275862068964,165.0,0.0,0.0
qwen25_15b,531,msc_valid,24,lexical_tfidf,0.5,58,2.8620689655172415,166.0,2.8448275862068964,165.0,0.017241379310345195,1.0
qwen25_15b,531,msc_valid,24,recency_keep_compress_drop,0.5,58,2.8448275862068964,165.0,2.8448275862068964,165.0,0.0,0.0
qwen25_15b,531,msc_valid,28,uniform,0.2,57,2.3684210526315788,135.0,0.0,0.0,2.3684210526315788,135.0
qwen25_15b,531,msc_valid,28,longllmlingua,0.2,57,2.3508771929824563,134.0,0.0,0.0,2.3508771929824563,134.0
qwen25_15b,531,msc_valid,28,recency,0.2,57,2.280701754385965,130.0,0.0,0.0,2.280701754385965,130.0
qwen25_15b,531,msc_valid,28,lexical_tfidf,0.2,57,2.3684210526315788,135.0,0.0,0.0,2.3684210526315788,135.0
qwen25_15b,531,msc_valid,28,recency_keep_compress_drop,0.2,57,2.2982456140350878,131.0,0.0,0.0,2.2982456140350878,131.0
qwen25_15b,531,msc_valid,28,uniform,0.35,57,2.4035087719298245,137.0,0.0,0.0,2.4035087719298245,137.0
qwen25_15b,531,msc_valid,28,longllmlingua,0.35,57,2.3859649122807016,136.0,0.0,0.0,2.3859649122807016,136.0
qwen25_15b,531,msc_valid,28,recency,0.35,57,2.263157894736842,129.0,0.0,0.0,2.263157894736842,129.0
qwen25_15b,531,msc_valid,28,lexical_tfidf,0.35,57,2.3333333333333335,133.0,0.0,0.0,2.3333333333333335,133.0
qwen25_15b,531,msc_valid,28,recency_keep_compress_drop,0.35,57,2.2982456140350878,131.0,0.0,0.0,2.2982456140350878,131.0
qwen25_15b,531,msc_valid,28,uniform,0.5,57,2.3684210526315788,135.0,0.0,0.0,2.3684210526315788,135.0
qwen25_15b,531,msc_valid,28,longllmlingua,0.5,57,2.4035087719298245,137.0,0.0,0.0,2.4035087719298245,137.0
qwen25_15b,531,msc_valid,28,recency,0.5,57,2.2982456140350878,131.0,0.0,0.0,2.2982456140350878,131.0
qwen25_15b,531,msc_valid,28,lexical_tfidf,0.5,57,2.3508771929824563,134.0,0.0,0.0,2.3508771929824563,134.0
qwen25_15b,531,msc_valid,28,recency_keep_compress_drop,0.5,57,2.245614035087719,128.0,0.0,0.0,2.245614035087719,128.0
qwen25_15b,531,msc_valid,32,uniform,0.2,20,3.075,61.5,0.0,0.0,3.075,61.5
qwen25_15b,531,msc_valid,32,longllmlingua,0.2,20,3.225,64.5,0.0,0.0,3.225,64.5
qwen25_15b,531,msc_valid,32,recency,0.2,20,2.975,59.5,0.0,0.0,2.975,59.5
qwen25_15b,531,msc_valid,32,lexical_tfidf,0.2,20,3.25,65.0,0.0,0.0,3.25,65.0
qwen25_15b,531,msc_valid,32,recency_keep_compress_drop,0.2,20,2.975,59.5,0.0,0.0,2.975,59.5
qwen25_15b,531,msc_valid,32,uniform,0.35,20,3.0,60.0,0.0,0.0,3.0,60.0
qwen25_15b,531,msc_valid,32,longllmlingua,0.35,20,3.175,63.5,0.0,0.0,3.175,63.5
qwen25_15b,531,msc_valid,32,recency,0.35,20,2.975,59.5,0.0,0.0,2.975,59.5
qwen25_15b,531,msc_valid,32,lexical_tfidf,0.35,20,3.0625,61.25,0.0,0.0,3.0625,61.25
qwen25_15b,531,msc_valid,32,recency_keep_compress_drop,0.35,20,2.85,57.0,0.0,0.0,2.85,57.0
qwen25_15b,531,msc_valid,32,uniform,0.5,20,2.8,56.0,0.0,0.0,2.8,56.0
qwen25_15b,531,msc_valid,32,longllmlingua,0.5,20,3.25,65.0,0.0,0.0,3.25,65.0
qwen25_15b,531,msc_valid,32,recency,0.5,20,2.95,59.0,0.0,0.0,2.95,59.0
qwen25_15b,531,msc_valid,32,lexical_tfidf,0.5,20,2.9125,58.25,0.0,0.0,2.9125,58.25
qwen25_15b,531,msc_valid,32,recency_keep_compress_drop,0.5,20,2.8375,56.75,0.0,0.0,2.8375,56.75
qwen25_15b,531,msc_valid,36,uniform,0.2,34,2.6323529411764706,89.5,0.0,0.0,2.6323529411764706,89.5
qwen25_15b,531,msc_valid,36,longllmlingua,0.2,34,2.661764705882353,90.5,0.0,0.0,2.661764705882353,90.5
qwen25_15b,531,msc_valid,36,recency,0.2,34,2.75,93.5,0.0,0.0,2.75,93.5
qwen25_15b,531,msc_valid,36,lexical_tfidf,0.2,34,2.6176470588235294,89.0,0.0,0.0,2.6176470588235294,89.0
qwen25_15b,531,msc_valid,36,recency_keep_compress_drop,0.2,34,2.7058823529411766,92.0,0.0,0.0,2.7058823529411766,92.0
qwen25_15b,531,msc_valid,36,uniform,0.35,34,2.661764705882353,90.5,0.0,0.0,2.661764705882353,90.5
qwen25_15b,531,msc_valid,36,longllmlingua,0.35,34,2.573529411764706,87.5,0.0,0.0,2.573529411764706,87.5
qwen25_15b,531,msc_valid,36,recency,0.35,34,2.6470588235294117,90.0,0.0,0.0,2.6470588235294117,90.0
qwen25_15b,531,msc_valid,36,lexical_tfidf,0.35,34,2.6029411764705883,88.5,0.0,0.0,2.6029411764705883,88.5
qwen25_15b,531,msc_valid,36,recency_keep_compress_drop,0.35,34,2.514705882352941,85.5,0.0,0.0,2.514705882352941,85.5
qwen25_15b,531,msc_valid,36,uniform,0.5,34,2.588235294117647,88.0,0.0,0.0,2.588235294117647,88.0
qwen25_15b,531,msc_valid,36,longllmlingua,0.5,34,2.573529411764706,87.5,0.0,0.0,2.573529411764706,87.5
qwen25_15b,531,msc_valid,36,recency,0.5,34,2.661764705882353,90.5,0.0,0.0,2.661764705882353,90.5
qwen25_15b,531,msc_valid,36,lexical_tfidf,0.5,34,2.573529411764706,87.5,0.0,0.0,2.573529411764706,87.5
qwen25_15b,531,msc_valid,36,recency_keep_compress_drop,0.5,34,2.5441176470588234,86.5,0.0,0.0,2.5441176470588234,86.5
qwen25_15b,531,msc_valid,40,uniform,0.2,25,1.7,42.5,0.0,0.0,1.7,42.5
qwen25_15b,531,msc_valid,40,longllmlingua,0.2,25,1.93,48.25,0.0,0.0,1.93,48.25
qwen25_15b,531,msc_valid,40,recency,0.2,25,1.79,44.75,0.0,0.0,1.79,44.75
qwen25_15b,531,msc_valid,40,lexical_tfidf,0.2,25,1.76,44.0,0.0,0.0,1.76,44.0
qwen25_15b,531,msc_valid,40,recency_keep_compress_drop,0.2,25,1.8,45.0,0.0,0.0,1.8,45.0
qwen25_15b,531,msc_valid,40,uniform,0.35,25,1.73,43.25,0.0,0.0,1.73,43.25
qwen25_15b,531,msc_valid,40,longllmlingua,0.35,25,1.94,48.5,0.0,0.0,1.94,48.5
qwen25_15b,531,msc_valid,40,recency,0.35,25,1.77,44.25,0.0,0.0,1.77,44.25
qwen25_15b,531,msc_valid,40,lexical_tfidf,0.35,25,1.77,44.25,0.0,0.0,1.77,44.25
qwen25_15b,531,msc_valid,40,recency_keep_compress_drop,0.35,25,1.75,43.75,0.0,0.0,1.75,43.75
qwen25_15b,531,msc_valid,40,uniform,0.5,25,1.73,43.25,0.0,0.0,1.73,43.25
qwen25_15b,531,msc_valid,40,longllmlingua,0.5,25,1.89,47.25,0.0,0.0,1.89,47.25
qwen25_15b,531,msc_valid,40,recency,0.5,25,1.76,44.0,0.0,0.0,1.76,44.0
qwen25_15b,531,msc_valid,40,lexical_tfidf,0.5,25,1.76,44.0,0.0,0.0,1.76,44.0
qwen25_15b,531,msc_valid,40,recency_keep_compress_drop,0.5,25,1.76,44.0,0.0,0.0,1.76,44.0
qwen25_15b,531,msc_valid,44,uniform,0.2,32,2.375,76.0,0.0,0.0,2.375,76.0
qwen25_15b,531,msc_valid,44,longllmlingua,0.2,32,2.75,88.0,0.0,0.0,2.75,88.0
qwen25_15b,531,msc_valid,44,recency,0.2,32,2.21875,71.0,0.0,0.0,2.21875,71.0
qwen25_15b,531,msc_valid,44,lexical_tfidf,0.2,32,2.28125,73.0,0.0,0.0,2.28125,73.0
qwen25_15b,531,msc_valid,44,recency_keep_compress_drop,0.2,32,2.25,72.0,0.0,0.0,2.25,72.0
qwen25_15b,531,msc_valid,44,uniform,0.35,32,2.21875,71.0,0.0,0.0,2.21875,71.0
qwen25_15b,531,msc_valid,44,longllmlingua,0.35,32,2.796875,89.5,0.0,0.0,2.796875,89.5
qwen25_15b,531,msc_valid,44,recency,0.35,32,2.203125,70.5,0.0,0.0,2.203125,70.5
qwen25_15b,531,msc_valid,44,lexical_tfidf,0.35,32,2.25,72.0,0.0,0.0,2.25,72.0
qwen25_15b,531,msc_valid,44,recency_keep_compress_drop,0.35,32,2.234375,71.5,0.0,0.0,2.234375,71.5
qwen25_15b,531,msc_valid,44,uniform,0.5,32,2.234375,71.5,0.0,0.0,2.234375,71.5
qwen25_15b,531,msc_valid,44,longllmlingua,0.5,32,2.703125,86.5,0.0,0.0,2.703125,86.5
qwen25_15b,531,msc_valid,44,recency,0.5,0,0.0,0.0,0.0,0.0,0.0,0.0
qwen25_15b,531,msc_valid,44,lexical_tfidf,0.5,0,0.0,0.0,0.0,0.0,0.0,0.0
qwen25_15b,531,msc_valid,44,recency_keep_compress_drop,0.5,0,0.0,0.0,0.0,0.0,0.0,0.0
qwen25_15b,531,msc_valid,48,uniform,0.2,50,3.48,174.0,0.0,0.0,3.48,174.0
qwen25_15b,531,msc_valid,48,longllmlingua,0.2,50,3.64,182.0,0.0,0.0,3.64,182.0
qwen25_15b,531,msc_valid,48,recency,0.2,50,3.46,173.0,0.0,0.0,3.46,173.0
qwen25_15b,531,msc_valid,48,lexical_tfidf,0.2,50,3.46,173.0,0.0,0.0,3.46,173.0
qwen25_15b,531,msc_valid,48,recency_keep_compress_drop,0.2,50,3.48,174.0,0.0,0.0,3.48,174.0
qwen25_15b,531,msc_valid,48,uniform,0.35,50,3.56,178.0,0.0,0.0,3.56,178.0
qwen25_15b,531,msc_valid,48,longllmlingua,0.35,50,3.62,181.0,0.0,0.0,3.62,181.0
qwen25_15b,531,msc_valid,48,recency,0.35,0,0.0,0.0,0.0,0.0,0.0,0.0
qwen25_15b,531,msc_valid,48,lexical_tfidf,0.35,0,0.0,0.0,0.0,0.0,0.0,0.0
qwen25_15b,531,msc_valid,48,recency_keep_compress_drop,0.35,0,0.0,0.0,0.0,0.0,0.0,0.0
qwen25_15b,531,msc_valid,48,uniform,0.5,50,3.56,178.0,0.0,0.0,3.56,178.0
qwen25_15b,531,msc_valid,48,longllmlingua,0.5,50,3.56,178.0,0.0,0.0,3.56,178.0
qwen25_15b,531,msc_valid,48,recency,0.5,0,0.0,0.0,0.0,0.0,0.0,0.0
qwen25_15b,531,msc_valid,48,lexical_tfidf,0.5,0,0.0,0.0,0.0,0.0,0.0,0.0
qwen25_15b,531,msc_valid,48,recency_keep_compress_drop,0.5,0,0.0,0.0,0.0,0.0,0.0,0.0
qwen25_15b,531,msc_valid,52,uniform,0.2,62,3.532258064516129,219.0,0.0,0.0,3.532258064516129,219.0
qwen25_15b,531,msc_valid,52,longllmlingua,0.2,62,3.467741935483871,215.0,0.0,0.0,3.467741935483871,215.0
qwen25_15b,531,msc_valid,52,recency,0.2,0,0.0,0.0,0.0,0.0,0.0,0.0
qwen25_15b,531,msc_valid,52,lexical_tfidf,0.2,0,0.0,0.0,0.0,0.0,0.0,0.0
qwen25_15b,531,msc_valid,52,recency_keep_compress_drop,0.2,0,0.0,0.0,0.0,0.0,0.0,0.0
qwen25_15b,531,msc_valid,52,uniform,0.35,62,3.4193548387096775,212.0,0.0,0.0,3.4193548387096775,212.0
qwen25_15b,531,msc_valid,52,longllmlingua,0.35,62,3.5161290322580645,218.0,0.0,0.0,3.5161290322580645,218.0
qwen25_15b,531,msc_valid,52,recency,0.35,0,0.0,0.0,0.0,0.0,0.0,0.0
qwen25_15b,531,msc_valid,52,lexical_tfidf,0.35,0,0.0,0.0,0.0,0.0,0.0,0.0
qwen25_15b,531,msc_valid,52,recency_keep_compress_drop,0.35,0,0.0,0.0,0.0,0.0,0.0,0.0
qwen25_15b,531,msc_valid,52,uniform,0.5,62,3.5,217.0,0.0,0.0,3.5,217.0
qwen25_15b,531,msc_valid,52,longllmlingua,0.5,62,3.4193548387096775,212.0,0.0,0.0,3.4193548387096775,212.0
qwen25_15b,531,msc_valid,52,recency,0.5,0,0.0,0.0,0.0,0.0,0.0,0.0
qwen25_15b,531,msc_valid,52,lexical_tfidf,0.5,0,0.0,0.0,0.0,0.0,0.0,0.0
qwen25_15b,531,msc_valid,52,recency_keep_compress_drop,0.5,0,0.0,0.0,0.0,0.0,0.0,0.0
qwen25_15b,531,msc_valid,56,uniform,0.2,17,2.3970588235294117,40.75,0.0,0.0,2.3970588235294117,40.75
qwen25_15b,531,msc_valid,56,longllmlingua,0.2,17,2.7205882352941178,46.25,0.0,0.0,2.7205882352941178,46.25
qwen25_15b,531,msc_valid,56,recency,0.2,0,0.0,0.0,0.0,0.0,0.0,0.0
qwen25_15b,531,msc_valid,56,lexical_tfidf,0.2,0,0.0,0.0,0.0,0.0,0.0,0.0
qwen25_15b,531,msc_valid,56,recency_keep_compress_drop,0.2,0,0.0,0.0,0.0,0.0,0.0,0.0
qwen25_15b,531,msc_valid,56,uniform,0.35,17,2.3529411764705883,40.0,0.0,0.0,2.3529411764705883,40.0
qwen25_15b,531,msc_valid,56,longllmlingua,0.35,17,2.75,46.75,0.0,0.0,2.75,46.75
qwen25_15b,531,msc_valid,56,recency,0.35,0,0.0,0.0,0.0,0.0,0.0,0.0
qwen25_15b,531,msc_valid,56,lexical_tfidf,0.35,0,0.0,0.0,0.0,0.0,0.0,0.0
qwen25_15b,531,msc_valid,56,recency_keep_compress_drop,0.35,0,0.0,0.0,0.0,0.0,0.0,0.0
qwen25_15b,531,msc_valid,56,uniform,0.5,17,2.2941176470588234,39.0,0.0,0.0,2.2941176470588234,39.0
qwen25_15b,531,msc_valid,56,longllmlingua,0.5,17,2.6911764705882355,45.75,0.0,0.0,2.6911764705882355,45.75
qwen25_15b,531,msc_valid,56,recency,0.5,0,0.0,0.0,0.0,0.0,0.0,0.0
qwen25_15b,531,msc_valid,56,lexical_tfidf,0.5,0,0.0,0.0,0.0,0.0,0.0,0.0
qwen25_15b,531,msc_valid,56,recency_keep_compress_drop,0.5,0,0.0,0.0,0.0,0.0,0.0,0.0
qwen25_15b,531,msc_valid,60,uniform,0.2,50,2.22,111.0,0.0,0.0,2.22,111.0
qwen25_15b,531,msc_valid,60,longllmlingua,0.2,50,2.36,118.0,0.0,0.0,2.36,118.0
qwen25_15b,531,msc_valid,60,recency,0.2,0,0.0,0.0,0.0,0.0,0.0,0.0
qwen25_15b,531,msc_valid,60,lexical_tfidf,0.2,0,0.0,0.0,0.0,0.0,0.0,0.0
qwen25_15b,531,msc_valid,60,recency_keep_compress_drop,0.2,0,0.0,0.0,0.0,0.0,0.0,0.0
qwen25_15b,531,msc_valid,60,uniform,0.35,50,2.18,109.0,0.0,0.0,2.18,109.0
qwen25_15b,531,msc_valid,60,longllmlingua,0.35,50,2.37,118.5,0.0,0.0,2.37,118.5
qwen25_15b,531,msc_valid,60,recency,0.35,0,0.0,0.0,0.0,0.0,0.0,0.0
qwen25_15b,531,msc_valid,60,lexical_tfidf,0.35,0,0.0,0.0,0.0,0.0,0.0,0.0
qwen25_15b,531,msc_valid,60,recency_keep_compress_drop,0.35,0,0.0,0.0,0.0,0.0,0.0,0.0
qwen25_15b,531,msc_valid,60,uniform,0.5,50,2.16,108.0,0.0,0.0,2.16,108.0
qwen25_15b,531,msc_valid,60,longllmlingua,0.5,50,2.34,117.0,0.0,0.0,2.34,117.0
qwen25_15b,531,msc_valid,60,recency,0.5,0,0.0,0.0,0.0,0.0,0.0,0.0
qwen25_15b,531,msc_valid,60,lexical_tfidf,0.5,0,0.0,0.0,0.0,0.0,0.0,0.0
qwen25_15b,531,msc_valid,60,recency_keep_compress_drop,0.5,0,0.0,0.0,0.0,0.0,0.0,0.0
qwen25_15b,531,msc_valid,64,uniform,0.2,30,2.216666666666667,66.5,0.0,0.0,2.216666666666667,66.5
qwen25_15b,531,msc_valid,64,longllmlingua,0.2,30,2.2333333333333334,67.0,0.0,0.0,2.2333333333333334,67.0
qwen25_15b,531,msc_valid,64,recency,0.2,0,0.0,0.0,0.0,0.0,0.0,0.0
qwen25_15b,531,msc_valid,64,lexical_tfidf,0.2,0,0.0,0.0,0.0,0.0,0.0,0.0
qwen25_15b,531,msc_valid,64,recency_keep_compress_drop,0.2,0,0.0,0.0,0.0,0.0,0.0,0.0
qwen25_15b,531,msc_valid,64,uniform,0.35,30,2.2333333333333334,67.0,0.0,0.0,2.2333333333333334,67.0
qwen25_15b,531,msc_valid,64,longllmlingua,0.35,30,2.1333333333333333,64.0,0.0,0.0,2.1333333333333333,64.0
qwen25_15b,531,msc_valid,64,recency,0.35,0,0.0,0.0,0.0,0.0,0.0,0.0
qwen25_15b,531,msc_valid,64,lexical_tfidf,0.35,0,0.0,0.0,0.0,0.0,0.0,0.0
qwen25_15b,531,msc_valid,64,recency_keep_compress_drop,0.35,0,0.0,0.0,0.0,0.0,0.0,0.0
qwen25_15b,531,msc_valid,64,uniform,0.5,0,0.0,0.0,0.0,0.0,0.0,0.0
qwen25_15b,531,msc_valid,64,longllmlingua,0.5,9,1.7361111111111112,15.625,0.0,0.0,1.7361111111111112,15.625
qwen25_15b,531,msc_valid,64,recency,0.5,0,0.0,0.0,0.0,0.0,0.0,0.0
qwen25_15b,531,msc_valid,64,lexical_tfidf,0.5,0,0.0,0.0,0.0,0.0,0.0,0.0
qwen25_15b,531,msc_valid,64,recency_keep_compress_drop,0.5,0,0.0,0.0,0.0,0.0,0.0,0.0
qwen25_15b,537,msc_valid,4,uniform,0.2,10,5.9,59.0,5.825,58.25,0.07500000000000018,0.75
qwen25_15b,537,msc_valid,4,longllmlingua,0.2,10,5.0,50.0,5.825,58.25,-0.8250000000000002,-8.25
qwen25_15b,537,msc_valid,4,recency,0.2,10,5.9,59.0,5.825,58.25,0.07500000000000018,0.75
qwen25_15b,537,msc_valid,4,lexical_tfidf,0.2,10,5.9,59.0,5.825,58.25,0.07500000000000018,0.75
qwen25_15b,537,msc_valid,4,recency_keep_compress_drop,0.2,10,5.9,59.0,5.825,58.25,0.07500000000000018,0.75
qwen25_15b,537,msc_valid,4,uniform,0.35,10,6.075,60.75,5.825,58.25,0.25,2.5
qwen25_15b,537,msc_valid,4,longllmlingua,0.35,10,4.875,48.75,5.825,58.25,-0.9500000000000002,-9.5
qwen25_15b,537,msc_valid,4,recency,0.35,10,6.075,60.75,5.825,58.25,0.25,2.5
qwen25_15b,537,msc_valid,4,lexical_tfidf,0.35,10,6.075,60.75,5.825,58.25,0.25,2.5
qwen25_15b,537,msc_valid,4,recency_keep_compress_drop,0.35,10,6.075,60.75,5.825,58.25,0.25,2.5
qwen25_15b,537,msc_valid,4,uniform,0.5,10,6.075,60.75,5.825,58.25,0.25,2.5
qwen25_15b,537,msc_valid,4,longllmlingua,0.5,10,4.725,47.25,5.825,58.25,-1.1000000000000005,-11.0
qwen25_15b,537,msc_valid,4,recency,0.5,10,6.075,60.75,5.825,58.25,0.25,2.5
qwen25_15b,537,msc_valid,4,lexical_tfidf,0.5,10,6.075,60.75,5.825,58.25,0.25,2.5
qwen25_15b,537,msc_valid,4,recency_keep_compress_drop,0.5,10,6.075,60.75,5.825,58.25,0.25,2.5
qwen25_15b,537,msc_valid,6,uniform,0.2,13,3.1538461538461537,41.0,2.326923076923077,30.25,0.8269230769230766,10.75
qwen25_15b,537,msc_valid,6,longllmlingua,0.2,13,2.5,32.5,2.326923076923077,30.25,0.1730769230769229,2.25
qwen25_15b,537,msc_valid,6,recency,0.2,13,3.1923076923076925,41.5,2.326923076923077,30.25,0.8653846153846154,11.25
qwen25_15b,537,msc_valid,6,lexical_tfidf,0.2,13,3.1538461538461537,41.0,2.326923076923077,30.25,0.8269230769230766,10.75
qwen25_15b,537,msc_valid,6,recency_keep_compress_drop,0.2,13,3.1923076923076925,41.5,2.326923076923077,30.25,0.8653846153846154,11.25
qwen25_15b,537,msc_valid,6,uniform,0.35,13,2.769230769230769,36.0,2.326923076923077,30.25,0.44230769230769207,5.75
qwen25_15b,537,msc_valid,6,longllmlingua,0.35,13,2.394230769230769,31.125,2.326923076923077,30.25,0.06730769230769207,0.875
qwen25_15b,537,msc_valid,6,recency,0.35,13,2.769230769230769,36.0,2.326923076923077,30.25,0.44230769230769207,5.75
qwen25_15b,537,msc_valid,6,lexical_tfidf,0.35,13,2.980769230769231,38.75,2.326923076923077,30.25,0.6538461538461537,8.5
qwen25_15b,537,msc_valid,6,recency_keep_compress_drop,0.35,13,2.769230769230769,36.0,2.326923076923077,30.25,0.44230769230769207,5.75
qwen25_15b,537,msc_valid,6,uniform,0.5,13,3.25,42.25,2.326923076923077,30.25,0.9230769230769229,12.0
qwen25_15b,537,msc_valid,6,longllmlingua,0.5,13,2.5,32.5,2.326923076923077,30.25,0.1730769230769229,2.25
qwen25_15b,537,msc_valid,6,recency,0.5,13,2.75,35.75,2.326923076923077,30.25,0.4230769230769229,5.5
qwen25_15b,537,msc_valid,6,lexical_tfidf,0.5,13,2.673076923076923,34.75,2.326923076923077,30.25,0.3461538461538458,4.5
qwen25_15b,537,msc_valid,6,recency_keep_compress_drop,0.5,13,2.769230769230769,36.0,2.326923076923077,30.25,0.44230769230769207,5.75
qwen25_15b,537,msc_valid,8,uniform,0.2,12,5.0,60.0,3.125,37.5,1.875,22.5
qwen25_15b,537,msc_valid,8,longllmlingua,0.2,12,3.1458333333333335,37.75,3.125,37.5,0.02083333333333348,0.25
qwen25_15b,537,msc_valid,8,recency,0.2,12,4.583333333333333,55.0,3.125,37.5,1.458333333333333,17.5
qwen25_15b,537,msc_valid,8,lexical_tfidf,0.2,12,4.583333333333333,55.0,3.125,37.5,1.458333333333333,17.5
qwen25_15b,537,msc_valid,8,recency_keep_compress_drop,0.2,12,4.583333333333333,55.0,3.125,37.5,1.458333333333333,17.5
qwen25_15b,537,msc_valid,8,uniform,0.35,12,4.854166666666667,58.25,3.125,37.5,1.729166666666667,20.75
qwen25_15b,537,msc_valid,8,longllmlingua,0.35,12,3.3333333333333335,40.0,3.125,37.5,0.20833333333333348,2.5
qwen25_15b,537,msc_valid,8,recency,0.35,12,3.8125,45.75,3.125,37.5,0.6875,8.25
qwen25_15b,537,msc_valid,8,lexical_tfidf,0.35,12,3.9166666666666665,47.0,3.125,37.5,0.7916666666666665,9.5
qwen25_15b,537,msc_valid,8,recency_keep_compress_drop,0.35,12,3.9166666666666665,47.0,3.125,37.5,0.7916666666666665,9.5
qwen25_15b,537,msc_valid,8,uniform,0.5,12,4.4375,53.25,3.125,37.5,1.3125,15.75
qwen25_15b,537,msc_valid,8,longllmlingua,0.5,12,3.375,40.5,3.125,37.5,0.25,3.0
qwen25_15b,537,msc_valid,8,recency,0.5,12,3.4791666666666665,41.75,3.125,37.5,0.3541666666666665,4.25
qwen25_15b,537,msc_valid,8,lexical_tfidf,0.5,12,3.4791666666666665,41.75,3.125,37.5,0.3541666666666665,4.25
qwen25_15b,537,msc_valid,8,recency_keep_compress_drop,0.5,12,3.4791666666666665,41.75,3.125,37.5,0.3541666666666665,4.25
qwen25_15b,537,msc_valid,10,uniform,0.2,7,6.821428571428571,47.75,5.321428571428571,37.25,1.5,10.5
qwen25_15b,537,msc_valid,10,longllmlingua,0.2,7,6.785714285714286,47.5,5.321428571428571,37.25,1.4642857142857144,10.25
qwen25_15b,537,msc_valid,10,recency,0.2,7,7.714285714285714,54.0,5.321428571428571,37.25,2.3928571428571432,16.75
qwen25_15b,537,msc_valid,10,lexical_tfidf,0.2,7,6.642857142857143,46.5,5.321428571428571,37.25,1.321428571428572,9.25
qwen25_15b,537,msc_valid,10,recency_keep_compress_drop,0.2,7,6.464285714285714,45.25,5.321428571428571,37.25,1.1428571428571432,8.0
qwen25_15b,537,msc_valid,10,uniform,0.35,7,7.678571428571429,53.75,5.321428571428571,37.25,2.3571428571428577,16.5
qwen25_15b,537,msc_valid,10,longllmlingua,0.35,7,6.535714285714286,45.75,5.321428571428571,37.25,1.2142857142857144,8.5
qwen25_15b,537,msc_valid,10,recency,0.35,7,7.321428571428571,51.25,5.321428571428571,37.25,2.0,14.0
qwen25_15b,537,msc_valid,10,lexical_tfidf,0.35,7,6.857142857142857,48.0,5.321428571428571,37.25,1.5357142857142856,10.75
qwen25_15b,537,msc_valid,10,recency_keep_compress_drop,0.35,7,6.5,45.5,5.321428571428571,37.25,1.1785714285714288,8.25
qwen25_15b,537,msc_valid,10,uniform,0.5,7,6.785714285714286,47.5,5.321428571428571,37.25,1.4642857142857144,10.25
qwen25_15b,537,msc_valid,10,longllmlingua,0.5,7,6.25,43.75,5.321428571428571,37.25,0.9285714285714288,6.5
qwen25_15b,537,msc_valid,10,recency,0.5,7,7.0,49.0,5.321428571428571,37.25,1.6785714285714288,11.75
qwen25_15b,537,msc_valid,10,lexical_tfidf,0.5,7,7.035714285714286,49.25,5.321428571428571,37.25,1.7142857142857144,12.0
qwen25_15b,537,msc_valid,10,recency_keep_compress_drop,0.5,7,5.964285714285714,41.75,5.321428571428571,37.25,0.6428571428571432,4.5
qwen25_15b,537,msc_valid,12,uniform,0.2,12,3.5208333333333335,42.25,2.2916666666666665,27.5,1.229166666666667,14.75
qwen25_15b,537,msc_valid,12,longllmlingua,0.2,12,3.0833333333333335,37.0,2.2916666666666665,27.5,0.791666666666667,9.5
qwen25_15b,537,msc_valid,12,recency,0.2,12,3.2708333333333335,39.25,2.2916666666666665,27.5,0.979166666666667,11.75
qwen25_15b,537,msc_valid,12,lexical_tfidf,0.2,12,3.3125,39.75,2.2916666666666665,27.5,1.0208333333333335,12.25
qwen25_15b,537,msc_valid,12,recency_keep_compress_drop,0.2,12,3.0,36.0,2.2916666666666665,27.5,0.7083333333333335,8.5
qwen25_15b,537,msc_valid,12,uniform,0.35,12,3.1666666666666665,38.0,2.2916666666666665,27.5,0.875,10.5
qwen25_15b,537,msc_valid,12,longllmlingua,0.35,12,3.0416666666666665,36.5,2.2916666666666665,27.5,0.75,9.0
qwen25_15b,537,msc_valid,12,recency,0.35,12,3.0416666666666665,36.5,2.2916666666666665,27.5,0.75,9.0
qwen25_15b,537,msc_valid,12,lexical_tfidf,0.35,12,3.0208333333333335,36.25,2.2916666666666665,27.5,0.729166666666667,8.75
qwen25_15b,537,msc_valid,12,recency_keep_compress_drop,0.35,12,2.9583333333333335,35.5,2.2916666666666665,27.5,0.666666666666667,8.0
qwen25_15b,537,msc_valid,12,uniform,0.5,12,3.0208333333333335,36.25,2.2916666666666665,27.5,0.729166666666667,8.75
qwen25_15b,537,msc_valid,12,longllmlingua,0.5,12,3.0625,36.75,2.2916666666666665,27.5,0.7708333333333335,9.25
qwen25_15b,537,msc_valid,12,recency,0.5,12,2.9166666666666665,35.0,2.2916666666666665,27.5,0.625,7.5
qwen25_15b,537,msc_valid,12,lexical_tfidf,0.5,12,2.9375,35.25,2.2916666666666665,27.5,0.6458333333333335,7.75
qwen25_15b,537,msc_valid,12,recency_keep_compress_drop,0.5,12,2.9166666666666665,35.0,2.2916666666666665,27.5,0.625,7.5
qwen25_15b,537,msc_valid,14,uniform,0.2,13,4.115384615384615,53.5,3.673076923076923,47.75,0.44230769230769207,5.75
qwen25_15b,537,msc_valid,14,longllmlingua,0.2,13,2.923076923076923,38.0,3.673076923076923,47.75,-0.75,-9.75
qwen25_15b,537,msc_valid,14,recency,0.2,13,3.9615384615384617,51.5,3.673076923076923,47.75,0.28846153846153877,3.75
qwen25_15b,537,msc_valid,14,lexical_tfidf,0.2,13,3.9038461538461537,50.75,3.673076923076923,47.75,0.23076923076923084,3.0
qwen25_15b,537,msc_valid,14,recency_keep_compress_drop,0.2,13,4.019230769230769,52.25,3.673076923076923,47.75,0.34615384615384626,4.5
qwen25_15b,537,msc_valid,14,uniform,0.35,13,4.0576923076923075,52.75,3.673076923076923,47.75,0.3846153846153846,5.0
qwen25_15b,537,msc_valid,14,longllmlingua,0.35,13,3.1346153846153846,40.75,3.673076923076923,47.75,-0.5384615384615383,-7.0
qwen25_15b,537,msc_valid,14,recency,0.35,13,3.769230769230769,49.0,3.673076923076923,47.75,0.09615384615384626,1.25
qwen25_15b,537,msc_valid,14,lexical_tfidf,0.35,13,3.7115384615384617,48.25,3.673076923076923,47.75,0.03846153846153877,0.5
qwen25_15b,537,msc_valid,14,recency_keep_compress_drop,0.35,13,3.9423076923076925,51.25,3.673076923076923,47.75,0.2692307692307696,3.5
qwen25_15b,537,msc_valid,14,uniform,0.5,13,4.0,52.0,3.673076923076923,47.75,0.3269230769230771,4.25
qwen25_15b,537,msc_valid,14,longllmlingua,0.5,13,3.2884615384615383,42.75,3.673076923076923,47.75,-0.3846153846153846,-5.0
qwen25_15b,537,msc_valid,14,recency,0.5,13,3.730769230769231,48.5,3.673076923076923,47.75,0.05769230769230793,0.75
qwen25_15b,537,msc_valid,14,lexical_tfidf,0.5,13,3.5961538461538463,46.75,3.673076923076923,47.75,-0.07692307692307665,-1.0
qwen25_15b,537,msc_valid,14,recency_keep_compress_drop,0.5,13,3.8076923076923075,49.5,3.673076923076923,47.75,0.13461538461538458,1.75
qwen25_15b,557,msc_valid,4,uniform,0.2,18,3.1944444444444446,57.5,2.7916666666666665,50.25,0.4027777777777781,7.25
qwen25_15b,557,msc_valid,4,longllmlingua,0.2,18,3.1805555555555554,57.25,2.7916666666666665,50.25,0.38888888888888884,7.0
qwen25_15b,557,msc_valid,4,recency,0.2,18,3.1944444444444446,57.5,2.7916666666666665,50.25,0.4027777777777781,7.25
qwen25_15b,557,msc_valid,4,lexical_tfidf,0.2,18,3.1944444444444446,57.5,2.7916666666666665,50.25,0.4027777777777781,7.25
qwen25_15b,557,msc_valid,4,recency_keep_compress_drop,0.2,18,3.1944444444444446,57.5,2.7916666666666665,50.25,0.4027777777777781,7.25
qwen25_15b,557,msc_valid,4,uniform,0.35,18,3.1944444444444446,57.5,2.7916666666666665,50.25,0.4027777777777781,7.25
qwen25_15b,557,msc_valid,4,longllmlingua,0.35,18,3.1805555555555554,57.25,2.7916666666666665,50.25,0.38888888888888884,7.0
qwen25_15b,557,msc_valid,4,recency,0.35,18,3.1944444444444446,57.5,2.7916666666666665,50.25,0.4027777777777781,7.25
qwen25_15b,557,msc_valid,4,lexical_tfidf,0.35,18,3.1944444444444446,57.5,2.7916666666666665,50.25,0.4027777777777781,7.25
qwen25_15b,557,msc_valid,4,recency_keep_compress_drop,0.35,18,3.1944444444444446,57.5,2.7916666666666665,50.25,0.4027777777777781,7.25
qwen25_15b,557,msc_valid,4,uniform,0.5,18,2.9722222222222223,53.5,2.7916666666666665,50.25,0.1805555555555558,3.25
qwen25_15b,557,msc_valid,4,longllmlingua,0.5,18,3.1666666666666665,57.0,2.7916666666666665,50.25,0.375,6.75
qwen25_15b,557,msc_valid,4,recency,0.5,18,2.9722222222222223,53.5,2.7916666666666665,50.25,0.1805555555555558,3.25
qwen25_15b,557,msc_valid,4,lexical_tfidf,0.5,18,2.9722222222222223,53.5,2.7916666666666665,50.25,0.1805555555555558,3.25
qwen25_15b,557,msc_valid,4,recency_keep_compress_drop,0.5,18,2.9722222222222223,53.5,2.7916666666666665,50.25,0.1805555555555558,3.25
qwen25_15b,557,msc_valid,8,uniform,0.2,15,3.0166666666666666,45.25,2.6333333333333333,39.5,0.3833333333333333,5.75
qwen25_15b,557,msc_valid,8,longllmlingua,0.2,15,2.9,43.5,2.6333333333333333,39.5,0.2666666666666666,4.0
qwen25_15b,557,msc_valid,8,recency,0.2,15,2.85,42.75,2.6333333333333333,39.5,0.21666666666666679,3.25
qwen25_15b,557,msc_valid,8,lexical_tfidf,0.2,15,3.033333333333333,45.5,2.6333333333333333,39.5,0.3999999999999999,6.0
qwen25_15b,557,msc_valid,8,recency_keep_compress_drop,0.2,15,2.85,42.75,2.6333333333333333,39.5,0.21666666666666679,3.25
qwen25_15b,557,msc_valid,8,uniform,0.35,15,3.1,46.5,2.6333333333333333,39.5,0.4666666666666668,7.0
qwen25_15b,557,msc_valid,8,longllmlingua,0.35,15,2.8666666666666667,43.0,2.6333333333333333,39.5,0.2333333333333334,3.5
qwen25_15b,557,msc_valid,8,recency,0.35,15,2.65,39.75,2.6333333333333333,39.5,0.016666666666666607,0.25
qwen25_15b,557,msc_valid,8,lexical_tfidf,0.35,15,2.8666666666666667,43.0,2.6333333333333333,39.5,0.2333333333333334,3.5
qwen25_15b,557,msc_valid,8,recency_keep_compress_drop,0.35,15,2.7666666666666666,41.5,2.6333333333333333,39.5,0.1333333333333333,2.0
qwen25_15b,557,msc_valid,8,uniform,0.5,15,3.0833333333333335,46.25,2.6333333333333333,39.5,0.4500000000000002,6.75
qwen25_15b,557,msc_valid,8,longllmlingua,0.5,15,2.716666666666667,40.75,2.6333333333333333,39.5,0.08333333333333348,1.25
qwen25_15b,557,msc_valid,8,recency,0.5,15,2.716666666666667,40.75,2.6333333333333333,39.5,0.08333333333333348,1.25
qwen25_15b,557,msc_valid,8,lexical_tfidf,0.5,15,2.7666666666666666,41.5,2.6333333333333333,39.5,0.1333333333333333,2.0
qwen25_15b,557,msc_valid,8,recency_keep_compress_drop,0.5,15,2.6666666666666665,40.0,2.6333333333333333,39.5,0.033333333333333215,0.5
qwen25_15b,557,msc_valid,12,uniform,0.2,19,4.447368421052632,84.5,3.6842105263157894,70.0,0.7631578947368425,14.5
qwen25_15b,557,msc_valid,12,longllmlingua,0.2,19,3.763157894736842,71.5,3.6842105263157894,70.0,0.07894736842105265,1.5
qwen25_15b,557,msc_valid,12,recency,0.2,19,4.368421052631579,83.0,3.6842105263157894,70.0,0.6842105263157894,13.0
qwen25_15b,557,msc_valid,12,lexical_tfidf,0.2,19,4.2631578947368425,81.0,3.6842105263157894,70.0,0.5789473684210531,11.0
qwen25_15b,557,msc_valid,12,recency_keep_compress_drop,0.2,19,4.2631578947368425,81.0,3.6842105263157894,70.0,0.5789473684210531,11.0
qwen25_15b,557,msc_valid,12,uniform,0.35,19,4.2894736842105265,81.5,3.6842105263157894,70.0,0.6052631578947372,11.5
qwen25_15b,557,msc_valid,12,longllmlingua,0.35,19,3.763157894736842,71.5,3.6842105263157894,70.0,0.07894736842105265,1.5
qwen25_15b,557,msc_valid,12,recency,0.35,19,4.078947368421052,77.5,3.6842105263157894,70.0,0.39473684210526283,7.5
qwen25_15b,557,msc_valid,12,lexical_tfidf,0.35,19,4.157894736842105,79.0,3.6842105263157894,70.0,0.47368421052631593,9.0
qwen25_15b,557,msc_valid,12,recency_keep_compress_drop,0.35,19,4.157894736842105,79.0,3.6842105263157894,70.0,0.47368421052631593,9.0
qwen25_15b,557,msc_valid,12,uniform,0.5,19,4.052631578947368,77.0,3.6842105263157894,70.0,0.36842105263157876,7.0
qwen25_15b,557,msc_valid,12,longllmlingua,0.5,19,3.710526315789474,70.5,3.6842105263157894,70.0,0.026315789473684514,0.5
qwen25_15b,557,msc_valid,12,recency,0.5,19,3.973684210526316,75.5,3.6842105263157894,70.0,0.28947368421052655,5.5
qwen25_15b,557,msc_valid,12,lexical_tfidf,0.5,19,3.9473684210526314,75.0,3.6842105263157894,70.0,0.26315789473684204,5.0
qwen25_15b,557,msc_valid,12,recency_keep_compress_drop,0.5,19,3.8684210526315788,73.5,3.6842105263157894,70.0,0.18421052631578938,3.5
qwen25_15b,557,msc_valid,16,uniform,0.2,25,2.54,63.5,2.19,54.75,0.3500000000000001,8.75
qwen25_15b,557,msc_valid,16,longllmlingua,0.2,25,2.72,68.0,2.19,54.75,0.5300000000000002,13.25
qwen25_15b,557,msc_valid,16,recency,0.2,25,2.72,68.0,2.19,54.75,0.5300000000000002,13.25
qwen25_15b,557,msc_valid,16,lexical_tfidf,0.2,25,2.84,71.0,2.19,54.75,0.6499999999999999,16.25
qwen25_15b,557,msc_valid,16,recency_keep_compress_drop,0.2,25,2.88,72.0,2.19,54.75,0.69,17.25
qwen25_15b,557,msc_valid,16,uniform,0.35,25,2.49,62.25,2.19,54.75,0.30000000000000027,7.5
qwen25_15b,557,msc_valid,16,longllmlingua,0.35,25,2.52,63.0,2.19,54.75,0.33000000000000007,8.25
qwen25_15b,557,msc_valid,16,recency,0.35,25,2.66,66.5,2.19,54.75,0.4700000000000002,11.75
qwen25_15b,557,msc_valid,16,lexical_tfidf,0.35,25,2.78,69.5,2.19,54.75,0.5899999999999999,14.75
qwen25_15b,557,msc_valid,16,recency_keep_compress_drop,0.35,25,2.7,67.5,2.19,54.75,0.5100000000000002,12.75
qwen25_15b,557,msc_valid,16,uniform,0.5,25,2.37,59.25,2.19,54.75,0.18000000000000016,4.5
qwen25_15b,557,msc_valid,16,longllmlingua,0.5,25,2.66,66.5,2.19,54.75,0.4700000000000002,11.75
qwen25_15b,557,msc_valid,16,recency,0.5,25,2.58,64.5,2.19,54.75,0.3900000000000001,9.75
qwen25_15b,557,msc_valid,16,lexical_tfidf,0.5,25,2.62,65.5,2.19,54.75,0.43000000000000016,10.75
qwen25_15b,557,msc_valid,16,recency_keep_compress_drop,0.5,25,2.5,62.5,2.19,54.75,0.31000000000000005,7.75
qwen25_15b,557,msc_valid,18,uniform,0.2,29,2.5344827586206895,73.5,2.5517241379310347,74.0,-0.017241379310345195,-0.5
qwen25_15b,557,msc_valid,18,longllmlingua,0.2,29,2.586206896551724,75.0,2.5517241379310347,74.0,0.0344827586206895,1.0
qwen25_15b,557,msc_valid,18,recency,0.2,29,2.689655172413793,78.0,2.5517241379310347,74.0,0.13793103448275845,4.0
qwen25_15b,557,msc_valid,18,lexical_tfidf,0.2,29,2.6551724137931036,77.0,2.5517241379310347,74.0,0.10344827586206895,3.0
qwen25_15b,557,msc_valid,18,recency_keep_compress_drop,0.2,29,2.7241379310344827,79.0,2.5517241379310347,74.0,0.17241379310344795,5.0
qwen25_15b,557,msc_valid,18,uniform,0.35,29,2.5517241379310347,74.0,2.5517241379310347,74.0,0.0,0.0
qwen25_15b,557,msc_valid,18,longllmlingua,0.35,29,2.603448275862069,75.5,2.5517241379310347,74.0,0.05172413793103425,1.5
qwen25_15b,557,msc_valid,18,recency,0.35,29,2.6379310344827585,76.5,2.5517241379310347,74.0,0.08620689655172376,2.5
qwen25_15b,557,msc_valid,18,lexical_tfidf,0.35,29,2.6724137931034484,77.5,2.5517241379310347,74.0,0.1206896551724137,3.5
qwen25_15b,557,msc_valid,18,recency_keep_compress_drop,0.35,29,2.6206896551724137,76.0,2.5517241379310347,74.0,0.068965517241379,2.0
qwen25_15b,557,msc_valid,18,uniform,0.5,29,2.5344827586206895,73.5,2.5517241379310347,74.0,-0.017241379310345195,-0.5
qwen25_15b,557,msc_valid,18,longllmlingua,0.5,29,2.5344827586206895,73.5,2.5517241379310347,74.0,-0.017241379310345195,-0.5
qwen25_15b,557,msc_valid,18,recency,0.5,29,2.6379310344827585,76.5,2.5517241379310347,74.0,0.08620689655172376,2.5
qwen25_15b,557,msc_valid,18,lexical_tfidf,0.5,29,2.6551724137931036,77.0,2.5517241379310347,74.0,0.10344827586206895,3.0
qwen25_15b,557,msc_valid,18,recency_keep_compress_drop,0.5,29,2.6551724137931036,77.0,2.5517241379310347,74.0,0.10344827586206895,3.0
qwen25_15b,557,msc_valid,22,uniform,0.2,41,2.792682926829268,114.5,2.7439024390243905,112.5,0.04878048780487765,2.0
qwen25_15b,557,msc_valid,22,longllmlingua,0.2,41,2.7804878048780486,114.0,2.7439024390243905,112.5,0.036585365853658125,1.5
qwen25_15b,557,msc_valid,22,recency,0.2,41,3.0853658536585367,126.5,2.7439024390243905,112.5,0.3414634146341462,14.0
qwen25_15b,557,msc_valid,22,lexical_tfidf,0.2,41,2.9390243902439024,120.5,2.7439024390243905,112.5,0.19512195121951192,8.0
qwen25_15b,557,msc_valid,22,recency_keep_compress_drop,0.2,41,2.8292682926829267,116.0,2.7439024390243905,112.5,0.08536585365853622,3.5
qwen25_15b,557,msc_valid,22,uniform,0.35,41,2.7195121951219514,111.5,2.7439024390243905,112.5,-0.024390243902439046,-1.0
qwen25_15b,557,msc_valid,22,longllmlingua,0.35,41,2.817073170731707,115.5,2.7439024390243905,112.5,0.0731707317073167,3.0
qwen25_15b,557,msc_valid,22,recency,0.35,41,2.8902439024390243,118.5,2.7439024390243905,112.5,0.14634146341463383,6.0
qwen25_15b,557,msc_valid,22,lexical_tfidf,0.35,41,2.8902439024390243,118.5,2.7439024390243905,112.5,0.14634146341463383,6.0
qwen25_15b,557,msc_valid,22,recency_keep_compress_drop,0.35,41,2.8902439024390243,118.5,2.7439024390243905,112.5,0.14634146341463383,6.0
qwen25_15b,557,msc_valid,22,uniform,0.5,41,2.707317073170732,111.0,2.7439024390243905,112.5,-0.03658536585365857,-1.5
qwen25_15b,557,msc_valid,22,longllmlingua,0.5,41,2.8536585365853657,117.0,2.7439024390243905,112.5,0.10975609756097526,4.5
qwen25_15b,557,msc_valid,22,recency,0.5,41,2.8658536585365852,117.5,2.7439024390243905,112.5,0.12195121951219479,5.0
qwen25_15b,557,msc_valid,22,lexical_tfidf,0.5,41,2.817073170731707,115.5,2.7439024390243905,112.5,0.0731707317073167,3.0
qwen25_15b,557,msc_valid,22,recency_keep_compress_drop,0.5,41,2.792682926829268,114.5,2.7439024390243905,112.5,0.04878048780487765,2.0
qwen25_15b,557,msc_valid,26,uniform,0.2,26,1.7211538461538463,44.75,1.6538461538461537,43.0,0.06730769230769251,1.75
qwen25_15b,557,msc_valid,26,longllmlingua,0.2,26,1.6730769230769231,43.5,1.6538461538461537,43.0,0.019230769230769384,0.5
qwen25_15b,557,msc_valid,26,recency,0.2,26,1.8076923076923077,47.0,1.6538461538461537,43.0,0.15384615384615397,4.0
qwen25_15b,557,msc_valid,26,lexical_tfidf,0.2,26,1.625,42.25,1.6538461538461537,43.0,-0.028846153846153744,-0.75
qwen25_15b,557,msc_valid,26,recency_keep_compress_drop,0.2,26,1.5769230769230769,41.0,1.6538461538461537,43.0,-0.07692307692307687,-2.0
qwen25_15b,557,msc_valid,26,uniform,0.35,26,1.6346153846153846,42.5,1.6538461538461537,43.0,-0.019230769230769162,-0.5
qwen25_15b,557,msc_valid,26,longllmlingua,0.35,26,1.7115384615384615,44.5,1.6538461538461537,43.0,0.05769230769230771,1.5
qwen25_15b,557,msc_valid,26,recency,0.35,26,1.7211538461538463,44.75,1.6538461538461537,43.0,0.06730769230769251,1.75
qwen25_15b,557,msc_valid,26,lexical_tfidf,0.35,26,1.5384615384615385,40.0,1.6538461538461537,43.0,-0.1153846153846152,-3.0
qwen25_15b,557,msc_valid,26,recency_keep_compress_drop,0.35,26,1.6442307692307692,42.75,1.6538461538461537,43.0,-0.009615384615384581,-0.25
qwen25_15b,557,msc_valid,26,uniform,0.5,26,1.6538461538461537,43.0,1.6538461538461537,43.0,0.0,0.0
qwen25_15b,557,msc_valid,26,longllmlingua,0.5,26,1.6153846153846154,42.0,1.6538461538461537,43.0,-0.038461538461538325,-1.0
qwen25_15b,557,msc_valid,26,recency,0.5,26,1.6538461538461537,43.0,1.6538461538461537,43.0,0.0,0.0
qwen25_15b,557,msc_valid,26,lexical_tfidf,0.5,26,1.6442307692307692,42.75,1.6538461538461537,43.0,-0.009615384615384581,-0.25
qwen25_15b,557,msc_valid,26,recency_keep_compress_drop,0.5,26,1.6730769230769231,43.5,1.6538461538461537,43.0,0.019230769230769384,0.5
qwen25_15b,557,msc_valid,30,uniform,0.2,40,2.3625,94.5,2.1625,86.5,0.19999999999999973,8.0
qwen25_15b,557,msc_valid,30,longllmlingua,0.2,40,2.35,94.0,2.1625,86.5,0.1875,7.5
qwen25_15b,557,msc_valid,30,recency,0.2,40,2.45,98.0,2.1625,86.5,0.2875000000000001,11.5
qwen25_15b,557,msc_valid,30,lexical_tfidf,0.2,40,2.5,100.0,2.1625,86.5,0.3374999999999999,13.5
qwen25_15b,557,msc_valid,30,recency_keep_compress_drop,0.2,40,2.3625,94.5,2.1625,86.5,0.19999999999999973,8.0
qwen25_15b,557,msc_valid,30,uniform,0.35,40,2.3375,93.5,2.1625,86.5,0.17499999999999982,7.0
qwen25_15b,557,msc_valid,30,longllmlingua,0.35,40,2.45,98.0,2.1625,86.5,0.2875000000000001,11.5
qwen25_15b,557,msc_valid,30,recency,0.35,40,2.5,100.0,2.1625,86.5,0.3374999999999999,13.5
qwen25_15b,557,msc_valid,30,lexical_tfidf,0.35,40,2.35,94.0,2.1625,86.5,0.1875,7.5
qwen25_15b,557,msc_valid,30,recency_keep_compress_drop,0.35,40,2.2375,89.5,2.1625,86.5,0.07499999999999973,3.0
qwen25_15b,557,msc_valid,30,uniform,0.5,40,2.3875,95.5,2.1625,86.5,0.2250000000000001,9.0
qwen25_15b,557,msc_valid,30,longllmlingua,0.5,40,2.3875,95.5,2.1625,86.5,0.2250000000000001,9.0
qwen25_15b,557,msc_valid,30,recency,0.5,40,2.3625,94.5,2.1625,86.5,0.19999999999999973,8.0
qwen25_15b,557,msc_valid,30,lexical_tfidf,0.5,40,2.275,91.0,2.1625,86.5,0.11249999999999982,4.5
qwen25_15b,557,msc_valid,30,recency_keep_compress_drop,0.5,40,2.2375,89.5,2.1625,86.5,0.07499999999999973,3.0
qwen25_15b,557,msc_valid,34,uniform,0.2,19,2.3684210526315788,45.0,2.223684210526316,42.25,0.14473684210526283,2.75
qwen25_15b,557,msc_valid,34,longllmlingua,0.2,19,2.3421052631578947,44.5,2.223684210526316,42.25,0.11842105263157876,2.25
qwen25_15b,557,msc_valid,34,recency,0.2,19,2.1973684210526314,41.75,2.223684210526316,42.25,-0.026315789473684514,-0.5
qwen25_15b,557,msc_valid,34,lexical_tfidf,0.2,19,2.223684210526316,42.25,2.223684210526316,42.25,0.0,0.0
qwen25_15b,557,msc_valid,34,recency_keep_compress_drop,0.2,19,2.276315789473684,43.25,2.223684210526316,42.25,0.05263157894736814,1.0
qwen25_15b,557,msc_valid,34,uniform,0.35,19,2.276315789473684,43.25,2.223684210526316,42.25,0.05263157894736814,1.0
qwen25_15b,557,msc_valid,34,longllmlingua,0.35,19,2.4473684210526314,46.5,2.223684210526316,42.25,0.22368421052631549,4.25
qwen25_15b,557,msc_valid,34,recency,0.35,19,2.263157894736842,43.0,2.223684210526316,42.25,0.039473684210526105,0.75
qwen25_15b,557,msc_valid,34,lexical_tfidf,0.35,19,2.236842105263158,42.5,2.223684210526316,42.25,0.013157894736842035,0.25
qwen25_15b,557,msc_valid,34,recency_keep_compress_drop,0.35,19,2.3026315789473686,43.75,2.223684210526316,42.25,0.07894736842105265,1.5
qwen25_15b,557,msc_valid,34,uniform,0.5,19,2.276315789473684,43.25,2.223684210526316,42.25,0.05263157894736814,1.0
qwen25_15b,557,msc_valid,34,longllmlingua,0.5,19,2.3289473684210527,44.25,2.223684210526316,42.25,0.10526315789473673,2.0
qwen25_15b,557,msc_valid,34,recency,0.5,19,2.263157894736842,43.0,2.223684210526316,42.25,0.039473684210526105,0.75
qwen25_15b,557,msc_valid,34,lexical_tfidf,0.5,19,2.3026315789473686,43.75,2.223684210526316,42.25,0.07894736842105265,1.5
qwen25_15b,557,msc_valid,34,recency_keep_compress_drop,0.5,19,2.210526315789474,42.0,2.223684210526316,42.25,-0.013157894736842035,-0.25
qwen25_15b,557,msc_valid,38,uniform,0.2,18,3.1527777777777777,56.75,3.3055555555555554,59.5,-0.15277777777777768,-2.75
qwen25_15b,557,msc_valid,38,longllmlingua,0.2,18,3.5833333333333335,64.5,3.3055555555555554,59.5,0.2777777777777781,5.0
qwen25_15b,557,msc_valid,38,recency,0.2,18,3.2083333333333335,57.75,3.3055555555555554,59.5,-0.09722222222222188,-1.75
qwen25_15b,557,msc_valid,38,lexical_tfidf,0.2,18,3.3333333333333335,60.0,3.3055555555555554,59.5,0.027777777777778123,0.5
qwen25_15b,557,msc_valid,38,recency_keep_compress_drop,0.2,18,3.0,54.0,3.3055555555555554,59.5,-0.30555555555555536,-5.5
qwen25_15b,557,msc_valid,38,uniform,0.35,18,3.1527777777777777,56.75,3.3055555555555554,59.5,-0.15277777777777768,-2.75
qwen25_15b,557,msc_valid,38,longllmlingua,0.35,18,3.5277777777777777,63.5,3.3055555555555554,59.5,0.22222222222222232,4.0
qwen25_15b,557,msc_valid,38,recency,0.35,18,2.986111111111111,53.75,3.3055555555555554,59.5,-0.3194444444444442,-5.75
qwen25_15b,557,msc_valid,38,lexical_tfidf,0.35,18,3.263888888888889,58.75,3.3055555555555554,59.5,-0.04166666666666652,-0.75
qwen25_15b,557,msc_valid,38,recency_keep_compress_drop,0.35,18,3.0555555555555554,55.0,3.3055555555555554,59.5,-0.25,-4.5
qwen25_15b,557,msc_valid,38,uniform,0.5,18,3.3194444444444446,59.75,3.3055555555555554,59.5,0.013888888888889284,0.25
qwen25_15b,557,msc_valid,38,longllmlingua,0.5,18,3.4166666666666665,61.5,3.3055555555555554,59.5,0.11111111111111116,2.0
qwen25_15b,557,msc_valid,38,recency,0.5,18,3.1805555555555554,57.25,3.3055555555555554,59.5,-0.125,-2.25
qwen25_15b,557,msc_valid,38,lexical_tfidf,0.5,18,3.1666666666666665,57.0,3.3055555555555554,59.5,-0.13888888888888884,-2.5
qwen25_15b,557,msc_valid,38,recency_keep_compress_drop,0.5,18,3.2083333333333335,57.75,3.3055555555555554,59.5,-0.09722222222222188,-1.75
qwen25_15b,557,msc_valid,42,uniform,0.2,44,2.3863636363636362,105.0,0.0,0.0,2.3863636363636362,105.0
qwen25_15b,557,msc_valid,42,longllmlingua,0.2,44,2.3068181818181817,101.5,0.0,0.0,2.3068181818181817,101.5
qwen25_15b,557,msc_valid,42,recency,0.2,44,2.375,104.5,0.0,0.0,2.375,104.5
qwen25_15b,557,msc_valid,42,lexical_tfidf,0.2,44,2.352272727272727,103.5,0.0,0.0,2.352272727272727,103.5
qwen25_15b,557,msc_valid,42,recency_keep_compress_drop,0.2,44,2.3181818181818183,102.0,0.0,0.0,2.3181818181818183,102.0
qwen25_15b,557,msc_valid,42,uniform,0.35,44,2.4204545454545454,106.5,0.0,0.0,2.4204545454545454,106.5
qwen25_15b,557,msc_valid,42,longllmlingua,0.35,44,2.2613636363636362,99.5,0.0,0.0,2.2613636363636362,99.5
qwen25_15b,557,msc_valid,42,recency,0.35,44,2.352272727272727,103.5,0.0,0.0,2.352272727272727,103.5
qwen25_15b,557,msc_valid,42,lexical_tfidf,0.35,44,2.352272727272727,103.5,0.0,0.0,2.352272727272727,103.5
qwen25_15b,557,msc_valid,42,recency_keep_compress_drop,0.35,44,2.3295454545454546,102.5,0.0,0.0,2.3295454545454546,102.5
qwen25_15b,557,msc_valid,42,uniform,0.5,44,2.4204545454545454,106.5,0.0,0.0,2.4204545454545454,106.5
qwen25_15b,557,msc_valid,42,longllmlingua,0.5,44,2.284090909090909,100.5,0.0,0.0,2.284090909090909,100.5
qwen25_15b,557,msc_valid,42,recency,0.5,44,2.340909090909091,103.0,0.0,0.0,2.340909090909091,103.0
qwen25_15b,557,msc_valid,42,lexical_tfidf,0.5,44,2.3863636363636362,105.0,0.0,0.0,2.3863636363636362,105.0
qwen25_15b,557,msc_valid,42,recency_keep_compress_drop,0.5,44,2.272727272727273,100.0,0.0,0.0,2.272727272727273,100.0
qwen25_15b,557,msc_valid,46,uniform,0.2,22,2.409090909090909,53.0,0.0,0.0,2.409090909090909,53.0
qwen25_15b,557,msc_valid,46,longllmlingua,0.2,22,2.6704545454545454,58.75,0.0,0.0,2.6704545454545454,58.75
qwen25_15b,557,msc_valid,46,recency,0.2,22,2.465909090909091,54.25,0.0,0.0,2.465909090909091,54.25
qwen25_15b,557,msc_valid,46,lexical_tfidf,0.2,22,2.5,55.0,0.0,0.0,2.5,55.0
qwen25_15b,557,msc_valid,46,recency_keep_compress_drop,0.2,22,2.522727272727273,55.5,0.0,0.0,2.522727272727273,55.5
qwen25_15b,557,msc_valid,46,uniform,0.35,22,2.397727272727273,52.75,0.0,0.0,2.397727272727273,52.75
qwen25_15b,557,msc_valid,46,longllmlingua,0.35,22,2.6818181818181817,59.0,0.0,0.0,2.6818181818181817,59.0
qwen25_15b,557,msc_valid,46,recency,0.35,22,2.4545454545454546,54.0,0.0,0.0,2.4545454545454546,54.0
qwen25_15b,557,msc_valid,46,lexical_tfidf,0.35,22,2.465909090909091,54.25,0.0,0.0,2.465909090909091,54.25
qwen25_15b,557,msc_valid,46,recency_keep_compress_drop,0.35,22,2.4545454545454546,54.0,0.0,0.0,2.4545454545454546,54.0
qwen25_15b,557,msc_valid,46,uniform,0.5,22,2.477272727272727,54.5,0.0,0.0,2.477272727272727,54.5
qwen25_15b,557,msc_valid,46,longllmlingua,0.5,22,2.6931818181818183,59.25,0.0,0.0,2.6931818181818183,59.25
qwen25_15b,557,msc_valid,46,recency,0.5,22,2.4545454545454546,54.0,0.0,0.0,2.4545454545454546,54.0
qwen25_15b,557,msc_valid,46,lexical_tfidf,0.5,22,2.465909090909091,54.25,0.0,0.0,2.465909090909091,54.25
qwen25_15b,557,msc_valid,46,recency_keep_compress_drop,0.5,22,2.4204545454545454,53.25,0.0,0.0,2.4204545454545454,53.25
qwen25_15b,557,msc_valid,48,uniform,0.2,8,3.859375,30.875,0.0,0.0,3.859375,30.875
qwen25_15b,557,msc_valid,48,longllmlingua,0.2,8,3.109375,24.875,0.0,0.0,3.109375,24.875
qwen25_15b,557,msc_valid,48,recency,0.2,8,3.265625,26.125,0.0,0.0,3.265625,26.125
qwen25_15b,557,msc_valid,48,lexical_tfidf,0.2,8,3.1875,25.5,0.0,0.0,3.1875,25.5
qwen25_15b,557,msc_valid,48,recency_keep_compress_drop,0.2,8,3.140625,25.125,0.0,0.0,3.140625,25.125
qwen25_15b,557,msc_valid,48,uniform,0.35,8,3.984375,31.875,0.0,0.0,3.984375,31.875
qwen25_15b,557,msc_valid,48,longllmlingua,0.35,8,3.0625,24.5,0.0,0.0,3.0625,24.5
qwen25_15b,557,msc_valid,48,recency,0.35,8,3.234375,25.875,0.0,0.0,3.234375,25.875
qwen25_15b,557,msc_valid,48,lexical_tfidf,0.35,8,3.6875,29.5,0.0,0.0,3.6875,29.5
qwen25_15b,557,msc_valid,48,recency_keep_compress_drop,0.35,8,3.078125,24.625,0.0,0.0,3.078125,24.625
qwen25_15b,557,msc_valid,48,uniform,0.5,8,3.84375,30.75,0.0,0.0,3.84375,30.75
qwen25_15b,557,msc_valid,48,longllmlingua,0.5,8,3.4375,27.5,0.0,0.0,3.4375,27.5
qwen25_15b,557,msc_valid,48,recency,0.5,8,3.40625,27.25,0.0,0.0,3.40625,27.25
qwen25_15b,557,msc_valid,48,lexical_tfidf,0.5,8,3.609375,28.875,0.0,0.0,3.609375,28.875
qwen25_15b,557,msc_valid,48,recency_keep_compress_drop,0.5,8,3.28125,26.25,0.0,0.0,3.28125,26.25
qwen25_15b,557,msc_valid,52,uniform,0.2,54,2.2685185185185186,122.5,0.0,0.0,2.2685185185185186,122.5
qwen25_15b,557,msc_valid,52,longllmlingua,0.2,54,2.1203703703703702,114.5,0.0,0.0,2.1203703703703702,114.5
qwen25_15b,557,msc_valid,52,recency,0.2,54,2.212962962962963,119.5,0.0,0.0,2.212962962962963,119.5
qwen25_15b,557,msc_valid,52,lexical_tfidf,0.2,54,2.175925925925926,117.5,0.0,0.0,2.175925925925926,117.5
qwen25_15b,557,msc_valid,52,recency_keep_compress_drop,0.2,54,2.175925925925926,117.5,0.0,0.0,2.175925925925926,117.5
qwen25_15b,557,msc_valid,52,uniform,0.35,54,2.138888888888889,115.5,0.0,0.0,2.138888888888889,115.5
qwen25_15b,557,msc_valid,52,longllmlingua,0.35,54,2.138888888888889,115.5,0.0,0.0,2.138888888888889,115.5
qwen25_15b,557,msc_valid,52,recency,0.35,54,2.0833333333333335,112.5,0.0,0.0,2.0833333333333335,112.5
qwen25_15b,557,msc_valid,52,lexical_tfidf,0.35,54,2.138888888888889,115.5,0.0,0.0,2.138888888888889,115.5
qwen25_15b,557,msc_valid,52,recency_keep_compress_drop,0.35,54,2.1296296296296298,115.0,0.0,0.0,2.1296296296296298,115.0
qwen25_15b,557,msc_valid,52,uniform,0.5,54,2.1203703703703702,114.5,0.0,0.0,2.1203703703703702,114.5
qwen25_15b,557,msc_valid,52,longllmlingua,0.5,54,2.1481481481481484,116.0,0.0,0.0,2.1481481481481484,116.0
qwen25_15b,557,msc_valid,52,recency,0.5,54,2.1018518518518516,113.5,0.0,0.0,2.1018518518518516,113.5
qwen25_15b,557,msc_valid,52,lexical_tfidf,0.5,54,2.0925925925925926,113.0,0.0,0.0,2.0925925925925926,113.0
qwen25_15b,557,msc_valid,52,recency_keep_compress_drop,0.5,54,2.1296296296296298,115.0,0.0,0.0,2.1296296296296298,115.0
qwen25_15b,557,msc_valid,56,uniform,0.2,25,2.38,59.5,0.0,0.0,2.38,59.5
qwen25_15b,557,msc_valid,56,longllmlingua,0.2,25,2.39,59.75,0.0,0.0,2.39,59.75
qwen25_15b,557,msc_valid,56,recency,0.2,25,2.4,60.0,0.0,0.0,2.4,60.0
qwen25_15b,557,msc_valid,56,lexical_tfidf,0.2,25,2.39,59.75,0.0,0.0,2.39,59.75
qwen25_15b,557,msc_valid,56,recency_keep_compress_drop,0.2,25,2.37,59.25,0.0,0.0,2.37,59.25
qwen25_15b,557,msc_valid,56,uniform,0.35,25,2.45,61.25,0.0,0.0,2.45,61.25
qwen25_15b,557,msc_valid,56,longllmlingua,0.35,25,2.39,59.75,0.0,0.0,2.39,59.75
qwen25_15b,557,msc_valid,56,recency,0.35,25,2.4,60.0,0.0,0.0,2.4,60.0
qwen25_15b,557,msc_valid,56,lexical_tfidf,0.35,25,2.35,58.75,0.0,0.0,2.35,58.75
qwen25_15b,557,msc_valid,56,recency_keep_compress_drop,0.35,25,2.38,59.5,0.0,0.0,2.38,59.5
qwen25_15b,557,msc_valid,56,uniform,0.5,25,2.43,60.75,0.0,0.0,2.43,60.75
qwen25_15b,557,msc_valid,56,longllmlingua,0.5,25,2.41,60.25,0.0,0.0,2.41,60.25
qwen25_15b,557,msc_valid,56,recency,0.5,0,0.0,0.0,0.0,0.0,0.0,0.0
qwen25_15b,557,msc_valid,56,lexical_tfidf,0.5,0,0.0,0.0,0.0,0.0,0.0,0.0
qwen25_15b,557,msc_valid,56,recency_keep_compress_drop,0.5,0,0.0,0.0,0.0,0.0,0.0,0.0
qwen25_15b,557,msc_valid,60,uniform,0.2,35,2.8142857142857145,98.5,0.0,0.0,2.8142857142857145,98.5
qwen25_15b,557,msc_valid,60,longllmlingua,0.2,35,2.742857142857143,96.0,0.0,0.0,2.742857142857143,96.0
qwen25_15b,557,msc_valid,60,recency,0.2,35,2.5,87.5,0.0,0.0,2.5,87.5
qwen25_15b,557,msc_valid,60,lexical_tfidf,0.2,35,2.4857142857142858,87.0,0.0,0.0,2.4857142857142858,87.0
qwen25_15b,557,msc_valid,60,recency_keep_compress_drop,0.2,35,2.4571428571428573,86.0,0.0,0.0,2.4571428571428573,86.0
qwen25_15b,557,msc_valid,60,uniform,0.35,35,2.6142857142857143,91.5,0.0,0.0,2.6142857142857143,91.5
qwen25_15b,557,msc_valid,60,longllmlingua,0.35,35,2.7,94.5,0.0,0.0,2.7,94.5
qwen25_15b,557,msc_valid,60,recency,0.35,0,0.0,0.0,0.0,0.0,0.0,0.0
qwen25_15b,557,msc_valid,60,lexical_tfidf,0.35,0,0.0,0.0,0.0,0.0,0.0,0.0
qwen25_15b,557,msc_valid,60,recency_keep_compress_drop,0.35,0,0.0,0.0,0.0,0.0,0.0,0.0
qwen25_15b,557,msc_valid,60,uniform,0.5,35,2.5142857142857142,88.0,0.0,0.0,2.5142857142857142,88.0
qwen25_15b,557,msc_valid,60,longllmlingua,0.5,35,2.7,94.5,0.0,0.0,2.7,94.5
qwen25_15b,557,msc_valid,60,recency,0.5,0,0.0,0.0,0.0,0.0,0.0,0.0
qwen25_15b,557,msc_valid,60,lexical_tfidf,0.5,0,0.0,0.0,0.0,0.0,0.0,0.0
qwen25_15b,557,msc_valid,60,recency_keep_compress_drop,0.5,0,0.0,0.0,0.0,0.0,0.0,0.0
qwen25_15b,572,msc_valid,4,uniform,0.2,11,3.3181818181818183,36.5,2.840909090909091,31.25,0.4772727272727275,5.25
qwen25_15b,572,msc_valid,4,longllmlingua,0.2,11,2.522727272727273,27.75,2.840909090909091,31.25,-0.3181818181818179,-3.5
qwen25_15b,572,msc_valid,4,recency,0.2,11,3.3181818181818183,36.5,2.840909090909091,31.25,0.4772727272727275,5.25
qwen25_15b,572,msc_valid,4,lexical_tfidf,0.2,11,3.3181818181818183,36.5,2.840909090909091,31.25,0.4772727272727275,5.25
qwen25_15b,572,msc_valid,4,recency_keep_compress_drop,0.2,11,3.3181818181818183,36.5,2.840909090909091,31.25,0.4772727272727275,5.25
qwen25_15b,572,msc_valid,4,uniform,0.35,11,2.977272727272727,32.75,2.840909090909091,31.25,0.13636363636363624,1.5
qwen25_15b,572,msc_valid,4,longllmlingua,0.35,11,2.5454545454545454,28.0,2.840909090909091,31.25,-0.2954545454545454,-3.25
qwen25_15b,572,msc_valid,4,recency,0.35,11,2.977272727272727,32.75,2.840909090909091,31.25,0.13636363636363624,1.5
qwen25_15b,572,msc_valid,4,lexical_tfidf,0.35,11,2.977272727272727,32.75,2.840909090909091,31.25,0.13636363636363624,1.5
qwen25_15b,572,msc_valid,4,recency_keep_compress_drop,0.35,11,2.977272727272727,32.75,2.840909090909091,31.25,0.13636363636363624,1.5
qwen25_15b,572,msc_valid,4,uniform,0.5,11,2.977272727272727,32.75,2.840909090909091,31.25,0.13636363636363624,1.5
qwen25_15b,572,msc_valid,4,longllmlingua,0.5,11,2.352272727272727,25.875,2.840909090909091,31.25,-0.48863636363636376,-5.375
qwen25_15b,572,msc_valid,4,recency,0.5,11,2.977272727272727,32.75,2.840909090909091,31.25,0.13636363636363624,1.5
qwen25_15b,572,msc_valid,4,lexical_tfidf,0.5,11,2.977272727272727,32.75,2.840909090909091,31.25,0.13636363636363624,1.5
qwen25_15b,572,msc_valid,4,recency_keep_compress_drop,0.5,11,2.977272727272727,32.75,2.840909090909091,31.25,0.13636363636363624,1.5
qwen25_15b,572,msc_valid,6,uniform,0.2,16,2.546875,40.75,2.15625,34.5,0.390625,6.25
qwen25_15b,572,msc_valid,6,longllmlingua,0.2,16,2.125,34.0,2.15625,34.5,-0.03125,-0.5
qwen25_15b,572,msc_valid,6,recency,0.2,16,2.453125,39.25,2.15625,34.5,0.296875,4.75
qwen25_15b,572,msc_valid,6,lexical_tfidf,0.2,16,2.453125,39.25,2.15625,34.5,0.296875,4.75
qwen25_15b,572,msc_valid,6,recency_keep_compress_drop,0.2,16,2.546875,40.75,2.15625,34.5,0.390625,6.25
qwen25_15b,572,msc_valid,6,uniform,0.35,16,2.390625,38.25,2.15625,34.5,0.234375,3.75
qwen25_15b,572,msc_valid,6,longllmlingua,0.35,16,2.0625,33.0,2.15625,34.5,-0.09375,-1.5
qwen25_15b,572,msc_valid,6,recency,0.35,16,2.390625,38.25,2.15625,34.5,0.234375,3.75
qwen25_15b,572,msc_valid,6,lexical_tfidf,0.35,16,2.390625,38.25,2.15625,34.5,0.234375,3.75
qwen25_15b,572,msc_valid,6,recency_keep_compress_drop,0.35,16,2.390625,38.25,2.15625,34.5,0.234375,3.75
qwen25_15b,572,msc_valid,6,uniform,0.5,16,2.46875,39.5,2.15625,34.5,0.3125,5.0
qwen25_15b,572,msc_valid,6,longllmlingua,0.5,16,2.109375,33.75,2.15625,34.5,-0.046875,-0.75
qwen25_15b,572,msc_valid,6,recency,0.5,16,2.21875,35.5,2.15625,34.5,0.0625,1.0
qwen25_15b,572,msc_valid,6,lexical_tfidf,0.5,16,2.21875,35.5,2.15625,34.5,0.0625,1.0
qwen25_15b,572,msc_valid,6,recency_keep_compress_drop,0.5,16,2.203125,35.25,2.15625,34.5,0.046875,0.75
qwen25_15b,572,msc_valid,8,uniform,0.2,13,1.5192307692307692,19.75,1.1778846153846154,15.3125,0.34134615384615374,4.4375
qwen25_15b,572,msc_valid,8,longllmlingua,0.2,13,1.2788461538461537,16.625,1.1778846153846154,15.3125,0.10096153846153832,1.3125
qwen25_15b,572,msc_valid,8,recency,0.2,13,1.6346153846153846,21.25,1.1778846153846154,15.3125,0.45673076923076916,5.9375
qwen25_15b,572,msc_valid,8,lexical_tfidf,0.2,13,1.6057692307692308,20.875,1.1778846153846154,15.3125,0.4278846153846154,5.5625
qwen25_15b,572,msc_valid,8,recency_keep_compress_drop,0.2,13,1.6346153846153846,21.25,1.1778846153846154,15.3125,0.45673076923076916,5.9375
qwen25_15b,572,msc_valid,8,uniform,0.35,13,1.5769230769230769,20.5,1.1778846153846154,15.3125,0.39903846153846145,5.1875
qwen25_15b,572,msc_valid,8,longllmlingua,0.35,13,1.2259615384615385,15.9375,1.1778846153846154,15.3125,0.04807692307692313,0.625
qwen25_15b,572,msc_valid,8,recency,0.35,13,1.5192307692307692,19.75,1.1778846153846154,15.3125,0.34134615384615374,4.4375
qwen25_15b,572,msc_valid,8,lexical_tfidf,0.35,13,1.4038461538461537,18.25,1.1778846153846154,15.3125,0.22596153846153832,2.9375
qwen25_15b,572,msc_valid,8,recency_keep_compress_drop,0.35,13,1.4038461538461537,18.25,1.1778846153846154,15.3125,0.22596153846153832,2.9375
qwen25_15b,572,msc_valid,8,uniform,0.5,13,1.5384615384615385,20.0,1.1778846153846154,15.3125,0.36057692307692313,4.6875
qwen25_15b,572,msc_valid,8,longllmlingua,0.5,13,1.1730769230769231,15.25,1.1778846153846154,15.3125,-0.004807692307692291,-0.0625
qwen25_15b,572,msc_valid,8,recency,0.5,13,1.2884615384615385,16.75,1.1778846153846154,15.3125,0.11057692307692313,1.4375
qwen25_15b,572,msc_valid,8,lexical_tfidf,0.5,13,1.4807692307692308,19.25,1.1778846153846154,15.3125,0.3028846153846154,3.9375
qwen25_15b,572,msc_valid,8,recency_keep_compress_drop,0.5,13,1.3269230769230769,17.25,1.1778846153846154,15.3125,0.14903846153846145,1.9375
qwen25_15b,572,msc_valid,10,uniform,0.2,16,1.984375,31.75,1.828125,29.25,0.15625,2.5
qwen25_15b,572,msc_valid,10,longllmlingua,0.2,16,1.5234375,24.375,1.828125,29.25,-0.3046875,-4.875
qwen25_15b,572,msc_valid,10,recency,0.2,16,1.9921875,31.875,1.828125,29.25,0.1640625,2.625
qwen25_15b,572,msc_valid,10,lexical_tfidf,0.2,16,2.15625,34.5,1.828125,29.25,0.328125,5.25
qwen25_15b,572,msc_valid,10,recency_keep_compress_drop,0.2,16,1.9921875,31.875,1.828125,29.25,0.1640625,2.625
qwen25_15b,572,msc_valid,10,uniform,0.35,16,2.046875,32.75,1.828125,29.25,0.21875,3.5
qwen25_15b,572,msc_valid,10,longllmlingua,0.35,16,1.5234375,24.375,1.828125,29.25,-0.3046875,-4.875
qwen25_15b,572,msc_valid,10,recency,0.35,16,2.09375,33.5,1.828125,29.25,0.265625,4.25
qwen25_15b,572,msc_valid,10,lexical_tfidf,0.35,16,2.046875,32.75,1.828125,29.25,0.21875,3.5
qwen25_15b,572,msc_valid,10,recency_keep_compress_drop,0.35,16,1.75,28.0,1.828125,29.25,-0.078125,-1.25
qwen25_15b,572,msc_valid,10,uniform,0.5,16,1.8671875,29.875,1.828125,29.25,0.0390625,0.625
qwen25_15b,572,msc_valid,10,longllmlingua,0.5,16,1.5390625,24.625,1.828125,29.25,-0.2890625,-4.625
qwen25_15b,572,msc_valid,10,recency,0.5,16,1.96875,31.5,1.828125,29.25,0.140625,2.25
qwen25_15b,572,msc_valid,10,lexical_tfidf,0.5,16,1.9296875,30.875,1.828125,29.25,0.1015625,1.625
qwen25_15b,572,msc_valid,10,recency_keep_compress_drop,0.5,16,1.7109375,27.375,1.828125,29.25,-0.1171875,-1.875
qwen25_15b,572,msc_valid,12,uniform,0.2,14,4.785714285714286,67.0,4.107142857142857,57.5,0.6785714285714288,9.5
qwen25_15b,572,msc_valid,12,longllmlingua,0.2,14,4.678571428571429,65.5,4.107142857142857,57.5,0.5714285714285721,8.0
qwen25_15b,572,msc_valid,12,recency,0.2,14,4.928571428571429,69.0,4.107142857142857,57.5,0.8214285714285721,11.5
qwen25_15b,572,msc_valid,12,lexical_tfidf,0.2,14,4.892857142857143,68.5,4.107142857142857,57.5,0.7857142857142865,11.0
qwen25_15b,572,msc_valid,12,recency_keep_compress_drop,0.2,14,4.785714285714286,67.0,4.107142857142857,57.5,0.6785714285714288,9.5
qwen25_15b,572,msc_valid,12,uniform,0.35,14,4.642857142857143,65.0,4.107142857142857,57.5,0.5357142857142865,7.5
qwen25_15b,572,msc_valid,12,longllmlingua,0.35,14,4.678571428571429,65.5,4.107142857142857,57.5,0.5714285714285721,8.0
qwen25_15b,572,msc_valid,12,recency,0.35,14,4.678571428571429,65.5,4.107142857142857,57.5,0.5714285714285721,8.0
qwen25_15b,572,msc_valid,12,lexical_tfidf,0.35,14,4.678571428571429,65.5,4.107142857142857,57.5,0.5714285714285721,8.0
qwen25_15b,572,msc_valid,12,recency_keep_compress_drop,0.35,14,4.678571428571429,65.5,4.107142857142857,57.5,0.5714285714285721,8.0
qwen25_15b,572,msc_valid,12,uniform,0.5,14,4.5,63.0,4.107142857142857,57.5,0.39285714285714324,5.5
qwen25_15b,572,msc_valid,12,longllmlingua,0.5,14,4.464285714285714,62.5,4.107142857142857,57.5,0.35714285714285765,5.0
qwen25_15b,572,msc_valid,12,recency,0.5,14,4.464285714285714,62.5,4.107142857142857,57.5,0.35714285714285765,5.0
qwen25_15b,572,msc_valid,12,lexical_tfidf,0.5,14,4.214285714285714,59.0,4.107142857142857,57.5,0.10714285714285765,1.5
qwen25_15b,572,msc_valid,12,recency_keep_compress_drop,0.5,14,4.357142857142857,61.0,4.107142857142857,57.5,0.25,3.5
qwen25_15b,572,msc_valid,14,uniform,0.2,16,2.9375,47.0,2.28125,36.5,0.65625,10.5
qwen25_15b,572,msc_valid,14,longllmlingua,0.2,16,2.515625,40.25,2.28125,36.5,0.234375,3.75
qwen25_15b,572,msc_valid,14,recency,0.2,16,2.890625,46.25,2.28125,36.5,0.609375,9.75
qwen25_15b,572,msc_valid,14,lexical_tfidf,0.2,16,2.765625,44.25,2.28125,36.5,0.484375,7.75
qwen25_15b,572,msc_valid,14,recency_keep_compress_drop,0.2,16,2.78125,44.5,2.28125,36.5,0.5,8.0
qwen25_15b,572,msc_valid,14,uniform,0.35,16,2.8125,45.0,2.28125,36.5,0.53125,8.5
qwen25_15b,572,msc_valid,14,longllmlingua,0.35,16,2.40625,38.5,2.28125,36.5,0.125,2.0
qwen25_15b,572,msc_valid,14,recency,0.35,16,2.71875,43.5,2.28125,36.5,0.4375,7.0
qwen25_15b,572,msc_valid,14,lexical_tfidf,0.35,16,2.609375,41.75,2.28125,36.5,0.328125,5.25
qwen25_15b,572,msc_valid,14,recency_keep_compress_drop,0.35,16,2.640625,42.25,2.28125,36.5,0.359375,5.75
qwen25_15b,572,msc_valid,14,uniform,0.5,16,2.578125,41.25,2.28125,36.5,0.296875,4.75
qwen25_15b,572,msc_valid,14,longllmlingua,0.5,16,2.359375,37.75,2.28125,36.5,0.078125,1.25
qwen25_15b,572,msc_valid,14,recency,0.5,16,2.59375,41.5,2.28125,36.5,0.3125,5.0
qwen25_15b,572,msc_valid,14,lexical_tfidf,0.5,16,2.546875,40.75,2.28125,36.5,0.265625,4.25
qwen25_15b,572,msc_valid,14,recency_keep_compress_drop,0.5,16,2.4375,39.0,2.28125,36.5,0.15625,2.5
qwen25_15b,608,msc_valid,4,uniform,0.2,18,4.333333333333333,78.0,4.166666666666667,75.0,0.16666666666666607,3.0
qwen25_15b,608,msc_valid,4,longllmlingua,0.2,18,4.333333333333333,78.0,4.166666666666667,75.0,0.16666666666666607,3.0
qwen25_15b,608,msc_valid,4,recency,0.2,18,4.333333333333333,78.0,4.166666666666667,75.0,0.16666666666666607,3.0
qwen25_15b,608,msc_valid,4,lexical_tfidf,0.2,18,4.333333333333333,78.0,4.166666666666667,75.0,0.16666666666666607,3.0
qwen25_15b,608,msc_valid,4,recency_keep_compress_drop,0.2,18,4.333333333333333,78.0,4.166666666666667,75.0,0.16666666666666607,3.0
qwen25_15b,608,msc_valid,4,uniform,0.35,18,4.194444444444445,75.5,4.166666666666667,75.0,0.02777777777777768,0.5
qwen25_15b,608,msc_valid,4,longllmlingua,0.35,18,4.055555555555555,73.0,4.166666666666667,75.0,-0.1111111111111116,-2.0
qwen25_15b,608,msc_valid,4,recency,0.35,18,4.194444444444445,75.5,4.166666666666667,75.0,0.02777777777777768,0.5
qwen25_15b,608,msc_valid,4,lexical_tfidf,0.35,18,4.194444444444445,75.5,4.166666666666667,75.0,0.02777777777777768,0.5
qwen25_15b,608,msc_valid,4,recency_keep_compress_drop,0.35,18,4.194444444444445,75.5,4.166666666666667,75.0,0.02777777777777768,0.5
qwen25_15b,608,msc_valid,4,uniform,0.5,18,4.194444444444445,75.5,4.166666666666667,75.0,0.02777777777777768,0.5
qwen25_15b,608,msc_valid,4,longllmlingua,0.5,18,4.027777777777778,72.5,4.166666666666667,75.0,-0.13888888888888928,-2.5
qwen25_15b,608,msc_valid,4,recency,0.5,18,4.194444444444445,75.5,4.166666666666667,75.0,0.02777777777777768,0.5
qwen25_15b,608,msc_valid,4,lexical_tfidf,0.5,18,4.194444444444445,75.5,4.166666666666667,75.0,0.02777777777777768,0.5
qwen25_15b,608,msc_valid,4,recency_keep_compress_drop,0.5,18,4.194444444444445,75.5,4.166666666666667,75.0,0.02777777777777768,0.5
qwen25_15b,608,msc_valid,6,uniform,0.2,19,3.210526315789474,61.0,3.0,57.0,0.2105263157894739,4.0
qwen25_15b,608,msc_valid,6,longllmlingua,0.2,19,3.0789473684210527,58.5,3.0,57.0,0.07894736842105265,1.5
qwen25_15b,608,msc_valid,6,recency,0.2,19,3.223684210526316,61.25,3.0,57.0,0.22368421052631593,4.25
qwen25_15b,608,msc_valid,6,lexical_tfidf,0.2,19,3.223684210526316,61.25,3.0,57.0,0.22368421052631593,4.25
qwen25_15b,608,msc_valid,6,recency_keep_compress_drop,0.2,19,3.210526315789474,61.0,3.0,57.0,0.2105263157894739,4.0
qwen25_15b,608,msc_valid,6,uniform,0.35,19,3.1973684210526314,60.75,3.0,57.0,0.19736842105263142,3.75
qwen25_15b,608,msc_valid,6,longllmlingua,0.35,19,3.026315789473684,57.5,3.0,57.0,0.02631578947368407,0.5
qwen25_15b,608,msc_valid,6,recency,0.35,19,3.1973684210526314,60.75,3.0,57.0,0.19736842105263142,3.75
qwen25_15b,608,msc_valid,6,lexical_tfidf,0.35,19,3.0526315789473686,58.0,3.0,57.0,0.052631578947368585,1.0
qwen25_15b,608,msc_valid,6,recency_keep_compress_drop,0.35,19,3.0526315789473686,58.0,3.0,57.0,0.052631578947368585,1.0
qwen25_15b,608,msc_valid,6,uniform,0.5,19,3.276315789473684,62.25,3.0,57.0,0.27631578947368407,5.25
qwen25_15b,608,msc_valid,6,longllmlingua,0.5,19,3.0526315789473686,58.0,3.0,57.0,0.052631578947368585,1.0
qwen25_15b,608,msc_valid,6,recency,0.5,19,3.0526315789473686,58.0,3.0,57.0,0.052631578947368585,1.0
qwen25_15b,608,msc_valid,6,lexical_tfidf,0.5,19,3.0526315789473686,58.0,3.0,57.0,0.052631578947368585,1.0
qwen25_15b,608,msc_valid,6,recency_keep_compress_drop,0.5,19,2.973684210526316,56.5,3.0,57.0,-0.02631578947368407,-0.5
qwen25_15b,608,msc_valid,8,uniform,0.2,14,2.8214285714285716,39.5,2.7142857142857144,38.0,0.1071428571428572,1.5
qwen25_15b,608,msc_valid,8,longllmlingua,0.2,14,2.6785714285714284,37.5,2.7142857142857144,38.0,-0.03571428571428603,-0.5
qwen25_15b,608,msc_valid,8,recency,0.2,14,2.8035714285714284,39.25,2.7142857142857144,38.0,0.08928571428571397,1.25
qwen25_15b,608,msc_valid,8,lexical_tfidf,0.2,14,2.8214285714285716,39.5,2.7142857142857144,38.0,0.1071428571428572,1.5
qwen25_15b,608,msc_valid,8,recency_keep_compress_drop,0.2,14,2.8035714285714284,39.25,2.7142857142857144,38.0,0.08928571428571397,1.25
qwen25_15b,608,msc_valid,8,uniform,0.35,14,2.9285714285714284,41.0,2.7142857142857144,38.0,0.21428571428571397,3.0
qwen25_15b,608,msc_valid,8,longllmlingua,0.35,14,2.8392857142857144,39.75,2.7142857142857144,38.0,0.125,1.75
qwen25_15b,608,msc_valid,8,recency,0.35,14,2.875,40.25,2.7142857142857144,38.0,0.1607142857142856,2.25
qwen25_15b,608,msc_valid,8,lexical_tfidf,0.35,14,2.9285714285714284,41.0,2.7142857142857144,38.0,0.21428571428571397,3.0
qwen25_15b,608,msc_valid,8,recency_keep_compress_drop,0.35,14,2.767857142857143,38.75,2.7142857142857144,38.0,0.05357142857142838,0.75
qwen25_15b,608,msc_valid,8,uniform,0.5,14,2.8392857142857144,39.75,2.7142857142857144,38.0,0.125,1.75
qwen25_15b,608,msc_valid,8,longllmlingua,0.5,14,2.6785714285714284,37.5,2.7142857142857144,38.0,-0.03571428571428603,-0.5
qwen25_15b,608,msc_valid,8,recency,0.5,14,2.8035714285714284,39.25,2.7142857142857144,38.0,0.08928571428571397,1.25
qwen25_15b,608,msc_valid,8,lexical_tfidf,0.5,14,2.8392857142857144,39.75,2.7142857142857144,38.0,0.125,1.75
qwen25_15b,608,msc_valid,8,recency_keep_compress_drop,0.5,14,2.5357142857142856,35.5,2.7142857142857144,38.0,-0.17857142857142883,-2.5
qwen25_15b,608,msc_valid,10,uniform,0.2,20,2.25,45.0,1.9125,38.25,0.3374999999999999,6.75
qwen25_15b,608,msc_valid,10,longllmlingua,0.2,20,2.2125,44.25,1.9125,38.25,0.2999999999999998,6.0
qwen25_15b,608,msc_valid,10,recency,0.2,20,2.4625,49.25,1.9125,38.25,0.5499999999999998,11.0
qwen25_15b,608,msc_valid,10,lexical_tfidf,0.2,20,2.25,45.0,1.9125,38.25,0.3374999999999999,6.75
qwen25_15b,608,msc_valid,10,recency_keep_compress_drop,0.2,20,2.275,45.5,1.9125,38.25,0.3624999999999998,7.25
qwen25_15b,608,msc_valid,10,uniform,0.35,20,2.4625,49.25,1.9125,38.25,0.5499999999999998,11.0
qwen25_15b,608,msc_valid,10,longllmlingua,0.35,20,2.2,44.0,1.9125,38.25,0.2875000000000001,5.75
qwen25_15b,608,msc_valid,10,recency,0.35,20,2.125,42.5,1.9125,38.25,0.2124999999999999,4.25
qwen25_15b,608,msc_valid,10,lexical_tfidf,0.35,20,2.175,43.5,1.9125,38.25,0.26249999999999973,5.25
qwen25_15b,608,msc_valid,10,recency_keep_compress_drop,0.35,20,2.125,42.5,1.9125,38.25,0.2124999999999999,4.25
qwen25_15b,608,msc_valid,10,uniform,0.5,20,2.2875,45.75,1.9125,38.25,0.375,7.5
qwen25_15b,608,msc_valid,10,longllmlingua,0.5,20,2.125,42.5,1.9125,38.25,0.2124999999999999,4.25
qwen25_15b,608,msc_valid,10,recency,0.5,20,2.0625,41.25,1.9125,38.25,0.1499999999999999,3.0
qwen25_15b,608,msc_valid,10,lexical_tfidf,0.5,20,2.2,44.0,1.9125,38.25,0.2875000000000001,5.75
qwen25_15b,608,msc_valid,10,recency_keep_compress_drop,0.5,20,2.0625,41.25,1.9125,38.25,0.1499999999999999,3.0
qwen25_15b,608,msc_valid,12,uniform,0.2,21,3.380952380952381,71.0,3.0476190476190474,64.0,0.3333333333333335,7.0
qwen25_15b,608,msc_valid,12,longllmlingua,0.2,21,3.142857142857143,66.0,3.0476190476190474,64.0,0.09523809523809534,2.0
qwen25_15b,608,msc_valid,12,recency,0.2,21,3.3333333333333335,70.0,3.0476190476190474,64.0,0.28571428571428603,6.0
qwen25_15b,608,msc_valid,12,lexical_tfidf,0.2,21,3.2142857142857144,67.5,3.0476190476190474,64.0,0.16666666666666696,3.5
qwen25_15b,608,msc_valid,12,recency_keep_compress_drop,0.2,21,3.1904761904761907,67.0,3.0476190476190474,64.0,0.14285714285714324,3.0
qwen25_15b,608,msc_valid,12,uniform,0.35,21,3.4523809523809526,72.5,3.0476190476190474,64.0,0.4047619047619051,8.5
qwen25_15b,608,msc_valid,12,longllmlingua,0.35,21,3.0476190476190474,64.0,3.0476190476190474,64.0,0.0,0.0
qwen25_15b,608,msc_valid,12,recency,0.35,21,3.0476190476190474,64.0,3.0476190476190474,64.0,0.0,0.0
qwen25_15b,608,msc_valid,12,lexical_tfidf,0.35,21,3.142857142857143,66.0,3.0476190476190474,64.0,0.09523809523809534,2.0
qwen25_15b,608,msc_valid,12,recency_keep_compress_drop,0.35,21,3.261904761904762,68.5,3.0476190476190474,64.0,0.2142857142857144,4.5
qwen25_15b,608,msc_valid,12,uniform,0.5,21,3.3095238095238093,69.5,3.0476190476190474,64.0,0.26190476190476186,5.5
qwen25_15b,608,msc_valid,12,longllmlingua,0.5,21,3.0476190476190474,64.0,3.0476190476190474,64.0,0.0,0.0
qwen25_15b,608,msc_valid,12,recency,0.5,21,3.1666666666666665,66.5,3.0476190476190474,64.0,0.11904761904761907,2.5
qwen25_15b,608,msc_valid,12,lexical_tfidf,0.5,21,3.0476190476190474,64.0,3.0476190476190474,64.0,0.0,0.0
qwen25_15b,608,msc_valid,12,recency_keep_compress_drop,0.5,21,3.1666666666666665,66.5,3.0476190476190474,64.0,0.11904761904761907,2.5
qwen25_15b,608,msc_valid,14,uniform,0.2,12,1.7395833333333333,20.875,1.46875,17.625,0.27083333333333326,3.25
qwen25_15b,608,msc_valid,14,longllmlingua,0.2,12,1.9895833333333333,23.875,1.46875,17.625,0.5208333333333333,6.25
qwen25_15b,608,msc_valid,14,recency,0.2,12,1.78125,21.375,1.46875,17.625,0.3125,3.75
qwen25_15b,608,msc_valid,14,lexical_tfidf,0.2,12,1.9583333333333333,23.5,1.46875,17.625,0.48958333333333326,5.875
qwen25_15b,608,msc_valid,14,recency_keep_compress_drop,0.2,12,1.46875,17.625,1.46875,17.625,0.0,0.0
qwen25_15b,608,msc_valid,14,uniform,0.35,12,1.6354166666666667,19.625,1.46875,17.625,0.16666666666666674,2.0
qwen25_15b,608,msc_valid,14,longllmlingua,0.35,12,1.65625,19.875,1.46875,17.625,0.1875,2.25
qwen25_15b,608,msc_valid,14,recency,0.35,12,1.625,19.5,1.46875,17.625,0.15625,1.875
qwen25_15b,608,msc_valid,14,lexical_tfidf,0.35,12,1.4895833333333333,17.875,1.46875,17.625,0.02083333333333326,0.25
qwen25_15b,608,msc_valid,14,recency_keep_compress_drop,0.35,12,1.328125,15.9375,1.46875,17.625,-0.140625,-1.6875
qwen25_15b,608,msc_valid,14,uniform,0.5,12,1.5104166666666667,18.125,1.46875,17.625,0.04166666666666674,0.5
qwen25_15b,608,msc_valid,14,longllmlingua,0.5,12,1.5625,18.75,1.46875,17.625,0.09375,1.125
qwen25_15b,608,msc_valid,14,recency,0.5,12,1.65625,19.875,1.46875,17.625,0.1875,2.25
qwen25_15b,608,msc_valid,14,lexical_tfidf,0.5,12,1.5520833333333333,18.625,1.46875,17.625,0.08333333333333326,1.0
qwen25_15b,608,msc_valid,14,recency_keep_compress_drop,0.5,12,1.5208333333333333,18.25,1.46875,17.625,0.05208333333333326,0.625
qwen25_15b,664,msc_valid,4,uniform,0.2,15,4.0,60.0,3.283333333333333,49.25,0.7166666666666668,10.75
qwen25_15b,664,msc_valid,4,longllmlingua,0.2,15,3.2666666666666666,49.0,3.283333333333333,49.25,-0.016666666666666607,-0.25
qwen25_15b,664,msc_valid,4,recency,0.2,15,4.0,60.0,3.283333333333333,49.25,0.7166666666666668,10.75
qwen25_15b,664,msc_valid,4,lexical_tfidf,0.2,15,4.0,60.0,3.283333333333333,49.25,0.7166666666666668,10.75
qwen25_15b,664,msc_valid,4,recency_keep_compress_drop,0.2,15,4.0,60.0,3.283333333333333,49.25,0.7166666666666668,10.75
qwen25_15b,664,msc_valid,4,uniform,0.35,15,3.3333333333333335,50.0,3.283333333333333,49.25,0.050000000000000266,0.75
qwen25_15b,664,msc_valid,4,longllmlingua,0.35,15,3.35,50.25,3.283333333333333,49.25,0.06666666666666687,1.0
qwen25_15b,664,msc_valid,4,recency,0.35,15,3.3333333333333335,50.0,3.283333333333333,49.25,0.050000000000000266,0.75
qwen25_15b,664,msc_valid,4,lexical_tfidf,0.35,15,3.3333333333333335,50.0,3.283333333333333,49.25,0.050000000000000266,0.75
qwen25_15b,664,msc_valid,4,recency_keep_compress_drop,0.35,15,3.3333333333333335,50.0,3.283333333333333,49.25,0.050000000000000266,0.75
qwen25_15b,664,msc_valid,4,uniform,0.5,15,3.3333333333333335,50.0,3.283333333333333,49.25,0.050000000000000266,0.75
qwen25_15b,664,msc_valid,4,longllmlingua,0.5,15,3.183333333333333,47.75,3.283333333333333,49.25,-0.10000000000000009,-1.5
qwen25_15b,664,msc_valid,4,recency,0.5,15,3.3333333333333335,50.0,3.283333333333333,49.25,0.050000000000000266,0.75
qwen25_15b,664,msc_valid,4,lexical_tfidf,0.5,15,3.3333333333333335,50.0,3.283333333333333,49.25,0.050000000000000266,0.75
qwen25_15b,664,msc_valid,4,recency_keep_compress_drop,0.5,15,3.3333333333333335,50.0,3.283333333333333,49.25,0.050000000000000266,0.75
qwen25_15b,664,msc_valid,8,uniform,0.2,12,2.4166666666666665,29.0,1.8541666666666667,22.25,0.5624999999999998,6.75
qwen25_15b,664,msc_valid,8,longllmlingua,0.2,12,1.9375,23.25,1.8541666666666667,22.25,0.08333333333333326,1.0
qwen25_15b,664,msc_valid,8,recency,0.2,12,2.34375,28.125,1.8541666666666667,22.25,0.48958333333333326,5.875
qwen25_15b,664,msc_valid,8,lexical_tfidf,0.2,12,2.5,30.0,1.8541666666666667,22.25,0.6458333333333333,7.75
qwen25_15b,664,msc_valid,8,recency_keep_compress_drop,0.2,12,2.34375,28.125,1.8541666666666667,22.25,0.48958333333333326,5.875
qwen25_15b,664,msc_valid,8,uniform,0.35,12,2.3229166666666665,27.875,1.8541666666666667,22.25,0.4687499999999998,5.625
qwen25_15b,664,msc_valid,8,longllmlingua,0.35,12,1.78125,21.375,1.8541666666666667,22.25,-0.07291666666666674,-0.875
qwen25_15b,664,msc_valid,8,recency,0.35,12,2.1666666666666665,26.0,1.8541666666666667,22.25,0.3124999999999998,3.75
qwen25_15b,664,msc_valid,8,lexical_tfidf,0.35,12,2.3333333333333335,28.0,1.8541666666666667,22.25,0.47916666666666674,5.75
qwen25_15b,664,msc_valid,8,recency_keep_compress_drop,0.35,12,2.2083333333333335,26.5,1.8541666666666667,22.25,0.35416666666666674,4.25
qwen25_15b,664,msc_valid,8,uniform,0.5,12,2.2604166666666665,27.125,1.8541666666666667,22.25,0.4062499999999998,4.875
qwen25_15b,664,msc_valid,8,longllmlingua,0.5,12,1.7291666666666667,20.75,1.8541666666666667,22.25,-0.125,-1.5
qwen25_15b,664,msc_valid,8,recency,0.5,12,2.0208333333333335,24.25,1.8541666666666667,22.25,0.16666666666666674,2.0
qwen25_15b,664,msc_valid,8,lexical_tfidf,0.5,12,2.1979166666666665,26.375,1.8541666666666667,22.25,0.3437499999999998,4.125
qwen25_15b,664,msc_valid,8,recency_keep_compress_drop,0.5,12,2.1354166666666665,25.625,1.8541666666666667,22.25,0.2812499999999998,3.375
qwen25_15b,664,msc_valid,12,uniform,0.2,18,3.125,56.25,2.7083333333333335,48.75,0.4166666666666665,7.5
qwen25_15b,664,msc_valid,12,longllmlingua,0.2,18,2.888888888888889,52.0,2.7083333333333335,48.75,0.18055555555555536,3.25
qwen25_15b,664,msc_valid,12,recency,0.2,18,3.1944444444444446,57.5,2.7083333333333335,48.75,0.48611111111111116,8.75
qwen25_15b,664,msc_valid,12,lexical_tfidf,0.2,18,3.138888888888889,56.5,2.7083333333333335,48.75,0.43055555555555536,7.75
qwen25_15b,664,msc_valid,12,recency_keep_compress_drop,0.2,18,3.1944444444444446,57.5,2.7083333333333335,48.75,0.48611111111111116,8.75
qwen25_15b,664,msc_valid,12,uniform,0.35,18,3.013888888888889,54.25,2.7083333333333335,48.75,0.30555555555555536,5.5
qwen25_15b,664,msc_valid,12,longllmlingua,0.35,18,3.0416666666666665,54.75,2.7083333333333335,48.75,0.33333333333333304,6.0
qwen25_15b,664,msc_valid,12,recency,0.35,18,3.125,56.25,2.7083333333333335,48.75,0.4166666666666665,7.5
qwen25_15b,664,msc_valid,12,lexical_tfidf,0.35,18,3.1805555555555554,57.25,2.7083333333333335,48.75,0.4722222222222219,8.5
qwen25_15b,664,msc_valid,12,recency_keep_compress_drop,0.35,18,3.0555555555555554,55.0,2.7083333333333335,48.75,0.3472222222222219,6.25
qwen25_15b,664,msc_valid,12,uniform,0.5,18,2.8055555555555554,50.5,2.7083333333333335,48.75,0.09722222222222188,1.75
qwen25_15b,664,msc_valid,12,longllmlingua,0.5,18,3.013888888888889,54.25,2.7083333333333335,48.75,0.30555555555555536,5.5
qwen25_15b,664,msc_valid,12,recency,0.5,18,3.013888888888889,54.25,2.7083333333333335,48.75,0.30555555555555536,5.5
qwen25_15b,664,msc_valid,12,lexical_tfidf,0.5,18,3.013888888888889,54.25,2.7083333333333335,48.75,0.30555555555555536,5.5
qwen25_15b,664,msc_valid,12,recency_keep_compress_drop,0.5,18,2.9583333333333335,53.25,2.7083333333333335,48.75,0.25,4.5
qwen25_15b,664,msc_valid,16,uniform,0.2,25,1.82,45.5,1.61,40.25,0.20999999999999996,5.25
qwen25_15b,664,msc_valid,16,longllmlingua,0.2,25,1.71,42.75,1.61,40.25,0.09999999999999987,2.5
qwen25_15b,664,msc_valid,16,recency,0.2,25,1.83,45.75,1.61,40.25,0.21999999999999997,5.5
qwen25_15b,664,msc_valid,16,lexical_tfidf,0.2,25,1.85,46.25,1.61,40.25,0.24,6.0
qwen25_15b,664,msc_valid,16,recency_keep_compress_drop,0.2,25,1.83,45.75,1.61,40.25,0.21999999999999997,5.5
qwen25_15b,664,msc_valid,16,uniform,0.35,25,1.7,42.5,1.61,40.25,0.08999999999999986,2.25
qwen25_15b,664,msc_valid,16,longllmlingua,0.35,25,1.73,43.25,1.61,40.25,0.11999999999999988,3.0
qwen25_15b,664,msc_valid,16,recency,0.35,25,1.81,45.25,1.61,40.25,0.19999999999999996,5.0
qwen25_15b,664,msc_valid,16,lexical_tfidf,0.35,25,1.8,45.0,1.61,40.25,0.18999999999999995,4.75
qwen25_15b,664,msc_valid,16,recency_keep_compress_drop,0.35,25,1.85,46.25,1.61,40.25,0.24,6.0
qwen25_15b,664,msc_valid,16,uniform,0.5,25,1.63,40.75,1.61,40.25,0.019999999999999796,0.5
qwen25_15b,664,msc_valid,16,longllmlingua,0.5,25,1.62,40.5,1.61,40.25,0.010000000000000009,0.25
qwen25_15b,664,msc_valid,16,recency,0.5,25,1.71,42.75,1.61,40.25,0.09999999999999987,2.5
qwen25_15b,664,msc_valid,16,lexical_tfidf,0.5,25,1.75,43.75,1.61,40.25,0.1399999999999999,3.5
qwen25_15b,664,msc_valid,16,recency_keep_compress_drop,0.5,25,1.72,43.0,1.61,40.25,0.10999999999999988,2.75
qwen25_15b,664,msc_valid,20,uniform,0.2,22,1.8068181818181819,39.75,1.5568181818181819,34.25,0.25,5.5
qwen25_15b,664,msc_valid,20,longllmlingua,0.2,22,1.5568181818181819,34.25,1.5568181818181819,34.25,0.0,0.0
qwen25_15b,664,msc_valid,20,recency,0.2,22,1.75,38.5,1.5568181818181819,34.25,0.19318181818181812,4.25
qwen25_15b,664,msc_valid,20,lexical_tfidf,0.2,22,1.8522727272727273,40.75,1.5568181818181819,34.25,0.2954545454545454,6.5
qwen25_15b,664,msc_valid,20,recency_keep_compress_drop,0.2,22,1.6704545454545454,36.75,1.5568181818181819,34.25,0.11363636363636354,2.5
qwen25_15b,664,msc_valid,20,uniform,0.35,22,1.6704545454545454,36.75,1.5568181818181819,34.25,0.11363636363636354,2.5
qwen25_15b,664,msc_valid,20,longllmlingua,0.35,22,1.4772727272727273,32.5,1.5568181818181819,34.25,-0.07954545454545459,-1.75
qwen25_15b,664,msc_valid,20,recency,0.35,22,1.6363636363636365,36.0,1.5568181818181819,34.25,0.07954545454545459,1.75
qwen25_15b,664,msc_valid,20,lexical_tfidf,0.35,22,1.75,38.5,1.5568181818181819,34.25,0.19318181818181812,4.25
qwen25_15b,664,msc_valid,20,recency_keep_compress_drop,0.35,22,1.6363636363636365,36.0,1.5568181818181819,34.25,0.07954545454545459,1.75
qwen25_15b,664,msc_valid,20,uniform,0.5,22,1.6931818181818181,37.25,1.5568181818181819,34.25,0.13636363636363624,3.0
qwen25_15b,664,msc_valid,20,longllmlingua,0.5,22,1.4034090909090908,30.875,1.5568181818181819,34.25,-0.15340909090909105,-3.375
qwen25_15b,664,msc_valid,20,recency,0.5,22,1.6136363636363635,35.5,1.5568181818181819,34.25,0.05681818181818166,1.25
qwen25_15b,664,msc_valid,20,lexical_tfidf,0.5,22,1.7386363636363635,38.25,1.5568181818181819,34.25,0.18181818181818166,4.0
qwen25_15b,664,msc_valid,20,recency_keep_compress_drop,0.5,22,1.625,35.75,1.5568181818181819,34.25,0.06818181818181812,1.5
qwen25_15b,664,msc_valid,24,uniform,0.2,31,2.338709677419355,72.5,2.2580645161290325,70.0,0.08064516129032251,2.5
qwen25_15b,664,msc_valid,24,longllmlingua,0.2,31,2.403225806451613,74.5,2.2580645161290325,70.0,0.14516129032258052,4.5
qwen25_15b,664,msc_valid,24,recency,0.2,31,2.370967741935484,73.5,2.2580645161290325,70.0,0.11290322580645151,3.5
qwen25_15b,664,msc_valid,24,lexical_tfidf,0.2,31,2.2096774193548385,68.5,2.2580645161290325,70.0,-0.04838709677419395,-1.5
qwen25_15b,664,msc_valid,24,recency_keep_compress_drop,0.2,31,2.3870967741935485,74.0,2.2580645161290325,70.0,0.12903225806451601,4.0
qwen25_15b,664,msc_valid,24,uniform,0.35,31,2.3225806451612905,72.0,2.2580645161290325,70.0,0.06451612903225801,2.0
qwen25_15b,664,msc_valid,24,longllmlingua,0.35,31,2.435483870967742,75.5,2.2580645161290325,70.0,0.17741935483870952,5.5
qwen25_15b,664,msc_valid,24,recency,0.35,31,2.3225806451612905,72.0,2.2580645161290325,70.0,0.06451612903225801,2.0
qwen25_15b,664,msc_valid,24,lexical_tfidf,0.35,31,2.1774193548387095,67.5,2.2580645161290325,70.0,-0.08064516129032295,-2.5
qwen25_15b,664,msc_valid,24,recency_keep_compress_drop,0.35,31,2.3548387096774195,73.0,2.2580645161290325,70.0,0.09677419354838701,3.0
qwen25_15b,664,msc_valid,24,uniform,0.5,31,2.274193548387097,70.5,2.2580645161290325,70.0,0.016129032258064502,0.5
qwen25_15b,664,msc_valid,24,longllmlingua,0.5,31,2.4838709677419355,77.0,2.2580645161290325,70.0,0.22580645161290303,7.0
qwen25_15b,664,msc_valid,24,recency,0.5,31,2.3548387096774195,73.0,2.2580645161290325,70.0,0.09677419354838701,3.0
qwen25_15b,664,msc_valid,24,lexical_tfidf,0.5,31,2.193548387096774,68.0,2.2580645161290325,70.0,-0.06451612903225845,-2.0
qwen25_15b,664,msc_valid,24,recency_keep_compress_drop,0.5,31,2.274193548387097,70.5,2.2580645161290325,70.0,0.016129032258064502,0.5
qwen25_15b,664,msc_valid,28,uniform,0.2,25,2.68,67.0,2.4,60.0,0.28000000000000025,7.0
qwen25_15b,664,msc_valid,28,longllmlingua,0.2,25,2.64,66.0,2.4,60.0,0.2400000000000002,6.0
qwen25_15b,664,msc_valid,28,recency,0.2,25,2.56,64.0,2.4,60.0,0.16000000000000014,4.0
qwen25_15b,664,msc_valid,28,lexical_tfidf,0.2,25,2.51,62.75,2.4,60.0,0.10999999999999988,2.75
qwen25_15b,664,msc_valid,28,recency_keep_compress_drop,0.2,25,2.58,64.5,2.4,60.0,0.18000000000000016,4.5
qwen25_15b,664,msc_valid,28,uniform,0.35,25,2.68,67.0,2.4,60.0,0.28000000000000025,7.0
qwen25_15b,664,msc_valid,28,longllmlingua,0.35,25,2.58,64.5,2.4,60.0,0.18000000000000016,4.5
qwen25_15b,664,msc_valid,28,recency,0.35,25,2.41,60.25,2.4,60.0,0.010000000000000231,0.25
qwen25_15b,664,msc_valid,28,lexical_tfidf,0.35,25,2.5,62.5,2.4,60.0,0.10000000000000009,2.5
qwen25_15b,664,msc_valid,28,recency_keep_compress_drop,0.35,25,2.55,63.75,2.4,60.0,0.1499999999999999,3.75
qwen25_15b,664,msc_valid,28,uniform,0.5,25,2.38,59.5,2.4,60.0,-0.020000000000000018,-0.5
qwen25_15b,664,msc_valid,28,longllmlingua,0.5,25,2.56,64.0,2.4,60.0,0.16000000000000014,4.0
qwen25_15b,664,msc_valid,28,recency,0.5,25,2.42,60.5,2.4,60.0,0.020000000000000018,0.5
qwen25_15b,664,msc_valid,28,lexical_tfidf,0.5,25,2.46,61.5,2.4,60.0,0.06000000000000005,1.5
qwen25_15b,664,msc_valid,28,recency_keep_compress_drop,0.5,25,2.49,62.25,2.4,60.0,0.0900000000000003,2.25
qwen25_15b,664,msc_valid,32,uniform,0.2,28,2.5714285714285716,72.0,2.375,66.5,0.19642857142857162,5.5
qwen25_15b,664,msc_valid,32,longllmlingua,0.2,28,2.2857142857142856,64.0,2.375,66.5,-0.08928571428571441,-2.5
qwen25_15b,664,msc_valid,32,recency,0.2,28,2.517857142857143,70.5,2.375,66.5,0.1428571428571428,4.0
qwen25_15b,664,msc_valid,32,lexical_tfidf,0.2,28,2.4285714285714284,68.0,2.375,66.5,0.05357142857142838,1.5
qwen25_15b,664,msc_valid,32,recency_keep_compress_drop,0.2,28,2.517857142857143,70.5,2.375,66.5,0.1428571428571428,4.0
qwen25_15b,664,msc_valid,32,uniform,0.35,28,2.5714285714285716,72.0,2.375,66.5,0.19642857142857162,5.5
qwen25_15b,664,msc_valid,32,longllmlingua,0.35,28,2.25,63.0,2.375,66.5,-0.125,-3.5
qwen25_15b,664,msc_valid,32,recency,0.35,28,2.5,70.0,2.375,66.5,0.125,3.5
qwen25_15b,664,msc_valid,32,lexical_tfidf,0.35,28,2.482142857142857,69.5,2.375,66.5,0.1071428571428572,3.0
qwen25_15b,664,msc_valid,32,recency_keep_compress_drop,0.35,28,2.482142857142857,69.5,2.375,66.5,0.1071428571428572,3.0
qwen25_15b,664,msc_valid,32,uniform,0.5,28,2.5357142857142856,71.0,2.375,66.5,0.1607142857142856,4.5
qwen25_15b,664,msc_valid,32,longllmlingua,0.5,28,2.232142857142857,62.5,2.375,66.5,-0.1428571428571428,-4.0
qwen25_15b,664,msc_valid,32,recency,0.5,28,2.4642857142857144,69.0,2.375,66.5,0.08928571428571441,2.5
qwen25_15b,664,msc_valid,32,lexical_tfidf,0.5,28,2.4285714285714284,68.0,2.375,66.5,0.05357142857142838,1.5
qwen25_15b,664,msc_valid,32,recency_keep_compress_drop,0.5,28,2.482142857142857,69.5,2.375,66.5,0.1071428571428572,3.0
qwen25_15b,664,msc_valid,34,uniform,0.2,55,2.8363636363636364,156.0,3.15625,12.625,-0.3198863636363636,143.375
qwen25_15b,664,msc_valid,34,longllmlingua,0.2,55,2.8727272727272726,158.0,3.15625,12.625,-0.2835227272727274,145.375
qwen25_15b,664,msc_valid,34,recency,0.2,55,2.9454545454545453,162.0,3.15625,12.625,-0.21079545454545467,149.375
qwen25_15b,664,msc_valid,34,lexical_tfidf,0.2,55,3.090909090909091,170.0,3.15625,12.625,-0.06534090909090917,157.375
qwen25_15b,664,msc_valid,34,recency_keep_compress_drop,0.2,55,2.9272727272727272,161.0,3.15625,12.625,-0.22897727272727275,148.375
qwen25_15b,664,msc_valid,34,uniform,0.35,55,2.9272727272727272,161.0,3.15625,12.625,-0.22897727272727275,148.375
qwen25_15b,664,msc_valid,34,longllmlingua,0.35,55,2.890909090909091,159.0,3.15625,12.625,-0.2653409090909089,146.375
qwen25_15b,664,msc_valid,34,recency,0.35,55,2.8727272727272726,158.0,3.15625,12.625,-0.2835227272727274,145.375
qwen25_15b,664,msc_valid,34,lexical_tfidf,0.35,55,2.8727272727272726,158.0,3.15625,12.625,-0.2835227272727274,145.375
qwen25_15b,664,msc_valid,34,recency_keep_compress_drop,0.35,55,2.8181818181818183,155.0,3.15625,12.625,-0.33806818181818166,142.375
qwen25_15b,664,msc_valid,34,uniform,0.5,55,2.8545454545454545,157.0,3.15625,12.625,-0.3017045454545455,144.375
qwen25_15b,664,msc_valid,34,longllmlingua,0.5,55,2.909090909090909,160.0,3.15625,12.625,-0.24715909090909083,147.375
qwen25_15b,664,msc_valid,34,recency,0.5,55,2.8363636363636364,156.0,3.15625,12.625,-0.3198863636363636,143.375
qwen25_15b,664,msc_valid,34,lexical_tfidf,0.5,55,2.8727272727272726,158.0,3.15625,12.625,-0.2835227272727274,145.375
qwen25_15b,664,msc_valid,34,recency_keep_compress_drop,0.5,55,2.8181818181818183,155.0,3.15625,12.625,-0.33806818181818166,142.375
qwen25_15b,664,msc_valid,38,uniform,0.2,30,2.816666666666667,84.5,0.0,0.0,2.816666666666667,84.5
qwen25_15b,664,msc_valid,38,longllmlingua,0.2,30,2.783333333333333,83.5,0.0,0.0,2.783333333333333,83.5
qwen25_15b,664,msc_valid,38,recency,0.2,30,2.75,82.5,0.0,0.0,2.75,82.5
qwen25_15b,664,msc_valid,38,lexical_tfidf,0.2,30,2.65,79.5,0.0,0.0,2.65,79.5
qwen25_15b,664,msc_valid,38,recency_keep_compress_drop,0.2,30,2.7,81.0,0.0,0.0,2.7,81.0
qwen25_15b,664,msc_valid,38,uniform,0.35,30,2.85,85.5,0.0,0.0,2.85,85.5
qwen25_15b,664,msc_valid,38,longllmlingua,0.35,30,2.75,82.5,0.0,0.0,2.75,82.5
qwen25_15b,664,msc_valid,38,recency,0.35,30,2.7,81.0,0.0,0.0,2.7,81.0
qwen25_15b,664,msc_valid,38,lexical_tfidf,0.35,30,2.683333333333333,80.5,0.0,0.0,2.683333333333333,80.5
qwen25_15b,664,msc_valid,38,recency_keep_compress_drop,0.35,30,2.6666666666666665,80.0,0.0,0.0,2.6666666666666665,80.0
qwen25_15b,664,msc_valid,38,uniform,0.5,30,2.65,79.5,0.0,0.0,2.65,79.5
qwen25_15b,664,msc_valid,38,longllmlingua,0.5,30,2.7666666666666666,83.0,0.0,0.0,2.7666666666666666,83.0
qwen25_15b,664,msc_valid,38,recency,0.5,30,2.6166666666666667,78.5,0.0,0.0,2.6166666666666667,78.5
qwen25_15b,664,msc_valid,38,lexical_tfidf,0.5,30,2.65,79.5,0.0,0.0,2.65,79.5
qwen25_15b,664,msc_valid,38,recency_keep_compress_drop,0.5,30,2.65,79.5,0.0,0.0,2.65,79.5
qwen25_15b,664,msc_valid,42,uniform,0.2,17,2.426470588235294,41.25,0.0,0.0,2.426470588235294,41.25
qwen25_15b,664,msc_valid,42,longllmlingua,0.2,17,2.6323529411764706,44.75,0.0,0.0,2.6323529411764706,44.75
qwen25_15b,664,msc_valid,42,recency,0.2,17,2.4705882352941178,42.0,0.0,0.0,2.4705882352941178,42.0
qwen25_15b,664,msc_valid,42,lexical_tfidf,0.2,17,2.485294117647059,42.25,0.0,0.0,2.485294117647059,42.25
qwen25_15b,664,msc_valid,42,recency_keep_compress_drop,0.2,17,2.3823529411764706,40.5,0.0,0.0,2.3823529411764706,40.5
qwen25_15b,664,msc_valid,42,uniform,0.35,17,2.426470588235294,41.25,0.0,0.0,2.426470588235294,41.25
qwen25_15b,664,msc_valid,42,longllmlingua,0.35,17,2.6470588235294117,45.0,0.0,0.0,2.6470588235294117,45.0
qwen25_15b,664,msc_valid,42,recency,0.35,17,2.3823529411764706,40.5,0.0,0.0,2.3823529411764706,40.5
qwen25_15b,664,msc_valid,42,lexical_tfidf,0.35,17,2.3823529411764706,40.5,0.0,0.0,2.3823529411764706,40.5
qwen25_15b,664,msc_valid,42,recency_keep_compress_drop,0.35,17,2.2941176470588234,39.0,0.0,0.0,2.2941176470588234,39.0
qwen25_15b,664,msc_valid,42,uniform,0.5,17,2.3529411764705883,40.0,0.0,0.0,2.3529411764705883,40.0
qwen25_15b,664,msc_valid,42,longllmlingua,0.5,17,2.7058823529411766,46.0,0.0,0.0,2.7058823529411766,46.0
qwen25_15b,664,msc_valid,42,recency,0.5,17,2.3529411764705883,40.0,0.0,0.0,2.3529411764705883,40.0
qwen25_15b,664,msc_valid,42,lexical_tfidf,0.5,17,2.3529411764705883,40.0,0.0,0.0,2.3529411764705883,40.0
qwen25_15b,664,msc_valid,42,recency_keep_compress_drop,0.5,17,2.3823529411764706,40.5,0.0,0.0,2.3823529411764706,40.5
qwen25_15b,664,msc_valid,46,uniform,0.2,29,1.9051724137931034,55.25,0.0,0.0,1.9051724137931034,55.25
qwen25_15b,664,msc_valid,46,longllmlingua,0.2,29,2.060344827586207,59.75,0.0,0.0,2.060344827586207,59.75
qwen25_15b,664,msc_valid,46,recency,0.2,29,1.6551724137931034,48.0,0.0,0.0,1.6551724137931034,48.0
qwen25_15b,664,msc_valid,46,lexical_tfidf,0.2,29,1.6724137931034482,48.5,0.0,0.0,1.6724137931034482,48.5
qwen25_15b,664,msc_valid,46,recency_keep_compress_drop,0.2,29,1.6551724137931034,48.0,0.0,0.0,1.6551724137931034,48.0
qwen25_15b,664,msc_valid,46,uniform,0.35,29,1.9741379310344827,57.25,0.0,0.0,1.9741379310344827,57.25
qwen25_15b,664,msc_valid,46,longllmlingua,0.35,29,2.0258620689655173,58.75,0.0,0.0,2.0258620689655173,58.75
qwen25_15b,664,msc_valid,46,recency,0.35,29,1.6637931034482758,48.25,0.0,0.0,1.6637931034482758,48.25
qwen25_15b,664,msc_valid,46,lexical_tfidf,0.35,29,1.6379310344827587,47.5,0.0,0.0,1.6379310344827587,47.5
qwen25_15b,664,msc_valid,46,recency_keep_compress_drop,0.35,29,1.6379310344827587,47.5,0.0,0.0,1.6379310344827587,47.5
qwen25_15b,664,msc_valid,46,uniform,0.5,29,1.8448275862068966,53.5,0.0,0.0,1.8448275862068966,53.5
qwen25_15b,664,msc_valid,46,longllmlingua,0.5,29,1.9310344827586208,56.0,0.0,0.0,1.9310344827586208,56.0
qwen25_15b,664,msc_valid,46,recency,0.5,0,0.0,0.0,0.0,0.0,0.0,0.0
qwen25_15b,664,msc_valid,46,lexical_tfidf,0.5,0,0.0,0.0,0.0,0.0,0.0,0.0
qwen25_15b,664,msc_valid,46,recency_keep_compress_drop,0.5,0,0.0,0.0,0.0,0.0,0.0,0.0
qwen25_15b,664,msc_valid,50,uniform,0.2,19,2.0657894736842106,39.25,0.0,0.0,2.0657894736842106,39.25
qwen25_15b,664,msc_valid,50,longllmlingua,0.2,19,2.263157894736842,43.0,0.0,0.0,2.263157894736842,43.0
qwen25_15b,664,msc_valid,50,recency,0.2,19,1.736842105263158,33.0,0.0,0.0,1.736842105263158,33.0
qwen25_15b,664,msc_valid,50,lexical_tfidf,0.2,19,1.736842105263158,33.0,0.0,0.0,1.736842105263158,33.0
qwen25_15b,664,msc_valid,50,recency_keep_compress_drop,0.2,19,1.7236842105263157,32.75,0.0,0.0,1.7236842105263157,32.75
qwen25_15b,664,msc_valid,50,uniform,0.35,19,2.013157894736842,38.25,0.0,0.0,2.013157894736842,38.25
qwen25_15b,664,msc_valid,50,longllmlingua,0.35,19,2.236842105263158,42.5,0.0,0.0,2.236842105263158,42.5
qwen25_15b,664,msc_valid,50,recency,0.35,8,2.609375,20.875,0.0,0.0,2.609375,20.875
qwen25_15b,664,msc_valid,50,lexical_tfidf,0.35,15,2.15,32.25,0.0,0.0,2.15,32.25
qwen25_15b,664,msc_valid,50,recency_keep_compress_drop,0.35,5,2.5125,12.5625,0.0,0.0,2.5125,12.5625
qwen25_15b,664,msc_valid,50,uniform,0.5,19,2.0921052631578947,39.75,0.0,0.0,2.0921052631578947,39.75
qwen25_15b,664,msc_valid,50,longllmlingua,0.5,19,2.1710526315789473,41.25,0.0,0.0,2.1710526315789473,41.25
qwen25_15b,664,msc_valid,50,recency,0.5,0,0.0,0.0,0.0,0.0,0.0,0.0
qwen25_15b,664,msc_valid,50,lexical_tfidf,0.5,0,0.0,0.0,0.0,0.0,0.0,0.0
qwen25_15b,664,msc_valid,50,recency_keep_compress_drop,0.5,0,0.0,0.0,0.0,0.0,0.0,0.0
qwen25_15b,664,msc_valid,54,uniform,0.2,19,2.4078947368421053,45.75,0.0,0.0,2.4078947368421053,45.75
qwen25_15b,664,msc_valid,54,longllmlingua,0.2,19,2.236842105263158,42.5,0.0,0.0,2.236842105263158,42.5
qwen25_15b,664,msc_valid,54,recency,0.2,19,2.1184210526315788,40.25,0.0,0.0,2.1184210526315788,40.25
qwen25_15b,664,msc_valid,54,lexical_tfidf,0.2,19,2.1315789473684212,40.5,0.0,0.0,2.1315789473684212,40.5
qwen25_15b,664,msc_valid,54,recency_keep_compress_drop,0.2,19,2.1052631578947367,40.0,0.0,0.0,2.1052631578947367,40.0
qwen25_15b,664,msc_valid,54,uniform,0.35,19,2.3947368421052633,45.5,0.0,0.0,2.3947368421052633,45.5
qwen25_15b,664,msc_valid,54,longllmlingua,0.35,19,2.1973684210526314,41.75,0.0,0.0,2.1973684210526314,41.75
qwen25_15b,664,msc_valid,54,recency,0.35,0,0.0,0.0,0.0,0.0,0.0,0.0
qwen25_15b,664,msc_valid,54,lexical_tfidf,0.35,0,0.0,0.0,0.0,0.0,0.0,0.0
qwen25_15b,664,msc_valid,54,recency_keep_compress_drop,0.35,0,0.0,0.0,0.0,0.0,0.0,0.0
qwen25_15b,664,msc_valid,54,uniform,0.5,19,2.210526315789474,42.0,0.0,0.0,2.210526315789474,42.0
qwen25_15b,664,msc_valid,54,longllmlingua,0.5,19,2.0657894736842106,39.25,0.0,0.0,2.0657894736842106,39.25
qwen25_15b,664,msc_valid,54,recency,0.5,0,0.0,0.0,0.0,0.0,0.0,0.0
qwen25_15b,664,msc_valid,54,lexical_tfidf,0.5,0,0.0,0.0,0.0,0.0,0.0,0.0
qwen25_15b,664,msc_valid,54,recency_keep_compress_drop,0.5,0,0.0,0.0,0.0,0.0,0.0,0.0
qwen25_15b,664,msc_valid,58,uniform,0.2,23,3.782608695652174,87.0,0.0,0.0,3.782608695652174,87.0
qwen25_15b,664,msc_valid,58,longllmlingua,0.2,23,3.782608695652174,87.0,0.0,0.0,3.782608695652174,87.0
qwen25_15b,664,msc_valid,58,recency,0.2,0,0.0,0.0,0.0,0.0,0.0,0.0
qwen25_15b,664,msc_valid,58,lexical_tfidf,0.2,0,0.0,0.0,0.0,0.0,0.0,0.0
qwen25_15b,664,msc_valid,58,recency_keep_compress_drop,0.2,0,0.0,0.0,0.0,0.0,0.0,0.0
qwen25_15b,664,msc_valid,58,uniform,0.35,23,3.717391304347826,85.5,0.0,0.0,3.717391304347826,85.5
qwen25_15b,664,msc_valid,58,longllmlingua,0.35,23,3.847826086956522,88.5,0.0,0.0,3.847826086956522,88.5
qwen25_15b,664,msc_valid,58,recency,0.35,0,0.0,0.0,0.0,0.0,0.0,0.0
qwen25_15b,664,msc_valid,58,lexical_tfidf,0.35,0,0.0,0.0,0.0,0.0,0.0,0.0
qwen25_15b,664,msc_valid,58,recency_keep_compress_drop,0.35,0,0.0,0.0,0.0,0.0,0.0,0.0
qwen25_15b,664,msc_valid,58,uniform,0.5,23,3.8043478260869565,87.5,0.0,0.0,3.8043478260869565,87.5
qwen25_15b,664,msc_valid,58,longllmlingua,0.5,23,3.9347826086956523,90.5,0.0,0.0,3.9347826086956523,90.5
qwen25_15b,664,msc_valid,58,recency,0.5,0,0.0,0.0,0.0,0.0,0.0,0.0
qwen25_15b,664,msc_valid,58,lexical_tfidf,0.5,0,0.0,0.0,0.0,0.0,0.0,0.0
qwen25_15b,664,msc_valid,58,recency_keep_compress_drop,0.5,0,0.0,0.0,0.0,0.0,0.0,0.0
qwen25_15b,664,msc_valid,62,uniform,0.2,19,1.8157894736842106,34.5,0.0,0.0,1.8157894736842106,34.5
qwen25_15b,664,msc_valid,62,longllmlingua,0.2,19,1.7105263157894737,32.5,0.0,0.0,1.7105263157894737,32.5
qwen25_15b,664,msc_valid,62,recency,0.2,0,0.0,0.0,0.0,0.0,0.0,0.0
qwen25_15b,664,msc_valid,62,lexical_tfidf,0.2,0,0.0,0.0,0.0,0.0,0.0,0.0
qwen25_15b,664,msc_valid,62,recency_keep_compress_drop,0.2,0,0.0,0.0,0.0,0.0,0.0,0.0
qwen25_15b,664,msc_valid,62,uniform,0.35,19,1.7763157894736843,33.75,0.0,0.0,1.7763157894736843,33.75
qwen25_15b,664,msc_valid,62,longllmlingua,0.35,19,1.631578947368421,31.0,0.0,0.0,1.631578947368421,31.0
qwen25_15b,664,msc_valid,62,recency,0.35,0,0.0,0.0,0.0,0.0,0.0,0.0
qwen25_15b,664,msc_valid,62,lexical_tfidf,0.35,0,0.0,0.0,0.0,0.0,0.0,0.0
qwen25_15b,664,msc_valid,62,recency_keep_compress_drop,0.35,0,0.0,0.0,0.0,0.0,0.0,0.0
qwen25_15b,664,msc_valid,62,uniform,0.5,19,1.7763157894736843,33.75,0.0,0.0,1.7763157894736843,33.75
qwen25_15b,664,msc_valid,62,longllmlingua,0.5,19,1.6578947368421053,31.5,0.0,0.0,1.6578947368421053,31.5
qwen25_15b,664,msc_valid,62,recency,0.5,0,0.0,0.0,0.0,0.0,0.0,0.0
qwen25_15b,664,msc_valid,62,lexical_tfidf,0.5,0,0.0,0.0,0.0,0.0,0.0,0.0
qwen25_15b,664,msc_valid,62,recency_keep_compress_drop,0.5,0,0.0,0.0,0.0,0.0,0.0,0.0
qwen25_15b,665,msc_valid,4,uniform,0.2,15,4.166666666666667,62.5,4.266666666666667,64.0,-0.09999999999999964,-1.5
qwen25_15b,665,msc_valid,4,longllmlingua,0.2,15,3.8,57.0,4.266666666666667,64.0,-0.4666666666666668,-7.0
qwen25_15b,665,msc_valid,4,recency,0.2,15,4.166666666666667,62.5,4.266666666666667,64.0,-0.09999999999999964,-1.5
qwen25_15b,665,msc_valid,4,lexical_tfidf,0.2,15,4.166666666666667,62.5,4.266666666666667,64.0,-0.09999999999999964,-1.5
qwen25_15b,665,msc_valid,4,recency_keep_compress_drop,0.2,15,4.166666666666667,62.5,4.266666666666667,64.0,-0.09999999999999964,-1.5
qwen25_15b,665,msc_valid,4,uniform,0.35,15,4.166666666666667,62.5,4.266666666666667,64.0,-0.09999999999999964,-1.5
qwen25_15b,665,msc_valid,4,longllmlingua,0.35,15,3.6333333333333333,54.5,4.266666666666667,64.0,-0.6333333333333333,-9.5
qwen25_15b,665,msc_valid,4,recency,0.35,15,4.166666666666667,62.5,4.266666666666667,64.0,-0.09999999999999964,-1.5
qwen25_15b,665,msc_valid,4,lexical_tfidf,0.35,15,4.166666666666667,62.5,4.266666666666667,64.0,-0.09999999999999964,-1.5
qwen25_15b,665,msc_valid,4,recency_keep_compress_drop,0.35,15,4.166666666666667,62.5,4.266666666666667,64.0,-0.09999999999999964,-1.5
qwen25_15b,665,msc_valid,4,uniform,0.5,15,4.066666666666666,61.0,4.266666666666667,64.0,-0.20000000000000018,-3.0
qwen25_15b,665,msc_valid,4,longllmlingua,0.5,15,3.55,53.25,4.266666666666667,64.0,-0.7166666666666668,-10.75
qwen25_15b,665,msc_valid,4,recency,0.5,15,4.066666666666666,61.0,4.266666666666667,64.0,-0.20000000000000018,-3.0
qwen25_15b,665,msc_valid,4,lexical_tfidf,0.5,15,4.066666666666666,61.0,4.266666666666667,64.0,-0.20000000000000018,-3.0
qwen25_15b,665,msc_valid,4,recency_keep_compress_drop,0.5,15,4.066666666666666,61.0,4.266666666666667,64.0,-0.20000000000000018,-3.0
qwen25_15b,665,msc_valid,8,uniform,0.2,17,3.3823529411764706,57.5,3.2058823529411766,54.5,0.17647058823529393,3.0
qwen25_15b,665,msc_valid,8,longllmlingua,0.2,17,3.411764705882353,58.0,3.2058823529411766,54.5,0.20588235294117618,3.5
qwen25_15b,665,msc_valid,8,recency,0.2,17,3.4411764705882355,58.5,3.2058823529411766,54.5,0.23529411764705888,4.0
qwen25_15b,665,msc_valid,8,lexical_tfidf,0.2,17,3.2205882352941178,54.75,3.2058823529411766,54.5,0.014705882352941124,0.25
qwen25_15b,665,msc_valid,8,recency_keep_compress_drop,0.2,17,3.4411764705882355,58.5,3.2058823529411766,54.5,0.23529411764705888,4.0
qwen25_15b,665,msc_valid,8,uniform,0.35,17,3.5588235294117645,60.5,3.2058823529411766,54.5,0.35294117647058787,6.0
qwen25_15b,665,msc_valid,8,longllmlingua,0.35,17,3.411764705882353,58.0,3.2058823529411766,54.5,0.20588235294117618,3.5
qwen25_15b,665,msc_valid,8,recency,0.35,17,3.3088235294117645,56.25,3.2058823529411766,54.5,0.10294117647058787,1.75
qwen25_15b,665,msc_valid,8,lexical_tfidf,0.35,17,3.235294117647059,55.0,3.2058823529411766,54.5,0.02941176470588225,0.5
qwen25_15b,665,msc_valid,8,recency_keep_compress_drop,0.35,17,3.235294117647059,55.0,3.2058823529411766,54.5,0.02941176470588225,0.5
qwen25_15b,665,msc_valid,8,uniform,0.5,17,3.3529411764705883,57.0,3.2058823529411766,54.5,0.1470588235294117,2.5
qwen25_15b,665,msc_valid,8,longllmlingua,0.5,17,3.323529411764706,56.5,3.2058823529411766,54.5,0.11764705882352944,2.0
qwen25_15b,665,msc_valid,8,recency,0.5,17,3.1911764705882355,54.25,3.2058823529411766,54.5,-0.014705882352941124,-0.25
qwen25_15b,665,msc_valid,8,lexical_tfidf,0.5,17,3.1911764705882355,54.25,3.2058823529411766,54.5,-0.014705882352941124,-0.25
qwen25_15b,665,msc_valid,8,recency_keep_compress_drop,0.5,17,3.235294117647059,55.0,3.2058823529411766,54.5,0.02941176470588225,0.5
qwen25_15b,665,msc_valid,12,uniform,0.2,20,3.525,70.5,2.875,57.5,0.6499999999999999,13.0
qwen25_15b,665,msc_valid,12,longllmlingua,0.2,20,3.2,64.0,2.875,57.5,0.3250000000000002,6.5
qwen25_15b,665,msc_valid,12,recency,0.2,20,3.275,65.5,2.875,57.5,0.3999999999999999,8.0
qwen25_15b,665,msc_valid,12,lexical_tfidf,0.2,20,3.1,62.0,2.875,57.5,0.2250000000000001,4.5
qwen25_15b,665,msc_valid,12,recency_keep_compress_drop,0.2,20,3.2,64.0,2.875,57.5,0.3250000000000002,6.5
qwen25_15b,665,msc_valid,12,uniform,0.35,20,3.2,64.0,2.875,57.5,0.3250000000000002,6.5
qwen25_15b,665,msc_valid,12,longllmlingua,0.35,20,3.0375,60.75,2.875,57.5,0.1625000000000001,3.25
qwen25_15b,665,msc_valid,12,recency,0.35,20,3.075,61.5,2.875,57.5,0.20000000000000018,4.0
qwen25_15b,665,msc_valid,12,lexical_tfidf,0.35,20,3.075,61.5,2.875,57.5,0.20000000000000018,4.0
qwen25_15b,665,msc_valid,12,recency_keep_compress_drop,0.35,20,3.1875,63.75,2.875,57.5,0.3125,6.25
qwen25_15b,665,msc_valid,12,uniform,0.5,20,3.1125,62.25,2.875,57.5,0.23749999999999982,4.75
qwen25_15b,665,msc_valid,12,longllmlingua,0.5,20,3.075,61.5,2.875,57.5,0.20000000000000018,4.0
qwen25_15b,665,msc_valid,12,recency,0.5,20,2.9875,59.75,2.875,57.5,0.11249999999999982,2.25
qwen25_15b,665,msc_valid,12,lexical_tfidf,0.5,20,2.9875,59.75,2.875,57.5,0.11249999999999982,2.25
qwen25_15b,665,msc_valid,12,recency_keep_compress_drop,0.5,20,2.8625,57.25,2.875,57.5,-0.012500000000000178,-0.25
qwen25_15b,665,msc_valid,16,uniform,0.2,34,3.2941176470588234,112.0,3.1029411764705883,105.5,0.19117647058823506,6.5
qwen25_15b,665,msc_valid,16,longllmlingua,0.2,34,3.1470588235294117,107.0,3.1029411764705883,105.5,0.04411764705882337,1.5
qwen25_15b,665,msc_valid,16,recency,0.2,34,3.3970588235294117,115.5,3.1029411764705883,105.5,0.2941176470588234,10.0
qwen25_15b,665,msc_valid,16,lexical_tfidf,0.2,34,3.2941176470588234,112.0,3.1029411764705883,105.5,0.19117647058823506,6.5
qwen25_15b,665,msc_valid,16,recency_keep_compress_drop,0.2,34,3.25,110.5,3.1029411764705883,105.5,0.1470588235294117,5.0
qwen25_15b,665,msc_valid,16,uniform,0.35,34,3.235294117647059,110.0,3.1029411764705883,105.5,0.13235294117647056,4.5
qwen25_15b,665,msc_valid,16,longllmlingua,0.35,34,3.073529411764706,104.5,3.1029411764705883,105.5,-0.02941176470588225,-1.0
qwen25_15b,665,msc_valid,16,recency,0.35,34,3.3088235294117645,112.5,3.1029411764705883,105.5,0.20588235294117618,7.0
qwen25_15b,665,msc_valid,16,lexical_tfidf,0.35,34,3.2794117647058822,111.5,3.1029411764705883,105.5,0.17647058823529393,6.0
qwen25_15b,665,msc_valid,16,recency_keep_compress_drop,0.35,34,3.25,110.5,3.1029411764705883,105.5,0.1470588235294117,5.0
qwen25_15b,665,msc_valid,16,uniform,0.5,34,3.1911764705882355,108.5,3.1029411764705883,105.5,0.08823529411764719,3.0
qwen25_15b,665,msc_valid,16,longllmlingua,0.5,34,3.1029411764705883,105.5,3.1029411764705883,105.5,0.0,0.0
qwen25_15b,665,msc_valid,16,recency,0.5,34,3.161764705882353,107.5,3.1029411764705883,105.5,0.0588235294117645,2.0
qwen25_15b,665,msc_valid,16,lexical_tfidf,0.5,34,3.2058823529411766,109.0,3.1029411764705883,105.5,0.10294117647058831,3.5
qwen25_15b,665,msc_valid,16,recency_keep_compress_drop,0.5,34,3.235294117647059,110.0,3.1029411764705883,105.5,0.13235294117647056,4.5
qwen25_15b,665,msc_valid,18,uniform,0.2,46,3.9565217391304346,182.0,3.760869565217391,173.0,0.19565217391304346,9.0
qwen25_15b,665,msc_valid,18,longllmlingua,0.2,46,3.869565217391304,178.0,3.760869565217391,173.0,0.10869565217391308,5.0
qwen25_15b,665,msc_valid,18,recency,0.2,46,4.021739130434782,185.0,3.760869565217391,173.0,0.26086956521739113,12.0
qwen25_15b,665,msc_valid,18,lexical_tfidf,0.2,46,4.043478260869565,186.0,3.760869565217391,173.0,0.2826086956521743,13.0
qwen25_15b,665,msc_valid,18,recency_keep_compress_drop,0.2,46,4.0,184.0,3.760869565217391,173.0,0.23913043478260887,11.0
qwen25_15b,665,msc_valid,18,uniform,0.35,46,3.9130434782608696,180.0,3.760869565217391,173.0,0.1521739130434785,7.0
qwen25_15b,665,msc_valid,18,longllmlingua,0.35,46,3.891304347826087,179.0,3.760869565217391,173.0,0.1304347826086958,6.0
qwen25_15b,665,msc_valid,18,recency,0.35,46,4.0,184.0,3.760869565217391,173.0,0.23913043478260887,11.0
qwen25_15b,665,msc_valid,18,lexical_tfidf,0.35,46,3.9782608695652173,183.0,3.760869565217391,173.0,0.21739130434782616,10.0
qwen25_15b,665,msc_valid,18,recency_keep_compress_drop,0.35,46,3.782608695652174,174.0,3.760869565217391,173.0,0.021739130434782705,1.0
qwen25_15b,665,msc_valid,18,uniform,0.5,46,3.869565217391304,178.0,3.760869565217391,173.0,0.10869565217391308,5.0
qwen25_15b,665,msc_valid,18,longllmlingua,0.5,46,3.8043478260869565,175.0,3.760869565217391,173.0,0.04347826086956541,2.0
qwen25_15b,665,msc_valid,18,recency,0.5,46,3.847826086956522,177.0,3.760869565217391,173.0,0.08695652173913082,4.0
qwen25_15b,665,msc_valid,18,lexical_tfidf,0.5,46,3.9565217391304346,182.0,3.760869565217391,173.0,0.19565217391304346,9.0
qwen25_15b,665,msc_valid,18,recency_keep_compress_drop,0.5,46,3.760869565217391,173.0,3.760869565217391,173.0,0.0,0.0
qwen25_15b,665,msc_valid,22,uniform,0.2,58,3.4827586206896552,202.0,3.310344827586207,192.0,0.1724137931034484,10.0
qwen25_15b,665,msc_valid,22,longllmlingua,0.2,58,3.4482758620689653,200.0,3.310344827586207,192.0,0.13793103448275845,8.0
qwen25_15b,665,msc_valid,22,recency,0.2,58,3.4655172413793105,201.0,3.310344827586207,192.0,0.15517241379310365,9.0
qwen25_15b,665,msc_valid,22,lexical_tfidf,0.2,58,3.396551724137931,197.0,3.310344827586207,192.0,0.0862068965517242,5.0
qwen25_15b,665,msc_valid,22,recency_keep_compress_drop,0.2,58,3.4482758620689653,200.0,3.310344827586207,192.0,0.13793103448275845,8.0
qwen25_15b,665,msc_valid,22,uniform,0.35,58,3.4655172413793105,201.0,3.310344827586207,192.0,0.15517241379310365,9.0
qwen25_15b,665,msc_valid,22,longllmlingua,0.35,58,3.413793103448276,198.0,3.310344827586207,192.0,0.10344827586206895,6.0
qwen25_15b,665,msc_valid,22,recency,0.35,58,3.4827586206896552,202.0,3.310344827586207,192.0,0.1724137931034484,10.0
qwen25_15b,665,msc_valid,22,lexical_tfidf,0.35,58,3.413793103448276,198.0,3.310344827586207,192.0,0.10344827586206895,6.0
qwen25_15b,665,msc_valid,22,recency_keep_compress_drop,0.35,58,3.396551724137931,197.0,3.310344827586207,192.0,0.0862068965517242,5.0
qwen25_15b,665,msc_valid,22,uniform,0.5,58,3.413793103448276,198.0,3.310344827586207,192.0,0.10344827586206895,6.0
qwen25_15b,665,msc_valid,22,longllmlingua,0.5,58,3.413793103448276,198.0,3.310344827586207,192.0,0.10344827586206895,6.0
qwen25_15b,665,msc_valid,22,recency,0.5,58,3.413793103448276,198.0,3.310344827586207,192.0,0.10344827586206895,6.0
qwen25_15b,665,msc_valid,22,lexical_tfidf,0.5,58,3.3620689655172415,195.0,3.310344827586207,192.0,0.0517241379310347,3.0
qwen25_15b,665,msc_valid,22,recency_keep_compress_drop,0.5,58,3.3448275862068964,194.0,3.310344827586207,192.0,0.0344827586206895,2.0
qwen25_15b,665,msc_valid,26,uniform,0.2,21,2.619047619047619,55.0,2.2976190476190474,48.25,0.3214285714285716,6.75
qwen25_15b,665,msc_valid,26,longllmlingua,0.2,21,2.5476190476190474,53.5,2.2976190476190474,48.25,0.25,5.25
qwen25_15b,665,msc_valid,26,recency,0.2,21,2.7857142857142856,58.5,2.2976190476190474,48.25,0.48809523809523814,10.25
qwen25_15b,665,msc_valid,26,lexical_tfidf,0.2,21,2.7142857142857144,57.0,2.2976190476190474,48.25,0.41666666666666696,8.75
qwen25_15b,665,msc_valid,26,recency_keep_compress_drop,0.2,21,2.7023809523809526,56.75,2.2976190476190474,48.25,0.4047619047619051,8.5
qwen25_15b,665,msc_valid,26,uniform,0.35,21,2.4642857142857144,51.75,2.2976190476190474,48.25,0.16666666666666696,3.5
qwen25_15b,665,msc_valid,26,longllmlingua,0.35,21,2.392857142857143,50.25,2.2976190476190474,48.25,0.09523809523809534,2.0
qwen25_15b,665,msc_valid,26,recency,0.35,21,2.6547619047619047,55.75,2.2976190476190474,48.25,0.3571428571428572,7.5
qwen25_15b,665,msc_valid,26,lexical_tfidf,0.35,21,2.4523809523809526,51.5,2.2976190476190474,48.25,0.1547619047619051,3.25
qwen25_15b,665,msc_valid,26,recency_keep_compress_drop,0.35,21,2.5595238095238093,53.75,2.2976190476190474,48.25,0.26190476190476186,5.5
qwen25_15b,665,msc_valid,26,uniform,0.5,21,2.3452380952380953,49.25,2.2976190476190474,48.25,0.047619047619047894,1.0
qwen25_15b,665,msc_valid,26,longllmlingua,0.5,21,2.3214285714285716,48.75,2.2976190476190474,48.25,0.02380952380952417,0.5
qwen25_15b,665,msc_valid,26,recency,0.5,21,2.3333333333333335,49.0,2.2976190476190474,48.25,0.03571428571428603,0.75
qwen25_15b,665,msc_valid,26,lexical_tfidf,0.5,21,2.3333333333333335,49.0,2.2976190476190474,48.25,0.03571428571428603,0.75
qwen25_15b,665,msc_valid,26,recency_keep_compress_drop,0.5,21,2.511904761904762,52.75,2.2976190476190474,48.25,0.2142857142857144,4.5
qwen25_15b,665,msc_valid,30,uniform,0.2,38,2.3684210526315788,90.0,2.1578947368421053,82.0,0.21052631578947345,8.0
qwen25_15b,665,msc_valid,30,longllmlingua,0.2,38,2.473684210526316,94.0,2.1578947368421053,82.0,0.3157894736842106,12.0
qwen25_15b,665,msc_valid,30,recency,0.2,38,2.526315789473684,96.0,2.1578947368421053,82.0,0.36842105263157876,14.0
qwen25_15b,665,msc_valid,30,lexical_tfidf,0.2,38,2.6315789473684212,100.0,2.1578947368421053,82.0,0.47368421052631593,18.0
qwen25_15b,665,msc_valid,30,recency_keep_compress_drop,0.2,38,2.4342105263157894,92.5,2.1578947368421053,82.0,0.27631578947368407,10.5
qwen25_15b,665,msc_valid,30,uniform,0.35,38,2.1184210526315788,80.5,2.1578947368421053,82.0,-0.03947368421052655,-1.5
qwen25_15b,665,msc_valid,30,longllmlingua,0.35,38,2.4473684210526314,93.0,2.1578947368421053,82.0,0.2894736842105261,11.0
qwen25_15b,665,msc_valid,30,recency,0.35,38,2.4210526315789473,92.0,2.1578947368421053,82.0,0.26315789473684204,10.0
qwen25_15b,665,msc_valid,30,lexical_tfidf,0.35,38,2.3684210526315788,90.0,2.1578947368421053,82.0,0.21052631578947345,8.0
qwen25_15b,665,msc_valid,30,recency_keep_compress_drop,0.35,38,2.4078947368421053,91.5,2.1578947368421053,82.0,0.25,9.5
qwen25_15b,665,msc_valid,30,uniform,0.5,38,2.1184210526315788,80.5,2.1578947368421053,82.0,-0.03947368421052655,-1.5
qwen25_15b,665,msc_valid,30,longllmlingua,0.5,38,2.25,85.5,2.1578947368421053,82.0,0.09210526315789469,3.5
qwen25_15b,665,msc_valid,30,recency,0.5,38,2.3684210526315788,90.0,2.1578947368421053,82.0,0.21052631578947345,8.0
qwen25_15b,665,msc_valid,30,lexical_tfidf,0.5,38,2.3289473684210527,88.5,2.1578947368421053,82.0,0.17105263157894735,6.5
qwen25_15b,665,msc_valid,30,recency_keep_compress_drop,0.5,38,2.1842105263157894,83.0,2.1578947368421053,82.0,0.02631578947368407,1.0
qwen25_15b,665,msc_valid,34,uniform,0.2,25,2.96,74.0,0.0,0.0,2.96,74.0
qwen25_15b,665,msc_valid,34,longllmlingua,0.2,25,2.9,72.5,0.0,0.0,2.9,72.5
qwen25_15b,665,msc_valid,34,recency,0.2,25,2.86,71.5,0.0,0.0,2.86,71.5
qwen25_15b,665,msc_valid,34,lexical_tfidf,0.2,25,3.14,78.5,0.0,0.0,3.14,78.5
qwen25_15b,665,msc_valid,34,recency_keep_compress_drop,0.2,25,2.82,70.5,0.0,0.0,2.82,70.5
qwen25_15b,665,msc_valid,34,uniform,0.35,25,2.9,72.5,0.0,0.0,2.9,72.5
qwen25_15b,665,msc_valid,34,longllmlingua,0.35,25,2.9,72.5,0.0,0.0,2.9,72.5
qwen25_15b,665,msc_valid,34,recency,0.35,25,2.76,69.0,0.0,0.0,2.76,69.0
qwen25_15b,665,msc_valid,34,lexical_tfidf,0.35,25,3.14,78.5,0.0,0.0,3.14,78.5
qwen25_15b,665,msc_valid,34,recency_keep_compress_drop,0.35,25,2.84,71.0,0.0,0.0,2.84,71.0
qwen25_15b,665,msc_valid,34,uniform,0.5,25,2.98,74.5,0.0,0.0,2.98,74.5
qwen25_15b,665,msc_valid,34,longllmlingua,0.5,25,2.94,73.5,0.0,0.0,2.94,73.5
qwen25_15b,665,msc_valid,34,recency,0.5,25,2.74,68.5,0.0,0.0,2.74,68.5
qwen25_15b,665,msc_valid,34,lexical_tfidf,0.5,25,2.94,73.5,0.0,0.0,2.94,73.5
qwen25_15b,665,msc_valid,34,recency_keep_compress_drop,0.5,25,2.84,71.0,0.0,0.0,2.84,71.0
qwen25_15b,689,msc_valid,4,uniform,0.2,17,3.6911764705882355,62.75,3.514705882352941,59.75,0.17647058823529438,3.0
qwen25_15b,689,msc_valid,4,longllmlingua,0.2,17,3.3088235294117645,56.25,3.514705882352941,59.75,-0.20588235294117663,-3.5
qwen25_15b,689,msc_valid,4,recency,0.2,17,3.6911764705882355,62.75,3.514705882352941,59.75,0.17647058823529438,3.0
qwen25_15b,689,msc_valid,4,lexical_tfidf,0.2,17,3.6911764705882355,62.75,3.514705882352941,59.75,0.17647058823529438,3.0
qwen25_15b,689,msc_valid,4,recency_keep_compress_drop,0.2,17,3.6911764705882355,62.75,3.514705882352941,59.75,0.17647058823529438,3.0
qwen25_15b,689,msc_valid,4,uniform,0.35,17,3.5588235294117645,60.5,3.514705882352941,59.75,0.04411764705882337,0.75
qwen25_15b,689,msc_valid,4,longllmlingua,0.35,17,3.2941176470588234,56.0,3.514705882352941,59.75,-0.22058823529411775,-3.75
qwen25_15b,689,msc_valid,4,recency,0.35,17,3.5588235294117645,60.5,3.514705882352941,59.75,0.04411764705882337,0.75
qwen25_15b,689,msc_valid,4,lexical_tfidf,0.35,17,3.5588235294117645,60.5,3.514705882352941,59.75,0.04411764705882337,0.75
qwen25_15b,689,msc_valid,4,recency_keep_compress_drop,0.35,17,3.5588235294117645,60.5,3.514705882352941,59.75,0.04411764705882337,0.75
qwen25_15b,689,msc_valid,4,uniform,0.5,17,3.5588235294117645,60.5,3.514705882352941,59.75,0.04411764705882337,0.75
qwen25_15b,689,msc_valid,4,longllmlingua,0.5,17,3.25,55.25,3.514705882352941,59.75,-0.2647058823529411,-4.5
qwen25_15b,689,msc_valid,4,recency,0.5,17,3.5588235294117645,60.5,3.514705882352941,59.75,0.04411764705882337,0.75
qwen25_15b,689,msc_valid,4,lexical_tfidf,0.5,17,3.5588235294117645,60.5,3.514705882352941,59.75,0.04411764705882337,0.75
qwen25_15b,689,msc_valid,4,recency_keep_compress_drop,0.5,17,3.5588235294117645,60.5,3.514705882352941,59.75,0.04411764705882337,0.75
qwen25_15b,689,msc_valid,6,uniform,0.2,13,6.0,78.0,5.461538461538462,71.0,0.5384615384615383,7.0
qwen25_15b,689,msc_valid,6,longllmlingua,0.2,13,5.076923076923077,66.0,5.461538461538462,71.0,-0.384615384615385,-5.0
qwen25_15b,689,msc_valid,6,recency,0.2,13,6.115384615384615,79.5,5.461538461538462,71.0,0.6538461538461533,8.5
qwen25_15b,689,msc_valid,6,lexical_tfidf,0.2,13,6.0,78.0,5.461538461538462,71.0,0.5384615384615383,7.0
qwen25_15b,689,msc_valid,6,recency_keep_compress_drop,0.2,13,6.115384615384615,79.5,5.461538461538462,71.0,0.6538461538461533,8.5
qwen25_15b,689,msc_valid,6,uniform,0.35,13,6.0,78.0,5.461538461538462,71.0,0.5384615384615383,7.0
qwen25_15b,689,msc_valid,6,longllmlingua,0.35,13,4.903846153846154,63.75,5.461538461538462,71.0,-0.5576923076923075,-7.25
qwen25_15b,689,msc_valid,6,recency,0.35,13,6.115384615384615,79.5,5.461538461538462,71.0,0.6538461538461533,8.5
qwen25_15b,689,msc_valid,6,lexical_tfidf,0.35,13,6.0,78.0,5.461538461538462,71.0,0.5384615384615383,7.0
qwen25_15b,689,msc_valid,6,recency_keep_compress_drop,0.35,13,6.115384615384615,79.5,5.461538461538462,71.0,0.6538461538461533,8.5
qwen25_15b,689,msc_valid,6,uniform,0.5,13,6.0,78.0,5.461538461538462,71.0,0.5384615384615383,7.0
qwen25_15b,689,msc_valid,6,longllmlingua,0.5,13,4.846153846153846,63.0,5.461538461538462,71.0,-0.6153846153846159,-8.0
qwen25_15b,689,msc_valid,6,recency,0.5,13,5.6923076923076925,74.0,5.461538461538462,71.0,0.23076923076923084,3.0
qwen25_15b,689,msc_valid,6,lexical_tfidf,0.5,13,5.8076923076923075,75.5,5.461538461538462,71.0,0.3461538461538458,4.5
qwen25_15b,689,msc_valid,6,recency_keep_compress_drop,0.5,13,5.615384615384615,73.0,5.461538461538462,71.0,0.1538461538461533,2.0
qwen25_15b,689,msc_valid,8,uniform,0.2,18,2.6944444444444446,48.5,2.4305555555555554,43.75,0.2638888888888893,4.75
qwen25_15b,689,msc_valid,8,longllmlingua,0.2,18,2.611111111111111,47.0,2.4305555555555554,43.75,0.1805555555555558,3.25
qwen25_15b,689,msc_valid,8,recency,0.2,18,2.75,49.5,2.4305555555555554,43.75,0.31944444444444464,5.75
qwen25_15b,689,msc_valid,8,lexical_tfidf,0.2,18,2.8055555555555554,50.5,2.4305555555555554,43.75,0.375,6.75
qwen25_15b,689,msc_valid,8,recency_keep_compress_drop,0.2,18,2.75,49.5,2.4305555555555554,43.75,0.31944444444444464,5.75
qwen25_15b,689,msc_valid,8,uniform,0.35,18,2.7777777777777777,50.0,2.4305555555555554,43.75,0.3472222222222223,6.25
qwen25_15b,689,msc_valid,8,longllmlingua,0.35,18,2.6805555555555554,48.25,2.4305555555555554,43.75,0.25,4.5
qwen25_15b,689,msc_valid,8,recency,0.35,18,2.638888888888889,47.5,2.4305555555555554,43.75,0.20833333333333348,3.75
qwen25_15b,689,msc_valid,8,lexical_tfidf,0.35,18,2.6666666666666665,48.0,2.4305555555555554,43.75,0.23611111111111116,4.25
qwen25_15b,689,msc_valid,8,recency_keep_compress_drop,0.35,18,2.6666666666666665,48.0,2.4305555555555554,43.75,0.23611111111111116,4.25
qwen25_15b,689,msc_valid,8,uniform,0.5,18,2.638888888888889,47.5,2.4305555555555554,43.75,0.20833333333333348,3.75
qwen25_15b,689,msc_valid,8,longllmlingua,0.5,18,2.638888888888889,47.5,2.4305555555555554,43.75,0.20833333333333348,3.75
qwen25_15b,689,msc_valid,8,recency,0.5,18,2.5277777777777777,45.5,2.4305555555555554,43.75,0.09722222222222232,1.75
qwen25_15b,689,msc_valid,8,lexical_tfidf,0.5,18,2.5277777777777777,45.5,2.4305555555555554,43.75,0.09722222222222232,1.75
qwen25_15b,689,msc_valid,8,recency_keep_compress_drop,0.5,18,2.486111111111111,44.75,2.4305555555555554,43.75,0.0555555555555558,1.0
qwen25_15b,689,msc_valid,10,uniform,0.2,11,4.545454545454546,50.0,4.681818181818182,51.5,-0.1363636363636358,-1.5
qwen25_15b,689,msc_valid,10,longllmlingua,0.2,11,4.681818181818182,51.5,4.681818181818182,51.5,0.0,0.0
qwen25_15b,689,msc_valid,10,recency,0.2,11,5.0227272727272725,55.25,4.681818181818182,51.5,0.34090909090909083,3.75
qwen25_15b,689,msc_valid,10,lexical_tfidf,0.2,11,5.0227272727272725,55.25,4.681818181818182,51.5,0.34090909090909083,3.75
qwen25_15b,689,msc_valid,10,recency_keep_compress_drop,0.2,11,4.931818181818182,54.25,4.681818181818182,51.5,0.25,2.75
qwen25_15b,689,msc_valid,10,uniform,0.35,11,4.590909090909091,50.5,4.681818181818182,51.5,-0.09090909090909083,-1.0
qwen25_15b,689,msc_valid,10,longllmlingua,0.35,11,4.5,49.5,4.681818181818182,51.5,-0.18181818181818166,-2.0
qwen25_15b,689,msc_valid,10,recency,0.35,11,4.909090909090909,54.0,4.681818181818182,51.5,0.22727272727272751,2.5
qwen25_15b,689,msc_valid,10,lexical_tfidf,0.35,11,4.9772727272727275,54.75,4.681818181818182,51.5,0.29545454545454586,3.25
qwen25_15b,689,msc_valid,10,recency_keep_compress_drop,0.35,11,4.7727272727272725,52.5,4.681818181818182,51.5,0.09090909090909083,1.0
qwen25_15b,689,msc_valid,10,uniform,0.5,11,4.681818181818182,51.5,4.681818181818182,51.5,0.0,0.0
qwen25_15b,689,msc_valid,10,longllmlingua,0.5,11,4.431818181818182,48.75,4.681818181818182,51.5,-0.25,-2.75
qwen25_15b,689,msc_valid,10,recency,0.5,11,4.840909090909091,53.25,4.681818181818182,51.5,0.15909090909090917,1.75
qwen25_15b,689,msc_valid,10,lexical_tfidf,0.5,11,4.613636363636363,50.75,4.681818181818182,51.5,-0.06818181818181834,-0.75
qwen25_15b,689,msc_valid,10,recency_keep_compress_drop,0.5,11,4.590909090909091,50.5,4.681818181818182,51.5,-0.09090909090909083,-1.0
qwen25_15b,689,msc_valid,12,uniform,0.2,12,2.375,28.5,1.78125,21.375,0.59375,7.125
qwen25_15b,689,msc_valid,12,longllmlingua,0.2,12,2.0,24.0,1.78125,21.375,0.21875,2.625
qwen25_15b,689,msc_valid,12,recency,0.2,12,2.21875,26.625,1.78125,21.375,0.4375,5.25
qwen25_15b,689,msc_valid,12,lexical_tfidf,0.2,12,2.2604166666666665,27.125,1.78125,21.375,0.4791666666666665,5.75
qwen25_15b,689,msc_valid,12,recency_keep_compress_drop,0.2,12,2.0520833333333335,24.625,1.78125,21.375,0.2708333333333335,3.25
qwen25_15b,689,msc_valid,12,uniform,0.35,12,2.1145833333333335,25.375,1.78125,21.375,0.3333333333333335,4.0
qwen25_15b,689,msc_valid,12,longllmlingua,0.35,12,1.875,22.5,1.78125,21.375,0.09375,1.125
qwen25_15b,689,msc_valid,12,recency,0.35,12,1.9375,23.25,1.78125,21.375,0.15625,1.875
qwen25_15b,689,msc_valid,12,lexical_tfidf,0.35,12,1.9791666666666667,23.75,1.78125,21.375,0.19791666666666674,2.375
qwen25_15b,689,msc_valid,12,recency_keep_compress_drop,0.35,12,1.90625,22.875,1.78125,21.375,0.125,1.5
qwen25_15b,689,msc_valid,12,uniform,0.5,12,2.1666666666666665,26.0,1.78125,21.375,0.3854166666666665,4.625
qwen25_15b,689,msc_valid,12,longllmlingua,0.5,12,1.8958333333333333,22.75,1.78125,21.375,0.11458333333333326,1.375
qwen25_15b,689,msc_valid,12,recency,0.5,12,1.9375,23.25,1.78125,21.375,0.15625,1.875
qwen25_15b,689,msc_valid,12,lexical_tfidf,0.5,12,1.8958333333333333,22.75,1.78125,21.375,0.11458333333333326,1.375
qwen25_15b,689,msc_valid,12,recency_keep_compress_drop,0.5,12,1.90625,22.875,1.78125,21.375,0.125,1.5
qwen25_15b,689,msc_valid,14,uniform,0.2,8,3.625,29.0,2.046875,16.375,1.578125,12.625
qwen25_15b,689,msc_valid,14,longllmlingua,0.2,8,2.8125,22.5,2.046875,16.375,0.765625,6.125
qwen25_15b,689,msc_valid,14,recency,0.2,8,2.9375,23.5,2.046875,16.375,0.890625,7.125
qwen25_15b,689,msc_valid,14,lexical_tfidf,0.2,8,3.109375,24.875,2.046875,16.375,1.0625,8.5
qwen25_15b,689,msc_valid,14,recency_keep_compress_drop,0.2,8,3.40625,27.25,2.046875,16.375,1.359375,10.875
qwen25_15b,689,msc_valid,14,uniform,0.35,8,2.359375,18.875,2.046875,16.375,0.3125,2.5
qwen25_15b,689,msc_valid,14,longllmlingua,0.35,8,2.34375,18.75,2.046875,16.375,0.296875,2.375
qwen25_15b,689,msc_valid,14,recency,0.35,8,2.484375,19.875,2.046875,16.375,0.4375,3.5
qwen25_15b,689,msc_valid,14,lexical_tfidf,0.35,8,2.90625,23.25,2.046875,16.375,0.859375,6.875
qwen25_15b,689,msc_valid,14,recency_keep_compress_drop,0.35,8,2.828125,22.625,2.046875,16.375,0.78125,6.25
qwen25_15b,689,msc_valid,14,uniform,0.5,8,2.40625,19.25,2.046875,16.375,0.359375,2.875
qwen25_15b,689,msc_valid,14,longllmlingua,0.5,8,2.234375,17.875,2.046875,16.375,0.1875,1.5
qwen25_15b,689,msc_valid,14,recency,0.5,8,2.421875,19.375,2.046875,16.375,0.375,3.0
qwen25_15b,689,msc_valid,14,lexical_tfidf,0.5,8,2.546875,20.375,2.046875,16.375,0.5,4.0
qwen25_15b,689,msc_valid,14,recency_keep_compress_drop,0.5,8,2.078125,16.625,2.046875,16.375,0.03125,0.25
qwen25_15b,691,msc_valid,4,uniform,0.2,15,3.183333333333333,47.75,2.933333333333333,44.0,0.25,3.75
qwen25_15b,691,msc_valid,4,longllmlingua,0.2,15,2.9166666666666665,43.75,2.933333333333333,44.0,-0.016666666666666607,-0.25
qwen25_15b,691,msc_valid,4,recency,0.2,15,3.183333333333333,47.75,2.933333333333333,44.0,0.25,3.75
qwen25_15b,691,msc_valid,4,lexical_tfidf,0.2,15,3.183333333333333,47.75,2.933333333333333,44.0,0.25,3.75
qwen25_15b,691,msc_valid,4,recency_keep_compress_drop,0.2,15,3.183333333333333,47.75,2.933333333333333,44.0,0.25,3.75
qwen25_15b,691,msc_valid,4,uniform,0.35,15,3.1,46.5,2.933333333333333,44.0,0.16666666666666696,2.5
qwen25_15b,691,msc_valid,4,longllmlingua,0.35,15,2.9,43.5,2.933333333333333,44.0,-0.033333333333333215,-0.5
qwen25_15b,691,msc_valid,4,recency,0.35,15,3.1,46.5,2.933333333333333,44.0,0.16666666666666696,2.5
qwen25_15b,691,msc_valid,4,lexical_tfidf,0.35,15,3.1,46.5,2.933333333333333,44.0,0.16666666666666696,2.5
qwen25_15b,691,msc_valid,4,recency_keep_compress_drop,0.35,15,3.1,46.5,2.933333333333333,44.0,0.16666666666666696,2.5
qwen25_15b,691,msc_valid,4,uniform,0.5,15,3.1,46.5,2.933333333333333,44.0,0.16666666666666696,2.5
qwen25_15b,691,msc_valid,4,longllmlingua,0.5,15,2.683333333333333,40.25,2.933333333333333,44.0,-0.25,-3.75
qwen25_15b,691,msc_valid,4,recency,0.5,15,3.1,46.5,2.933333333333333,44.0,0.16666666666666696,2.5
qwen25_15b,691,msc_valid,4,lexical_tfidf,0.5,15,3.1,46.5,2.933333333333333,44.0,0.16666666666666696,2.5
qwen25_15b,691,msc_valid,4,recency_keep_compress_drop,0.5,15,3.1,46.5,2.933333333333333,44.0,0.16666666666666696,2.5
qwen25_15b,691,msc_valid,6,uniform,0.2,11,2.0681818181818183,22.75,1.6022727272727273,17.625,0.46590909090909105,5.125
qwen25_15b,691,msc_valid,6,longllmlingua,0.2,11,1.7613636363636365,19.375,1.6022727272727273,17.625,0.15909090909090917,1.75
qwen25_15b,691,msc_valid,6,recency,0.2,11,2.2045454545454546,24.25,1.6022727272727273,17.625,0.6022727272727273,6.625
qwen25_15b,691,msc_valid,6,lexical_tfidf,0.2,11,2.0681818181818183,22.75,1.6022727272727273,17.625,0.46590909090909105,5.125
qwen25_15b,691,msc_valid,6,recency_keep_compress_drop,0.2,11,2.0681818181818183,22.75,1.6022727272727273,17.625,0.46590909090909105,5.125
qwen25_15b,691,msc_valid,6,uniform,0.35,11,1.8522727272727273,20.375,1.6022727272727273,17.625,0.25,2.75
qwen25_15b,691,msc_valid,6,longllmlingua,0.35,11,1.6477272727272727,18.125,1.6022727272727273,17.625,0.045454545454545414,0.5
qwen25_15b,691,msc_valid,6,recency,0.35,11,1.8522727272727273,20.375,1.6022727272727273,17.625,0.25,2.75
qwen25_15b,691,msc_valid,6,lexical_tfidf,0.35,11,1.8522727272727273,20.375,1.6022727272727273,17.625,0.25,2.75
qwen25_15b,691,msc_valid,6,recency_keep_compress_drop,0.35,11,2.0795454545454546,22.875,1.6022727272727273,17.625,0.4772727272727273,5.25
qwen25_15b,691,msc_valid,6,uniform,0.5,11,2.2954545454545454,25.25,1.6022727272727273,17.625,0.6931818181818181,7.625
qwen25_15b,691,msc_valid,6,longllmlingua,0.5,11,1.4090909090909092,15.5,1.6022727272727273,17.625,-0.19318181818181812,-2.125
qwen25_15b,691,msc_valid,6,recency,0.5,11,2.0454545454545454,22.5,1.6022727272727273,17.625,0.4431818181818181,4.875
qwen25_15b,691,msc_valid,6,lexical_tfidf,0.5,11,1.8522727272727273,20.375,1.6022727272727273,17.625,0.25,2.75
qwen25_15b,691,msc_valid,6,recency_keep_compress_drop,0.5,11,1.7840909090909092,19.625,1.6022727272727273,17.625,0.18181818181818188,2.0
qwen25_15b,691,msc_valid,8,uniform,0.2,14,3.0535714285714284,42.75,2.732142857142857,38.25,0.3214285714285712,4.5
qwen25_15b,691,msc_valid,8,longllmlingua,0.2,14,3.0535714285714284,42.75,2.732142857142857,38.25,0.3214285714285712,4.5
qwen25_15b,691,msc_valid,8,recency,0.2,14,3.142857142857143,44.0,2.732142857142857,38.25,0.4107142857142856,5.75
qwen25_15b,691,msc_valid,8,lexical_tfidf,0.2,14,3.232142857142857,45.25,2.732142857142857,38.25,0.5,7.0
qwen25_15b,691,msc_valid,8,recency_keep_compress_drop,0.2,14,3.142857142857143,44.0,2.732142857142857,38.25,0.4107142857142856,5.75
qwen25_15b,691,msc_valid,8,uniform,0.35,14,2.982142857142857,41.75,2.732142857142857,38.25,0.25,3.5
qwen25_15b,691,msc_valid,8,longllmlingua,0.35,14,2.8035714285714284,39.25,2.732142857142857,38.25,0.07142857142857117,1.0
qwen25_15b,691,msc_valid,8,recency,0.35,14,3.142857142857143,44.0,2.732142857142857,38.25,0.4107142857142856,5.75
qwen25_15b,691,msc_valid,8,lexical_tfidf,0.35,14,3.1964285714285716,44.75,2.732142857142857,38.25,0.4642857142857144,6.5
qwen25_15b,691,msc_valid,8,recency_keep_compress_drop,0.35,14,2.9107142857142856,40.75,2.732142857142857,38.25,0.17857142857142838,2.5
qwen25_15b,691,msc_valid,8,uniform,0.5,14,2.8392857142857144,39.75,2.732142857142857,38.25,0.1071428571428572,1.5
qwen25_15b,691,msc_valid,8,longllmlingua,0.5,14,2.8392857142857144,39.75,2.732142857142857,38.25,0.1071428571428572,1.5
qwen25_15b,691,msc_valid,8,recency,0.5,14,3.0714285714285716,43.0,2.732142857142857,38.25,0.3392857142857144,4.75
qwen25_15b,691,msc_valid,8,lexical_tfidf,0.5,14,3.125,43.75,2.732142857142857,38.25,0.3928571428571428,5.5
qwen25_15b,691,msc_valid,8,recency_keep_compress_drop,0.5,14,2.8035714285714284,39.25,2.732142857142857,38.25,0.07142857142857117,1.0
qwen25_15b,691,msc_valid,10,uniform,0.2,9,3.1805555555555554,28.625,2.9027777777777777,26.125,0.2777777777777777,2.5
qwen25_15b,691,msc_valid,10,longllmlingua,0.2,9,2.861111111111111,25.75,2.9027777777777777,26.125,-0.04166666666666652,-0.375
qwen25_15b,691,msc_valid,10,recency,0.2,9,2.9444444444444446,26.5,2.9027777777777777,26.125,0.04166666666666696,0.375
qwen25_15b,691,msc_valid,10,lexical_tfidf,0.2,9,3.0416666666666665,27.375,2.9027777777777777,26.125,0.13888888888888884,1.25
qwen25_15b,691,msc_valid,10,recency_keep_compress_drop,0.2,9,3.0416666666666665,27.375,2.9027777777777777,26.125,0.13888888888888884,1.25
qwen25_15b,691,msc_valid,10,uniform,0.35,9,2.8333333333333335,25.5,2.9027777777777777,26.125,-0.0694444444444442,-0.625
qwen25_15b,691,msc_valid,10,longllmlingua,0.35,9,2.5555555555555554,23.0,2.9027777777777777,26.125,-0.3472222222222223,-3.125
qwen25_15b,691,msc_valid,10,recency,0.35,9,2.888888888888889,26.0,2.9027777777777777,26.125,-0.01388888888888884,-0.125
qwen25_15b,691,msc_valid,10,lexical_tfidf,0.35,9,2.986111111111111,26.875,2.9027777777777777,26.125,0.08333333333333348,0.75
qwen25_15b,691,msc_valid,10,recency_keep_compress_drop,0.35,9,2.9305555555555554,26.375,2.9027777777777777,26.125,0.02777777777777768,0.25
qwen25_15b,691,msc_valid,10,uniform,0.5,9,3.0416666666666665,27.375,2.9027777777777777,26.125,0.13888888888888884,1.25
qwen25_15b,691,msc_valid,10,longllmlingua,0.5,9,2.611111111111111,23.5,2.9027777777777777,26.125,-0.2916666666666665,-2.625
qwen25_15b,691,msc_valid,10,recency,0.5,9,2.9166666666666665,26.25,2.9027777777777777,26.125,0.01388888888888884,0.125
qwen25_15b,691,msc_valid,10,lexical_tfidf,0.5,9,3.0972222222222223,27.875,2.9027777777777777,26.125,0.19444444444444464,1.75
qwen25_15b,691,msc_valid,10,recency_keep_compress_drop,0.5,9,2.9027777777777777,26.125,2.9027777777777777,26.125,0.0,0.0
qwen25_15b,691,msc_valid,12,uniform,0.2,10,3.325,33.25,2.5,25.0,0.8250000000000002,8.25
qwen25_15b,691,msc_valid,12,longllmlingua,0.2,10,2.625,26.25,2.5,25.0,0.125,1.25
qwen25_15b,691,msc_valid,12,recency,0.2,10,3.075,30.75,2.5,25.0,0.5750000000000002,5.75
qwen25_15b,691,msc_valid,12,lexical_tfidf,0.2,10,3.35,33.5,2.5,25.0,0.8500000000000001,8.5
qwen25_15b,691,msc_valid,12,recency_keep_compress_drop,0.2,10,2.9625,29.625,2.5,25.0,0.4624999999999999,4.625
qwen25_15b,691,msc_valid,12,uniform,0.35,10,2.9875,29.875,2.5,25.0,0.4874999999999998,4.875
qwen25_15b,691,msc_valid,12,longllmlingua,0.35,10,2.6125,26.125,2.5,25.0,0.11249999999999982,1.125
qwen25_15b,691,msc_valid,12,recency,0.35,10,2.7375,27.375,2.5,25.0,0.23749999999999982,2.375
qwen25_15b,691,msc_valid,12,lexical_tfidf,0.35,10,2.9625,29.625,2.5,25.0,0.4624999999999999,4.625
qwen25_15b,691,msc_valid,12,recency_keep_compress_drop,0.35,10,2.8,28.0,2.5,25.0,0.2999999999999998,3.0
qwen25_15b,691,msc_valid,12,uniform,0.5,10,2.6875,26.875,2.5,25.0,0.1875,1.875
qwen25_15b,691,msc_valid,12,longllmlingua,0.5,10,2.55,25.5,2.5,25.0,0.04999999999999982,0.5
qwen25_15b,691,msc_valid,12,recency,0.5,10,2.8,28.0,2.5,25.0,0.2999999999999998,3.0
qwen25_15b,691,msc_valid,12,lexical_tfidf,0.5,10,3.1375,31.375,2.5,25.0,0.6375000000000002,6.375
qwen25_15b,691,msc_valid,12,recency_keep_compress_drop,0.5,10,2.7,27.0,2.5,25.0,0.20000000000000018,2.0
qwen25_15b,753,msc_valid,4,uniform,0.2,17,3.823529411764706,65.0,3.6176470588235294,61.5,0.20588235294117663,3.5
qwen25_15b,753,msc_valid,4,longllmlingua,0.2,17,3.661764705882353,62.25,3.6176470588235294,61.5,0.04411764705882337,0.75
qwen25_15b,753,msc_valid,4,recency,0.2,17,3.823529411764706,65.0,3.6176470588235294,61.5,0.20588235294117663,3.5
qwen25_15b,753,msc_valid,4,lexical_tfidf,0.2,17,3.823529411764706,65.0,3.6176470588235294,61.5,0.20588235294117663,3.5
qwen25_15b,753,msc_valid,4,recency_keep_compress_drop,0.2,17,3.823529411764706,65.0,3.6176470588235294,61.5,0.20588235294117663,3.5
qwen25_15b,753,msc_valid,4,uniform,0.35,17,3.75,63.75,3.6176470588235294,61.5,0.13235294117647056,2.25
qwen25_15b,753,msc_valid,4,longllmlingua,0.35,17,3.735294117647059,63.5,3.6176470588235294,61.5,0.11764705882352944,2.0
qwen25_15b,753,msc_valid,4,recency,0.35,17,3.75,63.75,3.6176470588235294,61.5,0.13235294117647056,2.25
qwen25_15b,753,msc_valid,4,lexical_tfidf,0.35,17,3.75,63.75,3.6176470588235294,61.5,0.13235294117647056,2.25
qwen25_15b,753,msc_valid,4,recency_keep_compress_drop,0.35,17,3.75,63.75,3.6176470588235294,61.5,0.13235294117647056,2.25
qwen25_15b,753,msc_valid,4,uniform,0.5,17,3.75,63.75,3.6176470588235294,61.5,0.13235294117647056,2.25
qwen25_15b,753,msc_valid,4,longllmlingua,0.5,17,3.588235294117647,61.0,3.6176470588235294,61.5,-0.02941176470588225,-0.5
qwen25_15b,753,msc_valid,4,recency,0.5,17,3.75,63.75,3.6176470588235294,61.5,0.13235294117647056,2.25
qwen25_15b,753,msc_valid,4,lexical_tfidf,0.5,17,3.75,63.75,3.6176470588235294,61.5,0.13235294117647056,2.25
qwen25_15b,753,msc_valid,4,recency_keep_compress_drop,0.5,17,3.75,63.75,3.6176470588235294,61.5,0.13235294117647056,2.25
qwen25_15b,753,msc_valid,8,uniform,0.2,21,2.3214285714285716,48.75,1.8452380952380953,38.75,0.4761904761904763,10.0
qwen25_15b,753,msc_valid,8,longllmlingua,0.2,21,2.3214285714285716,48.75,1.8452380952380953,38.75,0.4761904761904763,10.0
qwen25_15b,753,msc_valid,8,recency,0.2,21,2.4285714285714284,51.0,1.8452380952380953,38.75,0.583333333333333,12.25
qwen25_15b,753,msc_valid,8,lexical_tfidf,0.2,21,2.4285714285714284,51.0,1.8452380952380953,38.75,0.583333333333333,12.25
qwen25_15b,753,msc_valid,8,recency_keep_compress_drop,0.2,21,2.4285714285714284,51.0,1.8452380952380953,38.75,0.583333333333333,12.25
qwen25_15b,753,msc_valid,8,uniform,0.35,21,2.5,52.5,1.8452380952380953,38.75,0.6547619047619047,13.75
qwen25_15b,753,msc_valid,8,longllmlingua,0.35,21,2.3214285714285716,48.75,1.8452380952380953,38.75,0.4761904761904763,10.0
qwen25_15b,753,msc_valid,8,recency,0.35,21,2.2976190476190474,48.25,1.8452380952380953,38.75,0.4523809523809521,9.5
qwen25_15b,753,msc_valid,8,lexical_tfidf,0.35,21,2.3095238095238093,48.5,1.8452380952380953,38.75,0.46428571428571397,9.75
qwen25_15b,753,msc_valid,8,recency_keep_compress_drop,0.35,21,2.25,47.25,1.8452380952380953,38.75,0.40476190476190466,8.5
qwen25_15b,753,msc_valid,8,uniform,0.5,21,2.1785714285714284,45.75,1.8452380952380953,38.75,0.33333333333333304,7.0
qwen25_15b,753,msc_valid,8,longllmlingua,0.5,21,2.3095238095238093,48.5,1.8452380952380953,38.75,0.46428571428571397,9.75
qwen25_15b,753,msc_valid,8,recency,0.5,21,2.1785714285714284,45.75,1.8452380952380953,38.75,0.33333333333333304,7.0
qwen25_15b,753,msc_valid,8,lexical_tfidf,0.5,21,2.2142857142857144,46.5,1.8452380952380953,38.75,0.36904761904761907,7.75
qwen25_15b,753,msc_valid,8,recency_keep_compress_drop,0.5,21,2.0833333333333335,43.75,1.8452380952380953,38.75,0.23809523809523814,5.0
qwen25_15b,753,msc_valid,12,uniform,0.2,12,4.645833333333333,55.75,3.8958333333333335,46.75,0.7499999999999996,9.0
qwen25_15b,753,msc_valid,12,longllmlingua,0.2,12,4.375,52.5,3.8958333333333335,46.75,0.4791666666666665,5.75
qwen25_15b,753,msc_valid,12,recency,0.2,12,4.4375,53.25,3.8958333333333335,46.75,0.5416666666666665,6.5
qwen25_15b,753,msc_valid,12,lexical_tfidf,0.2,12,4.5,54.0,3.8958333333333335,46.75,0.6041666666666665,7.25
qwen25_15b,753,msc_valid,12,recency_keep_compress_drop,0.2,12,4.541666666666667,54.5,3.8958333333333335,46.75,0.6458333333333335,7.75
qwen25_15b,753,msc_valid,12,uniform,0.35,12,4.416666666666667,53.0,3.8958333333333335,46.75,0.5208333333333335,6.25
qwen25_15b,753,msc_valid,12,longllmlingua,0.35,12,4.208333333333333,50.5,3.8958333333333335,46.75,0.31249999999999956,3.75
qwen25_15b,753,msc_valid,12,recency,0.35,12,4.229166666666667,50.75,3.8958333333333335,46.75,0.3333333333333335,4.0
qwen25_15b,753,msc_valid,12,lexical_tfidf,0.35,12,4.104166666666667,49.25,3.8958333333333335,46.75,0.20833333333333348,2.5
qwen25_15b,753,msc_valid,12,recency_keep_compress_drop,0.35,12,4.125,49.5,3.8958333333333335,46.75,0.22916666666666652,2.75
qwen25_15b,753,msc_valid,12,uniform,0.5,12,4.104166666666667,49.25,3.8958333333333335,46.75,0.20833333333333348,2.5
qwen25_15b,753,msc_valid,12,longllmlingua,0.5,12,4.083333333333333,49.0,3.8958333333333335,46.75,0.18749999999999956,2.25
qwen25_15b,753,msc_valid,12,recency,0.5,12,4.416666666666667,53.0,3.8958333333333335,46.75,0.5208333333333335,6.25
qwen25_15b,753,msc_valid,12,lexical_tfidf,0.5,12,4.5625,54.75,3.8958333333333335,46.75,0.6666666666666665,8.0
qwen25_15b,753,msc_valid,12,recency_keep_compress_drop,0.5,12,4.145833333333333,49.75,3.8958333333333335,46.75,0.24999999999999956,3.0
qwen25_15b,753,msc_valid,16,uniform,0.2,28,1.8035714285714286,50.5,1.8214285714285714,51.0,-0.017857142857142794,-0.5
qwen25_15b,753,msc_valid,16,longllmlingua,0.2,28,1.8928571428571428,53.0,1.8214285714285714,51.0,0.0714285714285714,2.0
qwen25_15b,753,msc_valid,16,recency,0.2,28,1.8660714285714286,52.25,1.8214285714285714,51.0,0.044642857142857206,1.25
qwen25_15b,753,msc_valid,16,lexical_tfidf,0.2,28,1.8660714285714286,52.25,1.8214285714285714,51.0,0.044642857142857206,1.25
qwen25_15b,753,msc_valid,16,recency_keep_compress_drop,0.2,28,1.875,52.5,1.8214285714285714,51.0,0.0535714285714286,1.5
qwen25_15b,753,msc_valid,16,uniform,0.35,28,1.75,49.0,1.8214285714285714,51.0,-0.0714285714285714,-2.0
qwen25_15b,753,msc_valid,16,longllmlingua,0.35,28,1.7946428571428572,50.25,1.8214285714285714,51.0,-0.02678571428571419,-0.75
qwen25_15b,753,msc_valid,16,recency,0.35,28,1.8839285714285714,52.75,1.8214285714285714,51.0,0.0625,1.75
qwen25_15b,753,msc_valid,16,lexical_tfidf,0.35,28,1.8660714285714286,52.25,1.8214285714285714,51.0,0.044642857142857206,1.25
qwen25_15b,753,msc_valid,16,recency_keep_compress_drop,0.35,28,1.9017857142857142,53.25,1.8214285714285714,51.0,0.0803571428571428,2.25
qwen25_15b,753,msc_valid,16,uniform,0.5,28,1.7857142857142858,50.0,1.8214285714285714,51.0,-0.03571428571428559,-1.0
qwen25_15b,753,msc_valid,16,longllmlingua,0.5,28,1.8035714285714286,50.5,1.8214285714285714,51.0,-0.017857142857142794,-0.5
qwen25_15b,753,msc_valid,16,recency,0.5,28,1.8303571428571428,51.25,1.8214285714285714,51.0,0.008928571428571397,0.25
qwen25_15b,753,msc_valid,16,lexical_tfidf,0.5,28,1.8482142857142858,51.75,1.8214285714285714,51.0,0.026785714285714413,0.75
qwen25_15b,753,msc_valid,16,recency_keep_compress_drop,0.5,28,1.8660714285714286,52.25,1.8214285714285714,51.0,0.044642857142857206,1.25
qwen25_15b,753,msc_valid,20,uniform,0.2,39,3.6153846153846154,141.0,3.5128205128205128,137.0,0.10256410256410264,4.0
qwen25_15b,753,msc_valid,20,longllmlingua,0.2,39,3.4871794871794872,136.0,3.5128205128205128,137.0,-0.02564102564102555,-1.0
qwen25_15b,753,msc_valid,20,recency,0.2,39,3.5641025641025643,139.0,3.5128205128205128,137.0,0.051282051282051544,2.0
qwen25_15b,753,msc_valid,20,lexical_tfidf,0.2,39,3.5128205128205128,137.0,3.5128205128205128,137.0,0.0,0.0
qwen25_15b,753,msc_valid,20,recency_keep_compress_drop,0.2,39,3.641025641025641,142.0,3.5128205128205128,137.0,0.1282051282051282,5.0
qwen25_15b,753,msc_valid,20,uniform,0.35,39,3.58974358974359,140.0,3.5128205128205128,137.0,0.0769230769230771,3.0
qwen25_15b,753,msc_valid,20,longllmlingua,0.35,39,3.4615384615384617,135.0,3.5128205128205128,137.0,-0.0512820512820511,-2.0
qwen25_15b,753,msc_valid,20,recency,0.35,39,3.5384615384615383,138.0,3.5128205128205128,137.0,0.02564102564102555,1.0
qwen25_15b,753,msc_valid,20,lexical_tfidf,0.35,39,3.4871794871794872,136.0,3.5128205128205128,137.0,-0.02564102564102555,-1.0
qwen25_15b,753,msc_valid,20,recency_keep_compress_drop,0.35,39,3.5384615384615383,138.0,3.5128205128205128,137.0,0.02564102564102555,1.0
qwen25_15b,753,msc_valid,20,uniform,0.5,39,3.641025641025641,142.0,3.5128205128205128,137.0,0.1282051282051282,5.0
qwen25_15b,753,msc_valid,20,longllmlingua,0.5,39,3.4871794871794872,136.0,3.5128205128205128,137.0,-0.02564102564102555,-1.0
qwen25_15b,753,msc_valid,20,recency,0.5,39,3.5384615384615383,138.0,3.5128205128205128,137.0,0.02564102564102555,1.0
qwen25_15b,753,msc_valid,20,lexical_tfidf,0.5,39,3.5641025641025643,139.0,3.5128205128205128,137.0,0.051282051282051544,2.0
qwen25_15b,753,msc_valid,20,recency_keep_compress_drop,0.5,39,3.5384615384615383,138.0,3.5128205128205128,137.0,0.02564102564102555,1.0
qwen25_15b,753,msc_valid,24,uniform,0.2,76,2.9210526315789473,222.0,2.763157894736842,210.0,0.1578947368421053,12.0
qwen25_15b,753,msc_valid,24,longllmlingua,0.2,76,2.8815789473684212,219.0,2.763157894736842,210.0,0.1184210526315792,9.0
qwen25_15b,753,msc_valid,24,recency,0.2,76,2.8552631578947367,217.0,2.763157894736842,210.0,0.09210526315789469,7.0
qwen25_15b,753,msc_valid,24,lexical_tfidf,0.2,76,2.8947368421052633,220.0,2.763157894736842,210.0,0.13157894736842124,10.0
qwen25_15b,753,msc_valid,24,recency_keep_compress_drop,0.2,76,2.8157894736842106,214.0,2.763157894736842,210.0,0.052631578947368585,4.0
qwen25_15b,753,msc_valid,24,uniform,0.35,76,2.8421052631578947,216.0,2.763157894736842,210.0,0.07894736842105265,6.0
qwen25_15b,753,msc_valid,24,longllmlingua,0.35,76,2.8815789473684212,219.0,2.763157894736842,210.0,0.1184210526315792,9.0
qwen25_15b,753,msc_valid,24,recency,0.35,76,2.789473684210526,212.0,2.763157894736842,210.0,0.02631578947368407,2.0
qwen25_15b,753,msc_valid,24,lexical_tfidf,0.35,76,2.8684210526315788,218.0,2.763157894736842,210.0,0.10526315789473673,8.0
qwen25_15b,753,msc_valid,24,recency_keep_compress_drop,0.35,76,2.789473684210526,212.0,2.763157894736842,210.0,0.02631578947368407,2.0
qwen25_15b,753,msc_valid,24,uniform,0.5,76,2.8421052631578947,216.0,2.763157894736842,210.0,0.07894736842105265,6.0
qwen25_15b,753,msc_valid,24,longllmlingua,0.5,76,2.8421052631578947,216.0,2.763157894736842,210.0,0.07894736842105265,6.0
qwen25_15b,753,msc_valid,24,recency,0.5,76,2.789473684210526,212.0,2.763157894736842,210.0,0.02631578947368407,2.0
qwen25_15b,753,msc_valid,24,lexical_tfidf,0.5,76,2.8157894736842106,214.0,2.763157894736842,210.0,0.052631578947368585,4.0
qwen25_15b,753,msc_valid,24,recency_keep_compress_drop,0.5,76,2.763157894736842,210.0,2.763157894736842,210.0,0.0,0.0
qwen25_15b,753,msc_valid,28,uniform,0.2,20,1.6,32.0,1.5,30.0,0.10000000000000009,2.0
qwen25_15b,753,msc_valid,28,longllmlingua,0.2,20,1.6375,32.75,1.5,30.0,0.13749999999999996,2.75
qwen25_15b,753,msc_valid,28,recency,0.2,20,1.7,34.0,1.5,30.0,0.19999999999999996,4.0
qwen25_15b,753,msc_valid,28,lexical_tfidf,0.2,20,1.9,38.0,1.5,30.0,0.3999999999999999,8.0
qwen25_15b,753,msc_valid,28,recency_keep_compress_drop,0.2,20,1.7625,35.25,1.5,30.0,0.26249999999999996,5.25
qwen25_15b,753,msc_valid,28,uniform,0.35,20,1.56875,31.375,1.5,30.0,0.06875000000000009,1.375
qwen25_15b,753,msc_valid,28,longllmlingua,0.35,20,1.6875,33.75,1.5,30.0,0.1875,3.75
qwen25_15b,753,msc_valid,28,recency,0.35,20,1.7625,35.25,1.5,30.0,0.26249999999999996,5.25
qwen25_15b,753,msc_valid,28,lexical_tfidf,0.35,20,1.7875,35.75,1.5,30.0,0.2875000000000001,5.75
qwen25_15b,753,msc_valid,28,recency_keep_compress_drop,0.35,20,1.7875,35.75,1.5,30.0,0.2875000000000001,5.75
qwen25_15b,753,msc_valid,28,uniform,0.5,20,1.425,28.5,1.5,30.0,-0.07499999999999996,-1.5
qwen25_15b,753,msc_valid,28,longllmlingua,0.5,20,1.7125,34.25,1.5,30.0,0.2124999999999999,4.25
qwen25_15b,753,msc_valid,28,recency,0.5,20,1.6125,32.25,1.5,30.0,0.11250000000000004,2.25
qwen25_15b,753,msc_valid,28,lexical_tfidf,0.5,20,1.675,33.5,1.5,30.0,0.17500000000000004,3.5
qwen25_15b,753,msc_valid,28,recency_keep_compress_drop,0.5,20,1.725,34.5,1.5,30.0,0.2250000000000001,4.5
qwen25_15b,753,msc_valid,32,uniform,0.2,27,3.6666666666666665,99.0,2.8518518518518516,77.0,0.8148148148148149,22.0
qwen25_15b,753,msc_valid,32,longllmlingua,0.2,27,3.537037037037037,95.5,2.8518518518518516,77.0,0.6851851851851856,18.5
qwen25_15b,753,msc_valid,32,recency,0.2,27,3.7777777777777777,102.0,2.8518518518518516,77.0,0.925925925925926,25.0
qwen25_15b,753,msc_valid,32,lexical_tfidf,0.2,27,3.6481481481481484,98.5,2.8518518518518516,77.0,0.7962962962962967,21.5
qwen25_15b,753,msc_valid,32,recency_keep_compress_drop,0.2,27,3.574074074074074,96.5,2.8518518518518516,77.0,0.7222222222222223,19.5
qwen25_15b,753,msc_valid,32,uniform,0.35,27,3.6296296296296298,98.0,2.8518518518518516,77.0,0.7777777777777781,21.0
qwen25_15b,753,msc_valid,32,longllmlingua,0.35,27,3.1666666666666665,85.5,2.8518518518518516,77.0,0.3148148148148149,8.5
qwen25_15b,753,msc_valid,32,recency,0.35,27,3.462962962962963,93.5,2.8518518518518516,77.0,0.6111111111111112,16.5
qwen25_15b,753,msc_valid,32,lexical_tfidf,0.35,27,3.685185185185185,99.5,2.8518518518518516,77.0,0.8333333333333335,22.5
qwen25_15b,753,msc_valid,32,recency_keep_compress_drop,0.35,27,3.7222222222222223,100.5,2.8518518518518516,77.0,0.8703703703703707,23.5
qwen25_15b,753,msc_valid,32,uniform,0.5,27,3.6666666666666665,99.0,2.8518518518518516,77.0,0.8148148148148149,22.0
qwen25_15b,753,msc_valid,32,longllmlingua,0.5,27,3.185185185185185,86.0,2.8518518518518516,77.0,0.3333333333333335,9.0
qwen25_15b,753,msc_valid,32,recency,0.5,27,3.685185185185185,99.5,2.8518518518518516,77.0,0.8333333333333335,22.5
qwen25_15b,753,msc_valid,32,lexical_tfidf,0.5,27,2.9814814814814814,80.5,2.8518518518518516,77.0,0.12962962962962976,3.5
qwen25_15b,753,msc_valid,32,recency_keep_compress_drop,0.5,27,3.1666666666666665,85.5,2.8518518518518516,77.0,0.3148148148148149,8.5
qwen25_15b,753,msc_valid,34,uniform,0.2,15,3.433333333333333,51.5,3.2666666666666666,49.0,0.16666666666666652,2.5
qwen25_15b,753,msc_valid,34,longllmlingua,0.2,15,3.433333333333333,51.5,3.2666666666666666,49.0,0.16666666666666652,2.5
qwen25_15b,753,msc_valid,34,recency,0.2,15,3.3833333333333333,50.75,3.2666666666666666,49.0,0.1166666666666667,1.75
qwen25_15b,753,msc_valid,34,lexical_tfidf,0.2,15,3.3333333333333335,50.0,3.2666666666666666,49.0,0.06666666666666687,1.0
qwen25_15b,753,msc_valid,34,recency_keep_compress_drop,0.2,15,3.2,48.0,3.2666666666666666,49.0,-0.06666666666666643,-1.0
qwen25_15b,753,msc_valid,34,uniform,0.35,15,3.3666666666666667,50.5,3.2666666666666666,49.0,0.10000000000000009,1.5
qwen25_15b,753,msc_valid,34,longllmlingua,0.35,15,3.3333333333333335,50.0,3.2666666666666666,49.0,0.06666666666666687,1.0
qwen25_15b,753,msc_valid,34,recency,0.35,15,3.283333333333333,49.25,3.2666666666666666,49.0,0.016666666666666607,0.25
qwen25_15b,753,msc_valid,34,lexical_tfidf,0.35,15,3.35,50.25,3.2666666666666666,49.0,0.08333333333333348,1.25
qwen25_15b,753,msc_valid,34,recency_keep_compress_drop,0.35,15,3.283333333333333,49.25,3.2666666666666666,49.0,0.016666666666666607,0.25
qwen25_15b,753,msc_valid,34,uniform,0.5,15,3.316666666666667,49.75,3.2666666666666666,49.0,0.050000000000000266,0.75
qwen25_15b,753,msc_valid,34,longllmlingua,0.5,15,3.466666666666667,52.0,3.2666666666666666,49.0,0.20000000000000018,3.0
qwen25_15b,753,msc_valid,34,recency,0.5,15,3.35,50.25,3.2666666666666666,49.0,0.08333333333333348,1.25
qwen25_15b,753,msc_valid,34,lexical_tfidf,0.5,15,3.316666666666667,49.75,3.2666666666666666,49.0,0.050000000000000266,0.75
qwen25_15b,753,msc_valid,34,recency_keep_compress_drop,0.5,15,2.966666666666667,44.5,3.2666666666666666,49.0,-0.2999999999999998,-4.5
qwen25_15b,753,msc_valid,38,uniform,0.2,15,1.6916666666666667,25.375,1.5166666666666666,22.75,0.17500000000000004,2.625
qwen25_15b,753,msc_valid,38,longllmlingua,0.2,15,2.1166666666666667,31.75,1.5166666666666666,22.75,0.6000000000000001,9.0
qwen25_15b,753,msc_valid,38,recency,0.2,15,1.9833333333333334,29.75,1.5166666666666666,22.75,0.4666666666666668,7.0
qwen25_15b,753,msc_valid,38,lexical_tfidf,0.2,15,1.8083333333333333,27.125,1.5166666666666666,22.75,0.29166666666666674,4.375
qwen25_15b,753,msc_valid,38,recency_keep_compress_drop,0.2,15,1.95,29.25,1.5166666666666666,22.75,0.43333333333333335,6.5
qwen25_15b,753,msc_valid,38,uniform,0.35,15,1.5083333333333333,22.625,1.5166666666666666,22.75,-0.008333333333333304,-0.125
qwen25_15b,753,msc_valid,38,longllmlingua,0.35,15,2.15,32.25,1.5166666666666666,22.75,0.6333333333333333,9.5
qwen25_15b,753,msc_valid,38,recency,0.35,15,1.6416666666666666,24.625,1.5166666666666666,22.75,0.125,1.875
qwen25_15b,753,msc_valid,38,lexical_tfidf,0.35,15,1.8166666666666667,27.25,1.5166666666666666,22.75,0.30000000000000004,4.5
qwen25_15b,753,msc_valid,38,recency_keep_compress_drop,0.35,15,1.9083333333333334,28.625,1.5166666666666666,22.75,0.39166666666666683,5.875
qwen25_15b,753,msc_valid,38,uniform,0.5,15,1.525,22.875,1.5166666666666666,22.75,0.008333333333333304,0.125
qwen25_15b,753,msc_valid,38,longllmlingua,0.5,15,2.2,33.0,1.5166666666666666,22.75,0.6833333333333336,10.25
qwen25_15b,753,msc_valid,38,recency,0.5,15,1.85,27.75,1.5166666666666666,22.75,0.3333333333333335,5.0
qwen25_15b,753,msc_valid,38,lexical_tfidf,0.5,15,1.725,25.875,1.5166666666666666,22.75,0.20833333333333348,3.125
qwen25_15b,753,msc_valid,38,recency_keep_compress_drop,0.5,15,1.8,27.0,1.5166666666666666,22.75,0.28333333333333344,4.25
qwen25_15b,753,msc_valid,42,uniform,0.2,15,3.783333333333333,56.75,0.0,0.0,3.783333333333333,56.75
qwen25_15b,753,msc_valid,42,longllmlingua,0.2,15,3.6333333333333333,54.5,0.0,0.0,3.6333333333333333,54.5
qwen25_15b,753,msc_valid,42,recency,0.2,15,3.8833333333333333,58.25,0.0,0.0,3.8833333333333333,58.25
qwen25_15b,753,msc_valid,42,lexical_tfidf,0.2,15,3.55,53.25,0.0,0.0,3.55,53.25
qwen25_15b,753,msc_valid,42,recency_keep_compress_drop,0.2,15,3.5833333333333335,53.75,0.0,0.0,3.5833333333333335,53.75
qwen25_15b,753,msc_valid,42,uniform,0.35,15,3.6166666666666667,54.25,0.0,0.0,3.6166666666666667,54.25
qwen25_15b,753,msc_valid,42,longllmlingua,0.35,15,3.5,52.5,0.0,0.0,3.5,52.5
qwen25_15b,753,msc_valid,42,recency,0.35,15,3.6333333333333333,54.5,0.0,0.0,3.6333333333333333,54.5
qwen25_15b,753,msc_valid,42,lexical_tfidf,0.35,15,3.566666666666667,53.5,0.0,0.0,3.566666666666667,53.5
qwen25_15b,753,msc_valid,42,recency_keep_compress_drop,0.35,15,3.25,48.75,0.0,0.0,3.25,48.75
qwen25_15b,753,msc_valid,42,uniform,0.5,15,3.533333333333333,53.0,0.0,0.0,3.533333333333333,53.0
qwen25_15b,753,msc_valid,42,longllmlingua,0.5,15,3.3333333333333335,50.0,0.0,0.0,3.3333333333333335,50.0
qwen25_15b,753,msc_valid,42,recency,0.5,15,3.4166666666666665,51.25,0.0,0.0,3.4166666666666665,51.25
qwen25_15b,753,msc_valid,42,lexical_tfidf,0.5,15,3.316666666666667,49.75,0.0,0.0,3.316666666666667,49.75
qwen25_15b,753,msc_valid,42,recency_keep_compress_drop,0.5,15,3.3333333333333335,50.0,0.0,0.0,3.3333333333333335,50.0
qwen25_15b,753,msc_valid,46,uniform,0.2,28,2.5,70.0,0.0,0.0,2.5,70.0
qwen25_15b,753,msc_valid,46,longllmlingua,0.2,28,2.5,70.0,0.0,0.0,2.5,70.0
qwen25_15b,753,msc_valid,46,recency,0.2,28,2.9107142857142856,81.5,0.0,0.0,2.9107142857142856,81.5
qwen25_15b,753,msc_valid,46,lexical_tfidf,0.2,28,2.4285714285714284,68.0,0.0,0.0,2.4285714285714284,68.0
qwen25_15b,753,msc_valid,46,recency_keep_compress_drop,0.2,28,2.7857142857142856,78.0,0.0,0.0,2.7857142857142856,78.0
qwen25_15b,753,msc_valid,46,uniform,0.35,28,2.5714285714285716,72.0,0.0,0.0,2.5714285714285716,72.0
qwen25_15b,753,msc_valid,46,longllmlingua,0.35,28,2.5357142857142856,71.0,0.0,0.0,2.5357142857142856,71.0
qwen25_15b,753,msc_valid,46,recency,0.35,28,2.4464285714285716,68.5,0.0,0.0,2.4464285714285716,68.5
qwen25_15b,753,msc_valid,46,lexical_tfidf,0.35,28,2.357142857142857,66.0,0.0,0.0,2.357142857142857,66.0
qwen25_15b,753,msc_valid,46,recency_keep_compress_drop,0.35,28,2.482142857142857,69.5,0.0,0.0,2.482142857142857,69.5
qwen25_15b,753,msc_valid,46,uniform,0.5,28,2.517857142857143,70.5,0.0,0.0,2.517857142857143,70.5
qwen25_15b,753,msc_valid,46,longllmlingua,0.5,28,2.4642857142857144,69.0,0.0,0.0,2.4642857142857144,69.0
qwen25_15b,753,msc_valid,46,recency,0.5,28,2.357142857142857,66.0,0.0,0.0,2.357142857142857,66.0
qwen25_15b,753,msc_valid,46,lexical_tfidf,0.5,28,2.517857142857143,70.5,0.0,0.0,2.517857142857143,70.5
qwen25_15b,753,msc_valid,46,recency_keep_compress_drop,0.5,28,2.4464285714285716,68.5,0.0,0.0,2.4464285714285716,68.5
qwen25_15b,753,msc_valid,50,uniform,0.2,20,2.5375,50.75,0.0,0.0,2.5375,50.75
qwen25_15b,753,msc_valid,50,longllmlingua,0.2,20,2.7,54.0,0.0,0.0,2.7,54.0
qwen25_15b,753,msc_valid,50,recency,0.2,20,2.575,51.5,0.0,0.0,2.575,51.5
qwen25_15b,753,msc_valid,50,lexical_tfidf,0.2,20,2.6125,52.25,0.0,0.0,2.6125,52.25
qwen25_15b,753,msc_valid,50,recency_keep_compress_drop,0.2,20,2.525,50.5,0.0,0.0,2.525,50.5
qwen25_15b,753,msc_valid,50,uniform,0.35,20,2.525,50.5,0.0,0.0,2.525,50.5
qwen25_15b,753,msc_valid,50,longllmlingua,0.35,20,2.6875,53.75,0.0,0.0,2.6875,53.75
qwen25_15b,753,msc_valid,50,recency,0.35,20,2.5875,51.75,0.0,0.0,2.5875,51.75
qwen25_15b,753,msc_valid,50,lexical_tfidf,0.35,20,2.6375,52.75,0.0,0.0,2.6375,52.75
qwen25_15b,753,msc_valid,50,recency_keep_compress_drop,0.35,20,2.5875,51.75,0.0,0.0,2.5875,51.75
qwen25_15b,753,msc_valid,50,uniform,0.5,20,2.625,52.5,0.0,0.0,2.625,52.5
qwen25_15b,753,msc_valid,50,longllmlingua,0.5,20,2.625,52.5,0.0,0.0,2.625,52.5
qwen25_15b,753,msc_valid,50,recency,0.5,20,2.6,52.0,0.0,0.0,2.6,52.0
qwen25_15b,753,msc_valid,50,lexical_tfidf,0.5,20,2.6375,52.75,0.0,0.0,2.6375,52.75
qwen25_15b,753,msc_valid,50,recency_keep_compress_drop,0.5,20,2.625,52.5,0.0,0.0,2.625,52.5
qwen25_15b,753,msc_valid,54,uniform,0.2,20,3.15,63.0,0.0,0.0,3.15,63.0
qwen25_15b,753,msc_valid,54,longllmlingua,0.2,20,3.25,65.0,0.0,0.0,3.25,65.0
qwen25_15b,753,msc_valid,54,recency,0.2,20,3.1875,63.75,0.0,0.0,3.1875,63.75
qwen25_15b,753,msc_valid,54,lexical_tfidf,0.2,20,3.1125,62.25,0.0,0.0,3.1125,62.25
qwen25_15b,753,msc_valid,54,recency_keep_compress_drop,0.2,20,3.125,62.5,0.0,0.0,3.125,62.5
qwen25_15b,753,msc_valid,54,uniform,0.35,20,3.1125,62.25,0.0,0.0,3.1125,62.25
qwen25_15b,753,msc_valid,54,longllmlingua,0.35,20,3.225,64.5,0.0,0.0,3.225,64.5
qwen25_15b,753,msc_valid,54,recency,0.35,20,3.1625,63.25,0.0,0.0,3.1625,63.25
qwen25_15b,753,msc_valid,54,lexical_tfidf,0.35,20,3.15,63.0,0.0,0.0,3.15,63.0
qwen25_15b,753,msc_valid,54,recency_keep_compress_drop,0.35,20,3.175,63.5,0.0,0.0,3.175,63.5
qwen25_15b,753,msc_valid,54,uniform,0.5,20,3.225,64.5,0.0,0.0,3.225,64.5
qwen25_15b,753,msc_valid,54,longllmlingua,0.5,20,3.1375,62.75,0.0,0.0,3.1375,62.75
qwen25_15b,753,msc_valid,54,recency,0.5,20,3.1625,63.25,0.0,0.0,3.1625,63.25
qwen25_15b,753,msc_valid,54,lexical_tfidf,0.5,20,3.2,64.0,0.0,0.0,3.2,64.0
qwen25_15b,753,msc_valid,54,recency_keep_compress_drop,0.5,20,3.175,63.5,0.0,0.0,3.175,63.5
qwen25_15b,753,msc_valid,58,uniform,0.2,40,2.35,94.0,0.0,0.0,2.35,94.0
qwen25_15b,753,msc_valid,58,longllmlingua,0.2,40,2.35,94.0,0.0,0.0,2.35,94.0
qwen25_15b,753,msc_valid,58,recency,0.2,40,2.375,95.0,0.0,0.0,2.375,95.0
qwen25_15b,753,msc_valid,58,lexical_tfidf,0.2,40,2.3375,93.5,0.0,0.0,2.3375,93.5
qwen25_15b,753,msc_valid,58,recency_keep_compress_drop,0.2,40,2.35,94.0,0.0,0.0,2.35,94.0
qwen25_15b,753,msc_valid,58,uniform,0.35,40,2.3875,95.5,0.0,0.0,2.3875,95.5
qwen25_15b,753,msc_valid,58,longllmlingua,0.35,40,2.375,95.0,0.0,0.0,2.375,95.0
qwen25_15b,753,msc_valid,58,recency,0.35,40,2.3875,95.5,0.0,0.0,2.3875,95.5
qwen25_15b,753,msc_valid,58,lexical_tfidf,0.35,40,2.3625,94.5,0.0,0.0,2.3625,94.5
qwen25_15b,753,msc_valid,58,recency_keep_compress_drop,0.35,40,2.3375,93.5,0.0,0.0,2.3375,93.5
qwen25_15b,753,msc_valid,58,uniform,0.5,40,2.425,97.0,0.0,0.0,2.425,97.0
qwen25_15b,753,msc_valid,58,longllmlingua,0.5,40,2.375,95.0,0.0,0.0,2.375,95.0
qwen25_15b,753,msc_valid,58,recency,0.5,37,2.581081081081081,95.5,0.0,0.0,2.581081081081081,95.5
qwen25_15b,753,msc_valid,58,lexical_tfidf,0.5,40,2.3375,93.5,0.0,0.0,2.3375,93.5
qwen25_15b,753,msc_valid,58,recency_keep_compress_drop,0.5,36,2.5555555555555554,92.0,0.0,0.0,2.5555555555555554,92.0
qwen25_15b,753,msc_valid,62,uniform,0.2,20,2.5625,51.25,0.0,0.0,2.5625,51.25
qwen25_15b,753,msc_valid,62,longllmlingua,0.2,20,2.7375,54.75,0.0,0.0,2.7375,54.75
qwen25_15b,753,msc_valid,62,recency,0.2,20,2.6,52.0,0.0,0.0,2.6,52.0
qwen25_15b,753,msc_valid,62,lexical_tfidf,0.2,20,2.65,53.0,0.0,0.0,2.65,53.0
qwen25_15b,753,msc_valid,62,recency_keep_compress_drop,0.2,20,2.5375,50.75,0.0,0.0,2.5375,50.75
qwen25_15b,753,msc_valid,62,uniform,0.35,20,2.4625,49.25,0.0,0.0,2.4625,49.25
qwen25_15b,753,msc_valid,62,longllmlingua,0.35,20,2.6875,53.75,0.0,0.0,2.6875,53.75
qwen25_15b,753,msc_valid,62,recency,0.35,20,2.575,51.5,0.0,0.0,2.575,51.5
qwen25_15b,753,msc_valid,62,lexical_tfidf,0.35,20,2.5875,51.75,0.0,0.0,2.5875,51.75
qwen25_15b,753,msc_valid,62,recency_keep_compress_drop,0.35,20,2.6,52.0,0.0,0.0,2.6,52.0
qwen25_15b,753,msc_valid,62,uniform,0.5,20,2.675,53.5,0.0,0.0,2.675,53.5
qwen25_15b,753,msc_valid,62,longllmlingua,0.5,20,2.7125,54.25,0.0,0.0,2.7125,54.25
qwen25_15b,753,msc_valid,62,recency,0.5,0,0.0,0.0,0.0,0.0,0.0,0.0
qwen25_15b,753,msc_valid,62,lexical_tfidf,0.5,0,0.0,0.0,0.0,0.0,0.0,0.0
qwen25_15b,753,msc_valid,62,recency_keep_compress_drop,0.5,0,0.0,0.0,0.0,0.0,0.0,0.0
qwen25_15b,759,msc_valid,4,uniform,0.2,17,3.9705882352941178,67.5,3.6176470588235294,61.5,0.3529411764705883,6.0
qwen25_15b,759,msc_valid,4,longllmlingua,0.2,17,3.3823529411764706,57.5,3.6176470588235294,61.5,-0.23529411764705888,-4.0
qwen25_15b,759,msc_valid,4,recency,0.2,17,3.9705882352941178,67.5,3.6176470588235294,61.5,0.3529411764705883,6.0
qwen25_15b,759,msc_valid,4,lexical_tfidf,0.2,17,3.9705882352941178,67.5,3.6176470588235294,61.5,0.3529411764705883,6.0
qwen25_15b,759,msc_valid,4,recency_keep_compress_drop,0.2,17,3.9705882352941178,67.5,3.6176470588235294,61.5,0.3529411764705883,6.0
qwen25_15b,759,msc_valid,4,uniform,0.35,17,3.7941176470588234,64.5,3.6176470588235294,61.5,0.17647058823529393,3.0
qwen25_15b,759,msc_valid,4,longllmlingua,0.35,17,3.485294117647059,59.25,3.6176470588235294,61.5,-0.13235294117647056,-2.25
qwen25_15b,759,msc_valid,4,recency,0.35,17,3.7941176470588234,64.5,3.6176470588235294,61.5,0.17647058823529393,3.0
qwen25_15b,759,msc_valid,4,lexical_tfidf,0.35,17,3.7941176470588234,64.5,3.6176470588235294,61.5,0.17647058823529393,3.0
qwen25_15b,759,msc_valid,4,recency_keep_compress_drop,0.35,17,3.7941176470588234,64.5,3.6176470588235294,61.5,0.17647058823529393,3.0
qwen25_15b,759,msc_valid,4,uniform,0.5,17,3.7941176470588234,64.5,3.6176470588235294,61.5,0.17647058823529393,3.0
qwen25_15b,759,msc_valid,4,longllmlingua,0.5,17,3.338235294117647,56.75,3.6176470588235294,61.5,-0.27941176470588225,-4.75
qwen25_15b,759,msc_valid,4,recency,0.5,17,3.7941176470588234,64.5,3.6176470588235294,61.5,0.17647058823529393,3.0
qwen25_15b,759,msc_valid,4,lexical_tfidf,0.5,17,3.7941176470588234,64.5,3.6176470588235294,61.5,0.17647058823529393,3.0
qwen25_15b,759,msc_valid,4,recency_keep_compress_drop,0.5,17,3.7941176470588234,64.5,3.6176470588235294,61.5,0.17647058823529393,3.0
qwen25_15b,759,msc_valid,8,uniform,0.2,20,5.075,101.5,4.375,87.5,0.7000000000000002,14.0
qwen25_15b,759,msc_valid,8,longllmlingua,0.2,20,4.925,98.5,4.375,87.5,0.5499999999999998,11.0
qwen25_15b,759,msc_valid,8,recency,0.2,20,5.05,101.0,4.375,87.5,0.6749999999999998,13.5
qwen25_15b,759,msc_valid,8,lexical_tfidf,0.2,20,4.65,93.0,4.375,87.5,0.27500000000000036,5.5
qwen25_15b,759,msc_valid,8,recency_keep_compress_drop,0.2,20,5.05,101.0,4.375,87.5,0.6749999999999998,13.5
qwen25_15b,759,msc_valid,8,uniform,0.35,20,5.2,104.0,4.375,87.5,0.8250000000000002,16.5
qwen25_15b,759,msc_valid,8,longllmlingua,0.35,20,5.025,100.5,4.375,87.5,0.6500000000000004,13.0
qwen25_15b,759,msc_valid,8,recency,0.35,20,4.725,94.5,4.375,87.5,0.34999999999999964,7.0
qwen25_15b,759,msc_valid,8,lexical_tfidf,0.35,20,4.525,90.5,4.375,87.5,0.15000000000000036,3.0
qwen25_15b,759,msc_valid,8,recency_keep_compress_drop,0.35,20,4.45,89.0,4.375,87.5,0.07500000000000018,1.5
qwen25_15b,759,msc_valid,8,uniform,0.5,20,5.125,102.5,4.375,87.5,0.75,15.0
qwen25_15b,759,msc_valid,8,longllmlingua,0.5,20,4.85,97.0,4.375,87.5,0.47499999999999964,9.5
qwen25_15b,759,msc_valid,8,recency,0.5,20,4.4,88.0,4.375,87.5,0.025000000000000355,0.5
qwen25_15b,759,msc_valid,8,lexical_tfidf,0.5,20,4.475,89.5,4.375,87.5,0.09999999999999964,2.0
qwen25_15b,759,msc_valid,8,recency_keep_compress_drop,0.5,20,4.3,86.0,4.375,87.5,-0.07500000000000018,-1.5
qwen25_15b,759,msc_valid,12,uniform,0.2,17,4.264705882352941,72.5,2.8088235294117645,47.75,1.4558823529411766,24.75
qwen25_15b,759,msc_valid,12,longllmlingua,0.2,17,3.6911764705882355,62.75,2.8088235294117645,47.75,0.882352941176471,15.0
qwen25_15b,759,msc_valid,12,recency,0.2,17,3.1029411764705883,52.75,2.8088235294117645,47.75,0.2941176470588238,5.0
qwen25_15b,759,msc_valid,12,lexical_tfidf,0.2,17,3.1323529411764706,53.25,2.8088235294117645,47.75,0.32352941176470607,5.5
qwen25_15b,759,msc_valid,12,recency_keep_compress_drop,0.2,17,3.1029411764705883,52.75,2.8088235294117645,47.75,0.2941176470588238,5.0
qwen25_15b,759,msc_valid,12,uniform,0.35,17,3.8529411764705883,65.5,2.8088235294117645,47.75,1.0441176470588238,17.75
qwen25_15b,759,msc_valid,12,longllmlingua,0.35,17,3.3970588235294117,57.75,2.8088235294117645,47.75,0.5882352941176472,10.0
qwen25_15b,759,msc_valid,12,recency,0.35,17,2.9558823529411766,50.25,2.8088235294117645,47.75,0.14705882352941213,2.5
qwen25_15b,759,msc_valid,12,lexical_tfidf,0.35,17,3.1911764705882355,54.25,2.8088235294117645,47.75,0.382352941176471,6.5
qwen25_15b,759,msc_valid,12,recency_keep_compress_drop,0.35,17,2.8529411764705883,48.5,2.8088235294117645,47.75,0.04411764705882382,0.75
qwen25_15b,759,msc_valid,12,uniform,0.5,17,3.323529411764706,56.5,2.8088235294117645,47.75,0.5147058823529416,8.75
qwen25_15b,759,msc_valid,12,longllmlingua,0.5,17,3.3529411764705883,57.0,2.8088235294117645,47.75,0.5441176470588238,9.25
qwen25_15b,759,msc_valid,12,recency,0.5,17,2.7794117647058822,47.25,2.8088235294117645,47.75,-0.02941176470588225,-0.5
qwen25_15b,759,msc_valid,12,lexical_tfidf,0.5,17,3.0294117647058822,51.5,2.8088235294117645,47.75,0.22058823529411775,3.75
qwen25_15b,759,msc_valid,12,recency_keep_compress_drop,0.5,17,2.7941176470588234,47.5,2.8088235294117645,47.75,-0.014705882352941124,-0.25
qwen25_15b,759,msc_valid,16,uniform,0.2,27,3.462962962962963,93.5,2.7777777777777777,75.0,0.6851851851851851,18.5
qwen25_15b,759,msc_valid,16,longllmlingua,0.2,27,3.3703703703703702,91.0,2.7777777777777777,75.0,0.5925925925925926,16.0
qwen25_15b,759,msc_valid,16,recency,0.2,27,3.425925925925926,92.5,2.7777777777777777,75.0,0.6481481481481484,17.5
qwen25_15b,759,msc_valid,16,lexical_tfidf,0.2,27,3.314814814814815,89.5,2.7777777777777777,75.0,0.5370370370370372,14.5
qwen25_15b,759,msc_valid,16,recency_keep_compress_drop,0.2,27,3.4074074074074074,92.0,2.7777777777777777,75.0,0.6296296296296298,17.0
qwen25_15b,759,msc_valid,16,uniform,0.35,27,3.3333333333333335,90.0,2.7777777777777777,75.0,0.5555555555555558,15.0
qwen25_15b,759,msc_valid,16,longllmlingua,0.35,27,3.388888888888889,91.5,2.7777777777777777,75.0,0.6111111111111112,16.5
qwen25_15b,759,msc_valid,16,recency,0.35,27,3.2777777777777777,88.5,2.7777777777777777,75.0,0.5,13.5
qwen25_15b,759,msc_valid,16,lexical_tfidf,0.35,27,3.2777777777777777,88.5,2.7777777777777777,75.0,0.5,13.5
qwen25_15b,759,msc_valid,16,recency_keep_compress_drop,0.35,27,3.259259259259259,88.0,2.7777777777777777,75.0,0.4814814814814814,13.0
qwen25_15b,759,msc_valid,16,uniform,0.5,27,3.1481481481481484,85.0,2.7777777777777777,75.0,0.3703703703703707,10.0
qwen25_15b,759,msc_valid,16,longllmlingua,0.5,27,3.3703703703703702,91.0,2.7777777777777777,75.0,0.5925925925925926,16.0
qwen25_15b,759,msc_valid,16,recency,0.5,27,3.0925925925925926,83.5,2.7777777777777777,75.0,0.3148148148148149,8.5
qwen25_15b,759,msc_valid,16,lexical_tfidf,0.5,27,3.0,81.0,2.7777777777777777,75.0,0.22222222222222232,6.0
qwen25_15b,759,msc_valid,16,recency_keep_compress_drop,0.5,27,3.074074074074074,83.0,2.7777777777777777,75.0,0.2962962962962963,8.0
qwen25_15b,759,msc_valid,18,uniform,0.2,19,3.3421052631578947,63.5,3.1973684210526314,60.75,0.14473684210526327,2.75
qwen25_15b,759,msc_valid,18,longllmlingua,0.2,19,3.289473684210526,62.5,3.1973684210526314,60.75,0.09210526315789469,1.75
qwen25_15b,759,msc_valid,18,recency,0.2,19,3.473684210526316,66.0,3.1973684210526314,60.75,0.2763157894736845,5.25
qwen25_15b,759,msc_valid,18,lexical_tfidf,0.2,19,3.526315789473684,67.0,3.1973684210526314,60.75,0.32894736842105265,6.25
qwen25_15b,759,msc_valid,18,recency_keep_compress_drop,0.2,19,3.3552631578947367,63.75,3.1973684210526314,60.75,0.1578947368421053,3.0
qwen25_15b,759,msc_valid,18,uniform,0.35,19,3.3157894736842106,63.0,3.1973684210526314,60.75,0.1184210526315792,2.25
qwen25_15b,759,msc_valid,18,longllmlingua,0.35,19,3.1447368421052633,59.75,3.1973684210526314,60.75,-0.05263157894736814,-1.0
qwen25_15b,759,msc_valid,18,recency,0.35,19,3.1315789473684212,59.5,3.1973684210526314,60.75,-0.06578947368421018,-1.25
qwen25_15b,759,msc_valid,18,lexical_tfidf,0.35,19,3.4210526315789473,65.0,3.1973684210526314,60.75,0.22368421052631593,4.25
qwen25_15b,759,msc_valid,18,recency_keep_compress_drop,0.35,19,3.276315789473684,62.25,3.1973684210526314,60.75,0.07894736842105265,1.5
qwen25_15b,759,msc_valid,18,uniform,0.5,19,3.3289473684210527,63.25,3.1973684210526314,60.75,0.13157894736842124,2.5
qwen25_15b,759,msc_valid,18,longllmlingua,0.5,19,3.223684210526316,61.25,3.1973684210526314,60.75,0.026315789473684514,0.5
qwen25_15b,759,msc_valid,18,recency,0.5,19,3.1315789473684212,59.5,3.1973684210526314,60.75,-0.06578947368421018,-1.25
qwen25_15b,759,msc_valid,18,lexical_tfidf,0.5,19,3.3684210526315788,64.0,3.1973684210526314,60.75,0.17105263157894735,3.25
qwen25_15b,759,msc_valid,18,recency_keep_compress_drop,0.5,19,3.236842105263158,61.5,3.1973684210526314,60.75,0.03947368421052655,0.75
qwen25_15b,759,msc_valid,22,uniform,0.2,11,2.4318181818181817,26.75,1.5795454545454546,17.375,0.8522727272727271,9.375
qwen25_15b,759,msc_valid,22,longllmlingua,0.2,11,2.5681818181818183,28.25,1.5795454545454546,17.375,0.9886363636363638,10.875
qwen25_15b,759,msc_valid,22,recency,0.2,11,1.9886363636363635,21.875,1.5795454545454546,17.375,0.40909090909090895,4.5
qwen25_15b,759,msc_valid,22,lexical_tfidf,0.2,11,2.4318181818181817,26.75,1.5795454545454546,17.375,0.8522727272727271,9.375
qwen25_15b,759,msc_valid,22,recency_keep_compress_drop,0.2,11,1.8522727272727273,20.375,1.5795454545454546,17.375,0.2727272727272727,3.0
qwen25_15b,759,msc_valid,22,uniform,0.35,11,2.2045454545454546,24.25,1.5795454545454546,17.375,0.625,6.875
qwen25_15b,759,msc_valid,22,longllmlingua,0.35,11,2.6704545454545454,29.375,1.5795454545454546,17.375,1.0909090909090908,12.0
qwen25_15b,759,msc_valid,22,recency,0.35,11,1.9204545454545454,21.125,1.5795454545454546,17.375,0.34090909090909083,3.75
qwen25_15b,759,msc_valid,22,lexical_tfidf,0.35,11,1.9772727272727273,21.75,1.5795454545454546,17.375,0.3977272727272727,4.375
qwen25_15b,759,msc_valid,22,recency_keep_compress_drop,0.35,11,2.090909090909091,23.0,1.5795454545454546,17.375,0.5113636363636362,5.625
qwen25_15b,759,msc_valid,22,uniform,0.5,11,2.284090909090909,25.125,1.5795454545454546,17.375,0.7045454545454546,7.75
qwen25_15b,759,msc_valid,22,longllmlingua,0.5,11,2.715909090909091,29.875,1.5795454545454546,17.375,1.1363636363636362,12.5
qwen25_15b,759,msc_valid,22,recency,0.5,11,1.8636363636363635,20.5,1.5795454545454546,17.375,0.28409090909090895,3.125
qwen25_15b,759,msc_valid,22,lexical_tfidf,0.5,11,1.7840909090909092,19.625,1.5795454545454546,17.375,0.20454545454545459,2.25
qwen25_15b,759,msc_valid,22,recency_keep_compress_drop,0.5,11,1.9545454545454546,21.5,1.5795454545454546,17.375,0.375,4.125
qwen25_15b,759,msc_valid,26,uniform,0.2,21,2.2857142857142856,48.0,1.880952380952381,39.5,0.40476190476190466,8.5
qwen25_15b,759,msc_valid,26,longllmlingua,0.2,21,2.4404761904761907,51.25,1.880952380952381,39.5,0.5595238095238098,11.75
qwen25_15b,759,msc_valid,26,recency,0.2,21,2.2857142857142856,48.0,1.880952380952381,39.5,0.40476190476190466,8.5
qwen25_15b,759,msc_valid,26,lexical_tfidf,0.2,21,2.2738095238095237,47.75,1.880952380952381,39.5,0.3928571428571428,8.25
qwen25_15b,759,msc_valid,26,recency_keep_compress_drop,0.2,21,2.5357142857142856,53.25,1.880952380952381,39.5,0.6547619047619047,13.75
qwen25_15b,759,msc_valid,26,uniform,0.35,21,2.2023809523809526,46.25,1.880952380952381,39.5,0.3214285714285716,6.75
qwen25_15b,759,msc_valid,26,longllmlingua,0.35,21,2.2857142857142856,48.0,1.880952380952381,39.5,0.40476190476190466,8.5
qwen25_15b,759,msc_valid,26,recency,0.35,21,2.0952380952380953,44.0,1.880952380952381,39.5,0.2142857142857144,4.5
qwen25_15b,759,msc_valid,26,lexical_tfidf,0.35,21,2.0476190476190474,43.0,1.880952380952381,39.5,0.16666666666666652,3.5
qwen25_15b,759,msc_valid,26,recency_keep_compress_drop,0.35,21,2.3095238095238093,48.5,1.880952380952381,39.5,0.4285714285714284,9.0
qwen25_15b,759,msc_valid,26,uniform,0.5,21,2.0,42.0,1.880952380952381,39.5,0.11904761904761907,2.5
qwen25_15b,759,msc_valid,26,longllmlingua,0.5,21,2.0714285714285716,43.5,1.880952380952381,39.5,0.1904761904761907,4.0
qwen25_15b,759,msc_valid,26,recency,0.5,21,2.0238095238095237,42.5,1.880952380952381,39.5,0.1428571428571428,3.0
qwen25_15b,759,msc_valid,26,lexical_tfidf,0.5,21,2.0357142857142856,42.75,1.880952380952381,39.5,0.15476190476190466,3.25
qwen25_15b,759,msc_valid,26,recency_keep_compress_drop,0.5,21,2.107142857142857,44.25,1.880952380952381,39.5,0.22619047619047628,4.75
qwen25_15b,759,msc_valid,30,uniform,0.2,22,1.8636363636363635,41.0,1.8295454545454546,40.25,0.03409090909090895,0.75
qwen25_15b,759,msc_valid,30,longllmlingua,0.2,22,1.8863636363636365,41.5,1.8295454545454546,40.25,0.05681818181818188,1.25
qwen25_15b,759,msc_valid,30,recency,0.2,22,1.9886363636363635,43.75,1.8295454545454546,40.25,0.15909090909090895,3.5
qwen25_15b,759,msc_valid,30,lexical_tfidf,0.2,22,1.7954545454545454,39.5,1.8295454545454546,40.25,-0.03409090909090917,-0.75
qwen25_15b,759,msc_valid,30,recency_keep_compress_drop,0.2,22,1.8295454545454546,40.25,1.8295454545454546,40.25,0.0,0.0
qwen25_15b,759,msc_valid,30,uniform,0.35,22,1.8863636363636365,41.5,1.8295454545454546,40.25,0.05681818181818188,1.25
qwen25_15b,759,msc_valid,30,longllmlingua,0.35,22,1.8863636363636365,41.5,1.8295454545454546,40.25,0.05681818181818188,1.25
qwen25_15b,759,msc_valid,30,recency,0.35,22,1.9090909090909092,42.0,1.8295454545454546,40.25,0.07954545454545459,1.75
qwen25_15b,759,msc_valid,30,lexical_tfidf,0.35,22,1.7727272727272727,39.0,1.8295454545454546,40.25,-0.05681818181818188,-1.25
qwen25_15b,759,msc_valid,30,recency_keep_compress_drop,0.35,22,1.8522727272727273,40.75,1.8295454545454546,40.25,0.022727272727272707,0.5
qwen25_15b,759,msc_valid,30,uniform,0.5,22,1.7613636363636365,38.75,1.8295454545454546,40.25,-0.06818181818181812,-1.5
qwen25_15b,759,msc_valid,30,longllmlingua,0.5,22,1.8636363636363635,41.0,1.8295454545454546,40.25,0.03409090909090895,0.75
qwen25_15b,759,msc_valid,30,recency,0.5,22,1.9318181818181819,42.5,1.8295454545454546,40.25,0.10227272727272729,2.25
qwen25_15b,759,msc_valid,30,lexical_tfidf,0.5,22,1.7727272727272727,39.0,1.8295454545454546,40.25,-0.05681818181818188,-1.25
qwen25_15b,759,msc_valid,30,recency_keep_compress_drop,0.5,22,1.8295454545454546,40.25,1.8295454545454546,40.25,0.0,0.0
qwen25_15b,759,msc_valid,34,uniform,0.2,29,2.6379310344827585,76.5,2.2413793103448274,65.0,0.39655172413793105,11.5
qwen25_15b,759,msc_valid,34,longllmlingua,0.2,29,2.3448275862068964,68.0,2.2413793103448274,65.0,0.10344827586206895,3.0
qwen25_15b,759,msc_valid,34,recency,0.2,29,2.396551724137931,69.5,2.2413793103448274,65.0,0.15517241379310365,4.5
qwen25_15b,759,msc_valid,34,lexical_tfidf,0.2,29,2.4482758620689653,71.0,2.2413793103448274,65.0,0.2068965517241379,6.0
qwen25_15b,759,msc_valid,34,recency_keep_compress_drop,0.2,29,2.3448275862068964,68.0,2.2413793103448274,65.0,0.10344827586206895,3.0
qwen25_15b,759,msc_valid,34,uniform,0.35,29,2.2413793103448274,65.0,2.2413793103448274,65.0,0.0,0.0
qwen25_15b,759,msc_valid,34,longllmlingua,0.35,29,2.3448275862068964,68.0,2.2413793103448274,65.0,0.10344827586206895,3.0
qwen25_15b,759,msc_valid,34,recency,0.35,29,2.396551724137931,69.5,2.2413793103448274,65.0,0.15517241379310365,4.5
qwen25_15b,759,msc_valid,34,lexical_tfidf,0.35,29,2.396551724137931,69.5,2.2413793103448274,65.0,0.15517241379310365,4.5
qwen25_15b,759,msc_valid,34,recency_keep_compress_drop,0.35,29,2.2241379310344827,64.5,2.2413793103448274,65.0,-0.01724137931034475,-0.5
qwen25_15b,759,msc_valid,34,uniform,0.5,29,2.2758620689655173,66.0,2.2413793103448274,65.0,0.034482758620689946,1.0
qwen25_15b,759,msc_valid,34,longllmlingua,0.5,29,2.3275862068965516,67.5,2.2413793103448274,65.0,0.0862068965517242,2.5
qwen25_15b,759,msc_valid,34,recency,0.5,29,2.293103448275862,66.5,2.2413793103448274,65.0,0.0517241379310347,1.5
qwen25_15b,759,msc_valid,34,lexical_tfidf,0.5,29,2.413793103448276,70.0,2.2413793103448274,65.0,0.1724137931034484,5.0
qwen25_15b,759,msc_valid,34,recency_keep_compress_drop,0.5,29,2.2586206896551726,65.5,2.2413793103448274,65.0,0.017241379310345195,0.5
qwen25_15b,759,msc_valid,38,uniform,0.2,30,4.5,135.0,4.15,124.5,0.34999999999999964,10.5
qwen25_15b,759,msc_valid,38,longllmlingua,0.2,30,4.4,132.0,4.15,124.5,0.25,7.5
qwen25_15b,759,msc_valid,38,recency,0.2,30,4.5,135.0,4.15,124.5,0.34999999999999964,10.5
qwen25_15b,759,msc_valid,38,lexical_tfidf,0.2,30,4.366666666666666,131.0,4.15,124.5,0.2166666666666659,6.5
qwen25_15b,759,msc_valid,38,recency_keep_compress_drop,0.2,30,4.266666666666667,128.0,4.15,124.5,0.11666666666666625,3.5
qwen25_15b,759,msc_valid,38,uniform,0.35,30,4.333333333333333,130.0,4.15,124.5,0.18333333333333268,5.5
qwen25_15b,759,msc_valid,38,longllmlingua,0.35,30,4.266666666666667,128.0,4.15,124.5,0.11666666666666625,3.5
qwen25_15b,759,msc_valid,38,recency,0.35,30,4.333333333333333,130.0,4.15,124.5,0.18333333333333268,5.5
qwen25_15b,759,msc_valid,38,lexical_tfidf,0.35,30,4.25,127.5,4.15,124.5,0.09999999999999964,3.0
qwen25_15b,759,msc_valid,38,recency_keep_compress_drop,0.35,30,4.266666666666667,128.0,4.15,124.5,0.11666666666666625,3.5
qwen25_15b,759,msc_valid,38,uniform,0.5,30,4.266666666666667,128.0,4.15,124.5,0.11666666666666625,3.5
qwen25_15b,759,msc_valid,38,longllmlingua,0.5,30,4.266666666666667,128.0,4.15,124.5,0.11666666666666625,3.5
qwen25_15b,759,msc_valid,38,recency,0.5,30,4.266666666666667,128.0,4.15,124.5,0.11666666666666625,3.5
qwen25_15b,759,msc_valid,38,lexical_tfidf,0.5,30,4.216666666666667,126.5,4.15,124.5,0.06666666666666643,2.0
qwen25_15b,759,msc_valid,38,recency_keep_compress_drop,0.5,30,4.116666666666666,123.5,4.15,124.5,-0.0333333333333341,-1.0
qwen25_15b,759,msc_valid,42,uniform,0.2,40,3.1,124.0,0.0,0.0,3.1,124.0
qwen25_15b,759,msc_valid,42,longllmlingua,0.2,40,3.275,131.0,0.0,0.0,3.275,131.0
qwen25_15b,759,msc_valid,42,recency,0.2,40,3.225,129.0,0.0,0.0,3.225,129.0
qwen25_15b,759,msc_valid,42,lexical_tfidf,0.2,40,3.0375,121.5,0.0,0.0,3.0375,121.5
qwen25_15b,759,msc_valid,42,recency_keep_compress_drop,0.2,40,3.1875,127.5,0.0,0.0,3.1875,127.5
qwen25_15b,759,msc_valid,42,uniform,0.35,40,3.075,123.0,0.0,0.0,3.075,123.0
qwen25_15b,759,msc_valid,42,longllmlingua,0.35,40,3.275,131.0,0.0,0.0,3.275,131.0
qwen25_15b,759,msc_valid,42,recency,0.35,40,3.225,129.0,0.0,0.0,3.225,129.0
qwen25_15b,759,msc_valid,42,lexical_tfidf,0.35,40,3.1,124.0,0.0,0.0,3.1,124.0
qwen25_15b,759,msc_valid,42,recency_keep_compress_drop,0.35,40,3.125,125.0,0.0,0.0,3.125,125.0
qwen25_15b,759,msc_valid,42,uniform,0.5,40,3.125,125.0,0.0,0.0,3.125,125.0
qwen25_15b,759,msc_valid,42,longllmlingua,0.5,40,3.225,129.0,0.0,0.0,3.225,129.0
qwen25_15b,759,msc_valid,42,recency,0.5,40,3.2,128.0,0.0,0.0,3.2,128.0
qwen25_15b,759,msc_valid,42,lexical_tfidf,0.5,40,3.1625,126.5,0.0,0.0,3.1625,126.5
qwen25_15b,759,msc_valid,42,recency_keep_compress_drop,0.5,40,3.125,125.0,0.0,0.0,3.125,125.0
qwen25_15b,759,msc_valid,46,uniform,0.2,41,3.024390243902439,124.0,0.0,0.0,3.024390243902439,124.0
qwen25_15b,759,msc_valid,46,longllmlingua,0.2,41,3.1463414634146343,129.0,0.0,0.0,3.1463414634146343,129.0
qwen25_15b,759,msc_valid,46,recency,0.2,41,3.4878048780487805,143.0,0.0,0.0,3.4878048780487805,143.0
qwen25_15b,759,msc_valid,46,lexical_tfidf,0.2,41,3.268292682926829,134.0,0.0,0.0,3.268292682926829,134.0
qwen25_15b,759,msc_valid,46,recency_keep_compress_drop,0.2,41,2.975609756097561,122.0,0.0,0.0,2.975609756097561,122.0
qwen25_15b,759,msc_valid,46,uniform,0.35,41,2.926829268292683,120.0,0.0,0.0,2.926829268292683,120.0
qwen25_15b,759,msc_valid,46,longllmlingua,0.35,41,3.0365853658536586,124.5,0.0,0.0,3.0365853658536586,124.5
qwen25_15b,759,msc_valid,46,recency,0.35,41,3.097560975609756,127.0,0.0,0.0,3.097560975609756,127.0
qwen25_15b,759,msc_valid,46,lexical_tfidf,0.35,41,2.9146341463414633,119.5,0.0,0.0,2.9146341463414633,119.5
qwen25_15b,759,msc_valid,46,recency_keep_compress_drop,0.35,41,2.9634146341463414,121.5,0.0,0.0,2.9634146341463414,121.5
qwen25_15b,759,msc_valid,46,uniform,0.5,41,2.926829268292683,120.0,0.0,0.0,2.926829268292683,120.0
qwen25_15b,759,msc_valid,46,longllmlingua,0.5,41,3.097560975609756,127.0,0.0,0.0,3.097560975609756,127.0
qwen25_15b,759,msc_valid,46,recency,0.5,41,3.1219512195121952,128.0,0.0,0.0,3.1219512195121952,128.0
qwen25_15b,759,msc_valid,46,lexical_tfidf,0.5,41,2.926829268292683,120.0,0.0,0.0,2.926829268292683,120.0
qwen25_15b,759,msc_valid,46,recency_keep_compress_drop,0.5,41,3.0,123.0,0.0,0.0,3.0,123.0
qwen25_15b,759,msc_valid,48,uniform,0.2,56,3.392857142857143,190.0,0.0,0.0,3.392857142857143,190.0
qwen25_15b,759,msc_valid,48,longllmlingua,0.2,56,3.4107142857142856,191.0,0.0,0.0,3.4107142857142856,191.0
qwen25_15b,759,msc_valid,48,recency,0.2,56,3.375,189.0,0.0,0.0,3.375,189.0
qwen25_15b,759,msc_valid,48,lexical_tfidf,0.2,56,3.375,189.0,0.0,0.0,3.375,189.0
qwen25_15b,759,msc_valid,48,recency_keep_compress_drop,0.2,56,3.375,189.0,0.0,0.0,3.375,189.0
qwen25_15b,759,msc_valid,48,uniform,0.35,56,3.4107142857142856,191.0,0.0,0.0,3.4107142857142856,191.0
qwen25_15b,759,msc_valid,48,longllmlingua,0.35,56,3.4285714285714284,192.0,0.0,0.0,3.4285714285714284,192.0
qwen25_15b,759,msc_valid,48,recency,0.35,56,3.357142857142857,188.0,0.0,0.0,3.357142857142857,188.0
qwen25_15b,759,msc_valid,48,lexical_tfidf,0.35,56,3.375,189.0,0.0,0.0,3.375,189.0
qwen25_15b,759,msc_valid,48,recency_keep_compress_drop,0.35,56,3.357142857142857,188.0,0.0,0.0,3.357142857142857,188.0
qwen25_15b,759,msc_valid,48,uniform,0.5,56,3.392857142857143,190.0,0.0,0.0,3.392857142857143,190.0
qwen25_15b,759,msc_valid,48,longllmlingua,0.5,56,3.4285714285714284,192.0,0.0,0.0,3.4285714285714284,192.0
qwen25_15b,759,msc_valid,48,recency,0.5,56,3.375,189.0,0.0,0.0,3.375,189.0
qwen25_15b,759,msc_valid,48,lexical_tfidf,0.5,56,3.4464285714285716,193.0,0.0,0.0,3.4464285714285716,193.0
qwen25_15b,759,msc_valid,48,recency_keep_compress_drop,0.5,56,3.3214285714285716,186.0,0.0,0.0,3.3214285714285716,186.0
qwen25_15b,759,msc_valid,52,uniform,0.2,47,3.0638297872340425,144.0,0.0,0.0,3.0638297872340425,144.0
qwen25_15b,759,msc_valid,52,longllmlingua,0.2,47,2.9361702127659575,138.0,0.0,0.0,2.9361702127659575,138.0
qwen25_15b,759,msc_valid,52,recency,0.2,47,2.893617021276596,136.0,0.0,0.0,2.893617021276596,136.0
qwen25_15b,759,msc_valid,52,lexical_tfidf,0.2,47,2.893617021276596,136.0,0.0,0.0,2.893617021276596,136.0
qwen25_15b,759,msc_valid,52,recency_keep_compress_drop,0.2,47,2.9361702127659575,138.0,0.0,0.0,2.9361702127659575,138.0
qwen25_15b,759,msc_valid,52,uniform,0.35,47,2.893617021276596,136.0,0.0,0.0,2.893617021276596,136.0
qwen25_15b,759,msc_valid,52,longllmlingua,0.35,47,2.851063829787234,134.0,0.0,0.0,2.851063829787234,134.0
qwen25_15b,759,msc_valid,52,recency,0.35,47,2.893617021276596,136.0,0.0,0.0,2.893617021276596,136.0
qwen25_15b,759,msc_valid,52,lexical_tfidf,0.35,47,2.9361702127659575,138.0,0.0,0.0,2.9361702127659575,138.0
qwen25_15b,759,msc_valid,52,recency_keep_compress_drop,0.35,47,2.9574468085106385,139.0,0.0,0.0,2.9574468085106385,139.0
qwen25_15b,759,msc_valid,52,uniform,0.5,47,2.872340425531915,135.0,0.0,0.0,2.872340425531915,135.0
qwen25_15b,759,msc_valid,52,longllmlingua,0.5,47,2.9148936170212765,137.0,0.0,0.0,2.9148936170212765,137.0
qwen25_15b,759,msc_valid,52,recency,0.5,47,2.893617021276596,136.0,0.0,0.0,2.893617021276596,136.0
qwen25_15b,759,msc_valid,52,lexical_tfidf,0.5,47,2.872340425531915,135.0,0.0,0.0,2.872340425531915,135.0
qwen25_15b,759,msc_valid,52,recency_keep_compress_drop,0.5,47,2.9148936170212765,137.0,0.0,0.0,2.9148936170212765,137.0
qwen25_15b,759,msc_valid,56,uniform,0.2,35,2.942857142857143,103.0,0.0,0.0,2.942857142857143,103.0
qwen25_15b,759,msc_valid,56,longllmlingua,0.2,35,2.9,101.5,0.0,0.0,2.9,101.5
qwen25_15b,759,msc_valid,56,recency,0.2,35,2.6857142857142855,94.0,0.0,0.0,2.6857142857142855,94.0
qwen25_15b,759,msc_valid,56,lexical_tfidf,0.2,35,2.6714285714285713,93.5,0.0,0.0,2.6714285714285713,93.5
qwen25_15b,759,msc_valid,56,recency_keep_compress_drop,0.2,35,2.6285714285714286,92.0,0.0,0.0,2.6285714285714286,92.0
qwen25_15b,759,msc_valid,56,uniform,0.35,35,2.7857142857142856,97.5,0.0,0.0,2.7857142857142856,97.5
qwen25_15b,759,msc_valid,56,longllmlingua,0.35,35,2.8857142857142857,101.0,0.0,0.0,2.8857142857142857,101.0
qwen25_15b,759,msc_valid,56,recency,0.35,35,2.657142857142857,93.0,0.0,0.0,2.657142857142857,93.0
qwen25_15b,759,msc_valid,56,lexical_tfidf,0.35,35,2.7,94.5,0.0,0.0,2.7,94.5
qwen25_15b,759,msc_valid,56,recency_keep_compress_drop,0.35,35,2.6285714285714286,92.0,0.0,0.0,2.6285714285714286,92.0
qwen25_15b,759,msc_valid,56,uniform,0.5,35,2.6142857142857143,91.5,0.0,0.0,2.6142857142857143,91.5
qwen25_15b,759,msc_valid,56,longllmlingua,0.5,35,2.914285714285714,102.0,0.0,0.0,2.914285714285714,102.0
qwen25_15b,759,msc_valid,56,recency,0.5,18,2.9444444444444446,53.0,0.0,0.0,2.9444444444444446,53.0
qwen25_15b,759,msc_valid,56,lexical_tfidf,0.5,19,2.8552631578947367,54.25,0.0,0.0,2.8552631578947367,54.25
qwen25_15b,759,msc_valid,56,recency_keep_compress_drop,0.5,13,2.576923076923077,33.5,0.0,0.0,2.576923076923077,33.5
qwen25_15b,759,msc_valid,60,uniform,0.2,42,2.3333333333333335,98.0,0.0,0.0,2.3333333333333335,98.0
qwen25_15b,759,msc_valid,60,longllmlingua,0.2,42,2.380952380952381,100.0,0.0,0.0,2.380952380952381,100.0
qwen25_15b,759,msc_valid,60,recency,0.2,42,2.2261904761904763,93.5,0.0,0.0,2.2261904761904763,93.5
qwen25_15b,759,msc_valid,60,lexical_tfidf,0.2,42,2.357142857142857,99.0,0.0,0.0,2.357142857142857,99.0
qwen25_15b,759,msc_valid,60,recency_keep_compress_drop,0.2,42,2.25,94.5,0.0,0.0,2.25,94.5
qwen25_15b,759,msc_valid,60,uniform,0.35,42,2.2261904761904763,93.5,0.0,0.0,2.2261904761904763,93.5
qwen25_15b,759,msc_valid,60,longllmlingua,0.35,42,2.4404761904761907,102.5,0.0,0.0,2.4404761904761907,102.5
qwen25_15b,759,msc_valid,60,recency,0.35,42,2.2261904761904763,93.5,0.0,0.0,2.2261904761904763,93.5
qwen25_15b,759,msc_valid,60,lexical_tfidf,0.35,42,2.3452380952380953,98.5,0.0,0.0,2.3452380952380953,98.5
qwen25_15b,759,msc_valid,60,recency_keep_compress_drop,0.35,42,2.2738095238095237,95.5,0.0,0.0,2.2738095238095237,95.5
qwen25_15b,759,msc_valid,60,uniform,0.5,8,1.5625,12.5,0.0,0.0,1.5625,12.5
qwen25_15b,759,msc_valid,60,longllmlingua,0.5,42,2.4285714285714284,102.0,0.0,0.0,2.4285714285714284,102.0
qwen25_15b,759,msc_valid,60,recency,0.5,0,0.0,0.0,0.0,0.0,0.0,0.0
qwen25_15b,759,msc_valid,60,lexical_tfidf,0.5,0,0.0,0.0,0.0,0.0,0.0,0.0
qwen25_15b,759,msc_valid,60,recency_keep_compress_drop,0.5,0,0.0,0.0,0.0,0.0,0.0,0.0
qwen25_15b,765,msc_valid,4,uniform,0.2,13,1.3173076923076923,17.125,0.8990384615384616,11.6875,0.4182692307692307,5.4375
qwen25_15b,765,msc_valid,4,longllmlingua,0.2,13,0.8846153846153846,11.5,0.8990384615384616,11.6875,-0.014423076923076983,-0.1875
qwen25_15b,765,msc_valid,4,recency,0.2,13,1.3173076923076923,17.125,0.8990384615384616,11.6875,0.4182692307692307,5.4375
qwen25_15b,765,msc_valid,4,lexical_tfidf,0.2,13,1.3173076923076923,17.125,0.8990384615384616,11.6875,0.4182692307692307,5.4375
qwen25_15b,765,msc_valid,4,recency_keep_compress_drop,0.2,13,1.3173076923076923,17.125,0.8990384615384616,11.6875,0.4182692307692307,5.4375
qwen25_15b,765,msc_valid,4,uniform,0.35,13,1.1057692307692308,14.375,0.8990384615384616,11.6875,0.20673076923076927,2.6875
qwen25_15b,765,msc_valid,4,longllmlingua,0.35,13,0.8413461538461539,10.9375,0.8990384615384616,11.6875,-0.05769230769230771,-0.75
qwen25_15b,765,msc_valid,4,recency,0.35,13,1.1057692307692308,14.375,0.8990384615384616,11.6875,0.20673076923076927,2.6875
qwen25_15b,765,msc_valid,4,lexical_tfidf,0.35,13,1.1057692307692308,14.375,0.8990384615384616,11.6875,0.20673076923076927,2.6875
qwen25_15b,765,msc_valid,4,recency_keep_compress_drop,0.35,13,1.1057692307692308,14.375,0.8990384615384616,11.6875,0.20673076923076927,2.6875
qwen25_15b,765,msc_valid,4,uniform,0.5,13,1.1057692307692308,14.375,0.8990384615384616,11.6875,0.20673076923076927,2.6875
qwen25_15b,765,msc_valid,4,longllmlingua,0.5,13,0.8173076923076923,10.625,0.8990384615384616,11.6875,-0.08173076923076927,-1.0625
qwen25_15b,765,msc_valid,4,recency,0.5,13,1.1057692307692308,14.375,0.8990384615384616,11.6875,0.20673076923076927,2.6875
qwen25_15b,765,msc_valid,4,lexical_tfidf,0.5,13,1.1057692307692308,14.375,0.8990384615384616,11.6875,0.20673076923076927,2.6875
qwen25_15b,765,msc_valid,4,recency_keep_compress_drop,0.5,13,1.1057692307692308,14.375,0.8990384615384616,11.6875,0.20673076923076927,2.6875
qwen25_15b,765,msc_valid,6,uniform,0.2,14,6.071428571428571,85.0,4.928571428571429,69.0,1.1428571428571423,16.0
qwen25_15b,765,msc_valid,6,longllmlingua,0.2,14,5.678571428571429,79.5,4.928571428571429,69.0,0.75,10.5
qwen25_15b,765,msc_valid,6,recency,0.2,14,6.142857142857143,86.0,4.928571428571429,69.0,1.2142857142857144,17.0
qwen25_15b,765,msc_valid,6,lexical_tfidf,0.2,14,6.142857142857143,86.0,4.928571428571429,69.0,1.2142857142857144,17.0
qwen25_15b,765,msc_valid,6,recency_keep_compress_drop,0.2,14,6.071428571428571,85.0,4.928571428571429,69.0,1.1428571428571423,16.0
qwen25_15b,765,msc_valid,6,uniform,0.35,14,6.0,84.0,4.928571428571429,69.0,1.0714285714285712,15.0
qwen25_15b,765,msc_valid,6,longllmlingua,0.35,14,5.821428571428571,81.5,4.928571428571429,69.0,0.8928571428571423,12.5
qwen25_15b,765,msc_valid,6,recency,0.35,14,5.571428571428571,78.0,4.928571428571429,69.0,0.6428571428571423,9.0
qwen25_15b,765,msc_valid,6,lexical_tfidf,0.35,14,6.0,84.0,4.928571428571429,69.0,1.0714285714285712,15.0
qwen25_15b,765,msc_valid,6,recency_keep_compress_drop,0.35,14,5.571428571428571,78.0,4.928571428571429,69.0,0.6428571428571423,9.0
qwen25_15b,765,msc_valid,6,uniform,0.5,14,6.035714285714286,84.5,4.928571428571429,69.0,1.1071428571428568,15.5
qwen25_15b,765,msc_valid,6,longllmlingua,0.5,14,5.535714285714286,77.5,4.928571428571429,69.0,0.6071428571428568,8.5
qwen25_15b,765,msc_valid,6,recency,0.5,14,5.357142857142857,75.0,4.928571428571429,69.0,0.42857142857142794,6.0
qwen25_15b,765,msc_valid,6,lexical_tfidf,0.5,14,5.357142857142857,75.0,4.928571428571429,69.0,0.42857142857142794,6.0
qwen25_15b,765,msc_valid,6,recency_keep_compress_drop,0.5,14,5.142857142857143,72.0,4.928571428571429,69.0,0.2142857142857144,3.0
qwen25_15b,765,msc_valid,8,uniform,0.2,17,3.8823529411764706,66.0,3.735294117647059,63.5,0.1470588235294117,2.5
qwen25_15b,765,msc_valid,8,longllmlingua,0.2,17,4.029411764705882,68.5,3.735294117647059,63.5,0.2941176470588234,5.0
qwen25_15b,765,msc_valid,8,recency,0.2,17,3.8823529411764706,66.0,3.735294117647059,63.5,0.1470588235294117,2.5
qwen25_15b,765,msc_valid,8,lexical_tfidf,0.2,17,4.0588235294117645,69.0,3.735294117647059,63.5,0.3235294117647056,5.5
qwen25_15b,765,msc_valid,8,recency_keep_compress_drop,0.2,17,4.176470588235294,71.0,3.735294117647059,63.5,0.4411764705882355,7.5
qwen25_15b,765,msc_valid,8,uniform,0.35,17,4.029411764705882,68.5,3.735294117647059,63.5,0.2941176470588234,5.0
qwen25_15b,765,msc_valid,8,longllmlingua,0.35,17,4.0,68.0,3.735294117647059,63.5,0.2647058823529411,4.5
qwen25_15b,765,msc_valid,8,recency,0.35,17,3.911764705882353,66.5,3.735294117647059,63.5,0.17647058823529393,3.0
qwen25_15b,765,msc_valid,8,lexical_tfidf,0.35,17,3.8529411764705883,65.5,3.735294117647059,63.5,0.11764705882352944,2.0
qwen25_15b,765,msc_valid,8,recency_keep_compress_drop,0.35,17,4.088235294117647,69.5,3.735294117647059,63.5,0.35294117647058787,6.0
qwen25_15b,765,msc_valid,8,uniform,0.5,17,3.8823529411764706,66.0,3.735294117647059,63.5,0.1470588235294117,2.5
qwen25_15b,765,msc_valid,8,longllmlingua,0.5,17,3.8823529411764706,66.0,3.735294117647059,63.5,0.1470588235294117,2.5
qwen25_15b,765,msc_valid,8,recency,0.5,17,3.9411764705882355,67.0,3.735294117647059,63.5,0.20588235294117663,3.5
qwen25_15b,765,msc_valid,8,lexical_tfidf,0.5,17,3.823529411764706,65.0,3.735294117647059,63.5,0.08823529411764719,1.5
qwen25_15b,765,msc_valid,8,recency_keep_compress_drop,0.5,17,3.7941176470588234,64.5,3.735294117647059,63.5,0.0588235294117645,1.0
qwen25_15b,765,msc_valid,10,uniform,0.2,19,2.513157894736842,47.75,2.3289473684210527,44.25,0.18421052631578938,3.5
qwen25_15b,765,msc_valid,10,longllmlingua,0.2,19,2.460526315789474,46.75,2.3289473684210527,44.25,0.13157894736842124,2.5
qwen25_15b,765,msc_valid,10,recency,0.2,19,2.75,52.25,2.3289473684210527,44.25,0.42105263157894735,8.0
qwen25_15b,765,msc_valid,10,lexical_tfidf,0.2,19,2.513157894736842,47.75,2.3289473684210527,44.25,0.18421052631578938,3.5
qwen25_15b,765,msc_valid,10,recency_keep_compress_drop,0.2,19,2.3421052631578947,44.5,2.3289473684210527,44.25,0.013157894736842035,0.25
qwen25_15b,765,msc_valid,10,uniform,0.35,19,2.3947368421052633,45.5,2.3289473684210527,44.25,0.06578947368421062,1.25
qwen25_15b,765,msc_valid,10,longllmlingua,0.35,19,2.276315789473684,43.25,2.3289473684210527,44.25,-0.052631578947368585,-1.0
qwen25_15b,765,msc_valid,10,recency,0.35,19,2.736842105263158,52.0,2.3289473684210527,44.25,0.4078947368421053,7.75
qwen25_15b,765,msc_valid,10,lexical_tfidf,0.35,19,2.5789473684210527,49.0,2.3289473684210527,44.25,0.25,4.75
qwen25_15b,765,msc_valid,10,recency_keep_compress_drop,0.35,19,2.4078947368421053,45.75,2.3289473684210527,44.25,0.07894736842105265,1.5
qwen25_15b,765,msc_valid,10,uniform,0.5,19,2.5,47.5,2.3289473684210527,44.25,0.17105263157894735,3.25
qwen25_15b,765,msc_valid,10,longllmlingua,0.5,19,2.263157894736842,43.0,2.3289473684210527,44.25,-0.06578947368421062,-1.25
qwen25_15b,765,msc_valid,10,recency,0.5,19,2.3289473684210527,44.25,2.3289473684210527,44.25,0.0,0.0
qwen25_15b,765,msc_valid,10,lexical_tfidf,0.5,19,2.3289473684210527,44.25,2.3289473684210527,44.25,0.0,0.0
qwen25_15b,765,msc_valid,10,recency_keep_compress_drop,0.5,19,2.1842105263157894,41.5,2.3289473684210527,44.25,-0.14473684210526327,-2.75
qwen25_15b,765,msc_valid,12,uniform,0.2,8,3.875,31.0,3.09375,24.75,0.78125,6.25
qwen25_15b,765,msc_valid,12,longllmlingua,0.2,8,3.5625,28.5,3.09375,24.75,0.46875,3.75
qwen25_15b,765,msc_valid,12,recency,0.2,8,4.03125,32.25,3.09375,24.75,0.9375,7.5
qwen25_15b,765,msc_valid,12,lexical_tfidf,0.2,8,4.4375,35.5,3.09375,24.75,1.34375,10.75
qwen25_15b,765,msc_valid,12,recency_keep_compress_drop,0.2,8,3.953125,31.625,3.09375,24.75,0.859375,6.875
qwen25_15b,765,msc_valid,12,uniform,0.35,8,3.546875,28.375,3.09375,24.75,0.453125,3.625
qwen25_15b,765,msc_valid,12,longllmlingua,0.35,8,3.453125,27.625,3.09375,24.75,0.359375,2.875
qwen25_15b,765,msc_valid,12,recency,0.35,8,3.4375,27.5,3.09375,24.75,0.34375,2.75
qwen25_15b,765,msc_valid,12,lexical_tfidf,0.35,8,4.125,33.0,3.09375,24.75,1.03125,8.25
qwen25_15b,765,msc_valid,12,recency_keep_compress_drop,0.35,8,3.5,28.0,3.09375,24.75,0.40625,3.25
qwen25_15b,765,msc_valid,12,uniform,0.5,8,3.171875,25.375,3.09375,24.75,0.078125,0.625
qwen25_15b,765,msc_valid,12,longllmlingua,0.5,8,3.203125,25.625,3.09375,24.75,0.109375,0.875
qwen25_15b,765,msc_valid,12,recency,0.5,8,3.640625,29.125,3.09375,24.75,0.546875,4.375
qwen25_15b,765,msc_valid,12,lexical_tfidf,0.5,8,3.515625,28.125,3.09375,24.75,0.421875,3.375
qwen25_15b,765,msc_valid,12,recency_keep_compress_drop,0.5,8,3.921875,31.375,3.09375,24.75,0.828125,6.625
qwen25_15b,765,msc_valid,14,uniform,0.2,17,3.9705882352941178,67.5,3.6323529411764706,61.75,0.3382352941176472,5.75
qwen25_15b,765,msc_valid,14,longllmlingua,0.2,17,3.6323529411764706,61.75,3.6323529411764706,61.75,0.0,0.0
qwen25_15b,765,msc_valid,14,recency,0.2,17,3.676470588235294,62.5,3.6323529411764706,61.75,0.04411764705882337,0.75
qwen25_15b,765,msc_valid,14,lexical_tfidf,0.2,17,3.8823529411764706,66.0,3.6323529411764706,61.75,0.25,4.25
qwen25_15b,765,msc_valid,14,recency_keep_compress_drop,0.2,17,4.0588235294117645,69.0,3.6323529411764706,61.75,0.42647058823529393,7.25
qwen25_15b,765,msc_valid,14,uniform,0.35,17,3.6470588235294117,62.0,3.6323529411764706,61.75,0.014705882352941124,0.25
qwen25_15b,765,msc_valid,14,longllmlingua,0.35,17,3.5,59.5,3.6323529411764706,61.75,-0.13235294117647056,-2.25
qwen25_15b,765,msc_valid,14,recency,0.35,17,3.823529411764706,65.0,3.6323529411764706,61.75,0.1911764705882355,3.25
qwen25_15b,765,msc_valid,14,lexical_tfidf,0.35,17,3.7058823529411766,63.0,3.6323529411764706,61.75,0.07352941176470607,1.25
qwen25_15b,765,msc_valid,14,recency_keep_compress_drop,0.35,17,3.7941176470588234,64.5,3.6323529411764706,61.75,0.1617647058823528,2.75
qwen25_15b,765,msc_valid,14,uniform,0.5,17,3.6176470588235294,61.5,3.6323529411764706,61.75,-0.014705882352941124,-0.25
qwen25_15b,765,msc_valid,14,longllmlingua,0.5,17,3.735294117647059,63.5,3.6323529411764706,61.75,0.10294117647058831,1.75
qwen25_15b,765,msc_valid,14,recency,0.5,17,3.7058823529411766,63.0,3.6323529411764706,61.75,0.07352941176470607,1.25
qwen25_15b,765,msc_valid,14,lexical_tfidf,0.5,17,3.8823529411764706,66.0,3.6323529411764706,61.75,0.25,4.25
qwen25_15b,765,msc_valid,14,recency_keep_compress_drop,0.5,17,3.9705882352941178,67.5,3.6323529411764706,61.75,0.3382352941176472,5.75
qwen25_15b,765,msc_valid,16,uniform,0.2,8,6.3125,50.5,4.875,39.0,1.4375,11.5
qwen25_15b,765,msc_valid,16,longllmlingua,0.2,8,5.59375,44.75,4.875,39.0,0.71875,5.75
qwen25_15b,765,msc_valid,16,recency,0.2,8,5.9375,47.5,4.875,39.0,1.0625,8.5
qwen25_15b,765,msc_valid,16,lexical_tfidf,0.2,8,6.25,50.0,4.875,39.0,1.375,11.0
qwen25_15b,765,msc_valid,16,recency_keep_compress_drop,0.2,8,6.5,52.0,4.875,39.0,1.625,13.0
qwen25_15b,765,msc_valid,16,uniform,0.35,8,5.625,45.0,4.875,39.0,0.75,6.0
qwen25_15b,765,msc_valid,16,longllmlingua,0.35,8,5.40625,43.25,4.875,39.0,0.53125,4.25
qwen25_15b,765,msc_valid,16,recency,0.35,8,6.25,50.0,4.875,39.0,1.375,11.0
qwen25_15b,765,msc_valid,16,lexical_tfidf,0.35,8,5.5,44.0,4.875,39.0,0.625,5.0
qwen25_15b,765,msc_valid,16,recency_keep_compress_drop,0.35,8,5.5625,44.5,4.875,39.0,0.6875,5.5
qwen25_15b,765,msc_valid,16,uniform,0.5,8,5.40625,43.25,4.875,39.0,0.53125,4.25
qwen25_15b,765,msc_valid,16,longllmlingua,0.5,8,5.0625,40.5,4.875,39.0,0.1875,1.5
qwen25_15b,765,msc_valid,16,recency,0.5,8,5.3125,42.5,4.875,39.0,0.4375,3.5
qwen25_15b,765,msc_valid,16,lexical_tfidf,0.5,8,5.125,41.0,4.875,39.0,0.25,2.0
qwen25_15b,765,msc_valid,16,recency_keep_compress_drop,0.5,8,5.96875,47.75,4.875,39.0,1.09375,8.75
qwen25_15b,777,msc_valid,4,uniform,0.2,18,4.638888888888889,83.5,4.055555555555555,73.0,0.5833333333333339,10.5
qwen25_15b,777,msc_valid,4,longllmlingua,0.2,18,3.8333333333333335,69.0,4.055555555555555,73.0,-0.22222222222222188,-4.0
qwen25_15b,777,msc_valid,4,recency,0.2,18,4.638888888888889,83.5,4.055555555555555,73.0,0.5833333333333339,10.5
qwen25_15b,777,msc_valid,4,lexical_tfidf,0.2,18,4.638888888888889,83.5,4.055555555555555,73.0,0.5833333333333339,10.5
qwen25_15b,777,msc_valid,4,recency_keep_compress_drop,0.2,18,4.638888888888889,83.5,4.055555555555555,73.0,0.5833333333333339,10.5
qwen25_15b,777,msc_valid,4,uniform,0.35,18,4.638888888888889,83.5,4.055555555555555,73.0,0.5833333333333339,10.5
qwen25_15b,777,msc_valid,4,longllmlingua,0.35,18,3.8333333333333335,69.0,4.055555555555555,73.0,-0.22222222222222188,-4.0
qwen25_15b,777,msc_valid,4,recency,0.35,18,4.638888888888889,83.5,4.055555555555555,73.0,0.5833333333333339,10.5
qwen25_15b,777,msc_valid,4,lexical_tfidf,0.35,18,4.638888888888889,83.5,4.055555555555555,73.0,0.5833333333333339,10.5
qwen25_15b,777,msc_valid,4,recency_keep_compress_drop,0.35,18,4.638888888888889,83.5,4.055555555555555,73.0,0.5833333333333339,10.5
qwen25_15b,777,msc_valid,4,uniform,0.5,18,4.055555555555555,73.0,4.055555555555555,73.0,0.0,0.0
qwen25_15b,777,msc_valid,4,longllmlingua,0.5,18,3.6944444444444446,66.5,4.055555555555555,73.0,-0.3611111111111107,-6.5
qwen25_15b,777,msc_valid,4,recency,0.5,18,4.055555555555555,73.0,4.055555555555555,73.0,0.0,0.0
qwen25_15b,777,msc_valid,4,lexical_tfidf,0.5,18,4.055555555555555,73.0,4.055555555555555,73.0,0.0,0.0
qwen25_15b,777,msc_valid,4,recency_keep_compress_drop,0.5,18,4.055555555555555,73.0,4.055555555555555,73.0,0.0,0.0
qwen25_15b,777,msc_valid,6,uniform,0.2,14,3.4464285714285716,48.25,3.0357142857142856,42.5,0.41071428571428603,5.75
qwen25_15b,777,msc_valid,6,longllmlingua,0.2,14,3.107142857142857,43.5,3.0357142857142856,42.5,0.07142857142857162,1.0
qwen25_15b,777,msc_valid,6,recency,0.2,14,3.482142857142857,48.75,3.0357142857142856,42.5,0.4464285714285716,6.25
qwen25_15b,777,msc_valid,6,lexical_tfidf,0.2,14,3.482142857142857,48.75,3.0357142857142856,42.5,0.4464285714285716,6.25
qwen25_15b,777,msc_valid,6,recency_keep_compress_drop,0.2,14,3.482142857142857,48.75,3.0357142857142856,42.5,0.4464285714285716,6.25
qwen25_15b,777,msc_valid,6,uniform,0.35,14,3.5892857142857144,50.25,3.0357142857142856,42.5,0.5535714285714288,7.75
qwen25_15b,777,msc_valid,6,longllmlingua,0.35,14,2.9285714285714284,41.0,3.0357142857142856,42.5,-0.1071428571428572,-1.5
qwen25_15b,777,msc_valid,6,recency,0.35,14,3.482142857142857,48.75,3.0357142857142856,42.5,0.4464285714285716,6.25
qwen25_15b,777,msc_valid,6,lexical_tfidf,0.35,14,3.482142857142857,48.75,3.0357142857142856,42.5,0.4464285714285716,6.25
qwen25_15b,777,msc_valid,6,recency_keep_compress_drop,0.35,14,3.482142857142857,48.75,3.0357142857142856,42.5,0.4464285714285716,6.25
qwen25_15b,777,msc_valid,6,uniform,0.5,14,3.5,49.0,3.0357142857142856,42.5,0.4642857142857144,6.5
qwen25_15b,777,msc_valid,6,longllmlingua,0.5,14,3.0,42.0,3.0357142857142856,42.5,-0.03571428571428559,-0.5
qwen25_15b,777,msc_valid,6,recency,0.5,14,3.3392857142857144,46.75,3.0357142857142856,42.5,0.3035714285714288,4.25
qwen25_15b,777,msc_valid,6,lexical_tfidf,0.5,14,3.482142857142857,48.75,3.0357142857142856,42.5,0.4464285714285716,6.25
qwen25_15b,777,msc_valid,6,recency_keep_compress_drop,0.5,14,3.482142857142857,48.75,3.0357142857142856,42.5,0.4464285714285716,6.25
qwen25_15b,777,msc_valid,8,uniform,0.2,13,3.230769230769231,42.0,2.9038461538461537,37.75,0.3269230769230771,4.25
qwen25_15b,777,msc_valid,8,longllmlingua,0.2,13,3.423076923076923,44.5,2.9038461538461537,37.75,0.5192307692307692,6.75
qwen25_15b,777,msc_valid,8,recency,0.2,13,3.230769230769231,42.0,2.9038461538461537,37.75,0.3269230769230771,4.25
qwen25_15b,777,msc_valid,8,lexical_tfidf,0.2,13,3.230769230769231,42.0,2.9038461538461537,37.75,0.3269230769230771,4.25
qwen25_15b,777,msc_valid,8,recency_keep_compress_drop,0.2,13,3.230769230769231,42.0,2.9038461538461537,37.75,0.3269230769230771,4.25
qwen25_15b,777,msc_valid,8,uniform,0.35,13,3.2884615384615383,42.75,2.9038461538461537,37.75,0.3846153846153846,5.0
qwen25_15b,777,msc_valid,8,longllmlingua,0.35,13,3.3653846153846154,43.75,2.9038461538461537,37.75,0.4615384615384617,6.0
qwen25_15b,777,msc_valid,8,recency,0.35,13,3.1923076923076925,41.5,2.9038461538461537,37.75,0.28846153846153877,3.75
qwen25_15b,777,msc_valid,8,lexical_tfidf,0.35,13,3.1153846153846154,40.5,2.9038461538461537,37.75,0.21153846153846168,2.75
qwen25_15b,777,msc_valid,8,recency_keep_compress_drop,0.35,13,3.1153846153846154,40.5,2.9038461538461537,37.75,0.21153846153846168,2.75
qwen25_15b,777,msc_valid,8,uniform,0.5,13,3.269230769230769,42.5,2.9038461538461537,37.75,0.3653846153846154,4.75
qwen25_15b,777,msc_valid,8,longllmlingua,0.5,13,3.4038461538461537,44.25,2.9038461538461537,37.75,0.5,6.5
qwen25_15b,777,msc_valid,8,recency,0.5,13,3.1346153846153846,40.75,2.9038461538461537,37.75,0.23076923076923084,3.0
qwen25_15b,777,msc_valid,8,lexical_tfidf,0.5,13,2.9038461538461537,37.75,2.9038461538461537,37.75,0.0,0.0
qwen25_15b,777,msc_valid,8,recency_keep_compress_drop,0.5,13,3.1923076923076925,41.5,2.9038461538461537,37.75,0.28846153846153877,3.75
qwen25_15b,777,msc_valid,10,uniform,0.2,17,2.7941176470588234,47.5,2.3823529411764706,40.5,0.4117647058823528,7.0
qwen25_15b,777,msc_valid,10,longllmlingua,0.2,17,2.6470588235294117,45.0,2.3823529411764706,40.5,0.2647058823529411,4.5
qwen25_15b,777,msc_valid,10,recency,0.2,17,2.7205882352941178,46.25,2.3823529411764706,40.5,0.3382352941176472,5.75
qwen25_15b,777,msc_valid,10,lexical_tfidf,0.2,17,2.7941176470588234,47.5,2.3823529411764706,40.5,0.4117647058823528,7.0
qwen25_15b,777,msc_valid,10,recency_keep_compress_drop,0.2,17,2.6911764705882355,45.75,2.3823529411764706,40.5,0.30882352941176494,5.25
qwen25_15b,777,msc_valid,10,uniform,0.35,17,2.6323529411764706,44.75,2.3823529411764706,40.5,0.25,4.25
qwen25_15b,777,msc_valid,10,longllmlingua,0.35,17,2.6911764705882355,45.75,2.3823529411764706,40.5,0.30882352941176494,5.25
qwen25_15b,777,msc_valid,10,recency,0.35,17,2.5588235294117645,43.5,2.3823529411764706,40.5,0.17647058823529393,3.0
qwen25_15b,777,msc_valid,10,lexical_tfidf,0.35,17,2.8088235294117645,47.75,2.3823529411764706,40.5,0.42647058823529393,7.25
qwen25_15b,777,msc_valid,10,recency_keep_compress_drop,0.35,17,2.5588235294117645,43.5,2.3823529411764706,40.5,0.17647058823529393,3.0
qwen25_15b,777,msc_valid,10,uniform,0.5,17,2.6470588235294117,45.0,2.3823529411764706,40.5,0.2647058823529411,4.5
qwen25_15b,777,msc_valid,10,longllmlingua,0.5,17,2.676470588235294,45.5,2.3823529411764706,40.5,0.2941176470588234,5.0
qwen25_15b,777,msc_valid,10,recency,0.5,17,2.5294117647058822,43.0,2.3823529411764706,40.5,0.1470588235294117,2.5
qwen25_15b,777,msc_valid,10,lexical_tfidf,0.5,17,2.661764705882353,45.25,2.3823529411764706,40.5,0.27941176470588225,4.75
qwen25_15b,777,msc_valid,10,recency_keep_compress_drop,0.5,17,2.5588235294117645,43.5,2.3823529411764706,40.5,0.17647058823529393,3.0
qwen25_15b,777,msc_valid,12,uniform,0.2,17,4.294117647058823,73.0,3.1176470588235294,53.0,1.176470588235294,20.0
qwen25_15b,777,msc_valid,12,longllmlingua,0.2,17,3.573529411764706,60.75,3.1176470588235294,53.0,0.4558823529411766,7.75
qwen25_15b,777,msc_valid,12,recency,0.2,17,3.4705882352941178,59.0,3.1176470588235294,53.0,0.3529411764705883,6.0
qwen25_15b,777,msc_valid,12,lexical_tfidf,0.2,17,3.676470588235294,62.5,3.1176470588235294,53.0,0.5588235294117645,9.5
qwen25_15b,777,msc_valid,12,recency_keep_compress_drop,0.2,17,3.4705882352941178,59.0,3.1176470588235294,53.0,0.3529411764705883,6.0
qwen25_15b,777,msc_valid,12,uniform,0.35,17,4.029411764705882,68.5,3.1176470588235294,53.0,0.9117647058823528,15.5
qwen25_15b,777,msc_valid,12,longllmlingua,0.35,17,3.4558823529411766,58.75,3.1176470588235294,53.0,0.3382352941176472,5.75
qwen25_15b,777,msc_valid,12,recency,0.35,17,3.4705882352941178,59.0,3.1176470588235294,53.0,0.3529411764705883,6.0
qwen25_15b,777,msc_valid,12,lexical_tfidf,0.35,17,3.485294117647059,59.25,3.1176470588235294,53.0,0.36764705882352944,6.25
qwen25_15b,777,msc_valid,12,recency_keep_compress_drop,0.35,17,3.2941176470588234,56.0,3.1176470588235294,53.0,0.17647058823529393,3.0
qwen25_15b,777,msc_valid,12,uniform,0.5,17,3.6029411764705883,61.25,3.1176470588235294,53.0,0.4852941176470589,8.25
qwen25_15b,777,msc_valid,12,longllmlingua,0.5,17,3.3676470588235294,57.25,3.1176470588235294,53.0,0.25,4.25
qwen25_15b,777,msc_valid,12,recency,0.5,17,3.323529411764706,56.5,3.1176470588235294,53.0,0.20588235294117663,3.5
qwen25_15b,777,msc_valid,12,lexical_tfidf,0.5,17,3.235294117647059,55.0,3.1176470588235294,53.0,0.11764705882352944,2.0
qwen25_15b,777,msc_valid,12,recency_keep_compress_drop,0.5,17,3.3823529411764706,57.5,3.1176470588235294,53.0,0.2647058823529411,4.5
qwen25_15b,777,msc_valid,14,uniform,0.2,14,2.8214285714285716,39.5,2.3392857142857144,32.75,0.4821428571428572,6.75
qwen25_15b,777,msc_valid,14,longllmlingua,0.2,14,2.8035714285714284,39.25,2.3392857142857144,32.75,0.46428571428571397,6.5
qwen25_15b,777,msc_valid,14,recency,0.2,14,2.8392857142857144,39.75,2.3392857142857144,32.75,0.5,7.0
qwen25_15b,777,msc_valid,14,lexical_tfidf,0.2,14,2.517857142857143,35.25,2.3392857142857144,32.75,0.17857142857142838,2.5
qwen25_15b,777,msc_valid,14,recency_keep_compress_drop,0.2,14,2.375,33.25,2.3392857142857144,32.75,0.03571428571428559,0.5
qwen25_15b,777,msc_valid,14,uniform,0.35,14,2.767857142857143,38.75,2.3392857142857144,32.75,0.4285714285714284,6.0
qwen25_15b,777,msc_valid,14,longllmlingua,0.35,14,2.8035714285714284,39.25,2.3392857142857144,32.75,0.46428571428571397,6.5
qwen25_15b,777,msc_valid,14,recency,0.35,14,2.3392857142857144,32.75,2.3392857142857144,32.75,0.0,0.0
qwen25_15b,777,msc_valid,14,lexical_tfidf,0.35,14,2.517857142857143,35.25,2.3392857142857144,32.75,0.17857142857142838,2.5
qwen25_15b,777,msc_valid,14,recency_keep_compress_drop,0.35,14,2.375,33.25,2.3392857142857144,32.75,0.03571428571428559,0.5
qwen25_15b,777,msc_valid,14,uniform,0.5,14,2.8214285714285716,39.5,2.3392857142857144,32.75,0.4821428571428572,6.75
qwen25_15b,777,msc_valid,14,longllmlingua,0.5,14,2.5892857142857144,36.25,2.3392857142857144,32.75,0.25,3.5
qwen25_15b,777,msc_valid,14,recency,0.5,14,2.4107142857142856,33.75,2.3392857142857144,32.75,0.07142857142857117,1.0
qwen25_15b,777,msc_valid,14,lexical_tfidf,0.5,14,2.517857142857143,35.25,2.3392857142857144,32.75,0.17857142857142838,2.5
qwen25_15b,777,msc_valid,14,recency_keep_compress_drop,0.5,14,2.267857142857143,31.75,2.3392857142857144,32.75,-0.07142857142857162,-1.0
qwen25_15b,840,msc_valid,4,uniform,0.2,18,2.5694444444444446,46.25,2.2916666666666665,41.25,0.2777777777777781,5.0
qwen25_15b,840,msc_valid,4,longllmlingua,0.2,18,2.138888888888889,38.5,2.2916666666666665,41.25,-0.15277777777777768,-2.75
qwen25_15b,840,msc_valid,4,recency,0.2,18,2.5694444444444446,46.25,2.2916666666666665,41.25,0.2777777777777781,5.0
qwen25_15b,840,msc_valid,4,lexical_tfidf,0.2,18,2.5694444444444446,46.25,2.2916666666666665,41.25,0.2777777777777781,5.0
qwen25_15b,840,msc_valid,4,recency_keep_compress_drop,0.2,18,2.5694444444444446,46.25,2.2916666666666665,41.25,0.2777777777777781,5.0
qwen25_15b,840,msc_valid,4,uniform,0.35,18,2.2916666666666665,41.25,2.2916666666666665,41.25,0.0,0.0
qwen25_15b,840,msc_valid,4,longllmlingua,0.35,18,2.1527777777777777,38.75,2.2916666666666665,41.25,-0.13888888888888884,-2.5
qwen25_15b,840,msc_valid,4,recency,0.35,18,2.2916666666666665,41.25,2.2916666666666665,41.25,0.0,0.0
qwen25_15b,840,msc_valid,4,lexical_tfidf,0.35,18,2.2916666666666665,41.25,2.2916666666666665,41.25,0.0,0.0
qwen25_15b,840,msc_valid,4,recency_keep_compress_drop,0.35,18,2.2916666666666665,41.25,2.2916666666666665,41.25,0.0,0.0
qwen25_15b,840,msc_valid,4,uniform,0.5,18,2.2916666666666665,41.25,2.2916666666666665,41.25,0.0,0.0
qwen25_15b,840,msc_valid,4,longllmlingua,0.5,18,2.0972222222222223,37.75,2.2916666666666665,41.25,-0.1944444444444442,-3.5
qwen25_15b,840,msc_valid,4,recency,0.5,18,2.2916666666666665,41.25,2.2916666666666665,41.25,0.0,0.0
qwen25_15b,840,msc_valid,4,lexical_tfidf,0.5,18,2.2916666666666665,41.25,2.2916666666666665,41.25,0.0,0.0
qwen25_15b,840,msc_valid,4,recency_keep_compress_drop,0.5,18,2.2916666666666665,41.25,2.2916666666666665,41.25,0.0,0.0
qwen25_15b,840,msc_valid,8,uniform,0.2,18,4.611111111111111,83.0,4.472222222222222,80.5,0.1388888888888884,2.5
qwen25_15b,840,msc_valid,8,longllmlingua,0.2,18,4.5,81.0,4.472222222222222,80.5,0.02777777777777768,0.5
qwen25_15b,840,msc_valid,8,recency,0.2,18,5.111111111111111,92.0,4.472222222222222,80.5,0.6388888888888884,11.5
qwen25_15b,840,msc_valid,8,lexical_tfidf,0.2,18,5.111111111111111,92.0,4.472222222222222,80.5,0.6388888888888884,11.5
qwen25_15b,840,msc_valid,8,recency_keep_compress_drop,0.2,18,5.111111111111111,92.0,4.472222222222222,80.5,0.6388888888888884,11.5
qwen25_15b,840,msc_valid,8,uniform,0.35,18,5.055555555555555,91.0,4.472222222222222,80.5,0.583333333333333,10.5
qwen25_15b,840,msc_valid,8,longllmlingua,0.35,18,4.416666666666667,79.5,4.472222222222222,80.5,-0.05555555555555536,-1.0
qwen25_15b,840,msc_valid,8,recency,0.35,18,5.0,90.0,4.472222222222222,80.5,0.5277777777777777,9.5
qwen25_15b,840,msc_valid,8,lexical_tfidf,0.35,18,4.777777777777778,86.0,4.472222222222222,80.5,0.30555555555555536,5.5
qwen25_15b,840,msc_valid,8,recency_keep_compress_drop,0.35,18,4.777777777777778,86.0,4.472222222222222,80.5,0.30555555555555536,5.5
qwen25_15b,840,msc_valid,8,uniform,0.5,18,4.666666666666667,84.0,4.472222222222222,80.5,0.19444444444444464,3.5
qwen25_15b,840,msc_valid,8,longllmlingua,0.5,18,4.111111111111111,74.0,4.472222222222222,80.5,-0.3611111111111116,-6.5
qwen25_15b,840,msc_valid,8,recency,0.5,18,4.861111111111111,87.5,4.472222222222222,80.5,0.3888888888888884,7.0
qwen25_15b,840,msc_valid,8,lexical_tfidf,0.5,18,4.361111111111111,78.5,4.472222222222222,80.5,-0.1111111111111116,-2.0
qwen25_15b,840,msc_valid,8,recency_keep_compress_drop,0.5,18,4.305555555555555,77.5,4.472222222222222,80.5,-0.16666666666666696,-3.0
qwen25_15b,840,msc_valid,12,uniform,0.2,10,2.7125,27.125,1.6625,16.625,1.0499999999999998,10.5
qwen25_15b,840,msc_valid,12,longllmlingua,0.2,10,2.3,23.0,1.6625,16.625,0.6374999999999997,6.375
qwen25_15b,840,msc_valid,12,recency,0.2,10,2.4625,24.625,1.6625,16.625,0.7999999999999998,8.0
qwen25_15b,840,msc_valid,12,lexical_tfidf,0.2,10,1.825,18.25,1.6625,16.625,0.16249999999999987,1.625
qwen25_15b,840,msc_valid,12,recency_keep_compress_drop,0.2,10,2.4625,24.625,1.6625,16.625,0.7999999999999998,8.0
qwen25_15b,840,msc_valid,12,uniform,0.35,10,2.475,24.75,1.6625,16.625,0.8125,8.125
qwen25_15b,840,msc_valid,12,longllmlingua,0.35,10,2.05,20.5,1.6625,16.625,0.38749999999999973,3.875
qwen25_15b,840,msc_valid,12,recency,0.35,10,2.3625,23.625,1.6625,16.625,0.6999999999999997,7.0
qwen25_15b,840,msc_valid,12,lexical_tfidf,0.35,10,1.725,17.25,1.6625,16.625,0.0625,0.625
qwen25_15b,840,msc_valid,12,recency_keep_compress_drop,0.35,10,1.9375,19.375,1.6625,16.625,0.2749999999999999,2.75
qwen25_15b,840,msc_valid,12,uniform,0.5,10,2.1,21.0,1.6625,16.625,0.4375,4.375
qwen25_15b,840,msc_valid,12,longllmlingua,0.5,10,1.9375,19.375,1.6625,16.625,0.2749999999999999,2.75
qwen25_15b,840,msc_valid,12,recency,0.5,10,1.7375,17.375,1.6625,16.625,0.07499999999999996,0.75
qwen25_15b,840,msc_valid,12,lexical_tfidf,0.5,10,1.7875,17.875,1.6625,16.625,0.125,1.25
qwen25_15b,840,msc_valid,12,recency_keep_compress_drop,0.5,10,1.7375,17.375,1.6625,16.625,0.07499999999999996,0.75
qwen25_15b,840,msc_valid,16,uniform,0.2,21,2.3333333333333335,49.0,2.130952380952381,44.75,0.20238095238095255,4.25
qwen25_15b,840,msc_valid,16,longllmlingua,0.2,21,2.4047619047619047,50.5,2.130952380952381,44.75,0.2738095238095237,5.75
qwen25_15b,840,msc_valid,16,recency,0.2,21,2.4761904761904763,52.0,2.130952380952381,44.75,0.34523809523809534,7.25
qwen25_15b,840,msc_valid,16,lexical_tfidf,0.2,21,2.4523809523809526,51.5,2.130952380952381,44.75,0.3214285714285716,6.75
qwen25_15b,840,msc_valid,16,recency_keep_compress_drop,0.2,21,2.4404761904761907,51.25,2.130952380952381,44.75,0.30952380952380976,6.5
qwen25_15b,840,msc_valid,16,uniform,0.35,21,2.2023809523809526,46.25,2.130952380952381,44.75,0.07142857142857162,1.5
qwen25_15b,840,msc_valid,16,longllmlingua,0.35,21,2.2142857142857144,46.5,2.130952380952381,44.75,0.08333333333333348,1.75
qwen25_15b,840,msc_valid,16,recency,0.35,21,2.488095238095238,52.25,2.130952380952381,44.75,0.3571428571428572,7.5
qwen25_15b,840,msc_valid,16,lexical_tfidf,0.35,21,2.4285714285714284,51.0,2.130952380952381,44.75,0.29761904761904745,6.25
qwen25_15b,840,msc_valid,16,recency_keep_compress_drop,0.35,21,2.4404761904761907,51.25,2.130952380952381,44.75,0.30952380952380976,6.5
qwen25_15b,840,msc_valid,16,uniform,0.5,21,2.2976190476190474,48.25,2.130952380952381,44.75,0.16666666666666652,3.5
qwen25_15b,840,msc_valid,16,longllmlingua,0.5,21,2.261904761904762,47.5,2.130952380952381,44.75,0.13095238095238093,2.75
qwen25_15b,840,msc_valid,16,recency,0.5,21,2.488095238095238,52.25,2.130952380952381,44.75,0.3571428571428572,7.5
qwen25_15b,840,msc_valid,16,lexical_tfidf,0.5,21,2.2023809523809526,46.25,2.130952380952381,44.75,0.07142857142857162,1.5
qwen25_15b,840,msc_valid,16,recency_keep_compress_drop,0.5,21,2.4523809523809526,51.5,2.130952380952381,44.75,0.3214285714285716,6.75
qwen25_15b,840,msc_valid,20,uniform,0.2,21,2.9523809523809526,62.0,2.892857142857143,60.75,0.059523809523809756,1.25
qwen25_15b,840,msc_valid,20,longllmlingua,0.2,21,2.9285714285714284,61.5,2.892857142857143,60.75,0.03571428571428559,0.75
qwen25_15b,840,msc_valid,20,recency,0.2,21,2.857142857142857,60.0,2.892857142857143,60.75,-0.03571428571428559,-0.75
qwen25_15b,840,msc_valid,20,lexical_tfidf,0.2,21,2.8452380952380953,59.75,2.892857142857143,60.75,-0.04761904761904745,-1.0
qwen25_15b,840,msc_valid,20,recency_keep_compress_drop,0.2,21,2.9642857142857144,62.25,2.892857142857143,60.75,0.07142857142857162,1.5
qwen25_15b,840,msc_valid,20,uniform,0.35,21,3.0357142857142856,63.75,2.892857142857143,60.75,0.1428571428571428,3.0
qwen25_15b,840,msc_valid,20,longllmlingua,0.35,21,2.8452380952380953,59.75,2.892857142857143,60.75,-0.04761904761904745,-1.0
qwen25_15b,840,msc_valid,20,recency,0.35,21,2.9285714285714284,61.5,2.892857142857143,60.75,0.03571428571428559,0.75
qwen25_15b,840,msc_valid,20,lexical_tfidf,0.35,21,3.011904761904762,63.25,2.892857142857143,60.75,0.11904761904761907,2.5
qwen25_15b,840,msc_valid,20,recency_keep_compress_drop,0.35,21,2.8333333333333335,59.5,2.892857142857143,60.75,-0.05952380952380931,-1.25
qwen25_15b,840,msc_valid,20,uniform,0.5,21,2.988095238095238,62.75,2.892857142857143,60.75,0.09523809523809534,2.0
qwen25_15b,840,msc_valid,20,longllmlingua,0.5,21,2.7976190476190474,58.75,2.892857142857143,60.75,-0.09523809523809534,-2.0
qwen25_15b,840,msc_valid,20,recency,0.5,21,2.9166666666666665,61.25,2.892857142857143,60.75,0.023809523809523725,0.5
qwen25_15b,840,msc_valid,20,lexical_tfidf,0.5,21,2.857142857142857,60.0,2.892857142857143,60.75,-0.03571428571428559,-0.75
qwen25_15b,840,msc_valid,20,recency_keep_compress_drop,0.5,21,2.892857142857143,60.75,2.892857142857143,60.75,0.0,0.0
qwen25_15b,840,msc_valid,24,uniform,0.2,39,2.282051282051282,89.0,2.128205128205128,83.0,0.15384615384615374,6.0
qwen25_15b,840,msc_valid,24,longllmlingua,0.2,39,2.0,78.0,2.128205128205128,83.0,-0.1282051282051282,-5.0
qwen25_15b,840,msc_valid,24,recency,0.2,39,2.1666666666666665,84.5,2.128205128205128,83.0,0.038461538461538325,1.5
qwen25_15b,840,msc_valid,24,lexical_tfidf,0.2,39,2.2564102564102564,88.0,2.128205128205128,83.0,0.1282051282051282,5.0
qwen25_15b,840,msc_valid,24,recency_keep_compress_drop,0.2,39,2.1794871794871793,85.0,2.128205128205128,83.0,0.0512820512820511,2.0
qwen25_15b,840,msc_valid,24,uniform,0.35,39,2.282051282051282,89.0,2.128205128205128,83.0,0.15384615384615374,6.0
qwen25_15b,840,msc_valid,24,longllmlingua,0.35,39,2.0128205128205128,78.5,2.128205128205128,83.0,-0.11538461538461542,-4.5
qwen25_15b,840,msc_valid,24,recency,0.35,39,2.141025641025641,83.5,2.128205128205128,83.0,0.012820512820512775,0.5
qwen25_15b,840,msc_valid,24,lexical_tfidf,0.35,39,2.1794871794871793,85.0,2.128205128205128,83.0,0.0512820512820511,2.0
qwen25_15b,840,msc_valid,24,recency_keep_compress_drop,0.35,39,2.051282051282051,80.0,2.128205128205128,83.0,-0.0769230769230771,-3.0
qwen25_15b,840,msc_valid,24,uniform,0.5,39,2.1538461538461537,84.0,2.128205128205128,83.0,0.02564102564102555,1.0
qwen25_15b,840,msc_valid,24,longllmlingua,0.5,39,2.051282051282051,80.0,2.128205128205128,83.0,-0.0769230769230771,-3.0
qwen25_15b,840,msc_valid,24,recency,0.5,39,2.2051282051282053,86.0,2.128205128205128,83.0,0.0769230769230771,3.0
qwen25_15b,840,msc_valid,24,lexical_tfidf,0.5,39,2.1794871794871793,85.0,2.128205128205128,83.0,0.0512820512820511,2.0
qwen25_15b,840,msc_valid,24,recency_keep_compress_drop,0.5,39,2.076923076923077,81.0,2.128205128205128,83.0,-0.0512820512820511,-2.0
qwen25_15b,840,msc_valid,28,uniform,0.2,13,3.9615384615384617,51.5,3.519230769230769,45.75,0.4423076923076925,5.75
qwen25_15b,840,msc_valid,28,longllmlingua,0.2,13,3.673076923076923,47.75,3.519230769230769,45.75,0.15384615384615374,2.0
qwen25_15b,840,msc_valid,28,recency,0.2,13,3.923076923076923,51.0,3.519230769230769,45.75,0.40384615384615374,5.25
qwen25_15b,840,msc_valid,28,lexical_tfidf,0.2,13,3.7884615384615383,49.25,3.519230769230769,45.75,0.26923076923076916,3.5
qwen25_15b,840,msc_valid,28,recency_keep_compress_drop,0.2,13,3.923076923076923,51.0,3.519230769230769,45.75,0.40384615384615374,5.25
qwen25_15b,840,msc_valid,28,uniform,0.35,13,3.6538461538461537,47.5,3.519230769230769,45.75,0.13461538461538458,1.75
qwen25_15b,840,msc_valid,28,longllmlingua,0.35,13,3.5961538461538463,46.75,3.519230769230769,45.75,0.0769230769230771,1.0
qwen25_15b,840,msc_valid,28,recency,0.35,13,3.7884615384615383,49.25,3.519230769230769,45.75,0.26923076923076916,3.5
qwen25_15b,840,msc_valid,28,lexical_tfidf,0.35,13,3.6538461538461537,47.5,3.519230769230769,45.75,0.13461538461538458,1.75
qwen25_15b,840,msc_valid,28,recency_keep_compress_drop,0.35,13,3.826923076923077,49.75,3.519230769230769,45.75,0.30769230769230793,4.0
qwen25_15b,840,msc_valid,28,uniform,0.5,13,3.7884615384615383,49.25,3.519230769230769,45.75,0.26923076923076916,3.5
qwen25_15b,840,msc_valid,28,longllmlingua,0.5,13,3.6346153846153846,47.25,3.519230769230769,45.75,0.11538461538461542,1.5
qwen25_15b,840,msc_valid,28,recency,0.5,13,3.7115384615384617,48.25,3.519230769230769,45.75,0.1923076923076925,2.5
qwen25_15b,840,msc_valid,28,lexical_tfidf,0.5,13,3.5,45.5,3.519230769230769,45.75,-0.019230769230769162,-0.25
qwen25_15b,840,msc_valid,28,recency_keep_compress_drop,0.5,13,3.6346153846153846,47.25,3.519230769230769,45.75,0.11538461538461542,1.5
qwen25_15b,840,msc_valid,32,uniform,0.2,15,2.433333333333333,36.5,2.216666666666667,33.25,0.21666666666666634,3.25
qwen25_15b,840,msc_valid,32,longllmlingua,0.2,15,2.566666666666667,38.5,2.216666666666667,33.25,0.3500000000000001,5.25
qwen25_15b,840,msc_valid,32,recency,0.2,15,2.533333333333333,38.0,2.216666666666667,33.25,0.31666666666666643,4.75
qwen25_15b,840,msc_valid,32,lexical_tfidf,0.2,15,2.683333333333333,40.25,2.216666666666667,33.25,0.46666666666666634,7.0
qwen25_15b,840,msc_valid,32,recency_keep_compress_drop,0.2,15,2.7,40.5,2.216666666666667,33.25,0.4833333333333334,7.25
qwen25_15b,840,msc_valid,32,uniform,0.35,15,2.283333333333333,34.25,2.216666666666667,33.25,0.06666666666666643,1.0
qwen25_15b,840,msc_valid,32,longllmlingua,0.35,15,2.466666666666667,37.0,2.216666666666667,33.25,0.25,3.75
qwen25_15b,840,msc_valid,32,recency,0.35,15,2.5166666666666666,37.75,2.216666666666667,33.25,0.2999999999999998,4.5
qwen25_15b,840,msc_valid,32,lexical_tfidf,0.35,15,2.45,36.75,2.216666666666667,33.25,0.2333333333333334,3.5
qwen25_15b,840,msc_valid,32,recency_keep_compress_drop,0.35,15,2.566666666666667,38.5,2.216666666666667,33.25,0.3500000000000001,5.25
qwen25_15b,840,msc_valid,32,uniform,0.5,15,2.3,34.5,2.216666666666667,33.25,0.08333333333333304,1.25
qwen25_15b,840,msc_valid,32,longllmlingua,0.5,15,2.466666666666667,37.0,2.216666666666667,33.25,0.25,3.75
qwen25_15b,840,msc_valid,32,recency,0.5,15,2.6,39.0,2.216666666666667,33.25,0.3833333333333333,5.75
qwen25_15b,840,msc_valid,32,lexical_tfidf,0.5,15,2.35,35.25,2.216666666666667,33.25,0.1333333333333333,2.0
qwen25_15b,840,msc_valid,32,recency_keep_compress_drop,0.5,15,2.3666666666666667,35.5,2.216666666666667,33.25,0.1499999999999999,2.25
qwen25_15b,840,msc_valid,34,uniform,0.2,26,2.5961538461538463,67.5,2.3076923076923075,60.0,0.28846153846153877,7.5
qwen25_15b,840,msc_valid,34,longllmlingua,0.2,26,2.4615384615384617,64.0,2.3076923076923075,60.0,0.1538461538461542,4.0
qwen25_15b,840,msc_valid,34,recency,0.2,26,2.6538461538461537,69.0,2.3076923076923075,60.0,0.34615384615384626,9.0
qwen25_15b,840,msc_valid,34,lexical_tfidf,0.2,26,2.451923076923077,63.75,2.3076923076923075,60.0,0.1442307692307696,3.75
qwen25_15b,840,msc_valid,34,recency_keep_compress_drop,0.2,26,2.5384615384615383,66.0,2.3076923076923075,60.0,0.23076923076923084,6.0
qwen25_15b,840,msc_valid,34,uniform,0.35,26,2.519230769230769,65.5,2.3076923076923075,60.0,0.21153846153846168,5.5
qwen25_15b,840,msc_valid,34,longllmlingua,0.35,26,2.480769230769231,64.5,2.3076923076923075,60.0,0.17307692307692335,4.5
qwen25_15b,840,msc_valid,34,recency,0.35,26,2.4326923076923075,63.25,2.3076923076923075,60.0,0.125,3.25
qwen25_15b,840,msc_valid,34,lexical_tfidf,0.35,26,2.423076923076923,63.0,2.3076923076923075,60.0,0.11538461538461542,3.0
qwen25_15b,840,msc_valid,34,recency_keep_compress_drop,0.35,26,2.5384615384615383,66.0,2.3076923076923075,60.0,0.23076923076923084,6.0
qwen25_15b,840,msc_valid,34,uniform,0.5,26,2.4423076923076925,63.5,2.3076923076923075,60.0,0.13461538461538503,3.5
qwen25_15b,840,msc_valid,34,longllmlingua,0.5,26,2.5,65.0,2.3076923076923075,60.0,0.1923076923076925,5.0
qwen25_15b,840,msc_valid,34,recency,0.5,26,2.480769230769231,64.5,2.3076923076923075,60.0,0.17307692307692335,4.5
qwen25_15b,840,msc_valid,34,lexical_tfidf,0.5,26,2.355769230769231,61.25,2.3076923076923075,60.0,0.04807692307692335,1.25
qwen25_15b,840,msc_valid,34,recency_keep_compress_drop,0.5,26,2.423076923076923,63.0,2.3076923076923075,60.0,0.11538461538461542,3.0
qwen25_15b,840,msc_valid,38,uniform,0.2,24,3.0208333333333335,72.5,2.7708333333333335,66.5,0.25,6.0
qwen25_15b,840,msc_valid,38,longllmlingua,0.2,24,2.875,69.0,2.7708333333333335,66.5,0.10416666666666652,2.5
qwen25_15b,840,msc_valid,38,recency,0.2,24,2.75,66.0,2.7708333333333335,66.5,-0.02083333333333348,-0.5
qwen25_15b,840,msc_valid,38,lexical_tfidf,0.2,24,2.9166666666666665,70.0,2.7708333333333335,66.5,0.14583333333333304,3.5
qwen25_15b,840,msc_valid,38,recency_keep_compress_drop,0.2,24,2.75,66.0,2.7708333333333335,66.5,-0.02083333333333348,-0.5
qwen25_15b,840,msc_valid,38,uniform,0.35,24,2.9583333333333335,71.0,2.7708333333333335,66.5,0.1875,4.5
qwen25_15b,840,msc_valid,38,longllmlingua,0.35,24,2.8541666666666665,68.5,2.7708333333333335,66.5,0.08333333333333304,2.0
qwen25_15b,840,msc_valid,38,recency,0.35,24,2.625,63.0,2.7708333333333335,66.5,-0.14583333333333348,-3.5
qwen25_15b,840,msc_valid,38,lexical_tfidf,0.35,24,2.8541666666666665,68.5,2.7708333333333335,66.5,0.08333333333333304,2.0
qwen25_15b,840,msc_valid,38,recency_keep_compress_drop,0.35,24,2.75,66.0,2.7708333333333335,66.5,-0.02083333333333348,-0.5
qwen25_15b,840,msc_valid,38,uniform,0.5,24,2.9166666666666665,70.0,2.7708333333333335,66.5,0.14583333333333304,3.5
qwen25_15b,840,msc_valid,38,longllmlingua,0.5,24,2.9166666666666665,70.0,2.7708333333333335,66.5,0.14583333333333304,3.5
qwen25_15b,840,msc_valid,38,recency,0.5,24,2.6875,64.5,2.7708333333333335,66.5,-0.08333333333333348,-2.0
qwen25_15b,840,msc_valid,38,lexical_tfidf,0.5,24,2.8541666666666665,68.5,2.7708333333333335,66.5,0.08333333333333304,2.0
qwen25_15b,840,msc_valid,38,recency_keep_compress_drop,0.5,24,2.7708333333333335,66.5,2.7708333333333335,66.5,0.0,0.0
qwen25_15b,840,msc_valid,42,uniform,0.2,32,2.015625,64.5,1.953125,62.5,0.0625,2.0
qwen25_15b,840,msc_valid,42,longllmlingua,0.2,32,2.09375,67.0,1.953125,62.5,0.140625,4.5
qwen25_15b,840,msc_valid,42,recency,0.2,32,2.125,68.0,1.953125,62.5,0.171875,5.5
qwen25_15b,840,msc_valid,42,lexical_tfidf,0.2,32,1.9453125,62.25,1.953125,62.5,-0.0078125,-0.25
qwen25_15b,840,msc_valid,42,recency_keep_compress_drop,0.2,32,2.09375,67.0,1.953125,62.5,0.140625,4.5
qwen25_15b,840,msc_valid,42,uniform,0.35,32,2.0,64.0,1.953125,62.5,0.046875,1.5
qwen25_15b,840,msc_valid,42,longllmlingua,0.35,32,2.078125,66.5,1.953125,62.5,0.125,4.0
qwen25_15b,840,msc_valid,42,recency,0.35,32,2.078125,66.5,1.953125,62.5,0.125,4.0
qwen25_15b,840,msc_valid,42,lexical_tfidf,0.35,32,1.953125,62.5,1.953125,62.5,0.0,0.0
qwen25_15b,840,msc_valid,42,recency_keep_compress_drop,0.35,32,2.015625,64.5,1.953125,62.5,0.0625,2.0
qwen25_15b,840,msc_valid,42,uniform,0.5,32,1.9609375,62.75,1.953125,62.5,0.0078125,0.25
qwen25_15b,840,msc_valid,42,longllmlingua,0.5,32,2.0625,66.0,1.953125,62.5,0.109375,3.5
qwen25_15b,840,msc_valid,42,recency,0.5,32,2.015625,64.5,1.953125,62.5,0.0625,2.0
qwen25_15b,840,msc_valid,42,lexical_tfidf,0.5,32,1.984375,63.5,1.953125,62.5,0.03125,1.0
qwen25_15b,840,msc_valid,42,recency_keep_compress_drop,0.5,32,1.9921875,63.75,1.953125,62.5,0.0390625,1.25
qwen25_15b,840,msc_valid,46,uniform,0.2,34,2.25,76.5,0.0,0.0,2.25,76.5
qwen25_15b,840,msc_valid,46,longllmlingua,0.2,34,2.2205882352941178,75.5,0.0,0.0,2.2205882352941178,75.5
qwen25_15b,840,msc_valid,46,recency,0.2,34,2.0294117647058822,69.0,0.0,0.0,2.0294117647058822,69.0
qwen25_15b,840,msc_valid,46,lexical_tfidf,0.2,34,1.9852941176470589,67.5,0.0,0.0,1.9852941176470589,67.5
qwen25_15b,840,msc_valid,46,recency_keep_compress_drop,0.2,34,2.0588235294117645,70.0,0.0,0.0,2.0588235294117645,70.0
qwen25_15b,840,msc_valid,46,uniform,0.35,34,2.235294117647059,76.0,0.0,0.0,2.235294117647059,76.0
qwen25_15b,840,msc_valid,46,longllmlingua,0.35,34,2.176470588235294,74.0,0.0,0.0,2.176470588235294,74.0
qwen25_15b,840,msc_valid,46,recency,0.35,34,1.9411764705882353,66.0,0.0,0.0,1.9411764705882353,66.0
qwen25_15b,840,msc_valid,46,lexical_tfidf,0.35,34,1.9852941176470589,67.5,0.0,0.0,1.9852941176470589,67.5
qwen25_15b,840,msc_valid,46,recency_keep_compress_drop,0.35,34,2.0441176470588234,69.5,0.0,0.0,2.0441176470588234,69.5
qwen25_15b,840,msc_valid,46,uniform,0.5,34,2.2205882352941178,75.5,0.0,0.0,2.2205882352941178,75.5
qwen25_15b,840,msc_valid,46,longllmlingua,0.5,34,2.1029411764705883,71.5,0.0,0.0,2.1029411764705883,71.5
qwen25_15b,840,msc_valid,46,recency,0.5,34,1.9558823529411764,66.5,0.0,0.0,1.9558823529411764,66.5
qwen25_15b,840,msc_valid,46,lexical_tfidf,0.5,34,1.9411764705882353,66.0,0.0,0.0,1.9411764705882353,66.0
qwen25_15b,840,msc_valid,46,recency_keep_compress_drop,0.5,34,1.9705882352941178,67.0,0.0,0.0,1.9705882352941178,67.0
qwen25_15b,840,msc_valid,50,uniform,0.2,30,2.75,82.5,0.0,0.0,2.75,82.5
qwen25_15b,840,msc_valid,50,longllmlingua,0.2,30,2.8333333333333335,85.0,0.0,0.0,2.8333333333333335,85.0
qwen25_15b,840,msc_valid,50,recency,0.2,30,2.75,82.5,0.0,0.0,2.75,82.5
qwen25_15b,840,msc_valid,50,lexical_tfidf,0.2,30,2.8,84.0,0.0,0.0,2.8,84.0
qwen25_15b,840,msc_valid,50,recency_keep_compress_drop,0.2,30,2.75,82.5,0.0,0.0,2.75,82.5
qwen25_15b,840,msc_valid,50,uniform,0.35,30,2.75,82.5,0.0,0.0,2.75,82.5
qwen25_15b,840,msc_valid,50,longllmlingua,0.35,30,2.8333333333333335,85.0,0.0,0.0,2.8333333333333335,85.0
qwen25_15b,840,msc_valid,50,recency,0.35,30,2.6333333333333333,79.0,0.0,0.0,2.6333333333333333,79.0
qwen25_15b,840,msc_valid,50,lexical_tfidf,0.35,30,2.85,85.5,0.0,0.0,2.85,85.5
qwen25_15b,840,msc_valid,50,recency_keep_compress_drop,0.35,30,2.6666666666666665,80.0,0.0,0.0,2.6666666666666665,80.0
qwen25_15b,840,msc_valid,50,uniform,0.5,30,2.6666666666666665,80.0,0.0,0.0,2.6666666666666665,80.0
qwen25_15b,840,msc_valid,50,longllmlingua,0.5,30,2.7333333333333334,82.0,0.0,0.0,2.7333333333333334,82.0
qwen25_15b,840,msc_valid,50,recency,0.5,30,2.6166666666666667,78.5,0.0,0.0,2.6166666666666667,78.5
qwen25_15b,840,msc_valid,50,lexical_tfidf,0.5,30,2.7,81.0,0.0,0.0,2.7,81.0
qwen25_15b,840,msc_valid,50,recency_keep_compress_drop,0.5,30,2.6333333333333333,79.0,0.0,0.0,2.6333333333333333,79.0
qwen25_15b,840,msc_valid,54,uniform,0.2,42,2.4285714285714284,102.0,0.0,0.0,2.4285714285714284,102.0
qwen25_15b,840,msc_valid,54,longllmlingua,0.2,42,2.392857142857143,100.5,0.0,0.0,2.392857142857143,100.5
qwen25_15b,840,msc_valid,54,recency,0.2,42,2.2261904761904763,93.5,0.0,0.0,2.2261904761904763,93.5
qwen25_15b,840,msc_valid,54,lexical_tfidf,0.2,42,2.3095238095238093,97.0,0.0,0.0,2.3095238095238093,97.0
qwen25_15b,840,msc_valid,54,recency_keep_compress_drop,0.2,42,2.3333333333333335,98.0,0.0,0.0,2.3333333333333335,98.0
qwen25_15b,840,msc_valid,54,uniform,0.35,42,2.2976190476190474,96.5,0.0,0.0,2.2976190476190474,96.5
qwen25_15b,840,msc_valid,54,longllmlingua,0.35,42,2.380952380952381,100.0,0.0,0.0,2.380952380952381,100.0
qwen25_15b,840,msc_valid,54,recency,0.35,42,2.2142857142857144,93.0,0.0,0.0,2.2142857142857144,93.0
qwen25_15b,840,msc_valid,54,lexical_tfidf,0.35,42,2.3095238095238093,97.0,0.0,0.0,2.3095238095238093,97.0
qwen25_15b,840,msc_valid,54,recency_keep_compress_drop,0.35,42,2.3333333333333335,98.0,0.0,0.0,2.3333333333333335,98.0
qwen25_15b,840,msc_valid,54,uniform,0.5,42,2.2738095238095237,95.5,0.0,0.0,2.2738095238095237,95.5
qwen25_15b,840,msc_valid,54,longllmlingua,0.5,42,2.369047619047619,99.5,0.0,0.0,2.369047619047619,99.5
qwen25_15b,840,msc_valid,54,recency,0.5,42,2.238095238095238,94.0,0.0,0.0,2.238095238095238,94.0
qwen25_15b,840,msc_valid,54,lexical_tfidf,0.5,42,2.3214285714285716,97.5,0.0,0.0,2.3214285714285716,97.5
qwen25_15b,840,msc_valid,54,recency_keep_compress_drop,0.5,42,2.3333333333333335,98.0,0.0,0.0,2.3333333333333335,98.0
qwen25_15b,840,msc_valid,58,uniform,0.2,29,2.9827586206896552,86.5,0.0,0.0,2.9827586206896552,86.5
qwen25_15b,840,msc_valid,58,longllmlingua,0.2,29,2.8620689655172415,83.0,0.0,0.0,2.8620689655172415,83.0
qwen25_15b,840,msc_valid,58,recency,0.2,29,2.810344827586207,81.5,0.0,0.0,2.810344827586207,81.5
qwen25_15b,840,msc_valid,58,lexical_tfidf,0.2,29,2.8275862068965516,82.0,0.0,0.0,2.8275862068965516,82.0
qwen25_15b,840,msc_valid,58,recency_keep_compress_drop,0.2,29,2.793103448275862,81.0,0.0,0.0,2.793103448275862,81.0
qwen25_15b,840,msc_valid,58,uniform,0.35,29,2.9482758620689653,85.5,0.0,0.0,2.9482758620689653,85.5
qwen25_15b,840,msc_valid,58,longllmlingua,0.35,29,2.7586206896551726,80.0,0.0,0.0,2.7586206896551726,80.0
qwen25_15b,840,msc_valid,58,recency,0.35,29,2.810344827586207,81.5,0.0,0.0,2.810344827586207,81.5
qwen25_15b,840,msc_valid,58,lexical_tfidf,0.35,29,2.810344827586207,81.5,0.0,0.0,2.810344827586207,81.5
qwen25_15b,840,msc_valid,58,recency_keep_compress_drop,0.35,29,2.793103448275862,81.0,0.0,0.0,2.793103448275862,81.0
qwen25_15b,840,msc_valid,58,uniform,0.5,29,2.9310344827586206,85.0,0.0,0.0,2.9310344827586206,85.0
qwen25_15b,840,msc_valid,58,longllmlingua,0.5,29,2.7413793103448274,79.5,0.0,0.0,2.7413793103448274,79.5
qwen25_15b,840,msc_valid,58,recency,0.5,29,2.8275862068965516,82.0,0.0,0.0,2.8275862068965516,82.0
qwen25_15b,840,msc_valid,58,lexical_tfidf,0.5,29,2.8620689655172415,83.0,0.0,0.0,2.8620689655172415,83.0
qwen25_15b,840,msc_valid,58,recency_keep_compress_drop,0.5,29,2.810344827586207,81.5,0.0,0.0,2.810344827586207,81.5
qwen25_15b,840,msc_valid,62,uniform,0.2,15,2.45,36.75,0.0,0.0,2.45,36.75
qwen25_15b,840,msc_valid,62,longllmlingua,0.2,15,2.5,37.5,0.0,0.0,2.5,37.5
qwen25_15b,840,msc_valid,62,recency,0.2,15,2.4,36.0,0.0,0.0,2.4,36.0
qwen25_15b,840,msc_valid,62,lexical_tfidf,0.2,15,2.4,36.0,0.0,0.0,2.4,36.0
qwen25_15b,840,msc_valid,62,recency_keep_compress_drop,0.2,15,2.433333333333333,36.5,0.0,0.0,2.433333333333333,36.5
qwen25_15b,840,msc_valid,62,uniform,0.35,15,2.433333333333333,36.5,0.0,0.0,2.433333333333333,36.5
qwen25_15b,840,msc_valid,62,longllmlingua,0.35,15,2.3333333333333335,35.0,0.0,0.0,2.3333333333333335,35.0
qwen25_15b,840,msc_valid,62,recency,0.35,15,2.3833333333333333,35.75,0.0,0.0,2.3833333333333333,35.75
qwen25_15b,840,msc_valid,62,lexical_tfidf,0.35,15,2.433333333333333,36.5,0.0,0.0,2.433333333333333,36.5
qwen25_15b,840,msc_valid,62,recency_keep_compress_drop,0.35,15,2.433333333333333,36.5,0.0,0.0,2.433333333333333,36.5
qwen25_15b,840,msc_valid,62,uniform,0.5,15,2.5,37.5,0.0,0.0,2.5,37.5
qwen25_15b,840,msc_valid,62,longllmlingua,0.5,15,2.3833333333333333,35.75,0.0,0.0,2.3833333333333333,35.75
qwen25_15b,840,msc_valid,62,recency,0.5,0,0.0,0.0,0.0,0.0,0.0,0.0
qwen25_15b,840,msc_valid,62,lexical_tfidf,0.5,0,0.0,0.0,0.0,0.0,0.0,0.0
qwen25_15b,840,msc_valid,62,recency_keep_compress_drop,0.5,0,0.0,0.0,0.0,0.0,0.0,0.0
qwen25_15b,866,msc_valid,4,uniform,0.2,18,3.8055555555555554,68.5,3.7222222222222223,67.0,0.08333333333333304,1.5
qwen25_15b,866,msc_valid,4,longllmlingua,0.2,18,3.5416666666666665,63.75,3.7222222222222223,67.0,-0.1805555555555558,-3.25
qwen25_15b,866,msc_valid,4,recency,0.2,18,3.8055555555555554,68.5,3.7222222222222223,67.0,0.08333333333333304,1.5
qwen25_15b,866,msc_valid,4,lexical_tfidf,0.2,18,3.8055555555555554,68.5,3.7222222222222223,67.0,0.08333333333333304,1.5
qwen25_15b,866,msc_valid,4,recency_keep_compress_drop,0.2,18,3.8055555555555554,68.5,3.7222222222222223,67.0,0.08333333333333304,1.5
qwen25_15b,866,msc_valid,4,uniform,0.35,18,3.7777777777777777,68.0,3.7222222222222223,67.0,0.05555555555555536,1.0
qwen25_15b,866,msc_valid,4,longllmlingua,0.35,18,3.5833333333333335,64.5,3.7222222222222223,67.0,-0.13888888888888884,-2.5
qwen25_15b,866,msc_valid,4,recency,0.35,18,3.7777777777777777,68.0,3.7222222222222223,67.0,0.05555555555555536,1.0
qwen25_15b,866,msc_valid,4,lexical_tfidf,0.35,18,3.7777777777777777,68.0,3.7222222222222223,67.0,0.05555555555555536,1.0
qwen25_15b,866,msc_valid,4,recency_keep_compress_drop,0.35,18,3.7777777777777777,68.0,3.7222222222222223,67.0,0.05555555555555536,1.0
qwen25_15b,866,msc_valid,4,uniform,0.5,18,3.7777777777777777,68.0,3.7222222222222223,67.0,0.05555555555555536,1.0
qwen25_15b,866,msc_valid,4,longllmlingua,0.5,18,3.486111111111111,62.75,3.7222222222222223,67.0,-0.23611111111111116,-4.25
qwen25_15b,866,msc_valid,4,recency,0.5,18,3.7777777777777777,68.0,3.7222222222222223,67.0,0.05555555555555536,1.0
qwen25_15b,866,msc_valid,4,lexical_tfidf,0.5,18,3.7777777777777777,68.0,3.7222222222222223,67.0,0.05555555555555536,1.0
qwen25_15b,866,msc_valid,4,recency_keep_compress_drop,0.5,18,3.7777777777777777,68.0,3.7222222222222223,67.0,0.05555555555555536,1.0
qwen25_15b,866,msc_valid,8,uniform,0.2,14,3.767857142857143,52.75,3.3392857142857144,46.75,0.4285714285714284,6.0
qwen25_15b,866,msc_valid,8,longllmlingua,0.2,14,3.5535714285714284,49.75,3.3392857142857144,46.75,0.21428571428571397,3.0
qwen25_15b,866,msc_valid,8,recency,0.2,14,3.6607142857142856,51.25,3.3392857142857144,46.75,0.3214285714285712,4.5
qwen25_15b,866,msc_valid,8,lexical_tfidf,0.2,14,3.6607142857142856,51.25,3.3392857142857144,46.75,0.3214285714285712,4.5
qwen25_15b,866,msc_valid,8,recency_keep_compress_drop,0.2,14,3.6607142857142856,51.25,3.3392857142857144,46.75,0.3214285714285712,4.5
qwen25_15b,866,msc_valid,8,uniform,0.35,14,3.767857142857143,52.75,3.3392857142857144,46.75,0.4285714285714284,6.0
qwen25_15b,866,msc_valid,8,longllmlingua,0.35,14,3.5535714285714284,49.75,3.3392857142857144,46.75,0.21428571428571397,3.0
qwen25_15b,866,msc_valid,8,recency,0.35,14,3.4464285714285716,48.25,3.3392857142857144,46.75,0.1071428571428572,1.5
qwen25_15b,866,msc_valid,8,lexical_tfidf,0.35,14,3.5892857142857144,50.25,3.3392857142857144,46.75,0.25,3.5
qwen25_15b,866,msc_valid,8,recency_keep_compress_drop,0.35,14,3.5892857142857144,50.25,3.3392857142857144,46.75,0.25,3.5
qwen25_15b,866,msc_valid,8,uniform,0.5,14,3.5357142857142856,49.5,3.3392857142857144,46.75,0.19642857142857117,2.75
qwen25_15b,866,msc_valid,8,longllmlingua,0.5,14,3.5714285714285716,50.0,3.3392857142857144,46.75,0.2321428571428572,3.25
qwen25_15b,866,msc_valid,8,recency,0.5,14,3.375,47.25,3.3392857142857144,46.75,0.03571428571428559,0.5
qwen25_15b,866,msc_valid,8,lexical_tfidf,0.5,14,3.5,49.0,3.3392857142857144,46.75,0.1607142857142856,2.25
qwen25_15b,866,msc_valid,8,recency_keep_compress_drop,0.5,14,3.5,49.0,3.3392857142857144,46.75,0.1607142857142856,2.25
qwen25_15b,866,msc_valid,12,uniform,0.2,14,2.8035714285714284,39.25,2.732142857142857,38.25,0.07142857142857117,1.0
qwen25_15b,866,msc_valid,12,longllmlingua,0.2,14,2.767857142857143,38.75,2.732142857142857,38.25,0.03571428571428559,0.5
qwen25_15b,866,msc_valid,12,recency,0.2,14,2.5535714285714284,35.75,2.732142857142857,38.25,-0.17857142857142883,-2.5
qwen25_15b,866,msc_valid,12,lexical_tfidf,0.2,14,2.857142857142857,40.0,2.732142857142857,38.25,0.125,1.75
qwen25_15b,866,msc_valid,12,recency_keep_compress_drop,0.2,14,2.5535714285714284,35.75,2.732142857142857,38.25,-0.17857142857142883,-2.5
qwen25_15b,866,msc_valid,12,uniform,0.35,14,2.8035714285714284,39.25,2.732142857142857,38.25,0.07142857142857117,1.0
qwen25_15b,866,msc_valid,12,longllmlingua,0.35,14,2.7857142857142856,39.0,2.732142857142857,38.25,0.05357142857142838,0.75
qwen25_15b,866,msc_valid,12,recency,0.35,14,2.7857142857142856,39.0,2.732142857142857,38.25,0.05357142857142838,0.75
qwen25_15b,866,msc_valid,12,lexical_tfidf,0.35,14,2.9464285714285716,41.25,2.732142857142857,38.25,0.2142857142857144,3.0
qwen25_15b,866,msc_valid,12,recency_keep_compress_drop,0.35,14,2.517857142857143,35.25,2.732142857142857,38.25,-0.2142857142857144,-3.0
qwen25_15b,866,msc_valid,12,uniform,0.5,14,2.7142857142857144,38.0,2.732142857142857,38.25,-0.017857142857142794,-0.25
qwen25_15b,866,msc_valid,12,longllmlingua,0.5,14,2.8035714285714284,39.25,2.732142857142857,38.25,0.07142857142857117,1.0
qwen25_15b,866,msc_valid,12,recency,0.5,14,2.6785714285714284,37.5,2.732142857142857,38.25,-0.053571428571428825,-0.75
qwen25_15b,866,msc_valid,12,lexical_tfidf,0.5,14,2.7857142857142856,39.0,2.732142857142857,38.25,0.05357142857142838,0.75
qwen25_15b,866,msc_valid,12,recency_keep_compress_drop,0.5,14,2.5357142857142856,35.5,2.732142857142857,38.25,-0.19642857142857162,-2.75
qwen25_15b,866,msc_valid,16,uniform,0.2,15,2.933333333333333,44.0,1.9583333333333333,29.375,0.9749999999999999,14.625
qwen25_15b,866,msc_valid,16,longllmlingua,0.2,15,2.25,33.75,1.9583333333333333,29.375,0.29166666666666674,4.375
qwen25_15b,866,msc_valid,16,recency,0.2,15,2.6166666666666667,39.25,1.9583333333333333,29.375,0.6583333333333334,9.875
qwen25_15b,866,msc_valid,16,lexical_tfidf,0.2,15,2.783333333333333,41.75,1.9583333333333333,29.375,0.825,12.375
qwen25_15b,866,msc_valid,16,recency_keep_compress_drop,0.2,15,2.6166666666666667,39.25,1.9583333333333333,29.375,0.6583333333333334,9.875
qwen25_15b,866,msc_valid,16,uniform,0.35,15,2.6666666666666665,40.0,1.9583333333333333,29.375,0.7083333333333333,10.625
qwen25_15b,866,msc_valid,16,longllmlingua,0.35,15,2.3666666666666667,35.5,1.9583333333333333,29.375,0.40833333333333344,6.125
qwen25_15b,866,msc_valid,16,recency,0.35,15,2.35,35.25,1.9583333333333333,29.375,0.39166666666666683,5.875
qwen25_15b,866,msc_valid,16,lexical_tfidf,0.35,15,2.5166666666666666,37.75,1.9583333333333333,29.375,0.5583333333333333,8.375
qwen25_15b,866,msc_valid,16,recency_keep_compress_drop,0.35,15,2.5166666666666666,37.75,1.9583333333333333,29.375,0.5583333333333333,8.375
qwen25_15b,866,msc_valid,16,uniform,0.5,15,2.3333333333333335,35.0,1.9583333333333333,29.375,0.3750000000000002,5.625
qwen25_15b,866,msc_valid,16,longllmlingua,0.5,15,2.2,33.0,1.9583333333333333,29.375,0.24166666666666692,3.625
qwen25_15b,866,msc_valid,16,recency,0.5,15,2.216666666666667,33.25,1.9583333333333333,29.375,0.2583333333333335,3.875
qwen25_15b,866,msc_valid,16,lexical_tfidf,0.5,15,2.3833333333333333,35.75,1.9583333333333333,29.375,0.42500000000000004,6.375
qwen25_15b,866,msc_valid,16,recency_keep_compress_drop,0.5,15,2.25,33.75,1.9583333333333333,29.375,0.29166666666666674,4.375
qwen25_15b,866,msc_valid,18,uniform,0.2,17,3.176470588235294,54.0,2.6176470588235294,44.5,0.5588235294117645,9.5
qwen25_15b,866,msc_valid,18,longllmlingua,0.2,17,2.985294117647059,50.75,2.6176470588235294,44.5,0.36764705882352944,6.25
qwen25_15b,866,msc_valid,18,recency,0.2,17,3.1323529411764706,53.25,2.6176470588235294,44.5,0.5147058823529411,8.75
qwen25_15b,866,msc_valid,18,lexical_tfidf,0.2,17,3.0,51.0,2.6176470588235294,44.5,0.38235294117647056,6.5
qwen25_15b,866,msc_valid,18,recency_keep_compress_drop,0.2,17,3.0,51.0,2.6176470588235294,44.5,0.38235294117647056,6.5
qwen25_15b,866,msc_valid,18,uniform,0.35,17,3.014705882352941,51.25,2.6176470588235294,44.5,0.3970588235294117,6.75
qwen25_15b,866,msc_valid,18,longllmlingua,0.35,17,2.8529411764705883,48.5,2.6176470588235294,44.5,0.23529411764705888,4.0
qwen25_15b,866,msc_valid,18,recency,0.35,17,2.9411764705882355,50.0,2.6176470588235294,44.5,0.32352941176470607,5.5
qwen25_15b,866,msc_valid,18,lexical_tfidf,0.35,17,2.838235294117647,48.25,2.6176470588235294,44.5,0.22058823529411775,3.75
qwen25_15b,866,msc_valid,18,recency_keep_compress_drop,0.35,17,3.0,51.0,2.6176470588235294,44.5,0.38235294117647056,6.5
qwen25_15b,866,msc_valid,18,uniform,0.5,17,2.8088235294117645,47.75,2.6176470588235294,44.5,0.19117647058823506,3.25
qwen25_15b,866,msc_valid,18,longllmlingua,0.5,17,2.75,46.75,2.6176470588235294,44.5,0.13235294117647056,2.25
qwen25_15b,866,msc_valid,18,recency,0.5,17,2.8823529411764706,49.0,2.6176470588235294,44.5,0.2647058823529411,4.5
qwen25_15b,866,msc_valid,18,lexical_tfidf,0.5,17,2.838235294117647,48.25,2.6176470588235294,44.5,0.22058823529411775,3.75
qwen25_15b,866,msc_valid,18,recency_keep_compress_drop,0.5,17,2.8676470588235294,48.75,2.6176470588235294,44.5,0.25,4.25
qwen25_15b,866,msc_valid,22,uniform,0.2,32,2.8125,90.0,2.5,80.0,0.3125,10.0
qwen25_15b,866,msc_valid,22,longllmlingua,0.2,32,2.703125,86.5,2.5,80.0,0.203125,6.5
qwen25_15b,866,msc_valid,22,recency,0.2,32,2.5625,82.0,2.5,80.0,0.0625,2.0
qwen25_15b,866,msc_valid,22,lexical_tfidf,0.2,32,2.59375,83.0,2.5,80.0,0.09375,3.0
qwen25_15b,866,msc_valid,22,recency_keep_compress_drop,0.2,32,2.53125,81.0,2.5,80.0,0.03125,1.0
qwen25_15b,866,msc_valid,22,uniform,0.35,32,2.609375,83.5,2.5,80.0,0.109375,3.5
qwen25_15b,866,msc_valid,22,longllmlingua,0.35,32,2.59375,83.0,2.5,80.0,0.09375,3.0
qwen25_15b,866,msc_valid,22,recency,0.35,32,2.625,84.0,2.5,80.0,0.125,4.0
qwen25_15b,866,msc_valid,22,lexical_tfidf,0.35,32,2.578125,82.5,2.5,80.0,0.078125,2.5
qwen25_15b,866,msc_valid,22,recency_keep_compress_drop,0.35,32,2.59375,83.0,2.5,80.0,0.09375,3.0
qwen25_15b,866,msc_valid,22,uniform,0.5,32,2.65625,85.0,2.5,80.0,0.15625,5.0
qwen25_15b,866,msc_valid,22,longllmlingua,0.5,32,2.53125,81.0,2.5,80.0,0.03125,1.0
qwen25_15b,866,msc_valid,22,recency,0.5,32,2.609375,83.5,2.5,80.0,0.109375,3.5
qwen25_15b,866,msc_valid,22,lexical_tfidf,0.5,32,2.609375,83.5,2.5,80.0,0.109375,3.5
qwen25_15b,866,msc_valid,22,recency_keep_compress_drop,0.5,32,2.59375,83.0,2.5,80.0,0.09375,3.0
qwen25_15b,866,msc_valid,26,uniform,0.2,16,4.34375,69.5,3.921875,62.75,0.421875,6.75
qwen25_15b,866,msc_valid,26,longllmlingua,0.2,16,3.703125,59.25,3.921875,62.75,-0.21875,-3.5
qwen25_15b,866,msc_valid,26,recency,0.2,16,3.875,62.0,3.921875,62.75,-0.046875,-0.75
qwen25_15b,866,msc_valid,26,lexical_tfidf,0.2,16,4.4375,71.0,3.921875,62.75,0.515625,8.25
qwen25_15b,866,msc_valid,26,recency_keep_compress_drop,0.2,16,3.984375,63.75,3.921875,62.75,0.0625,1.0
qwen25_15b,866,msc_valid,26,uniform,0.35,16,4.125,66.0,3.921875,62.75,0.203125,3.25
qwen25_15b,866,msc_valid,26,longllmlingua,0.35,16,3.6875,59.0,3.921875,62.75,-0.234375,-3.75
qwen25_15b,866,msc_valid,26,recency,0.35,16,4.125,66.0,3.921875,62.75,0.203125,3.25
qwen25_15b,866,msc_valid,26,lexical_tfidf,0.35,16,4.09375,65.5,3.921875,62.75,0.171875,2.75
qwen25_15b,866,msc_valid,26,recency_keep_compress_drop,0.35,16,3.84375,61.5,3.921875,62.75,-0.078125,-1.25
qwen25_15b,866,msc_valid,26,uniform,0.5,16,3.78125,60.5,3.921875,62.75,-0.140625,-2.25
qwen25_15b,866,msc_valid,26,longllmlingua,0.5,16,3.546875,56.75,3.921875,62.75,-0.375,-6.0
qwen25_15b,866,msc_valid,26,recency,0.5,16,4.0625,65.0,3.921875,62.75,0.140625,2.25
qwen25_15b,866,msc_valid,26,lexical_tfidf,0.5,16,4.125,66.0,3.921875,62.75,0.203125,3.25
qwen25_15b,866,msc_valid,26,recency_keep_compress_drop,0.5,16,3.734375,59.75,3.921875,62.75,-0.1875,-3.0
qwen25_15b,866,msc_valid,30,uniform,0.2,37,3.2567567567567566,120.5,2.945945945945946,109.0,0.3108108108108105,11.5
qwen25_15b,866,msc_valid,30,longllmlingua,0.2,37,3.054054054054054,113.0,2.945945945945946,109.0,0.10810810810810789,4.0
qwen25_15b,866,msc_valid,30,recency,0.2,37,3.1621621621621623,117.0,2.945945945945946,109.0,0.21621621621621623,8.0
qwen25_15b,866,msc_valid,30,lexical_tfidf,0.2,37,3.2162162162162162,119.0,2.945945945945946,109.0,0.2702702702702702,10.0
qwen25_15b,866,msc_valid,30,recency_keep_compress_drop,0.2,37,3.135135135135135,116.0,2.945945945945946,109.0,0.18918918918918903,7.0
qwen25_15b,866,msc_valid,30,uniform,0.35,37,3.0945945945945947,114.5,2.945945945945946,109.0,0.14864864864864868,5.5
qwen25_15b,866,msc_valid,30,longllmlingua,0.35,37,3.0675675675675675,113.5,2.945945945945946,109.0,0.12162162162162149,4.5
qwen25_15b,866,msc_valid,30,recency,0.35,37,3.027027027027027,112.0,2.945945945945946,109.0,0.08108108108108114,3.0
qwen25_15b,866,msc_valid,30,lexical_tfidf,0.35,37,3.0675675675675675,113.5,2.945945945945946,109.0,0.12162162162162149,4.5
qwen25_15b,866,msc_valid,30,recency_keep_compress_drop,0.35,37,2.9594594594594597,109.5,2.945945945945946,109.0,0.013513513513513598,0.5
qwen25_15b,866,msc_valid,30,uniform,0.5,37,3.108108108108108,115.0,2.945945945945946,109.0,0.16216216216216184,6.0
qwen25_15b,866,msc_valid,30,longllmlingua,0.5,37,3.0,111.0,2.945945945945946,109.0,0.054054054054053946,2.0
qwen25_15b,866,msc_valid,30,recency,0.5,37,3.0135135135135136,111.5,2.945945945945946,109.0,0.06756756756756754,2.5
qwen25_15b,866,msc_valid,30,lexical_tfidf,0.5,37,3.0675675675675675,113.5,2.945945945945946,109.0,0.12162162162162149,4.5
qwen25_15b,866,msc_valid,30,recency_keep_compress_drop,0.5,37,2.8783783783783785,106.5,2.945945945945946,109.0,-0.06756756756756754,-2.5
qwen25_15b,866,msc_valid,34,uniform,0.2,38,4.2368421052631575,161.0,4.157894736842105,158.0,0.07894736842105221,3.0
qwen25_15b,866,msc_valid,34,longllmlingua,0.2,38,4.315789473684211,164.0,4.157894736842105,158.0,0.1578947368421053,6.0
qwen25_15b,866,msc_valid,34,recency,0.2,38,4.2105263157894735,160.0,4.157894736842105,158.0,0.05263157894736814,2.0
qwen25_15b,866,msc_valid,34,lexical_tfidf,0.2,38,4.2894736842105265,163.0,4.157894736842105,158.0,0.13157894736842124,5.0
qwen25_15b,866,msc_valid,34,recency_keep_compress_drop,0.2,38,4.2631578947368425,162.0,4.157894736842105,158.0,0.10526315789473717,4.0
qwen25_15b,866,msc_valid,34,uniform,0.35,38,4.2368421052631575,161.0,4.157894736842105,158.0,0.07894736842105221,3.0
qwen25_15b,866,msc_valid,34,longllmlingua,0.35,38,4.2894736842105265,163.0,4.157894736842105,158.0,0.13157894736842124,5.0
qwen25_15b,866,msc_valid,34,recency,0.35,38,4.2368421052631575,161.0,4.157894736842105,158.0,0.07894736842105221,3.0
qwen25_15b,866,msc_valid,34,lexical_tfidf,0.35,38,4.2368421052631575,161.0,4.157894736842105,158.0,0.07894736842105221,3.0
qwen25_15b,866,msc_valid,34,recency_keep_compress_drop,0.35,38,4.2105263157894735,160.0,4.157894736842105,158.0,0.05263157894736814,2.0
qwen25_15b,866,msc_valid,34,uniform,0.5,38,4.2368421052631575,161.0,4.157894736842105,158.0,0.07894736842105221,3.0
qwen25_15b,866,msc_valid,34,longllmlingua,0.5,38,4.2631578947368425,162.0,4.157894736842105,158.0,0.10526315789473717,4.0
qwen25_15b,866,msc_valid,34,recency,0.5,38,4.157894736842105,158.0,4.157894736842105,158.0,0.0,0.0
qwen25_15b,866,msc_valid,34,lexical_tfidf,0.5,38,4.184210526315789,159.0,4.157894736842105,158.0,0.02631578947368407,1.0
qwen25_15b,866,msc_valid,34,recency_keep_compress_drop,0.5,38,4.184210526315789,159.0,4.157894736842105,158.0,0.02631578947368407,1.0
qwen25_15b,866,msc_valid,38,uniform,0.2,22,3.3636363636363638,74.0,0.0,0.0,3.3636363636363638,74.0
qwen25_15b,866,msc_valid,38,longllmlingua,0.2,22,3.409090909090909,75.0,0.0,0.0,3.409090909090909,75.0
qwen25_15b,866,msc_valid,38,recency,0.2,22,3.8636363636363638,85.0,0.0,0.0,3.8636363636363638,85.0
qwen25_15b,866,msc_valid,38,lexical_tfidf,0.2,22,3.7954545454545454,83.5,0.0,0.0,3.7954545454545454,83.5
qwen25_15b,866,msc_valid,38,recency_keep_compress_drop,0.2,22,3.8181818181818183,84.0,0.0,0.0,3.8181818181818183,84.0
qwen25_15b,866,msc_valid,38,uniform,0.35,22,3.5681818181818183,78.5,0.0,0.0,3.5681818181818183,78.5
qwen25_15b,866,msc_valid,38,longllmlingua,0.35,22,3.3636363636363638,74.0,0.0,0.0,3.3636363636363638,74.0
qwen25_15b,866,msc_valid,38,recency,0.35,22,3.8181818181818183,84.0,0.0,0.0,3.8181818181818183,84.0
qwen25_15b,866,msc_valid,38,lexical_tfidf,0.35,22,3.727272727272727,82.0,0.0,0.0,3.727272727272727,82.0
qwen25_15b,866,msc_valid,38,recency_keep_compress_drop,0.35,22,3.7954545454545454,83.5,0.0,0.0,3.7954545454545454,83.5
qwen25_15b,866,msc_valid,38,uniform,0.5,22,3.6818181818181817,81.0,0.0,0.0,3.6818181818181817,81.0
qwen25_15b,866,msc_valid,38,longllmlingua,0.5,22,3.227272727272727,71.0,0.0,0.0,3.227272727272727,71.0
qwen25_15b,866,msc_valid,38,recency,0.5,22,3.727272727272727,82.0,0.0,0.0,3.727272727272727,82.0
qwen25_15b,866,msc_valid,38,lexical_tfidf,0.5,22,3.1818181818181817,70.0,0.0,0.0,3.1818181818181817,70.0
qwen25_15b,866,msc_valid,38,recency_keep_compress_drop,0.5,22,3.1363636363636362,69.0,0.0,0.0,3.1363636363636362,69.0
qwen25_15b,866,msc_valid,42,uniform,0.2,30,1.85,55.5,0.0,0.0,1.85,55.5
qwen25_15b,866,msc_valid,42,longllmlingua,0.2,30,2.1666666666666665,65.0,0.0,0.0,2.1666666666666665,65.0
qwen25_15b,866,msc_valid,42,recency,0.2,30,2.0166666666666666,60.5,0.0,0.0,2.0166666666666666,60.5
qwen25_15b,866,msc_valid,42,lexical_tfidf,0.2,30,1.8833333333333333,56.5,0.0,0.0,1.8833333333333333,56.5
qwen25_15b,866,msc_valid,42,recency_keep_compress_drop,0.2,30,1.9666666666666666,59.0,0.0,0.0,1.9666666666666666,59.0
qwen25_15b,866,msc_valid,42,uniform,0.35,30,1.8666666666666667,56.0,0.0,0.0,1.8666666666666667,56.0
qwen25_15b,866,msc_valid,42,longllmlingua,0.35,30,2.058333333333333,61.75,0.0,0.0,2.058333333333333,61.75
qwen25_15b,866,msc_valid,42,recency,0.35,30,2.033333333333333,61.0,0.0,0.0,2.033333333333333,61.0
qwen25_15b,866,msc_valid,42,lexical_tfidf,0.35,30,1.85,55.5,0.0,0.0,1.85,55.5
qwen25_15b,866,msc_valid,42,recency_keep_compress_drop,0.35,30,1.9333333333333333,58.0,0.0,0.0,1.9333333333333333,58.0
qwen25_15b,866,msc_valid,42,uniform,0.5,30,1.9416666666666667,58.25,0.0,0.0,1.9416666666666667,58.25
qwen25_15b,866,msc_valid,42,longllmlingua,0.5,30,2.0416666666666665,61.25,0.0,0.0,2.0416666666666665,61.25
qwen25_15b,866,msc_valid,42,recency,0.5,30,2.025,60.75,0.0,0.0,2.025,60.75
qwen25_15b,866,msc_valid,42,lexical_tfidf,0.5,30,1.85,55.5,0.0,0.0,1.85,55.5
qwen25_15b,866,msc_valid,42,recency_keep_compress_drop,0.5,30,1.9583333333333333,58.75,0.0,0.0,1.9583333333333333,58.75
qwen25_15b,866,msc_valid,46,uniform,0.2,43,3.116279069767442,134.0,0.0,0.0,3.116279069767442,134.0
qwen25_15b,866,msc_valid,46,longllmlingua,0.2,43,2.86046511627907,123.0,0.0,0.0,2.86046511627907,123.0
qwen25_15b,866,msc_valid,46,recency,0.2,43,2.802325581395349,120.5,0.0,0.0,2.802325581395349,120.5
qwen25_15b,866,msc_valid,46,lexical_tfidf,0.2,43,2.86046511627907,123.0,0.0,0.0,2.86046511627907,123.0
qwen25_15b,866,msc_valid,46,recency_keep_compress_drop,0.2,43,2.86046511627907,123.0,0.0,0.0,2.86046511627907,123.0
qwen25_15b,866,msc_valid,46,uniform,0.35,43,2.883720930232558,124.0,0.0,0.0,2.883720930232558,124.0
qwen25_15b,866,msc_valid,46,longllmlingua,0.35,43,2.9302325581395348,126.0,0.0,0.0,2.9302325581395348,126.0
qwen25_15b,866,msc_valid,46,recency,0.35,43,2.7674418604651163,119.0,0.0,0.0,2.7674418604651163,119.0
qwen25_15b,866,msc_valid,46,lexical_tfidf,0.35,43,2.895348837209302,124.5,0.0,0.0,2.895348837209302,124.5
qwen25_15b,866,msc_valid,46,recency_keep_compress_drop,0.35,43,2.7790697674418605,119.5,0.0,0.0,2.7790697674418605,119.5
qwen25_15b,866,msc_valid,46,uniform,0.5,43,2.895348837209302,124.5,0.0,0.0,2.895348837209302,124.5
qwen25_15b,866,msc_valid,46,longllmlingua,0.5,43,2.9069767441860463,125.0,0.0,0.0,2.9069767441860463,125.0
qwen25_15b,866,msc_valid,46,recency,0.5,43,2.6744186046511627,115.0,0.0,0.0,2.6744186046511627,115.0
qwen25_15b,866,msc_valid,46,lexical_tfidf,0.5,43,2.872093023255814,123.5,0.0,0.0,2.872093023255814,123.5
qwen25_15b,866,msc_valid,46,recency_keep_compress_drop,0.5,43,2.7906976744186047,120.0,0.0,0.0,2.7906976744186047,120.0
qwen25_15b,866,msc_valid,48,uniform,0.2,61,2.9508196721311477,180.0,0.0,0.0,2.9508196721311477,180.0
qwen25_15b,866,msc_valid,48,longllmlingua,0.2,61,2.7704918032786887,169.0,0.0,0.0,2.7704918032786887,169.0
qwen25_15b,866,msc_valid,48,recency,0.2,61,2.5901639344262297,158.0,0.0,0.0,2.5901639344262297,158.0
qwen25_15b,866,msc_valid,48,lexical_tfidf,0.2,61,2.5901639344262297,158.0,0.0,0.0,2.5901639344262297,158.0
qwen25_15b,866,msc_valid,48,recency_keep_compress_drop,0.2,61,2.622950819672131,160.0,0.0,0.0,2.622950819672131,160.0
qwen25_15b,866,msc_valid,48,uniform,0.35,61,2.5901639344262297,158.0,0.0,0.0,2.5901639344262297,158.0
qwen25_15b,866,msc_valid,48,longllmlingua,0.35,61,2.737704918032787,167.0,0.0,0.0,2.737704918032787,167.0
qwen25_15b,866,msc_valid,48,recency,0.35,61,2.5737704918032787,157.0,0.0,0.0,2.5737704918032787,157.0
qwen25_15b,866,msc_valid,48,lexical_tfidf,0.35,61,2.622950819672131,160.0,0.0,0.0,2.622950819672131,160.0
qwen25_15b,866,msc_valid,48,recency_keep_compress_drop,0.35,61,2.639344262295082,161.0,0.0,0.0,2.639344262295082,161.0
qwen25_15b,866,msc_valid,48,uniform,0.5,61,2.901639344262295,177.0,0.0,0.0,2.901639344262295,177.0
qwen25_15b,866,msc_valid,48,longllmlingua,0.5,61,2.7868852459016393,170.0,0.0,0.0,2.7868852459016393,170.0
qwen25_15b,866,msc_valid,48,recency,0.5,0,0.0,0.0,0.0,0.0,0.0,0.0
qwen25_15b,866,msc_valid,48,lexical_tfidf,0.5,6,2.7708333333333335,16.625,0.0,0.0,2.7708333333333335,16.625
qwen25_15b,866,msc_valid,48,recency_keep_compress_drop,0.5,16,2.109375,33.75,0.0,0.0,2.109375,33.75
qwen25_15b,866,msc_valid,52,uniform,0.2,22,1.625,35.75,0.0,0.0,1.625,35.75
qwen25_15b,866,msc_valid,52,longllmlingua,0.2,22,1.3125,28.875,0.0,0.0,1.3125,28.875
qwen25_15b,866,msc_valid,52,recency,0.2,22,1.3068181818181819,28.75,0.0,0.0,1.3068181818181819,28.75
qwen25_15b,866,msc_valid,52,lexical_tfidf,0.2,22,1.2784090909090908,28.125,0.0,0.0,1.2784090909090908,28.125
qwen25_15b,866,msc_valid,52,recency_keep_compress_drop,0.2,22,1.3352272727272727,29.375,0.0,0.0,1.3352272727272727,29.375
qwen25_15b,866,msc_valid,52,uniform,0.35,22,1.3522727272727273,29.75,0.0,0.0,1.3522727272727273,29.75
qwen25_15b,866,msc_valid,52,longllmlingua,0.35,22,1.3011363636363635,28.625,0.0,0.0,1.3011363636363635,28.625
qwen25_15b,866,msc_valid,52,recency,0.35,22,1.3125,28.875,0.0,0.0,1.3125,28.875
qwen25_15b,866,msc_valid,52,lexical_tfidf,0.35,22,1.2613636363636365,27.75,0.0,0.0,1.2613636363636365,27.75
qwen25_15b,866,msc_valid,52,recency_keep_compress_drop,0.35,21,1.4166666666666667,29.75,0.0,0.0,1.4166666666666667,29.75
qwen25_15b,866,msc_valid,52,uniform,0.5,22,1.4375,31.625,0.0,0.0,1.4375,31.625
qwen25_15b,866,msc_valid,52,longllmlingua,0.5,22,1.4204545454545454,31.25,0.0,0.0,1.4204545454545454,31.25
qwen25_15b,866,msc_valid,52,recency,0.5,0,0.0,0.0,0.0,0.0,0.0,0.0
qwen25_15b,866,msc_valid,52,lexical_tfidf,0.5,0,0.0,0.0,0.0,0.0,0.0,0.0
qwen25_15b,866,msc_valid,52,recency_keep_compress_drop,0.5,0,0.0,0.0,0.0,0.0,0.0,0.0
qwen25_15b,866,msc_valid,56,uniform,0.2,34,2.4558823529411766,83.5,0.0,0.0,2.4558823529411766,83.5
qwen25_15b,866,msc_valid,56,longllmlingua,0.2,34,2.6176470588235294,89.0,0.0,0.0,2.6176470588235294,89.0
qwen25_15b,866,msc_valid,56,recency,0.2,30,2.3,69.0,0.0,0.0,2.3,69.0
qwen25_15b,866,msc_valid,56,lexical_tfidf,0.2,24,2.4479166666666665,58.75,0.0,0.0,2.4479166666666665,58.75
qwen25_15b,866,msc_valid,56,recency_keep_compress_drop,0.2,25,2.42,60.5,0.0,0.0,2.42,60.5
qwen25_15b,866,msc_valid,56,uniform,0.35,0,0.0,0.0,0.0,0.0,0.0,0.0
qwen25_15b,866,msc_valid,56,longllmlingua,0.35,34,2.4705882352941178,84.0,0.0,0.0,2.4705882352941178,84.0
qwen25_15b,866,msc_valid,56,recency,0.35,0,0.0,0.0,0.0,0.0,0.0,0.0
qwen25_15b,866,msc_valid,56,lexical_tfidf,0.35,0,0.0,0.0,0.0,0.0,0.0,0.0
qwen25_15b,866,msc_valid,56,recency_keep_compress_drop,0.35,0,0.0,0.0,0.0,0.0,0.0,0.0
qwen25_15b,866,msc_valid,56,uniform,0.5,34,2.2794117647058822,77.5,0.0,0.0,2.2794117647058822,77.5
qwen25_15b,866,msc_valid,56,longllmlingua,0.5,34,2.485294117647059,84.5,0.0,0.0,2.485294117647059,84.5
qwen25_15b,866,msc_valid,56,recency,0.5,0,0.0,0.0,0.0,0.0,0.0,0.0
qwen25_15b,866,msc_valid,56,lexical_tfidf,0.5,0,0.0,0.0,0.0,0.0,0.0,0.0
qwen25_15b,866,msc_valid,56,recency_keep_compress_drop,0.5,0,0.0,0.0,0.0,0.0,0.0,0.0
qwen25_15b,866,msc_valid,60,uniform,0.2,27,2.4814814814814814,67.0,0.0,0.0,2.4814814814814814,67.0
qwen25_15b,866,msc_valid,60,longllmlingua,0.2,27,2.6666666666666665,72.0,0.0,0.0,2.6666666666666665,72.0
qwen25_15b,866,msc_valid,60,recency,0.2,0,0.0,0.0,0.0,0.0,0.0,0.0
qwen25_15b,866,msc_valid,60,lexical_tfidf,0.2,27,2.138888888888889,57.75,0.0,0.0,2.138888888888889,57.75
qwen25_15b,866,msc_valid,60,recency_keep_compress_drop,0.2,0,0.0,0.0,0.0,0.0,0.0,0.0
qwen25_15b,866,msc_valid,60,uniform,0.35,0,0.0,0.0,0.0,0.0,0.0,0.0
qwen25_15b,866,msc_valid,60,longllmlingua,0.35,27,2.5925925925925926,70.0,0.0,0.0,2.5925925925925926,70.0
qwen25_15b,866,msc_valid,60,recency,0.35,0,0.0,0.0,0.0,0.0,0.0,0.0
qwen25_15b,866,msc_valid,60,lexical_tfidf,0.35,0,0.0,0.0,0.0,0.0,0.0,0.0
qwen25_15b,866,msc_valid,60,recency_keep_compress_drop,0.35,0,0.0,0.0,0.0,0.0,0.0,0.0
qwen25_15b,866,msc_valid,60,uniform,0.5,27,2.3333333333333335,63.0,0.0,0.0,2.3333333333333335,63.0
qwen25_15b,866,msc_valid,60,longllmlingua,0.5,27,2.574074074074074,69.5,0.0,0.0,2.574074074074074,69.5
qwen25_15b,866,msc_valid,60,recency,0.5,0,0.0,0.0,0.0,0.0,0.0,0.0
qwen25_15b,866,msc_valid,60,lexical_tfidf,0.5,0,0.0,0.0,0.0,0.0,0.0,0.0
qwen25_15b,866,msc_valid,60,recency_keep_compress_drop,0.5,0,0.0,0.0,0.0,0.0,0.0,0.0
qwen25_15b,867,msc_valid,4,uniform,0.2,13,4.711538461538462,61.25,4.480769230769231,58.25,0.23076923076923084,3.0
qwen25_15b,867,msc_valid,4,longllmlingua,0.2,13,4.403846153846154,57.25,4.480769230769231,58.25,-0.07692307692307665,-1.0
qwen25_15b,867,msc_valid,4,recency,0.2,13,4.711538461538462,61.25,4.480769230769231,58.25,0.23076923076923084,3.0
qwen25_15b,867,msc_valid,4,lexical_tfidf,0.2,13,4.711538461538462,61.25,4.480769230769231,58.25,0.23076923076923084,3.0
qwen25_15b,867,msc_valid,4,recency_keep_compress_drop,0.2,13,4.711538461538462,61.25,4.480769230769231,58.25,0.23076923076923084,3.0
qwen25_15b,867,msc_valid,4,uniform,0.35,13,4.711538461538462,61.25,4.480769230769231,58.25,0.23076923076923084,3.0
qwen25_15b,867,msc_valid,4,longllmlingua,0.35,13,4.538461538461538,59.0,4.480769230769231,58.25,0.05769230769230749,0.75
qwen25_15b,867,msc_valid,4,recency,0.35,13,4.711538461538462,61.25,4.480769230769231,58.25,0.23076923076923084,3.0
qwen25_15b,867,msc_valid,4,lexical_tfidf,0.35,13,4.711538461538462,61.25,4.480769230769231,58.25,0.23076923076923084,3.0
qwen25_15b,867,msc_valid,4,recency_keep_compress_drop,0.35,13,4.711538461538462,61.25,4.480769230769231,58.25,0.23076923076923084,3.0
qwen25_15b,867,msc_valid,4,uniform,0.5,13,4.576923076923077,59.5,4.480769230769231,58.25,0.09615384615384581,1.25
qwen25_15b,867,msc_valid,4,longllmlingua,0.5,13,4.461538461538462,58.0,4.480769230769231,58.25,-0.019230769230769162,-0.25
qwen25_15b,867,msc_valid,4,recency,0.5,13,4.576923076923077,59.5,4.480769230769231,58.25,0.09615384615384581,1.25
qwen25_15b,867,msc_valid,4,lexical_tfidf,0.5,13,4.576923076923077,59.5,4.480769230769231,58.25,0.09615384615384581,1.25
qwen25_15b,867,msc_valid,4,recency_keep_compress_drop,0.5,13,4.576923076923077,59.5,4.480769230769231,58.25,0.09615384615384581,1.25
qwen25_15b,867,msc_valid,6,uniform,0.2,22,3.5681818181818183,78.5,3.522727272727273,77.5,0.045454545454545414,1.0
qwen25_15b,867,msc_valid,6,longllmlingua,0.2,22,3.25,71.5,3.522727272727273,77.5,-0.27272727272727293,-6.0
qwen25_15b,867,msc_valid,6,recency,0.2,22,3.5681818181818183,78.5,3.522727272727273,77.5,0.045454545454545414,1.0
qwen25_15b,867,msc_valid,6,lexical_tfidf,0.2,22,3.5681818181818183,78.5,3.522727272727273,77.5,0.045454545454545414,1.0
qwen25_15b,867,msc_valid,6,recency_keep_compress_drop,0.2,22,3.5454545454545454,78.0,3.522727272727273,77.5,0.022727272727272485,0.5
qwen25_15b,867,msc_valid,6,uniform,0.35,22,3.590909090909091,79.0,3.522727272727273,77.5,0.0681818181818179,1.5
qwen25_15b,867,msc_valid,6,longllmlingua,0.35,22,3.272727272727273,72.0,3.522727272727273,77.5,-0.25,-5.5
qwen25_15b,867,msc_valid,6,recency,0.35,22,3.590909090909091,79.0,3.522727272727273,77.5,0.0681818181818179,1.5
qwen25_15b,867,msc_valid,6,lexical_tfidf,0.35,22,3.5681818181818183,78.5,3.522727272727273,77.5,0.045454545454545414,1.0
qwen25_15b,867,msc_valid,6,recency_keep_compress_drop,0.35,22,3.590909090909091,79.0,3.522727272727273,77.5,0.0681818181818179,1.5
qwen25_15b,867,msc_valid,6,uniform,0.5,22,3.590909090909091,79.0,3.522727272727273,77.5,0.0681818181818179,1.5
qwen25_15b,867,msc_valid,6,longllmlingua,0.5,22,3.2954545454545454,72.5,3.522727272727273,77.5,-0.22727272727272751,-5.0
qwen25_15b,867,msc_valid,6,recency,0.5,22,3.522727272727273,77.5,3.522727272727273,77.5,0.0,0.0
qwen25_15b,867,msc_valid,6,lexical_tfidf,0.5,22,3.5,77.0,3.522727272727273,77.5,-0.02272727272727293,-0.5
qwen25_15b,867,msc_valid,6,recency_keep_compress_drop,0.5,22,3.477272727272727,76.5,3.522727272727273,77.5,-0.04545454545454586,-1.0
qwen25_15b,867,msc_valid,8,uniform,0.2,14,3.3035714285714284,46.25,2.767857142857143,38.75,0.5357142857142856,7.5
qwen25_15b,867,msc_valid,8,longllmlingua,0.2,14,2.9285714285714284,41.0,2.767857142857143,38.75,0.1607142857142856,2.25
qwen25_15b,867,msc_valid,8,recency,0.2,14,3.5892857142857144,50.25,2.767857142857143,38.75,0.8214285714285716,11.5
qwen25_15b,867,msc_valid,8,lexical_tfidf,0.2,14,3.3035714285714284,46.25,2.767857142857143,38.75,0.5357142857142856,7.5
qwen25_15b,867,msc_valid,8,recency_keep_compress_drop,0.2,14,3.5892857142857144,50.25,2.767857142857143,38.75,0.8214285714285716,11.5
qwen25_15b,867,msc_valid,8,uniform,0.35,14,3.3392857142857144,46.75,2.767857142857143,38.75,0.5714285714285716,8.0
qwen25_15b,867,msc_valid,8,longllmlingua,0.35,14,2.982142857142857,41.75,2.767857142857143,38.75,0.2142857142857144,3.0
qwen25_15b,867,msc_valid,8,recency,0.35,14,2.9285714285714284,41.0,2.767857142857143,38.75,0.1607142857142856,2.25
qwen25_15b,867,msc_valid,8,lexical_tfidf,0.35,14,3.2142857142857144,45.0,2.767857142857143,38.75,0.4464285714285716,6.25
qwen25_15b,867,msc_valid,8,recency_keep_compress_drop,0.35,14,3.1785714285714284,44.5,2.767857142857143,38.75,0.4107142857142856,5.75
qwen25_15b,867,msc_valid,8,uniform,0.5,14,3.2142857142857144,45.0,2.767857142857143,38.75,0.4464285714285716,6.25
qwen25_15b,867,msc_valid,8,longllmlingua,0.5,14,3.0892857142857144,43.25,2.767857142857143,38.75,0.3214285714285716,4.5
qwen25_15b,867,msc_valid,8,recency,0.5,14,3.0,42.0,2.767857142857143,38.75,0.2321428571428572,3.25
qwen25_15b,867,msc_valid,8,lexical_tfidf,0.5,14,3.0535714285714284,42.75,2.767857142857143,38.75,0.2857142857142856,4.0
qwen25_15b,867,msc_valid,8,recency_keep_compress_drop,0.5,14,3.0535714285714284,42.75,2.767857142857143,38.75,0.2857142857142856,4.0
qwen25_15b,867,msc_valid,10,uniform,0.2,11,3.977272727272727,43.75,3.4318181818181817,37.75,0.5454545454545454,6.0
qwen25_15b,867,msc_valid,10,longllmlingua,0.2,11,3.4545454545454546,38.0,3.4318181818181817,37.75,0.02272727272727293,0.25
qwen25_15b,867,msc_valid,10,recency,0.2,11,3.8636363636363638,42.5,3.4318181818181817,37.75,0.4318181818181821,4.75
qwen25_15b,867,msc_valid,10,lexical_tfidf,0.2,11,3.727272727272727,41.0,3.4318181818181817,37.75,0.2954545454545454,3.25
qwen25_15b,867,msc_valid,10,recency_keep_compress_drop,0.2,11,4.090909090909091,45.0,3.4318181818181817,37.75,0.6590909090909092,7.25
qwen25_15b,867,msc_valid,10,uniform,0.35,11,3.6136363636363638,39.75,3.4318181818181817,37.75,0.1818181818181821,2.0
qwen25_15b,867,msc_valid,10,longllmlingua,0.35,11,3.3636363636363638,37.0,3.4318181818181817,37.75,-0.0681818181818179,-0.75
qwen25_15b,867,msc_valid,10,recency,0.35,11,3.8636363636363638,42.5,3.4318181818181817,37.75,0.4318181818181821,4.75
qwen25_15b,867,msc_valid,10,lexical_tfidf,0.35,11,3.772727272727273,41.5,3.4318181818181817,37.75,0.3409090909090913,3.75
qwen25_15b,867,msc_valid,10,recency_keep_compress_drop,0.35,11,3.8636363636363638,42.5,3.4318181818181817,37.75,0.4318181818181821,4.75
qwen25_15b,867,msc_valid,10,uniform,0.5,11,3.6136363636363638,39.75,3.4318181818181817,37.75,0.1818181818181821,2.0
qwen25_15b,867,msc_valid,10,longllmlingua,0.5,11,3.4318181818181817,37.75,3.4318181818181817,37.75,0.0,0.0
qwen25_15b,867,msc_valid,10,recency,0.5,11,3.5,38.5,3.4318181818181817,37.75,0.06818181818181834,0.75
qwen25_15b,867,msc_valid,10,lexical_tfidf,0.5,11,3.7045454545454546,40.75,3.4318181818181817,37.75,0.27272727272727293,3.0
qwen25_15b,867,msc_valid,10,recency_keep_compress_drop,0.5,11,3.590909090909091,39.5,3.4318181818181817,37.75,0.15909090909090917,1.75
qwen25_15b,867,msc_valid,12,uniform,0.2,16,2.375,38.0,2.03125,32.5,0.34375,5.5
qwen25_15b,867,msc_valid,12,longllmlingua,0.2,16,2.171875,34.75,2.03125,32.5,0.140625,2.25
qwen25_15b,867,msc_valid,12,recency,0.2,16,2.03125,32.5,2.03125,32.5,0.0,0.0
qwen25_15b,867,msc_valid,12,lexical_tfidf,0.2,16,2.1875,35.0,2.03125,32.5,0.15625,2.5
qwen25_15b,867,msc_valid,12,recency_keep_compress_drop,0.2,16,2.125,34.0,2.03125,32.5,0.09375,1.5
qwen25_15b,867,msc_valid,12,uniform,0.35,16,2.046875,32.75,2.03125,32.5,0.015625,0.25
qwen25_15b,867,msc_valid,12,longllmlingua,0.35,16,2.171875,34.75,2.03125,32.5,0.140625,2.25
qwen25_15b,867,msc_valid,12,recency,0.35,16,2.078125,33.25,2.03125,32.5,0.046875,0.75
qwen25_15b,867,msc_valid,12,lexical_tfidf,0.35,16,2.15625,34.5,2.03125,32.5,0.125,2.0
qwen25_15b,867,msc_valid,12,recency_keep_compress_drop,0.35,16,2.046875,32.75,2.03125,32.5,0.015625,0.25
qwen25_15b,867,msc_valid,12,uniform,0.5,16,2.125,34.0,2.03125,32.5,0.09375,1.5
qwen25_15b,867,msc_valid,12,longllmlingua,0.5,16,2.0,32.0,2.03125,32.5,-0.03125,-0.5
qwen25_15b,867,msc_valid,12,recency,0.5,16,2.046875,32.75,2.03125,32.5,0.015625,0.25
qwen25_15b,867,msc_valid,12,lexical_tfidf,0.5,16,2.125,34.0,2.03125,32.5,0.09375,1.5
qwen25_15b,867,msc_valid,12,recency_keep_compress_drop,0.5,16,2.0625,33.0,2.03125,32.5,0.03125,0.5
qwen25_15b,867,msc_valid,14,uniform,0.2,14,4.964285714285714,69.5,4.214285714285714,59.0,0.75,10.5
qwen25_15b,867,msc_valid,14,longllmlingua,0.2,14,4.303571428571429,60.25,4.214285714285714,59.0,0.08928571428571441,1.25
qwen25_15b,867,msc_valid,14,recency,0.2,14,5.035714285714286,70.5,4.214285714285714,59.0,0.8214285714285712,11.5
qwen25_15b,867,msc_valid,14,lexical_tfidf,0.2,14,4.892857142857143,68.5,4.214285714285714,59.0,0.6785714285714288,9.5
qwen25_15b,867,msc_valid,14,recency_keep_compress_drop,0.2,14,4.821428571428571,67.5,4.214285714285714,59.0,0.6071428571428568,8.5
qwen25_15b,867,msc_valid,14,uniform,0.35,14,5.0,70.0,4.214285714285714,59.0,0.7857142857142856,11.0
qwen25_15b,867,msc_valid,14,longllmlingua,0.35,14,4.125,57.75,4.214285714285714,59.0,-0.08928571428571441,-1.25
qwen25_15b,867,msc_valid,14,recency,0.35,14,4.928571428571429,69.0,4.214285714285714,59.0,0.7142857142857144,10.0
qwen25_15b,867,msc_valid,14,lexical_tfidf,0.35,14,4.857142857142857,68.0,4.214285714285714,59.0,0.6428571428571423,9.0
qwen25_15b,867,msc_valid,14,recency_keep_compress_drop,0.35,14,4.714285714285714,66.0,4.214285714285714,59.0,0.5,7.0
qwen25_15b,867,msc_valid,14,uniform,0.5,14,4.017857142857143,56.25,4.214285714285714,59.0,-0.19642857142857117,-2.75
qwen25_15b,867,msc_valid,14,longllmlingua,0.5,14,4.125,57.75,4.214285714285714,59.0,-0.08928571428571441,-1.25
qwen25_15b,867,msc_valid,14,recency,0.5,14,4.678571428571429,65.5,4.214285714285714,59.0,0.4642857142857144,6.5
qwen25_15b,867,msc_valid,14,lexical_tfidf,0.5,14,4.178571428571429,58.5,4.214285714285714,59.0,-0.03571428571428559,-0.5
qwen25_15b,867,msc_valid,14,recency_keep_compress_drop,0.5,14,4.160714285714286,58.25,4.214285714285714,59.0,-0.053571428571428825,-0.75
qwen25_15b,875,msc_valid,4,uniform,0.2,18,2.8194444444444446,50.75,2.7222222222222223,49.0,0.09722222222222232,1.75
qwen25_15b,875,msc_valid,4,longllmlingua,0.2,18,2.7777777777777777,50.0,2.7222222222222223,49.0,0.05555555555555536,1.0
qwen25_15b,875,msc_valid,4,recency,0.2,18,2.8194444444444446,50.75,2.7222222222222223,49.0,0.09722222222222232,1.75
qwen25_15b,875,msc_valid,4,lexical_tfidf,0.2,18,2.8194444444444446,50.75,2.7222222222222223,49.0,0.09722222222222232,1.75
qwen25_15b,875,msc_valid,4,recency_keep_compress_drop,0.2,18,2.8194444444444446,50.75,2.7222222222222223,49.0,0.09722222222222232,1.75
qwen25_15b,875,msc_valid,4,uniform,0.35,18,2.861111111111111,51.5,2.7222222222222223,49.0,0.13888888888888884,2.5
qwen25_15b,875,msc_valid,4,longllmlingua,0.35,18,2.7222222222222223,49.0,2.7222222222222223,49.0,0.0,0.0
qwen25_15b,875,msc_valid,4,recency,0.35,18,2.861111111111111,51.5,2.7222222222222223,49.0,0.13888888888888884,2.5
qwen25_15b,875,msc_valid,4,lexical_tfidf,0.35,18,2.861111111111111,51.5,2.7222222222222223,49.0,0.13888888888888884,2.5
qwen25_15b,875,msc_valid,4,recency_keep_compress_drop,0.35,18,2.861111111111111,51.5,2.7222222222222223,49.0,0.13888888888888884,2.5
qwen25_15b,875,msc_valid,4,uniform,0.5,18,2.861111111111111,51.5,2.7222222222222223,49.0,0.13888888888888884,2.5
qwen25_15b,875,msc_valid,4,longllmlingua,0.5,18,2.5694444444444446,46.25,2.7222222222222223,49.0,-0.15277777777777768,-2.75
qwen25_15b,875,msc_valid,4,recency,0.5,18,2.861111111111111,51.5,2.7222222222222223,49.0,0.13888888888888884,2.5
qwen25_15b,875,msc_valid,4,lexical_tfidf,0.5,18,2.861111111111111,51.5,2.7222222222222223,49.0,0.13888888888888884,2.5
qwen25_15b,875,msc_valid,4,recency_keep_compress_drop,0.5,18,2.861111111111111,51.5,2.7222222222222223,49.0,0.13888888888888884,2.5
qwen25_15b,875,msc_valid,8,uniform,0.2,14,2.4642857142857144,34.5,2.0267857142857144,28.375,0.4375,6.125
qwen25_15b,875,msc_valid,8,longllmlingua,0.2,14,2.2767857142857144,31.875,2.0267857142857144,28.375,0.25,3.5
qwen25_15b,875,msc_valid,8,recency,0.2,14,2.4464285714285716,34.25,2.0267857142857144,28.375,0.4196428571428572,5.875
qwen25_15b,875,msc_valid,8,lexical_tfidf,0.2,14,2.4464285714285716,34.25,2.0267857142857144,28.375,0.4196428571428572,5.875
qwen25_15b,875,msc_valid,8,recency_keep_compress_drop,0.2,14,2.4464285714285716,34.25,2.0267857142857144,28.375,0.4196428571428572,5.875
qwen25_15b,875,msc_valid,8,uniform,0.35,14,2.4107142857142856,33.75,2.0267857142857144,28.375,0.3839285714285712,5.375
qwen25_15b,875,msc_valid,8,longllmlingua,0.35,14,2.232142857142857,31.25,2.0267857142857144,28.375,0.2053571428571428,2.875
qwen25_15b,875,msc_valid,8,recency,0.35,14,2.3035714285714284,32.25,2.0267857142857144,28.375,0.27678571428571397,3.875
qwen25_15b,875,msc_valid,8,lexical_tfidf,0.35,14,2.3035714285714284,32.25,2.0267857142857144,28.375,0.27678571428571397,3.875
qwen25_15b,875,msc_valid,8,recency_keep_compress_drop,0.35,14,2.357142857142857,33.0,2.0267857142857144,28.375,0.3303571428571428,4.625
qwen25_15b,875,msc_valid,8,uniform,0.5,14,2.1875,30.625,2.0267857142857144,28.375,0.1607142857142856,2.25
qwen25_15b,875,msc_valid,8,longllmlingua,0.5,14,2.0089285714285716,28.125,2.0267857142857144,28.375,-0.017857142857142794,-0.25
qwen25_15b,875,msc_valid,8,recency,0.5,14,2.2142857142857144,31.0,2.0267857142857144,28.375,0.1875,2.625
qwen25_15b,875,msc_valid,8,lexical_tfidf,0.5,14,2.3035714285714284,32.25,2.0267857142857144,28.375,0.27678571428571397,3.875
qwen25_15b,875,msc_valid,8,recency_keep_compress_drop,0.5,14,2.1607142857142856,30.25,2.0267857142857144,28.375,0.13392857142857117,1.875
qwen25_15b,875,msc_valid,12,uniform,0.2,9,7.388888888888889,66.5,6.416666666666667,57.75,0.9722222222222223,8.75
qwen25_15b,875,msc_valid,12,longllmlingua,0.2,9,6.305555555555555,56.75,6.416666666666667,57.75,-0.1111111111111116,-1.0
qwen25_15b,875,msc_valid,12,recency,0.2,9,7.222222222222222,65.0,6.416666666666667,57.75,0.8055555555555554,7.25
qwen25_15b,875,msc_valid,12,lexical_tfidf,0.2,9,7.111111111111111,64.0,6.416666666666667,57.75,0.6944444444444438,6.25
qwen25_15b,875,msc_valid,12,recency_keep_compress_drop,0.2,9,7.388888888888889,66.5,6.416666666666667,57.75,0.9722222222222223,8.75
qwen25_15b,875,msc_valid,12,uniform,0.35,9,6.888888888888889,62.0,6.416666666666667,57.75,0.4722222222222223,4.25
qwen25_15b,875,msc_valid,12,longllmlingua,0.35,9,6.25,56.25,6.416666666666667,57.75,-0.16666666666666696,-1.5
qwen25_15b,875,msc_valid,12,recency,0.35,9,6.833333333333333,61.5,6.416666666666667,57.75,0.4166666666666661,3.75
qwen25_15b,875,msc_valid,12,lexical_tfidf,0.35,9,6.611111111111111,59.5,6.416666666666667,57.75,0.19444444444444375,1.75
qwen25_15b,875,msc_valid,12,recency_keep_compress_drop,0.35,9,6.722222222222222,60.5,6.416666666666667,57.75,0.30555555555555536,2.75
qwen25_15b,875,msc_valid,12,uniform,0.5,9,6.722222222222222,60.5,6.416666666666667,57.75,0.30555555555555536,2.75
qwen25_15b,875,msc_valid,12,longllmlingua,0.5,9,6.222222222222222,56.0,6.416666666666667,57.75,-0.19444444444444464,-1.75
qwen25_15b,875,msc_valid,12,recency,0.5,9,6.833333333333333,61.5,6.416666666666667,57.75,0.4166666666666661,3.75
qwen25_15b,875,msc_valid,12,lexical_tfidf,0.5,9,6.722222222222222,60.5,6.416666666666667,57.75,0.30555555555555536,2.75
qwen25_15b,875,msc_valid,12,recency_keep_compress_drop,0.5,9,6.444444444444445,58.0,6.416666666666667,57.75,0.02777777777777768,0.25
qwen25_15b,875,msc_valid,14,uniform,0.2,12,2.6458333333333335,31.75,2.1770833333333335,26.125,0.46875,5.625
qwen25_15b,875,msc_valid,14,longllmlingua,0.2,12,2.9166666666666665,35.0,2.1770833333333335,26.125,0.739583333333333,8.875
qwen25_15b,875,msc_valid,14,recency,0.2,12,2.6354166666666665,31.625,2.1770833333333335,26.125,0.45833333333333304,5.5
qwen25_15b,875,msc_valid,14,lexical_tfidf,0.2,12,2.7708333333333335,33.25,2.1770833333333335,26.125,0.59375,7.125
qwen25_15b,875,msc_valid,14,recency_keep_compress_drop,0.2,12,2.6354166666666665,31.625,2.1770833333333335,26.125,0.45833333333333304,5.5
qwen25_15b,875,msc_valid,14,uniform,0.35,12,2.4479166666666665,29.375,2.1770833333333335,26.125,0.27083333333333304,3.25
qwen25_15b,875,msc_valid,14,longllmlingua,0.35,12,2.6458333333333335,31.75,2.1770833333333335,26.125,0.46875,5.625
qwen25_15b,875,msc_valid,14,recency,0.35,12,2.5104166666666665,30.125,2.1770833333333335,26.125,0.33333333333333304,4.0
qwen25_15b,875,msc_valid,14,lexical_tfidf,0.35,12,2.5625,30.75,2.1770833333333335,26.125,0.3854166666666665,4.625
qwen25_15b,875,msc_valid,14,recency_keep_compress_drop,0.35,12,2.4270833333333335,29.125,2.1770833333333335,26.125,0.25,3.0
qwen25_15b,875,msc_valid,14,uniform,0.5,12,2.3854166666666665,28.625,2.1770833333333335,26.125,0.20833333333333304,2.5
qwen25_15b,875,msc_valid,14,longllmlingua,0.5,12,2.5520833333333335,30.625,2.1770833333333335,26.125,0.375,4.5
qwen25_15b,875,msc_valid,14,recency,0.5,12,2.4375,29.25,2.1770833333333335,26.125,0.2604166666666665,3.125
qwen25_15b,875,msc_valid,14,lexical_tfidf,0.5,12,2.3958333333333335,28.75,2.1770833333333335,26.125,0.21875,2.625
qwen25_15b,875,msc_valid,14,recency_keep_compress_drop,0.5,12,2.4375,29.25,2.1770833333333335,26.125,0.2604166666666665,3.125
qwen25_15b,875,msc_valid,18,uniform,0.2,42,2.6904761904761907,113.0,2.488095238095238,104.5,0.20238095238095255,8.5
qwen25_15b,875,msc_valid,18,longllmlingua,0.2,42,2.6785714285714284,112.5,2.488095238095238,104.5,0.19047619047619024,8.0
qwen25_15b,875,msc_valid,18,recency,0.2,42,2.7023809523809526,113.5,2.488095238095238,104.5,0.2142857142857144,9.0
qwen25_15b,875,msc_valid,18,lexical_tfidf,0.2,42,2.75,115.5,2.488095238095238,104.5,0.26190476190476186,11.0
qwen25_15b,875,msc_valid,18,recency_keep_compress_drop,0.2,42,2.761904761904762,116.0,2.488095238095238,104.5,0.2738095238095237,11.5
qwen25_15b,875,msc_valid,18,uniform,0.35,42,2.6785714285714284,112.5,2.488095238095238,104.5,0.19047619047619024,8.0
qwen25_15b,875,msc_valid,18,longllmlingua,0.35,42,2.5476190476190474,107.0,2.488095238095238,104.5,0.05952380952380931,2.5
qwen25_15b,875,msc_valid,18,recency,0.35,42,2.7261904761904763,114.5,2.488095238095238,104.5,0.23809523809523814,10.0
qwen25_15b,875,msc_valid,18,lexical_tfidf,0.35,42,2.7023809523809526,113.5,2.488095238095238,104.5,0.2142857142857144,9.0
qwen25_15b,875,msc_valid,18,recency_keep_compress_drop,0.35,42,2.738095238095238,115.0,2.488095238095238,104.5,0.25,10.5
qwen25_15b,875,msc_valid,18,uniform,0.5,42,2.488095238095238,104.5,2.488095238095238,104.5,0.0,0.0
qwen25_15b,875,msc_valid,18,longllmlingua,0.5,42,2.511904761904762,105.5,2.488095238095238,104.5,0.023809523809523725,1.0
qwen25_15b,875,msc_valid,18,recency,0.5,42,2.7142857142857144,114.0,2.488095238095238,104.5,0.22619047619047628,9.5
qwen25_15b,875,msc_valid,18,lexical_tfidf,0.5,42,2.6904761904761907,113.0,2.488095238095238,104.5,0.20238095238095255,8.5
qwen25_15b,875,msc_valid,18,recency_keep_compress_drop,0.5,42,2.6904761904761907,113.0,2.488095238095238,104.5,0.20238095238095255,8.5
qwen25_15b,875,msc_valid,22,uniform,0.2,41,2.707317073170732,111.0,2.573170731707317,105.5,0.13414634146341475,5.5
qwen25_15b,875,msc_valid,22,longllmlingua,0.2,41,2.682926829268293,110.0,2.573170731707317,105.5,0.10975609756097571,4.5
qwen25_15b,875,msc_valid,22,recency,0.2,41,2.6707317073170733,109.5,2.573170731707317,105.5,0.09756097560975618,4.0
qwen25_15b,875,msc_valid,22,lexical_tfidf,0.2,41,2.658536585365854,109.0,2.573170731707317,105.5,0.08536585365853666,3.5
qwen25_15b,875,msc_valid,22,recency_keep_compress_drop,0.2,41,2.707317073170732,111.0,2.573170731707317,105.5,0.13414634146341475,5.5
qwen25_15b,875,msc_valid,22,uniform,0.35,41,2.707317073170732,111.0,2.573170731707317,105.5,0.13414634146341475,5.5
qwen25_15b,875,msc_valid,22,longllmlingua,0.35,41,2.682926829268293,110.0,2.573170731707317,105.5,0.10975609756097571,4.5
qwen25_15b,875,msc_valid,22,recency,0.35,41,2.707317073170732,111.0,2.573170731707317,105.5,0.13414634146341475,5.5
qwen25_15b,875,msc_valid,22,lexical_tfidf,0.35,41,2.682926829268293,110.0,2.573170731707317,105.5,0.10975609756097571,4.5
qwen25_15b,875,msc_valid,22,recency_keep_compress_drop,0.35,41,2.6219512195121952,107.5,2.573170731707317,105.5,0.04878048780487809,2.0
qwen25_15b,875,msc_valid,22,uniform,0.5,41,2.6951219512195124,110.5,2.573170731707317,105.5,0.12195121951219523,5.0
qwen25_15b,875,msc_valid,22,longllmlingua,0.5,41,2.6707317073170733,109.5,2.573170731707317,105.5,0.09756097560975618,4.0
qwen25_15b,875,msc_valid,22,recency,0.5,41,2.6707317073170733,109.5,2.573170731707317,105.5,0.09756097560975618,4.0
qwen25_15b,875,msc_valid,22,lexical_tfidf,0.5,41,2.6707317073170733,109.5,2.573170731707317,105.5,0.09756097560975618,4.0
qwen25_15b,875,msc_valid,22,recency_keep_compress_drop,0.5,41,2.6219512195121952,107.5,2.573170731707317,105.5,0.04878048780487809,2.0
qwen25_15b,875,msc_valid,26,uniform,0.2,36,2.5,90.0,2.25,81.0,0.25,9.0
qwen25_15b,875,msc_valid,26,longllmlingua,0.2,36,2.4166666666666665,87.0,2.25,81.0,0.16666666666666652,6.0
qwen25_15b,875,msc_valid,26,recency,0.2,36,2.5277777777777777,91.0,2.25,81.0,0.2777777777777777,10.0
qwen25_15b,875,msc_valid,26,lexical_tfidf,0.2,36,2.611111111111111,94.0,2.25,81.0,0.36111111111111116,13.0
qwen25_15b,875,msc_valid,26,recency_keep_compress_drop,0.2,36,2.4027777777777777,86.5,2.25,81.0,0.15277777777777768,5.5
qwen25_15b,875,msc_valid,26,uniform,0.35,36,2.4305555555555554,87.5,2.25,81.0,0.18055555555555536,6.5
qwen25_15b,875,msc_valid,26,longllmlingua,0.35,36,2.361111111111111,85.0,2.25,81.0,0.11111111111111116,4.0
qwen25_15b,875,msc_valid,26,recency,0.35,36,2.4444444444444446,88.0,2.25,81.0,0.19444444444444464,7.0
qwen25_15b,875,msc_valid,26,lexical_tfidf,0.35,36,2.5555555555555554,92.0,2.25,81.0,0.30555555555555536,11.0
qwen25_15b,875,msc_valid,26,recency_keep_compress_drop,0.35,36,2.361111111111111,85.0,2.25,81.0,0.11111111111111116,4.0
qwen25_15b,875,msc_valid,26,uniform,0.5,36,2.4444444444444446,88.0,2.25,81.0,0.19444444444444464,7.0
qwen25_15b,875,msc_valid,26,longllmlingua,0.5,36,2.3055555555555554,83.0,2.25,81.0,0.05555555555555536,2.0
qwen25_15b,875,msc_valid,26,recency,0.5,36,2.375,85.5,2.25,81.0,0.125,4.5
qwen25_15b,875,msc_valid,26,lexical_tfidf,0.5,36,2.375,85.5,2.25,81.0,0.125,4.5
qwen25_15b,875,msc_valid,26,recency_keep_compress_drop,0.5,36,2.3194444444444446,83.5,2.25,81.0,0.06944444444444464,2.5
qwen25_15b,875,msc_valid,30,uniform,0.2,22,2.3068181818181817,50.75,2.159090909090909,47.5,0.14772727272727249,3.25
qwen25_15b,875,msc_valid,30,longllmlingua,0.2,22,2.3181818181818183,51.0,2.159090909090909,47.5,0.15909090909090917,3.5
qwen25_15b,875,msc_valid,30,recency,0.2,22,2.397727272727273,52.75,2.159090909090909,47.5,0.23863636363636376,5.25
qwen25_15b,875,msc_valid,30,lexical_tfidf,0.2,22,2.352272727272727,51.75,2.159090909090909,47.5,0.1931818181818179,4.25
qwen25_15b,875,msc_valid,30,recency_keep_compress_drop,0.2,22,2.4545454545454546,54.0,2.159090909090909,47.5,0.2954545454545454,6.5
qwen25_15b,875,msc_valid,30,uniform,0.35,22,2.272727272727273,50.0,2.159090909090909,47.5,0.11363636363636376,2.5
qwen25_15b,875,msc_valid,30,longllmlingua,0.35,22,2.352272727272727,51.75,2.159090909090909,47.5,0.1931818181818179,4.25
qwen25_15b,875,msc_valid,30,recency,0.35,22,2.375,52.25,2.159090909090909,47.5,0.21590909090909083,4.75
qwen25_15b,875,msc_valid,30,lexical_tfidf,0.35,22,2.375,52.25,2.159090909090909,47.5,0.21590909090909083,4.75
qwen25_15b,875,msc_valid,30,recency_keep_compress_drop,0.35,22,2.5,55.0,2.159090909090909,47.5,0.34090909090909083,7.5
qwen25_15b,875,msc_valid,30,uniform,0.5,22,2.2613636363636362,49.75,2.159090909090909,47.5,0.10227272727272707,2.25
qwen25_15b,875,msc_valid,30,longllmlingua,0.5,22,2.215909090909091,48.75,2.159090909090909,47.5,0.05681818181818166,1.25
qwen25_15b,875,msc_valid,30,recency,0.5,22,2.2954545454545454,50.5,2.159090909090909,47.5,0.13636363636363624,3.0
qwen25_15b,875,msc_valid,30,lexical_tfidf,0.5,22,2.3068181818181817,50.75,2.159090909090909,47.5,0.14772727272727249,3.25
qwen25_15b,875,msc_valid,30,recency_keep_compress_drop,0.5,22,2.2613636363636362,49.75,2.159090909090909,47.5,0.10227272727272707,2.25
qwen25_15b,875,msc_valid,32,uniform,0.2,13,2.730769230769231,35.5,2.673076923076923,34.75,0.05769230769230793,0.75
qwen25_15b,875,msc_valid,32,longllmlingua,0.2,13,3.2115384615384617,41.75,2.673076923076923,34.75,0.5384615384615388,7.0
qwen25_15b,875,msc_valid,32,recency,0.2,13,3.1346153846153846,40.75,2.673076923076923,34.75,0.4615384615384617,6.0
qwen25_15b,875,msc_valid,32,lexical_tfidf,0.2,13,3.019230769230769,39.25,2.673076923076923,34.75,0.34615384615384626,4.5
qwen25_15b,875,msc_valid,32,recency_keep_compress_drop,0.2,13,2.8653846153846154,37.25,2.673076923076923,34.75,0.1923076923076925,2.5
qwen25_15b,875,msc_valid,32,uniform,0.35,13,2.7884615384615383,36.25,2.673076923076923,34.75,0.11538461538461542,1.5
qwen25_15b,875,msc_valid,32,longllmlingua,0.35,13,3.0384615384615383,39.5,2.673076923076923,34.75,0.3653846153846154,4.75
qwen25_15b,875,msc_valid,32,recency,0.35,13,3.0961538461538463,40.25,2.673076923076923,34.75,0.42307692307692335,5.5
qwen25_15b,875,msc_valid,32,lexical_tfidf,0.35,13,3.076923076923077,40.0,2.673076923076923,34.75,0.4038461538461542,5.25
qwen25_15b,875,msc_valid,32,recency_keep_compress_drop,0.35,13,2.826923076923077,36.75,2.673076923076923,34.75,0.1538461538461542,2.0
qwen25_15b,875,msc_valid,32,uniform,0.5,13,2.769230769230769,36.0,2.673076923076923,34.75,0.09615384615384626,1.25
qwen25_15b,875,msc_valid,32,longllmlingua,0.5,13,2.923076923076923,38.0,2.673076923076923,34.75,0.25,3.25
qwen25_15b,875,msc_valid,32,recency,0.5,13,2.923076923076923,38.0,2.673076923076923,34.75,0.25,3.25
qwen25_15b,875,msc_valid,32,lexical_tfidf,0.5,13,2.75,35.75,2.673076923076923,34.75,0.0769230769230771,1.0
qwen25_15b,875,msc_valid,32,recency_keep_compress_drop,0.5,13,2.7115384615384617,35.25,2.673076923076923,34.75,0.03846153846153877,0.5
qwen25_15b,875,msc_valid,36,uniform,0.2,17,3.7058823529411766,63.0,0.0,0.0,3.7058823529411766,63.0
qwen25_15b,875,msc_valid,36,longllmlingua,0.2,17,3.8529411764705883,65.5,0.0,0.0,3.8529411764705883,65.5
qwen25_15b,875,msc_valid,36,recency,0.2,17,3.75,63.75,0.0,0.0,3.75,63.75
qwen25_15b,875,msc_valid,36,lexical_tfidf,0.2,17,3.5441176470588234,60.25,0.0,0.0,3.5441176470588234,60.25
qwen25_15b,875,msc_valid,36,recency_keep_compress_drop,0.2,17,3.4705882352941178,59.0,0.0,0.0,3.4705882352941178,59.0
qwen25_15b,875,msc_valid,36,uniform,0.35,17,3.4411764705882355,58.5,0.0,0.0,3.4411764705882355,58.5
qwen25_15b,875,msc_valid,36,longllmlingua,0.35,17,3.588235294117647,61.0,0.0,0.0,3.588235294117647,61.0
qwen25_15b,875,msc_valid,36,recency,0.35,17,3.3970588235294117,57.75,0.0,0.0,3.3970588235294117,57.75
qwen25_15b,875,msc_valid,36,lexical_tfidf,0.35,17,3.485294117647059,59.25,0.0,0.0,3.485294117647059,59.25
qwen25_15b,875,msc_valid,36,recency_keep_compress_drop,0.35,17,3.514705882352941,59.75,0.0,0.0,3.514705882352941,59.75
qwen25_15b,875,msc_valid,36,uniform,0.5,17,3.323529411764706,56.5,0.0,0.0,3.323529411764706,56.5
qwen25_15b,875,msc_valid,36,longllmlingua,0.5,17,3.3970588235294117,57.75,0.0,0.0,3.3970588235294117,57.75
qwen25_15b,875,msc_valid,36,recency,0.5,17,3.3676470588235294,57.25,0.0,0.0,3.3676470588235294,57.25
qwen25_15b,875,msc_valid,36,lexical_tfidf,0.5,17,3.411764705882353,58.0,0.0,0.0,3.411764705882353,58.0
qwen25_15b,875,msc_valid,36,recency_keep_compress_drop,0.5,17,3.4705882352941178,59.0,0.0,0.0,3.4705882352941178,59.0
qwen25_15b,875,msc_valid,40,uniform,0.2,35,2.4714285714285715,86.5,0.0,0.0,2.4714285714285715,86.5
qwen25_15b,875,msc_valid,40,longllmlingua,0.2,35,2.3857142857142857,83.5,0.0,0.0,2.3857142857142857,83.5
qwen25_15b,875,msc_valid,40,recency,0.2,35,2.5714285714285716,90.0,0.0,0.0,2.5714285714285716,90.0
qwen25_15b,875,msc_valid,40,lexical_tfidf,0.2,35,2.4714285714285715,86.5,0.0,0.0,2.4714285714285715,86.5
qwen25_15b,875,msc_valid,40,recency_keep_compress_drop,0.2,35,2.5285714285714285,88.5,0.0,0.0,2.5285714285714285,88.5
qwen25_15b,875,msc_valid,40,uniform,0.35,35,2.4714285714285715,86.5,0.0,0.0,2.4714285714285715,86.5
qwen25_15b,875,msc_valid,40,longllmlingua,0.35,35,2.357142857142857,82.5,0.0,0.0,2.357142857142857,82.5
qwen25_15b,875,msc_valid,40,recency,0.35,35,2.4571428571428573,86.0,0.0,0.0,2.4571428571428573,86.0
qwen25_15b,875,msc_valid,40,lexical_tfidf,0.35,35,2.5142857142857142,88.0,0.0,0.0,2.5142857142857142,88.0
qwen25_15b,875,msc_valid,40,recency_keep_compress_drop,0.35,35,2.4714285714285715,86.5,0.0,0.0,2.4714285714285715,86.5
qwen25_15b,875,msc_valid,40,uniform,0.5,35,2.442857142857143,85.5,0.0,0.0,2.442857142857143,85.5
qwen25_15b,875,msc_valid,40,longllmlingua,0.5,35,2.5285714285714285,88.5,0.0,0.0,2.5285714285714285,88.5
qwen25_15b,875,msc_valid,40,recency,0.5,35,2.4285714285714284,85.0,0.0,0.0,2.4285714285714284,85.0
qwen25_15b,875,msc_valid,40,lexical_tfidf,0.5,35,2.4857142857142858,87.0,0.0,0.0,2.4857142857142858,87.0
qwen25_15b,875,msc_valid,40,recency_keep_compress_drop,0.5,35,2.5,87.5,0.0,0.0,2.5,87.5
qwen25_15b,875,msc_valid,44,uniform,0.2,36,3.0833333333333335,111.0,0.0,0.0,3.0833333333333335,111.0
qwen25_15b,875,msc_valid,44,longllmlingua,0.2,36,3.263888888888889,117.5,0.0,0.0,3.263888888888889,117.5
qwen25_15b,875,msc_valid,44,recency,0.2,36,3.0833333333333335,111.0,0.0,0.0,3.0833333333333335,111.0
qwen25_15b,875,msc_valid,44,lexical_tfidf,0.2,36,2.861111111111111,103.0,0.0,0.0,2.861111111111111,103.0
qwen25_15b,875,msc_valid,44,recency_keep_compress_drop,0.2,36,2.9305555555555554,105.5,0.0,0.0,2.9305555555555554,105.5
qwen25_15b,875,msc_valid,44,uniform,0.35,36,2.763888888888889,99.5,0.0,0.0,2.763888888888889,99.5
qwen25_15b,875,msc_valid,44,longllmlingua,0.35,36,2.9722222222222223,107.0,0.0,0.0,2.9722222222222223,107.0
qwen25_15b,875,msc_valid,44,recency,0.35,36,2.736111111111111,98.5,0.0,0.0,2.736111111111111,98.5
qwen25_15b,875,msc_valid,44,lexical_tfidf,0.35,36,2.875,103.5,0.0,0.0,2.875,103.5
qwen25_15b,875,msc_valid,44,recency_keep_compress_drop,0.35,36,2.875,103.5,0.0,0.0,2.875,103.5
qwen25_15b,875,msc_valid,44,uniform,0.5,36,2.8333333333333335,102.0,0.0,0.0,2.8333333333333335,102.0
qwen25_15b,875,msc_valid,44,longllmlingua,0.5,36,2.9027777777777777,104.5,0.0,0.0,2.9027777777777777,104.5
qwen25_15b,875,msc_valid,44,recency,0.5,36,2.736111111111111,98.5,0.0,0.0,2.736111111111111,98.5
qwen25_15b,875,msc_valid,44,lexical_tfidf,0.5,36,2.611111111111111,94.0,0.0,0.0,2.611111111111111,94.0
qwen25_15b,875,msc_valid,44,recency_keep_compress_drop,0.5,36,2.9027777777777777,104.5,0.0,0.0,2.9027777777777777,104.5
qwen25_15b,875,msc_valid,48,uniform,0.2,21,2.0238095238095237,42.5,0.0,0.0,2.0238095238095237,42.5
qwen25_15b,875,msc_valid,48,longllmlingua,0.2,21,2.107142857142857,44.25,0.0,0.0,2.107142857142857,44.25
qwen25_15b,875,msc_valid,48,recency,0.2,21,1.8214285714285714,38.25,0.0,0.0,1.8214285714285714,38.25
qwen25_15b,875,msc_valid,48,lexical_tfidf,0.2,21,1.8452380952380953,38.75,0.0,0.0,1.8452380952380953,38.75
qwen25_15b,875,msc_valid,48,recency_keep_compress_drop,0.2,21,1.8452380952380953,38.75,0.0,0.0,1.8452380952380953,38.75
qwen25_15b,875,msc_valid,48,uniform,0.35,21,1.9523809523809523,41.0,0.0,0.0,1.9523809523809523,41.0
qwen25_15b,875,msc_valid,48,longllmlingua,0.35,21,2.0238095238095237,42.5,0.0,0.0,2.0238095238095237,42.5
qwen25_15b,875,msc_valid,48,recency,0.35,21,1.8214285714285714,38.25,0.0,0.0,1.8214285714285714,38.25
qwen25_15b,875,msc_valid,48,lexical_tfidf,0.35,21,1.8928571428571428,39.75,0.0,0.0,1.8928571428571428,39.75
qwen25_15b,875,msc_valid,48,recency_keep_compress_drop,0.35,21,1.8452380952380953,38.75,0.0,0.0,1.8452380952380953,38.75
qwen25_15b,875,msc_valid,48,uniform,0.5,21,2.0357142857142856,42.75,0.0,0.0,2.0357142857142856,42.75
qwen25_15b,875,msc_valid,48,longllmlingua,0.5,21,2.0,42.0,0.0,0.0,2.0,42.0
qwen25_15b,875,msc_valid,48,recency,0.5,21,1.8333333333333333,38.5,0.0,0.0,1.8333333333333333,38.5
qwen25_15b,875,msc_valid,48,lexical_tfidf,0.5,21,1.8095238095238095,38.0,0.0,0.0,1.8095238095238095,38.0
qwen25_15b,875,msc_valid,48,recency_keep_compress_drop,0.5,21,1.8571428571428572,39.0,0.0,0.0,1.8571428571428572,39.0
qwen25_15b,875,msc_valid,50,uniform,0.2,43,2.755813953488372,118.5,0.0,0.0,2.755813953488372,118.5
qwen25_15b,875,msc_valid,50,longllmlingua,0.2,43,2.8372093023255816,122.0,0.0,0.0,2.8372093023255816,122.0
qwen25_15b,875,msc_valid,50,recency,0.2,43,2.7790697674418605,119.5,0.0,0.0,2.7790697674418605,119.5
qwen25_15b,875,msc_valid,50,lexical_tfidf,0.2,43,2.755813953488372,118.5,0.0,0.0,2.755813953488372,118.5
qwen25_15b,875,msc_valid,50,recency_keep_compress_drop,0.2,43,2.755813953488372,118.5,0.0,0.0,2.755813953488372,118.5
qwen25_15b,875,msc_valid,50,uniform,0.35,43,2.744186046511628,118.0,0.0,0.0,2.744186046511628,118.0
qwen25_15b,875,msc_valid,50,longllmlingua,0.35,43,2.7325581395348837,117.5,0.0,0.0,2.7325581395348837,117.5
qwen25_15b,875,msc_valid,50,recency,0.35,43,2.6627906976744184,114.5,0.0,0.0,2.6627906976744184,114.5
qwen25_15b,875,msc_valid,50,lexical_tfidf,0.35,43,2.7209302325581395,117.0,0.0,0.0,2.7209302325581395,117.0
qwen25_15b,875,msc_valid,50,recency_keep_compress_drop,0.35,43,2.7674418604651163,119.0,0.0,0.0,2.7674418604651163,119.0
qwen25_15b,875,msc_valid,50,uniform,0.5,43,2.755813953488372,118.5,0.0,0.0,2.755813953488372,118.5
qwen25_15b,875,msc_valid,50,longllmlingua,0.5,43,2.7093023255813953,116.5,0.0,0.0,2.7093023255813953,116.5
qwen25_15b,875,msc_valid,50,recency,0.5,43,2.6744186046511627,115.0,0.0,0.0,2.6744186046511627,115.0
qwen25_15b,875,msc_valid,50,lexical_tfidf,0.5,43,2.7093023255813953,116.5,0.0,0.0,2.7093023255813953,116.5
qwen25_15b,875,msc_valid,50,recency_keep_compress_drop,0.5,43,2.755813953488372,118.5,0.0,0.0,2.755813953488372,118.5
qwen25_15b,875,msc_valid,54,uniform,0.2,26,2.0288461538461537,52.75,0.0,0.0,2.0288461538461537,52.75
qwen25_15b,875,msc_valid,54,longllmlingua,0.2,26,2.125,55.25,0.0,0.0,2.125,55.25
qwen25_15b,875,msc_valid,54,recency,0.2,26,1.9134615384615385,49.75,0.0,0.0,1.9134615384615385,49.75
qwen25_15b,875,msc_valid,54,lexical_tfidf,0.2,26,1.8942307692307692,49.25,0.0,0.0,1.8942307692307692,49.25
qwen25_15b,875,msc_valid,54,recency_keep_compress_drop,0.2,26,1.9230769230769231,50.0,0.0,0.0,1.9230769230769231,50.0
qwen25_15b,875,msc_valid,54,uniform,0.35,26,2.0096153846153846,52.25,0.0,0.0,2.0096153846153846,52.25
qwen25_15b,875,msc_valid,54,longllmlingua,0.35,26,2.125,55.25,0.0,0.0,2.125,55.25
qwen25_15b,875,msc_valid,54,recency,0.35,26,1.8942307692307692,49.25,0.0,0.0,1.8942307692307692,49.25
qwen25_15b,875,msc_valid,54,lexical_tfidf,0.35,26,1.9134615384615385,49.75,0.0,0.0,1.9134615384615385,49.75
qwen25_15b,875,msc_valid,54,recency_keep_compress_drop,0.35,26,1.9038461538461537,49.5,0.0,0.0,1.9038461538461537,49.5
qwen25_15b,875,msc_valid,54,uniform,0.5,26,2.019230769230769,52.5,0.0,0.0,2.019230769230769,52.5
qwen25_15b,875,msc_valid,54,longllmlingua,0.5,26,2.0673076923076925,53.75,0.0,0.0,2.0673076923076925,53.75
qwen25_15b,875,msc_valid,54,recency,0.5,0,0.0,0.0,0.0,0.0,0.0,0.0
qwen25_15b,875,msc_valid,54,lexical_tfidf,0.5,0,0.0,0.0,0.0,0.0,0.0,0.0
qwen25_15b,875,msc_valid,54,recency_keep_compress_drop,0.5,0,0.0,0.0,0.0,0.0,0.0,0.0
qwen25_15b,875,msc_valid,58,uniform,0.2,30,1.7916666666666667,53.75,0.0,0.0,1.7916666666666667,53.75
qwen25_15b,875,msc_valid,58,longllmlingua,0.2,30,1.6333333333333333,49.0,0.0,0.0,1.6333333333333333,49.0
qwen25_15b,875,msc_valid,58,recency,0.2,30,1.6666666666666667,50.0,0.0,0.0,1.6666666666666667,50.0
qwen25_15b,875,msc_valid,58,lexical_tfidf,0.2,30,1.65,49.5,0.0,0.0,1.65,49.5
qwen25_15b,875,msc_valid,58,recency_keep_compress_drop,0.2,30,1.6583333333333334,49.75,0.0,0.0,1.6583333333333334,49.75
qwen25_15b,875,msc_valid,58,uniform,0.35,30,1.7583333333333333,52.75,0.0,0.0,1.7583333333333333,52.75
qwen25_15b,875,msc_valid,58,longllmlingua,0.35,30,1.6666666666666667,50.0,0.0,0.0,1.6666666666666667,50.0
qwen25_15b,875,msc_valid,58,recency,0.35,0,0.0,0.0,0.0,0.0,0.0,0.0
qwen25_15b,875,msc_valid,58,lexical_tfidf,0.35,0,0.0,0.0,0.0,0.0,0.0,0.0
qwen25_15b,875,msc_valid,58,recency_keep_compress_drop,0.35,0,0.0,0.0,0.0,0.0,0.0,0.0
qwen25_15b,875,msc_valid,58,uniform,0.5,30,1.7416666666666667,52.25,0.0,0.0,1.7416666666666667,52.25
qwen25_15b,875,msc_valid,58,longllmlingua,0.5,30,1.6666666666666667,50.0,0.0,0.0,1.6666666666666667,50.0
qwen25_15b,875,msc_valid,58,recency,0.5,0,0.0,0.0,0.0,0.0,0.0,0.0
qwen25_15b,875,msc_valid,58,lexical_tfidf,0.5,0,0.0,0.0,0.0,0.0,0.0,0.0
qwen25_15b,875,msc_valid,58,recency_keep_compress_drop,0.5,0,0.0,0.0,0.0,0.0,0.0,0.0
qwen25_15b,905,msc_valid,4,uniform,0.2,10,2.8375,28.375,2.7125,27.125,0.125,1.25
qwen25_15b,905,msc_valid,4,longllmlingua,0.2,10,2.55,25.5,2.7125,27.125,-0.1625000000000001,-1.625
qwen25_15b,905,msc_valid,4,recency,0.2,10,2.8375,28.375,2.7125,27.125,0.125,1.25
qwen25_15b,905,msc_valid,4,lexical_tfidf,0.2,10,2.8375,28.375,2.7125,27.125,0.125,1.25
qwen25_15b,905,msc_valid,4,recency_keep_compress_drop,0.2,10,2.8375,28.375,2.7125,27.125,0.125,1.25
qwen25_15b,905,msc_valid,4,uniform,0.35,10,2.9875,29.875,2.7125,27.125,0.2749999999999999,2.75
qwen25_15b,905,msc_valid,4,longllmlingua,0.35,10,2.6625,26.625,2.7125,27.125,-0.04999999999999982,-0.5
qwen25_15b,905,msc_valid,4,recency,0.35,10,2.9875,29.875,2.7125,27.125,0.2749999999999999,2.75
qwen25_15b,905,msc_valid,4,lexical_tfidf,0.35,10,2.9875,29.875,2.7125,27.125,0.2749999999999999,2.75
qwen25_15b,905,msc_valid,4,recency_keep_compress_drop,0.35,10,2.9875,29.875,2.7125,27.125,0.2749999999999999,2.75
qwen25_15b,905,msc_valid,4,uniform,0.5,10,2.9875,29.875,2.7125,27.125,0.2749999999999999,2.75
qwen25_15b,905,msc_valid,4,longllmlingua,0.5,10,2.7125,27.125,2.7125,27.125,0.0,0.0
qwen25_15b,905,msc_valid,4,recency,0.5,10,2.9875,29.875,2.7125,27.125,0.2749999999999999,2.75
qwen25_15b,905,msc_valid,4,lexical_tfidf,0.5,10,2.9875,29.875,2.7125,27.125,0.2749999999999999,2.75
qwen25_15b,905,msc_valid,4,recency_keep_compress_drop,0.5,10,2.9875,29.875,2.7125,27.125,0.2749999999999999,2.75
qwen25_15b,905,msc_valid,6,uniform,0.2,12,3.6041666666666665,43.25,2.8125,33.75,0.7916666666666665,9.5
qwen25_15b,905,msc_valid,6,longllmlingua,0.2,12,3.0,36.0,2.8125,33.75,0.1875,2.25
qwen25_15b,905,msc_valid,6,recency,0.2,12,3.5,42.0,2.8125,33.75,0.6875,8.25
qwen25_15b,905,msc_valid,6,lexical_tfidf,0.2,12,3.5,42.0,2.8125,33.75,0.6875,8.25
qwen25_15b,905,msc_valid,6,recency_keep_compress_drop,0.2,12,3.5,42.0,2.8125,33.75,0.6875,8.25
qwen25_15b,905,msc_valid,6,uniform,0.35,12,3.1875,38.25,2.8125,33.75,0.375,4.5
qwen25_15b,905,msc_valid,6,longllmlingua,0.35,12,3.1041666666666665,37.25,2.8125,33.75,0.2916666666666665,3.5
qwen25_15b,905,msc_valid,6,recency,0.35,12,3.1875,38.25,2.8125,33.75,0.375,4.5
qwen25_15b,905,msc_valid,6,lexical_tfidf,0.35,12,3.1875,38.25,2.8125,33.75,0.375,4.5
qwen25_15b,905,msc_valid,6,recency_keep_compress_drop,0.35,12,3.1875,38.25,2.8125,33.75,0.375,4.5
qwen25_15b,905,msc_valid,6,uniform,0.5,12,3.2708333333333335,39.25,2.8125,33.75,0.4583333333333335,5.5
qwen25_15b,905,msc_valid,6,longllmlingua,0.5,12,3.1875,38.25,2.8125,33.75,0.375,4.5
qwen25_15b,905,msc_valid,6,recency,0.5,12,3.2083333333333335,38.5,2.8125,33.75,0.3958333333333335,4.75
qwen25_15b,905,msc_valid,6,lexical_tfidf,0.5,12,3.2708333333333335,39.25,2.8125,33.75,0.4583333333333335,5.5
qwen25_15b,905,msc_valid,6,recency_keep_compress_drop,0.5,12,3.1875,38.25,2.8125,33.75,0.375,4.5
qwen25_15b,905,msc_valid,8,uniform,0.2,9,2.875,25.875,2.763888888888889,24.875,0.11111111111111116,1.0
qwen25_15b,905,msc_valid,8,longllmlingua,0.2,9,2.3333333333333335,21.0,2.763888888888889,24.875,-0.43055555555555536,-3.875
qwen25_15b,905,msc_valid,8,recency,0.2,9,3.0833333333333335,27.75,2.763888888888889,24.875,0.31944444444444464,2.875
qwen25_15b,905,msc_valid,8,lexical_tfidf,0.2,9,2.9444444444444446,26.5,2.763888888888889,24.875,0.1805555555555558,1.625
qwen25_15b,905,msc_valid,8,recency_keep_compress_drop,0.2,9,3.0833333333333335,27.75,2.763888888888889,24.875,0.31944444444444464,2.875
qwen25_15b,905,msc_valid,8,uniform,0.35,9,2.9722222222222223,26.75,2.763888888888889,24.875,0.20833333333333348,1.875
qwen25_15b,905,msc_valid,8,longllmlingua,0.35,9,2.3194444444444446,20.875,2.763888888888889,24.875,-0.4444444444444442,-4.0
qwen25_15b,905,msc_valid,8,recency,0.35,9,2.8333333333333335,25.5,2.763888888888889,24.875,0.06944444444444464,0.625
qwen25_15b,905,msc_valid,8,lexical_tfidf,0.35,9,3.0555555555555554,27.5,2.763888888888889,24.875,0.2916666666666665,2.625
qwen25_15b,905,msc_valid,8,recency_keep_compress_drop,0.35,9,2.8333333333333335,25.5,2.763888888888889,24.875,0.06944444444444464,0.625
qwen25_15b,905,msc_valid,8,uniform,0.5,9,2.7777777777777777,25.0,2.763888888888889,24.875,0.01388888888888884,0.125
qwen25_15b,905,msc_valid,8,longllmlingua,0.5,9,2.4444444444444446,22.0,2.763888888888889,24.875,-0.3194444444444442,-2.875
qwen25_15b,905,msc_valid,8,recency,0.5,9,2.763888888888889,24.875,2.763888888888889,24.875,0.0,0.0
qwen25_15b,905,msc_valid,8,lexical_tfidf,0.5,9,2.9583333333333335,26.625,2.763888888888889,24.875,0.19444444444444464,1.75
qwen25_15b,905,msc_valid,8,recency_keep_compress_drop,0.5,9,2.763888888888889,24.875,2.763888888888889,24.875,0.0,0.0
qwen25_15b,905,msc_valid,10,uniform,0.2,12,5.708333333333333,68.5,4.875,58.5,0.833333333333333,10.0
qwen25_15b,905,msc_valid,10,longllmlingua,0.2,12,5.708333333333333,68.5,4.875,58.5,0.833333333333333,10.0
qwen25_15b,905,msc_valid,10,recency,0.2,12,5.458333333333333,65.5,4.875,58.5,0.583333333333333,7.0
qwen25_15b,905,msc_valid,10,lexical_tfidf,0.2,12,5.458333333333333,65.5,4.875,58.5,0.583333333333333,7.0
qwen25_15b,905,msc_valid,10,recency_keep_compress_drop,0.2,12,5.458333333333333,65.5,4.875,58.5,0.583333333333333,7.0
qwen25_15b,905,msc_valid,10,uniform,0.35,12,5.875,70.5,4.875,58.5,1.0,12.0
qwen25_15b,905,msc_valid,10,longllmlingua,0.35,12,5.708333333333333,68.5,4.875,58.5,0.833333333333333,10.0
qwen25_15b,905,msc_valid,10,recency,0.35,12,5.666666666666667,68.0,4.875,58.5,0.791666666666667,9.5
qwen25_15b,905,msc_valid,10,lexical_tfidf,0.35,12,5.208333333333333,62.5,4.875,58.5,0.33333333333333304,4.0
qwen25_15b,905,msc_valid,10,recency_keep_compress_drop,0.35,12,5.458333333333333,65.5,4.875,58.5,0.583333333333333,7.0
qwen25_15b,905,msc_valid,10,uniform,0.5,12,5.625,67.5,4.875,58.5,0.75,9.0
qwen25_15b,905,msc_valid,10,longllmlingua,0.5,12,5.75,69.0,4.875,58.5,0.875,10.5
qwen25_15b,905,msc_valid,10,recency,0.5,12,5.375,64.5,4.875,58.5,0.5,6.0
qwen25_15b,905,msc_valid,10,lexical_tfidf,0.5,12,4.916666666666667,59.0,4.875,58.5,0.04166666666666696,0.5
qwen25_15b,905,msc_valid,10,recency_keep_compress_drop,0.5,12,4.916666666666667,59.0,4.875,58.5,0.04166666666666696,0.5
qwen25_15b,905,msc_valid,12,uniform,0.2,8,5.5,44.0,5.15625,41.25,0.34375,2.75
qwen25_15b,905,msc_valid,12,longllmlingua,0.2,8,5.09375,40.75,5.15625,41.25,-0.0625,-0.5
qwen25_15b,905,msc_valid,12,recency,0.2,8,5.375,43.0,5.15625,41.25,0.21875,1.75
qwen25_15b,905,msc_valid,12,lexical_tfidf,0.2,8,5.5,44.0,5.15625,41.25,0.34375,2.75
qwen25_15b,905,msc_valid,12,recency_keep_compress_drop,0.2,8,5.375,43.0,5.15625,41.25,0.21875,1.75
qwen25_15b,905,msc_valid,12,uniform,0.35,8,5.34375,42.75,5.15625,41.25,0.1875,1.5
qwen25_15b,905,msc_valid,12,longllmlingua,0.35,8,5.03125,40.25,5.15625,41.25,-0.125,-1.0
qwen25_15b,905,msc_valid,12,recency,0.35,8,5.4375,43.5,5.15625,41.25,0.28125,2.25
qwen25_15b,905,msc_valid,12,lexical_tfidf,0.35,8,5.4375,43.5,5.15625,41.25,0.28125,2.25
qwen25_15b,905,msc_valid,12,recency_keep_compress_drop,0.35,8,5.34375,42.75,5.15625,41.25,0.1875,1.5
qwen25_15b,905,msc_valid,12,uniform,0.5,8,5.46875,43.75,5.15625,41.25,0.3125,2.5
qwen25_15b,905,msc_valid,12,longllmlingua,0.5,8,4.9375,39.5,5.15625,41.25,-0.21875,-1.75
qwen25_15b,905,msc_valid,12,recency,0.5,8,5.59375,44.75,5.15625,41.25,0.4375,3.5
qwen25_15b,905,msc_valid,12,lexical_tfidf,0.5,8,5.40625,43.25,5.15625,41.25,0.25,2.0
qwen25_15b,905,msc_valid,12,recency_keep_compress_drop,0.5,8,5.28125,42.25,5.15625,41.25,0.125,1.0
qwen25_15b,910,msc_valid,4,uniform,0.2,14,2.3035714285714284,32.25,2.2410714285714284,31.375,0.0625,0.875
qwen25_15b,910,msc_valid,4,longllmlingua,0.2,14,2.205357142857143,30.875,2.2410714285714284,31.375,-0.03571428571428559,-0.5
qwen25_15b,910,msc_valid,4,recency,0.2,14,2.3035714285714284,32.25,2.2410714285714284,31.375,0.0625,0.875
qwen25_15b,910,msc_valid,4,lexical_tfidf,0.2,14,2.3035714285714284,32.25,2.2410714285714284,31.375,0.0625,0.875
qwen25_15b,910,msc_valid,4,recency_keep_compress_drop,0.2,14,2.3035714285714284,32.25,2.2410714285714284,31.375,0.0625,0.875
qwen25_15b,910,msc_valid,4,uniform,0.35,14,2.2857142857142856,32.0,2.2410714285714284,31.375,0.044642857142857206,0.625
qwen25_15b,910,msc_valid,4,longllmlingua,0.35,14,2.1964285714285716,30.75,2.2410714285714284,31.375,-0.04464285714285676,-0.625
qwen25_15b,910,msc_valid,4,recency,0.35,14,2.2857142857142856,32.0,2.2410714285714284,31.375,0.044642857142857206,0.625
qwen25_15b,910,msc_valid,4,lexical_tfidf,0.35,14,2.2857142857142856,32.0,2.2410714285714284,31.375,0.044642857142857206,0.625
qwen25_15b,910,msc_valid,4,recency_keep_compress_drop,0.35,14,2.2857142857142856,32.0,2.2410714285714284,31.375,0.044642857142857206,0.625
qwen25_15b,910,msc_valid,4,uniform,0.5,14,2.2857142857142856,32.0,2.2410714285714284,31.375,0.044642857142857206,0.625
qwen25_15b,910,msc_valid,4,longllmlingua,0.5,14,2.1875,30.625,2.2410714285714284,31.375,-0.05357142857142838,-0.75
qwen25_15b,910,msc_valid,4,recency,0.5,14,2.2857142857142856,32.0,2.2410714285714284,31.375,0.044642857142857206,0.625
qwen25_15b,910,msc_valid,4,lexical_tfidf,0.5,14,2.2857142857142856,32.0,2.2410714285714284,31.375,0.044642857142857206,0.625
qwen25_15b,910,msc_valid,4,recency_keep_compress_drop,0.5,14,2.2857142857142856,32.0,2.2410714285714284,31.375,0.044642857142857206,0.625
qwen25_15b,910,msc_valid,6,uniform,0.2,16,4.375,70.0,4.0,64.0,0.375,6.0
qwen25_15b,910,msc_valid,6,longllmlingua,0.2,16,4.15625,66.5,4.0,64.0,0.15625,2.5
qwen25_15b,910,msc_valid,6,recency,0.2,16,4.5,72.0,4.0,64.0,0.5,8.0
qwen25_15b,910,msc_valid,6,lexical_tfidf,0.2,16,4.375,70.0,4.0,64.0,0.375,6.0
qwen25_15b,910,msc_valid,6,recency_keep_compress_drop,0.2,16,4.5,72.0,4.0,64.0,0.5,8.0
qwen25_15b,910,msc_valid,6,uniform,0.35,16,4.21875,67.5,4.0,64.0,0.21875,3.5
qwen25_15b,910,msc_valid,6,longllmlingua,0.35,16,4.09375,65.5,4.0,64.0,0.09375,1.5
qwen25_15b,910,msc_valid,6,recency,0.35,16,4.15625,66.5,4.0,64.0,0.15625,2.5
qwen25_15b,910,msc_valid,6,lexical_tfidf,0.35,16,4.15625,66.5,4.0,64.0,0.15625,2.5
qwen25_15b,910,msc_valid,6,recency_keep_compress_drop,0.35,16,4.21875,67.5,4.0,64.0,0.21875,3.5
qwen25_15b,910,msc_valid,6,uniform,0.5,16,4.375,70.0,4.0,64.0,0.375,6.0
qwen25_15b,910,msc_valid,6,longllmlingua,0.5,16,4.0625,65.0,4.0,64.0,0.0625,1.0
qwen25_15b,910,msc_valid,6,recency,0.5,16,4.15625,66.5,4.0,64.0,0.15625,2.5
qwen25_15b,910,msc_valid,6,lexical_tfidf,0.5,16,4.4375,71.0,4.0,64.0,0.4375,7.0
qwen25_15b,910,msc_valid,6,recency_keep_compress_drop,0.5,16,4.21875,67.5,4.0,64.0,0.21875,3.5
qwen25_15b,910,msc_valid,8,uniform,0.2,12,4.229166666666667,50.75,3.2708333333333335,39.25,0.9583333333333335,11.5
qwen25_15b,910,msc_valid,8,longllmlingua,0.2,12,4.0,48.0,3.2708333333333335,39.25,0.7291666666666665,8.75
qwen25_15b,910,msc_valid,8,recency,0.2,12,4.458333333333333,53.5,3.2708333333333335,39.25,1.1874999999999996,14.25
qwen25_15b,910,msc_valid,8,lexical_tfidf,0.2,12,4.458333333333333,53.5,3.2708333333333335,39.25,1.1874999999999996,14.25
qwen25_15b,910,msc_valid,8,recency_keep_compress_drop,0.2,12,4.458333333333333,53.5,3.2708333333333335,39.25,1.1874999999999996,14.25
qwen25_15b,910,msc_valid,8,uniform,0.35,12,4.395833333333333,52.75,3.2708333333333335,39.25,1.1249999999999996,13.5
qwen25_15b,910,msc_valid,8,longllmlingua,0.35,12,3.7916666666666665,45.5,3.2708333333333335,39.25,0.520833333333333,6.25
qwen25_15b,910,msc_valid,8,recency,0.35,12,4.291666666666667,51.5,3.2708333333333335,39.25,1.0208333333333335,12.25
qwen25_15b,910,msc_valid,8,lexical_tfidf,0.35,12,4.354166666666667,52.25,3.2708333333333335,39.25,1.0833333333333335,13.0
qwen25_15b,910,msc_valid,8,recency_keep_compress_drop,0.35,12,4.291666666666667,51.5,3.2708333333333335,39.25,1.0208333333333335,12.25
qwen25_15b,910,msc_valid,8,uniform,0.5,12,4.020833333333333,48.25,3.2708333333333335,39.25,0.7499999999999996,9.0
qwen25_15b,910,msc_valid,8,longllmlingua,0.5,12,3.5625,42.75,3.2708333333333335,39.25,0.2916666666666665,3.5
qwen25_15b,910,msc_valid,8,recency,0.5,12,4.208333333333333,50.5,3.2708333333333335,39.25,0.9374999999999996,11.25
qwen25_15b,910,msc_valid,8,lexical_tfidf,0.5,12,4.104166666666667,49.25,3.2708333333333335,39.25,0.8333333333333335,10.0
qwen25_15b,910,msc_valid,8,recency_keep_compress_drop,0.5,12,3.7083333333333335,44.5,3.2708333333333335,39.25,0.4375,5.25
qwen25_15b,910,msc_valid,10,uniform,0.2,10,4.7,47.0,3.275,32.75,1.4250000000000003,14.25
qwen25_15b,910,msc_valid,10,longllmlingua,0.2,10,4.075,40.75,3.275,32.75,0.8000000000000003,8.0
qwen25_15b,910,msc_valid,10,recency,0.2,10,4.425,44.25,3.275,32.75,1.15,11.5
qwen25_15b,910,msc_valid,10,lexical_tfidf,0.2,10,4.425,44.25,3.275,32.75,1.15,11.5
qwen25_15b,910,msc_valid,10,recency_keep_compress_drop,0.2,10,4.425,44.25,3.275,32.75,1.15,11.5
qwen25_15b,910,msc_valid,10,uniform,0.35,10,4.8,48.0,3.275,32.75,1.525,15.25
qwen25_15b,910,msc_valid,10,longllmlingua,0.35,10,3.675,36.75,3.275,32.75,0.3999999999999999,4.0
qwen25_15b,910,msc_valid,10,recency,0.35,10,3.975,39.75,3.275,32.75,0.7000000000000002,7.0
qwen25_15b,910,msc_valid,10,lexical_tfidf,0.35,10,4.5,45.0,3.275,32.75,1.225,12.25
qwen25_15b,910,msc_valid,10,recency_keep_compress_drop,0.35,10,4.175,41.75,3.275,32.75,0.8999999999999999,9.0
qwen25_15b,910,msc_valid,10,uniform,0.5,10,4.45,44.5,3.275,32.75,1.1750000000000003,11.75
qwen25_15b,910,msc_valid,10,longllmlingua,0.5,10,3.525,35.25,3.275,32.75,0.25,2.5
qwen25_15b,910,msc_valid,10,recency,0.5,10,3.7,37.0,3.275,32.75,0.42500000000000027,4.25
qwen25_15b,910,msc_valid,10,lexical_tfidf,0.5,10,4.15,41.5,3.275,32.75,0.8750000000000004,8.75
qwen25_15b,910,msc_valid,10,recency_keep_compress_drop,0.5,10,4.125,41.25,3.275,32.75,0.8500000000000001,8.5
qwen25_15b,910,msc_valid,12,uniform,0.2,9,3.4305555555555554,30.875,2.0555555555555554,18.5,1.375,12.375
qwen25_15b,910,msc_valid,12,longllmlingua,0.2,9,3.6666666666666665,33.0,2.0555555555555554,18.5,1.6111111111111112,14.5
qwen25_15b,910,msc_valid,12,recency,0.2,9,3.1666666666666665,28.5,2.0555555555555554,18.5,1.1111111111111112,10.0
qwen25_15b,910,msc_valid,12,lexical_tfidf,0.2,9,3.1805555555555554,28.625,2.0555555555555554,18.5,1.125,10.125
qwen25_15b,910,msc_valid,12,recency_keep_compress_drop,0.2,9,3.1805555555555554,28.625,2.0555555555555554,18.5,1.125,10.125
qwen25_15b,910,msc_valid,12,uniform,0.35,9,2.7083333333333335,24.375,2.0555555555555554,18.5,0.6527777777777781,5.875
qwen25_15b,910,msc_valid,12,longllmlingua,0.35,9,3.3333333333333335,30.0,2.0555555555555554,18.5,1.2777777777777781,11.5
qwen25_15b,910,msc_valid,12,recency,0.35,9,2.7916666666666665,25.125,2.0555555555555554,18.5,0.7361111111111112,6.625
qwen25_15b,910,msc_valid,12,lexical_tfidf,0.35,9,2.5555555555555554,23.0,2.0555555555555554,18.5,0.5,4.5
qwen25_15b,910,msc_valid,12,recency_keep_compress_drop,0.35,9,2.9305555555555554,26.375,2.0555555555555554,18.5,0.875,7.875
qwen25_15b,910,msc_valid,12,uniform,0.5,9,2.4583333333333335,22.125,2.0555555555555554,18.5,0.4027777777777781,3.625
qwen25_15b,910,msc_valid,12,longllmlingua,0.5,9,2.9444444444444446,26.5,2.0555555555555554,18.5,0.8888888888888893,8.0
qwen25_15b,910,msc_valid,12,recency,0.5,9,2.4027777777777777,21.625,2.0555555555555554,18.5,0.3472222222222223,3.125
qwen25_15b,910,msc_valid,12,lexical_tfidf,0.5,9,2.5555555555555554,23.0,2.0555555555555554,18.5,0.5,4.5
qwen25_15b,910,msc_valid,12,recency_keep_compress_drop,0.5,9,2.3333333333333335,21.0,2.0555555555555554,18.5,0.2777777777777781,2.5
qwen25_15b,910,msc_valid,14,uniform,0.2,12,5.208333333333333,62.5,2.5208333333333335,30.25,2.6874999999999996,32.25
qwen25_15b,910,msc_valid,14,longllmlingua,0.2,12,4.270833333333333,51.25,2.5208333333333335,30.25,1.7499999999999996,21.0
qwen25_15b,910,msc_valid,14,recency,0.2,12,4.125,49.5,2.5208333333333335,30.25,1.6041666666666665,19.25
qwen25_15b,910,msc_valid,14,lexical_tfidf,0.2,12,4.104166666666667,49.25,2.5208333333333335,30.25,1.5833333333333335,19.0
qwen25_15b,910,msc_valid,14,recency_keep_compress_drop,0.2,12,4.145833333333333,49.75,2.5208333333333335,30.25,1.6249999999999996,19.5
qwen25_15b,910,msc_valid,14,uniform,0.35,12,4.6875,56.25,2.5208333333333335,30.25,2.1666666666666665,26.0
qwen25_15b,910,msc_valid,14,longllmlingua,0.35,12,4.416666666666667,53.0,2.5208333333333335,30.25,1.8958333333333335,22.75
qwen25_15b,910,msc_valid,14,recency,0.35,12,4.0,48.0,2.5208333333333335,30.25,1.4791666666666665,17.75
qwen25_15b,910,msc_valid,14,lexical_tfidf,0.35,12,4.0625,48.75,2.5208333333333335,30.25,1.5416666666666665,18.5
qwen25_15b,910,msc_valid,14,recency_keep_compress_drop,0.35,12,3.6875,44.25,2.5208333333333335,30.25,1.1666666666666665,14.0
qwen25_15b,910,msc_valid,14,uniform,0.5,12,3.8958333333333335,46.75,2.5208333333333335,30.25,1.375,16.5
qwen25_15b,910,msc_valid,14,longllmlingua,0.5,12,3.375,40.5,2.5208333333333335,30.25,0.8541666666666665,10.25
qwen25_15b,910,msc_valid,14,recency,0.5,12,3.5,42.0,2.5208333333333335,30.25,0.9791666666666665,11.75
qwen25_15b,910,msc_valid,14,lexical_tfidf,0.5,12,3.2083333333333335,38.5,2.5208333333333335,30.25,0.6875,8.25
qwen25_15b,910,msc_valid,14,recency_keep_compress_drop,0.5,12,3.5,42.0,2.5208333333333335,30.25,0.9791666666666665,11.75
qwen25_15b,967,msc_valid,4,uniform,0.2,18,4.611111111111111,83.0,4.5,81.0,0.11111111111111072,2.0
qwen25_15b,967,msc_valid,4,longllmlingua,0.2,18,4.444444444444445,80.0,4.5,81.0,-0.05555555555555536,-1.0
qwen25_15b,967,msc_valid,4,recency,0.2,18,4.611111111111111,83.0,4.5,81.0,0.11111111111111072,2.0
qwen25_15b,967,msc_valid,4,lexical_tfidf,0.2,18,4.611111111111111,83.0,4.5,81.0,0.11111111111111072,2.0
qwen25_15b,967,msc_valid,4,recency_keep_compress_drop,0.2,18,4.611111111111111,83.0,4.5,81.0,0.11111111111111072,2.0
qwen25_15b,967,msc_valid,4,uniform,0.35,18,4.583333333333333,82.5,4.5,81.0,0.08333333333333304,1.5
qwen25_15b,967,msc_valid,4,longllmlingua,0.35,18,4.25,76.5,4.5,81.0,-0.25,-4.5
qwen25_15b,967,msc_valid,4,recency,0.35,18,4.583333333333333,82.5,4.5,81.0,0.08333333333333304,1.5
qwen25_15b,967,msc_valid,4,lexical_tfidf,0.35,18,4.583333333333333,82.5,4.5,81.0,0.08333333333333304,1.5
qwen25_15b,967,msc_valid,4,recency_keep_compress_drop,0.35,18,4.583333333333333,82.5,4.5,81.0,0.08333333333333304,1.5
qwen25_15b,967,msc_valid,4,uniform,0.5,18,4.583333333333333,82.5,4.5,81.0,0.08333333333333304,1.5
qwen25_15b,967,msc_valid,4,longllmlingua,0.5,18,4.25,76.5,4.5,81.0,-0.25,-4.5
qwen25_15b,967,msc_valid,4,recency,0.5,18,4.583333333333333,82.5,4.5,81.0,0.08333333333333304,1.5
qwen25_15b,967,msc_valid,4,lexical_tfidf,0.5,18,4.583333333333333,82.5,4.5,81.0,0.08333333333333304,1.5
qwen25_15b,967,msc_valid,4,recency_keep_compress_drop,0.5,18,4.583333333333333,82.5,4.5,81.0,0.08333333333333304,1.5
qwen25_15b,967,msc_valid,6,uniform,0.2,15,2.683333333333333,40.25,2.25,33.75,0.4333333333333331,6.5
qwen25_15b,967,msc_valid,6,longllmlingua,0.2,15,2.3666666666666667,35.5,2.25,33.75,0.1166666666666667,1.75
qwen25_15b,967,msc_valid,6,recency,0.2,15,2.5166666666666666,37.75,2.25,33.75,0.2666666666666666,4.0
qwen25_15b,967,msc_valid,6,lexical_tfidf,0.2,15,2.5166666666666666,37.75,2.25,33.75,0.2666666666666666,4.0
qwen25_15b,967,msc_valid,6,recency_keep_compress_drop,0.2,15,2.5166666666666666,37.75,2.25,33.75,0.2666666666666666,4.0
qwen25_15b,967,msc_valid,6,uniform,0.35,15,2.4833333333333334,37.25,2.25,33.75,0.2333333333333334,3.5
qwen25_15b,967,msc_valid,6,longllmlingua,0.35,15,2.3833333333333333,35.75,2.25,33.75,0.1333333333333333,2.0
qwen25_15b,967,msc_valid,6,recency,0.35,15,2.4833333333333334,37.25,2.25,33.75,0.2333333333333334,3.5
qwen25_15b,967,msc_valid,6,lexical_tfidf,0.35,15,2.4833333333333334,37.25,2.25,33.75,0.2333333333333334,3.5
qwen25_15b,967,msc_valid,6,recency_keep_compress_drop,0.35,15,2.4833333333333334,37.25,2.25,33.75,0.2333333333333334,3.5
qwen25_15b,967,msc_valid,6,uniform,0.5,15,2.6166666666666667,39.25,2.25,33.75,0.3666666666666667,5.5
qwen25_15b,967,msc_valid,6,longllmlingua,0.5,15,2.3833333333333333,35.75,2.25,33.75,0.1333333333333333,2.0
qwen25_15b,967,msc_valid,6,recency,0.5,15,2.3666666666666667,35.5,2.25,33.75,0.1166666666666667,1.75
qwen25_15b,967,msc_valid,6,lexical_tfidf,0.5,15,2.4833333333333334,37.25,2.25,33.75,0.2333333333333334,3.5
qwen25_15b,967,msc_valid,6,recency_keep_compress_drop,0.5,15,2.4833333333333334,37.25,2.25,33.75,0.2333333333333334,3.5
qwen25_15b,967,msc_valid,8,uniform,0.2,15,4.733333333333333,71.0,4.2,63.0,0.5333333333333332,8.0
qwen25_15b,967,msc_valid,8,longllmlingua,0.2,15,3.95,59.25,4.2,63.0,-0.25,-3.75
qwen25_15b,967,msc_valid,8,recency,0.2,15,4.4,66.0,4.2,63.0,0.20000000000000018,3.0
qwen25_15b,967,msc_valid,8,lexical_tfidf,0.2,15,4.8,72.0,4.2,63.0,0.5999999999999996,9.0
qwen25_15b,967,msc_valid,8,recency_keep_compress_drop,0.2,15,4.4,66.0,4.2,63.0,0.20000000000000018,3.0
qwen25_15b,967,msc_valid,8,uniform,0.35,15,4.733333333333333,71.0,4.2,63.0,0.5333333333333332,8.0
qwen25_15b,967,msc_valid,8,longllmlingua,0.35,15,3.9166666666666665,58.75,4.2,63.0,-0.28333333333333366,-4.25
qwen25_15b,967,msc_valid,8,recency,0.35,15,4.3,64.5,4.2,63.0,0.09999999999999964,1.5
qwen25_15b,967,msc_valid,8,lexical_tfidf,0.35,15,4.266666666666667,64.0,4.2,63.0,0.06666666666666643,1.0
qwen25_15b,967,msc_valid,8,recency_keep_compress_drop,0.35,15,4.266666666666667,64.0,4.2,63.0,0.06666666666666643,1.0
qwen25_15b,967,msc_valid,8,uniform,0.5,15,4.533333333333333,68.0,4.2,63.0,0.33333333333333304,5.0
qwen25_15b,967,msc_valid,8,longllmlingua,0.5,15,3.933333333333333,59.0,4.2,63.0,-0.26666666666666705,-4.0
qwen25_15b,967,msc_valid,8,recency,0.5,15,4.066666666666666,61.0,4.2,63.0,-0.13333333333333375,-2.0
qwen25_15b,967,msc_valid,8,lexical_tfidf,0.5,15,4.3,64.5,4.2,63.0,0.09999999999999964,1.5
qwen25_15b,967,msc_valid,8,recency_keep_compress_drop,0.5,15,4.3,64.5,4.2,63.0,0.09999999999999964,1.5
qwen25_15b,967,msc_valid,10,uniform,0.2,17,1.2647058823529411,21.5,1.1470588235294117,19.5,0.11764705882352944,2.0
qwen25_15b,967,msc_valid,10,longllmlingua,0.2,17,1.25,21.25,1.1470588235294117,19.5,0.10294117647058831,1.75
qwen25_15b,967,msc_valid,10,recency,0.2,17,1.3014705882352942,22.125,1.1470588235294117,19.5,0.15441176470588247,2.625
qwen25_15b,967,msc_valid,10,lexical_tfidf,0.2,17,1.286764705882353,21.875,1.1470588235294117,19.5,0.13970588235294135,2.375
qwen25_15b,967,msc_valid,10,recency_keep_compress_drop,0.2,17,1.3308823529411764,22.625,1.1470588235294117,19.5,0.18382352941176472,3.125
qwen25_15b,967,msc_valid,10,uniform,0.35,17,1.2794117647058822,21.75,1.1470588235294117,19.5,0.13235294117647056,2.25
qwen25_15b,967,msc_valid,10,longllmlingua,0.35,17,1.2205882352941178,20.75,1.1470588235294117,19.5,0.07352941176470607,1.25
qwen25_15b,967,msc_valid,10,recency,0.35,17,1.1985294117647058,20.375,1.1470588235294117,19.5,0.05147058823529416,0.875
qwen25_15b,967,msc_valid,10,lexical_tfidf,0.35,17,1.1985294117647058,20.375,1.1470588235294117,19.5,0.05147058823529416,0.875
qwen25_15b,967,msc_valid,10,recency_keep_compress_drop,0.35,17,1.2941176470588236,22.0,1.1470588235294117,19.5,0.1470588235294119,2.5
qwen25_15b,967,msc_valid,10,uniform,0.5,17,1.2205882352941178,20.75,1.1470588235294117,19.5,0.07352941176470607,1.25
qwen25_15b,967,msc_valid,10,longllmlingua,0.5,17,1.286764705882353,21.875,1.1470588235294117,19.5,0.13970588235294135,2.375
qwen25_15b,967,msc_valid,10,recency,0.5,17,1.1691176470588236,19.875,1.1470588235294117,19.5,0.02205882352941191,0.375
qwen25_15b,967,msc_valid,10,lexical_tfidf,0.5,17,1.2205882352941178,20.75,1.1470588235294117,19.5,0.07352941176470607,1.25
qwen25_15b,967,msc_valid,10,recency_keep_compress_drop,0.5,17,1.2573529411764706,21.375,1.1470588235294117,19.5,0.11029411764705888,1.875
qwen25_15b,967,msc_valid,12,uniform,0.2,9,5.027777777777778,45.25,3.8055555555555554,34.25,1.2222222222222223,11.0
qwen25_15b,967,msc_valid,12,longllmlingua,0.2,9,4.583333333333333,41.25,3.8055555555555554,34.25,0.7777777777777777,7.0
qwen25_15b,967,msc_valid,12,recency,0.2,9,4.611111111111111,41.5,3.8055555555555554,34.25,0.8055555555555554,7.25
qwen25_15b,967,msc_valid,12,lexical_tfidf,0.2,9,4.527777777777778,40.75,3.8055555555555554,34.25,0.7222222222222223,6.5
qwen25_15b,967,msc_valid,12,recency_keep_compress_drop,0.2,9,4.583333333333333,41.25,3.8055555555555554,34.25,0.7777777777777777,7.0
qwen25_15b,967,msc_valid,12,uniform,0.35,9,4.861111111111111,43.75,3.8055555555555554,34.25,1.0555555555555554,9.5
qwen25_15b,967,msc_valid,12,longllmlingua,0.35,9,4.583333333333333,41.25,3.8055555555555554,34.25,0.7777777777777777,7.0
qwen25_15b,967,msc_valid,12,recency,0.35,9,4.472222222222222,40.25,3.8055555555555554,34.25,0.666666666666667,6.0
qwen25_15b,967,msc_valid,12,lexical_tfidf,0.35,9,4.305555555555555,38.75,3.8055555555555554,34.25,0.5,4.5
qwen25_15b,967,msc_valid,12,recency_keep_compress_drop,0.35,9,4.361111111111111,39.25,3.8055555555555554,34.25,0.5555555555555554,5.0
qwen25_15b,967,msc_valid,12,uniform,0.5,9,4.666666666666667,42.0,3.8055555555555554,34.25,0.8611111111111116,7.75
qwen25_15b,967,msc_valid,12,longllmlingua,0.5,9,4.444444444444445,40.0,3.8055555555555554,34.25,0.6388888888888893,5.75
qwen25_15b,967,msc_valid,12,recency,0.5,9,4.083333333333333,36.75,3.8055555555555554,34.25,0.2777777777777777,2.5
qwen25_15b,967,msc_valid,12,lexical_tfidf,0.5,9,4.388888888888889,39.5,3.8055555555555554,34.25,0.5833333333333339,5.25
qwen25_15b,967,msc_valid,12,recency_keep_compress_drop,0.5,9,4.0,36.0,3.8055555555555554,34.25,0.19444444444444464,1.75
qwen25_15b,967,msc_valid,14,uniform,0.2,10,5.2,52.0,3.925,39.25,1.2750000000000004,12.75
qwen25_15b,967,msc_valid,14,longllmlingua,0.2,10,4.15,41.5,3.925,39.25,0.22500000000000053,2.25
qwen25_15b,967,msc_valid,14,recency,0.2,10,4.875,48.75,3.925,39.25,0.9500000000000002,9.5
qwen25_15b,967,msc_valid,14,lexical_tfidf,0.2,10,4.925,49.25,3.925,39.25,1.0,10.0
qwen25_15b,967,msc_valid,14,recency_keep_compress_drop,0.2,10,4.875,48.75,3.925,39.25,0.9500000000000002,9.5
qwen25_15b,967,msc_valid,14,uniform,0.35,10,4.325,43.25,3.925,39.25,0.40000000000000036,4.0
qwen25_15b,967,msc_valid,14,longllmlingua,0.35,10,4.225,42.25,3.925,39.25,0.2999999999999998,3.0
qwen25_15b,967,msc_valid,14,recency,0.35,10,4.8,48.0,3.925,39.25,0.875,8.75
qwen25_15b,967,msc_valid,14,lexical_tfidf,0.35,10,4.0,40.0,3.925,39.25,0.07500000000000018,0.75
qwen25_15b,967,msc_valid,14,recency_keep_compress_drop,0.35,10,4.05,40.5,3.925,39.25,0.125,1.25
qwen25_15b,967,msc_valid,14,uniform,0.5,10,3.75,37.5,3.925,39.25,-0.17499999999999982,-1.75
qwen25_15b,967,msc_valid,14,longllmlingua,0.5,10,3.8,38.0,3.925,39.25,-0.125,-1.25
qwen25_15b,967,msc_valid,14,recency,0.5,10,4.55,45.5,3.925,39.25,0.625,6.25
qwen25_15b,967,msc_valid,14,lexical_tfidf,0.5,10,3.3,33.0,3.925,39.25,-0.625,-6.25
qwen25_15b,967,msc_valid,14,recency_keep_compress_drop,0.5,10,3.975,39.75,3.925,39.25,0.050000000000000266,0.5
qwen25_15b,973,msc_valid,4,uniform,0.2,18,3.263888888888889,58.75,2.861111111111111,51.5,0.4027777777777777,7.25
qwen25_15b,973,msc_valid,4,longllmlingua,0.2,18,2.763888888888889,49.75,2.861111111111111,51.5,-0.09722222222222232,-1.75
qwen25_15b,973,msc_valid,4,recency,0.2,18,3.263888888888889,58.75,2.861111111111111,51.5,0.4027777777777777,7.25
qwen25_15b,973,msc_valid,4,lexical_tfidf,0.2,18,3.263888888888889,58.75,2.861111111111111,51.5,0.4027777777777777,7.25
qwen25_15b,973,msc_valid,4,recency_keep_compress_drop,0.2,18,3.263888888888889,58.75,2.861111111111111,51.5,0.4027777777777777,7.25
qwen25_15b,973,msc_valid,4,uniform,0.35,18,3.263888888888889,58.75,2.861111111111111,51.5,0.4027777777777777,7.25
qwen25_15b,973,msc_valid,4,longllmlingua,0.35,18,2.5833333333333335,46.5,2.861111111111111,51.5,-0.2777777777777777,-5.0
qwen25_15b,973,msc_valid,4,recency,0.35,18,3.263888888888889,58.75,2.861111111111111,51.5,0.4027777777777777,7.25
qwen25_15b,973,msc_valid,4,lexical_tfidf,0.35,18,3.263888888888889,58.75,2.861111111111111,51.5,0.4027777777777777,7.25
qwen25_15b,973,msc_valid,4,recency_keep_compress_drop,0.35,18,3.263888888888889,58.75,2.861111111111111,51.5,0.4027777777777777,7.25
qwen25_15b,973,msc_valid,4,uniform,0.5,18,2.9722222222222223,53.5,2.861111111111111,51.5,0.11111111111111116,2.0
qwen25_15b,973,msc_valid,4,longllmlingua,0.5,18,2.625,47.25,2.861111111111111,51.5,-0.23611111111111116,-4.25
qwen25_15b,973,msc_valid,4,recency,0.5,18,2.9722222222222223,53.5,2.861111111111111,51.5,0.11111111111111116,2.0
qwen25_15b,973,msc_valid,4,lexical_tfidf,0.5,18,2.9722222222222223,53.5,2.861111111111111,51.5,0.11111111111111116,2.0
qwen25_15b,973,msc_valid,4,recency_keep_compress_drop,0.5,18,2.9722222222222223,53.5,2.861111111111111,51.5,0.11111111111111116,2.0
qwen25_15b,973,msc_valid,8,uniform,0.2,13,2.75,35.75,2.75,35.75,0.0,0.0
qwen25_15b,973,msc_valid,8,longllmlingua,0.2,13,2.6153846153846154,34.0,2.75,35.75,-0.13461538461538458,-1.75
qwen25_15b,973,msc_valid,8,recency,0.2,13,2.75,35.75,2.75,35.75,0.0,0.0
qwen25_15b,973,msc_valid,8,lexical_tfidf,0.2,13,2.8653846153846154,37.25,2.75,35.75,0.11538461538461542,1.5
qwen25_15b,973,msc_valid,8,recency_keep_compress_drop,0.2,13,2.75,35.75,2.75,35.75,0.0,0.0
qwen25_15b,973,msc_valid,8,uniform,0.35,13,2.8461538461538463,37.0,2.75,35.75,0.09615384615384626,1.25
qwen25_15b,973,msc_valid,8,longllmlingua,0.35,13,2.7884615384615383,36.25,2.75,35.75,0.038461538461538325,0.5
qwen25_15b,973,msc_valid,8,recency,0.35,13,2.75,35.75,2.75,35.75,0.0,0.0
qwen25_15b,973,msc_valid,8,lexical_tfidf,0.35,13,2.7115384615384617,35.25,2.75,35.75,-0.038461538461538325,-0.5
qwen25_15b,973,msc_valid,8,recency_keep_compress_drop,0.35,13,2.769230769230769,36.0,2.75,35.75,0.019230769230769162,0.25
qwen25_15b,973,msc_valid,8,uniform,0.5,13,2.9038461538461537,37.75,2.75,35.75,0.15384615384615374,2.0
qwen25_15b,973,msc_valid,8,longllmlingua,0.5,13,2.519230769230769,32.75,2.75,35.75,-0.23076923076923084,-3.0
qwen25_15b,973,msc_valid,8,recency,0.5,13,2.6923076923076925,35.0,2.75,35.75,-0.05769230769230749,-0.75
qwen25_15b,973,msc_valid,8,lexical_tfidf,0.5,13,2.7115384615384617,35.25,2.75,35.75,-0.038461538461538325,-0.5
qwen25_15b,973,msc_valid,8,recency_keep_compress_drop,0.5,13,2.7884615384615383,36.25,2.75,35.75,0.038461538461538325,0.5
qwen25_15b,973,msc_valid,12,uniform,0.2,10,2.225,22.25,1.925,19.25,0.30000000000000004,3.0
qwen25_15b,973,msc_valid,12,longllmlingua,0.2,10,2.05,20.5,1.925,19.25,0.12499999999999978,1.25
qwen25_15b,973,msc_valid,12,recency,0.2,10,2.4375,24.375,1.925,19.25,0.5125,5.125
qwen25_15b,973,msc_valid,12,lexical_tfidf,0.2,10,2.2125,22.125,1.925,19.25,0.28749999999999987,2.875
qwen25_15b,973,msc_valid,12,recency_keep_compress_drop,0.2,10,2.4375,24.375,1.925,19.25,0.5125,5.125
qwen25_15b,973,msc_valid,12,uniform,0.35,10,2.1125,21.125,1.925,19.25,0.18749999999999978,1.875
qwen25_15b,973,msc_valid,12,longllmlingua,0.35,10,2.0625,20.625,1.925,19.25,0.13749999999999996,1.375
qwen25_15b,973,msc_valid,12,recency,0.35,10,2.15,21.5,1.925,19.25,0.22499999999999987,2.25
qwen25_15b,973,msc_valid,12,lexical_tfidf,0.35,10,2.2,22.0,1.925,19.25,0.27500000000000013,2.75
qwen25_15b,973,msc_valid,12,recency_keep_compress_drop,0.35,10,2.2,22.0,1.925,19.25,0.27500000000000013,2.75
qwen25_15b,973,msc_valid,12,uniform,0.5,10,2.025,20.25,1.925,19.25,0.09999999999999987,1.0
qwen25_15b,973,msc_valid,12,longllmlingua,0.5,10,1.9375,19.375,1.925,19.25,0.012499999999999956,0.125
qwen25_15b,973,msc_valid,12,recency,0.5,10,2.1,21.0,1.925,19.25,0.17500000000000004,1.75
qwen25_15b,973,msc_valid,12,lexical_tfidf,0.5,10,2.025,20.25,1.925,19.25,0.09999999999999987,1.0
qwen25_15b,973,msc_valid,12,recency_keep_compress_drop,0.5,10,2.2,22.0,1.925,19.25,0.27500000000000013,2.75
qwen25_15b,973,msc_valid,16,uniform,0.2,39,2.9871794871794872,116.5,2.8846153846153846,112.5,0.10256410256410264,4.0
qwen25_15b,973,msc_valid,16,longllmlingua,0.2,39,2.8333333333333335,110.5,2.8846153846153846,112.5,-0.0512820512820511,-2.0
qwen25_15b,973,msc_valid,16,recency,0.2,39,3.0128205128205128,117.5,2.8846153846153846,112.5,0.1282051282051282,5.0
qwen25_15b,973,msc_valid,16,lexical_tfidf,0.2,39,2.8974358974358974,113.0,2.8846153846153846,112.5,0.012820512820512775,0.5
qwen25_15b,973,msc_valid,16,recency_keep_compress_drop,0.2,39,2.948717948717949,115.0,2.8846153846153846,112.5,0.06410256410256432,2.5
qwen25_15b,973,msc_valid,16,uniform,0.35,39,2.9615384615384617,115.5,2.8846153846153846,112.5,0.0769230769230771,3.0
qwen25_15b,973,msc_valid,16,longllmlingua,0.35,39,2.8461538461538463,111.0,2.8846153846153846,112.5,-0.038461538461538325,-1.5
qwen25_15b,973,msc_valid,16,recency,0.35,39,2.8846153846153846,112.5,2.8846153846153846,112.5,0.0,0.0
qwen25_15b,973,msc_valid,16,lexical_tfidf,0.35,39,2.91025641025641,113.5,2.8846153846153846,112.5,0.02564102564102555,1.0
qwen25_15b,973,msc_valid,16,recency_keep_compress_drop,0.35,39,2.871794871794872,112.0,2.8846153846153846,112.5,-0.012820512820512775,-0.5
qwen25_15b,973,msc_valid,16,uniform,0.5,39,2.8974358974358974,113.0,2.8846153846153846,112.5,0.012820512820512775,0.5
qwen25_15b,973,msc_valid,16,longllmlingua,0.5,39,2.782051282051282,108.5,2.8846153846153846,112.5,-0.10256410256410264,-4.0
qwen25_15b,973,msc_valid,16,recency,0.5,39,2.871794871794872,112.0,2.8846153846153846,112.5,-0.012820512820512775,-0.5
qwen25_15b,973,msc_valid,16,lexical_tfidf,0.5,39,2.8333333333333335,110.5,2.8846153846153846,112.5,-0.0512820512820511,-2.0
qwen25_15b,973,msc_valid,16,recency_keep_compress_drop,0.5,39,2.858974358974359,111.5,2.8846153846153846,112.5,-0.02564102564102555,-1.0
qwen25_15b,973,msc_valid,20,uniform,0.2,56,2.642857142857143,148.0,2.5892857142857144,145.0,0.05357142857142838,3.0
qwen25_15b,973,msc_valid,20,longllmlingua,0.2,56,2.6964285714285716,151.0,2.5892857142857144,145.0,0.1071428571428572,6.0
qwen25_15b,973,msc_valid,20,recency,0.2,56,2.6785714285714284,150.0,2.5892857142857144,145.0,0.08928571428571397,5.0
qwen25_15b,973,msc_valid,20,lexical_tfidf,0.2,56,2.6607142857142856,149.0,2.5892857142857144,145.0,0.07142857142857117,4.0
qwen25_15b,973,msc_valid,20,recency_keep_compress_drop,0.2,56,2.642857142857143,148.0,2.5892857142857144,145.0,0.05357142857142838,3.0
qwen25_15b,973,msc_valid,20,uniform,0.35,56,2.642857142857143,148.0,2.5892857142857144,145.0,0.05357142857142838,3.0
qwen25_15b,973,msc_valid,20,longllmlingua,0.35,56,2.6964285714285716,151.0,2.5892857142857144,145.0,0.1071428571428572,6.0
qwen25_15b,973,msc_valid,20,recency,0.35,56,2.6785714285714284,150.0,2.5892857142857144,145.0,0.08928571428571397,5.0
qwen25_15b,973,msc_valid,20,lexical_tfidf,0.35,56,2.625,147.0,2.5892857142857144,145.0,0.03571428571428559,2.0
qwen25_15b,973,msc_valid,20,recency_keep_compress_drop,0.35,56,2.642857142857143,148.0,2.5892857142857144,145.0,0.05357142857142838,3.0
qwen25_15b,973,msc_valid,20,uniform,0.5,56,2.5892857142857144,145.0,2.5892857142857144,145.0,0.0,0.0
qwen25_15b,973,msc_valid,20,longllmlingua,0.5,56,2.7142857142857144,152.0,2.5892857142857144,145.0,0.125,7.0
qwen25_15b,973,msc_valid,20,recency,0.5,56,2.6785714285714284,150.0,2.5892857142857144,145.0,0.08928571428571397,5.0
qwen25_15b,973,msc_valid,20,lexical_tfidf,0.5,56,2.625,147.0,2.5892857142857144,145.0,0.03571428571428559,2.0
qwen25_15b,973,msc_valid,20,recency_keep_compress_drop,0.5,56,2.5892857142857144,145.0,2.5892857142857144,145.0,0.0,0.0
qwen25_15b,973,msc_valid,24,uniform,0.2,56,3.2857142857142856,184.0,3.0357142857142856,170.0,0.25,14.0
qwen25_15b,973,msc_valid,24,longllmlingua,0.2,56,3.267857142857143,183.0,3.0357142857142856,170.0,0.2321428571428572,13.0
qwen25_15b,973,msc_valid,24,recency,0.2,56,3.25,182.0,3.0357142857142856,170.0,0.2142857142857144,12.0
qwen25_15b,973,msc_valid,24,lexical_tfidf,0.2,56,3.1964285714285716,179.0,3.0357142857142856,170.0,0.16071428571428603,9.0
qwen25_15b,973,msc_valid,24,recency_keep_compress_drop,0.2,56,3.25,182.0,3.0357142857142856,170.0,0.2142857142857144,12.0
qwen25_15b,973,msc_valid,24,uniform,0.35,56,3.2142857142857144,180.0,3.0357142857142856,170.0,0.17857142857142883,10.0
qwen25_15b,973,msc_valid,24,longllmlingua,0.35,56,3.267857142857143,183.0,3.0357142857142856,170.0,0.2321428571428572,13.0
qwen25_15b,973,msc_valid,24,recency,0.35,56,3.25,182.0,3.0357142857142856,170.0,0.2142857142857144,12.0
qwen25_15b,973,msc_valid,24,lexical_tfidf,0.35,56,3.1964285714285716,179.0,3.0357142857142856,170.0,0.16071428571428603,9.0
qwen25_15b,973,msc_valid,24,recency_keep_compress_drop,0.35,56,3.142857142857143,176.0,3.0357142857142856,170.0,0.1071428571428572,6.0
qwen25_15b,973,msc_valid,24,uniform,0.5,56,3.25,182.0,3.0357142857142856,170.0,0.2142857142857144,12.0
qwen25_15b,973,msc_valid,24,longllmlingua,0.5,56,3.1607142857142856,177.0,3.0357142857142856,170.0,0.125,7.0
qwen25_15b,973,msc_valid,24,recency,0.5,56,3.2142857142857144,180.0,3.0357142857142856,170.0,0.17857142857142883,10.0
qwen25_15b,973,msc_valid,24,lexical_tfidf,0.5,56,3.2142857142857144,180.0,3.0357142857142856,170.0,0.17857142857142883,10.0
qwen25_15b,973,msc_valid,24,recency_keep_compress_drop,0.5,56,3.0535714285714284,171.0,3.0357142857142856,170.0,0.017857142857142794,1.0
qwen25_15b,973,msc_valid,28,uniform,0.2,18,2.2222222222222223,40.0,1.9444444444444444,35.0,0.2777777777777779,5.0
qwen25_15b,973,msc_valid,28,longllmlingua,0.2,18,2.25,40.5,1.9444444444444444,35.0,0.3055555555555556,5.5
qwen25_15b,973,msc_valid,28,recency,0.2,18,2.4583333333333335,44.25,1.9444444444444444,35.0,0.5138888888888891,9.25
qwen25_15b,973,msc_valid,28,lexical_tfidf,0.2,18,2.3055555555555554,41.5,1.9444444444444444,35.0,0.36111111111111094,6.5
qwen25_15b,973,msc_valid,28,recency_keep_compress_drop,0.2,18,2.2777777777777777,41.0,1.9444444444444444,35.0,0.33333333333333326,6.0
qwen25_15b,973,msc_valid,28,uniform,0.35,18,2.1527777777777777,38.75,1.9444444444444444,35.0,0.20833333333333326,3.75
qwen25_15b,973,msc_valid,28,longllmlingua,0.35,18,2.138888888888889,38.5,1.9444444444444444,35.0,0.19444444444444442,3.5
qwen25_15b,973,msc_valid,28,recency,0.35,18,2.25,40.5,1.9444444444444444,35.0,0.3055555555555556,5.5
qwen25_15b,973,msc_valid,28,lexical_tfidf,0.35,18,2.3333333333333335,42.0,1.9444444444444444,35.0,0.38888888888888906,7.0
qwen25_15b,973,msc_valid,28,recency_keep_compress_drop,0.35,18,2.0416666666666665,36.75,1.9444444444444444,35.0,0.0972222222222221,1.75
qwen25_15b,973,msc_valid,28,uniform,0.5,18,1.9722222222222223,35.5,1.9444444444444444,35.0,0.0277777777777779,0.5
qwen25_15b,973,msc_valid,28,longllmlingua,0.5,18,2.111111111111111,38.0,1.9444444444444444,35.0,0.16666666666666674,3.0
qwen25_15b,973,msc_valid,28,recency,0.5,18,2.0972222222222223,37.75,1.9444444444444444,35.0,0.1527777777777779,2.75
qwen25_15b,973,msc_valid,28,lexical_tfidf,0.5,18,2.0972222222222223,37.75,1.9444444444444444,35.0,0.1527777777777779,2.75
qwen25_15b,973,msc_valid,28,recency_keep_compress_drop,0.5,18,2.0277777777777777,36.5,1.9444444444444444,35.0,0.08333333333333326,1.5
qwen25_15b,973,msc_valid,32,uniform,0.2,24,2.1145833333333335,50.75,1.9895833333333333,47.75,0.12500000000000022,3.0
qwen25_15b,973,msc_valid,32,longllmlingua,0.2,24,1.9895833333333333,47.75,1.9895833333333333,47.75,0.0,0.0
qwen25_15b,973,msc_valid,32,recency,0.2,24,2.0208333333333335,48.5,1.9895833333333333,47.75,0.03125000000000022,0.75
qwen25_15b,973,msc_valid,32,lexical_tfidf,0.2,24,2.0104166666666665,48.25,1.9895833333333333,47.75,0.02083333333333326,0.5
qwen25_15b,973,msc_valid,32,recency_keep_compress_drop,0.2,24,1.9166666666666667,46.0,1.9895833333333333,47.75,-0.07291666666666652,-1.75
qwen25_15b,973,msc_valid,32,uniform,0.35,24,2.03125,48.75,1.9895833333333333,47.75,0.04166666666666674,1.0
qwen25_15b,973,msc_valid,32,longllmlingua,0.35,24,2.0,48.0,1.9895833333333333,47.75,0.01041666666666674,0.25
qwen25_15b,973,msc_valid,32,recency,0.35,24,2.0416666666666665,49.0,1.9895833333333333,47.75,0.05208333333333326,1.25
qwen25_15b,973,msc_valid,32,lexical_tfidf,0.35,24,2.0416666666666665,49.0,1.9895833333333333,47.75,0.05208333333333326,1.25
qwen25_15b,973,msc_valid,32,recency_keep_compress_drop,0.35,24,1.90625,45.75,1.9895833333333333,47.75,-0.08333333333333326,-2.0
qwen25_15b,973,msc_valid,32,uniform,0.5,24,2.125,51.0,1.9895833333333333,47.75,0.13541666666666674,3.25
qwen25_15b,973,msc_valid,32,longllmlingua,0.5,24,1.96875,47.25,1.9895833333333333,47.75,-0.02083333333333326,-0.5
qwen25_15b,973,msc_valid,32,recency,0.5,24,2.03125,48.75,1.9895833333333333,47.75,0.04166666666666674,1.0
qwen25_15b,973,msc_valid,32,lexical_tfidf,0.5,24,2.0625,49.5,1.9895833333333333,47.75,0.07291666666666674,1.75
qwen25_15b,973,msc_valid,32,recency_keep_compress_drop,0.5,24,1.8958333333333333,45.5,1.9895833333333333,47.75,-0.09375,-2.25
qwen25_15b,973,msc_valid,34,uniform,0.2,29,2.043103448275862,59.25,0.0,0.0,2.043103448275862,59.25
qwen25_15b,973,msc_valid,34,longllmlingua,0.2,29,1.8879310344827587,54.75,0.0,0.0,1.8879310344827587,54.75
qwen25_15b,973,msc_valid,34,recency,0.2,29,2.0,58.0,0.0,0.0,2.0,58.0
qwen25_15b,973,msc_valid,34,lexical_tfidf,0.2,29,2.0,58.0,0.0,0.0,2.0,58.0
qwen25_15b,973,msc_valid,34,recency_keep_compress_drop,0.2,29,2.0258620689655173,58.75,0.0,0.0,2.0258620689655173,58.75
qwen25_15b,973,msc_valid,34,uniform,0.35,29,2.060344827586207,59.75,0.0,0.0,2.060344827586207,59.75
qwen25_15b,973,msc_valid,34,longllmlingua,0.35,29,1.853448275862069,53.75,0.0,0.0,1.853448275862069,53.75
qwen25_15b,973,msc_valid,34,recency,0.35,29,1.9741379310344827,57.25,0.0,0.0,1.9741379310344827,57.25
qwen25_15b,973,msc_valid,34,lexical_tfidf,0.35,29,1.956896551724138,56.75,0.0,0.0,1.956896551724138,56.75
qwen25_15b,973,msc_valid,34,recency_keep_compress_drop,0.35,29,1.8189655172413792,52.75,0.0,0.0,1.8189655172413792,52.75
qwen25_15b,973,msc_valid,34,uniform,0.5,29,1.8620689655172413,54.0,0.0,0.0,1.8620689655172413,54.0
qwen25_15b,973,msc_valid,34,longllmlingua,0.5,29,1.8103448275862069,52.5,0.0,0.0,1.8103448275862069,52.5
qwen25_15b,973,msc_valid,34,recency,0.5,29,1.9827586206896552,57.5,0.0,0.0,1.9827586206896552,57.5
qwen25_15b,973,msc_valid,34,lexical_tfidf,0.5,29,1.9655172413793103,57.0,0.0,0.0,1.9655172413793103,57.0
qwen25_15b,973,msc_valid,34,recency_keep_compress_drop,0.5,29,1.8620689655172413,54.0,0.0,0.0,1.8620689655172413,54.0
qwen25_15b,973,msc_valid,38,uniform,0.2,35,3.257142857142857,114.0,0.0,0.0,3.257142857142857,114.0
qwen25_15b,973,msc_valid,38,longllmlingua,0.2,35,3.0,105.0,0.0,0.0,3.0,105.0
qwen25_15b,973,msc_valid,38,recency,0.2,35,2.9714285714285715,104.0,0.0,0.0,2.9714285714285715,104.0
qwen25_15b,973,msc_valid,38,lexical_tfidf,0.2,35,3.0,105.0,0.0,0.0,3.0,105.0
qwen25_15b,973,msc_valid,38,recency_keep_compress_drop,0.2,35,2.8857142857142857,101.0,0.0,0.0,2.8857142857142857,101.0
qwen25_15b,973,msc_valid,38,uniform,0.35,35,3.057142857142857,107.0,0.0,0.0,3.057142857142857,107.0
qwen25_15b,973,msc_valid,38,longllmlingua,0.35,35,2.9857142857142858,104.5,0.0,0.0,2.9857142857142858,104.5
qwen25_15b,973,msc_valid,38,recency,0.35,35,2.9857142857142858,104.5,0.0,0.0,2.9857142857142858,104.5
qwen25_15b,973,msc_valid,38,lexical_tfidf,0.35,35,2.9714285714285715,104.0,0.0,0.0,2.9714285714285715,104.0
qwen25_15b,973,msc_valid,38,recency_keep_compress_drop,0.35,35,2.8,98.0,0.0,0.0,2.8,98.0
qwen25_15b,973,msc_valid,38,uniform,0.5,35,3.0142857142857142,105.5,0.0,0.0,3.0142857142857142,105.5
qwen25_15b,973,msc_valid,38,longllmlingua,0.5,35,3.0142857142857142,105.5,0.0,0.0,3.0142857142857142,105.5
qwen25_15b,973,msc_valid,38,recency,0.5,35,2.9285714285714284,102.5,0.0,0.0,2.9285714285714284,102.5
qwen25_15b,973,msc_valid,38,lexical_tfidf,0.5,35,2.914285714285714,102.0,0.0,0.0,2.914285714285714,102.0
qwen25_15b,973,msc_valid,38,recency_keep_compress_drop,0.5,35,2.857142857142857,100.0,0.0,0.0,2.857142857142857,100.0
qwen25_15b,973,msc_valid,42,uniform,0.2,22,2.0454545454545454,45.0,0.0,0.0,2.0454545454545454,45.0
qwen25_15b,973,msc_valid,42,longllmlingua,0.2,22,2.215909090909091,48.75,0.0,0.0,2.215909090909091,48.75
qwen25_15b,973,msc_valid,42,recency,0.2,22,2.1363636363636362,47.0,0.0,0.0,2.1363636363636362,47.0
qwen25_15b,973,msc_valid,42,lexical_tfidf,0.2,22,2.125,46.75,0.0,0.0,2.125,46.75
qwen25_15b,973,msc_valid,42,recency_keep_compress_drop,0.2,22,2.0681818181818183,45.5,0.0,0.0,2.0681818181818183,45.5
qwen25_15b,973,msc_valid,42,uniform,0.35,22,1.9431818181818181,42.75,0.0,0.0,1.9431818181818181,42.75
qwen25_15b,973,msc_valid,42,longllmlingua,0.35,22,2.227272727272727,49.0,0.0,0.0,2.227272727272727,49.0
qwen25_15b,973,msc_valid,42,recency,0.35,22,2.102272727272727,46.25,0.0,0.0,2.102272727272727,46.25
qwen25_15b,973,msc_valid,42,lexical_tfidf,0.35,22,2.1363636363636362,47.0,0.0,0.0,2.1363636363636362,47.0
qwen25_15b,973,msc_valid,42,recency_keep_compress_drop,0.35,22,2.147727272727273,47.25,0.0,0.0,2.147727272727273,47.25
qwen25_15b,973,msc_valid,42,uniform,0.5,22,1.9886363636363635,43.75,0.0,0.0,1.9886363636363635,43.75
qwen25_15b,973,msc_valid,42,longllmlingua,0.5,22,2.147727272727273,47.25,0.0,0.0,2.147727272727273,47.25
qwen25_15b,973,msc_valid,42,recency,0.5,22,2.102272727272727,46.25,0.0,0.0,2.102272727272727,46.25
qwen25_15b,973,msc_valid,42,lexical_tfidf,0.5,22,2.1136363636363638,46.5,0.0,0.0,2.1136363636363638,46.5
qwen25_15b,973,msc_valid,42,recency_keep_compress_drop,0.5,22,2.1136363636363638,46.5,0.0,0.0,2.1136363636363638,46.5
qwen25_15b,973,msc_valid,46,uniform,0.2,29,2.896551724137931,84.0,0.0,0.0,2.896551724137931,84.0
qwen25_15b,973,msc_valid,46,longllmlingua,0.2,29,2.9482758620689653,85.5,0.0,0.0,2.9482758620689653,85.5
qwen25_15b,973,msc_valid,46,recency,0.2,29,2.7758620689655173,80.5,0.0,0.0,2.7758620689655173,80.5
qwen25_15b,973,msc_valid,46,lexical_tfidf,0.2,29,2.7413793103448274,79.5,0.0,0.0,2.7413793103448274,79.5
qwen25_15b,973,msc_valid,46,recency_keep_compress_drop,0.2,29,2.689655172413793,78.0,0.0,0.0,2.689655172413793,78.0
qwen25_15b,973,msc_valid,46,uniform,0.35,29,2.7413793103448274,79.5,0.0,0.0,2.7413793103448274,79.5
qwen25_15b,973,msc_valid,46,longllmlingua,0.35,29,3.0172413793103448,87.5,0.0,0.0,3.0172413793103448,87.5
qwen25_15b,973,msc_valid,46,recency,0.35,29,2.7586206896551726,80.0,0.0,0.0,2.7586206896551726,80.0
qwen25_15b,973,msc_valid,46,lexical_tfidf,0.35,29,2.706896551724138,78.5,0.0,0.0,2.706896551724138,78.5
qwen25_15b,973,msc_valid,46,recency_keep_compress_drop,0.35,29,2.7586206896551726,80.0,0.0,0.0,2.7586206896551726,80.0
qwen25_15b,973,msc_valid,46,uniform,0.5,29,3.0344827586206895,88.0,0.0,0.0,3.0344827586206895,88.0
qwen25_15b,973,msc_valid,46,longllmlingua,0.5,29,2.913793103448276,84.5,0.0,0.0,2.913793103448276,84.5
qwen25_15b,973,msc_valid,46,recency,0.5,29,2.7586206896551726,80.0,0.0,0.0,2.7586206896551726,80.0
qwen25_15b,973,msc_valid,46,lexical_tfidf,0.5,29,2.689655172413793,78.0,0.0,0.0,2.689655172413793,78.0
qwen25_15b,973,msc_valid,46,recency_keep_compress_drop,0.5,29,2.5517241379310347,74.0,0.0,0.0,2.5517241379310347,74.0
qwen25_15b,973,msc_valid,50,uniform,0.2,29,2.3275862068965516,67.5,0.0,0.0,2.3275862068965516,67.5
qwen25_15b,973,msc_valid,50,longllmlingua,0.2,29,2.293103448275862,66.5,0.0,0.0,2.293103448275862,66.5
qwen25_15b,973,msc_valid,50,recency,0.2,29,2.3448275862068964,68.0,0.0,0.0,2.3448275862068964,68.0
qwen25_15b,973,msc_valid,50,lexical_tfidf,0.2,29,2.396551724137931,69.5,0.0,0.0,2.396551724137931,69.5
qwen25_15b,973,msc_valid,50,recency_keep_compress_drop,0.2,29,2.3275862068965516,67.5,0.0,0.0,2.3275862068965516,67.5
qwen25_15b,973,msc_valid,50,uniform,0.35,29,2.3793103448275863,69.0,0.0,0.0,2.3793103448275863,69.0
qwen25_15b,973,msc_valid,50,longllmlingua,0.35,29,2.293103448275862,66.5,0.0,0.0,2.293103448275862,66.5
qwen25_15b,973,msc_valid,50,recency,0.35,29,2.310344827586207,67.0,0.0,0.0,2.310344827586207,67.0
qwen25_15b,973,msc_valid,50,lexical_tfidf,0.35,29,2.3793103448275863,69.0,0.0,0.0,2.3793103448275863,69.0
qwen25_15b,973,msc_valid,50,recency_keep_compress_drop,0.35,29,2.3275862068965516,67.5,0.0,0.0,2.3275862068965516,67.5
qwen25_15b,973,msc_valid,50,uniform,0.5,29,2.3448275862068964,68.0,0.0,0.0,2.3448275862068964,68.0
qwen25_15b,973,msc_valid,50,longllmlingua,0.5,29,2.293103448275862,66.5,0.0,0.0,2.293103448275862,66.5
qwen25_15b,973,msc_valid,50,recency,0.5,0,0.0,0.0,0.0,0.0,0.0,0.0
qwen25_15b,973,msc_valid,50,lexical_tfidf,0.5,0,0.0,0.0,0.0,0.0,0.0,0.0
qwen25_15b,973,msc_valid,50,recency_keep_compress_drop,0.5,0,0.0,0.0,0.0,0.0,0.0,0.0
qwen25_15b,973,msc_valid,54,uniform,0.2,35,1.542857142857143,54.0,0.0,0.0,1.542857142857143,54.0
qwen25_15b,973,msc_valid,54,longllmlingua,0.2,35,1.7285714285714286,60.5,0.0,0.0,1.7285714285714286,60.5
qwen25_15b,973,msc_valid,54,recency,0.2,35,1.6142857142857143,56.5,0.0,0.0,1.6142857142857143,56.5
qwen25_15b,973,msc_valid,54,lexical_tfidf,0.2,35,1.6285714285714286,57.0,0.0,0.0,1.6285714285714286,57.0
qwen25_15b,973,msc_valid,54,recency_keep_compress_drop,0.2,35,1.6,56.0,0.0,0.0,1.6,56.0
qwen25_15b,973,msc_valid,54,uniform,0.35,35,1.5142857142857142,53.0,0.0,0.0,1.5142857142857142,53.0
qwen25_15b,973,msc_valid,54,longllmlingua,0.35,35,1.7285714285714286,60.5,0.0,0.0,1.7285714285714286,60.5
qwen25_15b,973,msc_valid,54,recency,0.35,0,0.0,0.0,0.0,0.0,0.0,0.0
qwen25_15b,973,msc_valid,54,lexical_tfidf,0.35,0,0.0,0.0,0.0,0.0,0.0,0.0
qwen25_15b,973,msc_valid,54,recency_keep_compress_drop,0.35,0,0.0,0.0,0.0,0.0,0.0,0.0
qwen25_15b,973,msc_valid,54,uniform,0.5,35,1.6071428571428572,56.25,0.0,0.0,1.6071428571428572,56.25
qwen25_15b,973,msc_valid,54,longllmlingua,0.5,35,1.6928571428571428,59.25,0.0,0.0,1.6928571428571428,59.25
qwen25_15b,973,msc_valid,54,recency,0.5,0,0.0,0.0,0.0,0.0,0.0,0.0
qwen25_15b,973,msc_valid,54,lexical_tfidf,0.5,0,0.0,0.0,0.0,0.0,0.0,0.0
qwen25_15b,973,msc_valid,54,recency_keep_compress_drop,0.5,0,0.0,0.0,0.0,0.0,0.0,0.0
qwen25_15b,973,msc_valid,58,uniform,0.2,53,2.311320754716981,122.5,0.0,0.0,2.311320754716981,122.5
qwen25_15b,973,msc_valid,58,longllmlingua,0.2,53,2.19811320754717,116.5,0.0,0.0,2.19811320754717,116.5
qwen25_15b,973,msc_valid,58,recency,0.2,0,0.0,0.0,0.0,0.0,0.0,0.0
qwen25_15b,973,msc_valid,58,lexical_tfidf,0.2,0,0.0,0.0,0.0,0.0,0.0,0.0
qwen25_15b,973,msc_valid,58,recency_keep_compress_drop,0.2,0,0.0,0.0,0.0,0.0,0.0,0.0
qwen25_15b,973,msc_valid,58,uniform,0.35,53,2.2358490566037736,118.5,0.0,0.0,2.2358490566037736,118.5
qwen25_15b,973,msc_valid,58,longllmlingua,0.35,53,2.207547169811321,117.0,0.0,0.0,2.207547169811321,117.0
qwen25_15b,973,msc_valid,58,recency,0.35,0,0.0,0.0,0.0,0.0,0.0,0.0
qwen25_15b,973,msc_valid,58,lexical_tfidf,0.35,0,0.0,0.0,0.0,0.0,0.0,0.0
qwen25_15b,973,msc_valid,58,recency_keep_compress_drop,0.35,0,0.0,0.0,0.0,0.0,0.0,0.0
qwen25_15b,973,msc_valid,58,uniform,0.5,53,2.2264150943396226,118.0,0.0,0.0,2.2264150943396226,118.0
qwen25_15b,973,msc_valid,58,longllmlingua,0.5,53,2.150943396226415,114.0,0.0,0.0,2.150943396226415,114.0
qwen25_15b,973,msc_valid,58,recency,0.5,0,0.0,0.0,0.0,0.0,0.0,0.0
qwen25_15b,973,msc_valid,58,lexical_tfidf,0.5,0,0.0,0.0,0.0,0.0,0.0,0.0
qwen25_15b,973,msc_valid,58,recency_keep_compress_drop,0.5,0,0.0,0.0,0.0,0.0,0.0,0.0
qwen25_15b,973,msc_valid,62,uniform,0.2,57,1.8333333333333333,104.5,0.0,0.0,1.8333333333333333,104.5
qwen25_15b,973,msc_valid,62,longllmlingua,0.2,57,1.894736842105263,108.0,0.0,0.0,1.894736842105263,108.0
qwen25_15b,973,msc_valid,62,recency,0.2,0,0.0,0.0,0.0,0.0,0.0,0.0
qwen25_15b,973,msc_valid,62,lexical_tfidf,0.2,0,0.0,0.0,0.0,0.0,0.0,0.0
qwen25_15b,973,msc_valid,62,recency_keep_compress_drop,0.2,0,0.0,0.0,0.0,0.0,0.0,0.0
qwen25_15b,973,msc_valid,62,uniform,0.35,57,1.8421052631578947,105.0,0.0,0.0,1.8421052631578947,105.0
qwen25_15b,973,msc_valid,62,longllmlingua,0.35,57,1.8859649122807018,107.5,0.0,0.0,1.8859649122807018,107.5
qwen25_15b,973,msc_valid,62,recency,0.35,0,0.0,0.0,0.0,0.0,0.0,0.0
qwen25_15b,973,msc_valid,62,lexical_tfidf,0.35,0,0.0,0.0,0.0,0.0,0.0,0.0
qwen25_15b,973,msc_valid,62,recency_keep_compress_drop,0.35,0,0.0,0.0,0.0,0.0,0.0,0.0
qwen25_15b,973,msc_valid,62,uniform,0.5,57,1.8245614035087718,104.0,0.0,0.0,1.8245614035087718,104.0
qwen25_15b,973,msc_valid,62,longllmlingua,0.5,57,1.868421052631579,106.5,0.0,0.0,1.868421052631579,106.5
qwen25_15b,973,msc_valid,62,recency,0.5,0,0.0,0.0,0.0,0.0,0.0,0.0
qwen25_15b,973,msc_valid,62,lexical_tfidf,0.5,0,0.0,0.0,0.0,0.0,0.0,0.0
qwen25_15b,973,msc_valid,62,recency_keep_compress_drop,0.5,0,0.0,0.0,0.0,0.0,0.0,0.0
qwen25_15b,976,msc_valid,4,uniform,0.2,13,5.038461538461538,65.5,4.230769230769231,55.0,0.8076923076923075,10.5
qwen25_15b,976,msc_valid,4,longllmlingua,0.2,13,3.6923076923076925,48.0,4.230769230769231,55.0,-0.5384615384615383,-7.0
qwen25_15b,976,msc_valid,4,recency,0.2,13,5.038461538461538,65.5,4.230769230769231,55.0,0.8076923076923075,10.5
qwen25_15b,976,msc_valid,4,lexical_tfidf,0.2,13,5.038461538461538,65.5,4.230769230769231,55.0,0.8076923076923075,10.5
qwen25_15b,976,msc_valid,4,recency_keep_compress_drop,0.2,13,5.038461538461538,65.5,4.230769230769231,55.0,0.8076923076923075,10.5
qwen25_15b,976,msc_valid,4,uniform,0.35,13,4.480769230769231,58.25,4.230769230769231,55.0,0.25,3.25
qwen25_15b,976,msc_valid,4,longllmlingua,0.35,13,3.6346153846153846,47.25,4.230769230769231,55.0,-0.5961538461538463,-7.75
qwen25_15b,976,msc_valid,4,recency,0.35,13,4.480769230769231,58.25,4.230769230769231,55.0,0.25,3.25
qwen25_15b,976,msc_valid,4,lexical_tfidf,0.35,13,4.480769230769231,58.25,4.230769230769231,55.0,0.25,3.25
qwen25_15b,976,msc_valid,4,recency_keep_compress_drop,0.35,13,4.480769230769231,58.25,4.230769230769231,55.0,0.25,3.25
qwen25_15b,976,msc_valid,4,uniform,0.5,13,4.480769230769231,58.25,4.230769230769231,55.0,0.25,3.25
qwen25_15b,976,msc_valid,4,longllmlingua,0.5,13,3.1538461538461537,41.0,4.230769230769231,55.0,-1.076923076923077,-14.0
qwen25_15b,976,msc_valid,4,recency,0.5,13,4.480769230769231,58.25,4.230769230769231,55.0,0.25,3.25
qwen25_15b,976,msc_valid,4,lexical_tfidf,0.5,13,4.480769230769231,58.25,4.230769230769231,55.0,0.25,3.25
qwen25_15b,976,msc_valid,4,recency_keep_compress_drop,0.5,13,4.480769230769231,58.25,4.230769230769231,55.0,0.25,3.25
qwen25_15b,976,msc_valid,8,uniform,0.2,13,3.1153846153846154,40.5,2.7115384615384617,35.25,0.40384615384615374,5.25
qwen25_15b,976,msc_valid,8,longllmlingua,0.2,13,3.1923076923076925,41.5,2.7115384615384617,35.25,0.48076923076923084,6.25
qwen25_15b,976,msc_valid,8,recency,0.2,13,3.173076923076923,41.25,2.7115384615384617,35.25,0.46153846153846123,6.0
qwen25_15b,976,msc_valid,8,lexical_tfidf,0.2,13,3.1153846153846154,40.5,2.7115384615384617,35.25,0.40384615384615374,5.25
qwen25_15b,976,msc_valid,8,recency_keep_compress_drop,0.2,13,3.173076923076923,41.25,2.7115384615384617,35.25,0.46153846153846123,6.0
qwen25_15b,976,msc_valid,8,uniform,0.35,13,3.3461538461538463,43.5,2.7115384615384617,35.25,0.6346153846153846,8.25
qwen25_15b,976,msc_valid,8,longllmlingua,0.35,13,2.7115384615384617,35.25,2.7115384615384617,35.25,0.0,0.0
qwen25_15b,976,msc_valid,8,recency,0.35,13,3.019230769230769,39.25,2.7115384615384617,35.25,0.3076923076923075,4.0
qwen25_15b,976,msc_valid,8,lexical_tfidf,0.35,13,3.3461538461538463,43.5,2.7115384615384617,35.25,0.6346153846153846,8.25
qwen25_15b,976,msc_valid,8,recency_keep_compress_drop,0.35,13,3.173076923076923,41.25,2.7115384615384617,35.25,0.46153846153846123,6.0
qwen25_15b,976,msc_valid,8,uniform,0.5,13,3.1346153846153846,40.75,2.7115384615384617,35.25,0.4230769230769229,5.5
qwen25_15b,976,msc_valid,8,longllmlingua,0.5,13,2.75,35.75,2.7115384615384617,35.25,0.038461538461538325,0.5
qwen25_15b,976,msc_valid,8,recency,0.5,13,3.1538461538461537,41.0,2.7115384615384617,35.25,0.44230769230769207,5.75
qwen25_15b,976,msc_valid,8,lexical_tfidf,0.5,13,3.1346153846153846,40.75,2.7115384615384617,35.25,0.4230769230769229,5.5
qwen25_15b,976,msc_valid,8,recency_keep_compress_drop,0.5,13,2.923076923076923,38.0,2.7115384615384617,35.25,0.21153846153846123,2.75
qwen25_15b,976,msc_valid,12,uniform,0.2,16,5.09375,81.5,4.8125,77.0,0.28125,4.5
qwen25_15b,976,msc_valid,12,longllmlingua,0.2,16,4.59375,73.5,4.8125,77.0,-0.21875,-3.5
qwen25_15b,976,msc_valid,12,recency,0.2,16,5.15625,82.5,4.8125,77.0,0.34375,5.5
qwen25_15b,976,msc_valid,12,lexical_tfidf,0.2,16,5.09375,81.5,4.8125,77.0,0.28125,4.5
qwen25_15b,976,msc_valid,12,recency_keep_compress_drop,0.2,16,5.1875,83.0,4.8125,77.0,0.375,6.0
qwen25_15b,976,msc_valid,12,uniform,0.35,16,4.96875,79.5,4.8125,77.0,0.15625,2.5
qwen25_15b,976,msc_valid,12,longllmlingua,0.35,16,4.5,72.0,4.8125,77.0,-0.3125,-5.0
qwen25_15b,976,msc_valid,12,recency,0.35,16,5.125,82.0,4.8125,77.0,0.3125,5.0
qwen25_15b,976,msc_valid,12,lexical_tfidf,0.35,16,5.0625,81.0,4.8125,77.0,0.25,4.0
qwen25_15b,976,msc_valid,12,recency_keep_compress_drop,0.35,16,5.125,82.0,4.8125,77.0,0.3125,5.0
qwen25_15b,976,msc_valid,12,uniform,0.5,16,4.96875,79.5,4.8125,77.0,0.15625,2.5
qwen25_15b,976,msc_valid,12,longllmlingua,0.5,16,4.625,74.0,4.8125,77.0,-0.1875,-3.0
qwen25_15b,976,msc_valid,12,recency,0.5,16,5.09375,81.5,4.8125,77.0,0.28125,4.5
qwen25_15b,976,msc_valid,12,lexical_tfidf,0.5,16,4.96875,79.5,4.8125,77.0,0.15625,2.5
qwen25_15b,976,msc_valid,12,recency_keep_compress_drop,0.5,16,4.96875,79.5,4.8125,77.0,0.15625,2.5
qwen25_15b,976,msc_valid,16,uniform,0.2,14,1.4821428571428572,20.75,1.1205357142857142,15.6875,0.361607142857143,5.0625
qwen25_15b,976,msc_valid,16,longllmlingua,0.2,14,1.5089285714285714,21.125,1.1205357142857142,15.6875,0.3883928571428572,5.4375
qwen25_15b,976,msc_valid,16,recency,0.2,14,1.6428571428571428,23.0,1.1205357142857142,15.6875,0.5223214285714286,7.3125
qwen25_15b,976,msc_valid,16,lexical_tfidf,0.2,14,1.2232142857142858,17.125,1.1205357142857142,15.6875,0.10267857142857162,1.4375
qwen25_15b,976,msc_valid,16,recency_keep_compress_drop,0.2,14,1.4464285714285714,20.25,1.1205357142857142,15.6875,0.3258928571428572,4.5625
qwen25_15b,976,msc_valid,16,uniform,0.35,14,1.1294642857142858,15.8125,1.1205357142857142,15.6875,0.008928571428571619,0.125
qwen25_15b,976,msc_valid,16,longllmlingua,0.35,14,1.3214285714285714,18.5,1.1205357142857142,15.6875,0.2008928571428572,2.8125
qwen25_15b,976,msc_valid,16,recency,0.35,14,1.75,24.5,1.1205357142857142,15.6875,0.6294642857142858,8.8125
qwen25_15b,976,msc_valid,16,lexical_tfidf,0.35,14,1.1294642857142858,15.8125,1.1205357142857142,15.6875,0.008928571428571619,0.125
qwen25_15b,976,msc_valid,16,recency_keep_compress_drop,0.35,14,1.3839285714285714,19.375,1.1205357142857142,15.6875,0.2633928571428572,3.6875
qwen25_15b,976,msc_valid,16,uniform,0.5,14,1.3303571428571428,18.625,1.1205357142857142,15.6875,0.2098214285714286,2.9375
qwen25_15b,976,msc_valid,16,longllmlingua,0.5,14,1.2767857142857142,17.875,1.1205357142857142,15.6875,0.15625,2.1875
qwen25_15b,976,msc_valid,16,recency,0.5,14,1.625,22.75,1.1205357142857142,15.6875,0.5044642857142858,7.0625
qwen25_15b,976,msc_valid,16,lexical_tfidf,0.5,14,1.3303571428571428,18.625,1.1205357142857142,15.6875,0.2098214285714286,2.9375
qwen25_15b,976,msc_valid,16,recency_keep_compress_drop,0.5,14,1.3214285714285714,18.5,1.1205357142857142,15.6875,0.2008928571428572,2.8125
qwen25_15b,976,msc_valid,18,uniform,0.2,25,2.06,51.5,1.89,47.25,0.17000000000000015,4.25
qwen25_15b,976,msc_valid,18,longllmlingua,0.2,25,1.97,49.25,1.89,47.25,0.08000000000000007,2.0
qwen25_15b,976,msc_valid,18,recency,0.2,25,1.99,49.75,1.89,47.25,0.10000000000000009,2.5
qwen25_15b,976,msc_valid,18,lexical_tfidf,0.2,25,2.23,55.75,1.89,47.25,0.3400000000000001,8.5
qwen25_15b,976,msc_valid,18,recency_keep_compress_drop,0.2,25,2.17,54.25,1.89,47.25,0.28,7.0
qwen25_15b,976,msc_valid,18,uniform,0.35,25,2.05,51.25,1.89,47.25,0.15999999999999992,4.0
qwen25_15b,976,msc_valid,18,longllmlingua,0.35,25,2.01,50.25,1.89,47.25,0.11999999999999988,3.0
qwen25_15b,976,msc_valid,18,recency,0.35,25,1.97,49.25,1.89,47.25,0.08000000000000007,2.0
qwen25_15b,976,msc_valid,18,lexical_tfidf,0.35,25,2.13,53.25,1.89,47.25,0.24,6.0
qwen25_15b,976,msc_valid,18,recency_keep_compress_drop,0.35,25,2.04,51.0,1.89,47.25,0.15000000000000013,3.75
qwen25_15b,976,msc_valid,18,uniform,0.5,25,2.07,51.75,1.89,47.25,0.17999999999999994,4.5
qwen25_15b,976,msc_valid,18,longllmlingua,0.5,25,1.91,47.75,1.89,47.25,0.020000000000000018,0.5
qwen25_15b,976,msc_valid,18,recency,0.5,25,1.81,45.25,1.89,47.25,-0.07999999999999985,-2.0
qwen25_15b,976,msc_valid,18,lexical_tfidf,0.5,25,2.1,52.5,1.89,47.25,0.2100000000000002,5.25
qwen25_15b,976,msc_valid,18,recency_keep_compress_drop,0.5,25,2.08,52.0,1.89,47.25,0.19000000000000017,4.75
qwen25_15b,976,msc_valid,22,uniform,0.2,28,2.25,63.0,2.017857142857143,56.5,0.2321428571428572,6.5
qwen25_15b,976,msc_valid,22,longllmlingua,0.2,28,2.0982142857142856,58.75,2.017857142857143,56.5,0.0803571428571428,2.25
qwen25_15b,976,msc_valid,22,recency,0.2,28,2.2857142857142856,64.0,2.017857142857143,56.5,0.2678571428571428,7.5
qwen25_15b,976,msc_valid,22,lexical_tfidf,0.2,28,2.3214285714285716,65.0,2.017857142857143,56.5,0.3035714285714288,8.5
qwen25_15b,976,msc_valid,22,recency_keep_compress_drop,0.2,28,2.1160714285714284,59.25,2.017857142857143,56.5,0.09821428571428559,2.75
qwen25_15b,976,msc_valid,22,uniform,0.35,28,2.1964285714285716,61.5,2.017857142857143,56.5,0.17857142857142883,5.0
qwen25_15b,976,msc_valid,22,longllmlingua,0.35,28,2.0535714285714284,57.5,2.017857142857143,56.5,0.03571428571428559,1.0
qwen25_15b,976,msc_valid,22,recency,0.35,28,2.1160714285714284,59.25,2.017857142857143,56.5,0.09821428571428559,2.75
qwen25_15b,976,msc_valid,22,lexical_tfidf,0.35,28,2.2232142857142856,62.25,2.017857142857143,56.5,0.2053571428571428,5.75
qwen25_15b,976,msc_valid,22,recency_keep_compress_drop,0.35,28,2.1160714285714284,59.25,2.017857142857143,56.5,0.09821428571428559,2.75
qwen25_15b,976,msc_valid,22,uniform,0.5,28,2.169642857142857,60.75,2.017857142857143,56.5,0.1517857142857144,4.25
qwen25_15b,976,msc_valid,22,longllmlingua,0.5,28,2.044642857142857,57.25,2.017857142857143,56.5,0.026785714285714413,0.75
qwen25_15b,976,msc_valid,22,recency,0.5,28,2.0892857142857144,58.5,2.017857142857143,56.5,0.07142857142857162,2.0
qwen25_15b,976,msc_valid,22,lexical_tfidf,0.5,28,2.1785714285714284,61.0,2.017857142857143,56.5,0.1607142857142856,4.5
qwen25_15b,976,msc_valid,22,recency_keep_compress_drop,0.5,28,2.125,59.5,2.017857142857143,56.5,0.1071428571428572,3.0
qwen25_15b,976,msc_valid,26,uniform,0.2,36,3.1805555555555554,114.5,2.5833333333333335,93.0,0.5972222222222219,21.5
qwen25_15b,976,msc_valid,26,longllmlingua,0.2,36,2.3333333333333335,84.0,2.5833333333333335,93.0,-0.25,-9.0
qwen25_15b,976,msc_valid,26,recency,0.2,36,3.0416666666666665,109.5,2.5833333333333335,93.0,0.45833333333333304,16.5
qwen25_15b,976,msc_valid,26,lexical_tfidf,0.2,36,3.236111111111111,116.5,2.5833333333333335,93.0,0.6527777777777777,23.5
qwen25_15b,976,msc_valid,26,recency_keep_compress_drop,0.2,36,2.736111111111111,98.5,2.5833333333333335,93.0,0.15277777777777768,5.5
qwen25_15b,976,msc_valid,26,uniform,0.35,36,3.0277777777777777,109.0,2.5833333333333335,93.0,0.4444444444444442,16.0
qwen25_15b,976,msc_valid,26,longllmlingua,0.35,36,2.4166666666666665,87.0,2.5833333333333335,93.0,-0.16666666666666696,-6.0
qwen25_15b,976,msc_valid,26,recency,0.35,36,2.9027777777777777,104.5,2.5833333333333335,93.0,0.3194444444444442,11.5
qwen25_15b,976,msc_valid,26,lexical_tfidf,0.35,36,3.1527777777777777,113.5,2.5833333333333335,93.0,0.5694444444444442,20.5
qwen25_15b,976,msc_valid,26,recency_keep_compress_drop,0.35,36,2.6666666666666665,96.0,2.5833333333333335,93.0,0.08333333333333304,3.0
qwen25_15b,976,msc_valid,26,uniform,0.5,36,3.0555555555555554,110.0,2.5833333333333335,93.0,0.4722222222222219,17.0
qwen25_15b,976,msc_valid,26,longllmlingua,0.5,36,2.4722222222222223,89.0,2.5833333333333335,93.0,-0.11111111111111116,-4.0
qwen25_15b,976,msc_valid,26,recency,0.5,36,2.6805555555555554,96.5,2.5833333333333335,93.0,0.09722222222222188,3.5
qwen25_15b,976,msc_valid,26,lexical_tfidf,0.5,36,2.7222222222222223,98.0,2.5833333333333335,93.0,0.13888888888888884,5.0
qwen25_15b,976,msc_valid,26,recency_keep_compress_drop,0.5,36,2.6527777777777777,95.5,2.5833333333333335,93.0,0.0694444444444442,2.5
qwen25_15b,976,msc_valid,30,uniform,0.2,55,2.9272727272727272,161.0,2.981818181818182,164.0,-0.054545454545454675,-3.0
qwen25_15b,976,msc_valid,30,longllmlingua,0.2,55,2.981818181818182,164.0,2.981818181818182,164.0,0.0,0.0
qwen25_15b,976,msc_valid,30,recency,0.2,55,2.909090909090909,160.0,2.981818181818182,164.0,-0.07272727272727275,-4.0
qwen25_15b,976,msc_valid,30,lexical_tfidf,0.2,55,2.9272727272727272,161.0,2.981818181818182,164.0,-0.054545454545454675,-3.0
qwen25_15b,976,msc_valid,30,recency_keep_compress_drop,0.2,55,2.890909090909091,159.0,2.981818181818182,164.0,-0.09090909090909083,-5.0
qwen25_15b,976,msc_valid,30,uniform,0.35,55,2.963636363636364,163.0,2.981818181818182,164.0,-0.018181818181818077,-1.0
qwen25_15b,976,msc_valid,30,longllmlingua,0.35,55,3.0,165.0,2.981818181818182,164.0,0.018181818181818077,1.0
qwen25_15b,976,msc_valid,30,recency,0.35,55,2.909090909090909,160.0,2.981818181818182,164.0,-0.07272727272727275,-4.0
qwen25_15b,976,msc_valid,30,lexical_tfidf,0.35,55,2.9454545454545453,162.0,2.981818181818182,164.0,-0.0363636363636366,-2.0
qwen25_15b,976,msc_valid,30,recency_keep_compress_drop,0.35,55,2.890909090909091,159.0,2.981818181818182,164.0,-0.09090909090909083,-5.0
qwen25_15b,976,msc_valid,30,uniform,0.5,55,2.9454545454545453,162.0,2.981818181818182,164.0,-0.0363636363636366,-2.0
qwen25_15b,976,msc_valid,30,longllmlingua,0.5,55,3.036363636363636,167.0,2.981818181818182,164.0,0.05454545454545423,3.0
qwen25_15b,976,msc_valid,30,recency,0.5,55,2.9272727272727272,161.0,2.981818181818182,164.0,-0.054545454545454675,-3.0
qwen25_15b,976,msc_valid,30,lexical_tfidf,0.5,55,2.909090909090909,160.0,2.981818181818182,164.0,-0.07272727272727275,-4.0
qwen25_15b,976,msc_valid,30,recency_keep_compress_drop,0.5,55,2.9272727272727272,161.0,2.981818181818182,164.0,-0.054545454545454675,-3.0
qwen25_15b,976,msc_valid,34,uniform,0.2,31,2.5161290322580645,78.0,2.596774193548387,80.5,-0.08064516129032251,-2.5
qwen25_15b,976,msc_valid,34,longllmlingua,0.2,31,2.532258064516129,78.5,2.596774193548387,80.5,-0.06451612903225801,-2.0
qwen25_15b,976,msc_valid,34,recency,0.2,31,2.6129032258064515,81.0,2.596774193548387,80.5,0.016129032258064502,0.5
qwen25_15b,976,msc_valid,34,lexical_tfidf,0.2,31,2.6129032258064515,81.0,2.596774193548387,80.5,0.016129032258064502,0.5
qwen25_15b,976,msc_valid,34,recency_keep_compress_drop,0.2,31,2.6129032258064515,81.0,2.596774193548387,80.5,0.016129032258064502,0.5
qwen25_15b,976,msc_valid,34,uniform,0.35,31,2.564516129032258,79.5,2.596774193548387,80.5,-0.032258064516129004,-1.0
qwen25_15b,976,msc_valid,34,longllmlingua,0.35,31,2.5161290322580645,78.0,2.596774193548387,80.5,-0.08064516129032251,-2.5
qwen25_15b,976,msc_valid,34,recency,0.35,31,2.596774193548387,80.5,2.596774193548387,80.5,0.0,0.0
qwen25_15b,976,msc_valid,34,lexical_tfidf,0.35,31,2.6129032258064515,81.0,2.596774193548387,80.5,0.016129032258064502,0.5
qwen25_15b,976,msc_valid,34,recency_keep_compress_drop,0.35,31,2.5,77.5,2.596774193548387,80.5,-0.09677419354838701,-3.0
qwen25_15b,976,msc_valid,34,uniform,0.5,31,2.629032258064516,81.5,2.596774193548387,80.5,0.032258064516129004,1.0
qwen25_15b,976,msc_valid,34,longllmlingua,0.5,31,2.5483870967741935,79.0,2.596774193548387,80.5,-0.048387096774193505,-1.5
qwen25_15b,976,msc_valid,34,recency,0.5,31,2.6129032258064515,81.0,2.596774193548387,80.5,0.016129032258064502,0.5
qwen25_15b,976,msc_valid,34,lexical_tfidf,0.5,31,2.596774193548387,80.5,2.596774193548387,80.5,0.0,0.0
qwen25_15b,976,msc_valid,34,recency_keep_compress_drop,0.5,31,2.5483870967741935,79.0,2.596774193548387,80.5,-0.048387096774193505,-1.5
qwen25_15b,976,msc_valid,38,uniform,0.2,17,2.6029411764705883,44.25,0.0,0.0,2.6029411764705883,44.25
qwen25_15b,976,msc_valid,38,longllmlingua,0.2,17,2.6911764705882355,45.75,0.0,0.0,2.6911764705882355,45.75
qwen25_15b,976,msc_valid,38,recency,0.2,17,2.764705882352941,47.0,0.0,0.0,2.764705882352941,47.0
qwen25_15b,976,msc_valid,38,lexical_tfidf,0.2,17,2.3529411764705883,40.0,0.0,0.0,2.3529411764705883,40.0
qwen25_15b,976,msc_valid,38,recency_keep_compress_drop,0.2,17,2.588235294117647,44.0,0.0,0.0,2.588235294117647,44.0
qwen25_15b,976,msc_valid,38,uniform,0.35,17,2.3823529411764706,40.5,0.0,0.0,2.3823529411764706,40.5
qwen25_15b,976,msc_valid,38,longllmlingua,0.35,17,2.5294117647058822,43.0,0.0,0.0,2.5294117647058822,43.0
qwen25_15b,976,msc_valid,38,recency,0.35,17,2.676470588235294,45.5,0.0,0.0,2.676470588235294,45.5
qwen25_15b,976,msc_valid,38,lexical_tfidf,0.35,17,2.411764705882353,41.0,0.0,0.0,2.411764705882353,41.0
qwen25_15b,976,msc_valid,38,recency_keep_compress_drop,0.35,17,2.6029411764705883,44.25,0.0,0.0,2.6029411764705883,44.25
qwen25_15b,976,msc_valid,38,uniform,0.5,17,2.3823529411764706,40.5,0.0,0.0,2.3823529411764706,40.5
qwen25_15b,976,msc_valid,38,longllmlingua,0.5,17,2.6911764705882355,45.75,0.0,0.0,2.6911764705882355,45.75
qwen25_15b,976,msc_valid,38,recency,0.5,17,2.4705882352941178,42.0,0.0,0.0,2.4705882352941178,42.0
qwen25_15b,976,msc_valid,38,lexical_tfidf,0.5,17,2.6029411764705883,44.25,0.0,0.0,2.6029411764705883,44.25
qwen25_15b,976,msc_valid,38,recency_keep_compress_drop,0.5,17,2.3088235294117645,39.25,0.0,0.0,2.3088235294117645,39.25
qwen25_15b,976,msc_valid,42,uniform,0.2,30,2.4,72.0,0.0,0.0,2.4,72.0
qwen25_15b,976,msc_valid,42,longllmlingua,0.2,30,2.566666666666667,77.0,0.0,0.0,2.566666666666667,77.0
qwen25_15b,976,msc_valid,42,recency,0.2,30,2.45,73.5,0.0,0.0,2.45,73.5
qwen25_15b,976,msc_valid,42,lexical_tfidf,0.2,30,2.4833333333333334,74.5,0.0,0.0,2.4833333333333334,74.5
qwen25_15b,976,msc_valid,42,recency_keep_compress_drop,0.2,30,2.55,76.5,0.0,0.0,2.55,76.5
qwen25_15b,976,msc_valid,42,uniform,0.35,30,2.4,72.0,0.0,0.0,2.4,72.0
qwen25_15b,976,msc_valid,42,longllmlingua,0.35,30,2.55,76.5,0.0,0.0,2.55,76.5
qwen25_15b,976,msc_valid,42,recency,0.35,30,2.466666666666667,74.0,0.0,0.0,2.466666666666667,74.0
qwen25_15b,976,msc_valid,42,lexical_tfidf,0.35,30,2.433333333333333,73.0,0.0,0.0,2.433333333333333,73.0
qwen25_15b,976,msc_valid,42,recency_keep_compress_drop,0.35,30,2.45,73.5,0.0,0.0,2.45,73.5
qwen25_15b,976,msc_valid,42,uniform,0.5,30,2.466666666666667,74.0,0.0,0.0,2.466666666666667,74.0
qwen25_15b,976,msc_valid,42,longllmlingua,0.5,30,2.566666666666667,77.0,0.0,0.0,2.566666666666667,77.0
qwen25_15b,976,msc_valid,42,recency,0.5,30,2.4,72.0,0.0,0.0,2.4,72.0
qwen25_15b,976,msc_valid,42,lexical_tfidf,0.5,30,2.3666666666666667,71.0,0.0,0.0,2.3666666666666667,71.0
qwen25_15b,976,msc_valid,42,recency_keep_compress_drop,0.5,30,2.3833333333333333,71.5,0.0,0.0,2.3833333333333333,71.5
qwen25_15b,976,msc_valid,46,uniform,0.2,25,2.27,56.75,0.0,0.0,2.27,56.75
qwen25_15b,976,msc_valid,46,longllmlingua,0.2,25,2.37,59.25,0.0,0.0,2.37,59.25
qwen25_15b,976,msc_valid,46,recency,0.2,25,2.06,51.5,0.0,0.0,2.06,51.5
qwen25_15b,976,msc_valid,46,lexical_tfidf,0.2,25,2.1,52.5,0.0,0.0,2.1,52.5
qwen25_15b,976,msc_valid,46,recency_keep_compress_drop,0.2,25,2.15,53.75,0.0,0.0,2.15,53.75
qwen25_15b,976,msc_valid,46,uniform,0.35,25,2.08,52.0,0.0,0.0,2.08,52.0
qwen25_15b,976,msc_valid,46,longllmlingua,0.35,25,2.34,58.5,0.0,0.0,2.34,58.5
qwen25_15b,976,msc_valid,46,recency,0.35,25,2.07,51.75,0.0,0.0,2.07,51.75
qwen25_15b,976,msc_valid,46,lexical_tfidf,0.35,25,2.14,53.5,0.0,0.0,2.14,53.5
qwen25_15b,976,msc_valid,46,recency_keep_compress_drop,0.35,25,2.17,54.25,0.0,0.0,2.17,54.25
qwen25_15b,976,msc_valid,46,uniform,0.5,25,2.13,53.25,0.0,0.0,2.13,53.25
qwen25_15b,976,msc_valid,46,longllmlingua,0.5,25,2.28,57.0,0.0,0.0,2.28,57.0
qwen25_15b,976,msc_valid,46,recency,0.5,25,2.19,54.75,0.0,0.0,2.19,54.75
qwen25_15b,976,msc_valid,46,lexical_tfidf,0.5,25,2.12,53.0,0.0,0.0,2.12,53.0
qwen25_15b,976,msc_valid,46,recency_keep_compress_drop,0.5,25,2.18,54.5,0.0,0.0,2.18,54.5
qwen25_15b,976,msc_valid,48,uniform,0.2,32,2.40625,77.0,0.0,0.0,2.40625,77.0
qwen25_15b,976,msc_valid,48,longllmlingua,0.2,32,2.578125,82.5,0.0,0.0,2.578125,82.5
qwen25_15b,976,msc_valid,48,recency,0.2,32,2.21875,71.0,0.0,0.0,2.21875,71.0
qwen25_15b,976,msc_valid,48,lexical_tfidf,0.2,32,2.203125,70.5,0.0,0.0,2.203125,70.5
qwen25_15b,976,msc_valid,48,recency_keep_compress_drop,0.2,32,2.265625,72.5,0.0,0.0,2.265625,72.5
qwen25_15b,976,msc_valid,48,uniform,0.35,32,2.296875,73.5,0.0,0.0,2.296875,73.5
qwen25_15b,976,msc_valid,48,longllmlingua,0.35,32,2.421875,77.5,0.0,0.0,2.421875,77.5
qwen25_15b,976,msc_valid,48,recency,0.35,32,2.21875,71.0,0.0,0.0,2.21875,71.0
qwen25_15b,976,msc_valid,48,lexical_tfidf,0.35,32,2.21875,71.0,0.0,0.0,2.21875,71.0
qwen25_15b,976,msc_valid,48,recency_keep_compress_drop,0.35,32,2.234375,71.5,0.0,0.0,2.234375,71.5
qwen25_15b,976,msc_valid,48,uniform,0.5,32,2.203125,70.5,0.0,0.0,2.203125,70.5
qwen25_15b,976,msc_valid,48,longllmlingua,0.5,32,2.390625,76.5,0.0,0.0,2.390625,76.5
qwen25_15b,976,msc_valid,48,recency,0.5,32,2.1875,70.0,0.0,0.0,2.1875,70.0
qwen25_15b,976,msc_valid,48,lexical_tfidf,0.5,32,2.1875,70.0,0.0,0.0,2.1875,70.0
qwen25_15b,976,msc_valid,48,recency_keep_compress_drop,0.5,32,2.140625,68.5,0.0,0.0,2.140625,68.5
qwen25_15b,976,msc_valid,52,uniform,0.2,34,3.514705882352941,119.5,0.0,0.0,3.514705882352941,119.5
qwen25_15b,976,msc_valid,52,longllmlingua,0.2,34,3.176470588235294,108.0,0.0,0.0,3.176470588235294,108.0
qwen25_15b,976,msc_valid,52,recency,0.2,34,3.264705882352941,111.0,0.0,0.0,3.264705882352941,111.0
qwen25_15b,976,msc_valid,52,lexical_tfidf,0.2,34,3.2941176470588234,112.0,0.0,0.0,3.2941176470588234,112.0
qwen25_15b,976,msc_valid,52,recency_keep_compress_drop,0.2,34,3.2205882352941178,109.5,0.0,0.0,3.2205882352941178,109.5
qwen25_15b,976,msc_valid,52,uniform,0.35,34,3.3088235294117645,112.5,0.0,0.0,3.3088235294117645,112.5
qwen25_15b,976,msc_valid,52,longllmlingua,0.35,34,3.264705882352941,111.0,0.0,0.0,3.264705882352941,111.0
qwen25_15b,976,msc_valid,52,recency,0.35,34,3.0588235294117645,104.0,0.0,0.0,3.0588235294117645,104.0
qwen25_15b,976,msc_valid,52,lexical_tfidf,0.35,34,3.2794117647058822,111.5,0.0,0.0,3.2794117647058822,111.5
qwen25_15b,976,msc_valid,52,recency_keep_compress_drop,0.35,34,3.0294117647058822,103.0,0.0,0.0,3.0294117647058822,103.0
qwen25_15b,976,msc_valid,52,uniform,0.5,34,3.014705882352941,102.5,0.0,0.0,3.014705882352941,102.5
qwen25_15b,976,msc_valid,52,longllmlingua,0.5,34,3.1176470588235294,106.0,0.0,0.0,3.1176470588235294,106.0
qwen25_15b,976,msc_valid,52,recency,0.5,34,3.0441176470588234,103.5,0.0,0.0,3.0441176470588234,103.5
qwen25_15b,976,msc_valid,52,lexical_tfidf,0.5,34,3.323529411764706,113.0,0.0,0.0,3.323529411764706,113.0
qwen25_15b,976,msc_valid,52,recency_keep_compress_drop,0.5,34,2.9705882352941178,101.0,0.0,0.0,2.9705882352941178,101.0
qwen25_15b,976,msc_valid,56,uniform,0.2,25,2.94,73.5,0.0,0.0,2.94,73.5
qwen25_15b,976,msc_valid,56,longllmlingua,0.2,25,3.32,83.0,0.0,0.0,3.32,83.0
qwen25_15b,976,msc_valid,56,recency,0.2,25,3.12,78.0,0.0,0.0,3.12,78.0
qwen25_15b,976,msc_valid,56,lexical_tfidf,0.2,25,3.1,77.5,0.0,0.0,3.1,77.5
qwen25_15b,976,msc_valid,56,recency_keep_compress_drop,0.2,25,3.1,77.5,0.0,0.0,3.1,77.5
qwen25_15b,976,msc_valid,56,uniform,0.35,25,2.94,73.5,0.0,0.0,2.94,73.5
qwen25_15b,976,msc_valid,56,longllmlingua,0.35,25,3.38,84.5,0.0,0.0,3.38,84.5
qwen25_15b,976,msc_valid,56,recency,0.35,25,3.1,77.5,0.0,0.0,3.1,77.5
qwen25_15b,976,msc_valid,56,lexical_tfidf,0.35,25,3.1,77.5,0.0,0.0,3.1,77.5
qwen25_15b,976,msc_valid,56,recency_keep_compress_drop,0.35,25,3.18,79.5,0.0,0.0,3.18,79.5
qwen25_15b,976,msc_valid,56,uniform,0.5,25,2.94,73.5,0.0,0.0,2.94,73.5
qwen25_15b,976,msc_valid,56,longllmlingua,0.5,25,3.2,80.0,0.0,0.0,3.2,80.0
qwen25_15b,976,msc_valid,56,recency,0.5,0,0.0,0.0,0.0,0.0,0.0,0.0
qwen25_15b,976,msc_valid,56,lexical_tfidf,0.5,0,0.0,0.0,0.0,0.0,0.0,0.0
qwen25_15b,976,msc_valid,56,recency_keep_compress_drop,0.5,0,0.0,0.0,0.0,0.0,0.0,0.0
qwen25_15b,976,msc_valid,60,uniform,0.2,27,2.5,67.5,0.0,0.0,2.5,67.5
qwen25_15b,976,msc_valid,60,longllmlingua,0.2,27,2.3518518518518516,63.5,0.0,0.0,2.3518518518518516,63.5
qwen25_15b,976,msc_valid,60,recency,0.2,27,2.361111111111111,63.75,0.0,0.0,2.361111111111111,63.75
qwen25_15b,976,msc_valid,60,lexical_tfidf,0.2,27,2.3703703703703702,64.0,0.0,0.0,2.3703703703703702,64.0
qwen25_15b,976,msc_valid,60,recency_keep_compress_drop,0.2,27,2.3333333333333335,63.0,0.0,0.0,2.3333333333333335,63.0
qwen25_15b,976,msc_valid,60,uniform,0.35,27,2.4814814814814814,67.0,0.0,0.0,2.4814814814814814,67.0
qwen25_15b,976,msc_valid,60,longllmlingua,0.35,27,2.3703703703703702,64.0,0.0,0.0,2.3703703703703702,64.0
qwen25_15b,976,msc_valid,60,recency,0.35,0,0.0,0.0,0.0,0.0,0.0,0.0
qwen25_15b,976,msc_valid,60,lexical_tfidf,0.35,0,0.0,0.0,0.0,0.0,0.0,0.0
qwen25_15b,976,msc_valid,60,recency_keep_compress_drop,0.35,0,0.0,0.0,0.0,0.0,0.0,0.0
qwen25_15b,976,msc_valid,60,uniform,0.5,27,2.388888888888889,64.5,0.0,0.0,2.388888888888889,64.5
qwen25_15b,976,msc_valid,60,longllmlingua,0.5,27,2.4074074074074074,65.0,0.0,0.0,2.4074074074074074,65.0
qwen25_15b,976,msc_valid,60,recency,0.5,0,0.0,0.0,0.0,0.0,0.0,0.0
qwen25_15b,976,msc_valid,60,lexical_tfidf,0.5,0,0.0,0.0,0.0,0.0,0.0,0.0
qwen25_15b,976,msc_valid,60,recency_keep_compress_drop,0.5,0,0.0,0.0,0.0,0.0,0.0,0.0
