model_key,conversation_id,family,target_turn,policy_name,budget_fraction,answer_token_count,answer_avg_neg_logprob,answer_total_neg_logprob,full_answer_avg_neg_logprob,full_answer_total_neg_logprob,answer_avg_neg_logprob_delta,answer_total_neg_logprob_delta
qwen25_15b,41,msc_valid,4,uniform,0.2,9,4.111111111111111,37.0,4.027777777777778,36.25,0.08333333333333304,0.75
qwen25_15b,41,msc_valid,4,longllmlingua,0.2,9,3.8055555555555554,34.25,4.027777777777778,36.25,-0.22222222222222232,-2.0
qwen25_15b,41,msc_valid,4,recency,0.2,9,4.111111111111111,37.0,4.027777777777778,36.25,0.08333333333333304,0.75
qwen25_15b,41,msc_valid,4,lexical_tfidf,0.2,9,4.111111111111111,37.0,4.027777777777778,36.25,0.08333333333333304,0.75
qwen25_15b,41,msc_valid,4,recency_keep_compress_drop,0.2,9,4.111111111111111,37.0,4.027777777777778,36.25,0.08333333333333304,0.75
qwen25_15b,41,msc_valid,4,uniform,0.35,9,4.138888888888889,37.25,4.027777777777778,36.25,0.1111111111111116,1.0
qwen25_15b,41,msc_valid,4,longllmlingua,0.35,9,3.6666666666666665,33.0,4.027777777777778,36.25,-0.36111111111111116,-3.25
qwen25_15b,41,msc_valid,4,recency,0.35,9,4.138888888888889,37.25,4.027777777777778,36.25,0.1111111111111116,1.0
qwen25_15b,41,msc_valid,4,lexical_tfidf,0.35,9,4.138888888888889,37.25,4.027777777777778,36.25,0.1111111111111116,1.0
qwen25_15b,41,msc_valid,4,recency_keep_compress_drop,0.35,9,4.138888888888889,37.25,4.027777777777778,36.25,0.1111111111111116,1.0
qwen25_15b,41,msc_valid,4,uniform,0.5,9,4.138888888888889,37.25,4.027777777777778,36.25,0.1111111111111116,1.0
qwen25_15b,41,msc_valid,4,longllmlingua,0.5,9,3.513888888888889,31.625,4.027777777777778,36.25,-0.5138888888888888,-4.625
qwen25_15b,41,msc_valid,4,recency,0.5,9,4.138888888888889,37.25,4.027777777777778,36.25,0.1111111111111116,1.0
qwen25_15b,41,msc_valid,4,lexical_tfidf,0.5,9,4.138888888888889,37.25,4.027777777777778,36.25,0.1111111111111116,1.0
qwen25_15b,41,msc_valid,4,recency_keep_compress_drop,0.5,9,4.138888888888889,37.25,4.027777777777778,36.25,0.1111111111111116,1.0
qwen25_15b,41,msc_valid,6,uniform,0.2,7,6.642857142857143,46.5,6.142857142857143,43.0,0.5,3.5
qwen25_15b,41,msc_valid,6,longllmlingua,0.2,7,6.071428571428571,42.5,6.142857142857143,43.0,-0.07142857142857206,-0.5
qwen25_15b,41,msc_valid,6,recency,0.2,7,6.535714285714286,45.75,6.142857142857143,43.0,0.39285714285714235,2.75
qwen25_15b,41,msc_valid,6,lexical_tfidf,0.2,7,6.642857142857143,46.5,6.142857142857143,43.0,0.5,3.5
qwen25_15b,41,msc_valid,6,recency_keep_compress_drop,0.2,7,6.535714285714286,45.75,6.142857142857143,43.0,0.39285714285714235,2.75
qwen25_15b,41,msc_valid,6,uniform,0.35,7,6.5,45.5,6.142857142857143,43.0,0.35714285714285676,2.5
qwen25_15b,41,msc_valid,6,longllmlingua,0.35,7,5.642857142857143,39.5,6.142857142857143,43.0,-0.5,-3.5
qwen25_15b,41,msc_valid,6,recency,0.35,7,6.5,45.5,6.142857142857143,43.0,0.35714285714285676,2.5
qwen25_15b,41,msc_valid,6,lexical_tfidf,0.35,7,6.214285714285714,43.5,6.142857142857143,43.0,0.07142857142857117,0.5
qwen25_15b,41,msc_valid,6,recency_keep_compress_drop,0.35,7,6.5,45.5,6.142857142857143,43.0,0.35714285714285676,2.5
qwen25_15b,41,msc_valid,6,uniform,0.5,7,6.535714285714286,45.75,6.142857142857143,43.0,0.39285714285714235,2.75
qwen25_15b,41,msc_valid,6,longllmlingua,0.5,7,6.107142857142857,42.75,6.142857142857143,43.0,-0.035714285714286476,-0.25
qwen25_15b,41,msc_valid,6,recency,0.5,7,5.821428571428571,40.75,6.142857142857143,43.0,-0.32142857142857206,-2.25
qwen25_15b,41,msc_valid,6,lexical_tfidf,0.5,7,6.392857142857143,44.75,6.142857142857143,43.0,0.25,1.75
qwen25_15b,41,msc_valid,6,recency_keep_compress_drop,0.5,7,6.5,45.5,6.142857142857143,43.0,0.35714285714285676,2.5
qwen25_15b,41,msc_valid,8,uniform,0.2,7,4.857142857142857,34.0,4.339285714285714,30.375,0.5178571428571423,3.625
qwen25_15b,41,msc_valid,8,longllmlingua,0.2,7,4.357142857142857,30.5,4.339285714285714,30.375,0.01785714285714235,0.125
qwen25_15b,41,msc_valid,8,recency,0.2,7,5.107142857142857,35.75,4.339285714285714,30.375,0.7678571428571423,5.375
qwen25_15b,41,msc_valid,8,lexical_tfidf,0.2,7,4.785714285714286,33.5,4.339285714285714,30.375,0.4464285714285712,3.125
qwen25_15b,41,msc_valid,8,recency_keep_compress_drop,0.2,7,5.107142857142857,35.75,4.339285714285714,30.375,0.7678571428571423,5.375
qwen25_15b,41,msc_valid,8,uniform,0.35,7,4.785714285714286,33.5,4.339285714285714,30.375,0.4464285714285712,3.125
qwen25_15b,41,msc_valid,8,longllmlingua,0.35,7,4.285714285714286,30.0,4.339285714285714,30.375,-0.053571428571428825,-0.375
qwen25_15b,41,msc_valid,8,recency,0.35,7,4.25,29.75,4.339285714285714,30.375,-0.08928571428571441,-0.625
qwen25_15b,41,msc_valid,8,lexical_tfidf,0.35,7,4.25,29.75,4.339285714285714,30.375,-0.08928571428571441,-0.625
qwen25_15b,41,msc_valid,8,recency_keep_compress_drop,0.35,7,4.25,29.75,4.339285714285714,30.375,-0.08928571428571441,-0.625
qwen25_15b,41,msc_valid,8,uniform,0.5,7,4.928571428571429,34.5,4.339285714285714,30.375,0.5892857142857144,4.125
qwen25_15b,41,msc_valid,8,longllmlingua,0.5,7,4.267857142857143,29.875,4.339285714285714,30.375,-0.07142857142857117,-0.5
qwen25_15b,41,msc_valid,8,recency,0.5,7,4.714285714285714,33.0,4.339285714285714,30.375,0.375,2.625
qwen25_15b,41,msc_valid,8,lexical_tfidf,0.5,7,4.321428571428571,30.25,4.339285714285714,30.375,-0.017857142857143238,-0.125
qwen25_15b,41,msc_valid,8,recency_keep_compress_drop,0.5,7,4.25,29.75,4.339285714285714,30.375,-0.08928571428571441,-0.625
qwen25_15b,41,msc_valid,10,uniform,0.2,8,3.84375,30.75,3.59375,28.75,0.25,2.0
qwen25_15b,41,msc_valid,10,longllmlingua,0.2,8,3.5,28.0,3.59375,28.75,-0.09375,-0.75
qwen25_15b,41,msc_valid,10,recency,0.2,8,3.296875,26.375,3.59375,28.75,-0.296875,-2.375
qwen25_15b,41,msc_valid,10,lexical_tfidf,0.2,8,3.84375,30.75,3.59375,28.75,0.25,2.0
qwen25_15b,41,msc_valid,10,recency_keep_compress_drop,0.2,8,3.296875,26.375,3.59375,28.75,-0.296875,-2.375
qwen25_15b,41,msc_valid,10,uniform,0.35,8,3.828125,30.625,3.59375,28.75,0.234375,1.875
qwen25_15b,41,msc_valid,10,longllmlingua,0.35,8,3.53125,28.25,3.59375,28.75,-0.0625,-0.5
qwen25_15b,41,msc_valid,10,recency,0.35,8,3.296875,26.375,3.59375,28.75,-0.296875,-2.375
qwen25_15b,41,msc_valid,10,lexical_tfidf,0.35,8,3.828125,30.625,3.59375,28.75,0.234375,1.875
qwen25_15b,41,msc_valid,10,recency_keep_compress_drop,0.35,8,3.296875,26.375,3.59375,28.75,-0.296875,-2.375
qwen25_15b,41,msc_valid,10,uniform,0.5,8,3.9375,31.5,3.59375,28.75,0.34375,2.75
qwen25_15b,41,msc_valid,10,longllmlingua,0.5,8,3.28125,26.25,3.59375,28.75,-0.3125,-2.5
qwen25_15b,41,msc_valid,10,recency,0.5,8,3.53125,28.25,3.59375,28.75,-0.0625,-0.5
qwen25_15b,41,msc_valid,10,lexical_tfidf,0.5,8,3.9375,31.5,3.59375,28.75,0.34375,2.75
qwen25_15b,41,msc_valid,10,recency_keep_compress_drop,0.5,8,3.53125,28.25,3.59375,28.75,-0.0625,-0.5
qwen25_15b,41,msc_valid,12,uniform,0.2,8,4.5,36.0,2.96875,23.75,1.53125,12.25
qwen25_15b,41,msc_valid,12,longllmlingua,0.2,8,4.4375,35.5,2.96875,23.75,1.46875,11.75
qwen25_15b,41,msc_valid,12,recency,0.2,8,2.640625,21.125,2.96875,23.75,-0.328125,-2.625
qwen25_15b,41,msc_valid,12,lexical_tfidf,0.2,8,4.625,37.0,2.96875,23.75,1.65625,13.25
qwen25_15b,41,msc_valid,12,recency_keep_compress_drop,0.2,8,2.640625,21.125,2.96875,23.75,-0.328125,-2.625
qwen25_15b,41,msc_valid,12,uniform,0.35,8,4.375,35.0,2.96875,23.75,1.40625,11.25
qwen25_15b,41,msc_valid,12,longllmlingua,0.35,8,4.25,34.0,2.96875,23.75,1.28125,10.25
qwen25_15b,41,msc_valid,12,recency,0.35,8,2.90625,23.25,2.96875,23.75,-0.0625,-0.5
qwen25_15b,41,msc_valid,12,lexical_tfidf,0.35,8,4.1875,33.5,2.96875,23.75,1.21875,9.75
qwen25_15b,41,msc_valid,12,recency_keep_compress_drop,0.35,8,2.546875,20.375,2.96875,23.75,-0.421875,-3.375
qwen25_15b,41,msc_valid,12,uniform,0.5,8,4.28125,34.25,2.96875,23.75,1.3125,10.5
qwen25_15b,41,msc_valid,12,longllmlingua,0.5,8,3.953125,31.625,2.96875,23.75,0.984375,7.875
qwen25_15b,41,msc_valid,12,recency,0.5,8,3.109375,24.875,2.96875,23.75,0.140625,1.125
qwen25_15b,41,msc_valid,12,lexical_tfidf,0.5,8,4.09375,32.75,2.96875,23.75,1.125,9.0
qwen25_15b,41,msc_valid,12,recency_keep_compress_drop,0.5,8,2.703125,21.625,2.96875,23.75,-0.265625,-2.125
qwen25_15b,41,msc_valid,14,uniform,0.2,8,2.21875,17.75,1.34375,10.75,0.875,7.0
qwen25_15b,41,msc_valid,14,longllmlingua,0.2,8,1.875,15.0,1.34375,10.75,0.53125,4.25
qwen25_15b,41,msc_valid,14,recency,0.2,8,1.984375,15.875,1.34375,10.75,0.640625,5.125
qwen25_15b,41,msc_valid,14,lexical_tfidf,0.2,8,2.140625,17.125,1.34375,10.75,0.796875,6.375
qwen25_15b,41,msc_valid,14,recency_keep_compress_drop,0.2,8,2.296875,18.375,1.34375,10.75,0.953125,7.625
qwen25_15b,41,msc_valid,14,uniform,0.35,8,2.109375,16.875,1.34375,10.75,0.765625,6.125
qwen25_15b,41,msc_valid,14,longllmlingua,0.35,8,1.671875,13.375,1.34375,10.75,0.328125,2.625
qwen25_15b,41,msc_valid,14,recency,0.35,8,1.9375,15.5,1.34375,10.75,0.59375,4.75
qwen25_15b,41,msc_valid,14,lexical_tfidf,0.35,8,2.015625,16.125,1.34375,10.75,0.671875,5.375
qwen25_15b,41,msc_valid,14,recency_keep_compress_drop,0.35,8,1.6484375,13.1875,1.34375,10.75,0.3046875,2.4375
qwen25_15b,41,msc_valid,14,uniform,0.5,8,1.9296875,15.4375,1.34375,10.75,0.5859375,4.6875
qwen25_15b,41,msc_valid,14,longllmlingua,0.5,8,1.5625,12.5,1.34375,10.75,0.21875,1.75
qwen25_15b,41,msc_valid,14,recency,0.5,8,1.4375,11.5,1.34375,10.75,0.09375,0.75
qwen25_15b,41,msc_valid,14,lexical_tfidf,0.5,8,1.6328125,13.0625,1.34375,10.75,0.2890625,2.3125
qwen25_15b,41,msc_valid,14,recency_keep_compress_drop,0.5,8,1.4375,11.5,1.34375,10.75,0.09375,0.75
qwen25_15b,63,msc_valid,4,uniform,0.2,16,3.921875,62.75,3.71875,59.5,0.203125,3.25
qwen25_15b,63,msc_valid,4,longllmlingua,0.2,16,3.609375,57.75,3.71875,59.5,-0.109375,-1.75
qwen25_15b,63,msc_valid,4,recency,0.2,16,3.921875,62.75,3.71875,59.5,0.203125,3.25
qwen25_15b,63,msc_valid,4,lexical_tfidf,0.2,16,3.921875,62.75,3.71875,59.5,0.203125,3.25
qwen25_15b,63,msc_valid,4,recency_keep_compress_drop,0.2,16,3.921875,62.75,3.71875,59.5,0.203125,3.25
qwen25_15b,63,msc_valid,4,uniform,0.35,16,3.84375,61.5,3.71875,59.5,0.125,2.0
qwen25_15b,63,msc_valid,4,longllmlingua,0.35,16,3.5625,57.0,3.71875,59.5,-0.15625,-2.5
qwen25_15b,63,msc_valid,4,recency,0.35,16,3.84375,61.5,3.71875,59.5,0.125,2.0
qwen25_15b,63,msc_valid,4,lexical_tfidf,0.35,16,3.84375,61.5,3.71875,59.5,0.125,2.0
qwen25_15b,63,msc_valid,4,recency_keep_compress_drop,0.35,16,3.84375,61.5,3.71875,59.5,0.125,2.0
qwen25_15b,63,msc_valid,4,uniform,0.5,16,3.84375,61.5,3.71875,59.5,0.125,2.0
qwen25_15b,63,msc_valid,4,longllmlingua,0.5,16,3.609375,57.75,3.71875,59.5,-0.109375,-1.75
qwen25_15b,63,msc_valid,4,recency,0.5,16,3.84375,61.5,3.71875,59.5,0.125,2.0
qwen25_15b,63,msc_valid,4,lexical_tfidf,0.5,16,3.84375,61.5,3.71875,59.5,0.125,2.0
qwen25_15b,63,msc_valid,4,recency_keep_compress_drop,0.5,16,3.84375,61.5,3.71875,59.5,0.125,2.0
qwen25_15b,63,msc_valid,8,uniform,0.2,13,4.711538461538462,61.25,4.230769230769231,55.0,0.48076923076923084,6.25
qwen25_15b,63,msc_valid,8,longllmlingua,0.2,13,4.269230769230769,55.5,4.230769230769231,55.0,0.038461538461538325,0.5
qwen25_15b,63,msc_valid,8,recency,0.2,13,4.711538461538462,61.25,4.230769230769231,55.0,0.48076923076923084,6.25
qwen25_15b,63,msc_valid,8,lexical_tfidf,0.2,13,4.730769230769231,61.5,4.230769230769231,55.0,0.5,6.5
qwen25_15b,63,msc_valid,8,recency_keep_compress_drop,0.2,13,4.6923076923076925,61.0,4.230769230769231,55.0,0.4615384615384617,6.0
qwen25_15b,63,msc_valid,8,uniform,0.35,13,4.6923076923076925,61.0,4.230769230769231,55.0,0.4615384615384617,6.0
qwen25_15b,63,msc_valid,8,longllmlingua,0.35,13,4.346153846153846,56.5,4.230769230769231,55.0,0.11538461538461497,1.5
qwen25_15b,63,msc_valid,8,recency,0.35,13,4.653846153846154,60.5,4.230769230769231,55.0,0.42307692307692335,5.5
qwen25_15b,63,msc_valid,8,lexical_tfidf,0.35,13,4.615384615384615,60.0,4.230769230769231,55.0,0.38461538461538414,5.0
qwen25_15b,63,msc_valid,8,recency_keep_compress_drop,0.35,13,4.6923076923076925,61.0,4.230769230769231,55.0,0.4615384615384617,6.0
qwen25_15b,63,msc_valid,8,uniform,0.5,13,4.576923076923077,59.5,4.230769230769231,55.0,0.3461538461538458,4.5
qwen25_15b,63,msc_valid,8,longllmlingua,0.5,13,4.403846153846154,57.25,4.230769230769231,55.0,0.17307692307692335,2.25
qwen25_15b,63,msc_valid,8,recency,0.5,13,4.596153846153846,59.75,4.230769230769231,55.0,0.365384615384615,4.75
qwen25_15b,63,msc_valid,8,lexical_tfidf,0.5,13,4.423076923076923,57.5,4.230769230769231,55.0,0.1923076923076925,2.5
qwen25_15b,63,msc_valid,8,recency_keep_compress_drop,0.5,13,4.5,58.5,4.230769230769231,55.0,0.26923076923076916,3.5
qwen25_15b,63,msc_valid,12,uniform,0.2,17,3.0441176470588234,51.75,2.5588235294117645,43.5,0.4852941176470589,8.25
qwen25_15b,63,msc_valid,12,longllmlingua,0.2,17,2.4558823529411766,41.75,2.5588235294117645,43.5,-0.10294117647058787,-1.75
qwen25_15b,63,msc_valid,12,recency,0.2,17,2.6323529411764706,44.75,2.5588235294117645,43.5,0.07352941176470607,1.25
qwen25_15b,63,msc_valid,12,lexical_tfidf,0.2,17,3.073529411764706,52.25,2.5588235294117645,43.5,0.5147058823529416,8.75
qwen25_15b,63,msc_valid,12,recency_keep_compress_drop,0.2,17,2.6323529411764706,44.75,2.5588235294117645,43.5,0.07352941176470607,1.25
qwen25_15b,63,msc_valid,12,uniform,0.35,17,3.0441176470588234,51.75,2.5588235294117645,43.5,0.4852941176470589,8.25
qwen25_15b,63,msc_valid,12,longllmlingua,0.35,17,2.4411764705882355,41.5,2.5588235294117645,43.5,-0.117647058823529,-2.0
qwen25_15b,63,msc_valid,12,recency,0.35,17,2.6176470588235294,44.5,2.5588235294117645,43.5,0.05882352941176494,1.0
qwen25_15b,63,msc_valid,12,lexical_tfidf,0.35,17,2.6029411764705883,44.25,2.5588235294117645,43.5,0.04411764705882382,0.75
qwen25_15b,63,msc_valid,12,recency_keep_compress_drop,0.35,17,2.514705882352941,42.75,2.5588235294117645,43.5,-0.04411764705882337,-0.75
qwen25_15b,63,msc_valid,12,uniform,0.5,17,2.823529411764706,48.0,2.5588235294117645,43.5,0.26470588235294157,4.5
qwen25_15b,63,msc_valid,12,longllmlingua,0.5,17,2.5441176470588234,43.25,2.5588235294117645,43.5,-0.014705882352941124,-0.25
qwen25_15b,63,msc_valid,12,recency,0.5,17,2.485294117647059,42.25,2.5588235294117645,43.5,-0.07352941176470562,-1.25
qwen25_15b,63,msc_valid,12,lexical_tfidf,0.5,17,2.661764705882353,45.25,2.5588235294117645,43.5,0.10294117647058831,1.75
qwen25_15b,63,msc_valid,12,recency_keep_compress_drop,0.5,17,2.514705882352941,42.75,2.5588235294117645,43.5,-0.04411764705882337,-0.75
qwen25_15b,63,msc_valid,16,uniform,0.2,45,3.0,135.0,2.8222222222222224,127.0,0.1777777777777776,8.0
qwen25_15b,63,msc_valid,16,longllmlingua,0.2,45,2.933333333333333,132.0,2.8222222222222224,127.0,0.11111111111111072,5.0
qwen25_15b,63,msc_valid,16,recency,0.2,45,2.911111111111111,131.0,2.8222222222222224,127.0,0.08888888888888857,4.0
qwen25_15b,63,msc_valid,16,lexical_tfidf,0.2,45,2.977777777777778,134.0,2.8222222222222224,127.0,0.15555555555555545,7.0
qwen25_15b,63,msc_valid,16,recency_keep_compress_drop,0.2,45,2.911111111111111,131.0,2.8222222222222224,127.0,0.08888888888888857,4.0
qwen25_15b,63,msc_valid,16,uniform,0.35,45,2.977777777777778,134.0,2.8222222222222224,127.0,0.15555555555555545,7.0
qwen25_15b,63,msc_valid,16,longllmlingua,0.35,45,2.933333333333333,132.0,2.8222222222222224,127.0,0.11111111111111072,5.0
qwen25_15b,63,msc_valid,16,recency,0.35,45,2.8666666666666667,129.0,2.8222222222222224,127.0,0.04444444444444429,2.0
qwen25_15b,63,msc_valid,16,lexical_tfidf,0.35,45,2.933333333333333,132.0,2.8222222222222224,127.0,0.11111111111111072,5.0
qwen25_15b,63,msc_valid,16,recency_keep_compress_drop,0.35,45,2.911111111111111,131.0,2.8222222222222224,127.0,0.08888888888888857,4.0
qwen25_15b,63,msc_valid,16,uniform,0.5,45,2.933333333333333,132.0,2.8222222222222224,127.0,0.11111111111111072,5.0
qwen25_15b,63,msc_valid,16,longllmlingua,0.5,45,2.977777777777778,134.0,2.8222222222222224,127.0,0.15555555555555545,7.0
qwen25_15b,63,msc_valid,16,recency,0.5,45,2.8666666666666667,129.0,2.8222222222222224,127.0,0.04444444444444429,2.0
qwen25_15b,63,msc_valid,16,lexical_tfidf,0.5,45,2.8666666666666667,129.0,2.8222222222222224,127.0,0.04444444444444429,2.0
qwen25_15b,63,msc_valid,16,recency_keep_compress_drop,0.5,45,2.8666666666666667,129.0,2.8222222222222224,127.0,0.04444444444444429,2.0
qwen25_15b,63,msc_valid,18,uniform,0.2,52,2.9038461538461537,151.0,2.7884615384615383,145.0,0.11538461538461542,6.0
qwen25_15b,63,msc_valid,18,longllmlingua,0.2,52,2.8076923076923075,146.0,2.7884615384615383,145.0,0.019230769230769162,1.0
qwen25_15b,63,msc_valid,18,recency,0.2,52,2.75,143.0,2.7884615384615383,145.0,-0.038461538461538325,-2.0
qwen25_15b,63,msc_valid,18,lexical_tfidf,0.2,52,2.923076923076923,152.0,2.7884615384615383,145.0,0.13461538461538458,7.0
qwen25_15b,63,msc_valid,18,recency_keep_compress_drop,0.2,52,2.769230769230769,144.0,2.7884615384615383,145.0,-0.019230769230769162,-1.0
qwen25_15b,63,msc_valid,18,uniform,0.35,52,2.9038461538461537,151.0,2.7884615384615383,145.0,0.11538461538461542,6.0
qwen25_15b,63,msc_valid,18,longllmlingua,0.35,52,2.8653846153846154,149.0,2.7884615384615383,145.0,0.0769230769230771,4.0
qwen25_15b,63,msc_valid,18,recency,0.35,52,2.826923076923077,147.0,2.7884615384615383,145.0,0.03846153846153877,2.0
qwen25_15b,63,msc_valid,18,lexical_tfidf,0.35,52,2.730769230769231,142.0,2.7884615384615383,145.0,-0.05769230769230749,-3.0
qwen25_15b,63,msc_valid,18,recency_keep_compress_drop,0.35,52,2.7884615384615383,145.0,2.7884615384615383,145.0,0.0,0.0
qwen25_15b,63,msc_valid,18,uniform,0.5,52,2.75,143.0,2.7884615384615383,145.0,-0.038461538461538325,-2.0
qwen25_15b,63,msc_valid,18,longllmlingua,0.5,52,2.7884615384615383,145.0,2.7884615384615383,145.0,0.0,0.0
qwen25_15b,63,msc_valid,18,recency,0.5,52,2.7884615384615383,145.0,2.7884615384615383,145.0,0.0,0.0
qwen25_15b,63,msc_valid,18,lexical_tfidf,0.5,52,2.8846153846153846,150.0,2.7884615384615383,145.0,0.09615384615384626,5.0
qwen25_15b,63,msc_valid,18,recency_keep_compress_drop,0.5,52,2.730769230769231,142.0,2.7884615384615383,145.0,-0.05769230769230749,-3.0
qwen25_15b,63,msc_valid,22,uniform,0.2,35,2.1857142857142855,76.5,2.1142857142857143,74.0,0.07142857142857117,2.5
qwen25_15b,63,msc_valid,22,longllmlingua,0.2,35,2.2,77.0,2.1142857142857143,74.0,0.08571428571428585,3.0
qwen25_15b,63,msc_valid,22,recency,0.2,35,2.2142857142857144,77.5,2.1142857142857143,74.0,0.10000000000000009,3.5
qwen25_15b,63,msc_valid,22,lexical_tfidf,0.2,35,2.2,77.0,2.1142857142857143,74.0,0.08571428571428585,3.0
qwen25_15b,63,msc_valid,22,recency_keep_compress_drop,0.2,35,2.1714285714285713,76.0,2.1142857142857143,74.0,0.05714285714285694,2.0
qwen25_15b,63,msc_valid,22,uniform,0.35,35,2.157142857142857,75.5,2.1142857142857143,74.0,0.042857142857142705,1.5
qwen25_15b,63,msc_valid,22,longllmlingua,0.35,35,2.1857142857142855,76.5,2.1142857142857143,74.0,0.07142857142857117,2.5
qwen25_15b,63,msc_valid,22,recency,0.35,35,2.142857142857143,75.0,2.1142857142857143,74.0,0.02857142857142847,1.0
qwen25_15b,63,msc_valid,22,lexical_tfidf,0.35,35,2.142857142857143,75.0,2.1142857142857143,74.0,0.02857142857142847,1.0
qwen25_15b,63,msc_valid,22,recency_keep_compress_drop,0.35,35,2.1857142857142855,76.5,2.1142857142857143,74.0,0.07142857142857117,2.5
qwen25_15b,63,msc_valid,22,uniform,0.5,35,2.142857142857143,75.0,2.1142857142857143,74.0,0.02857142857142847,1.0
qwen25_15b,63,msc_valid,22,longllmlingua,0.5,35,2.157142857142857,75.5,2.1142857142857143,74.0,0.042857142857142705,1.5
qwen25_15b,63,msc_valid,22,recency,0.5,35,2.157142857142857,75.5,2.1142857142857143,74.0,0.042857142857142705,1.5
qwen25_15b,63,msc_valid,22,lexical_tfidf,0.5,35,2.142857142857143,75.0,2.1142857142857143,74.0,0.02857142857142847,1.0
qwen25_15b,63,msc_valid,22,recency_keep_compress_drop,0.5,35,2.1714285714285713,76.0,2.1142857142857143,74.0,0.05714285714285694,2.0
qwen25_15b,63,msc_valid,26,uniform,0.2,39,3.3846153846153846,132.0,3.269230769230769,127.5,0.11538461538461542,4.5
qwen25_15b,63,msc_valid,26,longllmlingua,0.2,39,3.3333333333333335,130.0,3.269230769230769,127.5,0.06410256410256432,2.5
qwen25_15b,63,msc_valid,26,recency,0.2,39,3.41025641025641,133.0,3.269230769230769,127.5,0.14102564102564097,5.5
qwen25_15b,63,msc_valid,26,lexical_tfidf,0.2,39,3.3076923076923075,129.0,3.269230769230769,127.5,0.038461538461538325,1.5
qwen25_15b,63,msc_valid,26,recency_keep_compress_drop,0.2,39,3.3076923076923075,129.0,3.269230769230769,127.5,0.038461538461538325,1.5
qwen25_15b,63,msc_valid,26,uniform,0.35,39,3.4358974358974357,134.0,3.269230769230769,127.5,0.16666666666666652,6.5
qwen25_15b,63,msc_valid,26,longllmlingua,0.35,39,3.1923076923076925,124.5,3.269230769230769,127.5,-0.07692307692307665,-3.0
qwen25_15b,63,msc_valid,26,recency,0.35,39,3.3076923076923075,129.0,3.269230769230769,127.5,0.038461538461538325,1.5
qwen25_15b,63,msc_valid,26,lexical_tfidf,0.35,39,3.358974358974359,131.0,3.269230769230769,127.5,0.08974358974358987,3.5
qwen25_15b,63,msc_valid,26,recency_keep_compress_drop,0.35,39,3.2051282051282053,125.0,3.269230769230769,127.5,-0.06410256410256387,-2.5
qwen25_15b,63,msc_valid,26,uniform,0.5,39,3.3076923076923075,129.0,3.269230769230769,127.5,0.038461538461538325,1.5
qwen25_15b,63,msc_valid,26,longllmlingua,0.5,39,3.269230769230769,127.5,3.269230769230769,127.5,0.0,0.0
qwen25_15b,63,msc_valid,26,recency,0.5,39,3.2564102564102564,127.0,3.269230769230769,127.5,-0.012820512820512775,-0.5
qwen25_15b,63,msc_valid,26,lexical_tfidf,0.5,39,3.230769230769231,126.0,3.269230769230769,127.5,-0.038461538461538325,-1.5
qwen25_15b,63,msc_valid,26,recency_keep_compress_drop,0.5,39,3.217948717948718,125.5,3.269230769230769,127.5,-0.0512820512820511,-2.0
qwen25_15b,63,msc_valid,30,uniform,0.2,31,3.225806451612903,100.0,3.736842105263158,71.0,-0.5110356536502549,29.0
qwen25_15b,63,msc_valid,30,longllmlingua,0.2,31,3.3225806451612905,103.0,3.736842105263158,71.0,-0.4142614601018675,32.0
qwen25_15b,63,msc_valid,30,recency,0.2,31,3.193548387096774,99.0,3.736842105263158,71.0,-0.5432937181663839,28.0
qwen25_15b,63,msc_valid,30,lexical_tfidf,0.2,31,3.1774193548387095,98.5,3.736842105263158,71.0,-0.5594227504244484,27.5
qwen25_15b,63,msc_valid,30,recency_keep_compress_drop,0.2,31,3.2096774193548385,99.5,3.736842105263158,71.0,-0.5271646859083194,28.5
qwen25_15b,63,msc_valid,30,uniform,0.35,31,3.225806451612903,100.0,3.736842105263158,71.0,-0.5110356536502549,29.0
qwen25_15b,63,msc_valid,30,longllmlingua,0.35,31,3.2903225806451615,102.0,3.736842105263158,71.0,-0.4465195246179965,31.0
qwen25_15b,63,msc_valid,30,recency,0.35,31,3.161290322580645,98.0,3.736842105263158,71.0,-0.575551782682513,27.0
qwen25_15b,63,msc_valid,30,lexical_tfidf,0.35,31,3.1451612903225805,97.5,3.736842105263158,71.0,-0.5916808149405774,26.5
qwen25_15b,63,msc_valid,30,recency_keep_compress_drop,0.35,31,3.129032258064516,97.0,3.736842105263158,71.0,-0.607809847198642,26.0
qwen25_15b,63,msc_valid,30,uniform,0.5,31,3.0806451612903225,95.5,3.736842105263158,71.0,-0.6561969439728355,24.5
qwen25_15b,63,msc_valid,30,longllmlingua,0.5,31,3.306451612903226,102.5,3.736842105263158,71.0,-0.430390492359932,31.5
qwen25_15b,63,msc_valid,30,recency,0.5,31,3.1129032258064515,96.5,3.736842105263158,71.0,-0.6239388794567065,25.5
qwen25_15b,63,msc_valid,30,lexical_tfidf,0.5,31,3.096774193548387,96.0,3.736842105263158,71.0,-0.640067911714771,25.0
qwen25_15b,63,msc_valid,30,recency_keep_compress_drop,0.5,31,3.161290322580645,98.0,3.736842105263158,71.0,-0.575551782682513,27.0
qwen25_15b,63,msc_valid,34,uniform,0.2,31,3.161290322580645,98.0,0.0,0.0,3.161290322580645,98.0
qwen25_15b,63,msc_valid,34,longllmlingua,0.2,31,3.2580645161290325,101.0,0.0,0.0,3.2580645161290325,101.0
qwen25_15b,63,msc_valid,34,recency,0.2,31,3.129032258064516,97.0,0.0,0.0,3.129032258064516,97.0
qwen25_15b,63,msc_valid,34,lexical_tfidf,0.2,31,3.2580645161290325,101.0,0.0,0.0,3.2580645161290325,101.0
qwen25_15b,63,msc_valid,34,recency_keep_compress_drop,0.2,31,3.0161290322580645,93.5,0.0,0.0,3.0161290322580645,93.5
qwen25_15b,63,msc_valid,34,uniform,0.35,31,3.1451612903225805,97.5,0.0,0.0,3.1451612903225805,97.5
qwen25_15b,63,msc_valid,34,longllmlingua,0.35,31,3.1774193548387095,98.5,0.0,0.0,3.1774193548387095,98.5
qwen25_15b,63,msc_valid,34,recency,0.35,31,3.032258064516129,94.0,0.0,0.0,3.032258064516129,94.0
qwen25_15b,63,msc_valid,34,lexical_tfidf,0.35,31,3.161290322580645,98.0,0.0,0.0,3.161290322580645,98.0
qwen25_15b,63,msc_valid,34,recency_keep_compress_drop,0.35,31,2.9838709677419355,92.5,0.0,0.0,2.9838709677419355,92.5
qwen25_15b,63,msc_valid,34,uniform,0.5,31,3.129032258064516,97.0,0.0,0.0,3.129032258064516,97.0
qwen25_15b,63,msc_valid,34,longllmlingua,0.5,31,3.161290322580645,98.0,0.0,0.0,3.161290322580645,98.0
qwen25_15b,63,msc_valid,34,recency,0.5,31,3.0,93.0,0.0,0.0,3.0,93.0
qwen25_15b,63,msc_valid,34,lexical_tfidf,0.5,31,3.064516129032258,95.0,0.0,0.0,3.064516129032258,95.0
qwen25_15b,63,msc_valid,34,recency_keep_compress_drop,0.5,31,3.0,93.0,0.0,0.0,3.0,93.0
qwen25_15b,63,msc_valid,38,uniform,0.2,37,2.2432432432432434,83.0,0.0,0.0,2.2432432432432434,83.0
qwen25_15b,63,msc_valid,38,longllmlingua,0.2,37,2.310810810810811,85.5,0.0,0.0,2.310810810810811,85.5
qwen25_15b,63,msc_valid,38,recency,0.2,37,2.1621621621621623,80.0,0.0,0.0,2.1621621621621623,80.0
qwen25_15b,63,msc_valid,38,lexical_tfidf,0.2,37,2.081081081081081,77.0,0.0,0.0,2.081081081081081,77.0
qwen25_15b,63,msc_valid,38,recency_keep_compress_drop,0.2,37,2.2027027027027026,81.5,0.0,0.0,2.2027027027027026,81.5
qwen25_15b,63,msc_valid,38,uniform,0.35,37,2.054054054054054,76.0,0.0,0.0,2.054054054054054,76.0
qwen25_15b,63,msc_valid,38,longllmlingua,0.35,37,2.2027027027027026,81.5,0.0,0.0,2.2027027027027026,81.5
qwen25_15b,63,msc_valid,38,recency,0.35,37,2.027027027027027,75.0,0.0,0.0,2.027027027027027,75.0
qwen25_15b,63,msc_valid,38,lexical_tfidf,0.35,37,2.027027027027027,75.0,0.0,0.0,2.027027027027027,75.0
qwen25_15b,63,msc_valid,38,recency_keep_compress_drop,0.35,37,2.1486486486486487,79.5,0.0,0.0,2.1486486486486487,79.5
qwen25_15b,63,msc_valid,38,uniform,0.5,37,2.054054054054054,76.0,0.0,0.0,2.054054054054054,76.0
qwen25_15b,63,msc_valid,38,longllmlingua,0.5,37,2.27027027027027,84.0,0.0,0.0,2.27027027027027,84.0
qwen25_15b,63,msc_valid,38,recency,0.5,37,2.0405405405405403,75.5,0.0,0.0,2.0405405405405403,75.5
qwen25_15b,63,msc_valid,38,lexical_tfidf,0.5,37,2.0,74.0,0.0,0.0,2.0,74.0
qwen25_15b,63,msc_valid,38,recency_keep_compress_drop,0.5,37,2.0675675675675675,76.5,0.0,0.0,2.0675675675675675,76.5
qwen25_15b,63,msc_valid,42,uniform,0.2,35,1.9714285714285715,69.0,0.0,0.0,1.9714285714285715,69.0
qwen25_15b,63,msc_valid,42,longllmlingua,0.2,35,2.3714285714285714,83.0,0.0,0.0,2.3714285714285714,83.0
qwen25_15b,63,msc_valid,42,recency,0.2,35,1.9142857142857144,67.0,0.0,0.0,1.9142857142857144,67.0
qwen25_15b,63,msc_valid,42,lexical_tfidf,0.2,35,1.9428571428571428,68.0,0.0,0.0,1.9428571428571428,68.0
qwen25_15b,63,msc_valid,42,recency_keep_compress_drop,0.2,35,1.9,66.5,0.0,0.0,1.9,66.5
qwen25_15b,63,msc_valid,42,uniform,0.35,35,2.157142857142857,75.5,0.0,0.0,2.157142857142857,75.5
qwen25_15b,63,msc_valid,42,longllmlingua,0.35,35,2.3,80.5,0.0,0.0,2.3,80.5
qwen25_15b,63,msc_valid,42,recency,0.35,35,1.9428571428571428,68.0,0.0,0.0,1.9428571428571428,68.0
qwen25_15b,63,msc_valid,42,lexical_tfidf,0.35,35,1.9285714285714286,67.5,0.0,0.0,1.9285714285714286,67.5
qwen25_15b,63,msc_valid,42,recency_keep_compress_drop,0.35,35,1.9285714285714286,67.5,0.0,0.0,1.9285714285714286,67.5
qwen25_15b,63,msc_valid,42,uniform,0.5,35,2.242857142857143,78.5,0.0,0.0,2.242857142857143,78.5
qwen25_15b,63,msc_valid,42,longllmlingua,0.5,35,2.357142857142857,82.5,0.0,0.0,2.357142857142857,82.5
qwen25_15b,63,msc_valid,42,recency,0.5,35,1.9428571428571428,68.0,0.0,0.0,1.9428571428571428,68.0
qwen25_15b,63,msc_valid,42,lexical_tfidf,0.5,35,1.957142857142857,68.5,0.0,0.0,1.957142857142857,68.5
qwen25_15b,63,msc_valid,42,recency_keep_compress_drop,0.5,35,1.9857142857142858,69.5,0.0,0.0,1.9857142857142858,69.5
qwen25_15b,63,msc_valid,46,uniform,0.2,20,2.225,44.5,0.0,0.0,2.225,44.5
qwen25_15b,63,msc_valid,46,longllmlingua,0.2,20,2.55,51.0,0.0,0.0,2.55,51.0
qwen25_15b,63,msc_valid,46,recency,0.2,20,2.125,42.5,0.0,0.0,2.125,42.5
qwen25_15b,63,msc_valid,46,lexical_tfidf,0.2,20,2.175,43.5,0.0,0.0,2.175,43.5
qwen25_15b,63,msc_valid,46,recency_keep_compress_drop,0.2,20,2.0625,41.25,0.0,0.0,2.0625,41.25
qwen25_15b,63,msc_valid,46,uniform,0.35,20,2.3375,46.75,0.0,0.0,2.3375,46.75
qwen25_15b,63,msc_valid,46,longllmlingua,0.35,20,2.475,49.5,0.0,0.0,2.475,49.5
qwen25_15b,63,msc_valid,46,recency,0.35,20,2.1125,42.25,0.0,0.0,2.1125,42.25
qwen25_15b,63,msc_valid,46,lexical_tfidf,0.35,20,2.225,44.5,0.0,0.0,2.225,44.5
qwen25_15b,63,msc_valid,46,recency_keep_compress_drop,0.35,20,2.15,43.0,0.0,0.0,2.15,43.0
qwen25_15b,63,msc_valid,46,uniform,0.5,20,2.425,48.5,0.0,0.0,2.425,48.5
qwen25_15b,63,msc_valid,46,longllmlingua,0.5,20,2.4125,48.25,0.0,0.0,2.4125,48.25
qwen25_15b,63,msc_valid,46,recency,0.5,0,0.0,0.0,0.0,0.0,0.0,0.0
qwen25_15b,63,msc_valid,46,lexical_tfidf,0.5,0,0.0,0.0,0.0,0.0,0.0,0.0
qwen25_15b,63,msc_valid,46,recency_keep_compress_drop,0.5,0,0.0,0.0,0.0,0.0,0.0,0.0
qwen25_15b,63,msc_valid,48,uniform,0.2,36,1.8194444444444444,65.5,0.0,0.0,1.8194444444444444,65.5
qwen25_15b,63,msc_valid,48,longllmlingua,0.2,36,2.1666666666666665,78.0,0.0,0.0,2.1666666666666665,78.0
qwen25_15b,63,msc_valid,48,recency,0.2,36,1.9027777777777777,68.5,0.0,0.0,1.9027777777777777,68.5
qwen25_15b,63,msc_valid,48,lexical_tfidf,0.2,36,1.8888888888888888,68.0,0.0,0.0,1.8888888888888888,68.0
qwen25_15b,63,msc_valid,48,recency_keep_compress_drop,0.2,36,1.9305555555555556,69.5,0.0,0.0,1.9305555555555556,69.5
qwen25_15b,63,msc_valid,48,uniform,0.35,36,1.7916666666666667,64.5,0.0,0.0,1.7916666666666667,64.5
qwen25_15b,63,msc_valid,48,longllmlingua,0.35,36,2.0972222222222223,75.5,0.0,0.0,2.0972222222222223,75.5
qwen25_15b,63,msc_valid,48,recency,0.35,36,1.9305555555555556,69.5,0.0,0.0,1.9305555555555556,69.5
qwen25_15b,63,msc_valid,48,lexical_tfidf,0.35,36,1.875,67.5,0.0,0.0,1.875,67.5
qwen25_15b,63,msc_valid,48,recency_keep_compress_drop,0.35,36,1.875,67.5,0.0,0.0,1.875,67.5
qwen25_15b,63,msc_valid,48,uniform,0.5,36,1.7569444444444444,63.25,0.0,0.0,1.7569444444444444,63.25
qwen25_15b,63,msc_valid,48,longllmlingua,0.5,36,2.0694444444444446,74.5,0.0,0.0,2.0694444444444446,74.5
qwen25_15b,63,msc_valid,48,recency,0.5,0,0.0,0.0,0.0,0.0,0.0,0.0
qwen25_15b,63,msc_valid,48,lexical_tfidf,0.5,0,0.0,0.0,0.0,0.0,0.0,0.0
qwen25_15b,63,msc_valid,48,recency_keep_compress_drop,0.5,0,0.0,0.0,0.0,0.0,0.0,0.0
qwen25_15b,63,msc_valid,52,uniform,0.2,22,2.6818181818181817,59.0,0.0,0.0,2.6818181818181817,59.0
qwen25_15b,63,msc_valid,52,longllmlingua,0.2,22,2.6818181818181817,59.0,0.0,0.0,2.6818181818181817,59.0
qwen25_15b,63,msc_valid,52,recency,0.2,22,2.7386363636363638,60.25,0.0,0.0,2.7386363636363638,60.25
qwen25_15b,63,msc_valid,52,lexical_tfidf,0.2,22,2.6818181818181817,59.0,0.0,0.0,2.6818181818181817,59.0
qwen25_15b,63,msc_valid,52,recency_keep_compress_drop,0.2,22,2.7045454545454546,59.5,0.0,0.0,2.7045454545454546,59.5
qwen25_15b,63,msc_valid,52,uniform,0.35,22,2.6136363636363638,57.5,0.0,0.0,2.6136363636363638,57.5
qwen25_15b,63,msc_valid,52,longllmlingua,0.35,22,2.647727272727273,58.25,0.0,0.0,2.647727272727273,58.25
qwen25_15b,63,msc_valid,52,recency,0.35,0,0.0,0.0,0.0,0.0,0.0,0.0
qwen25_15b,63,msc_valid,52,lexical_tfidf,0.35,0,0.0,0.0,0.0,0.0,0.0,0.0
qwen25_15b,63,msc_valid,52,recency_keep_compress_drop,0.35,0,0.0,0.0,0.0,0.0,0.0,0.0
qwen25_15b,63,msc_valid,52,uniform,0.5,22,2.5681818181818183,56.5,0.0,0.0,2.5681818181818183,56.5
qwen25_15b,63,msc_valid,52,longllmlingua,0.5,22,2.715909090909091,59.75,0.0,0.0,2.715909090909091,59.75
qwen25_15b,63,msc_valid,52,recency,0.5,0,0.0,0.0,0.0,0.0,0.0,0.0
qwen25_15b,63,msc_valid,52,lexical_tfidf,0.5,0,0.0,0.0,0.0,0.0,0.0,0.0
qwen25_15b,63,msc_valid,52,recency_keep_compress_drop,0.5,0,0.0,0.0,0.0,0.0,0.0,0.0
qwen25_15b,63,msc_valid,56,uniform,0.2,15,3.6,54.0,0.0,0.0,3.6,54.0
qwen25_15b,63,msc_valid,56,longllmlingua,0.2,15,3.5166666666666666,52.75,0.0,0.0,3.5166666666666666,52.75
qwen25_15b,63,msc_valid,56,recency,0.2,0,0.0,0.0,0.0,0.0,0.0,0.0
qwen25_15b,63,msc_valid,56,lexical_tfidf,0.2,0,0.0,0.0,0.0,0.0,0.0,0.0
qwen25_15b,63,msc_valid,56,recency_keep_compress_drop,0.2,1,7.5625,7.5625,0.0,0.0,7.5625,7.5625
qwen25_15b,63,msc_valid,56,uniform,0.35,15,3.533333333333333,53.0,0.0,0.0,3.533333333333333,53.0
qwen25_15b,63,msc_valid,56,longllmlingua,0.35,15,3.566666666666667,53.5,0.0,0.0,3.566666666666667,53.5
qwen25_15b,63,msc_valid,56,recency,0.35,0,0.0,0.0,0.0,0.0,0.0,0.0
qwen25_15b,63,msc_valid,56,lexical_tfidf,0.35,0,0.0,0.0,0.0,0.0,0.0,0.0
qwen25_15b,63,msc_valid,56,recency_keep_compress_drop,0.35,0,0.0,0.0,0.0,0.0,0.0,0.0
qwen25_15b,63,msc_valid,56,uniform,0.5,15,3.466666666666667,52.0,0.0,0.0,3.466666666666667,52.0
qwen25_15b,63,msc_valid,56,longllmlingua,0.5,15,3.466666666666667,52.0,0.0,0.0,3.466666666666667,52.0
qwen25_15b,63,msc_valid,56,recency,0.5,0,0.0,0.0,0.0,0.0,0.0,0.0
qwen25_15b,63,msc_valid,56,lexical_tfidf,0.5,0,0.0,0.0,0.0,0.0,0.0,0.0
qwen25_15b,63,msc_valid,56,recency_keep_compress_drop,0.5,0,0.0,0.0,0.0,0.0,0.0,0.0
qwen25_15b,63,msc_valid,60,uniform,0.2,23,2.2065217391304346,50.75,0.0,0.0,2.2065217391304346,50.75
qwen25_15b,63,msc_valid,60,longllmlingua,0.2,23,2.25,51.75,0.0,0.0,2.25,51.75
qwen25_15b,63,msc_valid,60,recency,0.2,0,0.0,0.0,0.0,0.0,0.0,0.0
qwen25_15b,63,msc_valid,60,lexical_tfidf,0.2,0,0.0,0.0,0.0,0.0,0.0,0.0
qwen25_15b,63,msc_valid,60,recency_keep_compress_drop,0.2,0,0.0,0.0,0.0,0.0,0.0,0.0
qwen25_15b,63,msc_valid,60,uniform,0.35,23,2.1739130434782608,50.0,0.0,0.0,2.1739130434782608,50.0
qwen25_15b,63,msc_valid,60,longllmlingua,0.35,23,2.1739130434782608,50.0,0.0,0.0,2.1739130434782608,50.0
qwen25_15b,63,msc_valid,60,recency,0.35,0,0.0,0.0,0.0,0.0,0.0,0.0
qwen25_15b,63,msc_valid,60,lexical_tfidf,0.35,0,0.0,0.0,0.0,0.0,0.0,0.0
qwen25_15b,63,msc_valid,60,recency_keep_compress_drop,0.35,0,0.0,0.0,0.0,0.0,0.0,0.0
qwen25_15b,63,msc_valid,60,uniform,0.5,23,2.1956521739130435,50.5,0.0,0.0,2.1956521739130435,50.5
qwen25_15b,63,msc_valid,60,longllmlingua,0.5,23,2.119565217391304,48.75,0.0,0.0,2.119565217391304,48.75
qwen25_15b,63,msc_valid,60,recency,0.5,0,0.0,0.0,0.0,0.0,0.0,0.0
qwen25_15b,63,msc_valid,60,lexical_tfidf,0.5,0,0.0,0.0,0.0,0.0,0.0,0.0
qwen25_15b,63,msc_valid,60,recency_keep_compress_drop,0.5,0,0.0,0.0,0.0,0.0,0.0,0.0
qwen25_15b,77,msc_valid,4,uniform,0.2,17,4.5588235294117645,77.5,4.0588235294117645,69.0,0.5,8.5
qwen25_15b,77,msc_valid,4,longllmlingua,0.2,17,3.485294117647059,59.25,4.0588235294117645,69.0,-0.5735294117647056,-9.75
qwen25_15b,77,msc_valid,4,recency,0.2,17,4.5588235294117645,77.5,4.0588235294117645,69.0,0.5,8.5
qwen25_15b,77,msc_valid,4,lexical_tfidf,0.2,17,4.5588235294117645,77.5,4.0588235294117645,69.0,0.5,8.5
qwen25_15b,77,msc_valid,4,recency_keep_compress_drop,0.2,17,4.5588235294117645,77.5,4.0588235294117645,69.0,0.5,8.5
qwen25_15b,77,msc_valid,4,uniform,0.35,17,4.5588235294117645,77.5,4.0588235294117645,69.0,0.5,8.5
qwen25_15b,77,msc_valid,4,longllmlingua,0.35,17,3.4558823529411766,58.75,4.0588235294117645,69.0,-0.6029411764705879,-10.25
qwen25_15b,77,msc_valid,4,recency,0.35,17,4.5588235294117645,77.5,4.0588235294117645,69.0,0.5,8.5
qwen25_15b,77,msc_valid,4,lexical_tfidf,0.35,17,4.5588235294117645,77.5,4.0588235294117645,69.0,0.5,8.5
qwen25_15b,77,msc_valid,4,recency_keep_compress_drop,0.35,17,4.5588235294117645,77.5,4.0588235294117645,69.0,0.5,8.5
qwen25_15b,77,msc_valid,4,uniform,0.5,17,4.323529411764706,73.5,4.0588235294117645,69.0,0.2647058823529411,4.5
qwen25_15b,77,msc_valid,4,longllmlingua,0.5,17,3.5441176470588234,60.25,4.0588235294117645,69.0,-0.5147058823529411,-8.75
qwen25_15b,77,msc_valid,4,recency,0.5,17,4.323529411764706,73.5,4.0588235294117645,69.0,0.2647058823529411,4.5
qwen25_15b,77,msc_valid,4,lexical_tfidf,0.5,17,4.323529411764706,73.5,4.0588235294117645,69.0,0.2647058823529411,4.5
qwen25_15b,77,msc_valid,4,recency_keep_compress_drop,0.5,17,4.323529411764706,73.5,4.0588235294117645,69.0,0.2647058823529411,4.5
qwen25_15b,77,msc_valid,8,uniform,0.2,16,3.5625,57.0,3.09375,49.5,0.46875,7.5
qwen25_15b,77,msc_valid,8,longllmlingua,0.2,16,3.421875,54.75,3.09375,49.5,0.328125,5.25
qwen25_15b,77,msc_valid,8,recency,0.2,16,3.59375,57.5,3.09375,49.5,0.5,8.0
qwen25_15b,77,msc_valid,8,lexical_tfidf,0.2,16,3.59375,57.5,3.09375,49.5,0.5,8.0
qwen25_15b,77,msc_valid,8,recency_keep_compress_drop,0.2,16,3.421875,54.75,3.09375,49.5,0.328125,5.25
qwen25_15b,77,msc_valid,8,uniform,0.35,16,3.5625,57.0,3.09375,49.5,0.46875,7.5
qwen25_15b,77,msc_valid,8,longllmlingua,0.35,16,3.375,54.0,3.09375,49.5,0.28125,4.5
qwen25_15b,77,msc_valid,8,recency,0.35,16,3.234375,51.75,3.09375,49.5,0.140625,2.25
qwen25_15b,77,msc_valid,8,lexical_tfidf,0.35,16,3.515625,56.25,3.09375,49.5,0.421875,6.75
qwen25_15b,77,msc_valid,8,recency_keep_compress_drop,0.35,16,3.234375,51.75,3.09375,49.5,0.140625,2.25
qwen25_15b,77,msc_valid,8,uniform,0.5,16,3.40625,54.5,3.09375,49.5,0.3125,5.0
qwen25_15b,77,msc_valid,8,longllmlingua,0.5,16,3.34375,53.5,3.09375,49.5,0.25,4.0
qwen25_15b,77,msc_valid,8,recency,0.5,16,3.328125,53.25,3.09375,49.5,0.234375,3.75
qwen25_15b,77,msc_valid,8,lexical_tfidf,0.5,16,3.53125,56.5,3.09375,49.5,0.4375,7.0
qwen25_15b,77,msc_valid,8,recency_keep_compress_drop,0.5,16,3.21875,51.5,3.09375,49.5,0.125,2.0
qwen25_15b,77,msc_valid,12,uniform,0.2,16,3.953125,63.25,3.03125,48.5,0.921875,14.75
qwen25_15b,77,msc_valid,12,longllmlingua,0.2,16,3.203125,51.25,3.03125,48.5,0.171875,2.75
qwen25_15b,77,msc_valid,12,recency,0.2,16,3.796875,60.75,3.03125,48.5,0.765625,12.25
qwen25_15b,77,msc_valid,12,lexical_tfidf,0.2,16,4.0625,65.0,3.03125,48.5,1.03125,16.5
qwen25_15b,77,msc_valid,12,recency_keep_compress_drop,0.2,16,3.796875,60.75,3.03125,48.5,0.765625,12.25
qwen25_15b,77,msc_valid,12,uniform,0.35,16,3.90625,62.5,3.03125,48.5,0.875,14.0
qwen25_15b,77,msc_valid,12,longllmlingua,0.35,16,3.1875,51.0,3.03125,48.5,0.15625,2.5
qwen25_15b,77,msc_valid,12,recency,0.35,16,3.0625,49.0,3.03125,48.5,0.03125,0.5
qwen25_15b,77,msc_valid,12,lexical_tfidf,0.35,16,4.0,64.0,3.03125,48.5,0.96875,15.5
qwen25_15b,77,msc_valid,12,recency_keep_compress_drop,0.35,16,3.8125,61.0,3.03125,48.5,0.78125,12.5
qwen25_15b,77,msc_valid,12,uniform,0.5,16,3.890625,62.25,3.03125,48.5,0.859375,13.75
qwen25_15b,77,msc_valid,12,longllmlingua,0.5,16,3.203125,51.25,3.03125,48.5,0.171875,2.75
qwen25_15b,77,msc_valid,12,recency,0.5,16,3.09375,49.5,3.03125,48.5,0.0625,1.0
qwen25_15b,77,msc_valid,12,lexical_tfidf,0.5,16,3.828125,61.25,3.03125,48.5,0.796875,12.75
qwen25_15b,77,msc_valid,12,recency_keep_compress_drop,0.5,16,3.046875,48.75,3.03125,48.5,0.015625,0.25
qwen25_15b,77,msc_valid,16,uniform,0.2,48,2.1979166666666665,105.5,1.8645833333333333,89.5,0.33333333333333326,16.0
qwen25_15b,77,msc_valid,16,longllmlingua,0.2,48,2.0208333333333335,97.0,1.8645833333333333,89.5,0.15625000000000022,7.5
qwen25_15b,77,msc_valid,16,recency,0.2,48,2.125,102.0,1.8645833333333333,89.5,0.26041666666666674,12.5
qwen25_15b,77,msc_valid,16,lexical_tfidf,0.2,48,2.0520833333333335,98.5,1.8645833333333333,89.5,0.18750000000000022,9.0
qwen25_15b,77,msc_valid,16,recency_keep_compress_drop,0.2,48,1.9270833333333333,92.5,1.8645833333333333,89.5,0.0625,3.0
qwen25_15b,77,msc_valid,16,uniform,0.35,48,2.0104166666666665,96.5,1.8645833333333333,89.5,0.14583333333333326,7.0
qwen25_15b,77,msc_valid,16,longllmlingua,0.35,48,2.03125,97.5,1.8645833333333333,89.5,0.16666666666666674,8.0
qwen25_15b,77,msc_valid,16,recency,0.35,48,1.8854166666666667,90.5,1.8645833333333333,89.5,0.02083333333333348,1.0
qwen25_15b,77,msc_valid,16,lexical_tfidf,0.35,48,2.125,102.0,1.8645833333333333,89.5,0.26041666666666674,12.5
qwen25_15b,77,msc_valid,16,recency_keep_compress_drop,0.35,48,1.84375,88.5,1.8645833333333333,89.5,-0.02083333333333326,-1.0
qwen25_15b,77,msc_valid,16,uniform,0.5,48,2.0,96.0,1.8645833333333333,89.5,0.13541666666666674,6.5
qwen25_15b,77,msc_valid,16,longllmlingua,0.5,48,2.0416666666666665,98.0,1.8645833333333333,89.5,0.17708333333333326,8.5
qwen25_15b,77,msc_valid,16,recency,0.5,48,1.9270833333333333,92.5,1.8645833333333333,89.5,0.0625,3.0
qwen25_15b,77,msc_valid,16,lexical_tfidf,0.5,48,2.0104166666666665,96.5,1.8645833333333333,89.5,0.14583333333333326,7.0
qwen25_15b,77,msc_valid,16,recency_keep_compress_drop,0.5,48,1.8958333333333333,91.0,1.8645833333333333,89.5,0.03125,1.5
qwen25_15b,77,msc_valid,18,uniform,0.2,70,2.2,154.0,2.157142857142857,151.0,0.04285714285714315,3.0
qwen25_15b,77,msc_valid,18,longllmlingua,0.2,70,2.2142857142857144,155.0,2.157142857142857,151.0,0.057142857142857384,4.0
qwen25_15b,77,msc_valid,18,recency,0.2,70,2.2285714285714286,156.0,2.157142857142857,151.0,0.07142857142857162,5.0
qwen25_15b,77,msc_valid,18,lexical_tfidf,0.2,70,2.242857142857143,157.0,2.157142857142857,151.0,0.08571428571428585,6.0
qwen25_15b,77,msc_valid,18,recency_keep_compress_drop,0.2,70,2.2285714285714286,156.0,2.157142857142857,151.0,0.07142857142857162,5.0
qwen25_15b,77,msc_valid,18,uniform,0.35,70,2.1714285714285713,152.0,2.157142857142857,151.0,0.014285714285714235,1.0
qwen25_15b,77,msc_valid,18,longllmlingua,0.35,70,2.2285714285714286,156.0,2.157142857142857,151.0,0.07142857142857162,5.0
qwen25_15b,77,msc_valid,18,recency,0.35,70,2.1857142857142855,153.0,2.157142857142857,151.0,0.02857142857142847,2.0
qwen25_15b,77,msc_valid,18,lexical_tfidf,0.35,70,2.257142857142857,158.0,2.157142857142857,151.0,0.10000000000000009,7.0
qwen25_15b,77,msc_valid,18,recency_keep_compress_drop,0.35,70,2.1714285714285713,152.0,2.157142857142857,151.0,0.014285714285714235,1.0
qwen25_15b,77,msc_valid,18,uniform,0.5,70,2.157142857142857,151.0,2.157142857142857,151.0,0.0,0.0
qwen25_15b,77,msc_valid,18,longllmlingua,0.5,70,2.1714285714285713,152.0,2.157142857142857,151.0,0.014285714285714235,1.0
qwen25_15b,77,msc_valid,18,recency,0.5,70,2.2,154.0,2.157142857142857,151.0,0.04285714285714315,3.0
qwen25_15b,77,msc_valid,18,lexical_tfidf,0.5,70,2.2285714285714286,156.0,2.157142857142857,151.0,0.07142857142857162,5.0
qwen25_15b,77,msc_valid,18,recency_keep_compress_drop,0.5,70,2.157142857142857,151.0,2.157142857142857,151.0,0.0,0.0
qwen25_15b,77,msc_valid,22,uniform,0.2,60,2.816666666666667,169.0,2.783333333333333,167.0,0.03333333333333366,2.0
qwen25_15b,77,msc_valid,22,longllmlingua,0.2,60,2.8833333333333333,173.0,2.783333333333333,167.0,0.10000000000000009,6.0
qwen25_15b,77,msc_valid,22,recency,0.2,60,2.783333333333333,167.0,2.783333333333333,167.0,0.0,0.0
qwen25_15b,77,msc_valid,22,lexical_tfidf,0.2,60,2.716666666666667,163.0,2.783333333333333,167.0,-0.06666666666666643,-4.0
qwen25_15b,77,msc_valid,22,recency_keep_compress_drop,0.2,60,2.783333333333333,167.0,2.783333333333333,167.0,0.0,0.0
qwen25_15b,77,msc_valid,22,uniform,0.35,60,2.783333333333333,167.0,2.783333333333333,167.0,0.0,0.0
qwen25_15b,77,msc_valid,22,longllmlingua,0.35,60,2.8833333333333333,173.0,2.783333333333333,167.0,0.10000000000000009,6.0
qwen25_15b,77,msc_valid,22,recency,0.35,60,2.75,165.0,2.783333333333333,167.0,-0.033333333333333215,-2.0
qwen25_15b,77,msc_valid,22,lexical_tfidf,0.35,60,2.7666666666666666,166.0,2.783333333333333,167.0,-0.016666666666666607,-1.0
qwen25_15b,77,msc_valid,22,recency_keep_compress_drop,0.35,60,2.7,162.0,2.783333333333333,167.0,-0.08333333333333304,-5.0
qwen25_15b,77,msc_valid,22,uniform,0.5,60,2.7666666666666666,166.0,2.783333333333333,167.0,-0.016666666666666607,-1.0
qwen25_15b,77,msc_valid,22,longllmlingua,0.5,60,2.8,168.0,2.783333333333333,167.0,0.016666666666666607,1.0
qwen25_15b,77,msc_valid,22,recency,0.5,60,2.783333333333333,167.0,2.783333333333333,167.0,0.0,0.0
qwen25_15b,77,msc_valid,22,lexical_tfidf,0.5,60,2.7,162.0,2.783333333333333,167.0,-0.08333333333333304,-5.0
qwen25_15b,77,msc_valid,22,recency_keep_compress_drop,0.5,60,2.75,165.0,2.783333333333333,167.0,-0.033333333333333215,-2.0
qwen25_15b,77,msc_valid,26,uniform,0.2,27,2.9814814814814814,80.5,2.425925925925926,65.5,0.5555555555555554,15.0
qwen25_15b,77,msc_valid,26,longllmlingua,0.2,27,2.6666666666666665,72.0,2.425925925925926,65.5,0.24074074074074048,6.5
qwen25_15b,77,msc_valid,26,recency,0.2,27,2.7962962962962963,75.5,2.425925925925926,65.5,0.37037037037037024,10.0
qwen25_15b,77,msc_valid,26,lexical_tfidf,0.2,27,2.611111111111111,70.5,2.425925925925926,65.5,0.18518518518518512,5.0
qwen25_15b,77,msc_valid,26,recency_keep_compress_drop,0.2,27,2.537037037037037,68.5,2.425925925925926,65.5,0.11111111111111116,3.0
qwen25_15b,77,msc_valid,26,uniform,0.35,27,2.5925925925925926,70.0,2.425925925925926,65.5,0.16666666666666652,4.5
qwen25_15b,77,msc_valid,26,longllmlingua,0.35,27,2.740740740740741,74.0,2.425925925925926,65.5,0.3148148148148149,8.5
qwen25_15b,77,msc_valid,26,recency,0.35,27,2.4074074074074074,65.0,2.425925925925926,65.5,-0.0185185185185186,-0.5
qwen25_15b,77,msc_valid,26,lexical_tfidf,0.35,27,2.6666666666666665,72.0,2.425925925925926,65.5,0.24074074074074048,6.5
qwen25_15b,77,msc_valid,26,recency_keep_compress_drop,0.35,27,2.6296296296296298,71.0,2.425925925925926,65.5,0.20370370370370372,5.5
qwen25_15b,77,msc_valid,26,uniform,0.5,27,2.388888888888889,64.5,2.425925925925926,65.5,-0.0370370370370372,-1.0
qwen25_15b,77,msc_valid,26,longllmlingua,0.5,27,2.6481481481481484,71.5,2.425925925925926,65.5,0.22222222222222232,6.0
qwen25_15b,77,msc_valid,26,recency,0.5,27,2.425925925925926,65.5,2.425925925925926,65.5,0.0,0.0
qwen25_15b,77,msc_valid,26,lexical_tfidf,0.5,27,2.4444444444444446,66.0,2.425925925925926,65.5,0.0185185185185186,0.5
qwen25_15b,77,msc_valid,26,recency_keep_compress_drop,0.5,27,2.6481481481481484,71.5,2.425925925925926,65.5,0.22222222222222232,6.0
qwen25_15b,77,msc_valid,30,uniform,0.2,32,2.578125,82.5,2.609375,83.5,-0.03125,-1.0
qwen25_15b,77,msc_valid,30,longllmlingua,0.2,32,2.65625,85.0,2.609375,83.5,0.046875,1.5
qwen25_15b,77,msc_valid,30,recency,0.2,32,2.578125,82.5,2.609375,83.5,-0.03125,-1.0
qwen25_15b,77,msc_valid,30,lexical_tfidf,0.2,32,2.609375,83.5,2.609375,83.5,0.0,0.0
qwen25_15b,77,msc_valid,30,recency_keep_compress_drop,0.2,32,2.609375,83.5,2.609375,83.5,0.0,0.0
qwen25_15b,77,msc_valid,30,uniform,0.35,32,2.5625,82.0,2.609375,83.5,-0.046875,-1.5
qwen25_15b,77,msc_valid,30,longllmlingua,0.35,32,2.6875,86.0,2.609375,83.5,0.078125,2.5
qwen25_15b,77,msc_valid,30,recency,0.35,32,2.640625,84.5,2.609375,83.5,0.03125,1.0
qwen25_15b,77,msc_valid,30,lexical_tfidf,0.35,32,2.609375,83.5,2.609375,83.5,0.0,0.0
qwen25_15b,77,msc_valid,30,recency_keep_compress_drop,0.35,32,2.671875,85.5,2.609375,83.5,0.0625,2.0
qwen25_15b,77,msc_valid,30,uniform,0.5,32,2.671875,85.5,2.609375,83.5,0.0625,2.0
qwen25_15b,77,msc_valid,30,longllmlingua,0.5,32,2.640625,84.5,2.609375,83.5,0.03125,1.0
qwen25_15b,77,msc_valid,30,recency,0.5,32,2.640625,84.5,2.609375,83.5,0.03125,1.0
qwen25_15b,77,msc_valid,30,lexical_tfidf,0.5,32,2.59375,83.0,2.609375,83.5,-0.015625,-0.5
qwen25_15b,77,msc_valid,30,recency_keep_compress_drop,0.5,32,2.546875,81.5,2.609375,83.5,-0.0625,-2.0
qwen25_15b,77,msc_valid,34,uniform,0.2,34,2.5294117647058822,86.0,0.0,0.0,2.5294117647058822,86.0
qwen25_15b,77,msc_valid,34,longllmlingua,0.2,34,2.5588235294117645,87.0,0.0,0.0,2.5588235294117645,87.0
qwen25_15b,77,msc_valid,34,recency,0.2,34,2.985294117647059,101.5,0.0,0.0,2.985294117647059,101.5
qwen25_15b,77,msc_valid,34,lexical_tfidf,0.2,34,3.2058823529411766,109.0,0.0,0.0,3.2058823529411766,109.0
qwen25_15b,77,msc_valid,34,recency_keep_compress_drop,0.2,34,2.823529411764706,96.0,0.0,0.0,2.823529411764706,96.0
qwen25_15b,77,msc_valid,34,uniform,0.35,34,2.6176470588235294,89.0,0.0,0.0,2.6176470588235294,89.0
qwen25_15b,77,msc_valid,34,longllmlingua,0.35,34,2.426470588235294,82.5,0.0,0.0,2.426470588235294,82.5
qwen25_15b,77,msc_valid,34,recency,0.35,34,2.838235294117647,96.5,0.0,0.0,2.838235294117647,96.5
qwen25_15b,77,msc_valid,34,lexical_tfidf,0.35,34,3.1323529411764706,106.5,0.0,0.0,3.1323529411764706,106.5
qwen25_15b,77,msc_valid,34,recency_keep_compress_drop,0.35,34,2.4558823529411766,83.5,0.0,0.0,2.4558823529411766,83.5
qwen25_15b,77,msc_valid,34,uniform,0.5,34,2.6176470588235294,89.0,0.0,0.0,2.6176470588235294,89.0
qwen25_15b,77,msc_valid,34,longllmlingua,0.5,34,2.4411764705882355,83.0,0.0,0.0,2.4411764705882355,83.0
qwen25_15b,77,msc_valid,34,recency,0.5,34,2.3970588235294117,81.5,0.0,0.0,2.3970588235294117,81.5
qwen25_15b,77,msc_valid,34,lexical_tfidf,0.5,34,2.588235294117647,88.0,0.0,0.0,2.588235294117647,88.0
qwen25_15b,77,msc_valid,34,recency_keep_compress_drop,0.5,34,2.3529411764705883,80.0,0.0,0.0,2.3529411764705883,80.0
qwen25_15b,77,msc_valid,38,uniform,0.2,16,3.21875,51.5,0.0,0.0,3.21875,51.5
qwen25_15b,77,msc_valid,38,longllmlingua,0.2,16,3.1875,51.0,0.0,0.0,3.1875,51.0
qwen25_15b,77,msc_valid,38,recency,0.2,16,3.0,48.0,0.0,0.0,3.0,48.0
qwen25_15b,77,msc_valid,38,lexical_tfidf,0.2,16,3.375,54.0,0.0,0.0,3.375,54.0
qwen25_15b,77,msc_valid,38,recency_keep_compress_drop,0.2,16,3.453125,55.25,0.0,0.0,3.453125,55.25
qwen25_15b,77,msc_valid,38,uniform,0.35,16,3.109375,49.75,0.0,0.0,3.109375,49.75
qwen25_15b,77,msc_valid,38,longllmlingua,0.35,16,3.125,50.0,0.0,0.0,3.125,50.0
qwen25_15b,77,msc_valid,38,recency,0.35,16,2.9375,47.0,0.0,0.0,2.9375,47.0
qwen25_15b,77,msc_valid,38,lexical_tfidf,0.35,16,2.765625,44.25,0.0,0.0,2.765625,44.25
qwen25_15b,77,msc_valid,38,recency_keep_compress_drop,0.35,16,3.140625,50.25,0.0,0.0,3.140625,50.25
qwen25_15b,77,msc_valid,38,uniform,0.5,16,2.78125,44.5,0.0,0.0,2.78125,44.5
qwen25_15b,77,msc_valid,38,longllmlingua,0.5,16,3.03125,48.5,0.0,0.0,3.03125,48.5
qwen25_15b,77,msc_valid,38,recency,0.5,16,3.015625,48.25,0.0,0.0,3.015625,48.25
qwen25_15b,77,msc_valid,38,lexical_tfidf,0.5,16,3.109375,49.75,0.0,0.0,3.109375,49.75
qwen25_15b,77,msc_valid,38,recency_keep_compress_drop,0.5,16,2.78125,44.5,0.0,0.0,2.78125,44.5
qwen25_15b,77,msc_valid,42,uniform,0.2,44,2.2613636363636362,99.5,0.0,0.0,2.2613636363636362,99.5
qwen25_15b,77,msc_valid,42,longllmlingua,0.2,44,2.2045454545454546,97.0,0.0,0.0,2.2045454545454546,97.0
qwen25_15b,77,msc_valid,42,recency,0.2,44,2.3068181818181817,101.5,0.0,0.0,2.3068181818181817,101.5
qwen25_15b,77,msc_valid,42,lexical_tfidf,0.2,44,2.25,99.0,0.0,0.0,2.25,99.0
qwen25_15b,77,msc_valid,42,recency_keep_compress_drop,0.2,44,2.272727272727273,100.0,0.0,0.0,2.272727272727273,100.0
qwen25_15b,77,msc_valid,42,uniform,0.35,44,2.25,99.0,0.0,0.0,2.25,99.0
qwen25_15b,77,msc_valid,42,longllmlingua,0.35,44,2.1704545454545454,95.5,0.0,0.0,2.1704545454545454,95.5
qwen25_15b,77,msc_valid,42,recency,0.35,44,2.284090909090909,100.5,0.0,0.0,2.284090909090909,100.5
qwen25_15b,77,msc_valid,42,lexical_tfidf,0.35,44,2.2613636363636362,99.5,0.0,0.0,2.2613636363636362,99.5
qwen25_15b,77,msc_valid,42,recency_keep_compress_drop,0.35,44,2.227272727272727,98.0,0.0,0.0,2.227272727272727,98.0
qwen25_15b,77,msc_valid,42,uniform,0.5,44,2.284090909090909,100.5,0.0,0.0,2.284090909090909,100.5
qwen25_15b,77,msc_valid,42,longllmlingua,0.5,44,2.1363636363636362,94.0,0.0,0.0,2.1363636363636362,94.0
qwen25_15b,77,msc_valid,42,recency,0.5,44,2.272727272727273,100.0,0.0,0.0,2.272727272727273,100.0
qwen25_15b,77,msc_valid,42,lexical_tfidf,0.5,44,2.2954545454545454,101.0,0.0,0.0,2.2954545454545454,101.0
qwen25_15b,77,msc_valid,42,recency_keep_compress_drop,0.5,44,2.227272727272727,98.0,0.0,0.0,2.227272727272727,98.0
qwen25_15b,77,msc_valid,46,uniform,0.2,40,2.4625,98.5,0.0,0.0,2.4625,98.5
qwen25_15b,77,msc_valid,46,longllmlingua,0.2,40,2.375,95.0,0.0,0.0,2.375,95.0
qwen25_15b,77,msc_valid,46,recency,0.2,40,2.3375,93.5,0.0,0.0,2.3375,93.5
qwen25_15b,77,msc_valid,46,lexical_tfidf,0.2,40,2.3625,94.5,0.0,0.0,2.3625,94.5
qwen25_15b,77,msc_valid,46,recency_keep_compress_drop,0.2,40,2.375,95.0,0.0,0.0,2.375,95.0
qwen25_15b,77,msc_valid,46,uniform,0.35,40,2.3875,95.5,0.0,0.0,2.3875,95.5
qwen25_15b,77,msc_valid,46,longllmlingua,0.35,40,2.325,93.0,0.0,0.0,2.325,93.0
qwen25_15b,77,msc_valid,46,recency,0.35,40,2.3375,93.5,0.0,0.0,2.3375,93.5
qwen25_15b,77,msc_valid,46,lexical_tfidf,0.35,40,2.375,95.0,0.0,0.0,2.375,95.0
qwen25_15b,77,msc_valid,46,recency_keep_compress_drop,0.35,40,2.3375,93.5,0.0,0.0,2.3375,93.5
qwen25_15b,77,msc_valid,46,uniform,0.5,27,2.9444444444444446,79.5,0.0,0.0,2.9444444444444446,79.5
qwen25_15b,77,msc_valid,46,longllmlingua,0.5,40,2.25,90.0,0.0,0.0,2.25,90.0
qwen25_15b,77,msc_valid,46,recency,0.5,5,2.0875,10.4375,0.0,0.0,2.0875,10.4375
qwen25_15b,77,msc_valid,46,lexical_tfidf,0.5,5,2.125,10.625,0.0,0.0,2.125,10.625
qwen25_15b,77,msc_valid,46,recency_keep_compress_drop,0.5,16,3.609375,57.75,0.0,0.0,3.609375,57.75
qwen25_15b,77,msc_valid,48,uniform,0.2,14,1.3303571428571428,18.625,0.0,0.0,1.3303571428571428,18.625
qwen25_15b,77,msc_valid,48,longllmlingua,0.2,14,1.3571428571428572,19.0,0.0,0.0,1.3571428571428572,19.0
qwen25_15b,77,msc_valid,48,recency,0.2,14,1.2678571428571428,17.75,0.0,0.0,1.2678571428571428,17.75
qwen25_15b,77,msc_valid,48,lexical_tfidf,0.2,14,1.2232142857142858,17.125,0.0,0.0,1.2232142857142858,17.125
qwen25_15b,77,msc_valid,48,recency_keep_compress_drop,0.2,14,1.2857142857142858,18.0,0.0,0.0,1.2857142857142858,18.0
qwen25_15b,77,msc_valid,48,uniform,0.35,14,1.3839285714285714,19.375,0.0,0.0,1.3839285714285714,19.375
qwen25_15b,77,msc_valid,48,longllmlingua,0.35,14,1.3303571428571428,18.625,0.0,0.0,1.3303571428571428,18.625
qwen25_15b,77,msc_valid,48,recency,0.35,14,1.2857142857142858,18.0,0.0,0.0,1.2857142857142858,18.0
qwen25_15b,77,msc_valid,48,lexical_tfidf,0.35,14,1.25,17.5,0.0,0.0,1.25,17.5
qwen25_15b,77,msc_valid,48,recency_keep_compress_drop,0.35,14,1.3035714285714286,18.25,0.0,0.0,1.3035714285714286,18.25
qwen25_15b,77,msc_valid,48,uniform,0.5,14,1.3660714285714286,19.125,0.0,0.0,1.3660714285714286,19.125
qwen25_15b,77,msc_valid,48,longllmlingua,0.5,14,1.2053571428571428,16.875,0.0,0.0,1.2053571428571428,16.875
qwen25_15b,77,msc_valid,48,recency,0.5,0,0.0,0.0,0.0,0.0,0.0,0.0
qwen25_15b,77,msc_valid,48,lexical_tfidf,0.5,0,0.0,0.0,0.0,0.0,0.0,0.0
qwen25_15b,77,msc_valid,48,recency_keep_compress_drop,0.5,0,0.0,0.0,0.0,0.0,0.0,0.0
qwen25_15b,77,msc_valid,52,uniform,0.2,24,2.3229166666666665,55.75,0.0,0.0,2.3229166666666665,55.75
qwen25_15b,77,msc_valid,52,longllmlingua,0.2,24,2.4375,58.5,0.0,0.0,2.4375,58.5
qwen25_15b,77,msc_valid,52,recency,0.2,24,2.46875,59.25,0.0,0.0,2.46875,59.25
qwen25_15b,77,msc_valid,52,lexical_tfidf,0.2,24,2.4375,58.5,0.0,0.0,2.4375,58.5
qwen25_15b,77,msc_valid,52,recency_keep_compress_drop,0.2,24,2.4583333333333335,59.0,0.0,0.0,2.4583333333333335,59.0
qwen25_15b,77,msc_valid,52,uniform,0.35,24,2.3229166666666665,55.75,0.0,0.0,2.3229166666666665,55.75
qwen25_15b,77,msc_valid,52,longllmlingua,0.35,24,2.5520833333333335,61.25,0.0,0.0,2.5520833333333335,61.25
qwen25_15b,77,msc_valid,52,recency,0.35,0,0.0,0.0,0.0,0.0,0.0,0.0
qwen25_15b,77,msc_valid,52,lexical_tfidf,0.35,0,0.0,0.0,0.0,0.0,0.0,0.0
qwen25_15b,77,msc_valid,52,recency_keep_compress_drop,0.35,20,2.75,55.0,0.0,0.0,2.75,55.0
qwen25_15b,77,msc_valid,52,uniform,0.5,24,2.375,57.0,0.0,0.0,2.375,57.0
qwen25_15b,77,msc_valid,52,longllmlingua,0.5,24,2.4791666666666665,59.5,0.0,0.0,2.4791666666666665,59.5
qwen25_15b,77,msc_valid,52,recency,0.5,0,0.0,0.0,0.0,0.0,0.0,0.0
qwen25_15b,77,msc_valid,52,lexical_tfidf,0.5,0,0.0,0.0,0.0,0.0,0.0,0.0
qwen25_15b,77,msc_valid,52,recency_keep_compress_drop,0.5,0,0.0,0.0,0.0,0.0,0.0,0.0
qwen25_15b,77,msc_valid,56,uniform,0.2,12,2.28125,27.375,0.0,0.0,2.28125,27.375
qwen25_15b,77,msc_valid,56,longllmlingua,0.2,12,2.25,27.0,0.0,0.0,2.25,27.0
qwen25_15b,77,msc_valid,56,recency,0.2,12,1.9270833333333333,23.125,0.0,0.0,1.9270833333333333,23.125
qwen25_15b,77,msc_valid,56,lexical_tfidf,0.2,12,1.8958333333333333,22.75,0.0,0.0,1.8958333333333333,22.75
qwen25_15b,77,msc_valid,56,recency_keep_compress_drop,0.2,12,1.8958333333333333,22.75,0.0,0.0,1.8958333333333333,22.75
qwen25_15b,77,msc_valid,56,uniform,0.35,12,2.40625,28.875,0.0,0.0,2.40625,28.875
qwen25_15b,77,msc_valid,56,longllmlingua,0.35,12,2.03125,24.375,0.0,0.0,2.03125,24.375
qwen25_15b,77,msc_valid,56,recency,0.35,0,0.0,0.0,0.0,0.0,0.0,0.0
qwen25_15b,77,msc_valid,56,lexical_tfidf,0.35,0,0.0,0.0,0.0,0.0,0.0,0.0
qwen25_15b,77,msc_valid,56,recency_keep_compress_drop,0.35,0,0.0,0.0,0.0,0.0,0.0,0.0
qwen25_15b,77,msc_valid,56,uniform,0.5,12,2.46875,29.625,0.0,0.0,2.46875,29.625
qwen25_15b,77,msc_valid,56,longllmlingua,0.5,12,2.0833333333333335,25.0,0.0,0.0,2.0833333333333335,25.0
qwen25_15b,77,msc_valid,56,recency,0.5,0,0.0,0.0,0.0,0.0,0.0,0.0
qwen25_15b,77,msc_valid,56,lexical_tfidf,0.5,0,0.0,0.0,0.0,0.0,0.0,0.0
qwen25_15b,77,msc_valid,56,recency_keep_compress_drop,0.5,0,0.0,0.0,0.0,0.0,0.0,0.0
qwen25_15b,77,msc_valid,60,uniform,0.2,19,2.8684210526315788,54.5,0.0,0.0,2.8684210526315788,54.5
qwen25_15b,77,msc_valid,60,longllmlingua,0.2,19,2.9210526315789473,55.5,0.0,0.0,2.9210526315789473,55.5
qwen25_15b,77,msc_valid,60,recency,0.2,0,0.0,0.0,0.0,0.0,0.0,0.0
qwen25_15b,77,msc_valid,60,lexical_tfidf,0.2,0,0.0,0.0,0.0,0.0,0.0,0.0
qwen25_15b,77,msc_valid,60,recency_keep_compress_drop,0.2,0,0.0,0.0,0.0,0.0,0.0,0.0
qwen25_15b,77,msc_valid,60,uniform,0.35,19,3.039473684210526,57.75,0.0,0.0,3.039473684210526,57.75
qwen25_15b,77,msc_valid,60,longllmlingua,0.35,19,2.9342105263157894,55.75,0.0,0.0,2.9342105263157894,55.75
qwen25_15b,77,msc_valid,60,recency,0.35,0,0.0,0.0,0.0,0.0,0.0,0.0
qwen25_15b,77,msc_valid,60,lexical_tfidf,0.35,0,0.0,0.0,0.0,0.0,0.0,0.0
qwen25_15b,77,msc_valid,60,recency_keep_compress_drop,0.35,0,0.0,0.0,0.0,0.0,0.0,0.0
qwen25_15b,77,msc_valid,60,uniform,0.5,19,3.0526315789473686,58.0,0.0,0.0,3.0526315789473686,58.0
qwen25_15b,77,msc_valid,60,longllmlingua,0.5,19,2.973684210526316,56.5,0.0,0.0,2.973684210526316,56.5
qwen25_15b,77,msc_valid,60,recency,0.5,0,0.0,0.0,0.0,0.0,0.0,0.0
qwen25_15b,77,msc_valid,60,lexical_tfidf,0.5,0,0.0,0.0,0.0,0.0,0.0,0.0
qwen25_15b,77,msc_valid,60,recency_keep_compress_drop,0.5,0,0.0,0.0,0.0,0.0,0.0,0.0
qwen25_15b,96,msc_valid,4,uniform,0.2,11,5.5227272727272725,60.75,5.613636363636363,61.75,-0.09090909090909083,-1.0
qwen25_15b,96,msc_valid,4,longllmlingua,0.2,11,5.090909090909091,56.0,5.613636363636363,61.75,-0.5227272727272725,-5.75
qwen25_15b,96,msc_valid,4,recency,0.2,11,5.5227272727272725,60.75,5.613636363636363,61.75,-0.09090909090909083,-1.0
qwen25_15b,96,msc_valid,4,lexical_tfidf,0.2,11,5.5227272727272725,60.75,5.613636363636363,61.75,-0.09090909090909083,-1.0
qwen25_15b,96,msc_valid,4,recency_keep_compress_drop,0.2,11,5.5227272727272725,60.75,5.613636363636363,61.75,-0.09090909090909083,-1.0
qwen25_15b,96,msc_valid,4,uniform,0.35,11,5.454545454545454,60.0,5.613636363636363,61.75,-0.15909090909090917,-1.75
qwen25_15b,96,msc_valid,4,longllmlingua,0.35,11,5.113636363636363,56.25,5.613636363636363,61.75,-0.5,-5.5
qwen25_15b,96,msc_valid,4,recency,0.35,11,5.454545454545454,60.0,5.613636363636363,61.75,-0.15909090909090917,-1.75
qwen25_15b,96,msc_valid,4,lexical_tfidf,0.35,11,5.454545454545454,60.0,5.613636363636363,61.75,-0.15909090909090917,-1.75
qwen25_15b,96,msc_valid,4,recency_keep_compress_drop,0.35,11,5.454545454545454,60.0,5.613636363636363,61.75,-0.15909090909090917,-1.75
qwen25_15b,96,msc_valid,4,uniform,0.5,11,5.454545454545454,60.0,5.613636363636363,61.75,-0.15909090909090917,-1.75
qwen25_15b,96,msc_valid,4,longllmlingua,0.5,11,5.25,57.75,5.613636363636363,61.75,-0.3636363636363633,-4.0
qwen25_15b,96,msc_valid,4,recency,0.5,11,5.454545454545454,60.0,5.613636363636363,61.75,-0.15909090909090917,-1.75
qwen25_15b,96,msc_valid,4,lexical_tfidf,0.5,11,5.454545454545454,60.0,5.613636363636363,61.75,-0.15909090909090917,-1.75
qwen25_15b,96,msc_valid,4,recency_keep_compress_drop,0.5,11,5.454545454545454,60.0,5.613636363636363,61.75,-0.15909090909090917,-1.75
qwen25_15b,96,msc_valid,6,uniform,0.2,12,5.916666666666667,71.0,4.875,58.5,1.041666666666667,12.5
qwen25_15b,96,msc_valid,6,longllmlingua,0.2,12,4.9375,59.25,4.875,58.5,0.0625,0.75
qwen25_15b,96,msc_valid,6,recency,0.2,12,5.916666666666667,71.0,4.875,58.5,1.041666666666667,12.5
qwen25_15b,96,msc_valid,6,lexical_tfidf,0.2,12,5.916666666666667,71.0,4.875,58.5,1.041666666666667,12.5
qwen25_15b,96,msc_valid,6,recency_keep_compress_drop,0.2,12,5.958333333333333,71.5,4.875,58.5,1.083333333333333,13.0
qwen25_15b,96,msc_valid,6,uniform,0.35,12,5.541666666666667,66.5,4.875,58.5,0.666666666666667,8.0
qwen25_15b,96,msc_valid,6,longllmlingua,0.35,12,5.083333333333333,61.0,4.875,58.5,0.20833333333333304,2.5
qwen25_15b,96,msc_valid,6,recency,0.35,12,5.375,64.5,4.875,58.5,0.5,6.0
qwen25_15b,96,msc_valid,6,lexical_tfidf,0.35,12,5.916666666666667,71.0,4.875,58.5,1.041666666666667,12.5
qwen25_15b,96,msc_valid,6,recency_keep_compress_drop,0.35,12,5.375,64.5,4.875,58.5,0.5,6.0
qwen25_15b,96,msc_valid,6,uniform,0.5,12,5.104166666666667,61.25,4.875,58.5,0.22916666666666696,2.75
qwen25_15b,96,msc_valid,6,longllmlingua,0.5,12,5.458333333333333,65.5,4.875,58.5,0.583333333333333,7.0
qwen25_15b,96,msc_valid,6,recency,0.5,12,5.541666666666667,66.5,4.875,58.5,0.666666666666667,8.0
qwen25_15b,96,msc_valid,6,lexical_tfidf,0.5,12,5.375,64.5,4.875,58.5,0.5,6.0
qwen25_15b,96,msc_valid,6,recency_keep_compress_drop,0.5,12,5.208333333333333,62.5,4.875,58.5,0.33333333333333304,4.0
qwen25_15b,96,msc_valid,8,uniform,0.2,12,5.0,60.0,4.3125,51.75,0.6875,8.25
qwen25_15b,96,msc_valid,8,longllmlingua,0.2,12,4.229166666666667,50.75,4.3125,51.75,-0.08333333333333304,-1.0
qwen25_15b,96,msc_valid,8,recency,0.2,12,5.145833333333333,61.75,4.3125,51.75,0.833333333333333,10.0
qwen25_15b,96,msc_valid,8,lexical_tfidf,0.2,12,4.375,52.5,4.3125,51.75,0.0625,0.75
qwen25_15b,96,msc_valid,8,recency_keep_compress_drop,0.2,12,4.375,52.5,4.3125,51.75,0.0625,0.75
qwen25_15b,96,msc_valid,8,uniform,0.35,12,4.8125,57.75,4.3125,51.75,0.5,6.0
qwen25_15b,96,msc_valid,8,longllmlingua,0.35,12,4.520833333333333,54.25,4.3125,51.75,0.20833333333333304,2.5
qwen25_15b,96,msc_valid,8,recency,0.35,12,4.6875,56.25,4.3125,51.75,0.375,4.5
qwen25_15b,96,msc_valid,8,lexical_tfidf,0.35,12,4.229166666666667,50.75,4.3125,51.75,-0.08333333333333304,-1.0
qwen25_15b,96,msc_valid,8,recency_keep_compress_drop,0.35,12,4.1875,50.25,4.3125,51.75,-0.125,-1.5
qwen25_15b,96,msc_valid,8,uniform,0.5,12,4.604166666666667,55.25,4.3125,51.75,0.29166666666666696,3.5
qwen25_15b,96,msc_valid,8,longllmlingua,0.5,12,4.520833333333333,54.25,4.3125,51.75,0.20833333333333304,2.5
qwen25_15b,96,msc_valid,8,recency,0.5,12,4.416666666666667,53.0,4.3125,51.75,0.10416666666666696,1.25
qwen25_15b,96,msc_valid,8,lexical_tfidf,0.5,12,4.0,48.0,4.3125,51.75,-0.3125,-3.75
qwen25_15b,96,msc_valid,8,recency_keep_compress_drop,0.5,12,4.0,48.0,4.3125,51.75,-0.3125,-3.75
qwen25_15b,96,msc_valid,10,uniform,0.2,14,4.142857142857143,58.0,3.875,54.25,0.26785714285714324,3.75
qwen25_15b,96,msc_valid,10,longllmlingua,0.2,14,2.9642857142857144,41.5,3.875,54.25,-0.9107142857142856,-12.75
qwen25_15b,96,msc_valid,10,recency,0.2,14,4.482142857142857,62.75,3.875,54.25,0.6071428571428568,8.5
qwen25_15b,96,msc_valid,10,lexical_tfidf,0.2,14,4.017857142857143,56.25,3.875,54.25,0.14285714285714324,2.0
qwen25_15b,96,msc_valid,10,recency_keep_compress_drop,0.2,14,4.517857142857143,63.25,3.875,54.25,0.6428571428571432,9.0
qwen25_15b,96,msc_valid,10,uniform,0.35,14,3.8035714285714284,53.25,3.875,54.25,-0.07142857142857162,-1.0
qwen25_15b,96,msc_valid,10,longllmlingua,0.35,14,3.1607142857142856,44.25,3.875,54.25,-0.7142857142857144,-10.0
qwen25_15b,96,msc_valid,10,recency,0.35,14,4.125,57.75,3.875,54.25,0.25,3.5
qwen25_15b,96,msc_valid,10,lexical_tfidf,0.35,14,3.8214285714285716,53.5,3.875,54.25,-0.05357142857142838,-0.75
qwen25_15b,96,msc_valid,10,recency_keep_compress_drop,0.35,14,3.9642857142857144,55.5,3.875,54.25,0.08928571428571441,1.25
qwen25_15b,96,msc_valid,10,uniform,0.5,14,3.9107142857142856,54.75,3.875,54.25,0.03571428571428559,0.5
qwen25_15b,96,msc_valid,10,longllmlingua,0.5,14,3.232142857142857,45.25,3.875,54.25,-0.6428571428571428,-9.0
qwen25_15b,96,msc_valid,10,recency,0.5,14,4.142857142857143,58.0,3.875,54.25,0.26785714285714324,3.75
qwen25_15b,96,msc_valid,10,lexical_tfidf,0.5,14,3.9285714285714284,55.0,3.875,54.25,0.05357142857142838,0.75
qwen25_15b,96,msc_valid,10,recency_keep_compress_drop,0.5,14,3.8035714285714284,53.25,3.875,54.25,-0.07142857142857162,-1.0
qwen25_15b,96,msc_valid,12,uniform,0.2,10,3.525,35.25,3.1,31.0,0.4249999999999998,4.25
qwen25_15b,96,msc_valid,12,longllmlingua,0.2,10,3.375,33.75,3.1,31.0,0.2749999999999999,2.75
qwen25_15b,96,msc_valid,12,recency,0.2,10,3.2,32.0,3.1,31.0,0.10000000000000009,1.0
qwen25_15b,96,msc_valid,12,lexical_tfidf,0.2,10,3.6,36.0,3.1,31.0,0.5,5.0
qwen25_15b,96,msc_valid,12,recency_keep_compress_drop,0.2,10,3.325,33.25,3.1,31.0,0.2250000000000001,2.25
qwen25_15b,96,msc_valid,12,uniform,0.35,10,3.5,35.0,3.1,31.0,0.3999999999999999,4.0
qwen25_15b,96,msc_valid,12,longllmlingua,0.35,10,3.55,35.5,3.1,31.0,0.44999999999999973,4.5
qwen25_15b,96,msc_valid,12,recency,0.35,10,3.25,32.5,3.1,31.0,0.1499999999999999,1.5
qwen25_15b,96,msc_valid,12,lexical_tfidf,0.35,10,3.45,34.5,3.1,31.0,0.3500000000000001,3.5
qwen25_15b,96,msc_valid,12,recency_keep_compress_drop,0.35,10,3.3,33.0,3.1,31.0,0.19999999999999973,2.0
qwen25_15b,96,msc_valid,12,uniform,0.5,10,3.375,33.75,3.1,31.0,0.2749999999999999,2.75
qwen25_15b,96,msc_valid,12,longllmlingua,0.5,10,3.375,33.75,3.1,31.0,0.2749999999999999,2.75
qwen25_15b,96,msc_valid,12,recency,0.5,10,3.225,32.25,3.1,31.0,0.125,1.25
qwen25_15b,96,msc_valid,12,lexical_tfidf,0.5,10,3.25,32.5,3.1,31.0,0.1499999999999999,1.5
qwen25_15b,96,msc_valid,12,recency_keep_compress_drop,0.5,10,3.1125,31.125,3.1,31.0,0.012499999999999734,0.125
qwen25_15b,96,msc_valid,14,uniform,0.2,11,2.4545454545454546,27.0,2.022727272727273,22.25,0.43181818181818166,4.75
qwen25_15b,96,msc_valid,14,longllmlingua,0.2,11,2.0568181818181817,22.625,2.022727272727273,22.25,0.03409090909090873,0.375
qwen25_15b,96,msc_valid,14,recency,0.2,11,2.352272727272727,25.875,2.022727272727273,22.25,0.32954545454545414,3.625
qwen25_15b,96,msc_valid,14,lexical_tfidf,0.2,11,2.397727272727273,26.375,2.022727272727273,22.25,0.375,4.125
qwen25_15b,96,msc_valid,14,recency_keep_compress_drop,0.2,11,2.2613636363636362,24.875,2.022727272727273,22.25,0.2386363636363633,2.625
qwen25_15b,96,msc_valid,14,uniform,0.35,11,2.1818181818181817,24.0,2.022727272727273,22.25,0.15909090909090873,1.75
qwen25_15b,96,msc_valid,14,longllmlingua,0.35,11,2.352272727272727,25.875,2.022727272727273,22.25,0.32954545454545414,3.625
qwen25_15b,96,msc_valid,14,recency,0.35,11,2.3181818181818183,25.5,2.022727272727273,22.25,0.2954545454545454,3.25
qwen25_15b,96,msc_valid,14,lexical_tfidf,0.35,11,2.4545454545454546,27.0,2.022727272727273,22.25,0.43181818181818166,4.75
qwen25_15b,96,msc_valid,14,recency_keep_compress_drop,0.35,11,2.1818181818181817,24.0,2.022727272727273,22.25,0.15909090909090873,1.75
qwen25_15b,96,msc_valid,14,uniform,0.5,11,2.159090909090909,23.75,2.022727272727273,22.25,0.13636363636363624,1.5
qwen25_15b,96,msc_valid,14,longllmlingua,0.5,11,2.409090909090909,26.5,2.022727272727273,22.25,0.38636363636363624,4.25
qwen25_15b,96,msc_valid,14,recency,0.5,11,2.4431818181818183,26.875,2.022727272727273,22.25,0.4204545454545454,4.625
qwen25_15b,96,msc_valid,14,lexical_tfidf,0.5,11,2.522727272727273,27.75,2.022727272727273,22.25,0.5,5.5
qwen25_15b,96,msc_valid,14,recency_keep_compress_drop,0.5,11,2.227272727272727,24.5,2.022727272727273,22.25,0.20454545454545414,2.25
qwen25_15b,105,msc_valid,4,uniform,0.2,20,3.575,71.5,3.3,66.0,0.27500000000000036,5.5
qwen25_15b,105,msc_valid,4,longllmlingua,0.2,20,3.25,65.0,3.3,66.0,-0.04999999999999982,-1.0
qwen25_15b,105,msc_valid,4,recency,0.2,20,3.575,71.5,3.3,66.0,0.27500000000000036,5.5
qwen25_15b,105,msc_valid,4,lexical_tfidf,0.2,20,3.575,71.5,3.3,66.0,0.27500000000000036,5.5
qwen25_15b,105,msc_valid,4,recency_keep_compress_drop,0.2,20,3.575,71.5,3.3,66.0,0.27500000000000036,5.5
qwen25_15b,105,msc_valid,4,uniform,0.35,20,3.425,68.5,3.3,66.0,0.125,2.5
qwen25_15b,105,msc_valid,4,longllmlingua,0.35,20,3.275,65.5,3.3,66.0,-0.02499999999999991,-0.5
qwen25_15b,105,msc_valid,4,recency,0.35,20,3.425,68.5,3.3,66.0,0.125,2.5
qwen25_15b,105,msc_valid,4,lexical_tfidf,0.35,20,3.425,68.5,3.3,66.0,0.125,2.5
qwen25_15b,105,msc_valid,4,recency_keep_compress_drop,0.35,20,3.425,68.5,3.3,66.0,0.125,2.5
qwen25_15b,105,msc_valid,4,uniform,0.5,20,3.425,68.5,3.3,66.0,0.125,2.5
qwen25_15b,105,msc_valid,4,longllmlingua,0.5,20,3.1875,63.75,3.3,66.0,-0.11249999999999982,-2.25
qwen25_15b,105,msc_valid,4,recency,0.5,20,3.425,68.5,3.3,66.0,0.125,2.5
qwen25_15b,105,msc_valid,4,lexical_tfidf,0.5,20,3.425,68.5,3.3,66.0,0.125,2.5
qwen25_15b,105,msc_valid,4,recency_keep_compress_drop,0.5,20,3.425,68.5,3.3,66.0,0.125,2.5
qwen25_15b,105,msc_valid,8,uniform,0.2,14,1.9910714285714286,27.875,1.9821428571428572,27.75,0.008928571428571397,0.125
qwen25_15b,105,msc_valid,8,longllmlingua,0.2,14,1.9196428571428572,26.875,1.9821428571428572,27.75,-0.0625,-0.875
qwen25_15b,105,msc_valid,8,recency,0.2,14,1.9910714285714286,27.875,1.9821428571428572,27.75,0.008928571428571397,0.125
qwen25_15b,105,msc_valid,8,lexical_tfidf,0.2,14,2.1517857142857144,30.125,1.9821428571428572,27.75,0.1696428571428572,2.375
qwen25_15b,105,msc_valid,8,recency_keep_compress_drop,0.2,14,2.1517857142857144,30.125,1.9821428571428572,27.75,0.1696428571428572,2.375
qwen25_15b,105,msc_valid,8,uniform,0.35,14,2.0,28.0,1.9821428571428572,27.75,0.017857142857142794,0.25
qwen25_15b,105,msc_valid,8,longllmlingua,0.35,14,1.9107142857142858,26.75,1.9821428571428572,27.75,-0.0714285714285714,-1.0
qwen25_15b,105,msc_valid,8,recency,0.35,14,1.9910714285714286,27.875,1.9821428571428572,27.75,0.008928571428571397,0.125
qwen25_15b,105,msc_valid,8,lexical_tfidf,0.35,14,2.0089285714285716,28.125,1.9821428571428572,27.75,0.026785714285714413,0.375
qwen25_15b,105,msc_valid,8,recency_keep_compress_drop,0.35,14,1.9285714285714286,27.0,1.9821428571428572,27.75,-0.0535714285714286,-0.75
qwen25_15b,105,msc_valid,8,uniform,0.5,14,1.875,26.25,1.9821428571428572,27.75,-0.1071428571428572,-1.5
qwen25_15b,105,msc_valid,8,longllmlingua,0.5,14,1.7678571428571428,24.75,1.9821428571428572,27.75,-0.2142857142857144,-3.0
qwen25_15b,105,msc_valid,8,recency,0.5,14,1.8839285714285714,26.375,1.9821428571428572,27.75,-0.09821428571428581,-1.375
qwen25_15b,105,msc_valid,8,lexical_tfidf,0.5,14,1.8839285714285714,26.375,1.9821428571428572,27.75,-0.09821428571428581,-1.375
qwen25_15b,105,msc_valid,8,recency_keep_compress_drop,0.5,14,1.8839285714285714,26.375,1.9821428571428572,27.75,-0.09821428571428581,-1.375
qwen25_15b,105,msc_valid,12,uniform,0.2,15,2.3,34.5,1.9833333333333334,29.75,0.31666666666666643,4.75
qwen25_15b,105,msc_valid,12,longllmlingua,0.2,15,1.9833333333333334,29.75,1.9833333333333334,29.75,0.0,0.0
qwen25_15b,105,msc_valid,12,recency,0.2,15,2.216666666666667,33.25,1.9833333333333334,29.75,0.2333333333333334,3.5
qwen25_15b,105,msc_valid,12,lexical_tfidf,0.2,15,2.216666666666667,33.25,1.9833333333333334,29.75,0.2333333333333334,3.5
qwen25_15b,105,msc_valid,12,recency_keep_compress_drop,0.2,15,2.183333333333333,32.75,1.9833333333333334,29.75,0.19999999999999973,3.0
qwen25_15b,105,msc_valid,12,uniform,0.35,15,2.2,33.0,1.9833333333333334,29.75,0.21666666666666679,3.25
qwen25_15b,105,msc_valid,12,longllmlingua,0.35,15,1.975,29.625,1.9833333333333334,29.75,-0.008333333333333304,-0.125
qwen25_15b,105,msc_valid,12,recency,0.35,15,2.05,30.75,1.9833333333333334,29.75,0.06666666666666643,1.0
qwen25_15b,105,msc_valid,12,lexical_tfidf,0.35,15,2.1166666666666667,31.75,1.9833333333333334,29.75,0.1333333333333333,2.0
qwen25_15b,105,msc_valid,12,recency_keep_compress_drop,0.35,15,2.025,30.375,1.9833333333333334,29.75,0.04166666666666652,0.625
qwen25_15b,105,msc_valid,12,uniform,0.5,15,2.075,31.125,1.9833333333333334,29.75,0.09166666666666679,1.375
qwen25_15b,105,msc_valid,12,longllmlingua,0.5,15,1.9,28.5,1.9833333333333334,29.75,-0.08333333333333348,-1.25
qwen25_15b,105,msc_valid,12,recency,0.5,15,1.9583333333333333,29.375,1.9833333333333334,29.75,-0.025000000000000133,-0.375
qwen25_15b,105,msc_valid,12,lexical_tfidf,0.5,15,1.975,29.625,1.9833333333333334,29.75,-0.008333333333333304,-0.125
qwen25_15b,105,msc_valid,12,recency_keep_compress_drop,0.5,15,2.058333333333333,30.875,1.9833333333333334,29.75,0.07499999999999973,1.125
qwen25_15b,105,msc_valid,14,uniform,0.2,49,2.795918367346939,137.0,2.63265306122449,129.0,0.16326530612244916,8.0
qwen25_15b,105,msc_valid,14,longllmlingua,0.2,49,2.7551020408163267,135.0,2.63265306122449,129.0,0.12244897959183687,6.0
qwen25_15b,105,msc_valid,14,recency,0.2,49,2.7755102040816326,136.0,2.63265306122449,129.0,0.1428571428571428,7.0
qwen25_15b,105,msc_valid,14,lexical_tfidf,0.2,49,2.7551020408163267,135.0,2.63265306122449,129.0,0.12244897959183687,6.0
qwen25_15b,105,msc_valid,14,recency_keep_compress_drop,0.2,49,2.795918367346939,137.0,2.63265306122449,129.0,0.16326530612244916,8.0
qwen25_15b,105,msc_valid,14,uniform,0.35,49,2.7551020408163267,135.0,2.63265306122449,129.0,0.12244897959183687,6.0
qwen25_15b,105,msc_valid,14,longllmlingua,0.35,49,2.6122448979591835,128.0,2.63265306122449,129.0,-0.020408163265306367,-1.0
qwen25_15b,105,msc_valid,14,recency,0.35,49,2.7551020408163267,135.0,2.63265306122449,129.0,0.12244897959183687,6.0
qwen25_15b,105,msc_valid,14,lexical_tfidf,0.35,49,2.5918367346938775,127.0,2.63265306122449,129.0,-0.04081632653061229,-2.0
qwen25_15b,105,msc_valid,14,recency_keep_compress_drop,0.35,49,2.7142857142857144,133.0,2.63265306122449,129.0,0.08163265306122458,4.0
qwen25_15b,105,msc_valid,14,uniform,0.5,49,2.7346938775510203,134.0,2.63265306122449,129.0,0.1020408163265305,5.0
qwen25_15b,105,msc_valid,14,longllmlingua,0.5,49,2.673469387755102,131.0,2.63265306122449,129.0,0.04081632653061229,2.0
qwen25_15b,105,msc_valid,14,recency,0.5,49,2.673469387755102,131.0,2.63265306122449,129.0,0.04081632653061229,2.0
qwen25_15b,105,msc_valid,14,lexical_tfidf,0.5,49,2.6530612244897958,130.0,2.63265306122449,129.0,0.020408163265305923,1.0
qwen25_15b,105,msc_valid,14,recency_keep_compress_drop,0.5,49,2.6020408163265305,127.5,2.63265306122449,129.0,-0.03061224489795933,-1.5
qwen25_15b,105,msc_valid,18,uniform,0.2,46,2.0434782608695654,94.0,2.097826086956522,96.5,-0.05434782608695654,-2.5
qwen25_15b,105,msc_valid,18,longllmlingua,0.2,46,2.217391304347826,102.0,2.097826086956522,96.5,0.11956521739130421,5.5
qwen25_15b,105,msc_valid,18,recency,0.2,46,2.0760869565217392,95.5,2.097826086956522,96.5,-0.021739130434782705,-1.0
qwen25_15b,105,msc_valid,18,lexical_tfidf,0.2,46,2.032608695652174,93.5,2.097826086956522,96.5,-0.06521739130434812,-3.0
qwen25_15b,105,msc_valid,18,recency_keep_compress_drop,0.2,46,2.032608695652174,93.5,2.097826086956522,96.5,-0.06521739130434812,-3.0
qwen25_15b,105,msc_valid,18,uniform,0.35,46,2.141304347826087,98.5,2.097826086956522,96.5,0.043478260869564966,2.0
qwen25_15b,105,msc_valid,18,longllmlingua,0.35,46,2.217391304347826,102.0,2.097826086956522,96.5,0.11956521739130421,5.5
qwen25_15b,105,msc_valid,18,recency,0.35,46,2.032608695652174,93.5,2.097826086956522,96.5,-0.06521739130434812,-3.0
qwen25_15b,105,msc_valid,18,lexical_tfidf,0.35,46,2.0543478260869565,94.5,2.097826086956522,96.5,-0.04347826086956541,-2.0
qwen25_15b,105,msc_valid,18,recency_keep_compress_drop,0.35,46,2.0217391304347827,93.0,2.097826086956522,96.5,-0.07608695652173925,-3.5
qwen25_15b,105,msc_valid,18,uniform,0.5,46,2.097826086956522,96.5,2.097826086956522,96.5,0.0,0.0
qwen25_15b,105,msc_valid,18,longllmlingua,0.5,46,2.1630434782608696,99.5,2.097826086956522,96.5,0.06521739130434767,3.0
qwen25_15b,105,msc_valid,18,recency,0.5,46,2.0543478260869565,94.5,2.097826086956522,96.5,-0.04347826086956541,-2.0
qwen25_15b,105,msc_valid,18,lexical_tfidf,0.5,46,2.0869565217391304,96.0,2.097826086956522,96.5,-0.010869565217391575,-0.5
qwen25_15b,105,msc_valid,18,recency_keep_compress_drop,0.5,46,2.0434782608695654,94.0,2.097826086956522,96.5,-0.05434782608695654,-2.5
qwen25_15b,105,msc_valid,22,uniform,0.2,57,2.719298245614035,155.0,2.491228070175439,142.0,0.2280701754385963,13.0
qwen25_15b,105,msc_valid,22,longllmlingua,0.2,57,2.6315789473684212,150.0,2.491228070175439,142.0,0.14035087719298245,8.0
qwen25_15b,105,msc_valid,22,recency,0.2,57,2.736842105263158,156.0,2.491228070175439,142.0,0.24561403508771917,14.0
qwen25_15b,105,msc_valid,22,lexical_tfidf,0.2,57,2.719298245614035,155.0,2.491228070175439,142.0,0.2280701754385963,13.0
qwen25_15b,105,msc_valid,22,recency_keep_compress_drop,0.2,57,2.736842105263158,156.0,2.491228070175439,142.0,0.24561403508771917,14.0
qwen25_15b,105,msc_valid,22,uniform,0.35,57,2.6140350877192984,149.0,2.491228070175439,142.0,0.12280701754385959,7.0
qwen25_15b,105,msc_valid,22,longllmlingua,0.35,57,2.6315789473684212,150.0,2.491228070175439,142.0,0.14035087719298245,8.0
qwen25_15b,105,msc_valid,22,recency,0.35,57,2.6491228070175437,151.0,2.491228070175439,142.0,0.15789473684210487,9.0
qwen25_15b,105,msc_valid,22,lexical_tfidf,0.35,57,2.6842105263157894,153.0,2.491228070175439,142.0,0.1929824561403506,11.0
qwen25_15b,105,msc_valid,22,recency_keep_compress_drop,0.35,57,2.719298245614035,155.0,2.491228070175439,142.0,0.2280701754385963,13.0
qwen25_15b,105,msc_valid,22,uniform,0.5,57,2.56140350877193,146.0,2.491228070175439,142.0,0.070175438596491,4.0
qwen25_15b,105,msc_valid,22,longllmlingua,0.5,57,2.5964912280701755,148.0,2.491228070175439,142.0,0.10526315789473673,6.0
qwen25_15b,105,msc_valid,22,recency,0.5,57,2.6666666666666665,152.0,2.491228070175439,142.0,0.17543859649122773,10.0
qwen25_15b,105,msc_valid,22,lexical_tfidf,0.5,57,2.6666666666666665,152.0,2.491228070175439,142.0,0.17543859649122773,10.0
qwen25_15b,105,msc_valid,22,recency_keep_compress_drop,0.5,57,2.6666666666666665,152.0,2.491228070175439,142.0,0.17543859649122773,10.0
qwen25_15b,105,msc_valid,26,uniform,0.2,15,2.2666666666666666,34.0,1.8416666666666666,27.625,0.42500000000000004,6.375
qwen25_15b,105,msc_valid,26,longllmlingua,0.2,15,2.0083333333333333,30.125,1.8416666666666666,27.625,0.16666666666666674,2.5
qwen25_15b,105,msc_valid,26,recency,0.2,15,2.091666666666667,31.375,1.8416666666666666,27.625,0.2500000000000002,3.75
qwen25_15b,105,msc_valid,26,lexical_tfidf,0.2,15,1.95,29.25,1.8416666666666666,27.625,0.10833333333333339,1.625
qwen25_15b,105,msc_valid,26,recency_keep_compress_drop,0.2,15,1.8,27.0,1.8416666666666666,27.625,-0.04166666666666652,-0.625
qwen25_15b,105,msc_valid,26,uniform,0.35,15,2.2333333333333334,33.5,1.8416666666666666,27.625,0.39166666666666683,5.875
qwen25_15b,105,msc_valid,26,longllmlingua,0.35,15,1.8833333333333333,28.25,1.8416666666666666,27.625,0.04166666666666674,0.625
qwen25_15b,105,msc_valid,26,recency,0.35,15,2.033333333333333,30.5,1.8416666666666666,27.625,0.19166666666666665,2.875
qwen25_15b,105,msc_valid,26,lexical_tfidf,0.35,15,1.9583333333333333,29.375,1.8416666666666666,27.625,0.1166666666666667,1.75
qwen25_15b,105,msc_valid,26,recency_keep_compress_drop,0.35,15,1.8166666666666667,27.25,1.8416666666666666,27.625,-0.02499999999999991,-0.375
qwen25_15b,105,msc_valid,26,uniform,0.5,15,2.2,33.0,1.8416666666666666,27.625,0.3583333333333336,5.375
qwen25_15b,105,msc_valid,26,longllmlingua,0.5,15,1.7,25.5,1.8416666666666666,27.625,-0.1416666666666666,-2.125
qwen25_15b,105,msc_valid,26,recency,0.5,15,1.8083333333333333,27.125,1.8416666666666666,27.625,-0.033333333333333215,-0.5
qwen25_15b,105,msc_valid,26,lexical_tfidf,0.5,15,1.8333333333333333,27.5,1.8416666666666666,27.625,-0.008333333333333304,-0.125
qwen25_15b,105,msc_valid,26,recency_keep_compress_drop,0.5,15,1.825,27.375,1.8416666666666666,27.625,-0.016666666666666607,-0.25
qwen25_15b,105,msc_valid,30,uniform,0.2,25,2.45,61.25,2.01,50.25,0.4400000000000004,11.0
qwen25_15b,105,msc_valid,30,longllmlingua,0.2,25,2.05,51.25,2.01,50.25,0.040000000000000036,1.0
qwen25_15b,105,msc_valid,30,recency,0.2,25,2.02,50.5,2.01,50.25,0.010000000000000231,0.25
qwen25_15b,105,msc_valid,30,lexical_tfidf,0.2,25,2.22,55.5,2.01,50.25,0.2100000000000004,5.25
qwen25_15b,105,msc_valid,30,recency_keep_compress_drop,0.2,25,2.21,55.25,2.01,50.25,0.20000000000000018,5.0
qwen25_15b,105,msc_valid,30,uniform,0.35,25,2.26,56.5,2.01,50.25,0.25,6.25
qwen25_15b,105,msc_valid,30,longllmlingua,0.35,25,2.13,53.25,2.01,50.25,0.1200000000000001,3.0
qwen25_15b,105,msc_valid,30,recency,0.35,25,2.03,50.75,2.01,50.25,0.020000000000000018,0.5
qwen25_15b,105,msc_valid,30,lexical_tfidf,0.35,25,2.01,50.25,2.01,50.25,0.0,0.0
qwen25_15b,105,msc_valid,30,recency_keep_compress_drop,0.35,25,2.07,51.75,2.01,50.25,0.06000000000000005,1.5
qwen25_15b,105,msc_valid,30,uniform,0.5,25,2.28,57.0,2.01,50.25,0.27,6.75
qwen25_15b,105,msc_valid,30,longllmlingua,0.5,25,2.12,53.0,2.01,50.25,0.11000000000000032,2.75
qwen25_15b,105,msc_valid,30,recency,0.5,25,2.05,51.25,2.01,50.25,0.040000000000000036,1.0
qwen25_15b,105,msc_valid,30,lexical_tfidf,0.5,25,2.01,50.25,2.01,50.25,0.0,0.0
qwen25_15b,105,msc_valid,30,recency_keep_compress_drop,0.5,25,1.99,49.75,2.01,50.25,-0.019999999999999796,-0.5
qwen25_15b,105,msc_valid,32,uniform,0.2,21,1.8214285714285714,38.25,1.7857142857142858,37.5,0.03571428571428559,0.75
qwen25_15b,105,msc_valid,32,longllmlingua,0.2,21,1.7619047619047619,37.0,1.7857142857142858,37.5,-0.023809523809523947,-0.5
qwen25_15b,105,msc_valid,32,recency,0.2,21,1.7142857142857142,36.0,1.7857142857142858,37.5,-0.07142857142857162,-1.5
qwen25_15b,105,msc_valid,32,lexical_tfidf,0.2,21,1.8214285714285714,38.25,1.7857142857142858,37.5,0.03571428571428559,0.75
qwen25_15b,105,msc_valid,32,recency_keep_compress_drop,0.2,21,1.7738095238095237,37.25,1.7857142857142858,37.5,-0.011904761904762085,-0.25
qwen25_15b,105,msc_valid,32,uniform,0.35,21,1.75,36.75,1.7857142857142858,37.5,-0.03571428571428581,-0.75
qwen25_15b,105,msc_valid,32,longllmlingua,0.35,21,1.7738095238095237,37.25,1.7857142857142858,37.5,-0.011904761904762085,-0.25
qwen25_15b,105,msc_valid,32,recency,0.35,21,1.7023809523809523,35.75,1.7857142857142858,37.5,-0.08333333333333348,-1.75
qwen25_15b,105,msc_valid,32,lexical_tfidf,0.35,21,1.7976190476190477,37.75,1.7857142857142858,37.5,0.011904761904761862,0.25
qwen25_15b,105,msc_valid,32,recency_keep_compress_drop,0.35,21,1.8214285714285714,38.25,1.7857142857142858,37.5,0.03571428571428559,0.75
qwen25_15b,105,msc_valid,32,uniform,0.5,21,1.8095238095238095,38.0,1.7857142857142858,37.5,0.023809523809523725,0.5
qwen25_15b,105,msc_valid,32,longllmlingua,0.5,21,1.7261904761904763,36.25,1.7857142857142858,37.5,-0.059523809523809534,-1.25
qwen25_15b,105,msc_valid,32,recency,0.5,21,1.6785714285714286,35.25,1.7857142857142858,37.5,-0.1071428571428572,-2.25
qwen25_15b,105,msc_valid,32,lexical_tfidf,0.5,21,1.7380952380952381,36.5,1.7857142857142858,37.5,-0.04761904761904767,-1.0
qwen25_15b,105,msc_valid,32,recency_keep_compress_drop,0.5,21,1.7976190476190477,37.75,1.7857142857142858,37.5,0.011904761904761862,0.25
qwen25_15b,105,msc_valid,36,uniform,0.2,31,1.9596774193548387,60.75,0.0,0.0,1.9596774193548387,60.75
qwen25_15b,105,msc_valid,36,longllmlingua,0.2,31,1.8548387096774193,57.5,0.0,0.0,1.8548387096774193,57.5
qwen25_15b,105,msc_valid,36,recency,0.2,31,1.9112903225806452,59.25,0.0,0.0,1.9112903225806452,59.25
qwen25_15b,105,msc_valid,36,lexical_tfidf,0.2,31,1.903225806451613,59.0,0.0,0.0,1.903225806451613,59.0
qwen25_15b,105,msc_valid,36,recency_keep_compress_drop,0.2,31,2.024193548387097,62.75,0.0,0.0,2.024193548387097,62.75
qwen25_15b,105,msc_valid,36,uniform,0.35,31,2.056451612903226,63.75,0.0,0.0,2.056451612903226,63.75
qwen25_15b,105,msc_valid,36,longllmlingua,0.35,31,1.7580645161290323,54.5,0.0,0.0,1.7580645161290323,54.5
qwen25_15b,105,msc_valid,36,recency,0.35,31,1.7419354838709677,54.0,0.0,0.0,1.7419354838709677,54.0
qwen25_15b,105,msc_valid,36,lexical_tfidf,0.35,31,1.814516129032258,56.25,0.0,0.0,1.814516129032258,56.25
qwen25_15b,105,msc_valid,36,recency_keep_compress_drop,0.35,31,1.903225806451613,59.0,0.0,0.0,1.903225806451613,59.0
qwen25_15b,105,msc_valid,36,uniform,0.5,31,1.8064516129032258,56.0,0.0,0.0,1.8064516129032258,56.0
qwen25_15b,105,msc_valid,36,longllmlingua,0.5,31,1.7903225806451613,55.5,0.0,0.0,1.7903225806451613,55.5
qwen25_15b,105,msc_valid,36,recency,0.5,31,1.7419354838709677,54.0,0.0,0.0,1.7419354838709677,54.0
qwen25_15b,105,msc_valid,36,lexical_tfidf,0.5,31,1.8870967741935485,58.5,0.0,0.0,1.8870967741935485,58.5
qwen25_15b,105,msc_valid,36,recency_keep_compress_drop,0.5,31,1.782258064516129,55.25,0.0,0.0,1.782258064516129,55.25
qwen25_15b,105,msc_valid,40,uniform,0.2,34,2.8823529411764706,98.0,0.0,0.0,2.8823529411764706,98.0
qwen25_15b,105,msc_valid,40,longllmlingua,0.2,34,2.9558823529411766,100.5,0.0,0.0,2.9558823529411766,100.5
qwen25_15b,105,msc_valid,40,recency,0.2,34,2.9411764705882355,100.0,0.0,0.0,2.9411764705882355,100.0
qwen25_15b,105,msc_valid,40,lexical_tfidf,0.2,34,2.7941176470588234,95.0,0.0,0.0,2.7941176470588234,95.0
qwen25_15b,105,msc_valid,40,recency_keep_compress_drop,0.2,34,2.7794117647058822,94.5,0.0,0.0,2.7794117647058822,94.5
qwen25_15b,105,msc_valid,40,uniform,0.35,34,2.8676470588235294,97.5,0.0,0.0,2.8676470588235294,97.5
qwen25_15b,105,msc_valid,40,longllmlingua,0.35,34,2.9705882352941178,101.0,0.0,0.0,2.9705882352941178,101.0
qwen25_15b,105,msc_valid,40,recency,0.35,34,2.838235294117647,96.5,0.0,0.0,2.838235294117647,96.5
qwen25_15b,105,msc_valid,40,lexical_tfidf,0.35,34,2.8529411764705883,97.0,0.0,0.0,2.8529411764705883,97.0
qwen25_15b,105,msc_valid,40,recency_keep_compress_drop,0.35,34,2.7941176470588234,95.0,0.0,0.0,2.7941176470588234,95.0
qwen25_15b,105,msc_valid,40,uniform,0.5,34,2.8970588235294117,98.5,0.0,0.0,2.8970588235294117,98.5
qwen25_15b,105,msc_valid,40,longllmlingua,0.5,34,2.9705882352941178,101.0,0.0,0.0,2.9705882352941178,101.0
qwen25_15b,105,msc_valid,40,recency,0.5,34,2.8529411764705883,97.0,0.0,0.0,2.8529411764705883,97.0
qwen25_15b,105,msc_valid,40,lexical_tfidf,0.5,34,2.838235294117647,96.5,0.0,0.0,2.838235294117647,96.5
qwen25_15b,105,msc_valid,40,recency_keep_compress_drop,0.5,34,2.8088235294117645,95.5,0.0,0.0,2.8088235294117645,95.5
qwen25_15b,105,msc_valid,44,uniform,0.2,11,2.9545454545454546,32.5,0.0,0.0,2.9545454545454546,32.5
qwen25_15b,105,msc_valid,44,longllmlingua,0.2,11,2.8863636363636362,31.75,0.0,0.0,2.8863636363636362,31.75
qwen25_15b,105,msc_valid,44,recency,0.2,11,2.8181818181818183,31.0,0.0,0.0,2.8181818181818183,31.0
qwen25_15b,105,msc_valid,44,lexical_tfidf,0.2,11,2.6931818181818183,29.625,0.0,0.0,2.6931818181818183,29.625
qwen25_15b,105,msc_valid,44,recency_keep_compress_drop,0.2,11,2.5681818181818183,28.25,0.0,0.0,2.5681818181818183,28.25
qwen25_15b,105,msc_valid,44,uniform,0.35,11,2.6363636363636362,29.0,0.0,0.0,2.6363636363636362,29.0
qwen25_15b,105,msc_valid,44,longllmlingua,0.35,11,2.875,31.625,0.0,0.0,2.875,31.625
qwen25_15b,105,msc_valid,44,recency,0.35,11,2.727272727272727,30.0,0.0,0.0,2.727272727272727,30.0
qwen25_15b,105,msc_valid,44,lexical_tfidf,0.35,11,2.6136363636363638,28.75,0.0,0.0,2.6136363636363638,28.75
qwen25_15b,105,msc_valid,44,recency_keep_compress_drop,0.35,11,2.5568181818181817,28.125,0.0,0.0,2.5568181818181817,28.125
qwen25_15b,105,msc_valid,44,uniform,0.5,11,2.977272727272727,32.75,0.0,0.0,2.977272727272727,32.75
qwen25_15b,105,msc_valid,44,longllmlingua,0.5,11,2.8068181818181817,30.875,0.0,0.0,2.8068181818181817,30.875
qwen25_15b,105,msc_valid,44,recency,0.5,11,2.6363636363636362,29.0,0.0,0.0,2.6363636363636362,29.0
qwen25_15b,105,msc_valid,44,lexical_tfidf,0.5,11,2.5568181818181817,28.125,0.0,0.0,2.5568181818181817,28.125
qwen25_15b,105,msc_valid,44,recency_keep_compress_drop,0.5,11,2.6363636363636362,29.0,0.0,0.0,2.6363636363636362,29.0
qwen25_15b,155,msc_valid,4,uniform,0.2,19,2.763157894736842,52.5,2.736842105263158,52.0,0.02631578947368407,0.5
qwen25_15b,155,msc_valid,4,longllmlingua,0.2,19,2.486842105263158,47.25,2.736842105263158,52.0,-0.25,-4.75
qwen25_15b,155,msc_valid,4,recency,0.2,19,2.763157894736842,52.5,2.736842105263158,52.0,0.02631578947368407,0.5
qwen25_15b,155,msc_valid,4,lexical_tfidf,0.2,19,2.763157894736842,52.5,2.736842105263158,52.0,0.02631578947368407,0.5
qwen25_15b,155,msc_valid,4,recency_keep_compress_drop,0.2,19,2.763157894736842,52.5,2.736842105263158,52.0,0.02631578947368407,0.5
qwen25_15b,155,msc_valid,4,uniform,0.35,19,2.763157894736842,52.5,2.736842105263158,52.0,0.02631578947368407,0.5
qwen25_15b,155,msc_valid,4,longllmlingua,0.35,19,2.4473684210526314,46.5,2.736842105263158,52.0,-0.28947368421052655,-5.5
qwen25_15b,155,msc_valid,4,recency,0.35,19,2.763157894736842,52.5,2.736842105263158,52.0,0.02631578947368407,0.5
qwen25_15b,155,msc_valid,4,lexical_tfidf,0.35,19,2.763157894736842,52.5,2.736842105263158,52.0,0.02631578947368407,0.5
qwen25_15b,155,msc_valid,4,recency_keep_compress_drop,0.35,19,2.763157894736842,52.5,2.736842105263158,52.0,0.02631578947368407,0.5
qwen25_15b,155,msc_valid,4,uniform,0.5,19,2.763157894736842,52.5,2.736842105263158,52.0,0.02631578947368407,0.5
qwen25_15b,155,msc_valid,4,longllmlingua,0.5,19,2.3815789473684212,45.25,2.736842105263158,52.0,-0.3552631578947367,-6.75
qwen25_15b,155,msc_valid,4,recency,0.5,19,2.763157894736842,52.5,2.736842105263158,52.0,0.02631578947368407,0.5
qwen25_15b,155,msc_valid,4,lexical_tfidf,0.5,19,2.763157894736842,52.5,2.736842105263158,52.0,0.02631578947368407,0.5
qwen25_15b,155,msc_valid,4,recency_keep_compress_drop,0.5,19,2.763157894736842,52.5,2.736842105263158,52.0,0.02631578947368407,0.5
qwen25_15b,155,msc_valid,8,uniform,0.2,16,3.625,58.0,2.921875,46.75,0.703125,11.25
qwen25_15b,155,msc_valid,8,longllmlingua,0.2,16,2.96875,47.5,2.921875,46.75,0.046875,0.75
qwen25_15b,155,msc_valid,8,recency,0.2,16,3.578125,57.25,2.921875,46.75,0.65625,10.5
qwen25_15b,155,msc_valid,8,lexical_tfidf,0.2,16,3.421875,54.75,2.921875,46.75,0.5,8.0
qwen25_15b,155,msc_valid,8,recency_keep_compress_drop,0.2,16,3.578125,57.25,2.921875,46.75,0.65625,10.5
qwen25_15b,155,msc_valid,8,uniform,0.35,16,3.6875,59.0,2.921875,46.75,0.765625,12.25
qwen25_15b,155,msc_valid,8,longllmlingua,0.35,16,2.5,40.0,2.921875,46.75,-0.421875,-6.75
qwen25_15b,155,msc_valid,8,recency,0.35,16,3.71875,59.5,2.921875,46.75,0.796875,12.75
qwen25_15b,155,msc_valid,8,lexical_tfidf,0.35,16,3.296875,52.75,2.921875,46.75,0.375,6.0
qwen25_15b,155,msc_valid,8,recency_keep_compress_drop,0.35,16,3.71875,59.5,2.921875,46.75,0.796875,12.75
qwen25_15b,155,msc_valid,8,uniform,0.5,16,3.84375,61.5,2.921875,46.75,0.921875,14.75
qwen25_15b,155,msc_valid,8,longllmlingua,0.5,16,2.34375,37.5,2.921875,46.75,-0.578125,-9.25
qwen25_15b,155,msc_valid,8,recency,0.5,16,2.6875,43.0,2.921875,46.75,-0.234375,-3.75
qwen25_15b,155,msc_valid,8,lexical_tfidf,0.5,16,2.46875,39.5,2.921875,46.75,-0.453125,-7.25
qwen25_15b,155,msc_valid,8,recency_keep_compress_drop,0.5,16,3.71875,59.5,2.921875,46.75,0.796875,12.75
qwen25_15b,155,msc_valid,12,uniform,0.2,9,2.25,20.25,2.111111111111111,19.0,0.13888888888888884,1.25
qwen25_15b,155,msc_valid,12,longllmlingua,0.2,9,2.1666666666666665,19.5,2.111111111111111,19.0,0.05555555555555536,0.5
qwen25_15b,155,msc_valid,12,recency,0.2,9,2.0972222222222223,18.875,2.111111111111111,19.0,-0.01388888888888884,-0.125
qwen25_15b,155,msc_valid,12,lexical_tfidf,0.2,9,2.2083333333333335,19.875,2.111111111111111,19.0,0.09722222222222232,0.875
qwen25_15b,155,msc_valid,12,recency_keep_compress_drop,0.2,9,2.0972222222222223,18.875,2.111111111111111,19.0,-0.01388888888888884,-0.125
qwen25_15b,155,msc_valid,12,uniform,0.35,9,2.2222222222222223,20.0,2.111111111111111,19.0,0.11111111111111116,1.0
qwen25_15b,155,msc_valid,12,longllmlingua,0.35,9,2.0555555555555554,18.5,2.111111111111111,19.0,-0.0555555555555558,-0.5
qwen25_15b,155,msc_valid,12,recency,0.35,9,1.9583333333333333,17.625,2.111111111111111,19.0,-0.1527777777777779,-1.375
qwen25_15b,155,msc_valid,12,lexical_tfidf,0.35,9,2.0833333333333335,18.75,2.111111111111111,19.0,-0.02777777777777768,-0.25
qwen25_15b,155,msc_valid,12,recency_keep_compress_drop,0.35,9,2.013888888888889,18.125,2.111111111111111,19.0,-0.09722222222222232,-0.875
qwen25_15b,155,msc_valid,12,uniform,0.5,9,2.138888888888889,19.25,2.111111111111111,19.0,0.02777777777777768,0.25
qwen25_15b,155,msc_valid,12,longllmlingua,0.5,9,2.0555555555555554,18.5,2.111111111111111,19.0,-0.0555555555555558,-0.5
qwen25_15b,155,msc_valid,12,recency,0.5,9,2.0694444444444446,18.625,2.111111111111111,19.0,-0.04166666666666652,-0.375
qwen25_15b,155,msc_valid,12,lexical_tfidf,0.5,9,2.0277777777777777,18.25,2.111111111111111,19.0,-0.08333333333333348,-0.75
qwen25_15b,155,msc_valid,12,recency_keep_compress_drop,0.5,9,2.013888888888889,18.125,2.111111111111111,19.0,-0.09722222222222232,-0.875
qwen25_15b,155,msc_valid,16,uniform,0.2,49,3.306122448979592,162.0,3.2653061224489797,160.0,0.04081632653061229,2.0
qwen25_15b,155,msc_valid,16,longllmlingua,0.2,49,3.163265306122449,155.0,3.2653061224489797,160.0,-0.1020408163265305,-5.0
qwen25_15b,155,msc_valid,16,recency,0.2,49,3.36734693877551,165.0,3.2653061224489797,160.0,0.1020408163265305,5.0
qwen25_15b,155,msc_valid,16,lexical_tfidf,0.2,49,3.4285714285714284,168.0,3.2653061224489797,160.0,0.16326530612244872,8.0
qwen25_15b,155,msc_valid,16,recency_keep_compress_drop,0.2,49,3.3469387755102042,164.0,3.2653061224489797,160.0,0.08163265306122458,4.0
qwen25_15b,155,msc_valid,16,uniform,0.35,49,3.2653061224489797,160.0,3.2653061224489797,160.0,0.0,0.0
qwen25_15b,155,msc_valid,16,longllmlingua,0.35,49,3.204081632653061,157.0,3.2653061224489797,160.0,-0.06122448979591866,-3.0
qwen25_15b,155,msc_valid,16,recency,0.35,49,3.306122448979592,162.0,3.2653061224489797,160.0,0.04081632653061229,2.0
qwen25_15b,155,msc_valid,16,lexical_tfidf,0.35,49,3.36734693877551,165.0,3.2653061224489797,160.0,0.1020408163265305,5.0
qwen25_15b,155,msc_valid,16,recency_keep_compress_drop,0.35,49,3.306122448979592,162.0,3.2653061224489797,160.0,0.04081632653061229,2.0
qwen25_15b,155,msc_valid,16,uniform,0.5,49,3.2244897959183674,158.0,3.2653061224489797,160.0,-0.04081632653061229,-2.0
qwen25_15b,155,msc_valid,16,longllmlingua,0.5,49,3.2857142857142856,161.0,3.2653061224489797,160.0,0.020408163265305923,1.0
qwen25_15b,155,msc_valid,16,recency,0.5,49,3.326530612244898,163.0,3.2653061224489797,160.0,0.06122448979591821,3.0
qwen25_15b,155,msc_valid,16,lexical_tfidf,0.5,49,3.3469387755102042,164.0,3.2653061224489797,160.0,0.08163265306122458,4.0
qwen25_15b,155,msc_valid,16,recency_keep_compress_drop,0.5,49,3.3469387755102042,164.0,3.2653061224489797,160.0,0.08163265306122458,4.0
qwen25_15b,155,msc_valid,20,uniform,0.2,55,3.6545454545454548,201.0,3.1454545454545455,173.0,0.5090909090909093,28.0
qwen25_15b,155,msc_valid,20,longllmlingua,0.2,55,3.4909090909090907,192.0,3.1454545454545455,173.0,0.34545454545454524,19.0
qwen25_15b,155,msc_valid,20,recency,0.2,55,3.5090909090909093,193.0,3.1454545454545455,173.0,0.36363636363636376,20.0
qwen25_15b,155,msc_valid,20,lexical_tfidf,0.2,55,3.5272727272727273,194.0,3.1454545454545455,173.0,0.38181818181818183,21.0
qwen25_15b,155,msc_valid,20,recency_keep_compress_drop,0.2,55,3.4909090909090907,192.0,3.1454545454545455,173.0,0.34545454545454524,19.0
qwen25_15b,155,msc_valid,20,uniform,0.35,55,3.5636363636363635,196.0,3.1454545454545455,173.0,0.418181818181818,23.0
qwen25_15b,155,msc_valid,20,longllmlingua,0.35,55,3.418181818181818,188.0,3.1454545454545455,173.0,0.2727272727272725,15.0
qwen25_15b,155,msc_valid,20,recency,0.35,55,3.5090909090909093,193.0,3.1454545454545455,173.0,0.36363636363636376,20.0
qwen25_15b,155,msc_valid,20,lexical_tfidf,0.35,55,3.418181818181818,188.0,3.1454545454545455,173.0,0.2727272727272725,15.0
qwen25_15b,155,msc_valid,20,recency_keep_compress_drop,0.35,55,3.090909090909091,170.0,3.1454545454545455,173.0,-0.054545454545454675,-3.0
qwen25_15b,155,msc_valid,20,uniform,0.5,55,3.5454545454545454,195.0,3.1454545454545455,173.0,0.3999999999999999,22.0
qwen25_15b,155,msc_valid,20,longllmlingua,0.5,55,3.2545454545454544,179.0,3.1454545454545455,173.0,0.1090909090909089,6.0
qwen25_15b,155,msc_valid,20,recency,0.5,55,3.4909090909090907,192.0,3.1454545454545455,173.0,0.34545454545454524,19.0
qwen25_15b,155,msc_valid,20,lexical_tfidf,0.5,55,3.418181818181818,188.0,3.1454545454545455,173.0,0.2727272727272725,15.0
qwen25_15b,155,msc_valid,20,recency_keep_compress_drop,0.5,55,3.0727272727272728,169.0,3.1454545454545455,173.0,-0.07272727272727275,-4.0
qwen25_15b,155,msc_valid,24,uniform,0.2,62,3.564516129032258,221.0,3.3225806451612905,206.0,0.24193548387096753,15.0
qwen25_15b,155,msc_valid,24,longllmlingua,0.2,62,3.564516129032258,221.0,3.3225806451612905,206.0,0.24193548387096753,15.0
qwen25_15b,155,msc_valid,24,recency,0.2,62,3.5161290322580645,218.0,3.3225806451612905,206.0,0.19354838709677402,12.0
qwen25_15b,155,msc_valid,24,lexical_tfidf,0.2,62,3.5161290322580645,218.0,3.3225806451612905,206.0,0.19354838709677402,12.0
qwen25_15b,155,msc_valid,24,recency_keep_compress_drop,0.2,62,3.5161290322580645,218.0,3.3225806451612905,206.0,0.19354838709677402,12.0
qwen25_15b,155,msc_valid,24,uniform,0.35,62,3.5483870967741935,220.0,3.3225806451612905,206.0,0.22580645161290303,14.0
qwen25_15b,155,msc_valid,24,longllmlingua,0.35,62,3.4838709677419355,216.0,3.3225806451612905,206.0,0.16129032258064502,10.0
qwen25_15b,155,msc_valid,24,recency,0.35,62,3.532258064516129,219.0,3.3225806451612905,206.0,0.20967741935483852,13.0
qwen25_15b,155,msc_valid,24,lexical_tfidf,0.35,62,3.467741935483871,215.0,3.3225806451612905,206.0,0.14516129032258052,9.0
qwen25_15b,155,msc_valid,24,recency_keep_compress_drop,0.35,62,3.370967741935484,209.0,3.3225806451612905,206.0,0.048387096774193505,3.0
qwen25_15b,155,msc_valid,24,uniform,0.5,62,3.564516129032258,221.0,3.3225806451612905,206.0,0.24193548387096753,15.0
qwen25_15b,155,msc_valid,24,longllmlingua,0.5,62,3.467741935483871,215.0,3.3225806451612905,206.0,0.14516129032258052,9.0
qwen25_15b,155,msc_valid,24,recency,0.5,62,3.5,217.0,3.3225806451612905,206.0,0.17741935483870952,11.0
qwen25_15b,155,msc_valid,24,lexical_tfidf,0.5,62,3.467741935483871,215.0,3.3225806451612905,206.0,0.14516129032258052,9.0
qwen25_15b,155,msc_valid,24,recency_keep_compress_drop,0.5,62,3.3225806451612905,206.0,3.3225806451612905,206.0,0.0,0.0
qwen25_15b,155,msc_valid,28,uniform,0.2,14,3.232142857142857,45.25,2.8392857142857144,39.75,0.3928571428571428,5.5
qwen25_15b,155,msc_valid,28,longllmlingua,0.2,14,2.6964285714285716,37.75,2.8392857142857144,39.75,-0.1428571428571428,-2.0
qwen25_15b,155,msc_valid,28,recency,0.2,14,3.0892857142857144,43.25,2.8392857142857144,39.75,0.25,3.5
qwen25_15b,155,msc_valid,28,lexical_tfidf,0.2,14,2.9285714285714284,41.0,2.8392857142857144,39.75,0.08928571428571397,1.25
qwen25_15b,155,msc_valid,28,recency_keep_compress_drop,0.2,14,3.0714285714285716,43.0,2.8392857142857144,39.75,0.2321428571428572,3.25
qwen25_15b,155,msc_valid,28,uniform,0.35,14,3.0892857142857144,43.25,2.8392857142857144,39.75,0.25,3.5
qwen25_15b,155,msc_valid,28,longllmlingua,0.35,14,2.6964285714285716,37.75,2.8392857142857144,39.75,-0.1428571428571428,-2.0
qwen25_15b,155,msc_valid,28,recency,0.35,14,2.8035714285714284,39.25,2.8392857142857144,39.75,-0.03571428571428603,-0.5
qwen25_15b,155,msc_valid,28,lexical_tfidf,0.35,14,2.7857142857142856,39.0,2.8392857142857144,39.75,-0.053571428571428825,-0.75
qwen25_15b,155,msc_valid,28,recency_keep_compress_drop,0.35,14,2.892857142857143,40.5,2.8392857142857144,39.75,0.05357142857142838,0.75
qwen25_15b,155,msc_valid,28,uniform,0.5,14,2.6785714285714284,37.5,2.8392857142857144,39.75,-0.16071428571428603,-2.25
qwen25_15b,155,msc_valid,28,longllmlingua,0.5,14,2.517857142857143,35.25,2.8392857142857144,39.75,-0.3214285714285716,-4.5
qwen25_15b,155,msc_valid,28,recency,0.5,14,2.767857142857143,38.75,2.8392857142857144,39.75,-0.07142857142857162,-1.0
qwen25_15b,155,msc_valid,28,lexical_tfidf,0.5,14,2.732142857142857,38.25,2.8392857142857144,39.75,-0.1071428571428572,-1.5
qwen25_15b,155,msc_valid,28,recency_keep_compress_drop,0.5,14,2.8392857142857144,39.75,2.8392857142857144,39.75,0.0,0.0
qwen25_15b,155,msc_valid,32,uniform,0.2,30,2.283333333333333,68.5,2.1666666666666665,65.0,0.1166666666666667,3.5
qwen25_15b,155,msc_valid,32,longllmlingua,0.2,30,2.283333333333333,68.5,2.1666666666666665,65.0,0.1166666666666667,3.5
qwen25_15b,155,msc_valid,32,recency,0.2,30,2.2333333333333334,67.0,2.1666666666666665,65.0,0.06666666666666687,2.0
qwen25_15b,155,msc_valid,32,lexical_tfidf,0.2,30,2.2333333333333334,67.0,2.1666666666666665,65.0,0.06666666666666687,2.0
qwen25_15b,155,msc_valid,32,recency_keep_compress_drop,0.2,30,2.25,67.5,2.1666666666666665,65.0,0.08333333333333348,2.5
qwen25_15b,155,msc_valid,32,uniform,0.35,30,2.2666666666666666,68.0,2.1666666666666665,65.0,0.10000000000000009,3.0
qwen25_15b,155,msc_valid,32,longllmlingua,0.35,30,2.3,69.0,2.1666666666666665,65.0,0.1333333333333333,4.0
qwen25_15b,155,msc_valid,32,recency,0.35,30,2.2,66.0,2.1666666666666665,65.0,0.03333333333333366,1.0
qwen25_15b,155,msc_valid,32,lexical_tfidf,0.35,30,2.183333333333333,65.5,2.1666666666666665,65.0,0.016666666666666607,0.5
qwen25_15b,155,msc_valid,32,recency_keep_compress_drop,0.35,30,2.2333333333333334,67.0,2.1666666666666665,65.0,0.06666666666666687,2.0
qwen25_15b,155,msc_valid,32,uniform,0.5,30,2.183333333333333,65.5,2.1666666666666665,65.0,0.016666666666666607,0.5
qwen25_15b,155,msc_valid,32,longllmlingua,0.5,30,2.2666666666666666,68.0,2.1666666666666665,65.0,0.10000000000000009,3.0
qwen25_15b,155,msc_valid,32,recency,0.5,30,2.1666666666666665,65.0,2.1666666666666665,65.0,0.0,0.0
qwen25_15b,155,msc_valid,32,lexical_tfidf,0.5,30,2.2333333333333334,67.0,2.1666666666666665,65.0,0.06666666666666687,2.0
qwen25_15b,155,msc_valid,32,recency_keep_compress_drop,0.5,30,2.216666666666667,66.5,2.1666666666666665,65.0,0.050000000000000266,1.5
qwen25_15b,155,msc_valid,34,uniform,0.2,16,3.421875,54.75,2.375,16.625,1.046875,38.125
qwen25_15b,155,msc_valid,34,longllmlingua,0.2,16,3.171875,50.75,2.375,16.625,0.796875,34.125
qwen25_15b,155,msc_valid,34,recency,0.2,16,3.1875,51.0,2.375,16.625,0.8125,34.375
qwen25_15b,155,msc_valid,34,lexical_tfidf,0.2,16,3.0,48.0,2.375,16.625,0.625,31.375
qwen25_15b,155,msc_valid,34,recency_keep_compress_drop,0.2,16,3.15625,50.5,2.375,16.625,0.78125,33.875
qwen25_15b,155,msc_valid,34,uniform,0.35,16,3.21875,51.5,2.375,16.625,0.84375,34.875
qwen25_15b,155,msc_valid,34,longllmlingua,0.35,16,3.171875,50.75,2.375,16.625,0.796875,34.125
qwen25_15b,155,msc_valid,34,recency,0.35,16,2.9375,47.0,2.375,16.625,0.5625,30.375
qwen25_15b,155,msc_valid,34,lexical_tfidf,0.35,16,2.859375,45.75,2.375,16.625,0.484375,29.125
qwen25_15b,155,msc_valid,34,recency_keep_compress_drop,0.35,16,3.15625,50.5,2.375,16.625,0.78125,33.875
qwen25_15b,155,msc_valid,34,uniform,0.5,16,2.796875,44.75,2.375,16.625,0.421875,28.125
qwen25_15b,155,msc_valid,34,longllmlingua,0.5,16,3.0,48.0,2.375,16.625,0.625,31.375
qwen25_15b,155,msc_valid,34,recency,0.5,16,2.78125,44.5,2.375,16.625,0.40625,27.875
qwen25_15b,155,msc_valid,34,lexical_tfidf,0.5,16,2.96875,47.5,2.375,16.625,0.59375,30.875
qwen25_15b,155,msc_valid,34,recency_keep_compress_drop,0.5,16,3.234375,51.75,2.375,16.625,0.859375,35.125
qwen25_15b,155,msc_valid,38,uniform,0.2,27,3.0925925925925926,83.5,0.0,0.0,3.0925925925925926,83.5
qwen25_15b,155,msc_valid,38,longllmlingua,0.2,27,2.925925925925926,79.0,0.0,0.0,2.925925925925926,79.0
qwen25_15b,155,msc_valid,38,recency,0.2,27,2.8518518518518516,77.0,0.0,0.0,2.8518518518518516,77.0
qwen25_15b,155,msc_valid,38,lexical_tfidf,0.2,27,2.925925925925926,79.0,0.0,0.0,2.925925925925926,79.0
qwen25_15b,155,msc_valid,38,recency_keep_compress_drop,0.2,27,2.888888888888889,78.0,0.0,0.0,2.888888888888889,78.0
qwen25_15b,155,msc_valid,38,uniform,0.35,27,2.9074074074074074,78.5,0.0,0.0,2.9074074074074074,78.5
qwen25_15b,155,msc_valid,38,longllmlingua,0.35,27,2.9074074074074074,78.5,0.0,0.0,2.9074074074074074,78.5
qwen25_15b,155,msc_valid,38,recency,0.35,27,2.7962962962962963,75.5,0.0,0.0,2.7962962962962963,75.5
qwen25_15b,155,msc_valid,38,lexical_tfidf,0.35,27,2.7962962962962963,75.5,0.0,0.0,2.7962962962962963,75.5
qwen25_15b,155,msc_valid,38,recency_keep_compress_drop,0.35,27,2.8333333333333335,76.5,0.0,0.0,2.8333333333333335,76.5
qwen25_15b,155,msc_valid,38,uniform,0.5,27,2.8703703703703702,77.5,0.0,0.0,2.8703703703703702,77.5
qwen25_15b,155,msc_valid,38,longllmlingua,0.5,27,2.8333333333333335,76.5,0.0,0.0,2.8333333333333335,76.5
qwen25_15b,155,msc_valid,38,recency,0.5,27,2.814814814814815,76.0,0.0,0.0,2.814814814814815,76.0
qwen25_15b,155,msc_valid,38,lexical_tfidf,0.5,27,2.7777777777777777,75.0,0.0,0.0,2.7777777777777777,75.0
qwen25_15b,155,msc_valid,38,recency_keep_compress_drop,0.5,27,2.8333333333333335,76.5,0.0,0.0,2.8333333333333335,76.5
qwen25_15b,155,msc_valid,42,uniform,0.2,29,2.810344827586207,81.5,0.0,0.0,2.810344827586207,81.5
qwen25_15b,155,msc_valid,42,longllmlingua,0.2,29,3.0517241379310347,88.5,0.0,0.0,3.0517241379310347,88.5
qwen25_15b,155,msc_valid,42,recency,0.2,29,2.706896551724138,78.5,0.0,0.0,2.706896551724138,78.5
qwen25_15b,155,msc_valid,42,lexical_tfidf,0.2,29,2.706896551724138,78.5,0.0,0.0,2.706896551724138,78.5
qwen25_15b,155,msc_valid,42,recency_keep_compress_drop,0.2,29,2.7241379310344827,79.0,0.0,0.0,2.7241379310344827,79.0
qwen25_15b,155,msc_valid,42,uniform,0.35,29,2.9827586206896552,86.5,0.0,0.0,2.9827586206896552,86.5
qwen25_15b,155,msc_valid,42,longllmlingua,0.35,29,2.9482758620689653,85.5,0.0,0.0,2.9482758620689653,85.5
qwen25_15b,155,msc_valid,42,recency,0.35,29,2.7413793103448274,79.5,0.0,0.0,2.7413793103448274,79.5
qwen25_15b,155,msc_valid,42,lexical_tfidf,0.35,29,2.706896551724138,78.5,0.0,0.0,2.706896551724138,78.5
qwen25_15b,155,msc_valid,42,recency_keep_compress_drop,0.35,29,2.6724137931034484,77.5,0.0,0.0,2.6724137931034484,77.5
qwen25_15b,155,msc_valid,42,uniform,0.5,29,2.9482758620689653,85.5,0.0,0.0,2.9482758620689653,85.5
qwen25_15b,155,msc_valid,42,longllmlingua,0.5,29,2.8620689655172415,83.0,0.0,0.0,2.8620689655172415,83.0
qwen25_15b,155,msc_valid,42,recency,0.5,29,2.7413793103448274,79.5,0.0,0.0,2.7413793103448274,79.5
qwen25_15b,155,msc_valid,42,lexical_tfidf,0.5,29,2.689655172413793,78.0,0.0,0.0,2.689655172413793,78.0
qwen25_15b,155,msc_valid,42,recency_keep_compress_drop,0.5,29,2.6724137931034484,77.5,0.0,0.0,2.6724137931034484,77.5
qwen25_15b,155,msc_valid,46,uniform,0.2,17,2.3529411764705883,40.0,0.0,0.0,2.3529411764705883,40.0
qwen25_15b,155,msc_valid,46,longllmlingua,0.2,17,2.6029411764705883,44.25,0.0,0.0,2.6029411764705883,44.25
qwen25_15b,155,msc_valid,46,recency,0.2,17,2.411764705882353,41.0,0.0,0.0,2.411764705882353,41.0
qwen25_15b,155,msc_valid,46,lexical_tfidf,0.2,17,2.4705882352941178,42.0,0.0,0.0,2.4705882352941178,42.0
qwen25_15b,155,msc_valid,46,recency_keep_compress_drop,0.2,17,2.3529411764705883,40.0,0.0,0.0,2.3529411764705883,40.0
qwen25_15b,155,msc_valid,46,uniform,0.35,17,2.264705882352941,38.5,0.0,0.0,2.264705882352941,38.5
qwen25_15b,155,msc_valid,46,longllmlingua,0.35,17,2.6911764705882355,45.75,0.0,0.0,2.6911764705882355,45.75
qwen25_15b,155,msc_valid,46,recency,0.35,17,2.3823529411764706,40.5,0.0,0.0,2.3823529411764706,40.5
qwen25_15b,155,msc_valid,46,lexical_tfidf,0.35,17,2.323529411764706,39.5,0.0,0.0,2.323529411764706,39.5
qwen25_15b,155,msc_valid,46,recency_keep_compress_drop,0.35,17,2.3529411764705883,40.0,0.0,0.0,2.3529411764705883,40.0
qwen25_15b,155,msc_valid,46,uniform,0.5,17,2.176470588235294,37.0,0.0,0.0,2.176470588235294,37.0
qwen25_15b,155,msc_valid,46,longllmlingua,0.5,17,2.661764705882353,45.25,0.0,0.0,2.661764705882353,45.25
qwen25_15b,155,msc_valid,46,recency,0.5,17,2.3823529411764706,40.5,0.0,0.0,2.3823529411764706,40.5
qwen25_15b,155,msc_valid,46,lexical_tfidf,0.5,17,2.3088235294117645,39.25,0.0,0.0,2.3088235294117645,39.25
qwen25_15b,155,msc_valid,46,recency_keep_compress_drop,0.5,17,2.3088235294117645,39.25,0.0,0.0,2.3088235294117645,39.25
qwen25_15b,155,msc_valid,50,uniform,0.2,12,2.9791666666666665,35.75,0.0,0.0,2.9791666666666665,35.75
qwen25_15b,155,msc_valid,50,longllmlingua,0.2,12,2.8541666666666665,34.25,0.0,0.0,2.8541666666666665,34.25
qwen25_15b,155,msc_valid,50,recency,0.2,12,2.6041666666666665,31.25,0.0,0.0,2.6041666666666665,31.25
qwen25_15b,155,msc_valid,50,lexical_tfidf,0.2,12,2.5833333333333335,31.0,0.0,0.0,2.5833333333333335,31.0
qwen25_15b,155,msc_valid,50,recency_keep_compress_drop,0.2,12,2.625,31.5,0.0,0.0,2.625,31.5
qwen25_15b,155,msc_valid,50,uniform,0.35,12,3.0833333333333335,37.0,0.0,0.0,3.0833333333333335,37.0
qwen25_15b,155,msc_valid,50,longllmlingua,0.35,12,2.875,34.5,0.0,0.0,2.875,34.5
qwen25_15b,155,msc_valid,50,recency,0.35,12,2.59375,31.125,0.0,0.0,2.59375,31.125
qwen25_15b,155,msc_valid,50,lexical_tfidf,0.35,12,2.6041666666666665,31.25,0.0,0.0,2.6041666666666665,31.25
qwen25_15b,155,msc_valid,50,recency_keep_compress_drop,0.35,12,2.6145833333333335,31.375,0.0,0.0,2.6145833333333335,31.375
qwen25_15b,155,msc_valid,50,uniform,0.5,12,3.0208333333333335,36.25,0.0,0.0,3.0208333333333335,36.25
qwen25_15b,155,msc_valid,50,longllmlingua,0.5,12,2.8333333333333335,34.0,0.0,0.0,2.8333333333333335,34.0
qwen25_15b,155,msc_valid,50,recency,0.5,12,2.5520833333333335,30.625,0.0,0.0,2.5520833333333335,30.625
qwen25_15b,155,msc_valid,50,lexical_tfidf,0.5,12,2.5208333333333335,30.25,0.0,0.0,2.5208333333333335,30.25
qwen25_15b,155,msc_valid,50,recency_keep_compress_drop,0.5,12,2.6458333333333335,31.75,0.0,0.0,2.6458333333333335,31.75
qwen25_15b,155,msc_valid,54,uniform,0.2,21,2.6666666666666665,56.0,0.0,0.0,2.6666666666666665,56.0
qwen25_15b,155,msc_valid,54,longllmlingua,0.2,21,2.6547619047619047,55.75,0.0,0.0,2.6547619047619047,55.75
qwen25_15b,155,msc_valid,54,recency,0.2,21,2.5952380952380953,54.5,0.0,0.0,2.5952380952380953,54.5
qwen25_15b,155,msc_valid,54,lexical_tfidf,0.2,21,2.619047619047619,55.0,0.0,0.0,2.619047619047619,55.0
qwen25_15b,155,msc_valid,54,recency_keep_compress_drop,0.2,21,2.5595238095238093,53.75,0.0,0.0,2.5595238095238093,53.75
qwen25_15b,155,msc_valid,54,uniform,0.35,21,2.6904761904761907,56.5,0.0,0.0,2.6904761904761907,56.5
qwen25_15b,155,msc_valid,54,longllmlingua,0.35,21,2.6904761904761907,56.5,0.0,0.0,2.6904761904761907,56.5
qwen25_15b,155,msc_valid,54,recency,0.35,21,2.5476190476190474,53.5,0.0,0.0,2.5476190476190474,53.5
qwen25_15b,155,msc_valid,54,lexical_tfidf,0.35,21,2.5595238095238093,53.75,0.0,0.0,2.5595238095238093,53.75
qwen25_15b,155,msc_valid,54,recency_keep_compress_drop,0.35,21,2.607142857142857,54.75,0.0,0.0,2.607142857142857,54.75
qwen25_15b,155,msc_valid,54,uniform,0.5,21,2.5952380952380953,54.5,0.0,0.0,2.5952380952380953,54.5
qwen25_15b,155,msc_valid,54,longllmlingua,0.5,21,2.607142857142857,54.75,0.0,0.0,2.607142857142857,54.75
qwen25_15b,155,msc_valid,54,recency,0.5,12,2.5729166666666665,30.875,0.0,0.0,2.5729166666666665,30.875
qwen25_15b,155,msc_valid,54,lexical_tfidf,0.5,20,2.725,54.5,0.0,0.0,2.725,54.5
qwen25_15b,155,msc_valid,54,recency_keep_compress_drop,0.5,9,2.763888888888889,24.875,0.0,0.0,2.763888888888889,24.875
qwen25_15b,155,msc_valid,58,uniform,0.2,27,2.2777777777777777,61.5,0.0,0.0,2.2777777777777777,61.5
qwen25_15b,155,msc_valid,58,longllmlingua,0.2,27,2.7222222222222223,73.5,0.0,0.0,2.7222222222222223,73.5
qwen25_15b,155,msc_valid,58,recency,0.2,27,2.3518518518518516,63.5,0.0,0.0,2.3518518518518516,63.5
qwen25_15b,155,msc_valid,58,lexical_tfidf,0.2,27,2.287037037037037,61.75,0.0,0.0,2.287037037037037,61.75
qwen25_15b,155,msc_valid,58,recency_keep_compress_drop,0.2,27,2.314814814814815,62.5,0.0,0.0,2.314814814814815,62.5
qwen25_15b,155,msc_valid,58,uniform,0.35,27,2.25,60.75,0.0,0.0,2.25,60.75
qwen25_15b,155,msc_valid,58,longllmlingua,0.35,27,2.611111111111111,70.5,0.0,0.0,2.611111111111111,70.5
qwen25_15b,155,msc_valid,58,recency,0.35,27,2.25,60.75,0.0,0.0,2.25,60.75
qwen25_15b,155,msc_valid,58,lexical_tfidf,0.35,27,2.1944444444444446,59.25,0.0,0.0,2.1944444444444446,59.25
qwen25_15b,155,msc_valid,58,recency_keep_compress_drop,0.35,27,2.3333333333333335,63.0,0.0,0.0,2.3333333333333335,63.0
qwen25_15b,155,msc_valid,58,uniform,0.5,27,2.1944444444444446,59.25,0.0,0.0,2.1944444444444446,59.25
qwen25_15b,155,msc_valid,58,longllmlingua,0.5,27,2.4074074074074074,65.0,0.0,0.0,2.4074074074074074,65.0
qwen25_15b,155,msc_valid,58,recency,0.5,0,0.0,0.0,0.0,0.0,0.0,0.0
qwen25_15b,155,msc_valid,58,lexical_tfidf,0.5,0,0.0,0.0,0.0,0.0,0.0,0.0
qwen25_15b,155,msc_valid,58,recency_keep_compress_drop,0.5,0,0.0,0.0,0.0,0.0,0.0,0.0
qwen25_15b,155,msc_valid,62,uniform,0.2,16,2.078125,33.25,0.0,0.0,2.078125,33.25
qwen25_15b,155,msc_valid,62,longllmlingua,0.2,16,2.296875,36.75,0.0,0.0,2.296875,36.75
qwen25_15b,155,msc_valid,62,recency,0.2,16,1.8671875,29.875,0.0,0.0,1.8671875,29.875
qwen25_15b,155,msc_valid,62,lexical_tfidf,0.2,16,1.8515625,29.625,0.0,0.0,1.8515625,29.625
qwen25_15b,155,msc_valid,62,recency_keep_compress_drop,0.2,16,1.8125,29.0,0.0,0.0,1.8125,29.0
qwen25_15b,155,msc_valid,62,uniform,0.35,16,1.9140625,30.625,0.0,0.0,1.9140625,30.625
qwen25_15b,155,msc_valid,62,longllmlingua,0.35,16,2.296875,36.75,0.0,0.0,2.296875,36.75
qwen25_15b,155,msc_valid,62,recency,0.35,0,0.0,0.0,0.0,0.0,0.0,0.0
qwen25_15b,155,msc_valid,62,lexical_tfidf,0.35,0,0.0,0.0,0.0,0.0,0.0,0.0
qwen25_15b,155,msc_valid,62,recency_keep_compress_drop,0.35,0,0.0,0.0,0.0,0.0,0.0,0.0
qwen25_15b,155,msc_valid,62,uniform,0.5,16,1.7734375,28.375,0.0,0.0,1.7734375,28.375
qwen25_15b,155,msc_valid,62,longllmlingua,0.5,16,2.09375,33.5,0.0,0.0,2.09375,33.5
qwen25_15b,155,msc_valid,62,recency,0.5,0,0.0,0.0,0.0,0.0,0.0,0.0
qwen25_15b,155,msc_valid,62,lexical_tfidf,0.5,0,0.0,0.0,0.0,0.0,0.0,0.0
qwen25_15b,155,msc_valid,62,recency_keep_compress_drop,0.5,0,0.0,0.0,0.0,0.0,0.0,0.0
qwen25_15b,179,msc_valid,4,uniform,0.2,16,4.21875,67.5,3.71875,59.5,0.5,8.0
qwen25_15b,179,msc_valid,4,longllmlingua,0.2,16,3.390625,54.25,3.71875,59.5,-0.328125,-5.25
qwen25_15b,179,msc_valid,4,recency,0.2,16,4.21875,67.5,3.71875,59.5,0.5,8.0
qwen25_15b,179,msc_valid,4,lexical_tfidf,0.2,16,4.21875,67.5,3.71875,59.5,0.5,8.0
qwen25_15b,179,msc_valid,4,recency_keep_compress_drop,0.2,16,4.21875,67.5,3.71875,59.5,0.5,8.0
qwen25_15b,179,msc_valid,4,uniform,0.35,16,3.875,62.0,3.71875,59.5,0.15625,2.5
qwen25_15b,179,msc_valid,4,longllmlingua,0.35,16,3.390625,54.25,3.71875,59.5,-0.328125,-5.25
qwen25_15b,179,msc_valid,4,recency,0.35,16,3.875,62.0,3.71875,59.5,0.15625,2.5
qwen25_15b,179,msc_valid,4,lexical_tfidf,0.35,16,3.875,62.0,3.71875,59.5,0.15625,2.5
qwen25_15b,179,msc_valid,4,recency_keep_compress_drop,0.35,16,3.875,62.0,3.71875,59.5,0.15625,2.5
qwen25_15b,179,msc_valid,4,uniform,0.5,16,3.875,62.0,3.71875,59.5,0.15625,2.5
qwen25_15b,179,msc_valid,4,longllmlingua,0.5,16,3.328125,53.25,3.71875,59.5,-0.390625,-6.25
qwen25_15b,179,msc_valid,4,recency,0.5,16,3.875,62.0,3.71875,59.5,0.15625,2.5
qwen25_15b,179,msc_valid,4,lexical_tfidf,0.5,16,3.875,62.0,3.71875,59.5,0.15625,2.5
qwen25_15b,179,msc_valid,4,recency_keep_compress_drop,0.5,16,3.875,62.0,3.71875,59.5,0.15625,2.5
qwen25_15b,179,msc_valid,6,uniform,0.2,14,5.785714285714286,81.0,5.714285714285714,80.0,0.07142857142857117,1.0
qwen25_15b,179,msc_valid,6,longllmlingua,0.2,14,5.5,77.0,5.714285714285714,80.0,-0.2142857142857144,-3.0
qwen25_15b,179,msc_valid,6,recency,0.2,14,5.857142857142857,82.0,5.714285714285714,80.0,0.14285714285714235,2.0
qwen25_15b,179,msc_valid,6,lexical_tfidf,0.2,14,5.785714285714286,81.0,5.714285714285714,80.0,0.07142857142857117,1.0
qwen25_15b,179,msc_valid,6,recency_keep_compress_drop,0.2,14,5.785714285714286,81.0,5.714285714285714,80.0,0.07142857142857117,1.0
qwen25_15b,179,msc_valid,6,uniform,0.35,14,5.785714285714286,81.0,5.714285714285714,80.0,0.07142857142857117,1.0
qwen25_15b,179,msc_valid,6,longllmlingua,0.35,14,5.464285714285714,76.5,5.714285714285714,80.0,-0.25,-3.5
qwen25_15b,179,msc_valid,6,recency,0.35,14,6.0,84.0,5.714285714285714,80.0,0.2857142857142856,4.0
qwen25_15b,179,msc_valid,6,lexical_tfidf,0.35,14,5.785714285714286,81.0,5.714285714285714,80.0,0.07142857142857117,1.0
qwen25_15b,179,msc_valid,6,recency_keep_compress_drop,0.35,14,6.0,84.0,5.714285714285714,80.0,0.2857142857142856,4.0
qwen25_15b,179,msc_valid,6,uniform,0.5,14,6.035714285714286,84.5,5.714285714285714,80.0,0.3214285714285712,4.5
qwen25_15b,179,msc_valid,6,longllmlingua,0.5,14,5.321428571428571,74.5,5.714285714285714,80.0,-0.39285714285714324,-5.5
qwen25_15b,179,msc_valid,6,recency,0.5,14,5.892857142857143,82.5,5.714285714285714,80.0,0.17857142857142883,2.5
qwen25_15b,179,msc_valid,6,lexical_tfidf,0.5,14,6.035714285714286,84.5,5.714285714285714,80.0,0.3214285714285712,4.5
qwen25_15b,179,msc_valid,6,recency_keep_compress_drop,0.5,14,5.857142857142857,82.0,5.714285714285714,80.0,0.14285714285714235,2.0
qwen25_15b,179,msc_valid,8,uniform,0.2,17,2.985294117647059,50.75,2.5294117647058822,43.0,0.4558823529411766,7.75
qwen25_15b,179,msc_valid,8,longllmlingua,0.2,17,2.9411764705882355,50.0,2.5294117647058822,43.0,0.41176470588235325,7.0
qwen25_15b,179,msc_valid,8,recency,0.2,17,3.1176470588235294,53.0,2.5294117647058822,43.0,0.5882352941176472,10.0
qwen25_15b,179,msc_valid,8,lexical_tfidf,0.2,17,3.3529411764705883,57.0,2.5294117647058822,43.0,0.8235294117647061,14.0
qwen25_15b,179,msc_valid,8,recency_keep_compress_drop,0.2,17,3.1176470588235294,53.0,2.5294117647058822,43.0,0.5882352941176472,10.0
qwen25_15b,179,msc_valid,8,uniform,0.35,17,3.235294117647059,55.0,2.5294117647058822,43.0,0.7058823529411766,12.0
qwen25_15b,179,msc_valid,8,longllmlingua,0.35,17,2.676470588235294,45.5,2.5294117647058822,43.0,0.1470588235294117,2.5
qwen25_15b,179,msc_valid,8,recency,0.35,17,2.8823529411764706,49.0,2.5294117647058822,43.0,0.3529411764705883,6.0
qwen25_15b,179,msc_valid,8,lexical_tfidf,0.35,17,3.235294117647059,55.0,2.5294117647058822,43.0,0.7058823529411766,12.0
qwen25_15b,179,msc_valid,8,recency_keep_compress_drop,0.35,17,2.9411764705882355,50.0,2.5294117647058822,43.0,0.41176470588235325,7.0
qwen25_15b,179,msc_valid,8,uniform,0.5,17,2.764705882352941,47.0,2.5294117647058822,43.0,0.23529411764705888,4.0
qwen25_15b,179,msc_valid,8,longllmlingua,0.5,17,2.661764705882353,45.25,2.5294117647058822,43.0,0.13235294117647056,2.25
qwen25_15b,179,msc_valid,8,recency,0.5,17,2.7941176470588234,47.5,2.5294117647058822,43.0,0.2647058823529411,4.5
qwen25_15b,179,msc_valid,8,lexical_tfidf,0.5,17,3.1911764705882355,54.25,2.5294117647058822,43.0,0.6617647058823533,11.25
qwen25_15b,179,msc_valid,8,recency_keep_compress_drop,0.5,17,2.7794117647058822,47.25,2.5294117647058822,43.0,0.25,4.25
qwen25_15b,179,msc_valid,10,uniform,0.2,16,3.078125,49.25,2.6875,43.0,0.390625,6.25
qwen25_15b,179,msc_valid,10,longllmlingua,0.2,16,2.84375,45.5,2.6875,43.0,0.15625,2.5
qwen25_15b,179,msc_valid,10,recency,0.2,16,2.953125,47.25,2.6875,43.0,0.265625,4.25
qwen25_15b,179,msc_valid,10,lexical_tfidf,0.2,16,2.96875,47.5,2.6875,43.0,0.28125,4.5
qwen25_15b,179,msc_valid,10,recency_keep_compress_drop,0.2,16,2.96875,47.5,2.6875,43.0,0.28125,4.5
qwen25_15b,179,msc_valid,10,uniform,0.35,16,3.0625,49.0,2.6875,43.0,0.375,6.0
qwen25_15b,179,msc_valid,10,longllmlingua,0.35,16,2.828125,45.25,2.6875,43.0,0.140625,2.25
qwen25_15b,179,msc_valid,10,recency,0.35,16,2.859375,45.75,2.6875,43.0,0.171875,2.75
qwen25_15b,179,msc_valid,10,lexical_tfidf,0.35,16,2.859375,45.75,2.6875,43.0,0.171875,2.75
qwen25_15b,179,msc_valid,10,recency_keep_compress_drop,0.35,16,2.859375,45.75,2.6875,43.0,0.171875,2.75
qwen25_15b,179,msc_valid,10,uniform,0.5,16,2.875,46.0,2.6875,43.0,0.1875,3.0
qwen25_15b,179,msc_valid,10,longllmlingua,0.5,16,2.90625,46.5,2.6875,43.0,0.21875,3.5
qwen25_15b,179,msc_valid,10,recency,0.5,16,2.8125,45.0,2.6875,43.0,0.125,2.0
qwen25_15b,179,msc_valid,10,lexical_tfidf,0.5,16,2.84375,45.5,2.6875,43.0,0.15625,2.5
qwen25_15b,179,msc_valid,10,recency_keep_compress_drop,0.5,16,2.828125,45.25,2.6875,43.0,0.140625,2.25
qwen25_15b,179,msc_valid,12,uniform,0.2,19,3.1842105263157894,60.5,2.473684210526316,47.0,0.7105263157894735,13.5
qwen25_15b,179,msc_valid,12,longllmlingua,0.2,19,3.0526315789473686,58.0,2.473684210526316,47.0,0.5789473684210527,11.0
qwen25_15b,179,msc_valid,12,recency,0.2,19,3.3947368421052633,64.5,2.473684210526316,47.0,0.9210526315789473,17.5
qwen25_15b,179,msc_valid,12,lexical_tfidf,0.2,19,3.276315789473684,62.25,2.473684210526316,47.0,0.8026315789473681,15.25
qwen25_15b,179,msc_valid,12,recency_keep_compress_drop,0.2,19,3.1315789473684212,59.5,2.473684210526316,47.0,0.6578947368421053,12.5
qwen25_15b,179,msc_valid,12,uniform,0.35,19,3.263157894736842,62.0,2.473684210526316,47.0,0.7894736842105261,15.0
qwen25_15b,179,msc_valid,12,longllmlingua,0.35,19,2.986842105263158,56.75,2.473684210526316,47.0,0.513157894736842,9.75
qwen25_15b,179,msc_valid,12,recency,0.35,19,3.026315789473684,57.5,2.473684210526316,47.0,0.5526315789473681,10.5
qwen25_15b,179,msc_valid,12,lexical_tfidf,0.35,19,2.9078947368421053,55.25,2.473684210526316,47.0,0.4342105263157894,8.25
qwen25_15b,179,msc_valid,12,recency_keep_compress_drop,0.35,19,3.0,57.0,2.473684210526316,47.0,0.5263157894736841,10.0
qwen25_15b,179,msc_valid,12,uniform,0.5,19,2.9210526315789473,55.5,2.473684210526316,47.0,0.4473684210526314,8.5
qwen25_15b,179,msc_valid,12,longllmlingua,0.5,19,2.710526315789474,51.5,2.473684210526316,47.0,0.23684210526315796,4.5
qwen25_15b,179,msc_valid,12,recency,0.5,19,2.960526315789474,56.25,2.473684210526316,47.0,0.48684210526315796,9.25
qwen25_15b,179,msc_valid,12,lexical_tfidf,0.5,19,2.776315789473684,52.75,2.473684210526316,47.0,0.30263157894736814,5.75
qwen25_15b,179,msc_valid,12,recency_keep_compress_drop,0.5,19,2.723684210526316,51.75,2.473684210526316,47.0,0.25,4.75
qwen25_15b,182,msc_valid,4,uniform,0.2,13,5.346153846153846,69.5,4.884615384615385,63.5,0.4615384615384608,6.0
qwen25_15b,182,msc_valid,4,longllmlingua,0.2,13,4.846153846153846,63.0,4.884615384615385,63.5,-0.03846153846153921,-0.5
qwen25_15b,182,msc_valid,4,recency,0.2,13,5.346153846153846,69.5,4.884615384615385,63.5,0.4615384615384608,6.0
qwen25_15b,182,msc_valid,4,lexical_tfidf,0.2,13,5.346153846153846,69.5,4.884615384615385,63.5,0.4615384615384608,6.0
qwen25_15b,182,msc_valid,4,recency_keep_compress_drop,0.2,13,5.346153846153846,69.5,4.884615384615385,63.5,0.4615384615384608,6.0
qwen25_15b,182,msc_valid,4,uniform,0.35,13,5.076923076923077,66.0,4.884615384615385,63.5,0.19230769230769162,2.5
qwen25_15b,182,msc_valid,4,longllmlingua,0.35,13,4.865384615384615,63.25,4.884615384615385,63.5,-0.01923076923077005,-0.25
qwen25_15b,182,msc_valid,4,recency,0.35,13,5.076923076923077,66.0,4.884615384615385,63.5,0.19230769230769162,2.5
qwen25_15b,182,msc_valid,4,lexical_tfidf,0.35,13,5.076923076923077,66.0,4.884615384615385,63.5,0.19230769230769162,2.5
qwen25_15b,182,msc_valid,4,recency_keep_compress_drop,0.35,13,5.076923076923077,66.0,4.884615384615385,63.5,0.19230769230769162,2.5
qwen25_15b,182,msc_valid,4,uniform,0.5,13,5.076923076923077,66.0,4.884615384615385,63.5,0.19230769230769162,2.5
qwen25_15b,182,msc_valid,4,longllmlingua,0.5,13,4.711538461538462,61.25,4.884615384615385,63.5,-0.17307692307692335,-2.25
qwen25_15b,182,msc_valid,4,recency,0.5,13,5.076923076923077,66.0,4.884615384615385,63.5,0.19230769230769162,2.5
qwen25_15b,182,msc_valid,4,lexical_tfidf,0.5,13,5.076923076923077,66.0,4.884615384615385,63.5,0.19230769230769162,2.5
qwen25_15b,182,msc_valid,4,recency_keep_compress_drop,0.5,13,5.076923076923077,66.0,4.884615384615385,63.5,0.19230769230769162,2.5
qwen25_15b,182,msc_valid,8,uniform,0.2,16,3.953125,63.25,3.734375,59.75,0.21875,3.5
qwen25_15b,182,msc_valid,8,longllmlingua,0.2,16,3.5,56.0,3.734375,59.75,-0.234375,-3.75
qwen25_15b,182,msc_valid,8,recency,0.2,16,4.28125,68.5,3.734375,59.75,0.546875,8.75
qwen25_15b,182,msc_valid,8,lexical_tfidf,0.2,16,3.953125,63.25,3.734375,59.75,0.21875,3.5
qwen25_15b,182,msc_valid,8,recency_keep_compress_drop,0.2,16,4.28125,68.5,3.734375,59.75,0.546875,8.75
qwen25_15b,182,msc_valid,8,uniform,0.35,16,4.34375,69.5,3.734375,59.75,0.609375,9.75
qwen25_15b,182,msc_valid,8,longllmlingua,0.35,16,3.640625,58.25,3.734375,59.75,-0.09375,-1.5
qwen25_15b,182,msc_valid,8,recency,0.35,16,3.875,62.0,3.734375,59.75,0.140625,2.25
qwen25_15b,182,msc_valid,8,lexical_tfidf,0.35,16,3.84375,61.5,3.734375,59.75,0.109375,1.75
qwen25_15b,182,msc_valid,8,recency_keep_compress_drop,0.35,16,3.875,62.0,3.734375,59.75,0.140625,2.25
qwen25_15b,182,msc_valid,8,uniform,0.5,16,3.875,62.0,3.734375,59.75,0.140625,2.25
qwen25_15b,182,msc_valid,8,longllmlingua,0.5,16,3.578125,57.25,3.734375,59.75,-0.15625,-2.5
qwen25_15b,182,msc_valid,8,recency,0.5,16,3.859375,61.75,3.734375,59.75,0.125,2.0
qwen25_15b,182,msc_valid,8,lexical_tfidf,0.5,16,3.96875,63.5,3.734375,59.75,0.234375,3.75
qwen25_15b,182,msc_valid,8,recency_keep_compress_drop,0.5,16,3.796875,60.75,3.734375,59.75,0.0625,1.0
qwen25_15b,182,msc_valid,12,uniform,0.2,12,2.5833333333333335,31.0,2.2083333333333335,26.5,0.375,4.5
qwen25_15b,182,msc_valid,12,longllmlingua,0.2,12,2.4583333333333335,29.5,2.2083333333333335,26.5,0.25,3.0
qwen25_15b,182,msc_valid,12,recency,0.2,12,2.6458333333333335,31.75,2.2083333333333335,26.5,0.4375,5.25
qwen25_15b,182,msc_valid,12,lexical_tfidf,0.2,12,2.5520833333333335,30.625,2.2083333333333335,26.5,0.34375,4.125
qwen25_15b,182,msc_valid,12,recency_keep_compress_drop,0.2,12,2.7083333333333335,32.5,2.2083333333333335,26.5,0.5,6.0
qwen25_15b,182,msc_valid,12,uniform,0.35,12,2.6666666666666665,32.0,2.2083333333333335,26.5,0.45833333333333304,5.5
qwen25_15b,182,msc_valid,12,longllmlingua,0.35,12,2.4270833333333335,29.125,2.2083333333333335,26.5,0.21875,2.625
qwen25_15b,182,msc_valid,12,recency,0.35,12,2.2708333333333335,27.25,2.2083333333333335,26.5,0.0625,0.75
qwen25_15b,182,msc_valid,12,lexical_tfidf,0.35,12,2.3958333333333335,28.75,2.2083333333333335,26.5,0.1875,2.25
qwen25_15b,182,msc_valid,12,recency_keep_compress_drop,0.35,12,2.40625,28.875,2.2083333333333335,26.5,0.19791666666666652,2.375
qwen25_15b,182,msc_valid,12,uniform,0.5,12,2.4583333333333335,29.5,2.2083333333333335,26.5,0.25,3.0
qwen25_15b,182,msc_valid,12,longllmlingua,0.5,12,2.375,28.5,2.2083333333333335,26.5,0.16666666666666652,2.0
qwen25_15b,182,msc_valid,12,recency,0.5,12,2.46875,29.625,2.2083333333333335,26.5,0.2604166666666665,3.125
qwen25_15b,182,msc_valid,12,lexical_tfidf,0.5,12,2.4166666666666665,29.0,2.2083333333333335,26.5,0.20833333333333304,2.5
qwen25_15b,182,msc_valid,12,recency_keep_compress_drop,0.5,12,2.3125,27.75,2.2083333333333335,26.5,0.10416666666666652,1.25
qwen25_15b,182,msc_valid,16,uniform,0.2,31,2.0,62.0,1.8629032258064515,57.75,0.1370967741935485,4.25
qwen25_15b,182,msc_valid,16,longllmlingua,0.2,31,1.9838709677419355,61.5,1.8629032258064515,57.75,0.12096774193548399,3.75
qwen25_15b,182,msc_valid,16,recency,0.2,31,1.9758064516129032,61.25,1.8629032258064515,57.75,0.11290322580645173,3.5
qwen25_15b,182,msc_valid,16,lexical_tfidf,0.2,31,1.9758064516129032,61.25,1.8629032258064515,57.75,0.11290322580645173,3.5
qwen25_15b,182,msc_valid,16,recency_keep_compress_drop,0.2,31,2.0,62.0,1.8629032258064515,57.75,0.1370967741935485,4.25
qwen25_15b,182,msc_valid,16,uniform,0.35,31,1.9435483870967742,60.25,1.8629032258064515,57.75,0.08064516129032273,2.5
qwen25_15b,182,msc_valid,16,longllmlingua,0.35,31,1.8225806451612903,56.5,1.8629032258064515,57.75,-0.040322580645161255,-1.25
qwen25_15b,182,msc_valid,16,recency,0.35,31,2.0483870967741935,63.5,1.8629032258064515,57.75,0.185483870967742,5.75
qwen25_15b,182,msc_valid,16,lexical_tfidf,0.35,31,2.064516129032258,64.0,1.8629032258064515,57.75,0.2016129032258065,6.25
qwen25_15b,182,msc_valid,16,recency_keep_compress_drop,0.35,31,1.9112903225806452,59.25,1.8629032258064515,57.75,0.04838709677419373,1.5
qwen25_15b,182,msc_valid,16,uniform,0.5,31,1.8629032258064515,57.75,1.8629032258064515,57.75,0.0,0.0
qwen25_15b,182,msc_valid,16,longllmlingua,0.5,31,1.7338709677419355,53.75,1.8629032258064515,57.75,-0.12903225806451601,-4.0
qwen25_15b,182,msc_valid,16,recency,0.5,31,1.9516129032258065,60.5,1.8629032258064515,57.75,0.08870967741935498,2.75
qwen25_15b,182,msc_valid,16,lexical_tfidf,0.5,31,1.9919354838709677,61.75,1.8629032258064515,57.75,0.12903225806451624,4.0
qwen25_15b,182,msc_valid,16,recency_keep_compress_drop,0.5,31,1.8870967741935485,58.5,1.8629032258064515,57.75,0.024193548387096975,0.75
qwen25_15b,182,msc_valid,18,uniform,0.2,59,2.5762711864406778,152.0,2.440677966101695,144.0,0.1355932203389827,8.0
qwen25_15b,182,msc_valid,18,longllmlingua,0.2,59,2.5762711864406778,152.0,2.440677966101695,144.0,0.1355932203389827,8.0
qwen25_15b,182,msc_valid,18,recency,0.2,59,2.440677966101695,144.0,2.440677966101695,144.0,0.0,0.0
qwen25_15b,182,msc_valid,18,lexical_tfidf,0.2,59,2.5762711864406778,152.0,2.440677966101695,144.0,0.1355932203389827,8.0
qwen25_15b,182,msc_valid,18,recency_keep_compress_drop,0.2,59,2.457627118644068,145.0,2.440677966101695,144.0,0.016949152542372836,1.0
qwen25_15b,182,msc_valid,18,uniform,0.35,59,2.4915254237288136,147.0,2.440677966101695,144.0,0.05084745762711851,3.0
qwen25_15b,182,msc_valid,18,longllmlingua,0.35,59,2.5762711864406778,152.0,2.440677966101695,144.0,0.1355932203389827,8.0
qwen25_15b,182,msc_valid,18,recency,0.35,59,2.4745762711864407,146.0,2.440677966101695,144.0,0.03389830508474567,2.0
qwen25_15b,182,msc_valid,18,lexical_tfidf,0.35,59,2.559322033898305,151.0,2.440677966101695,144.0,0.11864406779660985,7.0
qwen25_15b,182,msc_valid,18,recency_keep_compress_drop,0.35,59,2.4745762711864407,146.0,2.440677966101695,144.0,0.03389830508474567,2.0
qwen25_15b,182,msc_valid,18,uniform,0.5,59,2.457627118644068,145.0,2.440677966101695,144.0,0.016949152542372836,1.0
qwen25_15b,182,msc_valid,18,longllmlingua,0.5,59,2.542372881355932,150.0,2.440677966101695,144.0,0.10169491525423702,6.0
qwen25_15b,182,msc_valid,18,recency,0.5,59,2.4745762711864407,146.0,2.440677966101695,144.0,0.03389830508474567,2.0
qwen25_15b,182,msc_valid,18,lexical_tfidf,0.5,59,2.4915254237288136,147.0,2.440677966101695,144.0,0.05084745762711851,3.0
qwen25_15b,182,msc_valid,18,recency_keep_compress_drop,0.5,59,2.4745762711864407,146.0,2.440677966101695,144.0,0.03389830508474567,2.0
qwen25_15b,182,msc_valid,22,uniform,0.2,45,3.6222222222222222,163.0,3.1333333333333333,141.0,0.48888888888888893,22.0
qwen25_15b,182,msc_valid,22,longllmlingua,0.2,45,3.3777777777777778,152.0,3.1333333333333333,141.0,0.24444444444444446,11.0
qwen25_15b,182,msc_valid,22,recency,0.2,45,3.466666666666667,156.0,3.1333333333333333,141.0,0.3333333333333335,15.0
qwen25_15b,182,msc_valid,22,lexical_tfidf,0.2,45,3.4,153.0,3.1333333333333333,141.0,0.2666666666666666,12.0
qwen25_15b,182,msc_valid,22,recency_keep_compress_drop,0.2,45,3.488888888888889,157.0,3.1333333333333333,141.0,0.3555555555555556,16.0
qwen25_15b,182,msc_valid,22,uniform,0.35,45,3.511111111111111,158.0,3.1333333333333333,141.0,0.37777777777777777,17.0
qwen25_15b,182,msc_valid,22,longllmlingua,0.35,45,3.422222222222222,154.0,3.1333333333333333,141.0,0.28888888888888875,13.0
qwen25_15b,182,msc_valid,22,recency,0.35,45,3.2444444444444445,146.0,3.1333333333333333,141.0,0.11111111111111116,5.0
qwen25_15b,182,msc_valid,22,lexical_tfidf,0.35,45,3.422222222222222,154.0,3.1333333333333333,141.0,0.28888888888888875,13.0
qwen25_15b,182,msc_valid,22,recency_keep_compress_drop,0.35,45,3.2666666666666666,147.0,3.1333333333333333,141.0,0.1333333333333333,6.0
qwen25_15b,182,msc_valid,22,uniform,0.5,45,3.2444444444444445,146.0,3.1333333333333333,141.0,0.11111111111111116,5.0
qwen25_15b,182,msc_valid,22,longllmlingua,0.5,45,3.4444444444444446,155.0,3.1333333333333333,141.0,0.31111111111111134,14.0
qwen25_15b,182,msc_valid,22,recency,0.5,45,3.1777777777777776,143.0,3.1333333333333333,141.0,0.04444444444444429,2.0
qwen25_15b,182,msc_valid,22,lexical_tfidf,0.5,45,3.4,153.0,3.1333333333333333,141.0,0.2666666666666666,12.0
qwen25_15b,182,msc_valid,22,recency_keep_compress_drop,0.5,45,3.1333333333333333,141.0,3.1333333333333333,141.0,0.0,0.0
qwen25_15b,182,msc_valid,26,uniform,0.2,45,2.8444444444444446,128.0,2.3444444444444446,105.5,0.5,22.5
qwen25_15b,182,msc_valid,26,longllmlingua,0.2,45,2.933333333333333,132.0,2.3444444444444446,105.5,0.5888888888888886,26.5
qwen25_15b,182,msc_valid,26,recency,0.2,45,2.8333333333333335,127.5,2.3444444444444446,105.5,0.48888888888888893,22.0
qwen25_15b,182,msc_valid,26,lexical_tfidf,0.2,45,2.7666666666666666,124.5,2.3444444444444446,105.5,0.42222222222222205,19.0
qwen25_15b,182,msc_valid,26,recency_keep_compress_drop,0.2,45,2.6777777777777776,120.5,2.3444444444444446,105.5,0.33333333333333304,15.0
qwen25_15b,182,msc_valid,26,uniform,0.35,45,2.8222222222222224,127.0,2.3444444444444446,105.5,0.47777777777777786,21.5
qwen25_15b,182,msc_valid,26,longllmlingua,0.35,45,2.7,121.5,2.3444444444444446,105.5,0.3555555555555556,16.0
qwen25_15b,182,msc_valid,26,recency,0.35,45,2.6777777777777776,120.5,2.3444444444444446,105.5,0.33333333333333304,15.0
qwen25_15b,182,msc_valid,26,lexical_tfidf,0.35,45,2.7333333333333334,123.0,2.3444444444444446,105.5,0.38888888888888884,17.5
qwen25_15b,182,msc_valid,26,recency_keep_compress_drop,0.35,45,2.577777777777778,116.0,2.3444444444444446,105.5,0.2333333333333334,10.5
qwen25_15b,182,msc_valid,26,uniform,0.5,45,2.7888888888888888,125.5,2.3444444444444446,105.5,0.4444444444444442,20.0
qwen25_15b,182,msc_valid,26,longllmlingua,0.5,45,2.6222222222222222,118.0,2.3444444444444446,105.5,0.2777777777777777,12.5
qwen25_15b,182,msc_valid,26,recency,0.5,45,2.7,121.5,2.3444444444444446,105.5,0.3555555555555556,16.0
qwen25_15b,182,msc_valid,26,lexical_tfidf,0.5,45,2.7333333333333334,123.0,2.3444444444444446,105.5,0.38888888888888884,17.5
qwen25_15b,182,msc_valid,26,recency_keep_compress_drop,0.5,45,2.466666666666667,111.0,2.3444444444444446,105.5,0.12222222222222223,5.5
qwen25_15b,182,msc_valid,30,uniform,0.2,52,2.6923076923076925,140.0,2.5384615384615383,132.0,0.1538461538461542,8.0
qwen25_15b,182,msc_valid,30,longllmlingua,0.2,52,2.769230769230769,144.0,2.5384615384615383,132.0,0.23076923076923084,12.0
qwen25_15b,182,msc_valid,30,recency,0.2,52,2.6346153846153846,137.0,2.5384615384615383,132.0,0.09615384615384626,5.0
qwen25_15b,182,msc_valid,30,lexical_tfidf,0.2,52,2.673076923076923,139.0,2.5384615384615383,132.0,0.13461538461538458,7.0
qwen25_15b,182,msc_valid,30,recency_keep_compress_drop,0.2,52,2.7115384615384617,141.0,2.5384615384615383,132.0,0.17307692307692335,9.0
qwen25_15b,182,msc_valid,30,uniform,0.35,52,2.6538461538461537,138.0,2.5384615384615383,132.0,0.11538461538461542,6.0
qwen25_15b,182,msc_valid,30,longllmlingua,0.35,52,2.730769230769231,142.0,2.5384615384615383,132.0,0.1923076923076925,10.0
qwen25_15b,182,msc_valid,30,recency,0.35,52,2.5961538461538463,135.0,2.5384615384615383,132.0,0.05769230769230793,3.0
qwen25_15b,182,msc_valid,30,lexical_tfidf,0.35,52,2.6153846153846154,136.0,2.5384615384615383,132.0,0.0769230769230771,4.0
qwen25_15b,182,msc_valid,30,recency_keep_compress_drop,0.35,52,2.6538461538461537,138.0,2.5384615384615383,132.0,0.11538461538461542,6.0
qwen25_15b,182,msc_valid,30,uniform,0.5,52,2.5576923076923075,133.0,2.5384615384615383,132.0,0.019230769230769162,1.0
qwen25_15b,182,msc_valid,30,longllmlingua,0.5,52,2.6346153846153846,137.0,2.5384615384615383,132.0,0.09615384615384626,5.0
qwen25_15b,182,msc_valid,30,recency,0.5,52,2.5961538461538463,135.0,2.5384615384615383,132.0,0.05769230769230793,3.0
qwen25_15b,182,msc_valid,30,lexical_tfidf,0.5,52,2.5384615384615383,132.0,2.5384615384615383,132.0,0.0,0.0
qwen25_15b,182,msc_valid,30,recency_keep_compress_drop,0.5,52,2.576923076923077,134.0,2.5384615384615383,132.0,0.03846153846153877,2.0
qwen25_15b,182,msc_valid,34,uniform,0.2,43,2.2674418604651163,97.5,0.0,0.0,2.2674418604651163,97.5
qwen25_15b,182,msc_valid,34,longllmlingua,0.2,43,2.36046511627907,101.5,0.0,0.0,2.36046511627907,101.5
qwen25_15b,182,msc_valid,34,recency,0.2,43,2.3255813953488373,100.0,0.0,0.0,2.3255813953488373,100.0
qwen25_15b,182,msc_valid,34,lexical_tfidf,0.2,43,2.302325581395349,99.0,0.0,0.0,2.302325581395349,99.0
qwen25_15b,182,msc_valid,34,recency_keep_compress_drop,0.2,43,2.302325581395349,99.0,0.0,0.0,2.302325581395349,99.0
qwen25_15b,182,msc_valid,34,uniform,0.35,43,2.302325581395349,99.0,0.0,0.0,2.302325581395349,99.0
qwen25_15b,182,msc_valid,34,longllmlingua,0.35,43,2.441860465116279,105.0,0.0,0.0,2.441860465116279,105.0
qwen25_15b,182,msc_valid,34,recency,0.35,43,2.313953488372093,99.5,0.0,0.0,2.313953488372093,99.5
qwen25_15b,182,msc_valid,34,lexical_tfidf,0.35,43,2.255813953488372,97.0,0.0,0.0,2.255813953488372,97.0
qwen25_15b,182,msc_valid,34,recency_keep_compress_drop,0.35,43,2.2906976744186047,98.5,0.0,0.0,2.2906976744186047,98.5
qwen25_15b,182,msc_valid,34,uniform,0.5,43,2.2906976744186047,98.5,0.0,0.0,2.2906976744186047,98.5
qwen25_15b,182,msc_valid,34,longllmlingua,0.5,43,2.441860465116279,105.0,0.0,0.0,2.441860465116279,105.0
qwen25_15b,182,msc_valid,34,recency,0.5,43,2.2790697674418605,98.0,0.0,0.0,2.2790697674418605,98.0
qwen25_15b,182,msc_valid,34,lexical_tfidf,0.5,43,2.2790697674418605,98.0,0.0,0.0,2.2790697674418605,98.0
qwen25_15b,182,msc_valid,34,recency_keep_compress_drop,0.5,43,2.2906976744186047,98.5,0.0,0.0,2.2906976744186047,98.5
qwen25_15b,182,msc_valid,38,uniform,0.2,40,2.5,100.0,0.0,0.0,2.5,100.0
qwen25_15b,182,msc_valid,38,longllmlingua,0.2,40,2.35,94.0,0.0,0.0,2.35,94.0
qwen25_15b,182,msc_valid,38,recency,0.2,40,2.4375,97.5,0.0,0.0,2.4375,97.5
qwen25_15b,182,msc_valid,38,lexical_tfidf,0.2,40,2.475,99.0,0.0,0.0,2.475,99.0
qwen25_15b,182,msc_valid,38,recency_keep_compress_drop,0.2,40,2.4,96.0,0.0,0.0,2.4,96.0
qwen25_15b,182,msc_valid,38,uniform,0.35,40,2.475,99.0,0.0,0.0,2.475,99.0
qwen25_15b,182,msc_valid,38,longllmlingua,0.35,40,2.325,93.0,0.0,0.0,2.325,93.0
qwen25_15b,182,msc_valid,38,recency,0.35,40,2.5125,100.5,0.0,0.0,2.5125,100.5
qwen25_15b,182,msc_valid,38,lexical_tfidf,0.35,40,2.4625,98.5,0.0,0.0,2.4625,98.5
qwen25_15b,182,msc_valid,38,recency_keep_compress_drop,0.35,40,2.4375,97.5,0.0,0.0,2.4375,97.5
qwen25_15b,182,msc_valid,38,uniform,0.5,40,2.4,96.0,0.0,0.0,2.4,96.0
qwen25_15b,182,msc_valid,38,longllmlingua,0.5,40,2.375,95.0,0.0,0.0,2.375,95.0
qwen25_15b,182,msc_valid,38,recency,0.5,40,2.5125,100.5,0.0,0.0,2.5125,100.5
qwen25_15b,182,msc_valid,38,lexical_tfidf,0.5,40,2.5625,102.5,0.0,0.0,2.5625,102.5
qwen25_15b,182,msc_valid,38,recency_keep_compress_drop,0.5,40,2.425,97.0,0.0,0.0,2.425,97.0
qwen25_15b,182,msc_valid,42,uniform,0.2,29,2.206896551724138,64.0,0.0,0.0,2.206896551724138,64.0
qwen25_15b,182,msc_valid,42,longllmlingua,0.2,29,2.043103448275862,59.25,0.0,0.0,2.043103448275862,59.25
qwen25_15b,182,msc_valid,42,recency,0.2,29,2.0948275862068964,60.75,0.0,0.0,2.0948275862068964,60.75
qwen25_15b,182,msc_valid,42,lexical_tfidf,0.2,29,2.0344827586206895,59.0,0.0,0.0,2.0344827586206895,59.0
qwen25_15b,182,msc_valid,42,recency_keep_compress_drop,0.2,29,2.086206896551724,60.5,0.0,0.0,2.086206896551724,60.5
qwen25_15b,182,msc_valid,42,uniform,0.35,29,2.0,58.0,0.0,0.0,2.0,58.0
qwen25_15b,182,msc_valid,42,longllmlingua,0.35,29,2.0258620689655173,58.75,0.0,0.0,2.0258620689655173,58.75
qwen25_15b,182,msc_valid,42,recency,0.35,29,2.0689655172413794,60.0,0.0,0.0,2.0689655172413794,60.0
qwen25_15b,182,msc_valid,42,lexical_tfidf,0.35,29,2.0086206896551726,58.25,0.0,0.0,2.0086206896551726,58.25
qwen25_15b,182,msc_valid,42,recency_keep_compress_drop,0.35,29,2.086206896551724,60.5,0.0,0.0,2.086206896551724,60.5
qwen25_15b,182,msc_valid,42,uniform,0.5,29,1.9913793103448276,57.75,0.0,0.0,1.9913793103448276,57.75
qwen25_15b,182,msc_valid,42,longllmlingua,0.5,29,1.9913793103448276,57.75,0.0,0.0,1.9913793103448276,57.75
qwen25_15b,182,msc_valid,42,recency,0.5,29,2.0172413793103448,58.5,0.0,0.0,2.0172413793103448,58.5
qwen25_15b,182,msc_valid,42,lexical_tfidf,0.5,29,1.9741379310344827,57.25,0.0,0.0,1.9741379310344827,57.25
qwen25_15b,182,msc_valid,42,recency_keep_compress_drop,0.5,29,2.0517241379310347,59.5,0.0,0.0,2.0517241379310347,59.5
qwen25_15b,182,msc_valid,46,uniform,0.2,48,2.1666666666666665,104.0,0.0,0.0,2.1666666666666665,104.0
qwen25_15b,182,msc_valid,46,longllmlingua,0.2,48,2.1458333333333335,103.0,0.0,0.0,2.1458333333333335,103.0
qwen25_15b,182,msc_valid,46,recency,0.2,48,2.1145833333333335,101.5,0.0,0.0,2.1145833333333335,101.5
qwen25_15b,182,msc_valid,46,lexical_tfidf,0.2,48,2.125,102.0,0.0,0.0,2.125,102.0
qwen25_15b,182,msc_valid,46,recency_keep_compress_drop,0.2,48,2.1145833333333335,101.5,0.0,0.0,2.1145833333333335,101.5
qwen25_15b,182,msc_valid,46,uniform,0.35,48,2.1666666666666665,104.0,0.0,0.0,2.1666666666666665,104.0
qwen25_15b,182,msc_valid,46,longllmlingua,0.35,48,2.1354166666666665,102.5,0.0,0.0,2.1354166666666665,102.5
qwen25_15b,182,msc_valid,46,recency,0.35,48,2.1145833333333335,101.5,0.0,0.0,2.1145833333333335,101.5
qwen25_15b,182,msc_valid,46,lexical_tfidf,0.35,48,2.1354166666666665,102.5,0.0,0.0,2.1354166666666665,102.5
qwen25_15b,182,msc_valid,46,recency_keep_compress_drop,0.35,48,2.1145833333333335,101.5,0.0,0.0,2.1145833333333335,101.5
qwen25_15b,182,msc_valid,46,uniform,0.5,48,2.0833333333333335,100.0,0.0,0.0,2.0833333333333335,100.0
qwen25_15b,182,msc_valid,46,longllmlingua,0.5,48,2.1145833333333335,101.5,0.0,0.0,2.1145833333333335,101.5
qwen25_15b,182,msc_valid,46,recency,0.5,48,2.1041666666666665,101.0,0.0,0.0,2.1041666666666665,101.0
qwen25_15b,182,msc_valid,46,lexical_tfidf,0.5,48,2.1354166666666665,102.5,0.0,0.0,2.1354166666666665,102.5
qwen25_15b,182,msc_valid,46,recency_keep_compress_drop,0.5,48,2.1145833333333335,101.5,0.0,0.0,2.1145833333333335,101.5
qwen25_15b,182,msc_valid,48,uniform,0.2,28,2.3214285714285716,65.0,0.0,0.0,2.3214285714285716,65.0
qwen25_15b,182,msc_valid,48,longllmlingua,0.2,28,2.392857142857143,67.0,0.0,0.0,2.392857142857143,67.0
qwen25_15b,182,msc_valid,48,recency,0.2,28,2.169642857142857,60.75,0.0,0.0,2.169642857142857,60.75
qwen25_15b,182,msc_valid,48,lexical_tfidf,0.2,28,2.2142857142857144,62.0,0.0,0.0,2.2142857142857144,62.0
qwen25_15b,182,msc_valid,48,recency_keep_compress_drop,0.2,28,2.1339285714285716,59.75,0.0,0.0,2.1339285714285716,59.75
qwen25_15b,182,msc_valid,48,uniform,0.35,28,2.2589285714285716,63.25,0.0,0.0,2.2589285714285716,63.25
qwen25_15b,182,msc_valid,48,longllmlingua,0.35,28,2.375,66.5,0.0,0.0,2.375,66.5
qwen25_15b,182,msc_valid,48,recency,0.35,28,2.142857142857143,60.0,0.0,0.0,2.142857142857143,60.0
qwen25_15b,182,msc_valid,48,lexical_tfidf,0.35,28,2.2142857142857144,62.0,0.0,0.0,2.2142857142857144,62.0
qwen25_15b,182,msc_valid,48,recency_keep_compress_drop,0.35,28,2.125,59.5,0.0,0.0,2.125,59.5
qwen25_15b,182,msc_valid,48,uniform,0.5,28,2.1339285714285716,59.75,0.0,0.0,2.1339285714285716,59.75
qwen25_15b,182,msc_valid,48,longllmlingua,0.5,28,2.357142857142857,66.0,0.0,0.0,2.357142857142857,66.0
qwen25_15b,182,msc_valid,48,recency,0.5,0,0.0,0.0,0.0,0.0,0.0,0.0
qwen25_15b,182,msc_valid,48,lexical_tfidf,0.5,0,0.0,0.0,0.0,0.0,0.0,0.0
qwen25_15b,182,msc_valid,48,recency_keep_compress_drop,0.5,0,0.0,0.0,0.0,0.0,0.0,0.0
qwen25_15b,182,msc_valid,52,uniform,0.2,20,2.3375,46.75,0.0,0.0,2.3375,46.75
qwen25_15b,182,msc_valid,52,longllmlingua,0.2,20,2.225,44.5,0.0,0.0,2.225,44.5
qwen25_15b,182,msc_valid,52,recency,0.2,20,2.4125,48.25,0.0,0.0,2.4125,48.25
qwen25_15b,182,msc_valid,52,lexical_tfidf,0.2,20,2.4,48.0,0.0,0.0,2.4,48.0
qwen25_15b,182,msc_valid,52,recency_keep_compress_drop,0.2,20,2.4375,48.75,0.0,0.0,2.4375,48.75
qwen25_15b,182,msc_valid,52,uniform,0.35,20,2.325,46.5,0.0,0.0,2.325,46.5
qwen25_15b,182,msc_valid,52,longllmlingua,0.35,20,2.225,44.5,0.0,0.0,2.225,44.5
qwen25_15b,182,msc_valid,52,recency,0.35,0,0.0,0.0,0.0,0.0,0.0,0.0
qwen25_15b,182,msc_valid,52,lexical_tfidf,0.35,17,2.75,46.75,0.0,0.0,2.75,46.75
qwen25_15b,182,msc_valid,52,recency_keep_compress_drop,0.35,0,0.0,0.0,0.0,0.0,0.0,0.0
qwen25_15b,182,msc_valid,52,uniform,0.5,0,0.0,0.0,0.0,0.0,0.0,0.0
qwen25_15b,182,msc_valid,52,longllmlingua,0.5,20,2.2125,44.25,0.0,0.0,2.2125,44.25
qwen25_15b,182,msc_valid,52,recency,0.5,0,0.0,0.0,0.0,0.0,0.0,0.0
qwen25_15b,182,msc_valid,52,lexical_tfidf,0.5,0,0.0,0.0,0.0,0.0,0.0,0.0
qwen25_15b,182,msc_valid,52,recency_keep_compress_drop,0.5,0,0.0,0.0,0.0,0.0,0.0,0.0
qwen25_15b,182,msc_valid,56,uniform,0.2,34,2.8529411764705883,97.0,0.0,0.0,2.8529411764705883,97.0
qwen25_15b,182,msc_valid,56,longllmlingua,0.2,34,2.7941176470588234,95.0,0.0,0.0,2.7941176470588234,95.0
qwen25_15b,182,msc_valid,56,recency,0.2,34,2.7205882352941178,92.5,0.0,0.0,2.7205882352941178,92.5
qwen25_15b,182,msc_valid,56,lexical_tfidf,0.2,34,2.661764705882353,90.5,0.0,0.0,2.661764705882353,90.5
qwen25_15b,182,msc_valid,56,recency_keep_compress_drop,0.2,34,2.7205882352941178,92.5,0.0,0.0,2.7205882352941178,92.5
qwen25_15b,182,msc_valid,56,uniform,0.35,34,2.75,93.5,0.0,0.0,2.75,93.5
qwen25_15b,182,msc_valid,56,longllmlingua,0.35,34,2.764705882352941,94.0,0.0,0.0,2.764705882352941,94.0
qwen25_15b,182,msc_valid,56,recency,0.35,0,0.0,0.0,0.0,0.0,0.0,0.0
qwen25_15b,182,msc_valid,56,lexical_tfidf,0.35,0,0.0,0.0,0.0,0.0,0.0,0.0
qwen25_15b,182,msc_valid,56,recency_keep_compress_drop,0.35,0,0.0,0.0,0.0,0.0,0.0,0.0
qwen25_15b,182,msc_valid,56,uniform,0.5,34,2.764705882352941,94.0,0.0,0.0,2.764705882352941,94.0
qwen25_15b,182,msc_valid,56,longllmlingua,0.5,34,2.6911764705882355,91.5,0.0,0.0,2.6911764705882355,91.5
qwen25_15b,182,msc_valid,56,recency,0.5,0,0.0,0.0,0.0,0.0,0.0,0.0
qwen25_15b,182,msc_valid,56,lexical_tfidf,0.5,0,0.0,0.0,0.0,0.0,0.0,0.0
qwen25_15b,182,msc_valid,56,recency_keep_compress_drop,0.5,0,0.0,0.0,0.0,0.0,0.0,0.0
qwen25_15b,182,msc_valid,60,uniform,0.2,13,3.076923076923077,40.0,0.0,0.0,3.076923076923077,40.0
qwen25_15b,182,msc_valid,60,longllmlingua,0.2,13,3.25,42.25,0.0,0.0,3.25,42.25
qwen25_15b,182,msc_valid,60,recency,0.2,0,0.0,0.0,0.0,0.0,0.0,0.0
qwen25_15b,182,msc_valid,60,lexical_tfidf,0.2,13,2.75,35.75,0.0,0.0,2.75,35.75
qwen25_15b,182,msc_valid,60,recency_keep_compress_drop,0.2,0,0.0,0.0,0.0,0.0,0.0,0.0
qwen25_15b,182,msc_valid,60,uniform,0.35,13,3.0961538461538463,40.25,0.0,0.0,3.0961538461538463,40.25
qwen25_15b,182,msc_valid,60,longllmlingua,0.35,13,3.3076923076923075,43.0,0.0,0.0,3.3076923076923075,43.0
qwen25_15b,182,msc_valid,60,recency,0.35,0,0.0,0.0,0.0,0.0,0.0,0.0
qwen25_15b,182,msc_valid,60,lexical_tfidf,0.35,0,0.0,0.0,0.0,0.0,0.0,0.0
qwen25_15b,182,msc_valid,60,recency_keep_compress_drop,0.35,0,0.0,0.0,0.0,0.0,0.0,0.0
qwen25_15b,182,msc_valid,60,uniform,0.5,13,2.9038461538461537,37.75,0.0,0.0,2.9038461538461537,37.75
qwen25_15b,182,msc_valid,60,longllmlingua,0.5,13,3.25,42.25,0.0,0.0,3.25,42.25
qwen25_15b,182,msc_valid,60,recency,0.5,0,0.0,0.0,0.0,0.0,0.0,0.0
qwen25_15b,182,msc_valid,60,lexical_tfidf,0.5,0,0.0,0.0,0.0,0.0,0.0,0.0
qwen25_15b,182,msc_valid,60,recency_keep_compress_drop,0.5,0,0.0,0.0,0.0,0.0,0.0,0.0
qwen25_15b,201,msc_valid,4,uniform,0.2,14,4.5,63.0,4.089285714285714,57.25,0.4107142857142856,5.75
qwen25_15b,201,msc_valid,4,longllmlingua,0.2,14,3.9285714285714284,55.0,4.089285714285714,57.25,-0.16071428571428603,-2.25
qwen25_15b,201,msc_valid,4,recency,0.2,14,4.5,63.0,4.089285714285714,57.25,0.4107142857142856,5.75
qwen25_15b,201,msc_valid,4,lexical_tfidf,0.2,14,4.5,63.0,4.089285714285714,57.25,0.4107142857142856,5.75
qwen25_15b,201,msc_valid,4,recency_keep_compress_drop,0.2,14,4.5,63.0,4.089285714285714,57.25,0.4107142857142856,5.75
qwen25_15b,201,msc_valid,4,uniform,0.35,14,4.267857142857143,59.75,4.089285714285714,57.25,0.17857142857142883,2.5
qwen25_15b,201,msc_valid,4,longllmlingua,0.35,14,4.017857142857143,56.25,4.089285714285714,57.25,-0.07142857142857117,-1.0
qwen25_15b,201,msc_valid,4,recency,0.35,14,4.267857142857143,59.75,4.089285714285714,57.25,0.17857142857142883,2.5
qwen25_15b,201,msc_valid,4,lexical_tfidf,0.35,14,4.267857142857143,59.75,4.089285714285714,57.25,0.17857142857142883,2.5
qwen25_15b,201,msc_valid,4,recency_keep_compress_drop,0.35,14,4.267857142857143,59.75,4.089285714285714,57.25,0.17857142857142883,2.5
qwen25_15b,201,msc_valid,4,uniform,0.5,14,4.267857142857143,59.75,4.089285714285714,57.25,0.17857142857142883,2.5
qwen25_15b,201,msc_valid,4,longllmlingua,0.5,14,3.75,52.5,4.089285714285714,57.25,-0.3392857142857144,-4.75
qwen25_15b,201,msc_valid,4,recency,0.5,14,4.267857142857143,59.75,4.089285714285714,57.25,0.17857142857142883,2.5
qwen25_15b,201,msc_valid,4,lexical_tfidf,0.5,14,4.267857142857143,59.75,4.089285714285714,57.25,0.17857142857142883,2.5
qwen25_15b,201,msc_valid,4,recency_keep_compress_drop,0.5,14,4.267857142857143,59.75,4.089285714285714,57.25,0.17857142857142883,2.5
qwen25_15b,201,msc_valid,6,uniform,0.2,15,4.7,70.5,4.5,67.5,0.20000000000000018,3.0
qwen25_15b,201,msc_valid,6,longllmlingua,0.2,15,4.4,66.0,4.5,67.5,-0.09999999999999964,-1.5
qwen25_15b,201,msc_valid,6,recency,0.2,15,4.733333333333333,71.0,4.5,67.5,0.2333333333333334,3.5
qwen25_15b,201,msc_valid,6,lexical_tfidf,0.2,15,4.566666666666666,68.5,4.5,67.5,0.06666666666666643,1.0
qwen25_15b,201,msc_valid,6,recency_keep_compress_drop,0.2,15,4.733333333333333,71.0,4.5,67.5,0.2333333333333334,3.5
qwen25_15b,201,msc_valid,6,uniform,0.35,15,4.7,70.5,4.5,67.5,0.20000000000000018,3.0
qwen25_15b,201,msc_valid,6,longllmlingua,0.35,15,4.133333333333334,62.0,4.5,67.5,-0.36666666666666625,-5.5
qwen25_15b,201,msc_valid,6,recency,0.35,15,4.733333333333333,71.0,4.5,67.5,0.2333333333333334,3.5
qwen25_15b,201,msc_valid,6,lexical_tfidf,0.35,15,4.566666666666666,68.5,4.5,67.5,0.06666666666666643,1.0
qwen25_15b,201,msc_valid,6,recency_keep_compress_drop,0.35,15,4.733333333333333,71.0,4.5,67.5,0.2333333333333334,3.5
qwen25_15b,201,msc_valid,6,uniform,0.5,15,4.766666666666667,71.5,4.5,67.5,0.2666666666666666,4.0
qwen25_15b,201,msc_valid,6,longllmlingua,0.5,15,4.166666666666667,62.5,4.5,67.5,-0.33333333333333304,-5.0
qwen25_15b,201,msc_valid,6,recency,0.5,15,4.633333333333334,69.5,4.5,67.5,0.13333333333333375,2.0
qwen25_15b,201,msc_valid,6,lexical_tfidf,0.5,15,4.633333333333334,69.5,4.5,67.5,0.13333333333333375,2.0
qwen25_15b,201,msc_valid,6,recency_keep_compress_drop,0.5,15,4.633333333333334,69.5,4.5,67.5,0.13333333333333375,2.0
qwen25_15b,201,msc_valid,8,uniform,0.2,13,3.9615384615384617,51.5,3.6346153846153846,47.25,0.3269230769230771,4.25
qwen25_15b,201,msc_valid,8,longllmlingua,0.2,13,3.75,48.75,3.6346153846153846,47.25,0.11538461538461542,1.5
qwen25_15b,201,msc_valid,8,recency,0.2,13,3.980769230769231,51.75,3.6346153846153846,47.25,0.34615384615384626,4.5
qwen25_15b,201,msc_valid,8,lexical_tfidf,0.2,13,3.9615384615384617,51.5,3.6346153846153846,47.25,0.3269230769230771,4.25
qwen25_15b,201,msc_valid,8,recency_keep_compress_drop,0.2,13,3.5961538461538463,46.75,3.6346153846153846,47.25,-0.038461538461538325,-0.5
qwen25_15b,201,msc_valid,8,uniform,0.35,13,3.8461538461538463,50.0,3.6346153846153846,47.25,0.21153846153846168,2.75
qwen25_15b,201,msc_valid,8,longllmlingua,0.35,13,3.6923076923076925,48.0,3.6346153846153846,47.25,0.05769230769230793,0.75
qwen25_15b,201,msc_valid,8,recency,0.35,13,3.75,48.75,3.6346153846153846,47.25,0.11538461538461542,1.5
qwen25_15b,201,msc_valid,8,lexical_tfidf,0.35,13,4.134615384615385,53.75,3.6346153846153846,47.25,0.5000000000000004,6.5
qwen25_15b,201,msc_valid,8,recency_keep_compress_drop,0.35,13,3.7115384615384617,48.25,3.6346153846153846,47.25,0.0769230769230771,1.0
qwen25_15b,201,msc_valid,8,uniform,0.5,13,3.769230769230769,49.0,3.6346153846153846,47.25,0.13461538461538458,1.75
qwen25_15b,201,msc_valid,8,longllmlingua,0.5,13,3.7884615384615383,49.25,3.6346153846153846,47.25,0.15384615384615374,2.0
qwen25_15b,201,msc_valid,8,recency,0.5,13,3.6538461538461537,47.5,3.6346153846153846,47.25,0.019230769230769162,0.25
qwen25_15b,201,msc_valid,8,lexical_tfidf,0.5,13,3.769230769230769,49.0,3.6346153846153846,47.25,0.13461538461538458,1.75
qwen25_15b,201,msc_valid,8,recency_keep_compress_drop,0.5,13,3.8461538461538463,50.0,3.6346153846153846,47.25,0.21153846153846168,2.75
qwen25_15b,201,msc_valid,10,uniform,0.2,18,3.0416666666666665,54.75,2.9166666666666665,52.5,0.125,2.25
qwen25_15b,201,msc_valid,10,longllmlingua,0.2,18,2.8333333333333335,51.0,2.9166666666666665,52.5,-0.08333333333333304,-1.5
qwen25_15b,201,msc_valid,10,recency,0.2,18,3.0277777777777777,54.5,2.9166666666666665,52.5,0.11111111111111116,2.0
qwen25_15b,201,msc_valid,10,lexical_tfidf,0.2,18,3.125,56.25,2.9166666666666665,52.5,0.20833333333333348,3.75
qwen25_15b,201,msc_valid,10,recency_keep_compress_drop,0.2,18,3.0,54.0,2.9166666666666665,52.5,0.08333333333333348,1.5
qwen25_15b,201,msc_valid,10,uniform,0.35,18,3.0972222222222223,55.75,2.9166666666666665,52.5,0.1805555555555558,3.25
qwen25_15b,201,msc_valid,10,longllmlingua,0.35,18,2.8333333333333335,51.0,2.9166666666666665,52.5,-0.08333333333333304,-1.5
qwen25_15b,201,msc_valid,10,recency,0.35,18,2.9444444444444446,53.0,2.9166666666666665,52.5,0.027777777777778123,0.5
qwen25_15b,201,msc_valid,10,lexical_tfidf,0.35,18,2.986111111111111,53.75,2.9166666666666665,52.5,0.06944444444444464,1.25
qwen25_15b,201,msc_valid,10,recency_keep_compress_drop,0.35,18,2.888888888888889,52.0,2.9166666666666665,52.5,-0.02777777777777768,-0.5
qwen25_15b,201,msc_valid,10,uniform,0.5,18,3.1666666666666665,57.0,2.9166666666666665,52.5,0.25,4.5
qwen25_15b,201,msc_valid,10,longllmlingua,0.5,18,2.861111111111111,51.5,2.9166666666666665,52.5,-0.05555555555555536,-1.0
qwen25_15b,201,msc_valid,10,recency,0.5,18,2.9027777777777777,52.25,2.9166666666666665,52.5,-0.01388888888888884,-0.25
qwen25_15b,201,msc_valid,10,lexical_tfidf,0.5,18,2.986111111111111,53.75,2.9166666666666665,52.5,0.06944444444444464,1.25
qwen25_15b,201,msc_valid,10,recency_keep_compress_drop,0.5,18,2.888888888888889,52.0,2.9166666666666665,52.5,-0.02777777777777768,-0.5
qwen25_15b,201,msc_valid,12,uniform,0.2,15,3.45,51.75,2.8333333333333335,42.5,0.6166666666666667,9.25
qwen25_15b,201,msc_valid,12,longllmlingua,0.2,15,3.066666666666667,46.0,2.8333333333333335,42.5,0.2333333333333334,3.5
qwen25_15b,201,msc_valid,12,recency,0.2,15,3.2333333333333334,48.5,2.8333333333333335,42.5,0.3999999999999999,6.0
qwen25_15b,201,msc_valid,12,lexical_tfidf,0.2,15,3.183333333333333,47.75,2.8333333333333335,42.5,0.34999999999999964,5.25
qwen25_15b,201,msc_valid,12,recency_keep_compress_drop,0.2,15,3.1166666666666667,46.75,2.8333333333333335,42.5,0.2833333333333332,4.25
qwen25_15b,201,msc_valid,12,uniform,0.35,15,3.3833333333333333,50.75,2.8333333333333335,42.5,0.5499999999999998,8.25
qwen25_15b,201,msc_valid,12,longllmlingua,0.35,15,3.033333333333333,45.5,2.8333333333333335,42.5,0.19999999999999973,3.0
qwen25_15b,201,msc_valid,12,recency,0.35,15,2.95,44.25,2.8333333333333335,42.5,0.1166666666666667,1.75
qwen25_15b,201,msc_valid,12,lexical_tfidf,0.35,15,3.2,48.0,2.8333333333333335,42.5,0.3666666666666667,5.5
qwen25_15b,201,msc_valid,12,recency_keep_compress_drop,0.35,15,3.0833333333333335,46.25,2.8333333333333335,42.5,0.25,3.75
qwen25_15b,201,msc_valid,12,uniform,0.5,15,3.316666666666667,49.75,2.8333333333333335,42.5,0.4833333333333334,7.25
qwen25_15b,201,msc_valid,12,longllmlingua,0.5,15,2.9,43.5,2.8333333333333335,42.5,0.06666666666666643,1.0
qwen25_15b,201,msc_valid,12,recency,0.5,15,3.066666666666667,46.0,2.8333333333333335,42.5,0.2333333333333334,3.5
qwen25_15b,201,msc_valid,12,lexical_tfidf,0.5,15,3.1166666666666667,46.75,2.8333333333333335,42.5,0.2833333333333332,4.25
qwen25_15b,201,msc_valid,12,recency_keep_compress_drop,0.5,15,2.783333333333333,41.75,2.8333333333333335,42.5,-0.050000000000000266,-0.75
qwen25_15b,201,msc_valid,14,uniform,0.2,12,3.7708333333333335,45.25,2.9791666666666665,35.75,0.791666666666667,9.5
qwen25_15b,201,msc_valid,14,longllmlingua,0.2,12,3.1458333333333335,37.75,2.9791666666666665,35.75,0.16666666666666696,2.0
qwen25_15b,201,msc_valid,14,recency,0.2,12,3.2916666666666665,39.5,2.9791666666666665,35.75,0.3125,3.75
qwen25_15b,201,msc_valid,14,lexical_tfidf,0.2,12,3.5416666666666665,42.5,2.9791666666666665,35.75,0.5625,6.75
qwen25_15b,201,msc_valid,14,recency_keep_compress_drop,0.2,12,3.5,42.0,2.9791666666666665,35.75,0.5208333333333335,6.25
qwen25_15b,201,msc_valid,14,uniform,0.35,12,3.25,39.0,2.9791666666666665,35.75,0.2708333333333335,3.25
qwen25_15b,201,msc_valid,14,longllmlingua,0.35,12,3.1458333333333335,37.75,2.9791666666666665,35.75,0.16666666666666696,2.0
qwen25_15b,201,msc_valid,14,recency,0.35,12,3.25,39.0,2.9791666666666665,35.75,0.2708333333333335,3.25
qwen25_15b,201,msc_valid,14,lexical_tfidf,0.35,12,3.3541666666666665,40.25,2.9791666666666665,35.75,0.375,4.5
qwen25_15b,201,msc_valid,14,recency_keep_compress_drop,0.35,12,3.1875,38.25,2.9791666666666665,35.75,0.20833333333333348,2.5
qwen25_15b,201,msc_valid,14,uniform,0.5,12,3.5416666666666665,42.5,2.9791666666666665,35.75,0.5625,6.75
qwen25_15b,201,msc_valid,14,longllmlingua,0.5,12,3.0416666666666665,36.5,2.9791666666666665,35.75,0.0625,0.75
qwen25_15b,201,msc_valid,14,recency,0.5,12,3.0208333333333335,36.25,2.9791666666666665,35.75,0.04166666666666696,0.5
qwen25_15b,201,msc_valid,14,lexical_tfidf,0.5,12,3.3333333333333335,40.0,2.9791666666666665,35.75,0.35416666666666696,4.25
qwen25_15b,201,msc_valid,14,recency_keep_compress_drop,0.5,12,3.0208333333333335,36.25,2.9791666666666665,35.75,0.04166666666666696,0.5
qwen25_15b,215,msc_valid,4,uniform,0.2,20,3.875,77.5,3.65,73.0,0.2250000000000001,4.5
qwen25_15b,215,msc_valid,4,longllmlingua,0.2,20,3.65,73.0,3.65,73.0,0.0,0.0
qwen25_15b,215,msc_valid,4,recency,0.2,20,3.875,77.5,3.65,73.0,0.2250000000000001,4.5
qwen25_15b,215,msc_valid,4,lexical_tfidf,0.2,20,3.875,77.5,3.65,73.0,0.2250000000000001,4.5
qwen25_15b,215,msc_valid,4,recency_keep_compress_drop,0.2,20,3.875,77.5,3.65,73.0,0.2250000000000001,4.5
qwen25_15b,215,msc_valid,4,uniform,0.35,20,3.875,77.5,3.65,73.0,0.2250000000000001,4.5
qwen25_15b,215,msc_valid,4,longllmlingua,0.35,20,3.7,74.0,3.65,73.0,0.050000000000000266,1.0
qwen25_15b,215,msc_valid,4,recency,0.35,20,3.875,77.5,3.65,73.0,0.2250000000000001,4.5
qwen25_15b,215,msc_valid,4,lexical_tfidf,0.35,20,3.875,77.5,3.65,73.0,0.2250000000000001,4.5
qwen25_15b,215,msc_valid,4,recency_keep_compress_drop,0.35,20,3.875,77.5,3.65,73.0,0.2250000000000001,4.5
qwen25_15b,215,msc_valid,4,uniform,0.5,20,3.575,71.5,3.65,73.0,-0.07499999999999973,-1.5
qwen25_15b,215,msc_valid,4,longllmlingua,0.5,20,3.575,71.5,3.65,73.0,-0.07499999999999973,-1.5
qwen25_15b,215,msc_valid,4,recency,0.5,20,3.575,71.5,3.65,73.0,-0.07499999999999973,-1.5
qwen25_15b,215,msc_valid,4,lexical_tfidf,0.5,20,3.575,71.5,3.65,73.0,-0.07499999999999973,-1.5
qwen25_15b,215,msc_valid,4,recency_keep_compress_drop,0.5,20,3.575,71.5,3.65,73.0,-0.07499999999999973,-1.5
qwen25_15b,215,msc_valid,8,uniform,0.2,14,3.0,42.0,2.357142857142857,33.0,0.6428571428571428,9.0
qwen25_15b,215,msc_valid,8,longllmlingua,0.2,14,2.5714285714285716,36.0,2.357142857142857,33.0,0.2142857142857144,3.0
qwen25_15b,215,msc_valid,8,recency,0.2,14,2.8214285714285716,39.5,2.357142857142857,33.0,0.4642857142857144,6.5
qwen25_15b,215,msc_valid,8,lexical_tfidf,0.2,14,2.8214285714285716,39.5,2.357142857142857,33.0,0.4642857142857144,6.5
qwen25_15b,215,msc_valid,8,recency_keep_compress_drop,0.2,14,3.2142857142857144,45.0,2.357142857142857,33.0,0.8571428571428572,12.0
qwen25_15b,215,msc_valid,8,uniform,0.35,14,2.9642857142857144,41.5,2.357142857142857,33.0,0.6071428571428572,8.5
qwen25_15b,215,msc_valid,8,longllmlingua,0.35,14,2.517857142857143,35.25,2.357142857142857,33.0,0.1607142857142856,2.25
qwen25_15b,215,msc_valid,8,recency,0.35,14,2.7857142857142856,39.0,2.357142857142857,33.0,0.4285714285714284,6.0
qwen25_15b,215,msc_valid,8,lexical_tfidf,0.35,14,2.7857142857142856,39.0,2.357142857142857,33.0,0.4285714285714284,6.0
qwen25_15b,215,msc_valid,8,recency_keep_compress_drop,0.35,14,2.8214285714285716,39.5,2.357142857142857,33.0,0.4642857142857144,6.5
qwen25_15b,215,msc_valid,8,uniform,0.5,14,2.75,38.5,2.357142857142857,33.0,0.3928571428571428,5.5
qwen25_15b,215,msc_valid,8,longllmlingua,0.5,14,2.4107142857142856,33.75,2.357142857142857,33.0,0.05357142857142838,0.75
qwen25_15b,215,msc_valid,8,recency,0.5,14,2.642857142857143,37.0,2.357142857142857,33.0,0.2857142857142856,4.0
qwen25_15b,215,msc_valid,8,lexical_tfidf,0.5,14,2.642857142857143,37.0,2.357142857142857,33.0,0.2857142857142856,4.0
qwen25_15b,215,msc_valid,8,recency_keep_compress_drop,0.5,14,2.8214285714285716,39.5,2.357142857142857,33.0,0.4642857142857144,6.5
qwen25_15b,215,msc_valid,12,uniform,0.2,12,2.8541666666666665,34.25,2.6041666666666665,31.25,0.25,3.0
qwen25_15b,215,msc_valid,12,longllmlingua,0.2,12,2.6458333333333335,31.75,2.6041666666666665,31.25,0.04166666666666696,0.5
qwen25_15b,215,msc_valid,12,recency,0.2,12,2.8541666666666665,34.25,2.6041666666666665,31.25,0.25,3.0
qwen25_15b,215,msc_valid,12,lexical_tfidf,0.2,12,2.9791666666666665,35.75,2.6041666666666665,31.25,0.375,4.5
qwen25_15b,215,msc_valid,12,recency_keep_compress_drop,0.2,12,2.8125,33.75,2.6041666666666665,31.25,0.20833333333333348,2.5
qwen25_15b,215,msc_valid,12,uniform,0.35,12,2.5729166666666665,30.875,2.6041666666666665,31.25,-0.03125,-0.375
qwen25_15b,215,msc_valid,12,longllmlingua,0.35,12,2.53125,30.375,2.6041666666666665,31.25,-0.07291666666666652,-0.875
qwen25_15b,215,msc_valid,12,recency,0.35,12,2.6875,32.25,2.6041666666666665,31.25,0.08333333333333348,1.0
qwen25_15b,215,msc_valid,12,lexical_tfidf,0.35,12,2.9583333333333335,35.5,2.6041666666666665,31.25,0.35416666666666696,4.25
qwen25_15b,215,msc_valid,12,recency_keep_compress_drop,0.35,12,2.7083333333333335,32.5,2.6041666666666665,31.25,0.10416666666666696,1.25
qwen25_15b,215,msc_valid,12,uniform,0.5,12,2.8333333333333335,34.0,2.6041666666666665,31.25,0.22916666666666696,2.75
qwen25_15b,215,msc_valid,12,longllmlingua,0.5,12,2.5625,30.75,2.6041666666666665,31.25,-0.04166666666666652,-0.5
qwen25_15b,215,msc_valid,12,recency,0.5,12,2.7291666666666665,32.75,2.6041666666666665,31.25,0.125,1.5
qwen25_15b,215,msc_valid,12,lexical_tfidf,0.5,12,2.7291666666666665,32.75,2.6041666666666665,31.25,0.125,1.5
qwen25_15b,215,msc_valid,12,recency_keep_compress_drop,0.5,12,2.9166666666666665,35.0,2.6041666666666665,31.25,0.3125,3.75
qwen25_15b,215,msc_valid,16,uniform,0.2,18,2.625,47.25,2.388888888888889,43.0,0.23611111111111116,4.25
qwen25_15b,215,msc_valid,16,longllmlingua,0.2,18,2.5277777777777777,45.5,2.388888888888889,43.0,0.13888888888888884,2.5
qwen25_15b,215,msc_valid,16,recency,0.2,18,2.6805555555555554,48.25,2.388888888888889,43.0,0.2916666666666665,5.25
qwen25_15b,215,msc_valid,16,lexical_tfidf,0.2,18,2.625,47.25,2.388888888888889,43.0,0.23611111111111116,4.25
qwen25_15b,215,msc_valid,16,recency_keep_compress_drop,0.2,18,2.5833333333333335,46.5,2.388888888888889,43.0,0.19444444444444464,3.5
qwen25_15b,215,msc_valid,16,uniform,0.35,18,2.625,47.25,2.388888888888889,43.0,0.23611111111111116,4.25
qwen25_15b,215,msc_valid,16,longllmlingua,0.35,18,2.611111111111111,47.0,2.388888888888889,43.0,0.22222222222222232,4.0
qwen25_15b,215,msc_valid,16,recency,0.35,18,2.6527777777777777,47.75,2.388888888888889,43.0,0.26388888888888884,4.75
qwen25_15b,215,msc_valid,16,lexical_tfidf,0.35,18,2.6666666666666665,48.0,2.388888888888889,43.0,0.2777777777777777,5.0
qwen25_15b,215,msc_valid,16,recency_keep_compress_drop,0.35,18,2.4444444444444446,44.0,2.388888888888889,43.0,0.0555555555555558,1.0
qwen25_15b,215,msc_valid,16,uniform,0.5,18,2.4722222222222223,44.5,2.388888888888889,43.0,0.08333333333333348,1.5
qwen25_15b,215,msc_valid,16,longllmlingua,0.5,18,2.6666666666666665,48.0,2.388888888888889,43.0,0.2777777777777777,5.0
qwen25_15b,215,msc_valid,16,recency,0.5,18,2.5972222222222223,46.75,2.388888888888889,43.0,0.20833333333333348,3.75
qwen25_15b,215,msc_valid,16,lexical_tfidf,0.5,18,2.5416666666666665,45.75,2.388888888888889,43.0,0.15277777777777768,2.75
qwen25_15b,215,msc_valid,16,recency_keep_compress_drop,0.5,18,2.4166666666666665,43.5,2.388888888888889,43.0,0.02777777777777768,0.5
qwen25_15b,215,msc_valid,20,uniform,0.2,26,3.0,78.0,2.5384615384615383,66.0,0.4615384615384617,12.0
qwen25_15b,215,msc_valid,20,longllmlingua,0.2,26,2.8461538461538463,74.0,2.5384615384615383,66.0,0.30769230769230793,8.0
qwen25_15b,215,msc_valid,20,recency,0.2,26,2.9423076923076925,76.5,2.5384615384615383,66.0,0.4038461538461542,10.5
qwen25_15b,215,msc_valid,20,lexical_tfidf,0.2,26,2.826923076923077,73.5,2.5384615384615383,66.0,0.28846153846153877,7.5
qwen25_15b,215,msc_valid,20,recency_keep_compress_drop,0.2,26,2.9423076923076925,76.5,2.5384615384615383,66.0,0.4038461538461542,10.5
qwen25_15b,215,msc_valid,20,uniform,0.35,26,2.8461538461538463,74.0,2.5384615384615383,66.0,0.30769230769230793,8.0
qwen25_15b,215,msc_valid,20,longllmlingua,0.35,26,2.8461538461538463,74.0,2.5384615384615383,66.0,0.30769230769230793,8.0
qwen25_15b,215,msc_valid,20,recency,0.35,26,2.8846153846153846,75.0,2.5384615384615383,66.0,0.34615384615384626,9.0
qwen25_15b,215,msc_valid,20,lexical_tfidf,0.35,26,2.8076923076923075,73.0,2.5384615384615383,66.0,0.26923076923076916,7.0
qwen25_15b,215,msc_valid,20,recency_keep_compress_drop,0.35,26,2.730769230769231,71.0,2.5384615384615383,66.0,0.1923076923076925,5.0
qwen25_15b,215,msc_valid,20,uniform,0.5,26,2.7115384615384617,70.5,2.5384615384615383,66.0,0.17307692307692335,4.5
qwen25_15b,215,msc_valid,20,longllmlingua,0.5,26,2.9038461538461537,75.5,2.5384615384615383,66.0,0.3653846153846154,9.5
qwen25_15b,215,msc_valid,20,recency,0.5,26,2.75,71.5,2.5384615384615383,66.0,0.21153846153846168,5.5
qwen25_15b,215,msc_valid,20,lexical_tfidf,0.5,26,2.7115384615384617,70.5,2.5384615384615383,66.0,0.17307692307692335,4.5
qwen25_15b,215,msc_valid,20,recency_keep_compress_drop,0.5,26,2.6153846153846154,68.0,2.5384615384615383,66.0,0.0769230769230771,2.0
qwen25_15b,215,msc_valid,24,uniform,0.2,19,2.789473684210526,53.0,2.4078947368421053,45.75,0.3815789473684208,7.25
qwen25_15b,215,msc_valid,24,longllmlingua,0.2,19,2.8421052631578947,54.0,2.4078947368421053,45.75,0.4342105263157894,8.25
qwen25_15b,215,msc_valid,24,recency,0.2,19,2.5526315789473686,48.5,2.4078947368421053,45.75,0.14473684210526327,2.75
qwen25_15b,215,msc_valid,24,lexical_tfidf,0.2,19,2.776315789473684,52.75,2.4078947368421053,45.75,0.36842105263157876,7.0
qwen25_15b,215,msc_valid,24,recency_keep_compress_drop,0.2,19,2.6973684210526314,51.25,2.4078947368421053,45.75,0.2894736842105261,5.5
qwen25_15b,215,msc_valid,24,uniform,0.35,19,2.6052631578947367,49.5,2.4078947368421053,45.75,0.19736842105263142,3.75
qwen25_15b,215,msc_valid,24,longllmlingua,0.35,19,2.8815789473684212,54.75,2.4078947368421053,45.75,0.47368421052631593,9.0
qwen25_15b,215,msc_valid,24,recency,0.35,19,2.5526315789473686,48.5,2.4078947368421053,45.75,0.14473684210526327,2.75
qwen25_15b,215,msc_valid,24,lexical_tfidf,0.35,19,2.6447368421052633,50.25,2.4078947368421053,45.75,0.23684210526315796,4.5
qwen25_15b,215,msc_valid,24,recency_keep_compress_drop,0.35,19,2.5921052631578947,49.25,2.4078947368421053,45.75,0.18421052631578938,3.5
qwen25_15b,215,msc_valid,24,uniform,0.5,19,2.6052631578947367,49.5,2.4078947368421053,45.75,0.19736842105263142,3.75
qwen25_15b,215,msc_valid,24,longllmlingua,0.5,19,2.75,52.25,2.4078947368421053,45.75,0.3421052631578947,6.5
qwen25_15b,215,msc_valid,24,recency,0.5,19,2.460526315789474,46.75,2.4078947368421053,45.75,0.052631578947368585,1.0
qwen25_15b,215,msc_valid,24,lexical_tfidf,0.5,19,2.5921052631578947,49.25,2.4078947368421053,45.75,0.18421052631578938,3.5
qwen25_15b,215,msc_valid,24,recency_keep_compress_drop,0.5,19,2.460526315789474,46.75,2.4078947368421053,45.75,0.052631578947368585,1.0
qwen25_15b,215,msc_valid,28,uniform,0.2,23,3.5,80.5,2.5869565217391304,59.5,0.9130434782608696,21.0
qwen25_15b,215,msc_valid,28,longllmlingua,0.2,23,3.0652173913043477,70.5,2.5869565217391304,59.5,0.4782608695652173,11.0
qwen25_15b,215,msc_valid,28,recency,0.2,23,3.282608695652174,75.5,2.5869565217391304,59.5,0.6956521739130435,16.0
qwen25_15b,215,msc_valid,28,lexical_tfidf,0.2,23,3.152173913043478,72.5,2.5869565217391304,59.5,0.5652173913043477,13.0
qwen25_15b,215,msc_valid,28,recency_keep_compress_drop,0.2,23,3.0217391304347827,69.5,2.5869565217391304,59.5,0.43478260869565233,10.0
qwen25_15b,215,msc_valid,28,uniform,0.35,23,3.3043478260869565,76.0,2.5869565217391304,59.5,0.7173913043478262,16.5
qwen25_15b,215,msc_valid,28,longllmlingua,0.35,23,2.9130434782608696,67.0,2.5869565217391304,59.5,0.32608695652173925,7.5
qwen25_15b,215,msc_valid,28,recency,0.35,23,3.0,69.0,2.5869565217391304,59.5,0.4130434782608696,9.5
qwen25_15b,215,msc_valid,28,lexical_tfidf,0.35,23,2.9130434782608696,67.0,2.5869565217391304,59.5,0.32608695652173925,7.5
qwen25_15b,215,msc_valid,28,recency_keep_compress_drop,0.35,23,2.9347826086956523,67.5,2.5869565217391304,59.5,0.34782608695652195,8.0
qwen25_15b,215,msc_valid,28,uniform,0.5,23,3.217391304347826,74.0,2.5869565217391304,59.5,0.6304347826086958,14.5
qwen25_15b,215,msc_valid,28,longllmlingua,0.5,23,2.8043478260869565,64.5,2.5869565217391304,59.5,0.21739130434782616,5.0
qwen25_15b,215,msc_valid,28,recency,0.5,23,2.869565217391304,66.0,2.5869565217391304,59.5,0.28260869565217384,6.5
qwen25_15b,215,msc_valid,28,lexical_tfidf,0.5,23,2.8260869565217392,65.0,2.5869565217391304,59.5,0.23913043478260887,5.5
qwen25_15b,215,msc_valid,28,recency_keep_compress_drop,0.5,23,2.7282608695652173,62.75,2.5869565217391304,59.5,0.14130434782608692,3.25
qwen25_15b,215,msc_valid,32,uniform,0.2,39,2.3846153846153846,93.0,2.2435897435897436,87.5,0.14102564102564097,5.5
qwen25_15b,215,msc_valid,32,longllmlingua,0.2,39,2.3974358974358974,93.5,2.2435897435897436,87.5,0.15384615384615374,6.0
qwen25_15b,215,msc_valid,32,recency,0.2,39,2.3974358974358974,93.5,2.2435897435897436,87.5,0.15384615384615374,6.0
qwen25_15b,215,msc_valid,32,lexical_tfidf,0.2,39,2.448717948717949,95.5,2.2435897435897436,87.5,0.2051282051282053,8.0
qwen25_15b,215,msc_valid,32,recency_keep_compress_drop,0.2,39,2.423076923076923,94.5,2.2435897435897436,87.5,0.1794871794871793,7.0
qwen25_15b,215,msc_valid,32,uniform,0.35,39,2.3333333333333335,91.0,2.2435897435897436,87.5,0.08974358974358987,3.5
qwen25_15b,215,msc_valid,32,longllmlingua,0.35,39,2.3974358974358974,93.5,2.2435897435897436,87.5,0.15384615384615374,6.0
qwen25_15b,215,msc_valid,32,recency,0.35,39,2.358974358974359,92.0,2.2435897435897436,87.5,0.11538461538461542,4.5
qwen25_15b,215,msc_valid,32,lexical_tfidf,0.35,39,2.371794871794872,92.5,2.2435897435897436,87.5,0.1282051282051282,5.0
qwen25_15b,215,msc_valid,32,recency_keep_compress_drop,0.35,39,2.358974358974359,92.0,2.2435897435897436,87.5,0.11538461538461542,4.5
qwen25_15b,215,msc_valid,32,uniform,0.5,39,2.3205128205128207,90.5,2.2435897435897436,87.5,0.0769230769230771,3.0
qwen25_15b,215,msc_valid,32,longllmlingua,0.5,39,2.41025641025641,94.0,2.2435897435897436,87.5,0.16666666666666652,6.5
qwen25_15b,215,msc_valid,32,recency,0.5,39,2.3205128205128207,90.5,2.2435897435897436,87.5,0.0769230769230771,3.0
qwen25_15b,215,msc_valid,32,lexical_tfidf,0.5,39,2.3461538461538463,91.5,2.2435897435897436,87.5,0.10256410256410264,4.0
qwen25_15b,215,msc_valid,32,recency_keep_compress_drop,0.5,39,2.3461538461538463,91.5,2.2435897435897436,87.5,0.10256410256410264,4.0
qwen25_15b,215,msc_valid,34,uniform,0.2,18,1.8472222222222223,33.25,1.8472222222222223,33.25,0.0,0.0
qwen25_15b,215,msc_valid,34,longllmlingua,0.2,18,2.0416666666666665,36.75,1.8472222222222223,33.25,0.1944444444444442,3.5
qwen25_15b,215,msc_valid,34,recency,0.2,18,1.875,33.75,1.8472222222222223,33.25,0.02777777777777768,0.5
qwen25_15b,215,msc_valid,34,lexical_tfidf,0.2,18,1.8888888888888888,34.0,1.8472222222222223,33.25,0.04166666666666652,0.75
qwen25_15b,215,msc_valid,34,recency_keep_compress_drop,0.2,18,1.9444444444444444,35.0,1.8472222222222223,33.25,0.0972222222222221,1.75
qwen25_15b,215,msc_valid,34,uniform,0.35,18,1.8333333333333333,33.0,1.8472222222222223,33.25,-0.013888888888889062,-0.25
qwen25_15b,215,msc_valid,34,longllmlingua,0.35,18,2.0,36.0,1.8472222222222223,33.25,0.15277777777777768,2.75
qwen25_15b,215,msc_valid,34,recency,0.35,18,1.9166666666666667,34.5,1.8472222222222223,33.25,0.06944444444444442,1.25
qwen25_15b,215,msc_valid,34,lexical_tfidf,0.35,18,1.9166666666666667,34.5,1.8472222222222223,33.25,0.06944444444444442,1.25
qwen25_15b,215,msc_valid,34,recency_keep_compress_drop,0.35,18,1.9166666666666667,34.5,1.8472222222222223,33.25,0.06944444444444442,1.25
qwen25_15b,215,msc_valid,34,uniform,0.5,18,1.8333333333333333,33.0,1.8472222222222223,33.25,-0.013888888888889062,-0.25
qwen25_15b,215,msc_valid,34,longllmlingua,0.5,18,1.9861111111111112,35.75,1.8472222222222223,33.25,0.13888888888888884,2.5
qwen25_15b,215,msc_valid,34,recency,0.5,18,1.875,33.75,1.8472222222222223,33.25,0.02777777777777768,0.5
qwen25_15b,215,msc_valid,34,lexical_tfidf,0.5,18,1.8611111111111112,33.5,1.8472222222222223,33.25,0.01388888888888884,0.25
qwen25_15b,215,msc_valid,34,recency_keep_compress_drop,0.5,18,1.8888888888888888,34.0,1.8472222222222223,33.25,0.04166666666666652,0.75
qwen25_15b,215,msc_valid,38,uniform,0.2,34,2.264705882352941,77.0,2.659090909090909,29.25,-0.39438502673796805,47.75
qwen25_15b,215,msc_valid,38,longllmlingua,0.2,34,1.875,63.75,2.659090909090909,29.25,-0.7840909090909092,34.5
qwen25_15b,215,msc_valid,38,recency,0.2,34,2.235294117647059,76.0,2.659090909090909,29.25,-0.4237967914438503,46.75
qwen25_15b,215,msc_valid,38,lexical_tfidf,0.2,34,2.338235294117647,79.5,2.659090909090909,29.25,-0.320855614973262,50.25
qwen25_15b,215,msc_valid,38,recency_keep_compress_drop,0.2,34,2.2794117647058822,77.5,2.659090909090909,29.25,-0.3796791443850269,48.25
qwen25_15b,215,msc_valid,38,uniform,0.35,34,2.176470588235294,74.0,2.659090909090909,29.25,-0.48262032085561524,44.75
qwen25_15b,215,msc_valid,38,longllmlingua,0.35,34,1.8823529411764706,64.0,2.659090909090909,29.25,-0.7767379679144386,34.75
qwen25_15b,215,msc_valid,38,recency,0.35,34,2.323529411764706,79.0,2.659090909090909,29.25,-0.3355614973262031,49.75
qwen25_15b,215,msc_valid,38,lexical_tfidf,0.35,34,2.2058823529411766,75.0,2.659090909090909,29.25,-0.45320855614973254,45.75
qwen25_15b,215,msc_valid,38,recency_keep_compress_drop,0.35,34,2.25,76.5,2.659090909090909,29.25,-0.40909090909090917,47.25
qwen25_15b,215,msc_valid,38,uniform,0.5,34,2.2058823529411766,75.0,2.659090909090909,29.25,-0.45320855614973254,45.75
qwen25_15b,215,msc_valid,38,longllmlingua,0.5,34,2.014705882352941,68.5,2.659090909090909,29.25,-0.644385026737968,39.25
qwen25_15b,215,msc_valid,38,recency,0.5,34,2.1470588235294117,73.0,2.659090909090909,29.25,-0.5120320855614975,43.75
qwen25_15b,215,msc_valid,38,lexical_tfidf,0.5,34,2.088235294117647,71.0,2.659090909090909,29.25,-0.570855614973262,41.75
qwen25_15b,215,msc_valid,38,recency_keep_compress_drop,0.5,34,2.0294117647058822,69.0,2.659090909090909,29.25,-0.6296791443850269,39.75
qwen25_15b,215,msc_valid,42,uniform,0.2,48,2.9375,141.0,0.0,0.0,2.9375,141.0
qwen25_15b,215,msc_valid,42,longllmlingua,0.2,48,2.9375,141.0,0.0,0.0,2.9375,141.0
qwen25_15b,215,msc_valid,42,recency,0.2,48,2.8958333333333335,139.0,0.0,0.0,2.8958333333333335,139.0
qwen25_15b,215,msc_valid,42,lexical_tfidf,0.2,48,3.0208333333333335,145.0,0.0,0.0,3.0208333333333335,145.0
qwen25_15b,215,msc_valid,42,recency_keep_compress_drop,0.2,48,2.9583333333333335,142.0,0.0,0.0,2.9583333333333335,142.0
qwen25_15b,215,msc_valid,42,uniform,0.35,48,2.9583333333333335,142.0,0.0,0.0,2.9583333333333335,142.0
qwen25_15b,215,msc_valid,42,longllmlingua,0.35,48,2.875,138.0,0.0,0.0,2.875,138.0
qwen25_15b,215,msc_valid,42,recency,0.35,48,2.875,138.0,0.0,0.0,2.875,138.0
qwen25_15b,215,msc_valid,42,lexical_tfidf,0.35,48,2.9166666666666665,140.0,0.0,0.0,2.9166666666666665,140.0
qwen25_15b,215,msc_valid,42,recency_keep_compress_drop,0.35,48,2.9375,141.0,0.0,0.0,2.9375,141.0
qwen25_15b,215,msc_valid,42,uniform,0.5,48,2.9583333333333335,142.0,0.0,0.0,2.9583333333333335,142.0
qwen25_15b,215,msc_valid,42,longllmlingua,0.5,48,2.8333333333333335,136.0,0.0,0.0,2.8333333333333335,136.0
qwen25_15b,215,msc_valid,42,recency,0.5,48,2.875,138.0,0.0,0.0,2.875,138.0
qwen25_15b,215,msc_valid,42,lexical_tfidf,0.5,48,2.875,138.0,0.0,0.0,2.875,138.0
qwen25_15b,215,msc_valid,42,recency_keep_compress_drop,0.5,48,2.9166666666666665,140.0,0.0,0.0,2.9166666666666665,140.0
qwen25_15b,215,msc_valid,46,uniform,0.2,44,2.8636363636363638,126.0,0.0,0.0,2.8636363636363638,126.0
qwen25_15b,215,msc_valid,46,longllmlingua,0.2,44,2.977272727272727,131.0,0.0,0.0,2.977272727272727,131.0
qwen25_15b,215,msc_valid,46,recency,0.2,44,2.8295454545454546,124.5,0.0,0.0,2.8295454545454546,124.5
qwen25_15b,215,msc_valid,46,lexical_tfidf,0.2,44,2.852272727272727,125.5,0.0,0.0,2.852272727272727,125.5
qwen25_15b,215,msc_valid,46,recency_keep_compress_drop,0.2,44,2.8295454545454546,124.5,0.0,0.0,2.8295454545454546,124.5
qwen25_15b,215,msc_valid,46,uniform,0.35,44,2.7954545454545454,123.0,0.0,0.0,2.7954545454545454,123.0
qwen25_15b,215,msc_valid,46,longllmlingua,0.35,44,2.9545454545454546,130.0,0.0,0.0,2.9545454545454546,130.0
qwen25_15b,215,msc_valid,46,recency,0.35,44,2.852272727272727,125.5,0.0,0.0,2.852272727272727,125.5
qwen25_15b,215,msc_valid,46,lexical_tfidf,0.35,44,2.840909090909091,125.0,0.0,0.0,2.840909090909091,125.0
qwen25_15b,215,msc_valid,46,recency_keep_compress_drop,0.35,44,2.8295454545454546,124.5,0.0,0.0,2.8295454545454546,124.5
qwen25_15b,215,msc_valid,46,uniform,0.5,44,2.9318181818181817,129.0,0.0,0.0,2.9318181818181817,129.0
qwen25_15b,215,msc_valid,46,longllmlingua,0.5,44,2.9545454545454546,130.0,0.0,0.0,2.9545454545454546,130.0
qwen25_15b,215,msc_valid,46,recency,0.5,44,2.8295454545454546,124.5,0.0,0.0,2.8295454545454546,124.5
qwen25_15b,215,msc_valid,46,lexical_tfidf,0.5,44,2.852272727272727,125.5,0.0,0.0,2.852272727272727,125.5
qwen25_15b,215,msc_valid,46,recency_keep_compress_drop,0.5,44,2.840909090909091,125.0,0.0,0.0,2.840909090909091,125.0
qwen25_15b,215,msc_valid,50,uniform,0.2,38,2.5789473684210527,98.0,0.0,0.0,2.5789473684210527,98.0
qwen25_15b,215,msc_valid,50,longllmlingua,0.2,38,2.8157894736842106,107.0,0.0,0.0,2.8157894736842106,107.0
qwen25_15b,215,msc_valid,50,recency,0.2,38,2.526315789473684,96.0,0.0,0.0,2.526315789473684,96.0
qwen25_15b,215,msc_valid,50,lexical_tfidf,0.2,38,2.539473684210526,96.5,0.0,0.0,2.539473684210526,96.5
qwen25_15b,215,msc_valid,50,recency_keep_compress_drop,0.2,38,2.5789473684210527,98.0,0.0,0.0,2.5789473684210527,98.0
qwen25_15b,215,msc_valid,50,uniform,0.35,38,2.526315789473684,96.0,0.0,0.0,2.526315789473684,96.0
qwen25_15b,215,msc_valid,50,longllmlingua,0.35,38,2.8157894736842106,107.0,0.0,0.0,2.8157894736842106,107.0
qwen25_15b,215,msc_valid,50,recency,0.35,38,2.526315789473684,96.0,0.0,0.0,2.526315789473684,96.0
qwen25_15b,215,msc_valid,50,lexical_tfidf,0.35,38,2.526315789473684,96.0,0.0,0.0,2.526315789473684,96.0
qwen25_15b,215,msc_valid,50,recency_keep_compress_drop,0.35,38,2.5526315789473686,97.0,0.0,0.0,2.5526315789473686,97.0
qwen25_15b,215,msc_valid,50,uniform,0.5,38,2.75,104.5,0.0,0.0,2.75,104.5
qwen25_15b,215,msc_valid,50,longllmlingua,0.5,38,2.763157894736842,105.0,0.0,0.0,2.763157894736842,105.0
qwen25_15b,215,msc_valid,50,recency,0.5,0,0.0,0.0,0.0,0.0,0.0,0.0
qwen25_15b,215,msc_valid,50,lexical_tfidf,0.5,0,0.0,0.0,0.0,0.0,0.0,0.0
qwen25_15b,215,msc_valid,50,recency_keep_compress_drop,0.5,0,0.0,0.0,0.0,0.0,0.0,0.0
qwen25_15b,215,msc_valid,54,uniform,0.2,37,2.9054054054054053,107.5,0.0,0.0,2.9054054054054053,107.5
qwen25_15b,215,msc_valid,54,longllmlingua,0.2,37,2.9054054054054053,107.5,0.0,0.0,2.9054054054054053,107.5
qwen25_15b,215,msc_valid,54,recency,0.2,37,2.9864864864864864,110.5,0.0,0.0,2.9864864864864864,110.5
qwen25_15b,215,msc_valid,54,lexical_tfidf,0.2,37,2.972972972972973,110.0,0.0,0.0,2.972972972972973,110.0
qwen25_15b,215,msc_valid,54,recency_keep_compress_drop,0.2,37,2.9594594594594597,109.5,0.0,0.0,2.9594594594594597,109.5
qwen25_15b,215,msc_valid,54,uniform,0.35,37,2.972972972972973,110.0,0.0,0.0,2.972972972972973,110.0
qwen25_15b,215,msc_valid,54,longllmlingua,0.35,37,2.864864864864865,106.0,0.0,0.0,2.864864864864865,106.0
qwen25_15b,215,msc_valid,54,recency,0.35,17,2.8088235294117645,47.75,0.0,0.0,2.8088235294117645,47.75
qwen25_15b,215,msc_valid,54,lexical_tfidf,0.35,12,2.7708333333333335,33.25,0.0,0.0,2.7708333333333335,33.25
qwen25_15b,215,msc_valid,54,recency_keep_compress_drop,0.35,18,2.736111111111111,49.25,0.0,0.0,2.736111111111111,49.25
qwen25_15b,215,msc_valid,54,uniform,0.5,37,2.6621621621621623,98.5,0.0,0.0,2.6621621621621623,98.5
qwen25_15b,215,msc_valid,54,longllmlingua,0.5,37,2.824324324324324,104.5,0.0,0.0,2.824324324324324,104.5
qwen25_15b,215,msc_valid,54,recency,0.5,0,0.0,0.0,0.0,0.0,0.0,0.0
qwen25_15b,215,msc_valid,54,lexical_tfidf,0.5,0,0.0,0.0,0.0,0.0,0.0,0.0
qwen25_15b,215,msc_valid,54,recency_keep_compress_drop,0.5,0,0.0,0.0,0.0,0.0,0.0,0.0
qwen25_15b,215,msc_valid,58,uniform,0.2,40,2.375,95.0,0.0,0.0,2.375,95.0
qwen25_15b,215,msc_valid,58,longllmlingua,0.2,40,2.35,94.0,0.0,0.0,2.35,94.0
qwen25_15b,215,msc_valid,58,recency,0.2,40,2.275,91.0,0.0,0.0,2.275,91.0
qwen25_15b,215,msc_valid,58,lexical_tfidf,0.2,40,2.325,93.0,0.0,0.0,2.325,93.0
qwen25_15b,215,msc_valid,58,recency_keep_compress_drop,0.2,40,2.3125,92.5,0.0,0.0,2.3125,92.5
qwen25_15b,215,msc_valid,58,uniform,0.35,40,2.3625,94.5,0.0,0.0,2.3625,94.5
qwen25_15b,215,msc_valid,58,longllmlingua,0.35,40,2.3125,92.5,0.0,0.0,2.3125,92.5
qwen25_15b,215,msc_valid,58,recency,0.35,0,0.0,0.0,0.0,0.0,0.0,0.0
qwen25_15b,215,msc_valid,58,lexical_tfidf,0.35,0,0.0,0.0,0.0,0.0,0.0,0.0
qwen25_15b,215,msc_valid,58,recency_keep_compress_drop,0.35,0,0.0,0.0,0.0,0.0,0.0,0.0
qwen25_15b,215,msc_valid,58,uniform,0.5,40,2.3125,92.5,0.0,0.0,2.3125,92.5
qwen25_15b,215,msc_valid,58,longllmlingua,0.5,40,2.3375,93.5,0.0,0.0,2.3375,93.5
qwen25_15b,215,msc_valid,58,recency,0.5,0,0.0,0.0,0.0,0.0,0.0,0.0
qwen25_15b,215,msc_valid,58,lexical_tfidf,0.5,0,0.0,0.0,0.0,0.0,0.0,0.0
qwen25_15b,215,msc_valid,58,recency_keep_compress_drop,0.5,0,0.0,0.0,0.0,0.0,0.0,0.0
qwen25_15b,215,msc_valid,62,uniform,0.2,26,2.5576923076923075,66.5,0.0,0.0,2.5576923076923075,66.5
qwen25_15b,215,msc_valid,62,longllmlingua,0.2,26,2.6923076923076925,70.0,0.0,0.0,2.6923076923076925,70.0
qwen25_15b,215,msc_valid,62,recency,0.2,0,0.0,0.0,0.0,0.0,0.0,0.0
qwen25_15b,215,msc_valid,62,lexical_tfidf,0.2,0,0.0,0.0,0.0,0.0,0.0,0.0
qwen25_15b,215,msc_valid,62,recency_keep_compress_drop,0.2,0,0.0,0.0,0.0,0.0,0.0,0.0
qwen25_15b,215,msc_valid,62,uniform,0.35,26,2.6923076923076925,70.0,0.0,0.0,2.6923076923076925,70.0
qwen25_15b,215,msc_valid,62,longllmlingua,0.35,26,2.5961538461538463,67.5,0.0,0.0,2.5961538461538463,67.5
qwen25_15b,215,msc_valid,62,recency,0.35,0,0.0,0.0,0.0,0.0,0.0,0.0
qwen25_15b,215,msc_valid,62,lexical_tfidf,0.35,0,0.0,0.0,0.0,0.0,0.0,0.0
qwen25_15b,215,msc_valid,62,recency_keep_compress_drop,0.35,0,0.0,0.0,0.0,0.0,0.0,0.0
qwen25_15b,215,msc_valid,62,uniform,0.5,26,2.5961538461538463,67.5,0.0,0.0,2.5961538461538463,67.5
qwen25_15b,215,msc_valid,62,longllmlingua,0.5,26,2.5576923076923075,66.5,0.0,0.0,2.5576923076923075,66.5
qwen25_15b,215,msc_valid,62,recency,0.5,0,0.0,0.0,0.0,0.0,0.0,0.0
qwen25_15b,215,msc_valid,62,lexical_tfidf,0.5,0,0.0,0.0,0.0,0.0,0.0,0.0
qwen25_15b,215,msc_valid,62,recency_keep_compress_drop,0.5,0,0.0,0.0,0.0,0.0,0.0,0.0
qwen25_15b,267,msc_valid,4,uniform,0.2,11,4.045454545454546,44.5,3.977272727272727,43.75,0.06818181818181879,0.75
qwen25_15b,267,msc_valid,4,longllmlingua,0.2,11,3.3863636363636362,37.25,3.977272727272727,43.75,-0.5909090909090908,-6.5
qwen25_15b,267,msc_valid,4,recency,0.2,11,4.045454545454546,44.5,3.977272727272727,43.75,0.06818181818181879,0.75
qwen25_15b,267,msc_valid,4,lexical_tfidf,0.2,11,4.045454545454546,44.5,3.977272727272727,43.75,0.06818181818181879,0.75
qwen25_15b,267,msc_valid,4,recency_keep_compress_drop,0.2,11,4.045454545454546,44.5,3.977272727272727,43.75,0.06818181818181879,0.75
qwen25_15b,267,msc_valid,4,uniform,0.35,11,4.136363636363637,45.5,3.977272727272727,43.75,0.15909090909090962,1.75
qwen25_15b,267,msc_valid,4,longllmlingua,0.35,11,3.3863636363636362,37.25,3.977272727272727,43.75,-0.5909090909090908,-6.5
qwen25_15b,267,msc_valid,4,recency,0.35,11,4.136363636363637,45.5,3.977272727272727,43.75,0.15909090909090962,1.75
qwen25_15b,267,msc_valid,4,lexical_tfidf,0.35,11,4.136363636363637,45.5,3.977272727272727,43.75,0.15909090909090962,1.75
qwen25_15b,267,msc_valid,4,recency_keep_compress_drop,0.35,11,4.136363636363637,45.5,3.977272727272727,43.75,0.15909090909090962,1.75
qwen25_15b,267,msc_valid,4,uniform,0.5,11,4.136363636363637,45.5,3.977272727272727,43.75,0.15909090909090962,1.75
qwen25_15b,267,msc_valid,4,longllmlingua,0.5,11,3.2045454545454546,35.25,3.977272727272727,43.75,-0.7727272727272725,-8.5
qwen25_15b,267,msc_valid,4,recency,0.5,11,4.136363636363637,45.5,3.977272727272727,43.75,0.15909090909090962,1.75
qwen25_15b,267,msc_valid,4,lexical_tfidf,0.5,11,4.136363636363637,45.5,3.977272727272727,43.75,0.15909090909090962,1.75
qwen25_15b,267,msc_valid,4,recency_keep_compress_drop,0.5,11,4.136363636363637,45.5,3.977272727272727,43.75,0.15909090909090962,1.75
qwen25_15b,267,msc_valid,6,uniform,0.2,16,2.71875,43.5,2.4375,39.0,0.28125,4.5
qwen25_15b,267,msc_valid,6,longllmlingua,0.2,16,2.3125,37.0,2.4375,39.0,-0.125,-2.0
qwen25_15b,267,msc_valid,6,recency,0.2,16,2.875,46.0,2.4375,39.0,0.4375,7.0
qwen25_15b,267,msc_valid,6,lexical_tfidf,0.2,16,2.71875,43.5,2.4375,39.0,0.28125,4.5
qwen25_15b,267,msc_valid,6,recency_keep_compress_drop,0.2,16,2.875,46.0,2.4375,39.0,0.4375,7.0
qwen25_15b,267,msc_valid,6,uniform,0.35,16,2.640625,42.25,2.4375,39.0,0.203125,3.25
qwen25_15b,267,msc_valid,6,longllmlingua,0.35,16,2.140625,34.25,2.4375,39.0,-0.296875,-4.75
qwen25_15b,267,msc_valid,6,recency,0.35,16,2.640625,42.25,2.4375,39.0,0.203125,3.25
qwen25_15b,267,msc_valid,6,lexical_tfidf,0.35,16,2.734375,43.75,2.4375,39.0,0.296875,4.75
qwen25_15b,267,msc_valid,6,recency_keep_compress_drop,0.35,16,2.640625,42.25,2.4375,39.0,0.203125,3.25
qwen25_15b,267,msc_valid,6,uniform,0.5,16,2.765625,44.25,2.4375,39.0,0.328125,5.25
qwen25_15b,267,msc_valid,6,longllmlingua,0.5,16,2.203125,35.25,2.4375,39.0,-0.234375,-3.75
qwen25_15b,267,msc_valid,6,recency,0.5,16,2.609375,41.75,2.4375,39.0,0.171875,2.75
qwen25_15b,267,msc_valid,6,lexical_tfidf,0.5,16,2.625,42.0,2.4375,39.0,0.1875,3.0
qwen25_15b,267,msc_valid,6,recency_keep_compress_drop,0.5,16,2.640625,42.25,2.4375,39.0,0.203125,3.25
qwen25_15b,267,msc_valid,8,uniform,0.2,21,4.214285714285714,88.5,4.119047619047619,86.5,0.09523809523809579,2.0
qwen25_15b,267,msc_valid,8,longllmlingua,0.2,21,4.023809523809524,84.5,4.119047619047619,86.5,-0.0952380952380949,-2.0
qwen25_15b,267,msc_valid,8,recency,0.2,21,4.190476190476191,88.0,4.119047619047619,86.5,0.07142857142857206,1.5
qwen25_15b,267,msc_valid,8,lexical_tfidf,0.2,21,4.309523809523809,90.5,4.119047619047619,86.5,0.1904761904761907,4.0
qwen25_15b,267,msc_valid,8,recency_keep_compress_drop,0.2,21,4.190476190476191,88.0,4.119047619047619,86.5,0.07142857142857206,1.5
qwen25_15b,267,msc_valid,8,uniform,0.35,21,4.166666666666667,87.5,4.119047619047619,86.5,0.04761904761904834,1.0
qwen25_15b,267,msc_valid,8,longllmlingua,0.35,21,4.071428571428571,85.5,4.119047619047619,86.5,-0.04761904761904745,-1.0
qwen25_15b,267,msc_valid,8,recency,0.35,21,4.238095238095238,89.0,4.119047619047619,86.5,0.11904761904761951,2.5
qwen25_15b,267,msc_valid,8,lexical_tfidf,0.35,21,4.190476190476191,88.0,4.119047619047619,86.5,0.07142857142857206,1.5
qwen25_15b,267,msc_valid,8,recency_keep_compress_drop,0.35,21,4.190476190476191,88.0,4.119047619047619,86.5,0.07142857142857206,1.5
qwen25_15b,267,msc_valid,8,uniform,0.5,21,4.214285714285714,88.5,4.119047619047619,86.5,0.09523809523809579,2.0
qwen25_15b,267,msc_valid,8,longllmlingua,0.5,21,3.880952380952381,81.5,4.119047619047619,86.5,-0.2380952380952377,-5.0
qwen25_15b,267,msc_valid,8,recency,0.5,21,4.0,84.0,4.119047619047619,86.5,-0.11904761904761862,-2.5
qwen25_15b,267,msc_valid,8,lexical_tfidf,0.5,21,4.190476190476191,88.0,4.119047619047619,86.5,0.07142857142857206,1.5
qwen25_15b,267,msc_valid,8,recency_keep_compress_drop,0.5,21,4.0,84.0,4.119047619047619,86.5,-0.11904761904761862,-2.5
qwen25_15b,267,msc_valid,10,uniform,0.2,11,3.840909090909091,42.25,3.8636363636363638,42.5,-0.02272727272727293,-0.25
qwen25_15b,267,msc_valid,10,longllmlingua,0.2,11,3.659090909090909,40.25,3.8636363636363638,42.5,-0.20454545454545459,-2.25
qwen25_15b,267,msc_valid,10,recency,0.2,11,3.7954545454545454,41.75,3.8636363636363638,42.5,-0.06818181818181834,-0.75
qwen25_15b,267,msc_valid,10,lexical_tfidf,0.2,11,3.659090909090909,40.25,3.8636363636363638,42.5,-0.20454545454545459,-2.25
qwen25_15b,267,msc_valid,10,recency_keep_compress_drop,0.2,11,3.7045454545454546,40.75,3.8636363636363638,42.5,-0.15909090909090917,-1.75
qwen25_15b,267,msc_valid,10,uniform,0.35,11,3.9318181818181817,43.25,3.8636363636363638,42.5,0.0681818181818179,0.75
qwen25_15b,267,msc_valid,10,longllmlingua,0.35,11,3.5454545454545454,39.0,3.8636363636363638,42.5,-0.31818181818181834,-3.5
qwen25_15b,267,msc_valid,10,recency,0.35,11,3.909090909090909,43.0,3.8636363636363638,42.5,0.045454545454545414,0.5
qwen25_15b,267,msc_valid,10,lexical_tfidf,0.35,11,3.6363636363636362,40.0,3.8636363636363638,42.5,-0.22727272727272751,-2.5
qwen25_15b,267,msc_valid,10,recency_keep_compress_drop,0.35,11,3.75,41.25,3.8636363636363638,42.5,-0.11363636363636376,-1.25
qwen25_15b,267,msc_valid,10,uniform,0.5,11,3.7954545454545454,41.75,3.8636363636363638,42.5,-0.06818181818181834,-0.75
qwen25_15b,267,msc_valid,10,longllmlingua,0.5,11,3.522727272727273,38.75,3.8636363636363638,42.5,-0.34090909090909083,-3.75
qwen25_15b,267,msc_valid,10,recency,0.5,11,3.840909090909091,42.25,3.8636363636363638,42.5,-0.02272727272727293,-0.25
qwen25_15b,267,msc_valid,10,lexical_tfidf,0.5,11,3.659090909090909,40.25,3.8636363636363638,42.5,-0.20454545454545459,-2.25
qwen25_15b,267,msc_valid,10,recency_keep_compress_drop,0.5,11,3.659090909090909,40.25,3.8636363636363638,42.5,-0.20454545454545459,-2.25
qwen25_15b,267,msc_valid,12,uniform,0.2,14,3.6964285714285716,51.75,3.1607142857142856,44.25,0.535714285714286,7.5
qwen25_15b,267,msc_valid,12,longllmlingua,0.2,14,3.3392857142857144,46.75,3.1607142857142856,44.25,0.17857142857142883,2.5
qwen25_15b,267,msc_valid,12,recency,0.2,14,3.517857142857143,49.25,3.1607142857142856,44.25,0.3571428571428572,5.0
qwen25_15b,267,msc_valid,12,lexical_tfidf,0.2,14,3.107142857142857,43.5,3.1607142857142856,44.25,-0.05357142857142838,-0.75
qwen25_15b,267,msc_valid,12,recency_keep_compress_drop,0.2,14,3.232142857142857,45.25,3.1607142857142856,44.25,0.07142857142857162,1.0
qwen25_15b,267,msc_valid,12,uniform,0.35,14,3.4285714285714284,48.0,3.1607142857142856,44.25,0.2678571428571428,3.75
qwen25_15b,267,msc_valid,12,longllmlingua,0.35,14,3.1607142857142856,44.25,3.1607142857142856,44.25,0.0,0.0
qwen25_15b,267,msc_valid,12,recency,0.35,14,3.4285714285714284,48.0,3.1607142857142856,44.25,0.2678571428571428,3.75
qwen25_15b,267,msc_valid,12,lexical_tfidf,0.35,14,3.267857142857143,45.75,3.1607142857142856,44.25,0.1071428571428572,1.5
qwen25_15b,267,msc_valid,12,recency_keep_compress_drop,0.35,14,3.1964285714285716,44.75,3.1607142857142856,44.25,0.03571428571428603,0.5
qwen25_15b,267,msc_valid,12,uniform,0.5,14,3.1964285714285716,44.75,3.1607142857142856,44.25,0.03571428571428603,0.5
qwen25_15b,267,msc_valid,12,longllmlingua,0.5,14,3.125,43.75,3.1607142857142856,44.25,-0.03571428571428559,-0.5
qwen25_15b,267,msc_valid,12,recency,0.5,14,3.2857142857142856,46.0,3.1607142857142856,44.25,0.125,1.75
qwen25_15b,267,msc_valid,12,lexical_tfidf,0.5,14,3.3035714285714284,46.25,3.1607142857142856,44.25,0.1428571428571428,2.0
qwen25_15b,267,msc_valid,12,recency_keep_compress_drop,0.5,14,3.0535714285714284,42.75,3.1607142857142856,44.25,-0.1071428571428572,-1.5
qwen25_15b,267,msc_valid,14,uniform,0.2,9,5.027777777777778,45.25,4.805555555555555,43.25,0.22222222222222232,2.0
qwen25_15b,267,msc_valid,14,longllmlingua,0.2,9,4.805555555555555,43.25,4.805555555555555,43.25,0.0,0.0
qwen25_15b,267,msc_valid,14,recency,0.2,9,3.9166666666666665,35.25,4.805555555555555,43.25,-0.8888888888888888,-8.0
qwen25_15b,267,msc_valid,14,lexical_tfidf,0.2,9,4.611111111111111,41.5,4.805555555555555,43.25,-0.19444444444444464,-1.75
qwen25_15b,267,msc_valid,14,recency_keep_compress_drop,0.2,9,4.361111111111111,39.25,4.805555555555555,43.25,-0.44444444444444464,-4.0
qwen25_15b,267,msc_valid,14,uniform,0.35,9,4.777777777777778,43.0,4.805555555555555,43.25,-0.02777777777777768,-0.25
qwen25_15b,267,msc_valid,14,longllmlingua,0.35,9,4.555555555555555,41.0,4.805555555555555,43.25,-0.25,-2.25
qwen25_15b,267,msc_valid,14,recency,0.35,9,4.055555555555555,36.5,4.805555555555555,43.25,-0.75,-6.75
qwen25_15b,267,msc_valid,14,lexical_tfidf,0.35,9,4.0,36.0,4.805555555555555,43.25,-0.8055555555555554,-7.25
qwen25_15b,267,msc_valid,14,recency_keep_compress_drop,0.35,9,4.472222222222222,40.25,4.805555555555555,43.25,-0.33333333333333304,-3.0
qwen25_15b,267,msc_valid,14,uniform,0.5,9,4.694444444444445,42.25,4.805555555555555,43.25,-0.11111111111111072,-1.0
qwen25_15b,267,msc_valid,14,longllmlingua,0.5,9,4.555555555555555,41.0,4.805555555555555,43.25,-0.25,-2.25
qwen25_15b,267,msc_valid,14,recency,0.5,9,4.583333333333333,41.25,4.805555555555555,43.25,-0.22222222222222232,-2.0
qwen25_15b,267,msc_valid,14,lexical_tfidf,0.5,9,4.388888888888889,39.5,4.805555555555555,43.25,-0.4166666666666661,-3.75
qwen25_15b,267,msc_valid,14,recency_keep_compress_drop,0.5,9,4.527777777777778,40.75,4.805555555555555,43.25,-0.2777777777777777,-2.5
qwen25_15b,273,msc_valid,4,uniform,0.2,15,3.5,52.5,3.6333333333333333,54.5,-0.1333333333333333,-2.0
qwen25_15b,273,msc_valid,4,longllmlingua,0.2,15,3.2,48.0,3.6333333333333333,54.5,-0.4333333333333331,-6.5
qwen25_15b,273,msc_valid,4,recency,0.2,15,3.5,52.5,3.6333333333333333,54.5,-0.1333333333333333,-2.0
qwen25_15b,273,msc_valid,4,lexical_tfidf,0.2,15,3.5,52.5,3.6333333333333333,54.5,-0.1333333333333333,-2.0
qwen25_15b,273,msc_valid,4,recency_keep_compress_drop,0.2,15,3.5,52.5,3.6333333333333333,54.5,-0.1333333333333333,-2.0
qwen25_15b,273,msc_valid,4,uniform,0.35,15,3.5,52.5,3.6333333333333333,54.5,-0.1333333333333333,-2.0
qwen25_15b,273,msc_valid,4,longllmlingua,0.35,15,3.2,48.0,3.6333333333333333,54.5,-0.4333333333333331,-6.5
qwen25_15b,273,msc_valid,4,recency,0.35,15,3.5,52.5,3.6333333333333333,54.5,-0.1333333333333333,-2.0
qwen25_15b,273,msc_valid,4,lexical_tfidf,0.35,15,3.5,52.5,3.6333333333333333,54.5,-0.1333333333333333,-2.0
qwen25_15b,273,msc_valid,4,recency_keep_compress_drop,0.35,15,3.5,52.5,3.6333333333333333,54.5,-0.1333333333333333,-2.0
qwen25_15b,273,msc_valid,4,uniform,0.5,15,3.533333333333333,53.0,3.6333333333333333,54.5,-0.10000000000000009,-1.5
qwen25_15b,273,msc_valid,4,longllmlingua,0.5,15,3.3833333333333333,50.75,3.6333333333333333,54.5,-0.25,-3.75
qwen25_15b,273,msc_valid,4,recency,0.5,15,3.533333333333333,53.0,3.6333333333333333,54.5,-0.10000000000000009,-1.5
qwen25_15b,273,msc_valid,4,lexical_tfidf,0.5,15,3.533333333333333,53.0,3.6333333333333333,54.5,-0.10000000000000009,-1.5
qwen25_15b,273,msc_valid,4,recency_keep_compress_drop,0.5,15,3.533333333333333,53.0,3.6333333333333333,54.5,-0.10000000000000009,-1.5
qwen25_15b,273,msc_valid,8,uniform,0.2,10,2.3625,23.625,1.8875,18.875,0.47499999999999987,4.75
qwen25_15b,273,msc_valid,8,longllmlingua,0.2,10,1.9375,19.375,1.8875,18.875,0.050000000000000044,0.5
qwen25_15b,273,msc_valid,8,recency,0.2,10,2.275,22.75,1.8875,18.875,0.38749999999999996,3.875
qwen25_15b,273,msc_valid,8,lexical_tfidf,0.2,10,2.3625,23.625,1.8875,18.875,0.47499999999999987,4.75
qwen25_15b,273,msc_valid,8,recency_keep_compress_drop,0.2,10,2.275,22.75,1.8875,18.875,0.38749999999999996,3.875
qwen25_15b,273,msc_valid,8,uniform,0.35,10,2.3625,23.625,1.8875,18.875,0.47499999999999987,4.75
qwen25_15b,273,msc_valid,8,longllmlingua,0.35,10,1.9375,19.375,1.8875,18.875,0.050000000000000044,0.5
qwen25_15b,273,msc_valid,8,recency,0.35,10,2.2,22.0,1.8875,18.875,0.3125000000000002,3.125
qwen25_15b,273,msc_valid,8,lexical_tfidf,0.35,10,2.3625,23.625,1.8875,18.875,0.47499999999999987,4.75
qwen25_15b,273,msc_valid,8,recency_keep_compress_drop,0.35,10,1.9375,19.375,1.8875,18.875,0.050000000000000044,0.5
qwen25_15b,273,msc_valid,8,uniform,0.5,10,2.2,22.0,1.8875,18.875,0.3125000000000002,3.125
qwen25_15b,273,msc_valid,8,longllmlingua,0.5,10,1.9,19.0,1.8875,18.875,0.012499999999999956,0.125
qwen25_15b,273,msc_valid,8,recency,0.5,10,1.9375,19.375,1.8875,18.875,0.050000000000000044,0.5
qwen25_15b,273,msc_valid,8,lexical_tfidf,0.5,10,2.2,22.0,1.8875,18.875,0.3125000000000002,3.125
qwen25_15b,273,msc_valid,8,recency_keep_compress_drop,0.5,10,1.925,19.25,1.8875,18.875,0.03750000000000009,0.375
qwen25_15b,273,msc_valid,12,uniform,0.2,17,4.176470588235294,71.0,3.3676470588235294,57.25,0.8088235294117649,13.75
qwen25_15b,273,msc_valid,12,longllmlingua,0.2,17,3.514705882352941,59.75,3.3676470588235294,57.25,0.1470588235294117,2.5
qwen25_15b,273,msc_valid,12,recency,0.2,17,3.9411764705882355,67.0,3.3676470588235294,57.25,0.5735294117647061,9.75
qwen25_15b,273,msc_valid,12,lexical_tfidf,0.2,17,3.911764705882353,66.5,3.3676470588235294,57.25,0.5441176470588234,9.25
qwen25_15b,273,msc_valid,12,recency_keep_compress_drop,0.2,17,3.764705882352941,64.0,3.3676470588235294,57.25,0.3970588235294117,6.75
qwen25_15b,273,msc_valid,12,uniform,0.35,17,3.7941176470588234,64.5,3.3676470588235294,57.25,0.42647058823529393,7.25
qwen25_15b,273,msc_valid,12,longllmlingua,0.35,17,3.4558823529411766,58.75,3.3676470588235294,57.25,0.08823529411764719,1.5
qwen25_15b,273,msc_valid,12,recency,0.35,17,3.764705882352941,64.0,3.3676470588235294,57.25,0.3970588235294117,6.75
qwen25_15b,273,msc_valid,12,lexical_tfidf,0.35,17,3.7941176470588234,64.5,3.3676470588235294,57.25,0.42647058823529393,7.25
qwen25_15b,273,msc_valid,12,recency_keep_compress_drop,0.35,17,3.661764705882353,62.25,3.3676470588235294,57.25,0.2941176470588234,5.0
qwen25_15b,273,msc_valid,12,uniform,0.5,17,3.573529411764706,60.75,3.3676470588235294,57.25,0.20588235294117663,3.5
qwen25_15b,273,msc_valid,12,longllmlingua,0.5,17,3.2941176470588234,56.0,3.3676470588235294,57.25,-0.07352941176470607,-1.25
qwen25_15b,273,msc_valid,12,recency,0.5,17,3.7058823529411766,63.0,3.3676470588235294,57.25,0.3382352941176472,5.75
qwen25_15b,273,msc_valid,12,lexical_tfidf,0.5,17,3.573529411764706,60.75,3.3676470588235294,57.25,0.20588235294117663,3.5
qwen25_15b,273,msc_valid,12,recency_keep_compress_drop,0.5,17,3.6176470588235294,61.5,3.3676470588235294,57.25,0.25,4.25
qwen25_15b,273,msc_valid,16,uniform,0.2,19,1.506578947368421,28.625,1.361842105263158,25.875,0.14473684210526305,2.75
qwen25_15b,273,msc_valid,16,longllmlingua,0.2,19,1.4276315789473684,27.125,1.361842105263158,25.875,0.0657894736842104,1.25
qwen25_15b,273,msc_valid,16,recency,0.2,19,1.4407894736842106,27.375,1.361842105263158,25.875,0.07894736842105265,1.5
qwen25_15b,273,msc_valid,16,lexical_tfidf,0.2,19,1.6513157894736843,31.375,1.361842105263158,25.875,0.2894736842105263,5.5
qwen25_15b,273,msc_valid,16,recency_keep_compress_drop,0.2,19,1.4407894736842106,27.375,1.361842105263158,25.875,0.07894736842105265,1.5
qwen25_15b,273,msc_valid,16,uniform,0.35,19,1.6513157894736843,31.375,1.361842105263158,25.875,0.2894736842105263,5.5
qwen25_15b,273,msc_valid,16,longllmlingua,0.35,19,1.5,28.5,1.361842105263158,25.875,0.13815789473684204,2.625
qwen25_15b,273,msc_valid,16,recency,0.35,19,1.4736842105263157,28.0,1.361842105263158,25.875,0.11184210526315774,2.125
qwen25_15b,273,msc_valid,16,lexical_tfidf,0.35,19,1.5328947368421053,29.125,1.361842105263158,25.875,0.17105263157894735,3.25
qwen25_15b,273,msc_valid,16,recency_keep_compress_drop,0.35,19,1.5263157894736843,29.0,1.361842105263158,25.875,0.16447368421052633,3.125
qwen25_15b,273,msc_valid,16,uniform,0.5,19,1.5263157894736843,29.0,1.361842105263158,25.875,0.16447368421052633,3.125
qwen25_15b,273,msc_valid,16,longllmlingua,0.5,19,1.5921052631578947,30.25,1.361842105263158,25.875,0.23026315789473673,4.375
qwen25_15b,273,msc_valid,16,recency,0.5,19,1.4736842105263157,28.0,1.361842105263158,25.875,0.11184210526315774,2.125
qwen25_15b,273,msc_valid,16,lexical_tfidf,0.5,19,1.4276315789473684,27.125,1.361842105263158,25.875,0.0657894736842104,1.25
qwen25_15b,273,msc_valid,16,recency_keep_compress_drop,0.5,19,1.480263157894737,28.125,1.361842105263158,25.875,0.11842105263157898,2.25
qwen25_15b,273,msc_valid,20,uniform,0.2,38,3.3289473684210527,126.5,3.1578947368421053,120.0,0.17105263157894735,6.5
qwen25_15b,273,msc_valid,20,longllmlingua,0.2,38,3.3947368421052633,129.0,3.1578947368421053,120.0,0.23684210526315796,9.0
qwen25_15b,273,msc_valid,20,recency,0.2,38,3.4210526315789473,130.0,3.1578947368421053,120.0,0.26315789473684204,10.0
qwen25_15b,273,msc_valid,20,lexical_tfidf,0.2,38,3.013157894736842,114.5,3.1578947368421053,120.0,-0.14473684210526327,-5.5
qwen25_15b,273,msc_valid,20,recency_keep_compress_drop,0.2,38,3.4210526315789473,130.0,3.1578947368421053,120.0,0.26315789473684204,10.0
qwen25_15b,273,msc_valid,20,uniform,0.35,38,3.4210526315789473,130.0,3.1578947368421053,120.0,0.26315789473684204,10.0
qwen25_15b,273,msc_valid,20,longllmlingua,0.35,38,3.3421052631578947,127.0,3.1578947368421053,120.0,0.18421052631578938,7.0
qwen25_15b,273,msc_valid,20,recency,0.35,38,3.25,123.5,3.1578947368421053,120.0,0.09210526315789469,3.5
qwen25_15b,273,msc_valid,20,lexical_tfidf,0.35,38,3.1578947368421053,120.0,3.1578947368421053,120.0,0.0,0.0
qwen25_15b,273,msc_valid,20,recency_keep_compress_drop,0.35,38,3.3684210526315788,128.0,3.1578947368421053,120.0,0.21052631578947345,8.0
qwen25_15b,273,msc_valid,20,uniform,0.5,38,3.1578947368421053,120.0,3.1578947368421053,120.0,0.0,0.0
qwen25_15b,273,msc_valid,20,longllmlingua,0.5,38,3.263157894736842,124.0,3.1578947368421053,120.0,0.10526315789473673,4.0
qwen25_15b,273,msc_valid,20,recency,0.5,38,3.236842105263158,123.0,3.1578947368421053,120.0,0.07894736842105265,3.0
qwen25_15b,273,msc_valid,20,lexical_tfidf,0.5,38,3.1315789473684212,119.0,3.1578947368421053,120.0,-0.02631578947368407,-1.0
qwen25_15b,273,msc_valid,20,recency_keep_compress_drop,0.5,38,3.210526315789474,122.0,3.1578947368421053,120.0,0.052631578947368585,2.0
qwen25_15b,273,msc_valid,24,uniform,0.2,46,3.5652173913043477,164.0,3.5217391304347827,162.0,0.043478260869564966,2.0
qwen25_15b,273,msc_valid,24,longllmlingua,0.2,46,3.4782608695652173,160.0,3.5217391304347827,162.0,-0.04347826086956541,-2.0
qwen25_15b,273,msc_valid,24,recency,0.2,46,3.5869565217391304,165.0,3.5217391304347827,162.0,0.06521739130434767,3.0
qwen25_15b,273,msc_valid,24,lexical_tfidf,0.2,46,3.608695652173913,166.0,3.5217391304347827,162.0,0.08695652173913038,4.0
qwen25_15b,273,msc_valid,24,recency_keep_compress_drop,0.2,46,3.608695652173913,166.0,3.5217391304347827,162.0,0.08695652173913038,4.0
qwen25_15b,273,msc_valid,24,uniform,0.35,46,3.5652173913043477,164.0,3.5217391304347827,162.0,0.043478260869564966,2.0
qwen25_15b,273,msc_valid,24,longllmlingua,0.35,46,3.5,161.0,3.5217391304347827,162.0,-0.021739130434782705,-1.0
qwen25_15b,273,msc_valid,24,recency,0.35,46,3.5434782608695654,163.0,3.5217391304347827,162.0,0.021739130434782705,1.0
qwen25_15b,273,msc_valid,24,lexical_tfidf,0.35,46,3.5652173913043477,164.0,3.5217391304347827,162.0,0.043478260869564966,2.0
qwen25_15b,273,msc_valid,24,recency_keep_compress_drop,0.35,46,3.5,161.0,3.5217391304347827,162.0,-0.021739130434782705,-1.0
qwen25_15b,273,msc_valid,24,uniform,0.5,46,3.5652173913043477,164.0,3.5217391304347827,162.0,0.043478260869564966,2.0
qwen25_15b,273,msc_valid,24,longllmlingua,0.5,46,3.4782608695652173,160.0,3.5217391304347827,162.0,-0.04347826086956541,-2.0
qwen25_15b,273,msc_valid,24,recency,0.5,46,3.5,161.0,3.5217391304347827,162.0,-0.021739130434782705,-1.0
qwen25_15b,273,msc_valid,24,lexical_tfidf,0.5,46,3.5434782608695654,163.0,3.5217391304347827,162.0,0.021739130434782705,1.0
qwen25_15b,273,msc_valid,24,recency_keep_compress_drop,0.5,46,3.5,161.0,3.5217391304347827,162.0,-0.021739130434782705,-1.0
qwen25_15b,273,msc_valid,28,uniform,0.2,20,2.2375,44.75,1.95,39.0,0.28749999999999987,5.75
qwen25_15b,273,msc_valid,28,longllmlingua,0.2,20,2.2,44.0,1.95,39.0,0.2500000000000002,5.0
qwen25_15b,273,msc_valid,28,recency,0.2,20,2.3375,46.75,1.95,39.0,0.38749999999999996,7.75
qwen25_15b,273,msc_valid,28,lexical_tfidf,0.2,20,2.3875,47.75,1.95,39.0,0.4375000000000002,8.75
qwen25_15b,273,msc_valid,28,recency_keep_compress_drop,0.2,20,2.3125,46.25,1.95,39.0,0.36250000000000004,7.25
qwen25_15b,273,msc_valid,28,uniform,0.35,20,2.1,42.0,1.95,39.0,0.15000000000000013,3.0
qwen25_15b,273,msc_valid,28,longllmlingua,0.35,20,2.225,44.5,1.95,39.0,0.27500000000000013,5.5
qwen25_15b,273,msc_valid,28,recency,0.35,20,2.3125,46.25,1.95,39.0,0.36250000000000004,7.25
qwen25_15b,273,msc_valid,28,lexical_tfidf,0.35,20,2.2375,44.75,1.95,39.0,0.28749999999999987,5.75
qwen25_15b,273,msc_valid,28,recency_keep_compress_drop,0.35,20,2.0875,41.75,1.95,39.0,0.13749999999999996,2.75
qwen25_15b,273,msc_valid,28,uniform,0.5,20,2.3125,46.25,1.95,39.0,0.36250000000000004,7.25
qwen25_15b,273,msc_valid,28,longllmlingua,0.5,20,2.25,45.0,1.95,39.0,0.30000000000000004,6.0
qwen25_15b,273,msc_valid,28,recency,0.5,20,2.0875,41.75,1.95,39.0,0.13749999999999996,2.75
qwen25_15b,273,msc_valid,28,lexical_tfidf,0.5,20,2.125,42.5,1.95,39.0,0.17500000000000004,3.5
qwen25_15b,273,msc_valid,28,recency_keep_compress_drop,0.5,20,1.8875,37.75,1.95,39.0,-0.0625,-1.25
qwen25_15b,273,msc_valid,32,uniform,0.2,45,2.688888888888889,121.0,2.3666666666666667,106.5,0.3222222222222224,14.5
qwen25_15b,273,msc_valid,32,longllmlingua,0.2,45,2.533333333333333,114.0,2.3666666666666667,106.5,0.16666666666666652,7.5
qwen25_15b,273,msc_valid,32,recency,0.2,45,2.577777777777778,116.0,2.3666666666666667,106.5,0.21111111111111125,9.5
qwen25_15b,273,msc_valid,32,lexical_tfidf,0.2,45,2.7444444444444445,123.5,2.3666666666666667,106.5,0.37777777777777777,17.0
qwen25_15b,273,msc_valid,32,recency_keep_compress_drop,0.2,45,2.566666666666667,115.5,2.3666666666666667,106.5,0.20000000000000018,9.0
qwen25_15b,273,msc_valid,32,uniform,0.35,45,2.577777777777778,116.0,2.3666666666666667,106.5,0.21111111111111125,9.5
qwen25_15b,273,msc_valid,32,longllmlingua,0.35,45,2.5555555555555554,115.0,2.3666666666666667,106.5,0.18888888888888866,8.5
qwen25_15b,273,msc_valid,32,recency,0.35,45,2.588888888888889,116.5,2.3666666666666667,106.5,0.22222222222222232,10.0
qwen25_15b,273,msc_valid,32,lexical_tfidf,0.35,45,2.488888888888889,112.0,2.3666666666666667,106.5,0.12222222222222223,5.5
qwen25_15b,273,msc_valid,32,recency_keep_compress_drop,0.35,45,2.4555555555555557,110.5,2.3666666666666667,106.5,0.08888888888888902,4.0
qwen25_15b,273,msc_valid,32,uniform,0.5,45,2.588888888888889,116.5,2.3666666666666667,106.5,0.22222222222222232,10.0
qwen25_15b,273,msc_valid,32,longllmlingua,0.5,45,2.588888888888889,116.5,2.3666666666666667,106.5,0.22222222222222232,10.0
qwen25_15b,273,msc_valid,32,recency,0.5,45,2.5444444444444443,114.5,2.3666666666666667,106.5,0.1777777777777776,8.0
qwen25_15b,273,msc_valid,32,lexical_tfidf,0.5,45,2.422222222222222,109.0,2.3666666666666667,106.5,0.05555555555555536,2.5
qwen25_15b,273,msc_valid,32,recency_keep_compress_drop,0.5,45,2.433333333333333,109.5,2.3666666666666667,106.5,0.06666666666666643,3.0
qwen25_15b,273,msc_valid,34,uniform,0.2,50,2.44,122.0,2.611111111111111,94.0,-0.1711111111111112,28.0
qwen25_15b,273,msc_valid,34,longllmlingua,0.2,50,2.52,126.0,2.611111111111111,94.0,-0.09111111111111114,32.0
qwen25_15b,273,msc_valid,34,recency,0.2,50,2.47,123.5,2.611111111111111,94.0,-0.14111111111111097,29.5
qwen25_15b,273,msc_valid,34,lexical_tfidf,0.2,50,2.45,122.5,2.611111111111111,94.0,-0.16111111111111098,28.5
qwen25_15b,273,msc_valid,34,recency_keep_compress_drop,0.2,50,2.45,122.5,2.611111111111111,94.0,-0.16111111111111098,28.5
qwen25_15b,273,msc_valid,34,uniform,0.35,50,2.43,121.5,2.611111111111111,94.0,-0.181111111111111,27.5
qwen25_15b,273,msc_valid,34,longllmlingua,0.35,50,2.54,127.0,2.611111111111111,94.0,-0.07111111111111112,33.0
qwen25_15b,273,msc_valid,34,recency,0.35,50,2.4,120.0,2.611111111111111,94.0,-0.21111111111111125,26.0
qwen25_15b,273,msc_valid,34,lexical_tfidf,0.35,50,2.43,121.5,2.611111111111111,94.0,-0.181111111111111,27.5
qwen25_15b,273,msc_valid,34,recency_keep_compress_drop,0.35,50,2.41,120.5,2.611111111111111,94.0,-0.20111111111111102,26.5
qwen25_15b,273,msc_valid,34,uniform,0.5,50,2.4,120.0,2.611111111111111,94.0,-0.21111111111111125,26.0
qwen25_15b,273,msc_valid,34,longllmlingua,0.5,50,2.53,126.5,2.611111111111111,94.0,-0.08111111111111136,32.5
qwen25_15b,273,msc_valid,34,recency,0.5,50,2.36,118.0,2.611111111111111,94.0,-0.2511111111111113,24.0
qwen25_15b,273,msc_valid,34,lexical_tfidf,0.5,50,2.37,118.5,2.611111111111111,94.0,-0.24111111111111105,24.5
qwen25_15b,273,msc_valid,34,recency_keep_compress_drop,0.5,50,2.4,120.0,2.611111111111111,94.0,-0.21111111111111125,26.0
qwen25_15b,273,msc_valid,38,uniform,0.2,44,2.1931818181818183,96.5,0.0,0.0,2.1931818181818183,96.5
qwen25_15b,273,msc_valid,38,longllmlingua,0.2,44,2.1136363636363638,93.0,0.0,0.0,2.1136363636363638,93.0
qwen25_15b,273,msc_valid,38,recency,0.2,44,2.090909090909091,92.0,0.0,0.0,2.090909090909091,92.0
qwen25_15b,273,msc_valid,38,lexical_tfidf,0.2,44,2.1931818181818183,96.5,0.0,0.0,2.1931818181818183,96.5
qwen25_15b,273,msc_valid,38,recency_keep_compress_drop,0.2,44,2.102272727272727,92.5,0.0,0.0,2.102272727272727,92.5
qwen25_15b,273,msc_valid,38,uniform,0.35,44,2.2045454545454546,97.0,0.0,0.0,2.2045454545454546,97.0
qwen25_15b,273,msc_valid,38,longllmlingua,0.35,44,2.1136363636363638,93.0,0.0,0.0,2.1136363636363638,93.0
qwen25_15b,273,msc_valid,38,recency,0.35,44,2.125,93.5,0.0,0.0,2.125,93.5
qwen25_15b,273,msc_valid,38,lexical_tfidf,0.35,44,2.147727272727273,94.5,0.0,0.0,2.147727272727273,94.5
qwen25_15b,273,msc_valid,38,recency_keep_compress_drop,0.35,44,2.090909090909091,92.0,0.0,0.0,2.090909090909091,92.0
qwen25_15b,273,msc_valid,38,uniform,0.5,44,2.1704545454545454,95.5,0.0,0.0,2.1704545454545454,95.5
qwen25_15b,273,msc_valid,38,longllmlingua,0.5,44,2.090909090909091,92.0,0.0,0.0,2.090909090909091,92.0
qwen25_15b,273,msc_valid,38,recency,0.5,44,2.1363636363636362,94.0,0.0,0.0,2.1363636363636362,94.0
qwen25_15b,273,msc_valid,38,lexical_tfidf,0.5,44,2.1931818181818183,96.5,0.0,0.0,2.1931818181818183,96.5
qwen25_15b,273,msc_valid,38,recency_keep_compress_drop,0.5,44,2.125,93.5,0.0,0.0,2.125,93.5
qwen25_15b,273,msc_valid,42,uniform,0.2,27,2.1296296296296298,57.5,0.0,0.0,2.1296296296296298,57.5
qwen25_15b,273,msc_valid,42,longllmlingua,0.2,27,2.2037037037037037,59.5,0.0,0.0,2.2037037037037037,59.5
qwen25_15b,273,msc_valid,42,recency,0.2,27,1.7685185185185186,47.75,0.0,0.0,1.7685185185185186,47.75
qwen25_15b,273,msc_valid,42,lexical_tfidf,0.2,27,2.064814814814815,55.75,0.0,0.0,2.064814814814815,55.75
qwen25_15b,273,msc_valid,42,recency_keep_compress_drop,0.2,27,1.7777777777777777,48.0,0.0,0.0,1.7777777777777777,48.0
qwen25_15b,273,msc_valid,42,uniform,0.35,27,1.9907407407407407,53.75,0.0,0.0,1.9907407407407407,53.75
qwen25_15b,273,msc_valid,42,longllmlingua,0.35,27,2.111111111111111,57.0,0.0,0.0,2.111111111111111,57.0
qwen25_15b,273,msc_valid,42,recency,0.35,27,1.6851851851851851,45.5,0.0,0.0,1.6851851851851851,45.5
qwen25_15b,273,msc_valid,42,lexical_tfidf,0.35,27,1.9444444444444444,52.5,0.0,0.0,1.9444444444444444,52.5
qwen25_15b,273,msc_valid,42,recency_keep_compress_drop,0.35,27,1.8333333333333333,49.5,0.0,0.0,1.8333333333333333,49.5
qwen25_15b,273,msc_valid,42,uniform,0.5,27,1.9907407407407407,53.75,0.0,0.0,1.9907407407407407,53.75
qwen25_15b,273,msc_valid,42,longllmlingua,0.5,27,2.1944444444444446,59.25,0.0,0.0,2.1944444444444446,59.25
qwen25_15b,273,msc_valid,42,recency,0.5,27,1.7962962962962963,48.5,0.0,0.0,1.7962962962962963,48.5
qwen25_15b,273,msc_valid,42,lexical_tfidf,0.5,27,1.8888888888888888,51.0,0.0,0.0,1.8888888888888888,51.0
qwen25_15b,273,msc_valid,42,recency_keep_compress_drop,0.5,27,1.8240740740740742,49.25,0.0,0.0,1.8240740740740742,49.25
qwen25_15b,273,msc_valid,46,uniform,0.2,34,1.9705882352941178,67.0,0.0,0.0,1.9705882352941178,67.0
qwen25_15b,273,msc_valid,46,longllmlingua,0.2,34,2.014705882352941,68.5,0.0,0.0,2.014705882352941,68.5
qwen25_15b,273,msc_valid,46,recency,0.2,34,1.9264705882352942,65.5,0.0,0.0,1.9264705882352942,65.5
qwen25_15b,273,msc_valid,46,lexical_tfidf,0.2,34,1.9411764705882353,66.0,0.0,0.0,1.9411764705882353,66.0
qwen25_15b,273,msc_valid,46,recency_keep_compress_drop,0.2,34,1.9558823529411764,66.5,0.0,0.0,1.9558823529411764,66.5
qwen25_15b,273,msc_valid,46,uniform,0.35,34,2.1470588235294117,73.0,0.0,0.0,2.1470588235294117,73.0
qwen25_15b,273,msc_valid,46,longllmlingua,0.35,34,2.0588235294117645,70.0,0.0,0.0,2.0588235294117645,70.0
qwen25_15b,273,msc_valid,46,recency,0.35,34,1.911764705882353,65.0,0.0,0.0,1.911764705882353,65.0
qwen25_15b,273,msc_valid,46,lexical_tfidf,0.35,34,1.911764705882353,65.0,0.0,0.0,1.911764705882353,65.0
qwen25_15b,273,msc_valid,46,recency_keep_compress_drop,0.35,34,1.9705882352941178,67.0,0.0,0.0,1.9705882352941178,67.0
qwen25_15b,273,msc_valid,46,uniform,0.5,34,1.9558823529411764,66.5,0.0,0.0,1.9558823529411764,66.5
qwen25_15b,273,msc_valid,46,longllmlingua,0.5,34,2.073529411764706,70.5,0.0,0.0,2.073529411764706,70.5
qwen25_15b,273,msc_valid,46,recency,0.5,34,1.8970588235294117,64.5,0.0,0.0,1.8970588235294117,64.5
qwen25_15b,273,msc_valid,46,lexical_tfidf,0.5,34,1.9264705882352942,65.5,0.0,0.0,1.9264705882352942,65.5
qwen25_15b,273,msc_valid,46,recency_keep_compress_drop,0.5,34,1.9411764705882353,66.0,0.0,0.0,1.9411764705882353,66.0
qwen25_15b,273,msc_valid,50,uniform,0.2,22,2.5454545454545454,56.0,0.0,0.0,2.5454545454545454,56.0
qwen25_15b,273,msc_valid,50,longllmlingua,0.2,22,2.977272727272727,65.5,0.0,0.0,2.977272727272727,65.5
qwen25_15b,273,msc_valid,50,recency,0.2,22,2.125,46.75,0.0,0.0,2.125,46.75
qwen25_15b,273,msc_valid,50,lexical_tfidf,0.2,22,2.0795454545454546,45.75,0.0,0.0,2.0795454545454546,45.75
qwen25_15b,273,msc_valid,50,recency_keep_compress_drop,0.2,22,2.125,46.75,0.0,0.0,2.125,46.75
qwen25_15b,273,msc_valid,50,uniform,0.35,22,3.2954545454545454,72.5,0.0,0.0,3.2954545454545454,72.5
qwen25_15b,273,msc_valid,50,longllmlingua,0.35,22,2.977272727272727,65.5,0.0,0.0,2.977272727272727,65.5
qwen25_15b,273,msc_valid,50,recency,0.35,22,2.0681818181818183,45.5,0.0,0.0,2.0681818181818183,45.5
qwen25_15b,273,msc_valid,50,lexical_tfidf,0.35,22,2.3863636363636362,52.5,0.0,0.0,2.3863636363636362,52.5
qwen25_15b,273,msc_valid,50,recency_keep_compress_drop,0.35,22,2.090909090909091,46.0,0.0,0.0,2.090909090909091,46.0
qwen25_15b,273,msc_valid,50,uniform,0.5,22,2.6363636363636362,58.0,0.0,0.0,2.6363636363636362,58.0
qwen25_15b,273,msc_valid,50,longllmlingua,0.5,22,2.8636363636363638,63.0,0.0,0.0,2.8636363636363638,63.0
qwen25_15b,273,msc_valid,50,recency,0.5,19,2.3947368421052633,45.5,0.0,0.0,2.3947368421052633,45.5
qwen25_15b,273,msc_valid,50,lexical_tfidf,0.5,22,2.0454545454545454,45.0,0.0,0.0,2.0454545454545454,45.0
qwen25_15b,273,msc_valid,50,recency_keep_compress_drop,0.5,18,2.4722222222222223,44.5,0.0,0.0,2.4722222222222223,44.5
qwen25_15b,273,msc_valid,54,uniform,0.2,31,2.532258064516129,78.5,0.0,0.0,2.532258064516129,78.5
qwen25_15b,273,msc_valid,54,longllmlingua,0.2,31,2.3870967741935485,74.0,0.0,0.0,2.3870967741935485,74.0
qwen25_15b,273,msc_valid,54,recency,0.2,31,2.629032258064516,81.5,0.0,0.0,2.629032258064516,81.5
qwen25_15b,273,msc_valid,54,lexical_tfidf,0.2,31,2.5806451612903225,80.0,0.0,0.0,2.5806451612903225,80.0
qwen25_15b,273,msc_valid,54,recency_keep_compress_drop,0.2,31,2.596774193548387,80.5,0.0,0.0,2.596774193548387,80.5
qwen25_15b,273,msc_valid,54,uniform,0.35,31,2.5161290322580645,78.0,0.0,0.0,2.5161290322580645,78.0
qwen25_15b,273,msc_valid,54,longllmlingua,0.35,31,2.532258064516129,78.5,0.0,0.0,2.532258064516129,78.5
qwen25_15b,273,msc_valid,54,recency,0.35,31,2.596774193548387,80.5,0.0,0.0,2.596774193548387,80.5
qwen25_15b,273,msc_valid,54,lexical_tfidf,0.35,31,2.564516129032258,79.5,0.0,0.0,2.564516129032258,79.5
qwen25_15b,273,msc_valid,54,recency_keep_compress_drop,0.35,31,2.596774193548387,80.5,0.0,0.0,2.596774193548387,80.5
qwen25_15b,273,msc_valid,54,uniform,0.5,31,2.5161290322580645,78.0,0.0,0.0,2.5161290322580645,78.0
qwen25_15b,273,msc_valid,54,longllmlingua,0.5,31,2.4838709677419355,77.0,0.0,0.0,2.4838709677419355,77.0
qwen25_15b,273,msc_valid,54,recency,0.5,0,0.0,0.0,0.0,0.0,0.0,0.0
qwen25_15b,273,msc_valid,54,lexical_tfidf,0.5,0,0.0,0.0,0.0,0.0,0.0,0.0
qwen25_15b,273,msc_valid,54,recency_keep_compress_drop,0.5,0,0.0,0.0,0.0,0.0,0.0,0.0
qwen25_15b,273,msc_valid,58,uniform,0.2,12,3.0,36.0,0.0,0.0,3.0,36.0
qwen25_15b,273,msc_valid,58,longllmlingua,0.2,12,2.7083333333333335,32.5,0.0,0.0,2.7083333333333335,32.5
qwen25_15b,273,msc_valid,58,recency,0.2,12,2.7708333333333335,33.25,0.0,0.0,2.7708333333333335,33.25
qwen25_15b,273,msc_valid,58,lexical_tfidf,0.2,12,2.75,33.0,0.0,0.0,2.75,33.0
qwen25_15b,273,msc_valid,58,recency_keep_compress_drop,0.2,12,2.7916666666666665,33.5,0.0,0.0,2.7916666666666665,33.5
qwen25_15b,273,msc_valid,58,uniform,0.35,12,3.0833333333333335,37.0,0.0,0.0,3.0833333333333335,37.0
qwen25_15b,273,msc_valid,58,longllmlingua,0.35,12,2.8125,33.75,0.0,0.0,2.8125,33.75
qwen25_15b,273,msc_valid,58,recency,0.35,0,0.0,0.0,0.0,0.0,0.0,0.0
qwen25_15b,273,msc_valid,58,lexical_tfidf,0.35,0,0.0,0.0,0.0,0.0,0.0,0.0
qwen25_15b,273,msc_valid,58,recency_keep_compress_drop,0.35,0,0.0,0.0,0.0,0.0,0.0,0.0
qwen25_15b,273,msc_valid,58,uniform,0.5,12,3.0208333333333335,36.25,0.0,0.0,3.0208333333333335,36.25
qwen25_15b,273,msc_valid,58,longllmlingua,0.5,12,2.8958333333333335,34.75,0.0,0.0,2.8958333333333335,34.75
qwen25_15b,273,msc_valid,58,recency,0.5,0,0.0,0.0,0.0,0.0,0.0,0.0
qwen25_15b,273,msc_valid,58,lexical_tfidf,0.5,0,0.0,0.0,0.0,0.0,0.0,0.0
qwen25_15b,273,msc_valid,58,recency_keep_compress_drop,0.5,0,0.0,0.0,0.0,0.0,0.0,0.0
qwen25_15b,273,msc_valid,62,uniform,0.2,40,2.2875,91.5,0.0,0.0,2.2875,91.5
qwen25_15b,273,msc_valid,62,longllmlingua,0.2,40,2.4,96.0,0.0,0.0,2.4,96.0
qwen25_15b,273,msc_valid,62,recency,0.2,0,0.0,0.0,0.0,0.0,0.0,0.0
qwen25_15b,273,msc_valid,62,lexical_tfidf,0.2,40,2.2125,88.5,0.0,0.0,2.2125,88.5
qwen25_15b,273,msc_valid,62,recency_keep_compress_drop,0.2,0,0.0,0.0,0.0,0.0,0.0,0.0
qwen25_15b,273,msc_valid,62,uniform,0.35,40,2.3125,92.5,0.0,0.0,2.3125,92.5
qwen25_15b,273,msc_valid,62,longllmlingua,0.35,40,2.3375,93.5,0.0,0.0,2.3375,93.5
qwen25_15b,273,msc_valid,62,recency,0.35,0,0.0,0.0,0.0,0.0,0.0,0.0
qwen25_15b,273,msc_valid,62,lexical_tfidf,0.35,0,0.0,0.0,0.0,0.0,0.0,0.0
qwen25_15b,273,msc_valid,62,recency_keep_compress_drop,0.35,0,0.0,0.0,0.0,0.0,0.0,0.0
qwen25_15b,273,msc_valid,62,uniform,0.5,0,0.0,0.0,0.0,0.0,0.0,0.0
qwen25_15b,273,msc_valid,62,longllmlingua,0.5,40,2.3125,92.5,0.0,0.0,2.3125,92.5
qwen25_15b,273,msc_valid,62,recency,0.5,0,0.0,0.0,0.0,0.0,0.0,0.0
qwen25_15b,273,msc_valid,62,lexical_tfidf,0.5,0,0.0,0.0,0.0,0.0,0.0,0.0
qwen25_15b,273,msc_valid,62,recency_keep_compress_drop,0.5,0,0.0,0.0,0.0,0.0,0.0,0.0
qwen25_15b,288,msc_valid,4,uniform,0.2,16,4.8125,77.0,4.5,72.0,0.3125,5.0
qwen25_15b,288,msc_valid,4,longllmlingua,0.2,16,4.375,70.0,4.5,72.0,-0.125,-2.0
qwen25_15b,288,msc_valid,4,recency,0.2,16,4.8125,77.0,4.5,72.0,0.3125,5.0
qwen25_15b,288,msc_valid,4,lexical_tfidf,0.2,16,4.8125,77.0,4.5,72.0,0.3125,5.0
qwen25_15b,288,msc_valid,4,recency_keep_compress_drop,0.2,16,4.8125,77.0,4.5,72.0,0.3125,5.0
qwen25_15b,288,msc_valid,4,uniform,0.35,16,4.6875,75.0,4.5,72.0,0.1875,3.0
qwen25_15b,288,msc_valid,4,longllmlingua,0.35,16,4.46875,71.5,4.5,72.0,-0.03125,-0.5
qwen25_15b,288,msc_valid,4,recency,0.35,16,4.6875,75.0,4.5,72.0,0.1875,3.0
qwen25_15b,288,msc_valid,4,lexical_tfidf,0.35,16,4.6875,75.0,4.5,72.0,0.1875,3.0
qwen25_15b,288,msc_valid,4,recency_keep_compress_drop,0.35,16,4.6875,75.0,4.5,72.0,0.1875,3.0
qwen25_15b,288,msc_valid,4,uniform,0.5,16,4.6875,75.0,4.5,72.0,0.1875,3.0
qwen25_15b,288,msc_valid,4,longllmlingua,0.5,16,4.4375,71.0,4.5,72.0,-0.0625,-1.0
qwen25_15b,288,msc_valid,4,recency,0.5,16,4.6875,75.0,4.5,72.0,0.1875,3.0
qwen25_15b,288,msc_valid,4,lexical_tfidf,0.5,16,4.6875,75.0,4.5,72.0,0.1875,3.0
qwen25_15b,288,msc_valid,4,recency_keep_compress_drop,0.5,16,4.6875,75.0,4.5,72.0,0.1875,3.0
qwen25_15b,288,msc_valid,6,uniform,0.2,20,3.525,70.5,3.425,68.5,0.10000000000000009,2.0
qwen25_15b,288,msc_valid,6,longllmlingua,0.2,20,3.35,67.0,3.425,68.5,-0.07499999999999973,-1.5
qwen25_15b,288,msc_valid,6,recency,0.2,20,3.6,72.0,3.425,68.5,0.17500000000000027,3.5
qwen25_15b,288,msc_valid,6,lexical_tfidf,0.2,20,3.6,72.0,3.425,68.5,0.17500000000000027,3.5
qwen25_15b,288,msc_valid,6,recency_keep_compress_drop,0.2,20,3.525,70.5,3.425,68.5,0.10000000000000009,2.0
qwen25_15b,288,msc_valid,6,uniform,0.35,20,3.525,70.5,3.425,68.5,0.10000000000000009,2.0
qwen25_15b,288,msc_valid,6,longllmlingua,0.35,20,3.35,67.0,3.425,68.5,-0.07499999999999973,-1.5
qwen25_15b,288,msc_valid,6,recency,0.35,20,3.625,72.5,3.425,68.5,0.20000000000000018,4.0
qwen25_15b,288,msc_valid,6,lexical_tfidf,0.35,20,3.625,72.5,3.425,68.5,0.20000000000000018,4.0
qwen25_15b,288,msc_valid,6,recency_keep_compress_drop,0.35,20,3.625,72.5,3.425,68.5,0.20000000000000018,4.0
qwen25_15b,288,msc_valid,6,uniform,0.5,20,3.625,72.5,3.425,68.5,0.20000000000000018,4.0
qwen25_15b,288,msc_valid,6,longllmlingua,0.5,20,3.275,65.5,3.425,68.5,-0.1499999999999999,-3.0
qwen25_15b,288,msc_valid,6,recency,0.5,20,3.475,69.5,3.425,68.5,0.050000000000000266,1.0
qwen25_15b,288,msc_valid,6,lexical_tfidf,0.5,20,3.475,69.5,3.425,68.5,0.050000000000000266,1.0
qwen25_15b,288,msc_valid,6,recency_keep_compress_drop,0.5,20,3.475,69.5,3.425,68.5,0.050000000000000266,1.0
qwen25_15b,288,msc_valid,8,uniform,0.2,17,4.411764705882353,75.0,3.9411764705882355,67.0,0.47058823529411775,8.0
qwen25_15b,288,msc_valid,8,longllmlingua,0.2,17,4.323529411764706,73.5,3.9411764705882355,67.0,0.3823529411764701,6.5
qwen25_15b,288,msc_valid,8,recency,0.2,17,4.294117647058823,73.0,3.9411764705882355,67.0,0.35294117647058787,6.0
qwen25_15b,288,msc_valid,8,lexical_tfidf,0.2,17,4.647058823529412,79.0,3.9411764705882355,67.0,0.7058823529411766,12.0
qwen25_15b,288,msc_valid,8,recency_keep_compress_drop,0.2,17,4.294117647058823,73.0,3.9411764705882355,67.0,0.35294117647058787,6.0
qwen25_15b,288,msc_valid,8,uniform,0.35,17,4.5,76.5,3.9411764705882355,67.0,0.5588235294117645,9.5
qwen25_15b,288,msc_valid,8,longllmlingua,0.35,17,4.0588235294117645,69.0,3.9411764705882355,67.0,0.117647058823529,2.0
qwen25_15b,288,msc_valid,8,recency,0.35,17,4.205882352941177,71.5,3.9411764705882355,67.0,0.2647058823529411,4.5
qwen25_15b,288,msc_valid,8,lexical_tfidf,0.35,17,4.4411764705882355,75.5,3.9411764705882355,67.0,0.5,8.5
qwen25_15b,288,msc_valid,8,recency_keep_compress_drop,0.35,17,4.205882352941177,71.5,3.9411764705882355,67.0,0.2647058823529411,4.5
qwen25_15b,288,msc_valid,8,uniform,0.5,17,4.382352941176471,74.5,3.9411764705882355,67.0,0.4411764705882355,7.5
qwen25_15b,288,msc_valid,8,longllmlingua,0.5,17,3.764705882352941,64.0,3.9411764705882355,67.0,-0.17647058823529438,-3.0
qwen25_15b,288,msc_valid,8,recency,0.5,17,4.176470588235294,71.0,3.9411764705882355,67.0,0.23529411764705888,4.0
qwen25_15b,288,msc_valid,8,lexical_tfidf,0.5,17,4.5,76.5,3.9411764705882355,67.0,0.5588235294117645,9.5
qwen25_15b,288,msc_valid,8,recency_keep_compress_drop,0.5,17,4.0588235294117645,69.0,3.9411764705882355,67.0,0.117647058823529,2.0
qwen25_15b,288,msc_valid,10,uniform,0.2,9,2.3472222222222223,21.125,1.5486111111111112,13.9375,0.7986111111111112,7.1875
qwen25_15b,288,msc_valid,10,longllmlingua,0.2,9,1.9722222222222223,17.75,1.5486111111111112,13.9375,0.42361111111111116,3.8125
qwen25_15b,288,msc_valid,10,recency,0.2,9,2.6944444444444446,24.25,1.5486111111111112,13.9375,1.1458333333333335,10.3125
qwen25_15b,288,msc_valid,10,lexical_tfidf,0.2,9,2.8055555555555554,25.25,1.5486111111111112,13.9375,1.2569444444444442,11.3125
qwen25_15b,288,msc_valid,10,recency_keep_compress_drop,0.2,9,2.625,23.625,1.5486111111111112,13.9375,1.0763888888888888,9.6875
qwen25_15b,288,msc_valid,10,uniform,0.35,9,2.25,20.25,1.5486111111111112,13.9375,0.7013888888888888,6.3125
qwen25_15b,288,msc_valid,10,longllmlingua,0.35,9,2.0277777777777777,18.25,1.5486111111111112,13.9375,0.4791666666666665,4.3125
qwen25_15b,288,msc_valid,10,recency,0.35,9,2.0555555555555554,18.5,1.5486111111111112,13.9375,0.5069444444444442,4.5625
qwen25_15b,288,msc_valid,10,lexical_tfidf,0.35,9,2.1805555555555554,19.625,1.5486111111111112,13.9375,0.6319444444444442,5.6875
qwen25_15b,288,msc_valid,10,recency_keep_compress_drop,0.35,9,2.0416666666666665,18.375,1.5486111111111112,13.9375,0.49305555555555536,4.4375
qwen25_15b,288,msc_valid,10,uniform,0.5,9,2.1805555555555554,19.625,1.5486111111111112,13.9375,0.6319444444444442,5.6875
qwen25_15b,288,msc_valid,10,longllmlingua,0.5,9,1.7083333333333333,15.375,1.5486111111111112,13.9375,0.1597222222222221,1.4375
qwen25_15b,288,msc_valid,10,recency,0.5,9,1.9027777777777777,17.125,1.5486111111111112,13.9375,0.3541666666666665,3.1875
qwen25_15b,288,msc_valid,10,lexical_tfidf,0.5,9,1.9166666666666667,17.25,1.5486111111111112,13.9375,0.3680555555555556,3.3125
qwen25_15b,288,msc_valid,10,recency_keep_compress_drop,0.5,9,1.9027777777777777,17.125,1.5486111111111112,13.9375,0.3541666666666665,3.1875
qwen25_15b,288,msc_valid,12,uniform,0.2,19,4.2894736842105265,81.5,3.526315789473684,67.0,0.7631578947368425,14.5
qwen25_15b,288,msc_valid,12,longllmlingua,0.2,19,3.6315789473684212,69.0,3.526315789473684,67.0,0.10526315789473717,2.0
qwen25_15b,288,msc_valid,12,recency,0.2,19,4.078947368421052,77.5,3.526315789473684,67.0,0.5526315789473681,10.5
qwen25_15b,288,msc_valid,12,lexical_tfidf,0.2,19,4.2105263157894735,80.0,3.526315789473684,67.0,0.6842105263157894,13.0
qwen25_15b,288,msc_valid,12,recency_keep_compress_drop,0.2,19,3.9210526315789473,74.5,3.526315789473684,67.0,0.3947368421052633,7.5
qwen25_15b,288,msc_valid,12,uniform,0.35,19,4.131578947368421,78.5,3.526315789473684,67.0,0.6052631578947372,11.5
qwen25_15b,288,msc_valid,12,longllmlingua,0.35,19,3.5789473684210527,68.0,3.526315789473684,67.0,0.052631578947368585,1.0
qwen25_15b,288,msc_valid,12,recency,0.35,19,3.8421052631578947,73.0,3.526315789473684,67.0,0.3157894736842106,6.0
qwen25_15b,288,msc_valid,12,lexical_tfidf,0.35,19,4.052631578947368,77.0,3.526315789473684,67.0,0.5263157894736841,10.0
qwen25_15b,288,msc_valid,12,recency_keep_compress_drop,0.35,19,3.8421052631578947,73.0,3.526315789473684,67.0,0.3157894736842106,6.0
qwen25_15b,288,msc_valid,12,uniform,0.5,19,4.026315789473684,76.5,3.526315789473684,67.0,0.5,9.5
qwen25_15b,288,msc_valid,12,longllmlingua,0.5,19,3.5,66.5,3.526315789473684,67.0,-0.02631578947368407,-0.5
qwen25_15b,288,msc_valid,12,recency,0.5,19,3.710526315789474,70.5,3.526315789473684,67.0,0.18421052631578982,3.5
qwen25_15b,288,msc_valid,12,lexical_tfidf,0.5,19,3.8684210526315788,73.5,3.526315789473684,67.0,0.3421052631578947,6.5
qwen25_15b,288,msc_valid,12,recency_keep_compress_drop,0.5,19,3.736842105263158,71.0,3.526315789473684,67.0,0.2105263157894739,4.0
qwen25_15b,306,msc_valid,4,uniform,0.2,16,3.640625,58.25,3.390625,54.25,0.25,4.0
qwen25_15b,306,msc_valid,4,longllmlingua,0.2,16,3.203125,51.25,3.390625,54.25,-0.1875,-3.0
qwen25_15b,306,msc_valid,4,recency,0.2,16,3.640625,58.25,3.390625,54.25,0.25,4.0
qwen25_15b,306,msc_valid,4,lexical_tfidf,0.2,16,3.640625,58.25,3.390625,54.25,0.25,4.0
qwen25_15b,306,msc_valid,4,recency_keep_compress_drop,0.2,16,3.640625,58.25,3.390625,54.25,0.25,4.0
qwen25_15b,306,msc_valid,4,uniform,0.35,16,3.59375,57.5,3.390625,54.25,0.203125,3.25
qwen25_15b,306,msc_valid,4,longllmlingua,0.35,16,3.0,48.0,3.390625,54.25,-0.390625,-6.25
qwen25_15b,306,msc_valid,4,recency,0.35,16,3.59375,57.5,3.390625,54.25,0.203125,3.25
qwen25_15b,306,msc_valid,4,lexical_tfidf,0.35,16,3.59375,57.5,3.390625,54.25,0.203125,3.25
qwen25_15b,306,msc_valid,4,recency_keep_compress_drop,0.35,16,3.59375,57.5,3.390625,54.25,0.203125,3.25
qwen25_15b,306,msc_valid,4,uniform,0.5,16,3.59375,57.5,3.390625,54.25,0.203125,3.25
qwen25_15b,306,msc_valid,4,longllmlingua,0.5,16,2.984375,47.75,3.390625,54.25,-0.40625,-6.5
qwen25_15b,306,msc_valid,4,recency,0.5,16,3.59375,57.5,3.390625,54.25,0.203125,3.25
qwen25_15b,306,msc_valid,4,lexical_tfidf,0.5,16,3.59375,57.5,3.390625,54.25,0.203125,3.25
qwen25_15b,306,msc_valid,4,recency_keep_compress_drop,0.5,16,3.59375,57.5,3.390625,54.25,0.203125,3.25
qwen25_15b,306,msc_valid,6,uniform,0.2,19,2.8289473684210527,53.75,2.5921052631578947,49.25,0.23684210526315796,4.5
qwen25_15b,306,msc_valid,6,longllmlingua,0.2,19,2.5526315789473686,48.5,2.5921052631578947,49.25,-0.039473684210526105,-0.75
qwen25_15b,306,msc_valid,6,recency,0.2,19,2.8289473684210527,53.75,2.5921052631578947,49.25,0.23684210526315796,4.5
qwen25_15b,306,msc_valid,6,lexical_tfidf,0.2,19,2.8289473684210527,53.75,2.5921052631578947,49.25,0.23684210526315796,4.5
qwen25_15b,306,msc_valid,6,recency_keep_compress_drop,0.2,19,2.8289473684210527,53.75,2.5921052631578947,49.25,0.23684210526315796,4.5
qwen25_15b,306,msc_valid,6,uniform,0.35,19,3.039473684210526,57.75,2.5921052631578947,49.25,0.4473684210526314,8.5
qwen25_15b,306,msc_valid,6,longllmlingua,0.35,19,2.5789473684210527,49.0,2.5921052631578947,49.25,-0.013157894736842035,-0.25
qwen25_15b,306,msc_valid,6,recency,0.35,19,2.763157894736842,52.5,2.5921052631578947,49.25,0.17105263157894735,3.25
qwen25_15b,306,msc_valid,6,lexical_tfidf,0.35,19,2.8157894736842106,53.5,2.5921052631578947,49.25,0.22368421052631593,4.25
qwen25_15b,306,msc_valid,6,recency_keep_compress_drop,0.35,19,2.763157894736842,52.5,2.5921052631578947,49.25,0.17105263157894735,3.25
qwen25_15b,306,msc_valid,6,uniform,0.5,19,3.039473684210526,57.75,2.5921052631578947,49.25,0.4473684210526314,8.5
qwen25_15b,306,msc_valid,6,longllmlingua,0.5,19,2.539473684210526,48.25,2.5921052631578947,49.25,-0.052631578947368585,-1.0
qwen25_15b,306,msc_valid,6,recency,0.5,19,2.6710526315789473,50.75,2.5921052631578947,49.25,0.07894736842105265,1.5
qwen25_15b,306,msc_valid,6,lexical_tfidf,0.5,19,2.8289473684210527,53.75,2.5921052631578947,49.25,0.23684210526315796,4.5
qwen25_15b,306,msc_valid,6,recency_keep_compress_drop,0.5,19,2.736842105263158,52.0,2.5921052631578947,49.25,0.14473684210526327,2.75
qwen25_15b,306,msc_valid,8,uniform,0.2,11,3.8636363636363638,42.5,3.6363636363636362,40.0,0.22727272727272751,2.5
qwen25_15b,306,msc_valid,8,longllmlingua,0.2,11,3.4545454545454546,38.0,3.6363636363636362,40.0,-0.18181818181818166,-2.0
qwen25_15b,306,msc_valid,8,recency,0.2,11,3.909090909090909,43.0,3.6363636363636362,40.0,0.27272727272727293,3.0
qwen25_15b,306,msc_valid,8,lexical_tfidf,0.2,11,3.8636363636363638,42.5,3.6363636363636362,40.0,0.22727272727272751,2.5
qwen25_15b,306,msc_valid,8,recency_keep_compress_drop,0.2,11,3.909090909090909,43.0,3.6363636363636362,40.0,0.27272727272727293,3.0
qwen25_15b,306,msc_valid,8,uniform,0.35,11,4.045454545454546,44.5,3.6363636363636362,40.0,0.4090909090909096,4.5
qwen25_15b,306,msc_valid,8,longllmlingua,0.35,11,3.409090909090909,37.5,3.6363636363636362,40.0,-0.22727272727272707,-2.5
qwen25_15b,306,msc_valid,8,recency,0.35,11,3.8636363636363638,42.5,3.6363636363636362,40.0,0.22727272727272751,2.5
qwen25_15b,306,msc_valid,8,lexical_tfidf,0.35,11,3.727272727272727,41.0,3.6363636363636362,40.0,0.09090909090909083,1.0
qwen25_15b,306,msc_valid,8,recency_keep_compress_drop,0.35,11,3.909090909090909,43.0,3.6363636363636362,40.0,0.27272727272727293,3.0
qwen25_15b,306,msc_valid,8,uniform,0.5,11,3.8863636363636362,42.75,3.6363636363636362,40.0,0.25,2.75
qwen25_15b,306,msc_valid,8,longllmlingua,0.5,11,3.25,35.75,3.6363636363636362,40.0,-0.38636363636363624,-4.25
qwen25_15b,306,msc_valid,8,recency,0.5,11,3.75,41.25,3.6363636363636362,40.0,0.11363636363636376,1.25
qwen25_15b,306,msc_valid,8,lexical_tfidf,0.5,11,3.8181818181818183,42.0,3.6363636363636362,40.0,0.1818181818181821,2.0
qwen25_15b,306,msc_valid,8,recency_keep_compress_drop,0.5,11,3.8181818181818183,42.0,3.6363636363636362,40.0,0.1818181818181821,2.0
qwen25_15b,306,msc_valid,10,uniform,0.2,11,1.0511363636363635,11.5625,1.0340909090909092,11.375,0.017045454545454364,0.1875
qwen25_15b,306,msc_valid,10,longllmlingua,0.2,11,0.7613636363636364,8.375,1.0340909090909092,11.375,-0.2727272727272728,-3.0
qwen25_15b,306,msc_valid,10,recency,0.2,11,1.1420454545454546,12.5625,1.0340909090909092,11.375,0.10795454545454541,1.1875
qwen25_15b,306,msc_valid,10,lexical_tfidf,0.2,11,1.1420454545454546,12.5625,1.0340909090909092,11.375,0.10795454545454541,1.1875
qwen25_15b,306,msc_valid,10,recency_keep_compress_drop,0.2,11,0.9886363636363636,10.875,1.0340909090909092,11.375,-0.045454545454545525,-0.5
qwen25_15b,306,msc_valid,10,uniform,0.35,11,1.0170454545454546,11.1875,1.0340909090909092,11.375,-0.017045454545454586,-0.1875
qwen25_15b,306,msc_valid,10,longllmlingua,0.35,11,0.8238636363636364,9.0625,1.0340909090909092,11.375,-0.21022727272727282,-2.3125
qwen25_15b,306,msc_valid,10,recency,0.35,11,1.0909090909090908,12.0,1.0340909090909092,11.375,0.05681818181818166,0.625
qwen25_15b,306,msc_valid,10,lexical_tfidf,0.35,11,0.9261363636363636,10.1875,1.0340909090909092,11.375,-0.10795454545454553,-1.1875
qwen25_15b,306,msc_valid,10,recency_keep_compress_drop,0.35,11,0.8863636363636364,9.75,1.0340909090909092,11.375,-0.14772727272727282,-1.625
qwen25_15b,306,msc_valid,10,uniform,0.5,11,1.0113636363636365,11.125,1.0340909090909092,11.375,-0.022727272727272707,-0.25
qwen25_15b,306,msc_valid,10,longllmlingua,0.5,11,0.7954545454545454,8.75,1.0340909090909092,11.375,-0.23863636363636376,-2.625
qwen25_15b,306,msc_valid,10,recency,0.5,11,1.0511363636363635,11.5625,1.0340909090909092,11.375,0.017045454545454364,0.1875
qwen25_15b,306,msc_valid,10,lexical_tfidf,0.5,11,0.9659090909090909,10.625,1.0340909090909092,11.375,-0.06818181818181823,-0.75
qwen25_15b,306,msc_valid,10,recency_keep_compress_drop,0.5,11,0.9545454545454546,10.5,1.0340909090909092,11.375,-0.07954545454545459,-0.875
qwen25_15b,306,msc_valid,12,uniform,0.2,11,3.3636363636363638,37.0,2.227272727272727,24.5,1.1363636363636367,12.5
qwen25_15b,306,msc_valid,12,longllmlingua,0.2,11,2.25,24.75,2.227272727272727,24.5,0.02272727272727293,0.25
qwen25_15b,306,msc_valid,12,recency,0.2,11,3.7045454545454546,40.75,2.227272727272727,24.5,1.4772727272727275,16.25
qwen25_15b,306,msc_valid,12,lexical_tfidf,0.2,11,3.0454545454545454,33.5,2.227272727272727,24.5,0.8181818181818183,9.0
qwen25_15b,306,msc_valid,12,recency_keep_compress_drop,0.2,11,3.022727272727273,33.25,2.227272727272727,24.5,0.7954545454545459,8.75
qwen25_15b,306,msc_valid,12,uniform,0.35,11,2.6818181818181817,29.5,2.227272727272727,24.5,0.4545454545454546,5.0
qwen25_15b,306,msc_valid,12,longllmlingua,0.35,11,1.9204545454545454,21.125,2.227272727272727,24.5,-0.30681818181818166,-3.375
qwen25_15b,306,msc_valid,12,recency,0.35,11,2.75,30.25,2.227272727272727,24.5,0.5227272727272729,5.75
qwen25_15b,306,msc_valid,12,lexical_tfidf,0.35,11,2.8181818181818183,31.0,2.227272727272727,24.5,0.5909090909090913,6.5
qwen25_15b,306,msc_valid,12,recency_keep_compress_drop,0.35,11,2.352272727272727,25.875,2.227272727272727,24.5,0.125,1.375
qwen25_15b,306,msc_valid,12,uniform,0.5,11,2.5113636363636362,27.625,2.227272727272727,24.5,0.28409090909090917,3.125
qwen25_15b,306,msc_valid,12,longllmlingua,0.5,11,2.227272727272727,24.5,2.227272727272727,24.5,0.0,0.0
qwen25_15b,306,msc_valid,12,recency,0.5,11,2.4886363636363638,27.375,2.227272727272727,24.5,0.2613636363636367,2.875
qwen25_15b,306,msc_valid,12,lexical_tfidf,0.5,11,2.125,23.375,2.227272727272727,24.5,-0.10227272727272707,-1.125
qwen25_15b,306,msc_valid,12,recency_keep_compress_drop,0.5,11,2.409090909090909,26.5,2.227272727272727,24.5,0.1818181818181821,2.0
qwen25_15b,306,msc_valid,14,uniform,0.2,11,3.522727272727273,38.75,2.8636363636363638,31.5,0.6590909090909092,7.25
qwen25_15b,306,msc_valid,14,longllmlingua,0.2,11,3.1136363636363638,34.25,2.8636363636363638,31.5,0.25,2.75
qwen25_15b,306,msc_valid,14,recency,0.2,11,3.6363636363636362,40.0,2.8636363636363638,31.5,0.7727272727272725,8.5
qwen25_15b,306,msc_valid,14,lexical_tfidf,0.2,11,2.7613636363636362,30.375,2.8636363636363638,31.5,-0.10227272727272751,-1.125
qwen25_15b,306,msc_valid,14,recency_keep_compress_drop,0.2,11,3.6363636363636362,40.0,2.8636363636363638,31.5,0.7727272727272725,8.5
qwen25_15b,306,msc_valid,14,uniform,0.35,11,3.0681818181818183,33.75,2.8636363636363638,31.5,0.20454545454545459,2.25
qwen25_15b,306,msc_valid,14,longllmlingua,0.35,11,3.022727272727273,33.25,2.8636363636363638,31.5,0.15909090909090917,1.75
qwen25_15b,306,msc_valid,14,recency,0.35,11,3.340909090909091,36.75,2.8636363636363638,31.5,0.47727272727272707,5.25
qwen25_15b,306,msc_valid,14,lexical_tfidf,0.35,11,2.465909090909091,27.125,2.8636363636363638,31.5,-0.39772727272727293,-4.375
qwen25_15b,306,msc_valid,14,recency_keep_compress_drop,0.35,11,2.8181818181818183,31.0,2.8636363636363638,31.5,-0.045454545454545414,-0.5
qwen25_15b,306,msc_valid,14,uniform,0.5,11,2.8181818181818183,31.0,2.8636363636363638,31.5,-0.045454545454545414,-0.5
qwen25_15b,306,msc_valid,14,longllmlingua,0.5,11,2.875,31.625,2.8636363636363638,31.5,0.011363636363636243,0.125
qwen25_15b,306,msc_valid,14,recency,0.5,11,3.2954545454545454,36.25,2.8636363636363638,31.5,0.43181818181818166,4.75
qwen25_15b,306,msc_valid,14,lexical_tfidf,0.5,11,2.659090909090909,29.25,2.8636363636363638,31.5,-0.20454545454545459,-2.25
qwen25_15b,306,msc_valid,14,recency_keep_compress_drop,0.5,11,2.9318181818181817,32.25,2.8636363636363638,31.5,0.0681818181818179,0.75
qwen25_15b,349,msc_valid,4,uniform,0.2,20,2.675,53.5,2.5125,50.25,0.16249999999999964,3.25
qwen25_15b,349,msc_valid,4,longllmlingua,0.2,20,2.4875,49.75,2.5125,50.25,-0.025000000000000355,-0.5
qwen25_15b,349,msc_valid,4,recency,0.2,20,2.675,53.5,2.5125,50.25,0.16249999999999964,3.25
qwen25_15b,349,msc_valid,4,lexical_tfidf,0.2,20,2.675,53.5,2.5125,50.25,0.16249999999999964,3.25
qwen25_15b,349,msc_valid,4,recency_keep_compress_drop,0.2,20,2.675,53.5,2.5125,50.25,0.16249999999999964,3.25
qwen25_15b,349,msc_valid,4,uniform,0.35,20,2.7,54.0,2.5125,50.25,0.1875,3.75
qwen25_15b,349,msc_valid,4,longllmlingua,0.35,20,2.6625,53.25,2.5125,50.25,0.1499999999999999,3.0
qwen25_15b,349,msc_valid,4,recency,0.35,20,2.7,54.0,2.5125,50.25,0.1875,3.75
qwen25_15b,349,msc_valid,4,lexical_tfidf,0.35,20,2.7,54.0,2.5125,50.25,0.1875,3.75
qwen25_15b,349,msc_valid,4,recency_keep_compress_drop,0.35,20,2.7,54.0,2.5125,50.25,0.1875,3.75
qwen25_15b,349,msc_valid,4,uniform,0.5,20,2.7,54.0,2.5125,50.25,0.1875,3.75
qwen25_15b,349,msc_valid,4,longllmlingua,0.5,20,2.6875,53.75,2.5125,50.25,0.17499999999999982,3.5
qwen25_15b,349,msc_valid,4,recency,0.5,20,2.7,54.0,2.5125,50.25,0.1875,3.75
qwen25_15b,349,msc_valid,4,lexical_tfidf,0.5,20,2.7,54.0,2.5125,50.25,0.1875,3.75
qwen25_15b,349,msc_valid,4,recency_keep_compress_drop,0.5,20,2.7,54.0,2.5125,50.25,0.1875,3.75
qwen25_15b,349,msc_valid,6,uniform,0.2,23,3.8043478260869565,87.5,3.652173913043478,84.0,0.1521739130434785,3.5
qwen25_15b,349,msc_valid,6,longllmlingua,0.2,23,3.3260869565217392,76.5,3.652173913043478,84.0,-0.3260869565217388,-7.5
qwen25_15b,349,msc_valid,6,recency,0.2,23,3.6739130434782608,84.5,3.652173913043478,84.0,0.021739130434782705,0.5
qwen25_15b,349,msc_valid,6,lexical_tfidf,0.2,23,3.8043478260869565,87.5,3.652173913043478,84.0,0.1521739130434785,3.5
qwen25_15b,349,msc_valid,6,recency_keep_compress_drop,0.2,23,3.6739130434782608,84.5,3.652173913043478,84.0,0.021739130434782705,0.5
qwen25_15b,349,msc_valid,6,uniform,0.35,23,4.065217391304348,93.5,3.652173913043478,84.0,0.4130434782608696,9.5
qwen25_15b,349,msc_valid,6,longllmlingua,0.35,23,3.5,80.5,3.652173913043478,84.0,-0.15217391304347805,-3.5
qwen25_15b,349,msc_valid,6,recency,0.35,23,3.6739130434782608,84.5,3.652173913043478,84.0,0.021739130434782705,0.5
qwen25_15b,349,msc_valid,6,lexical_tfidf,0.35,23,3.8043478260869565,87.5,3.652173913043478,84.0,0.1521739130434785,3.5
qwen25_15b,349,msc_valid,6,recency_keep_compress_drop,0.35,23,3.6739130434782608,84.5,3.652173913043478,84.0,0.021739130434782705,0.5
qwen25_15b,349,msc_valid,6,uniform,0.5,23,4.130434782608695,95.0,3.652173913043478,84.0,0.4782608695652173,11.0
qwen25_15b,349,msc_valid,6,longllmlingua,0.5,23,3.369565217391304,77.5,3.652173913043478,84.0,-0.28260869565217384,-6.5
qwen25_15b,349,msc_valid,6,recency,0.5,23,3.369565217391304,77.5,3.652173913043478,84.0,-0.28260869565217384,-6.5
qwen25_15b,349,msc_valid,6,lexical_tfidf,0.5,23,4.130434782608695,95.0,3.652173913043478,84.0,0.4782608695652173,11.0
qwen25_15b,349,msc_valid,6,recency_keep_compress_drop,0.5,23,3.739130434782609,86.0,3.652173913043478,84.0,0.08695652173913082,2.0
qwen25_15b,349,msc_valid,8,uniform,0.2,8,4.28125,34.25,3.96875,31.75,0.3125,2.5
qwen25_15b,349,msc_valid,8,longllmlingua,0.2,8,3.953125,31.625,3.96875,31.75,-0.015625,-0.125
qwen25_15b,349,msc_valid,8,recency,0.2,8,4.125,33.0,3.96875,31.75,0.15625,1.25
qwen25_15b,349,msc_valid,8,lexical_tfidf,0.2,8,4.125,33.0,3.96875,31.75,0.15625,1.25
qwen25_15b,349,msc_valid,8,recency_keep_compress_drop,0.2,8,4.09375,32.75,3.96875,31.75,0.125,1.0
qwen25_15b,349,msc_valid,8,uniform,0.35,8,4.125,33.0,3.96875,31.75,0.15625,1.25
qwen25_15b,349,msc_valid,8,longllmlingua,0.35,8,3.625,29.0,3.96875,31.75,-0.34375,-2.75
qwen25_15b,349,msc_valid,8,recency,0.35,8,3.953125,31.625,3.96875,31.75,-0.015625,-0.125
qwen25_15b,349,msc_valid,8,lexical_tfidf,0.35,8,4.03125,32.25,3.96875,31.75,0.0625,0.5
qwen25_15b,349,msc_valid,8,recency_keep_compress_drop,0.35,8,4.25,34.0,3.96875,31.75,0.28125,2.25
qwen25_15b,349,msc_valid,8,uniform,0.5,8,4.0,32.0,3.96875,31.75,0.03125,0.25
qwen25_15b,349,msc_valid,8,longllmlingua,0.5,8,4.0625,32.5,3.96875,31.75,0.09375,0.75
qwen25_15b,349,msc_valid,8,recency,0.5,8,4.15625,33.25,3.96875,31.75,0.1875,1.5
qwen25_15b,349,msc_valid,8,lexical_tfidf,0.5,8,4.0,32.0,3.96875,31.75,0.03125,0.25
qwen25_15b,349,msc_valid,8,recency_keep_compress_drop,0.5,8,4.25,34.0,3.96875,31.75,0.28125,2.25
qwen25_15b,349,msc_valid,10,uniform,0.2,12,4.916666666666667,59.0,4.166666666666667,50.0,0.75,9.0
qwen25_15b,349,msc_valid,10,longllmlingua,0.2,12,4.375,52.5,4.166666666666667,50.0,0.20833333333333304,2.5
qwen25_15b,349,msc_valid,10,recency,0.2,12,4.875,58.5,4.166666666666667,50.0,0.708333333333333,8.5
qwen25_15b,349,msc_valid,10,lexical_tfidf,0.2,12,4.875,58.5,4.166666666666667,50.0,0.708333333333333,8.5
qwen25_15b,349,msc_valid,10,recency_keep_compress_drop,0.2,12,4.729166666666667,56.75,4.166666666666667,50.0,0.5625,6.75
qwen25_15b,349,msc_valid,10,uniform,0.35,12,4.583333333333333,55.0,4.166666666666667,50.0,0.4166666666666661,5.0
qwen25_15b,349,msc_valid,10,longllmlingua,0.35,12,4.375,52.5,4.166666666666667,50.0,0.20833333333333304,2.5
qwen25_15b,349,msc_valid,10,recency,0.35,12,4.770833333333333,57.25,4.166666666666667,50.0,0.6041666666666661,7.25
qwen25_15b,349,msc_valid,10,lexical_tfidf,0.35,12,4.958333333333333,59.5,4.166666666666667,50.0,0.7916666666666661,9.5
qwen25_15b,349,msc_valid,10,recency_keep_compress_drop,0.35,12,4.958333333333333,59.5,4.166666666666667,50.0,0.7916666666666661,9.5
qwen25_15b,349,msc_valid,10,uniform,0.5,12,4.479166666666667,53.75,4.166666666666667,50.0,0.3125,3.75
qwen25_15b,349,msc_valid,10,longllmlingua,0.5,12,4.270833333333333,51.25,4.166666666666667,50.0,0.10416666666666607,1.25
qwen25_15b,349,msc_valid,10,recency,0.5,12,4.666666666666667,56.0,4.166666666666667,50.0,0.5,6.0
qwen25_15b,349,msc_valid,10,lexical_tfidf,0.5,12,4.8125,57.75,4.166666666666667,50.0,0.645833333333333,7.75
qwen25_15b,349,msc_valid,10,recency_keep_compress_drop,0.5,12,4.9375,59.25,4.166666666666667,50.0,0.770833333333333,9.25
qwen25_15b,349,msc_valid,12,uniform,0.2,20,4.65,93.0,2.4875,49.75,2.1625000000000005,43.25
qwen25_15b,349,msc_valid,12,longllmlingua,0.2,20,3.25,65.0,2.4875,49.75,0.7625000000000002,15.25
qwen25_15b,349,msc_valid,12,recency,0.2,20,5.025,100.5,2.4875,49.75,2.5375000000000005,50.75
qwen25_15b,349,msc_valid,12,lexical_tfidf,0.2,20,4.525,90.5,2.4875,49.75,2.0375000000000005,40.75
qwen25_15b,349,msc_valid,12,recency_keep_compress_drop,0.2,20,4.475,89.5,2.4875,49.75,1.9874999999999998,39.75
qwen25_15b,349,msc_valid,12,uniform,0.35,20,4.1,82.0,2.4875,49.75,1.6124999999999998,32.25
qwen25_15b,349,msc_valid,12,longllmlingua,0.35,20,3.3,66.0,2.4875,49.75,0.8125,16.25
qwen25_15b,349,msc_valid,12,recency,0.35,20,4.075,81.5,2.4875,49.75,1.5875000000000004,31.75
qwen25_15b,349,msc_valid,12,lexical_tfidf,0.35,20,4.1,82.0,2.4875,49.75,1.6124999999999998,32.25
qwen25_15b,349,msc_valid,12,recency_keep_compress_drop,0.35,20,3.875,77.5,2.4875,49.75,1.3875000000000002,27.75
qwen25_15b,349,msc_valid,12,uniform,0.5,20,2.85,57.0,2.4875,49.75,0.36250000000000027,7.25
qwen25_15b,349,msc_valid,12,longllmlingua,0.5,20,2.9,58.0,2.4875,49.75,0.4125000000000001,8.25
qwen25_15b,349,msc_valid,12,recency,0.5,20,4.0,80.0,2.4875,49.75,1.5125000000000002,30.25
qwen25_15b,349,msc_valid,12,lexical_tfidf,0.5,20,2.85,57.0,2.4875,49.75,0.36250000000000027,7.25
qwen25_15b,349,msc_valid,12,recency_keep_compress_drop,0.5,20,2.975,59.5,2.4875,49.75,0.48750000000000027,9.75
qwen25_15b,349,msc_valid,14,uniform,0.2,11,3.25,35.75,1.9545454545454546,21.5,1.2954545454545454,14.25
qwen25_15b,349,msc_valid,14,longllmlingua,0.2,11,2.909090909090909,32.0,1.9545454545454546,21.5,0.9545454545454546,10.5
qwen25_15b,349,msc_valid,14,recency,0.2,11,2.852272727272727,31.375,1.9545454545454546,21.5,0.8977272727272725,9.875
qwen25_15b,349,msc_valid,14,lexical_tfidf,0.2,11,3.022727272727273,33.25,1.9545454545454546,21.5,1.0681818181818183,11.75
qwen25_15b,349,msc_valid,14,recency_keep_compress_drop,0.2,11,2.6704545454545454,29.375,1.9545454545454546,21.5,0.7159090909090908,7.875
qwen25_15b,349,msc_valid,14,uniform,0.35,11,2.8636363636363638,31.5,1.9545454545454546,21.5,0.9090909090909092,10.0
qwen25_15b,349,msc_valid,14,longllmlingua,0.35,11,2.6704545454545454,29.375,1.9545454545454546,21.5,0.7159090909090908,7.875
qwen25_15b,349,msc_valid,14,recency,0.35,11,2.75,30.25,1.9545454545454546,21.5,0.7954545454545454,8.75
qwen25_15b,349,msc_valid,14,lexical_tfidf,0.35,11,2.7613636363636362,30.375,1.9545454545454546,21.5,0.8068181818181817,8.875
qwen25_15b,349,msc_valid,14,recency_keep_compress_drop,0.35,11,2.715909090909091,29.875,1.9545454545454546,21.5,0.7613636363636362,8.375
qwen25_15b,349,msc_valid,14,uniform,0.5,11,2.625,28.875,1.9545454545454546,21.5,0.6704545454545454,7.375
qwen25_15b,349,msc_valid,14,longllmlingua,0.5,11,2.272727272727273,25.0,1.9545454545454546,21.5,0.31818181818181834,3.5
qwen25_15b,349,msc_valid,14,recency,0.5,11,2.6931818181818183,29.625,1.9545454545454546,21.5,0.7386363636363638,8.125
qwen25_15b,349,msc_valid,14,lexical_tfidf,0.5,11,2.7045454545454546,29.75,1.9545454545454546,21.5,0.75,8.25
qwen25_15b,349,msc_valid,14,recency_keep_compress_drop,0.5,11,2.4886363636363638,27.375,1.9545454545454546,21.5,0.5340909090909092,5.875
qwen25_15b,354,msc_valid,4,uniform,0.2,19,5.105263157894737,97.0,5.078947368421052,96.5,0.02631578947368496,0.5
qwen25_15b,354,msc_valid,4,longllmlingua,0.2,19,4.7368421052631575,90.0,5.078947368421052,96.5,-0.3421052631578947,-6.5
qwen25_15b,354,msc_valid,4,recency,0.2,19,5.105263157894737,97.0,5.078947368421052,96.5,0.02631578947368496,0.5
qwen25_15b,354,msc_valid,4,lexical_tfidf,0.2,19,5.105263157894737,97.0,5.078947368421052,96.5,0.02631578947368496,0.5
qwen25_15b,354,msc_valid,4,recency_keep_compress_drop,0.2,19,5.105263157894737,97.0,5.078947368421052,96.5,0.02631578947368496,0.5
qwen25_15b,354,msc_valid,4,uniform,0.35,19,4.947368421052632,94.0,5.078947368421052,96.5,-0.13157894736842035,-2.5
qwen25_15b,354,msc_valid,4,longllmlingua,0.35,19,4.842105263157895,92.0,5.078947368421052,96.5,-0.23684210526315752,-4.5
qwen25_15b,354,msc_valid,4,recency,0.35,19,4.947368421052632,94.0,5.078947368421052,96.5,-0.13157894736842035,-2.5
qwen25_15b,354,msc_valid,4,lexical_tfidf,0.35,19,4.947368421052632,94.0,5.078947368421052,96.5,-0.13157894736842035,-2.5
qwen25_15b,354,msc_valid,4,recency_keep_compress_drop,0.35,19,4.947368421052632,94.0,5.078947368421052,96.5,-0.13157894736842035,-2.5
qwen25_15b,354,msc_valid,4,uniform,0.5,19,4.947368421052632,94.0,5.078947368421052,96.5,-0.13157894736842035,-2.5
qwen25_15b,354,msc_valid,4,longllmlingua,0.5,19,4.657894736842105,88.5,5.078947368421052,96.5,-0.4210526315789469,-8.0
qwen25_15b,354,msc_valid,4,recency,0.5,19,4.947368421052632,94.0,5.078947368421052,96.5,-0.13157894736842035,-2.5
qwen25_15b,354,msc_valid,4,lexical_tfidf,0.5,19,4.947368421052632,94.0,5.078947368421052,96.5,-0.13157894736842035,-2.5
qwen25_15b,354,msc_valid,4,recency_keep_compress_drop,0.5,19,4.947368421052632,94.0,5.078947368421052,96.5,-0.13157894736842035,-2.5
qwen25_15b,354,msc_valid,8,uniform,0.2,14,4.232142857142857,59.25,4.017857142857143,56.25,0.21428571428571352,3.0
qwen25_15b,354,msc_valid,8,longllmlingua,0.2,14,4.107142857142857,57.5,4.017857142857143,56.25,0.08928571428571352,1.25
qwen25_15b,354,msc_valid,8,recency,0.2,14,4.142857142857143,58.0,4.017857142857143,56.25,0.125,1.75
qwen25_15b,354,msc_valid,8,lexical_tfidf,0.2,14,4.285714285714286,60.0,4.017857142857143,56.25,0.26785714285714235,3.75
qwen25_15b,354,msc_valid,8,recency_keep_compress_drop,0.2,14,4.142857142857143,58.0,4.017857142857143,56.25,0.125,1.75
qwen25_15b,354,msc_valid,8,uniform,0.35,14,4.410714285714286,61.75,4.017857142857143,56.25,0.39285714285714235,5.5
qwen25_15b,354,msc_valid,8,longllmlingua,0.35,14,4.089285714285714,57.25,4.017857142857143,56.25,0.07142857142857117,1.0
qwen25_15b,354,msc_valid,8,recency,0.35,14,3.9464285714285716,55.25,4.017857142857143,56.25,-0.07142857142857162,-1.0
qwen25_15b,354,msc_valid,8,lexical_tfidf,0.35,14,4.232142857142857,59.25,4.017857142857143,56.25,0.21428571428571352,3.0
qwen25_15b,354,msc_valid,8,recency_keep_compress_drop,0.35,14,4.107142857142857,57.5,4.017857142857143,56.25,0.08928571428571352,1.25
qwen25_15b,354,msc_valid,8,uniform,0.5,14,4.214285714285714,59.0,4.017857142857143,56.25,0.19642857142857117,2.75
qwen25_15b,354,msc_valid,8,longllmlingua,0.5,14,3.767857142857143,52.75,4.017857142857143,56.25,-0.25000000000000044,-3.5
qwen25_15b,354,msc_valid,8,recency,0.5,14,4.0,56.0,4.017857142857143,56.25,-0.017857142857143238,-0.25
qwen25_15b,354,msc_valid,8,lexical_tfidf,0.5,14,4.107142857142857,57.5,4.017857142857143,56.25,0.08928571428571352,1.25
qwen25_15b,354,msc_valid,8,recency_keep_compress_drop,0.5,14,4.071428571428571,57.0,4.017857142857143,56.25,0.05357142857142794,0.75
qwen25_15b,354,msc_valid,12,uniform,0.2,10,4.675,46.75,3.1875,31.875,1.4874999999999998,14.875
qwen25_15b,354,msc_valid,12,longllmlingua,0.2,10,4.45,44.5,3.1875,31.875,1.2625000000000002,12.625
qwen25_15b,354,msc_valid,12,recency,0.2,10,4.45,44.5,3.1875,31.875,1.2625000000000002,12.625
qwen25_15b,354,msc_valid,12,lexical_tfidf,0.2,10,4.1,41.0,3.1875,31.875,0.9124999999999996,9.125
qwen25_15b,354,msc_valid,12,recency_keep_compress_drop,0.2,10,4.45,44.5,3.1875,31.875,1.2625000000000002,12.625
qwen25_15b,354,msc_valid,12,uniform,0.35,10,4.2,42.0,3.1875,31.875,1.0125000000000002,10.125
qwen25_15b,354,msc_valid,12,longllmlingua,0.35,10,3.95,39.5,3.1875,31.875,0.7625000000000002,7.625
qwen25_15b,354,msc_valid,12,recency,0.35,10,3.425,34.25,3.1875,31.875,0.23749999999999982,2.375
qwen25_15b,354,msc_valid,12,lexical_tfidf,0.35,10,3.55,35.5,3.1875,31.875,0.3624999999999998,3.625
qwen25_15b,354,msc_valid,12,recency_keep_compress_drop,0.35,10,3.9,39.0,3.1875,31.875,0.7124999999999999,7.125
qwen25_15b,354,msc_valid,12,uniform,0.5,10,4.125,41.25,3.1875,31.875,0.9375,9.375
qwen25_15b,354,msc_valid,12,longllmlingua,0.5,10,3.475,34.75,3.1875,31.875,0.2875000000000001,2.875
qwen25_15b,354,msc_valid,12,recency,0.5,10,3.35,33.5,3.1875,31.875,0.1625000000000001,1.625
qwen25_15b,354,msc_valid,12,lexical_tfidf,0.5,10,3.375,33.75,3.1875,31.875,0.1875,1.875
qwen25_15b,354,msc_valid,12,recency_keep_compress_drop,0.5,10,3.375,33.75,3.1875,31.875,0.1875,1.875
qwen25_15b,354,msc_valid,16,uniform,0.2,13,3.019230769230769,39.25,2.9423076923076925,38.25,0.07692307692307665,1.0
qwen25_15b,354,msc_valid,16,longllmlingua,0.2,13,3.1923076923076925,41.5,2.9423076923076925,38.25,0.25,3.25
qwen25_15b,354,msc_valid,16,recency,0.2,13,3.0,39.0,2.9423076923076925,38.25,0.05769230769230749,0.75
qwen25_15b,354,msc_valid,16,lexical_tfidf,0.2,13,2.923076923076923,38.0,2.9423076923076925,38.25,-0.019230769230769607,-0.25
qwen25_15b,354,msc_valid,16,recency_keep_compress_drop,0.2,13,3.1346153846153846,40.75,2.9423076923076925,38.25,0.19230769230769207,2.5
qwen25_15b,354,msc_valid,16,uniform,0.35,13,3.0961538461538463,40.25,2.9423076923076925,38.25,0.15384615384615374,2.0
qwen25_15b,354,msc_valid,16,longllmlingua,0.35,13,3.1923076923076925,41.5,2.9423076923076925,38.25,0.25,3.25
qwen25_15b,354,msc_valid,16,recency,0.35,13,3.0,39.0,2.9423076923076925,38.25,0.05769230769230749,0.75
qwen25_15b,354,msc_valid,16,lexical_tfidf,0.35,13,2.8846153846153846,37.5,2.9423076923076925,38.25,-0.05769230769230793,-0.75
qwen25_15b,354,msc_valid,16,recency_keep_compress_drop,0.35,13,3.019230769230769,39.25,2.9423076923076925,38.25,0.07692307692307665,1.0
qwen25_15b,354,msc_valid,16,uniform,0.5,13,2.980769230769231,38.75,2.9423076923076925,38.25,0.038461538461538325,0.5
qwen25_15b,354,msc_valid,16,longllmlingua,0.5,13,3.0384615384615383,39.5,2.9423076923076925,38.25,0.09615384615384581,1.25
qwen25_15b,354,msc_valid,16,recency,0.5,13,2.923076923076923,38.0,2.9423076923076925,38.25,-0.019230769230769607,-0.25
qwen25_15b,354,msc_valid,16,lexical_tfidf,0.5,13,3.0,39.0,2.9423076923076925,38.25,0.05769230769230749,0.75
qwen25_15b,354,msc_valid,16,recency_keep_compress_drop,0.5,13,2.9423076923076925,38.25,2.9423076923076925,38.25,0.0,0.0
qwen25_15b,354,msc_valid,20,uniform,0.2,20,4.05,81.0,3.425,68.5,0.625,12.5
qwen25_15b,354,msc_valid,20,longllmlingua,0.2,20,3.925,78.5,3.425,68.5,0.5,10.0
qwen25_15b,354,msc_valid,20,recency,0.2,20,3.95,79.0,3.425,68.5,0.5250000000000004,10.5
qwen25_15b,354,msc_valid,20,lexical_tfidf,0.2,20,3.725,74.5,3.425,68.5,0.30000000000000027,6.0
qwen25_15b,354,msc_valid,20,recency_keep_compress_drop,0.2,20,3.95,79.0,3.425,68.5,0.5250000000000004,10.5
qwen25_15b,354,msc_valid,20,uniform,0.35,20,4.0,80.0,3.425,68.5,0.5750000000000002,11.5
qwen25_15b,354,msc_valid,20,longllmlingua,0.35,20,3.75,75.0,3.425,68.5,0.3250000000000002,6.5
qwen25_15b,354,msc_valid,20,recency,0.35,20,3.825,76.5,3.425,68.5,0.40000000000000036,8.0
qwen25_15b,354,msc_valid,20,lexical_tfidf,0.35,20,3.6,72.0,3.425,68.5,0.17500000000000027,3.5
qwen25_15b,354,msc_valid,20,recency_keep_compress_drop,0.35,20,3.725,74.5,3.425,68.5,0.30000000000000027,6.0
qwen25_15b,354,msc_valid,20,uniform,0.5,20,3.6,72.0,3.425,68.5,0.17500000000000027,3.5
qwen25_15b,354,msc_valid,20,longllmlingua,0.5,20,3.675,73.5,3.425,68.5,0.25,5.0
qwen25_15b,354,msc_valid,20,recency,0.5,20,3.525,70.5,3.425,68.5,0.10000000000000009,2.0
qwen25_15b,354,msc_valid,20,lexical_tfidf,0.5,20,3.55,71.0,3.425,68.5,0.125,2.5
qwen25_15b,354,msc_valid,20,recency_keep_compress_drop,0.5,20,3.575,71.5,3.425,68.5,0.15000000000000036,3.0
qwen25_15b,354,msc_valid,24,uniform,0.2,30,3.3833333333333333,101.5,3.2,96.0,0.18333333333333313,5.5
qwen25_15b,354,msc_valid,24,longllmlingua,0.2,30,3.35,100.5,3.2,96.0,0.1499999999999999,4.5
qwen25_15b,354,msc_valid,24,recency,0.2,30,3.466666666666667,104.0,3.2,96.0,0.2666666666666666,8.0
qwen25_15b,354,msc_valid,24,lexical_tfidf,0.2,30,3.283333333333333,98.5,3.2,96.0,0.08333333333333304,2.5
qwen25_15b,354,msc_valid,24,recency_keep_compress_drop,0.2,30,3.4833333333333334,104.5,3.2,96.0,0.2833333333333332,8.5
qwen25_15b,354,msc_valid,24,uniform,0.35,30,3.3333333333333335,100.0,3.2,96.0,0.1333333333333333,4.0
qwen25_15b,354,msc_valid,24,longllmlingua,0.35,30,3.1666666666666665,95.0,3.2,96.0,-0.03333333333333366,-1.0
qwen25_15b,354,msc_valid,24,recency,0.35,30,3.466666666666667,104.0,3.2,96.0,0.2666666666666666,8.0
qwen25_15b,354,msc_valid,24,lexical_tfidf,0.35,30,3.183333333333333,95.5,3.2,96.0,-0.01666666666666705,-0.5
qwen25_15b,354,msc_valid,24,recency_keep_compress_drop,0.35,30,3.4833333333333334,104.5,3.2,96.0,0.2833333333333332,8.5
qwen25_15b,354,msc_valid,24,uniform,0.5,30,3.3333333333333335,100.0,3.2,96.0,0.1333333333333333,4.0
qwen25_15b,354,msc_valid,24,longllmlingua,0.5,30,3.283333333333333,98.5,3.2,96.0,0.08333333333333304,2.5
qwen25_15b,354,msc_valid,24,recency,0.5,30,3.4833333333333334,104.5,3.2,96.0,0.2833333333333332,8.5
qwen25_15b,354,msc_valid,24,lexical_tfidf,0.5,30,3.2,96.0,3.2,96.0,0.0,0.0
qwen25_15b,354,msc_valid,24,recency_keep_compress_drop,0.5,30,3.4833333333333334,104.5,3.2,96.0,0.2833333333333332,8.5
qwen25_15b,354,msc_valid,28,uniform,0.2,15,1.575,23.625,1.775,26.625,-0.19999999999999996,-3.0
qwen25_15b,354,msc_valid,28,longllmlingua,0.2,15,1.6,24.0,1.775,26.625,-0.17499999999999982,-2.625
qwen25_15b,354,msc_valid,28,recency,0.2,15,1.55,23.25,1.775,26.625,-0.22499999999999987,-3.375
qwen25_15b,354,msc_valid,28,lexical_tfidf,0.2,15,1.6333333333333333,24.5,1.775,26.625,-0.1416666666666666,-2.125
qwen25_15b,354,msc_valid,28,recency_keep_compress_drop,0.2,15,1.5666666666666667,23.5,1.775,26.625,-0.20833333333333326,-3.125
qwen25_15b,354,msc_valid,28,uniform,0.35,15,1.475,22.125,1.775,26.625,-0.2999999999999998,-4.5
qwen25_15b,354,msc_valid,28,longllmlingua,0.35,15,1.5666666666666667,23.5,1.775,26.625,-0.20833333333333326,-3.125
qwen25_15b,354,msc_valid,28,recency,0.35,15,1.65,24.75,1.775,26.625,-0.125,-1.875
qwen25_15b,354,msc_valid,28,lexical_tfidf,0.35,15,1.8916666666666666,28.375,1.775,26.625,0.1166666666666667,1.75
qwen25_15b,354,msc_valid,28,recency_keep_compress_drop,0.35,15,1.675,25.125,1.775,26.625,-0.09999999999999987,-1.5
qwen25_15b,354,msc_valid,28,uniform,0.5,15,1.6,24.0,1.775,26.625,-0.17499999999999982,-2.625
qwen25_15b,354,msc_valid,28,longllmlingua,0.5,15,1.6,24.0,1.775,26.625,-0.17499999999999982,-2.625
qwen25_15b,354,msc_valid,28,recency,0.5,15,1.6333333333333333,24.5,1.775,26.625,-0.1416666666666666,-2.125
qwen25_15b,354,msc_valid,28,lexical_tfidf,0.5,15,1.8166666666666667,27.25,1.775,26.625,0.04166666666666674,0.625
qwen25_15b,354,msc_valid,28,recency_keep_compress_drop,0.5,15,1.6166666666666667,24.25,1.775,26.625,-0.15833333333333321,-2.375
qwen25_15b,354,msc_valid,32,uniform,0.2,31,2.564516129032258,79.5,2.4516129032258065,76.0,0.11290322580645151,3.5
qwen25_15b,354,msc_valid,32,longllmlingua,0.2,31,2.5,77.5,2.4516129032258065,76.0,0.048387096774193505,1.5
qwen25_15b,354,msc_valid,32,recency,0.2,31,2.4838709677419355,77.0,2.4516129032258065,76.0,0.032258064516129004,1.0
qwen25_15b,354,msc_valid,32,lexical_tfidf,0.2,31,2.435483870967742,75.5,2.4516129032258065,76.0,-0.016129032258064502,-0.5
qwen25_15b,354,msc_valid,32,recency_keep_compress_drop,0.2,31,2.4516129032258065,76.0,2.4516129032258065,76.0,0.0,0.0
qwen25_15b,354,msc_valid,32,uniform,0.35,31,2.435483870967742,75.5,2.4516129032258065,76.0,-0.016129032258064502,-0.5
qwen25_15b,354,msc_valid,32,longllmlingua,0.35,31,2.467741935483871,76.5,2.4516129032258065,76.0,0.016129032258064502,0.5
qwen25_15b,354,msc_valid,32,recency,0.35,31,2.467741935483871,76.5,2.4516129032258065,76.0,0.016129032258064502,0.5
qwen25_15b,354,msc_valid,32,lexical_tfidf,0.35,31,2.435483870967742,75.5,2.4516129032258065,76.0,-0.016129032258064502,-0.5
qwen25_15b,354,msc_valid,32,recency_keep_compress_drop,0.35,31,2.5483870967741935,79.0,2.4516129032258065,76.0,0.09677419354838701,3.0
qwen25_15b,354,msc_valid,32,uniform,0.5,31,2.3548387096774195,73.0,2.4516129032258065,76.0,-0.09677419354838701,-3.0
qwen25_15b,354,msc_valid,32,longllmlingua,0.5,31,2.564516129032258,79.5,2.4516129032258065,76.0,0.11290322580645151,3.5
qwen25_15b,354,msc_valid,32,recency,0.5,31,2.4838709677419355,77.0,2.4516129032258065,76.0,0.032258064516129004,1.0
qwen25_15b,354,msc_valid,32,lexical_tfidf,0.5,31,2.5161290322580645,78.0,2.4516129032258065,76.0,0.06451612903225801,2.0
qwen25_15b,354,msc_valid,32,recency_keep_compress_drop,0.5,31,2.435483870967742,75.5,2.4516129032258065,76.0,-0.016129032258064502,-0.5
qwen25_15b,354,msc_valid,34,uniform,0.2,22,3.7045454545454546,81.5,3.5454545454545454,78.0,0.15909090909090917,3.5
qwen25_15b,354,msc_valid,34,longllmlingua,0.2,22,3.840909090909091,84.5,3.5454545454545454,78.0,0.2954545454545454,6.5
qwen25_15b,354,msc_valid,34,recency,0.2,22,3.6363636363636362,80.0,3.5454545454545454,78.0,0.09090909090909083,2.0
qwen25_15b,354,msc_valid,34,lexical_tfidf,0.2,22,3.5681818181818183,78.5,3.5454545454545454,78.0,0.02272727272727293,0.5
qwen25_15b,354,msc_valid,34,recency_keep_compress_drop,0.2,22,3.6363636363636362,80.0,3.5454545454545454,78.0,0.09090909090909083,2.0
qwen25_15b,354,msc_valid,34,uniform,0.35,22,3.590909090909091,79.0,3.5454545454545454,78.0,0.045454545454545414,1.0
qwen25_15b,354,msc_valid,34,longllmlingua,0.35,22,3.7954545454545454,83.5,3.5454545454545454,78.0,0.25,5.5
qwen25_15b,354,msc_valid,34,recency,0.35,22,3.590909090909091,79.0,3.5454545454545454,78.0,0.045454545454545414,1.0
qwen25_15b,354,msc_valid,34,lexical_tfidf,0.35,22,3.5681818181818183,78.5,3.5454545454545454,78.0,0.02272727272727293,0.5
qwen25_15b,354,msc_valid,34,recency_keep_compress_drop,0.35,22,3.5681818181818183,78.5,3.5454545454545454,78.0,0.02272727272727293,0.5
qwen25_15b,354,msc_valid,34,uniform,0.5,22,3.5681818181818183,78.5,3.5454545454545454,78.0,0.02272727272727293,0.5
qwen25_15b,354,msc_valid,34,longllmlingua,0.5,22,3.659090909090909,80.5,3.5454545454545454,78.0,0.11363636363636376,2.5
qwen25_15b,354,msc_valid,34,recency,0.5,22,3.590909090909091,79.0,3.5454545454545454,78.0,0.045454545454545414,1.0
qwen25_15b,354,msc_valid,34,lexical_tfidf,0.5,22,3.3636363636363638,74.0,3.5454545454545454,78.0,-0.18181818181818166,-4.0
qwen25_15b,354,msc_valid,34,recency_keep_compress_drop,0.5,22,3.6136363636363638,79.5,3.5454545454545454,78.0,0.06818181818181834,1.5
qwen25_15b,354,msc_valid,38,uniform,0.2,16,2.625,42.0,0.0,0.0,2.625,42.0
qwen25_15b,354,msc_valid,38,longllmlingua,0.2,16,2.953125,47.25,0.0,0.0,2.953125,47.25
qwen25_15b,354,msc_valid,38,recency,0.2,16,2.328125,37.25,0.0,0.0,2.328125,37.25
qwen25_15b,354,msc_valid,38,lexical_tfidf,0.2,16,2.5625,41.0,0.0,0.0,2.5625,41.0
qwen25_15b,354,msc_valid,38,recency_keep_compress_drop,0.2,16,2.359375,37.75,0.0,0.0,2.359375,37.75
qwen25_15b,354,msc_valid,38,uniform,0.35,16,2.34375,37.5,0.0,0.0,2.34375,37.5
qwen25_15b,354,msc_valid,38,longllmlingua,0.35,16,2.578125,41.25,0.0,0.0,2.578125,41.25
qwen25_15b,354,msc_valid,38,recency,0.35,16,2.171875,34.75,0.0,0.0,2.171875,34.75
qwen25_15b,354,msc_valid,38,lexical_tfidf,0.35,16,2.171875,34.75,0.0,0.0,2.171875,34.75
qwen25_15b,354,msc_valid,38,recency_keep_compress_drop,0.35,16,2.34375,37.5,0.0,0.0,2.34375,37.5
qwen25_15b,354,msc_valid,38,uniform,0.5,16,2.21875,35.5,0.0,0.0,2.21875,35.5
qwen25_15b,354,msc_valid,38,longllmlingua,0.5,16,2.59375,41.5,0.0,0.0,2.59375,41.5
qwen25_15b,354,msc_valid,38,recency,0.5,16,2.09375,33.5,0.0,0.0,2.09375,33.5
qwen25_15b,354,msc_valid,38,lexical_tfidf,0.5,16,2.21875,35.5,0.0,0.0,2.21875,35.5
qwen25_15b,354,msc_valid,38,recency_keep_compress_drop,0.5,16,2.203125,35.25,0.0,0.0,2.203125,35.25
qwen25_15b,354,msc_valid,42,uniform,0.2,34,2.1470588235294117,73.0,0.0,0.0,2.1470588235294117,73.0
qwen25_15b,354,msc_valid,42,longllmlingua,0.2,34,2.088235294117647,71.0,0.0,0.0,2.088235294117647,71.0
qwen25_15b,354,msc_valid,42,recency,0.2,34,2.0588235294117645,70.0,0.0,0.0,2.0588235294117645,70.0
qwen25_15b,354,msc_valid,42,lexical_tfidf,0.2,34,2.1176470588235294,72.0,0.0,0.0,2.1176470588235294,72.0
qwen25_15b,354,msc_valid,42,recency_keep_compress_drop,0.2,34,2.0441176470588234,69.5,0.0,0.0,2.0441176470588234,69.5
qwen25_15b,354,msc_valid,42,uniform,0.35,34,2.1176470588235294,72.0,0.0,0.0,2.1176470588235294,72.0
qwen25_15b,354,msc_valid,42,longllmlingua,0.35,34,2.0441176470588234,69.5,0.0,0.0,2.0441176470588234,69.5
qwen25_15b,354,msc_valid,42,recency,0.35,34,2.0588235294117645,70.0,0.0,0.0,2.0588235294117645,70.0
qwen25_15b,354,msc_valid,42,lexical_tfidf,0.35,34,2.1029411764705883,71.5,0.0,0.0,2.1029411764705883,71.5
qwen25_15b,354,msc_valid,42,recency_keep_compress_drop,0.35,34,2.0588235294117645,70.0,0.0,0.0,2.0588235294117645,70.0
qwen25_15b,354,msc_valid,42,uniform,0.5,34,2.1470588235294117,73.0,0.0,0.0,2.1470588235294117,73.0
qwen25_15b,354,msc_valid,42,longllmlingua,0.5,34,2.0294117647058822,69.0,0.0,0.0,2.0294117647058822,69.0
qwen25_15b,354,msc_valid,42,recency,0.5,34,2.1029411764705883,71.5,0.0,0.0,2.1029411764705883,71.5
qwen25_15b,354,msc_valid,42,lexical_tfidf,0.5,34,2.088235294117647,71.0,0.0,0.0,2.088235294117647,71.0
qwen25_15b,354,msc_valid,42,recency_keep_compress_drop,0.5,34,2.088235294117647,71.0,0.0,0.0,2.088235294117647,71.0
qwen25_15b,354,msc_valid,46,uniform,0.2,74,2.2567567567567566,167.0,0.0,0.0,2.2567567567567566,167.0
qwen25_15b,354,msc_valid,46,longllmlingua,0.2,74,2.2027027027027026,163.0,0.0,0.0,2.2027027027027026,163.0
qwen25_15b,354,msc_valid,46,recency,0.2,74,2.22972972972973,165.0,0.0,0.0,2.22972972972973,165.0
qwen25_15b,354,msc_valid,46,lexical_tfidf,0.2,74,2.2432432432432434,166.0,0.0,0.0,2.2432432432432434,166.0
qwen25_15b,354,msc_valid,46,recency_keep_compress_drop,0.2,74,2.2432432432432434,166.0,0.0,0.0,2.2432432432432434,166.0
qwen25_15b,354,msc_valid,46,uniform,0.35,74,2.2567567567567566,167.0,0.0,0.0,2.2567567567567566,167.0
qwen25_15b,354,msc_valid,46,longllmlingua,0.35,74,2.189189189189189,162.0,0.0,0.0,2.189189189189189,162.0
qwen25_15b,354,msc_valid,46,recency,0.35,74,2.2567567567567566,167.0,0.0,0.0,2.2567567567567566,167.0
qwen25_15b,354,msc_valid,46,lexical_tfidf,0.35,74,2.27027027027027,168.0,0.0,0.0,2.27027027027027,168.0
qwen25_15b,354,msc_valid,46,recency_keep_compress_drop,0.35,74,2.2432432432432434,166.0,0.0,0.0,2.2432432432432434,166.0
qwen25_15b,354,msc_valid,46,uniform,0.5,74,2.2432432432432434,166.0,0.0,0.0,2.2432432432432434,166.0
qwen25_15b,354,msc_valid,46,longllmlingua,0.5,74,2.2162162162162162,164.0,0.0,0.0,2.2162162162162162,164.0
qwen25_15b,354,msc_valid,46,recency,0.5,74,2.2567567567567566,167.0,0.0,0.0,2.2567567567567566,167.0
qwen25_15b,354,msc_valid,46,lexical_tfidf,0.5,74,2.2432432432432434,166.0,0.0,0.0,2.2432432432432434,166.0
qwen25_15b,354,msc_valid,46,recency_keep_compress_drop,0.5,74,2.2567567567567566,167.0,0.0,0.0,2.2567567567567566,167.0
qwen25_15b,354,msc_valid,50,uniform,0.2,70,2.657142857142857,186.0,0.0,0.0,2.657142857142857,186.0
qwen25_15b,354,msc_valid,50,longllmlingua,0.2,70,2.7142857142857144,190.0,0.0,0.0,2.7142857142857144,190.0
qwen25_15b,354,msc_valid,50,recency,0.2,70,2.642857142857143,185.0,0.0,0.0,2.642857142857143,185.0
qwen25_15b,354,msc_valid,50,lexical_tfidf,0.2,70,2.6285714285714286,184.0,0.0,0.0,2.6285714285714286,184.0
qwen25_15b,354,msc_valid,50,recency_keep_compress_drop,0.2,70,2.642857142857143,185.0,0.0,0.0,2.642857142857143,185.0
qwen25_15b,354,msc_valid,50,uniform,0.35,70,2.642857142857143,185.0,0.0,0.0,2.642857142857143,185.0
qwen25_15b,354,msc_valid,50,longllmlingua,0.35,70,2.7,189.0,0.0,0.0,2.7,189.0
qwen25_15b,354,msc_valid,50,recency,0.35,63,2.761904761904762,174.0,0.0,0.0,2.761904761904762,174.0
qwen25_15b,354,msc_valid,50,lexical_tfidf,0.35,68,2.7058823529411766,184.0,0.0,0.0,2.7058823529411766,184.0
qwen25_15b,354,msc_valid,50,recency_keep_compress_drop,0.35,61,2.819672131147541,172.0,0.0,0.0,2.819672131147541,172.0
qwen25_15b,354,msc_valid,50,uniform,0.5,70,2.642857142857143,185.0,0.0,0.0,2.642857142857143,185.0
qwen25_15b,354,msc_valid,50,longllmlingua,0.5,70,2.7142857142857144,190.0,0.0,0.0,2.7142857142857144,190.0
qwen25_15b,354,msc_valid,50,recency,0.5,0,0.0,0.0,0.0,0.0,0.0,0.0
qwen25_15b,354,msc_valid,50,lexical_tfidf,0.5,0,0.0,0.0,0.0,0.0,0.0,0.0
qwen25_15b,354,msc_valid,50,recency_keep_compress_drop,0.5,0,0.0,0.0,0.0,0.0,0.0,0.0
qwen25_15b,354,msc_valid,54,uniform,0.2,42,2.630952380952381,110.5,0.0,0.0,2.630952380952381,110.5
qwen25_15b,354,msc_valid,54,longllmlingua,0.2,42,2.5714285714285716,108.0,0.0,0.0,2.5714285714285716,108.0
qwen25_15b,354,msc_valid,54,recency,0.2,11,2.034090909090909,22.375,0.0,0.0,2.034090909090909,22.375
qwen25_15b,354,msc_valid,54,lexical_tfidf,0.2,12,2.0625,24.75,0.0,0.0,2.0625,24.75
qwen25_15b,354,msc_valid,54,recency_keep_compress_drop,0.2,3,1.9166666666666667,5.75,0.0,0.0,1.9166666666666667,5.75
qwen25_15b,354,msc_valid,54,uniform,0.35,42,2.5833333333333335,108.5,0.0,0.0,2.5833333333333335,108.5
qwen25_15b,354,msc_valid,54,longllmlingua,0.35,42,2.4404761904761907,102.5,0.0,0.0,2.4404761904761907,102.5
qwen25_15b,354,msc_valid,54,recency,0.35,0,0.0,0.0,0.0,0.0,0.0,0.0
qwen25_15b,354,msc_valid,54,lexical_tfidf,0.35,0,0.0,0.0,0.0,0.0,0.0,0.0
qwen25_15b,354,msc_valid,54,recency_keep_compress_drop,0.35,0,0.0,0.0,0.0,0.0,0.0,0.0
qwen25_15b,354,msc_valid,54,uniform,0.5,42,2.5833333333333335,108.5,0.0,0.0,2.5833333333333335,108.5
qwen25_15b,354,msc_valid,54,longllmlingua,0.5,42,2.4166666666666665,101.5,0.0,0.0,2.4166666666666665,101.5
qwen25_15b,354,msc_valid,54,recency,0.5,0,0.0,0.0,0.0,0.0,0.0,0.0
qwen25_15b,354,msc_valid,54,lexical_tfidf,0.5,0,0.0,0.0,0.0,0.0,0.0,0.0
qwen25_15b,354,msc_valid,54,recency_keep_compress_drop,0.5,0,0.0,0.0,0.0,0.0,0.0,0.0
qwen25_15b,354,msc_valid,58,uniform,0.2,38,2.3552631578947367,89.5,0.0,0.0,2.3552631578947367,89.5
qwen25_15b,354,msc_valid,58,longllmlingua,0.2,38,2.3552631578947367,89.5,0.0,0.0,2.3552631578947367,89.5
qwen25_15b,354,msc_valid,58,recency,0.2,0,0.0,0.0,0.0,0.0,0.0,0.0
qwen25_15b,354,msc_valid,58,lexical_tfidf,0.2,0,0.0,0.0,0.0,0.0,0.0,0.0
qwen25_15b,354,msc_valid,58,recency_keep_compress_drop,0.2,0,0.0,0.0,0.0,0.0,0.0,0.0
qwen25_15b,354,msc_valid,58,uniform,0.35,38,2.3815789473684212,90.5,0.0,0.0,2.3815789473684212,90.5
qwen25_15b,354,msc_valid,58,longllmlingua,0.35,38,2.3157894736842106,88.0,0.0,0.0,2.3157894736842106,88.0
qwen25_15b,354,msc_valid,58,recency,0.35,0,0.0,0.0,0.0,0.0,0.0,0.0
qwen25_15b,354,msc_valid,58,lexical_tfidf,0.35,0,0.0,0.0,0.0,0.0,0.0,0.0
qwen25_15b,354,msc_valid,58,recency_keep_compress_drop,0.35,0,0.0,0.0,0.0,0.0,0.0,0.0
qwen25_15b,354,msc_valid,58,uniform,0.5,38,2.4210526315789473,92.0,0.0,0.0,2.4210526315789473,92.0
qwen25_15b,354,msc_valid,58,longllmlingua,0.5,38,2.3026315789473686,87.5,0.0,0.0,2.3026315789473686,87.5
qwen25_15b,354,msc_valid,58,recency,0.5,0,0.0,0.0,0.0,0.0,0.0,0.0
qwen25_15b,354,msc_valid,58,lexical_tfidf,0.5,0,0.0,0.0,0.0,0.0,0.0,0.0
qwen25_15b,354,msc_valid,58,recency_keep_compress_drop,0.5,0,0.0,0.0,0.0,0.0,0.0,0.0
qwen25_15b,354,msc_valid,62,uniform,0.2,44,2.522727272727273,111.0,0.0,0.0,2.522727272727273,111.0
qwen25_15b,354,msc_valid,62,longllmlingua,0.2,44,2.5,110.0,0.0,0.0,2.5,110.0
qwen25_15b,354,msc_valid,62,recency,0.2,0,0.0,0.0,0.0,0.0,0.0,0.0
qwen25_15b,354,msc_valid,62,lexical_tfidf,0.2,0,0.0,0.0,0.0,0.0,0.0,0.0
qwen25_15b,354,msc_valid,62,recency_keep_compress_drop,0.2,0,0.0,0.0,0.0,0.0,0.0,0.0
qwen25_15b,354,msc_valid,62,uniform,0.35,44,2.5568181818181817,112.5,0.0,0.0,2.5568181818181817,112.5
qwen25_15b,354,msc_valid,62,longllmlingua,0.35,44,2.4431818181818183,107.5,0.0,0.0,2.4431818181818183,107.5
qwen25_15b,354,msc_valid,62,recency,0.35,0,0.0,0.0,0.0,0.0,0.0,0.0
qwen25_15b,354,msc_valid,62,lexical_tfidf,0.35,0,0.0,0.0,0.0,0.0,0.0,0.0
qwen25_15b,354,msc_valid,62,recency_keep_compress_drop,0.35,0,0.0,0.0,0.0,0.0,0.0,0.0
qwen25_15b,354,msc_valid,62,uniform,0.5,44,2.4886363636363638,109.5,0.0,0.0,2.4886363636363638,109.5
qwen25_15b,354,msc_valid,62,longllmlingua,0.5,36,2.4305555555555554,87.5,0.0,0.0,2.4305555555555554,87.5
qwen25_15b,354,msc_valid,62,recency,0.5,0,0.0,0.0,0.0,0.0,0.0,0.0
qwen25_15b,354,msc_valid,62,lexical_tfidf,0.5,0,0.0,0.0,0.0,0.0,0.0,0.0
qwen25_15b,354,msc_valid,62,recency_keep_compress_drop,0.5,0,0.0,0.0,0.0,0.0,0.0,0.0
qwen25_15b,369,msc_valid,4,uniform,0.2,21,3.880952380952381,81.5,3.2857142857142856,69.0,0.5952380952380953,12.5
qwen25_15b,369,msc_valid,4,longllmlingua,0.2,21,3.3333333333333335,70.0,3.2857142857142856,69.0,0.047619047619047894,1.0
qwen25_15b,369,msc_valid,4,recency,0.2,21,3.880952380952381,81.5,3.2857142857142856,69.0,0.5952380952380953,12.5
qwen25_15b,369,msc_valid,4,lexical_tfidf,0.2,21,3.880952380952381,81.5,3.2857142857142856,69.0,0.5952380952380953,12.5
qwen25_15b,369,msc_valid,4,recency_keep_compress_drop,0.2,21,3.880952380952381,81.5,3.2857142857142856,69.0,0.5952380952380953,12.5
qwen25_15b,369,msc_valid,4,uniform,0.35,21,3.5714285714285716,75.0,3.2857142857142856,69.0,0.28571428571428603,6.0
qwen25_15b,369,msc_valid,4,longllmlingua,0.35,21,3.3095238095238093,69.5,3.2857142857142856,69.0,0.023809523809523725,0.5
qwen25_15b,369,msc_valid,4,recency,0.35,21,3.5714285714285716,75.0,3.2857142857142856,69.0,0.28571428571428603,6.0
qwen25_15b,369,msc_valid,4,lexical_tfidf,0.35,21,3.5714285714285716,75.0,3.2857142857142856,69.0,0.28571428571428603,6.0
qwen25_15b,369,msc_valid,4,recency_keep_compress_drop,0.35,21,3.5714285714285716,75.0,3.2857142857142856,69.0,0.28571428571428603,6.0
qwen25_15b,369,msc_valid,4,uniform,0.5,21,3.5714285714285716,75.0,3.2857142857142856,69.0,0.28571428571428603,6.0
qwen25_15b,369,msc_valid,4,longllmlingua,0.5,21,3.4523809523809526,72.5,3.2857142857142856,69.0,0.16666666666666696,3.5
qwen25_15b,369,msc_valid,4,recency,0.5,21,3.5714285714285716,75.0,3.2857142857142856,69.0,0.28571428571428603,6.0
qwen25_15b,369,msc_valid,4,lexical_tfidf,0.5,21,3.5714285714285716,75.0,3.2857142857142856,69.0,0.28571428571428603,6.0
qwen25_15b,369,msc_valid,4,recency_keep_compress_drop,0.5,21,3.5714285714285716,75.0,3.2857142857142856,69.0,0.28571428571428603,6.0
qwen25_15b,369,msc_valid,8,uniform,0.2,23,3.5,80.5,3.239130434782609,74.5,0.26086956521739113,6.0
qwen25_15b,369,msc_valid,8,longllmlingua,0.2,23,3.4347826086956523,79.0,3.239130434782609,74.5,0.19565217391304346,4.5
qwen25_15b,369,msc_valid,8,recency,0.2,23,3.5217391304347827,81.0,3.239130434782609,74.5,0.28260869565217384,6.5
qwen25_15b,369,msc_valid,8,lexical_tfidf,0.2,23,3.5,80.5,3.239130434782609,74.5,0.26086956521739113,6.0
qwen25_15b,369,msc_valid,8,recency_keep_compress_drop,0.2,23,3.5217391304347827,81.0,3.239130434782609,74.5,0.28260869565217384,6.5
qwen25_15b,369,msc_valid,8,uniform,0.35,23,3.4347826086956523,79.0,3.239130434782609,74.5,0.19565217391304346,4.5
qwen25_15b,369,msc_valid,8,longllmlingua,0.35,23,3.4782608695652173,80.0,3.239130434782609,74.5,0.23913043478260843,5.5
qwen25_15b,369,msc_valid,8,recency,0.35,23,3.4565217391304346,79.5,3.239130434782609,74.5,0.21739130434782572,5.0
qwen25_15b,369,msc_valid,8,lexical_tfidf,0.35,23,3.4782608695652173,80.0,3.239130434782609,74.5,0.23913043478260843,5.5
qwen25_15b,369,msc_valid,8,recency_keep_compress_drop,0.35,23,3.4565217391304346,79.5,3.239130434782609,74.5,0.21739130434782572,5.0
qwen25_15b,369,msc_valid,8,uniform,0.5,23,3.391304347826087,78.0,3.239130434782609,74.5,0.15217391304347805,3.5
qwen25_15b,369,msc_valid,8,longllmlingua,0.5,23,3.347826086956522,77.0,3.239130434782609,74.5,0.10869565217391308,2.5
qwen25_15b,369,msc_valid,8,recency,0.5,23,3.4130434782608696,78.5,3.239130434782609,74.5,0.17391304347826075,4.0
qwen25_15b,369,msc_valid,8,lexical_tfidf,0.5,23,3.4565217391304346,79.5,3.239130434782609,74.5,0.21739130434782572,5.0
qwen25_15b,369,msc_valid,8,recency_keep_compress_drop,0.5,23,3.4782608695652173,80.0,3.239130434782609,74.5,0.23913043478260843,5.5
qwen25_15b,369,msc_valid,12,uniform,0.2,19,3.1973684210526314,60.75,2.75,52.25,0.4473684210526314,8.5
qwen25_15b,369,msc_valid,12,longllmlingua,0.2,19,3.0,57.0,2.75,52.25,0.25,4.75
qwen25_15b,369,msc_valid,12,recency,0.2,19,3.0921052631578947,58.75,2.75,52.25,0.3421052631578947,6.5
qwen25_15b,369,msc_valid,12,lexical_tfidf,0.2,19,3.1184210526315788,59.25,2.75,52.25,0.36842105263157876,7.0
qwen25_15b,369,msc_valid,12,recency_keep_compress_drop,0.2,19,3.1447368421052633,59.75,2.75,52.25,0.3947368421052633,7.5
qwen25_15b,369,msc_valid,12,uniform,0.35,19,3.026315789473684,57.5,2.75,52.25,0.27631578947368407,5.25
qwen25_15b,369,msc_valid,12,longllmlingua,0.35,19,3.013157894736842,57.25,2.75,52.25,0.26315789473684204,5.0
qwen25_15b,369,msc_valid,12,recency,0.35,19,3.0526315789473686,58.0,2.75,52.25,0.3026315789473686,5.75
qwen25_15b,369,msc_valid,12,lexical_tfidf,0.35,19,3.0526315789473686,58.0,2.75,52.25,0.3026315789473686,5.75
qwen25_15b,369,msc_valid,12,recency_keep_compress_drop,0.35,19,3.1447368421052633,59.75,2.75,52.25,0.3947368421052633,7.5
qwen25_15b,369,msc_valid,12,uniform,0.5,19,3.0,57.0,2.75,52.25,0.25,4.75
qwen25_15b,369,msc_valid,12,longllmlingua,0.5,19,2.986842105263158,56.75,2.75,52.25,0.23684210526315796,4.5
qwen25_15b,369,msc_valid,12,recency,0.5,19,2.8947368421052633,55.0,2.75,52.25,0.14473684210526327,2.75
qwen25_15b,369,msc_valid,12,lexical_tfidf,0.5,19,2.9342105263157894,55.75,2.75,52.25,0.18421052631578938,3.5
qwen25_15b,369,msc_valid,12,recency_keep_compress_drop,0.5,19,3.013157894736842,57.25,2.75,52.25,0.26315789473684204,5.0
qwen25_15b,369,msc_valid,16,uniform,0.2,12,1.6145833333333333,19.375,1.3854166666666667,16.625,0.22916666666666652,2.75
qwen25_15b,369,msc_valid,16,longllmlingua,0.2,12,1.2760416666666667,15.3125,1.3854166666666667,16.625,-0.109375,-1.3125
qwen25_15b,369,msc_valid,16,recency,0.2,12,1.7083333333333333,20.5,1.3854166666666667,16.625,0.3229166666666665,3.875
qwen25_15b,369,msc_valid,16,lexical_tfidf,0.2,12,1.6458333333333333,19.75,1.3854166666666667,16.625,0.2604166666666665,3.125
qwen25_15b,369,msc_valid,16,recency_keep_compress_drop,0.2,12,1.6979166666666667,20.375,1.3854166666666667,16.625,0.3125,3.75
qwen25_15b,369,msc_valid,16,uniform,0.35,12,1.5,18.0,1.3854166666666667,16.625,0.11458333333333326,1.375
qwen25_15b,369,msc_valid,16,longllmlingua,0.35,12,1.328125,15.9375,1.3854166666666667,16.625,-0.05729166666666674,-0.6875
qwen25_15b,369,msc_valid,16,recency,0.35,12,1.6354166666666667,19.625,1.3854166666666667,16.625,0.25,3.0
qwen25_15b,369,msc_valid,16,lexical_tfidf,0.35,12,1.6354166666666667,19.625,1.3854166666666667,16.625,0.25,3.0
qwen25_15b,369,msc_valid,16,recency_keep_compress_drop,0.35,12,1.6666666666666667,20.0,1.3854166666666667,16.625,0.28125,3.375
qwen25_15b,369,msc_valid,16,uniform,0.5,12,1.40625,16.875,1.3854166666666667,16.625,0.02083333333333326,0.25
qwen25_15b,369,msc_valid,16,longllmlingua,0.5,12,1.28125,15.375,1.3854166666666667,16.625,-0.10416666666666674,-1.25
qwen25_15b,369,msc_valid,16,recency,0.5,12,1.5625,18.75,1.3854166666666667,16.625,0.17708333333333326,2.125
qwen25_15b,369,msc_valid,16,lexical_tfidf,0.5,12,1.5104166666666667,18.125,1.3854166666666667,16.625,0.125,1.5
qwen25_15b,369,msc_valid,16,recency_keep_compress_drop,0.5,12,1.6666666666666667,20.0,1.3854166666666667,16.625,0.28125,3.375
qwen25_15b,369,msc_valid,18,uniform,0.2,34,2.3088235294117645,78.5,2.1176470588235294,72.0,0.19117647058823506,6.5
qwen25_15b,369,msc_valid,18,longllmlingua,0.2,34,2.3088235294117645,78.5,2.1176470588235294,72.0,0.19117647058823506,6.5
qwen25_15b,369,msc_valid,18,recency,0.2,34,2.3676470588235294,80.5,2.1176470588235294,72.0,0.25,8.5
qwen25_15b,369,msc_valid,18,lexical_tfidf,0.2,34,2.3823529411764706,81.0,2.1176470588235294,72.0,0.2647058823529411,9.0
qwen25_15b,369,msc_valid,18,recency_keep_compress_drop,0.2,34,2.323529411764706,79.0,2.1176470588235294,72.0,0.20588235294117663,7.0
qwen25_15b,369,msc_valid,18,uniform,0.35,34,2.2794117647058822,77.5,2.1176470588235294,72.0,0.1617647058823528,5.5
qwen25_15b,369,msc_valid,18,longllmlingua,0.35,34,2.2941176470588234,78.0,2.1176470588235294,72.0,0.17647058823529393,6.0
qwen25_15b,369,msc_valid,18,recency,0.35,34,2.25,76.5,2.1176470588235294,72.0,0.13235294117647056,4.5
qwen25_15b,369,msc_valid,18,lexical_tfidf,0.35,34,2.264705882352941,77.0,2.1176470588235294,72.0,0.1470588235294117,5.0
qwen25_15b,369,msc_valid,18,recency_keep_compress_drop,0.35,34,2.264705882352941,77.0,2.1176470588235294,72.0,0.1470588235294117,5.0
qwen25_15b,369,msc_valid,18,uniform,0.5,34,2.264705882352941,77.0,2.1176470588235294,72.0,0.1470588235294117,5.0
qwen25_15b,369,msc_valid,18,longllmlingua,0.5,34,2.1911764705882355,74.5,2.1176470588235294,72.0,0.07352941176470607,2.5
qwen25_15b,369,msc_valid,18,recency,0.5,34,2.264705882352941,77.0,2.1176470588235294,72.0,0.1470588235294117,5.0
qwen25_15b,369,msc_valid,18,lexical_tfidf,0.5,34,2.25,76.5,2.1176470588235294,72.0,0.13235294117647056,4.5
qwen25_15b,369,msc_valid,18,recency_keep_compress_drop,0.5,34,2.2205882352941178,75.5,2.1176470588235294,72.0,0.10294117647058831,3.5
qwen25_15b,369,msc_valid,22,uniform,0.2,14,3.4107142857142856,47.75,3.607142857142857,50.5,-0.19642857142857162,-2.75
qwen25_15b,369,msc_valid,22,longllmlingua,0.2,14,4.392857142857143,61.5,3.607142857142857,50.5,0.785714285714286,11.0
qwen25_15b,369,msc_valid,22,recency,0.2,14,4.517857142857143,63.25,3.607142857142857,50.5,0.910714285714286,12.75
qwen25_15b,369,msc_valid,22,lexical_tfidf,0.2,14,3.9107142857142856,54.75,3.607142857142857,50.5,0.3035714285714284,4.25
qwen25_15b,369,msc_valid,22,recency_keep_compress_drop,0.2,14,4.142857142857143,58.0,3.607142857142857,50.5,0.535714285714286,7.5
qwen25_15b,369,msc_valid,22,uniform,0.35,14,3.4285714285714284,48.0,3.607142857142857,50.5,-0.17857142857142883,-2.5
qwen25_15b,369,msc_valid,22,longllmlingua,0.35,14,3.892857142857143,54.5,3.607142857142857,50.5,0.2857142857142856,4.0
qwen25_15b,369,msc_valid,22,recency,0.35,14,4.464285714285714,62.5,3.607142857142857,50.5,0.8571428571428572,12.0
qwen25_15b,369,msc_valid,22,lexical_tfidf,0.35,14,3.625,50.75,3.607142857142857,50.5,0.017857142857142794,0.25
qwen25_15b,369,msc_valid,22,recency_keep_compress_drop,0.35,14,3.517857142857143,49.25,3.607142857142857,50.5,-0.08928571428571441,-1.25
qwen25_15b,369,msc_valid,22,uniform,0.5,14,3.392857142857143,47.5,3.607142857142857,50.5,-0.2142857142857144,-3.0
qwen25_15b,369,msc_valid,22,longllmlingua,0.5,14,3.9107142857142856,54.75,3.607142857142857,50.5,0.3035714285714284,4.25
qwen25_15b,369,msc_valid,22,recency,0.5,14,4.035714285714286,56.5,3.607142857142857,50.5,0.4285714285714284,6.0
qwen25_15b,369,msc_valid,22,lexical_tfidf,0.5,14,3.482142857142857,48.75,3.607142857142857,50.5,-0.125,-1.75
qwen25_15b,369,msc_valid,22,recency_keep_compress_drop,0.5,14,3.642857142857143,51.0,3.607142857142857,50.5,0.03571428571428559,0.5
qwen25_15b,369,msc_valid,26,uniform,0.2,29,2.5689655172413794,74.5,2.413793103448276,70.0,0.15517241379310365,4.5
qwen25_15b,369,msc_valid,26,longllmlingua,0.2,29,2.5,72.5,2.413793103448276,70.0,0.0862068965517242,2.5
qwen25_15b,369,msc_valid,26,recency,0.2,29,2.4482758620689653,71.0,2.413793103448276,70.0,0.0344827586206895,1.0
qwen25_15b,369,msc_valid,26,lexical_tfidf,0.2,29,2.5517241379310347,74.0,2.413793103448276,70.0,0.1379310344827589,4.0
qwen25_15b,369,msc_valid,26,recency_keep_compress_drop,0.2,29,2.5,72.5,2.413793103448276,70.0,0.0862068965517242,2.5
qwen25_15b,369,msc_valid,26,uniform,0.35,29,2.5,72.5,2.413793103448276,70.0,0.0862068965517242,2.5
qwen25_15b,369,msc_valid,26,longllmlingua,0.35,29,2.5172413793103448,73.0,2.413793103448276,70.0,0.10344827586206895,3.0
qwen25_15b,369,msc_valid,26,recency,0.35,29,2.4827586206896552,72.0,2.413793103448276,70.0,0.06896551724137945,2.0
qwen25_15b,369,msc_valid,26,lexical_tfidf,0.35,29,2.5689655172413794,74.5,2.413793103448276,70.0,0.15517241379310365,4.5
qwen25_15b,369,msc_valid,26,recency_keep_compress_drop,0.35,29,2.4482758620689653,71.0,2.413793103448276,70.0,0.0344827586206895,1.0
qwen25_15b,369,msc_valid,26,uniform,0.5,29,2.4482758620689653,71.0,2.413793103448276,70.0,0.0344827586206895,1.0
qwen25_15b,369,msc_valid,26,longllmlingua,0.5,29,2.5517241379310347,74.0,2.413793103448276,70.0,0.1379310344827589,4.0
qwen25_15b,369,msc_valid,26,recency,0.5,29,2.5,72.5,2.413793103448276,70.0,0.0862068965517242,2.5
qwen25_15b,369,msc_valid,26,lexical_tfidf,0.5,29,2.4655172413793105,71.5,2.413793103448276,70.0,0.0517241379310347,1.5
qwen25_15b,369,msc_valid,26,recency_keep_compress_drop,0.5,29,2.4482758620689653,71.0,2.413793103448276,70.0,0.0344827586206895,1.0
qwen25_15b,369,msc_valid,30,uniform,0.2,50,3.16,158.0,3.18,159.0,-0.020000000000000018,-1.0
qwen25_15b,369,msc_valid,30,longllmlingua,0.2,50,3.1,155.0,3.18,159.0,-0.08000000000000007,-4.0
qwen25_15b,369,msc_valid,30,recency,0.2,50,3.1,155.0,3.18,159.0,-0.08000000000000007,-4.0
qwen25_15b,369,msc_valid,30,lexical_tfidf,0.2,50,3.16,158.0,3.18,159.0,-0.020000000000000018,-1.0
qwen25_15b,369,msc_valid,30,recency_keep_compress_drop,0.2,50,3.12,156.0,3.18,159.0,-0.06000000000000005,-3.0
qwen25_15b,369,msc_valid,30,uniform,0.35,50,3.18,159.0,3.18,159.0,0.0,0.0
qwen25_15b,369,msc_valid,30,longllmlingua,0.35,50,3.12,156.0,3.18,159.0,-0.06000000000000005,-3.0
qwen25_15b,369,msc_valid,30,recency,0.35,50,3.2,160.0,3.18,159.0,0.020000000000000018,1.0
qwen25_15b,369,msc_valid,30,lexical_tfidf,0.35,50,3.16,158.0,3.18,159.0,-0.020000000000000018,-1.0
qwen25_15b,369,msc_valid,30,recency_keep_compress_drop,0.35,50,3.12,156.0,3.18,159.0,-0.06000000000000005,-3.0
qwen25_15b,369,msc_valid,30,uniform,0.5,50,3.14,157.0,3.18,159.0,-0.040000000000000036,-2.0
qwen25_15b,369,msc_valid,30,longllmlingua,0.5,50,3.14,157.0,3.18,159.0,-0.040000000000000036,-2.0
qwen25_15b,369,msc_valid,30,recency,0.5,50,3.2,160.0,3.18,159.0,0.020000000000000018,1.0
qwen25_15b,369,msc_valid,30,lexical_tfidf,0.5,50,3.18,159.0,3.18,159.0,0.0,0.0
qwen25_15b,369,msc_valid,30,recency_keep_compress_drop,0.5,50,3.1,155.0,3.18,159.0,-0.08000000000000007,-4.0
qwen25_15b,369,msc_valid,34,uniform,0.2,59,2.542372881355932,150.0,0.0,0.0,2.542372881355932,150.0
qwen25_15b,369,msc_valid,34,longllmlingua,0.2,59,2.4745762711864407,146.0,0.0,0.0,2.4745762711864407,146.0
qwen25_15b,369,msc_valid,34,recency,0.2,59,2.610169491525424,154.0,0.0,0.0,2.610169491525424,154.0
qwen25_15b,369,msc_valid,34,lexical_tfidf,0.2,59,2.610169491525424,154.0,0.0,0.0,2.610169491525424,154.0
qwen25_15b,369,msc_valid,34,recency_keep_compress_drop,0.2,59,2.593220338983051,153.0,0.0,0.0,2.593220338983051,153.0
qwen25_15b,369,msc_valid,34,uniform,0.35,59,2.4915254237288136,147.0,0.0,0.0,2.4915254237288136,147.0
qwen25_15b,369,msc_valid,34,longllmlingua,0.35,59,2.457627118644068,145.0,0.0,0.0,2.457627118644068,145.0
qwen25_15b,369,msc_valid,34,recency,0.35,59,2.542372881355932,150.0,0.0,0.0,2.542372881355932,150.0
qwen25_15b,369,msc_valid,34,lexical_tfidf,0.35,59,2.593220338983051,153.0,0.0,0.0,2.593220338983051,153.0
qwen25_15b,369,msc_valid,34,recency_keep_compress_drop,0.35,59,2.457627118644068,145.0,0.0,0.0,2.457627118644068,145.0
qwen25_15b,369,msc_valid,34,uniform,0.5,59,2.5084745762711864,148.0,0.0,0.0,2.5084745762711864,148.0
qwen25_15b,369,msc_valid,34,longllmlingua,0.5,59,2.4915254237288136,147.0,0.0,0.0,2.4915254237288136,147.0
qwen25_15b,369,msc_valid,34,recency,0.5,59,2.5084745762711864,148.0,0.0,0.0,2.5084745762711864,148.0
qwen25_15b,369,msc_valid,34,lexical_tfidf,0.5,59,2.5254237288135593,149.0,0.0,0.0,2.5254237288135593,149.0
qwen25_15b,369,msc_valid,34,recency_keep_compress_drop,0.5,59,2.440677966101695,144.0,0.0,0.0,2.440677966101695,144.0
qwen25_15b,369,msc_valid,38,uniform,0.2,34,1.4852941176470589,50.5,0.0,0.0,1.4852941176470589,50.5
qwen25_15b,369,msc_valid,38,longllmlingua,0.2,34,1.4705882352941178,50.0,0.0,0.0,1.4705882352941178,50.0
qwen25_15b,369,msc_valid,38,recency,0.2,34,1.4779411764705883,50.25,0.0,0.0,1.4779411764705883,50.25
qwen25_15b,369,msc_valid,38,lexical_tfidf,0.2,34,1.463235294117647,49.75,0.0,0.0,1.463235294117647,49.75
qwen25_15b,369,msc_valid,38,recency_keep_compress_drop,0.2,34,1.4264705882352942,48.5,0.0,0.0,1.4264705882352942,48.5
qwen25_15b,369,msc_valid,38,uniform,0.35,34,1.5,51.0,0.0,0.0,1.5,51.0
qwen25_15b,369,msc_valid,38,longllmlingua,0.35,34,1.4558823529411764,49.5,0.0,0.0,1.4558823529411764,49.5
qwen25_15b,369,msc_valid,38,recency,0.35,34,1.4191176470588236,48.25,0.0,0.0,1.4191176470588236,48.25
qwen25_15b,369,msc_valid,38,lexical_tfidf,0.35,34,1.3676470588235294,46.5,0.0,0.0,1.3676470588235294,46.5
qwen25_15b,369,msc_valid,38,recency_keep_compress_drop,0.35,34,1.3602941176470589,46.25,0.0,0.0,1.3602941176470589,46.25
qwen25_15b,369,msc_valid,38,uniform,0.5,34,1.4852941176470589,50.5,0.0,0.0,1.4852941176470589,50.5
qwen25_15b,369,msc_valid,38,longllmlingua,0.5,34,1.4558823529411764,49.5,0.0,0.0,1.4558823529411764,49.5
qwen25_15b,369,msc_valid,38,recency,0.5,34,1.3676470588235294,46.5,0.0,0.0,1.3676470588235294,46.5
qwen25_15b,369,msc_valid,38,lexical_tfidf,0.5,34,1.375,46.75,0.0,0.0,1.375,46.75
qwen25_15b,369,msc_valid,38,recency_keep_compress_drop,0.5,34,1.3897058823529411,47.25,0.0,0.0,1.3897058823529411,47.25
qwen25_15b,369,msc_valid,42,uniform,0.2,18,2.4722222222222223,44.5,0.0,0.0,2.4722222222222223,44.5
qwen25_15b,369,msc_valid,42,longllmlingua,0.2,18,2.5,45.0,0.0,0.0,2.5,45.0
qwen25_15b,369,msc_valid,42,recency,0.2,18,2.7916666666666665,50.25,0.0,0.0,2.7916666666666665,50.25
qwen25_15b,369,msc_valid,42,lexical_tfidf,0.2,18,2.7222222222222223,49.0,0.0,0.0,2.7222222222222223,49.0
qwen25_15b,369,msc_valid,42,recency_keep_compress_drop,0.2,18,2.6666666666666665,48.0,0.0,0.0,2.6666666666666665,48.0
qwen25_15b,369,msc_valid,42,uniform,0.35,18,2.6666666666666665,48.0,0.0,0.0,2.6666666666666665,48.0
qwen25_15b,369,msc_valid,42,longllmlingua,0.35,18,2.5,45.0,0.0,0.0,2.5,45.0
qwen25_15b,369,msc_valid,42,recency,0.35,18,2.875,51.75,0.0,0.0,2.875,51.75
qwen25_15b,369,msc_valid,42,lexical_tfidf,0.35,18,2.8333333333333335,51.0,0.0,0.0,2.8333333333333335,51.0
qwen25_15b,369,msc_valid,42,recency_keep_compress_drop,0.35,18,2.5972222222222223,46.75,0.0,0.0,2.5972222222222223,46.75
qwen25_15b,369,msc_valid,42,uniform,0.5,18,2.5555555555555554,46.0,0.0,0.0,2.5555555555555554,46.0
qwen25_15b,369,msc_valid,42,longllmlingua,0.5,18,2.388888888888889,43.0,0.0,0.0,2.388888888888889,43.0
qwen25_15b,369,msc_valid,42,recency,0.5,18,2.6805555555555554,48.25,0.0,0.0,2.6805555555555554,48.25
qwen25_15b,369,msc_valid,42,lexical_tfidf,0.5,18,2.6527777777777777,47.75,0.0,0.0,2.6527777777777777,47.75
qwen25_15b,369,msc_valid,42,recency_keep_compress_drop,0.5,18,2.5,45.0,0.0,0.0,2.5,45.0
qwen25_15b,369,msc_valid,46,uniform,0.2,11,2.477272727272727,27.25,0.0,0.0,2.477272727272727,27.25
qwen25_15b,369,msc_valid,46,longllmlingua,0.2,11,2.7386363636363638,30.125,0.0,0.0,2.7386363636363638,30.125
qwen25_15b,369,msc_valid,46,recency,0.2,11,2.340909090909091,25.75,0.0,0.0,2.340909090909091,25.75
qwen25_15b,369,msc_valid,46,lexical_tfidf,0.2,11,2.534090909090909,27.875,0.0,0.0,2.534090909090909,27.875
qwen25_15b,369,msc_valid,46,recency_keep_compress_drop,0.2,11,2.375,26.125,0.0,0.0,2.375,26.125
qwen25_15b,369,msc_valid,46,uniform,0.35,11,2.5113636363636362,27.625,0.0,0.0,2.5113636363636362,27.625
qwen25_15b,369,msc_valid,46,longllmlingua,0.35,11,3.0,33.0,0.0,0.0,3.0,33.0
qwen25_15b,369,msc_valid,46,recency,0.35,11,2.397727272727273,26.375,0.0,0.0,2.397727272727273,26.375
qwen25_15b,369,msc_valid,46,lexical_tfidf,0.35,11,2.397727272727273,26.375,0.0,0.0,2.397727272727273,26.375
qwen25_15b,369,msc_valid,46,recency_keep_compress_drop,0.35,11,2.3068181818181817,25.375,0.0,0.0,2.3068181818181817,25.375
qwen25_15b,369,msc_valid,46,uniform,0.5,11,2.352272727272727,25.875,0.0,0.0,2.352272727272727,25.875
qwen25_15b,369,msc_valid,46,longllmlingua,0.5,11,2.875,31.625,0.0,0.0,2.875,31.625
qwen25_15b,369,msc_valid,46,recency,0.5,11,2.3863636363636362,26.25,0.0,0.0,2.3863636363636362,26.25
qwen25_15b,369,msc_valid,46,lexical_tfidf,0.5,11,2.4204545454545454,26.625,0.0,0.0,2.4204545454545454,26.625
qwen25_15b,369,msc_valid,46,recency_keep_compress_drop,0.5,11,2.3181818181818183,25.5,0.0,0.0,2.3181818181818183,25.5
qwen25_15b,369,msc_valid,48,uniform,0.2,24,2.6458333333333335,63.5,0.0,0.0,2.6458333333333335,63.5
qwen25_15b,369,msc_valid,48,longllmlingua,0.2,24,3.3125,79.5,0.0,0.0,3.3125,79.5
qwen25_15b,369,msc_valid,48,recency,0.2,24,2.9375,70.5,0.0,0.0,2.9375,70.5
qwen25_15b,369,msc_valid,48,lexical_tfidf,0.2,24,2.8333333333333335,68.0,0.0,0.0,2.8333333333333335,68.0
qwen25_15b,369,msc_valid,48,recency_keep_compress_drop,0.2,24,2.8333333333333335,68.0,0.0,0.0,2.8333333333333335,68.0
qwen25_15b,369,msc_valid,48,uniform,0.35,24,2.6041666666666665,62.5,0.0,0.0,2.6041666666666665,62.5
qwen25_15b,369,msc_valid,48,longllmlingua,0.35,24,3.4375,82.5,0.0,0.0,3.4375,82.5
qwen25_15b,369,msc_valid,48,recency,0.35,24,2.7708333333333335,66.5,0.0,0.0,2.7708333333333335,66.5
qwen25_15b,369,msc_valid,48,lexical_tfidf,0.35,24,2.7916666666666665,67.0,0.0,0.0,2.7916666666666665,67.0
qwen25_15b,369,msc_valid,48,recency_keep_compress_drop,0.35,24,2.7708333333333335,66.5,0.0,0.0,2.7708333333333335,66.5
qwen25_15b,369,msc_valid,48,uniform,0.5,24,2.6875,64.5,0.0,0.0,2.6875,64.5
qwen25_15b,369,msc_valid,48,longllmlingua,0.5,24,3.0,72.0,0.0,0.0,3.0,72.0
qwen25_15b,369,msc_valid,48,recency,0.5,24,2.75,66.0,0.0,0.0,2.75,66.0
qwen25_15b,369,msc_valid,48,lexical_tfidf,0.5,24,2.7916666666666665,67.0,0.0,0.0,2.7916666666666665,67.0
qwen25_15b,369,msc_valid,48,recency_keep_compress_drop,0.5,24,2.7916666666666665,67.0,0.0,0.0,2.7916666666666665,67.0
qwen25_15b,369,msc_valid,52,uniform,0.2,33,3.0757575757575757,101.5,0.0,0.0,3.0757575757575757,101.5
qwen25_15b,369,msc_valid,52,longllmlingua,0.2,33,2.984848484848485,98.5,0.0,0.0,2.984848484848485,98.5
qwen25_15b,369,msc_valid,52,recency,0.2,33,3.106060606060606,102.5,0.0,0.0,3.106060606060606,102.5
qwen25_15b,369,msc_valid,52,lexical_tfidf,0.2,33,3.0606060606060606,101.0,0.0,0.0,3.0606060606060606,101.0
qwen25_15b,369,msc_valid,52,recency_keep_compress_drop,0.2,33,3.015151515151515,99.5,0.0,0.0,3.015151515151515,99.5
qwen25_15b,369,msc_valid,52,uniform,0.35,33,3.015151515151515,99.5,0.0,0.0,3.015151515151515,99.5
qwen25_15b,369,msc_valid,52,longllmlingua,0.35,33,3.0,99.0,0.0,0.0,3.0,99.0
qwen25_15b,369,msc_valid,52,recency,0.35,33,3.0454545454545454,100.5,0.0,0.0,3.0454545454545454,100.5
qwen25_15b,369,msc_valid,52,lexical_tfidf,0.35,33,3.0606060606060606,101.0,0.0,0.0,3.0606060606060606,101.0
qwen25_15b,369,msc_valid,52,recency_keep_compress_drop,0.35,33,2.9696969696969697,98.0,0.0,0.0,2.9696969696969697,98.0
qwen25_15b,369,msc_valid,52,uniform,0.5,33,3.0,99.0,0.0,0.0,3.0,99.0
qwen25_15b,369,msc_valid,52,longllmlingua,0.5,33,3.015151515151515,99.5,0.0,0.0,3.015151515151515,99.5
qwen25_15b,369,msc_valid,52,recency,0.5,0,0.0,0.0,0.0,0.0,0.0,0.0
qwen25_15b,369,msc_valid,52,lexical_tfidf,0.5,0,0.0,0.0,0.0,0.0,0.0,0.0
qwen25_15b,369,msc_valid,52,recency_keep_compress_drop,0.5,0,0.0,0.0,0.0,0.0,0.0,0.0
qwen25_15b,369,msc_valid,56,uniform,0.2,17,3.735294117647059,63.5,0.0,0.0,3.735294117647059,63.5
qwen25_15b,369,msc_valid,56,longllmlingua,0.2,17,3.911764705882353,66.5,0.0,0.0,3.911764705882353,66.5
qwen25_15b,369,msc_valid,56,recency,0.2,17,3.8823529411764706,66.0,0.0,0.0,3.8823529411764706,66.0
qwen25_15b,369,msc_valid,56,lexical_tfidf,0.2,17,3.8823529411764706,66.0,0.0,0.0,3.8823529411764706,66.0
qwen25_15b,369,msc_valid,56,recency_keep_compress_drop,0.2,17,4.0,68.0,0.0,0.0,4.0,68.0
qwen25_15b,369,msc_valid,56,uniform,0.35,17,3.6470588235294117,62.0,0.0,0.0,3.6470588235294117,62.0
qwen25_15b,369,msc_valid,56,longllmlingua,0.35,17,4.088235294117647,69.5,0.0,0.0,4.088235294117647,69.5
qwen25_15b,369,msc_valid,56,recency,0.35,0,0.0,0.0,0.0,0.0,0.0,0.0
qwen25_15b,369,msc_valid,56,lexical_tfidf,0.35,0,0.0,0.0,0.0,0.0,0.0,0.0
qwen25_15b,369,msc_valid,56,recency_keep_compress_drop,0.35,0,0.0,0.0,0.0,0.0,0.0,0.0
qwen25_15b,369,msc_valid,56,uniform,0.5,17,3.735294117647059,63.5,0.0,0.0,3.735294117647059,63.5
qwen25_15b,369,msc_valid,56,longllmlingua,0.5,17,4.176470588235294,71.0,0.0,0.0,4.176470588235294,71.0
qwen25_15b,369,msc_valid,56,recency,0.5,0,0.0,0.0,0.0,0.0,0.0,0.0
qwen25_15b,369,msc_valid,56,lexical_tfidf,0.5,0,0.0,0.0,0.0,0.0,0.0,0.0
qwen25_15b,369,msc_valid,56,recency_keep_compress_drop,0.5,0,0.0,0.0,0.0,0.0,0.0,0.0
qwen25_15b,369,msc_valid,60,uniform,0.2,23,2.152173913043478,49.5,0.0,0.0,2.152173913043478,49.5
qwen25_15b,369,msc_valid,60,longllmlingua,0.2,23,2.4456521739130435,56.25,0.0,0.0,2.4456521739130435,56.25
qwen25_15b,369,msc_valid,60,recency,0.2,23,2.2934782608695654,52.75,0.0,0.0,2.2934782608695654,52.75
qwen25_15b,369,msc_valid,60,lexical_tfidf,0.2,23,2.2934782608695654,52.75,0.0,0.0,2.2934782608695654,52.75
qwen25_15b,369,msc_valid,60,recency_keep_compress_drop,0.2,23,2.260869565217391,52.0,0.0,0.0,2.260869565217391,52.0
qwen25_15b,369,msc_valid,60,uniform,0.35,23,2.2065217391304346,50.75,0.0,0.0,2.2065217391304346,50.75
qwen25_15b,369,msc_valid,60,longllmlingua,0.35,23,2.4130434782608696,55.5,0.0,0.0,2.4130434782608696,55.5
qwen25_15b,369,msc_valid,60,recency,0.35,0,0.0,0.0,0.0,0.0,0.0,0.0
qwen25_15b,369,msc_valid,60,lexical_tfidf,0.35,0,0.0,0.0,0.0,0.0,0.0,0.0
qwen25_15b,369,msc_valid,60,recency_keep_compress_drop,0.35,0,0.0,0.0,0.0,0.0,0.0,0.0
qwen25_15b,369,msc_valid,60,uniform,0.5,23,2.260869565217391,52.0,0.0,0.0,2.260869565217391,52.0
qwen25_15b,369,msc_valid,60,longllmlingua,0.5,23,2.4130434782608696,55.5,0.0,0.0,2.4130434782608696,55.5
qwen25_15b,369,msc_valid,60,recency,0.5,0,0.0,0.0,0.0,0.0,0.0,0.0
qwen25_15b,369,msc_valid,60,lexical_tfidf,0.5,0,0.0,0.0,0.0,0.0,0.0,0.0
qwen25_15b,369,msc_valid,60,recency_keep_compress_drop,0.5,0,0.0,0.0,0.0,0.0,0.0,0.0
qwen25_15b,410,msc_valid,4,uniform,0.2,13,2.769230769230769,36.0,2.423076923076923,31.5,0.34615384615384626,4.5
qwen25_15b,410,msc_valid,4,longllmlingua,0.2,13,1.9807692307692308,25.75,2.423076923076923,31.5,-0.44230769230769207,-5.75
qwen25_15b,410,msc_valid,4,recency,0.2,13,2.769230769230769,36.0,2.423076923076923,31.5,0.34615384615384626,4.5
qwen25_15b,410,msc_valid,4,lexical_tfidf,0.2,13,2.769230769230769,36.0,2.423076923076923,31.5,0.34615384615384626,4.5
qwen25_15b,410,msc_valid,4,recency_keep_compress_drop,0.2,13,2.769230769230769,36.0,2.423076923076923,31.5,0.34615384615384626,4.5
qwen25_15b,410,msc_valid,4,uniform,0.35,13,2.576923076923077,33.5,2.423076923076923,31.5,0.1538461538461542,2.0
qwen25_15b,410,msc_valid,4,longllmlingua,0.35,13,2.0,26.0,2.423076923076923,31.5,-0.4230769230769229,-5.5
qwen25_15b,410,msc_valid,4,recency,0.35,13,2.576923076923077,33.5,2.423076923076923,31.5,0.1538461538461542,2.0
qwen25_15b,410,msc_valid,4,lexical_tfidf,0.35,13,2.576923076923077,33.5,2.423076923076923,31.5,0.1538461538461542,2.0
qwen25_15b,410,msc_valid,4,recency_keep_compress_drop,0.35,13,2.576923076923077,33.5,2.423076923076923,31.5,0.1538461538461542,2.0
qwen25_15b,410,msc_valid,4,uniform,0.5,13,2.576923076923077,33.5,2.423076923076923,31.5,0.1538461538461542,2.0
qwen25_15b,410,msc_valid,4,longllmlingua,0.5,13,1.8653846153846154,24.25,2.423076923076923,31.5,-0.5576923076923075,-7.25
qwen25_15b,410,msc_valid,4,recency,0.5,13,2.576923076923077,33.5,2.423076923076923,31.5,0.1538461538461542,2.0
qwen25_15b,410,msc_valid,4,lexical_tfidf,0.5,13,2.576923076923077,33.5,2.423076923076923,31.5,0.1538461538461542,2.0
qwen25_15b,410,msc_valid,4,recency_keep_compress_drop,0.5,13,2.576923076923077,33.5,2.423076923076923,31.5,0.1538461538461542,2.0
qwen25_15b,410,msc_valid,8,uniform,0.2,13,3.4423076923076925,44.75,2.519230769230769,32.75,0.9230769230769234,12.0
qwen25_15b,410,msc_valid,8,longllmlingua,0.2,13,2.7884615384615383,36.25,2.519230769230769,32.75,0.26923076923076916,3.5
qwen25_15b,410,msc_valid,8,recency,0.2,13,3.1538461538461537,41.0,2.519230769230769,32.75,0.6346153846153846,8.25
qwen25_15b,410,msc_valid,8,lexical_tfidf,0.2,13,3.4423076923076925,44.75,2.519230769230769,32.75,0.9230769230769234,12.0
qwen25_15b,410,msc_valid,8,recency_keep_compress_drop,0.2,13,2.980769230769231,38.75,2.519230769230769,32.75,0.4615384615384617,6.0
qwen25_15b,410,msc_valid,8,uniform,0.35,13,3.173076923076923,41.25,2.519230769230769,32.75,0.6538461538461537,8.5
qwen25_15b,410,msc_valid,8,longllmlingua,0.35,13,2.5961538461538463,33.75,2.519230769230769,32.75,0.0769230769230771,1.0
qwen25_15b,410,msc_valid,8,recency,0.35,13,2.9038461538461537,37.75,2.519230769230769,32.75,0.3846153846153846,5.0
qwen25_15b,410,msc_valid,8,lexical_tfidf,0.35,13,3.173076923076923,41.25,2.519230769230769,32.75,0.6538461538461537,8.5
qwen25_15b,410,msc_valid,8,recency_keep_compress_drop,0.35,13,2.980769230769231,38.75,2.519230769230769,32.75,0.4615384615384617,6.0
qwen25_15b,410,msc_valid,8,uniform,0.5,13,3.1153846153846154,40.5,2.519230769230769,32.75,0.5961538461538463,7.75
qwen25_15b,410,msc_valid,8,longllmlingua,0.5,13,2.5576923076923075,33.25,2.519230769230769,32.75,0.038461538461538325,0.5
qwen25_15b,410,msc_valid,8,recency,0.5,13,2.8846153846153846,37.5,2.519230769230769,32.75,0.3653846153846154,4.75
qwen25_15b,410,msc_valid,8,lexical_tfidf,0.5,13,3.1153846153846154,40.5,2.519230769230769,32.75,0.5961538461538463,7.75
qwen25_15b,410,msc_valid,8,recency_keep_compress_drop,0.5,13,3.0384615384615383,39.5,2.519230769230769,32.75,0.5192307692307692,6.75
qwen25_15b,410,msc_valid,12,uniform,0.2,12,2.53125,30.375,1.5208333333333333,18.25,1.0104166666666667,12.125
qwen25_15b,410,msc_valid,12,longllmlingua,0.2,12,2.1041666666666665,25.25,1.5208333333333333,18.25,0.5833333333333333,7.0
qwen25_15b,410,msc_valid,12,recency,0.2,12,2.125,25.5,1.5208333333333333,18.25,0.6041666666666667,7.25
qwen25_15b,410,msc_valid,12,lexical_tfidf,0.2,12,1.9375,23.25,1.5208333333333333,18.25,0.41666666666666674,5.0
qwen25_15b,410,msc_valid,12,recency_keep_compress_drop,0.2,12,1.9375,23.25,1.5208333333333333,18.25,0.41666666666666674,5.0
qwen25_15b,410,msc_valid,12,uniform,0.35,12,2.625,31.5,1.5208333333333333,18.25,1.1041666666666667,13.25
qwen25_15b,410,msc_valid,12,longllmlingua,0.35,12,1.7916666666666667,21.5,1.5208333333333333,18.25,0.2708333333333335,3.25
qwen25_15b,410,msc_valid,12,recency,0.35,12,1.9270833333333333,23.125,1.5208333333333333,18.25,0.40625,4.875
qwen25_15b,410,msc_valid,12,lexical_tfidf,0.35,12,1.8958333333333333,22.75,1.5208333333333333,18.25,0.375,4.5
qwen25_15b,410,msc_valid,12,recency_keep_compress_drop,0.35,12,1.9166666666666667,23.0,1.5208333333333333,18.25,0.3958333333333335,4.75
qwen25_15b,410,msc_valid,12,uniform,0.5,12,2.2916666666666665,27.5,1.5208333333333333,18.25,0.7708333333333333,9.25
qwen25_15b,410,msc_valid,12,longllmlingua,0.5,12,1.78125,21.375,1.5208333333333333,18.25,0.26041666666666674,3.125
qwen25_15b,410,msc_valid,12,recency,0.5,12,1.75,21.0,1.5208333333333333,18.25,0.22916666666666674,2.75
qwen25_15b,410,msc_valid,12,lexical_tfidf,0.5,12,1.7083333333333333,20.5,1.5208333333333333,18.25,0.1875,2.25
qwen25_15b,410,msc_valid,12,recency_keep_compress_drop,0.5,12,1.75,21.0,1.5208333333333333,18.25,0.22916666666666674,2.75
qwen25_15b,410,msc_valid,16,uniform,0.2,12,2.7916666666666665,33.5,2.5833333333333335,31.0,0.20833333333333304,2.5
qwen25_15b,410,msc_valid,16,longllmlingua,0.2,12,2.6145833333333335,31.375,2.5833333333333335,31.0,0.03125,0.375
qwen25_15b,410,msc_valid,16,recency,0.2,12,2.8125,33.75,2.5833333333333335,31.0,0.22916666666666652,2.75
qwen25_15b,410,msc_valid,16,lexical_tfidf,0.2,12,2.6041666666666665,31.25,2.5833333333333335,31.0,0.020833333333333037,0.25
qwen25_15b,410,msc_valid,16,recency_keep_compress_drop,0.2,12,2.6666666666666665,32.0,2.5833333333333335,31.0,0.08333333333333304,1.0
qwen25_15b,410,msc_valid,16,uniform,0.35,12,2.7291666666666665,32.75,2.5833333333333335,31.0,0.14583333333333304,1.75
qwen25_15b,410,msc_valid,16,longllmlingua,0.35,12,2.4791666666666665,29.75,2.5833333333333335,31.0,-0.10416666666666696,-1.25
qwen25_15b,410,msc_valid,16,recency,0.35,12,2.75,33.0,2.5833333333333335,31.0,0.16666666666666652,2.0
qwen25_15b,410,msc_valid,16,lexical_tfidf,0.35,12,2.5729166666666665,30.875,2.5833333333333335,31.0,-0.010416666666666963,-0.125
qwen25_15b,410,msc_valid,16,recency_keep_compress_drop,0.35,12,2.4791666666666665,29.75,2.5833333333333335,31.0,-0.10416666666666696,-1.25
qwen25_15b,410,msc_valid,16,uniform,0.5,12,2.5416666666666665,30.5,2.5833333333333335,31.0,-0.04166666666666696,-0.5
qwen25_15b,410,msc_valid,16,longllmlingua,0.5,12,2.34375,28.125,2.5833333333333335,31.0,-0.23958333333333348,-2.875
qwen25_15b,410,msc_valid,16,recency,0.5,12,2.6875,32.25,2.5833333333333335,31.0,0.10416666666666652,1.25
qwen25_15b,410,msc_valid,16,lexical_tfidf,0.5,12,2.6354166666666665,31.625,2.5833333333333335,31.0,0.05208333333333304,0.625
qwen25_15b,410,msc_valid,16,recency_keep_compress_drop,0.5,12,2.5104166666666665,30.125,2.5833333333333335,31.0,-0.07291666666666696,-0.875
qwen25_15b,410,msc_valid,20,uniform,0.2,23,2.9130434782608696,67.0,2.5652173913043477,59.0,0.34782608695652195,8.0
qwen25_15b,410,msc_valid,20,longllmlingua,0.2,23,2.8043478260869565,64.5,2.5652173913043477,59.0,0.23913043478260887,5.5
qwen25_15b,410,msc_valid,20,recency,0.2,23,2.7282608695652173,62.75,2.5652173913043477,59.0,0.16304347826086962,3.75
qwen25_15b,410,msc_valid,20,lexical_tfidf,0.2,23,2.7282608695652173,62.75,2.5652173913043477,59.0,0.16304347826086962,3.75
qwen25_15b,410,msc_valid,20,recency_keep_compress_drop,0.2,23,2.717391304347826,62.5,2.5652173913043477,59.0,0.1521739130434785,3.5
qwen25_15b,410,msc_valid,20,uniform,0.35,23,2.6956521739130435,62.0,2.5652173913043477,59.0,0.1304347826086958,3.0
qwen25_15b,410,msc_valid,20,longllmlingua,0.35,23,2.717391304347826,62.5,2.5652173913043477,59.0,0.1521739130434785,3.5
qwen25_15b,410,msc_valid,20,recency,0.35,23,2.7282608695652173,62.75,2.5652173913043477,59.0,0.16304347826086962,3.75
qwen25_15b,410,msc_valid,20,lexical_tfidf,0.35,23,2.7282608695652173,62.75,2.5652173913043477,59.0,0.16304347826086962,3.75
qwen25_15b,410,msc_valid,20,recency_keep_compress_drop,0.35,23,2.6739130434782608,61.5,2.5652173913043477,59.0,0.10869565217391308,2.5
qwen25_15b,410,msc_valid,20,uniform,0.5,23,2.597826086956522,59.75,2.5652173913043477,59.0,0.03260869565217428,0.75
qwen25_15b,410,msc_valid,20,longllmlingua,0.5,23,2.5434782608695654,58.5,2.5652173913043477,59.0,-0.02173913043478226,-0.5
qwen25_15b,410,msc_valid,20,recency,0.5,23,2.652173913043478,61.0,2.5652173913043477,59.0,0.08695652173913038,2.0
qwen25_15b,410,msc_valid,20,lexical_tfidf,0.5,23,2.717391304347826,62.5,2.5652173913043477,59.0,0.1521739130434785,3.5
qwen25_15b,410,msc_valid,20,recency_keep_compress_drop,0.5,23,2.652173913043478,61.0,2.5652173913043477,59.0,0.08695652173913038,2.0
qwen25_15b,410,msc_valid,24,uniform,0.2,31,4.0,124.0,3.661290322580645,113.5,0.338709677419355,10.5
qwen25_15b,410,msc_valid,24,longllmlingua,0.2,31,3.9516129032258065,122.5,3.661290322580645,113.5,0.2903225806451615,9.0
qwen25_15b,410,msc_valid,24,recency,0.2,31,3.935483870967742,122.0,3.661290322580645,113.5,0.274193548387097,8.5
qwen25_15b,410,msc_valid,24,lexical_tfidf,0.2,31,3.935483870967742,122.0,3.661290322580645,113.5,0.274193548387097,8.5
qwen25_15b,410,msc_valid,24,recency_keep_compress_drop,0.2,31,3.9516129032258065,122.5,3.661290322580645,113.5,0.2903225806451615,9.0
qwen25_15b,410,msc_valid,24,uniform,0.35,31,3.903225806451613,121.0,3.661290322580645,113.5,0.24193548387096797,7.5
qwen25_15b,410,msc_valid,24,longllmlingua,0.35,31,3.903225806451613,121.0,3.661290322580645,113.5,0.24193548387096797,7.5
qwen25_15b,410,msc_valid,24,recency,0.35,31,3.8225806451612905,118.5,3.661290322580645,113.5,0.16129032258064546,5.0
qwen25_15b,410,msc_valid,24,lexical_tfidf,0.35,31,3.838709677419355,119.0,3.661290322580645,113.5,0.17741935483870996,5.5
qwen25_15b,410,msc_valid,24,recency_keep_compress_drop,0.35,31,3.870967741935484,120.0,3.661290322580645,113.5,0.20967741935483897,6.5
qwen25_15b,410,msc_valid,24,uniform,0.5,31,3.935483870967742,122.0,3.661290322580645,113.5,0.274193548387097,8.5
qwen25_15b,410,msc_valid,24,longllmlingua,0.5,31,3.7419354838709675,116.0,3.661290322580645,113.5,0.08064516129032251,2.5
qwen25_15b,410,msc_valid,24,recency,0.5,31,3.725806451612903,115.5,3.661290322580645,113.5,0.06451612903225801,2.0
qwen25_15b,410,msc_valid,24,lexical_tfidf,0.5,31,3.7580645161290325,116.5,3.661290322580645,113.5,0.09677419354838745,3.0
qwen25_15b,410,msc_valid,24,recency_keep_compress_drop,0.5,31,3.7419354838709675,116.0,3.661290322580645,113.5,0.08064516129032251,2.5
qwen25_15b,410,msc_valid,28,uniform,0.2,17,2.25,38.25,2.0441176470588234,34.75,0.20588235294117663,3.5
qwen25_15b,410,msc_valid,28,longllmlingua,0.2,17,2.3970588235294117,40.75,2.0441176470588234,34.75,0.3529411764705883,6.0
qwen25_15b,410,msc_valid,28,recency,0.2,17,2.1911764705882355,37.25,2.0441176470588234,34.75,0.14705882352941213,2.5
qwen25_15b,410,msc_valid,28,lexical_tfidf,0.2,17,2.2205882352941178,37.75,2.0441176470588234,34.75,0.17647058823529438,3.0
qwen25_15b,410,msc_valid,28,recency_keep_compress_drop,0.2,17,2.088235294117647,35.5,2.0441176470588234,34.75,0.04411764705882382,0.75
qwen25_15b,410,msc_valid,28,uniform,0.35,17,2.1323529411764706,36.25,2.0441176470588234,34.75,0.08823529411764719,1.5
qwen25_15b,410,msc_valid,28,longllmlingua,0.35,17,2.264705882352941,38.5,2.0441176470588234,34.75,0.22058823529411775,3.75
qwen25_15b,410,msc_valid,28,recency,0.35,17,2.1323529411764706,36.25,2.0441176470588234,34.75,0.08823529411764719,1.5
qwen25_15b,410,msc_valid,28,lexical_tfidf,0.35,17,2.1029411764705883,35.75,2.0441176470588234,34.75,0.05882352941176494,1.0
qwen25_15b,410,msc_valid,28,recency_keep_compress_drop,0.35,17,2.0588235294117645,35.0,2.0441176470588234,34.75,0.014705882352941124,0.25
qwen25_15b,410,msc_valid,28,uniform,0.5,17,2.176470588235294,37.0,2.0441176470588234,34.75,0.13235294117647056,2.25
qwen25_15b,410,msc_valid,28,longllmlingua,0.5,17,2.161764705882353,36.75,2.0441176470588234,34.75,0.11764705882352944,2.0
qwen25_15b,410,msc_valid,28,recency,0.5,17,2.0294117647058822,34.5,2.0441176470588234,34.75,-0.014705882352941124,-0.25
qwen25_15b,410,msc_valid,28,lexical_tfidf,0.5,17,2.0294117647058822,34.5,2.0441176470588234,34.75,-0.014705882352941124,-0.25
qwen25_15b,410,msc_valid,28,recency_keep_compress_drop,0.5,17,2.0588235294117645,35.0,2.0441176470588234,34.75,0.014705882352941124,0.25
qwen25_15b,410,msc_valid,32,uniform,0.2,36,2.5,90.0,2.1666666666666665,78.0,0.3333333333333335,12.0
qwen25_15b,410,msc_valid,32,longllmlingua,0.2,36,2.3333333333333335,84.0,2.1666666666666665,78.0,0.16666666666666696,6.0
qwen25_15b,410,msc_valid,32,recency,0.2,36,2.3472222222222223,84.5,2.1666666666666665,78.0,0.1805555555555558,6.5
qwen25_15b,410,msc_valid,32,lexical_tfidf,0.2,36,2.513888888888889,90.5,2.1666666666666665,78.0,0.3472222222222223,12.5
qwen25_15b,410,msc_valid,32,recency_keep_compress_drop,0.2,36,2.513888888888889,90.5,2.1666666666666665,78.0,0.3472222222222223,12.5
qwen25_15b,410,msc_valid,32,uniform,0.35,36,2.4166666666666665,87.0,2.1666666666666665,78.0,0.25,9.0
qwen25_15b,410,msc_valid,32,longllmlingua,0.35,36,2.3055555555555554,83.0,2.1666666666666665,78.0,0.13888888888888884,5.0
qwen25_15b,410,msc_valid,32,recency,0.35,36,2.263888888888889,81.5,2.1666666666666665,78.0,0.09722222222222232,3.5
qwen25_15b,410,msc_valid,32,lexical_tfidf,0.35,36,2.3333333333333335,84.0,2.1666666666666665,78.0,0.16666666666666696,6.0
qwen25_15b,410,msc_valid,32,recency_keep_compress_drop,0.35,36,2.4166666666666665,87.0,2.1666666666666665,78.0,0.25,9.0
qwen25_15b,410,msc_valid,32,uniform,0.5,36,2.2222222222222223,80.0,2.1666666666666665,78.0,0.0555555555555558,2.0
qwen25_15b,410,msc_valid,32,longllmlingua,0.5,36,2.2083333333333335,79.5,2.1666666666666665,78.0,0.04166666666666696,1.5
qwen25_15b,410,msc_valid,32,recency,0.5,36,2.2083333333333335,79.5,2.1666666666666665,78.0,0.04166666666666696,1.5
qwen25_15b,410,msc_valid,32,lexical_tfidf,0.5,36,2.2083333333333335,79.5,2.1666666666666665,78.0,0.04166666666666696,1.5
qwen25_15b,410,msc_valid,32,recency_keep_compress_drop,0.5,36,2.2222222222222223,80.0,2.1666666666666665,78.0,0.0555555555555558,2.0
qwen25_15b,410,msc_valid,34,uniform,0.2,23,2.3260869565217392,53.5,2.0,46.0,0.32608695652173925,7.5
qwen25_15b,410,msc_valid,34,longllmlingua,0.2,23,2.141304347826087,49.25,2.0,46.0,0.14130434782608692,3.25
qwen25_15b,410,msc_valid,34,recency,0.2,23,2.7717391304347827,63.75,2.0,46.0,0.7717391304347827,17.75
qwen25_15b,410,msc_valid,34,lexical_tfidf,0.2,23,2.4130434782608696,55.5,2.0,46.0,0.4130434782608696,9.5
qwen25_15b,410,msc_valid,34,recency_keep_compress_drop,0.2,23,2.9782608695652173,68.5,2.0,46.0,0.9782608695652173,22.5
qwen25_15b,410,msc_valid,34,uniform,0.35,23,2.25,51.75,2.0,46.0,0.25,5.75
qwen25_15b,410,msc_valid,34,longllmlingua,0.35,23,2.141304347826087,49.25,2.0,46.0,0.14130434782608692,3.25
qwen25_15b,410,msc_valid,34,recency,0.35,23,2.4130434782608696,55.5,2.0,46.0,0.4130434782608696,9.5
qwen25_15b,410,msc_valid,34,lexical_tfidf,0.35,23,2.3152173913043477,53.25,2.0,46.0,0.31521739130434767,7.25
qwen25_15b,410,msc_valid,34,recency_keep_compress_drop,0.35,23,2.891304347826087,66.5,2.0,46.0,0.8913043478260869,20.5
qwen25_15b,410,msc_valid,34,uniform,0.5,23,2.217391304347826,51.0,2.0,46.0,0.21739130434782616,5.0
qwen25_15b,410,msc_valid,34,longllmlingua,0.5,23,2.1630434782608696,49.75,2.0,46.0,0.16304347826086962,3.75
qwen25_15b,410,msc_valid,34,recency,0.5,23,2.2934782608695654,52.75,2.0,46.0,0.2934782608695654,6.75
qwen25_15b,410,msc_valid,34,lexical_tfidf,0.5,23,2.2282608695652173,51.25,2.0,46.0,0.2282608695652173,5.25
qwen25_15b,410,msc_valid,34,recency_keep_compress_drop,0.5,23,2.641304347826087,60.75,2.0,46.0,0.6413043478260869,14.75
qwen25_15b,410,msc_valid,38,uniform,0.2,39,2.4615384615384617,96.0,0.0,0.0,2.4615384615384617,96.0
qwen25_15b,410,msc_valid,38,longllmlingua,0.2,39,2.4615384615384617,96.0,0.0,0.0,2.4615384615384617,96.0
qwen25_15b,410,msc_valid,38,recency,0.2,39,2.448717948717949,95.5,0.0,0.0,2.448717948717949,95.5
qwen25_15b,410,msc_valid,38,lexical_tfidf,0.2,39,2.5,97.5,0.0,0.0,2.5,97.5
qwen25_15b,410,msc_valid,38,recency_keep_compress_drop,0.2,39,2.5256410256410255,98.5,0.0,0.0,2.5256410256410255,98.5
qwen25_15b,410,msc_valid,38,uniform,0.35,39,2.448717948717949,95.5,0.0,0.0,2.448717948717949,95.5
qwen25_15b,410,msc_valid,38,longllmlingua,0.35,39,2.4358974358974357,95.0,0.0,0.0,2.4358974358974357,95.0
qwen25_15b,410,msc_valid,38,recency,0.35,39,2.423076923076923,94.5,0.0,0.0,2.423076923076923,94.5
qwen25_15b,410,msc_valid,38,lexical_tfidf,0.35,39,2.448717948717949,95.5,0.0,0.0,2.448717948717949,95.5
qwen25_15b,410,msc_valid,38,recency_keep_compress_drop,0.35,39,2.448717948717949,95.5,0.0,0.0,2.448717948717949,95.5
qwen25_15b,410,msc_valid,38,uniform,0.5,39,2.4615384615384617,96.0,0.0,0.0,2.4615384615384617,96.0
qwen25_15b,410,msc_valid,38,longllmlingua,0.5,39,2.4743589743589745,96.5,0.0,0.0,2.4743589743589745,96.5
qwen25_15b,410,msc_valid,38,recency,0.5,39,2.423076923076923,94.5,0.0,0.0,2.423076923076923,94.5
qwen25_15b,410,msc_valid,38,lexical_tfidf,0.5,39,2.423076923076923,94.5,0.0,0.0,2.423076923076923,94.5
qwen25_15b,410,msc_valid,38,recency_keep_compress_drop,0.5,39,2.423076923076923,94.5,0.0,0.0,2.423076923076923,94.5
qwen25_15b,410,msc_valid,42,uniform,0.2,22,2.147727272727273,47.25,0.0,0.0,2.147727272727273,47.25
qwen25_15b,410,msc_valid,42,longllmlingua,0.2,22,2.227272727272727,49.0,0.0,0.0,2.227272727272727,49.0
qwen25_15b,410,msc_valid,42,recency,0.2,22,2.0454545454545454,45.0,0.0,0.0,2.0454545454545454,45.0
qwen25_15b,410,msc_valid,42,lexical_tfidf,0.2,22,1.7159090909090908,37.75,0.0,0.0,1.7159090909090908,37.75
qwen25_15b,410,msc_valid,42,recency_keep_compress_drop,0.2,22,2.0113636363636362,44.25,0.0,0.0,2.0113636363636362,44.25
qwen25_15b,410,msc_valid,42,uniform,0.35,22,1.9545454545454546,43.0,0.0,0.0,1.9545454545454546,43.0
qwen25_15b,410,msc_valid,42,longllmlingua,0.35,22,2.0568181818181817,45.25,0.0,0.0,2.0568181818181817,45.25
qwen25_15b,410,msc_valid,42,recency,0.35,22,1.8977272727272727,41.75,0.0,0.0,1.8977272727272727,41.75
qwen25_15b,410,msc_valid,42,lexical_tfidf,0.35,22,1.6477272727272727,36.25,0.0,0.0,1.6477272727272727,36.25
qwen25_15b,410,msc_valid,42,recency_keep_compress_drop,0.35,22,1.8181818181818181,40.0,0.0,0.0,1.8181818181818181,40.0
qwen25_15b,410,msc_valid,42,uniform,0.5,22,1.8409090909090908,40.5,0.0,0.0,1.8409090909090908,40.5
qwen25_15b,410,msc_valid,42,longllmlingua,0.5,22,2.0113636363636362,44.25,0.0,0.0,2.0113636363636362,44.25
qwen25_15b,410,msc_valid,42,recency,0.5,22,1.7045454545454546,37.5,0.0,0.0,1.7045454545454546,37.5
qwen25_15b,410,msc_valid,42,lexical_tfidf,0.5,22,1.75,38.5,0.0,0.0,1.75,38.5
qwen25_15b,410,msc_valid,42,recency_keep_compress_drop,0.5,22,1.8181818181818181,40.0,0.0,0.0,1.8181818181818181,40.0
qwen25_15b,410,msc_valid,46,uniform,0.2,15,3.3333333333333335,50.0,0.0,0.0,3.3333333333333335,50.0
qwen25_15b,410,msc_valid,46,longllmlingua,0.2,15,3.4166666666666665,51.25,0.0,0.0,3.4166666666666665,51.25
qwen25_15b,410,msc_valid,46,recency,0.2,15,3.2666666666666666,49.0,0.0,0.0,3.2666666666666666,49.0
qwen25_15b,410,msc_valid,46,lexical_tfidf,0.2,15,3.15,47.25,0.0,0.0,3.15,47.25
qwen25_15b,410,msc_valid,46,recency_keep_compress_drop,0.2,15,3.216666666666667,48.25,0.0,0.0,3.216666666666667,48.25
qwen25_15b,410,msc_valid,46,uniform,0.35,15,2.9,43.5,0.0,0.0,2.9,43.5
qwen25_15b,410,msc_valid,46,longllmlingua,0.35,15,3.033333333333333,45.5,0.0,0.0,3.033333333333333,45.5
qwen25_15b,410,msc_valid,46,recency,0.35,15,3.066666666666667,46.0,0.0,0.0,3.066666666666667,46.0
qwen25_15b,410,msc_valid,46,lexical_tfidf,0.35,15,3.1333333333333333,47.0,0.0,0.0,3.1333333333333333,47.0
qwen25_15b,410,msc_valid,46,recency_keep_compress_drop,0.35,15,3.15,47.25,0.0,0.0,3.15,47.25
qwen25_15b,410,msc_valid,46,uniform,0.5,15,2.85,42.75,0.0,0.0,2.85,42.75
qwen25_15b,410,msc_valid,46,longllmlingua,0.5,15,3.183333333333333,47.75,0.0,0.0,3.183333333333333,47.75
qwen25_15b,410,msc_valid,46,recency,0.5,15,2.816666666666667,42.25,0.0,0.0,2.816666666666667,42.25
qwen25_15b,410,msc_valid,46,lexical_tfidf,0.5,15,3.2666666666666666,49.0,0.0,0.0,3.2666666666666666,49.0
qwen25_15b,410,msc_valid,46,recency_keep_compress_drop,0.5,15,3.0833333333333335,46.25,0.0,0.0,3.0833333333333335,46.25
qwen25_15b,410,msc_valid,50,uniform,0.2,13,2.1153846153846154,27.5,0.0,0.0,2.1153846153846154,27.5
qwen25_15b,410,msc_valid,50,longllmlingua,0.2,13,2.480769230769231,32.25,0.0,0.0,2.480769230769231,32.25
qwen25_15b,410,msc_valid,50,recency,0.2,13,2.3653846153846154,30.75,0.0,0.0,2.3653846153846154,30.75
qwen25_15b,410,msc_valid,50,lexical_tfidf,0.2,13,2.3076923076923075,30.0,0.0,0.0,2.3076923076923075,30.0
qwen25_15b,410,msc_valid,50,recency_keep_compress_drop,0.2,13,2.394230769230769,31.125,0.0,0.0,2.394230769230769,31.125
qwen25_15b,410,msc_valid,50,uniform,0.35,13,2.394230769230769,31.125,0.0,0.0,2.394230769230769,31.125
qwen25_15b,410,msc_valid,50,longllmlingua,0.35,13,2.519230769230769,32.75,0.0,0.0,2.519230769230769,32.75
qwen25_15b,410,msc_valid,50,recency,0.35,13,2.2788461538461537,29.625,0.0,0.0,2.2788461538461537,29.625
qwen25_15b,410,msc_valid,50,lexical_tfidf,0.35,13,2.2788461538461537,29.625,0.0,0.0,2.2788461538461537,29.625
qwen25_15b,410,msc_valid,50,recency_keep_compress_drop,0.35,13,2.4326923076923075,31.625,0.0,0.0,2.4326923076923075,31.625
qwen25_15b,410,msc_valid,50,uniform,0.5,13,2.3173076923076925,30.125,0.0,0.0,2.3173076923076925,30.125
qwen25_15b,410,msc_valid,50,longllmlingua,0.5,13,2.230769230769231,29.0,0.0,0.0,2.230769230769231,29.0
qwen25_15b,410,msc_valid,50,recency,0.5,13,2.4326923076923075,31.625,0.0,0.0,2.4326923076923075,31.625
qwen25_15b,410,msc_valid,50,lexical_tfidf,0.5,13,2.2115384615384617,28.75,0.0,0.0,2.2115384615384617,28.75
qwen25_15b,410,msc_valid,50,recency_keep_compress_drop,0.5,13,2.2788461538461537,29.625,0.0,0.0,2.2788461538461537,29.625
qwen25_15b,410,msc_valid,54,uniform,0.2,20,2.0125,40.25,0.0,0.0,2.0125,40.25
qwen25_15b,410,msc_valid,54,longllmlingua,0.2,20,2.2125,44.25,0.0,0.0,2.2125,44.25
qwen25_15b,410,msc_valid,54,recency,0.2,20,2.15,43.0,0.0,0.0,2.15,43.0
qwen25_15b,410,msc_valid,54,lexical_tfidf,0.2,20,1.95,39.0,0.0,0.0,1.95,39.0
qwen25_15b,410,msc_valid,54,recency_keep_compress_drop,0.2,20,2.4375,48.75,0.0,0.0,2.4375,48.75
qwen25_15b,410,msc_valid,54,uniform,0.35,20,1.85,37.0,0.0,0.0,1.85,37.0
qwen25_15b,410,msc_valid,54,longllmlingua,0.35,20,2.175,43.5,0.0,0.0,2.175,43.5
qwen25_15b,410,msc_valid,54,recency,0.35,20,2.1625,43.25,0.0,0.0,2.1625,43.25
qwen25_15b,410,msc_valid,54,lexical_tfidf,0.35,20,1.8625,37.25,0.0,0.0,1.8625,37.25
qwen25_15b,410,msc_valid,54,recency_keep_compress_drop,0.35,20,2.2375,44.75,0.0,0.0,2.2375,44.75
qwen25_15b,410,msc_valid,54,uniform,0.5,20,1.925,38.5,0.0,0.0,1.925,38.5
qwen25_15b,410,msc_valid,54,longllmlingua,0.5,20,2.1625,43.25,0.0,0.0,2.1625,43.25
qwen25_15b,410,msc_valid,54,recency,0.5,20,2.0625,41.25,0.0,0.0,2.0625,41.25
qwen25_15b,410,msc_valid,54,lexical_tfidf,0.5,20,1.9,38.0,0.0,0.0,1.9,38.0
qwen25_15b,410,msc_valid,54,recency_keep_compress_drop,0.5,20,2.2125,44.25,0.0,0.0,2.2125,44.25
qwen25_15b,410,msc_valid,58,uniform,0.2,33,2.121212121212121,70.0,0.0,0.0,2.121212121212121,70.0
qwen25_15b,410,msc_valid,58,longllmlingua,0.2,33,2.090909090909091,69.0,0.0,0.0,2.090909090909091,69.0
qwen25_15b,410,msc_valid,58,recency,0.2,33,2.106060606060606,69.5,0.0,0.0,2.106060606060606,69.5
qwen25_15b,410,msc_valid,58,lexical_tfidf,0.2,33,2.090909090909091,69.0,0.0,0.0,2.090909090909091,69.0
qwen25_15b,410,msc_valid,58,recency_keep_compress_drop,0.2,33,2.0606060606060606,68.0,0.0,0.0,2.0606060606060606,68.0
qwen25_15b,410,msc_valid,58,uniform,0.35,33,2.0757575757575757,68.5,0.0,0.0,2.0757575757575757,68.5
qwen25_15b,410,msc_valid,58,longllmlingua,0.35,33,2.121212121212121,70.0,0.0,0.0,2.121212121212121,70.0
qwen25_15b,410,msc_valid,58,recency,0.35,33,2.121212121212121,70.0,0.0,0.0,2.121212121212121,70.0
qwen25_15b,410,msc_valid,58,lexical_tfidf,0.35,33,2.1363636363636362,70.5,0.0,0.0,2.1363636363636362,70.5
qwen25_15b,410,msc_valid,58,recency_keep_compress_drop,0.35,33,2.0757575757575757,68.5,0.0,0.0,2.0757575757575757,68.5
qwen25_15b,410,msc_valid,58,uniform,0.5,0,0.0,0.0,0.0,0.0,0.0,0.0
qwen25_15b,410,msc_valid,58,longllmlingua,0.5,33,2.121212121212121,70.0,0.0,0.0,2.121212121212121,70.0
qwen25_15b,410,msc_valid,58,recency,0.5,0,0.0,0.0,0.0,0.0,0.0,0.0
qwen25_15b,410,msc_valid,58,lexical_tfidf,0.5,0,0.0,0.0,0.0,0.0,0.0,0.0
qwen25_15b,410,msc_valid,58,recency_keep_compress_drop,0.5,0,0.0,0.0,0.0,0.0,0.0,0.0
qwen25_15b,410,msc_valid,62,uniform,0.2,50,2.66,133.0,0.0,0.0,2.66,133.0
qwen25_15b,410,msc_valid,62,longllmlingua,0.2,50,2.62,131.0,0.0,0.0,2.62,131.0
qwen25_15b,410,msc_valid,62,recency,0.2,50,2.56,128.0,0.0,0.0,2.56,128.0
qwen25_15b,410,msc_valid,62,lexical_tfidf,0.2,50,2.51,125.5,0.0,0.0,2.51,125.5
qwen25_15b,410,msc_valid,62,recency_keep_compress_drop,0.2,50,2.51,125.5,0.0,0.0,2.51,125.5
qwen25_15b,410,msc_valid,62,uniform,0.35,50,2.72,136.0,0.0,0.0,2.72,136.0
qwen25_15b,410,msc_valid,62,longllmlingua,0.35,50,2.62,131.0,0.0,0.0,2.62,131.0
qwen25_15b,410,msc_valid,62,recency,0.35,0,0.0,0.0,0.0,0.0,0.0,0.0
qwen25_15b,410,msc_valid,62,lexical_tfidf,0.35,0,0.0,0.0,0.0,0.0,0.0,0.0
qwen25_15b,410,msc_valid,62,recency_keep_compress_drop,0.35,0,0.0,0.0,0.0,0.0,0.0,0.0
qwen25_15b,410,msc_valid,62,uniform,0.5,50,2.64,132.0,0.0,0.0,2.64,132.0
qwen25_15b,410,msc_valid,62,longllmlingua,0.5,50,2.56,128.0,0.0,0.0,2.56,128.0
qwen25_15b,410,msc_valid,62,recency,0.5,0,0.0,0.0,0.0,0.0,0.0,0.0
qwen25_15b,410,msc_valid,62,lexical_tfidf,0.5,0,0.0,0.0,0.0,0.0,0.0,0.0
qwen25_15b,410,msc_valid,62,recency_keep_compress_drop,0.5,0,0.0,0.0,0.0,0.0,0.0,0.0
qwen25_15b,436,msc_valid,4,uniform,0.2,9,5.527777777777778,49.75,5.277777777777778,47.5,0.25,2.25
qwen25_15b,436,msc_valid,4,longllmlingua,0.2,9,4.444444444444445,40.0,5.277777777777778,47.5,-0.833333333333333,-7.5
qwen25_15b,436,msc_valid,4,recency,0.2,9,5.527777777777778,49.75,5.277777777777778,47.5,0.25,2.25
qwen25_15b,436,msc_valid,4,lexical_tfidf,0.2,9,5.527777777777778,49.75,5.277777777777778,47.5,0.25,2.25
qwen25_15b,436,msc_valid,4,recency_keep_compress_drop,0.2,9,5.527777777777778,49.75,5.277777777777778,47.5,0.25,2.25
qwen25_15b,436,msc_valid,4,uniform,0.35,9,5.388888888888889,48.5,5.277777777777778,47.5,0.1111111111111116,1.0
qwen25_15b,436,msc_valid,4,longllmlingua,0.35,9,4.805555555555555,43.25,5.277777777777778,47.5,-0.4722222222222223,-4.25
qwen25_15b,436,msc_valid,4,recency,0.35,9,5.388888888888889,48.5,5.277777777777778,47.5,0.1111111111111116,1.0
qwen25_15b,436,msc_valid,4,lexical_tfidf,0.35,9,5.388888888888889,48.5,5.277777777777778,47.5,0.1111111111111116,1.0
qwen25_15b,436,msc_valid,4,recency_keep_compress_drop,0.35,9,5.388888888888889,48.5,5.277777777777778,47.5,0.1111111111111116,1.0
qwen25_15b,436,msc_valid,4,uniform,0.5,9,5.388888888888889,48.5,5.277777777777778,47.5,0.1111111111111116,1.0
qwen25_15b,436,msc_valid,4,longllmlingua,0.5,9,4.527777777777778,40.75,5.277777777777778,47.5,-0.75,-6.75
qwen25_15b,436,msc_valid,4,recency,0.5,9,5.388888888888889,48.5,5.277777777777778,47.5,0.1111111111111116,1.0
qwen25_15b,436,msc_valid,4,lexical_tfidf,0.5,9,5.388888888888889,48.5,5.277777777777778,47.5,0.1111111111111116,1.0
qwen25_15b,436,msc_valid,4,recency_keep_compress_drop,0.5,9,5.388888888888889,48.5,5.277777777777778,47.5,0.1111111111111116,1.0
qwen25_15b,436,msc_valid,6,uniform,0.2,14,5.321428571428571,74.5,4.571428571428571,64.0,0.75,10.5
qwen25_15b,436,msc_valid,6,longllmlingua,0.2,14,4.517857142857143,63.25,4.571428571428571,64.0,-0.05357142857142794,-0.75
qwen25_15b,436,msc_valid,6,recency,0.2,14,5.428571428571429,76.0,4.571428571428571,64.0,0.8571428571428577,12.0
qwen25_15b,436,msc_valid,6,lexical_tfidf,0.2,14,5.321428571428571,74.5,4.571428571428571,64.0,0.75,10.5
qwen25_15b,436,msc_valid,6,recency_keep_compress_drop,0.2,14,5.321428571428571,74.5,4.571428571428571,64.0,0.75,10.5
qwen25_15b,436,msc_valid,6,uniform,0.35,14,5.357142857142857,75.0,4.571428571428571,64.0,0.7857142857142856,11.0
qwen25_15b,436,msc_valid,6,longllmlingua,0.35,14,4.357142857142857,61.0,4.571428571428571,64.0,-0.2142857142857144,-3.0
qwen25_15b,436,msc_valid,6,recency,0.35,14,5.321428571428571,74.5,4.571428571428571,64.0,0.75,10.5
qwen25_15b,436,msc_valid,6,lexical_tfidf,0.35,14,5.321428571428571,74.5,4.571428571428571,64.0,0.75,10.5
qwen25_15b,436,msc_valid,6,recency_keep_compress_drop,0.35,14,5.321428571428571,74.5,4.571428571428571,64.0,0.75,10.5
qwen25_15b,436,msc_valid,6,uniform,0.5,14,5.214285714285714,73.0,4.571428571428571,64.0,0.6428571428571432,9.0
qwen25_15b,436,msc_valid,6,longllmlingua,0.5,14,4.446428571428571,62.25,4.571428571428571,64.0,-0.125,-1.75
qwen25_15b,436,msc_valid,6,recency,0.5,14,4.857142857142857,68.0,4.571428571428571,64.0,0.2857142857142856,4.0
qwen25_15b,436,msc_valid,6,lexical_tfidf,0.5,14,5.214285714285714,73.0,4.571428571428571,64.0,0.6428571428571432,9.0
qwen25_15b,436,msc_valid,6,recency_keep_compress_drop,0.5,14,5.0,70.0,4.571428571428571,64.0,0.4285714285714288,6.0
qwen25_15b,436,msc_valid,8,uniform,0.2,7,6.75,47.25,5.0,35.0,1.75,12.25
qwen25_15b,436,msc_valid,8,longllmlingua,0.2,7,5.0,35.0,5.0,35.0,0.0,0.0
qwen25_15b,436,msc_valid,8,recency,0.2,7,6.607142857142857,46.25,5.0,35.0,1.6071428571428568,11.25
qwen25_15b,436,msc_valid,8,lexical_tfidf,0.2,7,6.392857142857143,44.75,5.0,35.0,1.3928571428571432,9.75
qwen25_15b,436,msc_valid,8,recency_keep_compress_drop,0.2,7,6.607142857142857,46.25,5.0,35.0,1.6071428571428568,11.25
qwen25_15b,436,msc_valid,8,uniform,0.35,7,6.285714285714286,44.0,5.0,35.0,1.2857142857142856,9.0
qwen25_15b,436,msc_valid,8,longllmlingua,0.35,7,4.482142857142857,31.375,5.0,35.0,-0.5178571428571432,-3.625
qwen25_15b,436,msc_valid,8,recency,0.35,7,6.678571428571429,46.75,5.0,35.0,1.6785714285714288,11.75
qwen25_15b,436,msc_valid,8,lexical_tfidf,0.35,7,6.214285714285714,43.5,5.0,35.0,1.2142857142857144,8.5
qwen25_15b,436,msc_valid,8,recency_keep_compress_drop,0.35,7,6.607142857142857,46.25,5.0,35.0,1.6071428571428568,11.25
qwen25_15b,436,msc_valid,8,uniform,0.5,7,6.5,45.5,5.0,35.0,1.5,10.5
qwen25_15b,436,msc_valid,8,longllmlingua,0.5,7,3.982142857142857,27.875,5.0,35.0,-1.0178571428571428,-7.125
qwen25_15b,436,msc_valid,8,recency,0.5,7,6.392857142857143,44.75,5.0,35.0,1.3928571428571432,9.75
qwen25_15b,436,msc_valid,8,lexical_tfidf,0.5,7,6.107142857142857,42.75,5.0,35.0,1.1071428571428568,7.75
qwen25_15b,436,msc_valid,8,recency_keep_compress_drop,0.5,7,6.107142857142857,42.75,5.0,35.0,1.1071428571428568,7.75
qwen25_15b,436,msc_valid,10,uniform,0.2,17,2.735294117647059,46.5,1.6911764705882353,28.75,1.0441176470588236,17.75
qwen25_15b,436,msc_valid,10,longllmlingua,0.2,17,2.485294117647059,42.25,1.6911764705882353,28.75,0.7941176470588236,13.5
qwen25_15b,436,msc_valid,10,recency,0.2,17,2.2058823529411766,37.5,1.6911764705882353,28.75,0.5147058823529413,8.75
qwen25_15b,436,msc_valid,10,lexical_tfidf,0.2,17,2.735294117647059,46.5,1.6911764705882353,28.75,1.0441176470588236,17.75
qwen25_15b,436,msc_valid,10,recency_keep_compress_drop,0.2,17,2.588235294117647,44.0,1.6911764705882353,28.75,0.8970588235294119,15.25
qwen25_15b,436,msc_valid,10,uniform,0.35,17,2.8676470588235294,48.75,1.6911764705882353,28.75,1.1764705882352942,20.0
qwen25_15b,436,msc_valid,10,longllmlingua,0.35,17,2.5588235294117645,43.5,1.6911764705882353,28.75,0.8676470588235292,14.75
qwen25_15b,436,msc_valid,10,recency,0.35,17,1.9411764705882353,33.0,1.6911764705882353,28.75,0.25,4.25
qwen25_15b,436,msc_valid,10,lexical_tfidf,0.35,17,2.4558823529411766,41.75,1.6911764705882353,28.75,0.7647058823529413,13.0
qwen25_15b,436,msc_valid,10,recency_keep_compress_drop,0.35,17,1.9852941176470589,33.75,1.6911764705882353,28.75,0.2941176470588236,5.0
qwen25_15b,436,msc_valid,10,uniform,0.5,17,2.8529411764705883,48.5,1.6911764705882353,28.75,1.161764705882353,19.75
qwen25_15b,436,msc_valid,10,longllmlingua,0.5,17,2.3676470588235294,40.25,1.6911764705882353,28.75,0.6764705882352942,11.5
qwen25_15b,436,msc_valid,10,recency,0.5,17,1.8529411764705883,31.5,1.6911764705882353,28.75,0.16176470588235303,2.75
qwen25_15b,436,msc_valid,10,lexical_tfidf,0.5,17,2.426470588235294,41.25,1.6911764705882353,28.75,0.7352941176470587,12.5
qwen25_15b,436,msc_valid,10,recency_keep_compress_drop,0.5,17,1.8235294117647058,31.0,1.6911764705882353,28.75,0.13235294117647056,2.25
qwen25_15b,436,msc_valid,12,uniform,0.2,15,3.1666666666666665,47.5,2.6666666666666665,40.0,0.5,7.5
qwen25_15b,436,msc_valid,12,longllmlingua,0.2,15,2.35,35.25,2.6666666666666665,40.0,-0.31666666666666643,-4.75
qwen25_15b,436,msc_valid,12,recency,0.2,15,3.216666666666667,48.25,2.6666666666666665,40.0,0.5500000000000003,8.25
qwen25_15b,436,msc_valid,12,lexical_tfidf,0.2,15,3.0833333333333335,46.25,2.6666666666666665,40.0,0.41666666666666696,6.25
qwen25_15b,436,msc_valid,12,recency_keep_compress_drop,0.2,15,2.7666666666666666,41.5,2.6666666666666665,40.0,0.10000000000000009,1.5
qwen25_15b,436,msc_valid,12,uniform,0.35,15,3.216666666666667,48.25,2.6666666666666665,40.0,0.5500000000000003,8.25
qwen25_15b,436,msc_valid,12,longllmlingua,0.35,15,2.2666666666666666,34.0,2.6666666666666665,40.0,-0.3999999999999999,-6.0
qwen25_15b,436,msc_valid,12,recency,0.35,15,2.7333333333333334,41.0,2.6666666666666665,40.0,0.06666666666666687,1.0
qwen25_15b,436,msc_valid,12,lexical_tfidf,0.35,15,2.9,43.5,2.6666666666666665,40.0,0.2333333333333334,3.5
qwen25_15b,436,msc_valid,12,recency_keep_compress_drop,0.35,15,2.8666666666666667,43.0,2.6666666666666665,40.0,0.20000000000000018,3.0
qwen25_15b,436,msc_valid,12,uniform,0.5,15,2.966666666666667,44.5,2.6666666666666665,40.0,0.30000000000000027,4.5
qwen25_15b,436,msc_valid,12,longllmlingua,0.5,15,2.45,36.75,2.6666666666666665,40.0,-0.21666666666666634,-3.25
qwen25_15b,436,msc_valid,12,recency,0.5,15,2.6,39.0,2.6666666666666665,40.0,-0.06666666666666643,-1.0
qwen25_15b,436,msc_valid,12,lexical_tfidf,0.5,15,2.933333333333333,44.0,2.6666666666666665,40.0,0.2666666666666666,4.0
qwen25_15b,436,msc_valid,12,recency_keep_compress_drop,0.5,15,2.8833333333333333,43.25,2.6666666666666665,40.0,0.21666666666666679,3.25
qwen25_15b,439,msc_valid,4,uniform,0.2,21,4.238095238095238,89.0,3.6904761904761907,77.5,0.5476190476190474,11.5
qwen25_15b,439,msc_valid,4,longllmlingua,0.2,21,3.619047619047619,76.0,3.6904761904761907,77.5,-0.07142857142857162,-1.5
qwen25_15b,439,msc_valid,4,recency,0.2,21,4.238095238095238,89.0,3.6904761904761907,77.5,0.5476190476190474,11.5
qwen25_15b,439,msc_valid,4,lexical_tfidf,0.2,21,4.238095238095238,89.0,3.6904761904761907,77.5,0.5476190476190474,11.5
qwen25_15b,439,msc_valid,4,recency_keep_compress_drop,0.2,21,4.238095238095238,89.0,3.6904761904761907,77.5,0.5476190476190474,11.5
qwen25_15b,439,msc_valid,4,uniform,0.35,21,3.7857142857142856,79.5,3.6904761904761907,77.5,0.0952380952380949,2.0
qwen25_15b,439,msc_valid,4,longllmlingua,0.35,21,3.5238095238095237,74.0,3.6904761904761907,77.5,-0.16666666666666696,-3.5
qwen25_15b,439,msc_valid,4,recency,0.35,21,3.7857142857142856,79.5,3.6904761904761907,77.5,0.0952380952380949,2.0
qwen25_15b,439,msc_valid,4,lexical_tfidf,0.35,21,3.7857142857142856,79.5,3.6904761904761907,77.5,0.0952380952380949,2.0
qwen25_15b,439,msc_valid,4,recency_keep_compress_drop,0.35,21,3.7857142857142856,79.5,3.6904761904761907,77.5,0.0952380952380949,2.0
qwen25_15b,439,msc_valid,4,uniform,0.5,21,3.7857142857142856,79.5,3.6904761904761907,77.5,0.0952380952380949,2.0
qwen25_15b,439,msc_valid,4,longllmlingua,0.5,21,3.5952380952380953,75.5,3.6904761904761907,77.5,-0.09523809523809534,-2.0
qwen25_15b,439,msc_valid,4,recency,0.5,21,3.7857142857142856,79.5,3.6904761904761907,77.5,0.0952380952380949,2.0
qwen25_15b,439,msc_valid,4,lexical_tfidf,0.5,21,3.7857142857142856,79.5,3.6904761904761907,77.5,0.0952380952380949,2.0
qwen25_15b,439,msc_valid,4,recency_keep_compress_drop,0.5,21,3.7857142857142856,79.5,3.6904761904761907,77.5,0.0952380952380949,2.0
qwen25_15b,439,msc_valid,8,uniform,0.2,12,3.3333333333333335,40.0,3.1666666666666665,38.0,0.16666666666666696,2.0
qwen25_15b,439,msc_valid,8,longllmlingua,0.2,12,3.1666666666666665,38.0,3.1666666666666665,38.0,0.0,0.0
qwen25_15b,439,msc_valid,8,recency,0.2,12,3.2916666666666665,39.5,3.1666666666666665,38.0,0.125,1.5
qwen25_15b,439,msc_valid,8,lexical_tfidf,0.2,12,3.5416666666666665,42.5,3.1666666666666665,38.0,0.375,4.5
qwen25_15b,439,msc_valid,8,recency_keep_compress_drop,0.2,12,3.2916666666666665,39.5,3.1666666666666665,38.0,0.125,1.5
qwen25_15b,439,msc_valid,8,uniform,0.35,12,3.3541666666666665,40.25,3.1666666666666665,38.0,0.1875,2.25
qwen25_15b,439,msc_valid,8,longllmlingua,0.35,12,3.2291666666666665,38.75,3.1666666666666665,38.0,0.0625,0.75
qwen25_15b,439,msc_valid,8,recency,0.35,12,3.3333333333333335,40.0,3.1666666666666665,38.0,0.16666666666666696,2.0
qwen25_15b,439,msc_valid,8,lexical_tfidf,0.35,12,3.4583333333333335,41.5,3.1666666666666665,38.0,0.29166666666666696,3.5
qwen25_15b,439,msc_valid,8,recency_keep_compress_drop,0.35,12,3.2916666666666665,39.5,3.1666666666666665,38.0,0.125,1.5
qwen25_15b,439,msc_valid,8,uniform,0.5,12,3.2708333333333335,39.25,3.1666666666666665,38.0,0.10416666666666696,1.25
qwen25_15b,439,msc_valid,8,longllmlingua,0.5,12,3.1875,38.25,3.1666666666666665,38.0,0.02083333333333348,0.25
qwen25_15b,439,msc_valid,8,recency,0.5,12,3.25,39.0,3.1666666666666665,38.0,0.08333333333333348,1.0
qwen25_15b,439,msc_valid,8,lexical_tfidf,0.5,12,3.5416666666666665,42.5,3.1666666666666665,38.0,0.375,4.5
qwen25_15b,439,msc_valid,8,recency_keep_compress_drop,0.5,12,3.0833333333333335,37.0,3.1666666666666665,38.0,-0.08333333333333304,-1.0
qwen25_15b,439,msc_valid,12,uniform,0.2,19,4.5,85.5,3.8947368421052633,74.0,0.6052631578947367,11.5
qwen25_15b,439,msc_valid,12,longllmlingua,0.2,19,4.2894736842105265,81.5,3.8947368421052633,74.0,0.3947368421052633,7.5
qwen25_15b,439,msc_valid,12,recency,0.2,19,4.315789473684211,82.0,3.8947368421052633,74.0,0.42105263157894735,8.0
qwen25_15b,439,msc_valid,12,lexical_tfidf,0.2,19,4.2631578947368425,81.0,3.8947368421052633,74.0,0.3684210526315792,7.0
qwen25_15b,439,msc_valid,12,recency_keep_compress_drop,0.2,19,4.315789473684211,82.0,3.8947368421052633,74.0,0.42105263157894735,8.0
qwen25_15b,439,msc_valid,12,uniform,0.35,19,4.2105263157894735,80.0,3.8947368421052633,74.0,0.3157894736842102,6.0
qwen25_15b,439,msc_valid,12,longllmlingua,0.35,19,3.8421052631578947,73.0,3.8947368421052633,74.0,-0.052631578947368585,-1.0
qwen25_15b,439,msc_valid,12,recency,0.35,19,4.2368421052631575,80.5,3.8947368421052633,74.0,0.34210526315789425,6.5
qwen25_15b,439,msc_valid,12,lexical_tfidf,0.35,19,4.105263157894737,78.0,3.8947368421052633,74.0,0.2105263157894739,4.0
qwen25_15b,439,msc_valid,12,recency_keep_compress_drop,0.35,19,4.052631578947368,77.0,3.8947368421052633,74.0,0.15789473684210487,3.0
qwen25_15b,439,msc_valid,12,uniform,0.5,19,4.078947368421052,77.5,3.8947368421052633,74.0,0.18421052631578894,3.5
qwen25_15b,439,msc_valid,12,longllmlingua,0.5,19,3.9473684210526314,75.0,3.8947368421052633,74.0,0.05263157894736814,1.0
qwen25_15b,439,msc_valid,12,recency,0.5,19,4.052631578947368,77.0,3.8947368421052633,74.0,0.15789473684210487,3.0
qwen25_15b,439,msc_valid,12,lexical_tfidf,0.5,19,4.2105263157894735,80.0,3.8947368421052633,74.0,0.3157894736842102,6.0
qwen25_15b,439,msc_valid,12,recency_keep_compress_drop,0.5,19,4.0,76.0,3.8947368421052633,74.0,0.10526315789473673,2.0
qwen25_15b,439,msc_valid,14,uniform,0.2,17,1.6911764705882353,28.75,1.7941176470588236,30.5,-0.10294117647058831,-1.75
qwen25_15b,439,msc_valid,14,longllmlingua,0.2,17,1.7426470588235294,29.625,1.7941176470588236,30.5,-0.05147058823529416,-0.875
qwen25_15b,439,msc_valid,14,recency,0.2,17,1.7647058823529411,30.0,1.7941176470588236,30.5,-0.02941176470588247,-0.5
qwen25_15b,439,msc_valid,14,lexical_tfidf,0.2,17,1.838235294117647,31.25,1.7941176470588236,30.5,0.04411764705882337,0.75
qwen25_15b,439,msc_valid,14,recency_keep_compress_drop,0.2,17,1.7647058823529411,30.0,1.7941176470588236,30.5,-0.02941176470588247,-0.5
qwen25_15b,439,msc_valid,14,uniform,0.35,17,1.6764705882352942,28.5,1.7941176470588236,30.5,-0.11764705882352944,-2.0
qwen25_15b,439,msc_valid,14,longllmlingua,0.35,17,1.7794117647058822,30.25,1.7941176470588236,30.5,-0.014705882352941346,-0.25
qwen25_15b,439,msc_valid,14,recency,0.35,17,1.7352941176470589,29.5,1.7941176470588236,30.5,-0.05882352941176472,-1.0
qwen25_15b,439,msc_valid,14,lexical_tfidf,0.35,17,1.8602941176470589,31.625,1.7941176470588236,30.5,0.06617647058823528,1.125
qwen25_15b,439,msc_valid,14,recency_keep_compress_drop,0.35,17,1.7941176470588236,30.5,1.7941176470588236,30.5,0.0,0.0
qwen25_15b,439,msc_valid,14,uniform,0.5,17,1.8308823529411764,31.125,1.7941176470588236,30.5,0.03676470588235281,0.625
qwen25_15b,439,msc_valid,14,longllmlingua,0.5,17,1.875,31.875,1.7941176470588236,30.5,0.0808823529411764,1.375
qwen25_15b,439,msc_valid,14,recency,0.5,17,1.786764705882353,30.375,1.7941176470588236,30.5,-0.007352941176470562,-0.125
qwen25_15b,439,msc_valid,14,lexical_tfidf,0.5,17,1.8602941176470589,31.625,1.7941176470588236,30.5,0.06617647058823528,1.125
qwen25_15b,439,msc_valid,14,recency_keep_compress_drop,0.5,17,1.7720588235294117,30.125,1.7941176470588236,30.5,-0.02205882352941191,-0.375
qwen25_15b,439,msc_valid,18,uniform,0.2,42,2.8214285714285716,118.5,2.738095238095238,115.0,0.08333333333333348,3.5
qwen25_15b,439,msc_valid,18,longllmlingua,0.2,42,2.7142857142857144,114.0,2.738095238095238,115.0,-0.023809523809523725,-1.0
qwen25_15b,439,msc_valid,18,recency,0.2,42,2.7738095238095237,116.5,2.738095238095238,115.0,0.03571428571428559,1.5
qwen25_15b,439,msc_valid,18,lexical_tfidf,0.2,42,2.8333333333333335,119.0,2.738095238095238,115.0,0.09523809523809534,4.0
qwen25_15b,439,msc_valid,18,recency_keep_compress_drop,0.2,42,2.8095238095238093,118.0,2.738095238095238,115.0,0.07142857142857117,3.0
qwen25_15b,439,msc_valid,18,uniform,0.35,42,2.8452380952380953,119.5,2.738095238095238,115.0,0.1071428571428572,4.5
qwen25_15b,439,msc_valid,18,longllmlingua,0.35,42,2.6785714285714284,112.5,2.738095238095238,115.0,-0.059523809523809756,-2.5
qwen25_15b,439,msc_valid,18,recency,0.35,42,2.7142857142857144,114.0,2.738095238095238,115.0,-0.023809523809523725,-1.0
qwen25_15b,439,msc_valid,18,lexical_tfidf,0.35,42,2.7976190476190474,117.5,2.738095238095238,115.0,0.05952380952380931,2.5
qwen25_15b,439,msc_valid,18,recency_keep_compress_drop,0.35,42,2.8333333333333335,119.0,2.738095238095238,115.0,0.09523809523809534,4.0
qwen25_15b,439,msc_valid,18,uniform,0.5,42,2.857142857142857,120.0,2.738095238095238,115.0,0.11904761904761907,5.0
qwen25_15b,439,msc_valid,18,longllmlingua,0.5,42,2.6785714285714284,112.5,2.738095238095238,115.0,-0.059523809523809756,-2.5
qwen25_15b,439,msc_valid,18,recency,0.5,42,2.7142857142857144,114.0,2.738095238095238,115.0,-0.023809523809523725,-1.0
qwen25_15b,439,msc_valid,18,lexical_tfidf,0.5,42,2.75,115.5,2.738095238095238,115.0,0.011904761904761862,0.5
qwen25_15b,439,msc_valid,18,recency_keep_compress_drop,0.5,42,2.7023809523809526,113.5,2.738095238095238,115.0,-0.03571428571428559,-1.5
qwen25_15b,439,msc_valid,22,uniform,0.2,48,2.3229166666666665,111.5,2.2395833333333335,107.5,0.08333333333333304,4.0
qwen25_15b,439,msc_valid,22,longllmlingua,0.2,48,2.4375,117.0,2.2395833333333335,107.5,0.19791666666666652,9.5
qwen25_15b,439,msc_valid,22,recency,0.2,48,2.34375,112.5,2.2395833333333335,107.5,0.10416666666666652,5.0
qwen25_15b,439,msc_valid,22,lexical_tfidf,0.2,48,2.3229166666666665,111.5,2.2395833333333335,107.5,0.08333333333333304,4.0
qwen25_15b,439,msc_valid,22,recency_keep_compress_drop,0.2,48,2.2916666666666665,110.0,2.2395833333333335,107.5,0.05208333333333304,2.5
qwen25_15b,439,msc_valid,22,uniform,0.35,48,2.28125,109.5,2.2395833333333335,107.5,0.04166666666666652,2.0
qwen25_15b,439,msc_valid,22,longllmlingua,0.35,48,2.375,114.0,2.2395833333333335,107.5,0.13541666666666652,6.5
qwen25_15b,439,msc_valid,22,recency,0.35,48,2.28125,109.5,2.2395833333333335,107.5,0.04166666666666652,2.0
qwen25_15b,439,msc_valid,22,lexical_tfidf,0.35,48,2.2708333333333335,109.0,2.2395833333333335,107.5,0.03125,1.5
qwen25_15b,439,msc_valid,22,recency_keep_compress_drop,0.35,48,2.3020833333333335,110.5,2.2395833333333335,107.5,0.0625,3.0
qwen25_15b,439,msc_valid,22,uniform,0.5,48,2.28125,109.5,2.2395833333333335,107.5,0.04166666666666652,2.0
qwen25_15b,439,msc_valid,22,longllmlingua,0.5,48,2.3645833333333335,113.5,2.2395833333333335,107.5,0.125,6.0
qwen25_15b,439,msc_valid,22,recency,0.5,48,2.2916666666666665,110.0,2.2395833333333335,107.5,0.05208333333333304,2.5
qwen25_15b,439,msc_valid,22,lexical_tfidf,0.5,48,2.2708333333333335,109.0,2.2395833333333335,107.5,0.03125,1.5
qwen25_15b,439,msc_valid,22,recency_keep_compress_drop,0.5,48,2.25,108.0,2.2395833333333335,107.5,0.010416666666666519,0.5
qwen25_15b,439,msc_valid,26,uniform,0.2,36,4.277777777777778,154.0,4.111111111111111,148.0,0.16666666666666696,6.0
qwen25_15b,439,msc_valid,26,longllmlingua,0.2,36,4.416666666666667,159.0,4.111111111111111,148.0,0.30555555555555625,11.0
qwen25_15b,439,msc_valid,26,recency,0.2,36,4.388888888888889,158.0,4.111111111111111,148.0,0.27777777777777857,10.0
qwen25_15b,439,msc_valid,26,lexical_tfidf,0.2,36,4.222222222222222,152.0,4.111111111111111,148.0,0.1111111111111116,4.0
qwen25_15b,439,msc_valid,26,recency_keep_compress_drop,0.2,36,4.305555555555555,155.0,4.111111111111111,148.0,0.19444444444444464,7.0
qwen25_15b,439,msc_valid,26,uniform,0.35,36,4.222222222222222,152.0,4.111111111111111,148.0,0.1111111111111116,4.0
qwen25_15b,439,msc_valid,26,longllmlingua,0.35,36,4.25,153.0,4.111111111111111,148.0,0.13888888888888928,5.0
qwen25_15b,439,msc_valid,26,recency,0.35,36,4.222222222222222,152.0,4.111111111111111,148.0,0.1111111111111116,4.0
qwen25_15b,439,msc_valid,26,lexical_tfidf,0.35,36,4.194444444444445,151.0,4.111111111111111,148.0,0.08333333333333393,3.0
qwen25_15b,439,msc_valid,26,recency_keep_compress_drop,0.35,36,4.25,153.0,4.111111111111111,148.0,0.13888888888888928,5.0
qwen25_15b,439,msc_valid,26,uniform,0.5,36,4.166666666666667,150.0,4.111111111111111,148.0,0.055555555555556246,2.0
qwen25_15b,439,msc_valid,26,longllmlingua,0.5,36,4.194444444444445,151.0,4.111111111111111,148.0,0.08333333333333393,3.0
qwen25_15b,439,msc_valid,26,recency,0.5,36,4.222222222222222,152.0,4.111111111111111,148.0,0.1111111111111116,4.0
qwen25_15b,439,msc_valid,26,lexical_tfidf,0.5,36,4.277777777777778,154.0,4.111111111111111,148.0,0.16666666666666696,6.0
qwen25_15b,439,msc_valid,26,recency_keep_compress_drop,0.5,36,4.277777777777778,154.0,4.111111111111111,148.0,0.16666666666666696,6.0
qwen25_15b,439,msc_valid,30,uniform,0.2,27,3.5,94.5,3.4814814814814814,94.0,0.0185185185185186,0.5
qwen25_15b,439,msc_valid,30,longllmlingua,0.2,27,3.5,94.5,3.4814814814814814,94.0,0.0185185185185186,0.5
qwen25_15b,439,msc_valid,30,recency,0.2,27,3.259259259259259,88.0,3.4814814814814814,94.0,-0.22222222222222232,-6.0
qwen25_15b,439,msc_valid,30,lexical_tfidf,0.2,27,3.4814814814814814,94.0,3.4814814814814814,94.0,0.0,0.0
qwen25_15b,439,msc_valid,30,recency_keep_compress_drop,0.2,27,3.4814814814814814,94.0,3.4814814814814814,94.0,0.0,0.0
qwen25_15b,439,msc_valid,30,uniform,0.35,27,3.5,94.5,3.4814814814814814,94.0,0.0185185185185186,0.5
qwen25_15b,439,msc_valid,30,longllmlingua,0.35,27,3.4814814814814814,94.0,3.4814814814814814,94.0,0.0,0.0
qwen25_15b,439,msc_valid,30,recency,0.35,27,3.3333333333333335,90.0,3.4814814814814814,94.0,-0.14814814814814792,-4.0
qwen25_15b,439,msc_valid,30,lexical_tfidf,0.35,27,3.4074074074074074,92.0,3.4814814814814814,94.0,-0.07407407407407396,-2.0
qwen25_15b,439,msc_valid,30,recency_keep_compress_drop,0.35,27,3.4074074074074074,92.0,3.4814814814814814,94.0,-0.07407407407407396,-2.0
qwen25_15b,439,msc_valid,30,uniform,0.5,27,3.4814814814814814,94.0,3.4814814814814814,94.0,0.0,0.0
qwen25_15b,439,msc_valid,30,longllmlingua,0.5,27,3.5185185185185186,95.0,3.4814814814814814,94.0,0.0370370370370372,1.0
qwen25_15b,439,msc_valid,30,recency,0.5,27,3.3703703703703702,91.0,3.4814814814814814,94.0,-0.11111111111111116,-3.0
qwen25_15b,439,msc_valid,30,lexical_tfidf,0.5,27,3.5,94.5,3.4814814814814814,94.0,0.0185185185185186,0.5
qwen25_15b,439,msc_valid,30,recency_keep_compress_drop,0.5,27,3.388888888888889,91.5,3.4814814814814814,94.0,-0.09259259259259256,-2.5
qwen25_15b,439,msc_valid,32,uniform,0.2,41,3.2439024390243905,133.0,2.841463414634146,116.5,0.40243902439024426,16.5
qwen25_15b,439,msc_valid,32,longllmlingua,0.2,41,3.073170731707317,126.0,2.841463414634146,116.5,0.23170731707317094,9.5
qwen25_15b,439,msc_valid,32,recency,0.2,41,3.1463414634146343,129.0,2.841463414634146,116.5,0.3048780487804881,12.5
qwen25_15b,439,msc_valid,32,lexical_tfidf,0.2,41,3.1219512195121952,128.0,2.841463414634146,116.5,0.28048780487804903,11.5
qwen25_15b,439,msc_valid,32,recency_keep_compress_drop,0.2,41,3.317073170731707,136.0,2.841463414634146,116.5,0.47560975609756095,19.5
qwen25_15b,439,msc_valid,32,uniform,0.35,41,3.268292682926829,134.0,2.841463414634146,116.5,0.42682926829268286,17.5
qwen25_15b,439,msc_valid,32,longllmlingua,0.35,41,2.9146341463414633,119.5,2.841463414634146,116.5,0.07317073170731714,3.0
qwen25_15b,439,msc_valid,32,recency,0.35,41,3.1219512195121952,128.0,2.841463414634146,116.5,0.28048780487804903,11.5
qwen25_15b,439,msc_valid,32,lexical_tfidf,0.35,41,3.1707317073170733,130.0,2.841463414634146,116.5,0.3292682926829271,13.5
qwen25_15b,439,msc_valid,32,recency_keep_compress_drop,0.35,41,3.1219512195121952,128.0,2.841463414634146,116.5,0.28048780487804903,11.5
qwen25_15b,439,msc_valid,32,uniform,0.5,41,3.073170731707317,126.0,2.841463414634146,116.5,0.23170731707317094,9.5
qwen25_15b,439,msc_valid,32,longllmlingua,0.5,41,2.9390243902439024,120.5,2.841463414634146,116.5,0.09756097560975618,4.0
qwen25_15b,439,msc_valid,32,recency,0.5,41,3.1219512195121952,128.0,2.841463414634146,116.5,0.28048780487804903,11.5
qwen25_15b,439,msc_valid,32,lexical_tfidf,0.5,41,3.1707317073170733,130.0,2.841463414634146,116.5,0.3292682926829271,13.5
qwen25_15b,439,msc_valid,32,recency_keep_compress_drop,0.5,41,2.9634146341463414,121.5,2.841463414634146,116.5,0.12195121951219523,5.0
qwen25_15b,439,msc_valid,36,uniform,0.2,25,1.195,29.875,0.0,0.0,1.195,29.875
qwen25_15b,439,msc_valid,36,longllmlingua,0.2,25,1.265,31.625,0.0,0.0,1.265,31.625
qwen25_15b,439,msc_valid,36,recency,0.2,25,1.265,31.625,0.0,0.0,1.265,31.625
qwen25_15b,439,msc_valid,36,lexical_tfidf,0.2,25,1.17,29.25,0.0,0.0,1.17,29.25
qwen25_15b,439,msc_valid,36,recency_keep_compress_drop,0.2,25,1.24,31.0,0.0,0.0,1.24,31.0
qwen25_15b,439,msc_valid,36,uniform,0.35,25,1.215,30.375,0.0,0.0,1.215,30.375
qwen25_15b,439,msc_valid,36,longllmlingua,0.35,25,1.23,30.75,0.0,0.0,1.23,30.75
qwen25_15b,439,msc_valid,36,recency,0.35,25,1.25,31.25,0.0,0.0,1.25,31.25
qwen25_15b,439,msc_valid,36,lexical_tfidf,0.35,25,1.19,29.75,0.0,0.0,1.19,29.75
qwen25_15b,439,msc_valid,36,recency_keep_compress_drop,0.35,25,1.22,30.5,0.0,0.0,1.22,30.5
qwen25_15b,439,msc_valid,36,uniform,0.5,25,1.165,29.125,0.0,0.0,1.165,29.125
qwen25_15b,439,msc_valid,36,longllmlingua,0.5,25,1.145,28.625,0.0,0.0,1.145,28.625
qwen25_15b,439,msc_valid,36,recency,0.5,25,1.21,30.25,0.0,0.0,1.21,30.25
qwen25_15b,439,msc_valid,36,lexical_tfidf,0.5,25,1.165,29.125,0.0,0.0,1.165,29.125
qwen25_15b,439,msc_valid,36,recency_keep_compress_drop,0.5,25,1.185,29.625,0.0,0.0,1.185,29.625
qwen25_15b,439,msc_valid,40,uniform,0.2,19,2.3026315789473686,43.75,0.0,0.0,2.3026315789473686,43.75
qwen25_15b,439,msc_valid,40,longllmlingua,0.2,19,2.3421052631578947,44.5,0.0,0.0,2.3421052631578947,44.5
qwen25_15b,439,msc_valid,40,recency,0.2,19,2.289473684210526,43.5,0.0,0.0,2.289473684210526,43.5
qwen25_15b,439,msc_valid,40,lexical_tfidf,0.2,19,2.1315789473684212,40.5,0.0,0.0,2.1315789473684212,40.5
qwen25_15b,439,msc_valid,40,recency_keep_compress_drop,0.2,19,2.0921052631578947,39.75,0.0,0.0,2.0921052631578947,39.75
qwen25_15b,439,msc_valid,40,uniform,0.35,19,2.236842105263158,42.5,0.0,0.0,2.236842105263158,42.5
qwen25_15b,439,msc_valid,40,longllmlingua,0.35,19,2.3684210526315788,45.0,0.0,0.0,2.3684210526315788,45.0
qwen25_15b,439,msc_valid,40,recency,0.35,19,2.039473684210526,38.75,0.0,0.0,2.039473684210526,38.75
qwen25_15b,439,msc_valid,40,lexical_tfidf,0.35,19,2.1710526315789473,41.25,0.0,0.0,2.1710526315789473,41.25
qwen25_15b,439,msc_valid,40,recency_keep_compress_drop,0.35,19,2.236842105263158,42.5,0.0,0.0,2.236842105263158,42.5
qwen25_15b,439,msc_valid,40,uniform,0.5,19,2.210526315789474,42.0,0.0,0.0,2.210526315789474,42.0
qwen25_15b,439,msc_valid,40,longllmlingua,0.5,19,2.3684210526315788,45.0,0.0,0.0,2.3684210526315788,45.0
qwen25_15b,439,msc_valid,40,recency,0.5,19,2.0657894736842106,39.25,0.0,0.0,2.0657894736842106,39.25
qwen25_15b,439,msc_valid,40,lexical_tfidf,0.5,19,2.1578947368421053,41.0,0.0,0.0,2.1578947368421053,41.0
qwen25_15b,439,msc_valid,40,recency_keep_compress_drop,0.5,19,2.1184210526315788,40.25,0.0,0.0,2.1184210526315788,40.25
qwen25_15b,439,msc_valid,44,uniform,0.2,11,3.8863636363636362,42.75,0.0,0.0,3.8863636363636362,42.75
qwen25_15b,439,msc_valid,44,longllmlingua,0.2,11,4.431818181818182,48.75,0.0,0.0,4.431818181818182,48.75
qwen25_15b,439,msc_valid,44,recency,0.2,11,3.9318181818181817,43.25,0.0,0.0,3.9318181818181817,43.25
qwen25_15b,439,msc_valid,44,lexical_tfidf,0.2,11,3.7954545454545454,41.75,0.0,0.0,3.7954545454545454,41.75
qwen25_15b,439,msc_valid,44,recency_keep_compress_drop,0.2,11,3.6818181818181817,40.5,0.0,0.0,3.6818181818181817,40.5
qwen25_15b,439,msc_valid,44,uniform,0.35,11,3.5,38.5,0.0,0.0,3.5,38.5
qwen25_15b,439,msc_valid,44,longllmlingua,0.35,11,4.431818181818182,48.75,0.0,0.0,4.431818181818182,48.75
qwen25_15b,439,msc_valid,44,recency,0.35,11,3.772727272727273,41.5,0.0,0.0,3.772727272727273,41.5
qwen25_15b,439,msc_valid,44,lexical_tfidf,0.35,11,3.659090909090909,40.25,0.0,0.0,3.659090909090909,40.25
qwen25_15b,439,msc_valid,44,recency_keep_compress_drop,0.35,11,3.727272727272727,41.0,0.0,0.0,3.727272727272727,41.0
qwen25_15b,439,msc_valid,44,uniform,0.5,11,3.5,38.5,0.0,0.0,3.5,38.5
qwen25_15b,439,msc_valid,44,longllmlingua,0.5,11,4.840909090909091,53.25,0.0,0.0,4.840909090909091,53.25
qwen25_15b,439,msc_valid,44,recency,0.5,11,3.3863636363636362,37.25,0.0,0.0,3.3863636363636362,37.25
qwen25_15b,439,msc_valid,44,lexical_tfidf,0.5,11,3.659090909090909,40.25,0.0,0.0,3.659090909090909,40.25
qwen25_15b,439,msc_valid,44,recency_keep_compress_drop,0.5,11,3.6136363636363638,39.75,0.0,0.0,3.6136363636363638,39.75
qwen25_15b,439,msc_valid,48,uniform,0.2,17,2.911764705882353,49.5,0.0,0.0,2.911764705882353,49.5
qwen25_15b,439,msc_valid,48,longllmlingua,0.2,17,2.7058823529411766,46.0,0.0,0.0,2.7058823529411766,46.0
qwen25_15b,439,msc_valid,48,recency,0.2,17,2.764705882352941,47.0,0.0,0.0,2.764705882352941,47.0
qwen25_15b,439,msc_valid,48,lexical_tfidf,0.2,17,2.9411764705882355,50.0,0.0,0.0,2.9411764705882355,50.0
qwen25_15b,439,msc_valid,48,recency_keep_compress_drop,0.2,17,2.8823529411764706,49.0,0.0,0.0,2.8823529411764706,49.0
qwen25_15b,439,msc_valid,48,uniform,0.35,17,2.926470588235294,49.75,0.0,0.0,2.926470588235294,49.75
qwen25_15b,439,msc_valid,48,longllmlingua,0.35,17,2.676470588235294,45.5,0.0,0.0,2.676470588235294,45.5
qwen25_15b,439,msc_valid,48,recency,0.35,17,2.823529411764706,48.0,0.0,0.0,2.823529411764706,48.0
qwen25_15b,439,msc_valid,48,lexical_tfidf,0.35,17,2.9705882352941178,50.5,0.0,0.0,2.9705882352941178,50.5
qwen25_15b,439,msc_valid,48,recency_keep_compress_drop,0.35,17,2.8823529411764706,49.0,0.0,0.0,2.8823529411764706,49.0
qwen25_15b,439,msc_valid,48,uniform,0.5,17,2.838235294117647,48.25,0.0,0.0,2.838235294117647,48.25
qwen25_15b,439,msc_valid,48,longllmlingua,0.5,17,2.8088235294117645,47.75,0.0,0.0,2.8088235294117645,47.75
qwen25_15b,439,msc_valid,48,recency,0.5,17,2.8088235294117645,47.75,0.0,0.0,2.8088235294117645,47.75
qwen25_15b,439,msc_valid,48,lexical_tfidf,0.5,17,2.9705882352941178,50.5,0.0,0.0,2.9705882352941178,50.5
qwen25_15b,439,msc_valid,48,recency_keep_compress_drop,0.5,17,2.8529411764705883,48.5,0.0,0.0,2.8529411764705883,48.5
qwen25_15b,439,msc_valid,50,uniform,0.2,40,2.4625,98.5,0.0,0.0,2.4625,98.5
qwen25_15b,439,msc_valid,50,longllmlingua,0.2,40,2.525,101.0,0.0,0.0,2.525,101.0
qwen25_15b,439,msc_valid,50,recency,0.2,40,2.4375,97.5,0.0,0.0,2.4375,97.5
qwen25_15b,439,msc_valid,50,lexical_tfidf,0.2,40,2.4625,98.5,0.0,0.0,2.4625,98.5
qwen25_15b,439,msc_valid,50,recency_keep_compress_drop,0.2,40,2.4625,98.5,0.0,0.0,2.4625,98.5
qwen25_15b,439,msc_valid,50,uniform,0.35,40,2.5,100.0,0.0,0.0,2.5,100.0
qwen25_15b,439,msc_valid,50,longllmlingua,0.35,40,2.5,100.0,0.0,0.0,2.5,100.0
qwen25_15b,439,msc_valid,50,recency,0.35,40,2.375,95.0,0.0,0.0,2.375,95.0
qwen25_15b,439,msc_valid,50,lexical_tfidf,0.35,40,2.475,99.0,0.0,0.0,2.475,99.0
qwen25_15b,439,msc_valid,50,recency_keep_compress_drop,0.35,40,2.3375,93.5,0.0,0.0,2.3375,93.5
qwen25_15b,439,msc_valid,50,uniform,0.5,40,2.325,93.0,0.0,0.0,2.325,93.0
qwen25_15b,439,msc_valid,50,longllmlingua,0.5,40,2.4625,98.5,0.0,0.0,2.4625,98.5
qwen25_15b,439,msc_valid,50,recency,0.5,40,2.3375,93.5,0.0,0.0,2.3375,93.5
qwen25_15b,439,msc_valid,50,lexical_tfidf,0.5,40,2.5125,100.5,0.0,0.0,2.5125,100.5
qwen25_15b,439,msc_valid,50,recency_keep_compress_drop,0.5,40,2.2375,89.5,0.0,0.0,2.2375,89.5
qwen25_15b,439,msc_valid,54,uniform,0.2,35,2.142857142857143,75.0,0.0,0.0,2.142857142857143,75.0
qwen25_15b,439,msc_valid,54,longllmlingua,0.2,35,2.2714285714285714,79.5,0.0,0.0,2.2714285714285714,79.5
qwen25_15b,439,msc_valid,54,recency,0.2,35,2.1857142857142855,76.5,0.0,0.0,2.1857142857142855,76.5
qwen25_15b,439,msc_valid,54,lexical_tfidf,0.2,35,2.1142857142857143,74.0,0.0,0.0,2.1142857142857143,74.0
qwen25_15b,439,msc_valid,54,recency_keep_compress_drop,0.2,35,2.157142857142857,75.5,0.0,0.0,2.157142857142857,75.5
qwen25_15b,439,msc_valid,54,uniform,0.35,35,2.1285714285714286,74.5,0.0,0.0,2.1285714285714286,74.5
qwen25_15b,439,msc_valid,54,longllmlingua,0.35,35,2.2857142857142856,80.0,0.0,0.0,2.2857142857142856,80.0
qwen25_15b,439,msc_valid,54,recency,0.35,35,2.1857142857142855,76.5,0.0,0.0,2.1857142857142855,76.5
qwen25_15b,439,msc_valid,54,lexical_tfidf,0.35,35,2.1285714285714286,74.5,0.0,0.0,2.1285714285714286,74.5
qwen25_15b,439,msc_valid,54,recency_keep_compress_drop,0.35,35,2.1285714285714286,74.5,0.0,0.0,2.1285714285714286,74.5
qwen25_15b,439,msc_valid,54,uniform,0.5,0,0.0,0.0,0.0,0.0,0.0,0.0
qwen25_15b,439,msc_valid,54,longllmlingua,0.5,35,2.3142857142857145,81.0,0.0,0.0,2.3142857142857145,81.0
qwen25_15b,439,msc_valid,54,recency,0.5,0,0.0,0.0,0.0,0.0,0.0,0.0
qwen25_15b,439,msc_valid,54,lexical_tfidf,0.5,0,0.0,0.0,0.0,0.0,0.0,0.0
qwen25_15b,439,msc_valid,54,recency_keep_compress_drop,0.5,0,0.0,0.0,0.0,0.0,0.0,0.0
qwen25_15b,439,msc_valid,58,uniform,0.2,19,3.526315789473684,67.0,0.0,0.0,3.526315789473684,67.0
qwen25_15b,439,msc_valid,58,longllmlingua,0.2,19,3.6315789473684212,69.0,0.0,0.0,3.6315789473684212,69.0
qwen25_15b,439,msc_valid,58,recency,0.2,19,3.6052631578947367,68.5,0.0,0.0,3.6052631578947367,68.5
qwen25_15b,439,msc_valid,58,lexical_tfidf,0.2,19,3.710526315789474,70.5,0.0,0.0,3.710526315789474,70.5
qwen25_15b,439,msc_valid,58,recency_keep_compress_drop,0.2,19,3.6842105263157894,70.0,0.0,0.0,3.6842105263157894,70.0
qwen25_15b,439,msc_valid,58,uniform,0.35,19,3.473684210526316,66.0,0.0,0.0,3.473684210526316,66.0
qwen25_15b,439,msc_valid,58,longllmlingua,0.35,19,3.6315789473684212,69.0,0.0,0.0,3.6315789473684212,69.0
qwen25_15b,439,msc_valid,58,recency,0.35,0,0.0,0.0,0.0,0.0,0.0,0.0
qwen25_15b,439,msc_valid,58,lexical_tfidf,0.35,0,0.0,0.0,0.0,0.0,0.0,0.0
qwen25_15b,439,msc_valid,58,recency_keep_compress_drop,0.35,0,0.0,0.0,0.0,0.0,0.0,0.0
qwen25_15b,439,msc_valid,58,uniform,0.5,19,3.3421052631578947,63.5,0.0,0.0,3.3421052631578947,63.5
qwen25_15b,439,msc_valid,58,longllmlingua,0.5,19,3.6052631578947367,68.5,0.0,0.0,3.6052631578947367,68.5
qwen25_15b,439,msc_valid,58,recency,0.5,0,0.0,0.0,0.0,0.0,0.0,0.0
qwen25_15b,439,msc_valid,58,lexical_tfidf,0.5,0,0.0,0.0,0.0,0.0,0.0,0.0
qwen25_15b,439,msc_valid,58,recency_keep_compress_drop,0.5,0,0.0,0.0,0.0,0.0,0.0,0.0
qwen25_15b,451,msc_valid,4,uniform,0.2,15,4.433333333333334,66.5,4.016666666666667,60.25,0.41666666666666696,6.25
qwen25_15b,451,msc_valid,4,longllmlingua,0.2,15,3.35,50.25,4.016666666666667,60.25,-0.6666666666666665,-10.0
qwen25_15b,451,msc_valid,4,recency,0.2,15,4.433333333333334,66.5,4.016666666666667,60.25,0.41666666666666696,6.25
qwen25_15b,451,msc_valid,4,lexical_tfidf,0.2,15,4.433333333333334,66.5,4.016666666666667,60.25,0.41666666666666696,6.25
qwen25_15b,451,msc_valid,4,recency_keep_compress_drop,0.2,15,4.433333333333334,66.5,4.016666666666667,60.25,0.41666666666666696,6.25
qwen25_15b,451,msc_valid,4,uniform,0.35,15,4.266666666666667,64.0,4.016666666666667,60.25,0.25,3.75
qwen25_15b,451,msc_valid,4,longllmlingua,0.35,15,3.3,49.5,4.016666666666667,60.25,-0.7166666666666668,-10.75
qwen25_15b,451,msc_valid,4,recency,0.35,15,4.266666666666667,64.0,4.016666666666667,60.25,0.25,3.75
qwen25_15b,451,msc_valid,4,lexical_tfidf,0.35,15,4.266666666666667,64.0,4.016666666666667,60.25,0.25,3.75
qwen25_15b,451,msc_valid,4,recency_keep_compress_drop,0.35,15,4.266666666666667,64.0,4.016666666666667,60.25,0.25,3.75
qwen25_15b,451,msc_valid,4,uniform,0.5,15,4.266666666666667,64.0,4.016666666666667,60.25,0.25,3.75
qwen25_15b,451,msc_valid,4,longllmlingua,0.5,15,3.433333333333333,51.5,4.016666666666667,60.25,-0.5833333333333335,-8.75
qwen25_15b,451,msc_valid,4,recency,0.5,15,4.266666666666667,64.0,4.016666666666667,60.25,0.25,3.75
qwen25_15b,451,msc_valid,4,lexical_tfidf,0.5,15,4.266666666666667,64.0,4.016666666666667,60.25,0.25,3.75
qwen25_15b,451,msc_valid,4,recency_keep_compress_drop,0.5,15,4.266666666666667,64.0,4.016666666666667,60.25,0.25,3.75
qwen25_15b,451,msc_valid,6,uniform,0.2,17,3.2205882352941178,54.75,3.014705882352941,51.25,0.20588235294117663,3.5
qwen25_15b,451,msc_valid,6,longllmlingua,0.2,17,2.9558823529411766,50.25,3.014705882352941,51.25,-0.0588235294117645,-1.0
qwen25_15b,451,msc_valid,6,recency,0.2,17,3.3088235294117645,56.25,3.014705882352941,51.25,0.2941176470588234,5.0
qwen25_15b,451,msc_valid,6,lexical_tfidf,0.2,17,3.2205882352941178,54.75,3.014705882352941,51.25,0.20588235294117663,3.5
qwen25_15b,451,msc_valid,6,recency_keep_compress_drop,0.2,17,3.3088235294117645,56.25,3.014705882352941,51.25,0.2941176470588234,5.0
qwen25_15b,451,msc_valid,6,uniform,0.35,17,3.2205882352941178,54.75,3.014705882352941,51.25,0.20588235294117663,3.5
qwen25_15b,451,msc_valid,6,longllmlingua,0.35,17,3.0,51.0,3.014705882352941,51.25,-0.014705882352941124,-0.25
qwen25_15b,451,msc_valid,6,recency,0.35,17,3.1470588235294117,53.5,3.014705882352941,51.25,0.13235294117647056,2.25
qwen25_15b,451,msc_valid,6,lexical_tfidf,0.35,17,3.2205882352941178,54.75,3.014705882352941,51.25,0.20588235294117663,3.5
qwen25_15b,451,msc_valid,6,recency_keep_compress_drop,0.35,17,3.1470588235294117,53.5,3.014705882352941,51.25,0.13235294117647056,2.25
qwen25_15b,451,msc_valid,6,uniform,0.5,17,3.2058823529411766,54.5,3.014705882352941,51.25,0.1911764705882355,3.25
qwen25_15b,451,msc_valid,6,longllmlingua,0.5,17,2.823529411764706,48.0,3.014705882352941,51.25,-0.19117647058823506,-3.25
qwen25_15b,451,msc_valid,6,recency,0.5,17,3.1470588235294117,53.5,3.014705882352941,51.25,0.13235294117647056,2.25
qwen25_15b,451,msc_valid,6,lexical_tfidf,0.5,17,3.2058823529411766,54.5,3.014705882352941,51.25,0.1911764705882355,3.25
qwen25_15b,451,msc_valid,6,recency_keep_compress_drop,0.5,17,3.2205882352941178,54.75,3.014705882352941,51.25,0.20588235294117663,3.5
qwen25_15b,451,msc_valid,8,uniform,0.2,12,2.2708333333333335,27.25,1.96875,23.625,0.3020833333333335,3.625
qwen25_15b,451,msc_valid,8,longllmlingua,0.2,12,1.8333333333333333,22.0,1.96875,23.625,-0.13541666666666674,-1.625
qwen25_15b,451,msc_valid,8,recency,0.2,12,2.21875,26.625,1.96875,23.625,0.25,3.0
qwen25_15b,451,msc_valid,8,lexical_tfidf,0.2,12,1.90625,22.875,1.96875,23.625,-0.0625,-0.75
qwen25_15b,451,msc_valid,8,recency_keep_compress_drop,0.2,12,2.3645833333333335,28.375,1.96875,23.625,0.3958333333333335,4.75
qwen25_15b,451,msc_valid,8,uniform,0.35,12,2.65625,31.875,1.96875,23.625,0.6875,8.25
qwen25_15b,451,msc_valid,8,longllmlingua,0.35,12,1.8229166666666667,21.875,1.96875,23.625,-0.14583333333333326,-1.75
qwen25_15b,451,msc_valid,8,recency,0.35,12,2.375,28.5,1.96875,23.625,0.40625,4.875
qwen25_15b,451,msc_valid,8,lexical_tfidf,0.35,12,1.8125,21.75,1.96875,23.625,-0.15625,-1.875
qwen25_15b,451,msc_valid,8,recency_keep_compress_drop,0.35,12,2.9375,35.25,1.96875,23.625,0.96875,11.625
qwen25_15b,451,msc_valid,8,uniform,0.5,12,2.1458333333333335,25.75,1.96875,23.625,0.17708333333333348,2.125
qwen25_15b,451,msc_valid,8,longllmlingua,0.5,12,1.8854166666666667,22.625,1.96875,23.625,-0.08333333333333326,-1.0
qwen25_15b,451,msc_valid,8,recency,0.5,12,2.7083333333333335,32.5,1.96875,23.625,0.7395833333333335,8.875
qwen25_15b,451,msc_valid,8,lexical_tfidf,0.5,12,2.0520833333333335,24.625,1.96875,23.625,0.08333333333333348,1.0
qwen25_15b,451,msc_valid,8,recency_keep_compress_drop,0.5,12,2.375,28.5,1.96875,23.625,0.40625,4.875
qwen25_15b,451,msc_valid,10,uniform,0.2,9,0.8125,7.3125,0.5486111111111112,4.9375,0.26388888888888884,2.375
qwen25_15b,451,msc_valid,10,longllmlingua,0.2,9,0.6076388888888888,5.46875,0.5486111111111112,4.9375,0.05902777777777768,0.53125
qwen25_15b,451,msc_valid,10,recency,0.2,9,0.9375,8.4375,0.5486111111111112,4.9375,0.38888888888888884,3.5
qwen25_15b,451,msc_valid,10,lexical_tfidf,0.2,9,0.9027777777777778,8.125,0.5486111111111112,4.9375,0.35416666666666663,3.1875
qwen25_15b,451,msc_valid,10,recency_keep_compress_drop,0.2,9,0.8263888888888888,7.4375,0.5486111111111112,4.9375,0.2777777777777777,2.5
qwen25_15b,451,msc_valid,10,uniform,0.35,9,0.7361111111111112,6.625,0.5486111111111112,4.9375,0.1875,1.6875
qwen25_15b,451,msc_valid,10,longllmlingua,0.35,9,0.5902777777777778,5.3125,0.5486111111111112,4.9375,0.04166666666666663,0.375
qwen25_15b,451,msc_valid,10,recency,0.35,9,0.6631944444444444,5.96875,0.5486111111111112,4.9375,0.11458333333333326,1.03125
qwen25_15b,451,msc_valid,10,lexical_tfidf,0.35,9,0.7673611111111112,6.90625,0.5486111111111112,4.9375,0.21875,1.96875
qwen25_15b,451,msc_valid,10,recency_keep_compress_drop,0.35,9,0.7048611111111112,6.34375,0.5486111111111112,4.9375,0.15625,1.40625
qwen25_15b,451,msc_valid,10,uniform,0.5,9,0.6944444444444444,6.25,0.5486111111111112,4.9375,0.14583333333333326,1.3125
qwen25_15b,451,msc_valid,10,longllmlingua,0.5,9,0.4253472222222222,3.828125,0.5486111111111112,4.9375,-0.12326388888888895,-1.109375
qwen25_15b,451,msc_valid,10,recency,0.5,9,0.6527777777777778,5.875,0.5486111111111112,4.9375,0.10416666666666663,0.9375
qwen25_15b,451,msc_valid,10,lexical_tfidf,0.5,9,0.75,6.75,0.5486111111111112,4.9375,0.20138888888888884,1.8125
qwen25_15b,451,msc_valid,10,recency_keep_compress_drop,0.5,9,0.7708333333333334,6.9375,0.5486111111111112,4.9375,0.2222222222222222,2.0
qwen25_15b,451,msc_valid,12,uniform,0.2,21,4.190476190476191,88.0,3.357142857142857,70.5,0.8333333333333335,17.5
qwen25_15b,451,msc_valid,12,longllmlingua,0.2,21,3.4523809523809526,72.5,3.357142857142857,70.5,0.09523809523809534,2.0
qwen25_15b,451,msc_valid,12,recency,0.2,21,3.9761904761904763,83.5,3.357142857142857,70.5,0.6190476190476191,13.0
qwen25_15b,451,msc_valid,12,lexical_tfidf,0.2,21,4.285714285714286,90.0,3.357142857142857,70.5,0.9285714285714284,19.5
qwen25_15b,451,msc_valid,12,recency_keep_compress_drop,0.2,21,4.023809523809524,84.5,3.357142857142857,70.5,0.6666666666666665,14.0
qwen25_15b,451,msc_valid,12,uniform,0.35,21,4.0476190476190474,85.0,3.357142857142857,70.5,0.6904761904761902,14.5
qwen25_15b,451,msc_valid,12,longllmlingua,0.35,21,3.5714285714285716,75.0,3.357142857142857,70.5,0.2142857142857144,4.5
qwen25_15b,451,msc_valid,12,recency,0.35,21,3.9047619047619047,82.0,3.357142857142857,70.5,0.5476190476190474,11.5
qwen25_15b,451,msc_valid,12,lexical_tfidf,0.35,21,3.9047619047619047,82.0,3.357142857142857,70.5,0.5476190476190474,11.5
qwen25_15b,451,msc_valid,12,recency_keep_compress_drop,0.35,21,3.5,73.5,3.357142857142857,70.5,0.1428571428571428,3.0
qwen25_15b,451,msc_valid,12,uniform,0.5,21,3.9047619047619047,82.0,3.357142857142857,70.5,0.5476190476190474,11.5
qwen25_15b,451,msc_valid,12,longllmlingua,0.5,21,3.3333333333333335,70.0,3.357142857142857,70.5,-0.023809523809523725,-0.5
qwen25_15b,451,msc_valid,12,recency,0.5,21,3.857142857142857,81.0,3.357142857142857,70.5,0.5,10.5
qwen25_15b,451,msc_valid,12,lexical_tfidf,0.5,21,3.6904761904761907,77.5,3.357142857142857,70.5,0.3333333333333335,7.0
qwen25_15b,451,msc_valid,12,recency_keep_compress_drop,0.5,21,3.619047619047619,76.0,3.357142857142857,70.5,0.26190476190476186,5.5
qwen25_15b,451,msc_valid,14,uniform,0.2,12,2.9375,35.25,3.0208333333333335,36.25,-0.08333333333333348,-1.0
qwen25_15b,451,msc_valid,14,longllmlingua,0.2,12,2.9583333333333335,35.5,3.0208333333333335,36.25,-0.0625,-0.75
qwen25_15b,451,msc_valid,14,recency,0.2,12,3.1458333333333335,37.75,3.0208333333333335,36.25,0.125,1.5
qwen25_15b,451,msc_valid,14,lexical_tfidf,0.2,12,3.0416666666666665,36.5,3.0208333333333335,36.25,0.020833333333333037,0.25
qwen25_15b,451,msc_valid,14,recency_keep_compress_drop,0.2,12,2.8541666666666665,34.25,3.0208333333333335,36.25,-0.16666666666666696,-2.0
qwen25_15b,451,msc_valid,14,uniform,0.35,12,2.875,34.5,3.0208333333333335,36.25,-0.14583333333333348,-1.75
qwen25_15b,451,msc_valid,14,longllmlingua,0.35,12,2.9375,35.25,3.0208333333333335,36.25,-0.08333333333333348,-1.0
qwen25_15b,451,msc_valid,14,recency,0.35,12,3.0,36.0,3.0208333333333335,36.25,-0.02083333333333348,-0.25
qwen25_15b,451,msc_valid,14,lexical_tfidf,0.35,12,3.0208333333333335,36.25,3.0208333333333335,36.25,0.0,0.0
qwen25_15b,451,msc_valid,14,recency_keep_compress_drop,0.35,12,2.8958333333333335,34.75,3.0208333333333335,36.25,-0.125,-1.5
qwen25_15b,451,msc_valid,14,uniform,0.5,12,2.8541666666666665,34.25,3.0208333333333335,36.25,-0.16666666666666696,-2.0
qwen25_15b,451,msc_valid,14,longllmlingua,0.5,12,3.0833333333333335,37.0,3.0208333333333335,36.25,0.0625,0.75
qwen25_15b,451,msc_valid,14,recency,0.5,12,3.0416666666666665,36.5,3.0208333333333335,36.25,0.020833333333333037,0.25
qwen25_15b,451,msc_valid,14,lexical_tfidf,0.5,12,3.0625,36.75,3.0208333333333335,36.25,0.04166666666666652,0.5
qwen25_15b,451,msc_valid,14,recency_keep_compress_drop,0.5,12,3.0208333333333335,36.25,3.0208333333333335,36.25,0.0,0.0
qwen25_15b,482,msc_valid,4,uniform,0.2,14,4.267857142857143,59.75,4.267857142857143,59.75,0.0,0.0
qwen25_15b,482,msc_valid,4,longllmlingua,0.2,14,3.9642857142857144,55.5,4.267857142857143,59.75,-0.3035714285714288,-4.25
qwen25_15b,482,msc_valid,4,recency,0.2,14,4.267857142857143,59.75,4.267857142857143,59.75,0.0,0.0
qwen25_15b,482,msc_valid,4,lexical_tfidf,0.2,14,4.267857142857143,59.75,4.267857142857143,59.75,0.0,0.0
qwen25_15b,482,msc_valid,4,recency_keep_compress_drop,0.2,14,4.267857142857143,59.75,4.267857142857143,59.75,0.0,0.0
qwen25_15b,482,msc_valid,4,uniform,0.35,14,4.446428571428571,62.25,4.267857142857143,59.75,0.17857142857142794,2.5
qwen25_15b,482,msc_valid,4,longllmlingua,0.35,14,4.089285714285714,57.25,4.267857142857143,59.75,-0.17857142857142883,-2.5
qwen25_15b,482,msc_valid,4,recency,0.35,14,4.446428571428571,62.25,4.267857142857143,59.75,0.17857142857142794,2.5
qwen25_15b,482,msc_valid,4,lexical_tfidf,0.35,14,4.446428571428571,62.25,4.267857142857143,59.75,0.17857142857142794,2.5
qwen25_15b,482,msc_valid,4,recency_keep_compress_drop,0.35,14,4.446428571428571,62.25,4.267857142857143,59.75,0.17857142857142794,2.5
qwen25_15b,482,msc_valid,4,uniform,0.5,14,4.446428571428571,62.25,4.267857142857143,59.75,0.17857142857142794,2.5
qwen25_15b,482,msc_valid,4,longllmlingua,0.5,14,4.035714285714286,56.5,4.267857142857143,59.75,-0.23214285714285765,-3.25
qwen25_15b,482,msc_valid,4,recency,0.5,14,4.446428571428571,62.25,4.267857142857143,59.75,0.17857142857142794,2.5
qwen25_15b,482,msc_valid,4,lexical_tfidf,0.5,14,4.446428571428571,62.25,4.267857142857143,59.75,0.17857142857142794,2.5
qwen25_15b,482,msc_valid,4,recency_keep_compress_drop,0.5,14,4.446428571428571,62.25,4.267857142857143,59.75,0.17857142857142794,2.5
qwen25_15b,482,msc_valid,8,uniform,0.2,22,3.090909090909091,68.0,3.090909090909091,68.0,0.0,0.0
qwen25_15b,482,msc_valid,8,longllmlingua,0.2,22,2.9545454545454546,65.0,3.090909090909091,68.0,-0.13636363636363624,-3.0
qwen25_15b,482,msc_valid,8,recency,0.2,22,3.022727272727273,66.5,3.090909090909091,68.0,-0.0681818181818179,-1.5
qwen25_15b,482,msc_valid,8,lexical_tfidf,0.2,22,3.090909090909091,68.0,3.090909090909091,68.0,0.0,0.0
qwen25_15b,482,msc_valid,8,recency_keep_compress_drop,0.2,22,3.022727272727273,66.5,3.090909090909091,68.0,-0.0681818181818179,-1.5
qwen25_15b,482,msc_valid,8,uniform,0.35,22,3.022727272727273,66.5,3.090909090909091,68.0,-0.0681818181818179,-1.5
qwen25_15b,482,msc_valid,8,longllmlingua,0.35,22,2.977272727272727,65.5,3.090909090909091,68.0,-0.11363636363636376,-2.5
qwen25_15b,482,msc_valid,8,recency,0.35,22,3.1136363636363638,68.5,3.090909090909091,68.0,0.02272727272727293,0.5
qwen25_15b,482,msc_valid,8,lexical_tfidf,0.35,22,3.1136363636363638,68.5,3.090909090909091,68.0,0.02272727272727293,0.5
qwen25_15b,482,msc_valid,8,recency_keep_compress_drop,0.35,22,3.159090909090909,69.5,3.090909090909091,68.0,0.06818181818181834,1.5
qwen25_15b,482,msc_valid,8,uniform,0.5,22,3.022727272727273,66.5,3.090909090909091,68.0,-0.0681818181818179,-1.5
qwen25_15b,482,msc_valid,8,longllmlingua,0.5,22,2.9545454545454546,65.0,3.090909090909091,68.0,-0.13636363636363624,-3.0
qwen25_15b,482,msc_valid,8,recency,0.5,22,3.0454545454545454,67.0,3.090909090909091,68.0,-0.045454545454545414,-1.0
qwen25_15b,482,msc_valid,8,lexical_tfidf,0.5,22,3.0454545454545454,67.0,3.090909090909091,68.0,-0.045454545454545414,-1.0
qwen25_15b,482,msc_valid,8,recency_keep_compress_drop,0.5,22,3.0454545454545454,67.0,3.090909090909091,68.0,-0.045454545454545414,-1.0
qwen25_15b,482,msc_valid,12,uniform,0.2,11,4.0227272727272725,44.25,3.0454545454545454,33.5,0.9772727272727271,10.75
qwen25_15b,482,msc_valid,12,longllmlingua,0.2,11,3.772727272727273,41.5,3.0454545454545454,33.5,0.7272727272727275,8.0
qwen25_15b,482,msc_valid,12,recency,0.2,11,3.909090909090909,43.0,3.0454545454545454,33.5,0.8636363636363638,9.5
qwen25_15b,482,msc_valid,12,lexical_tfidf,0.2,11,3.75,41.25,3.0454545454545454,33.5,0.7045454545454546,7.75
qwen25_15b,482,msc_valid,12,recency_keep_compress_drop,0.2,11,3.8181818181818183,42.0,3.0454545454545454,33.5,0.7727272727272729,8.5
qwen25_15b,482,msc_valid,12,uniform,0.35,11,4.0227272727272725,44.25,3.0454545454545454,33.5,0.9772727272727271,10.75
qwen25_15b,482,msc_valid,12,longllmlingua,0.35,11,3.7045454545454546,40.75,3.0454545454545454,33.5,0.6590909090909092,7.25
qwen25_15b,482,msc_valid,12,recency,0.35,11,3.522727272727273,38.75,3.0454545454545454,33.5,0.4772727272727275,5.25
qwen25_15b,482,msc_valid,12,lexical_tfidf,0.35,11,3.590909090909091,39.5,3.0454545454545454,33.5,0.5454545454545454,6.0
qwen25_15b,482,msc_valid,12,recency_keep_compress_drop,0.35,11,3.590909090909091,39.5,3.0454545454545454,33.5,0.5454545454545454,6.0
qwen25_15b,482,msc_valid,12,uniform,0.5,11,3.8181818181818183,42.0,3.0454545454545454,33.5,0.7727272727272729,8.5
qwen25_15b,482,msc_valid,12,longllmlingua,0.5,11,3.4318181818181817,37.75,3.0454545454545454,33.5,0.38636363636363624,4.25
qwen25_15b,482,msc_valid,12,recency,0.5,11,3.2954545454545454,36.25,3.0454545454545454,33.5,0.25,2.75
qwen25_15b,482,msc_valid,12,lexical_tfidf,0.5,11,3.340909090909091,36.75,3.0454545454545454,33.5,0.2954545454545454,3.25
qwen25_15b,482,msc_valid,12,recency_keep_compress_drop,0.5,11,3.3181818181818183,36.5,3.0454545454545454,33.5,0.27272727272727293,3.0
qwen25_15b,482,msc_valid,16,uniform,0.2,21,1.4642857142857142,30.75,1.130952380952381,23.75,0.33333333333333326,7.0
qwen25_15b,482,msc_valid,16,longllmlingua,0.2,21,1.2142857142857142,25.5,1.130952380952381,23.75,0.08333333333333326,1.75
qwen25_15b,482,msc_valid,16,recency,0.2,21,1.2797619047619047,26.875,1.130952380952381,23.75,0.14880952380952372,3.125
qwen25_15b,482,msc_valid,16,lexical_tfidf,0.2,21,1.6428571428571428,34.5,1.130952380952381,23.75,0.5119047619047619,10.75
qwen25_15b,482,msc_valid,16,recency_keep_compress_drop,0.2,21,1.2261904761904763,25.75,1.130952380952381,23.75,0.09523809523809534,2.0
qwen25_15b,482,msc_valid,16,uniform,0.35,21,1.4107142857142858,29.625,1.130952380952381,23.75,0.2797619047619049,5.875
qwen25_15b,482,msc_valid,16,longllmlingua,0.35,21,1.130952380952381,23.75,1.130952380952381,23.75,0.0,0.0
qwen25_15b,482,msc_valid,16,recency,0.35,21,1.2619047619047619,26.5,1.130952380952381,23.75,0.13095238095238093,2.75
qwen25_15b,482,msc_valid,16,lexical_tfidf,0.35,21,1.3452380952380953,28.25,1.130952380952381,23.75,0.2142857142857144,4.5
qwen25_15b,482,msc_valid,16,recency_keep_compress_drop,0.35,21,1.2261904761904763,25.75,1.130952380952381,23.75,0.09523809523809534,2.0
qwen25_15b,482,msc_valid,16,uniform,0.5,21,1.3154761904761905,27.625,1.130952380952381,23.75,0.18452380952380953,3.875
qwen25_15b,482,msc_valid,16,longllmlingua,0.5,21,1.1428571428571428,24.0,1.130952380952381,23.75,0.011904761904761862,0.25
qwen25_15b,482,msc_valid,16,recency,0.5,21,1.2261904761904763,25.75,1.130952380952381,23.75,0.09523809523809534,2.0
qwen25_15b,482,msc_valid,16,lexical_tfidf,0.5,21,1.2321428571428572,25.875,1.130952380952381,23.75,0.10119047619047628,2.125
qwen25_15b,482,msc_valid,16,recency_keep_compress_drop,0.5,21,1.1845238095238095,24.875,1.130952380952381,23.75,0.0535714285714286,1.125
qwen25_15b,482,msc_valid,20,uniform,0.2,43,2.616279069767442,112.5,2.5930232558139537,111.5,0.023255813953488413,1.0
qwen25_15b,482,msc_valid,20,longllmlingua,0.2,43,2.604651162790698,112.0,2.5930232558139537,111.5,0.011627906976744207,0.5
qwen25_15b,482,msc_valid,20,recency,0.2,43,2.5930232558139537,111.5,2.5930232558139537,111.5,0.0,0.0
qwen25_15b,482,msc_valid,20,lexical_tfidf,0.2,43,2.604651162790698,112.0,2.5930232558139537,111.5,0.011627906976744207,0.5
qwen25_15b,482,msc_valid,20,recency_keep_compress_drop,0.2,43,2.5697674418604652,110.5,2.5930232558139537,111.5,-0.023255813953488413,-1.0
qwen25_15b,482,msc_valid,20,uniform,0.35,43,2.604651162790698,112.0,2.5930232558139537,111.5,0.011627906976744207,0.5
qwen25_15b,482,msc_valid,20,longllmlingua,0.35,43,2.5930232558139537,111.5,2.5930232558139537,111.5,0.0,0.0
qwen25_15b,482,msc_valid,20,recency,0.35,43,2.5813953488372094,111.0,2.5930232558139537,111.5,-0.011627906976744207,-0.5
qwen25_15b,482,msc_valid,20,lexical_tfidf,0.35,43,2.604651162790698,112.0,2.5930232558139537,111.5,0.011627906976744207,0.5
qwen25_15b,482,msc_valid,20,recency_keep_compress_drop,0.35,43,2.5697674418604652,110.5,2.5930232558139537,111.5,-0.023255813953488413,-1.0
qwen25_15b,482,msc_valid,20,uniform,0.5,43,2.604651162790698,112.0,2.5930232558139537,111.5,0.011627906976744207,0.5
qwen25_15b,482,msc_valid,20,longllmlingua,0.5,43,2.558139534883721,110.0,2.5930232558139537,111.5,-0.03488372093023262,-1.5
qwen25_15b,482,msc_valid,20,recency,0.5,43,2.604651162790698,112.0,2.5930232558139537,111.5,0.011627906976744207,0.5
qwen25_15b,482,msc_valid,20,lexical_tfidf,0.5,43,2.5813953488372094,111.0,2.5930232558139537,111.5,-0.011627906976744207,-0.5
qwen25_15b,482,msc_valid,20,recency_keep_compress_drop,0.5,43,2.5813953488372094,111.0,2.5930232558139537,111.5,-0.011627906976744207,-0.5
qwen25_15b,482,msc_valid,24,uniform,0.2,32,2.203125,70.5,2.203125,70.5,0.0,0.0
qwen25_15b,482,msc_valid,24,longllmlingua,0.2,32,2.25,72.0,2.203125,70.5,0.046875,1.5
qwen25_15b,482,msc_valid,24,recency,0.2,32,2.265625,72.5,2.203125,70.5,0.0625,2.0
qwen25_15b,482,msc_valid,24,lexical_tfidf,0.2,32,2.234375,71.5,2.203125,70.5,0.03125,1.0
qwen25_15b,482,msc_valid,24,recency_keep_compress_drop,0.2,32,2.3125,74.0,2.203125,70.5,0.109375,3.5
qwen25_15b,482,msc_valid,24,uniform,0.35,32,2.25,72.0,2.203125,70.5,0.046875,1.5
qwen25_15b,482,msc_valid,24,longllmlingua,0.35,32,2.28125,73.0,2.203125,70.5,0.078125,2.5
qwen25_15b,482,msc_valid,24,recency,0.35,32,2.21875,71.0,2.203125,70.5,0.015625,0.5
qwen25_15b,482,msc_valid,24,lexical_tfidf,0.35,32,2.21875,71.0,2.203125,70.5,0.015625,0.5
qwen25_15b,482,msc_valid,24,recency_keep_compress_drop,0.35,32,2.25,72.0,2.203125,70.5,0.046875,1.5
qwen25_15b,482,msc_valid,24,uniform,0.5,32,2.171875,69.5,2.203125,70.5,-0.03125,-1.0
qwen25_15b,482,msc_valid,24,longllmlingua,0.5,32,2.265625,72.5,2.203125,70.5,0.0625,2.0
qwen25_15b,482,msc_valid,24,recency,0.5,32,2.203125,70.5,2.203125,70.5,0.0,0.0
qwen25_15b,482,msc_valid,24,lexical_tfidf,0.5,32,2.21875,71.0,2.203125,70.5,0.015625,0.5
qwen25_15b,482,msc_valid,24,recency_keep_compress_drop,0.5,32,2.265625,72.5,2.203125,70.5,0.0625,2.0
qwen25_15b,482,msc_valid,28,uniform,0.2,13,2.394230769230769,31.125,2.451923076923077,31.875,-0.05769230769230793,-0.75
qwen25_15b,482,msc_valid,28,longllmlingua,0.2,13,2.519230769230769,32.75,2.451923076923077,31.875,0.06730769230769207,0.875
qwen25_15b,482,msc_valid,28,recency,0.2,13,2.6538461538461537,34.5,2.451923076923077,31.875,0.20192307692307665,2.625
qwen25_15b,482,msc_valid,28,lexical_tfidf,0.2,13,2.5576923076923075,33.25,2.451923076923077,31.875,0.1057692307692304,1.375
qwen25_15b,482,msc_valid,28,recency_keep_compress_drop,0.2,13,2.5961538461538463,33.75,2.451923076923077,31.875,0.14423076923076916,1.875
qwen25_15b,482,msc_valid,28,uniform,0.35,13,2.25,29.25,2.451923076923077,31.875,-0.2019230769230771,-2.625
qwen25_15b,482,msc_valid,28,longllmlingua,0.35,13,2.5384615384615383,33.0,2.451923076923077,31.875,0.08653846153846123,1.125
qwen25_15b,482,msc_valid,28,recency,0.35,13,2.6923076923076925,35.0,2.451923076923077,31.875,0.24038461538461542,3.125
qwen25_15b,482,msc_valid,28,lexical_tfidf,0.35,13,2.480769230769231,32.25,2.451923076923077,31.875,0.028846153846153744,0.375
qwen25_15b,482,msc_valid,28,recency_keep_compress_drop,0.35,13,2.5384615384615383,33.0,2.451923076923077,31.875,0.08653846153846123,1.125
qwen25_15b,482,msc_valid,28,uniform,0.5,13,2.519230769230769,32.75,2.451923076923077,31.875,0.06730769230769207,0.875
qwen25_15b,482,msc_valid,28,longllmlingua,0.5,13,2.4423076923076925,31.75,2.451923076923077,31.875,-0.009615384615384581,-0.125
qwen25_15b,482,msc_valid,28,recency,0.5,13,2.6538461538461537,34.5,2.451923076923077,31.875,0.20192307692307665,2.625
qwen25_15b,482,msc_valid,28,lexical_tfidf,0.5,13,2.4326923076923075,31.625,2.451923076923077,31.875,-0.019230769230769607,-0.25
qwen25_15b,482,msc_valid,28,recency_keep_compress_drop,0.5,13,2.576923076923077,33.5,2.451923076923077,31.875,0.125,1.625
qwen25_15b,482,msc_valid,32,uniform,0.2,33,2.4545454545454546,81.0,2.4696969696969697,81.5,-0.015151515151515138,-0.5
qwen25_15b,482,msc_valid,32,longllmlingua,0.2,33,2.6515151515151514,87.5,2.4696969696969697,81.5,0.18181818181818166,6.0
qwen25_15b,482,msc_valid,32,recency,0.2,33,2.6818181818181817,88.5,2.4696969696969697,81.5,0.21212121212121193,7.0
qwen25_15b,482,msc_valid,32,lexical_tfidf,0.2,33,2.606060606060606,86.0,2.4696969696969697,81.5,0.13636363636363624,4.5
qwen25_15b,482,msc_valid,32,recency_keep_compress_drop,0.2,33,2.6515151515151514,87.5,2.4696969696969697,81.5,0.18181818181818166,6.0
qwen25_15b,482,msc_valid,32,uniform,0.35,33,2.484848484848485,82.0,2.4696969696969697,81.5,0.015151515151515138,0.5
qwen25_15b,482,msc_valid,32,longllmlingua,0.35,33,2.6363636363636362,87.0,2.4696969696969697,81.5,0.16666666666666652,5.5
qwen25_15b,482,msc_valid,32,recency,0.35,33,2.6363636363636362,87.0,2.4696969696969697,81.5,0.16666666666666652,5.5
qwen25_15b,482,msc_valid,32,lexical_tfidf,0.35,33,2.6363636363636362,87.0,2.4696969696969697,81.5,0.16666666666666652,5.5
qwen25_15b,482,msc_valid,32,recency_keep_compress_drop,0.35,33,2.6363636363636362,87.0,2.4696969696969697,81.5,0.16666666666666652,5.5
qwen25_15b,482,msc_valid,32,uniform,0.5,33,2.484848484848485,82.0,2.4696969696969697,81.5,0.015151515151515138,0.5
qwen25_15b,482,msc_valid,32,longllmlingua,0.5,33,2.6515151515151514,87.5,2.4696969696969697,81.5,0.18181818181818166,6.0
qwen25_15b,482,msc_valid,32,recency,0.5,33,2.606060606060606,86.0,2.4696969696969697,81.5,0.13636363636363624,4.5
qwen25_15b,482,msc_valid,32,lexical_tfidf,0.5,33,2.5606060606060606,84.5,2.4696969696969697,81.5,0.09090909090909083,3.0
qwen25_15b,482,msc_valid,32,recency_keep_compress_drop,0.5,33,2.5606060606060606,84.5,2.4696969696969697,81.5,0.09090909090909083,3.0
qwen25_15b,482,msc_valid,34,uniform,0.2,15,3.3333333333333335,50.0,3.783333333333333,56.75,-0.44999999999999973,-6.75
qwen25_15b,482,msc_valid,34,longllmlingua,0.2,15,4.233333333333333,63.5,3.783333333333333,56.75,0.4500000000000002,6.75
qwen25_15b,482,msc_valid,34,recency,0.2,15,4.216666666666667,63.25,3.783333333333333,56.75,0.43333333333333357,6.5
qwen25_15b,482,msc_valid,34,lexical_tfidf,0.2,15,3.7666666666666666,56.5,3.783333333333333,56.75,-0.016666666666666607,-0.25
qwen25_15b,482,msc_valid,34,recency_keep_compress_drop,0.2,15,4.266666666666667,64.0,3.783333333333333,56.75,0.4833333333333334,7.25
qwen25_15b,482,msc_valid,34,uniform,0.35,15,3.316666666666667,49.75,3.783333333333333,56.75,-0.46666666666666634,-7.0
qwen25_15b,482,msc_valid,34,longllmlingua,0.35,15,4.216666666666667,63.25,3.783333333333333,56.75,0.43333333333333357,6.5
qwen25_15b,482,msc_valid,34,recency,0.35,15,4.233333333333333,63.5,3.783333333333333,56.75,0.4500000000000002,6.75
qwen25_15b,482,msc_valid,34,lexical_tfidf,0.35,15,3.783333333333333,56.75,3.783333333333333,56.75,0.0,0.0
qwen25_15b,482,msc_valid,34,recency_keep_compress_drop,0.35,15,4.183333333333334,62.75,3.783333333333333,56.75,0.40000000000000036,6.0
qwen25_15b,482,msc_valid,34,uniform,0.5,15,3.533333333333333,53.0,3.783333333333333,56.75,-0.25,-3.75
qwen25_15b,482,msc_valid,34,longllmlingua,0.5,15,4.4,66.0,3.783333333333333,56.75,0.6166666666666671,9.25
qwen25_15b,482,msc_valid,34,recency,0.5,15,4.25,63.75,3.783333333333333,56.75,0.4666666666666668,7.0
qwen25_15b,482,msc_valid,34,lexical_tfidf,0.5,15,3.75,56.25,3.783333333333333,56.75,-0.033333333333333215,-0.5
qwen25_15b,482,msc_valid,34,recency_keep_compress_drop,0.5,15,3.683333333333333,55.25,3.783333333333333,56.75,-0.10000000000000009,-1.5
qwen25_15b,482,msc_valid,38,uniform,0.2,44,2.6931818181818183,118.5,0.0,0.0,2.6931818181818183,118.5
qwen25_15b,482,msc_valid,38,longllmlingua,0.2,44,2.3295454545454546,102.5,0.0,0.0,2.3295454545454546,102.5
qwen25_15b,482,msc_valid,38,recency,0.2,44,2.3068181818181817,101.5,0.0,0.0,2.3068181818181817,101.5
qwen25_15b,482,msc_valid,38,lexical_tfidf,0.2,44,2.102272727272727,92.5,0.0,0.0,2.102272727272727,92.5
qwen25_15b,482,msc_valid,38,recency_keep_compress_drop,0.2,44,2.2954545454545454,101.0,0.0,0.0,2.2954545454545454,101.0
qwen25_15b,482,msc_valid,38,uniform,0.35,44,2.6931818181818183,118.5,0.0,0.0,2.6931818181818183,118.5
qwen25_15b,482,msc_valid,38,longllmlingua,0.35,44,2.284090909090909,100.5,0.0,0.0,2.284090909090909,100.5
qwen25_15b,482,msc_valid,38,recency,0.35,44,2.284090909090909,100.5,0.0,0.0,2.284090909090909,100.5
qwen25_15b,482,msc_valid,38,lexical_tfidf,0.35,44,2.147727272727273,94.5,0.0,0.0,2.147727272727273,94.5
qwen25_15b,482,msc_valid,38,recency_keep_compress_drop,0.35,44,2.2613636363636362,99.5,0.0,0.0,2.2613636363636362,99.5
qwen25_15b,482,msc_valid,38,uniform,0.5,44,2.5795454545454546,113.5,0.0,0.0,2.5795454545454546,113.5
qwen25_15b,482,msc_valid,38,longllmlingua,0.5,44,2.3068181818181817,101.5,0.0,0.0,2.3068181818181817,101.5
qwen25_15b,482,msc_valid,38,recency,0.5,44,2.272727272727273,100.0,0.0,0.0,2.272727272727273,100.0
qwen25_15b,482,msc_valid,38,lexical_tfidf,0.5,44,2.1818181818181817,96.0,0.0,0.0,2.1818181818181817,96.0
qwen25_15b,482,msc_valid,38,recency_keep_compress_drop,0.5,44,2.1704545454545454,95.5,0.0,0.0,2.1704545454545454,95.5
qwen25_15b,482,msc_valid,42,uniform,0.2,33,2.393939393939394,79.0,0.0,0.0,2.393939393939394,79.0
qwen25_15b,482,msc_valid,42,longllmlingua,0.2,33,2.772727272727273,91.5,0.0,0.0,2.772727272727273,91.5
qwen25_15b,482,msc_valid,42,recency,0.2,33,2.409090909090909,79.5,0.0,0.0,2.409090909090909,79.5
qwen25_15b,482,msc_valid,42,lexical_tfidf,0.2,33,2.5757575757575757,85.0,0.0,0.0,2.5757575757575757,85.0
qwen25_15b,482,msc_valid,42,recency_keep_compress_drop,0.2,33,2.409090909090909,79.5,0.0,0.0,2.409090909090909,79.5
qwen25_15b,482,msc_valid,42,uniform,0.35,33,2.409090909090909,79.5,0.0,0.0,2.409090909090909,79.5
qwen25_15b,482,msc_valid,42,longllmlingua,0.35,33,2.696969696969697,89.0,0.0,0.0,2.696969696969697,89.0
qwen25_15b,482,msc_valid,42,recency,0.35,33,2.393939393939394,79.0,0.0,0.0,2.393939393939394,79.0
qwen25_15b,482,msc_valid,42,lexical_tfidf,0.35,33,2.515151515151515,83.0,0.0,0.0,2.515151515151515,83.0
qwen25_15b,482,msc_valid,42,recency_keep_compress_drop,0.35,33,2.4242424242424243,80.0,0.0,0.0,2.4242424242424243,80.0
qwen25_15b,482,msc_valid,42,uniform,0.5,33,2.4545454545454546,81.0,0.0,0.0,2.4545454545454546,81.0
qwen25_15b,482,msc_valid,42,longllmlingua,0.5,33,2.5757575757575757,85.0,0.0,0.0,2.5757575757575757,85.0
qwen25_15b,482,msc_valid,42,recency,0.5,33,2.4393939393939394,80.5,0.0,0.0,2.4393939393939394,80.5
qwen25_15b,482,msc_valid,42,lexical_tfidf,0.5,33,2.4393939393939394,80.5,0.0,0.0,2.4393939393939394,80.5
qwen25_15b,482,msc_valid,42,recency_keep_compress_drop,0.5,33,2.4393939393939394,80.5,0.0,0.0,2.4393939393939394,80.5
qwen25_15b,482,msc_valid,46,uniform,0.2,20,2.65,53.0,0.0,0.0,2.65,53.0
qwen25_15b,482,msc_valid,46,longllmlingua,0.2,20,2.575,51.5,0.0,0.0,2.575,51.5
qwen25_15b,482,msc_valid,46,recency,0.2,20,2.35,47.0,0.0,0.0,2.35,47.0
qwen25_15b,482,msc_valid,46,lexical_tfidf,0.2,20,2.65,53.0,0.0,0.0,2.65,53.0
qwen25_15b,482,msc_valid,46,recency_keep_compress_drop,0.2,20,2.325,46.5,0.0,0.0,2.325,46.5
qwen25_15b,482,msc_valid,46,uniform,0.35,20,2.75,55.0,0.0,0.0,2.75,55.0
qwen25_15b,482,msc_valid,46,longllmlingua,0.35,20,2.4375,48.75,0.0,0.0,2.4375,48.75
qwen25_15b,482,msc_valid,46,recency,0.35,20,2.375,47.5,0.0,0.0,2.375,47.5
qwen25_15b,482,msc_valid,46,lexical_tfidf,0.35,20,2.4375,48.75,0.0,0.0,2.4375,48.75
qwen25_15b,482,msc_valid,46,recency_keep_compress_drop,0.35,20,2.3125,46.25,0.0,0.0,2.3125,46.25
qwen25_15b,482,msc_valid,46,uniform,0.5,20,2.6125,52.25,0.0,0.0,2.6125,52.25
qwen25_15b,482,msc_valid,46,longllmlingua,0.5,20,2.4125,48.25,0.0,0.0,2.4125,48.25
qwen25_15b,482,msc_valid,46,recency,0.5,20,2.325,46.5,0.0,0.0,2.325,46.5
qwen25_15b,482,msc_valid,46,lexical_tfidf,0.5,20,2.375,47.5,0.0,0.0,2.375,47.5
qwen25_15b,482,msc_valid,46,recency_keep_compress_drop,0.5,20,2.275,45.5,0.0,0.0,2.275,45.5
qwen25_15b,482,msc_valid,50,uniform,0.2,31,1.4596774193548387,45.25,0.0,0.0,1.4596774193548387,45.25
qwen25_15b,482,msc_valid,50,longllmlingua,0.2,31,1.7741935483870968,55.0,0.0,0.0,1.7741935483870968,55.0
qwen25_15b,482,msc_valid,50,recency,0.2,31,1.4758064516129032,45.75,0.0,0.0,1.4758064516129032,45.75
qwen25_15b,482,msc_valid,50,lexical_tfidf,0.2,31,1.6290322580645162,50.5,0.0,0.0,1.6290322580645162,50.5
qwen25_15b,482,msc_valid,50,recency_keep_compress_drop,0.2,31,1.5887096774193548,49.25,0.0,0.0,1.5887096774193548,49.25
qwen25_15b,482,msc_valid,50,uniform,0.35,31,1.9193548387096775,59.5,0.0,0.0,1.9193548387096775,59.5
qwen25_15b,482,msc_valid,50,longllmlingua,0.35,31,1.6612903225806452,51.5,0.0,0.0,1.6612903225806452,51.5
qwen25_15b,482,msc_valid,50,recency,0.35,31,1.532258064516129,47.5,0.0,0.0,1.532258064516129,47.5
qwen25_15b,482,msc_valid,50,lexical_tfidf,0.35,31,1.564516129032258,48.5,0.0,0.0,1.564516129032258,48.5
qwen25_15b,482,msc_valid,50,recency_keep_compress_drop,0.35,31,1.596774193548387,49.5,0.0,0.0,1.596774193548387,49.5
qwen25_15b,482,msc_valid,50,uniform,0.5,31,1.5403225806451613,47.75,0.0,0.0,1.5403225806451613,47.75
qwen25_15b,482,msc_valid,50,longllmlingua,0.5,31,1.5483870967741935,48.0,0.0,0.0,1.5483870967741935,48.0
qwen25_15b,482,msc_valid,50,recency,0.5,9,1.4236111111111112,12.8125,0.0,0.0,1.4236111111111112,12.8125
qwen25_15b,482,msc_valid,50,lexical_tfidf,0.5,9,1.3680555555555556,12.3125,0.0,0.0,1.3680555555555556,12.3125
qwen25_15b,482,msc_valid,50,recency_keep_compress_drop,0.5,10,1.8625,18.625,0.0,0.0,1.8625,18.625
qwen25_15b,482,msc_valid,54,uniform,0.2,26,2.451923076923077,63.75,0.0,0.0,2.451923076923077,63.75
qwen25_15b,482,msc_valid,54,longllmlingua,0.2,26,2.355769230769231,61.25,0.0,0.0,2.355769230769231,61.25
qwen25_15b,482,msc_valid,54,recency,0.2,26,2.4326923076923075,63.25,0.0,0.0,2.4326923076923075,63.25
qwen25_15b,482,msc_valid,54,lexical_tfidf,0.2,26,2.4615384615384617,64.0,0.0,0.0,2.4615384615384617,64.0
qwen25_15b,482,msc_valid,54,recency_keep_compress_drop,0.2,26,2.4423076923076925,63.5,0.0,0.0,2.4423076923076925,63.5
qwen25_15b,482,msc_valid,54,uniform,0.35,26,2.4326923076923075,63.25,0.0,0.0,2.4326923076923075,63.25
qwen25_15b,482,msc_valid,54,longllmlingua,0.35,26,2.355769230769231,61.25,0.0,0.0,2.355769230769231,61.25
qwen25_15b,482,msc_valid,54,recency,0.35,26,2.4134615384615383,62.75,0.0,0.0,2.4134615384615383,62.75
qwen25_15b,482,msc_valid,54,lexical_tfidf,0.35,24,2.5625,61.5,0.0,0.0,2.5625,61.5
qwen25_15b,482,msc_valid,54,recency_keep_compress_drop,0.35,23,2.6630434782608696,61.25,0.0,0.0,2.6630434782608696,61.25
qwen25_15b,482,msc_valid,54,uniform,0.5,26,2.4615384615384617,64.0,0.0,0.0,2.4615384615384617,64.0
qwen25_15b,482,msc_valid,54,longllmlingua,0.5,26,2.3846153846153846,62.0,0.0,0.0,2.3846153846153846,62.0
qwen25_15b,482,msc_valid,54,recency,0.5,0,0.0,0.0,0.0,0.0,0.0,0.0
qwen25_15b,482,msc_valid,54,lexical_tfidf,0.5,0,0.0,0.0,0.0,0.0,0.0,0.0
qwen25_15b,482,msc_valid,54,recency_keep_compress_drop,0.5,0,0.0,0.0,0.0,0.0,0.0,0.0
qwen25_15b,482,msc_valid,58,uniform,0.2,57,2.754385964912281,157.0,0.0,0.0,2.754385964912281,157.0
qwen25_15b,482,msc_valid,58,longllmlingua,0.2,57,2.719298245614035,155.0,0.0,0.0,2.719298245614035,155.0
qwen25_15b,482,msc_valid,58,recency,0.2,54,2.6666666666666665,144.0,0.0,0.0,2.6666666666666665,144.0
qwen25_15b,482,msc_valid,58,lexical_tfidf,0.2,51,2.7450980392156863,140.0,0.0,0.0,2.7450980392156863,140.0
qwen25_15b,482,msc_valid,58,recency_keep_compress_drop,0.2,54,2.6296296296296298,142.0,0.0,0.0,2.6296296296296298,142.0
qwen25_15b,482,msc_valid,58,uniform,0.35,57,2.7719298245614037,158.0,0.0,0.0,2.7719298245614037,158.0
qwen25_15b,482,msc_valid,58,longllmlingua,0.35,57,2.6666666666666665,152.0,0.0,0.0,2.6666666666666665,152.0
qwen25_15b,482,msc_valid,58,recency,0.35,0,0.0,0.0,0.0,0.0,0.0,0.0
qwen25_15b,482,msc_valid,58,lexical_tfidf,0.35,0,0.0,0.0,0.0,0.0,0.0,0.0
qwen25_15b,482,msc_valid,58,recency_keep_compress_drop,0.35,0,0.0,0.0,0.0,0.0,0.0,0.0
qwen25_15b,482,msc_valid,58,uniform,0.5,57,2.824561403508772,161.0,0.0,0.0,2.824561403508772,161.0
qwen25_15b,482,msc_valid,58,longllmlingua,0.5,57,2.6666666666666665,152.0,0.0,0.0,2.6666666666666665,152.0
qwen25_15b,482,msc_valid,58,recency,0.5,0,0.0,0.0,0.0,0.0,0.0,0.0
qwen25_15b,482,msc_valid,58,lexical_tfidf,0.5,0,0.0,0.0,0.0,0.0,0.0,0.0
qwen25_15b,482,msc_valid,58,recency_keep_compress_drop,0.5,0,0.0,0.0,0.0,0.0,0.0,0.0
qwen25_15b,482,msc_valid,62,uniform,0.2,44,2.034090909090909,89.5,0.0,0.0,2.034090909090909,89.5
qwen25_15b,482,msc_valid,62,longllmlingua,0.2,44,2.0113636363636362,88.5,0.0,0.0,2.0113636363636362,88.5
qwen25_15b,482,msc_valid,62,recency,0.2,0,0.0,0.0,0.0,0.0,0.0,0.0
qwen25_15b,482,msc_valid,62,lexical_tfidf,0.2,0,0.0,0.0,0.0,0.0,0.0,0.0
qwen25_15b,482,msc_valid,62,recency_keep_compress_drop,0.2,0,0.0,0.0,0.0,0.0,0.0,0.0
qwen25_15b,482,msc_valid,62,uniform,0.35,44,2.0568181818181817,90.5,0.0,0.0,2.0568181818181817,90.5
qwen25_15b,482,msc_valid,62,longllmlingua,0.35,44,2.0,88.0,0.0,0.0,2.0,88.0
qwen25_15b,482,msc_valid,62,recency,0.35,0,0.0,0.0,0.0,0.0,0.0,0.0
qwen25_15b,482,msc_valid,62,lexical_tfidf,0.35,0,0.0,0.0,0.0,0.0,0.0,0.0
qwen25_15b,482,msc_valid,62,recency_keep_compress_drop,0.35,0,0.0,0.0,0.0,0.0,0.0,0.0
qwen25_15b,482,msc_valid,62,uniform,0.5,44,2.147727272727273,94.5,0.0,0.0,2.147727272727273,94.5
qwen25_15b,482,msc_valid,62,longllmlingua,0.5,44,1.9090909090909092,84.0,0.0,0.0,1.9090909090909092,84.0
qwen25_15b,482,msc_valid,62,recency,0.5,0,0.0,0.0,0.0,0.0,0.0,0.0
qwen25_15b,482,msc_valid,62,lexical_tfidf,0.5,0,0.0,0.0,0.0,0.0,0.0,0.0
qwen25_15b,482,msc_valid,62,recency_keep_compress_drop,0.5,0,0.0,0.0,0.0,0.0,0.0,0.0
qwen25_15b,493,msc_valid,4,uniform,0.2,7,6.142857142857143,43.0,5.821428571428571,40.75,0.32142857142857206,2.25
qwen25_15b,493,msc_valid,4,longllmlingua,0.2,7,4.071428571428571,28.5,5.821428571428571,40.75,-1.75,-12.25
qwen25_15b,493,msc_valid,4,recency,0.2,7,6.142857142857143,43.0,5.821428571428571,40.75,0.32142857142857206,2.25
qwen25_15b,493,msc_valid,4,lexical_tfidf,0.2,7,6.142857142857143,43.0,5.821428571428571,40.75,0.32142857142857206,2.25
qwen25_15b,493,msc_valid,4,recency_keep_compress_drop,0.2,7,6.142857142857143,43.0,5.821428571428571,40.75,0.32142857142857206,2.25
qwen25_15b,493,msc_valid,4,uniform,0.35,7,6.035714285714286,42.25,5.821428571428571,40.75,0.2142857142857144,1.5
qwen25_15b,493,msc_valid,4,longllmlingua,0.35,7,3.9642857142857144,27.75,5.821428571428571,40.75,-1.8571428571428568,-13.0
qwen25_15b,493,msc_valid,4,recency,0.35,7,6.035714285714286,42.25,5.821428571428571,40.75,0.2142857142857144,1.5
qwen25_15b,493,msc_valid,4,lexical_tfidf,0.35,7,6.035714285714286,42.25,5.821428571428571,40.75,0.2142857142857144,1.5
qwen25_15b,493,msc_valid,4,recency_keep_compress_drop,0.35,7,6.035714285714286,42.25,5.821428571428571,40.75,0.2142857142857144,1.5
qwen25_15b,493,msc_valid,4,uniform,0.5,7,6.035714285714286,42.25,5.821428571428571,40.75,0.2142857142857144,1.5
qwen25_15b,493,msc_valid,4,longllmlingua,0.5,7,3.875,27.125,5.821428571428571,40.75,-1.9464285714285712,-13.625
qwen25_15b,493,msc_valid,4,recency,0.5,7,6.035714285714286,42.25,5.821428571428571,40.75,0.2142857142857144,1.5
qwen25_15b,493,msc_valid,4,lexical_tfidf,0.5,7,6.035714285714286,42.25,5.821428571428571,40.75,0.2142857142857144,1.5
qwen25_15b,493,msc_valid,4,recency_keep_compress_drop,0.5,7,6.035714285714286,42.25,5.821428571428571,40.75,0.2142857142857144,1.5
qwen25_15b,493,msc_valid,6,uniform,0.2,11,2.3636363636363638,26.0,2.2954545454545454,25.25,0.06818181818181834,0.75
qwen25_15b,493,msc_valid,6,longllmlingua,0.2,11,2.0681818181818183,22.75,2.2954545454545454,25.25,-0.22727272727272707,-2.5
qwen25_15b,493,msc_valid,6,recency,0.2,11,2.272727272727273,25.0,2.2954545454545454,25.25,-0.022727272727272485,-0.25
qwen25_15b,493,msc_valid,6,lexical_tfidf,0.2,11,2.3636363636363638,26.0,2.2954545454545454,25.25,0.06818181818181834,0.75
qwen25_15b,493,msc_valid,6,recency_keep_compress_drop,0.2,11,2.272727272727273,25.0,2.2954545454545454,25.25,-0.022727272727272485,-0.25
qwen25_15b,493,msc_valid,6,uniform,0.35,11,2.3295454545454546,25.625,2.2954545454545454,25.25,0.03409090909090917,0.375
qwen25_15b,493,msc_valid,6,longllmlingua,0.35,11,2.1818181818181817,24.0,2.2954545454545454,25.25,-0.11363636363636376,-1.25
qwen25_15b,493,msc_valid,6,recency,0.35,11,2.340909090909091,25.75,2.2954545454545454,25.25,0.045454545454545414,0.5
qwen25_15b,493,msc_valid,6,lexical_tfidf,0.35,11,2.3295454545454546,25.625,2.2954545454545454,25.25,0.03409090909090917,0.375
qwen25_15b,493,msc_valid,6,recency_keep_compress_drop,0.35,11,2.340909090909091,25.75,2.2954545454545454,25.25,0.045454545454545414,0.5
qwen25_15b,493,msc_valid,6,uniform,0.5,11,2.352272727272727,25.875,2.2954545454545454,25.25,0.05681818181818166,0.625
qwen25_15b,493,msc_valid,6,longllmlingua,0.5,11,2.1818181818181817,24.0,2.2954545454545454,25.25,-0.11363636363636376,-1.25
qwen25_15b,493,msc_valid,6,recency,0.5,11,2.409090909090909,26.5,2.2954545454545454,25.25,0.11363636363636376,1.25
qwen25_15b,493,msc_valid,6,lexical_tfidf,0.5,11,2.352272727272727,25.875,2.2954545454545454,25.25,0.05681818181818166,0.625
qwen25_15b,493,msc_valid,6,recency_keep_compress_drop,0.5,11,2.340909090909091,25.75,2.2954545454545454,25.25,0.045454545454545414,0.5
qwen25_15b,493,msc_valid,8,uniform,0.2,17,2.6470588235294117,45.0,2.6470588235294117,45.0,0.0,0.0
qwen25_15b,493,msc_valid,8,longllmlingua,0.2,17,2.6029411764705883,44.25,2.6470588235294117,45.0,-0.04411764705882337,-0.75
qwen25_15b,493,msc_valid,8,recency,0.2,17,2.6470588235294117,45.0,2.6470588235294117,45.0,0.0,0.0
qwen25_15b,493,msc_valid,8,lexical_tfidf,0.2,17,2.9558823529411766,50.25,2.6470588235294117,45.0,0.30882352941176494,5.25
qwen25_15b,493,msc_valid,8,recency_keep_compress_drop,0.2,17,2.6470588235294117,45.0,2.6470588235294117,45.0,0.0,0.0
qwen25_15b,493,msc_valid,8,uniform,0.35,17,2.838235294117647,48.25,2.6470588235294117,45.0,0.1911764705882355,3.25
qwen25_15b,493,msc_valid,8,longllmlingua,0.35,17,2.676470588235294,45.5,2.6470588235294117,45.0,0.02941176470588225,0.5
qwen25_15b,493,msc_valid,8,recency,0.35,17,2.6029411764705883,44.25,2.6470588235294117,45.0,-0.04411764705882337,-0.75
qwen25_15b,493,msc_valid,8,lexical_tfidf,0.35,17,2.764705882352941,47.0,2.6470588235294117,45.0,0.11764705882352944,2.0
qwen25_15b,493,msc_valid,8,recency_keep_compress_drop,0.35,17,2.6029411764705883,44.25,2.6470588235294117,45.0,-0.04411764705882337,-0.75
qwen25_15b,493,msc_valid,8,uniform,0.5,17,2.7058823529411766,46.0,2.6470588235294117,45.0,0.05882352941176494,1.0
qwen25_15b,493,msc_valid,8,longllmlingua,0.5,17,2.661764705882353,45.25,2.6470588235294117,45.0,0.014705882352941124,0.25
qwen25_15b,493,msc_valid,8,recency,0.5,17,2.661764705882353,45.25,2.6470588235294117,45.0,0.014705882352941124,0.25
qwen25_15b,493,msc_valid,8,lexical_tfidf,0.5,17,2.735294117647059,46.5,2.6470588235294117,45.0,0.08823529411764719,1.5
qwen25_15b,493,msc_valid,8,recency_keep_compress_drop,0.5,17,2.573529411764706,43.75,2.6470588235294117,45.0,-0.07352941176470562,-1.25
qwen25_15b,493,msc_valid,10,uniform,0.2,8,2.4375,19.5,1.6484375,13.1875,0.7890625,6.3125
qwen25_15b,493,msc_valid,10,longllmlingua,0.2,8,2.234375,17.875,1.6484375,13.1875,0.5859375,4.6875
qwen25_15b,493,msc_valid,10,recency,0.2,8,2.546875,20.375,1.6484375,13.1875,0.8984375,7.1875
qwen25_15b,493,msc_valid,10,lexical_tfidf,0.2,8,2.4375,19.5,1.6484375,13.1875,0.7890625,6.3125
qwen25_15b,493,msc_valid,10,recency_keep_compress_drop,0.2,8,2.546875,20.375,1.6484375,13.1875,0.8984375,7.1875
qwen25_15b,493,msc_valid,10,uniform,0.35,8,2.359375,18.875,1.6484375,13.1875,0.7109375,5.6875
qwen25_15b,493,msc_valid,10,longllmlingua,0.35,8,1.9296875,15.4375,1.6484375,13.1875,0.28125,2.25
qwen25_15b,493,msc_valid,10,recency,0.35,8,2.140625,17.125,1.6484375,13.1875,0.4921875,3.9375
qwen25_15b,493,msc_valid,10,lexical_tfidf,0.35,8,2.203125,17.625,1.6484375,13.1875,0.5546875,4.4375
qwen25_15b,493,msc_valid,10,recency_keep_compress_drop,0.35,8,2.25,18.0,1.6484375,13.1875,0.6015625,4.8125
qwen25_15b,493,msc_valid,10,uniform,0.5,8,2.203125,17.625,1.6484375,13.1875,0.5546875,4.4375
qwen25_15b,493,msc_valid,10,longllmlingua,0.5,8,1.8671875,14.9375,1.6484375,13.1875,0.21875,1.75
qwen25_15b,493,msc_valid,10,recency,0.5,8,1.78125,14.25,1.6484375,13.1875,0.1328125,1.0625
qwen25_15b,493,msc_valid,10,lexical_tfidf,0.5,8,1.9140625,15.3125,1.6484375,13.1875,0.265625,2.125
qwen25_15b,493,msc_valid,10,recency_keep_compress_drop,0.5,8,1.78125,14.25,1.6484375,13.1875,0.1328125,1.0625
qwen25_15b,493,msc_valid,12,uniform,0.2,11,2.715909090909091,29.875,1.9659090909090908,21.625,0.75,8.25
qwen25_15b,493,msc_valid,12,longllmlingua,0.2,11,1.9204545454545454,21.125,1.9659090909090908,21.625,-0.045454545454545414,-0.5
qwen25_15b,493,msc_valid,12,recency,0.2,11,2.4204545454545454,26.625,1.9659090909090908,21.625,0.4545454545454546,5.0
qwen25_15b,493,msc_valid,12,lexical_tfidf,0.2,11,2.659090909090909,29.25,1.9659090909090908,21.625,0.6931818181818183,7.625
qwen25_15b,493,msc_valid,12,recency_keep_compress_drop,0.2,11,2.7386363636363638,30.125,1.9659090909090908,21.625,0.7727272727272729,8.5
qwen25_15b,493,msc_valid,12,uniform,0.35,11,2.659090909090909,29.25,1.9659090909090908,21.625,0.6931818181818183,7.625
qwen25_15b,493,msc_valid,12,longllmlingua,0.35,11,1.7386363636363635,19.125,1.9659090909090908,21.625,-0.2272727272727273,-2.5
qwen25_15b,493,msc_valid,12,recency,0.35,11,2.5113636363636362,27.625,1.9659090909090908,21.625,0.5454545454545454,6.0
qwen25_15b,493,msc_valid,12,lexical_tfidf,0.35,11,2.4204545454545454,26.625,1.9659090909090908,21.625,0.4545454545454546,5.0
qwen25_15b,493,msc_valid,12,recency_keep_compress_drop,0.35,11,2.5113636363636362,27.625,1.9659090909090908,21.625,0.5454545454545454,6.0
qwen25_15b,493,msc_valid,12,uniform,0.5,11,2.5795454545454546,28.375,1.9659090909090908,21.625,0.6136363636363638,6.75
qwen25_15b,493,msc_valid,12,longllmlingua,0.5,11,1.6477272727272727,18.125,1.9659090909090908,21.625,-0.3181818181818181,-3.5
qwen25_15b,493,msc_valid,12,recency,0.5,11,2.3295454545454546,25.625,1.9659090909090908,21.625,0.36363636363636376,4.0
qwen25_15b,493,msc_valid,12,lexical_tfidf,0.5,11,2.3181818181818183,25.5,1.9659090909090908,21.625,0.3522727272727275,3.875
qwen25_15b,493,msc_valid,12,recency_keep_compress_drop,0.5,11,2.2386363636363638,24.625,1.9659090909090908,21.625,0.27272727272727293,3.0
qwen25_15b,493,msc_valid,14,uniform,0.2,11,4.4772727272727275,49.25,3.5454545454545454,39.0,0.9318181818181821,10.25
qwen25_15b,493,msc_valid,14,longllmlingua,0.2,11,4.113636363636363,45.25,3.5454545454545454,39.0,0.5681818181818179,6.25
qwen25_15b,493,msc_valid,14,recency,0.2,11,4.204545454545454,46.25,3.5454545454545454,39.0,0.6590909090909087,7.25
qwen25_15b,493,msc_valid,14,lexical_tfidf,0.2,11,4.159090909090909,45.75,3.5454545454545454,39.0,0.6136363636363638,6.75
qwen25_15b,493,msc_valid,14,recency_keep_compress_drop,0.2,11,3.772727272727273,41.5,3.5454545454545454,39.0,0.22727272727272751,2.5
qwen25_15b,493,msc_valid,14,uniform,0.35,11,4.045454545454546,44.5,3.5454545454545454,39.0,0.5000000000000004,5.5
qwen25_15b,493,msc_valid,14,longllmlingua,0.35,11,3.909090909090909,43.0,3.5454545454545454,39.0,0.36363636363636376,4.0
qwen25_15b,493,msc_valid,14,recency,0.35,11,3.5681818181818183,39.25,3.5454545454545454,39.0,0.02272727272727293,0.25
qwen25_15b,493,msc_valid,14,lexical_tfidf,0.35,11,3.8636363636363638,42.5,3.5454545454545454,39.0,0.31818181818181834,3.5
qwen25_15b,493,msc_valid,14,recency_keep_compress_drop,0.35,11,3.6818181818181817,40.5,3.5454545454545454,39.0,0.13636363636363624,1.5
qwen25_15b,493,msc_valid,14,uniform,0.5,11,4.0227272727272725,44.25,3.5454545454545454,39.0,0.47727272727272707,5.25
qwen25_15b,493,msc_valid,14,longllmlingua,0.5,11,3.8181818181818183,42.0,3.5454545454545454,39.0,0.27272727272727293,3.0
qwen25_15b,493,msc_valid,14,recency,0.5,11,3.7045454545454546,40.75,3.5454545454545454,39.0,0.15909090909090917,1.75
qwen25_15b,493,msc_valid,14,lexical_tfidf,0.5,11,3.727272727272727,41.0,3.5454545454545454,39.0,0.18181818181818166,2.0
qwen25_15b,493,msc_valid,14,recency_keep_compress_drop,0.5,11,3.7954545454545454,41.75,3.5454545454545454,39.0,0.25,2.75
qwen25_15b,536,msc_valid,4,uniform,0.2,14,4.857142857142857,68.0,4.303571428571429,60.25,0.5535714285714279,7.75
qwen25_15b,536,msc_valid,4,longllmlingua,0.2,14,4.178571428571429,58.5,4.303571428571429,60.25,-0.125,-1.75
qwen25_15b,536,msc_valid,4,recency,0.2,14,4.857142857142857,68.0,4.303571428571429,60.25,0.5535714285714279,7.75
qwen25_15b,536,msc_valid,4,lexical_tfidf,0.2,14,4.857142857142857,68.0,4.303571428571429,60.25,0.5535714285714279,7.75
qwen25_15b,536,msc_valid,4,recency_keep_compress_drop,0.2,14,4.857142857142857,68.0,4.303571428571429,60.25,0.5535714285714279,7.75
qwen25_15b,536,msc_valid,4,uniform,0.35,14,4.5,63.0,4.303571428571429,60.25,0.19642857142857117,2.75
qwen25_15b,536,msc_valid,4,longllmlingua,0.35,14,4.160714285714286,58.25,4.303571428571429,60.25,-0.14285714285714324,-2.0
qwen25_15b,536,msc_valid,4,recency,0.35,14,4.5,63.0,4.303571428571429,60.25,0.19642857142857117,2.75
qwen25_15b,536,msc_valid,4,lexical_tfidf,0.35,14,4.5,63.0,4.303571428571429,60.25,0.19642857142857117,2.75
qwen25_15b,536,msc_valid,4,recency_keep_compress_drop,0.35,14,4.5,63.0,4.303571428571429,60.25,0.19642857142857117,2.75
qwen25_15b,536,msc_valid,4,uniform,0.5,14,4.5,63.0,4.303571428571429,60.25,0.19642857142857117,2.75
qwen25_15b,536,msc_valid,4,longllmlingua,0.5,14,3.982142857142857,55.75,4.303571428571429,60.25,-0.3214285714285716,-4.5
qwen25_15b,536,msc_valid,4,recency,0.5,14,4.5,63.0,4.303571428571429,60.25,0.19642857142857117,2.75
qwen25_15b,536,msc_valid,4,lexical_tfidf,0.5,14,4.5,63.0,4.303571428571429,60.25,0.19642857142857117,2.75
qwen25_15b,536,msc_valid,4,recency_keep_compress_drop,0.5,14,4.5,63.0,4.303571428571429,60.25,0.19642857142857117,2.75
qwen25_15b,536,msc_valid,6,uniform,0.2,11,4.0,44.0,3.409090909090909,37.5,0.5909090909090908,6.5
qwen25_15b,536,msc_valid,6,longllmlingua,0.2,11,3.75,41.25,3.409090909090909,37.5,0.34090909090909083,3.75
qwen25_15b,536,msc_valid,6,recency,0.2,11,3.9318181818181817,43.25,3.409090909090909,37.5,0.5227272727272725,5.75
qwen25_15b,536,msc_valid,6,lexical_tfidf,0.2,11,3.9318181818181817,43.25,3.409090909090909,37.5,0.5227272727272725,5.75
qwen25_15b,536,msc_valid,6,recency_keep_compress_drop,0.2,11,4.0,44.0,3.409090909090909,37.5,0.5909090909090908,6.5
qwen25_15b,536,msc_valid,6,uniform,0.35,11,3.5454545454545454,39.0,3.409090909090909,37.5,0.13636363636363624,1.5
qwen25_15b,536,msc_valid,6,longllmlingua,0.35,11,3.5681818181818183,39.25,3.409090909090909,37.5,0.15909090909090917,1.75
qwen25_15b,536,msc_valid,6,recency,0.35,11,3.5454545454545454,39.0,3.409090909090909,37.5,0.13636363636363624,1.5
qwen25_15b,536,msc_valid,6,lexical_tfidf,0.35,11,4.4772727272727275,49.25,3.409090909090909,37.5,1.0681818181818183,11.75
qwen25_15b,536,msc_valid,6,recency_keep_compress_drop,0.35,11,4.4772727272727275,49.25,3.409090909090909,37.5,1.0681818181818183,11.75
qwen25_15b,536,msc_valid,6,uniform,0.5,11,4.5227272727272725,49.75,3.409090909090909,37.5,1.1136363636363633,12.25
qwen25_15b,536,msc_valid,6,longllmlingua,0.5,11,3.659090909090909,40.25,3.409090909090909,37.5,0.25,2.75
qwen25_15b,536,msc_valid,6,recency,0.5,11,3.75,41.25,3.409090909090909,37.5,0.34090909090909083,3.75
qwen25_15b,536,msc_valid,6,lexical_tfidf,0.5,11,3.75,41.25,3.409090909090909,37.5,0.34090909090909083,3.75
qwen25_15b,536,msc_valid,6,recency_keep_compress_drop,0.5,11,3.909090909090909,43.0,3.409090909090909,37.5,0.5,5.5
qwen25_15b,536,msc_valid,8,uniform,0.2,9,3.0833333333333335,27.75,2.3055555555555554,20.75,0.7777777777777781,7.0
qwen25_15b,536,msc_valid,8,longllmlingua,0.2,9,2.625,23.625,2.3055555555555554,20.75,0.31944444444444464,2.875
qwen25_15b,536,msc_valid,8,recency,0.2,9,3.2222222222222223,29.0,2.3055555555555554,20.75,0.916666666666667,8.25
qwen25_15b,536,msc_valid,8,lexical_tfidf,0.2,9,3.375,30.375,2.3055555555555554,20.75,1.0694444444444446,9.625
qwen25_15b,536,msc_valid,8,recency_keep_compress_drop,0.2,9,3.2222222222222223,29.0,2.3055555555555554,20.75,0.916666666666667,8.25
qwen25_15b,536,msc_valid,8,uniform,0.35,9,3.2083333333333335,28.875,2.3055555555555554,20.75,0.9027777777777781,8.125
qwen25_15b,536,msc_valid,8,longllmlingua,0.35,9,2.638888888888889,23.75,2.3055555555555554,20.75,0.3333333333333335,3.0
qwen25_15b,536,msc_valid,8,recency,0.35,9,3.0694444444444446,27.625,2.3055555555555554,20.75,0.7638888888888893,6.875
qwen25_15b,536,msc_valid,8,lexical_tfidf,0.35,9,3.25,29.25,2.3055555555555554,20.75,0.9444444444444446,8.5
qwen25_15b,536,msc_valid,8,recency_keep_compress_drop,0.35,9,3.138888888888889,28.25,2.3055555555555554,20.75,0.8333333333333335,7.5
qwen25_15b,536,msc_valid,8,uniform,0.5,9,2.888888888888889,26.0,2.3055555555555554,20.75,0.5833333333333335,5.25
qwen25_15b,536,msc_valid,8,longllmlingua,0.5,9,2.5416666666666665,22.875,2.3055555555555554,20.75,0.23611111111111116,2.125
qwen25_15b,536,msc_valid,8,recency,0.5,9,3.0972222222222223,27.875,2.3055555555555554,20.75,0.791666666666667,7.125
qwen25_15b,536,msc_valid,8,lexical_tfidf,0.5,9,2.9722222222222223,26.75,2.3055555555555554,20.75,0.666666666666667,6.0
qwen25_15b,536,msc_valid,8,recency_keep_compress_drop,0.5,9,2.6666666666666665,24.0,2.3055555555555554,20.75,0.36111111111111116,3.25
qwen25_15b,536,msc_valid,10,uniform,0.2,15,2.7666666666666666,41.5,2.033333333333333,30.5,0.7333333333333334,11.0
qwen25_15b,536,msc_valid,10,longllmlingua,0.2,15,2.85,42.75,2.033333333333333,30.5,0.8166666666666669,12.25
qwen25_15b,536,msc_valid,10,recency,0.2,15,2.7333333333333334,41.0,2.033333333333333,30.5,0.7000000000000002,10.5
qwen25_15b,536,msc_valid,10,lexical_tfidf,0.2,15,2.7333333333333334,41.0,2.033333333333333,30.5,0.7000000000000002,10.5
qwen25_15b,536,msc_valid,10,recency_keep_compress_drop,0.2,15,2.7333333333333334,41.0,2.033333333333333,30.5,0.7000000000000002,10.5
qwen25_15b,536,msc_valid,10,uniform,0.35,15,2.716666666666667,40.75,2.033333333333333,30.5,0.6833333333333336,10.25
qwen25_15b,536,msc_valid,10,longllmlingua,0.35,15,2.7666666666666666,41.5,2.033333333333333,30.5,0.7333333333333334,11.0
qwen25_15b,536,msc_valid,10,recency,0.35,15,2.5,37.5,2.033333333333333,30.5,0.4666666666666668,7.0
qwen25_15b,536,msc_valid,10,lexical_tfidf,0.35,15,2.55,38.25,2.033333333333333,30.5,0.5166666666666666,7.75
qwen25_15b,536,msc_valid,10,recency_keep_compress_drop,0.35,15,2.466666666666667,37.0,2.033333333333333,30.5,0.43333333333333357,6.5
qwen25_15b,536,msc_valid,10,uniform,0.5,15,2.6333333333333333,39.5,2.033333333333333,30.5,0.6000000000000001,9.0
qwen25_15b,536,msc_valid,10,longllmlingua,0.5,15,2.716666666666667,40.75,2.033333333333333,30.5,0.6833333333333336,10.25
qwen25_15b,536,msc_valid,10,recency,0.5,15,2.433333333333333,36.5,2.033333333333333,30.5,0.3999999999999999,6.0
qwen25_15b,536,msc_valid,10,lexical_tfidf,0.5,15,2.683333333333333,40.25,2.033333333333333,30.5,0.6499999999999999,9.75
qwen25_15b,536,msc_valid,10,recency_keep_compress_drop,0.5,15,2.283333333333333,34.25,2.033333333333333,30.5,0.25,3.75
qwen25_15b,536,msc_valid,12,uniform,0.2,10,3.0125,30.125,2.8,28.0,0.21250000000000036,2.125
qwen25_15b,536,msc_valid,12,longllmlingua,0.2,10,2.675,26.75,2.8,28.0,-0.125,-1.25
qwen25_15b,536,msc_valid,12,recency,0.2,10,2.8625,28.625,2.8,28.0,0.0625,0.625
qwen25_15b,536,msc_valid,12,lexical_tfidf,0.2,10,2.9375,29.375,2.8,28.0,0.13750000000000018,1.375
qwen25_15b,536,msc_valid,12,recency_keep_compress_drop,0.2,10,3.0,30.0,2.8,28.0,0.20000000000000018,2.0
qwen25_15b,536,msc_valid,12,uniform,0.35,10,2.7625,27.625,2.8,28.0,-0.037499999999999645,-0.375
qwen25_15b,536,msc_valid,12,longllmlingua,0.35,10,2.5875,25.875,2.8,28.0,-0.2124999999999999,-2.125
qwen25_15b,536,msc_valid,12,recency,0.35,10,2.7,27.0,2.8,28.0,-0.09999999999999964,-1.0
qwen25_15b,536,msc_valid,12,lexical_tfidf,0.35,10,2.8625,28.625,2.8,28.0,0.0625,0.625
qwen25_15b,536,msc_valid,12,recency_keep_compress_drop,0.35,10,3.1625,31.625,2.8,28.0,0.36250000000000027,3.625
qwen25_15b,536,msc_valid,12,uniform,0.5,10,2.775,27.75,2.8,28.0,-0.02499999999999991,-0.25
qwen25_15b,536,msc_valid,12,longllmlingua,0.5,10,2.5,25.0,2.8,28.0,-0.2999999999999998,-3.0
qwen25_15b,536,msc_valid,12,recency,0.5,10,2.7375,27.375,2.8,28.0,-0.0625,-0.625
qwen25_15b,536,msc_valid,12,lexical_tfidf,0.5,10,2.9125,29.125,2.8,28.0,0.11250000000000027,1.125
qwen25_15b,536,msc_valid,12,recency_keep_compress_drop,0.5,10,2.9125,29.125,2.8,28.0,0.11250000000000027,1.125
qwen25_15b,536,msc_valid,14,uniform,0.2,11,3.5,38.5,2.2045454545454546,24.25,1.2954545454545454,14.25
qwen25_15b,536,msc_valid,14,longllmlingua,0.2,11,3.2045454545454546,35.25,2.2045454545454546,24.25,1.0,11.0
qwen25_15b,536,msc_valid,14,recency,0.2,11,3.2954545454545454,36.25,2.2045454545454546,24.25,1.0909090909090908,12.0
qwen25_15b,536,msc_valid,14,lexical_tfidf,0.2,11,3.227272727272727,35.5,2.2045454545454546,24.25,1.0227272727272725,11.25
qwen25_15b,536,msc_valid,14,recency_keep_compress_drop,0.2,11,3.2954545454545454,36.25,2.2045454545454546,24.25,1.0909090909090908,12.0
qwen25_15b,536,msc_valid,14,uniform,0.35,11,3.0681818181818183,33.75,2.2045454545454546,24.25,0.8636363636363638,9.5
qwen25_15b,536,msc_valid,14,longllmlingua,0.35,11,3.1818181818181817,35.0,2.2045454545454546,24.25,0.9772727272727271,10.75
qwen25_15b,536,msc_valid,14,recency,0.35,11,2.840909090909091,31.25,2.2045454545454546,24.25,0.6363636363636362,7.0
qwen25_15b,536,msc_valid,14,lexical_tfidf,0.35,11,2.7954545454545454,30.75,2.2045454545454546,24.25,0.5909090909090908,6.5
qwen25_15b,536,msc_valid,14,recency_keep_compress_drop,0.35,11,3.1363636363636362,34.5,2.2045454545454546,24.25,0.9318181818181817,10.25
qwen25_15b,536,msc_valid,14,uniform,0.5,11,2.977272727272727,32.75,2.2045454545454546,24.25,0.7727272727272725,8.5
qwen25_15b,536,msc_valid,14,longllmlingua,0.5,11,3.227272727272727,35.5,2.2045454545454546,24.25,1.0227272727272725,11.25
qwen25_15b,536,msc_valid,14,recency,0.5,11,2.397727272727273,26.375,2.2045454545454546,24.25,0.19318181818181834,2.125
qwen25_15b,536,msc_valid,14,lexical_tfidf,0.5,11,2.534090909090909,27.875,2.2045454545454546,24.25,0.3295454545454546,3.625
qwen25_15b,536,msc_valid,14,recency_keep_compress_drop,0.5,11,2.6704545454545454,29.375,2.2045454545454546,24.25,0.46590909090909083,5.125
qwen25_15b,568,msc_valid,4,uniform,0.2,15,3.9166666666666665,58.75,4.033333333333333,60.5,-0.1166666666666667,-1.75
qwen25_15b,568,msc_valid,4,longllmlingua,0.2,15,3.5166666666666666,52.75,4.033333333333333,60.5,-0.5166666666666666,-7.75
qwen25_15b,568,msc_valid,4,recency,0.2,15,3.9166666666666665,58.75,4.033333333333333,60.5,-0.1166666666666667,-1.75
qwen25_15b,568,msc_valid,4,lexical_tfidf,0.2,15,3.9166666666666665,58.75,4.033333333333333,60.5,-0.1166666666666667,-1.75
qwen25_15b,568,msc_valid,4,recency_keep_compress_drop,0.2,15,3.9166666666666665,58.75,4.033333333333333,60.5,-0.1166666666666667,-1.75
qwen25_15b,568,msc_valid,4,uniform,0.35,15,3.9166666666666665,58.75,4.033333333333333,60.5,-0.1166666666666667,-1.75
qwen25_15b,568,msc_valid,4,longllmlingua,0.35,15,3.5833333333333335,53.75,4.033333333333333,60.5,-0.44999999999999973,-6.75
qwen25_15b,568,msc_valid,4,recency,0.35,15,3.9166666666666665,58.75,4.033333333333333,60.5,-0.1166666666666667,-1.75
qwen25_15b,568,msc_valid,4,lexical_tfidf,0.35,15,3.9166666666666665,58.75,4.033333333333333,60.5,-0.1166666666666667,-1.75
qwen25_15b,568,msc_valid,4,recency_keep_compress_drop,0.35,15,3.9166666666666665,58.75,4.033333333333333,60.5,-0.1166666666666667,-1.75
qwen25_15b,568,msc_valid,4,uniform,0.5,15,4.0,60.0,4.033333333333333,60.5,-0.033333333333333215,-0.5
qwen25_15b,568,msc_valid,4,longllmlingua,0.5,15,3.3333333333333335,50.0,4.033333333333333,60.5,-0.6999999999999997,-10.5
qwen25_15b,568,msc_valid,4,recency,0.5,15,4.0,60.0,4.033333333333333,60.5,-0.033333333333333215,-0.5
qwen25_15b,568,msc_valid,4,lexical_tfidf,0.5,15,4.0,60.0,4.033333333333333,60.5,-0.033333333333333215,-0.5
qwen25_15b,568,msc_valid,4,recency_keep_compress_drop,0.5,15,4.0,60.0,4.033333333333333,60.5,-0.033333333333333215,-0.5
qwen25_15b,568,msc_valid,8,uniform,0.2,17,3.8823529411764706,66.0,3.6470588235294117,62.0,0.23529411764705888,4.0
qwen25_15b,568,msc_valid,8,longllmlingua,0.2,17,3.764705882352941,64.0,3.6470588235294117,62.0,0.11764705882352944,2.0
qwen25_15b,568,msc_valid,8,recency,0.2,17,3.911764705882353,66.5,3.6470588235294117,62.0,0.2647058823529411,4.5
qwen25_15b,568,msc_valid,8,lexical_tfidf,0.2,17,3.911764705882353,66.5,3.6470588235294117,62.0,0.2647058823529411,4.5
qwen25_15b,568,msc_valid,8,recency_keep_compress_drop,0.2,17,3.911764705882353,66.5,3.6470588235294117,62.0,0.2647058823529411,4.5
qwen25_15b,568,msc_valid,8,uniform,0.35,17,3.823529411764706,65.0,3.6470588235294117,62.0,0.17647058823529438,3.0
qwen25_15b,568,msc_valid,8,longllmlingua,0.35,17,3.764705882352941,64.0,3.6470588235294117,62.0,0.11764705882352944,2.0
qwen25_15b,568,msc_valid,8,recency,0.35,17,3.8529411764705883,65.5,3.6470588235294117,62.0,0.20588235294117663,3.5
qwen25_15b,568,msc_valid,8,lexical_tfidf,0.35,17,3.8529411764705883,65.5,3.6470588235294117,62.0,0.20588235294117663,3.5
qwen25_15b,568,msc_valid,8,recency_keep_compress_drop,0.35,17,3.8529411764705883,65.5,3.6470588235294117,62.0,0.20588235294117663,3.5
qwen25_15b,568,msc_valid,8,uniform,0.5,17,3.911764705882353,66.5,3.6470588235294117,62.0,0.2647058823529411,4.5
qwen25_15b,568,msc_valid,8,longllmlingua,0.5,17,3.823529411764706,65.0,3.6470588235294117,62.0,0.17647058823529438,3.0
qwen25_15b,568,msc_valid,8,recency,0.5,17,3.735294117647059,63.5,3.6470588235294117,62.0,0.08823529411764719,1.5
qwen25_15b,568,msc_valid,8,lexical_tfidf,0.5,17,3.7941176470588234,64.5,3.6470588235294117,62.0,0.1470588235294117,2.5
qwen25_15b,568,msc_valid,8,recency_keep_compress_drop,0.5,17,3.764705882352941,64.0,3.6470588235294117,62.0,0.11764705882352944,2.0
qwen25_15b,568,msc_valid,12,uniform,0.2,18,2.5277777777777777,45.5,2.013888888888889,36.25,0.5138888888888888,9.25
qwen25_15b,568,msc_valid,12,longllmlingua,0.2,18,2.4305555555555554,43.75,2.013888888888889,36.25,0.4166666666666665,7.5
qwen25_15b,568,msc_valid,12,recency,0.2,18,2.3194444444444446,41.75,2.013888888888889,36.25,0.3055555555555558,5.5
qwen25_15b,568,msc_valid,12,lexical_tfidf,0.2,18,2.4305555555555554,43.75,2.013888888888889,36.25,0.4166666666666665,7.5
qwen25_15b,568,msc_valid,12,recency_keep_compress_drop,0.2,18,2.4305555555555554,43.75,2.013888888888889,36.25,0.4166666666666665,7.5
qwen25_15b,568,msc_valid,12,uniform,0.35,18,2.4305555555555554,43.75,2.013888888888889,36.25,0.4166666666666665,7.5
qwen25_15b,568,msc_valid,12,longllmlingua,0.35,18,2.375,42.75,2.013888888888889,36.25,0.36111111111111116,6.5
qwen25_15b,568,msc_valid,12,recency,0.35,18,2.3194444444444446,41.75,2.013888888888889,36.25,0.3055555555555558,5.5
qwen25_15b,568,msc_valid,12,lexical_tfidf,0.35,18,2.3194444444444446,41.75,2.013888888888889,36.25,0.3055555555555558,5.5
qwen25_15b,568,msc_valid,12,recency_keep_compress_drop,0.35,18,2.1944444444444446,39.5,2.013888888888889,36.25,0.1805555555555558,3.25
qwen25_15b,568,msc_valid,12,uniform,0.5,18,2.2083333333333335,39.75,2.013888888888889,36.25,0.19444444444444464,3.5
qwen25_15b,568,msc_valid,12,longllmlingua,0.5,18,2.4166666666666665,43.5,2.013888888888889,36.25,0.4027777777777777,7.25
qwen25_15b,568,msc_valid,12,recency,0.5,18,2.1527777777777777,38.75,2.013888888888889,36.25,0.13888888888888884,2.5
qwen25_15b,568,msc_valid,12,lexical_tfidf,0.5,18,2.1527777777777777,38.75,2.013888888888889,36.25,0.13888888888888884,2.5
qwen25_15b,568,msc_valid,12,recency_keep_compress_drop,0.5,18,2.1666666666666665,39.0,2.013888888888889,36.25,0.15277777777777768,2.75
qwen25_15b,568,msc_valid,16,uniform,0.2,27,4.277777777777778,115.5,4.055555555555555,109.5,0.22222222222222232,6.0
qwen25_15b,568,msc_valid,16,longllmlingua,0.2,27,4.111111111111111,111.0,4.055555555555555,109.5,0.05555555555555536,1.5
qwen25_15b,568,msc_valid,16,recency,0.2,27,4.222222222222222,114.0,4.055555555555555,109.5,0.16666666666666696,4.5
qwen25_15b,568,msc_valid,16,lexical_tfidf,0.2,27,4.111111111111111,111.0,4.055555555555555,109.5,0.05555555555555536,1.5
qwen25_15b,568,msc_valid,16,recency_keep_compress_drop,0.2,27,4.185185185185185,113.0,4.055555555555555,109.5,0.12962962962962976,3.5
qwen25_15b,568,msc_valid,16,uniform,0.35,27,4.018518518518518,108.5,4.055555555555555,109.5,-0.0370370370370372,-1.0
qwen25_15b,568,msc_valid,16,longllmlingua,0.35,27,4.166666666666667,112.5,4.055555555555555,109.5,0.1111111111111116,3.0
qwen25_15b,568,msc_valid,16,recency,0.35,27,4.277777777777778,115.5,4.055555555555555,109.5,0.22222222222222232,6.0
qwen25_15b,568,msc_valid,16,lexical_tfidf,0.35,27,4.037037037037037,109.0,4.055555555555555,109.5,-0.018518518518518157,-0.5
qwen25_15b,568,msc_valid,16,recency_keep_compress_drop,0.35,27,4.222222222222222,114.0,4.055555555555555,109.5,0.16666666666666696,4.5
qwen25_15b,568,msc_valid,16,uniform,0.5,27,4.074074074074074,110.0,4.055555555555555,109.5,0.018518518518519045,0.5
qwen25_15b,568,msc_valid,16,longllmlingua,0.5,27,4.2592592592592595,115.0,4.055555555555555,109.5,0.20370370370370416,5.5
qwen25_15b,568,msc_valid,16,recency,0.5,27,4.185185185185185,113.0,4.055555555555555,109.5,0.12962962962962976,3.5
qwen25_15b,568,msc_valid,16,lexical_tfidf,0.5,27,4.12962962962963,111.5,4.055555555555555,109.5,0.0740740740740744,2.0
qwen25_15b,568,msc_valid,16,recency_keep_compress_drop,0.5,27,4.222222222222222,114.0,4.055555555555555,109.5,0.16666666666666696,4.5
qwen25_15b,568,msc_valid,20,uniform,0.2,35,3.4,119.0,3.242857142857143,113.5,0.15714285714285703,5.5
qwen25_15b,568,msc_valid,20,longllmlingua,0.2,35,3.2857142857142856,115.0,3.242857142857143,113.5,0.042857142857142705,1.5
qwen25_15b,568,msc_valid,20,recency,0.2,35,3.3285714285714287,116.5,3.242857142857143,113.5,0.08571428571428585,3.0
qwen25_15b,568,msc_valid,20,lexical_tfidf,0.2,35,3.414285714285714,119.5,3.242857142857143,113.5,0.17142857142857126,6.0
qwen25_15b,568,msc_valid,20,recency_keep_compress_drop,0.2,35,3.142857142857143,110.0,3.242857142857143,113.5,-0.10000000000000009,-3.5
qwen25_15b,568,msc_valid,20,uniform,0.35,35,3.442857142857143,120.5,3.242857142857143,113.5,0.20000000000000018,7.0
qwen25_15b,568,msc_valid,20,longllmlingua,0.35,35,3.3714285714285714,118.0,3.242857142857143,113.5,0.12857142857142856,4.5
qwen25_15b,568,msc_valid,20,recency,0.35,35,3.1285714285714286,109.5,3.242857142857143,113.5,-0.11428571428571432,-4.0
qwen25_15b,568,msc_valid,20,lexical_tfidf,0.35,35,3.2857142857142856,115.0,3.242857142857143,113.5,0.042857142857142705,1.5
qwen25_15b,568,msc_valid,20,recency_keep_compress_drop,0.35,35,3.142857142857143,110.0,3.242857142857143,113.5,-0.10000000000000009,-3.5
qwen25_15b,568,msc_valid,20,uniform,0.5,35,3.357142857142857,117.5,3.242857142857143,113.5,0.11428571428571432,4.0
qwen25_15b,568,msc_valid,20,longllmlingua,0.5,35,3.357142857142857,117.5,3.242857142857143,113.5,0.11428571428571432,4.0
qwen25_15b,568,msc_valid,20,recency,0.5,35,3.1714285714285713,111.0,3.242857142857143,113.5,-0.07142857142857162,-2.5
qwen25_15b,568,msc_valid,20,lexical_tfidf,0.5,35,3.2857142857142856,115.0,3.242857142857143,113.5,0.042857142857142705,1.5
qwen25_15b,568,msc_valid,20,recency_keep_compress_drop,0.5,35,3.257142857142857,114.0,3.242857142857143,113.5,0.014285714285714235,0.5
qwen25_15b,568,msc_valid,24,uniform,0.2,26,3.0384615384615383,79.0,2.8846153846153846,75.0,0.15384615384615374,4.0
qwen25_15b,568,msc_valid,24,longllmlingua,0.2,26,2.9038461538461537,75.5,2.8846153846153846,75.0,0.019230769230769162,0.5
qwen25_15b,568,msc_valid,24,recency,0.2,26,2.9423076923076925,76.5,2.8846153846153846,75.0,0.05769230769230793,1.5
qwen25_15b,568,msc_valid,24,lexical_tfidf,0.2,26,2.923076923076923,76.0,2.8846153846153846,75.0,0.038461538461538325,1.0
qwen25_15b,568,msc_valid,24,recency_keep_compress_drop,0.2,26,2.8846153846153846,75.0,2.8846153846153846,75.0,0.0,0.0
qwen25_15b,568,msc_valid,24,uniform,0.35,26,2.980769230769231,77.5,2.8846153846153846,75.0,0.09615384615384626,2.5
qwen25_15b,568,msc_valid,24,longllmlingua,0.35,26,2.8846153846153846,75.0,2.8846153846153846,75.0,0.0,0.0
qwen25_15b,568,msc_valid,24,recency,0.35,26,2.923076923076923,76.0,2.8846153846153846,75.0,0.038461538461538325,1.0
qwen25_15b,568,msc_valid,24,lexical_tfidf,0.35,26,2.8846153846153846,75.0,2.8846153846153846,75.0,0.0,0.0
qwen25_15b,568,msc_valid,24,recency_keep_compress_drop,0.35,26,2.8846153846153846,75.0,2.8846153846153846,75.0,0.0,0.0
qwen25_15b,568,msc_valid,24,uniform,0.5,26,3.019230769230769,78.5,2.8846153846153846,75.0,0.13461538461538458,3.5
qwen25_15b,568,msc_valid,24,longllmlingua,0.5,26,2.9423076923076925,76.5,2.8846153846153846,75.0,0.05769230769230793,1.5
qwen25_15b,568,msc_valid,24,recency,0.5,26,2.923076923076923,76.0,2.8846153846153846,75.0,0.038461538461538325,1.0
qwen25_15b,568,msc_valid,24,lexical_tfidf,0.5,26,2.8461538461538463,74.0,2.8846153846153846,75.0,-0.038461538461538325,-1.0
qwen25_15b,568,msc_valid,24,recency_keep_compress_drop,0.5,26,2.8846153846153846,75.0,2.8846153846153846,75.0,0.0,0.0
qwen25_15b,568,msc_valid,28,uniform,0.2,25,2.38,59.5,2.19,54.75,0.18999999999999995,4.75
qwen25_15b,568,msc_valid,28,longllmlingua,0.2,25,2.26,56.5,2.19,54.75,0.06999999999999984,1.75
qwen25_15b,568,msc_valid,28,recency,0.2,25,2.2,55.0,2.19,54.75,0.010000000000000231,0.25
qwen25_15b,568,msc_valid,28,lexical_tfidf,0.2,25,2.21,55.25,2.19,54.75,0.020000000000000018,0.5
qwen25_15b,568,msc_valid,28,recency_keep_compress_drop,0.2,25,2.28,57.0,2.19,54.75,0.08999999999999986,2.25
qwen25_15b,568,msc_valid,28,uniform,0.35,25,2.25,56.25,2.19,54.75,0.06000000000000005,1.5
qwen25_15b,568,msc_valid,28,longllmlingua,0.35,25,2.24,56.0,2.19,54.75,0.050000000000000266,1.25
qwen25_15b,568,msc_valid,28,recency,0.35,25,2.27,56.75,2.19,54.75,0.08000000000000007,2.0
qwen25_15b,568,msc_valid,28,lexical_tfidf,0.35,25,2.17,54.25,2.19,54.75,-0.020000000000000018,-0.5
qwen25_15b,568,msc_valid,28,recency_keep_compress_drop,0.35,25,2.28,57.0,2.19,54.75,0.08999999999999986,2.25
qwen25_15b,568,msc_valid,28,uniform,0.5,25,2.21,55.25,2.19,54.75,0.020000000000000018,0.5
qwen25_15b,568,msc_valid,28,longllmlingua,0.5,25,2.22,55.5,2.19,54.75,0.03000000000000025,0.75
qwen25_15b,568,msc_valid,28,recency,0.5,25,2.24,56.0,2.19,54.75,0.050000000000000266,1.25
qwen25_15b,568,msc_valid,28,lexical_tfidf,0.5,25,2.16,54.0,2.19,54.75,-0.029999999999999805,-0.75
qwen25_15b,568,msc_valid,28,recency_keep_compress_drop,0.5,25,2.18,54.5,2.19,54.75,-0.009999999999999787,-0.25
qwen25_15b,568,msc_valid,32,uniform,0.2,30,2.125,63.75,1.7583333333333333,52.75,0.3666666666666667,11.0
qwen25_15b,568,msc_valid,32,longllmlingua,0.2,30,2.1333333333333333,64.0,1.7583333333333333,52.75,0.375,11.25
qwen25_15b,568,msc_valid,32,recency,0.2,30,2.066666666666667,62.0,1.7583333333333333,52.75,0.30833333333333357,9.25
qwen25_15b,568,msc_valid,32,lexical_tfidf,0.2,30,1.9083333333333334,57.25,1.7583333333333333,52.75,0.15000000000000013,4.5
qwen25_15b,568,msc_valid,32,recency_keep_compress_drop,0.2,30,1.9916666666666667,59.75,1.7583333333333333,52.75,0.2333333333333334,7.0
qwen25_15b,568,msc_valid,32,uniform,0.35,30,1.8916666666666666,56.75,1.7583333333333333,52.75,0.1333333333333333,4.0
qwen25_15b,568,msc_valid,32,longllmlingua,0.35,30,2.058333333333333,61.75,1.7583333333333333,52.75,0.2999999999999998,9.0
qwen25_15b,568,msc_valid,32,recency,0.35,30,1.8833333333333333,56.5,1.7583333333333333,52.75,0.125,3.75
qwen25_15b,568,msc_valid,32,lexical_tfidf,0.35,30,1.85,55.5,1.7583333333333333,52.75,0.09166666666666679,2.75
qwen25_15b,568,msc_valid,32,recency_keep_compress_drop,0.35,30,1.9166666666666667,57.5,1.7583333333333333,52.75,0.15833333333333344,4.75
qwen25_15b,568,msc_valid,32,uniform,0.5,30,1.85,55.5,1.7583333333333333,52.75,0.09166666666666679,2.75
qwen25_15b,568,msc_valid,32,longllmlingua,0.5,30,1.9833333333333334,59.5,1.7583333333333333,52.75,0.2250000000000001,6.75
qwen25_15b,568,msc_valid,32,recency,0.5,30,1.85,55.5,1.7583333333333333,52.75,0.09166666666666679,2.75
qwen25_15b,568,msc_valid,32,lexical_tfidf,0.5,30,1.8083333333333333,54.25,1.7583333333333333,52.75,0.050000000000000044,1.5
qwen25_15b,568,msc_valid,32,recency_keep_compress_drop,0.5,30,1.825,54.75,1.7583333333333333,52.75,0.06666666666666665,2.0
qwen25_15b,568,msc_valid,34,uniform,0.2,46,2.641304347826087,121.5,2.0555555555555554,18.5,0.5857487922705316,103.0
qwen25_15b,568,msc_valid,34,longllmlingua,0.2,46,2.75,126.5,2.0555555555555554,18.5,0.6944444444444446,108.0
qwen25_15b,568,msc_valid,34,recency,0.2,46,2.891304347826087,133.0,2.0555555555555554,18.5,0.8357487922705316,114.5
qwen25_15b,568,msc_valid,34,lexical_tfidf,0.2,46,2.9130434782608696,134.0,2.0555555555555554,18.5,0.8574879227053143,115.5
qwen25_15b,568,msc_valid,34,recency_keep_compress_drop,0.2,46,2.891304347826087,133.0,2.0555555555555554,18.5,0.8357487922705316,114.5
qwen25_15b,568,msc_valid,34,uniform,0.35,46,2.641304347826087,121.5,2.0555555555555554,18.5,0.5857487922705316,103.0
qwen25_15b,568,msc_valid,34,longllmlingua,0.35,46,2.8043478260869565,129.0,2.0555555555555554,18.5,0.7487922705314012,110.5
qwen25_15b,568,msc_valid,34,recency,0.35,46,2.9347826086956523,135.0,2.0555555555555554,18.5,0.879227053140097,116.5
qwen25_15b,568,msc_valid,34,lexical_tfidf,0.35,46,2.891304347826087,133.0,2.0555555555555554,18.5,0.8357487922705316,114.5
qwen25_15b,568,msc_valid,34,recency_keep_compress_drop,0.35,46,2.869565217391304,132.0,2.0555555555555554,18.5,0.8140096618357489,113.5
qwen25_15b,568,msc_valid,34,uniform,0.5,46,2.6956521739130435,124.0,2.0555555555555554,18.5,0.6400966183574881,105.5
qwen25_15b,568,msc_valid,34,longllmlingua,0.5,46,2.739130434782609,126.0,2.0555555555555554,18.5,0.6835748792270535,107.5
qwen25_15b,568,msc_valid,34,recency,0.5,46,2.891304347826087,133.0,2.0555555555555554,18.5,0.8357487922705316,114.5
qwen25_15b,568,msc_valid,34,lexical_tfidf,0.5,46,2.891304347826087,133.0,2.0555555555555554,18.5,0.8357487922705316,114.5
qwen25_15b,568,msc_valid,34,recency_keep_compress_drop,0.5,46,2.847826086956522,131.0,2.0555555555555554,18.5,0.7922705314009666,112.5
qwen25_15b,568,msc_valid,38,uniform,0.2,36,2.7083333333333335,97.5,0.0,0.0,2.7083333333333335,97.5
qwen25_15b,568,msc_valid,38,longllmlingua,0.2,36,2.763888888888889,99.5,0.0,0.0,2.763888888888889,99.5
qwen25_15b,568,msc_valid,38,recency,0.2,36,2.6666666666666665,96.0,0.0,0.0,2.6666666666666665,96.0
qwen25_15b,568,msc_valid,38,lexical_tfidf,0.2,36,2.5,90.0,0.0,0.0,2.5,90.0
qwen25_15b,568,msc_valid,38,recency_keep_compress_drop,0.2,36,2.5972222222222223,93.5,0.0,0.0,2.5972222222222223,93.5
qwen25_15b,568,msc_valid,38,uniform,0.35,36,2.6805555555555554,96.5,0.0,0.0,2.6805555555555554,96.5
qwen25_15b,568,msc_valid,38,longllmlingua,0.35,36,2.736111111111111,98.5,0.0,0.0,2.736111111111111,98.5
qwen25_15b,568,msc_valid,38,recency,0.35,36,2.5694444444444446,92.5,0.0,0.0,2.5694444444444446,92.5
qwen25_15b,568,msc_valid,38,lexical_tfidf,0.35,36,2.513888888888889,90.5,0.0,0.0,2.513888888888889,90.5
qwen25_15b,568,msc_valid,38,recency_keep_compress_drop,0.35,36,2.5833333333333335,93.0,0.0,0.0,2.5833333333333335,93.0
qwen25_15b,568,msc_valid,38,uniform,0.5,36,2.5277777777777777,91.0,0.0,0.0,2.5277777777777777,91.0
qwen25_15b,568,msc_valid,38,longllmlingua,0.5,36,2.7222222222222223,98.0,0.0,0.0,2.7222222222222223,98.0
qwen25_15b,568,msc_valid,38,recency,0.5,36,2.513888888888889,90.5,0.0,0.0,2.513888888888889,90.5
qwen25_15b,568,msc_valid,38,lexical_tfidf,0.5,36,2.486111111111111,89.5,0.0,0.0,2.486111111111111,89.5
qwen25_15b,568,msc_valid,38,recency_keep_compress_drop,0.5,36,2.5694444444444446,92.5,0.0,0.0,2.5694444444444446,92.5
qwen25_15b,568,msc_valid,42,uniform,0.2,15,3.2,48.0,0.0,0.0,3.2,48.0
qwen25_15b,568,msc_valid,42,longllmlingua,0.2,15,3.6166666666666667,54.25,0.0,0.0,3.6166666666666667,54.25
qwen25_15b,568,msc_valid,42,recency,0.2,15,3.216666666666667,48.25,0.0,0.0,3.216666666666667,48.25
qwen25_15b,568,msc_valid,42,lexical_tfidf,0.2,15,3.066666666666667,46.0,0.0,0.0,3.066666666666667,46.0
qwen25_15b,568,msc_valid,42,recency_keep_compress_drop,0.2,15,3.05,45.75,0.0,0.0,3.05,45.75
qwen25_15b,568,msc_valid,42,uniform,0.35,15,3.0166666666666666,45.25,0.0,0.0,3.0166666666666666,45.25
qwen25_15b,568,msc_valid,42,longllmlingua,0.35,15,3.7,55.5,0.0,0.0,3.7,55.5
qwen25_15b,568,msc_valid,42,recency,0.35,15,3.2333333333333334,48.5,0.0,0.0,3.2333333333333334,48.5
qwen25_15b,568,msc_valid,42,lexical_tfidf,0.35,15,3.1,46.5,0.0,0.0,3.1,46.5
qwen25_15b,568,msc_valid,42,recency_keep_compress_drop,0.35,15,3.216666666666667,48.25,0.0,0.0,3.216666666666667,48.25
qwen25_15b,568,msc_valid,42,uniform,0.5,15,3.0,45.0,0.0,0.0,3.0,45.0
qwen25_15b,568,msc_valid,42,longllmlingua,0.5,15,3.816666666666667,57.25,0.0,0.0,3.816666666666667,57.25
qwen25_15b,568,msc_valid,42,recency,0.5,15,3.25,48.75,0.0,0.0,3.25,48.75
qwen25_15b,568,msc_valid,42,lexical_tfidf,0.5,15,3.216666666666667,48.25,0.0,0.0,3.216666666666667,48.25
qwen25_15b,568,msc_valid,42,recency_keep_compress_drop,0.5,15,3.216666666666667,48.25,0.0,0.0,3.216666666666667,48.25
qwen25_15b,568,msc_valid,46,uniform,0.2,29,2.8448275862068964,82.5,0.0,0.0,2.8448275862068964,82.5
qwen25_15b,568,msc_valid,46,longllmlingua,0.2,29,2.8275862068965516,82.0,0.0,0.0,2.8275862068965516,82.0
qwen25_15b,568,msc_valid,46,recency,0.2,29,2.9482758620689653,85.5,0.0,0.0,2.9482758620689653,85.5
qwen25_15b,568,msc_valid,46,lexical_tfidf,0.2,29,2.8620689655172415,83.0,0.0,0.0,2.8620689655172415,83.0
qwen25_15b,568,msc_valid,46,recency_keep_compress_drop,0.2,29,2.9310344827586206,85.0,0.0,0.0,2.9310344827586206,85.0
qwen25_15b,568,msc_valid,46,uniform,0.35,29,2.7586206896551726,80.0,0.0,0.0,2.7586206896551726,80.0
qwen25_15b,568,msc_valid,46,longllmlingua,0.35,29,2.810344827586207,81.5,0.0,0.0,2.810344827586207,81.5
qwen25_15b,568,msc_valid,46,recency,0.35,29,2.913793103448276,84.5,0.0,0.0,2.913793103448276,84.5
qwen25_15b,568,msc_valid,46,lexical_tfidf,0.35,29,2.8620689655172415,83.0,0.0,0.0,2.8620689655172415,83.0
qwen25_15b,568,msc_valid,46,recency_keep_compress_drop,0.35,29,2.8448275862068964,82.5,0.0,0.0,2.8448275862068964,82.5
qwen25_15b,568,msc_valid,46,uniform,0.5,29,2.8793103448275863,83.5,0.0,0.0,2.8793103448275863,83.5
qwen25_15b,568,msc_valid,46,longllmlingua,0.5,29,2.8448275862068964,82.5,0.0,0.0,2.8448275862068964,82.5
qwen25_15b,568,msc_valid,46,recency,0.5,29,2.8793103448275863,83.5,0.0,0.0,2.8793103448275863,83.5
qwen25_15b,568,msc_valid,46,lexical_tfidf,0.5,29,2.8448275862068964,82.5,0.0,0.0,2.8448275862068964,82.5
qwen25_15b,568,msc_valid,46,recency_keep_compress_drop,0.5,29,2.896551724137931,84.0,0.0,0.0,2.896551724137931,84.0
qwen25_15b,568,msc_valid,50,uniform,0.2,59,2.406779661016949,142.0,0.0,0.0,2.406779661016949,142.0
qwen25_15b,568,msc_valid,50,longllmlingua,0.2,59,2.440677966101695,144.0,0.0,0.0,2.440677966101695,144.0
qwen25_15b,568,msc_valid,50,recency,0.2,59,2.3728813559322033,140.0,0.0,0.0,2.3728813559322033,140.0
qwen25_15b,568,msc_valid,50,lexical_tfidf,0.2,59,2.3559322033898304,139.0,0.0,0.0,2.3559322033898304,139.0
qwen25_15b,568,msc_valid,50,recency_keep_compress_drop,0.2,59,2.3728813559322033,140.0,0.0,0.0,2.3728813559322033,140.0
qwen25_15b,568,msc_valid,50,uniform,0.35,59,2.3559322033898304,139.0,0.0,0.0,2.3559322033898304,139.0
qwen25_15b,568,msc_valid,50,longllmlingua,0.35,59,2.3559322033898304,139.0,0.0,0.0,2.3559322033898304,139.0
qwen25_15b,568,msc_valid,50,recency,0.35,42,2.4166666666666665,101.5,0.0,0.0,2.4166666666666665,101.5
qwen25_15b,568,msc_valid,50,lexical_tfidf,0.35,28,2.4642857142857144,69.0,0.0,0.0,2.4642857142857144,69.0
qwen25_15b,568,msc_valid,50,recency_keep_compress_drop,0.35,28,2.5,70.0,0.0,0.0,2.5,70.0
qwen25_15b,568,msc_valid,50,uniform,0.5,59,2.3389830508474576,138.0,0.0,0.0,2.3389830508474576,138.0
qwen25_15b,568,msc_valid,50,longllmlingua,0.5,59,2.389830508474576,141.0,0.0,0.0,2.389830508474576,141.0
qwen25_15b,568,msc_valid,50,recency,0.5,0,0.0,0.0,0.0,0.0,0.0,0.0
qwen25_15b,568,msc_valid,50,lexical_tfidf,0.5,0,0.0,0.0,0.0,0.0,0.0,0.0
qwen25_15b,568,msc_valid,50,recency_keep_compress_drop,0.5,0,0.0,0.0,0.0,0.0,0.0,0.0
qwen25_15b,568,msc_valid,54,uniform,0.2,30,2.5833333333333335,77.5,0.0,0.0,2.5833333333333335,77.5
qwen25_15b,568,msc_valid,54,longllmlingua,0.2,30,2.716666666666667,81.5,0.0,0.0,2.716666666666667,81.5
qwen25_15b,568,msc_valid,54,recency,0.2,30,2.6,78.0,0.0,0.0,2.6,78.0
qwen25_15b,568,msc_valid,54,lexical_tfidf,0.2,30,2.55,76.5,0.0,0.0,2.55,76.5
qwen25_15b,568,msc_valid,54,recency_keep_compress_drop,0.2,30,2.5833333333333335,77.5,0.0,0.0,2.5833333333333335,77.5
qwen25_15b,568,msc_valid,54,uniform,0.35,30,2.566666666666667,77.0,0.0,0.0,2.566666666666667,77.0
qwen25_15b,568,msc_valid,54,longllmlingua,0.35,30,2.716666666666667,81.5,0.0,0.0,2.716666666666667,81.5
qwen25_15b,568,msc_valid,54,recency,0.35,0,0.0,0.0,0.0,0.0,0.0,0.0
qwen25_15b,568,msc_valid,54,lexical_tfidf,0.35,0,0.0,0.0,0.0,0.0,0.0,0.0
qwen25_15b,568,msc_valid,54,recency_keep_compress_drop,0.35,0,0.0,0.0,0.0,0.0,0.0,0.0
qwen25_15b,568,msc_valid,54,uniform,0.5,30,2.466666666666667,74.0,0.0,0.0,2.466666666666667,74.0
qwen25_15b,568,msc_valid,54,longllmlingua,0.5,30,2.65,79.5,0.0,0.0,2.65,79.5
qwen25_15b,568,msc_valid,54,recency,0.5,0,0.0,0.0,0.0,0.0,0.0,0.0
qwen25_15b,568,msc_valid,54,lexical_tfidf,0.5,0,0.0,0.0,0.0,0.0,0.0,0.0
qwen25_15b,568,msc_valid,54,recency_keep_compress_drop,0.5,0,0.0,0.0,0.0,0.0,0.0,0.0
qwen25_15b,568,msc_valid,58,uniform,0.2,27,2.6481481481481484,71.5,0.0,0.0,2.6481481481481484,71.5
qwen25_15b,568,msc_valid,58,longllmlingua,0.2,27,2.6481481481481484,71.5,0.0,0.0,2.6481481481481484,71.5
qwen25_15b,568,msc_valid,58,recency,0.2,0,0.0,0.0,0.0,0.0,0.0,0.0
qwen25_15b,568,msc_valid,58,lexical_tfidf,0.2,0,0.0,0.0,0.0,0.0,0.0,0.0
qwen25_15b,568,msc_valid,58,recency_keep_compress_drop,0.2,0,0.0,0.0,0.0,0.0,0.0,0.0
qwen25_15b,568,msc_valid,58,uniform,0.35,27,2.6666666666666665,72.0,0.0,0.0,2.6666666666666665,72.0
qwen25_15b,568,msc_valid,58,longllmlingua,0.35,27,2.5,67.5,0.0,0.0,2.5,67.5
qwen25_15b,568,msc_valid,58,recency,0.35,0,0.0,0.0,0.0,0.0,0.0,0.0
qwen25_15b,568,msc_valid,58,lexical_tfidf,0.35,0,0.0,0.0,0.0,0.0,0.0,0.0
qwen25_15b,568,msc_valid,58,recency_keep_compress_drop,0.35,0,0.0,0.0,0.0,0.0,0.0,0.0
qwen25_15b,568,msc_valid,58,uniform,0.5,27,2.5925925925925926,70.0,0.0,0.0,2.5925925925925926,70.0
qwen25_15b,568,msc_valid,58,longllmlingua,0.5,27,2.5,67.5,0.0,0.0,2.5,67.5
qwen25_15b,568,msc_valid,58,recency,0.5,0,0.0,0.0,0.0,0.0,0.0,0.0
qwen25_15b,568,msc_valid,58,lexical_tfidf,0.5,0,0.0,0.0,0.0,0.0,0.0,0.0
qwen25_15b,568,msc_valid,58,recency_keep_compress_drop,0.5,0,0.0,0.0,0.0,0.0,0.0,0.0
qwen25_15b,568,msc_valid,62,uniform,0.2,12,3.3333333333333335,40.0,0.0,0.0,3.3333333333333335,40.0
qwen25_15b,568,msc_valid,62,longllmlingua,0.2,12,4.291666666666667,51.5,0.0,0.0,4.291666666666667,51.5
qwen25_15b,568,msc_valid,62,recency,0.2,0,0.0,0.0,0.0,0.0,0.0,0.0
qwen25_15b,568,msc_valid,62,lexical_tfidf,0.2,0,0.0,0.0,0.0,0.0,0.0,0.0
qwen25_15b,568,msc_valid,62,recency_keep_compress_drop,0.2,0,0.0,0.0,0.0,0.0,0.0,0.0
qwen25_15b,568,msc_valid,62,uniform,0.35,12,3.1458333333333335,37.75,0.0,0.0,3.1458333333333335,37.75
qwen25_15b,568,msc_valid,62,longllmlingua,0.35,12,4.5,54.0,0.0,0.0,4.5,54.0
qwen25_15b,568,msc_valid,62,recency,0.35,0,0.0,0.0,0.0,0.0,0.0,0.0
qwen25_15b,568,msc_valid,62,lexical_tfidf,0.35,0,0.0,0.0,0.0,0.0,0.0,0.0
qwen25_15b,568,msc_valid,62,recency_keep_compress_drop,0.35,0,0.0,0.0,0.0,0.0,0.0,0.0
qwen25_15b,568,msc_valid,62,uniform,0.5,12,3.1666666666666665,38.0,0.0,0.0,3.1666666666666665,38.0
qwen25_15b,568,msc_valid,62,longllmlingua,0.5,12,4.458333333333333,53.5,0.0,0.0,4.458333333333333,53.5
qwen25_15b,568,msc_valid,62,recency,0.5,0,0.0,0.0,0.0,0.0,0.0,0.0
qwen25_15b,568,msc_valid,62,lexical_tfidf,0.5,0,0.0,0.0,0.0,0.0,0.0,0.0
qwen25_15b,568,msc_valid,62,recency_keep_compress_drop,0.5,0,0.0,0.0,0.0,0.0,0.0,0.0
qwen25_15b,571,msc_valid,4,uniform,0.2,18,2.875,51.75,2.638888888888889,47.5,0.23611111111111116,4.25
qwen25_15b,571,msc_valid,4,longllmlingua,0.2,18,2.7083333333333335,48.75,2.638888888888889,47.5,0.06944444444444464,1.25
qwen25_15b,571,msc_valid,4,recency,0.2,18,2.875,51.75,2.638888888888889,47.5,0.23611111111111116,4.25
qwen25_15b,571,msc_valid,4,lexical_tfidf,0.2,18,2.875,51.75,2.638888888888889,47.5,0.23611111111111116,4.25
qwen25_15b,571,msc_valid,4,recency_keep_compress_drop,0.2,18,2.875,51.75,2.638888888888889,47.5,0.23611111111111116,4.25
qwen25_15b,571,msc_valid,4,uniform,0.35,18,2.875,51.75,2.638888888888889,47.5,0.23611111111111116,4.25
qwen25_15b,571,msc_valid,4,longllmlingua,0.35,18,2.8472222222222223,51.25,2.638888888888889,47.5,0.20833333333333348,3.75
qwen25_15b,571,msc_valid,4,recency,0.35,18,2.875,51.75,2.638888888888889,47.5,0.23611111111111116,4.25
qwen25_15b,571,msc_valid,4,lexical_tfidf,0.35,18,2.875,51.75,2.638888888888889,47.5,0.23611111111111116,4.25
qwen25_15b,571,msc_valid,4,recency_keep_compress_drop,0.35,18,2.875,51.75,2.638888888888889,47.5,0.23611111111111116,4.25
qwen25_15b,571,msc_valid,4,uniform,0.5,18,2.8472222222222223,51.25,2.638888888888889,47.5,0.20833333333333348,3.75
qwen25_15b,571,msc_valid,4,longllmlingua,0.5,18,2.7777777777777777,50.0,2.638888888888889,47.5,0.13888888888888884,2.5
qwen25_15b,571,msc_valid,4,recency,0.5,18,2.8472222222222223,51.25,2.638888888888889,47.5,0.20833333333333348,3.75
qwen25_15b,571,msc_valid,4,lexical_tfidf,0.5,18,2.8472222222222223,51.25,2.638888888888889,47.5,0.20833333333333348,3.75
qwen25_15b,571,msc_valid,4,recency_keep_compress_drop,0.5,18,2.8472222222222223,51.25,2.638888888888889,47.5,0.20833333333333348,3.75
qwen25_15b,571,msc_valid,6,uniform,0.2,19,3.4210526315789473,65.0,2.9078947368421053,55.25,0.513157894736842,9.75
qwen25_15b,571,msc_valid,6,longllmlingua,0.2,19,2.8684210526315788,54.5,2.9078947368421053,55.25,-0.03947368421052655,-0.75
qwen25_15b,571,msc_valid,6,recency,0.2,19,3.4210526315789473,65.0,2.9078947368421053,55.25,0.513157894736842,9.75
qwen25_15b,571,msc_valid,6,lexical_tfidf,0.2,19,3.4210526315789473,65.0,2.9078947368421053,55.25,0.513157894736842,9.75
qwen25_15b,571,msc_valid,6,recency_keep_compress_drop,0.2,19,3.6052631578947367,68.5,2.9078947368421053,55.25,0.6973684210526314,13.25
qwen25_15b,571,msc_valid,6,uniform,0.35,19,3.4473684210526314,65.5,2.9078947368421053,55.25,0.5394736842105261,10.25
qwen25_15b,571,msc_valid,6,longllmlingua,0.35,19,2.8947368421052633,55.0,2.9078947368421053,55.25,-0.013157894736842035,-0.25
qwen25_15b,571,msc_valid,6,recency,0.35,19,3.25,61.75,2.9078947368421053,55.25,0.3421052631578947,6.5
qwen25_15b,571,msc_valid,6,lexical_tfidf,0.35,19,3.4210526315789473,65.0,2.9078947368421053,55.25,0.513157894736842,9.75
qwen25_15b,571,msc_valid,6,recency_keep_compress_drop,0.35,19,3.25,61.75,2.9078947368421053,55.25,0.3421052631578947,6.5
qwen25_15b,571,msc_valid,6,uniform,0.5,19,3.4473684210526314,65.5,2.9078947368421053,55.25,0.5394736842105261,10.25
qwen25_15b,571,msc_valid,6,longllmlingua,0.5,19,2.8815789473684212,54.75,2.9078947368421053,55.25,-0.02631578947368407,-0.5
qwen25_15b,571,msc_valid,6,recency,0.5,19,2.986842105263158,56.75,2.9078947368421053,55.25,0.07894736842105265,1.5
qwen25_15b,571,msc_valid,6,lexical_tfidf,0.5,19,2.986842105263158,56.75,2.9078947368421053,55.25,0.07894736842105265,1.5
qwen25_15b,571,msc_valid,6,recency_keep_compress_drop,0.5,19,3.210526315789474,61.0,2.9078947368421053,55.25,0.3026315789473686,5.75
qwen25_15b,571,msc_valid,8,uniform,0.2,19,4.026315789473684,76.5,3.4473684210526314,65.5,0.5789473684210527,11.0
qwen25_15b,571,msc_valid,8,longllmlingua,0.2,19,3.6315789473684212,69.0,3.4473684210526314,65.5,0.18421052631578982,3.5
qwen25_15b,571,msc_valid,8,recency,0.2,19,4.184210526315789,79.5,3.4473684210526314,65.5,0.736842105263158,14.0
qwen25_15b,571,msc_valid,8,lexical_tfidf,0.2,19,4.184210526315789,79.5,3.4473684210526314,65.5,0.736842105263158,14.0
qwen25_15b,571,msc_valid,8,recency_keep_compress_drop,0.2,19,4.184210526315789,79.5,3.4473684210526314,65.5,0.736842105263158,14.0
qwen25_15b,571,msc_valid,8,uniform,0.35,19,4.157894736842105,79.0,3.4473684210526314,65.5,0.7105263157894739,13.5
qwen25_15b,571,msc_valid,8,longllmlingua,0.35,19,3.6052631578947367,68.5,3.4473684210526314,65.5,0.1578947368421053,3.0
qwen25_15b,571,msc_valid,8,recency,0.35,19,4.026315789473684,76.5,3.4473684210526314,65.5,0.5789473684210527,11.0
qwen25_15b,571,msc_valid,8,lexical_tfidf,0.35,19,3.8684210526315788,73.5,3.4473684210526314,65.5,0.42105263157894735,8.0
qwen25_15b,571,msc_valid,8,recency_keep_compress_drop,0.35,19,3.6842105263157894,70.0,3.4473684210526314,65.5,0.23684210526315796,4.5
qwen25_15b,571,msc_valid,8,uniform,0.5,19,3.8947368421052633,74.0,3.4473684210526314,65.5,0.44736842105263186,8.5
qwen25_15b,571,msc_valid,8,longllmlingua,0.5,19,3.736842105263158,71.0,3.4473684210526314,65.5,0.28947368421052655,5.5
qwen25_15b,571,msc_valid,8,recency,0.5,19,3.5789473684210527,68.0,3.4473684210526314,65.5,0.13157894736842124,2.5
qwen25_15b,571,msc_valid,8,lexical_tfidf,0.5,19,4.026315789473684,76.5,3.4473684210526314,65.5,0.5789473684210527,11.0
qwen25_15b,571,msc_valid,8,recency_keep_compress_drop,0.5,19,3.6578947368421053,69.5,3.4473684210526314,65.5,0.2105263157894739,4.0
qwen25_15b,571,msc_valid,10,uniform,0.2,15,3.05,45.75,2.45,36.75,0.5999999999999996,9.0
qwen25_15b,571,msc_valid,10,longllmlingua,0.2,15,2.933333333333333,44.0,2.45,36.75,0.48333333333333295,7.25
qwen25_15b,571,msc_valid,10,recency,0.2,15,3.0,45.0,2.45,36.75,0.5499999999999998,8.25
qwen25_15b,571,msc_valid,10,lexical_tfidf,0.2,15,3.3333333333333335,50.0,2.45,36.75,0.8833333333333333,13.25
qwen25_15b,571,msc_valid,10,recency_keep_compress_drop,0.2,15,3.0,45.0,2.45,36.75,0.5499999999999998,8.25
qwen25_15b,571,msc_valid,10,uniform,0.35,15,2.7333333333333334,41.0,2.45,36.75,0.2833333333333332,4.25
qwen25_15b,571,msc_valid,10,longllmlingua,0.35,15,2.716666666666667,40.75,2.45,36.75,0.2666666666666666,4.0
qwen25_15b,571,msc_valid,10,recency,0.35,15,2.8,42.0,2.45,36.75,0.34999999999999964,5.25
qwen25_15b,571,msc_valid,10,lexical_tfidf,0.35,15,2.8833333333333333,43.25,2.45,36.75,0.4333333333333331,6.5
qwen25_15b,571,msc_valid,10,recency_keep_compress_drop,0.35,15,2.8,42.0,2.45,36.75,0.34999999999999964,5.25
qwen25_15b,571,msc_valid,10,uniform,0.5,15,2.566666666666667,38.5,2.45,36.75,0.1166666666666667,1.75
qwen25_15b,571,msc_valid,10,longllmlingua,0.5,15,2.6666666666666665,40.0,2.45,36.75,0.21666666666666634,3.25
qwen25_15b,571,msc_valid,10,recency,0.5,15,2.7666666666666666,41.5,2.45,36.75,0.31666666666666643,4.75
qwen25_15b,571,msc_valid,10,lexical_tfidf,0.5,15,2.783333333333333,41.75,2.45,36.75,0.33333333333333304,5.0
qwen25_15b,571,msc_valid,10,recency_keep_compress_drop,0.5,15,2.6666666666666665,40.0,2.45,36.75,0.21666666666666634,3.25
qwen25_15b,571,msc_valid,12,uniform,0.2,18,4.138888888888889,74.5,3.2083333333333335,57.75,0.9305555555555558,16.75
qwen25_15b,571,msc_valid,12,longllmlingua,0.2,18,3.6666666666666665,66.0,3.2083333333333335,57.75,0.45833333333333304,8.25
qwen25_15b,571,msc_valid,12,recency,0.2,18,4.083333333333333,73.5,3.2083333333333335,57.75,0.8749999999999996,15.75
qwen25_15b,571,msc_valid,12,lexical_tfidf,0.2,18,4.333333333333333,78.0,3.2083333333333335,57.75,1.1249999999999996,20.25
qwen25_15b,571,msc_valid,12,recency_keep_compress_drop,0.2,18,3.75,67.5,3.2083333333333335,57.75,0.5416666666666665,9.75
qwen25_15b,571,msc_valid,12,uniform,0.35,18,3.7222222222222223,67.0,3.2083333333333335,57.75,0.5138888888888888,9.25
qwen25_15b,571,msc_valid,12,longllmlingua,0.35,18,3.6944444444444446,66.5,3.2083333333333335,57.75,0.48611111111111116,8.75
qwen25_15b,571,msc_valid,12,recency,0.35,18,3.3194444444444446,59.75,3.2083333333333335,57.75,0.11111111111111116,2.0
qwen25_15b,571,msc_valid,12,lexical_tfidf,0.35,18,3.486111111111111,62.75,3.2083333333333335,57.75,0.2777777777777777,5.0
qwen25_15b,571,msc_valid,12,recency_keep_compress_drop,0.35,18,3.513888888888889,63.25,3.2083333333333335,57.75,0.30555555555555536,5.5
qwen25_15b,571,msc_valid,12,uniform,0.5,18,3.5,63.0,3.2083333333333335,57.75,0.2916666666666665,5.25
qwen25_15b,571,msc_valid,12,longllmlingua,0.5,18,3.6666666666666665,66.0,3.2083333333333335,57.75,0.45833333333333304,8.25
qwen25_15b,571,msc_valid,12,recency,0.5,18,3.263888888888889,58.75,3.2083333333333335,57.75,0.05555555555555536,1.0
qwen25_15b,571,msc_valid,12,lexical_tfidf,0.5,18,3.3333333333333335,60.0,3.2083333333333335,57.75,0.125,2.25
qwen25_15b,571,msc_valid,12,recency_keep_compress_drop,0.5,18,3.2083333333333335,57.75,3.2083333333333335,57.75,0.0,0.0
qwen25_15b,571,msc_valid,14,uniform,0.2,21,2.738095238095238,57.5,2.5238095238095237,53.0,0.2142857142857144,4.5
qwen25_15b,571,msc_valid,14,longllmlingua,0.2,21,2.607142857142857,54.75,2.5238095238095237,53.0,0.08333333333333348,1.75
qwen25_15b,571,msc_valid,14,recency,0.2,21,2.511904761904762,52.75,2.5238095238095237,53.0,-0.011904761904761862,-0.25
qwen25_15b,571,msc_valid,14,lexical_tfidf,0.2,21,2.3214285714285716,48.75,2.5238095238095237,53.0,-0.2023809523809521,-4.25
qwen25_15b,571,msc_valid,14,recency_keep_compress_drop,0.2,21,2.5357142857142856,53.25,2.5238095238095237,53.0,0.011904761904761862,0.25
qwen25_15b,571,msc_valid,14,uniform,0.35,21,2.7142857142857144,57.0,2.5238095238095237,53.0,0.1904761904761907,4.0
qwen25_15b,571,msc_valid,14,longllmlingua,0.35,21,2.5714285714285716,54.0,2.5238095238095237,53.0,0.047619047619047894,1.0
qwen25_15b,571,msc_valid,14,recency,0.35,21,2.7142857142857144,57.0,2.5238095238095237,53.0,0.1904761904761907,4.0
qwen25_15b,571,msc_valid,14,lexical_tfidf,0.35,21,2.3095238095238093,48.5,2.5238095238095237,53.0,-0.2142857142857144,-4.5
qwen25_15b,571,msc_valid,14,recency_keep_compress_drop,0.35,21,2.4404761904761907,51.25,2.5238095238095237,53.0,-0.08333333333333304,-1.75
qwen25_15b,571,msc_valid,14,uniform,0.5,21,2.738095238095238,57.5,2.5238095238095237,53.0,0.2142857142857144,4.5
qwen25_15b,571,msc_valid,14,longllmlingua,0.5,21,2.5595238095238093,53.75,2.5238095238095237,53.0,0.03571428571428559,0.75
qwen25_15b,571,msc_valid,14,recency,0.5,21,2.4166666666666665,50.75,2.5238095238095237,53.0,-0.1071428571428572,-2.25
qwen25_15b,571,msc_valid,14,lexical_tfidf,0.5,21,2.392857142857143,50.25,2.5238095238095237,53.0,-0.13095238095238093,-2.75
qwen25_15b,571,msc_valid,14,recency_keep_compress_drop,0.5,21,2.4761904761904763,52.0,2.5238095238095237,53.0,-0.04761904761904745,-1.0
qwen25_15b,607,msc_valid,4,uniform,0.2,17,2.4411764705882355,41.5,2.073529411764706,35.25,0.36764705882352944,6.25
qwen25_15b,607,msc_valid,4,longllmlingua,0.2,17,1.9558823529411764,33.25,2.073529411764706,35.25,-0.11764705882352966,-2.0
qwen25_15b,607,msc_valid,4,recency,0.2,17,2.4411764705882355,41.5,2.073529411764706,35.25,0.36764705882352944,6.25
qwen25_15b,607,msc_valid,4,lexical_tfidf,0.2,17,2.4411764705882355,41.5,2.073529411764706,35.25,0.36764705882352944,6.25
qwen25_15b,607,msc_valid,4,recency_keep_compress_drop,0.2,17,2.4411764705882355,41.5,2.073529411764706,35.25,0.36764705882352944,6.25
qwen25_15b,607,msc_valid,4,uniform,0.35,17,2.4411764705882355,41.5,2.073529411764706,35.25,0.36764705882352944,6.25
qwen25_15b,607,msc_valid,4,longllmlingua,0.35,17,1.7794117647058822,30.25,2.073529411764706,35.25,-0.2941176470588238,-5.0
qwen25_15b,607,msc_valid,4,recency,0.35,17,2.4411764705882355,41.5,2.073529411764706,35.25,0.36764705882352944,6.25
qwen25_15b,607,msc_valid,4,lexical_tfidf,0.35,17,2.4411764705882355,41.5,2.073529411764706,35.25,0.36764705882352944,6.25
qwen25_15b,607,msc_valid,4,recency_keep_compress_drop,0.35,17,2.4411764705882355,41.5,2.073529411764706,35.25,0.36764705882352944,6.25
qwen25_15b,607,msc_valid,4,uniform,0.5,17,2.235294117647059,38.0,2.073529411764706,35.25,0.1617647058823528,2.75
qwen25_15b,607,msc_valid,4,longllmlingua,0.5,17,1.7941176470588236,30.5,2.073529411764706,35.25,-0.27941176470588247,-4.75
qwen25_15b,607,msc_valid,4,recency,0.5,17,2.235294117647059,38.0,2.073529411764706,35.25,0.1617647058823528,2.75
qwen25_15b,607,msc_valid,4,lexical_tfidf,0.5,17,2.235294117647059,38.0,2.073529411764706,35.25,0.1617647058823528,2.75
qwen25_15b,607,msc_valid,4,recency_keep_compress_drop,0.5,17,2.235294117647059,38.0,2.073529411764706,35.25,0.1617647058823528,2.75
qwen25_15b,607,msc_valid,6,uniform,0.2,10,3.5,35.0,3.0875,30.875,0.4125000000000001,4.125
qwen25_15b,607,msc_valid,6,longllmlingua,0.2,10,3.0375,30.375,3.0875,30.875,-0.04999999999999982,-0.5
qwen25_15b,607,msc_valid,6,recency,0.2,10,3.125,31.25,3.0875,30.875,0.03750000000000009,0.375
qwen25_15b,607,msc_valid,6,lexical_tfidf,0.2,10,3.125,31.25,3.0875,30.875,0.03750000000000009,0.375
qwen25_15b,607,msc_valid,6,recency_keep_compress_drop,0.2,10,3.125,31.25,3.0875,30.875,0.03750000000000009,0.375
qwen25_15b,607,msc_valid,6,uniform,0.35,10,3.35,33.5,3.0875,30.875,0.2625000000000002,2.625
qwen25_15b,607,msc_valid,6,longllmlingua,0.35,10,3.0625,30.625,3.0875,30.875,-0.02499999999999991,-0.25
qwen25_15b,607,msc_valid,6,recency,0.35,10,3.125,31.25,3.0875,30.875,0.03750000000000009,0.375
qwen25_15b,607,msc_valid,6,lexical_tfidf,0.35,10,3.125,31.25,3.0875,30.875,0.03750000000000009,0.375
qwen25_15b,607,msc_valid,6,recency_keep_compress_drop,0.35,10,3.125,31.25,3.0875,30.875,0.03750000000000009,0.375
qwen25_15b,607,msc_valid,6,uniform,0.5,10,3.525,35.25,3.0875,30.875,0.4375,4.375
qwen25_15b,607,msc_valid,6,longllmlingua,0.5,10,3.175,31.75,3.0875,30.875,0.08749999999999991,0.875
qwen25_15b,607,msc_valid,6,recency,0.5,10,3.1375,31.375,3.0875,30.875,0.050000000000000266,0.5
qwen25_15b,607,msc_valid,6,lexical_tfidf,0.5,10,3.1125,31.125,3.0875,30.875,0.02499999999999991,0.25
qwen25_15b,607,msc_valid,6,recency_keep_compress_drop,0.5,10,3.1125,31.125,3.0875,30.875,0.02499999999999991,0.25
qwen25_15b,607,msc_valid,8,uniform,0.2,9,6.361111111111111,57.25,5.583333333333333,50.25,0.7777777777777777,7.0
qwen25_15b,607,msc_valid,8,longllmlingua,0.2,9,5.527777777777778,49.75,5.583333333333333,50.25,-0.05555555555555536,-0.5
qwen25_15b,607,msc_valid,8,recency,0.2,9,6.638888888888889,59.75,5.583333333333333,50.25,1.0555555555555562,9.5
qwen25_15b,607,msc_valid,8,lexical_tfidf,0.2,9,6.527777777777778,58.75,5.583333333333333,50.25,0.9444444444444446,8.5
qwen25_15b,607,msc_valid,8,recency_keep_compress_drop,0.2,9,6.5,58.5,5.583333333333333,50.25,0.916666666666667,8.25
qwen25_15b,607,msc_valid,8,uniform,0.35,9,6.416666666666667,57.75,5.583333333333333,50.25,0.8333333333333339,7.5
qwen25_15b,607,msc_valid,8,longllmlingua,0.35,9,5.0,45.0,5.583333333333333,50.25,-0.583333333333333,-5.25
qwen25_15b,607,msc_valid,8,recency,0.35,9,6.166666666666667,55.5,5.583333333333333,50.25,0.5833333333333339,5.25
qwen25_15b,607,msc_valid,8,lexical_tfidf,0.35,9,6.027777777777778,54.25,5.583333333333333,50.25,0.44444444444444464,4.0
qwen25_15b,607,msc_valid,8,recency_keep_compress_drop,0.35,9,6.222222222222222,56.0,5.583333333333333,50.25,0.6388888888888893,5.75
qwen25_15b,607,msc_valid,8,uniform,0.5,9,6.222222222222222,56.0,5.583333333333333,50.25,0.6388888888888893,5.75
qwen25_15b,607,msc_valid,8,longllmlingua,0.5,9,5.0,45.0,5.583333333333333,50.25,-0.583333333333333,-5.25
qwen25_15b,607,msc_valid,8,recency,0.5,9,6.111111111111111,55.0,5.583333333333333,50.25,0.5277777777777777,4.75
qwen25_15b,607,msc_valid,8,lexical_tfidf,0.5,9,5.694444444444445,51.25,5.583333333333333,50.25,0.1111111111111116,1.0
qwen25_15b,607,msc_valid,8,recency_keep_compress_drop,0.5,9,5.916666666666667,53.25,5.583333333333333,50.25,0.3333333333333339,3.0
qwen25_15b,607,msc_valid,10,uniform,0.2,12,4.145833333333333,49.75,3.5416666666666665,42.5,0.6041666666666665,7.25
qwen25_15b,607,msc_valid,10,longllmlingua,0.2,12,3.8541666666666665,46.25,3.5416666666666665,42.5,0.3125,3.75
qwen25_15b,607,msc_valid,10,recency,0.2,12,4.020833333333333,48.25,3.5416666666666665,42.5,0.4791666666666665,5.75
qwen25_15b,607,msc_valid,10,lexical_tfidf,0.2,12,3.9375,47.25,3.5416666666666665,42.5,0.3958333333333335,4.75
qwen25_15b,607,msc_valid,10,recency_keep_compress_drop,0.2,12,3.75,45.0,3.5416666666666665,42.5,0.20833333333333348,2.5
qwen25_15b,607,msc_valid,10,uniform,0.35,12,4.229166666666667,50.75,3.5416666666666665,42.5,0.6875000000000004,8.25
qwen25_15b,607,msc_valid,10,longllmlingua,0.35,12,3.9166666666666665,47.0,3.5416666666666665,42.5,0.375,4.5
qwen25_15b,607,msc_valid,10,recency,0.35,12,3.7708333333333335,45.25,3.5416666666666665,42.5,0.22916666666666696,2.75
qwen25_15b,607,msc_valid,10,lexical_tfidf,0.35,12,4.0,48.0,3.5416666666666665,42.5,0.4583333333333335,5.5
qwen25_15b,607,msc_valid,10,recency_keep_compress_drop,0.35,12,3.9375,47.25,3.5416666666666665,42.5,0.3958333333333335,4.75
qwen25_15b,607,msc_valid,10,uniform,0.5,12,4.0,48.0,3.5416666666666665,42.5,0.4583333333333335,5.5
qwen25_15b,607,msc_valid,10,longllmlingua,0.5,12,3.8125,45.75,3.5416666666666665,42.5,0.2708333333333335,3.25
qwen25_15b,607,msc_valid,10,recency,0.5,12,3.8958333333333335,46.75,3.5416666666666665,42.5,0.35416666666666696,4.25
qwen25_15b,607,msc_valid,10,lexical_tfidf,0.5,12,3.7916666666666665,45.5,3.5416666666666665,42.5,0.25,3.0
qwen25_15b,607,msc_valid,10,recency_keep_compress_drop,0.5,12,3.6041666666666665,43.25,3.5416666666666665,42.5,0.0625,0.75
qwen25_15b,607,msc_valid,12,uniform,0.2,9,2.388888888888889,21.5,1.7013888888888888,15.3125,0.6875,6.1875
qwen25_15b,607,msc_valid,12,longllmlingua,0.2,9,2.125,19.125,1.7013888888888888,15.3125,0.42361111111111116,3.8125
qwen25_15b,607,msc_valid,12,recency,0.2,9,2.0,18.0,1.7013888888888888,15.3125,0.29861111111111116,2.6875
qwen25_15b,607,msc_valid,12,lexical_tfidf,0.2,9,2.0972222222222223,18.875,1.7013888888888888,15.3125,0.3958333333333335,3.5625
qwen25_15b,607,msc_valid,12,recency_keep_compress_drop,0.2,9,2.0,18.0,1.7013888888888888,15.3125,0.29861111111111116,2.6875
qwen25_15b,607,msc_valid,12,uniform,0.35,9,2.3194444444444446,20.875,1.7013888888888888,15.3125,0.6180555555555558,5.5625
qwen25_15b,607,msc_valid,12,longllmlingua,0.35,9,2.4305555555555554,21.875,1.7013888888888888,15.3125,0.7291666666666665,6.5625
qwen25_15b,607,msc_valid,12,recency,0.35,9,1.8888888888888888,17.0,1.7013888888888888,15.3125,0.1875,1.6875
qwen25_15b,607,msc_valid,12,lexical_tfidf,0.35,9,1.9722222222222223,17.75,1.7013888888888888,15.3125,0.2708333333333335,2.4375
qwen25_15b,607,msc_valid,12,recency_keep_compress_drop,0.35,9,1.9166666666666667,17.25,1.7013888888888888,15.3125,0.2152777777777779,1.9375
qwen25_15b,607,msc_valid,12,uniform,0.5,9,1.875,16.875,1.7013888888888888,15.3125,0.17361111111111116,1.5625
qwen25_15b,607,msc_valid,12,longllmlingua,0.5,9,2.3055555555555554,20.75,1.7013888888888888,15.3125,0.6041666666666665,5.4375
qwen25_15b,607,msc_valid,12,recency,0.5,9,1.7361111111111112,15.625,1.7013888888888888,15.3125,0.03472222222222232,0.3125
qwen25_15b,607,msc_valid,12,lexical_tfidf,0.5,9,1.9305555555555556,17.375,1.7013888888888888,15.3125,0.22916666666666674,2.0625
qwen25_15b,607,msc_valid,12,recency_keep_compress_drop,0.5,9,1.7777777777777777,16.0,1.7013888888888888,15.3125,0.07638888888888884,0.6875
qwen25_15b,607,msc_valid,14,uniform,0.2,9,3.5833333333333335,32.25,2.5277777777777777,22.75,1.0555555555555558,9.5
qwen25_15b,607,msc_valid,14,longllmlingua,0.2,9,3.0555555555555554,27.5,2.5277777777777777,22.75,0.5277777777777777,4.75
qwen25_15b,607,msc_valid,14,recency,0.2,9,3.125,28.125,2.5277777777777777,22.75,0.5972222222222223,5.375
qwen25_15b,607,msc_valid,14,lexical_tfidf,0.2,9,3.0555555555555554,27.5,2.5277777777777777,22.75,0.5277777777777777,4.75
qwen25_15b,607,msc_valid,14,recency_keep_compress_drop,0.2,9,3.125,28.125,2.5277777777777777,22.75,0.5972222222222223,5.375
qwen25_15b,607,msc_valid,14,uniform,0.35,9,3.125,28.125,2.5277777777777777,22.75,0.5972222222222223,5.375
qwen25_15b,607,msc_valid,14,longllmlingua,0.35,9,2.763888888888889,24.875,2.5277777777777777,22.75,0.23611111111111116,2.125
qwen25_15b,607,msc_valid,14,recency,0.35,9,2.9583333333333335,26.625,2.5277777777777777,22.75,0.4305555555555558,3.875
qwen25_15b,607,msc_valid,14,lexical_tfidf,0.35,9,2.7222222222222223,24.5,2.5277777777777777,22.75,0.19444444444444464,1.75
qwen25_15b,607,msc_valid,14,recency_keep_compress_drop,0.35,9,3.0555555555555554,27.5,2.5277777777777777,22.75,0.5277777777777777,4.75
qwen25_15b,607,msc_valid,14,uniform,0.5,9,2.7083333333333335,24.375,2.5277777777777777,22.75,0.1805555555555558,1.625
qwen25_15b,607,msc_valid,14,longllmlingua,0.5,9,2.736111111111111,24.625,2.5277777777777777,22.75,0.20833333333333348,1.875
qwen25_15b,607,msc_valid,14,recency,0.5,9,2.8055555555555554,25.25,2.5277777777777777,22.75,0.2777777777777777,2.5
qwen25_15b,607,msc_valid,14,lexical_tfidf,0.5,9,2.7222222222222223,24.5,2.5277777777777777,22.75,0.19444444444444464,1.75
qwen25_15b,607,msc_valid,14,recency_keep_compress_drop,0.5,9,2.8472222222222223,25.625,2.5277777777777777,22.75,0.31944444444444464,2.875
qwen25_15b,636,msc_valid,4,uniform,0.2,10,3.575,35.75,3.375,33.75,0.20000000000000018,2.0
qwen25_15b,636,msc_valid,4,longllmlingua,0.2,10,3.1,31.0,3.375,33.75,-0.2749999999999999,-2.75
qwen25_15b,636,msc_valid,4,recency,0.2,10,3.575,35.75,3.375,33.75,0.20000000000000018,2.0
qwen25_15b,636,msc_valid,4,lexical_tfidf,0.2,10,3.575,35.75,3.375,33.75,0.20000000000000018,2.0
qwen25_15b,636,msc_valid,4,recency_keep_compress_drop,0.2,10,3.575,35.75,3.375,33.75,0.20000000000000018,2.0
qwen25_15b,636,msc_valid,4,uniform,0.35,10,3.575,35.75,3.375,33.75,0.20000000000000018,2.0
qwen25_15b,636,msc_valid,4,longllmlingua,0.35,10,3.15,31.5,3.375,33.75,-0.2250000000000001,-2.25
qwen25_15b,636,msc_valid,4,recency,0.35,10,3.575,35.75,3.375,33.75,0.20000000000000018,2.0
qwen25_15b,636,msc_valid,4,lexical_tfidf,0.35,10,3.575,35.75,3.375,33.75,0.20000000000000018,2.0
qwen25_15b,636,msc_valid,4,recency_keep_compress_drop,0.35,10,3.575,35.75,3.375,33.75,0.20000000000000018,2.0
qwen25_15b,636,msc_valid,4,uniform,0.5,10,3.575,35.75,3.375,33.75,0.20000000000000018,2.0
qwen25_15b,636,msc_valid,4,longllmlingua,0.5,10,3.0625,30.625,3.375,33.75,-0.3125,-3.125
qwen25_15b,636,msc_valid,4,recency,0.5,10,3.575,35.75,3.375,33.75,0.20000000000000018,2.0
qwen25_15b,636,msc_valid,4,lexical_tfidf,0.5,10,3.575,35.75,3.375,33.75,0.20000000000000018,2.0
qwen25_15b,636,msc_valid,4,recency_keep_compress_drop,0.5,10,3.575,35.75,3.375,33.75,0.20000000000000018,2.0
qwen25_15b,636,msc_valid,6,uniform,0.2,13,2.8653846153846154,37.25,2.576923076923077,33.5,0.2884615384615383,3.75
qwen25_15b,636,msc_valid,6,longllmlingua,0.2,13,2.826923076923077,36.75,2.576923076923077,33.5,0.25,3.25
qwen25_15b,636,msc_valid,6,recency,0.2,13,3.0384615384615383,39.5,2.576923076923077,33.5,0.46153846153846123,6.0
qwen25_15b,636,msc_valid,6,lexical_tfidf,0.2,13,3.0384615384615383,39.5,2.576923076923077,33.5,0.46153846153846123,6.0
qwen25_15b,636,msc_valid,6,recency_keep_compress_drop,0.2,13,3.0384615384615383,39.5,2.576923076923077,33.5,0.46153846153846123,6.0
qwen25_15b,636,msc_valid,6,uniform,0.35,13,2.8653846153846154,37.25,2.576923076923077,33.5,0.2884615384615383,3.75
qwen25_15b,636,msc_valid,6,longllmlingua,0.35,13,2.673076923076923,34.75,2.576923076923077,33.5,0.09615384615384581,1.25
qwen25_15b,636,msc_valid,6,recency,0.35,13,3.0384615384615383,39.5,2.576923076923077,33.5,0.46153846153846123,6.0
qwen25_15b,636,msc_valid,6,lexical_tfidf,0.35,13,3.0384615384615383,39.5,2.576923076923077,33.5,0.46153846153846123,6.0
qwen25_15b,636,msc_valid,6,recency_keep_compress_drop,0.35,13,3.0384615384615383,39.5,2.576923076923077,33.5,0.46153846153846123,6.0
qwen25_15b,636,msc_valid,6,uniform,0.5,13,2.8846153846153846,37.5,2.576923076923077,33.5,0.3076923076923075,4.0
qwen25_15b,636,msc_valid,6,longllmlingua,0.5,13,2.769230769230769,36.0,2.576923076923077,33.5,0.19230769230769207,2.5
qwen25_15b,636,msc_valid,6,recency,0.5,13,2.769230769230769,36.0,2.576923076923077,33.5,0.19230769230769207,2.5
qwen25_15b,636,msc_valid,6,lexical_tfidf,0.5,13,2.7884615384615383,36.25,2.576923076923077,33.5,0.21153846153846123,2.75
qwen25_15b,636,msc_valid,6,recency_keep_compress_drop,0.5,13,2.7884615384615383,36.25,2.576923076923077,33.5,0.21153846153846123,2.75
qwen25_15b,636,msc_valid,8,uniform,0.2,18,2.9166666666666665,52.5,2.4027777777777777,43.25,0.5138888888888888,9.25
qwen25_15b,636,msc_valid,8,longllmlingua,0.2,18,2.4166666666666665,43.5,2.4027777777777777,43.25,0.01388888888888884,0.25
qwen25_15b,636,msc_valid,8,recency,0.2,18,3.0,54.0,2.4027777777777777,43.25,0.5972222222222223,10.75
qwen25_15b,636,msc_valid,8,lexical_tfidf,0.2,18,2.9166666666666665,52.5,2.4027777777777777,43.25,0.5138888888888888,9.25
qwen25_15b,636,msc_valid,8,recency_keep_compress_drop,0.2,18,3.0,54.0,2.4027777777777777,43.25,0.5972222222222223,10.75
qwen25_15b,636,msc_valid,8,uniform,0.35,18,2.5,45.0,2.4027777777777777,43.25,0.09722222222222232,1.75
qwen25_15b,636,msc_valid,8,longllmlingua,0.35,18,2.4305555555555554,43.75,2.4027777777777777,43.25,0.02777777777777768,0.5
qwen25_15b,636,msc_valid,8,recency,0.35,18,3.0694444444444446,55.25,2.4027777777777777,43.25,0.666666666666667,12.0
qwen25_15b,636,msc_valid,8,lexical_tfidf,0.35,18,2.888888888888889,52.0,2.4027777777777777,43.25,0.48611111111111116,8.75
qwen25_15b,636,msc_valid,8,recency_keep_compress_drop,0.35,18,2.7916666666666665,50.25,2.4027777777777777,43.25,0.38888888888888884,7.0
qwen25_15b,636,msc_valid,8,uniform,0.5,18,2.5277777777777777,45.5,2.4027777777777777,43.25,0.125,2.25
qwen25_15b,636,msc_valid,8,longllmlingua,0.5,18,2.4305555555555554,43.75,2.4027777777777777,43.25,0.02777777777777768,0.5
qwen25_15b,636,msc_valid,8,recency,0.5,18,2.6944444444444446,48.5,2.4027777777777777,43.25,0.29166666666666696,5.25
qwen25_15b,636,msc_valid,8,lexical_tfidf,0.5,18,2.7916666666666665,50.25,2.4027777777777777,43.25,0.38888888888888884,7.0
qwen25_15b,636,msc_valid,8,recency_keep_compress_drop,0.5,18,2.5833333333333335,46.5,2.4027777777777777,43.25,0.1805555555555558,3.25
qwen25_15b,636,msc_valid,10,uniform,0.2,14,4.785714285714286,67.0,3.6785714285714284,51.5,1.1071428571428572,15.5
qwen25_15b,636,msc_valid,10,longllmlingua,0.2,14,3.7142857142857144,52.0,3.6785714285714284,51.5,0.03571428571428603,0.5
qwen25_15b,636,msc_valid,10,recency,0.2,14,4.714285714285714,66.0,3.6785714285714284,51.5,1.035714285714286,14.5
qwen25_15b,636,msc_valid,10,lexical_tfidf,0.2,14,4.785714285714286,67.0,3.6785714285714284,51.5,1.1071428571428572,15.5
qwen25_15b,636,msc_valid,10,recency_keep_compress_drop,0.2,14,4.785714285714286,67.0,3.6785714285714284,51.5,1.1071428571428572,15.5
qwen25_15b,636,msc_valid,10,uniform,0.35,14,4.964285714285714,69.5,3.6785714285714284,51.5,1.285714285714286,18.0
qwen25_15b,636,msc_valid,10,longllmlingua,0.35,14,3.6607142857142856,51.25,3.6785714285714284,51.5,-0.017857142857142794,-0.25
qwen25_15b,636,msc_valid,10,recency,0.35,14,4.642857142857143,65.0,3.6785714285714284,51.5,0.9642857142857149,13.5
qwen25_15b,636,msc_valid,10,lexical_tfidf,0.35,14,4.642857142857143,65.0,3.6785714285714284,51.5,0.9642857142857149,13.5
qwen25_15b,636,msc_valid,10,recency_keep_compress_drop,0.35,14,3.732142857142857,52.25,3.6785714285714284,51.5,0.053571428571428825,0.75
qwen25_15b,636,msc_valid,10,uniform,0.5,14,4.821428571428571,67.5,3.6785714285714284,51.5,1.1428571428571428,16.0
qwen25_15b,636,msc_valid,10,longllmlingua,0.5,14,3.642857142857143,51.0,3.6785714285714284,51.5,-0.03571428571428559,-0.5
qwen25_15b,636,msc_valid,10,recency,0.5,14,3.642857142857143,51.0,3.6785714285714284,51.5,-0.03571428571428559,-0.5
qwen25_15b,636,msc_valid,10,lexical_tfidf,0.5,14,4.821428571428571,67.5,3.6785714285714284,51.5,1.1428571428571428,16.0
qwen25_15b,636,msc_valid,10,recency_keep_compress_drop,0.5,14,3.6785714285714284,51.5,3.6785714285714284,51.5,0.0,0.0
qwen25_15b,636,msc_valid,12,uniform,0.2,16,2.9375,47.0,2.265625,36.25,0.671875,10.75
qwen25_15b,636,msc_valid,12,longllmlingua,0.2,16,2.453125,39.25,2.265625,36.25,0.1875,3.0
qwen25_15b,636,msc_valid,12,recency,0.2,16,2.34375,37.5,2.265625,36.25,0.078125,1.25
qwen25_15b,636,msc_valid,12,lexical_tfidf,0.2,16,2.765625,44.25,2.265625,36.25,0.5,8.0
qwen25_15b,636,msc_valid,12,recency_keep_compress_drop,0.2,16,2.171875,34.75,2.265625,36.25,-0.09375,-1.5
qwen25_15b,636,msc_valid,12,uniform,0.35,16,2.71875,43.5,2.265625,36.25,0.453125,7.25
qwen25_15b,636,msc_valid,12,longllmlingua,0.35,16,2.34375,37.5,2.265625,36.25,0.078125,1.25
qwen25_15b,636,msc_valid,12,recency,0.35,16,2.28125,36.5,2.265625,36.25,0.015625,0.25
qwen25_15b,636,msc_valid,12,lexical_tfidf,0.35,16,2.671875,42.75,2.265625,36.25,0.40625,6.5
qwen25_15b,636,msc_valid,12,recency_keep_compress_drop,0.35,16,2.09375,33.5,2.265625,36.25,-0.171875,-2.75
qwen25_15b,636,msc_valid,12,uniform,0.5,16,2.890625,46.25,2.265625,36.25,0.625,10.0
qwen25_15b,636,msc_valid,12,longllmlingua,0.5,16,2.15625,34.5,2.265625,36.25,-0.109375,-1.75
qwen25_15b,636,msc_valid,12,recency,0.5,16,2.15625,34.5,2.265625,36.25,-0.109375,-1.75
qwen25_15b,636,msc_valid,12,lexical_tfidf,0.5,16,2.859375,45.75,2.265625,36.25,0.59375,9.5
qwen25_15b,636,msc_valid,12,recency_keep_compress_drop,0.5,16,2.171875,34.75,2.265625,36.25,-0.09375,-1.5
qwen25_15b,639,msc_valid,4,uniform,0.2,9,6.527777777777778,58.75,6.388888888888889,57.5,0.1388888888888884,1.25
qwen25_15b,639,msc_valid,4,longllmlingua,0.2,9,6.333333333333333,57.0,6.388888888888889,57.5,-0.055555555555556246,-0.5
qwen25_15b,639,msc_valid,4,recency,0.2,9,6.527777777777778,58.75,6.388888888888889,57.5,0.1388888888888884,1.25
qwen25_15b,639,msc_valid,4,lexical_tfidf,0.2,9,6.527777777777778,58.75,6.388888888888889,57.5,0.1388888888888884,1.25
qwen25_15b,639,msc_valid,4,recency_keep_compress_drop,0.2,9,6.527777777777778,58.75,6.388888888888889,57.5,0.1388888888888884,1.25
qwen25_15b,639,msc_valid,4,uniform,0.35,9,6.527777777777778,58.75,6.388888888888889,57.5,0.1388888888888884,1.25
qwen25_15b,639,msc_valid,4,longllmlingua,0.35,9,6.472222222222222,58.25,6.388888888888889,57.5,0.08333333333333304,0.75
qwen25_15b,639,msc_valid,4,recency,0.35,9,6.527777777777778,58.75,6.388888888888889,57.5,0.1388888888888884,1.25
qwen25_15b,639,msc_valid,4,lexical_tfidf,0.35,9,6.527777777777778,58.75,6.388888888888889,57.5,0.1388888888888884,1.25
qwen25_15b,639,msc_valid,4,recency_keep_compress_drop,0.35,9,6.527777777777778,58.75,6.388888888888889,57.5,0.1388888888888884,1.25
qwen25_15b,639,msc_valid,4,uniform,0.5,9,6.527777777777778,58.75,6.388888888888889,57.5,0.1388888888888884,1.25
qwen25_15b,639,msc_valid,4,longllmlingua,0.5,9,6.027777777777778,54.25,6.388888888888889,57.5,-0.3611111111111116,-3.25
qwen25_15b,639,msc_valid,4,recency,0.5,9,6.527777777777778,58.75,6.388888888888889,57.5,0.1388888888888884,1.25
qwen25_15b,639,msc_valid,4,lexical_tfidf,0.5,9,6.527777777777778,58.75,6.388888888888889,57.5,0.1388888888888884,1.25
qwen25_15b,639,msc_valid,4,recency_keep_compress_drop,0.5,9,6.527777777777778,58.75,6.388888888888889,57.5,0.1388888888888884,1.25
qwen25_15b,639,msc_valid,6,uniform,0.2,8,5.34375,42.75,4.8125,38.5,0.53125,4.25
qwen25_15b,639,msc_valid,6,longllmlingua,0.2,8,4.625,37.0,4.8125,38.5,-0.1875,-1.5
qwen25_15b,639,msc_valid,6,recency,0.2,8,5.71875,45.75,4.8125,38.5,0.90625,7.25
qwen25_15b,639,msc_valid,6,lexical_tfidf,0.2,8,5.71875,45.75,4.8125,38.5,0.90625,7.25
qwen25_15b,639,msc_valid,6,recency_keep_compress_drop,0.2,8,5.71875,45.75,4.8125,38.5,0.90625,7.25
qwen25_15b,639,msc_valid,6,uniform,0.35,8,5.3125,42.5,4.8125,38.5,0.5,4.0
qwen25_15b,639,msc_valid,6,longllmlingua,0.35,8,4.78125,38.25,4.8125,38.5,-0.03125,-0.25
qwen25_15b,639,msc_valid,6,recency,0.35,8,5.3125,42.5,4.8125,38.5,0.5,4.0
qwen25_15b,639,msc_valid,6,lexical_tfidf,0.35,8,5.3125,42.5,4.8125,38.5,0.5,4.0
qwen25_15b,639,msc_valid,6,recency_keep_compress_drop,0.35,8,5.3125,42.5,4.8125,38.5,0.5,4.0
qwen25_15b,639,msc_valid,6,uniform,0.5,8,5.5625,44.5,4.8125,38.5,0.75,6.0
qwen25_15b,639,msc_valid,6,longllmlingua,0.5,8,4.59375,36.75,4.8125,38.5,-0.21875,-1.75
qwen25_15b,639,msc_valid,6,recency,0.5,8,5.375,43.0,4.8125,38.5,0.5625,4.5
qwen25_15b,639,msc_valid,6,lexical_tfidf,0.5,8,5.3125,42.5,4.8125,38.5,0.5,4.0
qwen25_15b,639,msc_valid,6,recency_keep_compress_drop,0.5,8,5.3125,42.5,4.8125,38.5,0.5,4.0
qwen25_15b,639,msc_valid,8,uniform,0.2,9,4.361111111111111,39.25,4.277777777777778,38.5,0.08333333333333304,0.75
qwen25_15b,639,msc_valid,8,longllmlingua,0.2,9,4.166666666666667,37.5,4.277777777777778,38.5,-0.11111111111111072,-1.0
qwen25_15b,639,msc_valid,8,recency,0.2,9,4.583333333333333,41.25,4.277777777777778,38.5,0.30555555555555536,2.75
qwen25_15b,639,msc_valid,8,lexical_tfidf,0.2,9,4.583333333333333,41.25,4.277777777777778,38.5,0.30555555555555536,2.75
qwen25_15b,639,msc_valid,8,recency_keep_compress_drop,0.2,9,4.583333333333333,41.25,4.277777777777778,38.5,0.30555555555555536,2.75
qwen25_15b,639,msc_valid,8,uniform,0.35,9,4.472222222222222,40.25,4.277777777777778,38.5,0.19444444444444464,1.75
qwen25_15b,639,msc_valid,8,longllmlingua,0.35,9,4.277777777777778,38.5,4.277777777777778,38.5,0.0,0.0
qwen25_15b,639,msc_valid,8,recency,0.35,9,4.583333333333333,41.25,4.277777777777778,38.5,0.30555555555555536,2.75
qwen25_15b,639,msc_valid,8,lexical_tfidf,0.35,9,4.527777777777778,40.75,4.277777777777778,38.5,0.25,2.25
qwen25_15b,639,msc_valid,8,recency_keep_compress_drop,0.35,9,4.583333333333333,41.25,4.277777777777778,38.5,0.30555555555555536,2.75
qwen25_15b,639,msc_valid,8,uniform,0.5,9,4.361111111111111,39.25,4.277777777777778,38.5,0.08333333333333304,0.75
qwen25_15b,639,msc_valid,8,longllmlingua,0.5,9,4.055555555555555,36.5,4.277777777777778,38.5,-0.22222222222222232,-2.0
qwen25_15b,639,msc_valid,8,recency,0.5,9,4.583333333333333,41.25,4.277777777777778,38.5,0.30555555555555536,2.75
qwen25_15b,639,msc_valid,8,lexical_tfidf,0.5,9,4.305555555555555,38.75,4.277777777777778,38.5,0.02777777777777768,0.25
qwen25_15b,639,msc_valid,8,recency_keep_compress_drop,0.5,9,4.583333333333333,41.25,4.277777777777778,38.5,0.30555555555555536,2.75
qwen25_15b,639,msc_valid,10,uniform,0.2,8,7.78125,62.25,7.25,58.0,0.53125,4.25
qwen25_15b,639,msc_valid,10,longllmlingua,0.2,8,7.625,61.0,7.25,58.0,0.375,3.0
qwen25_15b,639,msc_valid,10,recency,0.2,8,7.5625,60.5,7.25,58.0,0.3125,2.5
qwen25_15b,639,msc_valid,10,lexical_tfidf,0.2,8,7.5625,60.5,7.25,58.0,0.3125,2.5
qwen25_15b,639,msc_valid,10,recency_keep_compress_drop,0.2,8,7.5625,60.5,7.25,58.0,0.3125,2.5
qwen25_15b,639,msc_valid,10,uniform,0.35,8,7.875,63.0,7.25,58.0,0.625,5.0
qwen25_15b,639,msc_valid,10,longllmlingua,0.35,8,7.65625,61.25,7.25,58.0,0.40625,3.25
qwen25_15b,639,msc_valid,10,recency,0.35,8,7.5,60.0,7.25,58.0,0.25,2.0
qwen25_15b,639,msc_valid,10,lexical_tfidf,0.35,8,7.46875,59.75,7.25,58.0,0.21875,1.75
qwen25_15b,639,msc_valid,10,recency_keep_compress_drop,0.35,8,7.46875,59.75,7.25,58.0,0.21875,1.75
qwen25_15b,639,msc_valid,10,uniform,0.5,8,7.8125,62.5,7.25,58.0,0.5625,4.5
qwen25_15b,639,msc_valid,10,longllmlingua,0.5,8,7.75,62.0,7.25,58.0,0.5,4.0
qwen25_15b,639,msc_valid,10,recency,0.5,8,7.40625,59.25,7.25,58.0,0.15625,1.25
qwen25_15b,639,msc_valid,10,lexical_tfidf,0.5,8,7.40625,59.25,7.25,58.0,0.15625,1.25
qwen25_15b,639,msc_valid,10,recency_keep_compress_drop,0.5,8,7.40625,59.25,7.25,58.0,0.15625,1.25
qwen25_15b,639,msc_valid,12,uniform,0.2,9,4.472222222222222,40.25,3.888888888888889,35.0,0.5833333333333335,5.25
qwen25_15b,639,msc_valid,12,longllmlingua,0.2,9,4.138888888888889,37.25,3.888888888888889,35.0,0.25000000000000044,2.25
qwen25_15b,639,msc_valid,12,recency,0.2,9,3.9722222222222223,35.75,3.888888888888889,35.0,0.08333333333333348,0.75
qwen25_15b,639,msc_valid,12,lexical_tfidf,0.2,9,4.416666666666667,39.75,3.888888888888889,35.0,0.5277777777777781,4.75
qwen25_15b,639,msc_valid,12,recency_keep_compress_drop,0.2,9,3.9722222222222223,35.75,3.888888888888889,35.0,0.08333333333333348,0.75
qwen25_15b,639,msc_valid,12,uniform,0.35,9,4.25,38.25,3.888888888888889,35.0,0.36111111111111116,3.25
qwen25_15b,639,msc_valid,12,longllmlingua,0.35,9,4.111111111111111,37.0,3.888888888888889,35.0,0.22222222222222188,2.0
qwen25_15b,639,msc_valid,12,recency,0.35,9,3.9166666666666665,35.25,3.888888888888889,35.0,0.02777777777777768,0.25
qwen25_15b,639,msc_valid,12,lexical_tfidf,0.35,9,4.472222222222222,40.25,3.888888888888889,35.0,0.5833333333333335,5.25
qwen25_15b,639,msc_valid,12,recency_keep_compress_drop,0.35,9,3.9166666666666665,35.25,3.888888888888889,35.0,0.02777777777777768,0.25
qwen25_15b,639,msc_valid,12,uniform,0.5,9,4.277777777777778,38.5,3.888888888888889,35.0,0.38888888888888884,3.5
qwen25_15b,639,msc_valid,12,longllmlingua,0.5,9,4.027777777777778,36.25,3.888888888888889,35.0,0.13888888888888884,1.25
qwen25_15b,639,msc_valid,12,recency,0.5,9,3.9166666666666665,35.25,3.888888888888889,35.0,0.02777777777777768,0.25
qwen25_15b,639,msc_valid,12,lexical_tfidf,0.5,9,4.277777777777778,38.5,3.888888888888889,35.0,0.38888888888888884,3.5
qwen25_15b,639,msc_valid,12,recency_keep_compress_drop,0.5,9,3.8055555555555554,34.25,3.888888888888889,35.0,-0.08333333333333348,-0.75
qwen25_15b,639,msc_valid,14,uniform,0.2,10,5.85,58.5,4.575,45.75,1.2749999999999995,12.75
qwen25_15b,639,msc_valid,14,longllmlingua,0.2,10,5.05,50.5,4.575,45.75,0.47499999999999964,4.75
qwen25_15b,639,msc_valid,14,recency,0.2,10,4.725,47.25,4.575,45.75,0.14999999999999947,1.5
qwen25_15b,639,msc_valid,14,lexical_tfidf,0.2,10,5.325,53.25,4.575,45.75,0.75,7.5
qwen25_15b,639,msc_valid,14,recency_keep_compress_drop,0.2,10,4.725,47.25,4.575,45.75,0.14999999999999947,1.5
qwen25_15b,639,msc_valid,14,uniform,0.35,10,5.625,56.25,4.575,45.75,1.0499999999999998,10.5
qwen25_15b,639,msc_valid,14,longllmlingua,0.35,10,4.975,49.75,4.575,45.75,0.39999999999999947,4.0
qwen25_15b,639,msc_valid,14,recency,0.35,10,4.7,47.0,4.575,45.75,0.125,1.25
qwen25_15b,639,msc_valid,14,lexical_tfidf,0.35,10,5.4,54.0,4.575,45.75,0.8250000000000002,8.25
qwen25_15b,639,msc_valid,14,recency_keep_compress_drop,0.35,10,4.7,47.0,4.575,45.75,0.125,1.25
qwen25_15b,639,msc_valid,14,uniform,0.5,10,5.475,54.75,4.575,45.75,0.8999999999999995,9.0
qwen25_15b,639,msc_valid,14,longllmlingua,0.5,10,5.475,54.75,4.575,45.75,0.8999999999999995,9.0
qwen25_15b,639,msc_valid,14,recency,0.5,10,4.675,46.75,4.575,45.75,0.09999999999999964,1.0
qwen25_15b,639,msc_valid,14,lexical_tfidf,0.5,10,5.6,56.0,4.575,45.75,1.0249999999999995,10.25
qwen25_15b,639,msc_valid,14,recency_keep_compress_drop,0.5,10,4.7,47.0,4.575,45.75,0.125,1.25
qwen25_15b,672,msc_valid,4,uniform,0.2,18,4.555555555555555,82.0,4.083333333333333,73.5,0.4722222222222223,8.5
qwen25_15b,672,msc_valid,4,longllmlingua,0.2,18,4.0,72.0,4.083333333333333,73.5,-0.08333333333333304,-1.5
qwen25_15b,672,msc_valid,4,recency,0.2,18,4.555555555555555,82.0,4.083333333333333,73.5,0.4722222222222223,8.5
qwen25_15b,672,msc_valid,4,lexical_tfidf,0.2,18,4.555555555555555,82.0,4.083333333333333,73.5,0.4722222222222223,8.5
qwen25_15b,672,msc_valid,4,recency_keep_compress_drop,0.2,18,4.555555555555555,82.0,4.083333333333333,73.5,0.4722222222222223,8.5
qwen25_15b,672,msc_valid,4,uniform,0.35,18,4.555555555555555,82.0,4.083333333333333,73.5,0.4722222222222223,8.5
qwen25_15b,672,msc_valid,4,longllmlingua,0.35,18,4.0,72.0,4.083333333333333,73.5,-0.08333333333333304,-1.5
qwen25_15b,672,msc_valid,4,recency,0.35,18,4.555555555555555,82.0,4.083333333333333,73.5,0.4722222222222223,8.5
qwen25_15b,672,msc_valid,4,lexical_tfidf,0.35,18,4.555555555555555,82.0,4.083333333333333,73.5,0.4722222222222223,8.5
qwen25_15b,672,msc_valid,4,recency_keep_compress_drop,0.35,18,4.555555555555555,82.0,4.083333333333333,73.5,0.4722222222222223,8.5
qwen25_15b,672,msc_valid,4,uniform,0.5,18,4.333333333333333,78.0,4.083333333333333,73.5,0.25,4.5
qwen25_15b,672,msc_valid,4,longllmlingua,0.5,18,4.027777777777778,72.5,4.083333333333333,73.5,-0.05555555555555536,-1.0
qwen25_15b,672,msc_valid,4,recency,0.5,18,4.333333333333333,78.0,4.083333333333333,73.5,0.25,4.5
qwen25_15b,672,msc_valid,4,lexical_tfidf,0.5,18,4.333333333333333,78.0,4.083333333333333,73.5,0.25,4.5
qwen25_15b,672,msc_valid,4,recency_keep_compress_drop,0.5,18,4.333333333333333,78.0,4.083333333333333,73.5,0.25,4.5
qwen25_15b,672,msc_valid,8,uniform,0.2,20,3.175,63.5,2.4625,49.25,0.7124999999999999,14.25
qwen25_15b,672,msc_valid,8,longllmlingua,0.2,20,2.8875,57.75,2.4625,49.25,0.42500000000000027,8.5
qwen25_15b,672,msc_valid,8,recency,0.2,20,3.1875,63.75,2.4625,49.25,0.7250000000000001,14.5
qwen25_15b,672,msc_valid,8,lexical_tfidf,0.2,20,3.1375,62.75,2.4625,49.25,0.6750000000000003,13.5
qwen25_15b,672,msc_valid,8,recency_keep_compress_drop,0.2,20,3.1875,63.75,2.4625,49.25,0.7250000000000001,14.5
qwen25_15b,672,msc_valid,8,uniform,0.35,20,3.1625,63.25,2.4625,49.25,0.7000000000000002,14.0
qwen25_15b,672,msc_valid,8,longllmlingua,0.35,20,2.8,56.0,2.4625,49.25,0.3374999999999999,6.75
qwen25_15b,672,msc_valid,8,recency,0.35,20,3.1125,62.25,2.4625,49.25,0.6499999999999999,13.0
qwen25_15b,672,msc_valid,8,lexical_tfidf,0.35,20,2.75,55.0,2.4625,49.25,0.2875000000000001,5.75
qwen25_15b,672,msc_valid,8,recency_keep_compress_drop,0.35,20,2.65,53.0,2.4625,49.25,0.1875,3.75
qwen25_15b,672,msc_valid,8,uniform,0.5,20,3.15,63.0,2.4625,49.25,0.6875,13.75
qwen25_15b,672,msc_valid,8,longllmlingua,0.5,20,2.775,55.5,2.4625,49.25,0.3125,6.25
qwen25_15b,672,msc_valid,8,recency,0.5,20,2.7,54.0,2.4625,49.25,0.23750000000000027,4.75
qwen25_15b,672,msc_valid,8,lexical_tfidf,0.5,20,2.4875,49.75,2.4625,49.25,0.02499999999999991,0.5
qwen25_15b,672,msc_valid,8,recency_keep_compress_drop,0.5,20,2.5625,51.25,2.4625,49.25,0.10000000000000009,2.0
qwen25_15b,672,msc_valid,12,uniform,0.2,14,2.5892857142857144,36.25,1.9642857142857142,27.5,0.6250000000000002,8.75
qwen25_15b,672,msc_valid,12,longllmlingua,0.2,14,2.3214285714285716,32.5,1.9642857142857142,27.5,0.35714285714285743,5.0
qwen25_15b,672,msc_valid,12,recency,0.2,14,2.357142857142857,33.0,1.9642857142857142,27.5,0.392857142857143,5.5
qwen25_15b,672,msc_valid,12,lexical_tfidf,0.2,14,2.4642857142857144,34.5,1.9642857142857142,27.5,0.5000000000000002,7.0
qwen25_15b,672,msc_valid,12,recency_keep_compress_drop,0.2,14,2.4642857142857144,34.5,1.9642857142857142,27.5,0.5000000000000002,7.0
qwen25_15b,672,msc_valid,12,uniform,0.35,14,2.357142857142857,33.0,1.9642857142857142,27.5,0.392857142857143,5.5
qwen25_15b,672,msc_valid,12,longllmlingua,0.35,14,2.3214285714285716,32.5,1.9642857142857142,27.5,0.35714285714285743,5.0
qwen25_15b,672,msc_valid,12,recency,0.35,14,2.1875,30.625,1.9642857142857142,27.5,0.2232142857142858,3.125
qwen25_15b,672,msc_valid,12,lexical_tfidf,0.35,14,2.3392857142857144,32.75,1.9642857142857142,27.5,0.3750000000000002,5.25
qwen25_15b,672,msc_valid,12,recency_keep_compress_drop,0.35,14,2.267857142857143,31.75,1.9642857142857142,27.5,0.3035714285714286,4.25
qwen25_15b,672,msc_valid,12,uniform,0.5,14,2.267857142857143,31.75,1.9642857142857142,27.5,0.3035714285714286,4.25
qwen25_15b,672,msc_valid,12,longllmlingua,0.5,14,2.3214285714285716,32.5,1.9642857142857142,27.5,0.35714285714285743,5.0
qwen25_15b,672,msc_valid,12,recency,0.5,14,2.0982142857142856,29.375,1.9642857142857142,27.5,0.1339285714285714,1.875
qwen25_15b,672,msc_valid,12,lexical_tfidf,0.5,14,2.1517857142857144,30.125,1.9642857142857142,27.5,0.18750000000000022,2.625
qwen25_15b,672,msc_valid,12,recency_keep_compress_drop,0.5,14,2.1964285714285716,30.75,1.9642857142857142,27.5,0.23214285714285743,3.25
qwen25_15b,672,msc_valid,16,uniform,0.2,13,2.4615384615384617,32.0,2.4615384615384617,32.0,0.0,0.0
qwen25_15b,672,msc_valid,16,longllmlingua,0.2,13,2.326923076923077,30.25,2.4615384615384617,32.0,-0.13461538461538458,-1.75
qwen25_15b,672,msc_valid,16,recency,0.2,13,2.5384615384615383,33.0,2.4615384615384617,32.0,0.07692307692307665,1.0
qwen25_15b,672,msc_valid,16,lexical_tfidf,0.2,13,2.5384615384615383,33.0,2.4615384615384617,32.0,0.07692307692307665,1.0
qwen25_15b,672,msc_valid,16,recency_keep_compress_drop,0.2,13,2.6346153846153846,34.25,2.4615384615384617,32.0,0.1730769230769229,2.25
qwen25_15b,672,msc_valid,16,uniform,0.35,13,2.4326923076923075,31.625,2.4615384615384617,32.0,-0.028846153846154188,-0.375
qwen25_15b,672,msc_valid,16,longllmlingua,0.35,13,2.2884615384615383,29.75,2.4615384615384617,32.0,-0.17307692307692335,-2.25
qwen25_15b,672,msc_valid,16,recency,0.35,13,2.6538461538461537,34.5,2.4615384615384617,32.0,0.19230769230769207,2.5
qwen25_15b,672,msc_valid,16,lexical_tfidf,0.35,13,2.576923076923077,33.5,2.4615384615384617,32.0,0.11538461538461542,1.5
qwen25_15b,672,msc_valid,16,recency_keep_compress_drop,0.35,13,2.4615384615384617,32.0,2.4615384615384617,32.0,0.0,0.0
qwen25_15b,672,msc_valid,16,uniform,0.5,13,2.3846153846153846,31.0,2.4615384615384617,32.0,-0.0769230769230771,-1.0
qwen25_15b,672,msc_valid,16,longllmlingua,0.5,13,2.3076923076923075,30.0,2.4615384615384617,32.0,-0.1538461538461542,-2.0
qwen25_15b,672,msc_valid,16,recency,0.5,13,2.5,32.5,2.4615384615384617,32.0,0.038461538461538325,0.5
qwen25_15b,672,msc_valid,16,lexical_tfidf,0.5,13,2.5,32.5,2.4615384615384617,32.0,0.038461538461538325,0.5
qwen25_15b,672,msc_valid,16,recency_keep_compress_drop,0.5,13,2.355769230769231,30.625,2.4615384615384617,32.0,-0.10576923076923084,-1.375
qwen25_15b,672,msc_valid,20,uniform,0.2,16,2.84375,45.5,2.578125,41.25,0.265625,4.25
qwen25_15b,672,msc_valid,20,longllmlingua,0.2,16,2.671875,42.75,2.578125,41.25,0.09375,1.5
qwen25_15b,672,msc_valid,20,recency,0.2,16,2.765625,44.25,2.578125,41.25,0.1875,3.0
qwen25_15b,672,msc_valid,20,lexical_tfidf,0.2,16,2.8125,45.0,2.578125,41.25,0.234375,3.75
qwen25_15b,672,msc_valid,20,recency_keep_compress_drop,0.2,16,2.671875,42.75,2.578125,41.25,0.09375,1.5
qwen25_15b,672,msc_valid,20,uniform,0.35,16,2.796875,44.75,2.578125,41.25,0.21875,3.5
qwen25_15b,672,msc_valid,20,longllmlingua,0.35,16,2.640625,42.25,2.578125,41.25,0.0625,1.0
qwen25_15b,672,msc_valid,20,recency,0.35,16,2.625,42.0,2.578125,41.25,0.046875,0.75
qwen25_15b,672,msc_valid,20,lexical_tfidf,0.35,16,2.671875,42.75,2.578125,41.25,0.09375,1.5
qwen25_15b,672,msc_valid,20,recency_keep_compress_drop,0.35,16,2.640625,42.25,2.578125,41.25,0.0625,1.0
qwen25_15b,672,msc_valid,20,uniform,0.5,16,2.75,44.0,2.578125,41.25,0.171875,2.75
qwen25_15b,672,msc_valid,20,longllmlingua,0.5,16,2.640625,42.25,2.578125,41.25,0.0625,1.0
qwen25_15b,672,msc_valid,20,recency,0.5,16,2.625,42.0,2.578125,41.25,0.046875,0.75
qwen25_15b,672,msc_valid,20,lexical_tfidf,0.5,16,2.59375,41.5,2.578125,41.25,0.015625,0.25
qwen25_15b,672,msc_valid,20,recency_keep_compress_drop,0.5,16,2.578125,41.25,2.578125,41.25,0.0,0.0
qwen25_15b,672,msc_valid,24,uniform,0.2,36,3.111111111111111,112.0,2.736111111111111,98.5,0.375,13.5
qwen25_15b,672,msc_valid,24,longllmlingua,0.2,36,3.0416666666666665,109.5,2.736111111111111,98.5,0.30555555555555536,11.0
qwen25_15b,672,msc_valid,24,recency,0.2,36,3.013888888888889,108.5,2.736111111111111,98.5,0.2777777777777777,10.0
qwen25_15b,672,msc_valid,24,lexical_tfidf,0.2,36,3.013888888888889,108.5,2.736111111111111,98.5,0.2777777777777777,10.0
qwen25_15b,672,msc_valid,24,recency_keep_compress_drop,0.2,36,3.0,108.0,2.736111111111111,98.5,0.26388888888888884,9.5
qwen25_15b,672,msc_valid,24,uniform,0.35,36,3.138888888888889,113.0,2.736111111111111,98.5,0.4027777777777777,14.5
qwen25_15b,672,msc_valid,24,longllmlingua,0.35,36,3.013888888888889,108.5,2.736111111111111,98.5,0.2777777777777777,10.0
qwen25_15b,672,msc_valid,24,recency,0.35,36,2.9583333333333335,106.5,2.736111111111111,98.5,0.22222222222222232,8.0
qwen25_15b,672,msc_valid,24,lexical_tfidf,0.35,36,2.9166666666666665,105.0,2.736111111111111,98.5,0.18055555555555536,6.5
qwen25_15b,672,msc_valid,24,recency_keep_compress_drop,0.35,36,2.8333333333333335,102.0,2.736111111111111,98.5,0.09722222222222232,3.5
qwen25_15b,672,msc_valid,24,uniform,0.5,36,2.986111111111111,107.5,2.736111111111111,98.5,0.25,9.0
qwen25_15b,672,msc_valid,24,longllmlingua,0.5,36,3.0,108.0,2.736111111111111,98.5,0.26388888888888884,9.5
qwen25_15b,672,msc_valid,24,recency,0.5,36,2.9166666666666665,105.0,2.736111111111111,98.5,0.18055555555555536,6.5
qwen25_15b,672,msc_valid,24,lexical_tfidf,0.5,36,2.888888888888889,104.0,2.736111111111111,98.5,0.15277777777777768,5.5
qwen25_15b,672,msc_valid,24,recency_keep_compress_drop,0.5,36,2.8333333333333335,102.0,2.736111111111111,98.5,0.09722222222222232,3.5
qwen25_15b,672,msc_valid,28,uniform,0.2,22,2.284090909090909,50.25,2.034090909090909,44.75,0.25,5.5
qwen25_15b,672,msc_valid,28,longllmlingua,0.2,22,2.284090909090909,50.25,2.034090909090909,44.75,0.25,5.5
qwen25_15b,672,msc_valid,28,recency,0.2,22,2.1818181818181817,48.0,2.034090909090909,44.75,0.14772727272727249,3.25
qwen25_15b,672,msc_valid,28,lexical_tfidf,0.2,22,2.1818181818181817,48.0,2.034090909090909,44.75,0.14772727272727249,3.25
qwen25_15b,672,msc_valid,28,recency_keep_compress_drop,0.2,22,2.1136363636363638,46.5,2.034090909090909,44.75,0.07954545454545459,1.75
qwen25_15b,672,msc_valid,28,uniform,0.35,22,2.102272727272727,46.25,2.034090909090909,44.75,0.0681818181818179,1.5
qwen25_15b,672,msc_valid,28,longllmlingua,0.35,22,2.2613636363636362,49.75,2.034090909090909,44.75,0.22727272727272707,5.0
qwen25_15b,672,msc_valid,28,recency,0.35,22,2.0681818181818183,45.5,2.034090909090909,44.75,0.03409090909090917,0.75
qwen25_15b,672,msc_valid,28,lexical_tfidf,0.35,22,2.1136363636363638,46.5,2.034090909090909,44.75,0.07954545454545459,1.75
qwen25_15b,672,msc_valid,28,recency_keep_compress_drop,0.35,22,2.125,46.75,2.034090909090909,44.75,0.09090909090909083,2.0
qwen25_15b,672,msc_valid,28,uniform,0.5,22,2.1136363636363638,46.5,2.034090909090909,44.75,0.07954545454545459,1.75
qwen25_15b,672,msc_valid,28,longllmlingua,0.5,22,2.1818181818181817,48.0,2.034090909090909,44.75,0.14772727272727249,3.25
qwen25_15b,672,msc_valid,28,recency,0.5,22,2.147727272727273,47.25,2.034090909090909,44.75,0.11363636363636376,2.5
qwen25_15b,672,msc_valid,28,lexical_tfidf,0.5,22,2.0,44.0,2.034090909090909,44.75,-0.03409090909090917,-0.75
qwen25_15b,672,msc_valid,28,recency_keep_compress_drop,0.5,22,2.0454545454545454,45.0,2.034090909090909,44.75,0.011363636363636243,0.25
qwen25_15b,672,msc_valid,32,uniform,0.2,19,3.3552631578947367,63.75,3.5789473684210527,68.0,-0.22368421052631593,-4.25
qwen25_15b,672,msc_valid,32,longllmlingua,0.2,19,3.5526315789473686,67.5,3.5789473684210527,68.0,-0.02631578947368407,-0.5
qwen25_15b,672,msc_valid,32,recency,0.2,19,3.6315789473684212,69.0,3.5789473684210527,68.0,0.052631578947368585,1.0
qwen25_15b,672,msc_valid,32,lexical_tfidf,0.2,19,3.5789473684210527,68.0,3.5789473684210527,68.0,0.0,0.0
qwen25_15b,672,msc_valid,32,recency_keep_compress_drop,0.2,19,3.6052631578947367,68.5,3.5789473684210527,68.0,0.02631578947368407,0.5
qwen25_15b,672,msc_valid,32,uniform,0.35,19,3.3421052631578947,63.5,3.5789473684210527,68.0,-0.23684210526315796,-4.5
qwen25_15b,672,msc_valid,32,longllmlingua,0.35,19,3.736842105263158,71.0,3.5789473684210527,68.0,0.1578947368421053,3.0
qwen25_15b,672,msc_valid,32,recency,0.35,19,3.6052631578947367,68.5,3.5789473684210527,68.0,0.02631578947368407,0.5
qwen25_15b,672,msc_valid,32,lexical_tfidf,0.35,19,3.526315789473684,67.0,3.5789473684210527,68.0,-0.052631578947368585,-1.0
qwen25_15b,672,msc_valid,32,recency_keep_compress_drop,0.35,19,3.6842105263157894,70.0,3.5789473684210527,68.0,0.10526315789473673,2.0
qwen25_15b,672,msc_valid,32,uniform,0.5,19,3.3947368421052633,64.5,3.5789473684210527,68.0,-0.18421052631578938,-3.5
qwen25_15b,672,msc_valid,32,longllmlingua,0.5,19,3.8157894736842106,72.5,3.5789473684210527,68.0,0.23684210526315796,4.5
qwen25_15b,672,msc_valid,32,recency,0.5,19,3.6052631578947367,68.5,3.5789473684210527,68.0,0.02631578947368407,0.5
qwen25_15b,672,msc_valid,32,lexical_tfidf,0.5,19,3.5789473684210527,68.0,3.5789473684210527,68.0,0.0,0.0
qwen25_15b,672,msc_valid,32,recency_keep_compress_drop,0.5,19,3.6052631578947367,68.5,3.5789473684210527,68.0,0.02631578947368407,0.5
qwen25_15b,672,msc_valid,34,uniform,0.2,51,3.8627450980392157,197.0,3.1372549019607843,160.0,0.7254901960784315,37.0
qwen25_15b,672,msc_valid,34,longllmlingua,0.2,51,3.2745098039215685,167.0,3.1372549019607843,160.0,0.13725490196078427,7.0
qwen25_15b,672,msc_valid,34,recency,0.2,51,3.8627450980392157,197.0,3.1372549019607843,160.0,0.7254901960784315,37.0
qwen25_15b,672,msc_valid,34,lexical_tfidf,0.2,51,3.7254901960784315,190.0,3.1372549019607843,160.0,0.5882352941176472,30.0
qwen25_15b,672,msc_valid,34,recency_keep_compress_drop,0.2,51,3.764705882352941,192.0,3.1372549019607843,160.0,0.6274509803921569,32.0
qwen25_15b,672,msc_valid,34,uniform,0.35,51,3.7450980392156863,191.0,3.1372549019607843,160.0,0.607843137254902,31.0
qwen25_15b,672,msc_valid,34,longllmlingua,0.35,51,3.176470588235294,162.0,3.1372549019607843,160.0,0.039215686274509665,2.0
qwen25_15b,672,msc_valid,34,recency,0.35,51,3.803921568627451,194.0,3.1372549019607843,160.0,0.6666666666666665,34.0
qwen25_15b,672,msc_valid,34,lexical_tfidf,0.35,51,3.235294117647059,165.0,3.1372549019607843,160.0,0.0980392156862746,5.0
qwen25_15b,672,msc_valid,34,recency_keep_compress_drop,0.35,51,3.6666666666666665,187.0,3.1372549019607843,160.0,0.5294117647058822,27.0
qwen25_15b,672,msc_valid,34,uniform,0.5,51,3.6862745098039214,188.0,3.1372549019607843,160.0,0.5490196078431371,28.0
qwen25_15b,672,msc_valid,34,longllmlingua,0.5,51,3.019607843137255,154.0,3.1372549019607843,160.0,-0.11764705882352944,-6.0
qwen25_15b,672,msc_valid,34,recency,0.5,51,3.7450980392156863,191.0,3.1372549019607843,160.0,0.607843137254902,31.0
qwen25_15b,672,msc_valid,34,lexical_tfidf,0.5,51,3.156862745098039,161.0,3.1372549019607843,160.0,0.019607843137254832,1.0
qwen25_15b,672,msc_valid,34,recency_keep_compress_drop,0.5,51,3.176470588235294,162.0,3.1372549019607843,160.0,0.039215686274509665,2.0
qwen25_15b,672,msc_valid,38,uniform,0.2,13,2.480769230769231,32.25,0.0,0.0,2.480769230769231,32.25
qwen25_15b,672,msc_valid,38,longllmlingua,0.2,13,2.4423076923076925,31.75,0.0,0.0,2.4423076923076925,31.75
qwen25_15b,672,msc_valid,38,recency,0.2,13,2.480769230769231,32.25,0.0,0.0,2.480769230769231,32.25
qwen25_15b,672,msc_valid,38,lexical_tfidf,0.2,13,2.730769230769231,35.5,0.0,0.0,2.730769230769231,35.5
qwen25_15b,672,msc_valid,38,recency_keep_compress_drop,0.2,13,2.3365384615384617,30.375,0.0,0.0,2.3365384615384617,30.375
qwen25_15b,672,msc_valid,38,uniform,0.35,13,2.673076923076923,34.75,0.0,0.0,2.673076923076923,34.75
qwen25_15b,672,msc_valid,38,longllmlingua,0.35,13,2.3653846153846154,30.75,0.0,0.0,2.3653846153846154,30.75
qwen25_15b,672,msc_valid,38,recency,0.35,13,2.5384615384615383,33.0,0.0,0.0,2.5384615384615383,33.0
qwen25_15b,672,msc_valid,38,lexical_tfidf,0.35,13,2.6346153846153846,34.25,0.0,0.0,2.6346153846153846,34.25
qwen25_15b,672,msc_valid,38,recency_keep_compress_drop,0.35,13,2.4134615384615383,31.375,0.0,0.0,2.4134615384615383,31.375
qwen25_15b,672,msc_valid,38,uniform,0.5,13,2.576923076923077,33.5,0.0,0.0,2.576923076923077,33.5
qwen25_15b,672,msc_valid,38,longllmlingua,0.5,13,2.326923076923077,30.25,0.0,0.0,2.326923076923077,30.25
qwen25_15b,672,msc_valid,38,recency,0.5,13,2.5,32.5,0.0,0.0,2.5,32.5
qwen25_15b,672,msc_valid,38,lexical_tfidf,0.5,13,2.6538461538461537,34.5,0.0,0.0,2.6538461538461537,34.5
qwen25_15b,672,msc_valid,38,recency_keep_compress_drop,0.5,13,2.4326923076923075,31.625,0.0,0.0,2.4326923076923075,31.625
qwen25_15b,672,msc_valid,42,uniform,0.2,8,2.875,23.0,0.0,0.0,2.875,23.0
qwen25_15b,672,msc_valid,42,longllmlingua,0.2,8,3.09375,24.75,0.0,0.0,3.09375,24.75
qwen25_15b,672,msc_valid,42,recency,0.2,8,3.03125,24.25,0.0,0.0,3.03125,24.25
qwen25_15b,672,msc_valid,42,lexical_tfidf,0.2,8,3.078125,24.625,0.0,0.0,3.078125,24.625
qwen25_15b,672,msc_valid,42,recency_keep_compress_drop,0.2,8,3.015625,24.125,0.0,0.0,3.015625,24.125
qwen25_15b,672,msc_valid,42,uniform,0.35,8,2.875,23.0,0.0,0.0,2.875,23.0
qwen25_15b,672,msc_valid,42,longllmlingua,0.35,8,3.3125,26.5,0.0,0.0,3.3125,26.5
qwen25_15b,672,msc_valid,42,recency,0.35,8,2.96875,23.75,0.0,0.0,2.96875,23.75
qwen25_15b,672,msc_valid,42,lexical_tfidf,0.35,8,2.6875,21.5,0.0,0.0,2.6875,21.5
qwen25_15b,672,msc_valid,42,recency_keep_compress_drop,0.35,8,2.8125,22.5,0.0,0.0,2.8125,22.5
qwen25_15b,672,msc_valid,42,uniform,0.5,8,2.921875,23.375,0.0,0.0,2.921875,23.375
qwen25_15b,672,msc_valid,42,longllmlingua,0.5,8,2.984375,23.875,0.0,0.0,2.984375,23.875
qwen25_15b,672,msc_valid,42,recency,0.5,8,2.6875,21.5,0.0,0.0,2.6875,21.5
qwen25_15b,672,msc_valid,42,lexical_tfidf,0.5,8,2.625,21.0,0.0,0.0,2.625,21.0
qwen25_15b,672,msc_valid,42,recency_keep_compress_drop,0.5,8,2.921875,23.375,0.0,0.0,2.921875,23.375
qwen25_15b,672,msc_valid,46,uniform,0.2,63,2.5873015873015874,163.0,0.0,0.0,2.5873015873015874,163.0
qwen25_15b,672,msc_valid,46,longllmlingua,0.2,63,2.619047619047619,165.0,0.0,0.0,2.619047619047619,165.0
qwen25_15b,672,msc_valid,46,recency,0.2,63,2.6031746031746033,164.0,0.0,0.0,2.6031746031746033,164.0
qwen25_15b,672,msc_valid,46,lexical_tfidf,0.2,63,2.634920634920635,166.0,0.0,0.0,2.634920634920635,166.0
qwen25_15b,672,msc_valid,46,recency_keep_compress_drop,0.2,63,2.6031746031746033,164.0,0.0,0.0,2.6031746031746033,164.0
qwen25_15b,672,msc_valid,46,uniform,0.35,63,2.5873015873015874,163.0,0.0,0.0,2.5873015873015874,163.0
qwen25_15b,672,msc_valid,46,longllmlingua,0.35,63,2.5555555555555554,161.0,0.0,0.0,2.5555555555555554,161.0
qwen25_15b,672,msc_valid,46,recency,0.35,63,2.5873015873015874,163.0,0.0,0.0,2.5873015873015874,163.0
qwen25_15b,672,msc_valid,46,lexical_tfidf,0.35,63,2.619047619047619,165.0,0.0,0.0,2.619047619047619,165.0
qwen25_15b,672,msc_valid,46,recency_keep_compress_drop,0.35,63,2.5714285714285716,162.0,0.0,0.0,2.5714285714285716,162.0
qwen25_15b,672,msc_valid,46,uniform,0.5,63,2.5396825396825395,160.0,0.0,0.0,2.5396825396825395,160.0
qwen25_15b,672,msc_valid,46,longllmlingua,0.5,63,2.5714285714285716,162.0,0.0,0.0,2.5714285714285716,162.0
qwen25_15b,672,msc_valid,46,recency,0.5,63,2.5555555555555554,161.0,0.0,0.0,2.5555555555555554,161.0
qwen25_15b,672,msc_valid,46,lexical_tfidf,0.5,63,2.5714285714285716,162.0,0.0,0.0,2.5714285714285716,162.0
qwen25_15b,672,msc_valid,46,recency_keep_compress_drop,0.5,63,2.5555555555555554,161.0,0.0,0.0,2.5555555555555554,161.0
qwen25_15b,672,msc_valid,50,uniform,0.2,26,1.9230769230769231,50.0,0.0,0.0,1.9230769230769231,50.0
qwen25_15b,672,msc_valid,50,longllmlingua,0.2,26,2.1538461538461537,56.0,0.0,0.0,2.1538461538461537,56.0
qwen25_15b,672,msc_valid,50,recency,0.2,26,1.8653846153846154,48.5,0.0,0.0,1.8653846153846154,48.5
qwen25_15b,672,msc_valid,50,lexical_tfidf,0.2,26,1.8846153846153846,49.0,0.0,0.0,1.8846153846153846,49.0
qwen25_15b,672,msc_valid,50,recency_keep_compress_drop,0.2,26,1.9038461538461537,49.5,0.0,0.0,1.9038461538461537,49.5
qwen25_15b,672,msc_valid,50,uniform,0.35,26,1.8942307692307692,49.25,0.0,0.0,1.8942307692307692,49.25
qwen25_15b,672,msc_valid,50,longllmlingua,0.35,26,2.1634615384615383,56.25,0.0,0.0,2.1634615384615383,56.25
qwen25_15b,672,msc_valid,50,recency,0.35,26,1.8557692307692308,48.25,0.0,0.0,1.8557692307692308,48.25
qwen25_15b,672,msc_valid,50,lexical_tfidf,0.35,26,1.9134615384615385,49.75,0.0,0.0,1.9134615384615385,49.75
qwen25_15b,672,msc_valid,50,recency_keep_compress_drop,0.35,26,1.875,48.75,0.0,0.0,1.875,48.75
qwen25_15b,672,msc_valid,50,uniform,0.5,26,1.9038461538461537,49.5,0.0,0.0,1.9038461538461537,49.5
qwen25_15b,672,msc_valid,50,longllmlingua,0.5,26,2.105769230769231,54.75,0.0,0.0,2.105769230769231,54.75
qwen25_15b,672,msc_valid,50,recency,0.5,26,1.8846153846153846,49.0,0.0,0.0,1.8846153846153846,49.0
qwen25_15b,672,msc_valid,50,lexical_tfidf,0.5,26,1.8846153846153846,49.0,0.0,0.0,1.8846153846153846,49.0
qwen25_15b,672,msc_valid,50,recency_keep_compress_drop,0.5,26,1.9038461538461537,49.5,0.0,0.0,1.9038461538461537,49.5
qwen25_15b,672,msc_valid,54,uniform,0.2,45,2.7222222222222223,122.5,0.0,0.0,2.7222222222222223,122.5
qwen25_15b,672,msc_valid,54,longllmlingua,0.2,45,2.8444444444444446,128.0,0.0,0.0,2.8444444444444446,128.0
qwen25_15b,672,msc_valid,54,recency,0.2,45,2.6777777777777776,120.5,0.0,0.0,2.6777777777777776,120.5
qwen25_15b,672,msc_valid,54,lexical_tfidf,0.2,45,2.6666666666666665,120.0,0.0,0.0,2.6666666666666665,120.0
qwen25_15b,672,msc_valid,54,recency_keep_compress_drop,0.2,45,2.7,121.5,0.0,0.0,2.7,121.5
qwen25_15b,672,msc_valid,54,uniform,0.35,45,2.688888888888889,121.0,0.0,0.0,2.688888888888889,121.0
qwen25_15b,672,msc_valid,54,longllmlingua,0.35,45,2.888888888888889,130.0,0.0,0.0,2.888888888888889,130.0
qwen25_15b,672,msc_valid,54,recency,0.35,45,2.6777777777777776,120.5,0.0,0.0,2.6777777777777776,120.5
qwen25_15b,672,msc_valid,54,lexical_tfidf,0.35,45,2.7111111111111112,122.0,0.0,0.0,2.7111111111111112,122.0
qwen25_15b,672,msc_valid,54,recency_keep_compress_drop,0.35,45,2.7,121.5,0.0,0.0,2.7,121.5
qwen25_15b,672,msc_valid,54,uniform,0.5,45,2.7444444444444445,123.5,0.0,0.0,2.7444444444444445,123.5
qwen25_15b,672,msc_valid,54,longllmlingua,0.5,45,2.8,126.0,0.0,0.0,2.8,126.0
qwen25_15b,672,msc_valid,54,recency,0.5,0,0.0,0.0,0.0,0.0,0.0,0.0
qwen25_15b,672,msc_valid,54,lexical_tfidf,0.5,0,0.0,0.0,0.0,0.0,0.0,0.0
qwen25_15b,672,msc_valid,54,recency_keep_compress_drop,0.5,0,0.0,0.0,0.0,0.0,0.0,0.0
qwen25_15b,672,msc_valid,58,uniform,0.2,20,1.9625,39.25,0.0,0.0,1.9625,39.25
qwen25_15b,672,msc_valid,58,longllmlingua,0.2,20,1.95,39.0,0.0,0.0,1.95,39.0
qwen25_15b,672,msc_valid,58,recency,0.2,20,1.8375,36.75,0.0,0.0,1.8375,36.75
qwen25_15b,672,msc_valid,58,lexical_tfidf,0.2,20,1.8875,37.75,0.0,0.0,1.8875,37.75
qwen25_15b,672,msc_valid,58,recency_keep_compress_drop,0.2,20,1.8875,37.75,0.0,0.0,1.8875,37.75
qwen25_15b,672,msc_valid,58,uniform,0.35,20,1.9625,39.25,0.0,0.0,1.9625,39.25
qwen25_15b,672,msc_valid,58,longllmlingua,0.35,20,1.9375,38.75,0.0,0.0,1.9375,38.75
qwen25_15b,672,msc_valid,58,recency,0.35,0,0.0,0.0,0.0,0.0,0.0,0.0
qwen25_15b,672,msc_valid,58,lexical_tfidf,0.35,20,1.9,38.0,0.0,0.0,1.9,38.0
qwen25_15b,672,msc_valid,58,recency_keep_compress_drop,0.35,20,1.875,37.5,0.0,0.0,1.875,37.5
qwen25_15b,672,msc_valid,58,uniform,0.5,20,1.975,39.5,0.0,0.0,1.975,39.5
qwen25_15b,672,msc_valid,58,longllmlingua,0.5,20,1.9,38.0,0.0,0.0,1.9,38.0
qwen25_15b,672,msc_valid,58,recency,0.5,0,0.0,0.0,0.0,0.0,0.0,0.0
qwen25_15b,672,msc_valid,58,lexical_tfidf,0.5,0,0.0,0.0,0.0,0.0,0.0,0.0
qwen25_15b,672,msc_valid,58,recency_keep_compress_drop,0.5,0,0.0,0.0,0.0,0.0,0.0,0.0
qwen25_15b,672,msc_valid,62,uniform,0.2,30,2.433333333333333,73.0,0.0,0.0,2.433333333333333,73.0
qwen25_15b,672,msc_valid,62,longllmlingua,0.2,30,2.6,78.0,0.0,0.0,2.6,78.0
qwen25_15b,672,msc_valid,62,recency,0.2,30,2.3833333333333333,71.5,0.0,0.0,2.3833333333333333,71.5
qwen25_15b,672,msc_valid,62,lexical_tfidf,0.2,30,2.3666666666666667,71.0,0.0,0.0,2.3666666666666667,71.0
qwen25_15b,672,msc_valid,62,recency_keep_compress_drop,0.2,30,2.3833333333333333,71.5,0.0,0.0,2.3833333333333333,71.5
qwen25_15b,672,msc_valid,62,uniform,0.35,30,2.466666666666667,74.0,0.0,0.0,2.466666666666667,74.0
qwen25_15b,672,msc_valid,62,longllmlingua,0.35,30,2.5833333333333335,77.5,0.0,0.0,2.5833333333333335,77.5
qwen25_15b,672,msc_valid,62,recency,0.35,0,0.0,0.0,0.0,0.0,0.0,0.0
qwen25_15b,672,msc_valid,62,lexical_tfidf,0.35,0,0.0,0.0,0.0,0.0,0.0,0.0
qwen25_15b,672,msc_valid,62,recency_keep_compress_drop,0.35,0,0.0,0.0,0.0,0.0,0.0,0.0
qwen25_15b,672,msc_valid,62,uniform,0.5,30,2.4,72.0,0.0,0.0,2.4,72.0
qwen25_15b,672,msc_valid,62,longllmlingua,0.5,30,2.566666666666667,77.0,0.0,0.0,2.566666666666667,77.0
qwen25_15b,672,msc_valid,62,recency,0.5,0,0.0,0.0,0.0,0.0,0.0,0.0
qwen25_15b,672,msc_valid,62,lexical_tfidf,0.5,0,0.0,0.0,0.0,0.0,0.0,0.0
qwen25_15b,672,msc_valid,62,recency_keep_compress_drop,0.5,0,0.0,0.0,0.0,0.0,0.0,0.0
qwen25_15b,686,msc_valid,4,uniform,0.2,10,4.575,45.75,4.175,41.75,0.40000000000000036,4.0
qwen25_15b,686,msc_valid,4,longllmlingua,0.2,10,3.225,32.25,4.175,41.75,-0.9499999999999997,-9.5
qwen25_15b,686,msc_valid,4,recency,0.2,10,4.575,45.75,4.175,41.75,0.40000000000000036,4.0
qwen25_15b,686,msc_valid,4,lexical_tfidf,0.2,10,4.575,45.75,4.175,41.75,0.40000000000000036,4.0
qwen25_15b,686,msc_valid,4,recency_keep_compress_drop,0.2,10,4.575,45.75,4.175,41.75,0.40000000000000036,4.0
qwen25_15b,686,msc_valid,4,uniform,0.35,10,4.175,41.75,4.175,41.75,0.0,0.0
qwen25_15b,686,msc_valid,4,longllmlingua,0.35,10,3.4,34.0,4.175,41.75,-0.7749999999999999,-7.75
qwen25_15b,686,msc_valid,4,recency,0.35,10,4.175,41.75,4.175,41.75,0.0,0.0
qwen25_15b,686,msc_valid,4,lexical_tfidf,0.35,10,4.175,41.75,4.175,41.75,0.0,0.0
qwen25_15b,686,msc_valid,4,recency_keep_compress_drop,0.35,10,4.175,41.75,4.175,41.75,0.0,0.0
qwen25_15b,686,msc_valid,4,uniform,0.5,10,4.175,41.75,4.175,41.75,0.0,0.0
qwen25_15b,686,msc_valid,4,longllmlingua,0.5,10,3.25,32.5,4.175,41.75,-0.9249999999999998,-9.25
qwen25_15b,686,msc_valid,4,recency,0.5,10,4.175,41.75,4.175,41.75,0.0,0.0
qwen25_15b,686,msc_valid,4,lexical_tfidf,0.5,10,4.175,41.75,4.175,41.75,0.0,0.0
qwen25_15b,686,msc_valid,4,recency_keep_compress_drop,0.5,10,4.175,41.75,4.175,41.75,0.0,0.0
qwen25_15b,686,msc_valid,6,uniform,0.2,8,6.78125,54.25,5.96875,47.75,0.8125,6.5
qwen25_15b,686,msc_valid,6,longllmlingua,0.2,8,6.53125,52.25,5.96875,47.75,0.5625,4.5
qwen25_15b,686,msc_valid,6,recency,0.2,8,6.9375,55.5,5.96875,47.75,0.96875,7.75
qwen25_15b,686,msc_valid,6,lexical_tfidf,0.2,8,6.9375,55.5,5.96875,47.75,0.96875,7.75
qwen25_15b,686,msc_valid,6,recency_keep_compress_drop,0.2,8,6.78125,54.25,5.96875,47.75,0.8125,6.5
qwen25_15b,686,msc_valid,6,uniform,0.35,8,6.75,54.0,5.96875,47.75,0.78125,6.25
qwen25_15b,686,msc_valid,6,longllmlingua,0.35,8,6.0625,48.5,5.96875,47.75,0.09375,0.75
qwen25_15b,686,msc_valid,6,recency,0.35,8,6.78125,54.25,5.96875,47.75,0.8125,6.5
qwen25_15b,686,msc_valid,6,lexical_tfidf,0.35,8,6.75,54.0,5.96875,47.75,0.78125,6.25
qwen25_15b,686,msc_valid,6,recency_keep_compress_drop,0.35,8,6.78125,54.25,5.96875,47.75,0.8125,6.5
qwen25_15b,686,msc_valid,6,uniform,0.5,8,6.8125,54.5,5.96875,47.75,0.84375,6.75
qwen25_15b,686,msc_valid,6,longllmlingua,0.5,8,6.21875,49.75,5.96875,47.75,0.25,2.0
qwen25_15b,686,msc_valid,6,recency,0.5,8,6.6875,53.5,5.96875,47.75,0.71875,5.75
qwen25_15b,686,msc_valid,6,lexical_tfidf,0.5,8,6.6875,53.5,5.96875,47.75,0.71875,5.75
qwen25_15b,686,msc_valid,6,recency_keep_compress_drop,0.5,8,6.46875,51.75,5.96875,47.75,0.5,4.0
qwen25_15b,686,msc_valid,8,uniform,0.2,12,4.583333333333333,55.0,3.9166666666666665,47.0,0.6666666666666665,8.0
qwen25_15b,686,msc_valid,8,longllmlingua,0.2,12,4.020833333333333,48.25,3.9166666666666665,47.0,0.10416666666666652,1.25
qwen25_15b,686,msc_valid,8,recency,0.2,12,4.416666666666667,53.0,3.9166666666666665,47.0,0.5000000000000004,6.0
qwen25_15b,686,msc_valid,8,lexical_tfidf,0.2,12,4.791666666666667,57.5,3.9166666666666665,47.0,0.8750000000000004,10.5
qwen25_15b,686,msc_valid,8,recency_keep_compress_drop,0.2,12,4.416666666666667,53.0,3.9166666666666665,47.0,0.5000000000000004,6.0
qwen25_15b,686,msc_valid,8,uniform,0.35,12,4.625,55.5,3.9166666666666665,47.0,0.7083333333333335,8.5
qwen25_15b,686,msc_valid,8,longllmlingua,0.35,12,4.145833333333333,49.75,3.9166666666666665,47.0,0.22916666666666652,2.75
qwen25_15b,686,msc_valid,8,recency,0.35,12,4.270833333333333,51.25,3.9166666666666665,47.0,0.3541666666666665,4.25
qwen25_15b,686,msc_valid,8,lexical_tfidf,0.35,12,4.354166666666667,52.25,3.9166666666666665,47.0,0.43750000000000044,5.25
qwen25_15b,686,msc_valid,8,recency_keep_compress_drop,0.35,12,4.145833333333333,49.75,3.9166666666666665,47.0,0.22916666666666652,2.75
qwen25_15b,686,msc_valid,8,uniform,0.5,12,4.541666666666667,54.5,3.9166666666666665,47.0,0.6250000000000004,7.5
qwen25_15b,686,msc_valid,8,longllmlingua,0.5,12,4.166666666666667,50.0,3.9166666666666665,47.0,0.25000000000000044,3.0
qwen25_15b,686,msc_valid,8,recency,0.5,12,4.020833333333333,48.25,3.9166666666666665,47.0,0.10416666666666652,1.25
qwen25_15b,686,msc_valid,8,lexical_tfidf,0.5,12,4.1875,50.25,3.9166666666666665,47.0,0.2708333333333335,3.25
qwen25_15b,686,msc_valid,8,recency_keep_compress_drop,0.5,12,3.8541666666666665,46.25,3.9166666666666665,47.0,-0.0625,-0.75
qwen25_15b,686,msc_valid,10,uniform,0.2,10,4.5,45.0,4.05,40.5,0.4500000000000002,4.5
qwen25_15b,686,msc_valid,10,longllmlingua,0.2,10,4.825,48.25,4.05,40.5,0.7750000000000004,7.75
qwen25_15b,686,msc_valid,10,recency,0.2,10,4.325,43.25,4.05,40.5,0.27500000000000036,2.75
qwen25_15b,686,msc_valid,10,lexical_tfidf,0.2,10,4.425,44.25,4.05,40.5,0.375,3.75
qwen25_15b,686,msc_valid,10,recency_keep_compress_drop,0.2,10,4.725,47.25,4.05,40.5,0.6749999999999998,6.75
qwen25_15b,686,msc_valid,10,uniform,0.35,10,4.425,44.25,4.05,40.5,0.375,3.75
qwen25_15b,686,msc_valid,10,longllmlingua,0.35,10,4.45,44.5,4.05,40.5,0.40000000000000036,4.0
qwen25_15b,686,msc_valid,10,recency,0.35,10,4.425,44.25,4.05,40.5,0.375,3.75
qwen25_15b,686,msc_valid,10,lexical_tfidf,0.35,10,4.525,45.25,4.05,40.5,0.47500000000000053,4.75
qwen25_15b,686,msc_valid,10,recency_keep_compress_drop,0.35,10,4.275,42.75,4.05,40.5,0.22500000000000053,2.25
qwen25_15b,686,msc_valid,10,uniform,0.5,10,4.375,43.75,4.05,40.5,0.3250000000000002,3.25
qwen25_15b,686,msc_valid,10,longllmlingua,0.5,10,4.5,45.0,4.05,40.5,0.4500000000000002,4.5
qwen25_15b,686,msc_valid,10,recency,0.5,10,4.15,41.5,4.05,40.5,0.10000000000000053,1.0
qwen25_15b,686,msc_valid,10,lexical_tfidf,0.5,10,4.4,44.0,4.05,40.5,0.35000000000000053,3.5
qwen25_15b,686,msc_valid,10,recency_keep_compress_drop,0.5,10,3.925,39.25,4.05,40.5,-0.125,-1.25
qwen25_15b,686,msc_valid,12,uniform,0.2,7,5.285714285714286,37.0,4.571428571428571,32.0,0.7142857142857144,5.0
qwen25_15b,686,msc_valid,12,longllmlingua,0.2,7,5.357142857142857,37.5,4.571428571428571,32.0,0.7857142857142856,5.5
qwen25_15b,686,msc_valid,12,recency,0.2,7,5.392857142857143,37.75,4.571428571428571,32.0,0.8214285714285721,5.75
qwen25_15b,686,msc_valid,12,lexical_tfidf,0.2,7,6.107142857142857,42.75,4.571428571428571,32.0,1.5357142857142856,10.75
qwen25_15b,686,msc_valid,12,recency_keep_compress_drop,0.2,7,5.428571428571429,38.0,4.571428571428571,32.0,0.8571428571428577,6.0
qwen25_15b,686,msc_valid,12,uniform,0.35,7,4.464285714285714,31.25,4.571428571428571,32.0,-0.10714285714285676,-0.75
qwen25_15b,686,msc_valid,12,longllmlingua,0.35,7,5.25,36.75,4.571428571428571,32.0,0.6785714285714288,4.75
qwen25_15b,686,msc_valid,12,recency,0.35,7,5.25,36.75,4.571428571428571,32.0,0.6785714285714288,4.75
qwen25_15b,686,msc_valid,12,lexical_tfidf,0.35,7,5.25,36.75,4.571428571428571,32.0,0.6785714285714288,4.75
qwen25_15b,686,msc_valid,12,recency_keep_compress_drop,0.35,7,5.035714285714286,35.25,4.571428571428571,32.0,0.4642857142857144,3.25
qwen25_15b,686,msc_valid,12,uniform,0.5,7,4.785714285714286,33.5,4.571428571428571,32.0,0.2142857142857144,1.5
qwen25_15b,686,msc_valid,12,longllmlingua,0.5,7,4.821428571428571,33.75,4.571428571428571,32.0,0.25,1.75
qwen25_15b,686,msc_valid,12,recency,0.5,7,5.035714285714286,35.25,4.571428571428571,32.0,0.4642857142857144,3.25
qwen25_15b,686,msc_valid,12,lexical_tfidf,0.5,7,5.464285714285714,38.25,4.571428571428571,32.0,0.8928571428571432,6.25
qwen25_15b,686,msc_valid,12,recency_keep_compress_drop,0.5,7,4.5,31.5,4.571428571428571,32.0,-0.07142857142857117,-0.5
qwen25_15b,686,msc_valid,14,uniform,0.2,14,3.857142857142857,54.0,2.5714285714285716,36.0,1.2857142857142856,18.0
qwen25_15b,686,msc_valid,14,longllmlingua,0.2,14,3.767857142857143,52.75,2.5714285714285716,36.0,1.1964285714285712,16.75
qwen25_15b,686,msc_valid,14,recency,0.2,14,3.017857142857143,42.25,2.5714285714285716,36.0,0.4464285714285712,6.25
qwen25_15b,686,msc_valid,14,lexical_tfidf,0.2,14,3.9642857142857144,55.5,2.5714285714285716,36.0,1.3928571428571428,19.5
qwen25_15b,686,msc_valid,14,recency_keep_compress_drop,0.2,14,3.0,42.0,2.5714285714285716,36.0,0.4285714285714284,6.0
qwen25_15b,686,msc_valid,14,uniform,0.35,14,3.732142857142857,52.25,2.5714285714285716,36.0,1.1607142857142856,16.25
qwen25_15b,686,msc_valid,14,longllmlingua,0.35,14,3.1964285714285716,44.75,2.5714285714285716,36.0,0.625,8.75
qwen25_15b,686,msc_valid,14,recency,0.35,14,2.9642857142857144,41.5,2.5714285714285716,36.0,0.3928571428571428,5.5
qwen25_15b,686,msc_valid,14,lexical_tfidf,0.35,14,3.6964285714285716,51.75,2.5714285714285716,36.0,1.125,15.75
qwen25_15b,686,msc_valid,14,recency_keep_compress_drop,0.35,14,2.892857142857143,40.5,2.5714285714285716,36.0,0.3214285714285712,4.5
qwen25_15b,686,msc_valid,14,uniform,0.5,14,3.5,49.0,2.5714285714285716,36.0,0.9285714285714284,13.0
qwen25_15b,686,msc_valid,14,longllmlingua,0.5,14,3.1964285714285716,44.75,2.5714285714285716,36.0,0.625,8.75
qwen25_15b,686,msc_valid,14,recency,0.5,14,2.892857142857143,40.5,2.5714285714285716,36.0,0.3214285714285712,4.5
qwen25_15b,686,msc_valid,14,lexical_tfidf,0.5,14,3.5,49.0,2.5714285714285716,36.0,0.9285714285714284,13.0
qwen25_15b,686,msc_valid,14,recency_keep_compress_drop,0.5,14,2.6964285714285716,37.75,2.5714285714285716,36.0,0.125,1.75
qwen25_15b,724,msc_valid,4,uniform,0.2,19,3.8421052631578947,73.0,3.6315789473684212,69.0,0.21052631578947345,4.0
qwen25_15b,724,msc_valid,4,longllmlingua,0.2,19,3.5789473684210527,68.0,3.6315789473684212,69.0,-0.052631578947368585,-1.0
qwen25_15b,724,msc_valid,4,recency,0.2,19,3.8421052631578947,73.0,3.6315789473684212,69.0,0.21052631578947345,4.0
qwen25_15b,724,msc_valid,4,lexical_tfidf,0.2,19,3.8421052631578947,73.0,3.6315789473684212,69.0,0.21052631578947345,4.0
qwen25_15b,724,msc_valid,4,recency_keep_compress_drop,0.2,19,3.8421052631578947,73.0,3.6315789473684212,69.0,0.21052631578947345,4.0
qwen25_15b,724,msc_valid,4,uniform,0.35,19,3.6842105263157894,70.0,3.6315789473684212,69.0,0.05263157894736814,1.0
qwen25_15b,724,msc_valid,4,longllmlingua,0.35,19,3.5,66.5,3.6315789473684212,69.0,-0.13157894736842124,-2.5
qwen25_15b,724,msc_valid,4,recency,0.35,19,3.6842105263157894,70.0,3.6315789473684212,69.0,0.05263157894736814,1.0
qwen25_15b,724,msc_valid,4,lexical_tfidf,0.35,19,3.6842105263157894,70.0,3.6315789473684212,69.0,0.05263157894736814,1.0
qwen25_15b,724,msc_valid,4,recency_keep_compress_drop,0.35,19,3.6842105263157894,70.0,3.6315789473684212,69.0,0.05263157894736814,1.0
qwen25_15b,724,msc_valid,4,uniform,0.5,19,3.6842105263157894,70.0,3.6315789473684212,69.0,0.05263157894736814,1.0
qwen25_15b,724,msc_valid,4,longllmlingua,0.5,19,3.473684210526316,66.0,3.6315789473684212,69.0,-0.1578947368421053,-3.0
qwen25_15b,724,msc_valid,4,recency,0.5,19,3.6842105263157894,70.0,3.6315789473684212,69.0,0.05263157894736814,1.0
qwen25_15b,724,msc_valid,4,lexical_tfidf,0.5,19,3.6842105263157894,70.0,3.6315789473684212,69.0,0.05263157894736814,1.0
qwen25_15b,724,msc_valid,4,recency_keep_compress_drop,0.5,19,3.6842105263157894,70.0,3.6315789473684212,69.0,0.05263157894736814,1.0
qwen25_15b,724,msc_valid,8,uniform,0.2,7,4.535714285714286,31.75,3.9285714285714284,27.5,0.6071428571428572,4.25
qwen25_15b,724,msc_valid,8,longllmlingua,0.2,7,4.535714285714286,31.75,3.9285714285714284,27.5,0.6071428571428572,4.25
qwen25_15b,724,msc_valid,8,recency,0.2,7,4.714285714285714,33.0,3.9285714285714284,27.5,0.785714285714286,5.5
qwen25_15b,724,msc_valid,8,lexical_tfidf,0.2,7,4.714285714285714,33.0,3.9285714285714284,27.5,0.785714285714286,5.5
qwen25_15b,724,msc_valid,8,recency_keep_compress_drop,0.2,7,4.714285714285714,33.0,3.9285714285714284,27.5,0.785714285714286,5.5
qwen25_15b,724,msc_valid,8,uniform,0.35,7,4.892857142857143,34.25,3.9285714285714284,27.5,0.9642857142857149,6.75
qwen25_15b,724,msc_valid,8,longllmlingua,0.35,7,4.446428571428571,31.125,3.9285714285714284,27.5,0.5178571428571428,3.625
qwen25_15b,724,msc_valid,8,recency,0.35,7,4.482142857142857,31.375,3.9285714285714284,27.5,0.5535714285714284,3.875
qwen25_15b,724,msc_valid,8,lexical_tfidf,0.35,7,4.142857142857143,29.0,3.9285714285714284,27.5,0.21428571428571486,1.5
qwen25_15b,724,msc_valid,8,recency_keep_compress_drop,0.35,7,4.482142857142857,31.375,3.9285714285714284,27.5,0.5535714285714284,3.875
qwen25_15b,724,msc_valid,8,uniform,0.5,7,4.339285714285714,30.375,3.9285714285714284,27.5,0.41071428571428603,2.875
qwen25_15b,724,msc_valid,8,longllmlingua,0.5,7,4.339285714285714,30.375,3.9285714285714284,27.5,0.41071428571428603,2.875
qwen25_15b,724,msc_valid,8,recency,0.5,7,4.553571428571429,31.875,3.9285714285714284,27.5,0.6250000000000004,4.375
qwen25_15b,724,msc_valid,8,lexical_tfidf,0.5,7,3.517857142857143,24.625,3.9285714285714284,27.5,-0.4107142857142856,-2.875
qwen25_15b,724,msc_valid,8,recency_keep_compress_drop,0.5,7,4.357142857142857,30.5,3.9285714285714284,27.5,0.4285714285714284,3.0
qwen25_15b,724,msc_valid,12,uniform,0.2,12,5.708333333333333,68.5,4.75,57.0,0.958333333333333,11.5
qwen25_15b,724,msc_valid,12,longllmlingua,0.2,12,4.8125,57.75,4.75,57.0,0.0625,0.75
qwen25_15b,724,msc_valid,12,recency,0.2,12,4.854166666666667,58.25,4.75,57.0,0.10416666666666696,1.25
qwen25_15b,724,msc_valid,12,lexical_tfidf,0.2,12,5.166666666666667,62.0,4.75,57.0,0.41666666666666696,5.0
qwen25_15b,724,msc_valid,12,recency_keep_compress_drop,0.2,12,5.041666666666667,60.5,4.75,57.0,0.29166666666666696,3.5
qwen25_15b,724,msc_valid,12,uniform,0.35,12,5.3125,63.75,4.75,57.0,0.5625,6.75
qwen25_15b,724,msc_valid,12,longllmlingua,0.35,12,4.979166666666667,59.75,4.75,57.0,0.22916666666666696,2.75
qwen25_15b,724,msc_valid,12,recency,0.35,12,4.791666666666667,57.5,4.75,57.0,0.04166666666666696,0.5
qwen25_15b,724,msc_valid,12,lexical_tfidf,0.35,12,5.229166666666667,62.75,4.75,57.0,0.47916666666666696,5.75
qwen25_15b,724,msc_valid,12,recency_keep_compress_drop,0.35,12,5.0,60.0,4.75,57.0,0.25,3.0
qwen25_15b,724,msc_valid,12,uniform,0.5,12,4.645833333333333,55.75,4.75,57.0,-0.10416666666666696,-1.25
qwen25_15b,724,msc_valid,12,longllmlingua,0.5,12,4.9375,59.25,4.75,57.0,0.1875,2.25
qwen25_15b,724,msc_valid,12,recency,0.5,12,4.8125,57.75,4.75,57.0,0.0625,0.75
qwen25_15b,724,msc_valid,12,lexical_tfidf,0.5,12,5.020833333333333,60.25,4.75,57.0,0.27083333333333304,3.25
qwen25_15b,724,msc_valid,12,recency_keep_compress_drop,0.5,12,4.729166666666667,56.75,4.75,57.0,-0.020833333333333037,-0.25
qwen25_15b,724,msc_valid,16,uniform,0.2,44,2.659090909090909,117.0,2.8181818181818183,124.0,-0.15909090909090917,-7.0
qwen25_15b,724,msc_valid,16,longllmlingua,0.2,44,2.659090909090909,117.0,2.8181818181818183,124.0,-0.15909090909090917,-7.0
qwen25_15b,724,msc_valid,16,recency,0.2,44,2.6818181818181817,118.0,2.8181818181818183,124.0,-0.1363636363636367,-6.0
qwen25_15b,724,msc_valid,16,lexical_tfidf,0.2,44,2.8636363636363638,126.0,2.8181818181818183,124.0,0.045454545454545414,2.0
qwen25_15b,724,msc_valid,16,recency_keep_compress_drop,0.2,44,2.7045454545454546,119.0,2.8181818181818183,124.0,-0.11363636363636376,-5.0
qwen25_15b,724,msc_valid,16,uniform,0.35,44,2.840909090909091,125.0,2.8181818181818183,124.0,0.022727272727272485,1.0
qwen25_15b,724,msc_valid,16,longllmlingua,0.35,44,2.6931818181818183,118.5,2.8181818181818183,124.0,-0.125,-5.5
qwen25_15b,724,msc_valid,16,recency,0.35,44,2.727272727272727,120.0,2.8181818181818183,124.0,-0.09090909090909127,-4.0
qwen25_15b,724,msc_valid,16,lexical_tfidf,0.35,44,2.875,126.5,2.8181818181818183,124.0,0.05681818181818166,2.5
qwen25_15b,724,msc_valid,16,recency_keep_compress_drop,0.35,44,2.715909090909091,119.5,2.8181818181818183,124.0,-0.10227272727272751,-4.5
qwen25_15b,724,msc_valid,16,uniform,0.5,44,2.852272727272727,125.5,2.8181818181818183,124.0,0.03409090909090873,1.5
qwen25_15b,724,msc_valid,16,longllmlingua,0.5,44,2.727272727272727,120.0,2.8181818181818183,124.0,-0.09090909090909127,-4.0
qwen25_15b,724,msc_valid,16,recency,0.5,44,2.715909090909091,119.5,2.8181818181818183,124.0,-0.10227272727272751,-4.5
qwen25_15b,724,msc_valid,16,lexical_tfidf,0.5,44,2.8068181818181817,123.5,2.8181818181818183,124.0,-0.011363636363636687,-0.5
qwen25_15b,724,msc_valid,16,recency_keep_compress_drop,0.5,44,2.6818181818181817,118.0,2.8181818181818183,124.0,-0.1363636363636367,-6.0
qwen25_15b,724,msc_valid,18,uniform,0.2,45,2.5555555555555554,115.0,2.3444444444444446,105.5,0.2111111111111108,9.5
qwen25_15b,724,msc_valid,18,longllmlingua,0.2,45,2.511111111111111,113.0,2.3444444444444446,105.5,0.16666666666666652,7.5
qwen25_15b,724,msc_valid,18,recency,0.2,45,2.422222222222222,109.0,2.3444444444444446,105.5,0.0777777777777775,3.5
qwen25_15b,724,msc_valid,18,lexical_tfidf,0.2,45,2.4555555555555557,110.5,2.3444444444444446,105.5,0.11111111111111116,5.0
qwen25_15b,724,msc_valid,18,recency_keep_compress_drop,0.2,45,2.422222222222222,109.0,2.3444444444444446,105.5,0.0777777777777775,3.5
qwen25_15b,724,msc_valid,18,uniform,0.35,45,2.5444444444444443,114.5,2.3444444444444446,105.5,0.19999999999999973,9.0
qwen25_15b,724,msc_valid,18,longllmlingua,0.35,45,2.5,112.5,2.3444444444444446,105.5,0.15555555555555545,7.0
qwen25_15b,724,msc_valid,18,recency,0.35,45,2.3777777777777778,107.0,2.3444444444444446,105.5,0.033333333333333215,1.5
qwen25_15b,724,msc_valid,18,lexical_tfidf,0.35,45,2.4,108.0,2.3444444444444446,105.5,0.05555555555555536,2.5
qwen25_15b,724,msc_valid,18,recency_keep_compress_drop,0.35,45,2.3666666666666667,106.5,2.3444444444444446,105.5,0.022222222222222143,1.0
qwen25_15b,724,msc_valid,18,uniform,0.5,45,2.488888888888889,112.0,2.3444444444444446,105.5,0.14444444444444438,6.5
qwen25_15b,724,msc_valid,18,longllmlingua,0.5,45,2.466666666666667,111.0,2.3444444444444446,105.5,0.12222222222222223,5.5
qwen25_15b,724,msc_valid,18,recency,0.5,45,2.4,108.0,2.3444444444444446,105.5,0.05555555555555536,2.5
qwen25_15b,724,msc_valid,18,lexical_tfidf,0.5,45,2.4,108.0,2.3444444444444446,105.5,0.05555555555555536,2.5
qwen25_15b,724,msc_valid,18,recency_keep_compress_drop,0.5,45,2.3666666666666667,106.5,2.3444444444444446,105.5,0.022222222222222143,1.0
qwen25_15b,724,msc_valid,22,uniform,0.2,49,2.7346938775510203,134.0,2.7142857142857144,133.0,0.020408163265305923,1.0
qwen25_15b,724,msc_valid,22,longllmlingua,0.2,49,2.857142857142857,140.0,2.7142857142857144,133.0,0.1428571428571428,7.0
qwen25_15b,724,msc_valid,22,recency,0.2,49,2.795918367346939,137.0,2.7142857142857144,133.0,0.08163265306122458,4.0
qwen25_15b,724,msc_valid,22,lexical_tfidf,0.2,49,2.7755102040816326,136.0,2.7142857142857144,133.0,0.06122448979591821,3.0
qwen25_15b,724,msc_valid,22,recency_keep_compress_drop,0.2,49,2.877551020408163,141.0,2.7142857142857144,133.0,0.16326530612244872,8.0
qwen25_15b,724,msc_valid,22,uniform,0.35,49,2.7346938775510203,134.0,2.7142857142857144,133.0,0.020408163265305923,1.0
qwen25_15b,724,msc_valid,22,longllmlingua,0.35,49,2.816326530612245,138.0,2.7142857142857144,133.0,0.1020408163265305,5.0
qwen25_15b,724,msc_valid,22,recency,0.35,49,2.857142857142857,140.0,2.7142857142857144,133.0,0.1428571428571428,7.0
qwen25_15b,724,msc_valid,22,lexical_tfidf,0.35,49,2.836734693877551,139.0,2.7142857142857144,133.0,0.12244897959183643,6.0
qwen25_15b,724,msc_valid,22,recency_keep_compress_drop,0.35,49,2.857142857142857,140.0,2.7142857142857144,133.0,0.1428571428571428,7.0
qwen25_15b,724,msc_valid,22,uniform,0.5,49,2.816326530612245,138.0,2.7142857142857144,133.0,0.1020408163265305,5.0
qwen25_15b,724,msc_valid,22,longllmlingua,0.5,49,2.836734693877551,139.0,2.7142857142857144,133.0,0.12244897959183643,6.0
qwen25_15b,724,msc_valid,22,recency,0.5,49,2.7346938775510203,134.0,2.7142857142857144,133.0,0.020408163265305923,1.0
qwen25_15b,724,msc_valid,22,lexical_tfidf,0.5,49,2.693877551020408,132.0,2.7142857142857144,133.0,-0.020408163265306367,-1.0
qwen25_15b,724,msc_valid,22,recency_keep_compress_drop,0.5,49,2.7346938775510203,134.0,2.7142857142857144,133.0,0.020408163265305923,1.0
qwen25_15b,724,msc_valid,26,uniform,0.2,29,2.5344827586206895,73.5,2.5,72.5,0.0344827586206895,1.0
qwen25_15b,724,msc_valid,26,longllmlingua,0.2,29,2.5172413793103448,73.0,2.5,72.5,0.01724137931034475,0.5
qwen25_15b,724,msc_valid,26,recency,0.2,29,2.586206896551724,75.0,2.5,72.5,0.0862068965517242,2.5
qwen25_15b,724,msc_valid,26,lexical_tfidf,0.2,29,2.6379310344827585,76.5,2.5,72.5,0.13793103448275845,4.0
qwen25_15b,724,msc_valid,26,recency_keep_compress_drop,0.2,29,2.6206896551724137,76.0,2.5,72.5,0.1206896551724137,3.5
qwen25_15b,724,msc_valid,26,uniform,0.35,29,2.5172413793103448,73.0,2.5,72.5,0.01724137931034475,0.5
qwen25_15b,724,msc_valid,26,longllmlingua,0.35,29,2.4827586206896552,72.0,2.5,72.5,-0.01724137931034475,-0.5
qwen25_15b,724,msc_valid,26,recency,0.35,29,2.603448275862069,75.5,2.5,72.5,0.10344827586206895,3.0
qwen25_15b,724,msc_valid,26,lexical_tfidf,0.35,29,2.4827586206896552,72.0,2.5,72.5,-0.01724137931034475,-0.5
qwen25_15b,724,msc_valid,26,recency_keep_compress_drop,0.35,29,2.603448275862069,75.5,2.5,72.5,0.10344827586206895,3.0
qwen25_15b,724,msc_valid,26,uniform,0.5,29,2.5517241379310347,74.0,2.5,72.5,0.0517241379310347,1.5
qwen25_15b,724,msc_valid,26,longllmlingua,0.5,29,2.5172413793103448,73.0,2.5,72.5,0.01724137931034475,0.5
qwen25_15b,724,msc_valid,26,recency,0.5,29,2.5689655172413794,74.5,2.5,72.5,0.06896551724137945,2.0
qwen25_15b,724,msc_valid,26,lexical_tfidf,0.5,29,2.5172413793103448,73.0,2.5,72.5,0.01724137931034475,0.5
qwen25_15b,724,msc_valid,26,recency_keep_compress_drop,0.5,29,2.586206896551724,75.0,2.5,72.5,0.0862068965517242,2.5
qwen25_15b,724,msc_valid,30,uniform,0.2,37,2.364864864864865,87.5,2.0945945945945947,77.5,0.2702702702702702,10.0
qwen25_15b,724,msc_valid,30,longllmlingua,0.2,37,2.2162162162162162,82.0,2.0945945945945947,77.5,0.12162162162162149,4.5
qwen25_15b,724,msc_valid,30,recency,0.2,37,2.1621621621621623,80.0,2.0945945945945947,77.5,0.06756756756756754,2.5
qwen25_15b,724,msc_valid,30,lexical_tfidf,0.2,37,2.22972972972973,82.5,2.0945945945945947,77.5,0.1351351351351351,5.0
qwen25_15b,724,msc_valid,30,recency_keep_compress_drop,0.2,37,2.1486486486486487,79.5,2.0945945945945947,77.5,0.054054054054053946,2.0
qwen25_15b,724,msc_valid,30,uniform,0.35,37,2.2567567567567566,83.5,2.0945945945945947,77.5,0.16216216216216184,6.0
qwen25_15b,724,msc_valid,30,longllmlingua,0.35,37,2.189189189189189,81.0,2.0945945945945947,77.5,0.0945945945945943,3.5
qwen25_15b,724,msc_valid,30,recency,0.35,37,2.2027027027027026,81.5,2.0945945945945947,77.5,0.10810810810810789,4.0
qwen25_15b,724,msc_valid,30,lexical_tfidf,0.35,37,2.135135135135135,79.0,2.0945945945945947,77.5,0.04054054054054035,1.5
qwen25_15b,724,msc_valid,30,recency_keep_compress_drop,0.35,37,2.1621621621621623,80.0,2.0945945945945947,77.5,0.06756756756756754,2.5
qwen25_15b,724,msc_valid,30,uniform,0.5,37,2.189189189189189,81.0,2.0945945945945947,77.5,0.0945945945945943,3.5
qwen25_15b,724,msc_valid,30,longllmlingua,0.5,37,2.2027027027027026,81.5,2.0945945945945947,77.5,0.10810810810810789,4.0
qwen25_15b,724,msc_valid,30,recency,0.5,37,2.135135135135135,79.0,2.0945945945945947,77.5,0.04054054054054035,1.5
qwen25_15b,724,msc_valid,30,lexical_tfidf,0.5,37,2.1216216216216215,78.5,2.0945945945945947,77.5,0.02702702702702675,1.0
qwen25_15b,724,msc_valid,30,recency_keep_compress_drop,0.5,37,2.135135135135135,79.0,2.0945945945945947,77.5,0.04054054054054035,1.5
qwen25_15b,724,msc_valid,34,uniform,0.2,52,2.3173076923076925,120.5,0.0,0.0,2.3173076923076925,120.5
qwen25_15b,724,msc_valid,34,longllmlingua,0.2,52,2.3076923076923075,120.0,0.0,0.0,2.3076923076923075,120.0
qwen25_15b,724,msc_valid,34,recency,0.2,52,2.298076923076923,119.5,0.0,0.0,2.298076923076923,119.5
qwen25_15b,724,msc_valid,34,lexical_tfidf,0.2,52,2.3076923076923075,120.0,0.0,0.0,2.3076923076923075,120.0
qwen25_15b,724,msc_valid,34,recency_keep_compress_drop,0.2,52,2.269230769230769,118.0,0.0,0.0,2.269230769230769,118.0
qwen25_15b,724,msc_valid,34,uniform,0.35,52,2.2788461538461537,118.5,0.0,0.0,2.2788461538461537,118.5
qwen25_15b,724,msc_valid,34,longllmlingua,0.35,52,2.3076923076923075,120.0,0.0,0.0,2.3076923076923075,120.0
qwen25_15b,724,msc_valid,34,recency,0.35,52,2.2596153846153846,117.5,0.0,0.0,2.2596153846153846,117.5
qwen25_15b,724,msc_valid,34,lexical_tfidf,0.35,52,2.2596153846153846,117.5,0.0,0.0,2.2596153846153846,117.5
qwen25_15b,724,msc_valid,34,recency_keep_compress_drop,0.35,52,2.25,117.0,0.0,0.0,2.25,117.0
qwen25_15b,724,msc_valid,34,uniform,0.5,52,2.269230769230769,118.0,0.0,0.0,2.269230769230769,118.0
qwen25_15b,724,msc_valid,34,longllmlingua,0.5,52,2.3173076923076925,120.5,0.0,0.0,2.3173076923076925,120.5
qwen25_15b,724,msc_valid,34,recency,0.5,52,2.269230769230769,118.0,0.0,0.0,2.269230769230769,118.0
qwen25_15b,724,msc_valid,34,lexical_tfidf,0.5,52,2.269230769230769,118.0,0.0,0.0,2.269230769230769,118.0
qwen25_15b,724,msc_valid,34,recency_keep_compress_drop,0.5,52,2.269230769230769,118.0,0.0,0.0,2.269230769230769,118.0
qwen25_15b,724,msc_valid,38,uniform,0.2,54,3.2037037037037037,173.0,0.0,0.0,3.2037037037037037,173.0
qwen25_15b,724,msc_valid,38,longllmlingua,0.2,54,3.240740740740741,175.0,0.0,0.0,3.240740740740741,175.0
qwen25_15b,724,msc_valid,38,recency,0.2,54,3.1481481481481484,170.0,0.0,0.0,3.1481481481481484,170.0
qwen25_15b,724,msc_valid,38,lexical_tfidf,0.2,54,3.2037037037037037,173.0,0.0,0.0,3.2037037037037037,173.0
qwen25_15b,724,msc_valid,38,recency_keep_compress_drop,0.2,54,3.2037037037037037,173.0,0.0,0.0,3.2037037037037037,173.0
qwen25_15b,724,msc_valid,38,uniform,0.35,54,3.2037037037037037,173.0,0.0,0.0,3.2037037037037037,173.0
qwen25_15b,724,msc_valid,38,longllmlingua,0.35,54,3.2222222222222223,174.0,0.0,0.0,3.2222222222222223,174.0
qwen25_15b,724,msc_valid,38,recency,0.35,54,3.185185185185185,172.0,0.0,0.0,3.185185185185185,172.0
qwen25_15b,724,msc_valid,38,lexical_tfidf,0.35,54,3.1666666666666665,171.0,0.0,0.0,3.1666666666666665,171.0
qwen25_15b,724,msc_valid,38,recency_keep_compress_drop,0.35,54,3.2222222222222223,174.0,0.0,0.0,3.2222222222222223,174.0
qwen25_15b,724,msc_valid,38,uniform,0.5,54,3.2222222222222223,174.0,0.0,0.0,3.2222222222222223,174.0
qwen25_15b,724,msc_valid,38,longllmlingua,0.5,54,3.2037037037037037,173.0,0.0,0.0,3.2037037037037037,173.0
qwen25_15b,724,msc_valid,38,recency,0.5,54,3.2037037037037037,173.0,0.0,0.0,3.2037037037037037,173.0
qwen25_15b,724,msc_valid,38,lexical_tfidf,0.5,54,3.185185185185185,172.0,0.0,0.0,3.185185185185185,172.0
qwen25_15b,724,msc_valid,38,recency_keep_compress_drop,0.5,54,3.185185185185185,172.0,0.0,0.0,3.185185185185185,172.0
qwen25_15b,724,msc_valid,42,uniform,0.2,35,2.4714285714285715,86.5,0.0,0.0,2.4714285714285715,86.5
qwen25_15b,724,msc_valid,42,longllmlingua,0.2,35,2.5428571428571427,89.0,0.0,0.0,2.5428571428571427,89.0
qwen25_15b,724,msc_valid,42,recency,0.2,35,2.3142857142857145,81.0,0.0,0.0,2.3142857142857145,81.0
qwen25_15b,724,msc_valid,42,lexical_tfidf,0.2,35,2.4,84.0,0.0,0.0,2.4,84.0
qwen25_15b,724,msc_valid,42,recency_keep_compress_drop,0.2,35,2.3714285714285714,83.0,0.0,0.0,2.3714285714285714,83.0
qwen25_15b,724,msc_valid,42,uniform,0.35,35,2.3714285714285714,83.0,0.0,0.0,2.3714285714285714,83.0
qwen25_15b,724,msc_valid,42,longllmlingua,0.35,35,2.585714285714286,90.5,0.0,0.0,2.585714285714286,90.5
qwen25_15b,724,msc_valid,42,recency,0.35,35,2.357142857142857,82.5,0.0,0.0,2.357142857142857,82.5
qwen25_15b,724,msc_valid,42,lexical_tfidf,0.35,35,2.442857142857143,85.5,0.0,0.0,2.442857142857143,85.5
qwen25_15b,724,msc_valid,42,recency_keep_compress_drop,0.35,35,2.4,84.0,0.0,0.0,2.4,84.0
qwen25_15b,724,msc_valid,42,uniform,0.5,35,2.3857142857142857,83.5,0.0,0.0,2.3857142857142857,83.5
qwen25_15b,724,msc_valid,42,longllmlingua,0.5,35,2.5285714285714285,88.5,0.0,0.0,2.5285714285714285,88.5
qwen25_15b,724,msc_valid,42,recency,0.5,35,2.3714285714285714,83.0,0.0,0.0,2.3714285714285714,83.0
qwen25_15b,724,msc_valid,42,lexical_tfidf,0.5,35,2.4714285714285715,86.5,0.0,0.0,2.4714285714285715,86.5
qwen25_15b,724,msc_valid,42,recency_keep_compress_drop,0.5,35,2.357142857142857,82.5,0.0,0.0,2.357142857142857,82.5
qwen25_15b,724,msc_valid,46,uniform,0.2,46,2.7282608695652173,125.5,0.0,0.0,2.7282608695652173,125.5
qwen25_15b,724,msc_valid,46,longllmlingua,0.2,46,2.641304347826087,121.5,0.0,0.0,2.641304347826087,121.5
qwen25_15b,724,msc_valid,46,recency,0.2,46,2.652173913043478,122.0,0.0,0.0,2.652173913043478,122.0
qwen25_15b,724,msc_valid,46,lexical_tfidf,0.2,46,2.6630434782608696,122.5,0.0,0.0,2.6630434782608696,122.5
qwen25_15b,724,msc_valid,46,recency_keep_compress_drop,0.2,46,2.6630434782608696,122.5,0.0,0.0,2.6630434782608696,122.5
qwen25_15b,724,msc_valid,46,uniform,0.35,46,2.6847826086956523,123.5,0.0,0.0,2.6847826086956523,123.5
qwen25_15b,724,msc_valid,46,longllmlingua,0.35,46,2.7065217391304346,124.5,0.0,0.0,2.7065217391304346,124.5
qwen25_15b,724,msc_valid,46,recency,0.35,46,2.652173913043478,122.0,0.0,0.0,2.652173913043478,122.0
qwen25_15b,724,msc_valid,46,lexical_tfidf,0.35,46,2.652173913043478,122.0,0.0,0.0,2.652173913043478,122.0
qwen25_15b,724,msc_valid,46,recency_keep_compress_drop,0.35,46,2.6630434782608696,122.5,0.0,0.0,2.6630434782608696,122.5
qwen25_15b,724,msc_valid,46,uniform,0.5,45,2.688888888888889,121.0,0.0,0.0,2.688888888888889,121.0
qwen25_15b,724,msc_valid,46,longllmlingua,0.5,46,2.6956521739130435,124.0,0.0,0.0,2.6956521739130435,124.0
qwen25_15b,724,msc_valid,46,recency,0.5,8,2.75,22.0,0.0,0.0,2.75,22.0
qwen25_15b,724,msc_valid,46,lexical_tfidf,0.5,26,2.9615384615384617,77.0,0.0,0.0,2.9615384615384617,77.0
qwen25_15b,724,msc_valid,46,recency_keep_compress_drop,0.5,0,0.0,0.0,0.0,0.0,0.0,0.0
qwen25_15b,739,msc_valid,4,uniform,0.2,11,4.045454545454546,44.5,3.1136363636363638,34.25,0.9318181818181821,10.25
qwen25_15b,739,msc_valid,4,longllmlingua,0.2,11,2.8636363636363638,31.5,3.1136363636363638,34.25,-0.25,-2.75
qwen25_15b,739,msc_valid,4,recency,0.2,11,4.045454545454546,44.5,3.1136363636363638,34.25,0.9318181818181821,10.25
qwen25_15b,739,msc_valid,4,lexical_tfidf,0.2,11,4.045454545454546,44.5,3.1136363636363638,34.25,0.9318181818181821,10.25
qwen25_15b,739,msc_valid,4,recency_keep_compress_drop,0.2,11,4.045454545454546,44.5,3.1136363636363638,34.25,0.9318181818181821,10.25
qwen25_15b,739,msc_valid,4,uniform,0.35,11,3.522727272727273,38.75,3.1136363636363638,34.25,0.40909090909090917,4.5
qwen25_15b,739,msc_valid,4,longllmlingua,0.35,11,2.897727272727273,31.875,3.1136363636363638,34.25,-0.21590909090909083,-2.375
qwen25_15b,739,msc_valid,4,recency,0.35,11,3.522727272727273,38.75,3.1136363636363638,34.25,0.40909090909090917,4.5
qwen25_15b,739,msc_valid,4,lexical_tfidf,0.35,11,3.522727272727273,38.75,3.1136363636363638,34.25,0.40909090909090917,4.5
qwen25_15b,739,msc_valid,4,recency_keep_compress_drop,0.35,11,3.522727272727273,38.75,3.1136363636363638,34.25,0.40909090909090917,4.5
qwen25_15b,739,msc_valid,4,uniform,0.5,11,3.522727272727273,38.75,3.1136363636363638,34.25,0.40909090909090917,4.5
qwen25_15b,739,msc_valid,4,longllmlingua,0.5,11,2.977272727272727,32.75,3.1136363636363638,34.25,-0.1363636363636367,-1.5
qwen25_15b,739,msc_valid,4,recency,0.5,11,3.522727272727273,38.75,3.1136363636363638,34.25,0.40909090909090917,4.5
qwen25_15b,739,msc_valid,4,lexical_tfidf,0.5,11,3.522727272727273,38.75,3.1136363636363638,34.25,0.40909090909090917,4.5
qwen25_15b,739,msc_valid,4,recency_keep_compress_drop,0.5,11,3.522727272727273,38.75,3.1136363636363638,34.25,0.40909090909090917,4.5
qwen25_15b,739,msc_valid,6,uniform,0.2,14,5.071428571428571,71.0,4.821428571428571,67.5,0.25,3.5
qwen25_15b,739,msc_valid,6,longllmlingua,0.2,14,4.75,66.5,4.821428571428571,67.5,-0.07142857142857117,-1.0
qwen25_15b,739,msc_valid,6,recency,0.2,14,5.071428571428571,71.0,4.821428571428571,67.5,0.25,3.5
qwen25_15b,739,msc_valid,6,lexical_tfidf,0.2,14,5.035714285714286,70.5,4.821428571428571,67.5,0.2142857142857144,3.0
qwen25_15b,739,msc_valid,6,recency_keep_compress_drop,0.2,14,5.071428571428571,71.0,4.821428571428571,67.5,0.25,3.5
qwen25_15b,739,msc_valid,6,uniform,0.35,14,5.071428571428571,71.0,4.821428571428571,67.5,0.25,3.5
qwen25_15b,739,msc_valid,6,longllmlingua,0.35,14,4.714285714285714,66.0,4.821428571428571,67.5,-0.10714285714285676,-1.5
qwen25_15b,739,msc_valid,6,recency,0.35,14,4.785714285714286,67.0,4.821428571428571,67.5,-0.03571428571428559,-0.5
qwen25_15b,739,msc_valid,6,lexical_tfidf,0.35,14,4.785714285714286,67.0,4.821428571428571,67.5,-0.03571428571428559,-0.5
qwen25_15b,739,msc_valid,6,recency_keep_compress_drop,0.35,14,4.785714285714286,67.0,4.821428571428571,67.5,-0.03571428571428559,-0.5
qwen25_15b,739,msc_valid,6,uniform,0.5,14,5.107142857142857,71.5,4.821428571428571,67.5,0.2857142857142856,4.0
qwen25_15b,739,msc_valid,6,longllmlingua,0.5,14,4.714285714285714,66.0,4.821428571428571,67.5,-0.10714285714285676,-1.5
qwen25_15b,739,msc_valid,6,recency,0.5,14,4.785714285714286,67.0,4.821428571428571,67.5,-0.03571428571428559,-0.5
qwen25_15b,739,msc_valid,6,lexical_tfidf,0.5,14,4.785714285714286,67.0,4.821428571428571,67.5,-0.03571428571428559,-0.5
qwen25_15b,739,msc_valid,6,recency_keep_compress_drop,0.5,14,4.892857142857143,68.5,4.821428571428571,67.5,0.07142857142857206,1.0
qwen25_15b,739,msc_valid,8,uniform,0.2,10,4.45,44.5,2.975,29.75,1.475,14.75
qwen25_15b,739,msc_valid,8,longllmlingua,0.2,10,4.175,41.75,2.975,29.75,1.1999999999999997,12.0
qwen25_15b,739,msc_valid,8,recency,0.2,10,4.25,42.5,2.975,29.75,1.275,12.75
qwen25_15b,739,msc_valid,8,lexical_tfidf,0.2,10,4.45,44.5,2.975,29.75,1.475,14.75
qwen25_15b,739,msc_valid,8,recency_keep_compress_drop,0.2,10,4.25,42.5,2.975,29.75,1.275,12.75
qwen25_15b,739,msc_valid,8,uniform,0.35,10,4.1,41.0,2.975,29.75,1.1249999999999996,11.25
qwen25_15b,739,msc_valid,8,longllmlingua,0.35,10,3.975,39.75,2.975,29.75,1.0,10.0
qwen25_15b,739,msc_valid,8,recency,0.35,10,3.375,33.75,2.975,29.75,0.3999999999999999,4.0
qwen25_15b,739,msc_valid,8,lexical_tfidf,0.35,10,4.1,41.0,2.975,29.75,1.1249999999999996,11.25
qwen25_15b,739,msc_valid,8,recency_keep_compress_drop,0.35,10,3.75,37.5,2.975,29.75,0.7749999999999999,7.75
qwen25_15b,739,msc_valid,8,uniform,0.5,10,3.925,39.25,2.975,29.75,0.9499999999999997,9.5
qwen25_15b,739,msc_valid,8,longllmlingua,0.5,10,3.975,39.75,2.975,29.75,1.0,10.0
qwen25_15b,739,msc_valid,8,recency,0.5,10,3.425,34.25,2.975,29.75,0.44999999999999973,4.5
qwen25_15b,739,msc_valid,8,lexical_tfidf,0.5,10,3.925,39.25,2.975,29.75,0.9499999999999997,9.5
qwen25_15b,739,msc_valid,8,recency_keep_compress_drop,0.5,10,3.9,39.0,2.975,29.75,0.9249999999999998,9.25
qwen25_15b,739,msc_valid,10,uniform,0.2,12,4.083333333333333,49.0,3.3125,39.75,0.770833333333333,9.25
qwen25_15b,739,msc_valid,10,longllmlingua,0.2,12,3.625,43.5,3.3125,39.75,0.3125,3.75
qwen25_15b,739,msc_valid,10,recency,0.2,12,3.6875,44.25,3.3125,39.75,0.375,4.5
qwen25_15b,739,msc_valid,10,lexical_tfidf,0.2,12,4.041666666666667,48.5,3.3125,39.75,0.729166666666667,8.75
qwen25_15b,739,msc_valid,10,recency_keep_compress_drop,0.2,12,4.375,52.5,3.3125,39.75,1.0625,12.75
qwen25_15b,739,msc_valid,10,uniform,0.35,12,3.9375,47.25,3.3125,39.75,0.625,7.5
qwen25_15b,739,msc_valid,10,longllmlingua,0.35,12,3.5625,42.75,3.3125,39.75,0.25,3.0
qwen25_15b,739,msc_valid,10,recency,0.35,12,3.4791666666666665,41.75,3.3125,39.75,0.16666666666666652,2.0
qwen25_15b,739,msc_valid,10,lexical_tfidf,0.35,12,3.8333333333333335,46.0,3.3125,39.75,0.5208333333333335,6.25
qwen25_15b,739,msc_valid,10,recency_keep_compress_drop,0.35,12,3.6875,44.25,3.3125,39.75,0.375,4.5
qwen25_15b,739,msc_valid,10,uniform,0.5,12,3.6458333333333335,43.75,3.3125,39.75,0.3333333333333335,4.0
qwen25_15b,739,msc_valid,10,longllmlingua,0.5,12,3.4583333333333335,41.5,3.3125,39.75,0.14583333333333348,1.75
qwen25_15b,739,msc_valid,10,recency,0.5,12,3.3958333333333335,40.75,3.3125,39.75,0.08333333333333348,1.0
qwen25_15b,739,msc_valid,10,lexical_tfidf,0.5,12,3.75,45.0,3.3125,39.75,0.4375,5.25
qwen25_15b,739,msc_valid,10,recency_keep_compress_drop,0.5,12,3.5833333333333335,43.0,3.3125,39.75,0.2708333333333335,3.25
qwen25_15b,739,msc_valid,12,uniform,0.2,9,3.9166666666666665,35.25,2.9444444444444446,26.5,0.9722222222222219,8.75
qwen25_15b,739,msc_valid,12,longllmlingua,0.2,9,3.486111111111111,31.375,2.9444444444444446,26.5,0.5416666666666665,4.875
qwen25_15b,739,msc_valid,12,recency,0.2,9,3.4166666666666665,30.75,2.9444444444444446,26.5,0.4722222222222219,4.25
qwen25_15b,739,msc_valid,12,lexical_tfidf,0.2,9,3.9166666666666665,35.25,2.9444444444444446,26.5,0.9722222222222219,8.75
qwen25_15b,739,msc_valid,12,recency_keep_compress_drop,0.2,9,3.486111111111111,31.375,2.9444444444444446,26.5,0.5416666666666665,4.875
qwen25_15b,739,msc_valid,12,uniform,0.35,9,3.7222222222222223,33.5,2.9444444444444446,26.5,0.7777777777777777,7.0
qwen25_15b,739,msc_valid,12,longllmlingua,0.35,9,3.3194444444444446,29.875,2.9444444444444446,26.5,0.375,3.375
qwen25_15b,739,msc_valid,12,recency,0.35,9,3.388888888888889,30.5,2.9444444444444446,26.5,0.4444444444444442,4.0
qwen25_15b,739,msc_valid,12,lexical_tfidf,0.35,9,3.7222222222222223,33.5,2.9444444444444446,26.5,0.7777777777777777,7.0
qwen25_15b,739,msc_valid,12,recency_keep_compress_drop,0.35,9,3.3055555555555554,29.75,2.9444444444444446,26.5,0.3611111111111107,3.25
qwen25_15b,739,msc_valid,12,uniform,0.5,9,3.6666666666666665,33.0,2.9444444444444446,26.5,0.7222222222222219,6.5
qwen25_15b,739,msc_valid,12,longllmlingua,0.5,9,3.375,30.375,2.9444444444444446,26.5,0.43055555555555536,3.875
qwen25_15b,739,msc_valid,12,recency,0.5,9,3.1944444444444446,28.75,2.9444444444444446,26.5,0.25,2.25
qwen25_15b,739,msc_valid,12,lexical_tfidf,0.5,9,3.6666666666666665,33.0,2.9444444444444446,26.5,0.7222222222222219,6.5
qwen25_15b,739,msc_valid,12,recency_keep_compress_drop,0.5,9,3.1527777777777777,28.375,2.9444444444444446,26.5,0.20833333333333304,1.875
qwen25_15b,739,msc_valid,14,uniform,0.2,8,3.890625,31.125,3.171875,25.375,0.71875,5.75
qwen25_15b,739,msc_valid,14,longllmlingua,0.2,8,4.125,33.0,3.171875,25.375,0.953125,7.625
qwen25_15b,739,msc_valid,14,recency,0.2,8,3.78125,30.25,3.171875,25.375,0.609375,4.875
qwen25_15b,739,msc_valid,14,lexical_tfidf,0.2,8,3.78125,30.25,3.171875,25.375,0.609375,4.875
qwen25_15b,739,msc_valid,14,recency_keep_compress_drop,0.2,8,4.03125,32.25,3.171875,25.375,0.859375,6.875
qwen25_15b,739,msc_valid,14,uniform,0.35,8,4.40625,35.25,3.171875,25.375,1.234375,9.875
qwen25_15b,739,msc_valid,14,longllmlingua,0.35,8,3.625,29.0,3.171875,25.375,0.453125,3.625
qwen25_15b,739,msc_valid,14,recency,0.35,8,3.15625,25.25,3.171875,25.375,-0.015625,-0.125
qwen25_15b,739,msc_valid,14,lexical_tfidf,0.35,8,3.1875,25.5,3.171875,25.375,0.015625,0.125
qwen25_15b,739,msc_valid,14,recency_keep_compress_drop,0.35,8,3.328125,26.625,3.171875,25.375,0.15625,1.25
qwen25_15b,739,msc_valid,14,uniform,0.5,8,3.859375,30.875,3.171875,25.375,0.6875,5.5
qwen25_15b,739,msc_valid,14,longllmlingua,0.5,8,3.890625,31.125,3.171875,25.375,0.71875,5.75
qwen25_15b,739,msc_valid,14,recency,0.5,8,3.234375,25.875,3.171875,25.375,0.0625,0.5
qwen25_15b,739,msc_valid,14,lexical_tfidf,0.5,8,2.75,22.0,3.171875,25.375,-0.421875,-3.375
qwen25_15b,739,msc_valid,14,recency_keep_compress_drop,0.5,8,3.109375,24.875,3.171875,25.375,-0.0625,-0.5
qwen25_15b,770,msc_valid,4,uniform,0.2,16,4.875,78.0,4.625,74.0,0.25,4.0
qwen25_15b,770,msc_valid,4,longllmlingua,0.2,16,4.03125,64.5,4.625,74.0,-0.59375,-9.5
qwen25_15b,770,msc_valid,4,recency,0.2,16,4.875,78.0,4.625,74.0,0.25,4.0
qwen25_15b,770,msc_valid,4,lexical_tfidf,0.2,16,4.875,78.0,4.625,74.0,0.25,4.0
qwen25_15b,770,msc_valid,4,recency_keep_compress_drop,0.2,16,4.875,78.0,4.625,74.0,0.25,4.0
qwen25_15b,770,msc_valid,4,uniform,0.35,16,4.78125,76.5,4.625,74.0,0.15625,2.5
qwen25_15b,770,msc_valid,4,longllmlingua,0.35,16,4.3125,69.0,4.625,74.0,-0.3125,-5.0
qwen25_15b,770,msc_valid,4,recency,0.35,16,4.78125,76.5,4.625,74.0,0.15625,2.5
qwen25_15b,770,msc_valid,4,lexical_tfidf,0.35,16,4.78125,76.5,4.625,74.0,0.15625,2.5
qwen25_15b,770,msc_valid,4,recency_keep_compress_drop,0.35,16,4.78125,76.5,4.625,74.0,0.15625,2.5
qwen25_15b,770,msc_valid,4,uniform,0.5,16,4.78125,76.5,4.625,74.0,0.15625,2.5
qwen25_15b,770,msc_valid,4,longllmlingua,0.5,16,4.40625,70.5,4.625,74.0,-0.21875,-3.5
qwen25_15b,770,msc_valid,4,recency,0.5,16,4.78125,76.5,4.625,74.0,0.15625,2.5
qwen25_15b,770,msc_valid,4,lexical_tfidf,0.5,16,4.78125,76.5,4.625,74.0,0.15625,2.5
qwen25_15b,770,msc_valid,4,recency_keep_compress_drop,0.5,16,4.78125,76.5,4.625,74.0,0.15625,2.5
qwen25_15b,770,msc_valid,8,uniform,0.2,20,3.8,76.0,3.45,69.0,0.34999999999999964,7.0
qwen25_15b,770,msc_valid,8,longllmlingua,0.2,20,3.425,68.5,3.45,69.0,-0.025000000000000355,-0.5
qwen25_15b,770,msc_valid,8,recency,0.2,20,3.925,78.5,3.45,69.0,0.47499999999999964,9.5
qwen25_15b,770,msc_valid,8,lexical_tfidf,0.2,20,3.9,78.0,3.45,69.0,0.44999999999999973,9.0
qwen25_15b,770,msc_valid,8,recency_keep_compress_drop,0.2,20,3.65,73.0,3.45,69.0,0.19999999999999973,4.0
qwen25_15b,770,msc_valid,8,uniform,0.35,20,3.875,77.5,3.45,69.0,0.4249999999999998,8.5
qwen25_15b,770,msc_valid,8,longllmlingua,0.35,20,3.475,69.5,3.45,69.0,0.02499999999999991,0.5
qwen25_15b,770,msc_valid,8,recency,0.35,20,3.65,73.0,3.45,69.0,0.19999999999999973,4.0
qwen25_15b,770,msc_valid,8,lexical_tfidf,0.35,20,3.575,71.5,3.45,69.0,0.125,2.5
qwen25_15b,770,msc_valid,8,recency_keep_compress_drop,0.35,20,3.675,73.5,3.45,69.0,0.22499999999999964,4.5
qwen25_15b,770,msc_valid,8,uniform,0.5,20,3.775,75.5,3.45,69.0,0.32499999999999973,6.5
qwen25_15b,770,msc_valid,8,longllmlingua,0.5,20,3.325,66.5,3.45,69.0,-0.125,-2.5
qwen25_15b,770,msc_valid,8,recency,0.5,20,3.575,71.5,3.45,69.0,0.125,2.5
qwen25_15b,770,msc_valid,8,lexical_tfidf,0.5,20,3.425,68.5,3.45,69.0,-0.025000000000000355,-0.5
qwen25_15b,770,msc_valid,8,recency_keep_compress_drop,0.5,20,3.55,71.0,3.45,69.0,0.09999999999999964,2.0
qwen25_15b,770,msc_valid,12,uniform,0.2,22,2.852272727272727,62.75,2.2045454545454546,48.5,0.6477272727272725,14.25
qwen25_15b,770,msc_valid,12,longllmlingua,0.2,22,2.5113636363636362,55.25,2.2045454545454546,48.5,0.30681818181818166,6.75
qwen25_15b,770,msc_valid,12,recency,0.2,22,2.715909090909091,59.75,2.2045454545454546,48.5,0.5113636363636362,11.25
qwen25_15b,770,msc_valid,12,lexical_tfidf,0.2,22,2.7386363636363638,60.25,2.2045454545454546,48.5,0.5340909090909092,11.75
qwen25_15b,770,msc_valid,12,recency_keep_compress_drop,0.2,22,2.727272727272727,60.0,2.2045454545454546,48.5,0.5227272727272725,11.5
qwen25_15b,770,msc_valid,12,uniform,0.35,22,2.5795454545454546,56.75,2.2045454545454546,48.5,0.375,8.25
qwen25_15b,770,msc_valid,12,longllmlingua,0.35,22,2.477272727272727,54.5,2.2045454545454546,48.5,0.2727272727272725,6.0
qwen25_15b,770,msc_valid,12,recency,0.35,22,2.4318181818181817,53.5,2.2045454545454546,48.5,0.22727272727272707,5.0
qwen25_15b,770,msc_valid,12,lexical_tfidf,0.35,22,2.590909090909091,57.0,2.2045454545454546,48.5,0.38636363636363624,8.5
qwen25_15b,770,msc_valid,12,recency_keep_compress_drop,0.35,22,2.340909090909091,51.5,2.2045454545454546,48.5,0.13636363636363624,3.0
qwen25_15b,770,msc_valid,12,uniform,0.5,22,2.4545454545454546,54.0,2.2045454545454546,48.5,0.25,5.5
qwen25_15b,770,msc_valid,12,longllmlingua,0.5,22,2.5795454545454546,56.75,2.2045454545454546,48.5,0.375,8.25
qwen25_15b,770,msc_valid,12,recency,0.5,22,2.3181818181818183,51.0,2.2045454545454546,48.5,0.11363636363636376,2.5
qwen25_15b,770,msc_valid,12,lexical_tfidf,0.5,22,2.5,55.0,2.2045454545454546,48.5,0.2954545454545454,6.5
qwen25_15b,770,msc_valid,12,recency_keep_compress_drop,0.5,22,2.3295454545454546,51.25,2.2045454545454546,48.5,0.125,2.75
qwen25_15b,770,msc_valid,16,uniform,0.2,24,2.1770833333333335,52.25,2.0,48.0,0.17708333333333348,4.25
qwen25_15b,770,msc_valid,16,longllmlingua,0.2,24,2.28125,54.75,2.0,48.0,0.28125,6.75
qwen25_15b,770,msc_valid,16,recency,0.2,24,2.2291666666666665,53.5,2.0,48.0,0.22916666666666652,5.5
qwen25_15b,770,msc_valid,16,lexical_tfidf,0.2,24,2.1875,52.5,2.0,48.0,0.1875,4.5
qwen25_15b,770,msc_valid,16,recency_keep_compress_drop,0.2,24,2.1354166666666665,51.25,2.0,48.0,0.13541666666666652,3.25
qwen25_15b,770,msc_valid,16,uniform,0.35,24,2.2083333333333335,53.0,2.0,48.0,0.20833333333333348,5.0
qwen25_15b,770,msc_valid,16,longllmlingua,0.35,24,2.21875,53.25,2.0,48.0,0.21875,5.25
qwen25_15b,770,msc_valid,16,recency,0.35,24,2.1875,52.5,2.0,48.0,0.1875,4.5
qwen25_15b,770,msc_valid,16,lexical_tfidf,0.35,24,2.1041666666666665,50.5,2.0,48.0,0.10416666666666652,2.5
qwen25_15b,770,msc_valid,16,recency_keep_compress_drop,0.35,24,2.1458333333333335,51.5,2.0,48.0,0.14583333333333348,3.5
qwen25_15b,770,msc_valid,16,uniform,0.5,24,2.1770833333333335,52.25,2.0,48.0,0.17708333333333348,4.25
qwen25_15b,770,msc_valid,16,longllmlingua,0.5,24,2.1875,52.5,2.0,48.0,0.1875,4.5
qwen25_15b,770,msc_valid,16,recency,0.5,24,2.1770833333333335,52.25,2.0,48.0,0.17708333333333348,4.25
qwen25_15b,770,msc_valid,16,lexical_tfidf,0.5,24,2.0729166666666665,49.75,2.0,48.0,0.07291666666666652,1.75
qwen25_15b,770,msc_valid,16,recency_keep_compress_drop,0.5,24,2.0833333333333335,50.0,2.0,48.0,0.08333333333333348,2.0
qwen25_15b,770,msc_valid,20,uniform,0.2,22,1.6022727272727273,35.25,1.5909090909090908,35.0,0.011363636363636465,0.25
qwen25_15b,770,msc_valid,20,longllmlingua,0.2,22,1.9545454545454546,43.0,1.5909090909090908,35.0,0.36363636363636376,8.0
qwen25_15b,770,msc_valid,20,recency,0.2,22,1.7840909090909092,39.25,1.5909090909090908,35.0,0.19318181818181834,4.25
qwen25_15b,770,msc_valid,20,lexical_tfidf,0.2,22,1.7045454545454546,37.5,1.5909090909090908,35.0,0.11363636363636376,2.5
qwen25_15b,770,msc_valid,20,recency_keep_compress_drop,0.2,22,1.7840909090909092,39.25,1.5909090909090908,35.0,0.19318181818181834,4.25
qwen25_15b,770,msc_valid,20,uniform,0.35,22,1.5340909090909092,33.75,1.5909090909090908,35.0,-0.05681818181818166,-1.25
qwen25_15b,770,msc_valid,20,longllmlingua,0.35,22,1.7159090909090908,37.75,1.5909090909090908,35.0,0.125,2.75
qwen25_15b,770,msc_valid,20,recency,0.35,22,1.7386363636363635,38.25,1.5909090909090908,35.0,0.1477272727272727,3.25
qwen25_15b,770,msc_valid,20,lexical_tfidf,0.35,22,1.7045454545454546,37.5,1.5909090909090908,35.0,0.11363636363636376,2.5
qwen25_15b,770,msc_valid,20,recency_keep_compress_drop,0.35,22,1.7045454545454546,37.5,1.5909090909090908,35.0,0.11363636363636376,2.5
qwen25_15b,770,msc_valid,20,uniform,0.5,22,1.4886363636363635,32.75,1.5909090909090908,35.0,-0.10227272727272729,-2.25
qwen25_15b,770,msc_valid,20,longllmlingua,0.5,22,1.6363636363636365,36.0,1.5909090909090908,35.0,0.045454545454545636,1.0
qwen25_15b,770,msc_valid,20,recency,0.5,22,1.75,38.5,1.5909090909090908,35.0,0.15909090909090917,3.5
qwen25_15b,770,msc_valid,20,lexical_tfidf,0.5,22,1.7272727272727273,38.0,1.5909090909090908,35.0,0.13636363636363646,3.0
qwen25_15b,770,msc_valid,20,recency_keep_compress_drop,0.5,22,1.6136363636363635,35.5,1.5909090909090908,35.0,0.022727272727272707,0.5
qwen25_15b,770,msc_valid,24,uniform,0.2,20,1.9625,39.25,1.8875,37.75,0.07499999999999996,1.5
qwen25_15b,770,msc_valid,24,longllmlingua,0.2,20,2.1625,43.25,1.8875,37.75,0.27500000000000013,5.5
qwen25_15b,770,msc_valid,24,recency,0.2,20,1.9625,39.25,1.8875,37.75,0.07499999999999996,1.5
qwen25_15b,770,msc_valid,24,lexical_tfidf,0.2,20,1.925,38.5,1.8875,37.75,0.03750000000000009,0.75
qwen25_15b,770,msc_valid,24,recency_keep_compress_drop,0.2,20,1.9,38.0,1.8875,37.75,0.012499999999999956,0.25
qwen25_15b,770,msc_valid,24,uniform,0.35,20,1.95,39.0,1.8875,37.75,0.0625,1.25
qwen25_15b,770,msc_valid,24,longllmlingua,0.35,20,1.9625,39.25,1.8875,37.75,0.07499999999999996,1.5
qwen25_15b,770,msc_valid,24,recency,0.35,20,1.8,36.0,1.8875,37.75,-0.08749999999999991,-1.75
qwen25_15b,770,msc_valid,24,lexical_tfidf,0.35,20,1.9,38.0,1.8875,37.75,0.012499999999999956,0.25
qwen25_15b,770,msc_valid,24,recency_keep_compress_drop,0.35,20,1.875,37.5,1.8875,37.75,-0.012499999999999956,-0.25
qwen25_15b,770,msc_valid,24,uniform,0.5,20,1.9375,38.75,1.8875,37.75,0.050000000000000044,1.0
qwen25_15b,770,msc_valid,24,longllmlingua,0.5,20,1.925,38.5,1.8875,37.75,0.03750000000000009,0.75
qwen25_15b,770,msc_valid,24,recency,0.5,20,1.8375,36.75,1.8875,37.75,-0.050000000000000044,-1.0
qwen25_15b,770,msc_valid,24,lexical_tfidf,0.5,20,1.9,38.0,1.8875,37.75,0.012499999999999956,0.25
qwen25_15b,770,msc_valid,24,recency_keep_compress_drop,0.5,20,1.9375,38.75,1.8875,37.75,0.050000000000000044,1.0
qwen25_15b,770,msc_valid,28,uniform,0.2,22,3.272727272727273,72.0,2.840909090909091,62.5,0.4318181818181821,9.5
qwen25_15b,770,msc_valid,28,longllmlingua,0.2,22,3.1136363636363638,68.5,2.840909090909091,62.5,0.27272727272727293,6.0
qwen25_15b,770,msc_valid,28,recency,0.2,22,3.3863636363636362,74.5,2.840909090909091,62.5,0.5454545454545454,12.0
qwen25_15b,770,msc_valid,28,lexical_tfidf,0.2,22,3.25,71.5,2.840909090909091,62.5,0.40909090909090917,9.0
qwen25_15b,770,msc_valid,28,recency_keep_compress_drop,0.2,22,3.227272727272727,71.0,2.840909090909091,62.5,0.38636363636363624,8.5
qwen25_15b,770,msc_valid,28,uniform,0.35,22,3.0681818181818183,67.5,2.840909090909091,62.5,0.22727272727272751,5.0
qwen25_15b,770,msc_valid,28,longllmlingua,0.35,22,3.0681818181818183,67.5,2.840909090909091,62.5,0.22727272727272751,5.0
qwen25_15b,770,msc_valid,28,recency,0.35,22,3.159090909090909,69.5,2.840909090909091,62.5,0.31818181818181834,7.0
qwen25_15b,770,msc_valid,28,lexical_tfidf,0.35,22,2.9545454545454546,65.0,2.840909090909091,62.5,0.11363636363636376,2.5
qwen25_15b,770,msc_valid,28,recency_keep_compress_drop,0.35,22,3.022727272727273,66.5,2.840909090909091,62.5,0.1818181818181821,4.0
qwen25_15b,770,msc_valid,28,uniform,0.5,22,3.022727272727273,66.5,2.840909090909091,62.5,0.1818181818181821,4.0
qwen25_15b,770,msc_valid,28,longllmlingua,0.5,22,2.977272727272727,65.5,2.840909090909091,62.5,0.13636363636363624,3.0
qwen25_15b,770,msc_valid,28,recency,0.5,22,2.909090909090909,64.0,2.840909090909091,62.5,0.06818181818181834,1.5
qwen25_15b,770,msc_valid,28,lexical_tfidf,0.5,22,2.977272727272727,65.5,2.840909090909091,62.5,0.13636363636363624,3.0
qwen25_15b,770,msc_valid,28,recency_keep_compress_drop,0.5,22,3.022727272727273,66.5,2.840909090909091,62.5,0.1818181818181821,4.0
qwen25_15b,770,msc_valid,32,uniform,0.2,8,2.84375,22.75,2.625,21.0,0.21875,1.75
qwen25_15b,770,msc_valid,32,longllmlingua,0.2,8,2.6875,21.5,2.625,21.0,0.0625,0.5
qwen25_15b,770,msc_valid,32,recency,0.2,8,2.953125,23.625,2.625,21.0,0.328125,2.625
qwen25_15b,770,msc_valid,32,lexical_tfidf,0.2,8,2.9375,23.5,2.625,21.0,0.3125,2.5
qwen25_15b,770,msc_valid,32,recency_keep_compress_drop,0.2,8,2.78125,22.25,2.625,21.0,0.15625,1.25
qwen25_15b,770,msc_valid,32,uniform,0.35,8,2.828125,22.625,2.625,21.0,0.203125,1.625
qwen25_15b,770,msc_valid,32,longllmlingua,0.35,8,2.71875,21.75,2.625,21.0,0.09375,0.75
qwen25_15b,770,msc_valid,32,recency,0.35,8,2.734375,21.875,2.625,21.0,0.109375,0.875
qwen25_15b,770,msc_valid,32,lexical_tfidf,0.35,8,2.46875,19.75,2.625,21.0,-0.15625,-1.25
qwen25_15b,770,msc_valid,32,recency_keep_compress_drop,0.35,8,2.796875,22.375,2.625,21.0,0.171875,1.375
qwen25_15b,770,msc_valid,32,uniform,0.5,8,2.640625,21.125,2.625,21.0,0.015625,0.125
qwen25_15b,770,msc_valid,32,longllmlingua,0.5,8,2.6875,21.5,2.625,21.0,0.0625,0.5
qwen25_15b,770,msc_valid,32,recency,0.5,8,2.734375,21.875,2.625,21.0,0.109375,0.875
qwen25_15b,770,msc_valid,32,lexical_tfidf,0.5,8,2.65625,21.25,2.625,21.0,0.03125,0.25
qwen25_15b,770,msc_valid,32,recency_keep_compress_drop,0.5,8,2.78125,22.25,2.625,21.0,0.15625,1.25
qwen25_15b,770,msc_valid,34,uniform,0.2,44,2.3295454545454546,102.5,2.147727272727273,94.5,0.18181818181818166,8.0
qwen25_15b,770,msc_valid,34,longllmlingua,0.2,44,2.159090909090909,95.0,2.147727272727273,94.5,0.011363636363636243,0.5
qwen25_15b,770,msc_valid,34,recency,0.2,44,2.3863636363636362,105.0,2.147727272727273,94.5,0.2386363636363633,10.5
qwen25_15b,770,msc_valid,34,lexical_tfidf,0.2,44,2.1818181818181817,96.0,2.147727272727273,94.5,0.03409090909090873,1.5
qwen25_15b,770,msc_valid,34,recency_keep_compress_drop,0.2,44,2.125,93.5,2.147727272727273,94.5,-0.02272727272727293,-1.0
qwen25_15b,770,msc_valid,34,uniform,0.35,44,2.2613636363636362,99.5,2.147727272727273,94.5,0.11363636363636331,5.0
qwen25_15b,770,msc_valid,34,longllmlingua,0.35,44,2.284090909090909,100.5,2.147727272727273,94.5,0.13636363636363624,6.0
qwen25_15b,770,msc_valid,34,recency,0.35,44,2.1704545454545454,95.5,2.147727272727273,94.5,0.022727272727272485,1.0
qwen25_15b,770,msc_valid,34,lexical_tfidf,0.35,44,2.102272727272727,92.5,2.147727272727273,94.5,-0.04545454545454586,-2.0
qwen25_15b,770,msc_valid,34,recency_keep_compress_drop,0.35,44,2.125,93.5,2.147727272727273,94.5,-0.02272727272727293,-1.0
qwen25_15b,770,msc_valid,34,uniform,0.5,44,2.227272727272727,98.0,2.147727272727273,94.5,0.07954545454545414,3.5
qwen25_15b,770,msc_valid,34,longllmlingua,0.5,44,2.272727272727273,100.0,2.147727272727273,94.5,0.125,5.5
qwen25_15b,770,msc_valid,34,recency,0.5,44,2.1704545454545454,95.5,2.147727272727273,94.5,0.022727272727272485,1.0
qwen25_15b,770,msc_valid,34,lexical_tfidf,0.5,44,2.102272727272727,92.5,2.147727272727273,94.5,-0.04545454545454586,-2.0
qwen25_15b,770,msc_valid,34,recency_keep_compress_drop,0.5,44,2.0795454545454546,91.5,2.147727272727273,94.5,-0.06818181818181834,-3.0
qwen25_15b,770,msc_valid,38,uniform,0.2,24,2.7291666666666665,65.5,2.5104166666666665,60.25,0.21875,5.25
qwen25_15b,770,msc_valid,38,longllmlingua,0.2,24,2.46875,59.25,2.5104166666666665,60.25,-0.04166666666666652,-1.0
qwen25_15b,770,msc_valid,38,recency,0.2,24,2.5416666666666665,61.0,2.5104166666666665,60.25,0.03125,0.75
qwen25_15b,770,msc_valid,38,lexical_tfidf,0.2,24,2.5833333333333335,62.0,2.5104166666666665,60.25,0.07291666666666696,1.75
qwen25_15b,770,msc_valid,38,recency_keep_compress_drop,0.2,24,2.4479166666666665,58.75,2.5104166666666665,60.25,-0.0625,-1.5
qwen25_15b,770,msc_valid,38,uniform,0.35,24,2.625,63.0,2.5104166666666665,60.25,0.11458333333333348,2.75
qwen25_15b,770,msc_valid,38,longllmlingua,0.35,24,2.5416666666666665,61.0,2.5104166666666665,60.25,0.03125,0.75
qwen25_15b,770,msc_valid,38,recency,0.35,24,2.5520833333333335,61.25,2.5104166666666665,60.25,0.04166666666666696,1.0
qwen25_15b,770,msc_valid,38,lexical_tfidf,0.35,24,2.5833333333333335,62.0,2.5104166666666665,60.25,0.07291666666666696,1.75
qwen25_15b,770,msc_valid,38,recency_keep_compress_drop,0.35,24,2.46875,59.25,2.5104166666666665,60.25,-0.04166666666666652,-1.0
qwen25_15b,770,msc_valid,38,uniform,0.5,24,2.625,63.0,2.5104166666666665,60.25,0.11458333333333348,2.75
qwen25_15b,770,msc_valid,38,longllmlingua,0.5,24,2.5520833333333335,61.25,2.5104166666666665,60.25,0.04166666666666696,1.0
qwen25_15b,770,msc_valid,38,recency,0.5,24,2.5833333333333335,62.0,2.5104166666666665,60.25,0.07291666666666696,1.75
qwen25_15b,770,msc_valid,38,lexical_tfidf,0.5,24,2.5729166666666665,61.75,2.5104166666666665,60.25,0.0625,1.5
qwen25_15b,770,msc_valid,38,recency_keep_compress_drop,0.5,24,2.4479166666666665,58.75,2.5104166666666665,60.25,-0.0625,-1.5
qwen25_15b,770,msc_valid,42,uniform,0.2,29,2.689655172413793,78.0,0.0,0.0,2.689655172413793,78.0
qwen25_15b,770,msc_valid,42,longllmlingua,0.2,29,2.7758620689655173,80.5,0.0,0.0,2.7758620689655173,80.5
qwen25_15b,770,msc_valid,42,recency,0.2,29,2.8620689655172415,83.0,0.0,0.0,2.8620689655172415,83.0
qwen25_15b,770,msc_valid,42,lexical_tfidf,0.2,29,2.6379310344827585,76.5,0.0,0.0,2.6379310344827585,76.5
qwen25_15b,770,msc_valid,42,recency_keep_compress_drop,0.2,29,2.7413793103448274,79.5,0.0,0.0,2.7413793103448274,79.5
qwen25_15b,770,msc_valid,42,uniform,0.35,29,2.6379310344827585,76.5,0.0,0.0,2.6379310344827585,76.5
qwen25_15b,770,msc_valid,42,longllmlingua,0.35,29,2.689655172413793,78.0,0.0,0.0,2.689655172413793,78.0
qwen25_15b,770,msc_valid,42,recency,0.35,29,2.7758620689655173,80.5,0.0,0.0,2.7758620689655173,80.5
qwen25_15b,770,msc_valid,42,lexical_tfidf,0.35,29,2.6551724137931036,77.0,0.0,0.0,2.6551724137931036,77.0
qwen25_15b,770,msc_valid,42,recency_keep_compress_drop,0.35,29,2.6379310344827585,76.5,0.0,0.0,2.6379310344827585,76.5
qwen25_15b,770,msc_valid,42,uniform,0.5,29,2.603448275862069,75.5,0.0,0.0,2.603448275862069,75.5
qwen25_15b,770,msc_valid,42,longllmlingua,0.5,29,2.6206896551724137,76.0,0.0,0.0,2.6206896551724137,76.0
qwen25_15b,770,msc_valid,42,recency,0.5,29,2.689655172413793,78.0,0.0,0.0,2.689655172413793,78.0
qwen25_15b,770,msc_valid,42,lexical_tfidf,0.5,29,2.6379310344827585,76.5,0.0,0.0,2.6379310344827585,76.5
qwen25_15b,770,msc_valid,42,recency_keep_compress_drop,0.5,29,2.5689655172413794,74.5,0.0,0.0,2.5689655172413794,74.5
qwen25_15b,770,msc_valid,46,uniform,0.2,29,2.5344827586206895,73.5,0.0,0.0,2.5344827586206895,73.5
qwen25_15b,770,msc_valid,46,longllmlingua,0.2,29,2.6551724137931036,77.0,0.0,0.0,2.6551724137931036,77.0
qwen25_15b,770,msc_valid,46,recency,0.2,29,2.4827586206896552,72.0,0.0,0.0,2.4827586206896552,72.0
qwen25_15b,770,msc_valid,46,lexical_tfidf,0.2,29,2.4827586206896552,72.0,0.0,0.0,2.4827586206896552,72.0
qwen25_15b,770,msc_valid,46,recency_keep_compress_drop,0.2,29,2.4655172413793105,71.5,0.0,0.0,2.4655172413793105,71.5
qwen25_15b,770,msc_valid,46,uniform,0.35,29,2.5,72.5,0.0,0.0,2.5,72.5
qwen25_15b,770,msc_valid,46,longllmlingua,0.35,29,2.6379310344827585,76.5,0.0,0.0,2.6379310344827585,76.5
qwen25_15b,770,msc_valid,46,recency,0.35,29,2.4655172413793105,71.5,0.0,0.0,2.4655172413793105,71.5
qwen25_15b,770,msc_valid,46,lexical_tfidf,0.35,29,2.4655172413793105,71.5,0.0,0.0,2.4655172413793105,71.5
qwen25_15b,770,msc_valid,46,recency_keep_compress_drop,0.35,29,2.4827586206896552,72.0,0.0,0.0,2.4827586206896552,72.0
qwen25_15b,770,msc_valid,46,uniform,0.5,29,2.4482758620689653,71.0,0.0,0.0,2.4482758620689653,71.0
qwen25_15b,770,msc_valid,46,longllmlingua,0.5,29,2.603448275862069,75.5,0.0,0.0,2.603448275862069,75.5
qwen25_15b,770,msc_valid,46,recency,0.5,29,2.413793103448276,70.0,0.0,0.0,2.413793103448276,70.0
qwen25_15b,770,msc_valid,46,lexical_tfidf,0.5,29,2.4482758620689653,71.0,0.0,0.0,2.4482758620689653,71.0
qwen25_15b,770,msc_valid,46,recency_keep_compress_drop,0.5,29,2.4310344827586206,70.5,0.0,0.0,2.4310344827586206,70.5
qwen25_15b,770,msc_valid,50,uniform,0.2,34,2.0294117647058822,69.0,0.0,0.0,2.0294117647058822,69.0
qwen25_15b,770,msc_valid,50,longllmlingua,0.2,34,2.014705882352941,68.5,0.0,0.0,2.014705882352941,68.5
qwen25_15b,770,msc_valid,50,recency,0.2,34,1.9558823529411764,66.5,0.0,0.0,1.9558823529411764,66.5
qwen25_15b,770,msc_valid,50,lexical_tfidf,0.2,34,1.9411764705882353,66.0,0.0,0.0,1.9411764705882353,66.0
qwen25_15b,770,msc_valid,50,recency_keep_compress_drop,0.2,34,1.9558823529411764,66.5,0.0,0.0,1.9558823529411764,66.5
qwen25_15b,770,msc_valid,50,uniform,0.35,34,1.9705882352941178,67.0,0.0,0.0,1.9705882352941178,67.0
qwen25_15b,770,msc_valid,50,longllmlingua,0.35,34,1.9852941176470589,67.5,0.0,0.0,1.9852941176470589,67.5
qwen25_15b,770,msc_valid,50,recency,0.35,34,1.9558823529411764,66.5,0.0,0.0,1.9558823529411764,66.5
qwen25_15b,770,msc_valid,50,lexical_tfidf,0.35,34,1.9558823529411764,66.5,0.0,0.0,1.9558823529411764,66.5
qwen25_15b,770,msc_valid,50,recency_keep_compress_drop,0.35,34,1.9264705882352942,65.5,0.0,0.0,1.9264705882352942,65.5
qwen25_15b,770,msc_valid,50,uniform,0.5,34,2.0441176470588234,69.5,0.0,0.0,2.0441176470588234,69.5
qwen25_15b,770,msc_valid,50,longllmlingua,0.5,34,2.014705882352941,68.5,0.0,0.0,2.014705882352941,68.5
qwen25_15b,770,msc_valid,50,recency,0.5,34,1.9705882352941178,67.0,0.0,0.0,1.9705882352941178,67.0
qwen25_15b,770,msc_valid,50,lexical_tfidf,0.5,34,1.9558823529411764,66.5,0.0,0.0,1.9558823529411764,66.5
qwen25_15b,770,msc_valid,50,recency_keep_compress_drop,0.5,34,1.911764705882353,65.0,0.0,0.0,1.911764705882353,65.0
qwen25_15b,770,msc_valid,54,uniform,0.2,23,2.5543478260869565,58.75,0.0,0.0,2.5543478260869565,58.75
qwen25_15b,770,msc_valid,54,longllmlingua,0.2,23,2.532608695652174,58.25,0.0,0.0,2.532608695652174,58.25
qwen25_15b,770,msc_valid,54,recency,0.2,23,2.5760869565217392,59.25,0.0,0.0,2.5760869565217392,59.25
qwen25_15b,770,msc_valid,54,lexical_tfidf,0.2,23,2.6630434782608696,61.25,0.0,0.0,2.6630434782608696,61.25
qwen25_15b,770,msc_valid,54,recency_keep_compress_drop,0.2,23,2.619565217391304,60.25,0.0,0.0,2.619565217391304,60.25
qwen25_15b,770,msc_valid,54,uniform,0.35,23,2.489130434782609,57.25,0.0,0.0,2.489130434782609,57.25
qwen25_15b,770,msc_valid,54,longllmlingua,0.35,23,2.5434782608695654,58.5,0.0,0.0,2.5434782608695654,58.5
qwen25_15b,770,msc_valid,54,recency,0.35,23,2.489130434782609,57.25,0.0,0.0,2.489130434782609,57.25
qwen25_15b,770,msc_valid,54,lexical_tfidf,0.35,23,2.619565217391304,60.25,0.0,0.0,2.619565217391304,60.25
qwen25_15b,770,msc_valid,54,recency_keep_compress_drop,0.35,23,2.5543478260869565,58.75,0.0,0.0,2.5543478260869565,58.75
qwen25_15b,770,msc_valid,54,uniform,0.5,23,2.489130434782609,57.25,0.0,0.0,2.489130434782609,57.25
qwen25_15b,770,msc_valid,54,longllmlingua,0.5,23,2.5434782608695654,58.5,0.0,0.0,2.5434782608695654,58.5
qwen25_15b,770,msc_valid,54,recency,0.5,23,2.489130434782609,57.25,0.0,0.0,2.489130434782609,57.25
qwen25_15b,770,msc_valid,54,lexical_tfidf,0.5,23,2.489130434782609,57.25,0.0,0.0,2.489130434782609,57.25
qwen25_15b,770,msc_valid,54,recency_keep_compress_drop,0.5,23,2.532608695652174,58.25,0.0,0.0,2.532608695652174,58.25
qwen25_15b,770,msc_valid,58,uniform,0.2,37,2.027027027027027,75.0,0.0,0.0,2.027027027027027,75.0
qwen25_15b,770,msc_valid,58,longllmlingua,0.2,37,2.1486486486486487,79.5,0.0,0.0,2.1486486486486487,79.5
qwen25_15b,770,msc_valid,58,recency,0.2,37,2.0675675675675675,76.5,0.0,0.0,2.0675675675675675,76.5
qwen25_15b,770,msc_valid,58,lexical_tfidf,0.2,37,2.0135135135135136,74.5,0.0,0.0,2.0135135135135136,74.5
qwen25_15b,770,msc_valid,58,recency_keep_compress_drop,0.2,37,2.0135135135135136,74.5,0.0,0.0,2.0135135135135136,74.5
qwen25_15b,770,msc_valid,58,uniform,0.35,37,2.0135135135135136,74.5,0.0,0.0,2.0135135135135136,74.5
qwen25_15b,770,msc_valid,58,longllmlingua,0.35,37,2.1486486486486487,79.5,0.0,0.0,2.1486486486486487,79.5
qwen25_15b,770,msc_valid,58,recency,0.35,37,2.027027027027027,75.0,0.0,0.0,2.027027027027027,75.0
qwen25_15b,770,msc_valid,58,lexical_tfidf,0.35,37,2.0405405405405403,75.5,0.0,0.0,2.0405405405405403,75.5
qwen25_15b,770,msc_valid,58,recency_keep_compress_drop,0.35,37,2.0,74.0,0.0,0.0,2.0,74.0
qwen25_15b,770,msc_valid,58,uniform,0.5,37,2.027027027027027,75.0,0.0,0.0,2.027027027027027,75.0
qwen25_15b,770,msc_valid,58,longllmlingua,0.5,37,2.1216216216216215,78.5,0.0,0.0,2.1216216216216215,78.5
qwen25_15b,770,msc_valid,58,recency,0.5,0,0.0,0.0,0.0,0.0,0.0,0.0
qwen25_15b,770,msc_valid,58,lexical_tfidf,0.5,0,0.0,0.0,0.0,0.0,0.0,0.0
qwen25_15b,770,msc_valid,58,recency_keep_compress_drop,0.5,0,0.0,0.0,0.0,0.0,0.0,0.0
qwen25_15b,770,msc_valid,62,uniform,0.2,26,2.1923076923076925,57.0,0.0,0.0,2.1923076923076925,57.0
qwen25_15b,770,msc_valid,62,longllmlingua,0.2,26,2.2596153846153846,58.75,0.0,0.0,2.2596153846153846,58.75
qwen25_15b,770,msc_valid,62,recency,0.2,26,2.173076923076923,56.5,0.0,0.0,2.173076923076923,56.5
qwen25_15b,770,msc_valid,62,lexical_tfidf,0.2,26,1.9326923076923077,50.25,0.0,0.0,1.9326923076923077,50.25
qwen25_15b,770,msc_valid,62,recency_keep_compress_drop,0.2,26,1.9326923076923077,50.25,0.0,0.0,1.9326923076923077,50.25
qwen25_15b,770,msc_valid,62,uniform,0.35,26,1.9711538461538463,51.25,0.0,0.0,1.9711538461538463,51.25
qwen25_15b,770,msc_valid,62,longllmlingua,0.35,26,2.2596153846153846,58.75,0.0,0.0,2.2596153846153846,58.75
qwen25_15b,770,msc_valid,62,recency,0.35,0,0.0,0.0,0.0,0.0,0.0,0.0
qwen25_15b,770,msc_valid,62,lexical_tfidf,0.35,0,0.0,0.0,0.0,0.0,0.0,0.0
qwen25_15b,770,msc_valid,62,recency_keep_compress_drop,0.35,0,0.0,0.0,0.0,0.0,0.0,0.0
qwen25_15b,770,msc_valid,62,uniform,0.5,26,2.076923076923077,54.0,0.0,0.0,2.076923076923077,54.0
qwen25_15b,770,msc_valid,62,longllmlingua,0.5,26,2.2115384615384617,57.5,0.0,0.0,2.2115384615384617,57.5
qwen25_15b,770,msc_valid,62,recency,0.5,0,0.0,0.0,0.0,0.0,0.0,0.0
qwen25_15b,770,msc_valid,62,lexical_tfidf,0.5,0,0.0,0.0,0.0,0.0,0.0,0.0
qwen25_15b,770,msc_valid,62,recency_keep_compress_drop,0.5,0,0.0,0.0,0.0,0.0,0.0,0.0
qwen25_15b,776,msc_valid,4,uniform,0.2,15,2.6666666666666665,40.0,2.5833333333333335,38.75,0.08333333333333304,1.25
qwen25_15b,776,msc_valid,4,longllmlingua,0.2,15,2.4833333333333334,37.25,2.5833333333333335,38.75,-0.10000000000000009,-1.5
qwen25_15b,776,msc_valid,4,recency,0.2,15,2.6666666666666665,40.0,2.5833333333333335,38.75,0.08333333333333304,1.25
qwen25_15b,776,msc_valid,4,lexical_tfidf,0.2,15,2.6666666666666665,40.0,2.5833333333333335,38.75,0.08333333333333304,1.25
qwen25_15b,776,msc_valid,4,recency_keep_compress_drop,0.2,15,2.6666666666666665,40.0,2.5833333333333335,38.75,0.08333333333333304,1.25
qwen25_15b,776,msc_valid,4,uniform,0.35,15,2.6666666666666665,40.0,2.5833333333333335,38.75,0.08333333333333304,1.25
qwen25_15b,776,msc_valid,4,longllmlingua,0.35,15,2.433333333333333,36.5,2.5833333333333335,38.75,-0.15000000000000036,-2.25
qwen25_15b,776,msc_valid,4,recency,0.35,15,2.6666666666666665,40.0,2.5833333333333335,38.75,0.08333333333333304,1.25
qwen25_15b,776,msc_valid,4,lexical_tfidf,0.35,15,2.6666666666666665,40.0,2.5833333333333335,38.75,0.08333333333333304,1.25
qwen25_15b,776,msc_valid,4,recency_keep_compress_drop,0.35,15,2.6666666666666665,40.0,2.5833333333333335,38.75,0.08333333333333304,1.25
qwen25_15b,776,msc_valid,4,uniform,0.5,15,2.6666666666666665,40.0,2.5833333333333335,38.75,0.08333333333333304,1.25
qwen25_15b,776,msc_valid,4,longllmlingua,0.5,15,2.4166666666666665,36.25,2.5833333333333335,38.75,-0.16666666666666696,-2.5
qwen25_15b,776,msc_valid,4,recency,0.5,15,2.6666666666666665,40.0,2.5833333333333335,38.75,0.08333333333333304,1.25
qwen25_15b,776,msc_valid,4,lexical_tfidf,0.5,15,2.6666666666666665,40.0,2.5833333333333335,38.75,0.08333333333333304,1.25
qwen25_15b,776,msc_valid,4,recency_keep_compress_drop,0.5,15,2.6666666666666665,40.0,2.5833333333333335,38.75,0.08333333333333304,1.25
qwen25_15b,776,msc_valid,6,uniform,0.2,12,4.958333333333333,59.5,4.5625,54.75,0.39583333333333304,4.75
qwen25_15b,776,msc_valid,6,longllmlingua,0.2,12,4.083333333333333,49.0,4.5625,54.75,-0.47916666666666696,-5.75
qwen25_15b,776,msc_valid,6,recency,0.2,12,4.770833333333333,57.25,4.5625,54.75,0.20833333333333304,2.5
qwen25_15b,776,msc_valid,6,lexical_tfidf,0.2,12,4.770833333333333,57.25,4.5625,54.75,0.20833333333333304,2.5
qwen25_15b,776,msc_valid,6,recency_keep_compress_drop,0.2,12,4.770833333333333,57.25,4.5625,54.75,0.20833333333333304,2.5
qwen25_15b,776,msc_valid,6,uniform,0.35,12,4.8125,57.75,4.5625,54.75,0.25,3.0
qwen25_15b,776,msc_valid,6,longllmlingua,0.35,12,4.229166666666667,50.75,4.5625,54.75,-0.33333333333333304,-4.0
qwen25_15b,776,msc_valid,6,recency,0.35,12,4.8125,57.75,4.5625,54.75,0.25,3.0
qwen25_15b,776,msc_valid,6,lexical_tfidf,0.35,12,4.8125,57.75,4.5625,54.75,0.25,3.0
qwen25_15b,776,msc_valid,6,recency_keep_compress_drop,0.35,12,4.8125,57.75,4.5625,54.75,0.25,3.0
qwen25_15b,776,msc_valid,6,uniform,0.5,12,5.041666666666667,60.5,4.5625,54.75,0.47916666666666696,5.75
qwen25_15b,776,msc_valid,6,longllmlingua,0.5,12,3.5625,42.75,4.5625,54.75,-1.0,-12.0
qwen25_15b,776,msc_valid,6,recency,0.5,12,4.645833333333333,55.75,4.5625,54.75,0.08333333333333304,1.0
qwen25_15b,776,msc_valid,6,lexical_tfidf,0.5,12,4.645833333333333,55.75,4.5625,54.75,0.08333333333333304,1.0
qwen25_15b,776,msc_valid,6,recency_keep_compress_drop,0.5,12,4.8125,57.75,4.5625,54.75,0.25,3.0
qwen25_15b,776,msc_valid,8,uniform,0.2,10,6.7,67.0,6.05,60.5,0.6500000000000004,6.5
qwen25_15b,776,msc_valid,8,longllmlingua,0.2,10,5.3,53.0,6.05,60.5,-0.75,-7.5
qwen25_15b,776,msc_valid,8,recency,0.2,10,6.15,61.5,6.05,60.5,0.10000000000000053,1.0
qwen25_15b,776,msc_valid,8,lexical_tfidf,0.2,10,6.7,67.0,6.05,60.5,0.6500000000000004,6.5
qwen25_15b,776,msc_valid,8,recency_keep_compress_drop,0.2,10,6.15,61.5,6.05,60.5,0.10000000000000053,1.0
qwen25_15b,776,msc_valid,8,uniform,0.35,10,6.45,64.5,6.05,60.5,0.40000000000000036,4.0
qwen25_15b,776,msc_valid,8,longllmlingua,0.35,10,4.875,48.75,6.05,60.5,-1.1749999999999998,-11.75
qwen25_15b,776,msc_valid,8,recency,0.35,10,6.075,60.75,6.05,60.5,0.025000000000000355,0.25
qwen25_15b,776,msc_valid,8,lexical_tfidf,0.35,10,6.225,62.25,6.05,60.5,0.17499999999999982,1.75
qwen25_15b,776,msc_valid,8,recency_keep_compress_drop,0.35,10,6.025,60.25,6.05,60.5,-0.024999999999999467,-0.25
qwen25_15b,776,msc_valid,8,uniform,0.5,10,6.375,63.75,6.05,60.5,0.3250000000000002,3.25
qwen25_15b,776,msc_valid,8,longllmlingua,0.5,10,4.975,49.75,6.05,60.5,-1.0750000000000002,-10.75
qwen25_15b,776,msc_valid,8,recency,0.5,10,6.0,60.0,6.05,60.5,-0.04999999999999982,-0.5
qwen25_15b,776,msc_valid,8,lexical_tfidf,0.5,10,6.2,62.0,6.05,60.5,0.15000000000000036,1.5
qwen25_15b,776,msc_valid,8,recency_keep_compress_drop,0.5,10,6.3,63.0,6.05,60.5,0.25,2.5
qwen25_15b,776,msc_valid,10,uniform,0.2,15,3.1333333333333333,47.0,2.6666666666666665,40.0,0.4666666666666668,7.0
qwen25_15b,776,msc_valid,10,longllmlingua,0.2,15,2.7333333333333334,41.0,2.6666666666666665,40.0,0.06666666666666687,1.0
qwen25_15b,776,msc_valid,10,recency,0.2,15,2.9833333333333334,44.75,2.6666666666666665,40.0,0.3166666666666669,4.75
qwen25_15b,776,msc_valid,10,lexical_tfidf,0.2,15,2.9166666666666665,43.75,2.6666666666666665,40.0,0.25,3.75
qwen25_15b,776,msc_valid,10,recency_keep_compress_drop,0.2,15,2.9833333333333334,44.75,2.6666666666666665,40.0,0.3166666666666669,4.75
qwen25_15b,776,msc_valid,10,uniform,0.35,15,2.966666666666667,44.5,2.6666666666666665,40.0,0.30000000000000027,4.5
qwen25_15b,776,msc_valid,10,longllmlingua,0.35,15,2.7,40.5,2.6666666666666665,40.0,0.03333333333333366,0.5
qwen25_15b,776,msc_valid,10,recency,0.35,15,2.85,42.75,2.6666666666666665,40.0,0.18333333333333357,2.75
qwen25_15b,776,msc_valid,10,lexical_tfidf,0.35,15,2.8333333333333335,42.5,2.6666666666666665,40.0,0.16666666666666696,2.5
qwen25_15b,776,msc_valid,10,recency_keep_compress_drop,0.35,15,2.8666666666666667,43.0,2.6666666666666665,40.0,0.20000000000000018,3.0
qwen25_15b,776,msc_valid,10,uniform,0.5,15,3.0166666666666666,45.25,2.6666666666666665,40.0,0.3500000000000001,5.25
qwen25_15b,776,msc_valid,10,longllmlingua,0.5,15,2.5166666666666666,37.75,2.6666666666666665,40.0,-0.1499999999999999,-2.25
qwen25_15b,776,msc_valid,10,recency,0.5,15,2.783333333333333,41.75,2.6666666666666665,40.0,0.1166666666666667,1.75
qwen25_15b,776,msc_valid,10,lexical_tfidf,0.5,15,2.783333333333333,41.75,2.6666666666666665,40.0,0.1166666666666667,1.75
qwen25_15b,776,msc_valid,10,recency_keep_compress_drop,0.5,15,2.8666666666666667,43.0,2.6666666666666665,40.0,0.20000000000000018,3.0
qwen25_15b,776,msc_valid,12,uniform,0.2,13,1.7307692307692308,22.5,1.5,19.5,0.23076923076923084,3.0
qwen25_15b,776,msc_valid,12,longllmlingua,0.2,13,1.6153846153846154,21.0,1.5,19.5,0.11538461538461542,1.5
qwen25_15b,776,msc_valid,12,recency,0.2,13,1.5961538461538463,20.75,1.5,19.5,0.09615384615384626,1.25
qwen25_15b,776,msc_valid,12,lexical_tfidf,0.2,13,1.4711538461538463,19.125,1.5,19.5,-0.028846153846153744,-0.375
qwen25_15b,776,msc_valid,12,recency_keep_compress_drop,0.2,13,1.5961538461538463,20.75,1.5,19.5,0.09615384615384626,1.25
qwen25_15b,776,msc_valid,12,uniform,0.35,13,1.5480769230769231,20.125,1.5,19.5,0.04807692307692313,0.625
qwen25_15b,776,msc_valid,12,longllmlingua,0.35,13,1.4423076923076923,18.75,1.5,19.5,-0.05769230769230771,-0.75
qwen25_15b,776,msc_valid,12,recency,0.35,13,1.4230769230769231,18.5,1.5,19.5,-0.07692307692307687,-1.0
qwen25_15b,776,msc_valid,12,lexical_tfidf,0.35,13,1.3269230769230769,17.25,1.5,19.5,-0.17307692307692313,-2.25
qwen25_15b,776,msc_valid,12,recency_keep_compress_drop,0.35,13,1.3269230769230769,17.25,1.5,19.5,-0.17307692307692313,-2.25
qwen25_15b,776,msc_valid,12,uniform,0.5,13,1.5961538461538463,20.75,1.5,19.5,0.09615384615384626,1.25
qwen25_15b,776,msc_valid,12,longllmlingua,0.5,13,1.3365384615384615,17.375,1.5,19.5,-0.16346153846153855,-2.125
qwen25_15b,776,msc_valid,12,recency,0.5,13,1.5192307692307692,19.75,1.5,19.5,0.019230769230769162,0.25
qwen25_15b,776,msc_valid,12,lexical_tfidf,0.5,13,1.4519230769230769,18.875,1.5,19.5,-0.04807692307692313,-0.625
qwen25_15b,776,msc_valid,12,recency_keep_compress_drop,0.5,13,1.3942307692307692,18.125,1.5,19.5,-0.10576923076923084,-1.375
qwen25_15b,776,msc_valid,14,uniform,0.2,16,3.015625,48.25,2.640625,42.25,0.375,6.0
qwen25_15b,776,msc_valid,14,longllmlingua,0.2,16,2.875,46.0,2.640625,42.25,0.234375,3.75
qwen25_15b,776,msc_valid,14,recency,0.2,16,2.8125,45.0,2.640625,42.25,0.171875,2.75
qwen25_15b,776,msc_valid,14,lexical_tfidf,0.2,16,3.140625,50.25,2.640625,42.25,0.5,8.0
qwen25_15b,776,msc_valid,14,recency_keep_compress_drop,0.2,16,2.8125,45.0,2.640625,42.25,0.171875,2.75
qwen25_15b,776,msc_valid,14,uniform,0.35,16,2.75,44.0,2.640625,42.25,0.109375,1.75
qwen25_15b,776,msc_valid,14,longllmlingua,0.35,16,2.796875,44.75,2.640625,42.25,0.15625,2.5
qwen25_15b,776,msc_valid,14,recency,0.35,16,2.75,44.0,2.640625,42.25,0.109375,1.75
qwen25_15b,776,msc_valid,14,lexical_tfidf,0.35,16,2.71875,43.5,2.640625,42.25,0.078125,1.25
qwen25_15b,776,msc_valid,14,recency_keep_compress_drop,0.35,16,2.5,40.0,2.640625,42.25,-0.140625,-2.25
qwen25_15b,776,msc_valid,14,uniform,0.5,16,2.5,40.0,2.640625,42.25,-0.140625,-2.25
qwen25_15b,776,msc_valid,14,longllmlingua,0.5,16,2.671875,42.75,2.640625,42.25,0.03125,0.5
qwen25_15b,776,msc_valid,14,recency,0.5,16,2.640625,42.25,2.640625,42.25,0.0,0.0
qwen25_15b,776,msc_valid,14,lexical_tfidf,0.5,16,2.6875,43.0,2.640625,42.25,0.046875,0.75
qwen25_15b,776,msc_valid,14,recency_keep_compress_drop,0.5,16,2.484375,39.75,2.640625,42.25,-0.15625,-2.5
qwen25_15b,804,msc_valid,4,uniform,0.2,14,2.017857142857143,28.25,1.8392857142857142,25.75,0.1785714285714286,2.5
qwen25_15b,804,msc_valid,4,longllmlingua,0.2,14,1.5267857142857142,21.375,1.8392857142857142,25.75,-0.3125,-4.375
qwen25_15b,804,msc_valid,4,recency,0.2,14,2.017857142857143,28.25,1.8392857142857142,25.75,0.1785714285714286,2.5
qwen25_15b,804,msc_valid,4,lexical_tfidf,0.2,14,2.017857142857143,28.25,1.8392857142857142,25.75,0.1785714285714286,2.5
qwen25_15b,804,msc_valid,4,recency_keep_compress_drop,0.2,14,2.017857142857143,28.25,1.8392857142857142,25.75,0.1785714285714286,2.5
qwen25_15b,804,msc_valid,4,uniform,0.35,14,1.9017857142857142,26.625,1.8392857142857142,25.75,0.0625,0.875
qwen25_15b,804,msc_valid,4,longllmlingua,0.35,14,1.6071428571428572,22.5,1.8392857142857142,25.75,-0.23214285714285698,-3.25
qwen25_15b,804,msc_valid,4,recency,0.35,14,1.9017857142857142,26.625,1.8392857142857142,25.75,0.0625,0.875
qwen25_15b,804,msc_valid,4,lexical_tfidf,0.35,14,1.9017857142857142,26.625,1.8392857142857142,25.75,0.0625,0.875
qwen25_15b,804,msc_valid,4,recency_keep_compress_drop,0.35,14,1.9017857142857142,26.625,1.8392857142857142,25.75,0.0625,0.875
qwen25_15b,804,msc_valid,4,uniform,0.5,14,1.9017857142857142,26.625,1.8392857142857142,25.75,0.0625,0.875
qwen25_15b,804,msc_valid,4,longllmlingua,0.5,14,1.5625,21.875,1.8392857142857142,25.75,-0.2767857142857142,-3.875
qwen25_15b,804,msc_valid,4,recency,0.5,14,1.9017857142857142,26.625,1.8392857142857142,25.75,0.0625,0.875
qwen25_15b,804,msc_valid,4,lexical_tfidf,0.5,14,1.9017857142857142,26.625,1.8392857142857142,25.75,0.0625,0.875
qwen25_15b,804,msc_valid,4,recency_keep_compress_drop,0.5,14,1.9017857142857142,26.625,1.8392857142857142,25.75,0.0625,0.875
qwen25_15b,804,msc_valid,6,uniform,0.2,14,3.267857142857143,45.75,3.1785714285714284,44.5,0.08928571428571441,1.25
qwen25_15b,804,msc_valid,6,longllmlingua,0.2,14,2.857142857142857,40.0,3.1785714285714284,44.5,-0.3214285714285712,-4.5
qwen25_15b,804,msc_valid,6,recency,0.2,14,3.517857142857143,49.25,3.1785714285714284,44.5,0.3392857142857144,4.75
qwen25_15b,804,msc_valid,6,lexical_tfidf,0.2,14,3.517857142857143,49.25,3.1785714285714284,44.5,0.3392857142857144,4.75
qwen25_15b,804,msc_valid,6,recency_keep_compress_drop,0.2,14,3.267857142857143,45.75,3.1785714285714284,44.5,0.08928571428571441,1.25
qwen25_15b,804,msc_valid,6,uniform,0.35,14,3.267857142857143,45.75,3.1785714285714284,44.5,0.08928571428571441,1.25
qwen25_15b,804,msc_valid,6,longllmlingua,0.35,14,2.642857142857143,37.0,3.1785714285714284,44.5,-0.5357142857142856,-7.5
qwen25_15b,804,msc_valid,6,recency,0.35,14,3.2142857142857144,45.0,3.1785714285714284,44.5,0.03571428571428603,0.5
qwen25_15b,804,msc_valid,6,lexical_tfidf,0.35,14,3.2142857142857144,45.0,3.1785714285714284,44.5,0.03571428571428603,0.5
qwen25_15b,804,msc_valid,6,recency_keep_compress_drop,0.35,14,3.2142857142857144,45.0,3.1785714285714284,44.5,0.03571428571428603,0.5
qwen25_15b,804,msc_valid,6,uniform,0.5,14,3.232142857142857,45.25,3.1785714285714284,44.5,0.053571428571428825,0.75
qwen25_15b,804,msc_valid,6,longllmlingua,0.5,14,2.767857142857143,38.75,3.1785714285714284,44.5,-0.4107142857142856,-5.75
qwen25_15b,804,msc_valid,6,recency,0.5,14,3.4464285714285716,48.25,3.1785714285714284,44.5,0.26785714285714324,3.75
qwen25_15b,804,msc_valid,6,lexical_tfidf,0.5,14,3.4464285714285716,48.25,3.1785714285714284,44.5,0.26785714285714324,3.75
qwen25_15b,804,msc_valid,6,recency_keep_compress_drop,0.5,14,3.142857142857143,44.0,3.1785714285714284,44.5,-0.03571428571428559,-0.5
qwen25_15b,804,msc_valid,8,uniform,0.2,20,3.15,63.0,3.0375,60.75,0.11249999999999982,2.25
qwen25_15b,804,msc_valid,8,longllmlingua,0.2,20,2.9875,59.75,3.0375,60.75,-0.050000000000000266,-1.0
qwen25_15b,804,msc_valid,8,recency,0.2,20,3.225,64.5,3.0375,60.75,0.1875,3.75
qwen25_15b,804,msc_valid,8,lexical_tfidf,0.2,20,3.15,63.0,3.0375,60.75,0.11249999999999982,2.25
qwen25_15b,804,msc_valid,8,recency_keep_compress_drop,0.2,20,3.225,64.5,3.0375,60.75,0.1875,3.75
qwen25_15b,804,msc_valid,8,uniform,0.35,20,3.1875,63.75,3.0375,60.75,0.1499999999999999,3.0
qwen25_15b,804,msc_valid,8,longllmlingua,0.35,20,3.0625,61.25,3.0375,60.75,0.02499999999999991,0.5
qwen25_15b,804,msc_valid,8,recency,0.35,20,3.1375,62.75,3.0375,60.75,0.10000000000000009,2.0
qwen25_15b,804,msc_valid,8,lexical_tfidf,0.35,20,3.0875,61.75,3.0375,60.75,0.04999999999999982,1.0
qwen25_15b,804,msc_valid,8,recency_keep_compress_drop,0.35,20,3.0375,60.75,3.0375,60.75,0.0,0.0
qwen25_15b,804,msc_valid,8,uniform,0.5,20,3.15,63.0,3.0375,60.75,0.11249999999999982,2.25
qwen25_15b,804,msc_valid,8,longllmlingua,0.5,20,3.0375,60.75,3.0375,60.75,0.0,0.0
qwen25_15b,804,msc_valid,8,recency,0.5,20,2.95,59.0,3.0375,60.75,-0.08749999999999991,-1.75
qwen25_15b,804,msc_valid,8,lexical_tfidf,0.5,20,2.9625,59.25,3.0375,60.75,-0.07500000000000018,-1.5
qwen25_15b,804,msc_valid,8,recency_keep_compress_drop,0.5,20,2.95,59.0,3.0375,60.75,-0.08749999999999991,-1.75
qwen25_15b,804,msc_valid,10,uniform,0.2,15,1.7083333333333333,25.625,1.725,25.875,-0.01666666666666683,-0.25
qwen25_15b,804,msc_valid,10,longllmlingua,0.2,15,2.058333333333333,30.875,1.725,25.875,0.33333333333333304,5.0
qwen25_15b,804,msc_valid,10,recency,0.2,15,1.6083333333333334,24.125,1.725,25.875,-0.1166666666666667,-1.75
qwen25_15b,804,msc_valid,10,lexical_tfidf,0.2,15,1.6083333333333334,24.125,1.725,25.875,-0.1166666666666667,-1.75
qwen25_15b,804,msc_valid,10,recency_keep_compress_drop,0.2,15,1.6083333333333334,24.125,1.725,25.875,-0.1166666666666667,-1.75
qwen25_15b,804,msc_valid,10,uniform,0.35,15,1.675,25.125,1.725,25.875,-0.050000000000000044,-0.75
qwen25_15b,804,msc_valid,10,longllmlingua,0.35,15,1.875,28.125,1.725,25.875,0.1499999999999999,2.25
qwen25_15b,804,msc_valid,10,recency,0.35,15,1.6166666666666667,24.25,1.725,25.875,-0.10833333333333339,-1.625
qwen25_15b,804,msc_valid,10,lexical_tfidf,0.35,15,1.7666666666666666,26.5,1.725,25.875,0.04166666666666652,0.625
qwen25_15b,804,msc_valid,10,recency_keep_compress_drop,0.35,15,1.625,24.375,1.725,25.875,-0.10000000000000009,-1.5
qwen25_15b,804,msc_valid,10,uniform,0.5,15,1.7833333333333334,26.75,1.725,25.875,0.05833333333333335,0.875
qwen25_15b,804,msc_valid,10,longllmlingua,0.5,15,1.9583333333333333,29.375,1.725,25.875,0.23333333333333317,3.5
qwen25_15b,804,msc_valid,10,recency,0.5,15,1.6166666666666667,24.25,1.725,25.875,-0.10833333333333339,-1.625
qwen25_15b,804,msc_valid,10,lexical_tfidf,0.5,15,1.7,25.5,1.725,25.875,-0.025000000000000133,-0.375
qwen25_15b,804,msc_valid,10,recency_keep_compress_drop,0.5,15,1.5666666666666667,23.5,1.725,25.875,-0.15833333333333344,-2.375
qwen25_15b,804,msc_valid,12,uniform,0.2,16,2.203125,35.25,1.7265625,27.625,0.4765625,7.625
qwen25_15b,804,msc_valid,12,longllmlingua,0.2,16,1.9765625,31.625,1.7265625,27.625,0.25,4.0
qwen25_15b,804,msc_valid,12,recency,0.2,16,2.078125,33.25,1.7265625,27.625,0.3515625,5.625
qwen25_15b,804,msc_valid,12,lexical_tfidf,0.2,16,1.9296875,30.875,1.7265625,27.625,0.203125,3.25
qwen25_15b,804,msc_valid,12,recency_keep_compress_drop,0.2,16,1.9296875,30.875,1.7265625,27.625,0.203125,3.25
qwen25_15b,804,msc_valid,12,uniform,0.35,16,2.171875,34.75,1.7265625,27.625,0.4453125,7.125
qwen25_15b,804,msc_valid,12,longllmlingua,0.35,16,1.9296875,30.875,1.7265625,27.625,0.203125,3.25
qwen25_15b,804,msc_valid,12,recency,0.35,16,1.8828125,30.125,1.7265625,27.625,0.15625,2.5
qwen25_15b,804,msc_valid,12,lexical_tfidf,0.35,16,1.8828125,30.125,1.7265625,27.625,0.15625,2.5
qwen25_15b,804,msc_valid,12,recency_keep_compress_drop,0.35,16,1.8203125,29.125,1.7265625,27.625,0.09375,1.5
qwen25_15b,804,msc_valid,12,uniform,0.5,16,2.046875,32.75,1.7265625,27.625,0.3203125,5.125
qwen25_15b,804,msc_valid,12,longllmlingua,0.5,16,1.9921875,31.875,1.7265625,27.625,0.265625,4.25
qwen25_15b,804,msc_valid,12,recency,0.5,16,1.7578125,28.125,1.7265625,27.625,0.03125,0.5
qwen25_15b,804,msc_valid,12,lexical_tfidf,0.5,16,1.7734375,28.375,1.7265625,27.625,0.046875,0.75
qwen25_15b,804,msc_valid,12,recency_keep_compress_drop,0.5,16,1.71875,27.5,1.7265625,27.625,-0.0078125,-0.125
qwen25_15b,819,msc_valid,4,uniform,0.2,18,3.375,60.75,3.2083333333333335,57.75,0.16666666666666652,3.0
qwen25_15b,819,msc_valid,4,longllmlingua,0.2,18,3.0416666666666665,54.75,3.2083333333333335,57.75,-0.16666666666666696,-3.0
qwen25_15b,819,msc_valid,4,recency,0.2,18,3.375,60.75,3.2083333333333335,57.75,0.16666666666666652,3.0
qwen25_15b,819,msc_valid,4,lexical_tfidf,0.2,18,3.375,60.75,3.2083333333333335,57.75,0.16666666666666652,3.0
qwen25_15b,819,msc_valid,4,recency_keep_compress_drop,0.2,18,3.375,60.75,3.2083333333333335,57.75,0.16666666666666652,3.0
qwen25_15b,819,msc_valid,4,uniform,0.35,18,3.1805555555555554,57.25,3.2083333333333335,57.75,-0.027777777777778123,-0.5
qwen25_15b,819,msc_valid,4,longllmlingua,0.35,18,3.0277777777777777,54.5,3.2083333333333335,57.75,-0.1805555555555558,-3.25
qwen25_15b,819,msc_valid,4,recency,0.35,18,3.1805555555555554,57.25,3.2083333333333335,57.75,-0.027777777777778123,-0.5
qwen25_15b,819,msc_valid,4,lexical_tfidf,0.35,18,3.1805555555555554,57.25,3.2083333333333335,57.75,-0.027777777777778123,-0.5
qwen25_15b,819,msc_valid,4,recency_keep_compress_drop,0.35,18,3.1805555555555554,57.25,3.2083333333333335,57.75,-0.027777777777778123,-0.5
qwen25_15b,819,msc_valid,4,uniform,0.5,18,3.1805555555555554,57.25,3.2083333333333335,57.75,-0.027777777777778123,-0.5
qwen25_15b,819,msc_valid,4,longllmlingua,0.5,18,3.013888888888889,54.25,3.2083333333333335,57.75,-0.19444444444444464,-3.5
qwen25_15b,819,msc_valid,4,recency,0.5,18,3.1805555555555554,57.25,3.2083333333333335,57.75,-0.027777777777778123,-0.5
qwen25_15b,819,msc_valid,4,lexical_tfidf,0.5,18,3.1805555555555554,57.25,3.2083333333333335,57.75,-0.027777777777778123,-0.5
qwen25_15b,819,msc_valid,4,recency_keep_compress_drop,0.5,18,3.1805555555555554,57.25,3.2083333333333335,57.75,-0.027777777777778123,-0.5
qwen25_15b,819,msc_valid,6,uniform,0.2,17,3.7941176470588234,64.5,3.661764705882353,62.25,0.13235294117647056,2.25
qwen25_15b,819,msc_valid,6,longllmlingua,0.2,17,3.3970588235294117,57.75,3.661764705882353,62.25,-0.2647058823529411,-4.5
qwen25_15b,819,msc_valid,6,recency,0.2,17,3.7941176470588234,64.5,3.661764705882353,62.25,0.13235294117647056,2.25
qwen25_15b,819,msc_valid,6,lexical_tfidf,0.2,17,3.7941176470588234,64.5,3.661764705882353,62.25,0.13235294117647056,2.25
qwen25_15b,819,msc_valid,6,recency_keep_compress_drop,0.2,17,3.823529411764706,65.0,3.661764705882353,62.25,0.16176470588235325,2.75
qwen25_15b,819,msc_valid,6,uniform,0.35,17,3.7058823529411766,63.0,3.661764705882353,62.25,0.04411764705882382,0.75
qwen25_15b,819,msc_valid,6,longllmlingua,0.35,17,3.3676470588235294,57.25,3.661764705882353,62.25,-0.2941176470588234,-5.0
qwen25_15b,819,msc_valid,6,recency,0.35,17,3.7941176470588234,64.5,3.661764705882353,62.25,0.13235294117647056,2.25
qwen25_15b,819,msc_valid,6,lexical_tfidf,0.35,17,3.7941176470588234,64.5,3.661764705882353,62.25,0.13235294117647056,2.25
qwen25_15b,819,msc_valid,6,recency_keep_compress_drop,0.35,17,3.7205882352941178,63.25,3.661764705882353,62.25,0.05882352941176494,1.0
qwen25_15b,819,msc_valid,6,uniform,0.5,17,3.911764705882353,66.5,3.661764705882353,62.25,0.25,4.25
qwen25_15b,819,msc_valid,6,longllmlingua,0.5,17,3.3088235294117645,56.25,3.661764705882353,62.25,-0.3529411764705883,-6.0
qwen25_15b,819,msc_valid,6,recency,0.5,17,3.7941176470588234,64.5,3.661764705882353,62.25,0.13235294117647056,2.25
qwen25_15b,819,msc_valid,6,lexical_tfidf,0.5,17,3.7941176470588234,64.5,3.661764705882353,62.25,0.13235294117647056,2.25
qwen25_15b,819,msc_valid,6,recency_keep_compress_drop,0.5,17,3.573529411764706,60.75,3.661764705882353,62.25,-0.08823529411764675,-1.5
qwen25_15b,819,msc_valid,8,uniform,0.2,18,4.166666666666667,75.0,3.9166666666666665,70.5,0.25000000000000044,4.5
qwen25_15b,819,msc_valid,8,longllmlingua,0.2,18,3.888888888888889,70.0,3.9166666666666665,70.5,-0.02777777777777768,-0.5
qwen25_15b,819,msc_valid,8,recency,0.2,18,4.388888888888889,79.0,3.9166666666666665,70.5,0.47222222222222276,8.5
qwen25_15b,819,msc_valid,8,lexical_tfidf,0.2,18,4.166666666666667,75.0,3.9166666666666665,70.5,0.25000000000000044,4.5
qwen25_15b,819,msc_valid,8,recency_keep_compress_drop,0.2,18,4.138888888888889,74.5,3.9166666666666665,70.5,0.22222222222222276,4.0
qwen25_15b,819,msc_valid,8,uniform,0.35,18,4.416666666666667,79.5,3.9166666666666665,70.5,0.5000000000000004,9.0
qwen25_15b,819,msc_valid,8,longllmlingua,0.35,18,3.9722222222222223,71.5,3.9166666666666665,70.5,0.0555555555555558,1.0
qwen25_15b,819,msc_valid,8,recency,0.35,18,4.166666666666667,75.0,3.9166666666666665,70.5,0.25000000000000044,4.5
qwen25_15b,819,msc_valid,8,lexical_tfidf,0.35,18,4.166666666666667,75.0,3.9166666666666665,70.5,0.25000000000000044,4.5
qwen25_15b,819,msc_valid,8,recency_keep_compress_drop,0.35,18,3.9722222222222223,71.5,3.9166666666666665,70.5,0.0555555555555558,1.0
qwen25_15b,819,msc_valid,8,uniform,0.5,18,4.25,76.5,3.9166666666666665,70.5,0.3333333333333335,6.0
qwen25_15b,819,msc_valid,8,longllmlingua,0.5,18,4.166666666666667,75.0,3.9166666666666665,70.5,0.25000000000000044,4.5
qwen25_15b,819,msc_valid,8,recency,0.5,18,4.055555555555555,73.0,3.9166666666666665,70.5,0.13888888888888884,2.5
qwen25_15b,819,msc_valid,8,lexical_tfidf,0.5,18,4.25,76.5,3.9166666666666665,70.5,0.3333333333333335,6.0
qwen25_15b,819,msc_valid,8,recency_keep_compress_drop,0.5,18,3.9444444444444446,71.0,3.9166666666666665,70.5,0.027777777777778123,0.5
qwen25_15b,819,msc_valid,10,uniform,0.2,17,4.176470588235294,71.0,4.117647058823529,70.0,0.058823529411765385,1.0
qwen25_15b,819,msc_valid,10,longllmlingua,0.2,17,4.088235294117647,69.5,4.117647058823529,70.0,-0.02941176470588225,-0.5
qwen25_15b,819,msc_valid,10,recency,0.2,17,4.4411764705882355,75.5,4.117647058823529,70.0,0.3235294117647065,5.5
qwen25_15b,819,msc_valid,10,lexical_tfidf,0.2,17,4.5588235294117645,77.5,4.117647058823529,70.0,0.4411764705882355,7.5
qwen25_15b,819,msc_valid,10,recency_keep_compress_drop,0.2,17,4.323529411764706,73.5,4.117647058823529,70.0,0.20588235294117663,3.5
qwen25_15b,819,msc_valid,10,uniform,0.35,17,4.411764705882353,75.0,4.117647058823529,70.0,0.29411764705882426,5.0
qwen25_15b,819,msc_valid,10,longllmlingua,0.35,17,4.0,68.0,4.117647058823529,70.0,-0.117647058823529,-2.0
qwen25_15b,819,msc_valid,10,recency,0.35,17,4.235294117647059,72.0,4.117647058823529,70.0,0.11764705882352988,2.0
qwen25_15b,819,msc_valid,10,lexical_tfidf,0.35,17,4.294117647058823,73.0,4.117647058823529,70.0,0.17647058823529438,3.0
qwen25_15b,819,msc_valid,10,recency_keep_compress_drop,0.35,17,4.117647058823529,70.0,4.117647058823529,70.0,0.0,0.0
qwen25_15b,819,msc_valid,10,uniform,0.5,17,4.4411764705882355,75.5,4.117647058823529,70.0,0.3235294117647065,5.5
qwen25_15b,819,msc_valid,10,longllmlingua,0.5,17,3.9705882352941178,67.5,4.117647058823529,70.0,-0.14705882352941124,-2.5
qwen25_15b,819,msc_valid,10,recency,0.5,17,4.205882352941177,71.5,4.117647058823529,70.0,0.08823529411764763,1.5
qwen25_15b,819,msc_valid,10,lexical_tfidf,0.5,17,4.205882352941177,71.5,4.117647058823529,70.0,0.08823529411764763,1.5
qwen25_15b,819,msc_valid,10,recency_keep_compress_drop,0.5,17,4.088235294117647,69.5,4.117647058823529,70.0,-0.02941176470588225,-0.5
qwen25_15b,819,msc_valid,12,uniform,0.2,19,4.0,76.0,3.3684210526315788,64.0,0.6315789473684212,12.0
qwen25_15b,819,msc_valid,12,longllmlingua,0.2,19,3.6052631578947367,68.5,3.3684210526315788,64.0,0.23684210526315796,4.5
qwen25_15b,819,msc_valid,12,recency,0.2,19,4.0,76.0,3.3684210526315788,64.0,0.6315789473684212,12.0
qwen25_15b,819,msc_valid,12,lexical_tfidf,0.2,19,3.8684210526315788,73.5,3.3684210526315788,64.0,0.5,9.5
qwen25_15b,819,msc_valid,12,recency_keep_compress_drop,0.2,19,3.6315789473684212,69.0,3.3684210526315788,64.0,0.2631578947368425,5.0
qwen25_15b,819,msc_valid,12,uniform,0.35,19,3.789473684210526,72.0,3.3684210526315788,64.0,0.42105263157894735,8.0
qwen25_15b,819,msc_valid,12,longllmlingua,0.35,19,3.5526315789473686,67.5,3.3684210526315788,64.0,0.18421052631578982,3.5
qwen25_15b,819,msc_valid,12,recency,0.35,19,3.526315789473684,67.0,3.3684210526315788,64.0,0.1578947368421053,3.0
qwen25_15b,819,msc_valid,12,lexical_tfidf,0.35,19,3.6842105263157894,70.0,3.3684210526315788,64.0,0.3157894736842106,6.0
qwen25_15b,819,msc_valid,12,recency_keep_compress_drop,0.35,19,3.8421052631578947,73.0,3.3684210526315788,64.0,0.47368421052631593,9.0
qwen25_15b,819,msc_valid,12,uniform,0.5,19,3.8684210526315788,73.5,3.3684210526315788,64.0,0.5,9.5
qwen25_15b,819,msc_valid,12,longllmlingua,0.5,19,3.5526315789473686,67.5,3.3684210526315788,64.0,0.18421052631578982,3.5
qwen25_15b,819,msc_valid,12,recency,0.5,19,3.4210526315789473,65.0,3.3684210526315788,64.0,0.052631578947368585,1.0
qwen25_15b,819,msc_valid,12,lexical_tfidf,0.5,19,3.8421052631578947,73.0,3.3684210526315788,64.0,0.47368421052631593,9.0
qwen25_15b,819,msc_valid,12,recency_keep_compress_drop,0.5,19,3.6315789473684212,69.0,3.3684210526315788,64.0,0.2631578947368425,5.0
qwen25_15b,819,msc_valid,14,uniform,0.2,20,2.4,48.0,1.575,31.5,0.825,16.5
qwen25_15b,819,msc_valid,14,longllmlingua,0.2,20,2.1125,42.25,1.575,31.5,0.5374999999999999,10.75
qwen25_15b,819,msc_valid,14,recency,0.2,20,2.175,43.5,1.575,31.5,0.5999999999999999,12.0
qwen25_15b,819,msc_valid,14,lexical_tfidf,0.2,20,2.3,46.0,1.575,31.5,0.7249999999999999,14.5
qwen25_15b,819,msc_valid,14,recency_keep_compress_drop,0.2,20,2.1875,43.75,1.575,31.5,0.6125,12.25
qwen25_15b,819,msc_valid,14,uniform,0.35,20,2.1625,43.25,1.575,31.5,0.5875000000000001,11.75
qwen25_15b,819,msc_valid,14,longllmlingua,0.35,20,2.1125,42.25,1.575,31.5,0.5374999999999999,10.75
qwen25_15b,819,msc_valid,14,recency,0.35,20,1.85,37.0,1.575,31.5,0.27500000000000013,5.5
qwen25_15b,819,msc_valid,14,lexical_tfidf,0.35,20,2.2875,45.75,1.575,31.5,0.7125000000000001,14.25
qwen25_15b,819,msc_valid,14,recency_keep_compress_drop,0.35,20,2.0625,41.25,1.575,31.5,0.48750000000000004,9.75
qwen25_15b,819,msc_valid,14,uniform,0.5,20,2.0875,41.75,1.575,31.5,0.5125,10.25
qwen25_15b,819,msc_valid,14,longllmlingua,0.5,20,1.95,39.0,1.575,31.5,0.375,7.5
qwen25_15b,819,msc_valid,14,recency,0.5,20,1.7875,35.75,1.575,31.5,0.21250000000000013,4.25
qwen25_15b,819,msc_valid,14,lexical_tfidf,0.5,20,2.175,43.5,1.575,31.5,0.5999999999999999,12.0
qwen25_15b,819,msc_valid,14,recency_keep_compress_drop,0.5,20,1.85,37.0,1.575,31.5,0.27500000000000013,5.5
qwen25_15b,852,msc_valid,4,uniform,0.2,19,2.513157894736842,47.75,2.3815789473684212,45.25,0.1315789473684208,2.5
qwen25_15b,852,msc_valid,4,longllmlingua,0.2,19,2.4210526315789473,46.0,2.3815789473684212,45.25,0.039473684210526105,0.75
qwen25_15b,852,msc_valid,4,recency,0.2,19,2.513157894736842,47.75,2.3815789473684212,45.25,0.1315789473684208,2.5
qwen25_15b,852,msc_valid,4,lexical_tfidf,0.2,19,2.513157894736842,47.75,2.3815789473684212,45.25,0.1315789473684208,2.5
qwen25_15b,852,msc_valid,4,recency_keep_compress_drop,0.2,19,2.513157894736842,47.75,2.3815789473684212,45.25,0.1315789473684208,2.5
qwen25_15b,852,msc_valid,4,uniform,0.35,19,2.513157894736842,47.75,2.3815789473684212,45.25,0.1315789473684208,2.5
qwen25_15b,852,msc_valid,4,longllmlingua,0.35,19,2.3947368421052633,45.5,2.3815789473684212,45.25,0.013157894736842035,0.25
qwen25_15b,852,msc_valid,4,recency,0.35,19,2.513157894736842,47.75,2.3815789473684212,45.25,0.1315789473684208,2.5
qwen25_15b,852,msc_valid,4,lexical_tfidf,0.35,19,2.513157894736842,47.75,2.3815789473684212,45.25,0.1315789473684208,2.5
qwen25_15b,852,msc_valid,4,recency_keep_compress_drop,0.35,19,2.513157894736842,47.75,2.3815789473684212,45.25,0.1315789473684208,2.5
qwen25_15b,852,msc_valid,4,uniform,0.5,19,2.3552631578947367,44.75,2.3815789473684212,45.25,-0.026315789473684514,-0.5
qwen25_15b,852,msc_valid,4,longllmlingua,0.5,19,2.3947368421052633,45.5,2.3815789473684212,45.25,0.013157894736842035,0.25
qwen25_15b,852,msc_valid,4,recency,0.5,19,2.3552631578947367,44.75,2.3815789473684212,45.25,-0.026315789473684514,-0.5
qwen25_15b,852,msc_valid,4,lexical_tfidf,0.5,19,2.3552631578947367,44.75,2.3815789473684212,45.25,-0.026315789473684514,-0.5
qwen25_15b,852,msc_valid,4,recency_keep_compress_drop,0.5,19,2.3552631578947367,44.75,2.3815789473684212,45.25,-0.026315789473684514,-0.5
qwen25_15b,852,msc_valid,8,uniform,0.2,18,3.611111111111111,65.0,3.138888888888889,56.5,0.4722222222222223,8.5
qwen25_15b,852,msc_valid,8,longllmlingua,0.2,18,3.1527777777777777,56.75,3.138888888888889,56.5,0.01388888888888884,0.25
qwen25_15b,852,msc_valid,8,recency,0.2,18,3.6944444444444446,66.5,3.138888888888889,56.5,0.5555555555555558,10.0
qwen25_15b,852,msc_valid,8,lexical_tfidf,0.2,18,3.611111111111111,65.0,3.138888888888889,56.5,0.4722222222222223,8.5
qwen25_15b,852,msc_valid,8,recency_keep_compress_drop,0.2,18,3.6944444444444446,66.5,3.138888888888889,56.5,0.5555555555555558,10.0
qwen25_15b,852,msc_valid,8,uniform,0.35,18,3.75,67.5,3.138888888888889,56.5,0.6111111111111112,11.0
qwen25_15b,852,msc_valid,8,longllmlingua,0.35,18,3.111111111111111,56.0,3.138888888888889,56.5,-0.02777777777777768,-0.5
qwen25_15b,852,msc_valid,8,recency,0.35,18,3.4722222222222223,62.5,3.138888888888889,56.5,0.3333333333333335,6.0
qwen25_15b,852,msc_valid,8,lexical_tfidf,0.35,18,3.361111111111111,60.5,3.138888888888889,56.5,0.22222222222222232,4.0
qwen25_15b,852,msc_valid,8,recency_keep_compress_drop,0.35,18,3.513888888888889,63.25,3.138888888888889,56.5,0.375,6.75
qwen25_15b,852,msc_valid,8,uniform,0.5,18,3.6666666666666665,66.0,3.138888888888889,56.5,0.5277777777777777,9.5
qwen25_15b,852,msc_valid,8,longllmlingua,0.5,18,3.1805555555555554,57.25,3.138888888888889,56.5,0.04166666666666652,0.75
qwen25_15b,852,msc_valid,8,recency,0.5,18,3.4722222222222223,62.5,3.138888888888889,56.5,0.3333333333333335,6.0
qwen25_15b,852,msc_valid,8,lexical_tfidf,0.5,18,3.1805555555555554,57.25,3.138888888888889,56.5,0.04166666666666652,0.75
qwen25_15b,852,msc_valid,8,recency_keep_compress_drop,0.5,18,3.361111111111111,60.5,3.138888888888889,56.5,0.22222222222222232,4.0
qwen25_15b,852,msc_valid,12,uniform,0.2,8,1.65625,13.25,1.15625,9.25,0.5,4.0
qwen25_15b,852,msc_valid,12,longllmlingua,0.2,8,1.34375,10.75,1.15625,9.25,0.1875,1.5
qwen25_15b,852,msc_valid,12,recency,0.2,8,1.265625,10.125,1.15625,9.25,0.109375,0.875
qwen25_15b,852,msc_valid,12,lexical_tfidf,0.2,8,1.5390625,12.3125,1.15625,9.25,0.3828125,3.0625
qwen25_15b,852,msc_valid,12,recency_keep_compress_drop,0.2,8,1.3203125,10.5625,1.15625,9.25,0.1640625,1.3125
qwen25_15b,852,msc_valid,12,uniform,0.35,8,1.5546875,12.4375,1.15625,9.25,0.3984375,3.1875
qwen25_15b,852,msc_valid,12,longllmlingua,0.35,8,1.265625,10.125,1.15625,9.25,0.109375,0.875
qwen25_15b,852,msc_valid,12,recency,0.35,8,1.203125,9.625,1.15625,9.25,0.046875,0.375
qwen25_15b,852,msc_valid,12,lexical_tfidf,0.35,8,1.5625,12.5,1.15625,9.25,0.40625,3.25
qwen25_15b,852,msc_valid,12,recency_keep_compress_drop,0.35,8,1.34375,10.75,1.15625,9.25,0.1875,1.5
qwen25_15b,852,msc_valid,12,uniform,0.5,8,1.4453125,11.5625,1.15625,9.25,0.2890625,2.3125
qwen25_15b,852,msc_valid,12,longllmlingua,0.5,8,1.34375,10.75,1.15625,9.25,0.1875,1.5
qwen25_15b,852,msc_valid,12,recency,0.5,8,1.15625,9.25,1.15625,9.25,0.0,0.0
qwen25_15b,852,msc_valid,12,lexical_tfidf,0.5,8,1.453125,11.625,1.15625,9.25,0.296875,2.375
qwen25_15b,852,msc_valid,12,recency_keep_compress_drop,0.5,8,1.203125,9.625,1.15625,9.25,0.046875,0.375
qwen25_15b,852,msc_valid,16,uniform,0.2,16,2.21875,35.5,1.984375,31.75,0.234375,3.75
qwen25_15b,852,msc_valid,16,longllmlingua,0.2,16,2.015625,32.25,1.984375,31.75,0.03125,0.5
qwen25_15b,852,msc_valid,16,recency,0.2,16,2.375,38.0,1.984375,31.75,0.390625,6.25
qwen25_15b,852,msc_valid,16,lexical_tfidf,0.2,16,1.9921875,31.875,1.984375,31.75,0.0078125,0.125
qwen25_15b,852,msc_valid,16,recency_keep_compress_drop,0.2,16,2.265625,36.25,1.984375,31.75,0.28125,4.5
qwen25_15b,852,msc_valid,16,uniform,0.35,16,2.109375,33.75,1.984375,31.75,0.125,2.0
qwen25_15b,852,msc_valid,16,longllmlingua,0.35,16,1.9765625,31.625,1.984375,31.75,-0.0078125,-0.125
qwen25_15b,852,msc_valid,16,recency,0.35,16,2.0625,33.0,1.984375,31.75,0.078125,1.25
qwen25_15b,852,msc_valid,16,lexical_tfidf,0.35,16,2.03125,32.5,1.984375,31.75,0.046875,0.75
qwen25_15b,852,msc_valid,16,recency_keep_compress_drop,0.35,16,2.078125,33.25,1.984375,31.75,0.09375,1.5
qwen25_15b,852,msc_valid,16,uniform,0.5,16,2.046875,32.75,1.984375,31.75,0.0625,1.0
qwen25_15b,852,msc_valid,16,longllmlingua,0.5,16,1.9140625,30.625,1.984375,31.75,-0.0703125,-1.125
qwen25_15b,852,msc_valid,16,recency,0.5,16,1.9140625,30.625,1.984375,31.75,-0.0703125,-1.125
qwen25_15b,852,msc_valid,16,lexical_tfidf,0.5,16,2.015625,32.25,1.984375,31.75,0.03125,0.5
qwen25_15b,852,msc_valid,16,recency_keep_compress_drop,0.5,16,2.09375,33.5,1.984375,31.75,0.109375,1.75
qwen25_15b,852,msc_valid,20,uniform,0.2,29,2.310344827586207,67.0,2.0258620689655173,58.75,0.2844827586206895,8.25
qwen25_15b,852,msc_valid,20,longllmlingua,0.2,29,1.8793103448275863,54.5,2.0258620689655173,58.75,-0.14655172413793105,-4.25
qwen25_15b,852,msc_valid,20,recency,0.2,29,2.3448275862068964,68.0,2.0258620689655173,58.75,0.318965517241379,9.25
qwen25_15b,852,msc_valid,20,lexical_tfidf,0.2,29,2.293103448275862,66.5,2.0258620689655173,58.75,0.26724137931034475,7.75
qwen25_15b,852,msc_valid,20,recency_keep_compress_drop,0.2,29,2.4482758620689653,71.0,2.0258620689655173,58.75,0.42241379310344795,12.25
qwen25_15b,852,msc_valid,20,uniform,0.35,29,2.163793103448276,62.75,2.0258620689655173,58.75,0.13793103448275845,4.0
qwen25_15b,852,msc_valid,20,longllmlingua,0.35,29,1.8103448275862069,52.5,2.0258620689655173,58.75,-0.2155172413793105,-6.25
qwen25_15b,852,msc_valid,20,recency,0.35,29,2.3620689655172415,68.5,2.0258620689655173,58.75,0.3362068965517242,9.75
qwen25_15b,852,msc_valid,20,lexical_tfidf,0.35,29,2.163793103448276,62.75,2.0258620689655173,58.75,0.13793103448275845,4.0
qwen25_15b,852,msc_valid,20,recency_keep_compress_drop,0.35,29,2.2758620689655173,66.0,2.0258620689655173,58.75,0.25,7.25
qwen25_15b,852,msc_valid,20,uniform,0.5,29,2.0,58.0,2.0258620689655173,58.75,-0.02586206896551735,-0.75
qwen25_15b,852,msc_valid,20,longllmlingua,0.5,29,1.8706896551724137,54.25,2.0258620689655173,58.75,-0.15517241379310365,-4.5
qwen25_15b,852,msc_valid,20,recency,0.5,29,2.310344827586207,67.0,2.0258620689655173,58.75,0.2844827586206895,8.25
qwen25_15b,852,msc_valid,20,lexical_tfidf,0.5,29,2.1810344827586206,63.25,2.0258620689655173,58.75,0.1551724137931032,4.5
qwen25_15b,852,msc_valid,20,recency_keep_compress_drop,0.5,29,2.1724137931034484,63.0,2.0258620689655173,58.75,0.14655172413793105,4.25
qwen25_15b,852,msc_valid,24,uniform,0.2,16,2.828125,45.25,2.71875,43.5,0.109375,1.75
qwen25_15b,852,msc_valid,24,longllmlingua,0.2,16,2.796875,44.75,2.71875,43.5,0.078125,1.25
qwen25_15b,852,msc_valid,24,recency,0.2,16,2.828125,45.25,2.71875,43.5,0.109375,1.75
qwen25_15b,852,msc_valid,24,lexical_tfidf,0.2,16,2.859375,45.75,2.71875,43.5,0.140625,2.25
qwen25_15b,852,msc_valid,24,recency_keep_compress_drop,0.2,16,2.90625,46.5,2.71875,43.5,0.1875,3.0
qwen25_15b,852,msc_valid,24,uniform,0.35,16,2.71875,43.5,2.71875,43.5,0.0,0.0
qwen25_15b,852,msc_valid,24,longllmlingua,0.35,16,2.671875,42.75,2.71875,43.5,-0.046875,-0.75
qwen25_15b,852,msc_valid,24,recency,0.35,16,2.765625,44.25,2.71875,43.5,0.046875,0.75
qwen25_15b,852,msc_valid,24,lexical_tfidf,0.35,16,2.90625,46.5,2.71875,43.5,0.1875,3.0
qwen25_15b,852,msc_valid,24,recency_keep_compress_drop,0.35,16,2.875,46.0,2.71875,43.5,0.15625,2.5
qwen25_15b,852,msc_valid,24,uniform,0.5,16,2.703125,43.25,2.71875,43.5,-0.015625,-0.25
qwen25_15b,852,msc_valid,24,longllmlingua,0.5,16,2.703125,43.25,2.71875,43.5,-0.015625,-0.25
qwen25_15b,852,msc_valid,24,recency,0.5,16,2.703125,43.25,2.71875,43.5,-0.015625,-0.25
qwen25_15b,852,msc_valid,24,lexical_tfidf,0.5,16,2.8125,45.0,2.71875,43.5,0.09375,1.5
qwen25_15b,852,msc_valid,24,recency_keep_compress_drop,0.5,16,2.890625,46.25,2.71875,43.5,0.171875,2.75
qwen25_15b,852,msc_valid,28,uniform,0.2,26,2.269230769230769,59.0,2.2403846153846154,58.25,0.028846153846153744,0.75
qwen25_15b,852,msc_valid,28,longllmlingua,0.2,26,2.3173076923076925,60.25,2.2403846153846154,58.25,0.0769230769230771,2.0
qwen25_15b,852,msc_valid,28,recency,0.2,26,2.5384615384615383,66.0,2.2403846153846154,58.25,0.2980769230769229,7.75
qwen25_15b,852,msc_valid,28,lexical_tfidf,0.2,26,2.4423076923076925,63.5,2.2403846153846154,58.25,0.2019230769230771,5.25
qwen25_15b,852,msc_valid,28,recency_keep_compress_drop,0.2,26,2.326923076923077,60.5,2.2403846153846154,58.25,0.08653846153846168,2.25
qwen25_15b,852,msc_valid,28,uniform,0.35,26,2.375,61.75,2.2403846153846154,58.25,0.13461538461538458,3.5
qwen25_15b,852,msc_valid,28,longllmlingua,0.35,26,2.3076923076923075,60.0,2.2403846153846154,58.25,0.06730769230769207,1.75
qwen25_15b,852,msc_valid,28,recency,0.35,26,2.519230769230769,65.5,2.2403846153846154,58.25,0.27884615384615374,7.25
qwen25_15b,852,msc_valid,28,lexical_tfidf,0.35,26,2.3461538461538463,61.0,2.2403846153846154,58.25,0.10576923076923084,2.75
qwen25_15b,852,msc_valid,28,recency_keep_compress_drop,0.35,26,2.375,61.75,2.2403846153846154,58.25,0.13461538461538458,3.5
qwen25_15b,852,msc_valid,28,uniform,0.5,26,2.2596153846153846,58.75,2.2403846153846154,58.25,0.019230769230769162,0.5
qwen25_15b,852,msc_valid,28,longllmlingua,0.5,26,2.2884615384615383,59.5,2.2403846153846154,58.25,0.048076923076922906,1.25
qwen25_15b,852,msc_valid,28,recency,0.5,26,2.3365384615384617,60.75,2.2403846153846154,58.25,0.09615384615384626,2.5
qwen25_15b,852,msc_valid,28,lexical_tfidf,0.5,26,2.326923076923077,60.5,2.2403846153846154,58.25,0.08653846153846168,2.25
qwen25_15b,852,msc_valid,28,recency_keep_compress_drop,0.5,26,2.3461538461538463,61.0,2.2403846153846154,58.25,0.10576923076923084,2.75
qwen25_15b,852,msc_valid,32,uniform,0.2,43,2.558139534883721,110.0,2.4767441860465116,106.5,0.08139534883720945,3.5
qwen25_15b,852,msc_valid,32,longllmlingua,0.2,43,2.5813953488372094,111.0,2.4767441860465116,106.5,0.10465116279069786,4.5
qwen25_15b,852,msc_valid,32,recency,0.2,43,2.5,107.5,2.4767441860465116,106.5,0.023255813953488413,1.0
qwen25_15b,852,msc_valid,32,lexical_tfidf,0.2,43,2.395348837209302,103.0,2.4767441860465116,106.5,-0.08139534883720945,-3.5
qwen25_15b,852,msc_valid,32,recency_keep_compress_drop,0.2,43,2.5348837209302326,109.0,2.4767441860465116,106.5,0.058139534883721034,2.5
qwen25_15b,852,msc_valid,32,uniform,0.35,43,2.488372093023256,107.0,2.4767441860465116,106.5,0.011627906976744207,0.5
qwen25_15b,852,msc_valid,32,longllmlingua,0.35,43,2.488372093023256,107.0,2.4767441860465116,106.5,0.011627906976744207,0.5
qwen25_15b,852,msc_valid,32,recency,0.35,43,2.558139534883721,110.0,2.4767441860465116,106.5,0.08139534883720945,3.5
qwen25_15b,852,msc_valid,32,lexical_tfidf,0.35,43,2.4069767441860463,103.5,2.4767441860465116,106.5,-0.06976744186046524,-3.0
qwen25_15b,852,msc_valid,32,recency_keep_compress_drop,0.35,43,2.5348837209302326,109.0,2.4767441860465116,106.5,0.058139534883721034,2.5
qwen25_15b,852,msc_valid,32,uniform,0.5,43,2.4651162790697674,106.0,2.4767441860465116,106.5,-0.011627906976744207,-0.5
qwen25_15b,852,msc_valid,32,longllmlingua,0.5,43,2.4767441860465116,106.5,2.4767441860465116,106.5,0.0,0.0
qwen25_15b,852,msc_valid,32,recency,0.5,43,2.5697674418604652,110.5,2.4767441860465116,106.5,0.09302325581395365,4.0
qwen25_15b,852,msc_valid,32,lexical_tfidf,0.5,43,2.4651162790697674,106.0,2.4767441860465116,106.5,-0.011627906976744207,-0.5
qwen25_15b,852,msc_valid,32,recency_keep_compress_drop,0.5,43,2.5232558139534884,108.5,2.4767441860465116,106.5,0.04651162790697683,2.0
qwen25_15b,852,msc_valid,34,uniform,0.2,33,1.803030303030303,59.5,1.6818181818181819,55.5,0.1212121212121211,4.0
qwen25_15b,852,msc_valid,34,longllmlingua,0.2,33,1.8636363636363635,61.5,1.6818181818181819,55.5,0.18181818181818166,6.0
qwen25_15b,852,msc_valid,34,recency,0.2,33,1.8333333333333333,60.5,1.6818181818181819,55.5,0.15151515151515138,5.0
qwen25_15b,852,msc_valid,34,lexical_tfidf,0.2,33,1.9166666666666667,63.25,1.6818181818181819,55.5,0.23484848484848486,7.75
qwen25_15b,852,msc_valid,34,recency_keep_compress_drop,0.2,33,1.7272727272727273,57.0,1.6818181818181819,55.5,0.045454545454545414,1.5
qwen25_15b,852,msc_valid,34,uniform,0.35,33,1.7196969696969697,56.75,1.6818181818181819,55.5,0.037878787878787845,1.25
qwen25_15b,852,msc_valid,34,longllmlingua,0.35,33,1.8409090909090908,60.75,1.6818181818181819,55.5,0.15909090909090895,5.25
qwen25_15b,852,msc_valid,34,recency,0.35,33,1.7727272727272727,58.5,1.6818181818181819,55.5,0.09090909090909083,3.0
qwen25_15b,852,msc_valid,34,lexical_tfidf,0.35,33,1.8181818181818181,60.0,1.6818181818181819,55.5,0.13636363636363624,4.5
qwen25_15b,852,msc_valid,34,recency_keep_compress_drop,0.35,33,1.7196969696969697,56.75,1.6818181818181819,55.5,0.037878787878787845,1.25
qwen25_15b,852,msc_valid,34,uniform,0.5,33,1.7803030303030303,58.75,1.6818181818181819,55.5,0.0984848484848484,3.25
qwen25_15b,852,msc_valid,34,longllmlingua,0.5,33,1.893939393939394,62.5,1.6818181818181819,55.5,0.21212121212121215,7.0
qwen25_15b,852,msc_valid,34,recency,0.5,33,1.7878787878787878,59.0,1.6818181818181819,55.5,0.10606060606060597,3.5
qwen25_15b,852,msc_valid,34,lexical_tfidf,0.5,33,1.8106060606060606,59.75,1.6818181818181819,55.5,0.12878787878787867,4.25
qwen25_15b,852,msc_valid,34,recency_keep_compress_drop,0.5,33,1.6818181818181819,55.5,1.6818181818181819,55.5,0.0,0.0
qwen25_15b,852,msc_valid,38,uniform,0.2,52,2.6346153846153846,137.0,2.4615384615384617,128.0,0.1730769230769229,9.0
qwen25_15b,852,msc_valid,38,longllmlingua,0.2,52,2.5961538461538463,135.0,2.4615384615384617,128.0,0.13461538461538458,7.0
qwen25_15b,852,msc_valid,38,recency,0.2,52,2.7115384615384617,141.0,2.4615384615384617,128.0,0.25,13.0
qwen25_15b,852,msc_valid,38,lexical_tfidf,0.2,52,2.6538461538461537,138.0,2.4615384615384617,128.0,0.19230769230769207,10.0
qwen25_15b,852,msc_valid,38,recency_keep_compress_drop,0.2,52,2.6153846153846154,136.0,2.4615384615384617,128.0,0.15384615384615374,8.0
qwen25_15b,852,msc_valid,38,uniform,0.35,52,2.6346153846153846,137.0,2.4615384615384617,128.0,0.1730769230769229,9.0
qwen25_15b,852,msc_valid,38,longllmlingua,0.35,52,2.5961538461538463,135.0,2.4615384615384617,128.0,0.13461538461538458,7.0
qwen25_15b,852,msc_valid,38,recency,0.35,52,2.673076923076923,139.0,2.4615384615384617,128.0,0.21153846153846123,11.0
qwen25_15b,852,msc_valid,38,lexical_tfidf,0.35,52,2.5961538461538463,135.0,2.4615384615384617,128.0,0.13461538461538458,7.0
qwen25_15b,852,msc_valid,38,recency_keep_compress_drop,0.35,52,2.5576923076923075,133.0,2.4615384615384617,128.0,0.09615384615384581,5.0
qwen25_15b,852,msc_valid,38,uniform,0.5,52,2.576923076923077,134.0,2.4615384615384617,128.0,0.11538461538461542,6.0
qwen25_15b,852,msc_valid,38,longllmlingua,0.5,52,2.5961538461538463,135.0,2.4615384615384617,128.0,0.13461538461538458,7.0
qwen25_15b,852,msc_valid,38,recency,0.5,52,2.576923076923077,134.0,2.4615384615384617,128.0,0.11538461538461542,6.0
qwen25_15b,852,msc_valid,38,lexical_tfidf,0.5,52,2.5961538461538463,135.0,2.4615384615384617,128.0,0.13461538461538458,7.0
qwen25_15b,852,msc_valid,38,recency_keep_compress_drop,0.5,52,2.5384615384615383,132.0,2.4615384615384617,128.0,0.07692307692307665,4.0
qwen25_15b,852,msc_valid,42,uniform,0.2,31,2.1451612903225805,66.5,0.0,0.0,2.1451612903225805,66.5
qwen25_15b,852,msc_valid,42,longllmlingua,0.2,31,2.064516129032258,64.0,0.0,0.0,2.064516129032258,64.0
qwen25_15b,852,msc_valid,42,recency,0.2,31,2.193548387096774,68.0,0.0,0.0,2.193548387096774,68.0
qwen25_15b,852,msc_valid,42,lexical_tfidf,0.2,31,2.161290322580645,67.0,0.0,0.0,2.161290322580645,67.0
qwen25_15b,852,msc_valid,42,recency_keep_compress_drop,0.2,31,2.1129032258064515,65.5,0.0,0.0,2.1129032258064515,65.5
qwen25_15b,852,msc_valid,42,uniform,0.35,31,2.0806451612903225,64.5,0.0,0.0,2.0806451612903225,64.5
qwen25_15b,852,msc_valid,42,longllmlingua,0.35,31,2.024193548387097,62.75,0.0,0.0,2.024193548387097,62.75
qwen25_15b,852,msc_valid,42,recency,0.35,31,2.193548387096774,68.0,0.0,0.0,2.193548387096774,68.0
qwen25_15b,852,msc_valid,42,lexical_tfidf,0.35,31,2.129032258064516,66.0,0.0,0.0,2.129032258064516,66.0
qwen25_15b,852,msc_valid,42,recency_keep_compress_drop,0.35,31,2.1451612903225805,66.5,0.0,0.0,2.1451612903225805,66.5
qwen25_15b,852,msc_valid,42,uniform,0.5,31,2.096774193548387,65.0,0.0,0.0,2.096774193548387,65.0
qwen25_15b,852,msc_valid,42,longllmlingua,0.5,31,2.0,62.0,0.0,0.0,2.0,62.0
qwen25_15b,852,msc_valid,42,recency,0.5,31,2.129032258064516,66.0,0.0,0.0,2.129032258064516,66.0
qwen25_15b,852,msc_valid,42,lexical_tfidf,0.5,31,2.129032258064516,66.0,0.0,0.0,2.129032258064516,66.0
qwen25_15b,852,msc_valid,42,recency_keep_compress_drop,0.5,31,2.1129032258064515,65.5,0.0,0.0,2.1129032258064515,65.5
qwen25_15b,852,msc_valid,46,uniform,0.2,10,1.3625,13.625,0.0,0.0,1.3625,13.625
qwen25_15b,852,msc_valid,46,longllmlingua,0.2,10,1.65,16.5,0.0,0.0,1.65,16.5
qwen25_15b,852,msc_valid,46,recency,0.2,10,1.5625,15.625,0.0,0.0,1.5625,15.625
qwen25_15b,852,msc_valid,46,lexical_tfidf,0.2,10,1.175,11.75,0.0,0.0,1.175,11.75
qwen25_15b,852,msc_valid,46,recency_keep_compress_drop,0.2,10,1.5125,15.125,0.0,0.0,1.5125,15.125
qwen25_15b,852,msc_valid,46,uniform,0.35,10,1.25625,12.5625,0.0,0.0,1.25625,12.5625
qwen25_15b,852,msc_valid,46,longllmlingua,0.35,10,1.55,15.5,0.0,0.0,1.55,15.5
qwen25_15b,852,msc_valid,46,recency,0.35,10,1.34375,13.4375,0.0,0.0,1.34375,13.4375
qwen25_15b,852,msc_valid,46,lexical_tfidf,0.35,10,1.275,12.75,0.0,0.0,1.275,12.75
qwen25_15b,852,msc_valid,46,recency_keep_compress_drop,0.35,10,1.41875,14.1875,0.0,0.0,1.41875,14.1875
qwen25_15b,852,msc_valid,46,uniform,0.5,10,1.24375,12.4375,0.0,0.0,1.24375,12.4375
qwen25_15b,852,msc_valid,46,longllmlingua,0.5,10,1.4875,14.875,0.0,0.0,1.4875,14.875
qwen25_15b,852,msc_valid,46,recency,0.5,10,1.45625,14.5625,0.0,0.0,1.45625,14.5625
qwen25_15b,852,msc_valid,46,lexical_tfidf,0.5,10,1.33125,13.3125,0.0,0.0,1.33125,13.3125
qwen25_15b,852,msc_valid,46,recency_keep_compress_drop,0.5,10,1.35,13.5,0.0,0.0,1.35,13.5
qwen25_15b,852,msc_valid,50,uniform,0.2,27,2.0277777777777777,54.75,0.0,0.0,2.0277777777777777,54.75
qwen25_15b,852,msc_valid,50,longllmlingua,0.2,27,2.2314814814814814,60.25,0.0,0.0,2.2314814814814814,60.25
qwen25_15b,852,msc_valid,50,recency,0.2,27,1.9537037037037037,52.75,0.0,0.0,1.9537037037037037,52.75
qwen25_15b,852,msc_valid,50,lexical_tfidf,0.2,27,1.9722222222222223,53.25,0.0,0.0,1.9722222222222223,53.25
qwen25_15b,852,msc_valid,50,recency_keep_compress_drop,0.2,27,2.074074074074074,56.0,0.0,0.0,2.074074074074074,56.0
qwen25_15b,852,msc_valid,50,uniform,0.35,27,2.064814814814815,55.75,0.0,0.0,2.064814814814815,55.75
qwen25_15b,852,msc_valid,50,longllmlingua,0.35,27,2.1944444444444446,59.25,0.0,0.0,2.1944444444444446,59.25
qwen25_15b,852,msc_valid,50,recency,0.35,27,2.037037037037037,55.0,0.0,0.0,2.037037037037037,55.0
qwen25_15b,852,msc_valid,50,lexical_tfidf,0.35,27,1.9907407407407407,53.75,0.0,0.0,1.9907407407407407,53.75
qwen25_15b,852,msc_valid,50,recency_keep_compress_drop,0.35,27,2.074074074074074,56.0,0.0,0.0,2.074074074074074,56.0
qwen25_15b,852,msc_valid,50,uniform,0.5,27,2.0833333333333335,56.25,0.0,0.0,2.0833333333333335,56.25
qwen25_15b,852,msc_valid,50,longllmlingua,0.5,27,2.259259259259259,61.0,0.0,0.0,2.259259259259259,61.0
qwen25_15b,852,msc_valid,50,recency,0.5,27,2.0833333333333335,56.25,0.0,0.0,2.0833333333333335,56.25
qwen25_15b,852,msc_valid,50,lexical_tfidf,0.5,27,2.1018518518518516,56.75,0.0,0.0,2.1018518518518516,56.75
qwen25_15b,852,msc_valid,50,recency_keep_compress_drop,0.5,27,1.9722222222222223,53.25,0.0,0.0,1.9722222222222223,53.25
qwen25_15b,852,msc_valid,54,uniform,0.2,29,2.043103448275862,59.25,0.0,0.0,2.043103448275862,59.25
qwen25_15b,852,msc_valid,54,longllmlingua,0.2,29,2.206896551724138,64.0,0.0,0.0,2.206896551724138,64.0
qwen25_15b,852,msc_valid,54,recency,0.2,29,1.8362068965517242,53.25,0.0,0.0,1.8362068965517242,53.25
qwen25_15b,852,msc_valid,54,lexical_tfidf,0.2,29,1.8620689655172413,54.0,0.0,0.0,1.8620689655172413,54.0
qwen25_15b,852,msc_valid,54,recency_keep_compress_drop,0.2,29,1.8706896551724137,54.25,0.0,0.0,1.8706896551724137,54.25
qwen25_15b,852,msc_valid,54,uniform,0.35,29,2.0775862068965516,60.25,0.0,0.0,2.0775862068965516,60.25
qwen25_15b,852,msc_valid,54,longllmlingua,0.35,29,2.1551724137931036,62.5,0.0,0.0,2.1551724137931036,62.5
qwen25_15b,852,msc_valid,54,recency,0.35,29,1.8362068965517242,53.25,0.0,0.0,1.8362068965517242,53.25
qwen25_15b,852,msc_valid,54,lexical_tfidf,0.35,29,1.8275862068965518,53.0,0.0,0.0,1.8275862068965518,53.0
qwen25_15b,852,msc_valid,54,recency_keep_compress_drop,0.35,29,1.9224137931034482,55.75,0.0,0.0,1.9224137931034482,55.75
qwen25_15b,852,msc_valid,54,uniform,0.5,29,2.0258620689655173,58.75,0.0,0.0,2.0258620689655173,58.75
qwen25_15b,852,msc_valid,54,longllmlingua,0.5,29,2.103448275862069,61.0,0.0,0.0,2.103448275862069,61.0
qwen25_15b,852,msc_valid,54,recency,0.5,29,1.8448275862068966,53.5,0.0,0.0,1.8448275862068966,53.5
qwen25_15b,852,msc_valid,54,lexical_tfidf,0.5,29,1.8017241379310345,52.25,0.0,0.0,1.8017241379310345,52.25
qwen25_15b,852,msc_valid,54,recency_keep_compress_drop,0.5,29,1.9396551724137931,56.25,0.0,0.0,1.9396551724137931,56.25
qwen25_15b,852,msc_valid,58,uniform,0.2,45,2.488888888888889,112.0,0.0,0.0,2.488888888888889,112.0
qwen25_15b,852,msc_valid,58,longllmlingua,0.2,45,2.466666666666667,111.0,0.0,0.0,2.466666666666667,111.0
qwen25_15b,852,msc_valid,58,recency,0.2,45,2.3777777777777778,107.0,0.0,0.0,2.3777777777777778,107.0
qwen25_15b,852,msc_valid,58,lexical_tfidf,0.2,45,2.388888888888889,107.5,0.0,0.0,2.388888888888889,107.5
qwen25_15b,852,msc_valid,58,recency_keep_compress_drop,0.2,45,2.3444444444444446,105.5,0.0,0.0,2.3444444444444446,105.5
qwen25_15b,852,msc_valid,58,uniform,0.35,45,2.422222222222222,109.0,0.0,0.0,2.422222222222222,109.0
qwen25_15b,852,msc_valid,58,longllmlingua,0.35,45,2.433333333333333,109.5,0.0,0.0,2.433333333333333,109.5
qwen25_15b,852,msc_valid,58,recency,0.35,45,2.3555555555555556,106.0,0.0,0.0,2.3555555555555556,106.0
qwen25_15b,852,msc_valid,58,lexical_tfidf,0.35,45,2.3777777777777778,107.0,0.0,0.0,2.3777777777777778,107.0
qwen25_15b,852,msc_valid,58,recency_keep_compress_drop,0.35,45,2.2555555555555555,101.5,0.0,0.0,2.2555555555555555,101.5
qwen25_15b,852,msc_valid,58,uniform,0.5,45,2.4444444444444446,110.0,0.0,0.0,2.4444444444444446,110.0
qwen25_15b,852,msc_valid,58,longllmlingua,0.5,45,2.5555555555555554,115.0,0.0,0.0,2.5555555555555554,115.0
qwen25_15b,852,msc_valid,58,recency,0.5,45,2.3666666666666667,106.5,0.0,0.0,2.3666666666666667,106.5
qwen25_15b,852,msc_valid,58,lexical_tfidf,0.5,45,2.3555555555555556,106.0,0.0,0.0,2.3555555555555556,106.0
qwen25_15b,852,msc_valid,58,recency_keep_compress_drop,0.5,45,2.2666666666666666,102.0,0.0,0.0,2.2666666666666666,102.0
qwen25_15b,852,msc_valid,62,uniform,0.2,12,1.40625,16.875,0.0,0.0,1.40625,16.875
qwen25_15b,852,msc_valid,62,longllmlingua,0.2,12,1.4895833333333333,17.875,0.0,0.0,1.4895833333333333,17.875
qwen25_15b,852,msc_valid,62,recency,0.2,12,1.1354166666666667,13.625,0.0,0.0,1.1354166666666667,13.625
qwen25_15b,852,msc_valid,62,lexical_tfidf,0.2,12,1.046875,12.5625,0.0,0.0,1.046875,12.5625
qwen25_15b,852,msc_valid,62,recency_keep_compress_drop,0.2,12,1.1510416666666667,13.8125,0.0,0.0,1.1510416666666667,13.8125
qwen25_15b,852,msc_valid,62,uniform,0.35,12,1.3854166666666667,16.625,0.0,0.0,1.3854166666666667,16.625
qwen25_15b,852,msc_valid,62,longllmlingua,0.35,12,1.4375,17.25,0.0,0.0,1.4375,17.25
qwen25_15b,852,msc_valid,62,recency,0.35,12,1.1458333333333333,13.75,0.0,0.0,1.1458333333333333,13.75
qwen25_15b,852,msc_valid,62,lexical_tfidf,0.35,12,1.0052083333333333,12.0625,0.0,0.0,1.0052083333333333,12.0625
qwen25_15b,852,msc_valid,62,recency_keep_compress_drop,0.35,12,1.1979166666666667,14.375,0.0,0.0,1.1979166666666667,14.375
qwen25_15b,852,msc_valid,62,uniform,0.5,12,1.34375,16.125,0.0,0.0,1.34375,16.125
qwen25_15b,852,msc_valid,62,longllmlingua,0.5,12,1.4270833333333333,17.125,0.0,0.0,1.4270833333333333,17.125
qwen25_15b,852,msc_valid,62,recency,0.5,0,0.0,0.0,0.0,0.0,0.0,0.0
qwen25_15b,852,msc_valid,62,lexical_tfidf,0.5,0,0.0,0.0,0.0,0.0,0.0,0.0
qwen25_15b,852,msc_valid,62,recency_keep_compress_drop,0.5,0,0.0,0.0,0.0,0.0,0.0,0.0
qwen25_15b,859,msc_valid,4,uniform,0.2,16,4.4375,71.0,4.25,68.0,0.1875,3.0
qwen25_15b,859,msc_valid,4,longllmlingua,0.2,16,3.703125,59.25,4.25,68.0,-0.546875,-8.75
qwen25_15b,859,msc_valid,4,recency,0.2,16,4.4375,71.0,4.25,68.0,0.1875,3.0
qwen25_15b,859,msc_valid,4,lexical_tfidf,0.2,16,4.4375,71.0,4.25,68.0,0.1875,3.0
qwen25_15b,859,msc_valid,4,recency_keep_compress_drop,0.2,16,4.4375,71.0,4.25,68.0,0.1875,3.0
qwen25_15b,859,msc_valid,4,uniform,0.35,16,4.4375,71.0,4.25,68.0,0.1875,3.0
qwen25_15b,859,msc_valid,4,longllmlingua,0.35,16,3.703125,59.25,4.25,68.0,-0.546875,-8.75
qwen25_15b,859,msc_valid,4,recency,0.35,16,4.4375,71.0,4.25,68.0,0.1875,3.0
qwen25_15b,859,msc_valid,4,lexical_tfidf,0.35,16,4.4375,71.0,4.25,68.0,0.1875,3.0
qwen25_15b,859,msc_valid,4,recency_keep_compress_drop,0.35,16,4.4375,71.0,4.25,68.0,0.1875,3.0
qwen25_15b,859,msc_valid,4,uniform,0.5,16,4.34375,69.5,4.25,68.0,0.09375,1.5
qwen25_15b,859,msc_valid,4,longllmlingua,0.5,16,3.625,58.0,4.25,68.0,-0.625,-10.0
qwen25_15b,859,msc_valid,4,recency,0.5,16,4.34375,69.5,4.25,68.0,0.09375,1.5
qwen25_15b,859,msc_valid,4,lexical_tfidf,0.5,16,4.34375,69.5,4.25,68.0,0.09375,1.5
qwen25_15b,859,msc_valid,4,recency_keep_compress_drop,0.5,16,4.34375,69.5,4.25,68.0,0.09375,1.5
qwen25_15b,859,msc_valid,6,uniform,0.2,18,2.8472222222222223,51.25,2.4444444444444446,44.0,0.4027777777777777,7.25
qwen25_15b,859,msc_valid,6,longllmlingua,0.2,18,2.4444444444444446,44.0,2.4444444444444446,44.0,0.0,0.0
qwen25_15b,859,msc_valid,6,recency,0.2,18,2.8472222222222223,51.25,2.4444444444444446,44.0,0.4027777777777777,7.25
qwen25_15b,859,msc_valid,6,lexical_tfidf,0.2,18,2.8472222222222223,51.25,2.4444444444444446,44.0,0.4027777777777777,7.25
qwen25_15b,859,msc_valid,6,recency_keep_compress_drop,0.2,18,3.3333333333333335,60.0,2.4444444444444446,44.0,0.8888888888888888,16.0
qwen25_15b,859,msc_valid,6,uniform,0.35,18,3.0833333333333335,55.5,2.4444444444444446,44.0,0.6388888888888888,11.5
qwen25_15b,859,msc_valid,6,longllmlingua,0.35,18,2.4305555555555554,43.75,2.4444444444444446,44.0,-0.013888888888889284,-0.25
qwen25_15b,859,msc_valid,6,recency,0.35,18,2.8472222222222223,51.25,2.4444444444444446,44.0,0.4027777777777777,7.25
qwen25_15b,859,msc_valid,6,lexical_tfidf,0.35,18,2.8472222222222223,51.25,2.4444444444444446,44.0,0.4027777777777777,7.25
qwen25_15b,859,msc_valid,6,recency_keep_compress_drop,0.35,18,2.875,51.75,2.4444444444444446,44.0,0.43055555555555536,7.75
qwen25_15b,859,msc_valid,6,uniform,0.5,18,2.8472222222222223,51.25,2.4444444444444446,44.0,0.4027777777777777,7.25
qwen25_15b,859,msc_valid,6,longllmlingua,0.5,18,2.625,47.25,2.4444444444444446,44.0,0.18055555555555536,3.25
qwen25_15b,859,msc_valid,6,recency,0.5,18,2.5833333333333335,46.5,2.4444444444444446,44.0,0.13888888888888884,2.5
qwen25_15b,859,msc_valid,6,lexical_tfidf,0.5,18,2.8472222222222223,51.25,2.4444444444444446,44.0,0.4027777777777777,7.25
qwen25_15b,859,msc_valid,6,recency_keep_compress_drop,0.5,18,2.736111111111111,49.25,2.4444444444444446,44.0,0.2916666666666665,5.25
qwen25_15b,859,msc_valid,8,uniform,0.2,19,3.6315789473684212,69.0,3.039473684210526,57.75,0.5921052631578951,11.25
qwen25_15b,859,msc_valid,8,longllmlingua,0.2,19,3.276315789473684,62.25,3.039473684210526,57.75,0.23684210526315796,4.5
qwen25_15b,859,msc_valid,8,recency,0.2,19,3.736842105263158,71.0,3.039473684210526,57.75,0.6973684210526319,13.25
qwen25_15b,859,msc_valid,8,lexical_tfidf,0.2,19,3.6315789473684212,69.0,3.039473684210526,57.75,0.5921052631578951,11.25
qwen25_15b,859,msc_valid,8,recency_keep_compress_drop,0.2,19,3.6315789473684212,69.0,3.039473684210526,57.75,0.5921052631578951,11.25
qwen25_15b,859,msc_valid,8,uniform,0.35,19,3.789473684210526,72.0,3.039473684210526,57.75,0.75,14.25
qwen25_15b,859,msc_valid,8,longllmlingua,0.35,19,3.276315789473684,62.25,3.039473684210526,57.75,0.23684210526315796,4.5
qwen25_15b,859,msc_valid,8,recency,0.35,19,3.4473684210526314,65.5,3.039473684210526,57.75,0.4078947368421053,7.75
qwen25_15b,859,msc_valid,8,lexical_tfidf,0.35,19,3.4473684210526314,65.5,3.039473684210526,57.75,0.4078947368421053,7.75
qwen25_15b,859,msc_valid,8,recency_keep_compress_drop,0.35,19,3.3947368421052633,64.5,3.039473684210526,57.75,0.35526315789473717,6.75
qwen25_15b,859,msc_valid,8,uniform,0.5,19,3.473684210526316,66.0,3.039473684210526,57.75,0.4342105263157898,8.25
qwen25_15b,859,msc_valid,8,longllmlingua,0.5,19,3.236842105263158,61.5,3.039473684210526,57.75,0.19736842105263186,3.75
qwen25_15b,859,msc_valid,8,recency,0.5,19,3.3289473684210527,63.25,3.039473684210526,57.75,0.28947368421052655,5.5
qwen25_15b,859,msc_valid,8,lexical_tfidf,0.5,19,3.25,61.75,3.039473684210526,57.75,0.2105263157894739,4.0
qwen25_15b,859,msc_valid,8,recency_keep_compress_drop,0.5,19,3.3026315789473686,62.75,3.039473684210526,57.75,0.2631578947368425,5.0
qwen25_15b,859,msc_valid,10,uniform,0.2,17,4.0588235294117645,69.0,3.0,51.0,1.0588235294117645,18.0
qwen25_15b,859,msc_valid,10,longllmlingua,0.2,17,3.411764705882353,58.0,3.0,51.0,0.4117647058823528,7.0
qwen25_15b,859,msc_valid,10,recency,0.2,17,4.0,68.0,3.0,51.0,1.0,17.0
qwen25_15b,859,msc_valid,10,lexical_tfidf,0.2,17,4.0,68.0,3.0,51.0,1.0,17.0
qwen25_15b,859,msc_valid,10,recency_keep_compress_drop,0.2,17,3.588235294117647,61.0,3.0,51.0,0.5882352941176472,10.0
qwen25_15b,859,msc_valid,10,uniform,0.35,17,4.117647058823529,70.0,3.0,51.0,1.117647058823529,19.0
qwen25_15b,859,msc_valid,10,longllmlingua,0.35,17,3.514705882352941,59.75,3.0,51.0,0.5147058823529411,8.75
qwen25_15b,859,msc_valid,10,recency,0.35,17,3.2941176470588234,56.0,3.0,51.0,0.2941176470588234,5.0
qwen25_15b,859,msc_valid,10,lexical_tfidf,0.35,17,3.3529411764705883,57.0,3.0,51.0,0.3529411764705883,6.0
qwen25_15b,859,msc_valid,10,recency_keep_compress_drop,0.35,17,3.2941176470588234,56.0,3.0,51.0,0.2941176470588234,5.0
qwen25_15b,859,msc_valid,10,uniform,0.5,17,4.117647058823529,70.0,3.0,51.0,1.117647058823529,19.0
qwen25_15b,859,msc_valid,10,longllmlingua,0.5,17,3.426470588235294,58.25,3.0,51.0,0.42647058823529393,7.25
qwen25_15b,859,msc_valid,10,recency,0.5,17,3.0588235294117645,52.0,3.0,51.0,0.0588235294117645,1.0
qwen25_15b,859,msc_valid,10,lexical_tfidf,0.5,17,4.029411764705882,68.5,3.0,51.0,1.0294117647058822,17.5
qwen25_15b,859,msc_valid,10,recency_keep_compress_drop,0.5,17,3.1470588235294117,53.5,3.0,51.0,0.1470588235294117,2.5
qwen25_15b,859,msc_valid,12,uniform,0.2,17,3.823529411764706,65.0,2.823529411764706,48.0,1.0,17.0
qwen25_15b,859,msc_valid,12,longllmlingua,0.2,17,3.161764705882353,53.75,2.823529411764706,48.0,0.33823529411764675,5.75
qwen25_15b,859,msc_valid,12,recency,0.2,17,3.6323529411764706,61.75,2.823529411764706,48.0,0.8088235294117645,13.75
qwen25_15b,859,msc_valid,12,lexical_tfidf,0.2,17,3.6323529411764706,61.75,2.823529411764706,48.0,0.8088235294117645,13.75
qwen25_15b,859,msc_valid,12,recency_keep_compress_drop,0.2,17,3.3088235294117645,56.25,2.823529411764706,48.0,0.48529411764705843,8.25
qwen25_15b,859,msc_valid,12,uniform,0.35,17,3.823529411764706,65.0,2.823529411764706,48.0,1.0,17.0
qwen25_15b,859,msc_valid,12,longllmlingua,0.35,17,3.0441176470588234,51.75,2.823529411764706,48.0,0.2205882352941173,3.75
qwen25_15b,859,msc_valid,12,recency,0.35,17,3.25,55.25,2.823529411764706,48.0,0.42647058823529393,7.25
qwen25_15b,859,msc_valid,12,lexical_tfidf,0.35,17,3.25,55.25,2.823529411764706,48.0,0.42647058823529393,7.25
qwen25_15b,859,msc_valid,12,recency_keep_compress_drop,0.35,17,3.161764705882353,53.75,2.823529411764706,48.0,0.33823529411764675,5.75
qwen25_15b,859,msc_valid,12,uniform,0.5,17,3.235294117647059,55.0,2.823529411764706,48.0,0.4117647058823528,7.0
qwen25_15b,859,msc_valid,12,longllmlingua,0.5,17,2.8529411764705883,48.5,2.823529411764706,48.0,0.02941176470588225,0.5
qwen25_15b,859,msc_valid,12,recency,0.5,17,3.1470588235294117,53.5,2.823529411764706,48.0,0.3235294117647056,5.5
qwen25_15b,859,msc_valid,12,lexical_tfidf,0.5,17,3.176470588235294,54.0,2.823529411764706,48.0,0.35294117647058787,6.0
qwen25_15b,859,msc_valid,12,recency_keep_compress_drop,0.5,17,3.0294117647058822,51.5,2.823529411764706,48.0,0.20588235294117618,3.5
qwen25_15b,859,msc_valid,14,uniform,0.2,19,3.3684210526315788,64.0,2.6710526315789473,50.75,0.6973684210526314,13.25
qwen25_15b,859,msc_valid,14,longllmlingua,0.2,19,3.0921052631578947,58.75,2.6710526315789473,50.75,0.42105263157894735,8.0
qwen25_15b,859,msc_valid,14,recency,0.2,19,3.3947368421052633,64.5,2.6710526315789473,50.75,0.7236842105263159,13.75
qwen25_15b,859,msc_valid,14,lexical_tfidf,0.2,19,3.473684210526316,66.0,2.6710526315789473,50.75,0.8026315789473686,15.25
qwen25_15b,859,msc_valid,14,recency_keep_compress_drop,0.2,19,3.3289473684210527,63.25,2.6710526315789473,50.75,0.6578947368421053,12.5
qwen25_15b,859,msc_valid,14,uniform,0.35,19,3.3684210526315788,64.0,2.6710526315789473,50.75,0.6973684210526314,13.25
qwen25_15b,859,msc_valid,14,longllmlingua,0.35,19,3.013157894736842,57.25,2.6710526315789473,50.75,0.3421052631578947,6.5
qwen25_15b,859,msc_valid,14,recency,0.35,19,3.3421052631578947,63.5,2.6710526315789473,50.75,0.6710526315789473,12.75
qwen25_15b,859,msc_valid,14,lexical_tfidf,0.35,19,3.25,61.75,2.6710526315789473,50.75,0.5789473684210527,11.0
qwen25_15b,859,msc_valid,14,recency_keep_compress_drop,0.35,19,3.0789473684210527,58.5,2.6710526315789473,50.75,0.4078947368421053,7.75
qwen25_15b,859,msc_valid,14,uniform,0.5,19,2.986842105263158,56.75,2.6710526315789473,50.75,0.3157894736842106,6.0
qwen25_15b,859,msc_valid,14,longllmlingua,0.5,19,3.1052631578947367,59.0,2.6710526315789473,50.75,0.4342105263157894,8.25
qwen25_15b,859,msc_valid,14,recency,0.5,19,2.960526315789474,56.25,2.6710526315789473,50.75,0.28947368421052655,5.5
qwen25_15b,859,msc_valid,14,lexical_tfidf,0.5,19,3.039473684210526,57.75,2.6710526315789473,50.75,0.36842105263157876,7.0
qwen25_15b,859,msc_valid,14,recency_keep_compress_drop,0.5,19,2.8684210526315788,54.5,2.6710526315789473,50.75,0.19736842105263142,3.75
qwen25_15b,895,msc_valid,4,uniform,0.2,15,4.216666666666667,63.25,3.85,57.75,0.3666666666666667,5.5
qwen25_15b,895,msc_valid,4,longllmlingua,0.2,15,3.6666666666666665,55.0,3.85,57.75,-0.18333333333333357,-2.75
qwen25_15b,895,msc_valid,4,recency,0.2,15,4.216666666666667,63.25,3.85,57.75,0.3666666666666667,5.5
qwen25_15b,895,msc_valid,4,lexical_tfidf,0.2,15,4.216666666666667,63.25,3.85,57.75,0.3666666666666667,5.5
qwen25_15b,895,msc_valid,4,recency_keep_compress_drop,0.2,15,4.216666666666667,63.25,3.85,57.75,0.3666666666666667,5.5
qwen25_15b,895,msc_valid,4,uniform,0.35,15,4.216666666666667,63.25,3.85,57.75,0.3666666666666667,5.5
qwen25_15b,895,msc_valid,4,longllmlingua,0.35,15,3.6333333333333333,54.5,3.85,57.75,-0.21666666666666679,-3.25
qwen25_15b,895,msc_valid,4,recency,0.35,15,4.216666666666667,63.25,3.85,57.75,0.3666666666666667,5.5
qwen25_15b,895,msc_valid,4,lexical_tfidf,0.35,15,4.216666666666667,63.25,3.85,57.75,0.3666666666666667,5.5
qwen25_15b,895,msc_valid,4,recency_keep_compress_drop,0.35,15,4.216666666666667,63.25,3.85,57.75,0.3666666666666667,5.5
qwen25_15b,895,msc_valid,4,uniform,0.5,15,4.016666666666667,60.25,3.85,57.75,0.16666666666666652,2.5
qwen25_15b,895,msc_valid,4,longllmlingua,0.5,15,3.6,54.0,3.85,57.75,-0.25,-3.75
qwen25_15b,895,msc_valid,4,recency,0.5,15,4.016666666666667,60.25,3.85,57.75,0.16666666666666652,2.5
qwen25_15b,895,msc_valid,4,lexical_tfidf,0.5,15,4.016666666666667,60.25,3.85,57.75,0.16666666666666652,2.5
qwen25_15b,895,msc_valid,4,recency_keep_compress_drop,0.5,15,4.016666666666667,60.25,3.85,57.75,0.16666666666666652,2.5
qwen25_15b,895,msc_valid,8,uniform,0.2,16,4.40625,70.5,3.921875,62.75,0.484375,7.75
qwen25_15b,895,msc_valid,8,longllmlingua,0.2,16,4.40625,70.5,3.921875,62.75,0.484375,7.75
qwen25_15b,895,msc_valid,8,recency,0.2,16,4.5625,73.0,3.921875,62.75,0.640625,10.25
qwen25_15b,895,msc_valid,8,lexical_tfidf,0.2,16,4.25,68.0,3.921875,62.75,0.328125,5.25
qwen25_15b,895,msc_valid,8,recency_keep_compress_drop,0.2,16,4.25,68.0,3.921875,62.75,0.328125,5.25
qwen25_15b,895,msc_valid,8,uniform,0.35,16,4.46875,71.5,3.921875,62.75,0.546875,8.75
qwen25_15b,895,msc_valid,8,longllmlingua,0.35,16,4.25,68.0,3.921875,62.75,0.328125,5.25
qwen25_15b,895,msc_valid,8,recency,0.35,16,4.21875,67.5,3.921875,62.75,0.296875,4.75
qwen25_15b,895,msc_valid,8,lexical_tfidf,0.35,16,4.21875,67.5,3.921875,62.75,0.296875,4.75
qwen25_15b,895,msc_valid,8,recency_keep_compress_drop,0.35,16,4.21875,67.5,3.921875,62.75,0.296875,4.75
qwen25_15b,895,msc_valid,8,uniform,0.5,16,4.4375,71.0,3.921875,62.75,0.515625,8.25
qwen25_15b,895,msc_valid,8,longllmlingua,0.5,16,4.28125,68.5,3.921875,62.75,0.359375,5.75
qwen25_15b,895,msc_valid,8,recency,0.5,16,4.21875,67.5,3.921875,62.75,0.296875,4.75
qwen25_15b,895,msc_valid,8,lexical_tfidf,0.5,16,4.3125,69.0,3.921875,62.75,0.390625,6.25
qwen25_15b,895,msc_valid,8,recency_keep_compress_drop,0.5,16,3.96875,63.5,3.921875,62.75,0.046875,0.75
qwen25_15b,895,msc_valid,12,uniform,0.2,20,2.425,48.5,2.0,40.0,0.4249999999999998,8.5
qwen25_15b,895,msc_valid,12,longllmlingua,0.2,20,2.1125,42.25,2.0,40.0,0.11249999999999982,2.25
qwen25_15b,895,msc_valid,12,recency,0.2,20,2.325,46.5,2.0,40.0,0.3250000000000002,6.5
qwen25_15b,895,msc_valid,12,lexical_tfidf,0.2,20,2.6125,52.25,2.0,40.0,0.6124999999999998,12.25
qwen25_15b,895,msc_valid,12,recency_keep_compress_drop,0.2,20,2.275,45.5,2.0,40.0,0.2749999999999999,5.5
qwen25_15b,895,msc_valid,12,uniform,0.35,20,2.2625,45.25,2.0,40.0,0.2625000000000002,5.25
qwen25_15b,895,msc_valid,12,longllmlingua,0.35,20,2.0125,40.25,2.0,40.0,0.012500000000000178,0.25
qwen25_15b,895,msc_valid,12,recency,0.35,20,2.3875,47.75,2.0,40.0,0.3875000000000002,7.75
qwen25_15b,895,msc_valid,12,lexical_tfidf,0.35,20,2.3375,46.75,2.0,40.0,0.3374999999999999,6.75
qwen25_15b,895,msc_valid,12,recency_keep_compress_drop,0.35,20,2.3125,46.25,2.0,40.0,0.3125,6.25
qwen25_15b,895,msc_valid,12,uniform,0.5,20,2.1125,42.25,2.0,40.0,0.11249999999999982,2.25
qwen25_15b,895,msc_valid,12,longllmlingua,0.5,20,2.1,42.0,2.0,40.0,0.10000000000000009,2.0
qwen25_15b,895,msc_valid,12,recency,0.5,20,2.4,48.0,2.0,40.0,0.3999999999999999,8.0
qwen25_15b,895,msc_valid,12,lexical_tfidf,0.5,20,2.05,41.0,2.0,40.0,0.04999999999999982,1.0
qwen25_15b,895,msc_valid,12,recency_keep_compress_drop,0.5,20,2.1375,42.75,2.0,40.0,0.13750000000000018,2.75
qwen25_15b,895,msc_valid,16,uniform,0.2,43,3.255813953488372,140.0,2.9069767441860463,125.0,0.34883720930232576,15.0
qwen25_15b,895,msc_valid,16,longllmlingua,0.2,43,2.9651162790697674,127.5,2.9069767441860463,125.0,0.058139534883721034,2.5
qwen25_15b,895,msc_valid,16,recency,0.2,43,3.1627906976744184,136.0,2.9069767441860463,125.0,0.2558139534883721,11.0
qwen25_15b,895,msc_valid,16,lexical_tfidf,0.2,43,3.2325581395348837,139.0,2.9069767441860463,125.0,0.32558139534883734,14.0
qwen25_15b,895,msc_valid,16,recency_keep_compress_drop,0.2,43,3.13953488372093,135.0,2.9069767441860463,125.0,0.2325581395348837,10.0
qwen25_15b,895,msc_valid,16,uniform,0.35,43,3.186046511627907,137.0,2.9069767441860463,125.0,0.2790697674418605,12.0
qwen25_15b,895,msc_valid,16,longllmlingua,0.35,43,2.86046511627907,123.0,2.9069767441860463,125.0,-0.04651162790697638,-2.0
qwen25_15b,895,msc_valid,16,recency,0.35,43,3.0232558139534884,130.0,2.9069767441860463,125.0,0.11627906976744207,5.0
qwen25_15b,895,msc_valid,16,lexical_tfidf,0.35,43,3.186046511627907,137.0,2.9069767441860463,125.0,0.2790697674418605,12.0
qwen25_15b,895,msc_valid,16,recency_keep_compress_drop,0.35,43,3.046511627906977,131.0,2.9069767441860463,125.0,0.13953488372093048,6.0
qwen25_15b,895,msc_valid,16,uniform,0.5,43,3.116279069767442,134.0,2.9069767441860463,125.0,0.20930232558139572,9.0
qwen25_15b,895,msc_valid,16,longllmlingua,0.5,43,2.895348837209302,124.5,2.9069767441860463,125.0,-0.011627906976744207,-0.5
qwen25_15b,895,msc_valid,16,recency,0.5,43,3.0,129.0,2.9069767441860463,125.0,0.09302325581395365,4.0
qwen25_15b,895,msc_valid,16,lexical_tfidf,0.5,43,3.0697674418604652,132.0,2.9069767441860463,125.0,0.1627906976744189,7.0
qwen25_15b,895,msc_valid,16,recency_keep_compress_drop,0.5,43,3.116279069767442,134.0,2.9069767441860463,125.0,0.20930232558139572,9.0
qwen25_15b,895,msc_valid,18,uniform,0.2,42,2.9642857142857144,124.5,2.9047619047619047,122.0,0.059523809523809756,2.5
qwen25_15b,895,msc_valid,18,longllmlingua,0.2,42,2.9047619047619047,122.0,2.9047619047619047,122.0,0.0,0.0
qwen25_15b,895,msc_valid,18,recency,0.2,42,2.9166666666666665,122.5,2.9047619047619047,122.0,0.011904761904761862,0.5
qwen25_15b,895,msc_valid,18,lexical_tfidf,0.2,42,2.9166666666666665,122.5,2.9047619047619047,122.0,0.011904761904761862,0.5
qwen25_15b,895,msc_valid,18,recency_keep_compress_drop,0.2,42,2.880952380952381,121.0,2.9047619047619047,122.0,-0.023809523809523725,-1.0
qwen25_15b,895,msc_valid,18,uniform,0.35,42,3.0238095238095237,127.0,2.9047619047619047,122.0,0.11904761904761907,5.0
qwen25_15b,895,msc_valid,18,longllmlingua,0.35,42,2.9166666666666665,122.5,2.9047619047619047,122.0,0.011904761904761862,0.5
qwen25_15b,895,msc_valid,18,recency,0.35,42,2.9047619047619047,122.0,2.9047619047619047,122.0,0.0,0.0
qwen25_15b,895,msc_valid,18,lexical_tfidf,0.35,42,2.892857142857143,121.5,2.9047619047619047,122.0,-0.011904761904761862,-0.5
qwen25_15b,895,msc_valid,18,recency_keep_compress_drop,0.35,42,2.9047619047619047,122.0,2.9047619047619047,122.0,0.0,0.0
qwen25_15b,895,msc_valid,18,uniform,0.5,42,2.9761904761904763,125.0,2.9047619047619047,122.0,0.07142857142857162,3.0
qwen25_15b,895,msc_valid,18,longllmlingua,0.5,42,2.9166666666666665,122.5,2.9047619047619047,122.0,0.011904761904761862,0.5
qwen25_15b,895,msc_valid,18,recency,0.5,42,2.880952380952381,121.0,2.9047619047619047,122.0,-0.023809523809523725,-1.0
qwen25_15b,895,msc_valid,18,lexical_tfidf,0.5,42,2.892857142857143,121.5,2.9047619047619047,122.0,-0.011904761904761862,-0.5
qwen25_15b,895,msc_valid,18,recency_keep_compress_drop,0.5,42,2.869047619047619,120.5,2.9047619047619047,122.0,-0.03571428571428559,-1.5
qwen25_15b,895,msc_valid,22,uniform,0.2,35,2.6714285714285713,93.5,2.3714285714285714,83.0,0.2999999999999998,10.5
qwen25_15b,895,msc_valid,22,longllmlingua,0.2,35,2.6,91.0,2.3714285714285714,83.0,0.22857142857142865,8.0
qwen25_15b,895,msc_valid,22,recency,0.2,35,2.6,91.0,2.3714285714285714,83.0,0.22857142857142865,8.0
qwen25_15b,895,msc_valid,22,lexical_tfidf,0.2,35,2.585714285714286,90.5,2.3714285714285714,83.0,0.2142857142857144,7.5
qwen25_15b,895,msc_valid,22,recency_keep_compress_drop,0.2,35,2.5428571428571427,89.0,2.3714285714285714,83.0,0.17142857142857126,6.0
qwen25_15b,895,msc_valid,22,uniform,0.35,35,2.557142857142857,89.5,2.3714285714285714,83.0,0.1857142857142855,6.5
qwen25_15b,895,msc_valid,22,longllmlingua,0.35,35,2.5,87.5,2.3714285714285714,83.0,0.12857142857142856,4.5
qwen25_15b,895,msc_valid,22,recency,0.35,35,2.5142857142857142,88.0,2.3714285714285714,83.0,0.1428571428571428,5.0
qwen25_15b,895,msc_valid,22,lexical_tfidf,0.35,35,2.5142857142857142,88.0,2.3714285714285714,83.0,0.1428571428571428,5.0
qwen25_15b,895,msc_valid,22,recency_keep_compress_drop,0.35,35,2.4285714285714284,85.0,2.3714285714285714,83.0,0.05714285714285694,2.0
qwen25_15b,895,msc_valid,22,uniform,0.5,35,2.5285714285714285,88.5,2.3714285714285714,83.0,0.15714285714285703,5.5
qwen25_15b,895,msc_valid,22,longllmlingua,0.5,35,2.5285714285714285,88.5,2.3714285714285714,83.0,0.15714285714285703,5.5
qwen25_15b,895,msc_valid,22,recency,0.5,35,2.4571428571428573,86.0,2.3714285714285714,83.0,0.08571428571428585,3.0
qwen25_15b,895,msc_valid,22,lexical_tfidf,0.5,35,2.442857142857143,85.5,2.3714285714285714,83.0,0.07142857142857162,2.5
qwen25_15b,895,msc_valid,22,recency_keep_compress_drop,0.5,35,2.3857142857142857,83.5,2.3714285714285714,83.0,0.014285714285714235,0.5
qwen25_15b,895,msc_valid,26,uniform,0.2,10,2.6,26.0,2.4625,24.625,0.13750000000000018,1.375
qwen25_15b,895,msc_valid,26,longllmlingua,0.2,10,2.2375,22.375,2.4625,24.625,-0.2250000000000001,-2.25
qwen25_15b,895,msc_valid,26,recency,0.2,10,2.65,26.5,2.4625,24.625,0.1875,1.875
qwen25_15b,895,msc_valid,26,lexical_tfidf,0.2,10,2.7875,27.875,2.4625,24.625,0.3250000000000002,3.25
qwen25_15b,895,msc_valid,26,recency_keep_compress_drop,0.2,10,2.575,25.75,2.4625,24.625,0.11250000000000027,1.125
qwen25_15b,895,msc_valid,26,uniform,0.35,10,2.575,25.75,2.4625,24.625,0.11250000000000027,1.125
qwen25_15b,895,msc_valid,26,longllmlingua,0.35,10,2.175,21.75,2.4625,24.625,-0.2875000000000001,-2.875
qwen25_15b,895,msc_valid,26,recency,0.35,10,2.5125,25.125,2.4625,24.625,0.050000000000000266,0.5
qwen25_15b,895,msc_valid,26,lexical_tfidf,0.35,10,2.5625,25.625,2.4625,24.625,0.10000000000000009,1.0
qwen25_15b,895,msc_valid,26,recency_keep_compress_drop,0.35,10,2.65,26.5,2.4625,24.625,0.1875,1.875
qwen25_15b,895,msc_valid,26,uniform,0.5,10,2.6375,26.375,2.4625,24.625,0.17500000000000027,1.75
qwen25_15b,895,msc_valid,26,longllmlingua,0.5,10,2.1,21.0,2.4625,24.625,-0.3624999999999998,-3.625
qwen25_15b,895,msc_valid,26,recency,0.5,10,2.35,23.5,2.4625,24.625,-0.11249999999999982,-1.125
qwen25_15b,895,msc_valid,26,lexical_tfidf,0.5,10,2.4375,24.375,2.4625,24.625,-0.02499999999999991,-0.25
qwen25_15b,895,msc_valid,26,recency_keep_compress_drop,0.5,10,2.475,24.75,2.4625,24.625,0.012500000000000178,0.125
qwen25_15b,895,msc_valid,30,uniform,0.2,16,3.0625,49.0,2.65625,42.5,0.40625,6.5
qwen25_15b,895,msc_valid,30,longllmlingua,0.2,16,2.890625,46.25,2.65625,42.5,0.234375,3.75
qwen25_15b,895,msc_valid,30,recency,0.2,16,2.765625,44.25,2.65625,42.5,0.109375,1.75
qwen25_15b,895,msc_valid,30,lexical_tfidf,0.2,16,2.671875,42.75,2.65625,42.5,0.015625,0.25
qwen25_15b,895,msc_valid,30,recency_keep_compress_drop,0.2,16,2.90625,46.5,2.65625,42.5,0.25,4.0
qwen25_15b,895,msc_valid,30,uniform,0.35,16,2.8125,45.0,2.65625,42.5,0.15625,2.5
qwen25_15b,895,msc_valid,30,longllmlingua,0.35,16,2.796875,44.75,2.65625,42.5,0.140625,2.25
qwen25_15b,895,msc_valid,30,recency,0.35,16,2.8125,45.0,2.65625,42.5,0.15625,2.5
qwen25_15b,895,msc_valid,30,lexical_tfidf,0.35,16,2.71875,43.5,2.65625,42.5,0.0625,1.0
qwen25_15b,895,msc_valid,30,recency_keep_compress_drop,0.35,16,2.8125,45.0,2.65625,42.5,0.15625,2.5
qwen25_15b,895,msc_valid,30,uniform,0.5,16,2.75,44.0,2.65625,42.5,0.09375,1.5
qwen25_15b,895,msc_valid,30,longllmlingua,0.5,16,2.75,44.0,2.65625,42.5,0.09375,1.5
qwen25_15b,895,msc_valid,30,recency,0.5,16,2.65625,42.5,2.65625,42.5,0.0,0.0
qwen25_15b,895,msc_valid,30,lexical_tfidf,0.5,16,2.640625,42.25,2.65625,42.5,-0.015625,-0.25
qwen25_15b,895,msc_valid,30,recency_keep_compress_drop,0.5,16,2.796875,44.75,2.65625,42.5,0.140625,2.25
qwen25_15b,895,msc_valid,34,uniform,0.2,14,3.2142857142857144,45.0,0.0,0.0,3.2142857142857144,45.0
qwen25_15b,895,msc_valid,34,longllmlingua,0.2,14,3.0892857142857144,43.25,0.0,0.0,3.0892857142857144,43.25
qwen25_15b,895,msc_valid,34,recency,0.2,14,2.8392857142857144,39.75,0.0,0.0,2.8392857142857144,39.75
qwen25_15b,895,msc_valid,34,lexical_tfidf,0.2,14,2.8214285714285716,39.5,0.0,0.0,2.8214285714285716,39.5
qwen25_15b,895,msc_valid,34,recency_keep_compress_drop,0.2,14,2.982142857142857,41.75,0.0,0.0,2.982142857142857,41.75
qwen25_15b,895,msc_valid,34,uniform,0.35,14,3.0357142857142856,42.5,0.0,0.0,3.0357142857142856,42.5
qwen25_15b,895,msc_valid,34,longllmlingua,0.35,14,3.0,42.0,0.0,0.0,3.0,42.0
qwen25_15b,895,msc_valid,34,recency,0.35,14,2.767857142857143,38.75,0.0,0.0,2.767857142857143,38.75
qwen25_15b,895,msc_valid,34,lexical_tfidf,0.35,14,2.732142857142857,38.25,0.0,0.0,2.732142857142857,38.25
qwen25_15b,895,msc_valid,34,recency_keep_compress_drop,0.35,14,3.017857142857143,42.25,0.0,0.0,3.017857142857143,42.25
qwen25_15b,895,msc_valid,34,uniform,0.5,14,2.982142857142857,41.75,0.0,0.0,2.982142857142857,41.75
qwen25_15b,895,msc_valid,34,longllmlingua,0.5,14,2.875,40.25,0.0,0.0,2.875,40.25
qwen25_15b,895,msc_valid,34,recency,0.5,14,2.732142857142857,38.25,0.0,0.0,2.732142857142857,38.25
qwen25_15b,895,msc_valid,34,lexical_tfidf,0.5,14,2.7142857142857144,38.0,0.0,0.0,2.7142857142857144,38.0
qwen25_15b,895,msc_valid,34,recency_keep_compress_drop,0.5,14,2.982142857142857,41.75,0.0,0.0,2.982142857142857,41.75
qwen25_15b,895,msc_valid,38,uniform,0.2,11,1.0795454545454546,11.875,0.0,0.0,1.0795454545454546,11.875
qwen25_15b,895,msc_valid,38,longllmlingua,0.2,11,1.1306818181818181,12.4375,0.0,0.0,1.1306818181818181,12.4375
qwen25_15b,895,msc_valid,38,recency,0.2,11,1.2613636363636365,13.875,0.0,0.0,1.2613636363636365,13.875
qwen25_15b,895,msc_valid,38,lexical_tfidf,0.2,11,1.1534090909090908,12.6875,0.0,0.0,1.1534090909090908,12.6875
qwen25_15b,895,msc_valid,38,recency_keep_compress_drop,0.2,11,1.1875,13.0625,0.0,0.0,1.1875,13.0625
qwen25_15b,895,msc_valid,38,uniform,0.35,11,1.0852272727272727,11.9375,0.0,0.0,1.0852272727272727,11.9375
qwen25_15b,895,msc_valid,38,longllmlingua,0.35,11,1.1420454545454546,12.5625,0.0,0.0,1.1420454545454546,12.5625
qwen25_15b,895,msc_valid,38,recency,0.35,11,1.2727272727272727,14.0,0.0,0.0,1.2727272727272727,14.0
qwen25_15b,895,msc_valid,38,lexical_tfidf,0.35,11,1.0738636363636365,11.8125,0.0,0.0,1.0738636363636365,11.8125
qwen25_15b,895,msc_valid,38,recency_keep_compress_drop,0.35,11,1.0113636363636365,11.125,0.0,0.0,1.0113636363636365,11.125
qwen25_15b,895,msc_valid,38,uniform,0.5,11,1.0568181818181819,11.625,0.0,0.0,1.0568181818181819,11.625
qwen25_15b,895,msc_valid,38,longllmlingua,0.5,11,1.1931818181818181,13.125,0.0,0.0,1.1931818181818181,13.125
qwen25_15b,895,msc_valid,38,recency,0.5,11,1.1931818181818181,13.125,0.0,0.0,1.1931818181818181,13.125
qwen25_15b,895,msc_valid,38,lexical_tfidf,0.5,11,1.1420454545454546,12.5625,0.0,0.0,1.1420454545454546,12.5625
qwen25_15b,895,msc_valid,38,recency_keep_compress_drop,0.5,11,1.0738636363636365,11.8125,0.0,0.0,1.0738636363636365,11.8125
qwen25_15b,895,msc_valid,42,uniform,0.2,35,2.6142857142857143,91.5,0.0,0.0,2.6142857142857143,91.5
qwen25_15b,895,msc_valid,42,longllmlingua,0.2,35,2.5142857142857142,88.0,0.0,0.0,2.5142857142857142,88.0
qwen25_15b,895,msc_valid,42,recency,0.2,35,2.6285714285714286,92.0,0.0,0.0,2.6285714285714286,92.0
qwen25_15b,895,msc_valid,42,lexical_tfidf,0.2,35,2.6,91.0,0.0,0.0,2.6,91.0
qwen25_15b,895,msc_valid,42,recency_keep_compress_drop,0.2,35,2.6285714285714286,92.0,0.0,0.0,2.6285714285714286,92.0
qwen25_15b,895,msc_valid,42,uniform,0.35,35,2.642857142857143,92.5,0.0,0.0,2.642857142857143,92.5
qwen25_15b,895,msc_valid,42,longllmlingua,0.35,35,2.5,87.5,0.0,0.0,2.5,87.5
qwen25_15b,895,msc_valid,42,recency,0.35,35,2.6142857142857143,91.5,0.0,0.0,2.6142857142857143,91.5
qwen25_15b,895,msc_valid,42,lexical_tfidf,0.35,35,2.5714285714285716,90.0,0.0,0.0,2.5714285714285716,90.0
qwen25_15b,895,msc_valid,42,recency_keep_compress_drop,0.35,35,2.6714285714285713,93.5,0.0,0.0,2.6714285714285713,93.5
qwen25_15b,895,msc_valid,42,uniform,0.5,35,2.6857142857142855,94.0,0.0,0.0,2.6857142857142855,94.0
qwen25_15b,895,msc_valid,42,longllmlingua,0.5,35,2.557142857142857,89.5,0.0,0.0,2.557142857142857,89.5
qwen25_15b,895,msc_valid,42,recency,0.5,35,2.6142857142857143,91.5,0.0,0.0,2.6142857142857143,91.5
qwen25_15b,895,msc_valid,42,lexical_tfidf,0.5,35,2.5714285714285716,90.0,0.0,0.0,2.5714285714285716,90.0
qwen25_15b,895,msc_valid,42,recency_keep_compress_drop,0.5,35,2.6714285714285713,93.5,0.0,0.0,2.6714285714285713,93.5
qwen25_15b,895,msc_valid,46,uniform,0.2,36,2.1944444444444446,79.0,0.0,0.0,2.1944444444444446,79.0
qwen25_15b,895,msc_valid,46,longllmlingua,0.2,36,2.1944444444444446,79.0,0.0,0.0,2.1944444444444446,79.0
qwen25_15b,895,msc_valid,46,recency,0.2,36,2.1527777777777777,77.5,0.0,0.0,2.1527777777777777,77.5
qwen25_15b,895,msc_valid,46,lexical_tfidf,0.2,36,2.1805555555555554,78.5,0.0,0.0,2.1805555555555554,78.5
qwen25_15b,895,msc_valid,46,recency_keep_compress_drop,0.2,36,2.1527777777777777,77.5,0.0,0.0,2.1527777777777777,77.5
qwen25_15b,895,msc_valid,46,uniform,0.35,36,2.1805555555555554,78.5,0.0,0.0,2.1805555555555554,78.5
qwen25_15b,895,msc_valid,46,longllmlingua,0.35,36,2.1944444444444446,79.0,0.0,0.0,2.1944444444444446,79.0
qwen25_15b,895,msc_valid,46,recency,0.35,36,2.138888888888889,77.0,0.0,0.0,2.138888888888889,77.0
qwen25_15b,895,msc_valid,46,lexical_tfidf,0.35,36,2.1666666666666665,78.0,0.0,0.0,2.1666666666666665,78.0
qwen25_15b,895,msc_valid,46,recency_keep_compress_drop,0.35,36,2.1805555555555554,78.5,0.0,0.0,2.1805555555555554,78.5
qwen25_15b,895,msc_valid,46,uniform,0.5,36,2.2083333333333335,79.5,0.0,0.0,2.2083333333333335,79.5
qwen25_15b,895,msc_valid,46,longllmlingua,0.5,36,2.263888888888889,81.5,0.0,0.0,2.263888888888889,81.5
qwen25_15b,895,msc_valid,46,recency,0.5,36,2.125,76.5,0.0,0.0,2.125,76.5
qwen25_15b,895,msc_valid,46,lexical_tfidf,0.5,36,2.125,76.5,0.0,0.0,2.125,76.5
qwen25_15b,895,msc_valid,46,recency_keep_compress_drop,0.5,36,2.1527777777777777,77.5,0.0,0.0,2.1527777777777777,77.5
qwen25_15b,895,msc_valid,48,uniform,0.2,38,2.486842105263158,94.5,0.0,0.0,2.486842105263158,94.5
qwen25_15b,895,msc_valid,48,longllmlingua,0.2,38,2.5921052631578947,98.5,0.0,0.0,2.5921052631578947,98.5
qwen25_15b,895,msc_valid,48,recency,0.2,38,2.486842105263158,94.5,0.0,0.0,2.486842105263158,94.5
qwen25_15b,895,msc_valid,48,lexical_tfidf,0.2,38,2.5,95.0,0.0,0.0,2.5,95.0
qwen25_15b,895,msc_valid,48,recency_keep_compress_drop,0.2,38,2.460526315789474,93.5,0.0,0.0,2.460526315789474,93.5
qwen25_15b,895,msc_valid,48,uniform,0.35,38,2.513157894736842,95.5,0.0,0.0,2.513157894736842,95.5
qwen25_15b,895,msc_valid,48,longllmlingua,0.35,38,2.5657894736842106,97.5,0.0,0.0,2.5657894736842106,97.5
qwen25_15b,895,msc_valid,48,recency,0.35,38,2.460526315789474,93.5,0.0,0.0,2.460526315789474,93.5
qwen25_15b,895,msc_valid,48,lexical_tfidf,0.35,38,2.486842105263158,94.5,0.0,0.0,2.486842105263158,94.5
qwen25_15b,895,msc_valid,48,recency_keep_compress_drop,0.35,38,2.4473684210526314,93.0,0.0,0.0,2.4473684210526314,93.0
qwen25_15b,895,msc_valid,48,uniform,0.5,38,2.526315789473684,96.0,0.0,0.0,2.526315789473684,96.0
qwen25_15b,895,msc_valid,48,longllmlingua,0.5,38,2.5526315789473686,97.0,0.0,0.0,2.5526315789473686,97.0
qwen25_15b,895,msc_valid,48,recency,0.5,5,3.425,17.125,0.0,0.0,3.425,17.125
qwen25_15b,895,msc_valid,48,lexical_tfidf,0.5,5,3.55,17.75,0.0,0.0,3.55,17.75
qwen25_15b,895,msc_valid,48,recency_keep_compress_drop,0.5,12,3.1458333333333335,37.75,0.0,0.0,3.1458333333333335,37.75
qwen25_15b,895,msc_valid,52,uniform,0.2,38,2.6315789473684212,100.0,0.0,0.0,2.6315789473684212,100.0
qwen25_15b,895,msc_valid,52,longllmlingua,0.2,38,2.5,95.0,0.0,0.0,2.5,95.0
qwen25_15b,895,msc_valid,52,recency,0.2,38,2.3421052631578947,89.0,0.0,0.0,2.3421052631578947,89.0
qwen25_15b,895,msc_valid,52,lexical_tfidf,0.2,38,2.4078947368421053,91.5,0.0,0.0,2.4078947368421053,91.5
qwen25_15b,895,msc_valid,52,recency_keep_compress_drop,0.2,38,2.3552631578947367,89.5,0.0,0.0,2.3552631578947367,89.5
qwen25_15b,895,msc_valid,52,uniform,0.35,38,2.3684210526315788,90.0,0.0,0.0,2.3684210526315788,90.0
qwen25_15b,895,msc_valid,52,longllmlingua,0.35,38,2.486842105263158,94.5,0.0,0.0,2.486842105263158,94.5
qwen25_15b,895,msc_valid,52,recency,0.35,6,2.5625,15.375,0.0,0.0,2.5625,15.375
qwen25_15b,895,msc_valid,52,lexical_tfidf,0.35,24,3.0416666666666665,73.0,0.0,0.0,3.0416666666666665,73.0
qwen25_15b,895,msc_valid,52,recency_keep_compress_drop,0.35,17,2.8970588235294117,49.25,0.0,0.0,2.8970588235294117,49.25
qwen25_15b,895,msc_valid,52,uniform,0.5,38,2.3552631578947367,89.5,0.0,0.0,2.3552631578947367,89.5
qwen25_15b,895,msc_valid,52,longllmlingua,0.5,38,2.4210526315789473,92.0,0.0,0.0,2.4210526315789473,92.0
qwen25_15b,895,msc_valid,52,recency,0.5,0,0.0,0.0,0.0,0.0,0.0,0.0
qwen25_15b,895,msc_valid,52,lexical_tfidf,0.5,0,0.0,0.0,0.0,0.0,0.0,0.0
qwen25_15b,895,msc_valid,52,recency_keep_compress_drop,0.5,0,0.0,0.0,0.0,0.0,0.0,0.0
qwen25_15b,895,msc_valid,56,uniform,0.2,45,2.5444444444444443,114.5,0.0,0.0,2.5444444444444443,114.5
qwen25_15b,895,msc_valid,56,longllmlingua,0.2,45,2.6777777777777776,120.5,0.0,0.0,2.6777777777777776,120.5
qwen25_15b,895,msc_valid,56,recency,0.2,0,0.0,0.0,0.0,0.0,0.0,0.0
qwen25_15b,895,msc_valid,56,lexical_tfidf,0.2,0,0.0,0.0,0.0,0.0,0.0,0.0
qwen25_15b,895,msc_valid,56,recency_keep_compress_drop,0.2,0,0.0,0.0,0.0,0.0,0.0,0.0
qwen25_15b,895,msc_valid,56,uniform,0.35,45,2.5444444444444443,114.5,0.0,0.0,2.5444444444444443,114.5
qwen25_15b,895,msc_valid,56,longllmlingua,0.35,45,2.6444444444444444,119.0,0.0,0.0,2.6444444444444444,119.0
qwen25_15b,895,msc_valid,56,recency,0.35,0,0.0,0.0,0.0,0.0,0.0,0.0
qwen25_15b,895,msc_valid,56,lexical_tfidf,0.35,0,0.0,0.0,0.0,0.0,0.0,0.0
qwen25_15b,895,msc_valid,56,recency_keep_compress_drop,0.35,0,0.0,0.0,0.0,0.0,0.0,0.0
qwen25_15b,895,msc_valid,56,uniform,0.5,45,2.5444444444444443,114.5,0.0,0.0,2.5444444444444443,114.5
qwen25_15b,895,msc_valid,56,longllmlingua,0.5,45,2.6444444444444444,119.0,0.0,0.0,2.6444444444444444,119.0
qwen25_15b,895,msc_valid,56,recency,0.5,0,0.0,0.0,0.0,0.0,0.0,0.0
qwen25_15b,895,msc_valid,56,lexical_tfidf,0.5,0,0.0,0.0,0.0,0.0,0.0,0.0
qwen25_15b,895,msc_valid,56,recency_keep_compress_drop,0.5,0,0.0,0.0,0.0,0.0,0.0,0.0
qwen25_15b,895,msc_valid,60,uniform,0.2,40,2.8375,113.5,0.0,0.0,2.8375,113.5
qwen25_15b,895,msc_valid,60,longllmlingua,0.2,40,2.925,117.0,0.0,0.0,2.925,117.0
qwen25_15b,895,msc_valid,60,recency,0.2,0,0.0,0.0,0.0,0.0,0.0,0.0
qwen25_15b,895,msc_valid,60,lexical_tfidf,0.2,0,0.0,0.0,0.0,0.0,0.0,0.0
qwen25_15b,895,msc_valid,60,recency_keep_compress_drop,0.2,0,0.0,0.0,0.0,0.0,0.0,0.0
qwen25_15b,895,msc_valid,60,uniform,0.35,40,2.775,111.0,0.0,0.0,2.775,111.0
qwen25_15b,895,msc_valid,60,longllmlingua,0.35,40,2.9125,116.5,0.0,0.0,2.9125,116.5
qwen25_15b,895,msc_valid,60,recency,0.35,0,0.0,0.0,0.0,0.0,0.0,0.0
qwen25_15b,895,msc_valid,60,lexical_tfidf,0.35,0,0.0,0.0,0.0,0.0,0.0,0.0
qwen25_15b,895,msc_valid,60,recency_keep_compress_drop,0.35,0,0.0,0.0,0.0,0.0,0.0,0.0
qwen25_15b,895,msc_valid,60,uniform,0.5,40,2.725,109.0,0.0,0.0,2.725,109.0
qwen25_15b,895,msc_valid,60,longllmlingua,0.5,40,2.7875,111.5,0.0,0.0,2.7875,111.5
qwen25_15b,895,msc_valid,60,recency,0.5,0,0.0,0.0,0.0,0.0,0.0,0.0
qwen25_15b,895,msc_valid,60,lexical_tfidf,0.5,0,0.0,0.0,0.0,0.0,0.0,0.0
qwen25_15b,895,msc_valid,60,recency_keep_compress_drop,0.5,0,0.0,0.0,0.0,0.0,0.0,0.0
qwen25_15b,902,msc_valid,4,uniform,0.2,20,4.175,83.5,3.925,78.5,0.25,5.0
qwen25_15b,902,msc_valid,4,longllmlingua,0.2,20,3.575,71.5,3.925,78.5,-0.34999999999999964,-7.0
qwen25_15b,902,msc_valid,4,recency,0.2,20,4.175,83.5,3.925,78.5,0.25,5.0
qwen25_15b,902,msc_valid,4,lexical_tfidf,0.2,20,4.175,83.5,3.925,78.5,0.25,5.0
qwen25_15b,902,msc_valid,4,recency_keep_compress_drop,0.2,20,4.175,83.5,3.925,78.5,0.25,5.0
qwen25_15b,902,msc_valid,4,uniform,0.35,20,4.175,83.5,3.925,78.5,0.25,5.0
qwen25_15b,902,msc_valid,4,longllmlingua,0.35,20,3.575,71.5,3.925,78.5,-0.34999999999999964,-7.0
qwen25_15b,902,msc_valid,4,recency,0.35,20,4.175,83.5,3.925,78.5,0.25,5.0
qwen25_15b,902,msc_valid,4,lexical_tfidf,0.35,20,4.175,83.5,3.925,78.5,0.25,5.0
qwen25_15b,902,msc_valid,4,recency_keep_compress_drop,0.35,20,4.175,83.5,3.925,78.5,0.25,5.0
qwen25_15b,902,msc_valid,4,uniform,0.5,20,4.2,84.0,3.925,78.5,0.27500000000000036,5.5
qwen25_15b,902,msc_valid,4,longllmlingua,0.5,20,3.475,69.5,3.925,78.5,-0.44999999999999973,-9.0
qwen25_15b,902,msc_valid,4,recency,0.5,20,4.2,84.0,3.925,78.5,0.27500000000000036,5.5
qwen25_15b,902,msc_valid,4,lexical_tfidf,0.5,20,4.2,84.0,3.925,78.5,0.27500000000000036,5.5
qwen25_15b,902,msc_valid,4,recency_keep_compress_drop,0.5,20,4.2,84.0,3.925,78.5,0.27500000000000036,5.5
qwen25_15b,902,msc_valid,8,uniform,0.2,16,2.5,40.0,1.8984375,30.375,0.6015625,9.625
qwen25_15b,902,msc_valid,8,longllmlingua,0.2,16,2.390625,38.25,1.8984375,30.375,0.4921875,7.875
qwen25_15b,902,msc_valid,8,recency,0.2,16,2.4375,39.0,1.8984375,30.375,0.5390625,8.625
qwen25_15b,902,msc_valid,8,lexical_tfidf,0.2,16,2.5625,41.0,1.8984375,30.375,0.6640625,10.625
qwen25_15b,902,msc_valid,8,recency_keep_compress_drop,0.2,16,2.4375,39.0,1.8984375,30.375,0.5390625,8.625
qwen25_15b,902,msc_valid,8,uniform,0.35,16,2.578125,41.25,1.8984375,30.375,0.6796875,10.875
qwen25_15b,902,msc_valid,8,longllmlingua,0.35,16,2.28125,36.5,1.8984375,30.375,0.3828125,6.125
qwen25_15b,902,msc_valid,8,recency,0.35,16,2.296875,36.75,1.8984375,30.375,0.3984375,6.375
qwen25_15b,902,msc_valid,8,lexical_tfidf,0.35,16,2.421875,38.75,1.8984375,30.375,0.5234375,8.375
qwen25_15b,902,msc_valid,8,recency_keep_compress_drop,0.35,16,2.4375,39.0,1.8984375,30.375,0.5390625,8.625
qwen25_15b,902,msc_valid,8,uniform,0.5,16,2.21875,35.5,1.8984375,30.375,0.3203125,5.125
qwen25_15b,902,msc_valid,8,longllmlingua,0.5,16,2.09375,33.5,1.8984375,30.375,0.1953125,3.125
qwen25_15b,902,msc_valid,8,recency,0.5,16,2.34375,37.5,1.8984375,30.375,0.4453125,7.125
qwen25_15b,902,msc_valid,8,lexical_tfidf,0.5,16,2.546875,40.75,1.8984375,30.375,0.6484375,10.375
qwen25_15b,902,msc_valid,8,recency_keep_compress_drop,0.5,16,2.3125,37.0,1.8984375,30.375,0.4140625,6.625
qwen25_15b,902,msc_valid,12,uniform,0.2,17,2.2941176470588234,39.0,2.1029411764705883,35.75,0.19117647058823506,3.25
qwen25_15b,902,msc_valid,12,longllmlingua,0.2,17,2.25,38.25,2.1029411764705883,35.75,0.1470588235294117,2.5
qwen25_15b,902,msc_valid,12,recency,0.2,17,2.338235294117647,39.75,2.1029411764705883,35.75,0.23529411764705888,4.0
qwen25_15b,902,msc_valid,12,lexical_tfidf,0.2,17,2.3676470588235294,40.25,2.1029411764705883,35.75,0.2647058823529411,4.5
qwen25_15b,902,msc_valid,12,recency_keep_compress_drop,0.2,17,2.3088235294117645,39.25,2.1029411764705883,35.75,0.20588235294117618,3.5
qwen25_15b,902,msc_valid,12,uniform,0.35,17,2.161764705882353,36.75,2.1029411764705883,35.75,0.0588235294117645,1.0
qwen25_15b,902,msc_valid,12,longllmlingua,0.35,17,2.25,38.25,2.1029411764705883,35.75,0.1470588235294117,2.5
qwen25_15b,902,msc_valid,12,recency,0.35,17,2.176470588235294,37.0,2.1029411764705883,35.75,0.07352941176470562,1.25
qwen25_15b,902,msc_valid,12,lexical_tfidf,0.35,17,2.264705882352941,38.5,2.1029411764705883,35.75,0.1617647058823528,2.75
qwen25_15b,902,msc_valid,12,recency_keep_compress_drop,0.35,17,2.25,38.25,2.1029411764705883,35.75,0.1470588235294117,2.5
qwen25_15b,902,msc_valid,12,uniform,0.5,17,2.176470588235294,37.0,2.1029411764705883,35.75,0.07352941176470562,1.25
qwen25_15b,902,msc_valid,12,longllmlingua,0.5,17,2.25,38.25,2.1029411764705883,35.75,0.1470588235294117,2.5
qwen25_15b,902,msc_valid,12,recency,0.5,17,2.2058823529411766,37.5,2.1029411764705883,35.75,0.10294117647058831,1.75
qwen25_15b,902,msc_valid,12,lexical_tfidf,0.5,17,2.235294117647059,38.0,2.1029411764705883,35.75,0.13235294117647056,2.25
qwen25_15b,902,msc_valid,12,recency_keep_compress_drop,0.5,17,2.25,38.25,2.1029411764705883,35.75,0.1470588235294117,2.5
qwen25_15b,902,msc_valid,16,uniform,0.2,18,3.5833333333333335,64.5,3.0833333333333335,55.5,0.5,9.0
qwen25_15b,902,msc_valid,16,longllmlingua,0.2,18,3.2083333333333335,57.75,3.0833333333333335,55.5,0.125,2.25
qwen25_15b,902,msc_valid,16,recency,0.2,18,3.7222222222222223,67.0,3.0833333333333335,55.5,0.6388888888888888,11.5
qwen25_15b,902,msc_valid,16,lexical_tfidf,0.2,18,3.6944444444444446,66.5,3.0833333333333335,55.5,0.6111111111111112,11.0
qwen25_15b,902,msc_valid,16,recency_keep_compress_drop,0.2,18,3.375,60.75,3.0833333333333335,55.5,0.2916666666666665,5.25
qwen25_15b,902,msc_valid,16,uniform,0.35,18,3.3055555555555554,59.5,3.0833333333333335,55.5,0.22222222222222188,4.0
qwen25_15b,902,msc_valid,16,longllmlingua,0.35,18,3.111111111111111,56.0,3.0833333333333335,55.5,0.02777777777777768,0.5
qwen25_15b,902,msc_valid,16,recency,0.35,18,3.5555555555555554,64.0,3.0833333333333335,55.5,0.4722222222222219,8.5
qwen25_15b,902,msc_valid,16,lexical_tfidf,0.35,18,3.5416666666666665,63.75,3.0833333333333335,55.5,0.45833333333333304,8.25
qwen25_15b,902,msc_valid,16,recency_keep_compress_drop,0.35,18,3.138888888888889,56.5,3.0833333333333335,55.5,0.05555555555555536,1.0
qwen25_15b,902,msc_valid,16,uniform,0.5,18,3.25,58.5,3.0833333333333335,55.5,0.16666666666666652,3.0
qwen25_15b,902,msc_valid,16,longllmlingua,0.5,18,3.0277777777777777,54.5,3.0833333333333335,55.5,-0.0555555555555558,-1.0
qwen25_15b,902,msc_valid,16,recency,0.5,18,3.4305555555555554,61.75,3.0833333333333335,55.5,0.3472222222222219,6.25
qwen25_15b,902,msc_valid,16,lexical_tfidf,0.5,18,3.486111111111111,62.75,3.0833333333333335,55.5,0.4027777777777777,7.25
qwen25_15b,902,msc_valid,16,recency_keep_compress_drop,0.5,18,3.3333333333333335,60.0,3.0833333333333335,55.5,0.25,4.5
qwen25_15b,902,msc_valid,20,uniform,0.2,39,2.371794871794872,92.5,2.0,78.0,0.3717948717948718,14.5
qwen25_15b,902,msc_valid,20,longllmlingua,0.2,39,2.2051282051282053,86.0,2.0,78.0,0.2051282051282053,8.0
qwen25_15b,902,msc_valid,20,recency,0.2,39,2.3333333333333335,91.0,2.0,78.0,0.3333333333333335,13.0
qwen25_15b,902,msc_valid,20,lexical_tfidf,0.2,39,2.282051282051282,89.0,2.0,78.0,0.28205128205128194,11.0
qwen25_15b,902,msc_valid,20,recency_keep_compress_drop,0.2,39,2.269230769230769,88.5,2.0,78.0,0.26923076923076916,10.5
qwen25_15b,902,msc_valid,20,uniform,0.35,39,2.3205128205128207,90.5,2.0,78.0,0.3205128205128207,12.5
qwen25_15b,902,msc_valid,20,longllmlingua,0.35,39,2.141025641025641,83.5,2.0,78.0,0.14102564102564097,5.5
qwen25_15b,902,msc_valid,20,recency,0.35,39,2.2564102564102564,88.0,2.0,78.0,0.2564102564102564,10.0
qwen25_15b,902,msc_valid,20,lexical_tfidf,0.35,39,1.9871794871794872,77.5,2.0,78.0,-0.012820512820512775,-0.5
qwen25_15b,902,msc_valid,20,recency_keep_compress_drop,0.35,39,2.1666666666666665,84.5,2.0,78.0,0.16666666666666652,6.5
qwen25_15b,902,msc_valid,20,uniform,0.5,39,2.230769230769231,87.0,2.0,78.0,0.23076923076923084,9.0
qwen25_15b,902,msc_valid,20,longllmlingua,0.5,39,2.1538461538461537,84.0,2.0,78.0,0.15384615384615374,6.0
qwen25_15b,902,msc_valid,20,recency,0.5,39,2.230769230769231,87.0,2.0,78.0,0.23076923076923084,9.0
qwen25_15b,902,msc_valid,20,lexical_tfidf,0.5,39,1.935897435897436,75.5,2.0,78.0,-0.0641025641025641,-2.5
qwen25_15b,902,msc_valid,20,recency_keep_compress_drop,0.5,39,2.141025641025641,83.5,2.0,78.0,0.14102564102564097,5.5
qwen25_15b,902,msc_valid,24,uniform,0.2,56,2.0714285714285716,116.0,1.8660714285714286,104.5,0.20535714285714302,11.5
qwen25_15b,902,msc_valid,24,longllmlingua,0.2,56,2.0267857142857144,113.5,1.8660714285714286,104.5,0.1607142857142858,9.0
qwen25_15b,902,msc_valid,24,recency,0.2,56,1.9821428571428572,111.0,1.8660714285714286,104.5,0.1160714285714286,6.5
qwen25_15b,902,msc_valid,24,lexical_tfidf,0.2,56,2.0625,115.5,1.8660714285714286,104.5,0.1964285714285714,11.0
qwen25_15b,902,msc_valid,24,recency_keep_compress_drop,0.2,56,1.9642857142857142,110.0,1.8660714285714286,104.5,0.09821428571428559,5.5
qwen25_15b,902,msc_valid,24,uniform,0.35,56,2.0535714285714284,115.0,1.8660714285714286,104.5,0.18749999999999978,10.5
qwen25_15b,902,msc_valid,24,longllmlingua,0.35,56,2.0357142857142856,114.0,1.8660714285714286,104.5,0.16964285714285698,9.5
qwen25_15b,902,msc_valid,24,recency,0.35,56,1.9821428571428572,111.0,1.8660714285714286,104.5,0.1160714285714286,6.5
qwen25_15b,902,msc_valid,24,lexical_tfidf,0.35,56,2.080357142857143,116.5,1.8660714285714286,104.5,0.2142857142857142,12.0
qwen25_15b,902,msc_valid,24,recency_keep_compress_drop,0.35,56,1.9464285714285714,109.0,1.8660714285714286,104.5,0.0803571428571428,4.5
qwen25_15b,902,msc_valid,24,uniform,0.5,56,1.9464285714285714,109.0,1.8660714285714286,104.5,0.0803571428571428,4.5
qwen25_15b,902,msc_valid,24,longllmlingua,0.5,56,2.0267857142857144,113.5,1.8660714285714286,104.5,0.1607142857142858,9.0
qwen25_15b,902,msc_valid,24,recency,0.5,56,1.9017857142857142,106.5,1.8660714285714286,104.5,0.03571428571428559,2.0
qwen25_15b,902,msc_valid,24,lexical_tfidf,0.5,56,1.9553571428571428,109.5,1.8660714285714286,104.5,0.08928571428571419,5.0
qwen25_15b,902,msc_valid,24,recency_keep_compress_drop,0.5,56,1.875,105.0,1.8660714285714286,104.5,0.008928571428571397,0.5
qwen25_15b,902,msc_valid,28,uniform,0.2,67,2.208955223880597,148.0,2.08955223880597,140.0,0.11940298507462721,8.0
qwen25_15b,902,msc_valid,28,longllmlingua,0.2,67,2.208955223880597,148.0,2.08955223880597,140.0,0.11940298507462721,8.0
qwen25_15b,902,msc_valid,28,recency,0.2,67,2.208955223880597,148.0,2.08955223880597,140.0,0.11940298507462721,8.0
qwen25_15b,902,msc_valid,28,lexical_tfidf,0.2,67,2.1492537313432836,144.0,2.08955223880597,140.0,0.059701492537313605,4.0
qwen25_15b,902,msc_valid,28,recency_keep_compress_drop,0.2,67,2.1492537313432836,144.0,2.08955223880597,140.0,0.059701492537313605,4.0
qwen25_15b,902,msc_valid,28,uniform,0.35,67,2.1791044776119404,146.0,2.08955223880597,140.0,0.08955223880597041,6.0
qwen25_15b,902,msc_valid,28,longllmlingua,0.35,67,2.1791044776119404,146.0,2.08955223880597,140.0,0.08955223880597041,6.0
qwen25_15b,902,msc_valid,28,recency,0.35,67,2.1641791044776117,145.0,2.08955223880597,140.0,0.07462686567164178,5.0
qwen25_15b,902,msc_valid,28,lexical_tfidf,0.35,67,2.1044776119402986,141.0,2.08955223880597,140.0,0.014925373134328623,1.0
qwen25_15b,902,msc_valid,28,recency_keep_compress_drop,0.35,67,2.08955223880597,140.0,2.08955223880597,140.0,0.0,0.0
qwen25_15b,902,msc_valid,28,uniform,0.5,67,2.1791044776119404,146.0,2.08955223880597,140.0,0.08955223880597041,6.0
qwen25_15b,902,msc_valid,28,longllmlingua,0.5,67,2.1343283582089554,143.0,2.08955223880597,140.0,0.044776119402985426,3.0
qwen25_15b,902,msc_valid,28,recency,0.5,67,2.1492537313432836,144.0,2.08955223880597,140.0,0.059701492537313605,4.0
qwen25_15b,902,msc_valid,28,lexical_tfidf,0.5,67,2.1343283582089554,143.0,2.08955223880597,140.0,0.044776119402985426,3.0
qwen25_15b,902,msc_valid,28,recency_keep_compress_drop,0.5,67,2.1044776119402986,141.0,2.08955223880597,140.0,0.014925373134328623,1.0
qwen25_15b,902,msc_valid,32,uniform,0.2,20,3.825,76.5,0.0,0.0,3.825,76.5
qwen25_15b,902,msc_valid,32,longllmlingua,0.2,20,3.825,76.5,0.0,0.0,3.825,76.5
qwen25_15b,902,msc_valid,32,recency,0.2,20,4.1,82.0,0.0,0.0,4.1,82.0
qwen25_15b,902,msc_valid,32,lexical_tfidf,0.2,20,3.925,78.5,0.0,0.0,3.925,78.5
qwen25_15b,902,msc_valid,32,recency_keep_compress_drop,0.2,20,4.05,81.0,0.0,0.0,4.05,81.0
qwen25_15b,902,msc_valid,32,uniform,0.35,20,3.825,76.5,0.0,0.0,3.825,76.5
qwen25_15b,902,msc_valid,32,longllmlingua,0.35,20,3.825,76.5,0.0,0.0,3.825,76.5
qwen25_15b,902,msc_valid,32,recency,0.35,20,3.95,79.0,0.0,0.0,3.95,79.0
qwen25_15b,902,msc_valid,32,lexical_tfidf,0.35,20,3.9,78.0,0.0,0.0,3.9,78.0
qwen25_15b,902,msc_valid,32,recency_keep_compress_drop,0.35,20,3.95,79.0,0.0,0.0,3.95,79.0
qwen25_15b,902,msc_valid,32,uniform,0.5,20,3.725,74.5,0.0,0.0,3.725,74.5
qwen25_15b,902,msc_valid,32,longllmlingua,0.5,20,3.75,75.0,0.0,0.0,3.75,75.0
qwen25_15b,902,msc_valid,32,recency,0.5,20,3.925,78.5,0.0,0.0,3.925,78.5
qwen25_15b,902,msc_valid,32,lexical_tfidf,0.5,20,3.825,76.5,0.0,0.0,3.825,76.5
qwen25_15b,902,msc_valid,32,recency_keep_compress_drop,0.5,20,3.85,77.0,0.0,0.0,3.85,77.0
qwen25_15b,902,msc_valid,36,uniform,0.2,16,3.9375,63.0,0.0,0.0,3.9375,63.0
qwen25_15b,902,msc_valid,36,longllmlingua,0.2,16,3.90625,62.5,0.0,0.0,3.90625,62.5
qwen25_15b,902,msc_valid,36,recency,0.2,16,3.53125,56.5,0.0,0.0,3.53125,56.5
qwen25_15b,902,msc_valid,36,lexical_tfidf,0.2,16,3.546875,56.75,0.0,0.0,3.546875,56.75
qwen25_15b,902,msc_valid,36,recency_keep_compress_drop,0.2,16,3.578125,57.25,0.0,0.0,3.578125,57.25
qwen25_15b,902,msc_valid,36,uniform,0.35,16,3.625,58.0,0.0,0.0,3.625,58.0
qwen25_15b,902,msc_valid,36,longllmlingua,0.35,16,3.921875,62.75,0.0,0.0,3.921875,62.75
qwen25_15b,902,msc_valid,36,recency,0.35,16,3.53125,56.5,0.0,0.0,3.53125,56.5
qwen25_15b,902,msc_valid,36,lexical_tfidf,0.35,16,3.578125,57.25,0.0,0.0,3.578125,57.25
qwen25_15b,902,msc_valid,36,recency_keep_compress_drop,0.35,16,3.5625,57.0,0.0,0.0,3.5625,57.0
qwen25_15b,902,msc_valid,36,uniform,0.5,16,3.46875,55.5,0.0,0.0,3.46875,55.5
qwen25_15b,902,msc_valid,36,longllmlingua,0.5,16,4.03125,64.5,0.0,0.0,4.03125,64.5
qwen25_15b,902,msc_valid,36,recency,0.5,16,3.515625,56.25,0.0,0.0,3.515625,56.25
qwen25_15b,902,msc_valid,36,lexical_tfidf,0.5,16,3.578125,57.25,0.0,0.0,3.578125,57.25
qwen25_15b,902,msc_valid,36,recency_keep_compress_drop,0.5,16,3.546875,56.75,0.0,0.0,3.546875,56.75
qwen25_15b,902,msc_valid,40,uniform,0.2,19,3.4210526315789473,65.0,0.0,0.0,3.4210526315789473,65.0
qwen25_15b,902,msc_valid,40,longllmlingua,0.2,19,3.6315789473684212,69.0,0.0,0.0,3.6315789473684212,69.0
qwen25_15b,902,msc_valid,40,recency,0.2,19,3.1973684210526314,60.75,0.0,0.0,3.1973684210526314,60.75
qwen25_15b,902,msc_valid,40,lexical_tfidf,0.2,19,3.1710526315789473,60.25,0.0,0.0,3.1710526315789473,60.25
qwen25_15b,902,msc_valid,40,recency_keep_compress_drop,0.2,19,3.1973684210526314,60.75,0.0,0.0,3.1973684210526314,60.75
qwen25_15b,902,msc_valid,40,uniform,0.35,19,3.1578947368421053,60.0,0.0,0.0,3.1578947368421053,60.0
qwen25_15b,902,msc_valid,40,longllmlingua,0.35,19,3.526315789473684,67.0,0.0,0.0,3.526315789473684,67.0
qwen25_15b,902,msc_valid,40,recency,0.35,19,3.1842105263157894,60.5,0.0,0.0,3.1842105263157894,60.5
qwen25_15b,902,msc_valid,40,lexical_tfidf,0.35,19,3.1315789473684212,59.5,0.0,0.0,3.1315789473684212,59.5
qwen25_15b,902,msc_valid,40,recency_keep_compress_drop,0.35,19,3.0657894736842106,58.25,0.0,0.0,3.0657894736842106,58.25
qwen25_15b,902,msc_valid,40,uniform,0.5,19,3.3684210526315788,64.0,0.0,0.0,3.3684210526315788,64.0
qwen25_15b,902,msc_valid,40,longllmlingua,0.5,19,3.526315789473684,67.0,0.0,0.0,3.526315789473684,67.0
qwen25_15b,902,msc_valid,40,recency,0.5,19,3.1710526315789473,60.25,0.0,0.0,3.1710526315789473,60.25
qwen25_15b,902,msc_valid,40,lexical_tfidf,0.5,19,3.1710526315789473,60.25,0.0,0.0,3.1710526315789473,60.25
qwen25_15b,902,msc_valid,40,recency_keep_compress_drop,0.5,19,3.039473684210526,57.75,0.0,0.0,3.039473684210526,57.75
qwen25_15b,902,msc_valid,44,uniform,0.2,41,2.1707317073170733,89.0,0.0,0.0,2.1707317073170733,89.0
qwen25_15b,902,msc_valid,44,longllmlingua,0.2,41,2.158536585365854,88.5,0.0,0.0,2.158536585365854,88.5
qwen25_15b,902,msc_valid,44,recency,0.2,41,2.048780487804878,84.0,0.0,0.0,2.048780487804878,84.0
qwen25_15b,902,msc_valid,44,lexical_tfidf,0.2,41,1.975609756097561,81.0,0.0,0.0,1.975609756097561,81.0
qwen25_15b,902,msc_valid,44,recency_keep_compress_drop,0.2,41,2.0121951219512195,82.5,0.0,0.0,2.0121951219512195,82.5
qwen25_15b,902,msc_valid,44,uniform,0.35,41,2.048780487804878,84.0,0.0,0.0,2.048780487804878,84.0
qwen25_15b,902,msc_valid,44,longllmlingua,0.35,41,2.182926829268293,89.5,0.0,0.0,2.182926829268293,89.5
qwen25_15b,902,msc_valid,44,recency,0.35,41,1.9878048780487805,81.5,0.0,0.0,1.9878048780487805,81.5
qwen25_15b,902,msc_valid,44,lexical_tfidf,0.35,41,1.951219512195122,80.0,0.0,0.0,1.951219512195122,80.0
qwen25_15b,902,msc_valid,44,recency_keep_compress_drop,0.35,41,1.9268292682926829,79.0,0.0,0.0,1.9268292682926829,79.0
qwen25_15b,902,msc_valid,44,uniform,0.5,41,1.9268292682926829,79.0,0.0,0.0,1.9268292682926829,79.0
qwen25_15b,902,msc_valid,44,longllmlingua,0.5,41,2.182926829268293,89.5,0.0,0.0,2.182926829268293,89.5
qwen25_15b,902,msc_valid,44,recency,0.5,41,1.951219512195122,80.0,0.0,0.0,1.951219512195122,80.0
qwen25_15b,902,msc_valid,44,lexical_tfidf,0.5,41,1.9146341463414633,78.5,0.0,0.0,1.9146341463414633,78.5
qwen25_15b,902,msc_valid,44,recency_keep_compress_drop,0.5,41,1.9024390243902438,78.0,0.0,0.0,1.9024390243902438,78.0
qwen25_15b,902,msc_valid,48,uniform,0.2,48,2.3958333333333335,115.0,0.0,0.0,2.3958333333333335,115.0
qwen25_15b,902,msc_valid,48,longllmlingua,0.2,48,2.3229166666666665,111.5,0.0,0.0,2.3229166666666665,111.5
qwen25_15b,902,msc_valid,48,recency,0.2,48,2.2708333333333335,109.0,0.0,0.0,2.2708333333333335,109.0
qwen25_15b,902,msc_valid,48,lexical_tfidf,0.2,48,2.2916666666666665,110.0,0.0,0.0,2.2916666666666665,110.0
qwen25_15b,902,msc_valid,48,recency_keep_compress_drop,0.2,48,2.2916666666666665,110.0,0.0,0.0,2.2916666666666665,110.0
qwen25_15b,902,msc_valid,48,uniform,0.35,48,2.3854166666666665,114.5,0.0,0.0,2.3854166666666665,114.5
qwen25_15b,902,msc_valid,48,longllmlingua,0.35,48,2.3333333333333335,112.0,0.0,0.0,2.3333333333333335,112.0
qwen25_15b,902,msc_valid,48,recency,0.35,48,2.2604166666666665,108.5,0.0,0.0,2.2604166666666665,108.5
qwen25_15b,902,msc_valid,48,lexical_tfidf,0.35,48,2.3020833333333335,110.5,0.0,0.0,2.3020833333333335,110.5
qwen25_15b,902,msc_valid,48,recency_keep_compress_drop,0.35,48,2.2916666666666665,110.0,0.0,0.0,2.2916666666666665,110.0
qwen25_15b,902,msc_valid,48,uniform,0.5,48,2.3020833333333335,110.5,0.0,0.0,2.3020833333333335,110.5
qwen25_15b,902,msc_valid,48,longllmlingua,0.5,48,2.375,114.0,0.0,0.0,2.375,114.0
qwen25_15b,902,msc_valid,48,recency,0.5,42,2.4523809523809526,103.0,0.0,0.0,2.4523809523809526,103.0
qwen25_15b,902,msc_valid,48,lexical_tfidf,0.5,48,2.2708333333333335,109.0,0.0,0.0,2.2708333333333335,109.0
qwen25_15b,902,msc_valid,48,recency_keep_compress_drop,0.5,33,2.5454545454545454,84.0,0.0,0.0,2.5454545454545454,84.0
qwen25_15b,902,msc_valid,52,uniform,0.2,33,2.5303030303030303,83.5,0.0,0.0,2.5303030303030303,83.5
qwen25_15b,902,msc_valid,52,longllmlingua,0.2,33,2.606060606060606,86.0,0.0,0.0,2.606060606060606,86.0
qwen25_15b,902,msc_valid,52,recency,0.2,33,2.287878787878788,75.5,0.0,0.0,2.287878787878788,75.5
qwen25_15b,902,msc_valid,52,lexical_tfidf,0.2,33,2.3333333333333335,77.0,0.0,0.0,2.3333333333333335,77.0
qwen25_15b,902,msc_valid,52,recency_keep_compress_drop,0.2,33,2.242424242424242,74.0,0.0,0.0,2.242424242424242,74.0
qwen25_15b,902,msc_valid,52,uniform,0.35,33,2.515151515151515,83.0,0.0,0.0,2.515151515151515,83.0
qwen25_15b,902,msc_valid,52,longllmlingua,0.35,33,2.606060606060606,86.0,0.0,0.0,2.606060606060606,86.0
qwen25_15b,902,msc_valid,52,recency,0.35,20,2.8375,56.75,0.0,0.0,2.8375,56.75
qwen25_15b,902,msc_valid,52,lexical_tfidf,0.35,29,2.4482758620689653,71.0,0.0,0.0,2.4482758620689653,71.0
qwen25_15b,902,msc_valid,52,recency_keep_compress_drop,0.35,8,3.515625,28.125,0.0,0.0,3.515625,28.125
qwen25_15b,902,msc_valid,52,uniform,0.5,33,2.393939393939394,79.0,0.0,0.0,2.393939393939394,79.0
qwen25_15b,902,msc_valid,52,longllmlingua,0.5,33,2.606060606060606,86.0,0.0,0.0,2.606060606060606,86.0
qwen25_15b,902,msc_valid,52,recency,0.5,0,0.0,0.0,0.0,0.0,0.0,0.0
qwen25_15b,902,msc_valid,52,lexical_tfidf,0.5,0,0.0,0.0,0.0,0.0,0.0,0.0
qwen25_15b,902,msc_valid,52,recency_keep_compress_drop,0.5,0,0.0,0.0,0.0,0.0,0.0,0.0
qwen25_15b,902,msc_valid,56,uniform,0.2,31,1.9112903225806452,59.25,0.0,0.0,1.9112903225806452,59.25
qwen25_15b,902,msc_valid,56,longllmlingua,0.2,31,1.782258064516129,55.25,0.0,0.0,1.782258064516129,55.25
qwen25_15b,902,msc_valid,56,recency,0.2,31,1.967741935483871,61.0,0.0,0.0,1.967741935483871,61.0
qwen25_15b,902,msc_valid,56,lexical_tfidf,0.2,31,1.9838709677419355,61.5,0.0,0.0,1.9838709677419355,61.5
qwen25_15b,902,msc_valid,56,recency_keep_compress_drop,0.2,31,2.0080645161290325,62.25,0.0,0.0,2.0080645161290325,62.25
qwen25_15b,902,msc_valid,56,uniform,0.35,31,1.846774193548387,57.25,0.0,0.0,1.846774193548387,57.25
qwen25_15b,902,msc_valid,56,longllmlingua,0.35,31,1.8548387096774193,57.5,0.0,0.0,1.8548387096774193,57.5
qwen25_15b,902,msc_valid,56,recency,0.35,0,0.0,0.0,0.0,0.0,0.0,0.0
qwen25_15b,902,msc_valid,56,lexical_tfidf,0.35,0,0.0,0.0,0.0,0.0,0.0,0.0
qwen25_15b,902,msc_valid,56,recency_keep_compress_drop,0.35,0,0.0,0.0,0.0,0.0,0.0,0.0
qwen25_15b,902,msc_valid,56,uniform,0.5,31,1.8064516129032258,56.0,0.0,0.0,1.8064516129032258,56.0
qwen25_15b,902,msc_valid,56,longllmlingua,0.5,31,1.8548387096774193,57.5,0.0,0.0,1.8548387096774193,57.5
qwen25_15b,902,msc_valid,56,recency,0.5,0,0.0,0.0,0.0,0.0,0.0,0.0
qwen25_15b,902,msc_valid,56,lexical_tfidf,0.5,0,0.0,0.0,0.0,0.0,0.0,0.0
qwen25_15b,902,msc_valid,56,recency_keep_compress_drop,0.5,0,0.0,0.0,0.0,0.0,0.0,0.0
qwen25_15b,902,msc_valid,60,uniform,0.2,28,2.6785714285714284,75.0,0.0,0.0,2.6785714285714284,75.0
qwen25_15b,902,msc_valid,60,longllmlingua,0.2,28,2.642857142857143,74.0,0.0,0.0,2.642857142857143,74.0
qwen25_15b,902,msc_valid,60,recency,0.2,0,0.0,0.0,0.0,0.0,0.0,0.0
qwen25_15b,902,msc_valid,60,lexical_tfidf,0.2,0,0.0,0.0,0.0,0.0,0.0,0.0
qwen25_15b,902,msc_valid,60,recency_keep_compress_drop,0.2,0,0.0,0.0,0.0,0.0,0.0,0.0
qwen25_15b,902,msc_valid,60,uniform,0.35,28,2.7142857142857144,76.0,0.0,0.0,2.7142857142857144,76.0
qwen25_15b,902,msc_valid,60,longllmlingua,0.35,28,2.5714285714285716,72.0,0.0,0.0,2.5714285714285716,72.0
qwen25_15b,902,msc_valid,60,recency,0.35,0,0.0,0.0,0.0,0.0,0.0,0.0
qwen25_15b,902,msc_valid,60,lexical_tfidf,0.35,0,0.0,0.0,0.0,0.0,0.0,0.0
qwen25_15b,902,msc_valid,60,recency_keep_compress_drop,0.35,0,0.0,0.0,0.0,0.0,0.0,0.0
qwen25_15b,902,msc_valid,60,uniform,0.5,28,2.6964285714285716,75.5,0.0,0.0,2.6964285714285716,75.5
qwen25_15b,902,msc_valid,60,longllmlingua,0.5,28,2.7142857142857144,76.0,0.0,0.0,2.7142857142857144,76.0
qwen25_15b,902,msc_valid,60,recency,0.5,0,0.0,0.0,0.0,0.0,0.0,0.0
qwen25_15b,902,msc_valid,60,lexical_tfidf,0.5,0,0.0,0.0,0.0,0.0,0.0,0.0
qwen25_15b,902,msc_valid,60,recency_keep_compress_drop,0.5,0,0.0,0.0,0.0,0.0,0.0,0.0
qwen25_15b,902,msc_valid,64,uniform,0.2,41,2.317073170731707,95.0,0.0,0.0,2.317073170731707,95.0
qwen25_15b,902,msc_valid,64,longllmlingua,0.2,41,2.3292682926829267,95.5,0.0,0.0,2.3292682926829267,95.5
qwen25_15b,902,msc_valid,64,recency,0.2,0,0.0,0.0,0.0,0.0,0.0,0.0
qwen25_15b,902,msc_valid,64,lexical_tfidf,0.2,0,0.0,0.0,0.0,0.0,0.0,0.0
qwen25_15b,902,msc_valid,64,recency_keep_compress_drop,0.2,0,0.0,0.0,0.0,0.0,0.0,0.0
qwen25_15b,902,msc_valid,64,uniform,0.35,41,2.3292682926829267,95.5,0.0,0.0,2.3292682926829267,95.5
qwen25_15b,902,msc_valid,64,longllmlingua,0.35,41,2.3292682926829267,95.5,0.0,0.0,2.3292682926829267,95.5
qwen25_15b,902,msc_valid,64,recency,0.35,0,0.0,0.0,0.0,0.0,0.0,0.0
qwen25_15b,902,msc_valid,64,lexical_tfidf,0.35,0,0.0,0.0,0.0,0.0,0.0,0.0
qwen25_15b,902,msc_valid,64,recency_keep_compress_drop,0.35,0,0.0,0.0,0.0,0.0,0.0,0.0
qwen25_15b,902,msc_valid,64,uniform,0.5,41,2.292682926829268,94.0,0.0,0.0,2.292682926829268,94.0
qwen25_15b,902,msc_valid,64,longllmlingua,0.5,41,2.3292682926829267,95.5,0.0,0.0,2.3292682926829267,95.5
qwen25_15b,902,msc_valid,64,recency,0.5,0,0.0,0.0,0.0,0.0,0.0,0.0
qwen25_15b,902,msc_valid,64,lexical_tfidf,0.5,0,0.0,0.0,0.0,0.0,0.0,0.0
qwen25_15b,902,msc_valid,64,recency_keep_compress_drop,0.5,0,0.0,0.0,0.0,0.0,0.0,0.0
qwen25_15b,907,msc_valid,4,uniform,0.2,20,3.575,71.5,3.4,68.0,0.17500000000000027,3.5
qwen25_15b,907,msc_valid,4,longllmlingua,0.2,20,2.95,59.0,3.4,68.0,-0.44999999999999973,-9.0
qwen25_15b,907,msc_valid,4,recency,0.2,20,3.575,71.5,3.4,68.0,0.17500000000000027,3.5
qwen25_15b,907,msc_valid,4,lexical_tfidf,0.2,20,3.575,71.5,3.4,68.0,0.17500000000000027,3.5
qwen25_15b,907,msc_valid,4,recency_keep_compress_drop,0.2,20,3.575,71.5,3.4,68.0,0.17500000000000027,3.5
qwen25_15b,907,msc_valid,4,uniform,0.35,20,3.475,69.5,3.4,68.0,0.07500000000000018,1.5
qwen25_15b,907,msc_valid,4,longllmlingua,0.35,20,2.9625,59.25,3.4,68.0,-0.4375,-8.75
qwen25_15b,907,msc_valid,4,recency,0.35,20,3.475,69.5,3.4,68.0,0.07500000000000018,1.5
qwen25_15b,907,msc_valid,4,lexical_tfidf,0.35,20,3.475,69.5,3.4,68.0,0.07500000000000018,1.5
qwen25_15b,907,msc_valid,4,recency_keep_compress_drop,0.35,20,3.475,69.5,3.4,68.0,0.07500000000000018,1.5
qwen25_15b,907,msc_valid,4,uniform,0.5,20,3.475,69.5,3.4,68.0,0.07500000000000018,1.5
qwen25_15b,907,msc_valid,4,longllmlingua,0.5,20,2.8,56.0,3.4,68.0,-0.6000000000000001,-12.0
qwen25_15b,907,msc_valid,4,recency,0.5,20,3.475,69.5,3.4,68.0,0.07500000000000018,1.5
qwen25_15b,907,msc_valid,4,lexical_tfidf,0.5,20,3.475,69.5,3.4,68.0,0.07500000000000018,1.5
qwen25_15b,907,msc_valid,4,recency_keep_compress_drop,0.5,20,3.475,69.5,3.4,68.0,0.07500000000000018,1.5
qwen25_15b,907,msc_valid,6,uniform,0.2,13,4.115384615384615,53.5,3.9038461538461537,50.75,0.21153846153846123,2.75
qwen25_15b,907,msc_valid,6,longllmlingua,0.2,13,4.038461538461538,52.5,3.9038461538461537,50.75,0.13461538461538458,1.75
qwen25_15b,907,msc_valid,6,recency,0.2,13,4.1923076923076925,54.5,3.9038461538461537,50.75,0.28846153846153877,3.75
qwen25_15b,907,msc_valid,6,lexical_tfidf,0.2,13,4.115384615384615,53.5,3.9038461538461537,50.75,0.21153846153846123,2.75
qwen25_15b,907,msc_valid,6,recency_keep_compress_drop,0.2,13,4.115384615384615,53.5,3.9038461538461537,50.75,0.21153846153846123,2.75
qwen25_15b,907,msc_valid,6,uniform,0.35,13,4.076923076923077,53.0,3.9038461538461537,50.75,0.1730769230769229,2.25
qwen25_15b,907,msc_valid,6,longllmlingua,0.35,13,3.8461538461538463,50.0,3.9038461538461537,50.75,-0.05769230769230749,-0.75
qwen25_15b,907,msc_valid,6,recency,0.35,13,4.076923076923077,53.0,3.9038461538461537,50.75,0.1730769230769229,2.25
qwen25_15b,907,msc_valid,6,lexical_tfidf,0.35,13,4.134615384615385,53.75,3.9038461538461537,50.75,0.23076923076923128,3.0
qwen25_15b,907,msc_valid,6,recency_keep_compress_drop,0.35,13,4.134615384615385,53.75,3.9038461538461537,50.75,0.23076923076923128,3.0
qwen25_15b,907,msc_valid,6,uniform,0.5,13,4.096153846153846,53.25,3.9038461538461537,50.75,0.19230769230769207,2.5
qwen25_15b,907,msc_valid,6,longllmlingua,0.5,13,3.576923076923077,46.5,3.9038461538461537,50.75,-0.32692307692307665,-4.25
qwen25_15b,907,msc_valid,6,recency,0.5,13,4.019230769230769,52.25,3.9038461538461537,50.75,0.11538461538461542,1.5
qwen25_15b,907,msc_valid,6,lexical_tfidf,0.5,13,4.019230769230769,52.25,3.9038461538461537,50.75,0.11538461538461542,1.5
qwen25_15b,907,msc_valid,6,recency_keep_compress_drop,0.5,13,4.019230769230769,52.25,3.9038461538461537,50.75,0.11538461538461542,1.5
qwen25_15b,907,msc_valid,8,uniform,0.2,13,1.8173076923076923,23.625,1.7980769230769231,23.375,0.019230769230769162,0.25
qwen25_15b,907,msc_valid,8,longllmlingua,0.2,13,1.7211538461538463,22.375,1.7980769230769231,23.375,-0.07692307692307687,-1.0
qwen25_15b,907,msc_valid,8,recency,0.2,13,1.9903846153846154,25.875,1.7980769230769231,23.375,0.1923076923076923,2.5
qwen25_15b,907,msc_valid,8,lexical_tfidf,0.2,13,1.9326923076923077,25.125,1.7980769230769231,23.375,0.13461538461538458,1.75
qwen25_15b,907,msc_valid,8,recency_keep_compress_drop,0.2,13,1.9807692307692308,25.75,1.7980769230769231,23.375,0.1826923076923077,2.375
qwen25_15b,907,msc_valid,8,uniform,0.35,13,1.8269230769230769,23.75,1.7980769230769231,23.375,0.028846153846153744,0.375
qwen25_15b,907,msc_valid,8,longllmlingua,0.35,13,1.7403846153846154,22.625,1.7980769230769231,23.375,-0.05769230769230771,-0.75
qwen25_15b,907,msc_valid,8,recency,0.35,13,1.8942307692307692,24.625,1.7980769230769231,23.375,0.09615384615384603,1.25
qwen25_15b,907,msc_valid,8,lexical_tfidf,0.35,13,1.8269230769230769,23.75,1.7980769230769231,23.375,0.028846153846153744,0.375
qwen25_15b,907,msc_valid,8,recency_keep_compress_drop,0.35,13,1.8076923076923077,23.5,1.7980769230769231,23.375,0.009615384615384581,0.125
qwen25_15b,907,msc_valid,8,uniform,0.5,13,1.7884615384615385,23.25,1.7980769230769231,23.375,-0.009615384615384581,-0.125
qwen25_15b,907,msc_valid,8,longllmlingua,0.5,13,1.7403846153846154,22.625,1.7980769230769231,23.375,-0.05769230769230771,-0.75
qwen25_15b,907,msc_valid,8,recency,0.5,13,1.9038461538461537,24.75,1.7980769230769231,23.375,0.10576923076923062,1.375
qwen25_15b,907,msc_valid,8,lexical_tfidf,0.5,13,1.7788461538461537,23.125,1.7980769230769231,23.375,-0.019230769230769384,-0.25
qwen25_15b,907,msc_valid,8,recency_keep_compress_drop,0.5,13,1.8076923076923077,23.5,1.7980769230769231,23.375,0.009615384615384581,0.125
qwen25_15b,907,msc_valid,10,uniform,0.2,16,3.125,50.0,2.125,34.0,1.0,16.0
qwen25_15b,907,msc_valid,10,longllmlingua,0.2,16,2.921875,46.75,2.125,34.0,0.796875,12.75
qwen25_15b,907,msc_valid,10,recency,0.2,16,2.84375,45.5,2.125,34.0,0.71875,11.5
qwen25_15b,907,msc_valid,10,lexical_tfidf,0.2,16,3.125,50.0,2.125,34.0,1.0,16.0
qwen25_15b,907,msc_valid,10,recency_keep_compress_drop,0.2,16,2.9375,47.0,2.125,34.0,0.8125,13.0
qwen25_15b,907,msc_valid,10,uniform,0.35,16,2.625,42.0,2.125,34.0,0.5,8.0
qwen25_15b,907,msc_valid,10,longllmlingua,0.35,16,2.53125,40.5,2.125,34.0,0.40625,6.5
qwen25_15b,907,msc_valid,10,recency,0.35,16,2.5,40.0,2.125,34.0,0.375,6.0
qwen25_15b,907,msc_valid,10,lexical_tfidf,0.35,16,2.828125,45.25,2.125,34.0,0.703125,11.25
qwen25_15b,907,msc_valid,10,recency_keep_compress_drop,0.35,16,2.5625,41.0,2.125,34.0,0.4375,7.0
qwen25_15b,907,msc_valid,10,uniform,0.5,16,2.421875,38.75,2.125,34.0,0.296875,4.75
qwen25_15b,907,msc_valid,10,longllmlingua,0.5,16,2.28125,36.5,2.125,34.0,0.15625,2.5
qwen25_15b,907,msc_valid,10,recency,0.5,16,2.359375,37.75,2.125,34.0,0.234375,3.75
qwen25_15b,907,msc_valid,10,lexical_tfidf,0.5,16,2.671875,42.75,2.125,34.0,0.546875,8.75
qwen25_15b,907,msc_valid,10,recency_keep_compress_drop,0.5,16,2.328125,37.25,2.125,34.0,0.203125,3.25
qwen25_15b,907,msc_valid,12,uniform,0.2,18,4.5,81.0,3.6666666666666665,66.0,0.8333333333333335,15.0
qwen25_15b,907,msc_valid,12,longllmlingua,0.2,18,3.8333333333333335,69.0,3.6666666666666665,66.0,0.16666666666666696,3.0
qwen25_15b,907,msc_valid,12,recency,0.2,18,4.472222222222222,80.5,3.6666666666666665,66.0,0.8055555555555558,14.5
qwen25_15b,907,msc_valid,12,lexical_tfidf,0.2,18,4.472222222222222,80.5,3.6666666666666665,66.0,0.8055555555555558,14.5
qwen25_15b,907,msc_valid,12,recency_keep_compress_drop,0.2,18,4.277777777777778,77.0,3.6666666666666665,66.0,0.6111111111111112,11.0
qwen25_15b,907,msc_valid,12,uniform,0.35,18,4.388888888888889,79.0,3.6666666666666665,66.0,0.7222222222222228,13.0
qwen25_15b,907,msc_valid,12,longllmlingua,0.35,18,3.9166666666666665,70.5,3.6666666666666665,66.0,0.25,4.5
qwen25_15b,907,msc_valid,12,recency,0.35,18,4.166666666666667,75.0,3.6666666666666665,66.0,0.5000000000000004,9.0
qwen25_15b,907,msc_valid,12,lexical_tfidf,0.35,18,4.222222222222222,76.0,3.6666666666666665,66.0,0.5555555555555558,10.0
qwen25_15b,907,msc_valid,12,recency_keep_compress_drop,0.35,18,3.861111111111111,69.5,3.6666666666666665,66.0,0.19444444444444464,3.5
qwen25_15b,907,msc_valid,12,uniform,0.5,18,4.166666666666667,75.0,3.6666666666666665,66.0,0.5000000000000004,9.0
qwen25_15b,907,msc_valid,12,longllmlingua,0.5,18,3.861111111111111,69.5,3.6666666666666665,66.0,0.19444444444444464,3.5
qwen25_15b,907,msc_valid,12,recency,0.5,18,4.083333333333333,73.5,3.6666666666666665,66.0,0.4166666666666665,7.5
qwen25_15b,907,msc_valid,12,lexical_tfidf,0.5,18,3.9722222222222223,71.5,3.6666666666666665,66.0,0.3055555555555558,5.5
qwen25_15b,907,msc_valid,12,recency_keep_compress_drop,0.5,18,3.75,67.5,3.6666666666666665,66.0,0.08333333333333348,1.5
qwen25_15b,907,msc_valid,14,uniform,0.2,9,2.5416666666666665,22.875,2.1805555555555554,19.625,0.36111111111111116,3.25
qwen25_15b,907,msc_valid,14,longllmlingua,0.2,9,2.5555555555555554,23.0,2.1805555555555554,19.625,0.375,3.375
qwen25_15b,907,msc_valid,14,recency,0.2,9,2.9583333333333335,26.625,2.1805555555555554,19.625,0.7777777777777781,7.0
qwen25_15b,907,msc_valid,14,lexical_tfidf,0.2,9,2.25,20.25,2.1805555555555554,19.625,0.06944444444444464,0.625
qwen25_15b,907,msc_valid,14,recency_keep_compress_drop,0.2,9,2.9583333333333335,26.625,2.1805555555555554,19.625,0.7777777777777781,7.0
qwen25_15b,907,msc_valid,14,uniform,0.35,9,2.513888888888889,22.625,2.1805555555555554,19.625,0.3333333333333335,3.0
qwen25_15b,907,msc_valid,14,longllmlingua,0.35,9,2.3055555555555554,20.75,2.1805555555555554,19.625,0.125,1.125
qwen25_15b,907,msc_valid,14,recency,0.35,9,2.4444444444444446,22.0,2.1805555555555554,19.625,0.2638888888888893,2.375
qwen25_15b,907,msc_valid,14,lexical_tfidf,0.35,9,2.2083333333333335,19.875,2.1805555555555554,19.625,0.027777777777778123,0.25
qwen25_15b,907,msc_valid,14,recency_keep_compress_drop,0.35,9,2.5833333333333335,23.25,2.1805555555555554,19.625,0.4027777777777781,3.625
qwen25_15b,907,msc_valid,14,uniform,0.5,9,2.3472222222222223,21.125,2.1805555555555554,19.625,0.16666666666666696,1.5
qwen25_15b,907,msc_valid,14,longllmlingua,0.5,9,2.375,21.375,2.1805555555555554,19.625,0.19444444444444464,1.75
qwen25_15b,907,msc_valid,14,recency,0.5,9,2.1805555555555554,19.625,2.1805555555555554,19.625,0.0,0.0
qwen25_15b,907,msc_valid,14,lexical_tfidf,0.5,9,2.3194444444444446,20.875,2.1805555555555554,19.625,0.13888888888888928,1.25
qwen25_15b,907,msc_valid,14,recency_keep_compress_drop,0.5,9,2.375,21.375,2.1805555555555554,19.625,0.19444444444444464,1.75
qwen25_15b,918,msc_valid,4,uniform,0.2,18,2.5,45.0,2.3472222222222223,42.25,0.15277777777777768,2.75
qwen25_15b,918,msc_valid,4,longllmlingua,0.2,18,2.1666666666666665,39.0,2.3472222222222223,42.25,-0.1805555555555558,-3.25
qwen25_15b,918,msc_valid,4,recency,0.2,18,2.5,45.0,2.3472222222222223,42.25,0.15277777777777768,2.75
qwen25_15b,918,msc_valid,4,lexical_tfidf,0.2,18,2.5,45.0,2.3472222222222223,42.25,0.15277777777777768,2.75
qwen25_15b,918,msc_valid,4,recency_keep_compress_drop,0.2,18,2.5,45.0,2.3472222222222223,42.25,0.15277777777777768,2.75
qwen25_15b,918,msc_valid,4,uniform,0.35,18,2.5555555555555554,46.0,2.3472222222222223,42.25,0.20833333333333304,3.75
qwen25_15b,918,msc_valid,4,longllmlingua,0.35,18,2.111111111111111,38.0,2.3472222222222223,42.25,-0.23611111111111116,-4.25
qwen25_15b,918,msc_valid,4,recency,0.35,18,2.5555555555555554,46.0,2.3472222222222223,42.25,0.20833333333333304,3.75
qwen25_15b,918,msc_valid,4,lexical_tfidf,0.35,18,2.5555555555555554,46.0,2.3472222222222223,42.25,0.20833333333333304,3.75
qwen25_15b,918,msc_valid,4,recency_keep_compress_drop,0.35,18,2.5555555555555554,46.0,2.3472222222222223,42.25,0.20833333333333304,3.75
qwen25_15b,918,msc_valid,4,uniform,0.5,18,2.5555555555555554,46.0,2.3472222222222223,42.25,0.20833333333333304,3.75
qwen25_15b,918,msc_valid,4,longllmlingua,0.5,18,1.9861111111111112,35.75,2.3472222222222223,42.25,-0.36111111111111116,-6.5
qwen25_15b,918,msc_valid,4,recency,0.5,18,2.5555555555555554,46.0,2.3472222222222223,42.25,0.20833333333333304,3.75
qwen25_15b,918,msc_valid,4,lexical_tfidf,0.5,18,2.5555555555555554,46.0,2.3472222222222223,42.25,0.20833333333333304,3.75
qwen25_15b,918,msc_valid,4,recency_keep_compress_drop,0.5,18,2.5555555555555554,46.0,2.3472222222222223,42.25,0.20833333333333304,3.75
qwen25_15b,918,msc_valid,8,uniform,0.2,13,4.1923076923076925,54.5,4.346153846153846,56.5,-0.1538461538461533,-2.0
qwen25_15b,918,msc_valid,8,longllmlingua,0.2,13,3.9038461538461537,50.75,4.346153846153846,56.5,-0.44230769230769207,-5.75
qwen25_15b,918,msc_valid,8,recency,0.2,13,4.269230769230769,55.5,4.346153846153846,56.5,-0.07692307692307665,-1.0
qwen25_15b,918,msc_valid,8,lexical_tfidf,0.2,13,4.1923076923076925,54.5,4.346153846153846,56.5,-0.1538461538461533,-2.0
qwen25_15b,918,msc_valid,8,recency_keep_compress_drop,0.2,13,4.269230769230769,55.5,4.346153846153846,56.5,-0.07692307692307665,-1.0
qwen25_15b,918,msc_valid,8,uniform,0.35,13,4.076923076923077,53.0,4.346153846153846,56.5,-0.26923076923076916,-3.5
qwen25_15b,918,msc_valid,8,longllmlingua,0.35,13,4.0,52.0,4.346153846153846,56.5,-0.3461538461538458,-4.5
qwen25_15b,918,msc_valid,8,recency,0.35,13,4.1923076923076925,54.5,4.346153846153846,56.5,-0.1538461538461533,-2.0
qwen25_15b,918,msc_valid,8,lexical_tfidf,0.35,13,4.173076923076923,54.25,4.346153846153846,56.5,-0.17307692307692246,-2.25
qwen25_15b,918,msc_valid,8,recency_keep_compress_drop,0.35,13,4.288461538461538,55.75,4.346153846153846,56.5,-0.05769230769230749,-0.75
qwen25_15b,918,msc_valid,8,uniform,0.5,13,4.153846153846154,54.0,4.346153846153846,56.5,-0.19230769230769162,-2.5
qwen25_15b,918,msc_valid,8,longllmlingua,0.5,13,4.038461538461538,52.5,4.346153846153846,56.5,-0.3076923076923075,-4.0
qwen25_15b,918,msc_valid,8,recency,0.5,13,4.1923076923076925,54.5,4.346153846153846,56.5,-0.1538461538461533,-2.0
qwen25_15b,918,msc_valid,8,lexical_tfidf,0.5,13,4.1923076923076925,54.5,4.346153846153846,56.5,-0.1538461538461533,-2.0
qwen25_15b,918,msc_valid,8,recency_keep_compress_drop,0.5,13,4.230769230769231,55.0,4.346153846153846,56.5,-0.11538461538461497,-1.5
qwen25_15b,918,msc_valid,12,uniform,0.2,10,2.825,28.25,2.475,24.75,0.3500000000000001,3.5
qwen25_15b,918,msc_valid,12,longllmlingua,0.2,10,2.225,22.25,2.475,24.75,-0.25,-2.5
qwen25_15b,918,msc_valid,12,recency,0.2,10,2.875,28.75,2.475,24.75,0.3999999999999999,4.0
qwen25_15b,918,msc_valid,12,lexical_tfidf,0.2,10,2.8125,28.125,2.475,24.75,0.3374999999999999,3.375
qwen25_15b,918,msc_valid,12,recency_keep_compress_drop,0.2,10,2.7375,27.375,2.475,24.75,0.26249999999999973,2.625
qwen25_15b,918,msc_valid,12,uniform,0.35,10,2.6125,26.125,2.475,24.75,0.13749999999999973,1.375
qwen25_15b,918,msc_valid,12,longllmlingua,0.35,10,2.2625,22.625,2.475,24.75,-0.2124999999999999,-2.125
qwen25_15b,918,msc_valid,12,recency,0.35,10,2.6,26.0,2.475,24.75,0.125,1.25
qwen25_15b,918,msc_valid,12,lexical_tfidf,0.35,10,2.8,28.0,2.475,24.75,0.32499999999999973,3.25
qwen25_15b,918,msc_valid,12,recency_keep_compress_drop,0.35,10,2.575,25.75,2.475,24.75,0.10000000000000009,1.0
qwen25_15b,918,msc_valid,12,uniform,0.5,10,2.6375,26.375,2.475,24.75,0.1625000000000001,1.625
qwen25_15b,918,msc_valid,12,longllmlingua,0.5,10,2.1875,21.875,2.475,24.75,-0.2875000000000001,-2.875
qwen25_15b,918,msc_valid,12,recency,0.5,10,2.575,25.75,2.475,24.75,0.10000000000000009,1.0
qwen25_15b,918,msc_valid,12,lexical_tfidf,0.5,10,2.725,27.25,2.475,24.75,0.25,2.5
qwen25_15b,918,msc_valid,12,recency_keep_compress_drop,0.5,10,2.5875,25.875,2.475,24.75,0.11249999999999982,1.125
qwen25_15b,918,msc_valid,16,uniform,0.2,11,2.477272727272727,27.25,2.284090909090909,25.125,0.1931818181818179,2.125
qwen25_15b,918,msc_valid,16,longllmlingua,0.2,11,2.3295454545454546,25.625,2.284090909090909,25.125,0.045454545454545414,0.5
qwen25_15b,918,msc_valid,16,recency,0.2,11,2.75,30.25,2.284090909090909,25.125,0.46590909090909083,5.125
qwen25_15b,918,msc_valid,16,lexical_tfidf,0.2,11,2.6931818181818183,29.625,2.284090909090909,25.125,0.40909090909090917,4.5
qwen25_15b,918,msc_valid,16,recency_keep_compress_drop,0.2,11,2.75,30.25,2.284090909090909,25.125,0.46590909090909083,5.125
qwen25_15b,918,msc_valid,16,uniform,0.35,11,2.5454545454545454,28.0,2.284090909090909,25.125,0.26136363636363624,2.875
qwen25_15b,918,msc_valid,16,longllmlingua,0.35,11,2.534090909090909,27.875,2.284090909090909,25.125,0.25,2.75
qwen25_15b,918,msc_valid,16,recency,0.35,11,2.659090909090909,29.25,2.284090909090909,25.125,0.375,4.125
qwen25_15b,918,msc_valid,16,lexical_tfidf,0.35,11,2.6363636363636362,29.0,2.284090909090909,25.125,0.35227272727272707,3.875
qwen25_15b,918,msc_valid,16,recency_keep_compress_drop,0.35,11,2.522727272727273,27.75,2.284090909090909,25.125,0.23863636363636376,2.625
qwen25_15b,918,msc_valid,16,uniform,0.5,11,2.715909090909091,29.875,2.284090909090909,25.125,0.43181818181818166,4.75
qwen25_15b,918,msc_valid,16,longllmlingua,0.5,11,2.340909090909091,25.75,2.284090909090909,25.125,0.05681818181818166,0.625
qwen25_15b,918,msc_valid,16,recency,0.5,11,2.5113636363636362,27.625,2.284090909090909,25.125,0.22727272727272707,2.5
qwen25_15b,918,msc_valid,16,lexical_tfidf,0.5,11,2.4886363636363638,27.375,2.284090909090909,25.125,0.20454545454545459,2.25
qwen25_15b,918,msc_valid,16,recency_keep_compress_drop,0.5,11,2.375,26.125,2.284090909090909,25.125,0.09090909090909083,1.0
qwen25_15b,918,msc_valid,20,uniform,0.2,12,3.0625,36.75,2.1666666666666665,26.0,0.8958333333333335,10.75
qwen25_15b,918,msc_valid,20,longllmlingua,0.2,12,2.7083333333333335,32.5,2.1666666666666665,26.0,0.541666666666667,6.5
qwen25_15b,918,msc_valid,20,recency,0.2,12,3.2291666666666665,38.75,2.1666666666666665,26.0,1.0625,12.75
qwen25_15b,918,msc_valid,20,lexical_tfidf,0.2,12,2.9583333333333335,35.5,2.1666666666666665,26.0,0.791666666666667,9.5
qwen25_15b,918,msc_valid,20,recency_keep_compress_drop,0.2,12,2.75,33.0,2.1666666666666665,26.0,0.5833333333333335,7.0
qwen25_15b,918,msc_valid,20,uniform,0.35,12,2.8333333333333335,34.0,2.1666666666666665,26.0,0.666666666666667,8.0
qwen25_15b,918,msc_valid,20,longllmlingua,0.35,12,2.59375,31.125,2.1666666666666665,26.0,0.4270833333333335,5.125
qwen25_15b,918,msc_valid,20,recency,0.35,12,2.4791666666666665,29.75,2.1666666666666665,26.0,0.3125,3.75
qwen25_15b,918,msc_valid,20,lexical_tfidf,0.35,12,2.6354166666666665,31.625,2.1666666666666665,26.0,0.46875,5.625
qwen25_15b,918,msc_valid,20,recency_keep_compress_drop,0.35,12,2.4895833333333335,29.875,2.1666666666666665,26.0,0.32291666666666696,3.875
qwen25_15b,918,msc_valid,20,uniform,0.5,12,2.5520833333333335,30.625,2.1666666666666665,26.0,0.38541666666666696,4.625
qwen25_15b,918,msc_valid,20,longllmlingua,0.5,12,2.3645833333333335,28.375,2.1666666666666665,26.0,0.19791666666666696,2.375
qwen25_15b,918,msc_valid,20,recency,0.5,12,2.4479166666666665,29.375,2.1666666666666665,26.0,0.28125,3.375
qwen25_15b,918,msc_valid,20,lexical_tfidf,0.5,12,2.5625,30.75,2.1666666666666665,26.0,0.3958333333333335,4.75
qwen25_15b,918,msc_valid,20,recency_keep_compress_drop,0.5,12,2.3854166666666665,28.625,2.1666666666666665,26.0,0.21875,2.625
qwen25_15b,918,msc_valid,24,uniform,0.2,10,3.925,39.25,2.9125,29.125,1.0124999999999997,10.125
qwen25_15b,918,msc_valid,24,longllmlingua,0.2,10,3.3,33.0,2.9125,29.125,0.38749999999999973,3.875
qwen25_15b,918,msc_valid,24,recency,0.2,10,3.3,33.0,2.9125,29.125,0.38749999999999973,3.875
qwen25_15b,918,msc_valid,24,lexical_tfidf,0.2,10,3.375,33.75,2.9125,29.125,0.4624999999999999,4.625
qwen25_15b,918,msc_valid,24,recency_keep_compress_drop,0.2,10,3.075,30.75,2.9125,29.125,0.1625000000000001,1.625
qwen25_15b,918,msc_valid,24,uniform,0.35,10,3.8,38.0,2.9125,29.125,0.8874999999999997,8.875
qwen25_15b,918,msc_valid,24,longllmlingua,0.35,10,3.4,34.0,2.9125,29.125,0.4874999999999998,4.875
qwen25_15b,918,msc_valid,24,recency,0.35,10,3.225,32.25,2.9125,29.125,0.3125,3.125
qwen25_15b,918,msc_valid,24,lexical_tfidf,0.35,10,3.4,34.0,2.9125,29.125,0.4874999999999998,4.875
qwen25_15b,918,msc_valid,24,recency_keep_compress_drop,0.35,10,2.9625,29.625,2.9125,29.125,0.04999999999999982,0.5
qwen25_15b,918,msc_valid,24,uniform,0.5,10,3.5,35.0,2.9125,29.125,0.5874999999999999,5.875
qwen25_15b,918,msc_valid,24,longllmlingua,0.5,10,3.5,35.0,2.9125,29.125,0.5874999999999999,5.875
qwen25_15b,918,msc_valid,24,recency,0.5,10,3.025,30.25,2.9125,29.125,0.11249999999999982,1.125
qwen25_15b,918,msc_valid,24,lexical_tfidf,0.5,10,3.275,32.75,2.9125,29.125,0.3624999999999998,3.625
qwen25_15b,918,msc_valid,24,recency_keep_compress_drop,0.5,10,3.0125,30.125,2.9125,29.125,0.10000000000000009,1.0
qwen25_15b,918,msc_valid,28,uniform,0.2,40,3.725,149.0,3.375,135.0,0.3500000000000001,14.0
qwen25_15b,918,msc_valid,28,longllmlingua,0.2,40,3.525,141.0,3.375,135.0,0.1499999999999999,6.0
qwen25_15b,918,msc_valid,28,recency,0.2,40,3.575,143.0,3.375,135.0,0.20000000000000018,8.0
qwen25_15b,918,msc_valid,28,lexical_tfidf,0.2,40,3.6,144.0,3.375,135.0,0.2250000000000001,9.0
qwen25_15b,918,msc_valid,28,recency_keep_compress_drop,0.2,40,3.55,142.0,3.375,135.0,0.17499999999999982,7.0
qwen25_15b,918,msc_valid,28,uniform,0.35,40,3.525,141.0,3.375,135.0,0.1499999999999999,6.0
qwen25_15b,918,msc_valid,28,longllmlingua,0.35,40,3.525,141.0,3.375,135.0,0.1499999999999999,6.0
qwen25_15b,918,msc_valid,28,recency,0.35,40,3.425,137.0,3.375,135.0,0.04999999999999982,2.0
qwen25_15b,918,msc_valid,28,lexical_tfidf,0.35,40,3.5,140.0,3.375,135.0,0.125,5.0
qwen25_15b,918,msc_valid,28,recency_keep_compress_drop,0.35,40,3.475,139.0,3.375,135.0,0.10000000000000009,4.0
qwen25_15b,918,msc_valid,28,uniform,0.5,40,3.5,140.0,3.375,135.0,0.125,5.0
qwen25_15b,918,msc_valid,28,longllmlingua,0.5,40,3.45,138.0,3.375,135.0,0.07500000000000018,3.0
qwen25_15b,918,msc_valid,28,recency,0.5,40,3.5,140.0,3.375,135.0,0.125,5.0
qwen25_15b,918,msc_valid,28,lexical_tfidf,0.5,40,3.425,137.0,3.375,135.0,0.04999999999999982,2.0
qwen25_15b,918,msc_valid,28,recency_keep_compress_drop,0.5,40,3.425,137.0,3.375,135.0,0.04999999999999982,2.0
qwen25_15b,918,msc_valid,32,uniform,0.2,32,3.5625,114.0,3.078125,98.5,0.484375,15.5
qwen25_15b,918,msc_valid,32,longllmlingua,0.2,32,3.65625,117.0,3.078125,98.5,0.578125,18.5
qwen25_15b,918,msc_valid,32,recency,0.2,32,3.59375,115.0,3.078125,98.5,0.515625,16.5
qwen25_15b,918,msc_valid,32,lexical_tfidf,0.2,32,3.53125,113.0,3.078125,98.5,0.453125,14.5
qwen25_15b,918,msc_valid,32,recency_keep_compress_drop,0.2,32,3.484375,111.5,3.078125,98.5,0.40625,13.0
qwen25_15b,918,msc_valid,32,uniform,0.35,32,3.484375,111.5,3.078125,98.5,0.40625,13.0
qwen25_15b,918,msc_valid,32,longllmlingua,0.35,32,3.59375,115.0,3.078125,98.5,0.515625,16.5
qwen25_15b,918,msc_valid,32,recency,0.35,32,3.53125,113.0,3.078125,98.5,0.453125,14.5
qwen25_15b,918,msc_valid,32,lexical_tfidf,0.35,32,3.515625,112.5,3.078125,98.5,0.4375,14.0
qwen25_15b,918,msc_valid,32,recency_keep_compress_drop,0.35,32,3.09375,99.0,3.078125,98.5,0.015625,0.5
qwen25_15b,918,msc_valid,32,uniform,0.5,32,3.484375,111.5,3.078125,98.5,0.40625,13.0
qwen25_15b,918,msc_valid,32,longllmlingua,0.5,32,3.59375,115.0,3.078125,98.5,0.515625,16.5
qwen25_15b,918,msc_valid,32,recency,0.5,32,3.46875,111.0,3.078125,98.5,0.390625,12.5
qwen25_15b,918,msc_valid,32,lexical_tfidf,0.5,32,3.484375,111.5,3.078125,98.5,0.40625,13.0
qwen25_15b,918,msc_valid,32,recency_keep_compress_drop,0.5,32,3.125,100.0,3.078125,98.5,0.046875,1.5
qwen25_15b,918,msc_valid,34,uniform,0.2,35,2.9285714285714284,102.5,2.5,87.5,0.4285714285714284,15.0
qwen25_15b,918,msc_valid,34,longllmlingua,0.2,35,2.7142857142857144,95.0,2.5,87.5,0.2142857142857144,7.5
qwen25_15b,918,msc_valid,34,recency,0.2,35,2.742857142857143,96.0,2.5,87.5,0.24285714285714288,8.5
qwen25_15b,918,msc_valid,34,lexical_tfidf,0.2,35,2.7285714285714286,95.5,2.5,87.5,0.22857142857142865,8.0
qwen25_15b,918,msc_valid,34,recency_keep_compress_drop,0.2,35,2.7142857142857144,95.0,2.5,87.5,0.2142857142857144,7.5
qwen25_15b,918,msc_valid,34,uniform,0.35,35,2.8285714285714287,99.0,2.5,87.5,0.32857142857142874,11.5
qwen25_15b,918,msc_valid,34,longllmlingua,0.35,35,2.6857142857142855,94.0,2.5,87.5,0.1857142857142855,6.5
qwen25_15b,918,msc_valid,34,recency,0.35,35,2.8,98.0,2.5,87.5,0.2999999999999998,10.5
qwen25_15b,918,msc_valid,34,lexical_tfidf,0.35,35,2.7,94.5,2.5,87.5,0.20000000000000018,7.0
qwen25_15b,918,msc_valid,34,recency_keep_compress_drop,0.35,35,2.5,87.5,2.5,87.5,0.0,0.0
qwen25_15b,918,msc_valid,34,uniform,0.5,35,2.842857142857143,99.5,2.5,87.5,0.34285714285714297,12.0
qwen25_15b,918,msc_valid,34,longllmlingua,0.5,35,2.6,91.0,2.5,87.5,0.10000000000000009,3.5
qwen25_15b,918,msc_valid,34,recency,0.5,35,2.642857142857143,92.5,2.5,87.5,0.1428571428571428,5.0
qwen25_15b,918,msc_valid,34,lexical_tfidf,0.5,35,2.5142857142857142,88.0,2.5,87.5,0.014285714285714235,0.5
qwen25_15b,918,msc_valid,34,recency_keep_compress_drop,0.5,35,2.4571428571428573,86.0,2.5,87.5,-0.042857142857142705,-1.5
qwen25_15b,918,msc_valid,38,uniform,0.2,23,3.217391304347826,74.0,2.597826086956522,59.75,0.6195652173913042,14.25
qwen25_15b,918,msc_valid,38,longllmlingua,0.2,23,2.8043478260869565,64.5,2.597826086956522,59.75,0.2065217391304346,4.75
qwen25_15b,918,msc_valid,38,recency,0.2,23,2.760869565217391,63.5,2.597826086956522,59.75,0.16304347826086918,3.75
qwen25_15b,918,msc_valid,38,lexical_tfidf,0.2,23,2.8260869565217392,65.0,2.597826086956522,59.75,0.2282608695652173,5.25
qwen25_15b,918,msc_valid,38,recency_keep_compress_drop,0.2,23,2.7282608695652173,62.75,2.597826086956522,59.75,0.13043478260869534,3.0
qwen25_15b,918,msc_valid,38,uniform,0.35,23,3.0869565217391304,71.0,2.597826086956522,59.75,0.4891304347826084,11.25
qwen25_15b,918,msc_valid,38,longllmlingua,0.35,23,2.8043478260869565,64.5,2.597826086956522,59.75,0.2065217391304346,4.75
qwen25_15b,918,msc_valid,38,recency,0.35,23,2.75,63.25,2.597826086956522,59.75,0.15217391304347805,3.5
qwen25_15b,918,msc_valid,38,lexical_tfidf,0.35,23,2.7717391304347827,63.75,2.597826086956522,59.75,0.17391304347826075,4.0
qwen25_15b,918,msc_valid,38,recency_keep_compress_drop,0.35,23,2.7282608695652173,62.75,2.597826086956522,59.75,0.13043478260869534,3.0
qwen25_15b,918,msc_valid,38,uniform,0.5,23,2.9130434782608696,67.0,2.597826086956522,59.75,0.31521739130434767,7.25
qwen25_15b,918,msc_valid,38,longllmlingua,0.5,23,2.7717391304347827,63.75,2.597826086956522,59.75,0.17391304347826075,4.0
qwen25_15b,918,msc_valid,38,recency,0.5,23,2.5869565217391304,59.5,2.597826086956522,59.75,-0.010869565217391575,-0.25
qwen25_15b,918,msc_valid,38,lexical_tfidf,0.5,23,2.760869565217391,63.5,2.597826086956522,59.75,0.16304347826086918,3.75
qwen25_15b,918,msc_valid,38,recency_keep_compress_drop,0.5,23,2.6956521739130435,62.0,2.597826086956522,59.75,0.09782608695652151,2.25
qwen25_15b,918,msc_valid,42,uniform,0.2,23,2.8043478260869565,64.5,2.4456521739130435,56.25,0.3586956521739131,8.25
qwen25_15b,918,msc_valid,42,longllmlingua,0.2,23,2.6956521739130435,62.0,2.4456521739130435,56.25,0.25,5.75
qwen25_15b,918,msc_valid,42,recency,0.2,23,2.5543478260869565,58.75,2.4456521739130435,56.25,0.10869565217391308,2.5
qwen25_15b,918,msc_valid,42,lexical_tfidf,0.2,23,2.619565217391304,60.25,2.4456521739130435,56.25,0.17391304347826075,4.0
qwen25_15b,918,msc_valid,42,recency_keep_compress_drop,0.2,23,2.5217391304347827,58.0,2.4456521739130435,56.25,0.07608695652173925,1.75
qwen25_15b,918,msc_valid,42,uniform,0.35,23,2.641304347826087,60.75,2.4456521739130435,56.25,0.19565217391304346,4.5
qwen25_15b,918,msc_valid,42,longllmlingua,0.35,23,2.619565217391304,60.25,2.4456521739130435,56.25,0.17391304347826075,4.0
qwen25_15b,918,msc_valid,42,recency,0.35,23,2.5217391304347827,58.0,2.4456521739130435,56.25,0.07608695652173925,1.75
qwen25_15b,918,msc_valid,42,lexical_tfidf,0.35,23,2.5434782608695654,58.5,2.4456521739130435,56.25,0.09782608695652195,2.25
qwen25_15b,918,msc_valid,42,recency_keep_compress_drop,0.35,23,2.489130434782609,57.25,2.4456521739130435,56.25,0.04347826086956541,1.0
qwen25_15b,918,msc_valid,42,uniform,0.5,23,2.5652173913043477,59.0,2.4456521739130435,56.25,0.11956521739130421,2.75
qwen25_15b,918,msc_valid,42,longllmlingua,0.5,23,2.5434782608695654,58.5,2.4456521739130435,56.25,0.09782608695652195,2.25
qwen25_15b,918,msc_valid,42,recency,0.5,23,2.4239130434782608,55.75,2.4456521739130435,56.25,-0.021739130434782705,-0.5
qwen25_15b,918,msc_valid,42,lexical_tfidf,0.5,23,2.4565217391304346,56.5,2.4456521739130435,56.25,0.01086956521739113,0.25
qwen25_15b,918,msc_valid,42,recency_keep_compress_drop,0.5,23,2.4239130434782608,55.75,2.4456521739130435,56.25,-0.021739130434782705,-0.5
qwen25_15b,918,msc_valid,46,uniform,0.2,13,3.019230769230769,39.25,0.0,0.0,3.019230769230769,39.25
qwen25_15b,918,msc_valid,46,longllmlingua,0.2,13,3.0384615384615383,39.5,0.0,0.0,3.0384615384615383,39.5
qwen25_15b,918,msc_valid,46,recency,0.2,13,2.7884615384615383,36.25,0.0,0.0,2.7884615384615383,36.25
qwen25_15b,918,msc_valid,46,lexical_tfidf,0.2,13,2.8653846153846154,37.25,0.0,0.0,2.8653846153846154,37.25
qwen25_15b,918,msc_valid,46,recency_keep_compress_drop,0.2,13,2.826923076923077,36.75,0.0,0.0,2.826923076923077,36.75
qwen25_15b,918,msc_valid,46,uniform,0.35,13,2.8076923076923075,36.5,0.0,0.0,2.8076923076923075,36.5
qwen25_15b,918,msc_valid,46,longllmlingua,0.35,13,2.8846153846153846,37.5,0.0,0.0,2.8846153846153846,37.5
qwen25_15b,918,msc_valid,46,recency,0.35,13,2.769230769230769,36.0,0.0,0.0,2.769230769230769,36.0
qwen25_15b,918,msc_valid,46,lexical_tfidf,0.35,13,2.5576923076923075,33.25,0.0,0.0,2.5576923076923075,33.25
qwen25_15b,918,msc_valid,46,recency_keep_compress_drop,0.35,13,2.6923076923076925,35.0,0.0,0.0,2.6923076923076925,35.0
qwen25_15b,918,msc_valid,46,uniform,0.5,13,2.6153846153846154,34.0,0.0,0.0,2.6153846153846154,34.0
qwen25_15b,918,msc_valid,46,longllmlingua,0.5,13,2.8076923076923075,36.5,0.0,0.0,2.8076923076923075,36.5
qwen25_15b,918,msc_valid,46,recency,0.5,13,2.6346153846153846,34.25,0.0,0.0,2.6346153846153846,34.25
qwen25_15b,918,msc_valid,46,lexical_tfidf,0.5,13,2.4615384615384617,32.0,0.0,0.0,2.4615384615384617,32.0
qwen25_15b,918,msc_valid,46,recency_keep_compress_drop,0.5,13,2.6346153846153846,34.25,0.0,0.0,2.6346153846153846,34.25
qwen25_15b,918,msc_valid,50,uniform,0.2,32,2.546875,81.5,0.0,0.0,2.546875,81.5
qwen25_15b,918,msc_valid,50,longllmlingua,0.2,32,2.703125,86.5,0.0,0.0,2.703125,86.5
qwen25_15b,918,msc_valid,50,recency,0.2,32,2.609375,83.5,0.0,0.0,2.609375,83.5
qwen25_15b,918,msc_valid,50,lexical_tfidf,0.2,32,2.609375,83.5,0.0,0.0,2.609375,83.5
qwen25_15b,918,msc_valid,50,recency_keep_compress_drop,0.2,32,2.53125,81.0,0.0,0.0,2.53125,81.0
qwen25_15b,918,msc_valid,50,uniform,0.35,32,2.5,80.0,0.0,0.0,2.5,80.0
qwen25_15b,918,msc_valid,50,longllmlingua,0.35,32,2.65625,85.0,0.0,0.0,2.65625,85.0
qwen25_15b,918,msc_valid,50,recency,0.35,32,2.59375,83.0,0.0,0.0,2.59375,83.0
qwen25_15b,918,msc_valid,50,lexical_tfidf,0.35,32,2.5,80.0,0.0,0.0,2.5,80.0
qwen25_15b,918,msc_valid,50,recency_keep_compress_drop,0.35,32,2.59375,83.0,0.0,0.0,2.59375,83.0
qwen25_15b,918,msc_valid,50,uniform,0.5,32,2.453125,78.5,0.0,0.0,2.453125,78.5
qwen25_15b,918,msc_valid,50,longllmlingua,0.5,32,2.625,84.0,0.0,0.0,2.625,84.0
qwen25_15b,918,msc_valid,50,recency,0.5,32,2.46875,79.0,0.0,0.0,2.46875,79.0
qwen25_15b,918,msc_valid,50,lexical_tfidf,0.5,32,2.5,80.0,0.0,0.0,2.5,80.0
qwen25_15b,918,msc_valid,50,recency_keep_compress_drop,0.5,32,2.5,80.0,0.0,0.0,2.5,80.0
qwen25_15b,918,msc_valid,54,uniform,0.2,57,2.491228070175439,142.0,0.0,0.0,2.491228070175439,142.0
qwen25_15b,918,msc_valid,54,longllmlingua,0.2,57,2.245614035087719,128.0,0.0,0.0,2.245614035087719,128.0
qwen25_15b,918,msc_valid,54,recency,0.2,57,2.5789473684210527,147.0,0.0,0.0,2.5789473684210527,147.0
qwen25_15b,918,msc_valid,54,lexical_tfidf,0.2,57,2.473684210526316,141.0,0.0,0.0,2.473684210526316,141.0
qwen25_15b,918,msc_valid,54,recency_keep_compress_drop,0.2,57,2.491228070175439,142.0,0.0,0.0,2.491228070175439,142.0
qwen25_15b,918,msc_valid,54,uniform,0.35,57,2.491228070175439,142.0,0.0,0.0,2.491228070175439,142.0
qwen25_15b,918,msc_valid,54,longllmlingua,0.35,57,2.263157894736842,129.0,0.0,0.0,2.263157894736842,129.0
qwen25_15b,918,msc_valid,54,recency,0.35,57,2.4210526315789473,138.0,0.0,0.0,2.4210526315789473,138.0
qwen25_15b,918,msc_valid,54,lexical_tfidf,0.35,57,2.4035087719298245,137.0,0.0,0.0,2.4035087719298245,137.0
qwen25_15b,918,msc_valid,54,recency_keep_compress_drop,0.35,57,2.4210526315789473,138.0,0.0,0.0,2.4210526315789473,138.0
qwen25_15b,918,msc_valid,54,uniform,0.5,57,2.3333333333333335,133.0,0.0,0.0,2.3333333333333335,133.0
qwen25_15b,918,msc_valid,54,longllmlingua,0.5,57,2.245614035087719,128.0,0.0,0.0,2.245614035087719,128.0
qwen25_15b,918,msc_valid,54,recency,0.5,57,2.3859649122807016,136.0,0.0,0.0,2.3859649122807016,136.0
qwen25_15b,918,msc_valid,54,lexical_tfidf,0.5,57,2.3508771929824563,134.0,0.0,0.0,2.3508771929824563,134.0
qwen25_15b,918,msc_valid,54,recency_keep_compress_drop,0.5,57,2.43859649122807,139.0,0.0,0.0,2.43859649122807,139.0
qwen25_15b,918,msc_valid,58,uniform,0.2,67,1.9701492537313432,132.0,0.0,0.0,1.9701492537313432,132.0
qwen25_15b,918,msc_valid,58,longllmlingua,0.2,67,2.0,134.0,0.0,0.0,2.0,134.0
qwen25_15b,918,msc_valid,58,recency,0.2,67,2.0597014925373136,138.0,0.0,0.0,2.0597014925373136,138.0
qwen25_15b,918,msc_valid,58,lexical_tfidf,0.2,67,1.9029850746268657,127.5,0.0,0.0,1.9029850746268657,127.5
qwen25_15b,918,msc_valid,58,recency_keep_compress_drop,0.2,67,2.0,134.0,0.0,0.0,2.0,134.0
qwen25_15b,918,msc_valid,58,uniform,0.35,67,1.8880597014925373,126.5,0.0,0.0,1.8880597014925373,126.5
qwen25_15b,918,msc_valid,58,longllmlingua,0.35,67,1.9701492537313432,132.0,0.0,0.0,1.9701492537313432,132.0
qwen25_15b,918,msc_valid,58,recency,0.35,67,2.014925373134328,135.0,0.0,0.0,2.014925373134328,135.0
qwen25_15b,918,msc_valid,58,lexical_tfidf,0.35,67,1.9104477611940298,128.0,0.0,0.0,1.9104477611940298,128.0
qwen25_15b,918,msc_valid,58,recency_keep_compress_drop,0.35,67,1.9253731343283582,129.0,0.0,0.0,1.9253731343283582,129.0
qwen25_15b,918,msc_valid,58,uniform,0.5,67,1.9029850746268657,127.5,0.0,0.0,1.9029850746268657,127.5
qwen25_15b,918,msc_valid,58,longllmlingua,0.5,67,1.9029850746268657,127.5,0.0,0.0,1.9029850746268657,127.5
qwen25_15b,918,msc_valid,58,recency,0.5,0,0.0,0.0,0.0,0.0,0.0,0.0
qwen25_15b,918,msc_valid,58,lexical_tfidf,0.5,0,0.0,0.0,0.0,0.0,0.0,0.0
qwen25_15b,918,msc_valid,58,recency_keep_compress_drop,0.5,0,0.0,0.0,0.0,0.0,0.0,0.0
qwen25_15b,918,msc_valid,62,uniform,0.2,54,2.1481481481481484,116.0,0.0,0.0,2.1481481481481484,116.0
qwen25_15b,918,msc_valid,62,longllmlingua,0.2,54,1.9814814814814814,107.0,0.0,0.0,1.9814814814814814,107.0
qwen25_15b,918,msc_valid,62,recency,0.2,54,1.9814814814814814,107.0,0.0,0.0,1.9814814814814814,107.0
qwen25_15b,918,msc_valid,62,lexical_tfidf,0.2,54,1.9907407407407407,107.5,0.0,0.0,1.9907407407407407,107.5
qwen25_15b,918,msc_valid,62,recency_keep_compress_drop,0.2,54,1.9907407407407407,107.5,0.0,0.0,1.9907407407407407,107.5
qwen25_15b,918,msc_valid,62,uniform,0.35,54,1.8888888888888888,102.0,0.0,0.0,1.8888888888888888,102.0
qwen25_15b,918,msc_valid,62,longllmlingua,0.35,54,2.009259259259259,108.5,0.0,0.0,2.009259259259259,108.5
qwen25_15b,918,msc_valid,62,recency,0.35,0,0.0,0.0,0.0,0.0,0.0,0.0
qwen25_15b,918,msc_valid,62,lexical_tfidf,0.35,0,0.0,0.0,0.0,0.0,0.0,0.0
qwen25_15b,918,msc_valid,62,recency_keep_compress_drop,0.35,0,0.0,0.0,0.0,0.0,0.0,0.0
qwen25_15b,918,msc_valid,62,uniform,0.5,39,1.5,58.5,0.0,0.0,1.5,58.5
qwen25_15b,918,msc_valid,62,longllmlingua,0.5,54,1.9907407407407407,107.5,0.0,0.0,1.9907407407407407,107.5
qwen25_15b,918,msc_valid,62,recency,0.5,0,0.0,0.0,0.0,0.0,0.0,0.0
qwen25_15b,918,msc_valid,62,lexical_tfidf,0.5,0,0.0,0.0,0.0,0.0,0.0,0.0
qwen25_15b,918,msc_valid,62,recency_keep_compress_drop,0.5,0,0.0,0.0,0.0,0.0,0.0,0.0
qwen25_15b,978,msc_valid,4,uniform,0.2,19,3.6315789473684212,69.0,3.6315789473684212,69.0,0.0,0.0
qwen25_15b,978,msc_valid,4,longllmlingua,0.2,19,3.5789473684210527,68.0,3.6315789473684212,69.0,-0.052631578947368585,-1.0
qwen25_15b,978,msc_valid,4,recency,0.2,19,3.6315789473684212,69.0,3.6315789473684212,69.0,0.0,0.0
qwen25_15b,978,msc_valid,4,lexical_tfidf,0.2,19,3.6315789473684212,69.0,3.6315789473684212,69.0,0.0,0.0
qwen25_15b,978,msc_valid,4,recency_keep_compress_drop,0.2,19,3.6315789473684212,69.0,3.6315789473684212,69.0,0.0,0.0
qwen25_15b,978,msc_valid,4,uniform,0.35,19,3.6315789473684212,69.0,3.6315789473684212,69.0,0.0,0.0
qwen25_15b,978,msc_valid,4,longllmlingua,0.35,19,3.5526315789473686,67.5,3.6315789473684212,69.0,-0.07894736842105265,-1.5
qwen25_15b,978,msc_valid,4,recency,0.35,19,3.6315789473684212,69.0,3.6315789473684212,69.0,0.0,0.0
qwen25_15b,978,msc_valid,4,lexical_tfidf,0.35,19,3.6315789473684212,69.0,3.6315789473684212,69.0,0.0,0.0
qwen25_15b,978,msc_valid,4,recency_keep_compress_drop,0.35,19,3.6315789473684212,69.0,3.6315789473684212,69.0,0.0,0.0
qwen25_15b,978,msc_valid,4,uniform,0.5,19,3.6315789473684212,69.0,3.6315789473684212,69.0,0.0,0.0
qwen25_15b,978,msc_valid,4,longllmlingua,0.5,19,3.6842105263157894,70.0,3.6315789473684212,69.0,0.05263157894736814,1.0
qwen25_15b,978,msc_valid,4,recency,0.5,19,3.6315789473684212,69.0,3.6315789473684212,69.0,0.0,0.0
qwen25_15b,978,msc_valid,4,lexical_tfidf,0.5,19,3.6315789473684212,69.0,3.6315789473684212,69.0,0.0,0.0
qwen25_15b,978,msc_valid,4,recency_keep_compress_drop,0.5,19,3.6315789473684212,69.0,3.6315789473684212,69.0,0.0,0.0
qwen25_15b,978,msc_valid,8,uniform,0.2,11,4.431818181818182,48.75,3.6136363636363638,39.75,0.8181818181818179,9.0
qwen25_15b,978,msc_valid,8,longllmlingua,0.2,11,4.113636363636363,45.25,3.6136363636363638,39.75,0.49999999999999956,5.5
qwen25_15b,978,msc_valid,8,recency,0.2,11,4.636363636363637,51.0,3.6136363636363638,39.75,1.022727272727273,11.25
qwen25_15b,978,msc_valid,8,lexical_tfidf,0.2,11,4.295454545454546,47.25,3.6136363636363638,39.75,0.6818181818181821,7.5
qwen25_15b,978,msc_valid,8,recency_keep_compress_drop,0.2,11,4.636363636363637,51.0,3.6136363636363638,39.75,1.022727272727273,11.25
qwen25_15b,978,msc_valid,8,uniform,0.35,11,4.613636363636363,50.75,3.6136363636363638,39.75,0.9999999999999996,11.0
qwen25_15b,978,msc_valid,8,longllmlingua,0.35,11,4.0227272727272725,44.25,3.6136363636363638,39.75,0.4090909090909087,4.5
qwen25_15b,978,msc_valid,8,recency,0.35,11,4.5,49.5,3.6136363636363638,39.75,0.8863636363636362,9.75
qwen25_15b,978,msc_valid,8,lexical_tfidf,0.35,11,4.136363636363637,45.5,3.6136363636363638,39.75,0.5227272727272729,5.75
qwen25_15b,978,msc_valid,8,recency_keep_compress_drop,0.35,11,4.4772727272727275,49.25,3.6136363636363638,39.75,0.8636363636363638,9.5
qwen25_15b,978,msc_valid,8,uniform,0.5,11,4.25,46.75,3.6136363636363638,39.75,0.6363636363636362,7.0
qwen25_15b,978,msc_valid,8,longllmlingua,0.5,11,4.068181818181818,44.75,3.6136363636363638,39.75,0.4545454545454546,5.0
qwen25_15b,978,msc_valid,8,recency,0.5,11,4.25,46.75,3.6136363636363638,39.75,0.6363636363636362,7.0
qwen25_15b,978,msc_valid,8,lexical_tfidf,0.5,11,4.2272727272727275,46.5,3.6136363636363638,39.75,0.6136363636363638,6.75
qwen25_15b,978,msc_valid,8,recency_keep_compress_drop,0.5,11,4.204545454545454,46.25,3.6136363636363638,39.75,0.5909090909090904,6.5
qwen25_15b,978,msc_valid,12,uniform,0.2,14,3.4107142857142856,47.75,3.0714285714285716,43.0,0.33928571428571397,4.75
qwen25_15b,978,msc_valid,12,longllmlingua,0.2,14,3.25,45.5,3.0714285714285716,43.0,0.17857142857142838,2.5
qwen25_15b,978,msc_valid,12,recency,0.2,14,3.3035714285714284,46.25,3.0714285714285716,43.0,0.23214285714285676,3.25
qwen25_15b,978,msc_valid,12,lexical_tfidf,0.2,14,3.0714285714285716,43.0,3.0714285714285716,43.0,0.0,0.0
qwen25_15b,978,msc_valid,12,recency_keep_compress_drop,0.2,14,3.0357142857142856,42.5,3.0714285714285716,43.0,-0.03571428571428603,-0.5
qwen25_15b,978,msc_valid,12,uniform,0.35,14,3.1785714285714284,44.5,3.0714285714285716,43.0,0.10714285714285676,1.5
qwen25_15b,978,msc_valid,12,longllmlingua,0.35,14,3.375,47.25,3.0714285714285716,43.0,0.3035714285714284,4.25
qwen25_15b,978,msc_valid,12,recency,0.35,14,3.107142857142857,43.5,3.0714285714285716,43.0,0.03571428571428559,0.5
qwen25_15b,978,msc_valid,12,lexical_tfidf,0.35,14,3.1607142857142856,44.25,3.0714285714285716,43.0,0.08928571428571397,1.25
qwen25_15b,978,msc_valid,12,recency_keep_compress_drop,0.35,14,3.125,43.75,3.0714285714285716,43.0,0.05357142857142838,0.75
qwen25_15b,978,msc_valid,12,uniform,0.5,14,3.0892857142857144,43.25,3.0714285714285716,43.0,0.017857142857142794,0.25
qwen25_15b,978,msc_valid,12,longllmlingua,0.5,14,3.1607142857142856,44.25,3.0714285714285716,43.0,0.08928571428571397,1.25
qwen25_15b,978,msc_valid,12,recency,0.5,14,3.125,43.75,3.0714285714285716,43.0,0.05357142857142838,0.75
qwen25_15b,978,msc_valid,12,lexical_tfidf,0.5,14,3.0,42.0,3.0714285714285716,43.0,-0.07142857142857162,-1.0
qwen25_15b,978,msc_valid,12,recency_keep_compress_drop,0.5,14,3.0,42.0,3.0714285714285716,43.0,-0.07142857142857162,-1.0
qwen25_15b,978,msc_valid,16,uniform,0.2,30,2.8333333333333335,85.0,2.45,73.5,0.3833333333333333,11.5
qwen25_15b,978,msc_valid,16,longllmlingua,0.2,30,2.6166666666666667,78.5,2.45,73.5,0.16666666666666652,5.0
qwen25_15b,978,msc_valid,16,recency,0.2,30,2.85,85.5,2.45,73.5,0.3999999999999999,12.0
qwen25_15b,978,msc_valid,16,lexical_tfidf,0.2,30,2.683333333333333,80.5,2.45,73.5,0.23333333333333295,7.0
qwen25_15b,978,msc_valid,16,recency_keep_compress_drop,0.2,30,2.8666666666666667,86.0,2.45,73.5,0.4166666666666665,12.5
qwen25_15b,978,msc_valid,16,uniform,0.35,30,2.466666666666667,74.0,2.45,73.5,0.016666666666666607,0.5
qwen25_15b,978,msc_valid,16,longllmlingua,0.35,30,2.533333333333333,76.0,2.45,73.5,0.08333333333333304,2.5
qwen25_15b,978,msc_valid,16,recency,0.35,30,2.783333333333333,83.5,2.45,73.5,0.33333333333333304,10.0
qwen25_15b,978,msc_valid,16,lexical_tfidf,0.35,30,2.5833333333333335,77.5,2.45,73.5,0.1333333333333333,4.0
qwen25_15b,978,msc_valid,16,recency_keep_compress_drop,0.35,30,2.8833333333333333,86.5,2.45,73.5,0.4333333333333331,13.0
qwen25_15b,978,msc_valid,16,uniform,0.5,30,2.45,73.5,2.45,73.5,0.0,0.0
qwen25_15b,978,msc_valid,16,longllmlingua,0.5,30,2.5166666666666666,75.5,2.45,73.5,0.06666666666666643,2.0
qwen25_15b,978,msc_valid,16,recency,0.5,30,2.6166666666666667,78.5,2.45,73.5,0.16666666666666652,5.0
qwen25_15b,978,msc_valid,16,lexical_tfidf,0.5,30,2.55,76.5,2.45,73.5,0.09999999999999964,3.0
qwen25_15b,978,msc_valid,16,recency_keep_compress_drop,0.5,30,2.533333333333333,76.0,2.45,73.5,0.08333333333333304,2.5
qwen25_15b,978,msc_valid,20,uniform,0.2,13,2.769230769230769,36.0,2.375,30.875,0.39423076923076916,5.125
qwen25_15b,978,msc_valid,20,longllmlingua,0.2,13,2.5961538461538463,33.75,2.375,30.875,0.22115384615384626,2.875
qwen25_15b,978,msc_valid,20,recency,0.2,13,2.826923076923077,36.75,2.375,30.875,0.4519230769230771,5.875
qwen25_15b,978,msc_valid,20,lexical_tfidf,0.2,13,2.769230769230769,36.0,2.375,30.875,0.39423076923076916,5.125
qwen25_15b,978,msc_valid,20,recency_keep_compress_drop,0.2,13,2.6346153846153846,34.25,2.375,30.875,0.2596153846153846,3.375
qwen25_15b,978,msc_valid,20,uniform,0.35,13,2.6153846153846154,34.0,2.375,30.875,0.24038461538461542,3.125
qwen25_15b,978,msc_valid,20,longllmlingua,0.35,13,2.673076923076923,34.75,2.375,30.875,0.2980769230769229,3.875
qwen25_15b,978,msc_valid,20,recency,0.35,13,2.576923076923077,33.5,2.375,30.875,0.2019230769230771,2.625
qwen25_15b,978,msc_valid,20,lexical_tfidf,0.35,13,2.75,35.75,2.375,30.875,0.375,4.875
qwen25_15b,978,msc_valid,20,recency_keep_compress_drop,0.35,13,2.6538461538461537,34.5,2.375,30.875,0.27884615384615374,3.625
qwen25_15b,978,msc_valid,20,uniform,0.5,13,2.5,32.5,2.375,30.875,0.125,1.625
qwen25_15b,978,msc_valid,20,longllmlingua,0.5,13,2.6346153846153846,34.25,2.375,30.875,0.2596153846153846,3.375
qwen25_15b,978,msc_valid,20,recency,0.5,13,2.5576923076923075,33.25,2.375,30.875,0.1826923076923075,2.375
qwen25_15b,978,msc_valid,20,lexical_tfidf,0.5,13,2.6538461538461537,34.5,2.375,30.875,0.27884615384615374,3.625
qwen25_15b,978,msc_valid,20,recency_keep_compress_drop,0.5,13,2.5384615384615383,33.0,2.375,30.875,0.16346153846153832,2.125
qwen25_15b,978,msc_valid,24,uniform,0.2,24,4.291666666666667,103.0,3.875,93.0,0.41666666666666696,10.0
qwen25_15b,978,msc_valid,24,longllmlingua,0.2,24,4.020833333333333,96.5,3.875,93.0,0.14583333333333304,3.5
qwen25_15b,978,msc_valid,24,recency,0.2,24,4.145833333333333,99.5,3.875,93.0,0.27083333333333304,6.5
qwen25_15b,978,msc_valid,24,lexical_tfidf,0.2,24,4.208333333333333,101.0,3.875,93.0,0.33333333333333304,8.0
qwen25_15b,978,msc_valid,24,recency_keep_compress_drop,0.2,24,4.104166666666667,98.5,3.875,93.0,0.22916666666666696,5.5
qwen25_15b,978,msc_valid,24,uniform,0.35,24,4.166666666666667,100.0,3.875,93.0,0.29166666666666696,7.0
qwen25_15b,978,msc_valid,24,longllmlingua,0.35,24,3.9791666666666665,95.5,3.875,93.0,0.10416666666666652,2.5
qwen25_15b,978,msc_valid,24,recency,0.35,24,4.041666666666667,97.0,3.875,93.0,0.16666666666666696,4.0
qwen25_15b,978,msc_valid,24,lexical_tfidf,0.35,24,4.166666666666667,100.0,3.875,93.0,0.29166666666666696,7.0
qwen25_15b,978,msc_valid,24,recency_keep_compress_drop,0.35,24,3.9583333333333335,95.0,3.875,93.0,0.08333333333333348,2.0
qwen25_15b,978,msc_valid,24,uniform,0.5,24,4.0625,97.5,3.875,93.0,0.1875,4.5
qwen25_15b,978,msc_valid,24,longllmlingua,0.5,24,3.8541666666666665,92.5,3.875,93.0,-0.02083333333333348,-0.5
qwen25_15b,978,msc_valid,24,recency,0.5,24,4.041666666666667,97.0,3.875,93.0,0.16666666666666696,4.0
qwen25_15b,978,msc_valid,24,lexical_tfidf,0.5,24,4.0,96.0,3.875,93.0,0.125,3.0
qwen25_15b,978,msc_valid,24,recency_keep_compress_drop,0.5,24,3.8958333333333335,93.5,3.875,93.0,0.02083333333333348,0.5
qwen25_15b,978,msc_valid,28,uniform,0.2,18,2.5694444444444446,46.25,2.5416666666666665,45.75,0.027777777777778123,0.5
qwen25_15b,978,msc_valid,28,longllmlingua,0.2,18,2.763888888888889,49.75,2.5416666666666665,45.75,0.22222222222222232,4.0
qwen25_15b,978,msc_valid,28,recency,0.2,18,2.6666666666666665,48.0,2.5416666666666665,45.75,0.125,2.25
qwen25_15b,978,msc_valid,28,lexical_tfidf,0.2,18,2.8055555555555554,50.5,2.5416666666666665,45.75,0.26388888888888884,4.75
qwen25_15b,978,msc_valid,28,recency_keep_compress_drop,0.2,18,2.6666666666666665,48.0,2.5416666666666665,45.75,0.125,2.25
qwen25_15b,978,msc_valid,28,uniform,0.35,18,2.5972222222222223,46.75,2.5416666666666665,45.75,0.0555555555555558,1.0
qwen25_15b,978,msc_valid,28,longllmlingua,0.35,18,2.6944444444444446,48.5,2.5416666666666665,45.75,0.15277777777777812,2.75
qwen25_15b,978,msc_valid,28,recency,0.35,18,2.625,47.25,2.5416666666666665,45.75,0.08333333333333348,1.5
qwen25_15b,978,msc_valid,28,lexical_tfidf,0.35,18,2.7777777777777777,50.0,2.5416666666666665,45.75,0.23611111111111116,4.25
qwen25_15b,978,msc_valid,28,recency_keep_compress_drop,0.35,18,2.6527777777777777,47.75,2.5416666666666665,45.75,0.11111111111111116,2.0
qwen25_15b,978,msc_valid,28,uniform,0.5,18,2.6944444444444446,48.5,2.5416666666666665,45.75,0.15277777777777812,2.75
qwen25_15b,978,msc_valid,28,longllmlingua,0.5,18,2.5416666666666665,45.75,2.5416666666666665,45.75,0.0,0.0
qwen25_15b,978,msc_valid,28,recency,0.5,18,2.5277777777777777,45.5,2.5416666666666665,45.75,-0.01388888888888884,-0.25
qwen25_15b,978,msc_valid,28,lexical_tfidf,0.5,18,2.5555555555555554,46.0,2.5416666666666665,45.75,0.01388888888888884,0.25
qwen25_15b,978,msc_valid,28,recency_keep_compress_drop,0.5,18,2.6944444444444446,48.5,2.5416666666666665,45.75,0.15277777777777812,2.75
qwen25_15b,978,msc_valid,32,uniform,0.2,37,2.108108108108108,78.0,2.2027027027027026,81.5,-0.09459459459459474,-3.5
qwen25_15b,978,msc_valid,32,longllmlingua,0.2,37,2.1486486486486487,79.5,2.2027027027027026,81.5,-0.054054054054053946,-2.0
qwen25_15b,978,msc_valid,32,recency,0.2,37,2.081081081081081,77.0,2.2027027027027026,81.5,-0.12162162162162149,-4.5
qwen25_15b,978,msc_valid,32,lexical_tfidf,0.2,37,2.135135135135135,79.0,2.2027027027027026,81.5,-0.06756756756756754,-2.5
qwen25_15b,978,msc_valid,32,recency_keep_compress_drop,0.2,37,2.0945945945945947,77.5,2.2027027027027026,81.5,-0.10810810810810789,-4.0
qwen25_15b,978,msc_valid,32,uniform,0.35,37,2.175675675675676,80.5,2.2027027027027026,81.5,-0.02702702702702675,-1.0
qwen25_15b,978,msc_valid,32,longllmlingua,0.35,37,2.054054054054054,76.0,2.2027027027027026,81.5,-0.14864864864864868,-5.5
qwen25_15b,978,msc_valid,32,recency,0.35,37,2.1216216216216215,78.5,2.2027027027027026,81.5,-0.08108108108108114,-3.0
qwen25_15b,978,msc_valid,32,lexical_tfidf,0.35,37,2.108108108108108,78.0,2.2027027027027026,81.5,-0.09459459459459474,-3.5
qwen25_15b,978,msc_valid,32,recency_keep_compress_drop,0.35,37,2.081081081081081,77.0,2.2027027027027026,81.5,-0.12162162162162149,-4.5
qwen25_15b,978,msc_valid,32,uniform,0.5,37,2.1621621621621623,80.0,2.2027027027027026,81.5,-0.04054054054054035,-1.5
qwen25_15b,978,msc_valid,32,longllmlingua,0.5,37,2.0945945945945947,77.5,2.2027027027027026,81.5,-0.10810810810810789,-4.0
qwen25_15b,978,msc_valid,32,recency,0.5,37,2.1621621621621623,80.0,2.2027027027027026,81.5,-0.04054054054054035,-1.5
qwen25_15b,978,msc_valid,32,lexical_tfidf,0.5,37,2.135135135135135,79.0,2.2027027027027026,81.5,-0.06756756756756754,-2.5
qwen25_15b,978,msc_valid,32,recency_keep_compress_drop,0.5,37,2.1216216216216215,78.5,2.2027027027027026,81.5,-0.08108108108108114,-3.0
qwen25_15b,978,msc_valid,34,uniform,0.2,24,1.125,27.0,1.0625,25.5,0.0625,1.5
qwen25_15b,978,msc_valid,34,longllmlingua,0.2,24,1.1510416666666667,27.625,1.0625,25.5,0.08854166666666674,2.125
qwen25_15b,978,msc_valid,34,recency,0.2,24,1.0625,25.5,1.0625,25.5,0.0,0.0
qwen25_15b,978,msc_valid,34,lexical_tfidf,0.2,24,1.1041666666666667,26.5,1.0625,25.5,0.04166666666666674,1.0
qwen25_15b,978,msc_valid,34,recency_keep_compress_drop,0.2,24,1.1354166666666667,27.25,1.0625,25.5,0.07291666666666674,1.75
qwen25_15b,978,msc_valid,34,uniform,0.35,24,1.1510416666666667,27.625,1.0625,25.5,0.08854166666666674,2.125
qwen25_15b,978,msc_valid,34,longllmlingua,0.35,24,1.1197916666666667,26.875,1.0625,25.5,0.05729166666666674,1.375
qwen25_15b,978,msc_valid,34,recency,0.35,24,1.0572916666666667,25.375,1.0625,25.5,-0.005208333333333259,-0.125
qwen25_15b,978,msc_valid,34,lexical_tfidf,0.35,24,1.078125,25.875,1.0625,25.5,0.015625,0.375
qwen25_15b,978,msc_valid,34,recency_keep_compress_drop,0.35,24,1.140625,27.375,1.0625,25.5,0.078125,1.875
qwen25_15b,978,msc_valid,34,uniform,0.5,24,1.0416666666666667,25.0,1.0625,25.5,-0.02083333333333326,-0.5
qwen25_15b,978,msc_valid,34,longllmlingua,0.5,24,1.1041666666666667,26.5,1.0625,25.5,0.04166666666666674,1.0
qwen25_15b,978,msc_valid,34,recency,0.5,24,1.078125,25.875,1.0625,25.5,0.015625,0.375
qwen25_15b,978,msc_valid,34,lexical_tfidf,0.5,24,1.078125,25.875,1.0625,25.5,0.015625,0.375
qwen25_15b,978,msc_valid,34,recency_keep_compress_drop,0.5,24,1.1041666666666667,26.5,1.0625,25.5,0.04166666666666674,1.0
qwen25_15b,978,msc_valid,38,uniform,0.2,15,2.4833333333333334,37.25,2.125,31.875,0.3583333333333334,5.375
qwen25_15b,978,msc_valid,38,longllmlingua,0.2,15,2.6666666666666665,40.0,2.125,31.875,0.5416666666666665,8.125
qwen25_15b,978,msc_valid,38,recency,0.2,15,2.45,36.75,2.125,31.875,0.3250000000000002,4.875
qwen25_15b,978,msc_valid,38,lexical_tfidf,0.2,15,2.45,36.75,2.125,31.875,0.3250000000000002,4.875
qwen25_15b,978,msc_valid,38,recency_keep_compress_drop,0.2,15,2.35,35.25,2.125,31.875,0.2250000000000001,3.375
qwen25_15b,978,msc_valid,38,uniform,0.35,15,2.433333333333333,36.5,2.125,31.875,0.3083333333333331,4.625
qwen25_15b,978,msc_valid,38,longllmlingua,0.35,15,2.4833333333333334,37.25,2.125,31.875,0.3583333333333334,5.375
qwen25_15b,978,msc_valid,38,recency,0.35,15,2.3333333333333335,35.0,2.125,31.875,0.20833333333333348,3.125
qwen25_15b,978,msc_valid,38,lexical_tfidf,0.35,15,2.3666666666666667,35.5,2.125,31.875,0.2416666666666667,3.625
qwen25_15b,978,msc_valid,38,recency_keep_compress_drop,0.35,15,2.2666666666666666,34.0,2.125,31.875,0.1416666666666666,2.125
qwen25_15b,978,msc_valid,38,uniform,0.5,15,2.283333333333333,34.25,2.125,31.875,0.15833333333333321,2.375
qwen25_15b,978,msc_valid,38,longllmlingua,0.5,15,2.6166666666666667,39.25,2.125,31.875,0.4916666666666667,7.375
qwen25_15b,978,msc_valid,38,recency,0.5,15,2.3,34.5,2.125,31.875,0.17499999999999982,2.625
qwen25_15b,978,msc_valid,38,lexical_tfidf,0.5,15,2.1666666666666665,32.5,2.125,31.875,0.04166666666666652,0.625
qwen25_15b,978,msc_valid,38,recency_keep_compress_drop,0.5,15,2.25,33.75,2.125,31.875,0.125,1.875
qwen25_15b,978,msc_valid,42,uniform,0.2,26,2.480769230769231,64.5,0.0,0.0,2.480769230769231,64.5
qwen25_15b,978,msc_valid,42,longllmlingua,0.2,26,2.5576923076923075,66.5,0.0,0.0,2.5576923076923075,66.5
qwen25_15b,978,msc_valid,42,recency,0.2,26,2.730769230769231,71.0,0.0,0.0,2.730769230769231,71.0
qwen25_15b,978,msc_valid,42,lexical_tfidf,0.2,26,2.519230769230769,65.5,0.0,0.0,2.519230769230769,65.5
qwen25_15b,978,msc_valid,42,recency_keep_compress_drop,0.2,26,2.576923076923077,67.0,0.0,0.0,2.576923076923077,67.0
qwen25_15b,978,msc_valid,42,uniform,0.35,26,2.576923076923077,67.0,0.0,0.0,2.576923076923077,67.0
qwen25_15b,978,msc_valid,42,longllmlingua,0.35,26,2.6346153846153846,68.5,0.0,0.0,2.6346153846153846,68.5
qwen25_15b,978,msc_valid,42,recency,0.35,26,2.5384615384615383,66.0,0.0,0.0,2.5384615384615383,66.0
qwen25_15b,978,msc_valid,42,lexical_tfidf,0.35,26,2.4326923076923075,63.25,0.0,0.0,2.4326923076923075,63.25
qwen25_15b,978,msc_valid,42,recency_keep_compress_drop,0.35,26,2.576923076923077,67.0,0.0,0.0,2.576923076923077,67.0
qwen25_15b,978,msc_valid,42,uniform,0.5,26,2.4423076923076925,63.5,0.0,0.0,2.4423076923076925,63.5
qwen25_15b,978,msc_valid,42,longllmlingua,0.5,26,2.5576923076923075,66.5,0.0,0.0,2.5576923076923075,66.5
qwen25_15b,978,msc_valid,42,recency,0.5,26,2.5,65.0,0.0,0.0,2.5,65.0
qwen25_15b,978,msc_valid,42,lexical_tfidf,0.5,26,2.451923076923077,63.75,0.0,0.0,2.451923076923077,63.75
qwen25_15b,978,msc_valid,42,recency_keep_compress_drop,0.5,26,2.5,65.0,0.0,0.0,2.5,65.0
qwen25_15b,978,msc_valid,46,uniform,0.2,37,2.675675675675676,99.0,0.0,0.0,2.675675675675676,99.0
qwen25_15b,978,msc_valid,46,longllmlingua,0.2,37,2.6486486486486487,98.0,0.0,0.0,2.6486486486486487,98.0
qwen25_15b,978,msc_valid,46,recency,0.2,37,2.364864864864865,87.5,0.0,0.0,2.364864864864865,87.5
qwen25_15b,978,msc_valid,46,lexical_tfidf,0.2,37,2.472972972972973,91.5,0.0,0.0,2.472972972972973,91.5
qwen25_15b,978,msc_valid,46,recency_keep_compress_drop,0.2,37,2.445945945945946,90.5,0.0,0.0,2.445945945945946,90.5
qwen25_15b,978,msc_valid,46,uniform,0.35,37,2.608108108108108,96.5,0.0,0.0,2.608108108108108,96.5
qwen25_15b,978,msc_valid,46,longllmlingua,0.35,37,2.472972972972973,91.5,0.0,0.0,2.472972972972973,91.5
qwen25_15b,978,msc_valid,46,recency,0.35,37,2.418918918918919,89.5,0.0,0.0,2.418918918918919,89.5
qwen25_15b,978,msc_valid,46,lexical_tfidf,0.35,37,2.3378378378378377,86.5,0.0,0.0,2.3378378378378377,86.5
qwen25_15b,978,msc_valid,46,recency_keep_compress_drop,0.35,37,2.418918918918919,89.5,0.0,0.0,2.418918918918919,89.5
qwen25_15b,978,msc_valid,46,uniform,0.5,37,2.4594594594594597,91.0,0.0,0.0,2.4594594594594597,91.0
qwen25_15b,978,msc_valid,46,longllmlingua,0.5,37,2.4324324324324325,90.0,0.0,0.0,2.4324324324324325,90.0
qwen25_15b,978,msc_valid,46,recency,0.5,37,2.3513513513513513,87.0,0.0,0.0,2.3513513513513513,87.0
qwen25_15b,978,msc_valid,46,lexical_tfidf,0.5,37,2.2837837837837838,84.5,0.0,0.0,2.2837837837837838,84.5
qwen25_15b,978,msc_valid,46,recency_keep_compress_drop,0.5,37,2.364864864864865,87.5,0.0,0.0,2.364864864864865,87.5
qwen25_15b,978,msc_valid,50,uniform,0.2,11,2.784090909090909,30.625,0.0,0.0,2.784090909090909,30.625
qwen25_15b,978,msc_valid,50,longllmlingua,0.2,11,3.0454545454545454,33.5,0.0,0.0,3.0454545454545454,33.5
qwen25_15b,978,msc_valid,50,recency,0.2,11,2.909090909090909,32.0,0.0,0.0,2.909090909090909,32.0
qwen25_15b,978,msc_valid,50,lexical_tfidf,0.2,11,2.8636363636363638,31.5,0.0,0.0,2.8636363636363638,31.5
qwen25_15b,978,msc_valid,50,recency_keep_compress_drop,0.2,11,2.7954545454545454,30.75,0.0,0.0,2.7954545454545454,30.75
qwen25_15b,978,msc_valid,50,uniform,0.35,11,2.7386363636363638,30.125,0.0,0.0,2.7386363636363638,30.125
qwen25_15b,978,msc_valid,50,longllmlingua,0.35,11,3.090909090909091,34.0,0.0,0.0,3.090909090909091,34.0
qwen25_15b,978,msc_valid,50,recency,0.35,11,2.784090909090909,30.625,0.0,0.0,2.784090909090909,30.625
qwen25_15b,978,msc_valid,50,lexical_tfidf,0.35,11,3.0,33.0,0.0,0.0,3.0,33.0
qwen25_15b,978,msc_valid,50,recency_keep_compress_drop,0.35,11,2.9318181818181817,32.25,0.0,0.0,2.9318181818181817,32.25
qwen25_15b,978,msc_valid,50,uniform,0.5,11,2.840909090909091,31.25,0.0,0.0,2.840909090909091,31.25
qwen25_15b,978,msc_valid,50,longllmlingua,0.5,11,2.977272727272727,32.75,0.0,0.0,2.977272727272727,32.75
qwen25_15b,978,msc_valid,50,recency,0.5,11,2.897727272727273,31.875,0.0,0.0,2.897727272727273,31.875
qwen25_15b,978,msc_valid,50,lexical_tfidf,0.5,11,3.0,33.0,0.0,0.0,3.0,33.0
qwen25_15b,978,msc_valid,50,recency_keep_compress_drop,0.5,11,2.977272727272727,32.75,0.0,0.0,2.977272727272727,32.75
qwen25_15b,978,msc_valid,54,uniform,0.2,37,3.2162162162162162,119.0,0.0,0.0,3.2162162162162162,119.0
qwen25_15b,978,msc_valid,54,longllmlingua,0.2,37,2.918918918918919,108.0,0.0,0.0,2.918918918918919,108.0
qwen25_15b,978,msc_valid,54,recency,0.2,37,3.135135135135135,116.0,0.0,0.0,3.135135135135135,116.0
qwen25_15b,978,msc_valid,54,lexical_tfidf,0.2,37,3.189189189189189,118.0,0.0,0.0,3.189189189189189,118.0
qwen25_15b,978,msc_valid,54,recency_keep_compress_drop,0.2,37,3.1486486486486487,116.5,0.0,0.0,3.1486486486486487,116.5
qwen25_15b,978,msc_valid,54,uniform,0.35,37,3.175675675675676,117.5,0.0,0.0,3.175675675675676,117.5
qwen25_15b,978,msc_valid,54,longllmlingua,0.35,37,2.918918918918919,108.0,0.0,0.0,2.918918918918919,108.0
qwen25_15b,978,msc_valid,54,recency,0.35,37,3.1486486486486487,116.5,0.0,0.0,3.1486486486486487,116.5
qwen25_15b,978,msc_valid,54,lexical_tfidf,0.35,37,3.22972972972973,119.5,0.0,0.0,3.22972972972973,119.5
qwen25_15b,978,msc_valid,54,recency_keep_compress_drop,0.35,37,3.175675675675676,117.5,0.0,0.0,3.175675675675676,117.5
qwen25_15b,978,msc_valid,54,uniform,0.5,37,3.2837837837837838,121.5,0.0,0.0,3.2837837837837838,121.5
qwen25_15b,978,msc_valid,54,longllmlingua,0.5,37,2.9594594594594597,109.5,0.0,0.0,2.9594594594594597,109.5
qwen25_15b,978,msc_valid,54,recency,0.5,37,3.2027027027027026,118.5,0.0,0.0,3.2027027027027026,118.5
qwen25_15b,978,msc_valid,54,lexical_tfidf,0.5,37,3.2567567567567566,120.5,0.0,0.0,3.2567567567567566,120.5
qwen25_15b,978,msc_valid,54,recency_keep_compress_drop,0.5,37,3.2162162162162162,119.0,0.0,0.0,3.2162162162162162,119.0
qwen25_15b,978,msc_valid,58,uniform,0.2,31,3.435483870967742,106.5,0.0,0.0,3.435483870967742,106.5
qwen25_15b,978,msc_valid,58,longllmlingua,0.2,31,3.6129032258064515,112.0,0.0,0.0,3.6129032258064515,112.0
qwen25_15b,978,msc_valid,58,recency,0.2,31,3.5,108.5,0.0,0.0,3.5,108.5
qwen25_15b,978,msc_valid,58,lexical_tfidf,0.2,31,3.4193548387096775,106.0,0.0,0.0,3.4193548387096775,106.0
qwen25_15b,978,msc_valid,58,recency_keep_compress_drop,0.2,31,3.3870967741935485,105.0,0.0,0.0,3.3870967741935485,105.0
qwen25_15b,978,msc_valid,58,uniform,0.35,31,3.4193548387096775,106.0,0.0,0.0,3.4193548387096775,106.0
qwen25_15b,978,msc_valid,58,longllmlingua,0.35,31,3.629032258064516,112.5,0.0,0.0,3.629032258064516,112.5
qwen25_15b,978,msc_valid,58,recency,0.35,31,3.435483870967742,106.5,0.0,0.0,3.435483870967742,106.5
qwen25_15b,978,msc_valid,58,lexical_tfidf,0.35,31,3.3225806451612905,103.0,0.0,0.0,3.3225806451612905,103.0
qwen25_15b,978,msc_valid,58,recency_keep_compress_drop,0.35,31,3.3870967741935485,105.0,0.0,0.0,3.3870967741935485,105.0
qwen25_15b,978,msc_valid,58,uniform,0.5,31,3.3548387096774195,104.0,0.0,0.0,3.3548387096774195,104.0
qwen25_15b,978,msc_valid,58,longllmlingua,0.5,31,3.6451612903225805,113.0,0.0,0.0,3.6451612903225805,113.0
qwen25_15b,978,msc_valid,58,recency,0.5,31,3.467741935483871,107.5,0.0,0.0,3.467741935483871,107.5
qwen25_15b,978,msc_valid,58,lexical_tfidf,0.5,31,3.370967741935484,104.5,0.0,0.0,3.370967741935484,104.5
qwen25_15b,978,msc_valid,58,recency_keep_compress_drop,0.5,31,3.370967741935484,104.5,0.0,0.0,3.370967741935484,104.5
qwen25_15b,978,msc_valid,62,uniform,0.2,24,3.3958333333333335,81.5,0.0,0.0,3.3958333333333335,81.5
qwen25_15b,978,msc_valid,62,longllmlingua,0.2,24,3.5625,85.5,0.0,0.0,3.5625,85.5
qwen25_15b,978,msc_valid,62,recency,0.2,24,3.1458333333333335,75.5,0.0,0.0,3.1458333333333335,75.5
qwen25_15b,978,msc_valid,62,lexical_tfidf,0.2,24,3.2916666666666665,79.0,0.0,0.0,3.2916666666666665,79.0
qwen25_15b,978,msc_valid,62,recency_keep_compress_drop,0.2,24,3.1875,76.5,0.0,0.0,3.1875,76.5
qwen25_15b,978,msc_valid,62,uniform,0.35,24,3.3958333333333335,81.5,0.0,0.0,3.3958333333333335,81.5
qwen25_15b,978,msc_valid,62,longllmlingua,0.35,24,3.4166666666666665,82.0,0.0,0.0,3.4166666666666665,82.0
qwen25_15b,978,msc_valid,62,recency,0.35,24,3.0833333333333335,74.0,0.0,0.0,3.0833333333333335,74.0
qwen25_15b,978,msc_valid,62,lexical_tfidf,0.35,24,3.2291666666666665,77.5,0.0,0.0,3.2291666666666665,77.5
qwen25_15b,978,msc_valid,62,recency_keep_compress_drop,0.35,24,3.1458333333333335,75.5,0.0,0.0,3.1458333333333335,75.5
qwen25_15b,978,msc_valid,62,uniform,0.5,24,3.3125,79.5,0.0,0.0,3.3125,79.5
qwen25_15b,978,msc_valid,62,longllmlingua,0.5,24,3.2916666666666665,79.0,0.0,0.0,3.2916666666666665,79.0
qwen25_15b,978,msc_valid,62,recency,0.5,0,0.0,0.0,0.0,0.0,0.0,0.0
qwen25_15b,978,msc_valid,62,lexical_tfidf,0.5,17,3.485294117647059,59.25,0.0,0.0,3.485294117647059,59.25
qwen25_15b,978,msc_valid,62,recency_keep_compress_drop,0.5,0,0.0,0.0,0.0,0.0,0.0,0.0
qwen25_15b,993,msc_valid,4,uniform,0.2,17,3.573529411764706,60.75,3.426470588235294,58.25,0.14705882352941213,2.5
qwen25_15b,993,msc_valid,4,longllmlingua,0.2,17,3.5441176470588234,60.25,3.426470588235294,58.25,0.11764705882352944,2.0
qwen25_15b,993,msc_valid,4,recency,0.2,17,3.573529411764706,60.75,3.426470588235294,58.25,0.14705882352941213,2.5
qwen25_15b,993,msc_valid,4,lexical_tfidf,0.2,17,3.573529411764706,60.75,3.426470588235294,58.25,0.14705882352941213,2.5
qwen25_15b,993,msc_valid,4,recency_keep_compress_drop,0.2,17,3.573529411764706,60.75,3.426470588235294,58.25,0.14705882352941213,2.5
qwen25_15b,993,msc_valid,4,uniform,0.35,17,3.4411764705882355,58.5,3.426470588235294,58.25,0.014705882352941568,0.25
qwen25_15b,993,msc_valid,4,longllmlingua,0.35,17,3.411764705882353,58.0,3.426470588235294,58.25,-0.014705882352941124,-0.25
qwen25_15b,993,msc_valid,4,recency,0.35,17,3.4411764705882355,58.5,3.426470588235294,58.25,0.014705882352941568,0.25
qwen25_15b,993,msc_valid,4,lexical_tfidf,0.35,17,3.4411764705882355,58.5,3.426470588235294,58.25,0.014705882352941568,0.25
qwen25_15b,993,msc_valid,4,recency_keep_compress_drop,0.35,17,3.4411764705882355,58.5,3.426470588235294,58.25,0.014705882352941568,0.25
qwen25_15b,993,msc_valid,4,uniform,0.5,17,3.4411764705882355,58.5,3.426470588235294,58.25,0.014705882352941568,0.25
qwen25_15b,993,msc_valid,4,longllmlingua,0.5,17,3.3088235294117645,56.25,3.426470588235294,58.25,-0.11764705882352944,-2.0
qwen25_15b,993,msc_valid,4,recency,0.5,17,3.4411764705882355,58.5,3.426470588235294,58.25,0.014705882352941568,0.25
qwen25_15b,993,msc_valid,4,lexical_tfidf,0.5,17,3.4411764705882355,58.5,3.426470588235294,58.25,0.014705882352941568,0.25
qwen25_15b,993,msc_valid,4,recency_keep_compress_drop,0.5,17,3.4411764705882355,58.5,3.426470588235294,58.25,0.014705882352941568,0.25
qwen25_15b,993,msc_valid,8,uniform,0.2,12,2.3958333333333335,28.75,1.8541666666666667,22.25,0.5416666666666667,6.5
qwen25_15b,993,msc_valid,8,longllmlingua,0.2,12,1.9375,23.25,1.8541666666666667,22.25,0.08333333333333326,1.0
qwen25_15b,993,msc_valid,8,recency,0.2,12,2.4791666666666665,29.75,1.8541666666666667,22.25,0.6249999999999998,7.5
qwen25_15b,993,msc_valid,8,lexical_tfidf,0.2,12,2.4791666666666665,29.75,1.8541666666666667,22.25,0.6249999999999998,7.5
qwen25_15b,993,msc_valid,8,recency_keep_compress_drop,0.2,12,2.4791666666666665,29.75,1.8541666666666667,22.25,0.6249999999999998,7.5
qwen25_15b,993,msc_valid,8,uniform,0.35,12,2.6875,32.25,1.8541666666666667,22.25,0.8333333333333333,10.0
qwen25_15b,993,msc_valid,8,longllmlingua,0.35,12,1.8854166666666667,22.625,1.8541666666666667,22.25,0.03125,0.375
qwen25_15b,993,msc_valid,8,recency,0.35,12,2.21875,26.625,1.8541666666666667,22.25,0.36458333333333326,4.375
qwen25_15b,993,msc_valid,8,lexical_tfidf,0.35,12,2.2604166666666665,27.125,1.8541666666666667,22.25,0.4062499999999998,4.875
qwen25_15b,993,msc_valid,8,recency_keep_compress_drop,0.35,12,2.09375,25.125,1.8541666666666667,22.25,0.23958333333333326,2.875
qwen25_15b,993,msc_valid,8,uniform,0.5,12,2.1979166666666665,26.375,1.8541666666666667,22.25,0.3437499999999998,4.125
qwen25_15b,993,msc_valid,8,longllmlingua,0.5,12,1.8854166666666667,22.625,1.8541666666666667,22.25,0.03125,0.375
qwen25_15b,993,msc_valid,8,recency,0.5,12,2.03125,24.375,1.8541666666666667,22.25,0.17708333333333326,2.125
qwen25_15b,993,msc_valid,8,lexical_tfidf,0.5,12,2.0729166666666665,24.875,1.8541666666666667,22.25,0.21874999999999978,2.625
qwen25_15b,993,msc_valid,8,recency_keep_compress_drop,0.5,12,1.90625,22.875,1.8541666666666667,22.25,0.05208333333333326,0.625
qwen25_15b,993,msc_valid,12,uniform,0.2,10,4.225,42.25,2.7375,27.375,1.4874999999999998,14.875
qwen25_15b,993,msc_valid,12,longllmlingua,0.2,10,3.725,37.25,2.7375,27.375,0.9875000000000003,9.875
qwen25_15b,993,msc_valid,12,recency,0.2,10,3.825,38.25,2.7375,27.375,1.0875000000000004,10.875
qwen25_15b,993,msc_valid,12,lexical_tfidf,0.2,10,3.8,38.0,2.7375,27.375,1.0625,10.625
qwen25_15b,993,msc_valid,12,recency_keep_compress_drop,0.2,10,3.975,39.75,2.7375,27.375,1.2375000000000003,12.375
qwen25_15b,993,msc_valid,12,uniform,0.35,10,3.75,37.5,2.7375,27.375,1.0125000000000002,10.125
qwen25_15b,993,msc_valid,12,longllmlingua,0.35,10,3.425,34.25,2.7375,27.375,0.6875,6.875
qwen25_15b,993,msc_valid,12,recency,0.35,10,3.55,35.5,2.7375,27.375,0.8125,8.125
qwen25_15b,993,msc_valid,12,lexical_tfidf,0.35,10,3.175,31.75,2.7375,27.375,0.4375,4.375
qwen25_15b,993,msc_valid,12,recency_keep_compress_drop,0.35,10,3.175,31.75,2.7375,27.375,0.4375,4.375
qwen25_15b,993,msc_valid,12,uniform,0.5,10,3.25,32.5,2.7375,27.375,0.5125000000000002,5.125
qwen25_15b,993,msc_valid,12,longllmlingua,0.5,10,3.35,33.5,2.7375,27.375,0.6125000000000003,6.125
qwen25_15b,993,msc_valid,12,recency,0.5,10,3.1125,31.125,2.7375,27.375,0.375,3.75
qwen25_15b,993,msc_valid,12,lexical_tfidf,0.5,10,2.8875,28.875,2.7375,27.375,0.15000000000000036,1.5
qwen25_15b,993,msc_valid,12,recency_keep_compress_drop,0.5,10,2.75,27.5,2.7375,27.375,0.012500000000000178,0.125
qwen25_15b,993,msc_valid,16,uniform,0.2,33,2.3181818181818183,76.5,2.257575757575758,74.5,0.06060606060606055,2.0
qwen25_15b,993,msc_valid,16,longllmlingua,0.2,33,2.257575757575758,74.5,2.257575757575758,74.5,0.0,0.0
qwen25_15b,993,msc_valid,16,recency,0.2,33,2.3181818181818183,76.5,2.257575757575758,74.5,0.06060606060606055,2.0
qwen25_15b,993,msc_valid,16,lexical_tfidf,0.2,33,2.409090909090909,79.5,2.257575757575758,74.5,0.15151515151515138,5.0
qwen25_15b,993,msc_valid,16,recency_keep_compress_drop,0.2,33,2.287878787878788,75.5,2.257575757575758,74.5,0.030303030303030276,1.0
qwen25_15b,993,msc_valid,16,uniform,0.35,33,2.3181818181818183,76.5,2.257575757575758,74.5,0.06060606060606055,2.0
qwen25_15b,993,msc_valid,16,longllmlingua,0.35,33,2.227272727272727,73.5,2.257575757575758,74.5,-0.03030303030303072,-1.0
qwen25_15b,993,msc_valid,16,recency,0.35,33,2.378787878787879,78.5,2.257575757575758,74.5,0.1212121212121211,4.0
qwen25_15b,993,msc_valid,16,lexical_tfidf,0.35,33,2.4545454545454546,81.0,2.257575757575758,74.5,0.1969696969696968,6.5
qwen25_15b,993,msc_valid,16,recency_keep_compress_drop,0.35,33,2.272727272727273,75.0,2.257575757575758,74.5,0.015151515151515138,0.5
qwen25_15b,993,msc_valid,16,uniform,0.5,33,2.287878787878788,75.5,2.257575757575758,74.5,0.030303030303030276,1.0
qwen25_15b,993,msc_valid,16,longllmlingua,0.5,33,2.1515151515151514,71.0,2.257575757575758,74.5,-0.10606060606060641,-3.5
qwen25_15b,993,msc_valid,16,recency,0.5,33,2.393939393939394,79.0,2.257575757575758,74.5,0.13636363636363624,4.5
qwen25_15b,993,msc_valid,16,lexical_tfidf,0.5,33,2.4242424242424243,80.0,2.257575757575758,74.5,0.16666666666666652,5.5
qwen25_15b,993,msc_valid,16,recency_keep_compress_drop,0.5,33,2.3333333333333335,77.0,2.257575757575758,74.5,0.07575757575757569,2.5
qwen25_15b,993,msc_valid,18,uniform,0.2,29,2.293103448275862,66.5,2.1551724137931036,62.5,0.13793103448275845,4.0
qwen25_15b,993,msc_valid,18,longllmlingua,0.2,29,2.1724137931034484,63.0,2.1551724137931036,62.5,0.01724137931034475,0.5
qwen25_15b,993,msc_valid,18,recency,0.2,29,2.206896551724138,64.0,2.1551724137931036,62.5,0.05172413793103425,1.5
qwen25_15b,993,msc_valid,18,lexical_tfidf,0.2,29,2.189655172413793,63.5,2.1551724137931036,62.5,0.0344827586206895,1.0
qwen25_15b,993,msc_valid,18,recency_keep_compress_drop,0.2,29,2.1810344827586206,63.25,2.1551724137931036,62.5,0.025862068965516904,0.75
qwen25_15b,993,msc_valid,18,uniform,0.35,29,2.2413793103448274,65.0,2.1551724137931036,62.5,0.08620689655172376,2.5
qwen25_15b,993,msc_valid,18,longllmlingua,0.35,29,2.1551724137931036,62.5,2.1551724137931036,62.5,0.0,0.0
qwen25_15b,993,msc_valid,18,recency,0.35,29,2.163793103448276,62.75,2.1551724137931036,62.5,0.008620689655172153,0.25
qwen25_15b,993,msc_valid,18,lexical_tfidf,0.35,29,2.1982758620689653,63.75,2.1551724137931036,62.5,0.043103448275861656,1.25
qwen25_15b,993,msc_valid,18,recency_keep_compress_drop,0.35,29,2.1120689655172415,61.25,2.1551724137931036,62.5,-0.0431034482758621,-1.25
qwen25_15b,993,msc_valid,18,uniform,0.5,29,2.206896551724138,64.0,2.1551724137931036,62.5,0.05172413793103425,1.5
qwen25_15b,993,msc_valid,18,longllmlingua,0.5,29,2.103448275862069,61.0,2.1551724137931036,62.5,-0.0517241379310347,-1.5
qwen25_15b,993,msc_valid,18,recency,0.5,29,2.1120689655172415,61.25,2.1551724137931036,62.5,-0.0431034482758621,-1.25
qwen25_15b,993,msc_valid,18,lexical_tfidf,0.5,29,2.1293103448275863,61.75,2.1551724137931036,62.5,-0.02586206896551735,-0.75
qwen25_15b,993,msc_valid,18,recency_keep_compress_drop,0.5,29,2.1206896551724137,61.5,2.1551724137931036,62.5,-0.034482758620689946,-1.0
qwen25_15b,993,msc_valid,22,uniform,0.2,39,2.8205128205128207,110.0,2.717948717948718,106.0,0.10256410256410264,4.0
qwen25_15b,993,msc_valid,22,longllmlingua,0.2,39,2.8205128205128207,110.0,2.717948717948718,106.0,0.10256410256410264,4.0
qwen25_15b,993,msc_valid,22,recency,0.2,39,2.858974358974359,111.5,2.717948717948718,106.0,0.14102564102564097,5.5
qwen25_15b,993,msc_valid,22,lexical_tfidf,0.2,39,2.858974358974359,111.5,2.717948717948718,106.0,0.14102564102564097,5.5
qwen25_15b,993,msc_valid,22,recency_keep_compress_drop,0.2,39,2.7948717948717947,109.0,2.717948717948718,106.0,0.07692307692307665,3.0
qwen25_15b,993,msc_valid,22,uniform,0.35,39,2.8461538461538463,111.0,2.717948717948718,106.0,0.1282051282051282,5.0
qwen25_15b,993,msc_valid,22,longllmlingua,0.35,39,2.769230769230769,108.0,2.717948717948718,106.0,0.0512820512820511,2.0
qwen25_15b,993,msc_valid,22,recency,0.35,39,2.7564102564102564,107.5,2.717948717948718,106.0,0.038461538461538325,1.5
qwen25_15b,993,msc_valid,22,lexical_tfidf,0.35,39,2.7564102564102564,107.5,2.717948717948718,106.0,0.038461538461538325,1.5
qwen25_15b,993,msc_valid,22,recency_keep_compress_drop,0.35,39,2.6923076923076925,105.0,2.717948717948718,106.0,-0.02564102564102555,-1.0
qwen25_15b,993,msc_valid,22,uniform,0.5,39,2.8205128205128207,110.0,2.717948717948718,106.0,0.10256410256410264,4.0
qwen25_15b,993,msc_valid,22,longllmlingua,0.5,39,2.782051282051282,108.5,2.717948717948718,106.0,0.06410256410256387,2.5
qwen25_15b,993,msc_valid,22,recency,0.5,39,2.7564102564102564,107.5,2.717948717948718,106.0,0.038461538461538325,1.5
qwen25_15b,993,msc_valid,22,lexical_tfidf,0.5,39,2.7564102564102564,107.5,2.717948717948718,106.0,0.038461538461538325,1.5
qwen25_15b,993,msc_valid,22,recency_keep_compress_drop,0.5,39,2.717948717948718,106.0,2.717948717948718,106.0,0.0,0.0
qwen25_15b,993,msc_valid,26,uniform,0.2,26,2.423076923076923,63.0,2.2596153846153846,58.75,0.16346153846153832,4.25
qwen25_15b,993,msc_valid,26,longllmlingua,0.2,26,2.5384615384615383,66.0,2.2596153846153846,58.75,0.27884615384615374,7.25
qwen25_15b,993,msc_valid,26,recency,0.2,26,2.2884615384615383,59.5,2.2596153846153846,58.75,0.028846153846153744,0.75
qwen25_15b,993,msc_valid,26,lexical_tfidf,0.2,26,2.2884615384615383,59.5,2.2596153846153846,58.75,0.028846153846153744,0.75
qwen25_15b,993,msc_valid,26,recency_keep_compress_drop,0.2,26,2.269230769230769,59.0,2.2596153846153846,58.75,0.009615384615384581,0.25
qwen25_15b,993,msc_valid,26,uniform,0.35,26,2.3846153846153846,62.0,2.2596153846153846,58.75,0.125,3.25
qwen25_15b,993,msc_valid,26,longllmlingua,0.35,26,2.394230769230769,62.25,2.2596153846153846,58.75,0.13461538461538458,3.5
qwen25_15b,993,msc_valid,26,recency,0.35,26,2.2403846153846154,58.25,2.2596153846153846,58.75,-0.019230769230769162,-0.5
qwen25_15b,993,msc_valid,26,lexical_tfidf,0.35,26,2.3461538461538463,61.0,2.2596153846153846,58.75,0.08653846153846168,2.25
qwen25_15b,993,msc_valid,26,recency_keep_compress_drop,0.35,26,2.4134615384615383,62.75,2.2596153846153846,58.75,0.15384615384615374,4.0
qwen25_15b,993,msc_valid,26,uniform,0.5,26,2.3461538461538463,61.0,2.2596153846153846,58.75,0.08653846153846168,2.25
qwen25_15b,993,msc_valid,26,longllmlingua,0.5,26,2.326923076923077,60.5,2.2596153846153846,58.75,0.06730769230769251,1.75
qwen25_15b,993,msc_valid,26,recency,0.5,26,2.230769230769231,58.0,2.2596153846153846,58.75,-0.028846153846153744,-0.75
qwen25_15b,993,msc_valid,26,lexical_tfidf,0.5,26,2.375,61.75,2.2596153846153846,58.75,0.11538461538461542,3.0
qwen25_15b,993,msc_valid,26,recency_keep_compress_drop,0.5,26,2.2211538461538463,57.75,2.2596153846153846,58.75,-0.038461538461538325,-1.0
qwen25_15b,993,msc_valid,30,uniform,0.2,93,2.5591397849462365,238.0,2.5161290322580645,234.0,0.043010752688172005,4.0
qwen25_15b,993,msc_valid,30,longllmlingua,0.2,93,2.5161290322580645,234.0,2.5161290322580645,234.0,0.0,0.0
qwen25_15b,993,msc_valid,30,recency,0.2,93,2.5913978494623655,241.0,2.5161290322580645,234.0,0.07526881720430101,7.0
qwen25_15b,993,msc_valid,30,lexical_tfidf,0.2,93,2.5591397849462365,238.0,2.5161290322580645,234.0,0.043010752688172005,4.0
qwen25_15b,993,msc_valid,30,recency_keep_compress_drop,0.2,93,2.5483870967741935,237.0,2.5161290322580645,234.0,0.032258064516129004,3.0
qwen25_15b,993,msc_valid,30,uniform,0.35,93,2.5591397849462365,238.0,2.5161290322580645,234.0,0.043010752688172005,4.0
qwen25_15b,993,msc_valid,30,longllmlingua,0.35,93,2.4946236559139785,232.0,2.5161290322580645,234.0,-0.021505376344086002,-2.0
qwen25_15b,993,msc_valid,30,recency,0.35,93,2.5376344086021505,236.0,2.5161290322580645,234.0,0.021505376344086002,2.0
qwen25_15b,993,msc_valid,30,lexical_tfidf,0.35,93,2.5268817204301075,235.0,2.5161290322580645,234.0,0.010752688172043001,1.0
qwen25_15b,993,msc_valid,30,recency_keep_compress_drop,0.35,93,2.5376344086021505,236.0,2.5161290322580645,234.0,0.021505376344086002,2.0
qwen25_15b,993,msc_valid,30,uniform,0.5,93,2.5268817204301075,235.0,2.5161290322580645,234.0,0.010752688172043001,1.0
qwen25_15b,993,msc_valid,30,longllmlingua,0.5,93,2.4731182795698925,230.0,2.5161290322580645,234.0,-0.043010752688172005,-4.0
qwen25_15b,993,msc_valid,30,recency,0.5,93,2.5483870967741935,237.0,2.5161290322580645,234.0,0.032258064516129004,3.0
qwen25_15b,993,msc_valid,30,lexical_tfidf,0.5,93,2.5376344086021505,236.0,2.5161290322580645,234.0,0.021505376344086002,2.0
qwen25_15b,993,msc_valid,30,recency_keep_compress_drop,0.5,93,2.5268817204301075,235.0,2.5161290322580645,234.0,0.010752688172043001,1.0
qwen25_15b,993,msc_valid,34,uniform,0.2,26,3.25,84.5,0.0,0.0,3.25,84.5
qwen25_15b,993,msc_valid,34,longllmlingua,0.2,26,3.3076923076923075,86.0,0.0,0.0,3.3076923076923075,86.0
qwen25_15b,993,msc_valid,34,recency,0.2,26,2.8653846153846154,74.5,0.0,0.0,2.8653846153846154,74.5
qwen25_15b,993,msc_valid,34,lexical_tfidf,0.2,26,2.730769230769231,71.0,0.0,0.0,2.730769230769231,71.0
qwen25_15b,993,msc_valid,34,recency_keep_compress_drop,0.2,26,2.8846153846153846,75.0,0.0,0.0,2.8846153846153846,75.0
qwen25_15b,993,msc_valid,34,uniform,0.35,26,2.8461538461538463,74.0,0.0,0.0,2.8461538461538463,74.0
qwen25_15b,993,msc_valid,34,longllmlingua,0.35,26,3.1538461538461537,82.0,0.0,0.0,3.1538461538461537,82.0
qwen25_15b,993,msc_valid,34,recency,0.35,26,2.6538461538461537,69.0,0.0,0.0,2.6538461538461537,69.0
qwen25_15b,993,msc_valid,34,lexical_tfidf,0.35,26,2.5576923076923075,66.5,0.0,0.0,2.5576923076923075,66.5
qwen25_15b,993,msc_valid,34,recency_keep_compress_drop,0.35,26,2.7115384615384617,70.5,0.0,0.0,2.7115384615384617,70.5
qwen25_15b,993,msc_valid,34,uniform,0.5,26,2.6923076923076925,70.0,0.0,0.0,2.6923076923076925,70.0
qwen25_15b,993,msc_valid,34,longllmlingua,0.5,26,3.230769230769231,84.0,0.0,0.0,3.230769230769231,84.0
qwen25_15b,993,msc_valid,34,recency,0.5,26,2.6346153846153846,68.5,0.0,0.0,2.6346153846153846,68.5
qwen25_15b,993,msc_valid,34,lexical_tfidf,0.5,26,2.576923076923077,67.0,0.0,0.0,2.576923076923077,67.0
qwen25_15b,993,msc_valid,34,recency_keep_compress_drop,0.5,26,2.75,71.5,0.0,0.0,2.75,71.5
qwen25_15b,993,msc_valid,38,uniform,0.2,9,3.0277777777777777,27.25,0.0,0.0,3.0277777777777777,27.25
qwen25_15b,993,msc_valid,38,longllmlingua,0.2,9,3.125,28.125,0.0,0.0,3.125,28.125
qwen25_15b,993,msc_valid,38,recency,0.2,9,2.9166666666666665,26.25,0.0,0.0,2.9166666666666665,26.25
qwen25_15b,993,msc_valid,38,lexical_tfidf,0.2,9,2.861111111111111,25.75,0.0,0.0,2.861111111111111,25.75
qwen25_15b,993,msc_valid,38,recency_keep_compress_drop,0.2,9,2.736111111111111,24.625,0.0,0.0,2.736111111111111,24.625
qwen25_15b,993,msc_valid,38,uniform,0.35,9,2.6666666666666665,24.0,0.0,0.0,2.6666666666666665,24.0
qwen25_15b,993,msc_valid,38,longllmlingua,0.35,9,3.1666666666666665,28.5,0.0,0.0,3.1666666666666665,28.5
qwen25_15b,993,msc_valid,38,recency,0.35,9,2.763888888888889,24.875,0.0,0.0,2.763888888888889,24.875
qwen25_15b,993,msc_valid,38,lexical_tfidf,0.35,9,2.9027777777777777,26.125,0.0,0.0,2.9027777777777777,26.125
qwen25_15b,993,msc_valid,38,recency_keep_compress_drop,0.35,9,2.7777777777777777,25.0,0.0,0.0,2.7777777777777777,25.0
qwen25_15b,993,msc_valid,38,uniform,0.5,9,2.6527777777777777,23.875,0.0,0.0,2.6527777777777777,23.875
qwen25_15b,993,msc_valid,38,longllmlingua,0.5,9,3.111111111111111,28.0,0.0,0.0,3.111111111111111,28.0
qwen25_15b,993,msc_valid,38,recency,0.5,9,2.7916666666666665,25.125,0.0,0.0,2.7916666666666665,25.125
qwen25_15b,993,msc_valid,38,lexical_tfidf,0.5,9,2.875,25.875,0.0,0.0,2.875,25.875
qwen25_15b,993,msc_valid,38,recency_keep_compress_drop,0.5,9,2.7083333333333335,24.375,0.0,0.0,2.7083333333333335,24.375
qwen25_15b,993,msc_valid,42,uniform,0.2,16,3.203125,51.25,0.0,0.0,3.203125,51.25
qwen25_15b,993,msc_valid,42,longllmlingua,0.2,16,2.953125,47.25,0.0,0.0,2.953125,47.25
qwen25_15b,993,msc_valid,42,recency,0.2,16,3.25,52.0,0.0,0.0,3.25,52.0
qwen25_15b,993,msc_valid,42,lexical_tfidf,0.2,16,3.265625,52.25,0.0,0.0,3.265625,52.25
qwen25_15b,993,msc_valid,42,recency_keep_compress_drop,0.2,16,3.21875,51.5,0.0,0.0,3.21875,51.5
qwen25_15b,993,msc_valid,42,uniform,0.35,16,3.21875,51.5,0.0,0.0,3.21875,51.5
qwen25_15b,993,msc_valid,42,longllmlingua,0.35,16,2.875,46.0,0.0,0.0,2.875,46.0
qwen25_15b,993,msc_valid,42,recency,0.35,16,3.15625,50.5,0.0,0.0,3.15625,50.5
qwen25_15b,993,msc_valid,42,lexical_tfidf,0.35,16,3.171875,50.75,0.0,0.0,3.171875,50.75
qwen25_15b,993,msc_valid,42,recency_keep_compress_drop,0.35,16,3.140625,50.25,0.0,0.0,3.140625,50.25
qwen25_15b,993,msc_valid,42,uniform,0.5,16,3.125,50.0,0.0,0.0,3.125,50.0
qwen25_15b,993,msc_valid,42,longllmlingua,0.5,16,2.78125,44.5,0.0,0.0,2.78125,44.5
qwen25_15b,993,msc_valid,42,recency,0.5,16,3.15625,50.5,0.0,0.0,3.15625,50.5
qwen25_15b,993,msc_valid,42,lexical_tfidf,0.5,16,3.15625,50.5,0.0,0.0,3.15625,50.5
qwen25_15b,993,msc_valid,42,recency_keep_compress_drop,0.5,16,3.21875,51.5,0.0,0.0,3.21875,51.5
qwen25_15b,993,msc_valid,46,uniform,0.2,14,3.9107142857142856,54.75,0.0,0.0,3.9107142857142856,54.75
qwen25_15b,993,msc_valid,46,longllmlingua,0.2,14,3.857142857142857,54.0,0.0,0.0,3.857142857142857,54.0
qwen25_15b,993,msc_valid,46,recency,0.2,14,4.089285714285714,57.25,0.0,0.0,4.089285714285714,57.25
qwen25_15b,993,msc_valid,46,lexical_tfidf,0.2,14,4.125,57.75,0.0,0.0,4.125,57.75
qwen25_15b,993,msc_valid,46,recency_keep_compress_drop,0.2,14,4.071428571428571,57.0,0.0,0.0,4.071428571428571,57.0
qwen25_15b,993,msc_valid,46,uniform,0.35,14,3.625,50.75,0.0,0.0,3.625,50.75
qwen25_15b,993,msc_valid,46,longllmlingua,0.35,14,3.9107142857142856,54.75,0.0,0.0,3.9107142857142856,54.75
qwen25_15b,993,msc_valid,46,recency,0.35,14,4.196428571428571,58.75,0.0,0.0,4.196428571428571,58.75
qwen25_15b,993,msc_valid,46,lexical_tfidf,0.35,14,4.178571428571429,58.5,0.0,0.0,4.178571428571429,58.5
qwen25_15b,993,msc_valid,46,recency_keep_compress_drop,0.35,14,4.196428571428571,58.75,0.0,0.0,4.196428571428571,58.75
qwen25_15b,993,msc_valid,46,uniform,0.5,14,3.7142857142857144,52.0,0.0,0.0,3.7142857142857144,52.0
qwen25_15b,993,msc_valid,46,longllmlingua,0.5,14,3.9464285714285716,55.25,0.0,0.0,3.9464285714285716,55.25
qwen25_15b,993,msc_valid,46,recency,0.5,14,4.232142857142857,59.25,0.0,0.0,4.232142857142857,59.25
qwen25_15b,993,msc_valid,46,lexical_tfidf,0.5,14,4.25,59.5,0.0,0.0,4.25,59.5
qwen25_15b,993,msc_valid,46,recency_keep_compress_drop,0.5,14,4.214285714285714,59.0,0.0,0.0,4.214285714285714,59.0
qwen25_15b,993,msc_valid,48,uniform,0.2,15,3.4833333333333334,52.25,0.0,0.0,3.4833333333333334,52.25
qwen25_15b,993,msc_valid,48,longllmlingua,0.2,15,3.7,55.5,0.0,0.0,3.7,55.5
qwen25_15b,993,msc_valid,48,recency,0.2,15,3.45,51.75,0.0,0.0,3.45,51.75
qwen25_15b,993,msc_valid,48,lexical_tfidf,0.2,15,3.25,48.75,0.0,0.0,3.25,48.75
qwen25_15b,993,msc_valid,48,recency_keep_compress_drop,0.2,15,3.35,50.25,0.0,0.0,3.35,50.25
qwen25_15b,993,msc_valid,48,uniform,0.35,15,3.433333333333333,51.5,0.0,0.0,3.433333333333333,51.5
qwen25_15b,993,msc_valid,48,longllmlingua,0.35,15,3.65,54.75,0.0,0.0,3.65,54.75
qwen25_15b,993,msc_valid,48,recency,0.35,15,3.35,50.25,0.0,0.0,3.35,50.25
qwen25_15b,993,msc_valid,48,lexical_tfidf,0.35,15,3.283333333333333,49.25,0.0,0.0,3.283333333333333,49.25
qwen25_15b,993,msc_valid,48,recency_keep_compress_drop,0.35,15,3.2,48.0,0.0,0.0,3.2,48.0
qwen25_15b,993,msc_valid,48,uniform,0.5,15,3.1666666666666665,47.5,0.0,0.0,3.1666666666666665,47.5
qwen25_15b,993,msc_valid,48,longllmlingua,0.5,15,3.5833333333333335,53.75,0.0,0.0,3.5833333333333335,53.75
qwen25_15b,993,msc_valid,48,recency,0.5,15,3.35,50.25,0.0,0.0,3.35,50.25
qwen25_15b,993,msc_valid,48,lexical_tfidf,0.5,15,3.216666666666667,48.25,0.0,0.0,3.216666666666667,48.25
qwen25_15b,993,msc_valid,48,recency_keep_compress_drop,0.5,15,3.15,47.25,0.0,0.0,3.15,47.25
qwen25_15b,993,msc_valid,52,uniform,0.2,37,2.7162162162162162,100.5,0.0,0.0,2.7162162162162162,100.5
qwen25_15b,993,msc_valid,52,longllmlingua,0.2,37,2.824324324324324,104.5,0.0,0.0,2.824324324324324,104.5
qwen25_15b,993,msc_valid,52,recency,0.2,37,2.6216216216216215,97.0,0.0,0.0,2.6216216216216215,97.0
qwen25_15b,993,msc_valid,52,lexical_tfidf,0.2,37,2.5945945945945947,96.0,0.0,0.0,2.5945945945945947,96.0
qwen25_15b,993,msc_valid,52,recency_keep_compress_drop,0.2,37,2.5675675675675675,95.0,0.0,0.0,2.5675675675675675,95.0
qwen25_15b,993,msc_valid,52,uniform,0.35,37,2.6621621621621623,98.5,0.0,0.0,2.6621621621621623,98.5
qwen25_15b,993,msc_valid,52,longllmlingua,0.35,37,2.7567567567567566,102.0,0.0,0.0,2.7567567567567566,102.0
qwen25_15b,993,msc_valid,52,recency,0.35,37,2.581081081081081,95.5,0.0,0.0,2.581081081081081,95.5
qwen25_15b,993,msc_valid,52,lexical_tfidf,0.35,37,2.5945945945945947,96.0,0.0,0.0,2.5945945945945947,96.0
qwen25_15b,993,msc_valid,52,recency_keep_compress_drop,0.35,37,2.527027027027027,93.5,0.0,0.0,2.527027027027027,93.5
qwen25_15b,993,msc_valid,52,uniform,0.5,37,2.5945945945945947,96.0,0.0,0.0,2.5945945945945947,96.0
qwen25_15b,993,msc_valid,52,longllmlingua,0.5,37,2.675675675675676,99.0,0.0,0.0,2.675675675675676,99.0
qwen25_15b,993,msc_valid,52,recency,0.5,0,0.0,0.0,0.0,0.0,0.0,0.0
qwen25_15b,993,msc_valid,52,lexical_tfidf,0.5,5,2.4625,12.3125,0.0,0.0,2.4625,12.3125
qwen25_15b,993,msc_valid,52,recency_keep_compress_drop,0.5,2,4.1875,8.375,0.0,0.0,4.1875,8.375
qwen25_15b,993,msc_valid,56,uniform,0.2,35,1.3857142857142857,48.5,0.0,0.0,1.3857142857142857,48.5
qwen25_15b,993,msc_valid,56,longllmlingua,0.2,35,1.4,49.0,0.0,0.0,1.4,49.0
qwen25_15b,993,msc_valid,56,recency,0.2,35,1.3785714285714286,48.25,0.0,0.0,1.3785714285714286,48.25
qwen25_15b,993,msc_valid,56,lexical_tfidf,0.2,35,1.3928571428571428,48.75,0.0,0.0,1.3928571428571428,48.75
qwen25_15b,993,msc_valid,56,recency_keep_compress_drop,0.2,35,1.3928571428571428,48.75,0.0,0.0,1.3928571428571428,48.75
qwen25_15b,993,msc_valid,56,uniform,0.35,35,1.3642857142857143,47.75,0.0,0.0,1.3642857142857143,47.75
qwen25_15b,993,msc_valid,56,longllmlingua,0.35,35,1.35,47.25,0.0,0.0,1.35,47.25
qwen25_15b,993,msc_valid,56,recency,0.35,7,1.5446428571428572,10.8125,0.0,0.0,1.5446428571428572,10.8125
qwen25_15b,993,msc_valid,56,lexical_tfidf,0.35,16,1.5234375,24.375,0.0,0.0,1.5234375,24.375
qwen25_15b,993,msc_valid,56,recency_keep_compress_drop,0.35,11,1.4431818181818181,15.875,0.0,0.0,1.4431818181818181,15.875
qwen25_15b,993,msc_valid,56,uniform,0.5,35,1.3857142857142857,48.5,0.0,0.0,1.3857142857142857,48.5
qwen25_15b,993,msc_valid,56,longllmlingua,0.5,35,1.3642857142857143,47.75,0.0,0.0,1.3642857142857143,47.75
qwen25_15b,993,msc_valid,56,recency,0.5,0,0.0,0.0,0.0,0.0,0.0,0.0
qwen25_15b,993,msc_valid,56,lexical_tfidf,0.5,0,0.0,0.0,0.0,0.0,0.0,0.0
qwen25_15b,993,msc_valid,56,recency_keep_compress_drop,0.5,0,0.0,0.0,0.0,0.0,0.0,0.0
qwen25_15b,993,msc_valid,60,uniform,0.2,27,3.037037037037037,82.0,0.0,0.0,3.037037037037037,82.0
qwen25_15b,993,msc_valid,60,longllmlingua,0.2,27,3.185185185185185,86.0,0.0,0.0,3.185185185185185,86.0
qwen25_15b,993,msc_valid,60,recency,0.2,17,4.0,68.0,0.0,0.0,4.0,68.0
qwen25_15b,993,msc_valid,60,lexical_tfidf,0.2,27,2.925925925925926,79.0,0.0,0.0,2.925925925925926,79.0
qwen25_15b,993,msc_valid,60,recency_keep_compress_drop,0.2,20,3.425,68.5,0.0,0.0,3.425,68.5
qwen25_15b,993,msc_valid,60,uniform,0.35,27,3.0185185185185186,81.5,0.0,0.0,3.0185185185185186,81.5
qwen25_15b,993,msc_valid,60,longllmlingua,0.35,27,3.1481481481481484,85.0,0.0,0.0,3.1481481481481484,85.0
qwen25_15b,993,msc_valid,60,recency,0.35,0,0.0,0.0,0.0,0.0,0.0,0.0
qwen25_15b,993,msc_valid,60,lexical_tfidf,0.35,18,3.8055555555555554,68.5,0.0,0.0,3.8055555555555554,68.5
qwen25_15b,993,msc_valid,60,recency_keep_compress_drop,0.35,0,0.0,0.0,0.0,0.0,0.0,0.0
qwen25_15b,993,msc_valid,60,uniform,0.5,27,2.9444444444444446,79.5,0.0,0.0,2.9444444444444446,79.5
qwen25_15b,993,msc_valid,60,longllmlingua,0.5,27,3.0185185185185186,81.5,0.0,0.0,3.0185185185185186,81.5
qwen25_15b,993,msc_valid,60,recency,0.5,0,0.0,0.0,0.0,0.0,0.0,0.0
qwen25_15b,993,msc_valid,60,lexical_tfidf,0.5,0,0.0,0.0,0.0,0.0,0.0,0.0
qwen25_15b,993,msc_valid,60,recency_keep_compress_drop,0.5,0,0.0,0.0,0.0,0.0,0.0,0.0
qwen25_15b,995,msc_valid,4,uniform,0.2,10,3.15,31.5,2.925,29.25,0.2250000000000001,2.25
qwen25_15b,995,msc_valid,4,longllmlingua,0.2,10,2.425,24.25,2.925,29.25,-0.5,-5.0
qwen25_15b,995,msc_valid,4,recency,0.2,10,3.15,31.5,2.925,29.25,0.2250000000000001,2.25
qwen25_15b,995,msc_valid,4,lexical_tfidf,0.2,10,3.15,31.5,2.925,29.25,0.2250000000000001,2.25
qwen25_15b,995,msc_valid,4,recency_keep_compress_drop,0.2,10,3.15,31.5,2.925,29.25,0.2250000000000001,2.25
qwen25_15b,995,msc_valid,4,uniform,0.35,10,2.8875,28.875,2.925,29.25,-0.037499999999999645,-0.375
qwen25_15b,995,msc_valid,4,longllmlingua,0.35,10,2.4,24.0,2.925,29.25,-0.5249999999999999,-5.25
qwen25_15b,995,msc_valid,4,recency,0.35,10,2.8875,28.875,2.925,29.25,-0.037499999999999645,-0.375
qwen25_15b,995,msc_valid,4,lexical_tfidf,0.35,10,2.8875,28.875,2.925,29.25,-0.037499999999999645,-0.375
qwen25_15b,995,msc_valid,4,recency_keep_compress_drop,0.35,10,2.8875,28.875,2.925,29.25,-0.037499999999999645,-0.375
qwen25_15b,995,msc_valid,4,uniform,0.5,10,2.8875,28.875,2.925,29.25,-0.037499999999999645,-0.375
qwen25_15b,995,msc_valid,4,longllmlingua,0.5,10,2.3625,23.625,2.925,29.25,-0.5625,-5.625
qwen25_15b,995,msc_valid,4,recency,0.5,10,2.8875,28.875,2.925,29.25,-0.037499999999999645,-0.375
qwen25_15b,995,msc_valid,4,lexical_tfidf,0.5,10,2.8875,28.875,2.925,29.25,-0.037499999999999645,-0.375
qwen25_15b,995,msc_valid,4,recency_keep_compress_drop,0.5,10,2.8875,28.875,2.925,29.25,-0.037499999999999645,-0.375
qwen25_15b,995,msc_valid,8,uniform,0.2,13,3.6346153846153846,47.25,3.0384615384615383,39.5,0.5961538461538463,7.75
qwen25_15b,995,msc_valid,8,longllmlingua,0.2,13,2.826923076923077,36.75,3.0384615384615383,39.5,-0.21153846153846123,-2.75
qwen25_15b,995,msc_valid,8,recency,0.2,13,4.038461538461538,52.5,3.0384615384615383,39.5,1.0,13.0
qwen25_15b,995,msc_valid,8,lexical_tfidf,0.2,13,3.730769230769231,48.5,3.0384615384615383,39.5,0.6923076923076925,9.0
qwen25_15b,995,msc_valid,8,recency_keep_compress_drop,0.2,13,4.038461538461538,52.5,3.0384615384615383,39.5,1.0,13.0
qwen25_15b,995,msc_valid,8,uniform,0.35,13,3.826923076923077,49.75,3.0384615384615383,39.5,0.7884615384615388,10.25
qwen25_15b,995,msc_valid,8,longllmlingua,0.35,13,2.6538461538461537,34.5,3.0384615384615383,39.5,-0.3846153846153846,-5.0
qwen25_15b,995,msc_valid,8,recency,0.35,13,3.923076923076923,51.0,3.0384615384615383,39.5,0.8846153846153846,11.5
qwen25_15b,995,msc_valid,8,lexical_tfidf,0.35,13,3.5384615384615383,46.0,3.0384615384615383,39.5,0.5,6.5
qwen25_15b,995,msc_valid,8,recency_keep_compress_drop,0.35,13,3.6346153846153846,47.25,3.0384615384615383,39.5,0.5961538461538463,7.75
qwen25_15b,995,msc_valid,8,uniform,0.5,13,3.5961538461538463,46.75,3.0384615384615383,39.5,0.5576923076923079,7.25
qwen25_15b,995,msc_valid,8,longllmlingua,0.5,13,2.8846153846153846,37.5,3.0384615384615383,39.5,-0.15384615384615374,-2.0
qwen25_15b,995,msc_valid,8,recency,0.5,13,3.2884615384615383,42.75,3.0384615384615383,39.5,0.25,3.25
qwen25_15b,995,msc_valid,8,lexical_tfidf,0.5,13,3.576923076923077,46.5,3.0384615384615383,39.5,0.5384615384615388,7.0
qwen25_15b,995,msc_valid,8,recency_keep_compress_drop,0.5,13,3.0961538461538463,40.25,3.0384615384615383,39.5,0.05769230769230793,0.75
qwen25_15b,995,msc_valid,12,uniform,0.2,14,3.267857142857143,45.75,3.1785714285714284,44.5,0.08928571428571441,1.25
qwen25_15b,995,msc_valid,12,longllmlingua,0.2,14,3.267857142857143,45.75,3.1785714285714284,44.5,0.08928571428571441,1.25
qwen25_15b,995,msc_valid,12,recency,0.2,14,3.232142857142857,45.25,3.1785714285714284,44.5,0.053571428571428825,0.75
qwen25_15b,995,msc_valid,12,lexical_tfidf,0.2,14,3.517857142857143,49.25,3.1785714285714284,44.5,0.3392857142857144,4.75
qwen25_15b,995,msc_valid,12,recency_keep_compress_drop,0.2,14,3.232142857142857,45.25,3.1785714285714284,44.5,0.053571428571428825,0.75
qwen25_15b,995,msc_valid,12,uniform,0.35,14,3.4285714285714284,48.0,3.1785714285714284,44.5,0.25,3.5
qwen25_15b,995,msc_valid,12,longllmlingua,0.35,14,3.2142857142857144,45.0,3.1785714285714284,44.5,0.03571428571428603,0.5
qwen25_15b,995,msc_valid,12,recency,0.35,14,3.3035714285714284,46.25,3.1785714285714284,44.5,0.125,1.75
qwen25_15b,995,msc_valid,12,lexical_tfidf,0.35,14,3.357142857142857,47.0,3.1785714285714284,44.5,0.17857142857142883,2.5
qwen25_15b,995,msc_valid,12,recency_keep_compress_drop,0.35,14,3.1964285714285716,44.75,3.1785714285714284,44.5,0.017857142857143238,0.25
qwen25_15b,995,msc_valid,12,uniform,0.5,14,3.142857142857143,44.0,3.1785714285714284,44.5,-0.03571428571428559,-0.5
qwen25_15b,995,msc_valid,12,longllmlingua,0.5,14,3.4107142857142856,47.75,3.1785714285714284,44.5,0.2321428571428572,3.25
qwen25_15b,995,msc_valid,12,recency,0.5,14,3.25,45.5,3.1785714285714284,44.5,0.07142857142857162,1.0
qwen25_15b,995,msc_valid,12,lexical_tfidf,0.5,14,3.125,43.75,3.1785714285714284,44.5,-0.05357142857142838,-0.75
qwen25_15b,995,msc_valid,12,recency_keep_compress_drop,0.5,14,3.1964285714285716,44.75,3.1785714285714284,44.5,0.017857142857143238,0.25
qwen25_15b,995,msc_valid,14,uniform,0.2,18,2.875,51.75,2.4166666666666665,43.5,0.4583333333333335,8.25
qwen25_15b,995,msc_valid,14,longllmlingua,0.2,18,2.4583333333333335,44.25,2.4166666666666665,43.5,0.04166666666666696,0.75
qwen25_15b,995,msc_valid,14,recency,0.2,18,3.1805555555555554,57.25,2.4166666666666665,43.5,0.7638888888888888,13.75
qwen25_15b,995,msc_valid,14,lexical_tfidf,0.2,18,2.75,49.5,2.4166666666666665,43.5,0.3333333333333335,6.0
qwen25_15b,995,msc_valid,14,recency_keep_compress_drop,0.2,18,3.0277777777777777,54.5,2.4166666666666665,43.5,0.6111111111111112,11.0
qwen25_15b,995,msc_valid,14,uniform,0.35,18,2.625,47.25,2.4166666666666665,43.5,0.20833333333333348,3.75
qwen25_15b,995,msc_valid,14,longllmlingua,0.35,18,2.388888888888889,43.0,2.4166666666666665,43.5,-0.02777777777777768,-0.5
qwen25_15b,995,msc_valid,14,recency,0.35,18,2.6666666666666665,48.0,2.4166666666666665,43.5,0.25,4.5
qwen25_15b,995,msc_valid,14,lexical_tfidf,0.35,18,2.5277777777777777,45.5,2.4166666666666665,43.5,0.11111111111111116,2.0
qwen25_15b,995,msc_valid,14,recency_keep_compress_drop,0.35,18,2.7083333333333335,48.75,2.4166666666666665,43.5,0.29166666666666696,5.25
qwen25_15b,995,msc_valid,14,uniform,0.5,18,2.5,45.0,2.4166666666666665,43.5,0.08333333333333348,1.5
qwen25_15b,995,msc_valid,14,longllmlingua,0.5,18,2.3333333333333335,42.0,2.4166666666666665,43.5,-0.08333333333333304,-1.5
qwen25_15b,995,msc_valid,14,recency,0.5,18,2.6944444444444446,48.5,2.4166666666666665,43.5,0.2777777777777781,5.0
qwen25_15b,995,msc_valid,14,lexical_tfidf,0.5,18,2.25,40.5,2.4166666666666665,43.5,-0.16666666666666652,-3.0
qwen25_15b,995,msc_valid,14,recency_keep_compress_drop,0.5,18,2.5,45.0,2.4166666666666665,43.5,0.08333333333333348,1.5
qwen25_15b,995,msc_valid,18,uniform,0.2,17,2.4705882352941178,42.0,2.426470588235294,41.25,0.04411764705882382,0.75
qwen25_15b,995,msc_valid,18,longllmlingua,0.2,17,2.3970588235294117,40.75,2.426470588235294,41.25,-0.02941176470588225,-0.5
qwen25_15b,995,msc_valid,18,recency,0.2,17,2.3823529411764706,40.5,2.426470588235294,41.25,-0.04411764705882337,-0.75
qwen25_15b,995,msc_valid,18,lexical_tfidf,0.2,17,2.3823529411764706,40.5,2.426470588235294,41.25,-0.04411764705882337,-0.75
qwen25_15b,995,msc_valid,18,recency_keep_compress_drop,0.2,17,2.3823529411764706,40.5,2.426470588235294,41.25,-0.04411764705882337,-0.75
qwen25_15b,995,msc_valid,18,uniform,0.35,17,2.4411764705882355,41.5,2.426470588235294,41.25,0.014705882352941568,0.25
qwen25_15b,995,msc_valid,18,longllmlingua,0.35,17,2.3676470588235294,40.25,2.426470588235294,41.25,-0.0588235294117645,-1.0
qwen25_15b,995,msc_valid,18,recency,0.35,17,2.3823529411764706,40.5,2.426470588235294,41.25,-0.04411764705882337,-0.75
qwen25_15b,995,msc_valid,18,lexical_tfidf,0.35,17,2.323529411764706,39.5,2.426470588235294,41.25,-0.10294117647058787,-1.75
qwen25_15b,995,msc_valid,18,recency_keep_compress_drop,0.35,17,2.3970588235294117,40.75,2.426470588235294,41.25,-0.02941176470588225,-0.5
qwen25_15b,995,msc_valid,18,uniform,0.5,17,2.426470588235294,41.25,2.426470588235294,41.25,0.0,0.0
qwen25_15b,995,msc_valid,18,longllmlingua,0.5,17,2.338235294117647,39.75,2.426470588235294,41.25,-0.08823529411764675,-1.5
qwen25_15b,995,msc_valid,18,recency,0.5,17,2.426470588235294,41.25,2.426470588235294,41.25,0.0,0.0
qwen25_15b,995,msc_valid,18,lexical_tfidf,0.5,17,2.338235294117647,39.75,2.426470588235294,41.25,-0.08823529411764675,-1.5
qwen25_15b,995,msc_valid,18,recency_keep_compress_drop,0.5,17,2.4411764705882355,41.5,2.426470588235294,41.25,0.014705882352941568,0.25
qwen25_15b,999,msc_valid,4,uniform,0.2,17,3.7941176470588234,64.5,3.3970588235294117,57.75,0.3970588235294117,6.75
qwen25_15b,999,msc_valid,4,longllmlingua,0.2,17,3.323529411764706,56.5,3.3970588235294117,57.75,-0.07352941176470562,-1.25
qwen25_15b,999,msc_valid,4,recency,0.2,17,3.7941176470588234,64.5,3.3970588235294117,57.75,0.3970588235294117,6.75
qwen25_15b,999,msc_valid,4,lexical_tfidf,0.2,17,3.7941176470588234,64.5,3.3970588235294117,57.75,0.3970588235294117,6.75
qwen25_15b,999,msc_valid,4,recency_keep_compress_drop,0.2,17,3.7941176470588234,64.5,3.3970588235294117,57.75,0.3970588235294117,6.75
qwen25_15b,999,msc_valid,4,uniform,0.35,17,3.3970588235294117,57.75,3.3970588235294117,57.75,0.0,0.0
qwen25_15b,999,msc_valid,4,longllmlingua,0.35,17,3.2794117647058822,55.75,3.3970588235294117,57.75,-0.11764705882352944,-2.0
qwen25_15b,999,msc_valid,4,recency,0.35,17,3.3970588235294117,57.75,3.3970588235294117,57.75,0.0,0.0
qwen25_15b,999,msc_valid,4,lexical_tfidf,0.35,17,3.3970588235294117,57.75,3.3970588235294117,57.75,0.0,0.0
qwen25_15b,999,msc_valid,4,recency_keep_compress_drop,0.35,17,3.3970588235294117,57.75,3.3970588235294117,57.75,0.0,0.0
qwen25_15b,999,msc_valid,4,uniform,0.5,17,3.3970588235294117,57.75,3.3970588235294117,57.75,0.0,0.0
qwen25_15b,999,msc_valid,4,longllmlingua,0.5,17,3.235294117647059,55.0,3.3970588235294117,57.75,-0.1617647058823528,-2.75
qwen25_15b,999,msc_valid,4,recency,0.5,17,3.3970588235294117,57.75,3.3970588235294117,57.75,0.0,0.0
qwen25_15b,999,msc_valid,4,lexical_tfidf,0.5,17,3.3970588235294117,57.75,3.3970588235294117,57.75,0.0,0.0
qwen25_15b,999,msc_valid,4,recency_keep_compress_drop,0.5,17,3.3970588235294117,57.75,3.3970588235294117,57.75,0.0,0.0
qwen25_15b,999,msc_valid,8,uniform,0.2,15,3.4166666666666665,51.25,2.316666666666667,34.75,1.0999999999999996,16.5
qwen25_15b,999,msc_valid,8,longllmlingua,0.2,15,2.9833333333333334,44.75,2.316666666666667,34.75,0.6666666666666665,10.0
qwen25_15b,999,msc_valid,8,recency,0.2,15,3.566666666666667,53.5,2.316666666666667,34.75,1.25,18.75
qwen25_15b,999,msc_valid,8,lexical_tfidf,0.2,15,3.8333333333333335,57.5,2.316666666666667,34.75,1.5166666666666666,22.75
qwen25_15b,999,msc_valid,8,recency_keep_compress_drop,0.2,15,3.566666666666667,53.5,2.316666666666667,34.75,1.25,18.75
qwen25_15b,999,msc_valid,8,uniform,0.35,15,3.566666666666667,53.5,2.316666666666667,34.75,1.25,18.75
qwen25_15b,999,msc_valid,8,longllmlingua,0.35,15,2.8,42.0,2.316666666666667,34.75,0.48333333333333295,7.25
qwen25_15b,999,msc_valid,8,recency,0.35,15,3.05,45.75,2.316666666666667,34.75,0.733333333333333,11.0
qwen25_15b,999,msc_valid,8,lexical_tfidf,0.35,15,3.566666666666667,53.5,2.316666666666667,34.75,1.25,18.75
qwen25_15b,999,msc_valid,8,recency_keep_compress_drop,0.35,15,3.05,45.75,2.316666666666667,34.75,0.733333333333333,11.0
qwen25_15b,999,msc_valid,8,uniform,0.5,15,2.7333333333333334,41.0,2.316666666666667,34.75,0.4166666666666665,6.25
qwen25_15b,999,msc_valid,8,longllmlingua,0.5,15,2.65,39.75,2.316666666666667,34.75,0.33333333333333304,5.0
qwen25_15b,999,msc_valid,8,recency,0.5,15,3.033333333333333,45.5,2.316666666666667,34.75,0.7166666666666663,10.75
qwen25_15b,999,msc_valid,8,lexical_tfidf,0.5,15,3.4,51.0,2.316666666666667,34.75,1.083333333333333,16.25
qwen25_15b,999,msc_valid,8,recency_keep_compress_drop,0.5,15,2.5833333333333335,38.75,2.316666666666667,34.75,0.2666666666666666,4.0
qwen25_15b,999,msc_valid,12,uniform,0.2,8,3.453125,27.625,3.0625,24.5,0.390625,3.125
qwen25_15b,999,msc_valid,12,longllmlingua,0.2,8,2.96875,23.75,3.0625,24.5,-0.09375,-0.75
qwen25_15b,999,msc_valid,12,recency,0.2,8,3.46875,27.75,3.0625,24.5,0.40625,3.25
qwen25_15b,999,msc_valid,12,lexical_tfidf,0.2,8,3.734375,29.875,3.0625,24.5,0.671875,5.375
qwen25_15b,999,msc_valid,12,recency_keep_compress_drop,0.2,8,3.46875,27.75,3.0625,24.5,0.40625,3.25
qwen25_15b,999,msc_valid,12,uniform,0.35,8,3.296875,26.375,3.0625,24.5,0.234375,1.875
qwen25_15b,999,msc_valid,12,longllmlingua,0.35,8,2.8125,22.5,3.0625,24.5,-0.25,-2.0
qwen25_15b,999,msc_valid,12,recency,0.35,8,3.515625,28.125,3.0625,24.5,0.453125,3.625
qwen25_15b,999,msc_valid,12,lexical_tfidf,0.35,8,3.5625,28.5,3.0625,24.5,0.5,4.0
qwen25_15b,999,msc_valid,12,recency_keep_compress_drop,0.35,8,3.359375,26.875,3.0625,24.5,0.296875,2.375
qwen25_15b,999,msc_valid,12,uniform,0.5,8,3.09375,24.75,3.0625,24.5,0.03125,0.25
qwen25_15b,999,msc_valid,12,longllmlingua,0.5,8,2.8125,22.5,3.0625,24.5,-0.25,-2.0
qwen25_15b,999,msc_valid,12,recency,0.5,8,3.4375,27.5,3.0625,24.5,0.375,3.0
qwen25_15b,999,msc_valid,12,lexical_tfidf,0.5,8,3.203125,25.625,3.0625,24.5,0.140625,1.125
qwen25_15b,999,msc_valid,12,recency_keep_compress_drop,0.5,8,3.34375,26.75,3.0625,24.5,0.28125,2.25
qwen25_15b,999,msc_valid,16,uniform,0.2,36,2.2916666666666665,82.5,2.3055555555555554,83.0,-0.01388888888888884,-0.5
qwen25_15b,999,msc_valid,16,longllmlingua,0.2,36,2.1805555555555554,78.5,2.3055555555555554,83.0,-0.125,-4.5
qwen25_15b,999,msc_valid,16,recency,0.2,36,2.25,81.0,2.3055555555555554,83.0,-0.05555555555555536,-2.0
qwen25_15b,999,msc_valid,16,lexical_tfidf,0.2,36,2.1666666666666665,78.0,2.3055555555555554,83.0,-0.13888888888888884,-5.0
qwen25_15b,999,msc_valid,16,recency_keep_compress_drop,0.2,36,2.1805555555555554,78.5,2.3055555555555554,83.0,-0.125,-4.5
qwen25_15b,999,msc_valid,16,uniform,0.35,36,2.2777777777777777,82.0,2.3055555555555554,83.0,-0.02777777777777768,-1.0
qwen25_15b,999,msc_valid,16,longllmlingua,0.35,36,2.236111111111111,80.5,2.3055555555555554,83.0,-0.0694444444444442,-2.5
qwen25_15b,999,msc_valid,16,recency,0.35,36,2.2222222222222223,80.0,2.3055555555555554,83.0,-0.08333333333333304,-3.0
qwen25_15b,999,msc_valid,16,lexical_tfidf,0.35,36,2.2083333333333335,79.5,2.3055555555555554,83.0,-0.09722222222222188,-3.5
qwen25_15b,999,msc_valid,16,recency_keep_compress_drop,0.35,36,2.1805555555555554,78.5,2.3055555555555554,83.0,-0.125,-4.5
qwen25_15b,999,msc_valid,16,uniform,0.5,36,2.3194444444444446,83.5,2.3055555555555554,83.0,0.013888888888889284,0.5
qwen25_15b,999,msc_valid,16,longllmlingua,0.5,36,2.25,81.0,2.3055555555555554,83.0,-0.05555555555555536,-2.0
qwen25_15b,999,msc_valid,16,recency,0.5,36,2.263888888888889,81.5,2.3055555555555554,83.0,-0.04166666666666652,-1.5
qwen25_15b,999,msc_valid,16,lexical_tfidf,0.5,36,2.263888888888889,81.5,2.3055555555555554,83.0,-0.04166666666666652,-1.5
qwen25_15b,999,msc_valid,16,recency_keep_compress_drop,0.5,36,2.1944444444444446,79.0,2.3055555555555554,83.0,-0.11111111111111072,-4.0
qwen25_15b,999,msc_valid,20,uniform,0.2,45,2.3666666666666667,106.5,2.3222222222222224,104.5,0.04444444444444429,2.0
qwen25_15b,999,msc_valid,20,longllmlingua,0.2,45,2.2555555555555555,101.5,2.3222222222222224,104.5,-0.06666666666666687,-3.0
qwen25_15b,999,msc_valid,20,recency,0.2,45,2.3222222222222224,104.5,2.3222222222222224,104.5,0.0,0.0
qwen25_15b,999,msc_valid,20,lexical_tfidf,0.2,45,2.311111111111111,104.0,2.3222222222222224,104.5,-0.011111111111111516,-0.5
qwen25_15b,999,msc_valid,20,recency_keep_compress_drop,0.2,45,2.3,103.5,2.3222222222222224,104.5,-0.022222222222222587,-1.0
qwen25_15b,999,msc_valid,20,uniform,0.35,45,2.311111111111111,104.0,2.3222222222222224,104.5,-0.011111111111111516,-0.5
qwen25_15b,999,msc_valid,20,longllmlingua,0.35,45,2.2555555555555555,101.5,2.3222222222222224,104.5,-0.06666666666666687,-3.0
qwen25_15b,999,msc_valid,20,recency,0.35,45,2.3333333333333335,105.0,2.3222222222222224,104.5,0.011111111111111072,0.5
qwen25_15b,999,msc_valid,20,lexical_tfidf,0.35,45,2.2666666666666666,102.0,2.3222222222222224,104.5,-0.0555555555555558,-2.5
qwen25_15b,999,msc_valid,20,recency_keep_compress_drop,0.35,45,2.3222222222222224,104.5,2.3222222222222224,104.5,0.0,0.0
qwen25_15b,999,msc_valid,20,uniform,0.5,45,2.2888888888888888,103.0,2.3222222222222224,104.5,-0.03333333333333366,-1.5
qwen25_15b,999,msc_valid,20,longllmlingua,0.5,45,2.2888888888888888,103.0,2.3222222222222224,104.5,-0.03333333333333366,-1.5
qwen25_15b,999,msc_valid,20,recency,0.5,45,2.3222222222222224,104.5,2.3222222222222224,104.5,0.0,0.0
qwen25_15b,999,msc_valid,20,lexical_tfidf,0.5,45,2.2666666666666666,102.0,2.3222222222222224,104.5,-0.0555555555555558,-2.5
qwen25_15b,999,msc_valid,20,recency_keep_compress_drop,0.5,45,2.311111111111111,104.0,2.3222222222222224,104.5,-0.011111111111111516,-0.5
qwen25_15b,999,msc_valid,24,uniform,0.2,33,2.0454545454545454,67.5,1.9393939393939394,64.0,0.10606060606060597,3.5
qwen25_15b,999,msc_valid,24,longllmlingua,0.2,33,2.1818181818181817,72.0,1.9393939393939394,64.0,0.2424242424242422,8.0
qwen25_15b,999,msc_valid,24,recency,0.2,33,2.121212121212121,70.0,1.9393939393939394,64.0,0.18181818181818166,6.0
qwen25_15b,999,msc_valid,24,lexical_tfidf,0.2,33,2.0606060606060606,68.0,1.9393939393939394,64.0,0.1212121212121211,4.0
qwen25_15b,999,msc_valid,24,recency_keep_compress_drop,0.2,33,2.227272727272727,73.5,1.9393939393939394,64.0,0.2878787878787876,9.5
qwen25_15b,999,msc_valid,24,uniform,0.35,33,2.0606060606060606,68.0,1.9393939393939394,64.0,0.1212121212121211,4.0
qwen25_15b,999,msc_valid,24,longllmlingua,0.35,33,2.121212121212121,70.0,1.9393939393939394,64.0,0.18181818181818166,6.0
qwen25_15b,999,msc_valid,24,recency,0.35,33,2.090909090909091,69.0,1.9393939393939394,64.0,0.15151515151515138,5.0
qwen25_15b,999,msc_valid,24,lexical_tfidf,0.35,33,2.015151515151515,66.5,1.9393939393939394,64.0,0.07575757575757569,2.5
qwen25_15b,999,msc_valid,24,recency_keep_compress_drop,0.35,33,2.106060606060606,69.5,1.9393939393939394,64.0,0.16666666666666652,5.5
qwen25_15b,999,msc_valid,24,uniform,0.5,33,2.0303030303030303,67.0,1.9393939393939394,64.0,0.09090909090909083,3.0
qwen25_15b,999,msc_valid,24,longllmlingua,0.5,33,2.121212121212121,70.0,1.9393939393939394,64.0,0.18181818181818166,6.0
qwen25_15b,999,msc_valid,24,recency,0.5,33,2.0454545454545454,67.5,1.9393939393939394,64.0,0.10606060606060597,3.5
qwen25_15b,999,msc_valid,24,lexical_tfidf,0.5,33,1.893939393939394,62.5,1.9393939393939394,64.0,-0.045454545454545414,-1.5
qwen25_15b,999,msc_valid,24,recency_keep_compress_drop,0.5,33,2.0606060606060606,68.0,1.9393939393939394,64.0,0.1212121212121211,4.0
qwen25_15b,999,msc_valid,28,uniform,0.2,23,2.8043478260869565,64.5,2.489130434782609,57.25,0.31521739130434767,7.25
qwen25_15b,999,msc_valid,28,longllmlingua,0.2,23,2.608695652173913,60.0,2.489130434782609,57.25,0.11956521739130421,2.75
qwen25_15b,999,msc_valid,28,recency,0.2,23,2.75,63.25,2.489130434782609,57.25,0.26086956521739113,6.0
qwen25_15b,999,msc_valid,28,lexical_tfidf,0.2,23,2.7717391304347827,63.75,2.489130434782609,57.25,0.28260869565217384,6.5
qwen25_15b,999,msc_valid,28,recency_keep_compress_drop,0.2,23,2.6739130434782608,61.5,2.489130434782609,57.25,0.18478260869565188,4.25
qwen25_15b,999,msc_valid,28,uniform,0.35,23,2.75,63.25,2.489130434782609,57.25,0.26086956521739113,6.0
qwen25_15b,999,msc_valid,28,longllmlingua,0.35,23,2.4782608695652173,57.0,2.489130434782609,57.25,-0.010869565217391575,-0.25
qwen25_15b,999,msc_valid,28,recency,0.35,23,2.608695652173913,60.0,2.489130434782609,57.25,0.11956521739130421,2.75
qwen25_15b,999,msc_valid,28,lexical_tfidf,0.35,23,2.717391304347826,62.5,2.489130434782609,57.25,0.2282608695652173,5.25
qwen25_15b,999,msc_valid,28,recency_keep_compress_drop,0.35,23,2.4782608695652173,57.0,2.489130434782609,57.25,-0.010869565217391575,-0.25
qwen25_15b,999,msc_valid,28,uniform,0.5,23,2.760869565217391,63.5,2.489130434782609,57.25,0.27173913043478226,6.25
qwen25_15b,999,msc_valid,28,longllmlingua,0.5,23,2.4782608695652173,57.0,2.489130434782609,57.25,-0.010869565217391575,-0.25
qwen25_15b,999,msc_valid,28,recency,0.5,23,2.608695652173913,60.0,2.489130434782609,57.25,0.11956521739130421,2.75
qwen25_15b,999,msc_valid,28,lexical_tfidf,0.5,23,2.532608695652174,58.25,2.489130434782609,57.25,0.043478260869564966,1.0
qwen25_15b,999,msc_valid,28,recency_keep_compress_drop,0.5,23,2.4347826086956523,56.0,2.489130434782609,57.25,-0.05434782608695654,-1.25
qwen25_15b,999,msc_valid,32,uniform,0.2,52,2.730769230769231,142.0,2.5576923076923075,133.0,0.17307692307692335,9.0
qwen25_15b,999,msc_valid,32,longllmlingua,0.2,52,2.7115384615384617,141.0,2.5576923076923075,133.0,0.1538461538461542,8.0
qwen25_15b,999,msc_valid,32,recency,0.2,52,2.5576923076923075,133.0,2.5576923076923075,133.0,0.0,0.0
qwen25_15b,999,msc_valid,32,lexical_tfidf,0.2,52,2.519230769230769,131.0,2.5576923076923075,133.0,-0.038461538461538325,-2.0
qwen25_15b,999,msc_valid,32,recency_keep_compress_drop,0.2,52,2.5961538461538463,135.0,2.5576923076923075,133.0,0.03846153846153877,2.0
qwen25_15b,999,msc_valid,32,uniform,0.35,52,2.7115384615384617,141.0,2.5576923076923075,133.0,0.1538461538461542,8.0
qwen25_15b,999,msc_valid,32,longllmlingua,0.35,52,2.730769230769231,142.0,2.5576923076923075,133.0,0.17307692307692335,9.0
qwen25_15b,999,msc_valid,32,recency,0.35,52,2.576923076923077,134.0,2.5576923076923075,133.0,0.019230769230769607,1.0
qwen25_15b,999,msc_valid,32,lexical_tfidf,0.35,52,2.5961538461538463,135.0,2.5576923076923075,133.0,0.03846153846153877,2.0
qwen25_15b,999,msc_valid,32,recency_keep_compress_drop,0.35,52,2.5576923076923075,133.0,2.5576923076923075,133.0,0.0,0.0
qwen25_15b,999,msc_valid,32,uniform,0.5,52,2.75,143.0,2.5576923076923075,133.0,0.1923076923076925,10.0
qwen25_15b,999,msc_valid,32,longllmlingua,0.5,52,2.6923076923076925,140.0,2.5576923076923075,133.0,0.13461538461538503,7.0
qwen25_15b,999,msc_valid,32,recency,0.5,52,2.576923076923077,134.0,2.5576923076923075,133.0,0.019230769230769607,1.0
qwen25_15b,999,msc_valid,32,lexical_tfidf,0.5,52,2.5576923076923075,133.0,2.5576923076923075,133.0,0.0,0.0
qwen25_15b,999,msc_valid,32,recency_keep_compress_drop,0.5,52,2.5384615384615383,132.0,2.5576923076923075,133.0,-0.019230769230769162,-1.0
qwen25_15b,999,msc_valid,34,uniform,0.2,30,3.1,93.0,2.7333333333333334,82.0,0.3666666666666667,11.0
qwen25_15b,999,msc_valid,34,longllmlingua,0.2,30,3.0,90.0,2.7333333333333334,82.0,0.2666666666666666,8.0
qwen25_15b,999,msc_valid,34,recency,0.2,30,2.816666666666667,84.5,2.7333333333333334,82.0,0.08333333333333348,2.5
qwen25_15b,999,msc_valid,34,lexical_tfidf,0.2,30,3.1,93.0,2.7333333333333334,82.0,0.3666666666666667,11.0
qwen25_15b,999,msc_valid,34,recency_keep_compress_drop,0.2,30,2.9833333333333334,89.5,2.7333333333333334,82.0,0.25,7.5
qwen25_15b,999,msc_valid,34,uniform,0.35,30,3.0,90.0,2.7333333333333334,82.0,0.2666666666666666,8.0
qwen25_15b,999,msc_valid,34,longllmlingua,0.35,30,2.95,88.5,2.7333333333333334,82.0,0.21666666666666679,6.5
qwen25_15b,999,msc_valid,34,recency,0.35,30,2.7333333333333334,82.0,2.7333333333333334,82.0,0.0,0.0
qwen25_15b,999,msc_valid,34,lexical_tfidf,0.35,30,3.0166666666666666,90.5,2.7333333333333334,82.0,0.2833333333333332,8.5
qwen25_15b,999,msc_valid,34,recency_keep_compress_drop,0.35,30,2.9166666666666665,87.5,2.7333333333333334,82.0,0.18333333333333313,5.5
qwen25_15b,999,msc_valid,34,uniform,0.5,30,3.0,90.0,2.7333333333333334,82.0,0.2666666666666666,8.0
qwen25_15b,999,msc_valid,34,longllmlingua,0.5,30,2.933333333333333,88.0,2.7333333333333334,82.0,0.19999999999999973,6.0
qwen25_15b,999,msc_valid,34,recency,0.5,30,2.783333333333333,83.5,2.7333333333333334,82.0,0.04999999999999982,1.5
qwen25_15b,999,msc_valid,34,lexical_tfidf,0.5,30,2.966666666666667,89.0,2.7333333333333334,82.0,0.2333333333333334,7.0
qwen25_15b,999,msc_valid,34,recency_keep_compress_drop,0.5,30,2.8,84.0,2.7333333333333334,82.0,0.06666666666666643,2.0
qwen25_15b,999,msc_valid,38,uniform,0.2,46,2.510869565217391,115.5,0.0,0.0,2.510869565217391,115.5
qwen25_15b,999,msc_valid,38,longllmlingua,0.2,46,2.489130434782609,114.5,0.0,0.0,2.489130434782609,114.5
qwen25_15b,999,msc_valid,38,recency,0.2,46,2.5217391304347827,116.0,0.0,0.0,2.5217391304347827,116.0
qwen25_15b,999,msc_valid,38,lexical_tfidf,0.2,46,2.5869565217391304,119.0,0.0,0.0,2.5869565217391304,119.0
qwen25_15b,999,msc_valid,38,recency_keep_compress_drop,0.2,46,2.532608695652174,116.5,0.0,0.0,2.532608695652174,116.5
qwen25_15b,999,msc_valid,38,uniform,0.35,46,2.5434782608695654,117.0,0.0,0.0,2.5434782608695654,117.0
qwen25_15b,999,msc_valid,38,longllmlingua,0.35,46,2.489130434782609,114.5,0.0,0.0,2.489130434782609,114.5
qwen25_15b,999,msc_valid,38,recency,0.35,46,2.4782608695652173,114.0,0.0,0.0,2.4782608695652173,114.0
qwen25_15b,999,msc_valid,38,lexical_tfidf,0.35,46,2.510869565217391,115.5,0.0,0.0,2.510869565217391,115.5
qwen25_15b,999,msc_valid,38,recency_keep_compress_drop,0.35,46,2.5652173913043477,118.0,0.0,0.0,2.5652173913043477,118.0
qwen25_15b,999,msc_valid,38,uniform,0.5,46,2.5760869565217392,118.5,0.0,0.0,2.5760869565217392,118.5
qwen25_15b,999,msc_valid,38,longllmlingua,0.5,46,2.489130434782609,114.5,0.0,0.0,2.489130434782609,114.5
qwen25_15b,999,msc_valid,38,recency,0.5,46,2.4782608695652173,114.0,0.0,0.0,2.4782608695652173,114.0
qwen25_15b,999,msc_valid,38,lexical_tfidf,0.5,46,2.5217391304347827,116.0,0.0,0.0,2.5217391304347827,116.0
qwen25_15b,999,msc_valid,38,recency_keep_compress_drop,0.5,46,2.532608695652174,116.5,0.0,0.0,2.532608695652174,116.5
qwen25_15b,999,msc_valid,42,uniform,0.2,22,2.2386363636363638,49.25,0.0,0.0,2.2386363636363638,49.25
qwen25_15b,999,msc_valid,42,longllmlingua,0.2,22,2.4318181818181817,53.5,0.0,0.0,2.4318181818181817,53.5
qwen25_15b,999,msc_valid,42,recency,0.2,22,2.375,52.25,0.0,0.0,2.375,52.25
qwen25_15b,999,msc_valid,42,lexical_tfidf,0.2,22,2.5568181818181817,56.25,0.0,0.0,2.5568181818181817,56.25
qwen25_15b,999,msc_valid,42,recency_keep_compress_drop,0.2,22,2.3863636363636362,52.5,0.0,0.0,2.3863636363636362,52.5
qwen25_15b,999,msc_valid,42,uniform,0.35,22,2.1931818181818183,48.25,0.0,0.0,2.1931818181818183,48.25
qwen25_15b,999,msc_valid,42,longllmlingua,0.35,22,2.397727272727273,52.75,0.0,0.0,2.397727272727273,52.75
qwen25_15b,999,msc_valid,42,recency,0.35,22,2.352272727272727,51.75,0.0,0.0,2.352272727272727,51.75
qwen25_15b,999,msc_valid,42,lexical_tfidf,0.35,22,2.25,49.5,0.0,0.0,2.25,49.5
qwen25_15b,999,msc_valid,42,recency_keep_compress_drop,0.35,22,2.3068181818181817,50.75,0.0,0.0,2.3068181818181817,50.75
qwen25_15b,999,msc_valid,42,uniform,0.5,22,2.102272727272727,46.25,0.0,0.0,2.102272727272727,46.25
qwen25_15b,999,msc_valid,42,longllmlingua,0.5,22,2.352272727272727,51.75,0.0,0.0,2.352272727272727,51.75
qwen25_15b,999,msc_valid,42,recency,0.5,22,2.2954545454545454,50.5,0.0,0.0,2.2954545454545454,50.5
qwen25_15b,999,msc_valid,42,lexical_tfidf,0.5,22,2.2386363636363638,49.25,0.0,0.0,2.2386363636363638,49.25
qwen25_15b,999,msc_valid,42,recency_keep_compress_drop,0.5,22,2.1931818181818183,48.25,0.0,0.0,2.1931818181818183,48.25
qwen25_15b,999,msc_valid,46,uniform,0.2,15,3.9833333333333334,59.75,0.0,0.0,3.9833333333333334,59.75
qwen25_15b,999,msc_valid,46,longllmlingua,0.2,15,3.8,57.0,0.0,0.0,3.8,57.0
qwen25_15b,999,msc_valid,46,recency,0.2,15,4.016666666666667,60.25,0.0,0.0,4.016666666666667,60.25
qwen25_15b,999,msc_valid,46,lexical_tfidf,0.2,15,3.9833333333333334,59.75,0.0,0.0,3.9833333333333334,59.75
qwen25_15b,999,msc_valid,46,recency_keep_compress_drop,0.2,15,3.933333333333333,59.0,0.0,0.0,3.933333333333333,59.0
qwen25_15b,999,msc_valid,46,uniform,0.35,15,3.8833333333333333,58.25,0.0,0.0,3.8833333333333333,58.25
qwen25_15b,999,msc_valid,46,longllmlingua,0.35,15,3.75,56.25,0.0,0.0,3.75,56.25
qwen25_15b,999,msc_valid,46,recency,0.35,15,3.9,58.5,0.0,0.0,3.9,58.5
qwen25_15b,999,msc_valid,46,lexical_tfidf,0.35,15,4.0,60.0,0.0,0.0,4.0,60.0
qwen25_15b,999,msc_valid,46,recency_keep_compress_drop,0.35,15,4.016666666666667,60.25,0.0,0.0,4.016666666666667,60.25
qwen25_15b,999,msc_valid,46,uniform,0.5,15,3.75,56.25,0.0,0.0,3.75,56.25
qwen25_15b,999,msc_valid,46,longllmlingua,0.5,15,3.716666666666667,55.75,0.0,0.0,3.716666666666667,55.75
qwen25_15b,999,msc_valid,46,recency,0.5,15,3.8666666666666667,58.0,0.0,0.0,3.8666666666666667,58.0
qwen25_15b,999,msc_valid,46,lexical_tfidf,0.5,15,3.966666666666667,59.5,0.0,0.0,3.966666666666667,59.5
qwen25_15b,999,msc_valid,46,recency_keep_compress_drop,0.5,15,4.016666666666667,60.25,0.0,0.0,4.016666666666667,60.25
